"cell","orig.ident","nCount_RNA","nFeature_RNA","sample_id","spatial_x","spatial_y","cell_type_spatial","cell_type_cluster","dataset","nCount_SCT","nFeature_SCT","predicted.id","prediction.score.Fibroblast2","prediction.score.EVT1","prediction.score.EVT2","prediction.score.EVT3","prediction.score.Endothelial_cells","prediction.score.STB","prediction.score.vCTBp","prediction.score.vCTB2","prediction.score.unknown2","prediction.score.Fibroblast1","prediction.score.vCTB1","prediction.score.maternal.macrophages","prediction.score.Hofbauer.cells","prediction.score.vCTB3","prediction.score.Maternal.fibroblast","prediction.score.unknown1","prediction.score.myeloid_unknown","prediction.score.max","meta_umap_1","meta_umap_2","week","spatial_x_use","spatial_y_use","celltype_author","mapping_norm_method","celltype_final_conservative","celltype_final_source","celltype_final_refined","celltype_refined_source","lineage_EVT","lineage_vCTB","lineage_STB","lineage_Endothelial","lineage_Fibroblast","lineage_Macrophage","lineage_NK","celltype_lineage_rescue","lineage_score_max","lineage_label_max","niche_cluster","score_MMP_ECM_Remodeling","score_Immune_Tolerance","score_Cytotoxic_NK","score_Ethanolamine_Metabolism","permissiveness","plot_x","plot_y","map_method"
"W8-2_AAACAGCCACCTCAGG","W8-2",6862,2282,"W8-2","1554.05674201183","3441.58888757396","STB","STB","Slide-tags (SCP2601)",6413,2255,"STB",0,0.0781967873049359,0,0,0,0.921803212695064,0,0,0,0,0,0,0,0,0,0,0,0.921803212695064,"4.6783488907985","3.43339404393512",8,1554.05674201183,3441.58888757396,"STB","LogNormalize","STB","author","STB","author",0.0314938174040525,-0.101566031440558,1.00836136394513,-0.0421164847097316,-0.678457867442777,-0.126615411240282,NA,NA,1.00836136394513,"STB","N8",-0.143616160215944,0.0137028566296462,-0.047265342347111,-0.187562677411508,-0.753588294709548,697.859794083544,1298.91149314251,"bbox_scaled_and_y_flipped"
"W8-2_AAACATGCAAGGTCCT","W8-2",278,211,"W8-2","4691.02935211268","4976.87061971831","Erythroblasts","Erythroblasts","Slide-tags (SCP2601)",4160,2248,"vCTBp",0,0,0,0,0,0.151828576010193,0.521768196479134,0.234503758058692,0.0142074547929282,0,0.0776920146590525,0,0,0,0,0,0,0.521768196479134,"-10.3053900084325","1.42979928780872",8,4691.02935211268,4976.87061971831,"Erythroblasts","LogNormalize","Erythroblasts","author","Erythroblasts","author",-0.0674224810931899,0.0362798788830442,0.38496452786362,-0.00782060810284422,-0.209723088424798,-0.0351474871138567,NA,NA,0.38496452786362,"STB","N5",-0.0643792025527634,-0.00726195501102245,-0.0292914059008971,-0.0728871419075239,0.0024749403777252,2396.76230394562,394.656091211057,"bbox_scaled_and_y_flipped"
"W8-2_AAACATGCACACAATT","W8-2",1460,1061,"W8-2","1813.84342553192","2593.46789361702","vCTB","vCTB","Slide-tags (SCP2601)",4671,1436,"vCTB2",0,0,0,0,0,0,0.0023190843552049,0.750429045507667,0,0,0.0433016671130553,0,0,0.203950203024073,0,0,0,0.750429045507667,"-8.36902201984603","3.9568420343526",8,1813.84342553192,2593.46789361702,"vCTB","LogNormalize","vCTB","author","vCTB","author",-0.197912263308028,-0.18420594911825,-0.111224447932906,-0.0241756608882683,-0.477146580299303,-0.0840565794428817,NA,NA,-0.0241756608882683,"Endothelial","N3",-0.16870313956569,0.104149397776118,-0.0455392499124003,0.110520914643653,2.10565403672235,838.553483036996,1798.44065070362,"bbox_scaled_and_y_flipped"
"W8-2_AAACCGAAGTCGCTAG","W8-2",7371,2902,"W8-2","3039.33215267176","2750.38477862595","FIB2","FIB2","Slide-tags (SCP2601)",6595,2867,"Fibroblast2",1,0,0,0,0,0,0,0,0,0,0,0,0,0,0,0,0,1,"12.0545209565334","-5.73811665247601",8,3039.33215267176,2750.38477862595,"FIB2","LogNormalize","FIB2","author","FIB2","author",-0.0450180465489579,-0.293579573509425,-0.2415842941888,-0.0914724016183645,1.2877429318864,-0.207550326281458,NA,NA,1.2877429318864,"Fibroblast","N3",0.104180895022716,-0.0561840863587408,-0.117676703965739,0.187286337248856,2.43687009652807,1502.2461999073,1706.01921563229,"bbox_scaled_and_y_flipped"
"W8-2_AAACGGATCTTTGTAC","W8-2",9577,3341,"W8-2","4558.04462815884","1225.40788519856","Hofbauer cells","Hofbauer cells","Slide-tags (SCP2601)",6740,3302,"Hofbauer cells",0,0,0,0,0,0,0,0,0,0,0,0,0.534474908602312,0,0,0,0.465525091397688,0.534474908602312,"-0.668216773016041","15.1131401949056",8,4558.04462815884,1225.40788519856,"Hofbauer cells","LogNormalize","Hofbauer cells","author","Hofbauer cells","author",-0.264863498028415,-0.295885255969649,-0.630030328489036,-0.0900698244588903,-0.716114471844806,-0.182285531480954,NA,NA,-0.0900698244588903,"Endothelial","N5",-0.186641604059574,-0.0031112613942897,-0.0918374829342632,0.426041869589499,2.7682916901003,2324.74124753888,2604.20523897299,"bbox_scaled_and_y_flipped"
"W8-2_AAACGTACATGTTGGC","W8-2",11915,4075,"W8-2","4388.85221052632","4224.93263157895","EVT","EVT","Slide-tags (SCP2601)",6872,3497,"EVT3",0,0,0.314010459624351,0.685989540375648,0,0,0,0,0,0,0,0,0,0,0,0,0,0.685989540375648,"-3.63625467632491","5.10015639592487",8,4388.85221052632,4224.93263157895,"EVT","LogNormalize","EVT","author","EVT","author",-0.0704304034876933,0.0676932158875075,-0.635624942345031,-0.102697596469068,-0.722586468647755,-0.18990297431167,NA,NA,0.0676932158875075,"vCTB","N4",-0.111153694226309,0.037264941465865,-0.104282635470406,0.0626014215113814,1.61553607901474,2233.11104903476,837.535058280375,"bbox_scaled_and_y_flipped"
"W8-2_AAAGCTTGTCACAAAT","W8-2",8560,2945,"W8-2","1357.89576344086","1857.04621505376","STB","STB","Slide-tags (SCP2601)",6592,2921,"STB",0,0.103268231549875,0,0,0,0.896731768450125,0,0,0,0,0,0,0,0,0,0,0,0.896731768450125,"4.80876099254411","4.47583064366657",8,1357.89576344086,1857.04621505376,"STB","LogNormalize","STB","author","STB","author",-0.241360970391035,-0.141518187390754,1.72599254744354,-0.0601075005311891,-0.733561034299989,-0.135293278925892,NA,NA,1.72599254744354,"STB","N8",-0.164715219463864,0.0606580495577083,0.354667981380855,-0.0087589113067576,-1.65766241572007,591.624126689397,2232.18076953521,"bbox_scaled_and_y_flipped"
"W8-2_AAAGGCTCAAATATCC","W8-2",7206,2456,"W8-2","1335.08035087719","3324.92715789474","STB-progenitor","STB-progenitor","Slide-tags (SCP2601)",6515,2439,"STB",0,0,0,0,0,1,0,0,0,0,0,0,0,0,0,0,0,1,"2.82372390414994","2.18013891507465",8,1335.08035087719,3324.92715789474,"STB-progenitor","LogNormalize","STB-progenitor","author","STB-progenitor","author",-0.232148642370709,-0.175246190055033,0.763207268346743,0.0960621563490974,-0.740020177561491,-0.112456995873281,NA,NA,0.763207268346743,"STB","N8",0.0284641909242032,0.0199664754562298,0.0512493957602709,-0.00530345716807007,0.806786307036904,579.267894587418,1367.62331134004,"bbox_scaled_and_y_flipped"
"W8-2_AAAGGTTAGGCAATAG","W8-2",13213,4560,"W8-2","4906.4146459144","4374.6900311284","vCTB","vCTB","Slide-tags (SCP2601)",6622,3529,"vCTBp",0,0.218349434363592,0,0.0329318752309276,0,0,0.461574931424578,0.00788467167356537,0,0,0.279259087307337,0,0,0,0,0,0,0.461574931424578,"-5.02098811481673","3.81879433919269",8,4906.4146459144,4374.6900311284,"vCTB","LogNormalize","vCTB","author","vCTB","author",0.184458529737262,0.973777231282865,-0.521574165416735,-0.14737673032115,-0.736433760959075,-0.214438879300585,NA,NA,0.973777231282865,"vCTB","N5",-0.0390554532602815,-0.112125767434136,-0.1155043244284,-0.388146940517209,-2.62788681943055,2513.40935883188,749.330441051813,"bbox_scaled_and_y_flipped"
"W8-2_AAATCCGGTTAGGTTG","W8-2",5453,2246,"W8-2","5093.77992771084","1321.4131060241","FIB1","FIB1","Slide-tags (SCP2601)",5638,2228,"Fibroblast1",0.00968071100572556,0,0,0,0,0,0,0,0.0376931909787737,0.952626098015501,0,0,0,0,0,0,0,0.952626098015501,"11.4038852372341","-11.9052561826579",8,5093.77992771084,1321.4131060241,"FIB1","LogNormalize","FIB1","author","FIB1","author",0.341247626057477,-0.079675067451715,-0.337494572101245,-0.0781240741658861,0.56685732694538,-0.110526198871128,NA,NA,0.56685732694538,"Fibroblast","N4",-0.185927634672099,0.012803659825608,-0.101512303774926,0.071750324563755,0.899379408680403,2614.88150636675,2547.65976088418,"bbox_scaled_and_y_flipped"
"W8-2_AAATGGCCATAGACTT","W8-2",25277,4823,"W8-2","525.010070612245","3116.71622857143","STB","STB","Slide-tags (SCP2601)",6165,2423,"STB",0,0.041426255761,0,0,0,0.958573744239,0,0,0,0,0,0,0,0,0,0,0,0.958573744239,"2.46748720790666","4.23803147603351",8,525.010070612245,3116.71622857143,"STB","LogNormalize","STB","author","STB","author",-0.242193637079373,0.0222557180748155,2.23541868521695,0.0805034088192075,-0.711910993023036,-0.104940655162005,NA,NA,2.23541868521695,"STB","N3",-0.0731191652691602,0.143001493948218,0.520554429599376,0.10825137072407,-0.354378593380291,140.55496866788,1490.25608527321,"bbox_scaled_and_y_flipped"
"W8-2_AACATCATCATCCACC","W8-2",1554,889,"W8-2","5013.95053968254","5064.61485714286","EVT-progenitor","EVT-progenitor","Slide-tags (SCP2601)",4503,1307,"EVT2",0,0,0.863192511529252,0.136807488470748,0,0,0,0,0,0,0,0,0,0,0,0,0,0.863192511529252,"-3.14773572300155","2.47595867444355",8,5013.95053968254,5064.61485714286,"EVT-progenitor","LogNormalize","EVT-progenitor","author","EVT-progenitor","author",1.24891557992444,1.28056065979833,0.251457078367714,-0.0205559447888177,-0.380756473489274,-0.0833244877609256,NA,NA,1.28056065979833,"vCTB","N7",0.45580046972783,0.147074918221245,-0.0466584814882712,-0.244502632436676,4.10737241933905,2571.64799286863,342.976194929946,"bbox_scaled_and_y_flipped"
"W8-2_AACATTGTCAAACCGT","W8-2",8550,2727,"W8-2","3375.1185","654.41507","STB","STB","Slide-tags (SCP2601)",6548,2697,"STB",0,0.140799943762242,0,0,0,0.859200056237757,0,0,0,0,0,0,0,0,0,0,0,0.859200056237757,"4.84940659190934","4.37642106343586",8,3375.1185,654.41507,"STB","LogNormalize","STB","author","STB","author",-0.238289715583359,0.00349341293384797,1.47517581859647,0.0696442605208556,-0.57019513045994,-0.137904645195951,NA,NA,1.47517581859647,"STB","N8",-0.0993753591656458,0.0145595102039498,-0.0748869975672308,0.186784823714583,1.9492882309776,1684.09932365358,2940.5105090723,"bbox_scaled_and_y_flipped"
"W8-2_AACATTGTCCCATAGG","W8-2",7746,3168,"W8-2","2824.57857142857","5012.36771428571","FIB2","FIB2","Slide-tags (SCP2601)",6702,3136,"Fibroblast2",0.979299314223901,0,0,0,0,0,0,0,0,0,0,0,0,0,0,0.0207006857760992,0,0.979299314223901,"10.9454835572414","-4.48650398920697",8,2824.57857142857,5012.36771428571,"FIB2","LogNormalize","FIB2","author","FIB2","author",0.235385372516373,0.0767869884888387,-0.524646688519293,-0.0835693248397218,1.31032454364555,-0.178069743173868,NA,NA,1.31032454364555,"Fibroblast","N5",-0.231882105017843,-0.0863213053504924,-0.11473009248952,0.0416571891987212,-0.787805036865807,1385.94126405891,373.748892979362,"bbox_scaled_and_y_flipped"
"W8-2_AACCCGCAGATAACCC","W8-2",2759,902,"W8-2","277.8234","2128.534","Erythroblasts","Erythroblasts","Slide-tags (SCP2601)",4937,900,"unknown2",0,0,0,0,0,0.0716630042789191,0.323012397977674,0.150622171462913,0.375741603954439,0,0.06220262348198,0,0,0.0167581988440755,0,0,0,0.375741603954439,"-10.9574343046971","1.61995753575641",8,277.8234,2128.534,"Erythroblasts","LogNormalize","Erythroblasts","author","Erythroblasts","author",-0.112973106185872,-0.146913452479173,-0.372547276524256,-0.0309392020340125,-0.194658099352167,-0.066584046549085,NA,NA,-0.0309392020340125,"Endothelial","N3",-0.108914371540591,-0.0251514198587636,-0.0434852126414381,0.092488402414642,0.598394852905447,6.68511792216535,2072.27898020488,"bbox_scaled_and_y_flipped"
"W8-2_AACCTAATCCCATAGG","W8-2",8996,2615,"W8-2","4906.91680769231","1447.09949615385","STB-progenitor","STB-progenitor","Slide-tags (SCP2601)",6517,2592,"STB",0,0,0,0,0,1,0,0,0,0,0,0,0,0,0,0,0,1,"1.94960843707841","1.43317899037677",8,4906.91680769231,1447.09949615385,"STB-progenitor","LogNormalize","STB-progenitor","author","STB-progenitor","author",-0.230536685408377,0.020474834175285,0.322540771797015,-0.0640476308330168,-0.745716688899048,-0.117727873938882,NA,NA,0.322540771797015,"STB","N8",-0.05447660542405,0.0427507403748866,0.0708052444193925,0.230298759979349,1.94232352844143,2513.68131654745,2473.63256779999,"bbox_scaled_and_y_flipped"
"W8-2_AACCTTGCAAGTGTCC","W8-2",7691,2252,"W8-2","2555.95847328244","4212.47335877863","STB","STB","Slide-tags (SCP2601)",6520,2233,"STB",0,0,0,0,0,1,0,0,0,0,0,0,0,0,0,0,0,1,"3.61947285320085","2.7137053899892",8,2555.95847328244,4212.47335877863,"STB","LogNormalize","STB","author","STB","author",-0.231983878038538,0.046837776565884,1.34545933900265,0.176894416269164,-0.675171051810984,-0.115462254857994,NA,NA,1.34545933900265,"STB","N3",0.0054784869862409,-0.0476854839519466,0.156736745271567,0.250147428491663,0.664232888135612,1240.46362824201,844.873362708769,"bbox_scaled_and_y_flipped"
"W8-2_AACGACAAGTTTGTCT","W8-2",1233,692,"W8-2","3121.39657142857","2724.39128571429","vCTB","vCTB","Slide-tags (SCP2601)",4639,1345,"vCTB2",0,0,0,0,0,0,0.0619450027508234,0.737429176788649,0,0,0.0841367359733003,0,0,0.116489084487227,0,0,0,0.737429176788649,"-8.59262908313949","2.87238392163593",8,3121.39657142857,2724.39128571429,"vCTB","LogNormalize","vCTB","author","vCTB","author",-0.117359951100496,0.245146351243463,0.292772679480478,-0.0259926585883213,-0.288932175401883,-0.0534749138391585,NA,NA,0.292772679480478,"STB","N3",0.129715529600988,-0.0186919432973816,-0.0216053456330147,-0.138308939131472,0.515898202267356,1546.69014772737,1721.3289505743,"bbox_scaled_and_y_flipped"
"W8-2_AACGCTAGTTTGAGCA","W8-2",13974,4242,"W8-2","5000.39488","2630.73360666667","EVT","EVT","Slide-tags (SCP2601)",6430,2923,"EVT2",0,0.110100057611755,0.581546688910441,0.28804454144552,0,0,0,0,0.0203087120322841,0,0,0,0,0,0,0,0,0.581546688910441,"-2.3333948931523","4.62381037999469",8,5000.39488,2630.73360666667,"EVT","LogNormalize","EVT","author","EVT","author",0.432796142167134,0.4434563175922,-0.365314578854002,-0.0984989842906843,-0.667844641609684,-0.132014925367088,NA,NA,0.4434563175922,"vCTB","N4",0.0312754196700495,0.0185855868454232,-0.0979793943238464,-0.185530662106057,0.638729661154579,2564.30660130424,1776.49176560557,"bbox_scaled_and_y_flipped"
"W8-2_AACTACTCAGGTTACC","W8-2",14112,4167,"W8-2","3733.69324137931","2287.13531034483","FIB2","FIB2","Slide-tags (SCP2601)",6462,2925,"Fibroblast2",0.948745899074657,0,0,0,0,0,0,0,0,0,0,0,0,0,0,0.0512541009253425,0,0.948745899074657,"12.3117059388332","-5.91726532648724",8,3733.69324137931,2287.13531034483,"FIB2","LogNormalize","FIB2","author","FIB2","author",0.562448899214537,-0.257787619623159,-0.457004210797443,0.0412950834542004,1.47940929217569,-0.162326370167127,NA,NA,1.47940929217569,"Fibroblast","N8",0.00243341334809857,-0.0693318587516433,-0.107161713221683,-0.0938777291304648,-0.0886130282171376,1878.29404698044,1978.8654466299,"bbox_scaled_and_y_flipped"
"W8-2_AAGAATCAGTCACCAG","W8-2",17480,4887,"W8-2","4538.06817460317","4405.05406349206","EVT","EVT","Slide-tags (SCP2601)",5919,2616,"EVT3",0,0.104542213665512,0.244292067509231,0.632869193127285,0,0,0,0,0.0182965256979724,0,0,0,0,0,0,0,0,0.632869193127285,"-2.73477471683699","4.95403250981647",8,4538.06817460317,4405.05406349206,"EVT","LogNormalize","EVT","author","EVT","author",0.153844558082755,0.282397137077288,-0.68109924181725,-0.0505182687165189,-0.782136124573003,-0.121584455286481,NA,NA,0.282397137077288,"vCTB","N7",-0.135456633300368,0.0435452430414006,-0.0858234303739177,-0.0831351762795546,0.563340196290781,2313.92252155619,731.446531073342,"bbox_scaled_and_y_flipped"
"W8-2_AAGACAAGTGCTTACT","W8-2",6335,2611,"W8-2","2339.56437593985","1830.67863157895","FIB2","FIB2","Slide-tags (SCP2601)",6254,2588,"Fibroblast2",1,0,0,0,0,0,0,0,0,0,0,0,0,0,0,0,0,1,"12.366462103384","-5.47039643000286",8,2339.56437593985,1830.67863157895,"FIB2","LogNormalize","FIB2","author","FIB2","author",0.233985203503099,-0.310073449950365,-0.426825003070539,-0.0706234184521765,0.5326554233132,-0.147835460527454,NA,NA,0.5326554233132,"Fibroblast","N5",-0.048536781056491,-0.0656292402496674,0.0352530541593787,-0.071264474268542,-1.07720050848808,1123.27023168161,2247.71083759618,"bbox_scaled_and_y_flipped"
"W8-2_AAGACATAGGCATGAA","W8-2",14310,4276,"W8-2","809.119289411765","2152.92802352941","vCTB","vCTB","Slide-tags (SCP2601)",6303,2978,"vCTB1",0,0,0,0,0,0,0,0.154937901758419,0,0,0.728345581758201,0,0,0.116716516483381,0,0,0,0.728345581758201,"-9.18545878742415","6.38220605183918",8,809.119289411765,2152.92802352941,"vCTB","LogNormalize","vCTB","author","vCTB","author",-0.0634715993005664,0.0869563281626011,-0.303007736477726,-0.0871890409391724,-0.80745346832197,-0.118605619289809,NA,NA,0.0869563281626011,"vCTB","N3",-0.0848646058028446,0.00345019724536614,-0.0752267956408216,-0.196894519507911,-0.437605522846337,294.421108059496,2057.911306123,"bbox_scaled_and_y_flipped"
"W8-2_AAGACATAGGTCCTGA","W8-2",7498,2508,"W8-2","2910.39876190476","4083.09857142857","STB","STB","Slide-tags (SCP2601)",6506,2490,"STB",0,0.0349624139361481,0,0,0,0.965037586063852,0,0,0,0,0,0,0,0,0,0,0,0.965037586063852,"4.78705631877702","2.90996393491108",8,2910.39876190476,4083.09857142857,"STB","LogNormalize","STB","author","STB","author",-0.239213216931238,-0.252513654723547,1.27701090942219,0.1744370519776,-0.71497790951076,-0.112994998662009,NA,NA,1.27701090942219,"STB","N8",-0.146895530430939,0.0108683094593255,-0.0715390447000875,-0.00264590398301406,0.460248360115576,1432.41923983957,921.072960401908,"bbox_scaled_and_y_flipped"
"W8-2_AAGCAAGTCTACTAAG","W8-2",3610,1947,"W8-2","4544.02613333333","5005.2012","Hofbauer cells","Hofbauer cells","Slide-tags (SCP2601)",5348,1936,"myeloid_unknown",0,0,0,0,0,0,0,0,0,0,0,0,0.462150336701172,0,0,0,0.537849663298827,0.537849663298827,"-0.889765747530049","12.6333952837117",8,4544.02613333333,5005.2012,"Hofbauer cells","LogNormalize","Hofbauer cells","author","Hofbauer cells","author",-0.195859826699699,0.193438241041855,-0.184437013721665,-0.0733169102585525,-0.607607719508315,0.119376545465498,NA,NA,0.193438241041855,"vCTB","N5",0.112871218490204,-0.0447791632940194,-0.0773925235042215,0.240771818690152,2.71291582784789,2317.14919653822,377.969850683861,"bbox_scaled_and_y_flipped"
"W8-2_AAGCCACGTAAGCACC","W8-2",9710,2971,"W8-2","1871.76045783133","4295.91103614458","FIB1","FIB1","Slide-tags (SCP2601)",6763,2917,"Fibroblast1",0,0,0,0,0,0,0,0,0,1,0,0,0,0,0,0,0,1,"10.3930486359767","-11.9266795225016",8,1871.76045783133,4295.91103614458,"FIB1","LogNormalize","FIB1","author","FIB1","author",0.386642686169092,-0.223331926818261,-0.457483966462102,-0.0957013639011901,0.178850677071457,-0.146607259840617,NA,NA,0.386642686169092,"EVT","N3",-0.258227392821665,-0.0801249733403876,-0.108663635627311,0.0767658331236181,-0.680711153163975,869.919836450603,795.72995866566,"bbox_scaled_and_y_flipped"
"W8-2_AAGCCACGTACCGTAA","W8-2",1401,954,"W8-2","5534.568","2538.82441666667","vCTB","vCTB","Slide-tags (SCP2601)",4526,1434,"vCTBp",0,0,0,0,0,0,0.563165935005713,0.292422772992804,0,0,0.131271955642839,0,0,0.0131393363586448,0,0,0,0.563165935005713,"-8.98982489917952","2.71939095784504",8,5534.568,2538.82441666667,"vCTB","LogNormalize","vCTB","author","vCTB","author",-0.186831478386099,0.210620191138679,-0.128856944678749,-0.0305708756566509,-0.476076263733147,-0.0526276604027639,NA,NA,0.210620191138679,"vCTB","N5",-0.154574643739968,-0.0327681427521943,-0.0586325018817884,-0.0588714662711481,-0.587147239417664,2853.60082445007,1830.62474967265,"bbox_scaled_and_y_flipped"
"W8-2_AAGCGCTGTACTTAGG","W8-2",440,297,"W8-2","3722.87874576271","809.642010169491","STB","STB","Slide-tags (SCP2601)",4675,1972,"STB",0,0.176326600334101,0,0,0,0.823673399665899,0,0,0,0,0,0,0,0,0,0,0,0.823673399665899,"3.75377475406449","0.666833966267888",8,3722.87874576271,809.642010169491,"STB","LogNormalize","STB","author","STB","author",-0.0616494218540816,-0.0761533330442408,1.65499520021567,-0.00782060810284422,-0.306595486547014,-0.0142401677697276,NA,NA,1.65499520021567,"STB","N3",-0.0535030915063472,0.137981510047504,-0.0179903299806223,-0.0817827242165876,1.88088778823129,1872.43719834657,2849.08442340039,"bbox_scaled_and_y_flipped"
"W8-2_AAGCGCTGTTTAGCTC","W8-2",3421,2159,"W8-2","5059.91110447761","4095.56040298508","vCTB","vCTB","Slide-tags (SCP2601)",5583,2148,"vCTB2",0,0,0,0,0,0,0,0.830491256545695,0,0,0.04543760246492,0,0,0.124071140989386,0,0,0,0.830491256545695,"-7.74587500904281","4.1869731836446",8,5059.91110447761,4095.56040298508,"vCTB","LogNormalize","vCTB","author","vCTB","author",-0.25428792143534,-0.258521234939229,-0.683721949210651,-0.0406086226994715,-0.766144167082218,-0.102698671811706,NA,NA,-0.0406086226994715,"Endothelial","N4",-0.257048928040038,-0.050835457237828,-0.069473154191786,-0.221782875979397,-2.33387275501694,2596.53903547244,913.733148908681,"bbox_scaled_and_y_flipped"
"W8-2_AAGCGTTTCCGTAAAC","W8-2",1800,1006,"W8-2","1827.6419047619","2851.29657142857","vCTB","vCTB","Slide-tags (SCP2601)",4765,1196,"vCTB1",0,0,0,0,0,0,0,0.41233011162855,0,0,0.452531398974982,0,0,0.135138489396467,0,0,0,0.452531398974982,"-8.78360331867415","4.22742900182087",8,1827.6419047619,2851.29657142857,"vCTB","LogNormalize","vCTB","author","vCTB","author",-0.176761791649313,-0.17333956551346,0.088374572003307,-0.0169362286893671,-0.400796681842448,-0.0668987121926077,NA,NA,0.088374572003307,"STB","N3",-0.153033910134315,-0.0286718829644641,-0.0408050026841371,-0.0567141866583352,-0.621150204304042,846.026379332172,1646.58384826626,"bbox_scaled_and_y_flipped"
"W8-2_AAGCTAGAGGCATGAA","W8-2",6349,2357,"W8-2","1560.4632","4204.361","vCTB","vCTB","Slide-tags (SCP2601)",6264,2346,"vCTB1",0,0,0,0,0,0,0,0.160170198411209,0,0,0.749960032171764,0,0,0.0898697694170267,0,0,0,0.749960032171764,"-9.33975661609847","5.86265906621296",8,1560.4632,4204.361,"vCTB","LogNormalize","vCTB","author","vCTB","author",-0.251703191906693,-0.277892381754885,-0.515826850180446,-0.0410845137526286,-0.745843737902667,-0.132379348439496,NA,NA,-0.0410845137526286,"Endothelial","N3",-0.236430207979922,0.0146677666705457,-0.0917332509319851,-0.10581195676781,-0.500528102170436,701.329364560628,849.651407086159,"bbox_scaled_and_y_flipped"
"W8-2_AAGCTATGTTAGCATG","W8-2",4168,1914,"W8-2","1738.95870422535","1745.722","vCTB","vCTB","Slide-tags (SCP2601)",5385,1903,"vCTB3",0,0,0,0,0,0,0,0.274646514426787,0,0,0.158920673812682,0,0,0.566432811760531,0,0,0,0.566432811760531,"-8.60415232990462","4.81257733632404",8,1738.95870422535,1745.722,"vCTB","LogNormalize","vCTB","author","vCTB","author",-0.219667910018671,0.198477713745844,-0.209913005369531,-0.0308065413582198,-0.665690728866938,-0.0792079805533734,NA,NA,0.198477713745844,"vCTB","N8",-0.208459238030732,-0.0480728387889239,-0.0492837998021778,-0.214062133378182,-2.09758706880181,797.997872009852,2297.74888040404,"bbox_scaled_and_y_flipped"
"W8-2_AAGTAGCCAAACGGGC","W8-2",2418,1324,"W8-2","1474.78006666667","2438.44333333333","STB","STB","Slide-tags (SCP2601)",5051,1338,"STB",0,0.149373816618034,0,0,0,0.850626183381966,0,0,0,0,0,0,0,0,0,0,0,0.850626183381966,"4.57956587459367","2.80447086621601",8,1474.78006666667,2438.44333333333,"STB","LogNormalize","STB","author","STB","author",-0.180047223469705,0.150630333905399,1.09225264565893,-0.0407435632002739,-0.532560079759545,-0.0620946648526309,NA,NA,1.09225264565893,"STB","N3",-0.0694070289977711,-0.0317865657417284,0.290761338095415,-0.2672721724982,-3.51662114030955,654.925615352196,1889.74753798924,"bbox_scaled_and_y_flipped"
"W8-2_AATAACCGTGGTGAGA","W8-2",897,457,"W8-2","1651.80074074074","4679.98674074074","STB","STB","Slide-tags (SCP2601)",4621,1514,"STB",0,0,0,0,0,1,0,0,0,0,0,0,0,0,0,0,0,1,"0.284714511888439","2.0677891664632",8,1651.80074074074,4679.98674074074,"STB","LogNormalize","STB","author","STB","author",-0.159711641240268,0.574697355981702,2.78821336161902,-0.0133899825781405,-0.0765352262702347,-0.0310252527043412,NA,NA,2.78821336161902,"STB","N3",0.345050102044318,0.115314972392944,-0.0247767884046483,-0.163861761805534,3.40237394501499,750.795393275518,569.515757480173,"bbox_scaled_and_y_flipped"
"W8-2_AATAACCGTGGTTATG","W8-2",11132,3868,"W8-2","2159.87094429708","2241.15847745358","vCTB","vCTB","Slide-tags (SCP2601)",6906,3598,"vCTB1",0,0,0,0,0,0,0,0.0942515985785523,0,0,0.7889674440821,0,0,0.116780957339347,0,0,0,0.7889674440821,"-8.12479651783187","6.40110358525592",8,2159.87094429708,2241.15847745358,"vCTB","LogNormalize","vCTB","author","vCTB","author",-0.159088381509507,-0.0493399963300484,-0.581989395044513,-0.077835474826071,-0.778995249182073,-0.186124376372646,NA,NA,-0.0493399963300484,"vCTB","N8",-0.316401362448271,-0.016407657196743,-0.113630961585356,-0.0980050290099846,-1.18985232272857,1025.95295800167,2005.94503641148,"bbox_scaled_and_y_flipped"
"W8-2_AATAGAGGTACCGGAT","W8-2",3543,1814,"W8-2","4654.89464","5079.14728","vCTB","vCTB","Slide-tags (SCP2601)",5284,1795,"vCTBp",0,0.0850771420246409,0,0,0,0,0.588199291429551,0.117953803241975,0,0,0.208769763303833,0,0,0,0,0,0,0.588199291429551,"-5.19856513355452","3.33680853177387",8,4654.89464,5079.14728,"vCTB","LogNormalize","vCTB","author","vCTB","author",0.146151972098301,0.397159411629489,-0.493591253790336,-0.0434092173684006,-0.537703867294303,-0.115807675403199,NA,NA,0.397159411629489,"vCTB","N5",-0.189365796002211,-0.0469621520658767,-0.0970512826649864,0.257473387879392,1.17842656304274,2377.19268676003,334.416839603437,"bbox_scaled_and_y_flipped"
"W8-2_AATAGAGGTGCTCCAC","W8-2",6454,2692,"W8-2","1908.24021538462","1540.56100307692","vCTB","vCTB","Slide-tags (SCP2601)",6339,2673,"vCTB3",0,0,0,0,0,0,0,0.326317836876869,0,0,0.203412265331813,0,0,0.470269897791317,0,0,0,0.470269897791317,"-8.86630881641585","4.53013238240558",8,1908.24021538462,1540.56100307692,"vCTB","LogNormalize","vCTB","author","vCTB","author",-0.136475807453611,-0.0362454705854005,0.204411491987207,-0.0461045271865438,-0.590628169758761,-0.161399658631805,NA,NA,0.204411491987207,"STB","N5",-0.270877633897575,0.0108683094593256,-0.0708323464861491,-0.0760267201066751,-0.697562990669031,889.676321243262,2418.58529488689,"bbox_scaled_and_y_flipped"
"W8-2_AATCAGGAGCCTCTCG","W8-2",13378,4515,"W8-2","5287.55252830189","2218.05679245283","EVT","EVT","Slide-tags (SCP2601)",6589,3384,"EVT3",0,0.0883428121241435,0.310895407872158,0.600761780003698,0,0,0,0,0,0,0,0,0,0,0,0,0,0.600761780003698,"-3.23790443752486","4.60901364613849",8,5287.55252830189,2218.05679245283,"EVT","LogNormalize","EVT","author","EVT","author",-0.0169791750226804,0.418434974578547,-0.398837437539349,-0.139475933367517,-0.662750613586992,-0.183211989481147,NA,NA,0.418434974578547,"vCTB","N7",0.0879173542944568,0.170816888070849,-0.124689362565269,0.0337470061526947,4.48985534825284,2719.82369056901,2019.55154459709,"bbox_scaled_and_y_flipped"
"W8-2_AATCAGGAGGTGTTAC","W8-2",3024,1790,"W8-2","1953.29506666667","1119.06177333333","STB-progenitor","STB-progenitor","Slide-tags (SCP2601)",5580,1775,"STB",0,0,0,0,0,0.661541856123,0.0151020148413971,0.0866160444073903,0,0,0.191908985826154,0,0,0.044831098802058,0,0,0,0.661541856123,"2.57105766917985","2.29248270322162",8,1953.29506666667,1119.06177333333,"STB-progenitor","LogNormalize","STB-progenitor","author","STB-progenitor","author",-0.207722928405192,-0.243381535599074,0.264806989000607,-0.045312781581029,-0.485271421378184,-0.0995591787808508,NA,NA,0.264806989000607,"STB","N8",-0.201968605588147,0.0318796200522482,0.153832822480292,-0.327048995736708,-2.93678676722397,914.076853042,2666.84132987093,"bbox_scaled_and_y_flipped"
"W8-2_AATCATCCAATGCCCG","W8-2",9931,3660,"W8-2","2776.93228037383","4938.54960747664","vCTB","vCTB","Slide-tags (SCP2601)",6848,3609,"vCTB1",0,0,0,0,0,0,0,0.147151696798777,0,0,0.606043721123998,0,0,0.246804582077224,0,0,0,0.606043721123998,"-8.75768817280013","6.21886786748249",8,2776.93228037383,4938.54960747664,"vCTB","LogNormalize","vCTB","author","vCTB","author",-0.338743900148187,-0.20649874766423,-0.481222481375765,-0.0694336908192837,-0.859147486859067,-0.187027590747833,NA,NA,-0.0694336908192837,"Endothelial","N4",-0.309526464275544,-0.0190632116494235,-0.116913663997867,0.154757919658247,0.365102952441874,1360.13727609999,417.22652997907,"bbox_scaled_and_y_flipped"
"W8-2_AATCATCCACTCGCTC","W8-2",14725,3296,"W8-2","3073.154","2604.202","STB","STB","Slide-tags (SCP2601)",6229,2123,"STB",0,0,0,0,0,1,0,0,0,0,0,0,0,0,0,0,0,1,"4.35491024638932","3.33541545201618",8,3073.154,2604.202,"STB","LogNormalize","STB","author","STB","author",-0.228079023476181,-0.104317098396945,2.44643972814084,-0.036883621749235,-0.664579191641099,-0.0733135783021671,NA,NA,2.44643972814084,"STB","N3",-0.0975598983697136,0.0288263302418011,0.291232143340193,0.134504163508027,-0.437679805368706,1520.56322987725,1792.11844059814,"bbox_scaled_and_y_flipped"
"W8-2_AATCATCCACTGACCG","W8-2",1221,693,"W8-2","5132.92492","3563.76948","FIB1","FIB1","Slide-tags (SCP2601)",4447,1354,"Fibroblast1",0.334805797647839,0,0,0,0,0,0,0,0,0.665194202352161,0,0,0,0,0,0,0,0.665194202352161,"10.2569936433009","-11.1464232511393",8,5132.92492,3563.76948,"FIB1","LogNormalize","FIB1","author","FIB1","author",0.246188538634946,0.113072788261661,0.137187252807751,-0.0285894024182434,1.24975139429128,-0.0688079071322134,NA,NA,1.24975139429128,"Fibroblast","N1",-0.157856882035961,-0.020773160099012,-0.0301586778710468,-0.16333190496946,-1.2549493485535,2636.08141274606,1226.94915658939,"bbox_scaled_and_y_flipped"
"W8-2_AATCCATCAATAACCT","W8-2",956,792,"W8-2","4699.11428571429","3116.28657142857","vCTB","vCTB","Slide-tags (SCP2601)",4450,1613,"vCTB2",0,0,0,0,0,0,0.344708140538739,0.460596157240978,0,0,0.132462663674451,0,0,0.0622330385458312,0,0,0,0.460596157240978,"-7.93427003238875","3.46585258771259",8,4699.11428571429,3116.28657142857,"vCTB","LogNormalize","vCTB","author","vCTB","author",-0.224293353801832,-0.183026505100893,-0.212369217551033,-0.0228806484045897,-0.196507414106887,-0.0611796162416989,NA,NA,-0.0228806484045897,"Endothelial","N5",0.0202105230336733,-0.0176821893555911,-0.0530465430580134,-0.041093051639007,0.686948612508584,2401.14089301702,1490.50914618331,"bbox_scaled_and_y_flipped"
"W8-2_AATCCATCATTAAAGG","W8-2",2730,1308,"W8-2","4373.55100900901","2778.44181981982","FIB2","FIB2","Slide-tags (SCP2601)",5133,1302,"Fibroblast2",1,0,0,0,0,0,0,0,0,0,0,0,0,0,0,0,0,1,"10.8351710953883","-4.43537941645306",8,4373.55100900901,2778.44181981982,"FIB2","LogNormalize","FIB2","author","FIB2","author",0.402772406336306,-0.179898804982353,-0.404165035305938,-0.0422742413855214,1.43783790974806,-0.0873391740994883,NA,NA,1.43783790974806,"Fibroblast","N4",-0.161011236890044,0.0606141521550524,-0.0653632422588274,0.00227223002562166,1.03551132285384,2224.82431756061,1689.49408507769,"bbox_scaled_and_y_flipped"
"W8-2_AATCCCTGTAGGTGTC","W8-2",5153,2229,"W8-2","5771.51668085106","3715.05875379939","EVT","EVT","Slide-tags (SCP2601)",5549,2217,"EVT3",0,0.0447865156575743,0.437102405677685,0.518111078664741,0,0,0,0,0,0,0,0,0,0,0,0,0,0.518111078664741,"-3.02522433613021","4.27416142751056",8,5771.51668085106,3715.05875379939,"EVT","LogNormalize","EVT","author","EVT","author",0.580658476599011,0.51537488947802,-0.344397537446314,-0.0635968357798568,-0.621969588957749,-0.132983500401056,NA,NA,0.580658476599011,"EVT","N7",-0.0230676128897631,-0.0535650148850497,-0.0722801841646026,-0.194563665605172,-0.849987738250911,2981.92604708994,1137.84229090923,"bbox_scaled_and_y_flipped"
"W8-2_AATCCGTAGAAACTGG","W8-2",25729,6154,"W8-2","2111.25282119205","4436.15198675497","FIB2","FIB2","Slide-tags (SCP2601)",6256,3078,"Fibroblast2",0.928294624361292,0,0,0,0,0,0,0,0,0,0,0,0,0,0,0.0717053756387089,0,0.928294624361292,"12.5122331299953","-6.34781065653485",8,2111.25282119205,4436.15198675497,"FIB2","LogNormalize","FIB2","author","FIB2","author",0.0373114860775203,-0.297105932716963,-0.57835788371607,-0.0855507980781293,1.22671582348215,-0.169166210536989,NA,NA,1.22671582348215,"Fibroblast","N3",-0.271562361394417,-0.0725975553628151,-0.10935893779902,0.0282892747720784,-0.945681594150834,999.622651163177,713.130371562957,"bbox_scaled_and_y_flipped"
"W8-2_AATCTTGAGGAGTAAT","W8-2",4814,2105,"W8-2","2866.53373170732","5154.96978048781","vCTB","vCTB","Slide-tags (SCP2601)",5504,2089,"vCTB1",0,0,0,0,0,0,0,0.0625653991484882,0,0,0.82826003783091,0,0,0.109174563020602,0,0,0,0.82826003783091,"-7.84539426181991","4.77145537663776",8,2866.53373170732,5154.96978048781,"vCTB","LogNormalize","vCTB","author","vCTB","author",-0.0561291755822531,-0.0644773689873767,-0.383789894463827,-0.0509941597696759,-0.60855283505394,-0.0977470125949454,NA,NA,-0.0509941597696759,"Endothelial","N4",-0.138348581652529,-0.0336696402273889,-0.0618917831212916,0.082035440611478,0.367164367856513,1408.66308409321,289.758648068592,"bbox_scaled_and_y_flipped"
"W8-2_AATGCGCGTTTAACCC","W8-2",7069,3315,"W8-2","5239.22904347826","4756.14043478261","EVT","EVT","Slide-tags (SCP2601)",6607,3278,"EVT3",0,0,0.448314574389788,0.551685425610212,0,0,0,0,0,0,0,0,0,0,0,0,0,0.551685425610212,"-3.4410199007817","4.91716059972126",8,5239.22904347826,4756.14043478261,"EVT","LogNormalize","EVT","author","EVT","author",0.169324216454785,0.374658835399246,-0.761127119329492,-0.0863699195086509,-0.823340512903431,-0.175654968621299,NA,NA,0.374658835399246,"vCTB","N7",0.0239752648843846,0.253441586433558,-0.105184118376362,-0.227028855848728,3.52762331078262,2693.65295213546,524.662498451151,"bbox_scaled_and_y_flipped"
"W8-2_AATGGCGCAAGCTTTG","W8-2",8920,3610,"W8-2","4692.11574418605","4137.86748837209","vCTB","vCTB","Slide-tags (SCP2601)",6625,3586,"vCTB3",0,0,0,0,0,0,0,0.297231776847759,0,0,0.344866818255297,0,0,0.357901404896943,0,0,0,0.357901404896943,"-8.40984881733138","5.82544335652668",8,4692.11574418605,4137.86748837209,"vCTB","LogNormalize","vCTB","author","vCTB","author",-0.296861737622355,-0.170294617194761,-0.601535642382689,-0.0770186332205591,-0.850596650392286,-0.189760799938075,NA,NA,-0.0770186332205591,"Endothelial","N4",-0.243777440724048,0.061043174687751,-0.0927549021795171,-0.0586369941602486,0.368980494973176,2397.35066554438,888.814979363509,"bbox_scaled_and_y_flipped"
"W8-2_AATGGCGCACCTGGTG","W8-2",950,541,"W8-2","3560.72634146341","3609.91053658537","STB","STB","Slide-tags (SCP2601)",4655,1463,"STB",0,0.125703635403535,0,0,0,0.859997344379444,0,0.0142990202170203,0,0,0,0,0,0,0,0,0,0.859997344379444,"4.276286951559","1.74406036664325",8,3560.72634146341,3609.91053658537,"STB","LogNormalize","STB","author","STB","author",-0.14997218155823,-0.171632469105377,1.90342197125562,-0.0132914165899194,-0.140389017139307,-0.038088822324992,NA,NA,1.90342197125562,"STB","N4",-0.162810158190711,-0.00826761488080069,-0.0230732839831751,-0.0612488206852297,-0.541958968459757,1784.6196873625,1199.77284178372,"bbox_scaled_and_y_flipped"
"W8-2_AATGGCGCATTAAAGG","W8-2",1653,948,"W8-2","1333.91386909091","2665.32556363636","STB","STB","Slide-tags (SCP2601)",4716,1195,"STB",0,0.153043838243758,0,0,0,0.846956161756241,0,0,0,0,0,0,0,0,0,0,0,0.846956161756241,"3.32509791042131","3.55802115727741",8,1333.91386909091,2665.32556363636,"STB","LogNormalize","STB","author","STB","author",-0.189002851241424,0.126227565715596,1.5843644857472,-0.0248393054680098,-0.378660123702334,-0.0425648364243725,NA,NA,1.5843644857472,"STB","N3",0.194763683094687,-0.0210965763110054,0.396009055137663,0.122199328522388,-0.157351729288677,578.636158489997,1756.11767836262,"bbox_scaled_and_y_flipped"
"W8-2_AATGTCATCCCGAACA","W8-2",2585,1671,"W8-2","1447.47583402062","2393.61280412371","vCTB","vCTB","Slide-tags (SCP2601)",5139,1670,"vCTB2",0,0,0,0,0,0,0,0.50203619314724,0,0,0.0647866611591524,0,0,0.433177145693607,0,0,0,0.50203619314724,"-8.51498950336654","5.13368949223835",8,1447.47583402062,2393.61280412371,"vCTB","LogNormalize","vCTB","author","vCTB","author",-0.189758823818154,0.0129863512965378,-0.266983200152862,0.176153203864422,-0.627133654502999,-0.105492497552867,NA,NA,0.176153203864422,"Endothelial","N3",-0.215319743792239,-0.0420402623625708,-0.0629653814755775,-0.0165048510879422,-0.774940396755943,640.138355424306,1916.15197397027,"bbox_scaled_and_y_flipped"
"W8-2_AATGTCATCCTAAGGT","W8-2",6789,2604,"W8-2","2526.06766666667","5165.14389583333","Hofbauer cells","Hofbauer cells","Slide-tags (SCP2601)",6452,2571,"myeloid_unknown",0,0,0,0,0,0,0,0,0,0,0,0,0.420862785557074,0,0,0,0.579137214442925,0.579137214442925,"-0.923525877935475","14.153457730306",8,2526.06766666667,5165.14389583333,"Hofbauer cells","LogNormalize","Hofbauer cells","author","Hofbauer cells","author",-0.233747125945696,-0.26453312030154,-0.414077392486418,-0.0661693251853075,-0.613482201025708,-0.15812841048919,NA,NA,-0.0661693251853075,"Endothelial","N5",-0.129372837593388,0.108987059669651,-0.0741328663000578,0.185354656411317,3.02578420949378,1224.27554734585,283.766263369133,"bbox_scaled_and_y_flipped"
"W8-2_AATTAGCGTTGTTCAC","W8-2",12568,3422,"W8-2","2938.4659030303","4670.00732121212","STB","STB","Slide-tags (SCP2601)",6586,2679,"STB",0,0,0,0,0,1,0,0,0,0,0,0,0,0,0,0,0,1,"4.08354794170182","3.42584165860492",8,2938.4659030303,4670.00732121212,"STB","LogNormalize","STB","author","STB","author",-0.106140833878565,0.0513363255447047,1.94738042869374,0.0639377863322116,-0.618011443106614,-0.12566918891046,NA,NA,1.94738042869374,"STB","N5",-0.132701697390655,0.153633265822961,0.434438201501558,-0.0904375924699516,-1.22212526890135,1447.61967109271,575.393469582102,"bbox_scaled_and_y_flipped"
"W8-2_AATTAGGCAAAGGTAC","W8-2",7080,3335,"W8-2","2242.45976119403","4272.19098507463","vCTB","vCTB","Slide-tags (SCP2601)",6627,3315,"vCTBp",0,0,0,0,0,0,0.481065114175834,0.379105187673931,0,0,0.127935582712315,0,0,0.0118941154379203,0,0,0,0.481065114175834,"-9.19794333790023","2.5300649099477",8,2242.45976119403,4272.19098507463,"vCTB","LogNormalize","vCTB","author","vCTB","author",-0.0697257893750479,0.0411157372597738,-0.391869697409566,-0.0796063783629068,-0.751926283248258,-0.17233281859381,NA,NA,0.0411157372597738,"vCTB","N8",-0.108203701748592,-0.0165169508999012,0.00899284826038171,0.0839953097531642,0.340804340669962,1070.68090617087,809.700674179962,"bbox_scaled_and_y_flipped"
"W8-2_AATTGGACACCAGGTT","W8-2",7619,3127,"W8-2","4624.47051111111","4047.50608888889","Endothelial","Endothelial","Slide-tags (SCP2601)",6665,3081,"Endothelial_cells",0,0,0,0,1,0,0,0,0,0,0,0,0,0,0,0,0,1,"10.0614303269557","4.42008504201252",8,4624.47051111111,4047.50608888889,"Endothelial","LogNormalize","Endothelial","author","Endothelial","author",-0.0978064788744733,-0.161162339064641,-0.415902483799771,1.30542726488712,-0.396601709898799,-0.157766575791298,NA,NA,1.30542726488712,"Endothelial","N4",-0.252241084729424,0.00465362860564533,-0.101672877531137,0.0217343042357684,0.109372352863134,2360.7157724372,942.036340562566,"bbox_scaled_and_y_flipped"
"W8-2_AATTTGCCATTGCGAC","W8-2",9897,2858,"W8-2","3289.22357142857","453.608964285714","STB","STB","Slide-tags (SCP2601)",6711,2807,"STB",0,0.0400394186438244,0,0,0,0.959960581356175,0,0,0,0,0,0,0,0,0,0,0,0.959960581356175,"4.62707316066545","4.37947186757404",8,3289.22357142857,453.608964285714,"STB","LogNormalize","STB","author","STB","author",-0.0134117901053561,-0.0591681283206094,1.52486279789968,-0.0479305235741712,-0.689501883944663,-0.115619732529142,NA,NA,1.52486279789968,"STB","N3",-0.0831648920905673,0.0749996999186161,0.392395717517566,-0.145626768873825,-2.06264723274803,1637.58087167075,3058.78196507364,"bbox_scaled_and_y_flipped"
"W8-2_AATTTGGTCGGTTTGG","W8-2",1886,1049,"W8-2","2422.78774647887","3917.50695774648","FIB2","FIB2","Slide-tags (SCP2601)",4611,1230,"Fibroblast2",0.997200053578285,0,0,0,0,0,0,0,0,0.00279994642171484,0,0,0,0,0,0,0,0.997200053578285,"9.44602142955583","-6.54680767725628",8,2422.78774647887,3917.50695774648,"FIB2","LogNormalize","FIB2","author","FIB2","author",-0.165228308549394,-0.170449156009609,0.104912038781104,-0.044445747975523,1.6889252550802,0.1906386188876,NA,NA,1.6889252550802,"Fibroblast","N5",-0.046159654700112,-0.0353239997077724,-0.0648723436411704,-0.22280972289852,-0.955395009836539,1168.34183754538,1018.60366636389,"bbox_scaled_and_y_flipped"
"W8-2_ACAAACTGTTTGGTTC","W8-2",256,212,"W8-2","3968.18438938053","3290.5486460177","STB","STB","Slide-tags (SCP2601)",4483,2307,"STB",0,0.0754824882571487,0,0,0,0.645745770121247,0.0830840522288443,0.18964598740567,0.00604170198709039,0,0,0,0,0,0,0,0,0.645745770121247,"-3.02719558094222","-8.81092444132489",8,3968.18438938053,3290.5486460177,"STB","LogNormalize","STB","author","STB","author",-0.0632856976822034,-0.00443231062041843,0.524835750590388,-0.00700148667232268,-0.203551668588269,-0.0421220560422536,NA,NA,0.524835750590388,"STB","N4",-0.0829720971132926,0,-0.0426765656955313,-0.0814454045145446,0.0243617772091516,2005.28833395539,1387.87168297393,"bbox_scaled_and_y_flipped"
"W8-2_ACAACAACAAATGCCC","W8-2",8915,2901,"W8-2","864.886155555555","4252.16888888889","vCTB","vCTB","Slide-tags (SCP2601)",6557,2882,"vCTB1",0,0,0,0,0,0,0,0.170513597105976,0,0,0.508197672630864,0,0,0.32128873026316,0,0,0,0.508197672630864,"-9.29766524646956","4.96936568547565",8,864.886155555555,4252.16888888889,"vCTB","LogNormalize","vCTB","author","vCTB","author",-0.137006929050806,0.155440911779296,-0.391676992175505,-0.0635968357798568,-0.773043889248347,-0.143913319638138,NA,NA,0.155440911779296,"vCTB","N8",-0.276747470469017,-0.00283521985935833,-0.0700214162699328,0.183291354337779,0.651228638061782,324.622987589385,821.493355780269,"bbox_scaled_and_y_flipped"
"W8-2_ACAACATGTGATTTGG","W8-2",3450,1545,"W8-2","1649.3093442623","3145.25765573771","STB","STB","Slide-tags (SCP2601)",5582,1537,"STB",0,0.0824897504791413,0,0,0,0.917510249520858,0,0,0,0,0,0,0,0,0,0,0,0.917510249520858,"4.83953940059465","3.97076329518634",8,1649.3093442623,3145.25765573771,"STB","LogNormalize","STB","author","STB","author",-0.221675659557894,-0.206718462517065,1.20716371432505,-0.0196041626825035,-0.58937214124223,-0.0772574192215916,NA,NA,1.20716371432505,"STB","N3",-0.1933778169354,-0.0220938752588821,-0.0441529555512804,-0.0444274775952487,-0.668819348907312,749.446117952981,1473.44565943827,"bbox_scaled_and_y_flipped"
"W8-2_ACACTAATCAAGCCTG","W8-2",2228,1259,"W8-2","4719.0261641791","5026.24829850746","Hofbauer cells","Hofbauer cells","Slide-tags (SCP2601)",4811,1315,"myeloid_unknown",0,0,0,0,0,0,0,0,0,0,0,0,0.431768946076905,0,0,0,0.568231053923095,0.568231053923095,"-1.94124735210616","13.0025149278768",8,4719.0261641791,5026.24829850746,"Hofbauer cells","LogNormalize","Hofbauer cells","author","Hofbauer cells","author",-0.192405815755078,-0.204239451984765,-0.378456566526539,-0.048122836750775,-0.563312418174719,-0.0983516590688977,NA,NA,-0.048122836750775,"Endothelial","N7",-0.115046399487247,0.0191138610797015,-0.0650045196382328,0.193578833506838,1.90034321610992,2411.92464681551,365.573459766234,"bbox_scaled_and_y_flipped"
"W8-2_ACAGCCGGTTAGACCA","W8-2",9132,3399,"W8-2","1667.09089230769","4116.93832307692","vCTB","vCTB","Slide-tags (SCP2601)",6647,3360,"vCTB1",0,0,0,0,0,0,0,0.0373400929496842,0,0,0.862650135116131,0,0,0.100009771934184,0,0,0,0.862650135116131,"-8.71149409626204","6.38739022542316",8,1667.09089230769,4116.93832307692,"vCTB","LogNormalize","vCTB","author","vCTB1","author_refined_to_predicted",-0.133767694528138,-0.0110407493848376,-0.560858554742863,-0.0703603769256009,-0.778497802775348,-0.139039251724371,NA,NA,-0.0110407493848376,"vCTB","N3",-0.290796187689193,-0.00175472966652354,-0.0929407781708357,0.0647049804771277,0.00934033234438836,759.076140384887,901.141909580831,"bbox_scaled_and_y_flipped"
"W8-2_ACAGCCGGTTTCAGGA","W8-2",11957,3933,"W8-2","1525.42438188976","3021.3924015748","vCTB","vCTB","Slide-tags (SCP2601)",6809,3387,"vCTB1",0,0,0,0,0,0,0,0.084851122986864,0,0,0.838403395225664,0,0,0.0767454817874716,0,0,0,0.838403395225664,"-8.22746623371322","6.62702092458088",8,1525.42438188976,3021.3924015748,"vCTB","LogNormalize","vCTB","author","vCTB","author",-0.164851539521404,0.199056547816632,-0.701661009033879,-0.0895137445549444,-0.795074689332587,-0.187402700869557,NA,NA,0.199056547816632,"vCTB","N3",-0.235176853946056,-0.0787943339627747,-0.105045675438278,0.0121281574410014,-0.945009383223867,682.353254970633,1546.40023373128,"bbox_scaled_and_y_flipped"
"W8-2_ACAGGAATCCAAGTTA","W8-2",7012,2853,"W8-2","2841.81138461538","5071.81788034188","Hofbauer cells","Hofbauer cells","Slide-tags (SCP2601)",6537,2827,"myeloid_unknown",0,0,0,0,0,0,0,0,0,0,0,0,0.42757935585765,0,0,0,0.57242064414235,0.57242064414235,"-0.619471796495503","15.3184691362508",8,2841.81138461538,5071.81788034188,"Hofbauer cells","LogNormalize","Hofbauer cells","author","Hofbauer cells","author",-0.245604023868604,-0.269773709542891,-0.429711205283293,-0.0773869595979207,-0.710233269811921,-0.161207066936261,NA,NA,-0.0773869595979207,"Endothelial","N5",-0.0165967631851917,-0.00754757798981846,-0.0909471657557659,0.283812955691513,2.81461224018088,1395.27410601003,338.733734082806,"bbox_scaled_and_y_flipped"
"W8-2_ACAGGATCATAGCTTG","W8-2",4983,1897,"W8-2","2366.23218604651","3273.36413953488","FIB1","FIB1","Slide-tags (SCP2601)",5567,1881,"Fibroblast1",0,0,0,0,0,0,0,0,0,1,0,0,0,0,0,0,0,1,"10.466782919424","-11.7971123762004",8,2366.23218604651,3273.36413953488,"FIB1","LogNormalize","FIB1","author","FIB1","author",0.429563082773811,-0.206189613642446,-0.374629276887671,-0.0464159427013463,0.200050316618272,-0.100206360364587,NA,NA,0.429563082773811,"EVT","N5",-0.134101789784516,-0.0498270564838319,-0.0834318782996741,-0.177682617084757,-1.26362213911582,1137.71282176889,1397.99307144047,"bbox_scaled_and_y_flipped"
"W8-2_ACCAAGCGTGAGAAAC","W8-2",1157,612,"W8-2","2505.068","3569.262","STB","STB","Slide-tags (SCP2601)",4682,1311,"STB",0,0.142484978540615,0,0,0,0.839941296401055,0,0.0175737250583301,0,0,0,0,0,0,0,0,0,0.839941296401055,"4.21795498515885","1.80946454335529",8,2505.068,3569.262,"STB","LogNormalize","STB","author","STB","author",-0.165957960276663,0.267081212252135,1.34048713049398,-0.0100400268678303,-0.179326662810016,-0.0405503738263459,NA,NA,1.34048713049398,"STB","N5",-0.16704273663433,-0.0318886536631874,-0.0213795214221711,-0.178846227464919,-1.60438417090909,1212.90267584184,1223.71415367349,"bbox_scaled_and_y_flipped"
"W8-2_ACCAAGTTCTGTGCAG","W8-2",11482,3996,"W8-2","882.734452777778","4381.54415277778","FIB2","FIB2","Slide-tags (SCP2601)",6923,3564,"Fibroblast2",0.909138918723547,0,0,0,0,0,0,0,0,0,0,0,0,0,0,0.0908610812764528,0,0.909138918723547,"11.9691966691188","-4.24857679079693",8,882.734452777778,4381.54415277778,"FIB2","LogNormalize","FIB2","author","FIB2","author",0.141743529576679,-0.325781492139225,-0.601602724865993,-0.110518204571912,1.23289521361307,-0.0773776985760862,NA,NA,1.23289521361307,"Fibroblast","N3",0.040840140026182,-0.0302518318889999,-0.137540020824745,-0.345450276113528,-0.682011361277727,334.289159633719,745.293477413686,"bbox_scaled_and_y_flipped"
"W8-2_ACCAATATCGCTCACT","W8-2",3035,1482,"W8-2","2153.24759322034","2914.05111864407","FIB1","FIB1","Slide-tags (SCP2601)",5367,1474,"Fibroblast1",0.0437535763362047,0,0,0,0,0,0,0,0,0.956246423663796,0,0,0,0,0,0,0,0.956246423663796,"10.9048789658717","-10.8471983976237",8,2153.24759322034,2914.05111864407,"FIB1","LogNormalize","FIB1","author","FIB1","author",-0.14415485917144,0.0612370142385059,-0.215270946965323,-0.0679075722840557,0.928890210233905,-0.0931408333759147,NA,NA,0.928890210233905,"Fibroblast","N3",-0.167174457567007,-0.048102015626641,-0.078943905675072,-0.223696622233985,-1.73622040505012,1022.3659238874,1609.62246383285,"bbox_scaled_and_y_flipped"
"W8-2_ACCACACCAGGCTTGT","W8-2",2418,1252,"W8-2","5601.38462962963","1442.64925185185","FIB2","FIB2","Slide-tags (SCP2601)",4914,1294,"Fibroblast2",1,0,0,0,0,0,0,0,0,0,0,0,0,0,0,0,0,1,"8.98028027202409","-6.80609217356366",8,5601.38462962963,1442.64925185185,"FIB2","LogNormalize","FIB2","author","FIB2","author",0.185995867217115,-0.163738946744628,0.00882196832791893,-0.0680151369598513,2.84683745970306,0.0668041692390894,NA,NA,2.84683745970306,"Fibroblast","N5",0.11197475541685,-0.045680505535404,-0.06147779964882,-0.175689500514229,0.0749030157556659,2889.78696755275,2476.25368766727,"bbox_scaled_and_y_flipped"
"W8-2_ACCAGGACAGCATGGA","W8-2",6827,2787,"W8-2","3610.28278571429","3663.31207142857","Hofbauer cells","Hofbauer cells","Slide-tags (SCP2601)",6472,2754,"myeloid_unknown",0,0,0,0,0,0,0,0,0,0,0,0,0.446634969236515,0,0,0,0.553365030763485,0.553365030763485,"-0.599282898647374","13.5149393968709",8,3610.28278571429,3663.31207142857,"Hofbauer cells","LogNormalize","Hofbauer cells","author","Hofbauer cells","author",-0.244025889352107,-0.296659267826863,-0.66315317485742,0.196759902442326,-0.496121865871853,0.154242751020004,NA,NA,0.196759902442326,"Endothelial","N4",-0.0970255460902876,0.00779010966105061,0.0526746716690366,0.210586691215503,1.22508277296632,1811.45816444916,1168.320226057,"bbox_scaled_and_y_flipped"
"W8-2_ACCAGGCTCATTGCAA","W8-2",16315,4929,"W8-2","4656.511225","5148.812275","EVT","EVT","Slide-tags (SCP2601)",6162,2948,"EVT3",0,0.0156305207149501,0.440323022824887,0.544046456460162,0,0,0,0,0,0,0,0,0,0,0,0,0,0.544046456460162,"-3.56037748668868","5.0498619966634",8,4656.511225,5148.812275,"EVT","LogNormalize","EVT","author","EVT","author",0.0268168263199428,0.0851314297607544,-0.517530037421884,-0.0757236207368805,-0.710619430225519,-0.131301117462785,NA,NA,0.0851314297607544,"vCTB","N5",-0.0333891984500873,0.0450182036004015,-0.116582317429865,0.0225172810284363,1.99737767419665,2378.06818701306,293.38531637526,"bbox_scaled_and_y_flipped"
"W8-2_ACCAGGCTCGGCTAGC","W8-2",1580,1041,"W8-2","2368.16413953488","1919.85755813953","vCTB","vCTB","Slide-tags (SCP2601)",4679,1353,"vCTB2",0,0,0,0,0,0,0.00487644998243584,0.824799203839301,0,0,0.0656742746132714,0,0,0.104650071564992,0,0,0,0.824799203839301,"-8.55133975361068","3.67760810185749",8,2368.16413953488,1919.85755813953,"vCTB","LogNormalize","vCTB","author","vCTB","author",0.0918985885438586,0.0888698452001372,0.200983494548302,-0.0235944849843253,-0.408334788542727,-0.0901138743610928,NA,NA,0.200983494548302,"STB","N8",-0.0692392256574852,-0.0271550999617487,-0.0462188460595819,-0.267971990929139,-1.36748755020757,1138.75911736604,2195.18593327897,"bbox_scaled_and_y_flipped"
"W8-2_ACCAGGGAGGCCTAAT","W8-2",1241,686,"W8-2","2863.69266666667","5067.9885","FIB2","FIB2","Slide-tags (SCP2601)",4576,1309,"Fibroblast2",0.974767338309847,0,0,0,0,0,0,0,0.0234216305006688,0.0018110311894849,0,0,0,0,0,0,0,0.974767338309847,"10.3652871766261","-4.92983761500042",8,2863.69266666667,5067.9885,"FIB2","LogNormalize","FIB2","author","FIB2","author",0.105690880968009,-0.174640088788375,-0.08922270103806,-0.0150600403017455,1.0381475077839,-0.0589904369744906,NA,NA,1.0381475077839,"Fibroblast","N5",-0.152036629566037,-0.0200629496179494,-0.0437683995826858,0.034443037227911,0.0699909732981989,1407.12443740159,340.9891754052,"bbox_scaled_and_y_flipped"
"W8-2_ACCATTAAGACTTACA","W8-2",220,192,"W8-2","2483.99907692308","2898.01764102564","STB","STB","Slide-tags (SCP2601)",4320,2421,"STB",0,0.0869443101297111,0,0,0,0.515811127625981,0.231363449661907,0.148318591418026,0.0175625211643751,0,0,0,0,0,0,0,0,0.515811127625981,"-2.75371516559798","-8.83492842386883",8,2483.99907692308,2898.01764102564,"STB","LogNormalize","STB","author","STB","author",-0.101486181549856,-0.00616061123370237,0.699896541673377,-0.00502001343391515,-0.241906146704302,-0.043532389186053,NA,NA,0.699896541673377,"STB","N3",-0.0669578060434247,-0.00917320642800759,0.0923378547640654,-0.0967206807413627,-0.936698488269284,1201.49229687321,1619.0659154448,"bbox_scaled_and_y_flipped"
"W8-2_ACCCGCTGTAGCCATA","W8-2",5071,2088,"W8-2","1343.35211621622","1972.43237837838","STB","STB","Slide-tags (SCP2601)",5589,2069,"STB",0,0.138616410871558,0,0,0,0.861383589128442,0,0,0,0,0,0,0,0,0,0,0,0.861383589128442,"4.8403419175319","3.74016103078205",8,1343.35211621622,1972.43237837838,"STB","LogNormalize","STB","author","STB","author",-0.212763712173267,-0.234620861760742,1.04580886869551,-0.0410845137526286,-0.536539585907508,-0.0915709844536778,NA,NA,1.04580886869551,"STB","N8",-0.032050630898708,-0.0381292268670209,0.329131736854218,-0.121950845207274,-2.74568025972528,583.747666852632,2164.22023870241,"bbox_scaled_and_y_flipped"
"W8-2_ACCGAAGCACTAAGTT","W8-2",12065,3838,"W8-2","5068.463","1020.18899166667","Hofbauer cells","Hofbauer cells","Slide-tags (SCP2601)",6842,3319,"myeloid_unknown",0,0,0,0,0,0,0,0,0,0,0,0,0.434271129035776,0,0,0,0.565728870964223,0.565728870964223,"-0.0913931622036157","15.0757084779866",8,5068.463,1020.18899166667,"Hofbauer cells","LogNormalize","Hofbauer cells","author","Hofbauer cells","author",-0.140556898319788,-0.247899451453637,-0.48790308110752,-0.104443404005907,-0.668426723963352,0.0600950785780735,NA,NA,0.0600950785780735,"Macrophage","N5",0.0475323540050945,-0.0302184057454605,0.0548493082331354,0.37586801273897,2.53151622545556,2601.17051893528,2725.07575359536,"bbox_scaled_and_y_flipped"
"W8-2_ACCGGCTAGTTTGGGT","W8-2",6365,2845,"W8-2","5603.64546666667","1303.16388","FIB2","FIB2","Slide-tags (SCP2601)",6273,2816,"Fibroblast2",0.990595188239172,0,0,0,0,0,0,0,0.00940481176082854,0,0,0,0,0,0,0,0,0.990595188239172,"11.6852716126613","-6.36800137232464",8,5603.64546666667,1303.16388,"FIB2","LogNormalize","FIB2","author","FIB2","author",0.201212881901977,-0.278456787499987,-0.458649409602493,-0.0904404306612615,1.09533636513909,-0.145770719177933,NA,NA,1.09533636513909,"Fibroblast","N5",0.124580775608292,-0.0688998701218218,-0.130775662073092,-0.3356993919241,-0.702297593477443,2891.01137789801,2558.4082514497,"bbox_scaled_and_y_flipped"
"W8-2_ACCTGTTGTTAGTGAT","W8-2",13510,3373,"W8-2","1461.92544259259","1607.61904537037","STB","STB","Slide-tags (SCP2601)",6349,2384,"STB",0,0.0493056913542197,0,0,0,0.95069430864578,0,0,0,0,0,0,0,0,0,0,0,0.95069430864578,"4.57470881130021","4.61956080724079",8,1461.92544259259,1607.61904537037,"STB","LogNormalize","STB","author","STB","author",-0.210075254781598,-0.220121221836357,1.47811357973243,-0.0674522175808762,-0.651374761174632,-0.106110214637033,NA,NA,1.47811357973243,"STB","N8",-0.102872669222179,0.0239347549723477,0.454294376182646,-0.115090177775588,-3.05656235016276,647.963886380617,2379.0892234381,"bbox_scaled_and_y_flipped"
"W8-2_ACGAGTAAGTAGCGGG","W8-2",559,484,"W8-2","4721.247625","3139.903375","vCTB","vCTB","Slide-tags (SCP2601)",4372,1903,"vCTB2",0,0,0,0,0,0,0.240939866713487,0.612130366502754,0,0,0.112560291918578,0,0,0.0343694748651801,0,0,0,0.612130366502754,"-4.16821111057479","-5.60121193598431",8,4721.247625,3139.903375,"vCTB","LogNormalize","vCTB","author","vCTB","author",-0.0542247182334834,-0.0775339891544027,0.17236855526918,-0.0172794590667315,-0.0470473381867396,-0.0264498550986175,NA,NA,0.17236855526918,"STB","N5",-0.196091892051048,-0.0123961456718679,-0.0338486858385405,-0.0787111942234688,-0.826345520344904,2413.12773202959,1476.59924172819,"bbox_scaled_and_y_flipped"
"W8-2_ACGCAAGCATTTAAGC","W8-2",4602,2093,"W8-2","2522.604","3633.298","Endothelial","Endothelial","Slide-tags (SCP2601)",5451,2067,"Endothelial_cells",0,0,0,0,1,0,0,0,0,0,0,0,0,0,0,0,0,1,"10.4587138810329","4.53068312932331",8,2522.604,3633.298,"Endothelial","LogNormalize","Endothelial","author","Endothelial","author",-0.207261884680063,-0.205185148500387,-0.519309890388279,1.03354279614536,-0.594720566563804,-0.112251589764034,NA,NA,1.03354279614536,"Endothelial","N5",-0.197596970060573,-0.0442731714696568,-0.0620518685366387,-0.0601285516490131,-0.973270114431287,1222.39971585967,1185.99801486605,"bbox_scaled_and_y_flipped"
"W8-2_ACGCTTGAGCCTGTTC","W8-2",13226,3551,"W8-2","3383.23005929919","2928.67657142857","STB","STB","Slide-tags (SCP2601)",6362,2584,"STB",0,0.0457880777371515,0,0,0,0.954211922262849,0,0,0,0,0,0,0,0,0,0,0,0.954211922262849,"3.74384199764054","3.71265754033405",8,3383.23005929919,2928.67657142857,"STB","LogNormalize","STB","author","STB","author",-0.211798778161124,-0.0771639641431711,2.3073010999462,0.0490081268812491,-0.67211814708972,-0.12737897657347,NA,NA,2.3073010999462,"STB","N5",-0.126291983399478,0.0621497673387859,-0.076302043274663,0.115204402690102,2.00636249132534,1688.49233250801,1601.00831542661,"bbox_scaled_and_y_flipped"
"W8-2_ACGGGAAGTATTGCAG","W8-2",3731,1769,"W8-2","2172.42081081081","2004.72008108108","FIB1","FIB1","Slide-tags (SCP2601)",5366,1758,"Fibroblast1",0.00666691676214674,0,0,0,0,0,0,0,0.0446833244216225,0.948649758816231,0,0,0,0,0,0,0,0.948649758816231,"10.6398585953883","-12.0187615461222",8,2172.42081081081,2004.72008108108,"FIB1","LogNormalize","FIB1","author","FIB1","author",0.302446448156789,-0.19377233988134,-0.507873756008318,-0.0671773777594798,0.273812175303958,-0.108952162137533,NA,NA,0.302446448156789,"EVT","N5",-0.126560602709617,0.0158033754418757,-0.0622315811948824,-0.27468951524226,-1.0627901981583,1032.74963823087,2145.20331889311,"bbox_scaled_and_y_flipped"
"W8-2_ACGGTACGTCTAGCTT","W8-2",10526,3319,"W8-2","1082.1568","2589.602","STB","STB","Slide-tags (SCP2601)",6809,3194,"STB",0,0.103290040989882,0,0,0,0.896709959010118,0,0,0,0,0,0,0,0,0,0,0,0.896709959010118,"4.84644924785417","3.05496749211628",8,1082.1568,2589.602,"STB","LogNormalize","STB","author","STB","author",-0.293252675850214,-0.298291569678244,1.23156547047117,-0.0702528122498053,-0.749531737964638,-0.160216293056908,NA,NA,1.23156547047117,"STB","N3",-0.158865807688356,0.0673661120080272,0.487794361691819,-0.135175434849758,-3.12607299174916,442.291099187641,1800.7175977377,"bbox_scaled_and_y_flipped"
"W8-2_ACGTCAAGTCACAGCG","W8-2",1260,759,"W8-2","2902.58482051282","4707.19348717949","EVT-progenitor","EVT-progenitor","Slide-tags (SCP2601)",4539,1401,"EVT2",0,0.0404641207149789,0.926632535856555,0,0,0,0.0329033434284657,0,0,0,0,0,0,0,0,0,0,0.926632535856555,"-3.70750368450362","2.09038981725055",8,2902.58482051282,4707.19348717949,"EVT-progenitor","LogNormalize","EVT-progenitor","author","EVT-progenitor","author",0.517746006509053,1.04457962548241,0.768951807502376,-0.0236997698351112,-0.307449281765841,-0.0874148115751532,NA,NA,1.04457962548241,"vCTB","N5",-0.181531077984642,0.116357143633995,-0.0451408530581166,-0.188415504337573,0.382519156311207,1428.18741307769,553.491436392305,"bbox_scaled_and_y_flipped"
"W8-2_ACTAAAGCATAAAGCA","W8-2",11356,2883,"W8-2","5103.88885714286","1391.65364571429","STB","STB","Slide-tags (SCP2601)",6656,2510,"STB",0,0.0381921293417811,0,0,0,0.961807870658219,0,0,0,0,0,0,0,0,0,0,0,0.961807870658219,"3.9179581322841","3.74334153462726",8,5103.88885714286,1391.65364571429,"STB","LogNormalize","STB","author","STB","author",-0.222160637182348,-0.239150320511193,1.54425620992448,-0.0592632831006705,-0.623673811560877,-0.134962591235266,NA,NA,1.54425620992448,"STB","N4",0.0826351568823618,0.0837627159949432,0.366075546330168,-0.14836260690596,-0.850696309563393,2620.356238766,2506.28925140725,"bbox_scaled_and_y_flipped"
"W8-2_ACTAATCCACCTGCCT","W8-2",13031,3779,"W8-2","4360.68329186603","5006.03298086124","STB","STB","Slide-tags (SCP2601)",6418,2796,"STB",0,0.18706105080112,0.0125608545421859,0.339386449751375,0,0.460991644905319,0,0,0,0,0,0,0,0,0,0,0,0.460991644905319,"3.37413894321244","2.2424295835622",8,4360.68329186603,5006.03298086124,"STB","LogNormalize","STB","author","STB","author",-0.0730166986671673,-0.22661864053153,0.313355244979651,0.0294380588863171,-0.642533117662509,-0.134324205076648,NA,NA,0.313355244979651,"STB","N5",0.0301375537764181,0.0533388505261178,0.239964881111712,-0.0411408792303004,-0.125627134582222,2217.85549772456,377.479945592665,"bbox_scaled_and_y_flipped"
"W8-2_ACTCGCTTCAGGCCTA","W8-2",7179,2244,"W8-2","1927.16564705882","4691.52105882353","STB","STB","Slide-tags (SCP2601)",6480,2234,"STB",0,0.0575795503881229,0,0,0,0.942420449611877,0,0,0,0,0,0,0,0,0,0,0,0.942420449611877,"4.35896479274552","4.07750520039875",8,1927.16564705882,4691.52105882353,"STB","LogNormalize","STB","author","STB","author",-0.23135636271566,-0.238981600874603,1.69532797222565,-0.0510994446204618,-0.600759904130756,-0.111715130570202,NA,NA,1.69532797222565,"STB","N3",-0.0322697473655368,0.0734947692026523,0.304124071319829,-0.219738739686584,-1.69290191245289,899.925841200176,562.722235994451,"bbox_scaled_and_y_flipped"
"W8-2_ACTGAAACAGGCTTGT","W8-2",3151,1649,"W8-2","2601.67354545455","1876.65081818182","Endothelial","Endothelial","Slide-tags (SCP2601)",5405,1636,"Endothelial_cells",0,0,0,0,1,0,0,0,0,0,0,0,0,0,0,0,0,1,"10.5793994584255","4.56044587422687",8,2601.67354545455,1876.65081818182,"Endothelial","LogNormalize","Endothelial","author","Endothelial","author",-0.20146811697839,-0.213613952730429,0.116685275506592,0.800088789052526,-0.145899622201891,-0.102144481956287,NA,NA,0.800088789052526,"Endothelial","N5",-0.188856809390478,-0.0487680486179059,-0.0472675993738706,0.14161563071337,0.146726278143076,1265.22171844708,2220.63398440118,"bbox_scaled_and_y_flipped"
"W8-2_ACTTAGGGTAAAGCGG","W8-2",8581,3320,"W8-2","3437.55053333333","3774.4796","FIB1","FIB1","Slide-tags (SCP2601)",6728,3283,"Fibroblast1",0,0,0,0,0,0,0,0,0,1,0,0,0,0,0,0,0,1,"10.5506395020656","-12.0091380185954",8,3437.55053333333,3774.4796,"FIB1","LogNormalize","FIB1","author","FIB1","author",0.462095835967432,-0.124563755218524,-0.632922573654607,-0.117240905658884,0.642258829977611,-0.153148954442106,NA,NA,0.642258829977611,"Fibroblast","N4",-0.248392928305395,-0.0301094708073162,-0.128513649138438,0.0498814765227065,0.00398027588812333,1717.91088381329,1102.84440091988,"bbox_scaled_and_y_flipped"
"W8-2_ACTTAGGGTGCCGCAA","W8-2",28435,6701,"W8-2","3322.20062721893","4226.36998816568","vCTB","vCTB","Slide-tags (SCP2601)",6096,3232,"EVT3",0,0.303864195383372,0,0.381938587768729,0,0.231187582029409,0.0378634002625496,0.0150160633200121,0,0,0.0278633320072377,0,0,0.00226683922869095,0,0,0,0.381938587768729,"-4.99575436924178","5.34469517995197",8,3322.20062721893,4226.36998816568,"vCTB","LogNormalize","vCTB","author","vCTB","author",0.0232552078848431,-0.136876759889868,-0.706136912017597,0.0599748398553965,-0.791545916308992,-0.123915241803502,NA,NA,0.0599748398553965,"Endothelial","N5",-0.0276076003886636,0.132555157145449,-0.0795963997554969,0.0018455914605735,2.84513968243976,1655.44038458767,836.688479160179,"bbox_scaled_and_y_flipped"
"W8-2_ACTTCGCTCAGGGCCT","W8-2",8533,3406,"W8-2","5228.93456013746","4517.6589347079","FIB2","FIB2","Slide-tags (SCP2601)",6678,3364,"Fibroblast2",0.932115978216037,0,0,0,0,0,0,0,0,0.0678840217839632,0,0,0,0,0,0,0,0.932115978216037,"11.5857261338405","-6.8817204542033",8,5228.93456013746,4517.6589347079,"FIB2","LogNormalize","FIB2","author","FIB2","author",-0.0333584893439159,-0.0215208955479351,-0.487099839273387,-0.0980481892375243,2.3645826061928,-0.0383469174278151,NA,NA,2.3645826061928,"Fibroblast","N7",0.079491473455851,0.036027256833531,-0.122435796233999,0.074428761853419,2.87350884038439,2688.07772858103,665.124135027829,"bbox_scaled_and_y_flipped"
"W8-2_ACTTCGCTCCTGTTCA","W8-2",14084,4082,"W8-2","1953.68798113208","2974.40703773585","vCTB","vCTB","Slide-tags (SCP2601)",6343,2854,"vCTB1",0,0,0,0,0,0,0,0.25868011199038,0,0,0.477259170312971,0,0,0.264060717696649,0,0,0,0.477259170312971,"-8.59596026752669","5.72235020924884",8,1953.68798113208,2974.40703773585,"vCTB","LogNormalize","vCTB","author","vCTB","author",-0.277939138250357,-0.111981483898244,-0.513781367492088,-0.0773869595979207,-0.761146446621627,-0.126718471567534,NA,NA,-0.0773869595979207,"Endothelial","N3",-0.208558199826009,0.00404243715013684,0.0674272449488519,-0.374889188944335,-3.10001054954339,914.289645263806,1574.07383146487,"bbox_scaled_and_y_flipped"
"W8-2_ACTTGAATCAAGTGTC","W8-2",511,422,"W8-2","3702.12991566265","2702.40019277108","Hofbauer cells","Hofbauer cells","Slide-tags (SCP2601)",4255,1994,"unknown2",0,0,0,0,0.00193514175762198,0.0413702004755417,0.0436514305931096,0,0.913043227173727,0,0,0,0,0,0,0,0,0.913043227173727,"-1.68731654499251","12.5846014909871",8,3702.12991566265,2702.40019277108,"Hofbauer cells","LogNormalize","Hofbauer cells","author","Hofbauer cells","author",-0.0533873096574569,-0.0868104196170211,-0.0688256560177311,-0.00863972953336577,-0.300013771981857,-0.0225003094845625,NA,NA,-0.00863972953336577,"Endothelial","N8",0.00285590160353363,0.133111733056191,-0.0300544458687688,-0.15493710717276,1.76995739923522,1861.20017338174,1734.28133851192,"bbox_scaled_and_y_flipped"
"W8-2_ACTTGAATCCGGCTAA","W8-2",13836,4860,"W8-2","5399.45788235294","2319.37317647059","vCTB","vCTB","Slide-tags (SCP2601)",6551,3585,"vCTBp",0,0.199894302453869,0.0882257093237609,0.199360107213698,0,0,0.343456802023011,0,0,0,0.169063078985661,0,0,0,0,0,0,0.343456802023011,"-4.99588979099471","4.96843537618",8,5399.45788235294,2319.37317647059,"vCTB","LogNormalize","vCTB","author","vCTB","author",-0.300616050508507,0.0767963859234127,-0.693191467976207,-0.129541191350473,-0.791124817586117,-0.183120242165622,NA,NA,0.0767963859234127,"vCTB","N3",0.00352424872369655,-0.0906803937382677,-0.0989251338488945,-0.303241509380641,-1.68657078015888,2780.42871027883,1959.87787973543,"bbox_scaled_and_y_flipped"
"W8-2_AGAAACCCACCTAAGC","W8-2",10082,3273,"W8-2","3641.8605","3471.50923684211","Hofbauer cells","Hofbauer cells","Slide-tags (SCP2601)",6790,3193,"myeloid_unknown",0,0,0,0,0,0,0,0,0,0,0,0,0.436771297940284,0,0,0,0.563228702059715,0.563228702059715,"-0.397488095504826","13.6982022218831",8,3641.8605,3471.50923684211,"Hofbauer cells","LogNormalize","Hofbauer cells","author","Hofbauer cells","author",-0.265683998211661,-0.176925985007775,-0.524137793115007,-0.0885642422736399,-0.699448767388856,-0.0576714123582168,NA,NA,-0.0576714123582168,"Macrophage","N4",-0.106384465814279,-0.0133294573984681,0.183249009752376,0.29402912566429,0.584721558878004,1828.5598305214,1281.28890512694,"bbox_scaled_and_y_flipped"
"W8-2_AGAAACTAGCTCAAAC","W8-2",2664,1452,"W8-2","2508.91602298851","4412.76273563218","FIB1","FIB1","Slide-tags (SCP2601)",5041,1448,"Fibroblast1",0.170178344453103,0,0,0,0,0,0,0,0,0.829821655546897,0,0,0,0,0,0,0,0.829821655546897,"10.8287585892848","-11.2563761777751",8,2508.91602298851,4412.76273563218,"FIB1","LogNormalize","FIB1","author","FIB1","author",0.212540879658179,-0.157631779683799,-0.182298041745999,-0.0553528084488594,0.964320135470759,-0.12445905169367,NA,NA,0.964320135470759,"Fibroblast","N3",0.12324866127743,0.153874543131417,-0.0654460623725711,-0.227509473890874,2.51587212441093,1214.98666468259,726.906251410999,"bbox_scaled_and_y_flipped"
"W8-2_AGAAAGGCATCAATCG","W8-2",17589,5183,"W8-2","3191.92271875","5232.740375","vCTB","vCTB","Slide-tags (SCP2601)",5849,2839,"vCTB1",0,0,0,0,0,0,0,0.0981659789165482,0,0,0.798615821574556,0,0,0.103218199508896,0,0,0,0.798615821574556,"-7.44872439716536","5.0422011308797",8,3191.92271875,5232.740375,"vCTB","LogNormalize","vCTB","author","vCTB","author",-0.175460923875849,0.114924907875485,-0.152233647288205,-0.0391030405142211,-0.858334699888792,-0.127181016279283,NA,NA,0.114924907875485,"vCTB","N5",-0.206423809328077,0.118231002348703,-0.082158267446421,-0.114113508423798,0.944818561089801,1584.88526881624,243.953061558521,"bbox_scaled_and_y_flipped"
"W8-2_AGAATCTGTTCGCTTG","W8-2",930,663,"W8-2","5123.81122077922","4813.87597402597","EVT","EVT","Slide-tags (SCP2601)",4480,1562,"EVT2",0,0.0152195670392671,0.750674116825225,0.20401498280793,0,0,0,0,0.030091333327578,0,0,0,0,0,0,0,0,0.750674116825225,"-2.95765484188277","4.84319266606647",8,5123.81122077922,4813.87597402597,"EVT","LogNormalize","EVT","author","EVT","author",0.105537759393592,-0.185576422003415,0.374160539680403,-0.0265003645040403,-0.186436583112115,-0.0368343310842028,NA,NA,0.374160539680403,"STB","N7",-0.180422502850416,0.220957945725382,-0.0227701841869207,-0.223582164213223,1.43438701620825,2631.1456710598,490.657226225763,"bbox_scaled_and_y_flipped"
"W8-2_AGACTATGTTGTGACA","W8-2",911,640,"W8-2","3862.5973874092","3604.9719031477","STB","STB","Slide-tags (SCP2601)",4552,1576,"STB",0,0.184092713924211,0,0,0,0.815907286075789,0,0,0,0,0,0,0,0,0,0,0,0.815907286075789,"3.06908833171647","2.54906734753925",8,3862.5973874092,3604.9719031477,"STB","LogNormalize","STB","author","STB","author",-0.160562180851087,-0.187151063372115,1.1938824275018,-0.0275574314611404,0.0713590810723381,-0.0334514366461707,NA,NA,1.1938824275018,"STB","N5",-0.166692266892755,-0.0131143462493631,-0.0253521525495518,-0.215792422294789,-1.5506914712239,1948.10516886166,1202.68161472791,"bbox_scaled_and_y_flipped"
"W8-2_AGAGAAGCAAGCTACC","W8-2",14998,2798,"W8-2","1167.37706666667","1543.01000333333","STB","STB","Slide-tags (SCP2601)",6310,1802,"STB",0,0,0,0,0,1,0,0,0,0,0,0,0,0,0,0,0,1,"3.57741009380143","2.66295227338154",8,1167.37706666667,1543.01000333333,"STB","LogNormalize","STB","author","STB","author",-0.160286350875018,-0.207228802847287,1.44762731511911,0.351536197493865,-0.592488174385162,-0.0621608140254622,NA,NA,1.44762731511911,"STB","N8",-0.181145470452485,0.036568174618986,0.460170933503996,-0.0915534619201464,-3.22934549179727,488.444171887395,2417.14287447321,"bbox_scaled_and_y_flipped"
"W8-2_AGAGAGGAGCTATTAG","W8-2",467,369,"W8-2","1163.66125606061","4015.95121212121","STB","STB","Slide-tags (SCP2601)",4474,1993,"STB",0,0.180890358552225,0,0,0,0.819109641447775,0,0,0,0,0,0,0,0,0,0,0,0.819109641447775,"3.74221526767533","0.542801170838658",8,1163.66125606061,4015.95121212121,"STB","LogNormalize","STB","author","STB","author",-0.0681998407779844,0.172408920553,0.730209928906185,-0.0248621216429972,-0.307265676637987,-0.0270757070902863,NA,NA,0.730209928906185,"STB","N3",-0.045014768557065,-0.00960519505782904,0.329975650163208,-0.0690750812330695,-2.12380554864345,486.431785823047,960.62163808617,"bbox_scaled_and_y_flipped"
"W8-2_AGAGGAACACCTCACC","W8-2",4448,1608,"W8-2","2432.02211428571","2773.68088571429","STB","STB","Slide-tags (SCP2601)",5559,1599,"STB",0,0.0320068743066962,0,0,0,0.967993125693304,0,0,0,0,0,0,0,0,0,0,0,0.967993125693304,"4.93097101833146","2.97404560376484",8,2432.02211428571,2773.68088571429,"STB","LogNormalize","STB","author","STB","author",-0.0327514803120384,-0.0575464064572843,1.34814300507849,0.105603475988783,-0.544473171605404,-0.0538576643559924,NA,NA,1.34814300507849,"STB","N3",-0.0365605587312232,0.0950251293210138,0.497442067020689,0.0690292689994055,-0.880334596126361,1173.34293018913,1692.29819607115,"bbox_scaled_and_y_flipped"
"W8-2_AGCAACAAGCAGGTGG","W8-2",808,588,"W8-2","1416.97667887324","1436.34265352113","STB","STB","Slide-tags (SCP2601)",4610,1642,"STB",0,0.190251757639457,0,0,0,0.809748242360543,0,0,0,0,0,0,0,0,0,0,0,0.809748242360543,"4.29409014369767","1.59790477086384",8,1416.97667887324,1436.34265352113,"STB","LogNormalize","STB","author","STB","author",-0.191812253341912,-0.181625074269059,1.8087493035626,-0.00840178400678722,-0.161757643751695,-0.0554256472436583,NA,NA,1.8087493035626,"STB","N8",-0.184520445581821,0.129877376054979,-0.0154373709903969,-0.235962009746276,0.0738122387471428,623.620808837601,2479.96816917836,"bbox_scaled_and_y_flipped"
"W8-2_AGCAAGGGTCGTTATC","W8-2",9560,3777,"W8-2","4987.46888135593","5103.95708474576","EVT","EVT","Slide-tags (SCP2601)",6805,3726,"myeloid_unknown",0,0,0,0,0,0,0,0,0,0,0,0,0.448088569987457,0,0,0,0.551911430012543,0.551911430012543,"-0.98355520580489","15.0687809877523",8,4987.46888135593,5103.95708474576,"EVT","LogNormalize","EVT","author","EVT","author",0.387042934470685,-0.0367877528222971,-0.434872605186357,-0.113293703240844,-0.532996292705401,-0.215826360924962,NA,NA,0.387042934470685,"EVT","N7",0.0595426189877758,0.218556909941813,-0.100730613245886,-0.144287061446808,3.73848899183457,2557.30621772799,319.804277301349,"bbox_scaled_and_y_flipped"
"W8-2_AGCAATTGTACGATTG","W8-2",9971,3490,"W8-2","2964.93713142857","5328.95995428571","Hofbauer cells","Hofbauer cells","Slide-tags (SCP2601)",6817,3404,"myeloid_unknown",0,0,0,0,0,0,0,0,0,0,0,0,0.496328686560908,0,0,0,0.503671313439092,0.503671313439092,"-0.378579326612538","14.1895686082967",8,2964.93713142857,5328.95995428571,"Hofbauer cells","LogNormalize","Hofbauer cells","author","Hofbauer cells","author",-0.292377317716905,-0.309524194758074,-0.560734542736949,-0.0834366641639292,-0.772419547124885,0.059547602100564,NA,NA,0.059547602100564,"Macrophage","N5",0.000396230195529812,-0.018739479486198,0.0392602721872257,0.267748911627809,1.85722731465192,1461.95579765631,187.281329902371,"bbox_scaled_and_y_flipped"
"W8-2_AGCACTAGTAAAGCGG","W8-2",4432,1943,"W8-2","1330.55304594595","1973.29654054054","STB","STB","Slide-tags (SCP2601)",5519,1926,"STB",0,0.130794420292227,0,0,0,0.869205579707772,0,0,0,0,0,0,0,0,0,0,0,0.869205579707772,"4.47297560359758","4.26353558827716",8,1330.55304594595,1973.29654054054,"STB","LogNormalize","STB","author","STB","author",-0.20018230930636,-0.255524977124353,1.66835086984184,0.0855234222531226,-0.648578939966103,-0.0876488435643623,NA,NA,1.66835086984184,"STB","N8",-0.198780334721635,0.239631510573878,0.30572014117629,-0.212267709363142,-0.390505746440434,576.816024371583,2163.71126156361,"bbox_scaled_and_y_flipped"
"W8-2_AGCACTTAGCAACAAG","W8-2",807,572,"W8-2","4836.19455696203","4865.42412658228","FIB2","FIB2","Slide-tags (SCP2601)",4390,1718,"Fibroblast2",1,0,0,0,0,0,0,0,0,0,0,0,0,0,0,0,0,1,"8.82002960826676","-6.64547291468304",8,4836.19455696203,4865.42412658228,"FIB2","LogNormalize","FIB2","author","FIB2","author",-0.185437495120048,-0.217584509033744,0.0326083264182169,-0.0311520515605939,2.42988479799385,-0.0437226865777975,NA,NA,2.42988479799385,"Fibroblast","N7",0.172096894720537,-0.0147842296195655,-0.0390634311052381,-0.201995204713879,0.533086718583943,2475.37999096944,460.296221836344,"bbox_scaled_and_y_flipped"
"W8-2_AGCACTTAGCTCGCTT","W8-2",12754,4785,"W8-2","2346.93884722222","4383.47561111111","vCTB","vCTB","Slide-tags (SCP2601)",6747,3888,"vCTBp",0,0,0,0,0,0,0.621630937886797,0,0.0210229128652645,0,0.357346149247939,0,0,0,0,0,0,0.621630937886797,"-6.47303927753646","5.15185889531452",8,2346.93884722222,4383.47561111111,"vCTB","LogNormalize","vCTB","author","vCTB","author",-0.0872850496627472,0.178193647314837,-0.668559077017781,0.00803117780441595,-0.755593712499086,-0.224214742292535,NA,NA,0.178193647314837,"vCTB","N8",-0.250726308425178,-0.110336209839987,-0.103765870106195,-0.289303221759721,-3.28870333432646,1127.26405289961,744.155880583768,"bbox_scaled_and_y_flipped"
"W8-2_AGCACTTAGTAGCGCC","W8-2",7403,2857,"W8-2","4616.66511515152","2159.64704242424","Hofbauer cells","Hofbauer cells","Slide-tags (SCP2601)",6602,2825,"myeloid_unknown",0,0,0,0,0,0,0,0,0,0,0,0,0.470763679507003,0,0,0,0.529236320492997,0.529236320492997,"-0.889967866880482","14.4596529894002",8,4616.66511515152,2159.64704242424,"Hofbauer cells","LogNormalize","Hofbauer cells","author","Hofbauer cells","author",-0.253380452423137,-0.274571718590295,-0.479577550726675,0.048687712678872,-0.524533016763852,-0.0439852652200287,NA,NA,0.048687712678872,"Endothelial","N8",-0.0175677822061632,0.0624620817446598,0.0473988140365657,0.119095044973392,1.88845779281315,2356.4885736585,2053.95391575997,"bbox_scaled_and_y_flipped"
"W8-2_AGCCTAGTCTAATCCT","W8-2",25004,6172,"W8-2","5498.70797927461","2442.20478756477","vCTB","vCTB","Slide-tags (SCP2601)",6275,3401,"vCTBp",0,0.00804548246316646,0,0,0,0,0.498876562321921,0,0,0,0.493077955214912,0,0,0,0,0,0,0.498876562321921,"-5.63273824070174","5.5214343958028",8,5498.70797927461,2442.20478756477,"vCTB","LogNormalize","vCTB","author","vCTB","author",-0.18768082204642,-0.161801744067057,-0.738331293073607,-0.0955657289459626,-0.846372160368909,-0.196136921599543,NA,NA,-0.0955657289459626,"Endothelial","N5",-0.258050300881665,-0.070125099760242,-0.0999445280696669,-0.101138810346739,-1.67761017835487,2834.17997295206,1887.53210401599,"bbox_scaled_and_y_flipped"
"W8-2_AGCGCCTAGTGTTGTA","W8-2",6201,2611,"W8-2","3383.842","1453.47645454545","Hofbauer cells","Hofbauer cells","Slide-tags (SCP2601)",6160,2586,"Hofbauer cells",0,0,0,0,0,0,0,0,0,0,0,0,0.507586463457569,0,0,0,0.492413536542431,0.507586463457569,"-0.559257724029606","15.3914586000569",8,3383.842,1453.47645454545,"Hofbauer cells","LogNormalize","Hofbauer cells","author","Hofbauer cells","author",-0.238759590370832,-0.276620345869024,-0.475766528017822,-0.0664709004370098,-0.42002782610686,-0.142969033008796,NA,NA,-0.0664709004370098,"Endothelial","N5",-0.122347503908319,0.00850934747510817,-0.076694733990982,0.407656459336007,3.08592231093351,1688.82374362367,2469.87664538343,"bbox_scaled_and_y_flipped"
"W8-2_AGCGTGCTCATTGTTC","W8-2",1070,671,"W8-2","4939.74794","4688.02058","EVT-progenitor","EVT-progenitor","Slide-tags (SCP2601)",4458,1516,"EVT2",0,0,1,0,0,0,0,0,0,0,0,0,0,0,0,0,0,1,"-3.2973750910588","1.97863778401691",8,4939.74794,4688.02058,"EVT-progenitor","LogNormalize","EVT-progenitor","author","EVT-progenitor","author",0.440258300712164,1.5884962020278,0.10656981178831,-0.0418718203205883,-0.0521023881604463,-0.0742587544949667,NA,NA,1.5884962020278,"vCTB","N7",0.153442583919704,0.090993054353267,-0.0376013442689741,-0.18933328126619,1.90701492217706,2531.46180111386,564.783959793576,"bbox_scaled_and_y_flipped"
"W8-2_AGCTAGTTCAAACACC","W8-2",14673,4123,"W8-2","1713.2516","4688.71943333333","FIB2","FIB2","Slide-tags (SCP2601)",6384,2767,"Fibroblast2",0.990215754696358,0,0,0,0,0,0,0,0,0,0,0,0,0,0,0.00978424530364196,0,0.990215754696358,"12.6925243058376","-5.94172135065716",8,1713.2516,4688.71943333333,"FIB2","LogNormalize","FIB2","author","FIB2","author",0.0907521710038091,-0.267017765819515,-0.587504142145193,-0.076091947114242,0.505577381907082,-0.105010256918588,NA,NA,0.505577381907082,"Fibroblast","N3",-0.185022818820081,-0.0563736697052171,0.0396000702608166,-0.045486829706015,-1.60495535400097,784.075575159345,564.372346805165,"bbox_scaled_and_y_flipped"
"W8-2_AGCTAGTTCTAGCTAA","W8-2",20510,5183,"W8-2","4469.12834042553","3623.60195744681","vCTB","vCTB","Slide-tags (SCP2601)",6142,2975,"vCTB1",0,0,0,0,0,0,0,0.143200245845936,0,0,0.712198076400434,0,0,0.14460167775363,0,0,0,0.712198076400434,"-9.1956106505223","6.11639460851032",8,4469.12834042553,3623.60195744681,"vCTB","LogNormalize","vCTB","author","vCTB","author",-0.167042267163297,-0.188291613972388,-0.764507731661792,-0.0484292308023157,-0.856399784107718,-0.158716567115271,NA,NA,-0.0484292308023157,"Endothelial","N4",-0.270471649404656,-0.0505461335804673,0.129611067234069,-0.156468238620532,-3.24629093934588,2276.58650627294,1191.70882264322,"bbox_scaled_and_y_flipped"
"W8-2_AGCTATATCGATTTGA","W8-2",5830,2037,"W8-2","4823.70063636364","1874.61345454545","STB","STB","Slide-tags (SCP2601)",5886,2025,"STB",0,0,0,0,0,1,0,0,0,0,0,0,0,0,0,0,0,1,"3.56766950275224","2.82732042599994",8,4823.70063636364,1874.61345454545,"STB","LogNormalize","STB","author","STB","author",-0.204089120407795,-0.203774190162583,0.817936821103473,-0.0425264662127552,-0.62177266217522,-0.101931627183142,NA,NA,0.817936821103473,"STB","N8",-0.200053427557222,-0.0385018970031497,0.549398062018807,0.227248848565709,-2.96313745153172,2468.61360958815,2221.83395769293,"bbox_scaled_and_y_flipped"
"W8-2_AGCTATATCTGCAACG","W8-2",18356,4506,"W8-2","3020.46690647482","1749.05111510791","Hofbauer cells","Hofbauer cells","Slide-tags (SCP2601)",6187,2596,"myeloid_unknown",0,0,0,0,0,0,0,0,0,0,0,0,0.456217188992321,0,0,0,0.543782811007678,0.543782811007678,"-0.163024709267205","15.23965462972",8,3020.46690647482,1749.05111510791,"Hofbauer cells","LogNormalize","Hofbauer cells","author","Hofbauer cells","author",-0.25551217999737,-0.287290506855221,-0.666115310166041,-0.0616153625414492,-0.593609869677331,-0.0222577050586613,NA,NA,-0.0222577050586613,"Macrophage","N5",0.101020311167275,0.0106632142834853,-0.0843306469837602,0.219679020040814,3.30105822641984,1492.0292748344,2295.78808698291,"bbox_scaled_and_y_flipped"
"W8-2_AGCTCATAGTGAGCAA","W8-2",4182,1836,"W8-2","1441.31889444444","1618.49516666667","STB","STB","Slide-tags (SCP2601)",5437,1820,"STB",0,0.10666036671762,0,0,0,0.89333963328238,0,0,0,0,0,0,0,0,0,0,0,0.89333963328238,"5.02940451289933","3.76890000630695",8,1441.31889444444,1618.49516666667,"STB","LogNormalize","STB","author","STB","author",-0.0711756656978302,-0.0626309550259312,1.64177631558328,-0.0316256627887413,-0.625268343529956,-0.0770591589950623,NA,NA,1.64177631558328,"STB","N8",-0.044674237116691,0.0838334522459874,0.401739879300108,-0.123213241267278,-1.64675492056403,636.803917608253,2372.68336891099,"bbox_scaled_and_y_flipped"
"W8-2_AGCTTAATCAAGCCTG","W8-2",8748,3096,"W8-2","5100.69812648221","3222.88998418972","Hofbauer cells","Hofbauer cells","Slide-tags (SCP2601)",6639,3056,"Hofbauer cells",0,0,0,0,0,0,0,0,0,0,0,0,0.636045637997933,0,0,0,0.363954362002067,0.636045637997933,"-0.843696781141346","14.4843350343831",8,5100.69812648221,3222.88998418972,"Hofbauer cells","LogNormalize","Hofbauer cells","author","Hofbauer cells","author",-0.228449495387745,-0.274586744049237,-0.321158251180566,-0.0935040668567662,-0.653604739511007,0.0366845611228076,NA,NA,0.0366845611228076,"Macrophage","N5",-0.152269022207439,-0.00948313668746917,-0.0994282199005662,-0.0724658298411975,-0.092156813320628,2618.62822229871,1427.72150933769,"bbox_scaled_and_y_flipped"
"W8-2_AGCTTCCTCTAGCTAA","W8-2",819,503,"W8-2","1328.81333877551","3289.09395918367","STB","STB","Slide-tags (SCP2601)",4768,1570,"STB",0,0.122813678643884,0,0,0,0.877186321356116,0,0,0,0,0,0,0,0,0,0,0,0.877186321356116,"4.57670866634172","2.08453282643634",8,1328.81333877551,3289.09395918367,"STB","LogNormalize","STB","author","STB","author",-0.179423130740524,-0.21875779878913,1.95172202361713,-0.00805855362942278,-0.173732789050649,-0.0466720542896265,NA,NA,1.95172202361713,"STB","N8",-0.183899022644131,-0.0113229791643724,0.292028328420483,-0.236700184712971,-3.72073465381197,575.873844363773,1388.72846932151,"bbox_scaled_and_y_flipped"
"W8-2_AGCTTTAAGTAAGAAC","W8-2",892,574,"W8-2","2513.70587850467","2296.11607476635","STB","STB","Slide-tags (SCP2601)",4755,1540,"STB",0,0.208562772612224,0,0.067251315318052,0,0.724185912069724,0,0,0,0,0,0,0,0,0,0,0,0.724185912069724,"3.51024495746415","1.49938389588672",8,2513.70587850467,2296.11607476635,"STB","LogNormalize","STB","author","STB","author",-0.180896801435718,0.142732272953439,1.13946192793976,0.211901849630778,-0.15992444587758,-0.0415312491704347,NA,NA,1.13946192793976,"STB","N8",-0.18998388274703,-0.0170451055499293,0.304359475948125,-0.235094644377717,-3.8987464498669,1217.58072544426,1973.57592577415,"bbox_scaled_and_y_flipped"
"W8-2_AGGAACCAGATGGAGC","W8-2",7570,3260,"W8-2","5054.30214659686","3709.03597905759","FIB2","FIB2","Slide-tags (SCP2601)",6675,3221,"Fibroblast2",1,0,0,0,0,0,0,0,0,0,0,0,0,0,0,0,0,1,"11.3597301163844","-6.59498491953534",8,5054.30214659686,3709.03597905759,"FIB2","LogNormalize","FIB2","author","FIB2","author",0.251861519311993,-0.287789980091339,-0.37549267838092,-0.0958287704725382,1.83747960263011,0.232106742591401,NA,NA,1.83747960263011,"Fibroblast","N1",0.284465665470322,-0.0854544956767525,0.0987156445456871,-0.0146596282654375,0.511438419896394,2593.50137024367,1141.38960504765,"bbox_scaled_and_y_flipped"
"W8-2_AGGACGTAGAGCCGGA","W8-2",506,400,"W8-2","3481.49425531915","467.940561702128","STB","STB","Slide-tags (SCP2601)",4586,1941,"STB",0,0.0716875876849365,0,0,0,0.875455198453012,0.0112773218868525,0.0384005759209283,0.00317931605427126,0,0,0,0,0,0,0,0,0.875455198453012,"3.7769988694362","0.532069175732915",8,3481.49425531915,467.940561702128,"STB","LogNormalize","STB","author","STB","author",-0.0971533468223331,-0.102219828746494,0.879958823822417,-0.00922090543730876,-0.344347131622343,-0.0365460884287207,NA,NA,0.879958823822417,"STB","N8",-0.0751518525687265,-0.00900563146771903,-0.0241197802707042,-0.201426724507076,-0.892951022414631,1741.70965697886,3050.34089259113,"bbox_scaled_and_y_flipped"
"W8-2_AGGACGTAGGTGAGAC","W8-2",6193,2533,"W8-2","1499.48232689655","3103.86635862069","Hofbauer cells","Hofbauer cells","Slide-tags (SCP2601)",6136,2502,"Hofbauer cells",0,0,0,0,0,0,0,0,0,0,0,0,0.676638450301559,0,0,0,0.32336154969844,0.676638450301559,"-0.822444149000233","15.095934002889",8,1499.48232689655,3103.86635862069,"Hofbauer cells","LogNormalize","Hofbauer cells","author","Hofbauer cells","author",-0.223937365233027,-0.273941399329006,-0.283343966084991,-0.0683789036871934,-0.484078678998491,0.160955043775053,NA,NA,0.160955043775053,"Macrophage","N8",-0.0301454071761826,0.105115618862777,0.0655631667711673,0.477845198188829,4.44622987048522,668.303714915029,1497.8244449259,"bbox_scaled_and_y_flipped"
"W8-2_AGGACTAAGGTTAGAG","W8-2",4578,1942,"W8-2","2509.44098076923","1219.33009038462","STB","STB","Slide-tags (SCP2601)",5542,1928,"STB",0,0.108704117883012,0,0,0,0.891295882116988,0,0,0,0,0,0,0,0,0,0,0,0.891295882116988,"4.83604036952775","3.76287564565021",8,2509.44098076923,1219.33009038462,"STB","LogNormalize","STB","author","STB","author",-0.208202553204886,-0.235247935206817,1.08752554772567,0.180038241315458,-0.617034080140107,-0.0971236859348723,NA,NA,1.08752554772567,"STB","N3",-0.131929399754171,-0.0352457417237969,0.553742363898376,-0.213457770298435,-5.22595010587764,1215.27096811845,2607.78495901868,"bbox_scaled_and_y_flipped"
"W8-2_AGGATATAGTATTGCA","W8-2",13525,4549,"W8-2","3722.20033502538","5312.58352284264","vCTB","vCTB","Slide-tags (SCP2601)",6429,3393,"vCTBp",0,0.118820627054514,0,0.0124261969016263,0,0,0.437943661075234,0.0320739141353612,0,0,0.398735600833265,0,0,0,0,0,0,0.437943661075234,"-5.59116900776107","5.35481128026325",8,3722.20033502538,5312.58352284264,"vCTB","LogNormalize","vCTB","author","vCTB","author",-0.284696613430569,-0.135026092005582,-0.597744013343132,-0.1075872290522,-0.813483872731389,-0.188663196737318,NA,NA,-0.1075872290522,"Endothelial","N4",-0.136677510478574,-0.0143037655978315,-0.0948704827678128,-0.165210884129292,-0.657331895069953,1872.0697887936,196.926775612243,"bbox_scaled_and_y_flipped"
"W8-2_AGGATATAGTTATTCC","W8-2",13448,3230,"W8-2","267.326","1409.338","STB","STB","Slide-tags (SCP2601)",6371,2351,"STB",0,0.0874056358204776,0,0,0,0.912594364179522,0,0,0,0,0,0,0,0,0,0,0,0.912594364179522,"4.07751690532487","3.84550771046955",8,267.326,1409.338,"STB","LogNormalize","STB","author","STB","author",-0.23971842796902,-0.240387230408562,1.17853847441464,0.0494589219344091,-0.645997568711844,-0.129597426599989,NA,NA,1.17853847441464,"STB","N8",-0.0360490383276707,-0.0500776619716565,0.517973805358098,-0.133238483227054,-4.16804563435951,1,2495.87346089942,"bbox_scaled_and_y_flipped"
"W8-2_AGGATCCGTTACCTGT","W8-2",1363,695,"W8-2","4608.90307317073","1294.09094146341","STB","STB","Slide-tags (SCP2601)",4889,1144,"STB",0,0.0869076394925042,0,0,0,0.913092360507495,0,0,0,0,0,0,0,0,0,0,0,0.913092360507495,"4.15147530223649","2.02602371503193",8,4608.90307317073,1294.09094146341,"STB","LogNormalize","STB","author","STB","author",-0.164466749282812,-0.166028713803142,1.31191295029017,-0.00502001343391515,-0.343947228783668,-0.0253716241219067,NA,NA,1.31191295029017,"STB","N5",-0.0208064590764367,-0.008919173279264,-0.00554517744447956,-0.184294017840502,-0.592481455371401,2352.28485426345,2563.75206132598,"bbox_scaled_and_y_flipped"
"W8-2_AGGATTGAGTTACTTC","W8-2",3610,1556,"W8-2","2112.49180487805","1879.02949593496","STB","STB","Slide-tags (SCP2601)",5521,1541,"STB",0,0.0794292665069105,0,0,0,0.92057073349309,0,0,0,0,0,0,0,0,0,0,0,0.92057073349309,"4.60674797679704","3.01365074445087",8,2112.49180487805,1879.02949593496,"STB","LogNormalize","STB","author","STB","author",-0.190940536639887,-0.22200373967061,1.52352277254362,0.111572991704003,-0.600558633827378,-0.0721440188271393,NA,NA,1.52352277254362,"STB","N5",-0.171867883607535,0.0315911783976399,0.228711467518025,-0.2675143832975,-2.87248380694911,1000.29365239763,2219.23298277216,"bbox_scaled_and_y_flipped"
"W8-2_AGGCAATCAGCTAACC","W8-2",3755,1847,"W8-2","3583.68896296296","2752.05944444444","FIB2","FIB2","Slide-tags (SCP2601)",5401,1827,"Fibroblast2",0.97750644866507,0,0,0,0,0,0,0,0.0224935513349295,0,0,0,0,0,0,0,0,0.97750644866507,"11.641530386465","-4.71024409006756",8,3583.68896296296,2752.05944444444,"FIB2","LogNormalize","FIB2","author","FIB2","author",0.0291599319746406,-0.23804497927944,-0.317028276696196,-0.0615651705414551,0.783397017389266,-0.098065839338202,NA,NA,0.783397017389266,"Fibroblast","N8",-0.064437621660371,-0.0457037063919641,-0.0735987407295598,0.0206459001641117,0.329940753778767,1797.05564398291,1705.03286532205,"bbox_scaled_and_y_flipped"
"W8-2_AGGCGGATCCTGCGAA","W8-2",3199,1490,"W8-2","1099.67760232558","4186.30893023256","STB","STB","Slide-tags (SCP2601)",5589,1477,"STB",0,0.0889503946752737,0,0,0,0.911049605324727,0,0,0,0,0,0,0,0,0,0,0,0.911049605324727,"3.19095670367997","2.95083913136799",8,1099.67760232558,4186.30893023256,"STB","LogNormalize","STB","author","STB","author",0.0365992442100516,0.252966144075891,1.30519262430632,-0.0361653461319443,-0.578022895091605,-0.0783101811740427,NA,NA,1.30519262430632,"STB","N3",-0.153293573394488,0.0707595923092988,-0.0473966764161458,-0.276379210813846,-0.583817825209899,451.779908541564,860.283775896053,"bbox_scaled_and_y_flipped"
"W8-2_AGGCGGATCTCACACC","W8-2",4294,1697,"W8-2","2101.22936144578","3910.78942168675","STB","STB","Slide-tags (SCP2601)",5515,1691,"STB",0,0.0804524580555171,0,0,0,0.919547541944483,0,0,0,0,0,0,0,0,0,0,0,0.919547541944483,"4.27086865093034","3.2646451883443",8,2101.22936144578,3910.78942168675,"STB","LogNormalize","STB","author","STB","author",-0.175274562797338,-0.213314658993665,0.872231131849423,-0.0266056493548262,-0.592816594674411,-0.070440327964343,NA,NA,0.872231131849423,"STB","N5",-0.172807401067975,-0.0355580561296708,-0.0377471578105903,0.257868295430481,1.05994230687634,994.194206915494,1022.56018336172,"bbox_scaled_and_y_flipped"
"W8-2_AGGGCCTTCGCTTCTA","W8-2",9434,3268,"W8-2","2411.48912195122","4487.63048780488","FIB2","FIB2","Slide-tags (SCP2601)",6760,3236,"Fibroblast2",0.987743853893371,0,0,0,0,0,0,0,0,0,0,0,0,0,0,0.0122561461066293,0,0.987743853893371,"12.3246635117702","-6.22709313105267",8,2411.48912195122,4487.63048780488,"FIB2","LogNormalize","FIB2","author","FIB2","author",0.204567970502116,-0.161570512080961,-0.328021139064813,-0.077254298922128,0.752098766248312,-0.172350647222959,NA,NA,0.752098766248312,"Fibroblast","N7",-0.0693699940395843,-0.0690733343316573,-0.10242746599342,-0.0013252065726565,0.0353447342812361,1162.22279732609,682.810390752205,"bbox_scaled_and_y_flipped"
"W8-2_AGGGCCTTCGGGACTC","W8-2",8090,3736,"W8-2","3595.36571851852","5453.6137037037","vCTB","vCTB","Slide-tags (SCP2601)",6829,3703,"vCTB1",0,0,0,0,0,0,0.442875274232306,0,0,0,0.557124725767694,0,0,0,0,0,0,0.557124725767694,"-5.81119263981063","4.00063094426471",8,3595.36571851852,5453.6137037037,"vCTB","LogNormalize","vCTB","author","vCTB","author",-0.169528193137093,0.269051858495853,-0.353562881297225,-0.113083133539273,-0.782957303332395,-0.227651072337764,NA,NA,0.269051858495853,"vCTB","N4",-0.267370709935327,-0.097823501653858,0.0234085680032467,0.186078278307765,-1.12676241445952,1803.37947010001,113.862345020169,"bbox_scaled_and_y_flipped"
"W8-2_AGGGCTACATGAGTTT","W8-2",8938,2978,"W8-2","1889.18634939759","3024.16660240964","Hofbauer cells","Hofbauer cells","Slide-tags (SCP2601)",6633,2945,"myeloid_unknown",0,0,0,0,0,0,0,0,0,0,0,0,0.466676840254735,0,0,0,0.533323159745265,0.533323159745265,"-0.569941111547535","15.3540850572713",8,1889.18634939759,3024.16660240964,"Hofbauer cells","LogNormalize","Hofbauer cells","author","Hofbauer cells","author",-0.125040071388013,-0.15593063077704,-0.61232644200823,-0.0826449185584144,-0.677064495595429,-0.153308367813734,NA,NA,-0.0826449185584144,"Endothelial","N3",-0.255453756503057,0.0537583841620253,-0.123935231298096,0.334060654577104,2.77652979748119,879.357244613868,1544.76627558638,"bbox_scaled_and_y_flipped"
"W8-2_AGGTACGCATAACGGG","W8-2",9601,2674,"W8-2","1585.90546280193","4635.48448309179","STB","STB","Slide-tags (SCP2601)",6648,2637,"STB",0,0.0751940507841132,0,0,0,0.924805949215887,0,0,0,0,0,0,0,0,0,0,0,0.924805949215887,"3.75754987384599","3.82163104344684",8,1585.90546280193,4635.48448309179,"STB","LogNormalize","STB","author","STB","author",-0.243533990369239,-0.115316004135841,1.49098772590605,0.0907813812136163,-0.691806514627924,-0.142716747543954,NA,NA,1.49098772590605,"STB","N3",-0.0725536694306075,-0.0534078204455504,0.29636478742274,0.00730355524871984,-2.19535328969332,715.108230206949,595.726846972525,"bbox_scaled_and_y_flipped"
"W8-2_AGGTACGCATAGCTTG","W8-2",17091,4695,"W8-2","5019.64001986755","2382.06009933775","EVT","EVT","Slide-tags (SCP2601)",6026,2590,"EVT2",0,0.111461717398716,0.613593139542952,0.25540895216153,0,0,0,0,0.0195361908968023,0,0,0,0,0,0,0,0,0.613593139542952,"-2.36890042637069","4.56701478291828",8,5019.64001986755,2382.06009933775,"EVT","LogNormalize","EVT","author","EVT","author",0.739861736782163,0.100576996491027,-0.502074802498285,-0.056119458054377,-0.730141339145368,-0.121188862085579,NA,NA,0.739861736782163,"EVT","N7",0.0523693202889972,0.174315396992852,-0.0989002888088974,0.0109463290443221,4.03522576414642,2574.72926687625,1922.95632491831,"bbox_scaled_and_y_flipped"
"W8-2_AGGTACGCATTGTGCA","W8-2",11750,3959,"W8-2","4947.75762989324","5257.03395017794","EVT","EVT","Slide-tags (SCP2601)",6902,3437,"EVT3",0,0.0818098100710053,0.296650914336941,0.566005217945457,0,0,0,0,0.0555340576465969,0,0,0,0,0,0,0,0,0.566005217945457,"-2.96761453960616","5.0763283662923",8,4947.75762989324,5257.03395017794,"EVT","LogNormalize","EVT","author","EVT","author",0.530237398142874,0.0125270868126559,-0.6196217711033,-0.120189905062381,-0.679200150636391,-0.190148011486985,NA,NA,0.530237398142874,"EVT","N7",-0.0428461231408419,0.189757823946727,-0.11143848137631,-0.183642754530227,2.59633223293619,2535.7996401562,229.644549884773,"bbox_scaled_and_y_flipped"
"W8-2_AGGTACGCATTTGCTC","W8-2",9360,3438,"W8-2","2397.40038202247","3085.43276404494","vCTB","vCTB","Slide-tags (SCP2601)",6693,3403,"vCTB1",0,0,0,0,0,0,0,0.159710131422678,0,0,0.644607682523893,0,0,0.195682186053429,0,0,0,0.644607682523893,"-9.15984023426253","5.66984376241047",8,2397.40038202247,3085.43276404494,"vCTB","LogNormalize","vCTB","author","vCTB","author",-0.139455065287444,-0.17534929770976,-0.604549516964593,-0.0582313121435675,-0.837845290238775,-0.150392109521275,NA,NA,-0.0582313121435675,"Endothelial","N3",-0.10103979401589,-0.00366494384694639,0.185632110321031,-0.252435445599318,-2.57981885477253,1154.59270341049,1508.68152550149,"bbox_scaled_and_y_flipped"
"W8-2_AGGTCTTAGAACCTGT","W8-2",11723,3585,"W8-2","2888.16805405405","463.214436756757","vCTB","vCTB","Slide-tags (SCP2601)",6816,3120,"vCTB1",0,0,0,0,0,0,0,0.0700451164108521,0,0,0.890211417438122,0,0,0.039743466151026,0,0,0,0.890211417438122,"-7.67261899326522","5.23095568944294",8,2888.16805405405,463.214436756757,"vCTB","LogNormalize","vCTB","author","vCTB1","author_refined_to_predicted",-0.0595395189637523,0.0630776681309958,-0.488700831079306,-0.0778036599635091,-0.710072288589471,-0.16452157656864,NA,NA,0.0630776681309958,"vCTB","N8",-0.208377114871668,-0.0697951869914246,-0.0993465759115258,-0.36885608094936,-3.01415359274405,1420.37966855291,3053.12450156828,"bbox_scaled_and_y_flipped"
"W8-2_AGGTCTTAGTCACTCC","W8-2",9442,3452,"W8-2","3962.69218181818","876.692570909091","FIB1","FIB1","Slide-tags (SCP2601)",6788,3400,"Fibroblast1",0,0,0,0,0,0,0,0,0,1,0,0,0,0,0,0,0,1,"10.7099364915065","-11.8938845701091",8,3962.69218181818,876.692570909091,"FIB1","LogNormalize","FIB1","author","FIB1","author",0.174575254105754,-0.309426054503736,-0.636364980822408,-0.104681349532485,0.313797218066797,-0.197792291918657,NA,NA,0.313797218066797,"Fibroblast","N3",-0.280210449819605,-0.0844122836404418,-0.135984244006714,-0.0521386182954309,-1.47486128814807,2002.31389765259,2809.59275846236,"bbox_scaled_and_y_flipped"
"W8-2_AGGTGAGGTAGACAAA","W8-2",8613,2500,"W8-2","1574.43218969697","1263.71078666667","STB","STB","Slide-tags (SCP2601)",6558,2479,"STB",0,0.039080194319609,0,0,0,0.960919805680391,0,0,0,0,0,0,0,0,0,0,0,0.960919805680391,"4.80139052058976","3.56201133061725",8,1574.43218969697,1263.71078666667,"STB","LogNormalize","STB","author","STB","author",-0.112321605726116,0.261371480481558,2.53744989122308,0.171636457308671,-0.662760779871715,-0.116427849411862,NA,NA,2.53744989122308,"STB","N8",-0.178145050043567,0.114962181967389,0.293404522877532,-0.0379667949503513,-0.805878648102252,708.894604875448,2581.64546714935,"bbox_scaled_and_y_flipped"
"W8-2_AGGTTTGGTCGTAAAT","W8-2",11573,4171,"W8-2","4239.42962162162","5124.40664864865","vCTB","vCTB","Slide-tags (SCP2601)",6895,3752,"vCTBp",0,0.22781094091843,0.0407767164049794,0.0733017017439721,0,0,0.429704893601388,0.0109039059582675,0,0,0.217501841372963,0,0,0,0,0,0,0.429704893601388,"-5.04343093250472","5.0186472826131",8,4239.42962162162,5124.40664864865,"vCTB","LogNormalize","vCTB","author","vCTB","author",-0.331239940029186,-0.0955243113164798,-0.745694295336448,-0.121352256870267,-0.803506869282001,-0.227695913586069,NA,NA,-0.0955243113164798,"vCTB","N5",-0.204642175734187,-0.0265287900703239,-0.118673052978164,-0.421230164439428,-2.612115438411,2152.18767389821,307.759824326256,"bbox_scaled_and_y_flipped"
"W8-2_AGGTTTGGTTGCGCGA","W8-2",2264,1112,"W8-2","5632.95442592593","3750.82922222222","EVT","EVT","Slide-tags (SCP2601)",4845,1172,"EVT2",0,0.133177750558774,0.629232935986945,0.217350750996253,0,0,0,0,0.0202385624580277,0,0,0,0,0,0,0,0,0.629232935986945,"-2.38125027034957","4.44072255421955",8,5632.95442592593,3750.82922222222,"EVT","LogNormalize","EVT","author","EVT","author",0.574503605376398,0.0173739499416608,-0.328727951190582,-0.0439698569223659,-0.489682819277557,-0.0605916791920263,NA,NA,0.574503605376398,"EVT","N7",-0.0565258213603921,0.0807558519241139,-0.062010381413761,-0.266589931631087,0.253054081741995,2906.88434544853,1116.77408002406,"bbox_scaled_and_y_flipped"
"W8-2_AGGTTTGGTTTACCGT","W8-2",6986,2658,"W8-2","2068.65958024691","2032.25961728395","vCTB","vCTB","Slide-tags (SCP2601)",6504,2643,"vCTB1",0,0,0,0,0,0,0,0.0586902231620095,0,0,0.853669925350858,0,0,0.0876398514871322,0,0,0,0.853669925350858,"-8.28394378040511","6.03344353963215",8,2068.65958024691,2032.25961728395,"vCTB","LogNormalize","vCTB","author","vCTB1","author_refined_to_predicted",-0.262589206512306,-0.296470029793278,-0.528026564941976,-0.0626383348109777,-0.636918251975621,-0.147676439261409,NA,NA,-0.0626383348109777,"Endothelial","N8",-0.213286722801334,-0.00799224603490697,-0.0788604618543819,-0.262778596524396,-1.70133194799813,976.555263289958,2128.98299016989,"bbox_scaled_and_y_flipped"
"W8-2_AGTAAACAGCGATAGA","W8-2",8329,3287,"W8-2","5493.85225","2562.400375","vCTB","vCTB","Slide-tags (SCP2601)",6719,3251,"EVT3",0,0.0246817504008419,0.245022213542801,0.714614568487336,0,0,0.0156814675690212,0,0,0,0,0,0,0,0,0,0,0.714614568487336,"-4.34567941044051","3.14068731595356",8,5493.85225,2562.400375,"vCTB","LogNormalize","vCTB","author","vCTB","author",0.0102903348517049,0.83945246677451,-0.582905891405733,-0.0977049588601598,-0.52085554413075,-0.199256752707578,NA,NA,0.83945246677451,"vCTB","N5",-0.115859562190201,0.0073135509395356,-0.107584955115964,-0.151287458630052,-0.0863105112501278,2831.55023668172,1816.73890238334,"bbox_scaled_and_y_flipped"
"W8-2_AGTAACACAGCCAGAA","W8-2",20577,3359,"W8-2","2587.54941176471","4577.28894117647","STB-progenitor","STB-progenitor","Slide-tags (SCP2601)",6316,1856,"STB",0,0,0,0,0,1,0,0,0,0,0,0,0,0,0,0,0,1,"-9.58384002063949","4.47802457143146",8,2587.54941176471,4577.28894117647,"STB-progenitor","LogNormalize","STB-progenitor","author","STB-progenitor","author",-0.0624125544368273,0.0497957126879121,0.277988603849506,-0.0434913703629702,-0.65554615332669,-0.0963524802065738,NA,NA,0.277988603849506,"STB","N7",0.000102394130191891,0.0361955044828572,-0.0477116294497394,-0.0700293421641013,1.08332860158668,1257.57245619403,630.003053119885,"bbox_scaled_and_y_flipped"
"W8-2_AGTAACACAGGCTGTT","W8-2",11396,4090,"W8-2","2319.2534893617","4821.55836170213","vCTB","vCTB","Slide-tags (SCP2601)",6953,3750,"vCTB1",0,0,0,0,0,0,0.443600431899029,0,0,0,0.556399568100971,0,0,0,0,0,0,0.556399568100971,"-6.5464989027806","6.48633155156452",8,2319.2534893617,4821.55836170213,"vCTB","LogNormalize","vCTB","author","vCTB","author",-0.157496841940266,-0.0404553291668475,-0.731172371446427,-0.10457378485669,-0.772967958942922,-0.198174650329908,NA,NA,-0.0404553291668475,"vCTB","N7",-0.318149024564984,-0.084831059335377,-0.121282810917433,-0.029171773666327,-1.64953398498032,1112.2703855006,486.132427675469,"bbox_scaled_and_y_flipped"
"W8-2_AGTAACCTCCCGTTAC","W8-2",5206,2157,"W8-2","2332.43111111111","1654.10159259259","FIB2","FIB2","Slide-tags (SCP2601)",5574,2138,"Fibroblast2",1,0,0,0,0,0,0,0,0,0,0,0,0,0,0,0,0,1,"12.1364549317531","-5.09855309199017",8,2332.43111111111,1654.10159259259,"FIB2","LogNormalize","FIB2","author","FIB2","author",0.382439157005932,-0.0715020339961583,-0.315878485670947,-0.0579956464419986,0.753990701837852,-0.111156944634637,NA,NA,0.753990701837852,"Fibroblast","N8",-0.110385731217399,-0.0507522659928699,-0.079289255468481,-0.175946405596989,-1.15553919797084,1119.40704158488,2351.71177632778,"bbox_scaled_and_y_flipped"
"W8-2_AGTCCTGAGCTTTGGG","W8-2",43337,5990,"W8-2","4168.81252790698","2056.99476395349","STB","STB","Slide-tags (SCP2601)",5918,1919,"STB",0,0.0144775466508154,0,0,0,0.985522453349184,0,0,0,0,0,0,0,0,0,0,0,0.985522453349184,"2.62120257999223","3.39403924275715",8,4168.81252790698,2056.99476395349,"STB","LogNormalize","STB","author","STB","author",-0.0672587558226788,0.592925114388043,2.38862501143063,-0.0388650949876426,-0.627973701608138,-0.0813427424766859,NA,NA,2.38862501143063,"STB","N5",-0.0141266146178274,0.231759438118857,0.376600934081985,-0.0989247208574633,0.807019081210299,2113.94329861591,2114.41440023281,"bbox_scaled_and_y_flipped"
"W8-2_AGTCCTTGTTGGCCGA","W8-2",17699,5071,"W8-2","984.120266046512","3826.55610232558","vCTB","vCTB","Slide-tags (SCP2601)",5941,2842,"vCTB1",0,0,0,0,0,0,0.193525860741376,0,0,0,0.806474139258624,0,0,0,0,0,0,0.806474139258624,"-6.39988530491073","5.92036256123859",8,984.120266046512,3826.55610232558,"vCTB","LogNormalize","vCTB","author","vCTB","author",-0.286265880131184,-0.303607110894722,-0.510423760576416,-0.0632285094024952,-0.842766390505131,-0.132490049161859,NA,NA,-0.0632285094024952,"Endothelial","N3",-0.262298497512668,-0.0406068258386235,-0.0765882449619444,-0.0867935808781681,-1.36561399097915,389.197070551412,1072.17220730508,"bbox_scaled_and_y_flipped"
"W8-2_AGTGCCGGTAGCCTCC","W8-2",12501,3026,"W8-2","5235.58549206349","3867.50987301587","STB","STB","Slide-tags (SCP2601)",6561,2420,"STB",0,0.0121675675229692,0,0,0,0.987832432477031,0,0,0,0,0,0,0,0,0,0,0,0.987832432477031,"3.56528031017106","2.87680777837116",8,5235.58549206349,3867.50987301587,"STB","LogNormalize","STB","author","STB","author",-0.196164878117165,-0.0556013426707586,2.21764535385613,-0.0830934337865647,-0.594931481637808,-0.139775412332819,NA,NA,2.21764535385613,"STB","N8",-0.0648528068020533,0.00286205141260776,0.161049550437199,0.0317268598364067,-0.412275477314233,2691.67969976359,1048.05111760487,"bbox_scaled_and_y_flipped"
"W8-2_AGTGCGGAGCAGGTGG","W8-2",4354,1932,"W8-2","2449.08965333333","1219.73208266667","Endothelial","Endothelial","Slide-tags (SCP2601)",5374,1904,"Endothelial_cells",0,0,0,0,1,0,0,0,0,0,0,0,0,0,0,0,0,1,"10.1881965317897","4.56083735753376",8,2449.08965333333,1219.73208266667,"Endothelial","LogNormalize","Endothelial","author","Endothelial","author",-0.154108476628352,-0.211711296477289,0.1157446419372,0.800007791179359,-0.555762335049909,-0.080789017573196,NA,NA,0.800007791179359,"Endothelial","N8",-0.170611589632085,-0.0536785948162272,-0.0738704541880808,-0.0148584556097645,-0.597107944108327,1182.58626397911,2607.5481922514,"bbox_scaled_and_y_flipped"
"W8-2_AGTTACATCAACCAAC","W8-2",1538,911,"W8-2","5126.36992982456","3410.19115789474","vCTB","vCTB","Slide-tags (SCP2601)",4718,1280,"vCTB2",0,0,0,0,0,0,0.0451783702278364,0.654475941364377,0,0,0.20448776569177,0,0,0.0958579227160161,0,0,0,0.654475941364377,"-8.70676482532699","3.4990898065694",8,5126.36992982456,3410.19115789474,"vCTB","LogNormalize","vCTB","author","vCTB","author",-0.208523375501626,-0.171071416118038,0.0721069963574515,-0.0244136064148469,-0.245732750578408,-0.0748989280474901,NA,NA,0.0721069963574515,"STB","N8",-0.031393311762722,-0.0278879852400924,-0.0453036838410876,-0.0841771284873031,-0.0534492428453369,2632.53140111213,1317.40423364504,"bbox_scaled_and_y_flipped"
"W8-2_AGTTACATCCCGCATT","W8-2",7209,2725,"W8-2","4872.83006451613","1317.3932283871","Hofbauer cells","Hofbauer cells","Slide-tags (SCP2601)",6571,2701,"Hofbauer cells",0,0,0,0,0,0,0,0,0,0,0,0,0.544952074849112,0,0,0,0.455047925150888,0.544952074849112,"-0.986444004518574","14.4483109407552",8,4872.83006451613,1317.3932283871,"Hofbauer cells","LogNormalize","Hofbauer cells","author","Hofbauer cells","author",-0.257671734243887,-0.265149313935389,-0.385097622172844,-0.0763047966408235,-0.527086775704412,-0.0397306300580414,NA,NA,-0.0397306300580414,"Macrophage","N8",-0.108223675206756,0.115400757892362,0.0557165802032851,0.60530229667614,4.97008100092868,2495.22082589842,2550.02740194462,"bbox_scaled_and_y_flipped"
"W8-2_AGTTACATCCGCAACA","W8-2",11080,3622,"W8-2","1866.62123076923","1053.96320118343","STB","STB","Slide-tags (SCP2601)",6800,3292,"STB",0,0.177928995915481,0,0,0,0.822071004084519,0,0,0,0,0,0,0,0,0,0,0,0.822071004084519,"2.47555076267045","3.75087937642414",8,1866.62123076923,1053.96320118343,"STB","LogNormalize","STB","author","STB","author",-0.272351314209268,0.363331063221903,2.24609073896997,-0.077254298922128,-0.689992431636588,-0.17004241229302,NA,NA,2.24609073896997,"STB","N5",-0.078738817877903,0.130162979125739,0.292395461700237,-0.048351125544824,-0.0909669090985331,867.136565176114,2705.18330599954,"bbox_scaled_and_y_flipped"
"W8-2_AGTTACATCTATTGTC","W8-2",10193,2697,"W8-2","2960.11610714286","4628.80485714286","STB","STB","Slide-tags (SCP2601)",6692,2623,"STB",0,0,0,0,0,1,0,0,0,0,0,0,0,0,0,0,0,1,"4.36190067912858","3.30143651295978",8,2960.11610714286,4628.80485714286,"STB","LogNormalize","STB","author","STB","author",-0.24443842271404,0.01554538530752,1.13567001280971,-0.0512298254712448,-0.683148299426474,-0.127530357444405,NA,NA,1.13567001280971,"STB","N5",-0.00986817002801677,0.0509141928611036,0.0511864023323983,-0.157069482527513,0.0822647486647694,1459.34485670237,599.661035545696,"bbox_scaled_and_y_flipped"
"W8-2_AGTTATGTCCAGGAAA","W8-2",13096,4661,"W8-2","1351.5721688189","3892.11007559055","vCTB","vCTB","Slide-tags (SCP2601)",6760,3667,"vCTBp",0,0,0,0,0,0,0.520888975475147,0.0142076623120822,0,0,0.464903362212771,0,0,0,0,0,0,0.520888975475147,"-6.01377690647323","3.51499065686542",8,1351.5721688189,3892.11007559055,"vCTB","LogNormalize","vCTB","author","vCTB","author",-0.0140813306256415,0.459750334052746,-0.477369786614047,-0.131655325264673,-0.697231786417054,-0.220571213243613,NA,NA,0.459750334052746,"vCTB","N3",-0.0817714138270651,-0.0887242984203916,-0.125264726710172,-0.101052794380498,-0.760357986030973,588.199432849226,1033.56200749496,"bbox_scaled_and_y_flipped"
"W8-2_AGTTGCAGTGAGGTGA","W8-2",8035,3182,"W8-2","3037.87322807018","1666.39789473684","vCTB","vCTB","Slide-tags (SCP2601)",6734,3161,"vCTB1",0,0,0,0,0,0,0,0.154728955321129,0,0,0.708451347391564,0,0,0.136819697287307,0,0,0,0.708451347391564,"-8.04001153324324","4.7947612695821",8,3037.87322807018,1666.39789473684,"vCTB","LogNormalize","vCTB","author","vCTB","author",-0.287148516852659,0.0408728528459067,-0.454748038174687,-0.0570689603356815,-0.798488648570585,-0.143386758979571,NA,NA,0.0408728528459067,"vCTB","N5",-0.243689838321824,-0.0687551306762365,0.0268855979126651,-0.0809267541307644,-2.24160336926836,1501.45608441208,2344.46945890491,"bbox_scaled_and_y_flipped"
"W8-2_AGTTTGATCTGGCAAT","W8-2",5644,2485,"W8-2","3816.28998901099","2593.02578021978","FIB2","FIB2","Slide-tags (SCP2601)",5715,2460,"Fibroblast2",0.928938067825529,0,0,0,0,0,0,0,0,0,0,0,0,0,0,0.0710619321744707,0,0.928938067825529,"11.687374464529","-4.56075277994793",8,3816.28998901099,2593.02578021978,"FIB2","LogNormalize","FIB2","author","FIB2","author",0.203779981260638,-0.219959413891748,-0.0591115920976734,-0.0491179713820543,1.31766524029282,-0.110213468928086,NA,NA,1.31766524029282,"Fibroblast","N8",0.0178939122195605,-0.0644068573386504,0.0677970896258399,-0.189045558595905,-1.59615259914355,1923.02629022861,1798.70104814036,"bbox_scaled_and_y_flipped"
"W8-2_ATATGCATCCCTGGTT","W8-2",3326,1577,"W8-2","2902.26544038929","3090.9937080292","STB","STB","Slide-tags (SCP2601)",5632,1565,"STB",0,0.125154316065548,0,0,0,0.874845683934453,0,0,0,0,0,0,0,0,0,0,0,0.874845683934453,"4.91932045604509","3.74994668294269",8,2902.26544038929,3090.9937080292,"STB","LogNormalize","STB","author","STB","author",-0.187358934655661,-0.0191576744135861,1.22815313740828,-0.0172794590667315,-0.643157304968586,-0.0726123931476598,NA,NA,1.22815313740828,"STB","N3",0.0242756423580467,-0.0358098595714798,0.229862195807832,-0.0299839613103633,-1.21977778214451,1428.01444513666,1505.40622199705,"bbox_scaled_and_y_flipped"
"W8-2_ATCAATCCACCTGTAA","W8-2",9488,3160,"W8-2","3300.9724","2314.29397142857","FIB2","FIB2","Slide-tags (SCP2601)",6729,3124,"Fibroblast2",1,0,0,0,0,0,0,0,0,0,0,0,0,0,0,0,0,1,"12.6123460450343","-6.63604822825116",8,3300.9724,2314.29397142857,"FIB2","LogNormalize","FIB2","author","FIB2","author",0.290004398818636,-0.264409680395554,-0.580999917503183,-0.0800548935910571,0.947277269158284,-0.148473044348058,NA,NA,0.947277269158284,"Fibroblast","N8",-0.00618347891451959,-0.0779044643529786,-0.108528868680771,0.081866109063168,0.820390557948059,1643.94373065258,1962.86944701627,"bbox_scaled_and_y_flipped"
"W8-2_ATCACACAGAAGGTGC","W8-2",3207,1622,"W8-2","2560.01677108434","2381.3074939759","STB","STB","Slide-tags (SCP2601)",5634,1610,"STB",0,0.117852915720498,0,0,0,0.882147084279502,0,0,0,0,0,0,0,0,0,0,0,0.882147084279502,"4.4035743394069","2.90546783734638",8,2560.01677108434,2381.3074939759,"STB","LogNormalize","STB","author","STB","author",-0.202066526331642,0.018786763125816,1.28896668346992,-0.0289577287956049,-0.610775682137087,-0.104606327595662,NA,NA,1.28896668346992,"STB","N8",-0.103186608685472,-0.031867682513562,0.302741683265024,-0.296361159502375,-3.96137111716507,1242.6614964348,1923.39959695739,"bbox_scaled_and_y_flipped"
"W8-2_ATCACTAAGTCGCTAG","W8-2",13259,2676,"W8-2","1682.66327272727","4662.85066666667","STB-progenitor","STB-progenitor","Slide-tags (SCP2601)",6396,1956,"STB",0,0,0,0,0,1,0,0,0,0,0,0,0,0,0,0,0,1,"1.75981830741685","1.33061215211231",8,1682.66327272727,4662.85066666667,"STB-progenitor","LogNormalize","STB-progenitor","author","STB-progenitor","author",-0.1892600197635,-0.229114317700852,0.264406173686633,-0.0489051218554728,-0.623212328304614,-0.113366606981024,NA,NA,0.264406173686633,"STB","N3",-0.0736254007416977,-0.0404017306627832,-0.05082401624557,0.0564131779836057,0.423542595920826,767.509735276397,579.608620063598,"bbox_scaled_and_y_flipped"
"W8-2_ATCATCAAGGTAACGA","W8-2",6046,2563,"W8-2","3208.70836363636","3393.01234848485","Hofbauer cells","Hofbauer cells","Slide-tags (SCP2601)",6019,2540,"Hofbauer cells",0,0,0,0,0,0,0,0,0,0,0,0,0.528328837534814,0,0,0,0.471671162465186,0.528328837534814,"-0.913880237085408","14.4422036104329",8,3208.70836363636,3393.01234848485,"Hofbauer cells","LogNormalize","Hofbauer cells","author","Hofbauer cells","author",-0.255583281965898,-0.266451865511613,-0.473034674333374,-0.0743484194024131,-0.66216434556815,-0.0302952241735481,NA,NA,-0.0302952241735481,"Macrophage","N5",0.0451631631483188,0.108592381147334,-0.11056826486952,0.354856356199611,5.27119693302587,1593.97593608419,1327.52226663039,"bbox_scaled_and_y_flipped"
"W8-2_ATCCTTAGTGGACCTG","W8-2",4140,1706,"W8-2","1044.50548679245","1667.17675471698","STB","STB","Slide-tags (SCP2601)",5441,1694,"STB",0,0.0461818197507065,0,0,0,0.953818180249294,0,0,0,0,0,0,0,0,0,0,0,0.953818180249294,"4.58569704677384","4.67689856816608",8,1044.50548679245,1667.17675471698,"STB","LogNormalize","STB","author","STB","author",-0.193767521634522,-0.234838243049773,1.56366373040437,0.0994211107469821,-0.592188503156682,-0.0643560204269755,NA,NA,1.56366373040437,"STB","N8",-0.0371950976499668,-0.0291496978575019,0.267407312014452,-0.202701672799022,-2.76125816956937,421.900130423061,2344.01072333238,"bbox_scaled_and_y_flipped"
"W8-2_ATCCTTAGTTGCGGAT","W8-2",4878,1766,"W8-2","4050.51365116279","2730.67365116279","STB","STB","Slide-tags (SCP2601)",5609,1760,"STB",0,0.0811138169788112,0,0,0,0.918886183021189,0,0,0,0,0,0,0,0,0,0,0,0.918886183021189,"4.08405291225236","2.5382104807027",8,4050.51365116279,2730.67365116279,"STB","LogNormalize","STB","author","STB","author",-0.188381237520943,-0.227875881202118,1.79237346533973,-0.0420653376228947,-0.544636380310184,-0.0869955601363294,NA,NA,1.79237346533973,"STB","N4",-0.158142293625851,0.189261352360274,-0.0415156072043906,-0.042737695303754,2.3498895893943,2049.87571384726,1717.62874182774,"bbox_scaled_and_y_flipped"
"W8-2_ATCGCCCGTAGTCAAT","W8-2",4717,2321,"W8-2","1800.81092857143","2244.70307142857","Hofbauer cells","Hofbauer cells","Slide-tags (SCP2601)",5235,2265,"unknown2",0.298821914590067,0,0,0,0.000709549407715715,0,0,0,0.413327558790749,0.0294916486819046,0,0,0,0,0.257649328529564,0,0,0.413327558790749,"8.66112076427262","5.01060399342853",8,1800.81092857143,2244.70307142857,"Hofbauer cells","LogNormalize","Hofbauer cells","author","Hofbauer cells","author",-0.242833187713517,-0.19073302727613,-0.348075040915464,0.0568856458466523,0.448152584673248,-0.13861457739641,NA,NA,0.448152584673248,"Fibroblast","N3",-0.0355426915884831,-0.00502660688328714,-0.0783165944234146,-0.181881039768645,-0.158687696701257,831.49542275153,2003.85732952197,"bbox_scaled_and_y_flipped"
"W8-2_ATCGCCCGTCATTACC","W8-2",3148,1229,"W8-2","1688.98825396825","4409.41784126984","STB","STB","Slide-tags (SCP2601)",5500,1223,"STB",0,0.0835303417422344,0,0,0,0.916469658257766,0,0,0,0,0,0,0,0,0,0,0,0.916469658257766,"3.58269821788591","3.04091104794819",8,1688.98825396825,4409.41784126984,"STB","LogNormalize","STB","author","STB","author",-0.172897365252342,-0.187598853552524,1.30725567423754,0.188783255699609,-0.540080653065037,-0.0616689063811621,NA,NA,1.30725567423754,"STB","N3",-0.0413560696042478,-0.0343381305777023,0.571325635083087,-0.102194676230406,-4.13112190974778,770.935180073247,728.876338550518,"bbox_scaled_and_y_flipped"
"W8-2_ATCGCTTGTCATGCCC","W8-2",1186,766,"W8-2","4948.72713043478","2425.33930434783","EVT-progenitor","EVT-progenitor","Slide-tags (SCP2601)",4314,1492,"EVT2",0,0,0.961615047821292,0.0383849521787076,0,0,0,0,0,0,0,0,0,0,0,0,0,0.961615047821292,"-3.15944112156112","2.3351984911092",8,4948.72713043478,2425.33930434783,"EVT-progenitor","LogNormalize","EVT-progenitor","author","EVT-progenitor","author",0.897563901289312,1.2536937931664,0.253514900710752,-0.015879161732267,-0.0982398561793008,-0.075614172836996,NA,NA,1.2536937931664,"vCTB","N7",0.249638868064445,0.021973145459973,-0.0349341636737155,-0.166016943793873,1.65981663151972,2536.32469635147,1897.46559308565,"bbox_scaled_and_y_flipped"
"W8-2_ATCGCTTGTTCCGGGA","W8-2",4039,1743,"W8-2","3042.97450632911","3937.33169620253","STB","STB","Slide-tags (SCP2601)",5443,1732,"STB",0,0.0998264334092168,0,0,0,0.900173566590783,0,0,0,0,0,0,0,0,0,0,0,0.900173566590783,"4.57004105235856","3.38821849156696",8,3042.97450632911,3937.33169620253,"STB","LogNormalize","STB","author","STB","author",-0.204141262543555,-0.208256015382341,0.93766885014631,-0.0266056493548262,-0.613268757619556,-0.0657739939658854,NA,NA,0.93766885014631,"STB","N8",-0.118858637394832,-0.0301480340419408,0.4144520946215,-0.0283772538484925,-3.09812273373041,1504.218803605,1006.92722518347,"bbox_scaled_and_y_flipped"
"W8-2_ATCGGCCAGCTGCACA","W8-2",11690,3229,"W8-2","3001.26985714286","3080.1759047619","STB","STB","Slide-tags (SCP2601)",6731,2832,"STB",0,0.133173634067334,0,0.00912073152332247,0,0.857705634409344,0,0,0,0,0,0,0,0,0,0,0,0.857705634409344,"4.98591171886247","4.38237771321613",8,3001.26985714286,3080.1759047619,"STB","LogNormalize","STB","author","STB","author",-0.250567211737791,-0.117685826708124,0.984265465498542,0.0693261261434883,-0.664940194715401,-0.143233442408157,NA,NA,0.984265465498542,"STB","N5",-0.248588208640106,-0.00626221704249655,0.0468713401400068,-0.215855385087059,-2.37594391311453,1481.6326538416,1511.77772817515,"bbox_scaled_and_y_flipped"
"W8-2_ATCGGCCAGGCAATAG","W8-2",16745,5276,"W8-2","4370.70665306122","4176.06183673469","vCTB","vCTB","Slide-tags (SCP2601)",5905,3035,"vCTBp",0,0,0,0,0,0,0.541182173837558,0,0,0,0.458817826162442,0,0,0,0,0,0,0.541182173837558,"-5.80013907764632","5.34576997090656",8,4370.70665306122,4176.06183673469,"vCTB","LogNormalize","vCTB","author","vCTB","author",-0.290434318540307,-0.108929733678768,-0.543848922725416,-0.0472668789944298,-0.879776376729568,-0.154273570262019,NA,NA,-0.0472668789944298,"Endothelial","N7",-0.210659637828302,-0.0494291604086432,-0.0970451193319115,-0.150172510120368,-1.44506966372059,2223.28388859955,866.319143513307,"bbox_scaled_and_y_flipped"
"W8-2_ATGAAGCCATTGACAT","W8-2",15397,4877,"W8-2","4731.67376377953","5023.0250984252","FIB2","FIB2","Slide-tags (SCP2601)",6299,3066,"Fibroblast2",0.915930747139243,0,0,0,0,0,0,0,0,0,0,0,0,0,0,0.0840692528607575,0,0.915930747139243,"11.5203117051296","-6.39549008082074",8,4731.67376377953,5023.0250984252,"FIB2","LogNormalize","FIB2","author","FIB2","author",0.170071507046077,-0.251918853985021,-0.452171423453442,-0.0747992144555731,1.72309772584435,-0.132663130062903,NA,NA,1.72309772584435,"Fibroblast","N7",0.203799927750596,-0.0728451040151897,-0.0908740875024915,-0.143341479704478,0.615430619200801,2418.77425673423,367.471870999082,"bbox_scaled_and_y_flipped"
"W8-2_ATGAAGTAGCAAACCT","W8-2",876,572,"W8-2","5653.86904347826","3998.71782608696","EVT-progenitor","EVT-progenitor","Slide-tags (SCP2601)",4350,1652,"EVT2",0,0,1,0,0,0,0,0,0,0,0,0,0,0,0,0,0,1,"-3.27354563091475","2.06903514195759",8,5653.86904347826,3998.71782608696,"EVT-progenitor","LogNormalize","EVT-progenitor","author","EVT-progenitor","author",0.363844604391167,1.32754397273305,0.231957102352214,-0.0112023786757163,-0.123395441281889,-0.0492902992509623,NA,NA,1.32754397273305,"vCTB","N7",-0.175418925156138,0.044597268180407,-0.043480468273148,-0.201162676830515,-0.628610010086826,2918.21115657148,970.771815795426,"bbox_scaled_and_y_flipped"
"W8-2_ATGAATGCAACCTAAT","W8-2",6852,2813,"W8-2","1293.27548961039","1233.14937142857","FIB2","FIB2","Slide-tags (SCP2601)",6491,2775,"Fibroblast2",1,0,0,0,0,0,0,0,0,0,0,0,0,0,0,0,0,1,"10.699108473318","-3.9647339887492",8,1293.27548961039,1233.14937142857,"FIB2","LogNormalize","FIB2","author","FIB2","author",0.0864821462181387,-0.264202781350057,-0.470721763377415,-0.0960416199991196,1.40305031262581,-0.153877544321353,NA,NA,1.40305031262581,"Fibroblast","N8",-0.0182887448055284,-0.0691797956207186,-0.102307297651844,0.162064830435418,1.31480026896762,556.627472576108,2599.64563235754,"bbox_scaled_and_y_flipped"
"W8-2_ATGAATGCAGTGAACG","W8-2",2200,1467,"W8-2","1608.5805203252","2665.51843902439","STB-progenitor","STB-progenitor","Slide-tags (SCP2601)",4941,1485,"STB",0,0.104542688391009,0,0,0,0.598404703054229,0,0.0971175287134996,0,0,0.157651160247564,0,0,0.0422839195936984,0,0,0,0.598404703054229,"2.36179768230241","2.83336648274738",8,1608.5805203252,2665.51843902439,"STB-progenitor","LogNormalize","STB-progenitor","author","STB-progenitor","author",-0.230159259739514,-0.0021875543483045,0.535396423515468,-0.0335041310013727,-0.680021757018715,-0.0751124690642403,NA,NA,0.535396423515468,"STB","N3",-0.173310219218568,0.0662021297238601,0.172348369330714,0.271764092708432,1.19717469095632,727.388449681455,1756.00407796741,"bbox_scaled_and_y_flipped"
"W8-2_ATGACCAGTACGTTTC","W8-2",1647,1003,"W8-2","2193.39304","4030.24434666667","vCTB","vCTB","Slide-tags (SCP2601)",4571,1331,"vCTB2",0,0,0,0,0,0,0.216760300021098,0.617240685487042,0,0,0.0455297339702591,0,0,0.120469280521601,0,0,0,0.617240685487042,"-5.82128775928695","2.08204469014484",8,2193.39304,4030.24434666667,"vCTB","LogNormalize","vCTB","author","vCTB","author",-0.165449388391948,0.320613516694531,0.239058534080898,-0.0236518576601268,-0.109398287801045,-0.0790311306581791,NA,NA,0.320613516694531,"vCTB","N5",0.0115222038717346,-0.0314471116410921,-0.0390091194977252,-0.233401682087133,-0.798330519347553,1044.10765031303,952.203219594853,"bbox_scaled_and_y_flipped"
"W8-2_ATGACTCAGAGGATAT","W8-2",8296,2946,"W8-2","2650.35795031056","2381.5991552795","FIB1","FIB1","Slide-tags (SCP2601)",6650,2908,"Fibroblast1",0,0,0,0,0,0,0,0,0,1,0,0,0,0,0,0,0,1,"10.4993041672878","-12.0024432248942",8,2650.35795031056,2381.5991552795,"FIB1","LogNormalize","FIB1","author","FIB1","author",0.373835314371572,-0.26678028551062,-0.323268624114392,-0.0945360378138692,0.365783473434046,-0.163266495696735,NA,NA,0.373835314371572,"EVT","N8",-0.0638082835268746,0.0264487493414552,-0.106353040032227,-0.230373278643192,-0.0196183284287113,1291.58792175236,1923.22781330114,"bbox_scaled_and_y_flipped"
"W8-2_ATGATGACACTGGCCA","W8-2",2825,1396,"W8-2","2625.08584","4302.60832","FIB2","FIB2","Slide-tags (SCP2601)",5182,1382,"Fibroblast2",1,0,0,0,0,0,0,0,0,0,0,0,0,0,0,0,0,1,"9.69237648631852","-6.42717734049481",8,2625.08584,4302.60832,"FIB2","LogNormalize","FIB2","author","FIB2","author",0.294345304669022,0.129790429189817,-0.377185386741522,-0.0728702130421694,1.70094144645192,-0.095679653740587,NA,NA,1.70094144645192,"Fibroblast","N8",0.237241043490913,-0.042911563307553,-0.0840929432920274,-0.202963721365622,0.803388323332044,1277.90120625543,791.785369879292,"bbox_scaled_and_y_flipped"
"W8-2_ATGCAGGCACGTTACA","W8-2",7488,2963,"W8-2","1409.64533613445","1697.41931092437","Hofbauer cells","Hofbauer cells","Slide-tags (SCP2601)",6594,2938,"myeloid_unknown",0,0,0,0,0,0,0,0,0,0,0,0,0.407666103700962,0,0,0,0.592333896299038,0.592333896299038,"-0.913222797853535","14.2596007280477",8,1409.64533613445,1697.41931092437,"Hofbauer cells","LogNormalize","Hofbauer cells","author","Hofbauer cells","author",-0.267892591555649,-0.307582386750309,-0.38719871137661,-0.0988422146680488,-0.73125560918677,0.19461550323742,NA,NA,0.19461550323742,"Macrophage","N8",-0.207067772447617,-0.0718667566180509,-0.11229435730423,0.150362100460878,0.190403055945455,619.650344913407,2326.19836078928,"bbox_scaled_and_y_flipped"
"W8-2_ATGGACAAGACAAAGT","W8-2",15523,4769,"W8-2","4546.82728421053","4289.1588","EVT","EVT","Slide-tags (SCP2601)",6261,3084,"EVT3",0,0,0.332580716911261,0.667419283088739,0,0,0,0,0,0,0,0,0,0,0,0,0,0.667419283088739,"-3.52577651355941","5.07771119405109",8,4546.82728421053,4289.1588,"EVT","LogNormalize","EVT","author","EVT","author",-0.261162128050447,-0.15307362723194,-0.53355675821408,-0.0723669461640055,-0.756650850408097,-0.113279172390999,NA,NA,-0.0723669461640055,"Endothelial","N7",-0.207008002662937,0.16332048892963,-0.0877034448909006,-0.217478102509675,0.952212278732565,2318.66622676043,799.706913436252,"bbox_scaled_and_y_flipped"
"W8-2_ATGGCCCAGGAGGGTT","W8-2",22942,5906,"W8-2","4974.97693203884","692.939388349515","vCTB","vCTB","Slide-tags (SCP2601)",6130,2935,"vCTB2",0,0,0,0,0,0,0.198925478699697,0.597821683286473,0,0,0.064757622617119,0,0,0.13849521539671,0,0,0,0.597821683286473,"-6.14699376438338","2.6616292886861",8,4974.97693203884,692.939388349515,"vCTB","LogNormalize","vCTB","author","vCTB","author",-0.0403179928289855,0.666574710315424,-0.351769364820838,-0.0604507309085535,-0.681427802751186,-0.174437088602589,NA,NA,0.666574710315424,"vCTB","N8",-0.132237660719107,-0.0031475342652322,-0.0875721108218659,-0.162797048343915,-0.513572774563482,2550.54090394121,2917.82032638862,"bbox_scaled_and_y_flipped"
"W8-2_ATGGCCGGTAATGGAA","W8-2",17174,4222,"W8-2","1016.23643529412","2618.37258823529","vCTB","vCTB","Slide-tags (SCP2601)",5999,2439,"vCTB1",0,0,0,0,0,0,0,0.148642554779699,0,0,0.700902745170861,0,0,0.15045470004944,0,0,0,0.700902745170861,"-9.370845445139","5.80964669514972",8,1016.23643529412,2618.37258823529,"vCTB","LogNormalize","vCTB","author","vCTB","author",-0.255673560669802,-0.154023801878366,0.0562687759617506,-0.0184418108746175,-0.816174426430639,-0.092010410454562,NA,NA,0.0562687759617506,"STB","N8",-0.264214858715537,-0.0350999650416492,-0.0789168036083154,-0.294763512328316,-2.54804388061532,406.590349780638,1783.77219984505,"bbox_scaled_and_y_flipped"
"W8-2_ATGGCTTAGCTTTGTT","W8-2",16802,4659,"W8-2","4768.24644444444","4127.58762962963","FIB2","FIB2","Slide-tags (SCP2601)",6056,2636,"Fibroblast2",0.98416482310019,0,0,0,0,0,0,0,0,0,0,0,0,0,0,0.0158351768998102,0,0.98416482310019,"12.1170905747585","-5.26929989527386",8,4768.24644444444,4127.58762962963,"FIB2","LogNormalize","FIB2","author","FIB2","author",0.0358390074302909,-0.292251278458099,-0.499185639780521,-0.0405033378486856,1.22662104271967,-0.138073657170502,NA,NA,1.22662104271967,"Fibroblast","N5",0.00171837574610362,-0.0562112260535032,-0.0891811251015302,-0.00920878900811606,0.483779201393345,2438.58106625941,894.8696451648,"bbox_scaled_and_y_flipped"
"W8-2_ATGGCTTAGGAGGCAT","W8-2",8299,3719,"W8-2","2874.31815319149","2545.19811914894","vCTB","vCTB","Slide-tags (SCP2601)",6738,3681,"vCTBp",0,0,0,0,0,0,0.61441689683488,0,0.0192634292483231,0,0.356457614378716,0,0,0.00986205953808095,0,0,0,0.61441689683488,"-6.74364865635116","5.73541983891803",8,2874.31815319149,2545.19811914894,"vCTB","LogNormalize","vCTB","author","vCTB","author",-0.306732336070464,-0.296535651948221,-0.556065247808328,-0.0847088604726204,-0.756958597491558,-0.186244653190599,NA,NA,-0.0847088604726204,"Endothelial","N3",-0.317933547259216,-0.0193993988065629,0.0185678317459458,-0.301098744214177,-3.28865612289507,1412.87892364332,1826.87074493252,"bbox_scaled_and_y_flipped"
"W8-2_ATGGTCTAGTTAGCTA","W8-2",5213,2457,"W8-2","1929.91784615385","1100.80686923077","STB-progenitor","STB-progenitor","Slide-tags (SCP2601)",5534,2427,"STB",0,0.0989120755852626,0,0,0,0.808824548893093,0,0.0191206135156682,0,0,0.0731427620059759,0,0,0,0,0,0,0.808824548893093,"2.63763796474259","2.38903292943317",8,1929.91784615385,1100.80686923077,"STB-progenitor","LogNormalize","STB-progenitor","author","STB-progenitor","author",-0.255778785587509,-0.132826325956444,0.517008297297173,-0.055668663001217,-0.746188965651168,-0.125195502000892,NA,NA,0.517008297297173,"STB","N8",-0.159894175894671,-0.0393919767209927,-0.0642091760402042,-0.149725327973918,-1.22167135726709,901.416360414507,2677.59316473021,"bbox_scaled_and_y_flipped"
"W8-2_ATGTAAGCATAAGTCT","W8-2",12940,4118,"W8-2","1397.12070648148","3093.62238888889","FIB2","FIB2","Slide-tags (SCP2601)",6621,3250,"Fibroblast2",0.945930839096341,0,0,0,0,0,0,0,0,0,0,0,0,0,0,0.0540691609036591,0,0.945930839096341,"12.007500044363","-4.47110548685711",8,1397.12070648148,3093.62238888889,"FIB2","LogNormalize","FIB2","author","FIB2","author",0.155549298274175,-0.256434232563367,-0.429642488054157,-0.11295047286348,1.19094938426614,-0.167091870584544,NA,NA,1.19094938426614,"Fibroblast","N8",-0.0288681378817564,-0.0938867718557469,-0.113307099851064,-0.237127952562252,-1.42503791530136,612.867332309469,1503.8579726969,"bbox_scaled_and_y_flipped"
"W8-2_ATGTCAATCAAATCGC","W8-2",3648,2042,"W8-2","4297.98926086957","5175.99834782609","EVT","EVT","Slide-tags (SCP2601)",5435,2024,"EVT2",0,0.333321662485135,0.33733134748349,0.191259494822388,0,0,0.125926891055884,0,0,0,0.0121606041531029,0,0,0,0,0,0,0.33733134748349,"-2.45003093097884","4.60792216588337",8,4297.98926086957,5175.99834782609,"EVT","LogNormalize","EVT","author","EVT","author",0.617526034032326,0.0545153839014927,-0.629867906020504,-0.0368585257492379,-0.703093746208429,-0.101826631155409,NA,NA,0.617526034032326,"EVT","N5",-0.101280465870396,0.0825968048502157,-0.0604238447711312,-0.0275923136381508,1.45924458980768,2183.90204646704,277.373171701358,"bbox_scaled_and_y_flipped"
"W8-2_ATGTCCACATAATGTC","W8-2",13760,3373,"W8-2","2786.922","4104.764","STB","STB","Slide-tags (SCP2601)",6343,2385,"STB",0,0.022724729324284,0,0,0,0.977275270675716,0,0,0,0,0,0,0,0,0,0,0,0.977275270675716,"4.41663967754167","3.52368459035236",8,2786.922,4104.764,"STB","LogNormalize","STB","author","STB","author",-0.238463599443626,-0.243216535493886,1.36081861646556,-0.0788925417831711,-0.754035302156985,-0.11796098470521,NA,NA,1.36081861646556,"STB","N3",-0.121864897586447,0.0573932873843167,0.455784902546044,0.212222414261679,-0.745250445371893,1365.54744757903,908.312383362075,"bbox_scaled_and_y_flipped"
"W8-2_ATGTTCAAGCTGAGGG","W8-2",7576,2679,"W8-2","1103.80158392857","1997.79165178571","STB","STB","Slide-tags (SCP2601)",6532,2643,"STB",0,0.140632492605649,0,0,0,0.859367507394351,0,0,0,0,0,0,0,0,0,0,0,0.859367507394351,"4.93348013545793","3.87470397282917",8,1103.80158392857,1997.79165178571,"STB","LogNormalize","STB","author","STB","author",-0.141110066649814,0.0930682695117319,0.789877740968175,0.223914912838533,-0.692157782836851,-0.148886678885008,NA,NA,0.789877740968175,"STB","N8",-0.246571076091767,0.00305469159453409,0.349202190898657,-0.193125006236816,-3.97788216408912,454.013349367086,2149.28404849867,"bbox_scaled_and_y_flipped"
"W8-2_ATGTTCAAGGGCTTTG","W8-2",48375,5830,"W8-2","5777.50142329545","4357.09324289773","STB","STB","Slide-tags (SCP2601)",6393,1930,"STB",0,0.016442016193051,0,0,0,0.983557983806949,0,0,0,0,0,0,0,0,0,0,0,0.983557983806949,"3.16360246326249","2.64853867818195",8,5777.50142329545,4357.09324289773,"STB","LogNormalize","STB","author","STB","author",-0.158989709995305,0.136212419160924,1.62986475189224,0.0904609670112392,-0.51418382292462,-0.0891041203632766,NA,NA,1.62986475189224,"STB","N4",0.0903657477509887,0.13965888048041,-0.0672989748227972,-0.0628576347113512,3.14656169155008,2985.16722743271,759.694656609828,"bbox_scaled_and_y_flipped"
"W8-2_ATGTTGTCATTCCTCG","W8-2",11936,3897,"W8-2","5648.69133333333","1244.28067407407","FIB2","FIB2","Slide-tags (SCP2601)",6836,3302,"Fibroblast2",0.953589056514366,0,0,0,0,0,0,0,0,0,0,0,0,0,0,0.0464109434856336,0,0.953589056514366,"11.3654864945583","-3.96914735506695",8,5648.69133333333,1244.28067407407,"FIB2","LogNormalize","FIB2","author","FIB2","author",0.203357482318294,0.100863839833107,1.42486802919249,0.0348747726858207,0.910507820565544,-0.188967867468043,NA,NA,1.42486802919249,"STB","N5",0.0203317078502587,-0.0919431435922396,-0.145298359185859,-0.242627720953447,-0.952551378114622,2915.4070438635,2593.08948026051,"bbox_scaled_and_y_flipped"
"W8-2_ATGTTTGAGGTCAAAG","W8-2",2443,1496,"W8-2","3420.64184946237","1719.74969892473","vCTB","vCTB","Slide-tags (SCP2601)",5004,1516,"vCTB2",0,0,0,0,0,0,0,0.519414487332556,0,0,0.0253059250993011,0,0,0.455279587568143,0,0,0,0.519414487332556,"-8.65594924305159","4.10858830739338",8,3420.64184946237,1719.74969892473,"vCTB","LogNormalize","vCTB","author","vCTB","author",-0.20235385384235,-0.171575198771611,-0.10351250947694,-0.0449695512036646,-0.576324716700086,-0.109393330517656,NA,NA,-0.0449695512036646,"Endothelial","N5",-0.194396327759233,-0.0423609376903463,-0.0623088305367434,-0.276511842992128,-2.23825825611997,1708.75358184185,2313.04613370693,"bbox_scaled_and_y_flipped"
"W8-2_ATTACTGAGGTAGCTT","W8-2",8025,2898,"W8-2","1146.54255929825","1388.99169614035","Hofbauer cells","Hofbauer cells","Slide-tags (SCP2601)",6680,2867,"myeloid_unknown",0,0,0,0,0,0,0,0,0,0,0,0,0.471971902963677,0,0,0,0.528028097036323,0.528028097036323,"-0.330532439691609","13.631858914388",8,1146.54255929825,1388.99169614035,"Hofbauer cells","LogNormalize","Hofbauer cells","author","Hofbauer cells","author",-0.258081049083343,-0.27572088051984,-0.332950408083245,-0.0802951189426453,-0.549382073786262,-0.185600143520142,NA,NA,-0.0802951189426453,"Endothelial","N8",-0.110209084804493,-0.00797777144210535,-0.0827358886180842,0.17403355737758,1.5577443081303,477.160746349672,2507.8570954267,"bbox_scaled_and_y_flipped"
"W8-2_ATTAGCTCAGGACCTT","W8-2",3264,1636,"W8-2","1031.7779744856","1894.30553909465","STB","STB","Slide-tags (SCP2601)",5549,1625,"STB",0,0.175360274162693,0,0,0,0.824639725837308,0,0,0,0,0,0,0,0,0,0,0,0.824639725837308,"5.01820074703019","3.40882143308002",8,1031.7779744856,1894.30553909465,"STB","LogNormalize","STB","author","STB","author",-0.234279360444245,0.191234485962701,1.41045609183243,-0.0345589181334631,-0.604161786794221,-0.0921109229428861,NA,NA,1.41045609183243,"STB","N8",0.0742429460917029,0.0579096597294686,-0.0583827993028269,-0.113635272368947,1.59950737859331,415.007241867775,2210.23564745704,"bbox_scaled_and_y_flipped"
"W8-2_ATTAGTCCAAACTGCC","W8-2",5704,3044,"W8-2","1884.56216","4753.6432","vCTB","vCTB","Slide-tags (SCP2601)",5701,3021,"vCTB2",0,0,0,0,0,0,0.176980741805217,0.619590165621865,0,0,0.0511199007270997,0,0,0.152309191845818,0,0,0,0.619590165621865,"-8.6592108092137","5.15875539113361",8,1884.56216,4753.6432,"vCTB","LogNormalize","vCTB","author","vCTB","author",-0.288395099147202,-0.301225345225281,-0.241765508632141,0.060899246136704,-0.76902911660664,-0.1485252362927,NA,NA,0.060899246136704,"Endothelial","N3",-0.184240848608128,-0.0699365536503279,-0.107220312002376,-0.274668027783375,-2.25875633228545,876.852904299149,526.133328198413,"bbox_scaled_and_y_flipped"
"W8-2_ATTAGTCCAGGCTGTT","W8-2",13307,3175,"W8-2","2565.54310795455","4328.05220454545","STB","STB","Slide-tags (SCP2601)",6395,2269,"STB",0,0.0138761282243576,0,0,0,0.986123871775643,0,0,0,0,0,0,0,0,0,0,0,0.986123871775643,"3.22852002765458","2.79070004750568",8,2565.54310795455,4328.05220454545,"STB","LogNormalize","STB","author","STB","author",-0.181979522882212,-0.0987278944041262,1.19518426651936,0.0659192595706191,-0.607452388156949,-0.111693430540093,NA,NA,1.19518426651936,"STB","N3",-0.0781693323348581,0.0407801704642088,0.391986128692274,-0.175173091274321,-2.66758435704229,1245.65441628017,776.799345122646,"bbox_scaled_and_y_flipped"
"W8-2_ATTCATGAGTCTGGGC","W8-2",11006,2478,"W8-2","2177.12584166667","4848.9447","STB-progenitor","STB-progenitor","Slide-tags (SCP2601)",6648,2221,"STB",0,0,0,0,0,1,0,0,0,0,0,0,0,0,0,0,0,1,"1.78880690719407","1.33029910851795",8,2177.12584166667,4848.9447,"STB-progenitor","LogNormalize","STB-progenitor","author","STB-progenitor","author",-0.207078969459085,0.122989907551316,0.388080834522137,-0.0598695550046106,-0.591831420284708,-0.124006570301819,NA,NA,0.388080834522137,"STB","N3",0.024223243727922,0.0146884218689392,-0.0762146931476577,-0.198662157254422,0.33179237594999,1035.29776016992,470.002329969961,"bbox_scaled_and_y_flipped"
"W8-2_ATTCGTTTCAAGCCTG","W8-2",11829,4087,"W8-2","4249.16187878788","5169.06584848485","vCTB","vCTB","Slide-tags (SCP2601)",6877,3572,"EVT3",0,0.0871103451335744,0.212797588352773,0.634147738352504,0,0,0.0529920606988486,0,0,0,0.0129522674622993,0,0,0,0,0,0,0.634147738352504,"-4.34559882496077","4.45474204350788",8,4249.16187878788,5169.06584848485,"vCTB","LogNormalize","vCTB","author","vCTB","author",-0.167904352211314,0.647841512998529,-0.577443731576665,-0.117762890875258,-0.790217167953669,-0.196049662027718,NA,NA,0.647841512998529,"vCTB","N5",-0.136617661130986,0.0223400664727264,-0.111567558418585,0.0123597618905101,1.01147027481229,2157.45841042716,281.456298496234,"bbox_scaled_and_y_flipped"
"W8-2_ATTGCACAGAACCTAC","W8-2",8123,2607,"W8-2","1797.16092857143","1111.032625","STB","STB","Slide-tags (SCP2601)",6595,2595,"STB",0,0.0961556296975846,0,0.00931106919574796,0,0.894533301106668,0,0,0,0,0,0,0,0,0,0,0,0.894533301106668,"4.77405678417009","2.69997772504169",8,1797.16092857143,1111.032625,"STB","LogNormalize","STB","author","STB","author",-0.269798646244863,-0.169412117988375,1.24202017257011,0.0774648686236998,-0.770828977116312,-0.128424098130811,NA,NA,1.24202017257011,"STB","N8",-0.121069842551045,-0.0421089241404904,0.0435407737227009,0.0635226604481271,-0.412948628210358,829.518677994171,2671.57036468019,"bbox_scaled_and_y_flipped"
"W8-2_ATTGGTTCACTTAACG","W8-2",11000,3518,"W8-2","3053.36461596958","4975.7349581749","Hofbauer cells","Hofbauer cells","Slide-tags (SCP2601)",6872,3256,"Hofbauer cells",0,0,0,0,0,0,0,0,0,0,0,0,0.579729242196379,0,0,0,0.420270757803621,0.579729242196379,"-0.589191444856709","14.4367400102742",8,3053.36461596958,4975.7349581749,"Hofbauer cells","LogNormalize","Hofbauer cells","author","Hofbauer cells","author",-0.27421040517858,-0.324399146542619,-0.469427931423441,-0.0890378535017873,-0.666467463501406,-0.0671554612260665,NA,NA,-0.0671554612260665,"Macrophage","N5",-0.000699256301567697,0.0410322198781549,-0.119509285429487,-0.136376854334565,1.18696495377368,1509.84581586807,395.324976969217,"bbox_scaled_and_y_flipped"
"W8-2_CAAACATGTTGTCATC","W8-2",17770,4412,"W8-2","5569.03945882353","3873.37828235294","EVT","EVT","Slide-tags (SCP2601)",6074,2385,"EVT2",0,0.103577174030029,0.535195764223205,0.333297016479163,0,0,0,0,0.0279300452676025,0,0,0,0,0,0,0,0,0.535195764223205,"-2.33995998714644","4.63254889775592",8,5569.03945882353,3873.37828235294,"EVT","LogNormalize","EVT","author","EVT","author",0.824289434809411,-0.135753414059846,-0.642879529934012,-0.0441230539481363,-0.737370589456936,-0.116863381504454,NA,NA,0.824289434809411,"EVT","N7",-0.0493711537062906,0.106901155523633,-0.0898899346923386,-0.0849953564839268,1.91593085596209,2872.26966705498,1044.59472212208,"bbox_scaled_and_y_flipped"
"W8-2_CAAAGCGCATGAGCAG","W8-2",4974,2435,"W8-2","4134.77256","337.7856","FIB2","FIB2","Slide-tags (SCP2601)",5459,2411,"Fibroblast2",0.971783114732819,0,0,0,0,0,0,0,0,0,0,0,0,0,0,0.0282168852671809,0,0.971783114732819,"12.2762721696071","-6.64962235163372",8,4134.77256,337.7856,"FIB2","LogNormalize","FIB2","author","FIB2","author",0.186449330086457,-0.215344411965389,-0.338303622562315,-0.055087487097274,1.48488905470494,-0.110545571095174,NA,NA,1.48488905470494,"Fibroblast","N8",-0.133501152150066,-0.0628048634920892,-0.0821255946077817,-0.118188893482119,-1.08135409031979,2095.50814023213,3127,"bbox_scaled_and_y_flipped"
"W8-2_CAAAGTGAGCTTAGTA","W8-2",15931,4138,"W8-2","827.565886075949","3513.67481012658","EVT","EVT","Slide-tags (SCP2601)",6255,2518,"EVT3",0,0.00665315504330541,0.00555336025660096,0.98656503349665,0,0.00122845120344387,0,0,0,0,0,0,0,0,0,0,0,0.98656503349665,"-2.0706254324742","4.38356551457721",8,827.565886075949,3513.67481012658,"EVT","LogNormalize","EVT","author","EVT3","author_refined_to_predicted",0.354375924828099,0.00609555701668668,-0.496118625960648,-0.0621714424453951,-0.714472367275226,-0.100678379604907,NA,NA,0.354375924828099,"EVT","N3",0.152383935011477,0.168861568240793,-0.0996548772711803,-0.156526661977713,3.52479042052168,304.411303469646,1256.45408385622,"bbox_scaled_and_y_flipped"
"W8-2_CAACCCGCAAGGCCAA","W8-2",10670,3423,"W8-2","1572.12464367816","1214.95309655172","Hofbauer cells","Hofbauer cells","Slide-tags (SCP2601)",6827,3252,"Hofbauer cells",0,0,0,0,0,0,0,0,0,0,0,0,0.598427802939082,0,0,0,0.401572197060918,0.598427802939082,"-0.418148346883839","15.3635312013753",8,1572.12464367816,1214.95309655172,"Hofbauer cells","LogNormalize","Hofbauer cells","author","Hofbauer cells","author",-0.257227585035637,-0.290879422449996,-0.630418256520029,-0.104811730383268,-0.644461224007136,0.0356682848168587,NA,NA,0.0356682848168587,"Macrophage","N8",0.0662546105196342,0.109559784411373,-0.120660013719294,0.25767929986697,4.8788341597587,707.644898164476,2610.36293557813,"bbox_scaled_and_y_flipped"
"W8-2_CAACCCGCACAACCTA","W8-2",5646,2191,"W8-2","701.11510661157","2673.76376033058","STB","STB","Slide-tags (SCP2601)",5766,2175,"STB",0,0.0837959310015899,0,0,0,0.91620406899841,0,0,0,0,0,0,0,0,0,0,0,0.91620406899841,"2.68557607318681","3.96335658360798",8,701.11510661157,2673.76376033058,"STB","LogNormalize","STB","author","STB","author",-0.211945958389672,-0.0926960355129061,2.16793625412291,-0.0485367954781113,-0.607058622366821,-0.100913818177299,NA,NA,2.16793625412291,"STB","N3",-0.145579282007,-0.0477590526170877,0.165890286694499,-0.197328580993248,-2.96734651652456,235.928860902465,1751.14772087302,"bbox_scaled_and_y_flipped"
"W8-2_CAACCCTTCCCGTTTA","W8-2",11167,3713,"W8-2","3771.59307317073","2689.81141463415","FIB2","FIB2","Slide-tags (SCP2601)",6883,3387,"Fibroblast2",0.986845886332803,0,0,0,0,0,0,0,0,0,0,0,0,0,0,0.013154113667197,0,0.986845886332803,"12.3290675797633","-4.87724581431073",8,3771.59307317073,2689.81141463415,"FIB2","LogNormalize","FIB2","author","FIB2","author",0.101724517994875,-0.0731016619221894,-0.588280676935492,-0.117995582297392,0.671060965484519,-0.194495218809844,NA,NA,0.671060965484519,"Fibroblast","N8",-0.11400524587793,-0.0287994986885517,-0.136826670936867,-0.225351369422185,-0.825239459756641,1898.81960692523,1741.69591942935,"bbox_scaled_and_y_flipped"
"W8-2_CAACTAATCTGGTCCT","W8-2",422,288,"W8-2","796.7758375","3083.64775","EVT","EVT","Slide-tags (SCP2601)",4268,2034,"EVT3",0,0.216790787244856,0.0158191553065794,0.52583720043214,0.0137935616458521,0.223241381828351,0,0.00451791354222125,0,0,0,0,0,0,0,0,0,0.52583720043214,"-2.56750024173934","4.41634091664631",8,796.7758375,3083.64775,"EVT","LogNormalize","EVT","author","EVT","author",-0.0797950554216731,0.323970852637018,0.381519154015461,-0.00221941876498608,-0.303511778398695,-0.0282695325611994,NA,NA,0.381519154015461,"STB","N3",0.214916073474236,-0.0107493079244156,-0.0431134557565966,-0.0876022006275095,1.54975660919798,287.736216592565,1509.73286908155,"bbox_scaled_and_y_flipped"
"W8-2_CAACTAGGTATTGAGT","W8-2",317,255,"W8-2","2738.87341324921","4292.63028391167","STB","STB","Slide-tags (SCP2601)",4430,2158,"STB",0,0.212581168021078,0,0,0,0.677432486711351,0.0405494208282345,0.0661595727538954,0.00327735168544124,0,0,0,0,0,0,0,0,0.677432486711351,"-2.61884535167891","-8.52963915537518",8,2738.87341324921,4292.63028391167,"STB","LogNormalize","STB","author","STB","author",-0.0597449618451522,-0.0946738656996364,0.898400121516512,-0.00782060810284422,-0.205072320019644,-0.0214437785379608,NA,NA,0.898400121516512,"STB","N5",0.0690227996117232,0.194651018403454,-0.028002691868116,-0.0676675905748832,3.4861893721343,1339.52558676858,797.662267157903,"bbox_scaled_and_y_flipped"
"W8-2_CAACTAGGTGCAATAT","W8-2",404,327,"W8-2","4236.05796521739","822.784904347826","STB","STB","Slide-tags (SCP2601)",4426,2058,"STB",0,0.248035781985687,0,0.0371783493533911,0,0.714785868660921,0,0,0,0,0,0,0,0,0,0,0,0.714785868660921,"3.83554541255754","0.420182078374211",8,4236.05796521739,822.784904347826,"STB","LogNormalize","STB","author","STB","author",-0.0719728039513461,-0.0914248302722339,0.518370957458593,-0.00642031076837969,-0.325028866038668,-0.0161869601073588,NA,NA,0.518370957458593,"STB","N5",-0.0612905769122288,-0.00795835731037678,-0.00912869638293567,-0.084822699134272,-0.186531580929303,2150.36167276925,2841.34347735189,"bbox_scaled_and_y_flipped"
"W8-2_CAAGACAAGCAACATC","W8-2",3064,1862,"W8-2","1621.45445901639","2658.45057377049","STB-progenitor","STB-progenitor","Slide-tags (SCP2601)",5661,1843,"STB",0,0.0841839437924347,0,0,0,0.66521627485664,0,0.0446559107272687,0,0,0.181116664219084,0,0,0.0248272064045732,0,0,0,0.66521627485664,"2.30980145122331","2.65559753705341",8,1621.45445901639,2658.45057377049,"STB-progenitor","LogNormalize","STB-progenitor","author","STB-progenitor","author",-0.259914335758445,0.334936539442171,1.08699604090104,-0.0461319030115506,-0.69914049837268,-0.113938995592578,NA,NA,1.08699604090104,"STB","N3",-0.0103382812023832,-0.0501629276897392,0.173005377464658,-0.338268703081316,-3.12372425294657,734.360638945667,1760.16693303313,"bbox_scaled_and_y_flipped"
"W8-2_CAAGCTAGTTCCGCAC","W8-2",3288,1771,"W8-2","2159.68391111111","4250.19626666667","vCTB","vCTB","Slide-tags (SCP2601)",5529,1758,"vCTB2",0,0,0,0,0,0,0,0.658316796158621,0,0,0.140000120822685,0,0,0.201683083018694,0,0,0,0.658316796158621,"-8.44039309833724","4.1788469247945",8,2159.68391111111,4250.19626666667,"vCTB","LogNormalize","vCTB","author","vCTB","author",-0.0343482478031878,0.183892164702127,-0.568619398051476,-0.044706509677089,-0.66323424386313,-0.128837010327815,NA,NA,0.183892164702127,"vCTB","N3",-0.0874430907650821,-0.0400050325415789,-0.0664335026842972,-0.314918219775174,-1.80214646004813,1025.85166570857,822.655197456012,"bbox_scaled_and_y_flipped"
"W8-2_CAAGGGAGTCCGCTGT","W8-2",5447,2249,"W8-2","2330.76346666667","4674.28733333333","EVT","EVT","Slide-tags (SCP2601)",5649,2229,"EVT3",0,0,0,0.998742324496922,0,0.00125767550307841,0,0,0,0,0,0,0,0,0,0,0,0.998742324496922,"-1.96838451240737","4.29169616032917",8,2330.76346666667,4674.28733333333,"EVT","LogNormalize","EVT","author","EVT3","author_refined_to_predicted",0.360792486665858,-0.0408547028622158,-0.414193524310472,-0.0496991472859973,-0.635356867005156,-0.108598778757543,NA,NA,0.360792486665858,"EVT","N3",0.119613057054538,0.214259298316356,0.0754330026186181,-0.0927925936941616,3.24358810604027,1118.50388886907,572.872613637616,"bbox_scaled_and_y_flipped"
"W8-2_CAAGGGAGTCCTAACT","W8-2",6299,2972,"W8-2","4426.05152201258","1439.7942427673","vCTB","vCTB","Slide-tags (SCP2601)",6252,2946,"vCTB3",0,0,0,0,0,0,0.00329350038112999,0.429281382420308,0,0,0.122585673041032,0,0,0.44483944415753,0,0,0,0.44483944415753,"-7.93443358753402","5.10185488988239",8,4426.05152201258,1439.7942427673,"vCTB","LogNormalize","vCTB","author","vCTB","author",-0.0682724347177967,0.149386132007637,-0.487394864389257,-0.072604891690584,-0.797911846563301,-0.14725261649042,NA,NA,0.149386132007637,"vCTB","N5",-0.259838237065539,0.0208733780491964,-0.0971493513341896,-0.235607382719161,-1.30394656906595,2253.25722546156,2477.93524052706,"bbox_scaled_and_y_flipped"
"W8-2_CAAGGGAGTGAGCGAA","W8-2",7437,3116,"W8-2","5279.8856","2293.04355555556","EVT","EVT","Slide-tags (SCP2601)",6623,3076,"EVT3",0,0.058607421367236,0.288136208191417,0.653256370441347,0,0,0,0,0,0,0,0,0,0,0,0,0,0.653256370441347,"-3.36162675235946","4.69056948949176",8,5279.8856,2293.04355555556,"EVT","LogNormalize","EVT","author","EVT","author",0.195546402301853,0.370289312003745,-0.11477093204077,-0.0941223117277157,-0.736042928835899,-0.175324999680223,NA,NA,0.370289312003745,"vCTB","N7",0.227257777278625,0.178733631093662,-0.110015488737854,-0.0940038141684206,4.52776891936798,2715.67148226056,1975.38558848017,"bbox_scaled_and_y_flipped"
"W8-2_CAAGGGAGTTACTAGG","W8-2",1910,1106,"W8-2","3138.14117647059","3950.60541176471","STB","STB","Slide-tags (SCP2601)",4878,1237,"STB",0,0.147629162546204,0,0,0,0.852370837453796,0,0,0,0,0,0,0,0,0,0,0,0.852370837453796,"4.96617352153581","3.0402959280141",8,3138.14117647059,3950.60541176471,"STB","LogNormalize","STB","author","STB","author",-0.180451868321945,-0.213007329519508,1.0593284807022,-0.0238073345109068,-0.457722249730723,-0.0561983269009447,NA,NA,1.0593284807022,"STB","N8",-0.172294541737015,-0.0210258400599612,0.168846494381298,-0.0654109534452134,-1.98245577819413,1555.75858888651,999.109227516006,"bbox_scaled_and_y_flipped"
"W8-2_CAAGTTATCTCCATAT","W8-2",16550,5036,"W8-2","3145.66074585635","4271.46916574586","vCTB","vCTB","Slide-tags (SCP2601)",5885,2863,"vCTB2",0,0,0,0,0,0.177992956573151,0,0.364945599861908,0,0,0.352441757077764,0,0,0.104619686487176,0,0,0,0.364945599861908,"-6.62768233631331","3.54641446400959",8,3145.66074585635,4271.46916574586,"vCTB","LogNormalize","vCTB","author","vCTB","author",0.123604510222939,0.574130635123402,-0.311594757781043,-0.039077944514224,-0.86647252809939,-0.139491630709412,NA,NA,0.574130635123402,"vCTB","N4",-0.220188066704742,-0.0433113182642073,-0.0867634376324092,-0.23458601931594,-1.99283560463856,1559.83099145114,810.125813757665,"bbox_scaled_and_y_flipped"
"W8-2_CAATCCTGTCTTTGAC","W8-2",6934,2779,"W8-2","2338.28792682927","1167.58621463415","FIB2","FIB2","Slide-tags (SCP2601)",6504,2741,"Fibroblast2",0.972221341928051,0,0,0,0,0,0,0,0,0,0,0,0,0,0,0.0277786580719487,0,0.972221341928051,"10.8331893601589","-5.39379683207196",8,2338.28792682927,1167.58621463415,"FIB2","LogNormalize","FIB2","author","FIB2","author",0.502942073365187,-0.149300668410609,-0.588628925827758,-0.0740051890250486,1.34615816216079,-0.174487344846751,NA,NA,1.34615816216079,"Fibroblast","N3",0.187407293670882,-0.0586513048095541,-0.114913023944198,-0.0345373645678864,1.51934452985873,1122.57894015082,2638.26124111375,"bbox_scaled_and_y_flipped"
"W8-2_CAATCTAAGATGGAGC","W8-2",5604,2733,"W8-2","5025.0353","4081.9191","vCTB","vCTB","Slide-tags (SCP2601)",5686,2714,"vCTB3",0,0,0,0,0,0,0,0.305155968874055,0,0,0.221317884384069,0,0,0.473526146741876,0,0,0,0.473526146741876,"-8.17456401203353","5.82053479482013",8,5025.0353,4081.9191,"vCTB","LogNormalize","vCTB","author","vCTB","author",-0.274373709390362,-0.274264263055632,-0.219439549076956,-0.0573069058622601,-0.769172244080372,-0.113758563995197,NA,NA,-0.0573069058622601,"Endothelial","N4",-0.254104655472909,-0.0540563220085637,-0.0639825186695902,-0.174597205526575,-2.10836345180761,2577.65120981222,921.767649453681,"bbox_scaled_and_y_flipped"
"W8-2_CAATGAACATTAGGTT","W8-2",25434,4515,"W8-2","2386.33205649718","4283.54514124294","STB","STB","Slide-tags (SCP2601)",6242,2324,"STB",0,0.0156116269370064,0,0,0,0.984388373062994,0,0,0,0,0,0,0,0,0,0,0,0.984388373062994,"4.22611128474992","3.22598943044025",8,2386.33205649718,4283.54514124294,"STB","LogNormalize","STB","author","STB","author",-0.230324969607659,-0.233850960659995,1.15134904298337,0.173274700169714,-0.68104224699515,-0.0960139813069296,NA,NA,1.15134904298337,"STB","N3",-0.0996697152851767,0.0213864197497008,0.218352655883002,-0.226261871703025,-2.28182337972115,1148.59838712148,803.013265065005,"bbox_scaled_and_y_flipped"
"W8-2_CACAATATCGCTATAA","W8-2",16766,5024,"W8-2","3615.79179816514","5360.41544954128","FIB2","FIB2","Slide-tags (SCP2601)",5982,2813,"Fibroblast2",0.984346035614144,0,0,0,0,0,0,0,0,0,0,0,0,0,0,0.0156539643858557,0,0.984346035614144,"12.0511382737331","-6.23738709162396",8,3615.79179816514,5360.41544954128,"FIB2","LogNormalize","FIB2","author","FIB2","author",0.239637498239329,-0.280204980583315,-0.665629023686315,-0.0492483522328373,1.64835346018509,0.010513854357528,NA,NA,1.64835346018509,"Fibroblast","N5",-0.133506514401863,-0.0478791613704352,-0.119273719358174,-0.246611790293027,-1.42928249244943,1814.44170184106,168.754566436261,"bbox_scaled_and_y_flipped"
"W8-2_CACATAATCATAACCA","W8-2",18611,5133,"W8-2","5714.4692","1605.17266666667","FIB2","FIB2","Slide-tags (SCP2601)",6042,2783,"Fibroblast2",0.98259263246792,0,0,0,0,0,0,0,0,0,0,0,0,0,0,0.0174073675320797,0,0.98259263246792,"11.7565110840968","-5.52149906824749",8,5714.4692,1605.17266666667,"FIB2","LogNormalize","FIB2","author","FIB2","author",0.290294613398483,-0.284262745136579,-0.503966353840351,-0.0620889737695966,1.88284698249791,-0.123924817899092,NA,NA,1.88284698249791,"Fibroblast","N5",0.0975442656372624,-0.0444886471662864,-0.10680277624606,-0.185369657575582,0.230860714898453,2951.03062005079,2380.53009980084,"bbox_scaled_and_y_flipped"
"W8-2_CACATACAGCATCCAG","W8-2",7047,2066,"W8-2","3213.48678106509","3824.45272189349","STB","STB","Slide-tags (SCP2601)",6402,2055,"STB",0,0.0501131552667359,0,0,0,0.949886844733264,0,0,0,0,0,0,0,0,0,0,0,0.949886844733264,"3.67992149974626","2.5684326582082",8,3213.48678106509,3824.45272189349,"STB","LogNormalize","STB","author","STB","author",-0.207563234468243,-0.104730275767631,1.31141492078291,0.0891682343525703,-0.644920673699468,-0.0955635380223676,NA,NA,1.31141492078291,"STB","N8",-0.0142436905490669,0.12561159434711,-0.044891607674265,-0.192948026304718,1.43382947808597,1596.56380227617,1073.41106339137,"bbox_scaled_and_y_flipped"
"W8-2_CACATTAAGTTGCGTG","W8-2",3487,1549,"W8-2","3705.9758490566","2063.272","FIB2","FIB2","Slide-tags (SCP2601)",5431,1526,"Fibroblast2",1,0,0,0,0,0,0,0,0,0,0,0,0,0,0,0,0,1,"12.3089154877834","-6.44090166758221",8,3705.9758490566,2063.272,"FIB2","LogNormalize","FIB2","author","FIB2","author",0.383564271536045,-0.204425655107912,0.0434406698087817,-0.0467591730787108,0.899079546782927,-0.0842943683286692,NA,NA,0.899079546782927,"Fibroblast","N5",-0.0865716825290042,-0.0351489030145525,-0.0850956010134588,-0.094301183807617,-0.280448613728816,1863.2830305526,2110.7172126187,"bbox_scaled_and_y_flipped"
"W8-2_CACCAACCACCTCACC","W8-2",3039,1416,"W8-2","4992.33034782609","1719.41660869565","FIB1","FIB1","Slide-tags (SCP2601)",5305,1405,"Fibroblast1",0,0,0,0,0,0,0,0,0,1,0,0,0,0,0,0,0,1,"10.3059247651271","-11.5156430311076",8,4992.33034782609,1719.41660869565,"FIB1","LogNormalize","FIB1","author","FIB1","author",0.185466155810457,-0.168024754324775,0.0489694341238914,0.162731406423719,0.257642805335005,-0.100726541101871,NA,NA,0.257642805335005,"Fibroblast","N4",-0.0549731432978535,-0.045728406271745,-0.0763003939951074,0.255394452692776,1.82214792968039,2559.93906111374,2313.24231831114,"bbox_scaled_and_y_flipped"
"W8-2_CACTAGCCATTATGAC","W8-2",1384,888,"W8-2","1326.46312289157","2135.05474698795","STB","STB","Slide-tags (SCP2601)",4711,1293,"STB",0,0.183806808959426,0,0,0,0.816193191040574,0,0,0,0,0,0,0,0,0,0,0,0.816193191040574,"5.01985155727189","2.81702551175434",8,1326.46312289157,2135.05474698795,"STB","LogNormalize","STB","author","STB","author",0.161375757733309,0.183475108559737,0.393445843636843,-0.0275574314611404,-0.479569170035013,-0.0508969569208112,NA,NA,0.393445843636843,"STB","N8",-0.150661785797283,-0.0193290271030433,0.353436935921131,-0.15409547222891,-3.51830940008053,574.601028767268,2068.43836869689,"bbox_scaled_and_y_flipped"
"W8-2_CACTTTGTCGGTTTCC","W8-2",217,185,"W8-2","1549.15221052632","4368.54284210526","STB","STB","Slide-tags (SCP2601)",4406,2419,"STB",0,0.11292978137352,0.0242828118543598,0,0,0.829193145457933,0.0129512114976593,0.0168423355717256,0.00380071424480303,0,0,0,0,0,0,0,0,0.829193145457933,"-2.5987540564366","-8.80998602579754",8,1549.15221052632,4368.54284210526,"STB","LogNormalize","STB","author","STB","author",-0.0675751578454095,0.287702802445648,0.518780438299264,0,-0.234167127917288,-0.0339855680339393,NA,NA,0.518780438299264,"STB","N3",-0.0670815276327655,-0.00254833522264686,0.0906844976176965,-0.0892564647556388,-0.793448692291784,695.203627809219,752.951033132398,"bbox_scaled_and_y_flipped"
"W8-2_CAGAATCTCATTACAG","W8-2",11544,3099,"W8-2","2046.62158241758","775.824747252747","Hofbauer cells","Hofbauer cells","Slide-tags (SCP2601)",6790,2724,"Hofbauer cells",0,0,0,0,0,0,0,0,0,0,0,0,0.581978610874693,0,0,0,0.418021389125307,0.581978610874693,"-0.571823426229542","14.7363625459798",8,2046.62158241758,775.824747252747,"Hofbauer cells","LogNormalize","Hofbauer cells","author","Hofbauer cells","author",-0.236070149541256,-0.232084132471623,-0.573307278453023,0.0541357049909598,-0.475776794887881,-0.153024364898653,NA,NA,0.0541357049909598,"Endothelial","N5",-0.0241135799317578,0.0012384837092587,0.0656247100885008,0.545216031453779,3.50072979634745,964.620058722335,2869.00222873263,"bbox_scaled_and_y_flipped"
"W8-2_CAGAATCTCTACCTGC","W8-2",6584,2733,"W8-2","4440.75546666667","5074.43718095238","Hofbauer cells","Hofbauer cells","Slide-tags (SCP2601)",6418,2721,"myeloid_unknown",0,0,0,0,0,0,0,0,0,0,0,0,0.446865719191752,0,0,0,0.553134280808248,0.553134280808248,"-0.815943189603871","12.7276020937093",8,4440.75546666667,5074.43718095238,"Hofbauer cells","LogNormalize","Hofbauer cells","author","Hofbauer cells","author",-0.266025720630886,-0.27967216262759,-0.493857888008991,0.272004790511947,-0.700857160147469,-0.163350183799942,NA,NA,0.272004790511947,"Endothelial","N5",-0.0826212359265472,-0.0624707508080744,-0.0927291116035457,0.291982788023242,1.76388691768289,2261.22049820334,337.191009593394,"bbox_scaled_and_y_flipped"
"W8-2_CAGCATTAGCTCGCTT","W8-2",6191,2864,"W8-2","1559.33231666667","4451.56230555556","vCTB","vCTB","Slide-tags (SCP2601)",6162,2846,"vCTB1",0,0,0,0,0,0,0,0.207414088210082,0,0,0.637482793805426,0,0,0.155103117984493,0,0,0,0.637482793805426,"-8.58872187946517","5.86772498418171",8,1559.33231666667,4451.56230555556,"vCTB","LogNormalize","vCTB","author","vCTB","author",-0.273228795518804,-0.278939064185983,-0.472989110235219,-0.0662898657729902,-0.787695874938806,-0.138275686391182,NA,NA,-0.0662898657729902,"Endothelial","N3",-0.175527740429828,-0.0486359194000445,-0.0966715675176249,-0.100937719867843,-0.937709746534619,700.716907656424,704.053950128921,"bbox_scaled_and_y_flipped"
"W8-2_CAGCATTAGGTTACAC","W8-2",14749,3604,"W8-2","894.926218367347","2889.72585714286","STB","STB","Slide-tags (SCP2601)",6253,2336,"STB",0,0.0531747494148856,0,0,0,0.946825250585114,0,0,0,0,0,0,0,0,0,0,0,0.946825250585114,"3.86601983691972","3.41306599904377",8,894.926218367347,2889.72585714286,"STB","LogNormalize","STB","author","STB","author",-0.218119923439898,-0.0863917282961236,1.78816012696949,-0.0478480548983727,-0.684912306363789,-0.0859877685506176,NA,NA,1.78816012696949,"STB","N3",-0.0533939977263799,0.0865754648871229,-0.0546431012553388,-0.147370578507274,1.02499879159848,340.891901746633,1623.94963822392,"bbox_scaled_and_y_flipped"
"W8-2_CAGCCAATCCTAAGAC","W8-2",2524,1068,"W8-2","1828.83493333333","2887.78753333333","Endothelial","Endothelial","Slide-tags (SCP2601)",4985,1087,"Endothelial_cells",0,0,0,0,1,0,0,0,0,0,0,0,0,0,0,0,0,1,"10.7347778001003","4.47754678059894",8,1828.83493333333,2887.78753333333,"Endothelial","LogNormalize","Endothelial","author","Endothelial","author",0.316596009269863,0.0210232305030375,-0.123743509985362,-0.0193434009809376,0.190686557437442,-0.0620250363844229,NA,NA,0.316596009269863,"EVT","N3",-0.122487904728285,-0.0298971126028842,-0.0496281119292879,-0.184015173056666,-1.17903663060568,846.672492475721,1625.09127870512,"bbox_scaled_and_y_flipped"
"W8-2_CAGCCAATCTGTGCAG","W8-2",7553,2579,"W8-2","4834.62153846154","3322.8432","STB-progenitor","STB-progenitor","Slide-tags (SCP2601)",6521,2561,"vCTB1",0,0,0,0,0,0.288438159756957,0,0.16849785178251,0,0,0.432053603184601,0,0,0.111010385275931,0,0,0,0.432053603184601,"-9.51878226612288","4.58484277058918",8,4834.62153846154,3322.8432,"STB-progenitor","LogNormalize","STB-progenitor","author","STB-progenitor","author",-0.251451313211071,-0.0219013232358446,0.199116531794342,-0.0570689603356815,-0.692830895983667,-0.126928141183325,NA,NA,0.199116531794342,"STB","N3",-0.25453193824087,-0.0500662442143049,-0.0995821419828386,-0.0719144646028055,-1.21480229814535,2474.52808519572,1368.85072787491,"bbox_scaled_and_y_flipped"
"W8-2_CAGCCTAAGTAGAGGC","W8-2",9336,3956,"W8-2","3147.86729302326","2870.53791627907","vCTB","vCTB","Slide-tags (SCP2601)",6747,3922,"vCTB1",0,0,0,0,0,0,0.418389200999532,0,0.0139937689949404,0,0.567617030005527,0,0,0,0,0,0,0.567617030005527,"-5.97462809894759","5.63994368840534",8,3147.86729302326,2870.53791627907,"vCTB","LogNormalize","vCTB","author","vCTB","author",-0.174158648288336,0.0891249486637445,-0.693275247878592,-0.106498347232538,-0.635444080228347,-0.193786785365809,NA,NA,0.0891249486637445,"vCTB","N8",-0.199393121492352,-0.0962975306007256,0.0188056548440181,-0.22317670765434,-3.16754539008834,1561.02599981938,1635.25101621517,"bbox_scaled_and_y_flipped"
"W8-2_CAGCTAAGTGAGAAAC","W8-2",11233,2985,"W8-2","4840.01096","3769.77256","STB","STB","Slide-tags (SCP2601)",6686,2651,"STB",0,0.0168478155172316,0,0,0,0.983152184482768,0,0,0,0,0,0,0,0,0,0,0,0.983152184482768,"4.58756481792253","4.42700394917804",8,4840.01096,3769.77256,"STB","LogNormalize","STB","author","STB","author",-0.22253842879036,-0.278886981405864,1.46650291203611,-0.0721290006374269,-0.610313665053828,-0.135013980841894,NA,NA,1.46650291203611,"STB","N8",-0.177955661439997,0.00370423039410971,0.537179566853279,-0.122925466585832,-4.31784156318296,2477.44685527007,1105.61676918168,"bbox_scaled_and_y_flipped"
"W8-2_CAGCTATAGGCTATGT","W8-2",7944,2627,"W8-2","3549.70361538462","360.493653846154","STB","STB","Slide-tags (SCP2601)",6596,2606,"STB",0,0.114871913999269,0,0,0,0.88512808600073,0,0,0,0,0,0,0,0,0,0,0,0.88512808600073,"4.41455542232316","4.60396298695881",8,3549.70361538462,360.493653846154,"STB","LogNormalize","STB","author","STB","author",-0.276584277765086,-0.298121160451707,1.47604488030042,-0.0632536054024923,-0.762595243668992,-0.146114333141092,NA,NA,1.47604488030042,"STB","N8",-0.126579535933997,0.000877989271453772,0.140334521982681,-0.262045993240968,-2.44237663716829,1778.65006654386,3113.62533401667,"bbox_scaled_and_y_flipped"
"W8-2_CAGGAAGGTACGCGCA","W8-2",4781,2387,"W8-2","4229.86392682927","483.731473170732","vCTB","vCTB","Slide-tags (SCP2601)",5425,2374,"vCTB2",0,0,0,0,0,0,0,0.396762017582395,0,0,0.252529951374034,0,0,0.35070803104357,0,0,0,0.396762017582395,"-7.79628194187362","4.83213481236774",8,4229.86392682927,483.731473170732,"vCTB","LogNormalize","vCTB","author","vCTB","author",0.0459344945631186,0.0175280775646632,-0.338839054865661,-0.0407161873752671,-0.689866427760582,-0.135438605950897,NA,NA,0.0459344945631186,"EVT","N8",-0.113841823567887,0.0201444309373076,0.0725787699073378,-0.0765829496272569,-0.568650983892708,2147.0071432047,3041.04030840652,"bbox_scaled_and_y_flipped"
"W8-2_CAGGACCTCCCTCAGT","W8-2",5483,2241,"W8-2","1985.97215686275","1409.95520784314","vCTB","vCTB","Slide-tags (SCP2601)",5695,2228,"vCTB3",0,0,0,0,0,0,0,0.319979601663153,0,0,0.238444819313624,0,0,0.441575579023224,0,0,0,0.441575579023224,"-8.3805881819554","4.52442750264484",8,1985.97215686275,1409.95520784314,"vCTB","LogNormalize","vCTB","author","vCTB","author",-0.0069562314052099,0.15576390099331,0.0668098787073448,-0.0318636083153199,-0.594901936933048,-0.118894060828226,NA,NA,0.15576390099331,"vCTB","N5",-0.0716632277621114,0.146558400935276,-0.0613638520296227,-0.046126320218171,2.3766219443803,931.773912420318,2495.50993574661,"bbox_scaled_and_y_flipped"
"W8-2_CAGGACCTCGTGCTTC","W8-2",7341,2797,"W8-2","1967.21442857143","729.533842857143","FIB2","FIB2","Slide-tags (SCP2601)",6567,2761,"Fibroblast2",1,0,0,0,0,0,0,0,0,0,0,0,0,0,0,0,0,1,"12.1590083756618","-4.86805573176068",8,1967.21442857143,729.533842857143,"FIB2","LogNormalize","FIB2","author","FIB2","author",0.0813068994323473,-0.302117324168152,-0.4842226104076,-0.0728177412171656,0.712928873872179,-0.152454041106012,NA,NA,0.712928873872179,"Fibroblast","N8",-0.0459807454619017,0.0633467142026961,0.0324539749836389,-0.065831694771239,0.710573714192866,921.615216239541,2896.26680140592,"bbox_scaled_and_y_flipped"
"W8-2_CAGGCTGGTGCGCATG","W8-2",6037,2809,"W8-2","5049.91288888889","3514.09995555556","vCTB","vCTB","Slide-tags (SCP2601)",6009,2786,"vCTB3",0,0,0,0,0,0,0,0.25829728855093,0,0,0.199358264564627,0,0,0.542344446884442,0,0,0,0.542344446884442,"-8.08272469852645","4.64786681462604",8,5049.91288888889,3514.09995555556,"vCTB","LogNormalize","vCTB","author","vCTB","author",-0.288655911463364,-0.116737733153989,-0.471772903380048,-0.0798192278894882,-0.790293817349971,-0.151514892047518,NA,NA,-0.0798192278894882,"Endothelial","N1",-0.148527329938734,-0.0615233721954264,-0.0910288097448064,-0.189888469755512,-1.52915082296326,2591.12426280177,1256.20368027053,"bbox_scaled_and_y_flipped"
"W8-2_CAGGTCCAGCGCATTG","W8-2",9768,3242,"W8-2","1375.79895584416","3192.11366233766","Hofbauer cells","Hofbauer cells","Slide-tags (SCP2601)",6782,3186,"Hofbauer cells",0,0,0,0,0,0,0,0,0,0,0,0,0.599258103200818,0,0,0,0.400741896799182,0.599258103200818,"-0.274559073788708","13.4909821443685",8,1375.79895584416,3192.11366233766,"Hofbauer cells","LogNormalize","Hofbauer cells","author","Hofbauer cells","author",-0.279929531868993,-0.295066025440321,-0.665843255557526,0.0582541283185549,-0.717674321303486,-0.0626083817732744,NA,NA,0.0582541283185549,"Endothelial","N8",-0.22073699320779,-0.00790496071793649,-0.0900049014705148,0.394083766656814,2.30436263615099,601.320028531374,1445.84825096669,"bbox_scaled_and_y_flipped"
"W8-2_CAGGTCCAGTGACCTG","W8-2",3778,1918,"W8-2","3234.18612080537","4220.84138255033","FIB2","FIB2","Slide-tags (SCP2601)",5358,1901,"Fibroblast2",1,0,0,0,0,0,0,0,0,0,0,0,0,0,0,0,0,1,"11.2034734406642","-6.37317743967694",8,3234.18612080537,4220.84138255033,"FIB2","LogNormalize","FIB2","author","FIB2","author",0.149826419691157,-0.159668441723381,0.00201652787334572,-0.0322068386926843,1.94303664185345,0.0418107647507571,NA,NA,1.94303664185345,"Fibroblast","N5",-0.192979910651387,0.0207159098004997,-0.0630650994243362,0.0688559516965846,0.708696849246086,1607.77402455354,839.944735903263,"bbox_scaled_and_y_flipped"
"W8-2_CAGGTTAGTCCTGATT","W8-2",6962,3021,"W8-2","2962.32918518519","2154.09635978836","vCTB","vCTB","Slide-tags (SCP2601)",6553,3001,"vCTB1",0,0,0,0,0,0,0,0.32525941564293,0,0,0.432309949869271,0,0,0.242430634487798,0,0,0,0.432309949869271,"-7.84847749088485","5.11424931813556",8,2962.32918518519,2154.09635978836,"vCTB","LogNormalize","vCTB","author","vCTB","author",-0.131847307325005,0.155530057944888,-0.477731905324236,-0.0617457433922322,-0.838481174620157,-0.137607218550462,NA,NA,0.155530057944888,"vCTB","N3",-0.219216892199181,-0.0695149455412957,-0.0947165606855406,0.116066130617626,-0.164406124907077,1460.54340202232,2057.22317550091,"bbox_scaled_and_y_flipped"
"W8-2_CAGGTTTAGGTTTGCG","W8-2",19337,5312,"W8-2","1563.952","1026.1026","vCTB","vCTB","Slide-tags (SCP2601)",6069,3044,"vCTB1",0,0,0,0,0,0,0,0.00901818853848375,0,0,0.728713019104423,0,0,0.262268792357094,0,0,0,0.728713019104423,"-7.68310225818831","6.07208689977008",8,1563.952,1026.1026,"vCTB","LogNormalize","vCTB","author","vCTB","author",-0.160886521722679,0.342682801593469,-0.550028353611264,-0.058469257670146,-0.863840128996153,-0.159476363454308,NA,NA,0.342682801593469,"vCTB","N8",-0.230194311019289,-0.0470973381191882,-0.0758021597857251,-0.216008357122507,-2.05612751588131,703.21880760432,2721.59273665563,"bbox_scaled_and_y_flipped"
"W8-2_CAGTATGGTCTAACCT","W8-2",3263,1635,"W8-2","4339.9001875","4245.743875","EVT","EVT","Slide-tags (SCP2601)",5521,1626,"EVT2",0,0.104623841401776,0.669995361163062,0.193150989881603,0,0,0,0,0.0322298075535583,0,0,0,0,0,0,0,0,0.669995361163062,"-2.38781417225081","4.53824958134967",8,4339.9001875,4245.743875,"EVT","LogNormalize","EVT","author","EVT","author",0.647288809926326,-0.0461616586812209,-0.515003826857294,-0.0448852645160988,-0.58028428905348,-0.116135308644932,NA,NA,0.647288809926326,"EVT","N7",0.00589108067639166,0.211050151477599,-0.0642362781069609,-0.285964720194497,2.24697923902457,2206.59991071163,825.277582085364,"bbox_scaled_and_y_flipped"
"W8-2_CAGTATGGTTTCGCCA","W8-2",6153,2157,"W8-2","3310.88371428571","513.810291428571","STB","STB","Slide-tags (SCP2601)",6118,2141,"STB",0,0.0333987822626944,0,0,0,0.966601217737305,0,0,0,0,0,0,0,0,0,0,0,0.966601217737305,"5.01304947521012","4.32764300633747",8,3310.88371428571,513.810291428571,"STB","LogNormalize","STB","author","STB","author",-0.240557794386938,0.0541551983857209,1.42414451310477,-0.0599771196804061,-0.64442731210786,-0.114030613789669,NA,NA,1.42414451310477,"STB","N3",-0.130700110489272,0.0204838850379439,0.436249183826814,-0.128093558258474,-3.22860059771042,1649.31143984514,3023.32438479204,"bbox_scaled_and_y_flipped"
"W8-2_CAGTATGGTTTGGTTC","W8-2",979,435,"W8-2","1947.15047058824","870.688176470588","STB","STB","Slide-tags (SCP2601)",4739,1371,"STB",0,0.120456919658757,0,0,0,0.879543080341243,0,0,0,0,0,0,0,0,0,0,0,0.879543080341243,"4.37324177409928","2.12373790074665",8,1947.15047058824,870.688176470588,"STB","LogNormalize","STB","author","STB","author",-0.169564307617688,-0.194822585517665,1.49185617249205,-0.00863972953336577,-0.118468043432059,-0.0135523277049613,NA,NA,1.49185617249205,"STB","N5",-0.141679090148016,-0.0155254758198108,-0.0170818194360671,-0.177288497593445,-1.25797968792653,910.74910014224,2813.12924690788,"bbox_scaled_and_y_flipped"
"W8-2_CATAACGGTTGGTTCT","W8-2",217,192,"W8-2","2064.42209433962","4455.13766037736","STB","STB","Slide-tags (SCP2601)",4315,2434,"STB",0,0.123475300474564,0.0355136268743426,0,0,0.66732219272001,0.120747854858204,0.0487063053214183,0.00423471975146107,0,0,0,0,0,0,0,0,0.66732219272001,"-2.94782412861068","-8.80580225657147",8,2064.42209433962,4455.13766037736,"STB","LogNormalize","STB","author","STB","author",-0.092370761239222,0.0010950043005063,0.44767197839319,-0.0112023786757163,-0.219081392370441,-0.0425724993268156,NA,NA,0.44767197839319,"STB","N3",-0.081312916563676,-0.00870369758263444,0.0870597401048349,0.164172453033199,0.600207929816359,974.260351494994,701.948125612323,"bbox_scaled_and_y_flipped"
"W8-2_CATAGACTCCAGGTTG","W8-2",734,578,"W8-2","605.401210909091","3915.92174545455","STB","STB","Slide-tags (SCP2601)",4579,1745,"STB",0,0.09135909361791,0,0,0,0.90864090638209,0,0,0,0,0,0,0,0,0,0,0,0.90864090638209,"3.52248894359391","1.56414386559803",8,605.401210909091,3915.92174545455,"STB","LogNormalize","STB","author","STB","author",-0.0490019524127572,0.110401935277888,0.602503502954525,-0.00673172628318223,-0.25650253594318,-0.0310682606589761,NA,NA,0.602503502954525,"STB","N5",-0.0174084229770805,-0.0198142578858273,-0.0216395565688206,-0.251197376411079,-1.02391293340167,184.092712536353,1019.53733003498,"bbox_scaled_and_y_flipped"
"W8-2_CATAGACTCCGTTAAA","W8-2",2874,1228,"W8-2","2853.25019047619","5145.88819047619","STB","STB","Slide-tags (SCP2601)",5437,1222,"STB",0,0.13460276832721,0,0,0,0.86539723167279,0,0,0,0,0,0,0,0,0,0,0,0.86539723167279,"4.45968138362687","2.67912372876484",8,2853.25019047619,5145.88819047619,"STB","LogNormalize","STB","author","STB","author",-0.197360751361272,0.0730874277504397,1.53050205680715,-0.0249947823187899,-0.296546379788609,-0.100189924544359,NA,NA,1.53050205680715,"STB","N5",0.0976888585584792,0.173446185625852,0.187810585361108,-0.0952687666555408,1.86085771498215,1401.46906478148,295.107553519752,"bbox_scaled_and_y_flipped"
"W8-2_CATCAATCAACTGGCT","W8-2",6277,2204,"W8-2","2696.18096453901","2652.28570212766","STB","STB","Slide-tags (SCP2601)",6194,2187,"STB",0,0.0537387850671992,0,0,0,0.9462612149328,0,0,0,0,0,0,0,0,0,0,0,0.9462612149328,"4.90389334346574","3.99312218953449",8,2696.18096453901,2652.28570212766,"STB","LogNormalize","STB","author","STB","author",-0.231577991448341,-0.251424941812176,1.28006808377932,-0.0457362008091823,-0.700487386879367,-0.107744277031621,NA,NA,1.28006808377932,"STB","N3",-0.0675959905002376,0.251216746339887,0.355806518665186,-0.128515553979622,0.710953470792401,1316.40447055852,1763.79793988257,"bbox_scaled_and_y_flipped"
"W8-2_CATCAGCCACAAAGGT","W8-2",10243,3022,"W8-2","3716.092375","464.24578125","STB","STB","Slide-tags (SCP2601)",6775,2948,"STB",0,0,0,0,0,0.999999999999999,0,0,0,0,0,0,0,0,0,0,0,0.999999999999999,"4.5817593255214","3.95736989308674",8,3716.092375,464.24578125,"STB","LogNormalize","STB","author","STB","author",-0.290030566316857,-0.285744456159811,1.72550323452013,-0.0518110013751878,-0.777176581763654,-0.131347894411571,NA,NA,1.72550323452013,"STB","N8",-0.187002100268583,0.0769109513356013,-0.0736776704967307,-0.192402780307319,-0.0228115400234903,1868.76187702419,3052.51705681743,"bbox_scaled_and_y_flipped"
"W8-2_CATCATGCAAACCTAT","W8-2",19045,4678,"W8-2","2345.71028070175","955.016224561404","vCTB","vCTB","Slide-tags (SCP2601)",6134,2688,"vCTB1",0,0,0,0,0,0,0,0.103718179061884,0,0,0.592427143007537,0,0,0.303854677930578,0,0,0,0.592427143007537,"-8.67625773761947","6.54763182927448",8,2345.71028070175,955.016224561404,"vCTB","LogNormalize","vCTB","author","vCTB","author",-0.294126121437245,-0.297218031046024,-0.56928302865167,-0.037464797653178,-0.813862051030367,-0.134792579397168,NA,NA,-0.037464797653178,"Endothelial","N5",-0.260232174776595,0.0197499625230379,-0.0814289812192452,0.226846322618007,1.38191565654476,1126.59869333019,2763.4614293185,"bbox_scaled_and_y_flipped"
"W8-2_CATCCTCAGGCGAATA","W8-2",3746,2025,"W8-2","5217.72204444444","2151.00502222222","EVT-progenitor","EVT-progenitor","Slide-tags (SCP2601)",5260,2016,"EVT2",0,0,1,0,0,0,0,0,0,0,0,0,0,0,0,0,0,1,"-3.54352391575057","2.52044352818805",8,5217.72204444444,2151.00502222222,"EVT-progenitor","LogNormalize","EVT-progenitor","author","EVT-progenitor","author",0.721162043003289,1.26430607920874,0.280023927123546,-0.0564626884317414,-0.549621279395538,-0.128358238656753,NA,NA,1.26430607920874,"vCTB","N7",0.469881821524812,0.123315098430363,-0.0685876888555783,-0.123562862800905,4.73897363737254,2682.00532265967,2059.0439219052,"bbox_scaled_and_y_flipped"
"W8-2_CATGCAAGTAATGGCC","W8-2",5977,2285,"W8-2","4372.76406122449","3392.54836734694","STB","STB","Slide-tags (SCP2601)",5972,2273,"STB",0,0.107826611722696,0,0,0,0.892173388277305,0,0,0,0,0,0,0,0,0,0,0,0.892173388277305,"4.38390432979386","4.35810622502643",8,4372.76406122449,3392.54836734694,"STB","LogNormalize","STB","author","STB","author",-0.230176722517597,-0.252899183792123,0.822418095199313,0.0833290994881336,-0.675773507613595,-0.106924428319966,NA,NA,0.822418095199313,"STB","N4",-0.0681827292629842,0.0203277278350069,0.0719808177491967,0.329306357605253,2.1567121387831,2224.39812717503,1327.79554380263,"bbox_scaled_and_y_flipped"
"W8-2_CATGCGCAGTGAGCAA","W8-2",16770,3717,"W8-2","4522.21945882353","5036.07590588235","STB-progenitor","STB-progenitor","Slide-tags (SCP2601)",6145,2108,"STB",0,0,0,0,0,1,0,0,0,0,0,0,0,0,0,0,0,1,"1.87293433334153","1.32315608788807",8,4522.21945882353,5036.07590588235,"STB-progenitor","LogNormalize","STB-progenitor","author","STB-progenitor","author",-0.222936595444831,-0.2919588179865,0.233540620012831,-0.0437547275707748,-0.737253706423143,-0.0988389111010716,NA,NA,0.233540620012831,"STB","N5",-0.058981333640777,0.0219256276095559,0.0830463275981587,-0.136735608273588,-0.660347616032427,2305.33927064433,359.785162497566,"bbox_scaled_and_y_flipped"
"W8-2_CATTATGAGACCATAC","W8-2",30401,6646,"W8-2","3091.21869230769","4790.65307692308","vCTB","vCTB","Slide-tags (SCP2601)",6231,3327,"vCTB1",0,0,0,0,0,0,0.272679247471443,0,0,0,0.727320752528557,0,0,0,0,0,0,0.727320752528557,"-6.71766150806624","6.45817384053547",8,3091.21869230769,4790.65307692308,"vCTB","LogNormalize","vCTB","author","vCTB","author",-0.284464496470462,-0.31993123302393,-0.718976324256163,-0.0860015931312893,-0.809004548482745,-0.163312880539937,NA,NA,-0.0860015931312893,"Endothelial","N5",-0.280001433175413,-0.0599951714353595,-0.101777109533415,-0.0093509681601347,-1.10058476912064,1530.34659585328,504.335126323263,"bbox_scaled_and_y_flipped"
"W8-2_CATTCATTCTTGTTCG","W8-2",5518,1896,"W8-2","2942.46386206897","5020.74365517241","FIB1","FIB1","Slide-tags (SCP2601)",5699,1878,"Fibroblast1",0,0,0,0,0,0,0,0,0,1,0,0,0,0,0,0,0,1,"10.5015710511379","-11.6237916059367",8,2942.46386206897,5020.74365517241,"FIB1","LogNormalize","FIB1","author","FIB1","author",0.433403078249506,-0.199765817469235,-0.46072659322024,-0.0464249413889208,-0.136573472216273,-0.109129533256744,NA,NA,0.433403078249506,"EVT","N5",-0.0478141844464723,-0.0429211166998269,-0.0695525411540669,-0.0913154925676279,-0.240969236630456,1449.78486138581,368.815603124816,"bbox_scaled_and_y_flipped"
"W8-2_CATTCCTCAGGCGAGT","W8-2",2244,1241,"W8-2","5032.73792307692","4668.23207692308","EVT-progenitor","EVT-progenitor","Slide-tags (SCP2601)",4734,1320,"EVT2",0,0,1,0,0,0,0,0,0,0,0,0,0,0,0,0,0,1,"-3.80421770427901","2.20420798589069",8,5032.73792307692,4668.23207692308,"EVT-progenitor","LogNormalize","EVT-progenitor","author","EVT-progenitor","author",0.594707766547083,1.6603736615145,0.102680255243682,-0.0419883836839584,-0.405869084315588,-0.0950590469921602,NA,NA,1.6603736615145,"vCTB","N7",0.37910554672331,0.103012582112917,-0.0691859595890756,-0.212773541004506,3.41208309685458,2581.82274947941,576.439058938441,"bbox_scaled_and_y_flipped"
"W8-2_CATTCCTCAGGTTAAA","W8-2",8373,3310,"W8-2","3277.57554098361","2229.99681967213","vCTB","vCTB","Slide-tags (SCP2601)",6656,3293,"vCTB2",0,0,0,0,0,0,0,0.48754551491967,0,0,0.0554062649770602,0,0,0.45704822010327,0,0,0,0.48754551491967,"-7.58902562473494","4.32620915700275",8,3277.57554098361,2229.99681967213,"vCTB","LogNormalize","vCTB","author","vCTB","author",0.159892772080984,0.521647633981298,-0.558426088624299,-0.0812446212239498,-0.77812112240982,-0.188849922660445,NA,NA,0.521647633981298,"vCTB","N8",-0.235778196911726,-0.0066701776872425,-0.107820521187277,-0.367761200069017,-2.26841533519625,1631.272602324,2012.51906717864,"bbox_scaled_and_y_flipped"
"W8-2_CCAAACTAGCCGCAGT","W8-2",12739,3991,"W8-2","5432.22456140351","3601.48505380117","vCTB","vCTB","Slide-tags (SCP2601)",6504,3079,"vCTB2",0,0,0,0,0,0,0,0.85240259500695,0,0,0.0415721954936412,0,0,0.106025209499409,0,0,0,0.85240259500695,"-6.87787450168807","3.72563132573444",8,5432.22456140351,3601.48505380117,"vCTB","LogNormalize","vCTB","author","vCTB2","author_refined_to_predicted",-0.23740741895889,0.37135769187096,-0.455494886878384,-0.0906760963628304,-0.680601112345977,-0.150928176609524,NA,NA,0.37135769187096,"vCTB","N8",-0.0588273705507391,-0.0158892103784665,-0.0898758244282397,-0.167569906767617,-0.278573482933776,2798.17428864302,1204.7353109918,"bbox_scaled_and_y_flipped"
"W8-2_CCAAATCAGGGTTAGA","W8-2",10540,3413,"W8-2","1796.99580952381","4580.05476190476","vCTB","vCTB","Slide-tags (SCP2601)",6818,3297,"vCTB1",0,0,0,0,0,0,0,0.176069950593695,0,0,0.519546945609397,0,0,0.304383103796908,0,0,0,0.519546945609397,"-9.11725867603499","5.57945451070148",8,1796.99580952381,4580.05476190476,"vCTB","LogNormalize","vCTB","author","vCTB","author",-0.295884822633703,-0.333143710206936,-0.615724573054526,-0.077254298922128,-0.838054348177588,-0.187361628615402,NA,NA,-0.077254298922128,"Endothelial","N3",-0.299713926275093,-0.0756089149344661,-0.101987830564731,-0.220816545080302,-2.70122945936358,829.429253826575,628.37403071835,"bbox_scaled_and_y_flipped"
"W8-2_CCAAGGCTCATGTTTC","W8-2",5282,2260,"W8-2","2980.26541071429","1646.19823214286","FIB2","FIB2","Slide-tags (SCP2601)",5588,2229,"Fibroblast2",0.954245247067337,0,0,0,0,0,0,0,0,0,0,0,0,0,0,0.0457547529326626,0,0.954245247067337,"11.7182048478298","-4.36490193079632",8,2980.26541071429,1646.19823214286,"FIB2","LogNormalize","FIB2","author","FIB2","author",0.198375041683688,-0.197330333231215,-0.310412896272806,-0.0536871897628094,1.50502195607549,-0.114246310539764,NA,NA,1.50502195607549,"Fibroblast","N5",-0.13095596082771,-0.0493323216993988,-0.0782917493834175,-0.257282252188866,-1.75297127307897,1470.25719374326,2356.36672416598,"bbox_scaled_and_y_flipped"
"W8-2_CCAATATCATAGTCAT","W8-2",8323,3396,"W8-2","3441.28813333333","569.653900952381","vCTB","vCTB","Slide-tags (SCP2601)",6684,3377,"vCTB3",0,0,0,0,0,0,0,0.0613686224139412,0,0,0.395058943818916,0,0,0.543572433767143,0,0,0,0.543572433767143,"-7.89274705265242","6.15089043904621",8,3441.28813333333,569.653900952381,"vCTB","LogNormalize","vCTB","author","vCTB","author",-0.110980981602076,0.130328648879992,-0.347873617892212,-0.0799177938777093,-0.784245142077711,-0.183291908590203,NA,NA,0.130328648879992,"vCTB","N8",-0.294115775176156,-0.0785923504966213,0.021786707570814,-0.218840840091475,-3.46497062813656,1719.93507044483,2990.43342770059,"bbox_scaled_and_y_flipped"
"W8-2_CCACAATAGGCTTAGT","W8-2",18803,3984,"W8-2","1583.33460348837","3441.64696511628","STB","STB","Slide-tags (SCP2601)",6128,2192,"STB",0,0.0420595361241895,0,0,0,0.957940463875811,0,0,0,0,0,0,0,0,0,0,0,0.957940463875811,"4.39141546870988","3.24776133824665",8,1583.33460348837,3441.64696511628,"STB","LogNormalize","STB","author","STB","author",-0.205608070338584,-0.25684979612818,1.54980081180356,-0.0234618243085327,-0.675389560154128,-0.0861897977712975,NA,NA,1.54980081180356,"STB","N8",-0.124677215577215,-0.036359658060171,0.272896147704998,-0.0373877677777433,-2.39076352818794,713.715919886405,1298.87728643616,"bbox_scaled_and_y_flipped"
"W8-2_CCACACAAGCCTGAGC","W8-2",4647,2169,"W8-2","2087.27683333333","1824.42816666667","FIB2","FIB2","Slide-tags (SCP2601)",5475,2149,"Fibroblast2",1,0,0,0,0,0,0,0,0,0,0,0,0,0,0,0,0,1,"12.0160049119167","-5.75603857706707",8,2087.27683333333,1824.42816666667,"FIB2","LogNormalize","FIB2","author","FIB2","author",0.221313208132285,-0.197547914509113,-0.0596478098246763,-0.0579705504420015,0.800644606196221,-0.0981491353358253,NA,NA,0.800644606196221,"Fibroblast","N5",0.0110640303512133,-0.0576894516041046,-0.0750098801306768,-0.206731877330674,-0.766648004339929,986.637881765304,2251.39225745755,"bbox_scaled_and_y_flipped"
"W8-2_CCAGCTAAGCTGCACA","W8-2",12307,4435,"W8-2","1947.04987412587","621.211162937063","Hofbauer cells","Hofbauer cells","Slide-tags (SCP2601)",6928,3761,"myeloid_unknown",0,0,0,0,0,0,0,0,0,0,0,0,0.465664146918449,0,0,0,0.534335853081551,0.534335853081551,"-0.605177559597081","13.4246998720296",8,1947.04987412587,621.211162937063,"Hofbauer cells","LogNormalize","Hofbauer cells","author","Hofbauer cells","author",-0.0568671368050935,-0.275002883699564,-0.616112664148703,-0.13001708240363,-0.322613716322599,0.0110265728774202,NA,NA,0.0110265728774202,"Macrophage","N8",0.0348819268556727,-0.0508332283252257,0.0088069722690631,0.402963900013261,2.63352328899828,910.694619723172,2960.06705800939,"bbox_scaled_and_y_flipped"
"W8-2_CCAGCTAAGGCTGGCT","W8-2",4062,1526,"W8-2","4254.41490625","2842.176296875","STB","STB","Slide-tags (SCP2601)",5471,1519,"STB",0,0.094657131002601,0,0,0,0.905342868997399,0,0,0,0,0,0,0,0,0,0,0,0.905342868997399,"4.00575195934098","3.4121437959798",8,4254.41490625,2842.176296875,"STB","LogNormalize","STB","author","STB","author",-0.154954761597616,-0.174173326148113,0.927202304670161,-0.0475621971968097,-0.52568966898265,-0.0775526102342591,NA,NA,0.927202304670161,"STB","N4",-0.0407287125056916,0.027358485211989,0.656210952965571,-0.144565467123143,-4.08658458772432,2160.3033130288,1651.95553826914,"bbox_scaled_and_y_flipped"
"W8-2_CCAGGAACATCTTGAG","W8-2",2928,1262,"W8-2","1350.133403125","1855.47065625","STB","STB","Slide-tags (SCP2601)",5488,1255,"STB",0,0.112198251601071,0,0,0,0.887801748398929,0,0,0,0,0,0,0,0,0,0,0,0.887801748398929,"4.81322609569352","3.33214482594806",8,1350.133403125,1855.47065625,"STB","LogNormalize","STB","author","STB","author",-0.176460579332912,-0.205519510865675,1.84308589392181,0.198585337040861,-0.526700809966411,-0.0712929963965942,NA,NA,1.84308589392181,"STB","N8",-0.0184494355191592,0.204383457342707,0.358447773318391,-0.252986043967855,-0.403783712637365,587.42023489238,2233.10874746234,"bbox_scaled_and_y_flipped"
"W8-2_CCATAAGGTCGTAAAT","W8-2",3863,2254,"W8-2","1803.72483050847","3110.24047457627","vCTB","vCTB","Slide-tags (SCP2601)",5269,2236,"vCTBp",0,0,0,0,0,0,0.583497466664171,0.317936575644021,0,0,0.0985659576918073,0,0,0,0,0,0,0.583497466664171,"-9.21565306995589","2.3575988702901",8,1803.72483050847,3110.24047457627,"vCTB","LogNormalize","vCTB","author","vCTB","author",-0.214233304705188,-0.20411019236459,-0.520491532786456,-0.0615651705414551,-0.560173407194243,-0.124813143589641,NA,NA,-0.0615651705414551,"Endothelial","N3",-0.0670241409791835,-0.0606687382200105,-0.0779022612298325,0.0390395572882757,0.253333699247612,833.07351600564,1494.07019665687,"bbox_scaled_and_y_flipped"
"W8-2_CCATAATCAACAGGAT","W8-2",8598,3182,"W8-2","1818.49169014085","1528.4811971831","Hofbauer cells","Hofbauer cells","Slide-tags (SCP2601)",6665,3151,"Hofbauer cells",0,0,0,0,0,0,0,0,0,0,0,0,0.506000778674854,0,0,0,0.493999221325146,0.506000778674854,"-0.668840058786458","15.301235287679",8,1818.49169014085,1528.4811971831,"Hofbauer cells","LogNormalize","Hofbauer cells","author","Hofbauer cells","author",-0.285308452729524,-0.281062436449954,-0.505741394758633,-0.0744559840782087,-0.559074493521742,-0.174631860948965,NA,NA,-0.0744559840782087,"Endothelial","N8",0.0429592939450973,0.15448478808869,-0.102014932631488,0.268377199276058,5.29484910790888,841.07086185796,2425.70009961951,"bbox_scaled_and_y_flipped"
"W8-2_CCATCACTCATGGCCA","W8-2",2726,1377,"W8-2","2671.13636363636","4343.95127272727","EVT","EVT","Slide-tags (SCP2601)",5124,1370,"EVT3",0,0.0770717349755882,0.306353233707132,0.584071016416562,0,0,0.0237091192235325,0,0,0,0.0087948956771847,0,0,0,0,0,0,0.584071016416562,"-3.27447069500167","4.88011798192341",8,2671.13636363636,4343.95127272727,"EVT","LogNormalize","EVT","author","EVT","author",-0.20341141207889,-0.181144519127939,-0.486641691748059,-0.0350348091866202,-0.522106294110748,-0.0898731006923212,NA,NA,-0.0350348091866202,"Endothelial","N8",-0.0835322652635659,-0.0469650536675167,-0.0526522030621388,0.0486450742552491,0.243510381514009,1302.84096822031,767.435058433057,"bbox_scaled_and_y_flipped"
"W8-2_CCCAAACCAGCATGGA","W8-2",10544,3748,"W8-2","2958.22431034483","2772.28324137931","vCTB","vCTB","Slide-tags (SCP2601)",6898,3614,"vCTB1",0,0,0,0,0,0,0,0.301607052064722,0,0,0.427136228479288,0,0,0.271256719455989,0,0,0,0.427136228479288,"-8.57493842457015","6.22343978215534",8,2958.22431034483,2772.28324137931,"vCTB","LogNormalize","vCTB","author","vCTB","author",-0.182392691266926,0.0789255829408605,-0.515703961802837,-0.0752728256837204,-0.668715801762345,-0.183078045133778,NA,NA,0.0789255829408605,"vCTB","N3",-0.252910342515748,-0.0240037248917803,-0.102927837823222,-0.227424957290112,-1.77840449853731,1458.32030892087,1693.12138533566,"bbox_scaled_and_y_flipped"
"W8-2_CCCAAACCAGTATGTT","W8-2",10364,3034,"W8-2","1336.74867179487","1038.78513333333","STB","STB","Slide-tags (SCP2601)",6721,2935,"STB",0,0.101130278245801,0,0,0,0.898869721754199,0,0,0,0,0,0,0,0,0,0,0,0.898869721754199,"4.10246168758195","4.15693387318927",8,1336.74867179487,1038.78513333333,"STB","LogNormalize","STB","author","STB","author",-0.253840080973433,-0.145086449032858,1.53554471580223,-0.0542683656667524,-0.760701209144191,-0.12637076617055,NA,NA,1.53554471580223,"STB","N8",-0.181270510104257,0.0739420452404846,0.438849158299803,-0.183028313203184,-3.1525137484421,580.171413663477,2714.12293548707,"bbox_scaled_and_y_flipped"
"W8-2_CCCGTAAAGTCACTCC","W8-2",28374,4931,"W8-2","4261.48347663551","3607.56039252336","STB","STB","Slide-tags (SCP2601)",6214,2293,"STB",0,0.0417892848957599,0,0,0,0.958210715104241,0,0,0,0,0,0,0,0,0,0,0,0.958210715104241,"4.54780995036882","4.51678523351032",8,4261.48347663551,3607.56039252336,"STB","LogNormalize","STB","author","STB","author",-0.239912505478005,-0.0964538484376996,1.75970461583271,-0.0460794311865467,-0.705817938748509,-0.108550458213861,NA,NA,1.75970461583271,"STB","N5",-0.212793288341898,0.0937509617096904,0.335796145874569,-0.0586094753093038,-1.6753700372109,2164.13146630321,1201.1570375433,"bbox_scaled_and_y_flipped"
"W8-2_CCCTAATGTGAATCGC","W8-2",5682,2211,"W8-2","1552.0532","1298.855","STB","STB","Slide-tags (SCP2601)",5773,2197,"STB",0,0.133875512152552,0,0,0,0.866124487847448,0,0,0,0,0,0,0,0,0,0,0,0.866124487847448,"4.79071938182634","3.12238439847309",8,1552.0532,1298.855,"STB","LogNormalize","STB","author","STB","author",-0.228536706621039,-0.0871483990113297,1.22290910853818,-0.0489051218554728,-0.621042097394485,-0.0977663848189913,NA,NA,1.22290910853818,"STB","N8",-0.154867580876325,0.0227678065910579,0.0777367162249919,0.0696626772068612,0.0854482856819176,696.77472801011,2560.94611009459,"bbox_scaled_and_y_flipped"
"W8-2_CCCTCACCAAGCTTTG","W8-2",18521,4859,"W8-2","2033.54489705882","2434.23330882353","vCTB","vCTB","Slide-tags (SCP2601)",6023,2694,"vCTB1",0,0,0,0,0,0,0,0.0713888921470616,0,0,0.885068887541114,0,0,0.0435422203118239,0,0,0,0.885068887541114,"-9.07520926807601","6.77186164189655",8,2033.54489705882,2434.23330882353,"vCTB","LogNormalize","vCTB","author","vCTB1","author_refined_to_predicted",-0.289887239778348,-0.154230053812184,-0.360927981006419,-0.0330259601232059,-0.697667938163866,-0.150030248111759,NA,NA,-0.0330259601232059,"Endothelial","N5",-0.259038318947367,0.0622255441600776,0.152262909154613,-0.0566600952501096,-1.21055828629668,957.538067153413,1892.2271723948,"bbox_scaled_and_y_flipped"
"W8-2_CCCTCACCATTATGGT","W8-2",3181,1221,"W8-2","3055.5464","5237.28645","FIB2","FIB2","Slide-tags (SCP2601)",5321,1214,"Fibroblast2",0.941331307770559,0,0,0,0,0,0,0,0,0.0586686922294412,0,0,0,0,0,0,0,0.941331307770559,"10.7002366700343","-4.51853790949505",8,3055.5464,5237.28645,"FIB2","LogNormalize","FIB2","author","FIB2","author",0.500642455219468,-0.177715435507176,0.328698428130415,-0.0370162824250277,0.930847682479865,-0.0869671330407102,NA,NA,0.930847682479865,"Fibroblast","N5",-0.051732937673843,-0.0362524388301374,-0.0791165279715866,0.395330840130955,2.83219393376033,1511.02741316774,241.275499004193,"bbox_scaled_and_y_flipped"
"W8-2_CCCTGGACAACGTGCT","W8-2",9576,3554,"W8-2","1769.69155","4784.3616","FIB2","FIB2","Slide-tags (SCP2601)",6777,3493,"Fibroblast2",1,0,0,0,0,0,0,0,0,0,0,0,0,0,0,0,0,1,"11.9719556489162","-6.96334877680462",8,1769.69155,4784.3616,"FIB2","LogNormalize","FIB2","author","FIB2","author",0.73635954641735,0.126589835332365,-0.553316238219973,-0.0895137445549444,1.0704630730473,-0.156740826458004,NA,NA,1.0704630730473,"Fibroblast","N3",0.305689234972198,0.0829977156188198,0.14451169740819,-0.0306457714260583,2.502114714617,814.641979342392,508.040701576787,"bbox_scaled_and_y_flipped"
"W8-2_CCGATGCAGCCTGATG","W8-2",12114,3839,"W8-2","1964.82659064327","3187.17231578947","FIB2","FIB2","Slide-tags (SCP2601)",6755,3134,"Fibroblast2",0.973009468571728,0,0,0,0,0,0,0,0,0,0,0,0,0,0,0.0269905314282719,0,0.973009468571728,"12.2793277421169","-4.67144528101605",8,1964.82659064327,3187.17231578947,"FIB2","LogNormalize","FIB2","author","FIB2","author",0.118142806232963,-0.303670597020196,-0.407187885555169,-0.106555258095097,1.40969942372656,-0.179303516121247,NA,NA,1.40969942372656,"Fibroblast","N3",0.16319143001018,-0.083503859679138,-0.0918876302093674,-0.0546362552979503,0.784308631685121,920.322025525592,1448.75862188785,"bbox_scaled_and_y_flipped"
"W8-2_CCGATGCAGTAACGAG","W8-2",7988,3039,"W8-2","1795.80811111111","4529.25931481481","vCTB","vCTB","Slide-tags (SCP2601)",6704,3025,"vCTB1",0,0,0,0,0,0,0,0.269880287652411,0,0,0.424152983701486,0,0,0.305966728646102,0,0,0,0.424152983701486,"-8.63177073810775","5.55067977238971",8,1795.80811111111,4529.25931481481,"vCTB","LogNormalize","vCTB","author","vCTB","author",-0.158736499883806,-0.00190972851510801,-0.436520926196674,-0.0768057836939777,-0.79998106765158,-0.138992474775585,NA,NA,-0.00190972851510801,"vCTB","N3",-0.20247642393544,-0.0124518326745389,-0.0935906774357306,-0.251666138805653,-1.54040181132879,828.78602735791,658.291704108795,"bbox_scaled_and_y_flipped"
"W8-2_CCGATGCAGTTCCTCA","W8-2",1139,733,"W8-2","2769.47849230769","4133.32963076923","STB","STB","Slide-tags (SCP2601)",4762,1374,"STB",0,0.139622197382515,0,0,0,0.860377802617486,0,0,0,0,0,0,0,0,0,0,0,0.860377802617486,"4.17807947780412","1.84838256169635",8,2769.47849230769,4133.32963076923,"STB","LogNormalize","STB","author","STB","author",-0.168609204532623,-0.173915193392889,1.33636128672509,-0.0184418108746175,-0.0571025532730379,-0.0456458431848397,NA,NA,1.33636128672509,"STB","N3",-0.171270634471556,-0.0157564633458043,0.364804095455808,-0.179522865470574,-3.81295303334916,1356.10049898157,891.487702007613,"bbox_scaled_and_y_flipped"
"W8-2_CCGCAAATCCCGTTTA","W8-2",1213,739,"W8-2","4975.41805882353","4764.77441176471","EVT-progenitor","EVT-progenitor","Slide-tags (SCP2601)",4471,1442,"EVT2",0,0,0.971195252871588,0.0288047471284119,0,0,0,0,0,0,0,0,0,0,0,0,0,0.971195252871588,"-3.19045985553939","2.08288225461322",8,4975.41805882353,4764.77441176471,"EVT-progenitor","LogNormalize","EVT-progenitor","author","EVT-progenitor","author",1.0776111169019,1.30563189805549,0.566710477152486,-0.0251000671695758,-0.284390426239587,-0.0704076106505562,NA,NA,1.30563189805549,"vCTB","N7",0.407637662167706,0.115313963548665,-0.0420036212222889,-0.173440883107051,3.8091454455021,2550.77980669709,519.577229628659,"bbox_scaled_and_y_flipped"
"W8-2_CCGCAAATCCTAGTTT","W8-2",422,332,"W8-2","3125.40407017544","2623.75319298246","STB","STB","Slide-tags (SCP2601)",4502,2023,"STB",0,0.0975394556222365,0.0259838747149477,0,0,0.823577811374352,0.0494445906498224,0,0.00345426763864159,0,0,0,0,0,0,0,0,0.823577811374352,"3.83278094913285","0.584069519532506",8,3125.40407017544,2623.75319298246,"STB","LogNormalize","STB","author","STB","author",-0.0682183081298783,-0.0719183936935534,0.632294845013271,-0.0106212027717733,-0.293497064759539,-0.0277365345358963,NA,NA,0.632294845013271,"STB","N3",-0.0398414943649438,-0.00604710589339164,-0.0260410333620926,-0.0731316639564307,0.137383994109248,1548.86050447751,1780.60311315144,"bbox_scaled_and_y_flipped"
"W8-2_CCGCTTAGTCACTCGC","W8-2",20835,5017,"W8-2","2897.65306122449","4689.84179591837","STB-progenitor","STB-progenitor","Slide-tags (SCP2601)",6182,2913,"STB",0,0,0,0,0,0.830449712061227,0,0.0375991111252275,0,0,0.115194028794939,0,0,0.0167571480186073,0,0,0,0.830449712061227,"3.17050253536027","2.65781292249042",8,2897.65306122449,4689.84179591837,"STB-progenitor","LogNormalize","STB-progenitor","author","STB-progenitor","author",-0.270206358567713,-0.311898558597349,0.935193358308882,-0.057732604915423,-0.752301624993141,-0.152744896000746,NA,NA,0.935193358308882,"STB","N5",0.0596581888941424,-0.0536577595222817,0.0429480231279599,0.110321953113454,0.753422975064939,1425.51650093584,563.711293912267,"bbox_scaled_and_y_flipped"
"W8-2_CCGGTAGGTTAGCATG","W8-2",1794,1028,"W8-2","3817.61945098039","424.459788235294","STB","STB","Slide-tags (SCP2601)",4780,1191,"STB",0,0.121571983587395,0,0,0,0.878428016412605,0,0,0,0,0,0,0,0,0,0,0,0.878428016412605,"4.28962551738542","2.78272566129047",8,3817.61945098039,424.459788235294,"STB","LogNormalize","STB","author","STB","author",0.0725658388842475,-0.175340973179554,1.71071308769496,-0.0187873210769917,-0.404517135714779,-0.0592716707589688,NA,NA,1.71071308769496,"STB","N8",0.0717969515277554,-0.0213277739450458,0.172090215246163,-0.235441873906703,-1.64041993395777,1923.74629214043,3075.95034489187,"bbox_scaled_and_y_flipped"
"W8-2_CCGGTTAAGCAAACCT","W8-2",618,348,"W8-2","3497.68955555556","682.451855555556","vCTB","vCTB","Slide-tags (SCP2601)",4421,1793,"vCTBp",0,0,0,0,0,0,0.613887888639953,0,0,0,0.386112111360047,0,0,0,0,0,0,0.613887888639953,"-8.24904311512191","3.28286799718219",8,3497.68955555556,682.451855555556,"vCTB","LogNormalize","vCTB","author","vCTB","author",0.281612825310416,0.283988131180412,0.288117027778707,-0.0114403242022948,-0.202022143970553,-0.0277354011734308,NA,NA,0.288117027778707,"STB","N8",-0.171539324582039,-0.0080694461910696,-0.0211364705171487,-0.117444553912318,-0.941572367917175,1750.48060898877,2923.99730875174,"bbox_scaled_and_y_flipped"
"W8-2_CCGTTAACAGCCAGTT","W8-2",3973,1715,"W8-2","2302.94369565217","4447.36313043478","STB","STB","Slide-tags (SCP2601)",5456,1701,"STB",0,0.0442839392921852,0,0,0,0.955716060707815,0,0,0,0,0,0,0,0,0,0,0,0.955716060707815,"4.01934897090715","3.18392810155231",8,2302.94369565217,4447.36313043478,"STB","LogNormalize","STB","author","STB","author",-0.0641091264423475,-0.180147003030123,1.00570438903794,0.242750146090509,-0.59969461835902,-0.0746329750532328,NA,NA,1.00570438903794,"STB","N3",-0.00918315116066937,0.0307489994161379,0.404787556439247,-0.303622376683459,-3.26437859488921,1103.43742681322,706.527194424818,"bbox_scaled_and_y_flipped"
"W8-2_CCGTTACTCCAAGTGT","W8-2",11641,4060,"W8-2","5574.95690909091","1251.86903636364","vCTB","vCTB","Slide-tags (SCP2601)",6893,3617,"vCTB1",0,0,0,0,0,0,0,0.0738952533175785,0,0,0.762188004915333,0,0,0.163916741767089,0,0,0,0.762188004915333,"-8.05154288624007","6.21080645848591",8,5574.95690909091,1251.86903636364,"vCTB","LogNormalize","vCTB","author","vCTB","author",-0.199033526498092,0.0410300895417647,-0.546352605785133,-0.0990778803696176,-0.750872614068154,-0.199655004047498,NA,NA,0.0410300895417647,"vCTB","N4",-0.258649750460372,-0.0213367526817481,-0.108968992450325,0.0324799035586079,-0.164123719850673,2875.47440371059,2588.62006109888,"bbox_scaled_and_y_flipped"
"W8-2_CCGTTATGTGAAACAA","W8-2",2981,1412,"W8-2","4626.60964285714","2042.37835714286","STB","STB","Slide-tags (SCP2601)",5518,1400,"STB",0,0.135148814609719,0,0,0,0.864851185390281,0,0,0,0,0,0,0,0,0,0,0,0.864851185390281,"4.88232695247453","3.19490703870136",8,4626.60964285714,2042.37835714286,"STB","LogNormalize","STB","author","STB","author",-0.155535859591807,-0.189926334992688,0.71879304780444,-0.0408739440510569,-0.540936285623291,-0.0679282305200531,NA,NA,0.71879304780444,"STB","N8",0.0444896307885295,-0.0446332313780618,-0.0546950483620927,-0.103826301315908,0.0960882591284538,2361.87427037261,2123.02322071091,"bbox_scaled_and_y_flipped"
"W8-2_CCGTTTGGTGCAATGC","W8-2",1443,1125,"W8-2","4712.84224137931","3139.50596551724","vCTB","vCTB","Slide-tags (SCP2601)",4630,1458,"vCTB2",0,0,0,0,0,0,0.144041518785472,0.673285150401412,0,0,0.0501094796254098,0,0,0.132563851187706,0,0,0,0.673285150401412,"-8.14997542713363","3.73589619923908",8,4712.84224137931,3139.50596551724,"vCTB","LogNormalize","vCTB","author","vCTB","author",-0.198490041171458,-0.201073050181037,-0.162472667240917,-0.0122594456328164,-0.514319985878387,-0.0659079383132541,NA,NA,-0.0122594456328164,"Endothelial","N5",-0.176434409883179,-0.0317104880740627,-0.0550077443689268,-0.112264609420652,-1.04386961273133,2408.57559558964,1476.83330930292,"bbox_scaled_and_y_flipped"
"W8-2_CCTAAGTAGCACAGGG","W8-2",1440,1069,"W8-2","2348.5423125","1187.15109375","vCTB","vCTB","Slide-tags (SCP2601)",4412,1483,"unknown2",0,0,0,0,0.0014523183747473,0.0416618896325163,0.062160092503129,0.0573151384030199,0.837410561086588,0,0,0,0,0,0,0,0,0.837410561086588,"-9.86369479511458","2.10590609837848",8,2348.5423125,1187.15109375,"vCTB","LogNormalize","vCTB","author","vCTB","author",-0.159275733854915,-0.189810366756591,-0.0315250309608945,-0.045157304730249,-0.213206716183393,-0.0828701730754037,NA,NA,-0.0315250309608945,"STB","N5",-0.173790944948189,-0.0344005059068449,0.0800696695185424,-0.247325699310133,-2.72061183999505,1128.13244785344,2626.73785276213,"bbox_scaled_and_y_flipped"
"W8-2_CCTAAGTAGCTAGAAG","W8-2",3154,1838,"W8-2","3254.30593333333","442.832113333333","vCTB","vCTB","Slide-tags (SCP2601)",5559,1822,"vCTB1",0,0,0,0,0,0,0,0.0491917398081719,0,0,0.746946836685677,0,0,0.20386142350615,0,0,0,0.746946836685677,"-8.10788596485335","6.16331919957477",8,3254.30593333333,442.832113333333,"vCTB","LogNormalize","vCTB","author","vCTB","author",-0.258086987003852,-0.234474935323901,-0.159079859061691,-0.0533713352104518,-0.700888293781438,-0.123652478405847,NA,NA,-0.0533713352104518,"Endothelial","N8",-0.222881222539874,-0.0527477458913755,-0.0733222858049521,-0.0404202570769571,-1.04179740169261,1618.67039001482,3065.12935101947,"bbox_scaled_and_y_flipped"
"W8-2_CCTACTGGTGCATCGG","W8-2",6534,3026,"W8-2","797.659644444444","1930.47869135802","vCTB","vCTB","Slide-tags (SCP2601)",6405,3010,"vCTB2",0,0,0,0,0,0,0,0.359930656611552,0,0,0.325462570614392,0,0,0.314606772774055,0,0,0,0.359930656611552,"-8.83353484485824","5.56324776936847",8,797.659644444444,1930.47869135802,"vCTB","LogNormalize","vCTB","author","vCTB","author",-0.0733291509591178,0.20457307020826,-0.574595750313719,-0.058469257670146,-0.82431445858925,-0.155279844964459,NA,NA,0.20457307020826,"vCTB","N8",-0.147779862364969,-0.0632399089573606,0.0476822703562231,-0.402933774437274,-3.69855135046022,288.214863371728,2188.93026248815,"bbox_scaled_and_y_flipped"
"W8-2_CCTAGTTGTCATCAAG","W8-2",5317,1936,"W8-2","1104.24554864865","4202.62972972973","STB","STB","Slide-tags (SCP2601)",5663,1913,"STB",0,0.0729566042432351,0,0,0,0.927043395756764,0,0,0,0,0,0,0,0,0,0,0,0.927043395756764,"3.27154766704362","2.68681105901081",8,1104.24554864865,4202.62972972973,"STB","LogNormalize","STB","author","STB","author",0.175356083032999,-0.191606411452769,1.08377854292636,-0.0334767551763659,-0.625331008722074,-0.0833184831339533,NA,NA,1.08377854292636,"STB","N3",-0.0232993899871658,-0.0395595516812812,-0.0431064592637513,-0.205327692792227,-0.910399353686915,454.253789074722,850.67109647692,"bbox_scaled_and_y_flipped"
"W8-2_CCTAGTTGTCATCATC","W8-2",21631,5449,"W8-2","1660.90642857143","2976.34035714286","vCTB","vCTB","Slide-tags (SCP2601)",6149,2995,"vCTB1",0,0,0,0,0,0,0,0.0675122444184241,0,0,0.821549930462136,0,0,0.11093782511944,0,0,0,0.821549930462136,"-7.9381791434117","6.80527123738605",8,1660.90642857143,2976.34035714286,"vCTB","LogNormalize","vCTB","author","vCTB","author",-0.287502010083573,-0.290187606547284,-0.571688556054037,-0.0498295281367803,-0.780764281761313,-0.127383045499962,NA,NA,-0.0498295281367803,"Endothelial","N3",-0.27842164451176,-0.0568576531433919,-0.0939056304693243,-0.199877813596601,-2.2523133170284,755.726796201948,1572.93513849351,"bbox_scaled_and_y_flipped"
"W8-2_CCTATTGTCATTGCGG","W8-2",12732,3231,"W8-2","1272.86377","1519.33513","STB","STB","Slide-tags (SCP2601)",6502,2500,"STB",0,0.037468740386099,0,0,0,0.962531259613901,0,0,0,0,0,0,0,0,0,0,0,0.962531259613901,"4.48898731853288","4.68008574773151",8,1272.86377,1519.33513,"STB","LogNormalize","STB","author","STB","author",-0.220021503060045,-0.21949915214254,1.70757270654721,-0.0480860004249513,-0.626162467820198,-0.114947495694271,NA,NA,1.70757270654721,"STB","N8",-0.154248016601661,0.00489603388899042,0.527383013524051,0.217802145874713,-2.04209968754988,545.573017855964,2431.08698105215,"bbox_scaled_and_y_flipped"
"W8-2_CCTATTTAGTAGCCAT","W8-2",4977,1759,"W8-2","2814.54744444444","4873.24883333333","FIB2","FIB2","Slide-tags (SCP2601)",5572,1740,"Fibroblast2",0.989516632756026,0,0,0,0,0,0,0,0,0,0,0,0,0,0,0.010483367243974,0,0.989516632756026,"10.820672384756","-5.31875649164837",8,2814.54744444444,4873.24883333333,"FIB2","LogNormalize","FIB2","author","FIB2","author",0.533633718692676,-0.182153065546782,-0.438423492343536,-0.0447042298520793,1.46895297552017,-0.0964369931551275,NA,NA,1.46895297552017,"Fibroblast","N4",0.224538020194082,-0.0392951380117483,-0.0732789780204873,-0.252254031517202,0.41345904893215,1380.50866743527,455.687599718315,"bbox_scaled_and_y_flipped"
"W8-2_CCTCAAACACCTGTAA","W8-2",12320,3141,"W8-2","4327.24811428571","3415.35088571429","STB","STB","Slide-tags (SCP2601)",6617,2584,"STB",0,0.0547528433653386,0,0,0,0.945247156634661,0,0,0,0,0,0,0,0,0,0,0,0.945247156634661,"4.76818071986955","4.03973445226032",8,4327.24811428571,3415.35088571429,"STB","LogNormalize","STB","author","STB","author",-0.242605008090521,-0.23548601891108,1.61089939544386,-0.0588124880475105,-0.654892365623673,-0.136216257630708,NA,NA,1.61089939544386,"STB","N4",-0.246365216577706,0.13260305788179,0.211054283937055,-0.113830656607971,-0.908920093897535,2199.74787800038,1314.36523978766,"bbox_scaled_and_y_flipped"
"W8-2_CCTCAGTTCCAGGGAG","W8-2",15352,5281,"W8-2","5201.13965473684","4375.06350947368","vCTB","vCTB","Slide-tags (SCP2601)",6177,3415,"vCTBp",0,0,0,0,0,0,0.600254374928266,0,0,0,0.399745625071734,0,0,0,0,0,0,0.600254374928266,"-6.19638884876449","4.19610461522419",8,5201.13965473684,4375.06350947368,"vCTB","LogNormalize","vCTB","author","vCTB","author",0.00453853621368566,0.477437750144256,-0.603393722478239,0.0771216382463354,-0.828449677835759,-0.146514520181492,NA,NA,0.477437750144256,"vCTB","N5",-0.238139838590543,-0.00579270819712341,-0.093484188406693,0.0518986739912869,0.182346507455213,2673.02473309282,749.110468518985,"bbox_scaled_and_y_flipped"
"W8-2_CCTCAGTTCTGTTCAT","W8-2",9670,3047,"W8-2","4244.46930188679","972.533822641509","Endothelial","Endothelial","Slide-tags (SCP2601)",6705,2985,"Endothelial_cells",0,0,0,0,1,0,0,0,0,0,0,0,0,0,0,0,0,1,"9.9943250336818","4.58121880818683",8,4244.46930188679,972.533822641509,"Endothelial","LogNormalize","Endothelial","author","Endothelial","author",-0.264855811076755,-0.240474100898995,-0.557188224971499,1.07315693547975,-0.624457580444099,-0.158800647324061,NA,NA,1.07315693547975,"Endothelial","N3",-0.253445697473597,-0.0867047905368104,0.0380345515823173,0.108570781518848,-1.45872788234487,2154.91703322504,2753.1438554419,"bbox_scaled_and_y_flipped"
"W8-2_CCTGAATAGCGTGCGT","W8-2",6093,2915,"W8-2","5004.22137777778","1973.40413333333","FIB2","FIB2","Slide-tags (SCP2601)",6059,2888,"Fibroblast2",0.971350463146119,0,0,0,0,0,0,0,0.0286495368538817,0,0,0,0,0,0,0,0,0.971350463146119,"11.8460725464992","-6.61294260691326",8,5004.22137777778,1973.40413333333,"FIB2","LogNormalize","FIB2","author","FIB2","author",-0.0161132480679398,0.0628539718107313,-0.23796391525047,-0.0713098792069054,1.10300963439153,-0.0185158933599167,NA,NA,1.10300963439153,"Fibroblast","N8",-0.103975519461817,-0.0708859518618635,0.0652826549881504,-0.239439385183436,-2.66923753891224,2566.37893265254,2163.64789119838,"bbox_scaled_and_y_flipped"
"W8-2_CCTGAGTCATTAGCGC","W8-2",25929,6304,"W8-2","5709.59894736842","1803.75315789474","vCTB","vCTB","Slide-tags (SCP2601)",6150,3203,"vCTB2",0,0,0,0,0,0,0.141326011607798,0.40427604892178,0,0,0.339270627557127,0,0,0.115127311913296,0,0,0,0.40427604892178,"-6.3844944319554","3.72189363766987",8,5709.59894736842,1803.75315789474,"vCTB","LogNormalize","vCTB","author","vCTB","author",-0.0507345700849318,0.177806776128155,-0.452854012699146,-0.0811119605481572,-0.827063753259065,-0.165578107515242,NA,NA,0.177806776128155,"vCTB","N5",-0.0994358513006413,-0.064670233771621,-0.0769528880755323,-0.193708438600822,-1.40090068914588,2948.39301830929,2263.5694937104,"bbox_scaled_and_y_flipped"
"W8-2_CCTGCTCCACAATTAC","W8-2",5317,2223,"W8-2","2323.0256119403","3481.91695522388","FIB2","FIB2","Slide-tags (SCP2601)",5593,2195,"Fibroblast2",0.959315975416542,0,0,0,0,0,0,0,0,0,0,0,0,0,0,0.0406840245834578,0,0.959315975416542,"12.4745362916164","-6.44489184092205",8,2323.0256119403,3481.91695522388,"FIB2","LogNormalize","FIB2","author","FIB2","author",0.232839701152988,-0.0768342927271519,-0.306208855318808,0.0702254364247986,1.09332049288426,-0.141116615823687,NA,NA,1.09332049288426,"Fibroblast","N5",-0.0913066997163007,-0.0599358529416668,-0.100650233368176,-0.180371539561381,-1.06338707775465,1114.31326865988,1275.15893212495,"bbox_scaled_and_y_flipped"
"W8-2_CCTGGTAAGTTAGTGC","W8-2",6920,3425,"W8-2","741.353091025641","2530.62174358974","vCTB","vCTB","Slide-tags (SCP2601)",6626,3399,"vCTBp",0,0,0,0,0,0,0.387888733601592,0.126293879539165,0,0,0.174684422127063,0,0,0.31113296473218,0,0,0,0.387888733601592,"-7.04073823307235","5.56303796101886",8,741.353091025641,2530.62174358974,"vCTB","LogNormalize","vCTB","author","vCTB","author",-0.0753619767043769,0.057190687681598,-0.709338905627257,-0.0913420207675815,-0.781624751489756,-0.050883002229163,NA,NA,0.057190687681598,"vCTB","N3",-0.29813143627445,-0.0766093255920297,-0.129505253782573,-0.098364403327144,-1.79325427313782,257.720703296224,1835.45598766942,"bbox_scaled_and_y_flipped"
"W8-2_CCTGTAACAGAAATGC","W8-2",3031,1264,"W8-2","1091.16915466667","1984.47288","STB","STB","Slide-tags (SCP2601)",5519,1250,"STB",0,0.147597404838573,0,0,0,0.852402595161427,0,0,0,0,0,0,0,0,0,0,0,0.852402595161427,"4.71269880916398","2.29792627621967",8,1091.16915466667,1984.47288,"STB","LogNormalize","STB","author","STB","author",-0.16530651966093,0.0162246075341958,1.24709737442156,-0.0449695512036646,-0.535585097742464,-0.0870637741280745,NA,NA,1.24709737442156,"STB","N8",-0.0634921811299265,-0.0337758770950971,0.483527176302737,-0.100941137813027,-3.6979311413987,447.171955307861,2157.12858353231,"bbox_scaled_and_y_flipped"
"W8-2_CCTTGTTCAGTTAGCC","W8-2",23635,5794,"W8-2","3689.75909677419","5453.58509677419","vCTB","vCTB","Slide-tags (SCP2601)",6274,3217,"EVT3",0,0.03894035940953,0.218664658495381,0.683864342974811,0,0,0.0473109348101766,0,0,0,0.011219704310102,0,0,0,0,0,0,0.683864342974811,"-4.2722650847264","4.78664693166095",8,3689.75909677419,5453.58509677419,"vCTB","LogNormalize","vCTB","author","vCTB","author",-0.0937949149777191,0.0428328616233447,-0.743309215608894,-0.0634892711040612,-0.828317389369231,-0.171886144303398,NA,NA,0.0428328616233447,"vCTB","N4",-0.171632778888393,-0.0102043941004144,-0.112187868275193,-0.209455149571259,-0.962986673522688,1854.50046067434,113.879194025795,"bbox_scaled_and_y_flipped"
"W8-2_CGAAATGAGGCAGGTG","W8-2",2229,1244,"W8-2","1287.29537196262","4161.25106542056","STB","STB","Slide-tags (SCP2601)",4956,1275,"STB",0,0.141859301427229,0,0,0,0.858140698572771,0,0,0,0,0,0,0,0,0,0,0,0.858140698572771,"4.81750809337419","2.64343580533344",8,1287.29537196262,4161.25106542056,"STB","LogNormalize","STB","author","STB","author",-0.200442544238531,-0.199034042956406,1.38602220027252,-0.0388924708126493,-0.520465487220438,-0.0812108362366064,NA,NA,1.38602220027252,"STB","N3",-0.0647581678986454,0.070635613905292,0.169770108105381,-0.107362254709637,-0.402831525252584,553.388796902513,875.042441450857,"bbox_scaled_and_y_flipped"
"W8-2_CGAACAAAGCCGGTAC","W8-2",6154,2507,"W8-2","2420.78107692308","1225.86841025641","FIB2","FIB2","Slide-tags (SCP2601)",6116,2485,"Fibroblast2",1,0,0,0,0,0,0,0,0,0,0,0,0,0,0,0,0,1,"12.379718176382","-6.62289658259076",8,2420.78107692308,1225.86841025641,"FIB2","LogNormalize","FIB2","author","FIB2","author",0.192987192955435,-0.237525891164161,-0.27053391980536,-0.085683458753922,0.795117321946833,-0.129553999828146,NA,NA,0.795117321946833,"Fibroblast","N8",-0.10851749304084,-0.0620804823090021,-0.0846975471241077,-0.0496447508022918,-0.497737945949951,1167.25507767575,2603.93399737442,"bbox_scaled_and_y_flipped"
"W8-2_CGAATCTAGGCTGTGC","W8-2",6859,3205,"W8-2","2381.03057142857","3343.30498412698","vCTB","vCTB","Slide-tags (SCP2601)",6543,3173,"vCTB2",0,0,0,0,0,0,0.190144896271349,0.563927847344844,0,0,0.115954603988387,0,0,0.129972652395421,0,0,0,0.563927847344844,"-7.67552531574447","4.28003606129963",8,2381.03057142857,3343.30498412698,"vCTB","LogNormalize","vCTB","author","vCTB","author",-0.166433580229258,0.261848437960559,-0.263653274742513,-0.0812195252239528,-0.747436903375968,-0.164072676878975,NA,NA,0.261848437960559,"vCTB","N5",-0.0764457531867332,-0.0780021301907383,-0.100839359301683,-0.275117785860751,-1.79234950079152,1145.72724114461,1356.79907739111,"bbox_scaled_and_y_flipped"
"W8-2_CGACTAAGTGGTTATG","W8-2",13751,4447,"W8-2","2022.44675","660.170025","vCTB","vCTB","Slide-tags (SCP2601)",6406,3236,"vCTB1",0,0,0,0,0,0,0.278852767087429,0,0,0,0.721147232912571,0,0,0,0,0,0,0.721147232912571,"-6.96590722416121","6.1575952463277",8,2022.44675,660.170025,"vCTB","LogNormalize","vCTB","author","vCTB","author",-0.281760736730248,-0.271907275178807,-0.676151624256102,-0.105974082191154,-0.78945569701547,-0.160191216138231,NA,NA,-0.105974082191154,"Endothelial","N8",-0.280762129672773,-0.0036773988408603,-0.0880432429644914,0.0277830277811411,-0.212945065643688,951.527600300009,2937.12093630682,"bbox_scaled_and_y_flipped"
"W8-2_CGAGGTGAGCTGGCTA","W8-2",5458,1812,"W8-2","2379.84814893617","1429.58555957447","STB-progenitor","STB-progenitor","Slide-tags (SCP2601)",5750,1808,"STB",0,0,0,0,0,1,0,0,0,0,0,0,0,0,0,0,0,1,"3.27466570522111","2.33797845174152",8,2379.84814893617,1429.58555957447,"STB-progenitor","LogNormalize","STB-progenitor","author","STB-progenitor","author",-0.163653505205536,0.147297022340161,0.404668388156118,-0.0224047573514326,-0.603156589409736,-0.0667841400692849,NA,NA,0.404668388156118,"STB","N8",-0.0525591276625563,-0.0315274012844102,-0.0579910541224822,-0.0200873350083779,0.243732590583242,1145.08687197671,2483.94798511357,"bbox_scaled_and_y_flipped"
"W8-2_CGAGGTGAGGTGAGAC","W8-2",1368,905,"W8-2","650.885948623853","3073.76612844037","STB","STB","Slide-tags (SCP2601)",4787,1332,"STB",0,0.176845420245819,0,0.0534971046262067,0,0.769657475127975,0,0,0,0,0,0,0,0,0,0,0,0.769657475127975,"3.8144847073726","1.75881132413227",8,650.885948623853,3073.76612844037,"STB","LogNormalize","STB","author","STB","author",-0.186321160624606,-0.184030620027649,1.0635861152392,0.201623877236369,-0.307728548475602,-0.05973994267268,NA,NA,1.0635861152392,"STB","N3",-0.188111754268375,-0.0218773623256902,-0.0263395928612779,-0.262906344933579,-2.0694424780596,208.726059609645,1515.55297980654,"bbox_scaled_and_y_flipped"
"W8-2_CGAGTCGGTCATCAAG","W8-2",5276,2090,"W8-2","3994.40774285714","3524.28148571429","STB","STB","Slide-tags (SCP2601)",5636,2078,"STB",0,0.0174765293786999,0,0,0,0.9825234706213,0,0,0,0,0,0,0,0,0,0,0,0.9825234706213,"4.86037670757096","3.2313154630788",8,3994.40774285714,3524.28148571429,"STB","LogNormalize","STB","author","STB","author",-0.175454265445732,-0.225007928099451,1.18155344217764,0.0866857740610086,-0.63035053617753,-0.0832271546356363,NA,NA,1.18155344217764,"STB","N5",-0.134328952863275,0.0268661408519127,0.515454009452085,-0.0519700840164022,-3.19445690648199,2019.49021792943,1250.20692836944,"bbox_scaled_and_y_flipped"
"W8-2_CGATTATCACAGGGAC","W8-2",6229,3074,"W8-2","2455.39866666667","4539.32066666667","vCTB","vCTB","Slide-tags (SCP2601)",6186,3052,"vCTBp",0,0.180671929783092,0,0,0,0,0.658769719457831,0.0713959048599085,0,0,0.0891624458991683,0,0,0,0,0,0,0.658769719457831,"-4.7431427321263","3.16460356046039",8,2455.39866666667,4539.32066666667,"vCTB","LogNormalize","vCTB","author","vCTB","author",0.0606671901907787,0.855785994375454,-0.142438336824581,-0.0833313793131433,-0.716758924406338,-0.171594722284881,NA,NA,0.855785994375454,"vCTB","N7",-0.14226747900197,0.0236268084476835,-0.0893980406116751,0.189016284531032,1.92865683028869,1186.00306097385,652.365735231363,"bbox_scaled_and_y_flipped"
"W8-2_CGATTTGCACAGACTC","W8-2",12377,3903,"W8-2","881.21080952381","4341.01402721088","FIB2","FIB2","Slide-tags (SCP2601)",6724,3125,"Fibroblast2",0.950543179963183,0,0,0,0,0,0,0,0,0,0,0,0,0,0,0.0494568200368174,0,0.950543179963183,"11.0693505921535","-3.82878270815533",8,881.21080952381,4341.01402721088,"FIB2","LogNormalize","FIB2","author","FIB2","author",0.217682745954496,-0.241696240127675,-0.549022119413165,-0.106212027717733,0.803468350567033,-0.19956702241047,NA,NA,0.803468350567033,"Fibroblast","N3",-0.0259060142150093,-0.026768573047619,-0.0909838640331024,-0.321121760651016,-1.15867716507924,333.463994205125,769.165047183255,"bbox_scaled_and_y_flipped"
"W8-2_CGCAAATTCAAGCTAC","W8-2",7055,2312,"W8-2","1614.48364285714","1448.29601428571","STB","STB","Slide-tags (SCP2601)",6447,2292,"STB",0,0.0344057352593735,0,0,0,0.965594264740627,0,0,0,0,0,0,0,0,0,0,0,0.965594264740627,"5.04831968929093","3.87787493993122",8,1614.48364285714,1448.29601428571,"STB","LogNormalize","STB","author","STB","author",-0.222561797911575,-0.277870447104242,1.51002716796619,-0.069223121117712,-0.720820473413021,-0.119252779206004,NA,NA,1.51002716796619,"STB","N8",-0.0738392539311868,0.082211679720173,0.260466931508154,-0.21810707455224,-1.53346714981983,730.585426809417,2472.92783852353,"bbox_scaled_and_y_flipped"
"W8-2_CGCAATAGTCAACAAT","W8-2",9411,3257,"W8-2","5407.98517514124","2718.90108474576","Endothelial","Endothelial","Slide-tags (SCP2601)",6737,3197,"Endothelial_cells",0,0,0,0,1,0,0,0,0,0,0,0,0,0,0,0,0,1,"10.1254867234401","4.49715289403278",8,5407.98517514124,2718.90108474576,"Endothelial","LogNormalize","Endothelial","author","Endothelial","author",-0.125158299424213,-0.153196552480009,-0.653680263506046,0.698539958043528,-0.735834303483468,-0.174527800523211,NA,NA,0.698539958043528,"Endothelial","N5",-0.252069477299638,-0.060341949221335,0.0271301194583232,-0.0959976333438348,-2.26992669765092,2785.04686954287,1724.56258761924,"bbox_scaled_and_y_flipped"
"W8-2_CGCAATCCAGCACCAT","W8-2",4251,2111,"W8-2","2091.462848","1747.124768","Hofbauer cells","Hofbauer cells","Slide-tags (SCP2601)",5330,2095,"myeloid_unknown",0,0,0,0,0,0,0,0,0,0,0,0,0.436567792605652,0,0,0,0.563432207394348,0.563432207394348,"-0.845974930269307","12.9193850450643",8,2091.462848,1747.124768,"Hofbauer cells","LogNormalize","Hofbauer cells","author","Hofbauer cells","author",-0.224954272112269,-0.106493809025906,-0.350835698090139,-0.0342958766068874,-0.605910379739143,-0.125523904839739,NA,NA,-0.0342958766068874,"Endothelial","N5",-0.144998496449461,-0.0480728387889239,-0.0512454583082013,0.202223381417802,0.798551709393938,988.904918079433,2296.92267338608,"bbox_scaled_and_y_flipped"
"W8-2_CGCAATGTCACAGCGC","W8-2",693,430,"W8-2","5619.32392","3804.71328","EVT","EVT","Slide-tags (SCP2601)",4372,1752,"EVT2",0,0.0511545679996012,0.806542426984233,0.142303005016166,0,0,0,0,0,0,0,0,0,0,0,0,0,0.806542426984233,"-2.79715789173324","4.61218079854328",8,5619.32392,3804.71328,"EVT","LogNormalize","EVT","author","EVT","author",0.670575353999368,-0.198028636685329,0.00889964762854334,-0.0192609323051391,-0.201567231675785,-0.032464534167777,NA,NA,0.670575353999368,"EVT","N7",0.170848823569893,0.128603208443656,-0.0108322008044088,-0.235802939562498,2.0614704967855,2899.50241911176,1085.03726631529,"bbox_scaled_and_y_flipped"
"W8-2_CGCACAATCAATCATG","W8-2",6400,2110,"W8-2","1142.42961034483","2795.12972413793","STB","STB","Slide-tags (SCP2601)",6248,2086,"STB",0,0.12532239290905,0,0,0,0.87467760709095,0,0,0,0,0,0,0,0,0,0,0,0.87467760709095,"4.3164046921901","3.97080382634479",8,1142.42961034483,2795.12972413793,"STB","LogNormalize","STB","author","STB","author",-0.231934010130873,-0.238635196162318,1.19602212954232,0.174805378354961,-0.666582207012483,-0.116004418746456,NA,NA,1.19602212954232,"STB","N8",-0.209314998427013,0.0258563869101221,0.293137002897173,0.190694018136888,-0.787985960133996,474.933280519272,1679.66518702555,"bbox_scaled_and_y_flipped"
"W8-2_CGCATATAGGCGAAAC","W8-2",10657,3651,"W8-2","1428.244771875","4390.776625","vCTB","vCTB","Slide-tags (SCP2601)",6867,3523,"vCTB3",0,0,0,0,0,0,0,0.337141911516054,0,0,0.275628708142578,0,0,0.387229380341368,0,0,0,0.387229380341368,"-8.86084044788558","5.9689498834737",8,1428.244771875,4390.776625,"vCTB","LogNormalize","vCTB","author","vCTB","author",-0.310089401709527,-0.340065546987566,-0.730547387665203,-0.0968584616046316,-0.82928586038895,-0.180651469086366,NA,NA,-0.0968584616046316,"Endothelial","N3",-0.233645173811598,-0.0809220983129517,-0.109861566655581,-0.204758011268147,-2.2482721705031,629.723313979153,739.855704850298,"bbox_scaled_and_y_flipped"
"W8-2_CGCCAAATCCTGAATA","W8-2",10961,2901,"W8-2","3725.04322751323","1935.07859259259","STB","STB","Slide-tags (SCP2601)",6704,2632,"STB",0,0.0517961159855877,0,0,0,0.948203884014411,0,0,0,0,0,0,0,0,0,0,0,0.948203884014411,"3.86383282329362","3.44994839955646",8,3725.04322751323,1935.07859259259,"STB","LogNormalize","STB","author","STB","author",-0.0821338513459049,-0.0974564983851788,1.49987562571868,0.212556595498794,-0.582819163417094,-0.112025924812765,NA,NA,1.49987562571868,"STB","N5",-0.238628758027034,0.00816381703374171,0.218588221954314,-0.0514850816610075,-2.19613530704307,1873.60942518294,2186.22099717702,"bbox_scaled_and_y_flipped"
"W8-2_CGCTAACCAAGGTACG","W8-2",4178,1594,"W8-2","5077.43303508772","768.191550877193","STB","STB","Slide-tags (SCP2601)",5486,1587,"STB",0,0,0,0,0,1,0,0,0,0,0,0,0,0,0,0,0,1,"3.0378745713405","2.11064967442829",8,5077.43303508772,768.191550877193,"STB","LogNormalize","STB","author","STB","author",0.11857565204914,0.680142571261498,1.68181265764015,-0.0246241761164187,-0.511022429783966,-0.0716079517388908,NA,NA,1.68181265764015,"STB","N8",0.0601619957740072,0.0974173073407237,0.274882651251019,0.149335971901721,1.57180459505397,2606.02845587583,2873.49805442513,"bbox_scaled_and_y_flipped"
"W8-2_CGCTATGAGTGACCTG","W8-2",9700,3829,"W8-2","5280.4696","2094.9686","vCTB","vCTB","Slide-tags (SCP2601)",6788,3781,"vCTBp",0,0.176166125833143,0.0732914350849957,0.176354489729124,0,0,0.367051102351745,0,0,0,0.207136847000992,0,0,0,0,0,0,0.367051102351745,"-5.00726378772933","5.03564175893146",8,5280.4696,2094.9686,"vCTB","LogNormalize","vCTB","author","vCTB","author",-0.150396230368731,0.0964242991607162,-0.58104498306025,-0.101141822283824,-0.776809000364666,-0.213448497526815,NA,NA,0.0964242991607162,"vCTB","N7",-0.107948520483338,-0.0269926197741971,-0.137318134065971,0.028031095189817,0.771082720459895,2715.98776142174,2092.04844246872,"bbox_scaled_and_y_flipped"
"W8-2_CGCTTCTAGCAGGTTT","W8-2",874,650,"W8-2","1887.0135","3109.8045625","vCTB","vCTB","Slide-tags (SCP2601)",4216,1663,"unknown2",0,0.0135916737658224,0.022214743042446,0,0.00140396530115552,0.0144186056262811,0.0557601441613148,0.0585076883590441,0.834103179743936,0,0,0,0,0,0,0,0,0.834103179743936,"-9.570401795847","2.27170714665729",8,1887.0135,3109.8045625,"vCTB","LogNormalize","vCTB","author","vCTB","author",-0.174823962277979,-0.197649509428808,-0.00700271296061206,-0.0111705638131544,-0.121825711345735,-0.0528978499569844,NA,NA,-0.00700271296061206,"STB","N3",-0.17355352878079,-0.0122952128906112,-0.0403432364373203,0.0167781093567204,-0.0775253357677684,878.180486078192,1494.32694161871,"bbox_scaled_and_y_flipped"
"W8-2_CGCTTGCGTCATAGAT","W8-2",5027,2645,"W8-2","5421.61778947368","2340.86410526316","EVT","EVT","Slide-tags (SCP2601)",5457,2632,"EVT3",0,0,0.237749412962086,0.762250587037914,0,0,0,0,0,0,0,0,0,0,0,0,0,0.762250587037914,"-3.99753487919051","5.02768286992389",8,5421.61778947368,2340.86410526316,"EVT","LogNormalize","EVT","author","EVT","author",-0.102517795124566,-0.0811215256265025,-0.488623196746333,-0.0701475273990194,-0.713009160225547,-0.131120396166631,NA,NA,-0.0701475273990194,"Endothelial","N3",-0.187494954458586,0.0639030681519781,-0.0805049103000521,-0.23161229897366,-0.394493034451562,2792.42993773759,1947.22008016266,"bbox_scaled_and_y_flipped"
"W8-2_CGCTTGCGTTCCGGCT","W8-2",3843,2214,"W8-2","2712.86493333333","4285.72293333333","vCTB","vCTB","Slide-tags (SCP2601)",5393,2201,"vCTBp",0,0.0151799150676576,0,0,0,0,0.446357854854543,0.364838788094167,0,0,0.121360570282298,0,0,0.0522628717013337,0,0,0,0.446357854854543,"-5.45033753727157","4.88408049870807",8,2712.86493333333,4285.72293333333,"vCTB","LogNormalize","vCTB","author","vCTB","author",0.0210050831993356,0.277876598182066,-0.398996537974072,-0.0634641751040641,-0.726388079784482,-0.103258664329318,NA,NA,0.277876598182066,"vCTB","N8",-0.245725366783098,-0.0481914757763091,-0.0642158277141433,-0.0598785270577565,-1.2859094451517,1325.44007270814,801.730581749763,"bbox_scaled_and_y_flipped"
"W8-2_CGGACAACATGTCAGC","W8-2",2008,1094,"W8-2","5041.06772222222","4806.9405","EVT","EVT","Slide-tags (SCP2601)",4643,1230,"EVT2",0,0.019946968616802,0.777321345644114,0.163869440287475,0,0,0,0,0.0388622454516103,0,0,0,0,0,0,0,0,0.777321345644114,"-2.81575048778731","4.57578334142048",8,5041.06772222222,4806.9405,"EVT","LogNormalize","EVT","author","EVT","author",0.81898401784235,0.061827481105409,-0.14275701227978,-0.0388194626376678,-0.507941007922357,-0.0852139882717662,NA,NA,0.81898401784235,"EVT","N7",-0.0809944466924191,0.0883419219842858,-0.0471385223315955,0.300747064098477,3.55802481186523,2586.33395133977,494.742105060464,"bbox_scaled_and_y_flipped"
"W8-2_CGGAGTCTCCTAGTTT","W8-2",14010,4589,"W8-2","2577.97761904762","5138.43523809524","vCTB","vCTB","Slide-tags (SCP2601)",6339,3250,"vCTB1",0,0,0,0,0,0,0,0.102314998115578,0,0,0.667667657312177,0,0,0.230017344572244,0,0,0,0.667667657312177,"-8.35486758564193","7.02584990788776",8,2577.97761904762,5138.43523809524,"vCTB","LogNormalize","vCTB","author","vCTB","author",-0.273692801752395,-0.0145316024172356,-0.700193746844436,-0.0906760963628304,-0.227293361140556,-0.14536626863099,NA,NA,-0.0145316024172356,"vCTB","N5",-0.246540293200955,-0.018978827934093,-0.0909950560041105,0.113804704274874,0.31762740711579,1252.38862302361,299.497218497658,"bbox_scaled_and_y_flipped"
"W8-2_CGGATTAGTTTGGCGG","W8-2",5353,2516,"W8-2","5368.61872222222","1483.45895555556","Hofbauer cells","Hofbauer cells","Slide-tags (SCP2601)",5553,2490,"myeloid_unknown",0,0,0,0,0,0,0,0,0,0,0,0,0.45914706361623,0,0,0,0.54085293638377,0.54085293638377,"-0.926526077730244","13.2841473512777",8,5368.61872222222,1483.45895555556,"Hofbauer cells","LogNormalize","Hofbauer cells","author","Hofbauer cells","author",-0.214347783142499,-0.228696010481463,-0.247571335110056,0.0647546279377234,-0.560131794222655,-0.000967635197698213,NA,NA,0.0647546279377234,"Endothelial","N5",-0.165848969659182,0.116162556492218,-0.0805138190007509,0.262494132054567,3.41978371934336,2763.72702586519,2452.2174510257,"bbox_scaled_and_y_flipped"
"W8-2_CGGCAATGTTTAACCC","W8-2",6645,2764,"W8-2","1704.68371962617","1096.42425046729","FIB2","FIB2","Slide-tags (SCP2601)",6406,2736,"Fibroblast2",1,0,0,0,0,0,0,0,0,0,0,0,0,0,0,0,0,1,"11.8280128159694","-4.46421328257244",8,1704.68371962617,1096.42425046729,"FIB2","LogNormalize","FIB2","author","FIB2","author",0.167574467626482,-0.306061087285133,-0.463519949897057,-0.0870586600883895,0.804738524027075,-0.0308053673637746,NA,NA,0.804738524027075,"Fibroblast","N8",0.120092761781013,-0.0673019703472729,0.240333134779522,0.154519546709212,-0.040092893324958,779.435434718071,2680.1744542802,"bbox_scaled_and_y_flipped"
"W8-2_CGGGCTTAGCACGTTG","W8-2",10882,3839,"W8-2","4245.01531578947","5309.92923026316","vCTB","vCTB","Slide-tags (SCP2601)",6884,3614,"vCTBp",0,0,0,0,0,0.113012481605512,0.421101038702328,0.13846283440559,0,0,0.301123778423428,0,0,0.0262998668631413,0,0,0,0.421101038702328,"-6.13644994114119","3.96436890889484",8,4245.01531578947,5309.92923026316,"vCTB","LogNormalize","vCTB","author","vCTB","author",-0.0937633899363926,0.247298809736084,-0.375016020954652,0.0342935967818777,-0.824305284547102,-0.210829468354312,NA,NA,0.247298809736084,"vCTB","N5",-0.0585826329879502,-0.0278376454831022,-0.121656362731719,0.202356896535837,2.00067381497376,2155.21274010711,198.490109789318,"bbox_scaled_and_y_flipped"
"W8-2_CGGGCTTAGGTAACGA","W8-2",3274,1342,"W8-2","857.716101149425","2435.22084482759","STB","STB","Slide-tags (SCP2601)",5502,1338,"STB",0,0,0,0,0,1,0,0,0,0,0,0,0,0,0,0,0,1,"-0.113235152965075","2.09938701917011",8,857.716101149425,2435.22084482759,"STB","LogNormalize","STB","author","STB","author",0.302323817836081,0.943629466828708,3.21860603658168,0.104200898829309,-0.382615014461038,-0.10226953645167,NA,NA,3.21860603658168,"STB","N3",0.336408649830348,0.153677636099601,0.166123595739053,-0.218566376953259,2.34981816124454,320.739873217522,1891.64553011536,"bbox_scaled_and_y_flipped"
"W8-2_CGGGTATGTTAAATGC","W8-2",6759,2835,"W8-2","1721.50627777778","1170.58744444444","vCTB","vCTB","Slide-tags (SCP2601)",6481,2814,"vCTB3",0,0,0,0,0,0,0.0144956822150231,0.167310814877367,0,0,0.274910406522872,0,0,0.543283096384737,0,0,0,0.543283096384737,"-8.44150889728743","5.31321009923298",8,1721.50627777778,1170.58744444444,"vCTB","LogNormalize","vCTB","author","vCTB","author",-0.0533649662337183,-0.0666715656746119,-0.495778902267278,-0.055087487097274,-0.7823031928323,-0.150347660378553,NA,NA,-0.0533649662337183,"EVT","N8",-0.140742500495399,-0.0117442227258799,-0.10381376035454,0.109717271308398,1.07407551763722,788.546093247267,2636.49356667877,"bbox_scaled_and_y_flipped"
"W8-2_CGGGTATGTTCCTCCT","W8-2",1412,874,"W8-2","2746.52126315789","3993.08463157895","Endothelial","Endothelial","Slide-tags (SCP2601)",4524,1310,"Endothelial_cells",0,0,0,0,1,0,0,0,0,0,0,0,0,0,0,0,0,1,"10.5182689347438","4.58070573140461",8,2746.52126315789,3993.08463157895,"Endothelial","LogNormalize","Endothelial","author","Endothelial","author",-0.162950628359073,-0.170615469531159,-0.0584537471913056,0.394407957265842,-0.4272481377428,-0.0475448498904067,NA,NA,0.394407957265842,"Endothelial","N3",-0.167898057127832,-0.0293662107906938,-0.0337421968095029,0.212068604467245,0.868518475150322,1343.66746271709,974.089673656527,"bbox_scaled_and_y_flipped"
"W8-2_CGGTTGGGTACTGATG","W8-2",594,422,"W8-2","5633.50733333333","3754.48733333333","EVT","EVT","Slide-tags (SCP2601)",4444,1832,"EVT2",0,0.0179076778432282,0.692530083186906,0.289562238969865,0,0,0,0,0,0,0,0,0,0,0,0,0,0.692530083186906,"-2.79496420238692","4.74089536000568",8,5633.50733333333,3754.48733333333,"EVT","LogNormalize","EVT","author","EVT","author",0.158688573930493,-0.046578527557259,-0.0392506197228861,-0.00723943219890123,-0.26566989037164,-0.032464534167777,NA,NA,0.158688573930493,"EVT","N7",-0.180056596270501,0.136983173863065,-0.0220041996824085,-0.165205803004019,0.663503830463905,2907.18378567288,1114.61951342965,"bbox_scaled_and_y_flipped"
"W8-2_CGGTTTCTCTTTGTAC","W8-2",15074,3657,"W8-2","844.565659259259","2582.521","vCTB","vCTB","Slide-tags (SCP2601)",6256,2434,"vCTB1",0,0,0,0,0,0,0,0.156512831886722,0,0,0.726959151821277,0,0,0.116528016292001,0,0,0,0.726959151821277,"-9.38664210651595","6.03617104817707",8,844.565659259259,2582.521,"vCTB","LogNormalize","vCTB","author","vCTB","author",-0.133303552428245,-0.133700665002734,0.1816258594927,-0.0350074333616134,-0.797616734335488,-0.0959290495411682,NA,NA,0.1816258594927,"STB","N8",-0.168493369881781,-0.043106223088367,-0.0582017751537978,-0.230620876761571,-1.84764092383964,313.617937035784,1804.88818895039,"bbox_scaled_and_y_flipped"
"W8-2_CGTAATGGTCTTACTA","W8-2",2750,1420,"W8-2","4551.44892307692","3548.2964","STB","STB","Slide-tags (SCP2601)",5257,1410,"STB",0,0.118350667544847,0,0,0,0.881649332455152,0,0,0,0,0,0,0,0,0,0,0,0.881649332455152,"4.87455450679582","3.08737620641071",8,4551.44892307692,3548.2964,"STB","LogNormalize","STB","author","STB","author",0.139627025175014,0.345304937753708,1.45022093360159,-0.0389977556634352,-0.499925607791303,-0.0711822956742313,NA,NA,1.45022093360159,"STB","N4",-0.0966901690020436,-0.0320352574738505,-0.0589355754344929,-0.0981125900630285,-0.482093992779794,2321.16918577401,1236.06254332589,"bbox_scaled_and_y_flipped"
"W8-2_CGTACGGGTCAGTAAT","W8-2",4865,1844,"W8-2","4862.54412903226","3877.13361290323","STB","STB","Slide-tags (SCP2601)",5547,1830,"STB",0,0.10014570000762,0,0,0,0.899854299992379,0,0,0,0,0,0,0,0,0,0,0,0.899854299992379,"4.98907028819841","3.52328976918537",8,4862.54412903226,3877.13361290323,"STB","LogNormalize","STB","author","STB","author",-0.192873947829419,-0.0833719459372867,1.45434866806952,-0.0413224592792072,-0.58415634622005,-0.0956118585660498,NA,NA,1.45434866806952,"STB","N4",-0.143280099398094,0.085781186641962,0.292049725230349,-0.282303520630561,-2.46761255115377,2489.65023164026,1042.38289489517,"bbox_scaled_and_y_flipped"
"W8-2_CGTAGCGGTCATCAAG","W8-2",1389,873,"W8-2","5145.96277669903","4670.75687378641","STB","STB","Slide-tags (SCP2601)",4764,1274,"STB",0,0.158697571385731,0,0,0,0.841302428614269,0,0,0,0,0,0,0,0,0,0,0,0.841302428614269,"3.83307944919389","1.75521120358783",8,5145.96277669903,4670.75687378641,"STB","LogNormalize","STB","author","STB","author",-0.161272457318462,0.24119823609461,1.61685710676062,-0.017622689444096,-0.445366923878345,-0.0456458431848397,NA,NA,1.61685710676062,"STB","N7",-0.0335039412321115,0.219467265180866,-0.0281970193650233,-0.279353855565753,1.95058175124582,2643.14237572606,574.95199558411,"bbox_scaled_and_y_flipped"
"W8-2_CGTAGCGGTTGCGTAA","W8-2",4086,2084,"W8-2","4462.67683916084","2475.5953986014","FIB2","FIB2","Slide-tags (SCP2601)",5310,2063,"Fibroblast2",1,0,0,0,0,0,0,0,0,0,0,0,0,0,0,0,0,1,"10.6252130189113","-4.29240790079754",8,4462.67683916084,2475.5953986014,"FIB2","LogNormalize","FIB2","author","FIB2","author",0.447762770585306,-0.213344221271211,-0.527847572301842,-0.061114375488295,1.36510407480067,0.00573875533718747,NA,NA,1.36510407480067,"Fibroblast","N4",0.122014731609955,0.0204474020589545,-0.0762461898615939,-0.0981422792631283,1.57692168650716,2273.09254153265,1867.86558954409,"bbox_scaled_and_y_flipped"
"W8-2_CGTATTGCAAACTGTT","W8-2",701,396,"W8-2","2272.23855555556","3404.95522222222","vCTB","vCTB","Slide-tags (SCP2601)",4561,1679,"vCTB2",0,0,0,0,0,0,0.0574677563426668,0.646010054658328,0,0,0.188279842811828,0,0,0.108242346187177,0,0,0,0.646010054658328,"-8.51582396839339","2.82603868771869",8,2272.23855555556,3404.95522222222,"vCTB","LogNormalize","vCTB","author","vCTB","author",-0.0242223318476724,-0.199827007202942,-0.00750068786360003,-0.00615055037923924,-0.251888604391959,-0.0383201919708914,NA,NA,-0.00615055037923924,"Endothelial","N5",-0.0114353264426588,-0.0105890566494664,-0.0240634385167708,-0.222871430025995,-0.679940819047718,1086.80832415296,1320.48811266015,"bbox_scaled_and_y_flipped"
"W8-2_CGTATTGCAACTAACT","W8-2",11543,4349,"W8-2","4011.06884571429","3503.64793142857","vCTB","vCTB","Slide-tags (SCP2601)",6968,3909,"vCTB1",0,0,0,0,0,0,0.435802793375605,0,0.0169792440025361,0,0.547217962621859,0,0,0,0,0,0,0.547217962621859,"-6.38279879902083","5.62975272466022",8,4011.06884571429,3503.64793142857,"vCTB","LogNormalize","vCTB","author","vCTB","author",-0.0385375872748208,0.0961726755851969,-0.558857368559326,-0.126740596681544,-0.771106918626883,-0.208731884776862,NA,NA,0.0961726755851969,"vCTB","N8",-0.198640853082301,-0.0981733362752836,-0.116403550307596,-0.076950892123524,-1.46394313309589,2028.51343648415,1262.35974861947,"bbox_scaled_and_y_flipped"
"W8-2_CGTCAATAGACAACAG","W8-2",5263,2350,"W8-2","3161.32390344828","4698.52266206897","Hofbauer cells","Hofbauer cells","Slide-tags (SCP2601)",5578,2336,"myeloid_unknown",0,0,0,0,0,0,0,0,0,0,0,0,0.435718919194559,0,0,0,0.56428108080544,0.56428108080544,"-0.675183423502034","13.1586647920736",8,3161.32390344828,4698.52266206897,"Hofbauer cells","LogNormalize","Hofbauer cells","author","Hofbauer cells","author",-0.229593572003613,-0.256439018842572,-0.581946629703604,-0.0576501362396245,-0.611735558570783,-0.121908397093253,NA,NA,-0.0576501362396245,"Endothelial","N5",-0.122383053391938,0.113193650397102,-0.0751704538868882,0.166893995727462,3.01658806303662,1568.31374889047,558.598408149495,"bbox_scaled_and_y_flipped"
"W8-2_CGTCCTAGTACTTAGG","W8-2",841,583,"W8-2","5015.51366666667","2414.26086666667","EVT-progenitor","EVT-progenitor","Slide-tags (SCP2601)",4266,1681,"EVT2",0,0,1,0,0,0,0,0,0,0,0,0,0,0,0,0,0,1,"-3.26725686405379","2.04342684079487",8,5015.51366666667,2414.26086666667,"EVT-progenitor","LogNormalize","EVT-progenitor","author","EVT-progenitor","author",0.282612048928349,1.38346690185366,0.224210006556736,-0.0293009591729694,-0.160172759582023,-0.0696055680607176,NA,NA,1.38346690185366,"vCTB","N7",0.115959061036936,-0.0185500362658932,-0.0523877088488698,-0.0762277705790527,1.0060570095893,2572.49454165519,1903.99060859805,"bbox_scaled_and_y_flipped"
"W8-2_CGTGACATCTTAGCCC","W8-2",8814,3555,"W8-2","1581.36493333333","2072.20820689655","Hofbauer cells","Hofbauer cells","Slide-tags (SCP2601)",6685,3485,"maternal macrophages",0,0,0,0,0,0,0,0,0.0361493133159941,0,0,0.875691431471402,0.0601320259485822,0,0,0,0.0280272292640215,0.875691431471402,"-1.39126623485762","11.6264973573812",8,1581.36493333333,2072.20820689655,"Hofbauer cells","LogNormalize","Hofbauer cells","author","Hofbauer cells","author",-0.104710848613316,-0.310499593172463,-0.494896079808831,0.0727503076899501,-0.690379725082472,-0.0920114424151136,NA,NA,0.0727503076899501,"Endothelial","N8",-0.0209478746688148,-0.0139675784406921,-0.133924547977242,0.228509210798305,2.6356677994061,712.64919792676,2105.45393540397,"bbox_scaled_and_y_flipped"
"W8-2_CGTGCTTTCAGGTCCA","W8-2",4223,2094,"W8-2","3444.69966666667","2850.88638095238","Hofbauer cells","Hofbauer cells","Slide-tags (SCP2601)",5360,2086,"myeloid_unknown",0,0,0,0,0,0,0,0,0,0,0,0,0.434994327505259,0,0,0,0.565005672494741,0.565005672494741,"-0.788005658132618","12.9428931169637",8,3444.69966666667,2850.88638095238,"Hofbauer cells","LogNormalize","Hofbauer cells","author","Hofbauer cells","author",-0.209035034203348,-0.235389210430169,-0.532688539998474,0.0845165472960167,-0.587166182505894,0.00266308367310017,NA,NA,0.0845165472960167,"Endothelial","N5",-0.104237096914093,0.0213913530106834,-0.0554517744447956,-0.100047220891816,0.155102809572165,1721.78266787804,1646.82544363351,"bbox_scaled_and_y_flipped"
"W8-2_CGTGTGTCAAGACTCC","W8-2",5198,2567,"W8-2","2038.92244444444","4459.87822222222","Hofbauer cells","Hofbauer cells","Slide-tags (SCP2601)",5515,2549,"myeloid_unknown",0,0,0,0,0,0,0,0,0,0,0,0,0.406637041180256,0,0,0,0.593362958819743,0.593362958819743,"-0.618004687769002","13.7271567278035",8,2038.92244444444,4459.87822222222,"Hofbauer cells","LogNormalize","Hofbauer cells","author","Hofbauer cells","author",-0.250353288143741,-0.266899498774702,-0.213136155636332,-0.0319370783035439,-0.67290637129482,-0.0134040098487366,NA,NA,-0.0134040098487366,"Macrophage","N3",-0.111879525004292,0.0136810583515053,-0.0810891831456544,0.375492069289677,3.04734411045126,960.45040649642,699.156013541519,"bbox_scaled_and_y_flipped"
"W8-2_CGTGTGTCAGAGGGAG","W8-2",2776,1913,"W8-2","2821.45995454545","425.892618181818","vCTB","vCTB","Slide-tags (SCP2601)",5188,1898,"vCTBp",0,0,0,0,0,0,0.701745347532282,0.221471924281815,0,0,0.0767827281859028,0,0,0,0,0,0,0.701745347532282,"-9.02488959644515","2.55475816060383",8,2821.45995454545,425.892618181818,"vCTB","LogNormalize","vCTB","author","vCTB","author",0.00729971458248671,0.491395070594715,-0.438082425649023,-0.05897252454831,-0.248378357325431,-0.131551569633957,NA,NA,0.491395070594715,"vCTB","N8",-0.208301035901777,-0.0734227140933488,-0.0909042467560504,0.0519089981836124,-0.566371541759735,1384.25230253181,3075.10643188745,"bbox_scaled_and_y_flipped"
"W8-2_CGTGTTACACTTCATC","W8-2",6324,2778,"W8-2","3932.82991176471","798.302879411765","FIB2","FIB2","Slide-tags (SCP2601)",6248,2752,"Fibroblast2",1,0,0,0,0,0,0,0,0,0,0,0,0,0,0,0,0,1,"12.6282914796047","-6.75541773508709",8,3932.82991176471,798.302879411765,"FIB2","LogNormalize","FIB2","author","FIB2","author",0.140284568754049,-0.242301540996873,-0.589180816535171,-0.0717857702600625,0.639925465131709,-0.0357187042653057,NA,NA,0.639925465131709,"Fibroblast","N3",0.0121650510974103,-0.0716970951241828,-0.100393072199055,-0.00542740885014614,0.429114275290733,1986.14127141395,2855.76298279845,"bbox_scaled_and_y_flipped"
"W8-2_CGTTAACAGCTGAGGG","W8-2",6430,2776,"W8-2","1404.42048163265","1380.58925918367","FIB2","FIB2","Slide-tags (SCP2601)",6320,2751,"Fibroblast2",1,0,0,0,0,0,0,0,0,0,0,0,0,0,0,0,0,1,"12.5009521165065","-5.28206530283612",8,1404.42048163265,1380.58925918367,"FIB2","LogNormalize","FIB2","author","FIB2","author",0.225054407416424,-0.2791288340379,-0.592738605897213,-0.0623269192961752,0.658971711906473,-0.0191006730974307,NA,NA,0.658971711906473,"Fibroblast","N8",-0.195574466888849,-0.0666907788917644,0.045614122821162,-0.0528762930364721,-1.88517719715122,616.820700051928,2512.80599102572,"bbox_scaled_and_y_flipped"
"W8-2_CGTTAGGTCCGCCTAT","W8-2",7434,3286,"W8-2","5624.65772115385","2544.25776923077","vCTB","vCTB","Slide-tags (SCP2601)",6631,3266,"vCTB3",0,0,0,0,0,0,0,0.240034812448462,0,0,0.249516059068114,0,0,0.510449128483424,0,0,0,0.510449128483424,"-7.74000752781112","6.08068284322101",8,5624.65772115385,2544.25776923077,"vCTB","LogNormalize","vCTB","author","vCTB","author",-0.305159708522916,-0.321050723750547,-0.740860188656261,-0.0818007011278958,-0.842033813665873,-0.171656710357979,NA,NA,-0.0818007011278958,"Endothelial","N5",-0.131086762484008,-0.0614703401505108,-0.111612504130289,-0.0960955556632703,-0.732991551256488,2902.39106663714,1827.42459539228,"bbox_scaled_and_y_flipped"
"W8-2_CGTTATTTCCCTCACG","W8-2",2908,1340,"W8-2","2769.98965957447","3281.60472340426","STB","STB","Slide-tags (SCP2601)",5458,1334,"STB",0,0.0988894349089097,0,0,0,0.90111056509109,0,0,0,0,0,0,0,0,0,0,0,0.90111056509109,"4.49524866725724","2.64600405026752",8,2769.98965957447,3281.60472340426,"STB","LogNormalize","STB","author","STB","author",0.0220301069594791,-0.172060103099775,1.27492239940464,-0.0241756608882683,-0.528412175628757,-0.0671007414132876,NA,NA,1.27492239940464,"STB","N5",-0.159446691588651,-0.0353299702053174,0.418090155482239,-0.277521459903199,-4.9308609779828,1356.37733383493,1393.13950461756,"bbox_scaled_and_y_flipped"
"W8-2_CGTTGCGCAAGGTATA","W8-2",9694,3479,"W8-2","1432.73554285714","1333.15398333333","FIB2","FIB2","Slide-tags (SCP2601)",6796,3434,"Fibroblast2",1,0,0,0,0,0,0,0,0,0,0,0,0,0,0,0,0,1,"12.4043201127223","-5.57666960428875",8,1432.73554285714,1333.15398333333,"FIB2","LogNormalize","FIB2","author","FIB2","author",0.266952402873783,-0.181224796158108,-0.629162717324165,-0.090332865985466,1.14833538092979,-0.169999796443968,NA,NA,1.14833538092979,"Fibroblast","N8",-0.220494751903731,-0.0833103923686962,0.0270867227334011,-0.374888302628697,-4.08488438510065,632.155398361468,2540.74457945005,"bbox_scaled_and_y_flipped"
"W8-2_CGTTGCGCAATCATGT","W8-2",8840,3227,"W8-2","3596.39037837838","2838.13872072072","FIB2","FIB2","Slide-tags (SCP2601)",6626,3189,"Fibroblast2",1,0,0,0,0,0,0,0,0,0,0,0,0,0,0,0,0,1,"12.3285163560085","-4.79552736948651",8,3596.39037837838,2838.13872072072,"FIB2","LogNormalize","FIB2","author","FIB2","author",-0.131279813067078,-0.27927948111149,-0.633720937668832,-0.0900972002838971,0.749963910126683,-0.151674305419146,NA,NA,0.749963910126683,"Fibroblast","N8",-0.0186766261571716,-0.0840047750691629,-0.123230790110917,-0.0560783806527658,-0.0767374919761749,1803.93439914276,1654.33360346185,"bbox_scaled_and_y_flipped"
"W8-2_CGTTGCGCAGGCAAGC","W8-2",621,471,"W8-2","4515.96771428571","3737.25238095238","Erythroblasts","Erythroblasts","Slide-tags (SCP2601)",4111,1875,"vCTBp",0,0,0,0,0,0.165639323900378,0.627484114223863,0.111842594465197,0.048840818082602,0,0.0461931493279604,0,0,0,0,0,0,0.627484114223863,"-10.5128847441502","1.50021347333271",8,4515.96771428571,3737.25238095238,"Erythroblasts","LogNormalize","Erythroblasts","author","Erythroblasts","author",-0.0392045070347421,-0.0743203332681737,0.294949033189255,-0.0102779723944089,-0.240218359860272,-0.0326258832398851,NA,NA,0.294949033189255,"STB","N4",-0.174119444890446,-0.0102797990790425,-0.026034005723493,0.1083561714903,0.411991872654936,2301.95348893489,1124.77061369106,"bbox_scaled_and_y_flipped"
"W8-2_CGTTTGTGTAGGTTGC","W8-2",15531,4328,"W8-2","4996.77291925466","5336.45053416149","EVT","EVT","Slide-tags (SCP2601)",6278,2691,"EVT2",0,0.112127491773429,0.577672960228574,0.289951305642641,0,0,0,0,0.0202482423553558,0,0,0,0,0,0,0,0,0.577672960228574,"-2.39249027584273","4.54840859700519",8,4996.77291925466,5336.45053416149,"EVT","LogNormalize","EVT","author","EVT","author",0.423472624649196,0.282515430475056,-0.615093526239197,-0.0615077978656536,-0.696585339450278,-0.13235804051497,NA,NA,0.423472624649196,"EVT","N7",0.00438579987742679,0.162142248750545,-0.0757547267324905,-0.134385914017793,2.57447573297418,2562.34504187555,182.869502955917,"bbox_scaled_and_y_flipped"
"W8-2_CGTTTGTGTTATGTGG","W8-2",1291,793,"W8-2","4923.13659090909","4762.90490909091","EVT-progenitor","EVT-progenitor","Slide-tags (SCP2601)",4515,1406,"EVT2",0,0,1,0,0,0,0,0,0,0,0,0,0,0,0,0,0,1,"-3.13765586231429","1.94373616505939",8,4923.13659090909,4762.90490909091,"EVT-progenitor","LogNormalize","EVT-progenitor","author","EVT-progenitor","author",0.902575256546293,1.46105508709997,-0.0909286962565348,-0.0217182965967037,-0.31446660319176,-0.0691060425286397,NA,NA,1.46105508709997,"vCTB","N7",0.35354501158542,0.280241729403194,-0.0527541780376572,-0.180198723041356,5.72871186834288,2522.46552790068,520.678335605702,"bbox_scaled_and_y_flipped"
"W8-2_CTAAAGCTCATGGCTG","W8-2",673,503,"W8-2","4893.11091666667","5000.74941666667","EVT-progenitor","EVT-progenitor","Slide-tags (SCP2601)",4241,1854,"EVT2",0,0,1,0,0,0,0,0,0,0,0,0,0,0,0,0,0,1,"-3.53746164653975","1.79462608624775",8,4893.11091666667,5000.74941666667,"EVT-progenitor","LogNormalize","EVT-progenitor","author","EVT-progenitor","author",0.537486097717987,1.63146275289715,-0.0050600809935788,-0.0206612296396036,-0.206363414735284,-0.0635937742165718,NA,NA,1.63146275289715,"vCTB","N7",-0.17970589618063,0.124341393294525,-0.0289972148053414,-0.227852628773587,0.160627631810522,2506.20440621715,380.591877014996,"bbox_scaled_and_y_flipped"
"W8-2_CTAACCACAGCTAATT","W8-2",4212,1797,"W8-2","4398.33006451613","5014.23812903226","vCTB","vCTB","Slide-tags (SCP2601)",5426,1775,"vCTB1",0,0.0116135381519944,0,0,0,0.0396135366250003,0.275843344230785,0.233100553148305,0,0,0.318787474327781,0,0,0.121041553516134,0,0,0,0.318787474327781,"-8.79744971607406","3.08359035779316",8,4398.33006451613,5014.23812903226,"vCTB","LogNormalize","vCTB","author","vCTB","author",-0.231920734058572,-0.239627371696676,-0.153988032307676,-0.0350074333616134,-0.644399412020292,-0.124006962407402,NA,NA,-0.0350074333616134,"Endothelial","N5",-0.12150164360797,-0.0510156424258405,-0.0736617341574323,-0.203022713887913,-1.42151462427203,2238.24400744171,372.647249806641,"bbox_scaled_and_y_flipped"
"W8-2_CTAACCACATTATGCG","W8-2",597,344,"W8-2","2991.59677777778","2763.60155555556","vCTB","vCTB","Slide-tags (SCP2601)",4426,1799,"vCTB2",0,0,0,0,0,0,0.0909841107332515,0.727350832339995,0,0,0.109506787542263,0,0,0.0721582693844896,0,0,0,0.727350832339995,"-8.6404930434056","2.39046010304767",8,2991.59677777778,2763.60155555556,"vCTB","LogNormalize","vCTB","author","vCTB","author",-0.0611297453726045,-0.0351803164686322,-0.0370212599412181,-0.00922090543730876,0.11301725785511,-0.014921980700189,NA,NA,0.11301725785511,"Fibroblast","N3",-0.178013781729821,-0.0102797990790425,-0.0148351608048291,-0.149710304857265,-1.24262001063307,1476.39396646558,1698.23475387228,"bbox_scaled_and_y_flipped"
"W8-2_CTAACCCTCCTTGAGG","W8-2",7353,2637,"W8-2","2995.7156","782.37312","Hofbauer cells","Hofbauer cells","Slide-tags (SCP2601)",6577,2614,"Hofbauer cells",0,0,0,0,0,0,0,0,0,0,0,0,0.567953258416118,0,0,0,0.432046741583882,0.567953258416118,"-0.435079135639256","14.301295369161",8,2995.7156,782.37312,"Hofbauer cells","LogNormalize","Hofbauer cells","author","Hofbauer cells","author",-0.248784981620368,-0.254648556876359,-0.458544948079716,-0.0517057165244019,-0.648235514276056,-0.15203699746833,NA,NA,-0.0517057165244019,"Endothelial","N3",-0.0645021649277737,0.0292667808248446,-0.0720895638049939,0.313279884431142,3.09389115379486,1478.62461310511,2865.14534611195,"bbox_scaled_and_y_flipped"
"W8-2_CTAAGGTTCATCCACC","W8-2",6944,2565,"W8-2","5759.408","2378.20616666667","Hofbauer cells","Hofbauer cells","Slide-tags (SCP2601)",6502,2545,"Hofbauer cells",0,0,0,0,0,0,0,0,0,0,0,0,0.573687380295297,0,0,0,0.426312619704703,0.573687380295297,"-0.768035777551716","14.444753735555",8,5759.408,2378.20616666667,"Hofbauer cells","LogNormalize","Hofbauer cells","author","Hofbauer cells","author",-0.258203179717469,-0.127218997994337,-0.404141378282327,0.0721016248124202,-0.454038290827976,-0.14566195415605,NA,NA,0.0721016248124202,"Endothelial","N5",0.069302866600962,0.00540934939869231,-0.0750751305853089,0.235749981213321,3.08939794333397,2975.3683015034,1925.22622715419,"bbox_scaled_and_y_flipped"
"W8-2_CTAATCGCAAGCTACC","W8-2",5145,2012,"W8-2","1302.71510309278","2712.60173195876","STB","STB","Slide-tags (SCP2601)",5613,2005,"STB",0,0.0576144339298844,0,0,0,0.942385566070116,0,0,0,0,0,0,0,0,0,0,0,0.942385566070116,"4.90897022868913","3.16766914655048",8,1302.71510309278,2712.60173195876,"STB","LogNormalize","STB","author","STB","author",-0.213007291062379,-0.222892570397027,1.95408976633244,0.103384057223797,-0.585377106741205,-0.0923767468187096,NA,NA,1.95408976633244,"STB","N3",0.0926822288639133,-0.0279723689554228,0.381975629103356,0.167409893314186,-0.472125454037121,561.739720922084,1728.2728016256,"bbox_scaled_and_y_flipped"
"W8-2_CTAATCTTCTAAATCG","W8-2",514,384,"W8-2","4753.21625233645","2975.26714018692","STB","STB","Slide-tags (SCP2601)",4583,1908,"STB",0,0.239691722522226,0,0.0539414338552591,0,0.706366843622514,0,0,0,0,0,0,0,0,0,0,0,0.706366843622514,"4.04343973781388","0.801297991765324",8,4753.21625233645,2975.26714018692,"STB","LogNormalize","STB","author","STB","author",-0.0479755879426895,-0.0729092464896945,0.867692580429625,-0.00502001343391515,-0.286316198254076,-0.025330943973335,NA,NA,0.867692580429625,"STB","N5",0.0271869933615084,-0.0132383246533698,-0.0111518982062926,0.0112622338229139,0.843370264407795,2430.44110640967,1573.56724542837,"bbox_scaled_and_y_flipped"
"W8-2_CTATAACCACCCACAG","W8-2",19053,4337,"W8-2","5549.46540740741","3731.2517037037","EVT","EVT","Slide-tags (SCP2601)",6195,2426,"EVT3",0,0.0991093404732648,0.147673477760766,0.7369780433849,0,0,0,0,0.01623913838107,0,0,0,0,0,0,0,0,0.7369780433849,"-2.65440357540328","5.01900347997028",8,5549.46540740741,3731.2517037037,"EVT","LogNormalize","EVT","author","EVT","author",0.407238225298884,0.211868958855029,-0.665243484468685,-0.034664202984249,-0.738596132799858,-0.110042521253054,NA,NA,0.407238225298884,"EVT","N7",-0.126356133207839,0.0868802454996107,-0.0784419643283911,-0.260552238433356,0.074021948607107,2861.66887157085,1128.3049127736,"bbox_scaled_and_y_flipped"
"W8-2_CTATAACCACCTACTT","W8-2",5865,1971,"W8-2","1243.00654782609","3301.19965217391","Hofbauer cells","Hofbauer cells","Slide-tags (SCP2601)",5863,1944,"myeloid_unknown",0,0,0,0,0,0,0,0,0,0,0,0,0.441283157160308,0,0,0,0.558716842839692,0.558716842839692,"-0.651626416189259","12.78044709493",8,1243.00654782609,3301.19965217391,"Hofbauer cells","LogNormalize","Hofbauer cells","author","Hofbauer cells","author",-0.180198711729574,-0.216988430573343,-0.332446015321949,-0.034664202984249,-0.483645288172551,-0.121103465367889,NA,NA,-0.034664202984249,"Endothelial","N8",-0.139093314122723,-0.0523442622045658,-0.0704414082220251,0.0961371935219846,0.251886335236,529.403125417172,1381.59841751971,"bbox_scaled_and_y_flipped"
"W8-2_CTATAACCACTTGTTC","W8-2",38765,7040,"W8-2","1085.97675757576","2569.54248484848","vCTB","vCTB","Slide-tags (SCP2601)",6154,3222,"vCTB1",0,0,0,0,0,0,0.187790222236287,0,0,0,0.812209777763714,0,0,0,0,0,0,0.812209777763714,"-6.19402469013411","6.25414904881794",8,1085.97675757576,2569.54248484848,"vCTB","LogNormalize","vCTB","author","vCTB","author",-0.290099060763785,-0.157296894969278,-0.743012400331996,-0.0692714951059389,-0.856621367567649,-0.146264170417129,NA,NA,-0.0692714951059389,"Endothelial","N3",-0.298787782068984,-0.0679421109883846,-0.0826045545490495,-0.0495078333730267,-1.67631144993607,444.35988853318,1812.53231848642,"bbox_scaled_and_y_flipped"
"W8-2_CTATGAGGTAGCCTCC","W8-2",18345,3678,"W8-2","954.173591111111","4237.85764444444","STB","STB","Slide-tags (SCP2601)",6109,1872,"STB",0,0,0,0,0,1,0,0,0,0,0,0,0,0,0,0,0,1,"2.91151868488114","3.30540928174335",8,954.173591111111,4237.85764444444,"STB","LogNormalize","STB","author","STB","author",-0.0663592861396621,0.14932413704914,2.36291460423075,0.119155654280269,-0.556270004284173,-0.0807115778959698,NA,NA,2.36291460423075,"STB","N8",0.147189511906146,0.0269036610674644,0.50370896032758,-0.0809211641867733,-1.68647460831169,372.978732831166,829.922440700846,"bbox_scaled_and_y_flipped"
"W8-2_CTATGATCACCTCACC","W8-2",1539,1151,"W8-2","4721.10024242424","3137.28781818182","vCTB","vCTB","Slide-tags (SCP2601)",4649,1426,"vCTB2",0,0,0,0,0,0,0.121242797401167,0.694265049916937,0,0,0.0556441985671511,0,0,0.128847954114744,0,0,0,0.694265049916937,"-8.12382567737777","3.72642621327717",8,4721.10024242424,3137.28781818182,"vCTB","LogNormalize","vCTB","author","vCTB","author",0.0528546935988811,-0.205750424086905,0.0247150136208069,-0.0177553501198886,-0.484523408195772,-0.0764919181879236,NA,NA,0.0528546935988811,"EVT","N5",-0.175944346048272,-0.0345356919601564,-0.0577803330911666,-0.119806524038806,-1.10728057933581,2413.04791347234,1478.13976118621,"bbox_scaled_and_y_flipped"
"W8-2_CTATGATCAGAGGGAG","W8-2",5282,2166,"W8-2","3280.5996557377","1494.69043770492","STB","STB","Slide-tags (SCP2601)",5619,2150,"STB",0,0.0988537923490944,0,0,0,0.901146207650906,0,0,0,0,0,0,0,0,0,0,0,0.901146207650906,"5.04247318889421","4.32316788960773",8,3280.5996557377,1494.69043770492,"STB","LogNormalize","STB","author","STB","author",-0.207394529965925,-0.228358804254773,1.92106060473059,-0.0475048245210083,-0.618860446426702,-0.101778310611727,NA,NA,1.92106060473059,"STB","N5",-0.128632824586308,0.124337426735787,0.250876011683292,-0.085293954202371,-0.420271026194201,1632.91038396395,2445.60229486731,"bbox_scaled_and_y_flipped"
"W8-2_CTATGTTTCACTAATG","W8-2",3669,1740,"W8-2","2263.68354545455","4558.31245454545","Endothelial","Endothelial","Slide-tags (SCP2601)",5344,1719,"Endothelial_cells",0,0,0,0,1,0,0,0,0,0,0,0,0,0,0,0,0,1,"10.45769249584","4.58521231938678",8,2263.68354545455,4558.31245454545,"Endothelial","LogNormalize","Endothelial","author","Endothelial","author",-0.187882407496697,-0.220900812450767,-0.496459305018133,1.09638238929649,-0.584079286298358,-0.0886924215268063,NA,NA,1.09638238929649,"Endothelial","N8",-0.168448776353173,0.0190763957383867,-0.060763642844722,-0.0701873362792879,-0.0292477228945845,1082.17515391561,641.179888085421,"bbox_scaled_and_y_flipped"
"W8-2_CTCACAACAACTAGGG","W8-2",3775,1662,"W8-2","2736.09353333333","2541.8162","vCTB","vCTB","Slide-tags (SCP2601)",5437,1658,"vCTB1",0,0,0,0,0,0,0,0.199418098407782,0,0,0.606127684524009,0,0,0.194454217068208,0,0,0,0.606127684524009,"-8.54804576252181","3.95462617207843",8,2736.09353333333,2541.8162,"vCTB","LogNormalize","vCTB","author","vCTB","author",-0.189112318677565,-0.172412684344968,-0.532109891115497,-0.0345087261334689,-0.59849017566966,-0.0827362287280351,NA,NA,-0.0345087261334689,"Endothelial","N8",-0.179899344906429,-0.0338478058165136,-0.0459832799882691,0.0913789078832043,0.085056061485338,1338.02007634398,1828.86263905547,"bbox_scaled_and_y_flipped"
"W8-2_CTCACAACAGGATAAC","W8-2",11546,3223,"W8-2","2881.43353846154","483.839648076923","STB-progenitor","STB-progenitor","Slide-tags (SCP2601)",6754,2819,"vCTB1",0,0,0,0,0,0.287491303247191,0,0.14974770573794,0,0,0.499656088439467,0,0,0.0631049025754014,0,0,0,0.499656088439467,"-9.53228438709456","4.56114348698932",8,2881.43353846154,483.839648076923,"STB-progenitor","LogNormalize","STB-progenitor","author","STB-progenitor","author",-0.231938020215636,-0.304850813623711,0.15764637945456,-0.0704907577763838,-0.688222618116607,-0.138120042013705,NA,NA,0.15764637945456,"STB","N8",-0.0348540744316931,0.0367900926699499,-0.0920730490055759,-0.231513830778065,0.188610118398915,1416.73243063761,3040.97659518618,"bbox_scaled_and_y_flipped"
"W8-2_CTCATTTAGCTAATCA","W8-2",3003,1488,"W8-2","1592.47877777778","4424.22583333333","FIB2","FIB2","Slide-tags (SCP2601)",5401,1467,"Fibroblast2",1,0,0,0,0,0,0,0,0,0,0,0,0,0,0,0,0,1,"10.6200765290431","-3.91705098818463",8,1592.47877777778,4424.22583333333,"FIB2","LogNormalize","FIB2","author","FIB2","author",0.167673116061218,-0.233121298557369,0.0100418068840743,-0.0574418463630625,0.353179771954807,-0.12046843382546,NA,NA,0.353179771954807,"Fibroblast","N3",-0.00730129069183352,-0.055199242404778,-0.0886030204912072,0.137950049795593,1.33333217869209,718.668166074616,720.154677545363,"bbox_scaled_and_y_flipped"
"W8-2_CTCCCTGAGTTAGTGC","W8-2",2266,1442,"W8-2","5116.83887128713","3472.35847524752","vCTB","vCTB","Slide-tags (SCP2601)",4830,1487,"vCTBp",0,0,0,0,0,0,0.439046166778845,0.307776023039139,0,0,0.234871398173253,0,0,0.018306412008762,0,0,0,0.439046166778845,"-6.21519864414412","2.52229365636188",8,5116.83887128713,3472.35847524752,"vCTB","LogNormalize","vCTB","author","vCTB","author",0.0404142623515618,0.404474678696573,-0.369173160469674,-0.0405880863494938,-0.596634666269721,-0.0878722831163773,NA,NA,0.404474678696573,"vCTB","N1",-0.168979875597436,0.0516292817289119,-0.0652601863812525,-0.106155287554303,0.212635439358134,2627.3696285105,1280.78871783263,"bbox_scaled_and_y_flipped"
"W8-2_CTCCGGACACCTAATG","W8-2",10023,3579,"W8-2","4359.90313364055","2834.36057142857","FIB2","FIB2","Slide-tags (SCP2601)",6860,3495,"Fibroblast2",0.986371397631314,0,0,0,0,0,0,0,0,0,0,0,0,0,0,0.013628602368686,0,0.986371397631314,"11.0738404908351","-3.92483058642071",8,4359.90313364055,2834.36057142857,"FIB2","LogNormalize","FIB2","author","FIB2","author",0.0707232678177436,-0.0776875314942722,-0.647850381666277,-0.0985791731414731,1.16554461226242,-0.189551522427868,NA,NA,1.16554461226242,"Fibroblast","N4",0.0795937031678264,-0.0274766032123718,-0.133476461042964,0.0204620021531624,1.76746187569678,2217.432984387,1656.55887054814,"bbox_scaled_and_y_flipped"
"W8-2_CTCCGTCCACAGGATG","W8-2",2129,1154,"W8-2","4435.61664102564","5229.66946153846","STB","STB","Slide-tags (SCP2601)",4970,1201,"STB",0,0.167807343845314,0,0,0,0.832192656154686,0,0,0,0,0,0,0,0,0,0,0,0.832192656154686,"4.04643236781877","2.17705997754413",8,4435.61664102564,5229.66946153846,"STB","LogNormalize","STB","author","STB","author",-0.163727283836549,-0.149936240160882,0.657611530302705,-0.0357235497663587,-0.566192985343311,-0.0596061007321207,NA,NA,0.657611530302705,"STB","N5",-0.0629610079055604,-0.0357026403414462,0.535918296581735,-0.287147898008487,-5.17333279375901,2258.43744432803,245.761778504943,"bbox_scaled_and_y_flipped"
"W8-2_CTCCTAATCAGCACGC","W8-2",5873,2087,"W8-2","967.672371830986","1761.10752112676","STB","STB","Slide-tags (SCP2601)",5898,2071,"STB",0,0.0157550855618653,0,0,0,0.984244914438135,0,0,0,0,0,0,0,0,0,0,0,0.984244914438135,"4.84517609264176","4.58829983998615",8,967.672371830986,1761.10752112676,"STB","LogNormalize","STB","author","STB","author",-0.0836110413616967,-0.220542027425145,1.72290119223404,-0.0307747264956579,-0.482021762309205,-0.0849932256771134,NA,NA,1.72290119223404,"STB","N8",-0.201125952598764,0.0213478622975868,-0.0599527126285056,-0.194009375200978,-0.940683594225312,380.289320233565,2288.6870643874,"bbox_scaled_and_y_flipped"
"W8-2_CTCCTCACAGCACCAT","W8-2",8777,3485,"W8-2","1407.87203661972","4301.64735211268","vCTB","vCTB","Slide-tags (SCP2601)",6649,3460,"vCTB3",0,0,0,0,0,0,0.0136015273599049,0.100597184539408,0,0,0.308925119538693,0,0,0.576876168561994,0,0,0,0.576876168561994,"-7.90840352390487","6.3280807428487",8,1407.87203661972,4301.64735211268,"vCTB","LogNormalize","vCTB","author","vCTB","author",-0.149225886428607,-0.173519839416432,-0.610852714827842,-0.0846263917968219,-0.835415349662707,-0.159188710429942,NA,NA,-0.0846263917968219,"Endothelial","N3",-0.221108268929883,-0.0185468393042716,-0.0890897392520205,-0.29674551216509,-2.02929819272642,618.689972168484,792.351363979918,"bbox_scaled_and_y_flipped"
"W8-2_CTCCTGAGTCATCATC","W8-2",5227,2433,"W8-2","3098.51189473684","5090.62810526316","Hofbauer cells","Hofbauer cells","Slide-tags (SCP2601)",5518,2404,"myeloid_unknown",0,0,0,0,0,0,0,0,0,0,0,0,0.45212391047647,0,0,0,0.54787608952353,0.54787608952353,"-0.777793951971119","12.6910286836751",8,3098.51189473684,5090.62810526316,"Hofbauer cells","LogNormalize","Hofbauer cells","author","Hofbauer cells","author",-0.205929363500896,-0.241834052512034,-0.557966880851641,-0.0736368626476871,-0.598361137975644,-0.00895876946938289,NA,NA,-0.00895876946938289,"Macrophage","N5",-0.158624239927939,0.103818405628704,0.0628245621043943,0.0259630398403958,0.974521212583326,1534.296403981,327.654824498663,"bbox_scaled_and_y_flipped"
"W8-2_CTCGCTAGTAGCCATA","W8-2",1504,1064,"W8-2","1647.12246428571","2558.37625","vCTB","vCTB","Slide-tags (SCP2601)",4695,1392,"vCTB2",0,0,0,0,0,0,0,0.506044516092394,0,0,0.0396739707929699,0,0,0.454281513114636,0,0,0,0.506044516092394,"-8.85924495075423","5.26980695058185",8,1647.12246428571,2558.37625,"vCTB","LogNormalize","vCTB","author","vCTB","author",-0.187758928778628,-0.220012463806479,-0.165535241486156,-0.0255759582227329,-0.529707597547324,-0.0571543453592223,NA,NA,-0.0255759582227329,"Endothelial","N3",-0.182091803911709,-0.0254958072203825,-0.0483845739229819,-0.0123478700878377,-0.429192757611595,748.261760821831,1819.10904506993,"bbox_scaled_and_y_flipped"
"W8-2_CTCTATGTCCCGCAAA","W8-2",7306,2352,"W8-2","4868.6985","1854.6964","STB","STB","Slide-tags (SCP2601)",6509,2335,"STB",0,0,0,0,0,1,0,0,0,0,0,0,0,0,0,0,0,1,"3.45260631229203","2.52060994435627",8,4868.6985,1854.6964,"STB","LogNormalize","STB","author","STB","author",-0.215309998583515,-0.115497711403416,1.01846337233192,-0.0490126865312684,-0.675279395260602,-0.102362698243658,NA,NA,1.01846337233192,"STB","N8",-0.215059709652414,-0.0464374187988232,0.434231183566858,0.236214510908516,-2.38619571736886,2492.98327836501,2233.5647715144,"bbox_scaled_and_y_flipped"
"W8-2_CTCTCACAGCACGTTG","W8-2",8560,3030,"W8-2","1348.32477804878","1399.6053195122","Hofbauer cells","Hofbauer cells","Slide-tags (SCP2601)",6647,2998,"Hofbauer cells",0,0,0,0,0,0,0,0,0,0,0,0,0.562201199617832,0,0,0,0.437798800382168,0.562201199617832,"-0.783338316423482","14.4126091890462",8,1348.32477804878,1399.6053195122,"Hofbauer cells","LogNormalize","Hofbauer cells","author","Hofbauer cells","author",-0.249213725307435,-0.284696176936379,-0.471749236398151,0.111821533341609,-0.676673682606415,0.181697086736446,NA,NA,0.181697086736446,"Macrophage","N8",0.0420469230711105,0.0129211344097196,0.0653642989771909,0.0984562529202599,1.33115945515899,586.440730745135,2501.60584781063,"bbox_scaled_and_y_flipped"
"W8-2_CTCTTGATCACAGCCA","W8-2",7151,2538,"W8-2","1696.17184615385","4079.29053846154","FIB1","FIB1","Slide-tags (SCP2601)",6531,2507,"Fibroblast1",0,0,0,0,0,0,0,0,0,1,0,0,0,0,0,0,0,1,"10.4622243561916","-11.8939379758708",8,1696.17184615385,4079.29053846154,"FIB1","LogNormalize","FIB1","author","FIB1","author",0.19844571162821,-0.154783931916285,-0.590349920430626,0.050815793377552,-0.0711508760055665,-0.130255573772583,NA,NA,0.19844571162821,"EVT","N3",-0.185215906323075,0.0546337791790199,-0.11717582816718,0.0210863598611967,1.25257480903341,774.825626153218,923.315828475613,"bbox_scaled_and_y_flipped"
"W8-2_CTGAAACTCACAGACT","W8-2",4098,1892,"W8-2","1926.48543089431","866.16434796748","STB","STB","Slide-tags (SCP2601)",5392,1878,"STB",0,0.0559325764774332,0,0,0,0.944067423522567,0,0,0,0,0,0,0,0,0,0,0,0.944067423522567,"4.80405604030412","4.42327794362384",8,1926.48543089431,866.16434796748,"STB","LogNormalize","STB","author","STB","author",-0.200996102828767,-0.0604723434016032,1.86066391534781,-0.0350074333616134,-0.570638012024987,-0.0995381605550989,NA,NA,1.86066391534781,"STB","N5",-0.0512230952296234,-0.0317948717893931,0.384486861178311,-0.193023120907053,-3.5445357314519,899.557453874953,2815.7937066456,"bbox_scaled_and_y_flipped"
"W8-2_CTGAAACTCTCCTCTT","W8-2",12421,3780,"W8-2","2575.7496969697","3463.84115151515","Hofbauer cells","Hofbauer cells","Slide-tags (SCP2601)",6771,3109,"Hofbauer cells",0,0,0,0,0,0,0,0,0,0,0,0,0.704781805665941,0,0,0,0.295218194334059,0.704781805665941,"-0.392194368583745","15.128796666158",8,2575.7496969697,3463.84115151515,"Hofbauer cells","LogNormalize","Hofbauer cells","author","Hofbauer cells","author",-0.255434904411959,-0.269043048705114,-0.448485785119236,-0.0875071753165398,-0.634620635599329,-0.0509727871325834,NA,NA,-0.0509727871325834,"Macrophage","N5",-0.11105854150438,0.13415846203777,-0.0963135760779761,0.0526008800676118,2.80040436248336,1251.18203856133,1285.80527983147,"bbox_scaled_and_y_flipped"
"W8-2_CTGACCAAGTTGTCTT","W8-2",8235,2305,"W8-2","5713.7319","3692.9386","STB","STB","Slide-tags (SCP2601)",6514,2282,"STB",0,0.0410778060601926,0,0,0,0.958922193939807,0,0,0,0,0,0,0,0,0,0,0,0.958922193939807,"3.70239721919816","2.16048464108783",8,5713.7319,3692.9386,"STB","LogNormalize","STB","author","STB","author",-0.224898496244357,-0.0882786887995124,0.678188537381631,-0.0377027431797566,-0.652751820066432,-0.105436042101682,NA,NA,0.678188537381631,"STB","N7",-0.162047110783672,0.0274324884065301,0.321258000763368,0.0801216631260429,-1.34070524602723,2950.63131760981,1150.87069354431,"bbox_scaled_and_y_flipped"
"W8-2_CTGATCACAGCAATAA","W8-2",7896,2888,"W8-2","3054.17082608696","2698.0292173913","Endothelial","Endothelial","Slide-tags (SCP2601)",6684,2858,"Endothelial_cells",0,0,0,0,1,0,0,0,0,0,0,0,0,0,0,0,0,1,"10.4425929703883","4.18208321858722",8,3054.17082608696,2698.0292173913,"Endothelial","LogNormalize","Endothelial","author","Endothelial","author",-0.251355758011991,-0.272412102429711,-0.607638781636577,0.653705117116669,-0.460133880441362,-0.14491540652922,NA,NA,0.653705117116669,"Endothelial","N3",-0.18814019032138,0.00198540905100403,-0.0939553205493185,0.233565705671615,1.67529547363541,1510.28243823049,1736.85577030259,"bbox_scaled_and_y_flipped"
"W8-2_CTGCTACTCAGCCAAT","W8-2",13407,3036,"W8-2","5273.35607017544","3046.30792982456","STB","STB","Slide-tags (SCP2601)",6372,2179,"STB",0,0.014461826650457,0,0,0,0.985538173349543,0,0,0,0,0,0,0,0,0,0,0,0.985538173349543,"4.17499958659928","3.21429833699543",8,5273.35607017544,3046.30792982456,"STB","LogNormalize","STB","author","STB","author",-0.196244888786392,-0.0950918942613918,1.48939702204964,0.0649948532893117,-0.617932077090788,-0.0973836343021573,NA,NA,1.48939702204964,"STB","N5",-0.202287923386388,0.0184050586606702,0.431763193107657,-0.103760022910317,-3.49057090104222,2712.13525928831,1531.72540204397,"bbox_scaled_and_y_flipped"
"W8-2_CTGCTACTCTATCGCC","W8-2",12080,4108,"W8-2","2543.20718181818","4232.18495454545","vCTB","vCTB","Slide-tags (SCP2601)",6832,3525,"vCTB3",0,0,0,0,0,0,0,0.261211039993613,0,0,0.207906108143272,0,0,0.530882851863114,0,0,0,0.530882851863114,"-7.34883273456771","6.36729392339069",8,2543.20718181818,4232.18495454545,"vCTB","LogNormalize","vCTB","author","vCTB","author",-0.203787918713625,-0.155615533688902,-0.759968808240671,-0.111918501906377,-0.833480387200711,-0.19437881339285,NA,NA,-0.111918501906377,"Endothelial","N8",-0.304717163071214,-0.0843240302744522,-0.113338596565,-0.216660763166326,-2.75067540789421,1233.55786151556,833.263560690256,"bbox_scaled_and_y_flipped"
"W8-2_CTGCTATGTAACAGGG","W8-2",15923,4632,"W8-2","2164.55917117117","4344.22868468468","FIB2","FIB2","Slide-tags (SCP2601)",6307,2868,"Fibroblast2",1,0,0,0,0,0,0,0,0,0,0,0,0,0,0,0,0,1,"12.705214849966","-6.5075601644389",8,2164.55917117117,4344.22868468468,"FIB2","LogNormalize","FIB2","author","FIB2","author",0.136679744109972,-0.274313996412129,-0.431921613798244,-0.075510771210299,0.708081434456632,0.00842741297789766,NA,NA,0.708081434456632,"Fibroblast","N8",-0.17887216781997,0.0287936319048243,0.1936078213874,0.0297200111528017,-0.932066321111433,1028.49197934268,767.27166740469,"bbox_scaled_and_y_flipped"
"W8-2_CTGGACCAGGATGATG","W8-2",11729,4106,"W8-2","2434.49609230769","2923.99141538462","vCTB","vCTB","Slide-tags (SCP2601)",6827,3561,"vCTB1",0,0,0,0,0,0,0,0.0921018495974368,0,0,0.759084008670291,0,0,0.148814141732272,0,0,0,0.759084008670291,"-8.82486880634505","6.78073653508503",8,2434.49609230769,2923.99141538462,"vCTB","LogNormalize","vCTB","author","vCTB","author",-0.0698383028434488,-0.081038999838153,-0.531116868933946,-0.101878475038547,-0.753044306122243,-0.190275559101798,NA,NA,-0.0698383028434488,"EVT","N3",-0.17852509130279,-0.017055121523194,0.0398356363321293,-0.0830215089360091,-1.27134353574706,1174.68277213017,1603.76779440231,"bbox_scaled_and_y_flipped"
"W8-2_CTGGATGTCAAGACTC","W8-2",8320,3316,"W8-2","5030.81585714286","610.359604761905","FIB2","FIB2","Slide-tags (SCP2601)",6684,3283,"Fibroblast2",1,0,0,0,0,0,0,0,0,0,0,0,0,0,0,0,0,1,"12.2052806534938","-6.44897499750775",8,5030.81585714286,610.359604761905,"FIB2","LogNormalize","FIB2","author","FIB2","author",0.0523163315496946,-0.281002897792808,-0.324993222168491,-0.0840452158928789,1.32394360936201,-0.0357902684339935,NA,NA,1.32394360936201,"Fibroblast","N8",-0.279600300836318,-0.0834090954430183,-0.14156791956018,-0.145435676294302,-1.98834393635792,2580.78180872367,2966.45844526673,"bbox_scaled_and_y_flipped"
"W8-2_CTGGATGTCCTTCGTA","W8-2",1195,889,"W8-2","1757.09527731092","2835.96534453781","STB","STB","Slide-tags (SCP2601)",4483,1496,"STB",0,0.286276257000157,0,0.126725791317854,0,0.547533021057655,0.0141199401493966,0.0238357132812743,0.00150927719366309,0,0,0,0,0,0,0,0,0.547533021057655,"3.55285941745561","1.5277888469823",8,1757.09527731092,2835.96534453781,"STB","LogNormalize","STB","author","STB","author",-0.19873364032211,0.205670867403249,0.791567553076831,-0.034083027080306,-0.358380899763044,-0.0650728088113781,NA,NA,0.791567553076831,"STB","N3",-0.0527897058588461,-0.0214902175967597,-0.0285780560130196,-0.200410425943065,-0.898025596171984,807.820166739541,1655.61368588104,"bbox_scaled_and_y_flipped"
"W8-2_CTGGCTAAGCTTTGTT","W8-2",18754,3859,"W8-2","3060.9776","5155.13902857143","STB","STB","Slide-tags (SCP2601)",6209,2174,"STB",0,0.0268276481751439,0,0,0,0.973172351824856,0,0,0,0,0,0,0,0,0,0,0,0.973172351824856,"4.05292975093644","4.11105212498981",8,3060.9776,5155.13902857143,"STB","LogNormalize","STB","author","STB","author",-0.0971706861225827,0.250662205542777,1.6158437932054,-0.0314952819379584,-0.708921247740024,-0.100276256864027,NA,NA,1.6158437932054,"STB","N5",-0.00733783897409235,-0.036423070625876,0.487177659996419,-0.0842042240789938,-3.33344462188907,1513.9688093667,289.658963762659,"bbox_scaled_and_y_flipped"
"W8-2_CTGGCTAAGTGACCTG","W8-2",8814,3339,"W8-2","4212.89738461538","3263.46359615385","vCTB","vCTB","Slide-tags (SCP2601)",6630,3312,"vCTB1",0,0,0,0,0,0,0,0.0838493917051443,0,0,0.800209036853985,0,0,0.11594157144087,0,0,0,0.800209036853985,"-8.15637935016829","6.64115723897297",8,4212.89738461538,3263.46359615385,"vCTB","LogNormalize","vCTB","author","vCTB","author",-0.154785592190181,-0.184998936557527,-0.628650020042308,-0.0976798628601627,-0.856762595217784,-0.160266941406653,NA,NA,-0.0976798628601627,"Endothelial","N8",-0.176897508152876,-0.0135573880890116,-0.0974891494077804,-0.122413928649508,-0.601945135752159,2137.81850666448,1403.82432680352,"bbox_scaled_and_y_flipped"
"W8-2_CTGGCTTTCTTGGATA","W8-2",10927,2754,"W8-2","5386.3785087108","3543.97754703833","STB-progenitor","STB-progenitor","Slide-tags (SCP2601)",6733,2557,"STB",0,0,0,0,0,1,0,0,0,0,0,0,0,0,0,0,0,1,"1.73402022506517","1.2871153049596",8,5386.3785087108,3543.97754703833,"STB-progenitor","LogNormalize","STB-progenitor","author","STB-progenitor","author",-0.0110259529373346,0.23988744207089,-0.295417151264006,-0.0648895684385257,-0.656768702065483,-0.143306421053308,NA,NA,0.23988744207089,"vCTB","N8",-0.223571745213095,0.10029581708093,0.0487536116837493,-0.0278117723238121,0.317673329581518,2773.34526280577,1238.60627587931,"bbox_scaled_and_y_flipped"
"W8-2_CTGTACCTCAACAAGG","W8-2",6197,2424,"W8-2","2522.45822222222","3610.57391666667","Endothelial","Endothelial","Slide-tags (SCP2601)",6140,2401,"Endothelial_cells",0,0,0,0,1,0,0,0,0,0,0,0,0,0,0,0,0,1,"10.2203591981105","4.54727992345173",8,2522.45822222222,3610.57391666667,"Endothelial","LogNormalize","Endothelial","author","Endothelial","author",-0.226756571936404,-0.106511059793986,-0.438462767670425,0.63083929427328,-0.659572214446671,-0.124229907447024,NA,NA,0.63083929427328,"Endothelial","N5",-0.198306420442149,0.038965757756468,-0.0795649030415606,-0.226137486942542,-0.762115786902879,1222.32076641913,1199.38212195068,"bbox_scaled_and_y_flipped"
"W8-2_CTGTATTTCGAGCTAT","W8-2",18864,4983,"W8-2","885.768373333333","2430.26246666667","vCTB","vCTB","Slide-tags (SCP2601)",6083,2848,"vCTB1",0,0,0,0,0,0,0.198451955162101,0,0,0,0.785835392949466,0,0,0.015712651888433,0,0,0,0.785835392949466,"-6.86609471653182","6.60202893544513",8,885.768373333333,2430.26246666667,"vCTB","LogNormalize","vCTB","author","vCTB","author",-0.275052296388414,-0.284475476814075,-0.688455661806428,-0.0687472300645549,-0.778729085593478,-0.124569650009223,NA,NA,-0.0687472300645549,"Endothelial","N3",-0.26478752402449,-0.0499100870113679,-0.0815829033015174,-0.220051872502938,-2.28015788114422,335.932251839866,1894.5659323731,"bbox_scaled_and_y_flipped"
"W8-2_CTGTATTTCTGTGCCT","W8-2",6474,2895,"W8-2","2580.21021818182","4720.50385454545","EVT","EVT","Slide-tags (SCP2601)",6349,2870,"EVT3",0,0.0700594752859513,0.371365866176132,0.509520030535263,0,0,0,0,0.0490546280026535,0,0,0,0,0,0,0,0,0.509520030535263,"-2.77552951191146","4.71748694707233",8,2580.21021818182,4720.50385454545,"EVT","LogNormalize","EVT","author","EVT","author",0.287020942978087,0.149876634185978,-0.209933589731468,-0.071868238935861,-0.722166003685256,-0.166448996682225,NA,NA,0.287020942978087,"EVT","N7",0.023353770523606,0.158837155498289,-0.103904313044279,0.161385190548428,4.6046402760087,1253.59774045753,545.651851422092,"bbox_scaled_and_y_flipped"
"W8-2_CTGTTAAAGACAAAGT","W8-2",11746,3191,"W8-2","2594.40898113208","4128.03154716981","STB","STB","Slide-tags (SCP2601)",6715,2744,"STB",0,0.0230970620369252,0,0,0,0.976902937963075,0,0,0,0,0,0,0,0,0,0,0,0.976902937963075,"4.20508133556169","3.66979822446186",8,2594.40898113208,4128.03154716981,"STB","LogNormalize","STB","author","STB","author",-0.122857632236383,-0.0954945371211712,1.10031341254878,-0.0808740150215786,-0.611883485910698,-0.160303852561074,NA,NA,1.10031341254878,"STB","N5",-0.0785388372464209,-0.00808804750758897,0.396040779773356,0.0163526425951148,-2.18775324813886,1261.28741997066,894.608185117881,"bbox_scaled_and_y_flipped"
"W8-2_CTGTTAAAGTAAGTGG","W8-2",299,231,"W8-2","2139.1286746988","2083.92044578313","STB","STB","Slide-tags (SCP2601)",4488,2163,"STB",0,0.249656208236813,0,0,0,0.750343791763187,0,0,0,0,0,0,0,0,0,0,0,0.750343791763187,"-2.52175248478133","-8.64748087595623",8,2139.1286746988,2083.92044578313,"STB","LogNormalize","STB","author","STB","author",-0.049750537297624,-0.10349437991438,1.2476074550191,-0.00560118933785814,-0.250377963859692,-0.0178339754861049,NA,NA,1.2476074550191,"STB","N5",0.067742572783808,-0.00587953093310308,-0.0253995856027864,-0.0725123764291556,0.754645055963418,1014.71948603342,2098.5556215244,"bbox_scaled_and_y_flipped"
"W8-2_CTTAACAAGATAACCC","W8-2",19219,4695,"W8-2","935.733466666667","4355.44545454545","vCTB","vCTB","Slide-tags (SCP2601)",6108,2714,"vCTB1",0,0,0,0,0,0,0,0.167005484141446,0,0,0.586170778969835,0,0,0.24682373688872,0,0,0,0.586170778969835,"-9.08867801044661","5.97749718953449",8,935.733466666667,4355.44545454545,"vCTB","LogNormalize","vCTB","author","vCTB","author",-0.278228284474279,-0.284594256538883,-0.732483654148948,-0.0252053520203616,-0.838861791881163,-0.100540666263388,NA,NA,-0.0252053520203616,"Endothelial","N8",-0.201427440294323,-0.0431665788186219,0.152709196257242,-0.187429070522256,-3.08365915964688,362.992042606342,760.665176539554,"bbox_scaled_and_y_flipped"
"W8-2_CTTAGTTTCAGGAACA","W8-2",12900,3019,"W8-2","2362.92888888889","1503.69131111111","STB-progenitor","STB-progenitor","Slide-tags (SCP2601)",6547,2392,"STB",0,0,0,0,0,1,0,0,0,0,0,0,0,0,0,0,0,1,"2.86764370586198","2.04277762700397",8,2362.92888888889,1503.69131111111,"STB-progenitor","LogNormalize","STB-progenitor","author","STB-progenitor","author",-0.0438322389904178,-0.247264485599928,0.417905008495941,-0.0701224313990223,-0.627136000602507,-0.133819022008515,NA,NA,0.417905008495941,"STB","N8",-0.228736760662109,0.00298068839999297,0.198387014327367,0.108437592275643,-1.11497770190752,1135.92384222414,2440.30093015409,"bbox_scaled_and_y_flipped"
"W8-2_CTTAGTTTCCCTCTAA","W8-2",20130,4727,"W8-2","809.160377464789","2270.97242253521","vCTB","vCTB","Slide-tags (SCP2601)",6175,2711,"vCTB1",0,0,0,0,0,0,0,0.0965376017193548,0,0,0.802940726548389,0,0,0.100521671732256,0,0,0,0.802940726548389,"-9.18067611072738","6.19936856557209",8,809.160377464789,2270.97242253521,"vCTB","LogNormalize","vCTB","author","vCTB","author",-0.124167178492695,-0.0174837049195956,-0.708467124207148,-0.0318636083153199,-0.786518579965937,-0.116894288031902,NA,NA,-0.0174837049195956,"vCTB","N3",-0.259033034359935,0.016445906507344,0.0486471226547117,-0.132799410667868,-1.6403599506478,294.443360276867,1988.38511869182,"bbox_scaled_and_y_flipped"
"W8-2_CTTATGTTCATGGCCA","W8-2",15946,4191,"W8-2","1881.83996296296","1772.50083333333","Hofbauer cells","Hofbauer cells","Slide-tags (SCP2601)",6287,2666,"Hofbauer cells",0,0,0,0,0,0,0,0,0,0,0,0,0.544009854330524,0,0,0,0.455990145669476,0.544009854330524,"-0.3554152033158","13.8963805132039",8,1881.83996296296,1772.50083333333,"Hofbauer cells","LogNormalize","Hofbauer cells","author","Hofbauer cells","author",-0.262114761430743,-0.281648236833413,-0.695126895528579,-0.0668482255019459,-0.76941319093698,0.103949404204509,NA,NA,0.103949404204509,"Macrophage","N5",-0.262759946203352,-0.00224707402659989,0.189473783344037,0.302158702163444,-0.150900904636559,875.378633416556,2281.97659301724,"bbox_scaled_and_y_flipped"
"W8-2_CTTCATCCAGGTATTT","W8-2",7619,2692,"W8-2","881.89276751269","3080.79120812183","EVT","EVT","Slide-tags (SCP2601)",6572,2645,"EVT3",0,0.00126105333615874,0,0.998738946663841,0,0,0,0,0,0,0,0,0,0,0,0,0,0.998738946663841,"-1.90499580715377","4.22741755772907",8,881.89276751269,3080.79120812183,"EVT","LogNormalize","EVT","author","EVT3","author_refined_to_predicted",0.315539605247167,0.118595818202881,-0.324365586458498,0.0630111002258944,-0.537413005387833,-0.154285671689205,NA,NA,0.315539605247167,"EVT","N3",0.0752834509068983,0.182191796876345,-0.100628638270368,-0.328691550205911,2.22533676002152,333.833324856977,1511.41532473128,"bbox_scaled_and_y_flipped"
"W8-2_CTTCGCGTCAATCTAG","W8-2",26478,5902,"W8-2","5764.66643333333","3715.87033333333","EVT","EVT","Slide-tags (SCP2601)",6254,2959,"EVT3",0,0.104901918398276,0.214158937323379,0.664105808478103,0,0,0,0,0.0168333358002421,0,0,0,0,0,0,0,0,0.664105808478103,"-3.27599275921065","4.51807507802326",8,5764.66643333333,3715.87033333333,"EVT","LogNormalize","EVT","author","EVT","author",0.225133563933801,0.45770892917365,-0.542411260704932,-0.0741104738758345,-0.769351873339794,-0.146314624186824,NA,NA,0.45770892917365,"vCTB","N7",-0.123975799000873,0.123294349449239,-0.106914955179362,-0.177254915016037,1.25515579929927,2978.21613178383,1137.36428406378,"bbox_scaled_and_y_flipped"
"W8-2_CTTCTAAGTCACGGAT","W8-2",8822,3743,"W8-2","3985.98627586207","812.330507586207","vCTB","vCTB","Slide-tags (SCP2601)",6646,3713,"vCTB1",0,0,0,0,0,0,0.00353765538538514,0.11572655095905,0,0,0.487533031064572,0,0,0.393202762590993,0,0,0,0.487533031064572,"-8.76293242786605","5.65591201115924",8,3985.98627586207,812.330507586207,"vCTB","LogNormalize","vCTB","author","vCTB","author",-0.286903288568596,-0.037292686922037,-0.204328225419305,-0.0931016457918331,-0.786728876075004,-0.180480913516918,NA,NA,-0.037292686922037,"vCTB","N5",-0.285472669460645,-0.0263480021751492,-0.12701612137999,-0.118310111079242,-1.1856933070851,2014.9293711536,2847.50094314316,"bbox_scaled_and_y_flipped"
"W8-2_CTTCTAAGTCTTTATG","W8-2",5553,1374,"W8-2","3732.47237931034","954.8692","STB","STB","Slide-tags (SCP2601)",5846,1364,"STB",0,0.0219157086902091,0,0,0,0.978084291309791,0,0,0,0,0,0,0,0,0,0,0,0.978084291309791,"3.86517702724259","2.92713984776813",8,3732.47237931034,954.8692,"STB","LogNormalize","STB","author","STB","author",-0.159061279442751,-0.161807316840578,0.982833205868078,-0.0274247707853477,-0.469789889859933,-0.0717289431021017,NA,NA,0.982833205868078,"STB","N5",-0.0804584767722515,0.041136017725214,0.316663225656916,-0.0823089734722925,-1.64624621660303,1877.6328599409,2763.54802433952,"bbox_scaled_and_y_flipped"
"W8-2_CTTCTAAGTGAGGTGA","W8-2",3511,1529,"W8-2","2827.26914285714","3231.81238961039","STB","STB","Slide-tags (SCP2601)",5579,1520,"STB",0,0.119673606869684,0,0,0,0.880326393130316,0,0,0,0,0,0,0,0,0,0,0,0.880326393130316,"5.07799040462297","3.63899621297199",8,2827.26914285714,3231.81238961039,"STB","LogNormalize","STB","author","STB","author",-0.195426865934827,-0.00191317417260148,1.98377134110647,0.110623489422698,-0.596937190227868,-0.0566685345151359,NA,NA,1.98377134110647,"STB","N5",-0.0643817950502661,-0.0348355513721163,0.4581538928506,0.0632916549720328,-2.56516067831715,1387.39840733719,1422.46636096268,"bbox_scaled_and_y_flipped"
"W8-2_CTTCTCAAGGGCCATC","W8-2",17150,3287,"W8-2","3577.65270588235","2639.461","STB","STB","Slide-tags (SCP2601)",6109,1865,"STB",0,0.0402106316883147,0,0,0,0.959789368311685,0,0,0,0,0,0,0,0,0,0,0,0.959789368311685,"3.80640350963395","3.32072791386921",8,3577.65270588235,2639.461,"STB","LogNormalize","STB","author","STB","author",-0.219842986237342,-0.239297927665668,1.08103590680324,-0.0284818377424478,-0.651795880066505,-0.0886996698163336,NA,NA,1.08103590680324,"STB","N8",-0.207692763463133,0.03583425210408,0.321051023137649,0.119781908267876,-1.2480419279356,1793.78656465738,1771.35147610612,"bbox_scaled_and_y_flipped"
"W8-2_CTTGAACAGCTGGACC","W8-2",3436,1623,"W8-2","1895.13972727273","3657.69154545455","STB","STB","Slide-tags (SCP2601)",5595,1613,"STB",0,0.0948562077670786,0,0,0,0.905143792232921,0,0,0,0,0,0,0,0,0,0,0,0.905143792232921,"4.53861462261003","3.29538330365497",8,1895.13972727273,3657.69154545455,"STB","LogNormalize","STB","author","STB","author",-0.217044553420003,-0.224640812069671,1.31890699347968,-0.0350074333616134,-0.62471793783947,-0.0677729782481586,NA,NA,1.31890699347968,"STB","N5",-0.177184853256791,0.0603132555065301,0.179184517834734,-0.129456137860812,-1.37587204749224,882.581438724351,1171.63062236231,"bbox_scaled_and_y_flipped"
"W8-2_CTTGCTCAGCAAGGTA","W8-2",359,249,"W8-2","5129.4773125","5012.481125","STB","STB","Slide-tags (SCP2601)",4567,2067,"STB",0,0.177301818901247,0,0,0,0.805930503941725,0,0.0167676771570277,0,0,0,0,0,0,0,0,0,0.805930503941725,"3.6184500374965","0.0688708417542618",8,5129.4773125,5012.481125,"STB","LogNormalize","STB","author","STB","author",-0.0752844015060857,-0.0959679481584274,1.08917553261728,-0.00840178400678722,-0.336538731036627,-0.0230154607538684,NA,NA,1.08917553261728,"STB","N7",0.156103708544076,-0.00524244712744136,-0.0185656941255259,-0.081040271886354,1.17443355565849,2634.21427848549,373.68209595515,"bbox_scaled_and_y_flipped"
"W8-2_CTTGGACCACGTGCTG","W8-2",5568,2201,"W8-2","2968.52173626374","2313.75345054945","STB","STB","Slide-tags (SCP2601)",5729,2182,"STB",0,0.119991685862643,0,0,0,0.880008314137357,0,0,0,0,0,0,0,0,0,0,0,0.880008314137357,"4.77619730617326","4.6129928522237",8,2968.52173626374,2313.75345054945,"STB","LogNormalize","STB","author","STB","author",-0.206372460665398,0.0443484220404116,1.23533478109283,-0.0300949846034938,-0.640709183647443,-0.0759482107045647,NA,NA,1.23533478109283,"STB","N3",-0.112801085808589,-0.0400779984995577,0.524232332690455,-0.0744385802776254,-4.15612789805315,1463.89712609881,1963.1878048229,"bbox_scaled_and_y_flipped"
"W8-2_CTTGTTCCATCGCTCC","W8-2",7592,2901,"W8-2","2793.83206557377","4049.74081967213","Endothelial","Endothelial","Slide-tags (SCP2601)",6620,2860,"Endothelial_cells",0,0,0,0,1,0,0,0,0,0,0,0,0,0,0,0,0,1,"10.3822902360133","4.35874470998127",8,2793.83206557377,4049.74081967213,"Endothelial","LogNormalize","Endothelial","author","Endothelial","author",0.0836455426301623,0.00973597748831689,-0.403963660485744,1.09173709090266,-0.580346083885461,-0.145247508696308,NA,NA,1.09173709090266,"Endothelial","N8",-0.181374906577736,-0.0603199408351472,-0.0879802495366189,0.128407487129378,0.207783078075912,1369.28975878341,940.720121304369,"bbox_scaled_and_y_flipped"
"W8-2_CTTTAGTTCATAACGC","W8-2",12531,2935,"W8-2","2886.56205405405","4093.39805405405","STB","STB","Slide-tags (SCP2601)",6578,2377,"STB",0,0.0216973186556454,0,0,0,0.978302681344355,0,0,0,0,0,0,0,0,0,0,0,0.978302681344355,"4.34691750194352","3.76086196233112",8,2886.56205405405,4093.39805405405,"STB","LogNormalize","STB","author","STB","author",-0.230597863044858,-0.176823305348734,1.61945766967619,-0.0743005072274285,-0.592560840701957,-0.105031983660322,NA,NA,1.61945766967619,"STB","N5",-0.163915875118287,0.0703350181031439,0.1707310229518,-0.0290826239272711,-0.5058049650908,1419.50990085968,915.006736459947,"bbox_scaled_and_y_flipped"
"W8-2_CTTTAGTTCATTTGCT","W8-2",6575,2510,"W8-2","1819.62046153846","4800.21046153846","vCTB","vCTB","Slide-tags (SCP2601)",6373,2489,"vCTBp",0,0,0,0,0,0,0.347634217646804,0.277340533079543,0,0,0.306487677367656,0,0,0.0685375719059965,0,0,0,0.347634217646804,"-7.54252351139266","3.66337546635944",8,1819.62046153846,4800.21046153846,"vCTB","LogNormalize","vCTB","author","vCTB","author",-0.118756569873427,0.0590321849086536,0.292005070248434,-0.0804004037934312,-0.680922925984826,-0.147293688744575,NA,NA,0.292005070248434,"STB","N3",-0.181291869013192,-0.053527494669498,-0.0808221203604054,-0.00235453855442669,-0.537316936484191,841.682174992887,498.705985764987,"bbox_scaled_and_y_flipped"
"W8-2_CTTTAGTTCTTGCATT","W8-2",1220,852,"W8-2","2443.48844444444","4746.11122222222","EVT","EVT","Slide-tags (SCP2601)",4551,1468,"EVT2",0,0,0.629001456665123,0.370998543334877,0,0,0,0,0,0,0,0,0,0,0,0,0,0.629001456665123,"-3.21931947086532","4.92492589284259",8,2443.48844444444,4746.11122222222,"EVT","LogNormalize","EVT","author","EVT","author",-0.188068311040339,-0.167668330557639,0.0835584147945214,0.107109058174034,-0.344254036825721,-0.0574187547585829,NA,NA,0.107109058174034,"Endothelial","N5",-0.0559989727811067,-0.0279693121199728,-0.029024343115648,-5.61840897168597e-05,0.213197942972513,1179.55279540213,530.569537820521,"bbox_scaled_and_y_flipped"
"W8-2_CTTTCTTGTTCATTTG","W8-2",19016,4187,"W8-2","5113.56576923077","1348.29338782051","STB-progenitor","STB-progenitor","Slide-tags (SCP2601)",6115,2298,"STB",0,0.0159321664994724,0,0,0,0.984067833500528,0,0,0,0,0,0,0,0,0,0,0,0.984067833500528,"2.50816570903581","2.2990690164693",8,5113.56576923077,1348.29338782051,"STB-progenitor","LogNormalize","STB-progenitor","author","STB-progenitor","author",-0.0840208605017597,0.529423829490137,0.785903383838114,-0.0260244734508832,-0.727850714250379,-0.104570006072357,NA,NA,0.785903383838114,"STB","N4",0.139752954064799,0.0673222146053713,-0.0585415732273886,-0.0556790160450076,2.45185249607611,2625.59700184468,2531.82772204015,"bbox_scaled_and_y_flipped"
"W8-2_CTTTGTCCAGCCGCTA","W8-2",6376,1669,"W8-2","2808.41811392405","4771.60341772152","STB-progenitor","STB-progenitor","Slide-tags (SCP2601)",6209,1655,"STB",0,0,0,0,0,1,0,0,0,0,0,0,0,0,0,0,0,1,"1.79282473708909","1.31158229638416",8,2808.41811392405,4771.60341772152,"STB-progenitor","LogNormalize","STB-progenitor","author","STB-progenitor","author",-0.171911938252961,-0.195326754135408,0.282186852873813,-0.0354833244147705,-0.430166927845292,-0.0646296138163433,NA,NA,0.282186852873813,"STB","N5",-0.0456503044810481,-0.0279244682190818,-0.0545140242130637,-0.262244031545371,-1.15671453255214,1377.18918196341,515.555058715674,"bbox_scaled_and_y_flipped"
"W8-2_GAAACTGAGTGAGGTA","W8-2",7200,2307,"W8-2","4361.70635051546","4980.39640206186","STB","STB","Slide-tags (SCP2601)",6480,2291,"STB",0,0.0207684564573702,0,0,0,0.97923154354263,0,0,0,0,0,0,0,0,0,0,0,0.97923154354263,"3.44885527278703","2.23253998090107",8,4361.70635051546,4980.39640206186,"STB","LogNormalize","STB","author","STB","author",0.0421027886981898,-0.115793811640474,0.946370573684012,-0.0461045271865438,-0.669466859744507,-0.133234242271001,NA,NA,0.946370573684012,"STB","N5",0.0518235531154546,0.135753851706351,-0.0640073637095873,-0.0369317425358838,3.01057079393568,2218.40955959353,392.579464059547,"bbox_scaled_and_y_flipped"
"W8-2_GAAAGCCAGGTTTGCG","W8-2",13212,4615,"W8-2","636.946678787879","3839.11866666667","EVT","EVT","Slide-tags (SCP2601)",6605,3559,"EVT3",0,0,0.290560437661624,0.709439562338376,0,0,0,0,0,0,0,0,0,0,0,0,0,0.709439562338376,"-3.81602991436202","5.08039864827472",8,636.946678787879,3839.11866666667,"EVT","LogNormalize","EVT","author","EVT","author",-0.138872323736438,-0.00631160110003826,-0.639128417592934,-0.151447241473761,-0.739950182938919,-0.18981144828782,NA,NA,-0.00631160110003826,"vCTB","N3",-0.280491799309324,0.154390810323193,-0.103423815005845,-0.167820968953035,0.810940564799692,201.176914796035,1064.77306587735,"bbox_scaled_and_y_flipped"
"W8-2_GAAAGCCAGTTTGAGC","W8-2",6615,2454,"W8-2","1694.43536082474","1683.16175257732","STB","STB","Slide-tags (SCP2601)",6388,2440,"STB",0,0.100452077193073,0,0,0,0.899547922806928,0,0,0,0,0,0,0,0,0,0,0,0.899547922806928,"4.67017542506974","3.4438124590047",8,1694.43536082474,1683.16175257732,"STB","LogNormalize","STB","author","STB","author",-0.126483233677273,-0.133582785042769,1.27110423778137,-0.0547442567199095,-0.781134300078579,-0.113849892493514,NA,NA,1.27110423778137,"STB","N8",0.00523205290092824,0.116535226628347,0.331401696719896,-0.36619023243714,-1.95963511430936,773.885191010601,2334.59582549152,"bbox_scaled_and_y_flipped"
"W8-2_GAACCAAAGCATGAAG","W8-2",6928,2574,"W8-2","2243.72259259259","1679.88573333333","STB","STB","Slide-tags (SCP2601)",6463,2557,"STB",0,0.0912543404566346,0,0,0,0.908745659543366,0,0,0,0,0,0,0,0,0,0,0,0.908745659543366,"4.7352336564235","4.32317885686237",8,2243.72259259259,1679.88573333333,"STB","LogNormalize","STB","author","STB","author",-0.26257660890801,-0.279392620731854,1.6834441649352,-0.0438851084215577,-0.69817668078842,-0.123392819737336,NA,NA,1.6834441649352,"STB","N5",-0.19167418111125,-0.056437082270922,0.158723248817587,-0.0510321812015836,-2.41643471905406,1071.36482270416,2336.52534633202,"bbox_scaled_and_y_flipped"
"W8-2_GAACCAAAGGATAAAC","W8-2",12305,4020,"W8-2","5089.79023076923","4813.94007692308","EVT","EVT","Slide-tags (SCP2601)",6772,3334,"EVT2",0,0.0177658341280505,0.542787778843787,0.439446387028162,0,0,0,0,0,0,0,0,0,0,0,0,0,0.542787778843787,"-3.28624285076339","5.10282620717365",8,5089.79023076923,4813.94007692308,"EVT","LogNormalize","EVT","author","EVT","author",0.0805657687360893,-0.0975992965910183,-0.497822646203838,-0.102116420565125,-0.741549517359135,-0.170631653062609,NA,NA,0.0805657687360893,"EVT","N7",-0.290612570683891,0.139162387845832,-0.0924992354364974,0.175025198020209,2.55816056284986,2612.72079060982,490.619470685671,"bbox_scaled_and_y_flipped"
"W8-2_GAACCAGCACAACCTA","W8-2",3881,1738,"W8-2","781.089352486188","2652.81838674033","STB","STB","Slide-tags (SCP2601)",5480,1728,"STB",0,0.121108614693578,0,0,0,0.878891385306423,0,0,0,0,0,0,0,0,0,0,0,0.878891385306423,"5.09844719554704","3.49157461453754",8,781.089352486188,2652.81838674033,"STB","LogNormalize","STB","author","STB","author",-0.0862326262223422,-0.0758074597729304,1.82062284698808,-0.0284567417424507,-0.628288581864946,-0.0858795931598504,NA,NA,1.82062284698808,"STB","N8",-0.0504073088732608,-0.0317948717893931,0.0979806125368838,-0.203727496862117,-1.82728099088979,279.24082563025,1763.48419750653,"bbox_scaled_and_y_flipped"
"W8-2_GAACGAATCTCATCAT","W8-2",697,608,"W8-2","4724.414","3135.44733333333","vCTB","vCTB","Slide-tags (SCP2601)",4426,1786,"vCTB2",0,0,0,0,0,0,0.380945794180526,0.426423528878958,0,0,0.154607707559283,0,0,0.0380229693812325,0,0,0,0.426423528878958,"-4.31859219883162","-5.41858330439251",8,4724.414,3135.44733333333,"vCTB","LogNormalize","vCTB","author","vCTB","author",-0.0568150907222486,-0.19680600951647,0.162371942626356,-0.0100400268678303,-0.270757521464868,-0.0412691675771372,NA,NA,0.162371942626356,"STB","N5",-0.19094584494827,-0.0138972067371725,-0.0216395565688206,-0.25540302878045,-1.9627666608357,2414.8425581066,1479.22377614683,"bbox_scaled_and_y_flipped"
"W8-2_GAACTTATCAGGAACA","W8-2",5006,2080,"W8-2","5593.60066666667","1282.58858666667","vCTB","vCTB","Slide-tags (SCP2601)",5570,2061,"vCTB1",0,0,0,0,0,0,0.309115814790282,0,0,0,0.690884185209718,0,0,0,0,0,0,0.690884185209718,"-7.13071549747664","4.77035865117389",8,5593.60066666667,1282.58858666667,"vCTB","LogNormalize","vCTB","author","vCTB","author",-0.245709105264353,-0.212645859730756,-0.288757579382695,-0.0610000919499346,-0.580762738567659,-0.131454826139783,NA,NA,-0.0610000919499346,"Endothelial","N5",-0.200478460851852,-0.0466612554173544,-0.0767195790309791,0.119054013176456,0.154485921170693,2885.57137632576,2570.5267569679,"bbox_scaled_and_y_flipped"
"W8-2_GAACTTATCCGCATGA","W8-2",1686,955,"W8-2","1557.9001027027","4358.41962162162","STB","STB","Slide-tags (SCP2601)",4849,1164,"STB",0,0.15597163653716,0,0,0,0.84402836346284,0,0,0,0,0,0,0,0,0,0,0,0.84402836346284,"4.73243414546769","2.97461780835468",8,1557.9001027027,4358.41962162162,"STB","LogNormalize","STB","author","STB","author",-0.180618272730106,0.104573391526977,0.93358543438203,-0.0183365260238316,-0.459129296353575,-0.0363866750570924,NA,NA,0.93358543438203,"STB","N3",0.0610897148532592,0.0828162838805303,0.238675939157174,-0.267900877981272,-0.920127433013359,699.941257945549,758.913441604809,"bbox_scaled_and_y_flipped"
"W8-2_GAAGCTAAGGTAGCTT","W8-2",5656,2287,"W8-2","1837.55935632184","2717.4291954023","vCTB","vCTB","Slide-tags (SCP2601)",5749,2270,"vCTB3",0,0,0,0,0,0,0,0.193795352031125,0,0,0.284877684029643,0,0,0.521326963939232,0,0,0,0.521326963939232,"-8.10164893482406","5.55528601933796",8,1837.55935632184,2717.4291954023,"vCTB","LogNormalize","vCTB","author","vCTB","author",-0.0764799319856386,0.0178137701104242,-0.499743038338746,-0.0470910984348547,-0.73558083132159,-0.10767425645783,NA,NA,0.0178137701104242,"vCTB","N3",-0.228542789016086,-0.0417582623905494,-0.0666059296778478,-0.134636710845057,-1.53962182158256,851.397412312302,1725.42950595872,"bbox_scaled_and_y_flipped"
"W8-2_GAAGGAACACAGGAAT","W8-2",3863,1791,"W8-2","1842.30661538462","3417.14123076923","FIB2","FIB2","Slide-tags (SCP2601)",5397,1777,"Fibroblast2",0.966268695532637,0,0,0,0,0,0,0,0,0,0,0,0,0,0,0.033731304467363,0,0.966268695532637,"12.4084209122829","-6.68086758326214",8,1842.30661538462,3417.14123076923,"FIB2","LogNormalize","FIB2","author","FIB2","author",0.454826744263421,-0.207486507269914,-0.0124956710214935,-0.0610319068124966,1.03733211695557,-0.0916595256945431,NA,NA,1.03733211695557,"Fibroblast","N3",-0.101180723945592,-0.0505385854737749,-0.0767426242393266,-0.113356159368742,-0.736791641307193,853.968403946324,1313.3107563314,"bbox_scaled_and_y_flipped"
"W8-2_GAAGGCTAGGAGTCGG","W8-2",8284,3403,"W8-2","493.007807741935","3085.35583225806","FIB2","FIB2","Slide-tags (SCP2601)",6699,3366,"Fibroblast2",1,0,0,0,0,0,0,0,0,0,0,0,0,0,0,0,0,1,"11.831040731924","-6.54477396677655",8,493.007807741935,3085.35583225806,"FIB2","LogNormalize","FIB2","author","FIB2","author",0.405565345838133,-0.331817339248919,-0.508721613046538,-0.102223985240921,1.36517171975217,-0.0439514412554009,NA,NA,1.36517171975217,"Fibroblast","N3",0.0907556479662719,-0.0221538664416123,-0.132804828060507,-0.035945517346569,1.5566231685626,123.22337816034,1508.72683704426,"bbox_scaled_and_y_flipped"
"W8-2_GAAGTAAGTCCGGTTC","W8-2",10427,3240,"W8-2","4244.87770873786","690.053691262136","STB","STB","Slide-tags (SCP2601)",6805,3107,"STB",0,0.104730437461295,0,0,0,0.895269562538705,0,0,0,0,0,0,0,0,0,0,0,0.895269562538705,"4.18839489604753","4.55809506703693",8,4244.87770873786,690.053691262136,"STB","LogNormalize","STB","author","STB","author",-0.256987339773543,-0.304721206756683,1.3902611800889,0.0655760291932547,-0.732445511991169,-0.149696629061399,NA,NA,1.3902611800889,"STB","N5",-0.0413002628112787,-0.00223461903268601,0.483673471148606,-0.173618242661394,-3.59072908381589,2155.13821571866,2919.5199539716,"bbox_scaled_and_y_flipped"
"W8-2_GAAGTATAGCAAGATG","W8-2",3032,1477,"W8-2","1312.34178644068","3334.79961016949","STB","STB","Slide-tags (SCP2601)",5590,1470,"STB",0,0.091431403987471,0,0,0,0.908568596012529,0,0,0,0,0,0,0,0,0,0,0,0.908568596012529,"4.63042103435319","2.49849781323749",8,1312.34178644068,3334.79961016949,"STB","LogNormalize","STB","author","STB","author",-0.182755613545888,-0.200958550284849,1.64458588943253,0.179699449975649,-0.576381173394895,-0.101012519879285,NA,NA,1.64458588943253,"STB","N8",0.00863580961920657,0.0642201420558308,0.313152442006801,0.048179483184011,-0.0163449821577364,566.953281425843,1361.80860117132,"bbox_scaled_and_y_flipped"
"W8-2_GAAGTATAGCGCTAAT","W8-2",6403,2182,"W8-2","2305.92961538462","1314.86589230769","STB","STB","Slide-tags (SCP2601)",6275,2168,"STB",0,0.0943761335980596,0,0,0,0.905623866401941,0,0,0,0,0,0,0,0,0,0,0,0.905623866401941,"5.04271065379899","4.45372542668659",8,2305.92961538462,1314.86589230769,"STB","LogNormalize","STB","author","STB","author",-0.24079041592161,-0.240670605996926,1.26281240529291,0.108985246561655,-0.526490498043225,-0.113329428635161,NA,NA,1.26281240529291,"STB","N5",-0.115859410418377,-0.0412063894287335,0.413040955220383,-0.126325988916219,-3.8131198700206,1105.0545230261,2551.51596085498,"bbox_scaled_and_y_flipped"
"W8-2_GAAGTATAGGAGGTTA","W8-2",8287,2697,"W8-2","1251.57638661088","1804.18369874477","STB","STB","Slide-tags (SCP2601)",6581,2675,"STB",0,0.0785851236498666,0,0,0,0.921414876350133,0,0,0,0,0,0,0,0,0,0,0,0.921414876350133,"4.67200075771134","3.71389922429401",8,1251.57638661088,1804.18369874477,"STB","LogNormalize","STB","author","STB","author",-0.239937989104895,-0.265794186751762,1.50128824321247,0.140697255274658,-0.676117300375752,-0.129411000609205,NA,NA,1.50128824321247,"STB","N1",-0.160861713612415,-0.0575186097003191,-0.101933288642447,0.0194307644070867,-0.210893552018957,534.04432648272,2263.31591231146,"bbox_scaled_and_y_flipped"
"W8-2_GACAATACATGAGTTT","W8-2",1030,614,"W8-2","4807.0865","4322.57333333333","EVT-progenitor","EVT-progenitor","Slide-tags (SCP2601)",4425,1495,"EVT2",0,0.0754766457250447,0.790748026894079,0.104055181010038,0,0,0.0297201463708384,0,0,0,0,0,0,0,0,0,0,0.790748026894079,"-3.91400230739791","2.06406482983905",8,4807.0865,4322.57333333333,"EVT-progenitor","LogNormalize","EVT-progenitor","author","EVT-progenitor","author",0.0765890994129789,0.441776695609883,-0.155482712967586,-0.0206294147770417,0.0753650909359409,-0.0632149904543762,NA,NA,0.441776695609883,"vCTB","N5",0.147662872009956,0.0971070125337375,-0.037306072271362,-0.18410231960056,1.98548081204245,2459.61582686078,780.026309129523,"bbox_scaled_and_y_flipped"
"W8-2_GACCGAACAATACTGT","W8-2",19837,4392,"W8-2","3255.06463235294","4036.14691911765","STB","STB","Slide-tags (SCP2601)",6078,2362,"STB",0,0.0791089320016981,0,0,0,0.920891067998301,0,0,0,0,0,0,0,0,0,0,0,0.920891067998301,"5.0756934800319","4.04043731023151",8,3255.06463235294,4036.14691911765,"STB","LogNormalize","STB","author","STB","author",-0.245522152999225,-0.280432294594771,1.16867863380555,-0.0302253654542768,-0.748665174722775,-0.106220915359396,NA,NA,1.16867863380555,"STB","N8",-0.096395816038162,0.0183571579243292,0.361351696109666,0.0304602206400699,-1.63597344829548,1619.08128160645,948.72670260625,"bbox_scaled_and_y_flipped"
"W8-2_GACCTCAAGGATCCGC","W8-2",15450,3555,"W8-2","3658.21925925926","430.9044","STB","STB","Slide-tags (SCP2601)",6217,2258,"STB",0,0.0349006159856142,0,0,0,0.965099384014386,0,0,0,0,0,0,0,0,0,0,0,0.965099384014386,"4.52149283077043","3.76884755421955",8,3658.21925925926,430.9044,"STB","LogNormalize","STB","author","STB","author",-0.243666760398953,-0.251393392933334,1.90645644705253,-0.0310444868847983,-0.709190876476845,-0.082275619716767,NA,NA,1.90645644705253,"STB","N8",-0.140222034912888,-0.0366385463225055,-0.0514242254304706,-0.144720713064766,-1.121395910303,1837.41930767281,3072.15457576391,"bbox_scaled_and_y_flipped"
"W8-2_GACCTGATCAAGGACA","W8-2",16168,5323,"W8-2","2031.34194174757","2390.60440499307","vCTB","vCTB","Slide-tags (SCP2601)",6016,3154,"vCTB2",0,0,0,0,0,0,0,0.508400953481263,0,0,0.401995789894759,0,0,0.0896032566239783,0,0,0,0.508400953481263,"-6.7055565199681","3.9496398859151",8,2031.34194174757,2390.60440499307,"vCTB","LogNormalize","vCTB","author","vCTB","author",0.0635669332970176,0.431051597904716,-0.438487546399621,-0.0528680683322879,-0.810097373410794,-0.127440964646568,NA,NA,0.431051597904716,"vCTB","N8",-0.194692438403629,0.0108204087229845,0.0445698835603925,-0.121487647667523,-1.25375688839934,956.345004040479,1917.92387101567,"bbox_scaled_and_y_flipped"
"W8-2_GACCTGCAGGGTCCAC","W8-2",9762,3338,"W8-2","3650.292","5645.236","FIB2","FIB2","Slide-tags (SCP2601)",6786,3282,"Fibroblast2",0.963020483574409,0,0,0,0,0,0,0,0,0,0,0,0,0,0,0.036979516425592,0,0.963020483574409,"12.4724877991847","-6.19035664271038",8,3650.292,5645.236,"FIB2","LogNormalize","FIB2","author","FIB2","author",0.225606399455132,-0.291236986533911,-0.327275003298234,-0.0737170514984759,1.62110933482115,-0.0369250724879453,NA,NA,1.62110933482115,"Fibroblast","N4",-0.198395981827852,-0.0138103840011928,-0.105093565686622,0.115427287504863,0.759286470851941,1833.1261109109,1,"bbox_scaled_and_y_flipped"
"W8-2_GACCTTTGTTGTCATC","W8-2",10442,2528,"W8-2","3741.57188304094","2753.93311111111","STB","STB","Slide-tags (SCP2601)",6675,2429,"STB",0,0,0,0,0,1,0,0,0,0,0,0,0,0,0,0,0,1,"3.23034917499345","2.27769717503864",8,3741.57188304094,2753.93311111111,"STB","LogNormalize","STB","author","STB","author",-0.208570903455772,0.0318965891082285,1.05581926086692,-0.059050433574089,-0.621333834582883,-0.115913090248139,NA,NA,1.05581926086692,"STB","N8",-0.155572194697153,0.201663543826086,0.251655445185572,0.143746314724362,1.84085453687032,1882.56091372009,1703.92930682248,"bbox_scaled_and_y_flipped"
"W8-2_GACCTTTGTTTACGTC","W8-2",23078,4095,"W8-2","2576.94705785124","4111.62183471074","STB","STB","Slide-tags (SCP2601)",6236,2181,"STB",0,0.0194018820995217,0,0,0,0.980598117900479,0,0,0,0,0,0,0,0,0,0,0,0.980598117900479,"3.82826697017472","3.10527452756244",8,2576.94705785124,4111.62183471074,"STB","LogNormalize","STB","author","STB","author",-0.252587699339278,-0.248132305353535,1.41586325134872,-0.0410845137526286,-0.687500837112909,-0.109606989160463,NA,NA,1.41586325134872,"STB","N5",-0.0424678826978478,0.093210716613273,0.431763193107657,-0.0898200406391375,-1.49289974031569,1251.83049797098,904.273232792572,"bbox_scaled_and_y_flipped"
"W8-2_GACGCCTAGACAACAG","W8-2",1323,764,"W8-2","3261.46637837838","1937.88167567568","STB","STB","Slide-tags (SCP2601)",4638,1350,"STB",0,0,0,0,0,1,0,0,0,0,0,0,0,0,0,0,0,1,"-0.0394170961208998","2.09377655316669",8,3261.46637837838,1937.88167567568,"STB","LogNormalize","STB","author","STB","author",-0.185409414290802,0.757802466838168,2.19594470497415,-0.0279006618385048,-0.281542640331478,-0.0722977275041371,NA,NA,2.19594470497415,"STB","N5",-0.0146510340394042,-0.0303759647324843,-0.0360210653758796,0.0341249022827852,0.66791849478419,1622.54830020747,2184.57002786834,"bbox_scaled_and_y_flipped"
"W8-2_GACTCACCACACCAAC","W8-2",10202,3471,"W8-2","3354.16182222222","3529.03024","FIB2","FIB2","Slide-tags (SCP2601)",6847,3367,"Fibroblast2",0.847693639559398,0,0,0,0,0,0,0,0,0,0,0,0,0,0,0.152306360440602,0,0.847693639559398,"11.5305951752834","-4.46290674875897",8,3354.16182222222,3529.03024,"FIB2","LogNormalize","FIB2","author","FIB2","author",0.392573755943575,-0.296399710626979,-0.530604090811647,-0.0945086619888625,1.7890614593229,0.0151480128984424,NA,NA,1.7890614593229,"Fibroblast","N4",0.101174842755236,-0.0853816849525837,-0.113571905609553,-0.0767013427075389,0.405460430085596,1672.74973381005,1247.40999108725,"bbox_scaled_and_y_flipped"
"W8-2_GACTTACAGGACTAAG","W8-2",12257,4116,"W8-2","1531.394","4752.446","vCTB","vCTB","Slide-tags (SCP2601)",6801,3499,"vCTB1",0,0,0,0,0,0,0,0.186408844265552,0,0,0.447755389404394,0,0,0.365835766330054,0,0,0,0.447755389404394,"-8.2775026640721","5.94144019414264",8,1531.394,4752.446,"vCTB","LogNormalize","vCTB","author","vCTB","author",-0.299911566959036,-0.0715128279649554,-0.435285449669092,-0.0928955151278165,-0.796483774623212,-0.159144458812752,NA,NA,-0.0715128279649554,"vCTB","N8",-0.168415359549217,-0.0262876464448942,0.0393893492295008,-0.0407876410365344,-1.07831874738175,685.586244368675,526.838459083857,"bbox_scaled_and_y_flipped"
"W8-2_GACTTGGTCCCGCAAA","W8-2",25738,4071,"W8-2","934.8662875","4324.1504375","STB","STB","Slide-tags (SCP2601)",6281,2061,"STB",0,0.0428403955777804,0,0,0,0.957159604422219,0,0,0,0,0,0,0,0,0,0,0,0.957159604422219,"3.41277991916459","2.96775183011371",8,934.8662875,4324.1504375,"STB","LogNormalize","STB","author","STB","author",-0.199820949134689,-0.204907631008291,1.06006561441965,-0.0438851084215577,-0.644298696963227,-0.0963054033254466,NA,NA,1.06006561441965,"STB","N3",-0.206808765971539,0.0863734265467327,0.371866686853721,-0.0115223213177809,-1.67830691847362,362.522400997739,779.097421009342,"bbox_scaled_and_y_flipped"
"W8-2_GACTTGGTCTCCTCAA","W8-2",844,536,"W8-2","2089.00863917526","4516.97735051546","STB","STB","Slide-tags (SCP2601)",4903,1567,"STB",0,0.188735681961713,0,0,0,0.811264318038287,0,0,0,0,0,0,0,0,0,0,0,0.811264318038287,"3.8925617852382","1.30459937383014",8,2089.00863917526,4516.97735051546,"STB","LogNormalize","STB","author","STB","author",0.118411608070294,-0.191175512461085,0.766927960933857,-0.0120215001062378,-0.172652054385842,-0.0209366597693485,NA,NA,0.766927960933857,"STB","N3",-0.0356302355868433,0.113358877075068,-0.0215104795265454,-0.207566495782464,0.914268302551049,987.57578261977,665.525576779516,"bbox_scaled_and_y_flipped"
"W8-2_GAGATAAGTAACAGGG","W8-2",8332,2750,"W8-2","5122.72347058824","3895.41311764706","STB","STB","Slide-tags (SCP2601)",6613,2722,"STB",0,0.104615531562599,0,0,0,0.895384468437401,0,0,0,0,0,0,0,0,0,0,0,0.895384468437401,"4.99427448894303","3.37265166570026",8,5122.72347058824,3895.41311764706,"STB","LogNormalize","STB","author","STB","author",-0.2860744562861,0.092931255464248,1.75654751487408,-0.0852075677007649,-0.669377020369615,-0.146063684791346,NA,NA,1.75654751487408,"STB","N4",-0.125350647390818,0.0954990060475967,0.412754914976118,-0.083275899075884,-1.77876749998501,2630.55657393998,1031.61657066739,"bbox_scaled_and_y_flipped"
"W8-2_GAGATAAGTGAGCAAG","W8-2",7025,2954,"W8-2","2065.15139215686","836.057549019608","FIB2","FIB2","Slide-tags (SCP2601)",6543,2921,"Fibroblast2",0.975194954391717,0,0,0,0,0,0,0,0,0,0,0,0,0,0,0.0248050456082828,0,0.975194954391717,"12.2670415558986","-6.41192618082684",8,2065.15139215686,836.057549019608,"FIB2","LogNormalize","FIB2","author","FIB2","author",0.289445125014707,-0.288374017146472,-0.227562615981302,-0.0910467025652016,0.834136997222572,-0.161318159764207,NA,NA,0.834136997222572,"Fibroblast","N5",-0.124106623059203,-0.012678936236567,0.0151945766436953,-0.110644498616532,-0.916096512052526,974.655320162606,2833.52611042106,"bbox_scaled_and_y_flipped"
"W8-2_GAGCAAATCATGGCCA","W8-2",10293,3731,"W8-2","1183.84609302326","4074.98223255814","vCTB","vCTB","Slide-tags (SCP2601)",6869,3638,"EVT3",0,0.0114816715038489,0.206087995737599,0.774594848182215,0,0,0.00783548457633678,0,0,0,0,0,0,0,0,0,0,0.774594848182215,"-4.22669232700545","4.84543380071003",8,1183.84609302326,4074.98223255814,"vCTB","LogNormalize","vCTB","author","vCTB","author",-0.124734186242049,0.161464285833311,-0.750148785162073,-0.0848369614983937,-0.832941360676851,-0.18839449711979,NA,NA,0.161464285833311,"vCTB","N3",-0.24680544781561,0.0424594878569653,-0.132511151549366,-0.16586292881907,-0.299309744718629,497.363366821423,925.853348987162,"bbox_scaled_and_y_flipped"
"W8-2_GAGCCTTCAAGGTCGA","W8-2",5449,1996,"W8-2","4956.73350819672","2011.43840983607","STB","STB","Slide-tags (SCP2601)",5714,1986,"STB",0,0.0474604128087468,0,0,0,0.952539587191253,0,0,0,0,0,0,0,0,0,0,0,0.952539587191253,"4.31788241054338","2.52563366223652",8,4956.73350819672,2011.43840983607,"STB","LogNormalize","STB","author","STB","author",-0.22439648357637,0.137467793295671,1.54837218872359,0.104784354558262,-0.617477100447485,-0.0868852782311743,NA,NA,1.54837218872359,"STB","N8",-0.0808488010015539,0.0278799888657155,-0.0474760633784266,0.137042210091946,1.76188083246565,2540.66074162993,2141.24633501096,"bbox_scaled_and_y_flipped"
"W8-2_GAGCGGTCAAACGGGC","W8-2",1577,1054,"W8-2","4206.44442105263","1982.58010526316","FIB2","FIB2","Slide-tags (SCP2601)",4596,1337,"Fibroblast2",0.984559973017381,0,0,0,0,0,0,0,0,0,0,0,0,0,0,0.0154400269826184,0,0.984559973017381,"10.7803720154933","-3.85869351099652",8,4206.44442105263,1982.58010526316,"FIB2","LogNormalize","FIB2","author","FIB2","author",0.237470764015465,-0.183629668785215,0.107122157808908,-0.0286144984182405,0.241611990118881,-0.0773970682635907,NA,NA,0.241611990118881,"Fibroblast","N3",-0.176296609207283,-0.0241737388727181,-0.0532816519342161,0.0146684426397842,-0.184398017506538,2134.32374998171,2158.24339636737,"bbox_scaled_and_y_flipped"
"W8-2_GAGCTGCTCGGCCATA","W8-2",3725,1750,"W8-2","1947.48588888889","4528.57122222222","vCTB","vCTB","Slide-tags (SCP2601)",5502,1743,"vCTB3",0,0,0,0,0,0,0,0.257592076845605,0,0,0.19259830404779,0,0,0.549809619106605,0,0,0,0.549809619106605,"-8.16947329853255","5.08757981587726",8,1947.48588888889,4528.57122222222,"vCTB","LogNormalize","vCTB","author","vCTB","author",-0.0809303742092857,-0.0130400188754739,-0.599257905488373,-0.0298570390769153,-0.457514209129755,-0.0935258092920026,NA,NA,-0.0130400188754739,"vCTB","N3",-0.155382032097125,0.156256169619922,-0.055162123646309,-0.221413701308928,0.927371195874695,910.930753941509,658.696979199907,"bbox_scaled_and_y_flipped"
"W8-2_GAGCTTAGTGGAAGGC","W8-2",10414,3805,"W8-2","3597.96727388535","2362.91514649682","Erythroblasts","Erythroblasts","Slide-tags (SCP2601)",6887,3693,"vCTBp",0,0,0,0,0,0,0.436725997701566,0.0673681058532113,0,0,0.184688045095959,0,0,0.311217851349263,0,0,0,0.436725997701566,"-10.9577223143407","1.76215299893696",8,3597.96727388535,2362.91514649682,"Erythroblasts","LogNormalize","Erythroblasts","author","Erythroblasts","author",-0.328385088513163,-0.211777781884862,-0.767290663839847,0.0317309476395272,-0.850420914746244,-0.198846887164779,NA,NA,0.0317309476395272,"Endothelial","N8",-0.194464841343352,-0.0785185025358902,-0.11624642566259,-0.0695273085023066,-1.13352463518555,1804.78840460202,1934.23238367917,"bbox_scaled_and_y_flipped"
"W8-2_GAGGCAAGTAATGACT","W8-2",1635,851,"W8-2","5210.64656","1974.61496","FIB1","FIB1","Slide-tags (SCP2601)",4637,1162,"Fibroblast2",0.522267722812854,0,0,0,0,0,0,0,0,0.477732277187147,0,0,0,0,0,0,0,0.522267722812854,"10.8979791321925","-11.2835682935588",8,5210.64656,1974.61496,"FIB1","LogNormalize","FIB1","author","FIB1","author",-0.171210976772007,-0.187227611692243,0.150799295037192,-0.0255759582227329,0.902255625678295,-0.071524563568026,NA,NA,0.902255625678295,"Fibroblast","N5",-0.0513457202512071,-0.0265065983987354,-0.0604486898111284,0.294167328139545,2.23613249544354,2678.17342491136,2162.93473443294,"bbox_scaled_and_y_flipped"
"W8-2_GAGGCAAGTCAATACG","W8-2",2011,1152,"W8-2","1316.76378","3319.39310769231","STB","STB","Slide-tags (SCP2601)",4904,1230,"STB",0,0.139499266607119,0,0,0,0.860500733392881,0,0,0,0,0,0,0,0,0,0,0,0.860500733392881,"4.76409422542375","3.72509726811725",8,1316.76378,3319.39310769231,"STB","LogNormalize","STB","author","STB","author",-0.175543082723261,0.174742872995334,1.05742280326182,-0.0104908219209903,-0.556710183221189,0.12331561818866,NA,NA,1.05742280326182,"STB","N8",-0.153380928839787,-0.0241967844954682,0.301537197145891,-0.106958043514981,-2.99144369254259,569.348117750627,1370.88277485435,"bbox_scaled_and_y_flipped"
"W8-2_GAGGCAAGTCATGAGC","W8-2",921,523,"W8-2","1426.94345294118","2960.11135294118","Hofbauer cells","Hofbauer cells","Slide-tags (SCP2601)",4439,1506,"unknown2",0,0,0,0,0.00114791882825022,0,0,0.012795877616759,0.435444668913001,0,0,0.0306804803484572,0.117890535617323,0,0,0,0.402040518676209,0.435444668913001,"-2.07781613681991","12.8461094789632",8,1426.94345294118,2960.11135294118,"Hofbauer cells","LogNormalize","Hofbauer cells","author","Hofbauer cells","author",-0.169101205929623,-0.182974884355122,0.00241141051535432,-0.00805855362942278,-0.114765892073703,-0.0429894840407085,NA,NA,0.00241141051535432,"STB","N8",-0.18461486131787,-0.0206407149299185,-0.0243305013020198,0.122037625047177,0.285854763273709,629.018553601049,1582.49375201055,"bbox_scaled_and_y_flipped"
"W8-2_GAGGCCTTCTCGCCTG","W8-2",6125,2388,"W8-2","4521.9219223301","5005.87365048544","Hofbauer cells","Hofbauer cells","Slide-tags (SCP2601)",6083,2368,"myeloid_unknown",0,0,0,0,0,0,0,0,0,0,0,0,0.491154640738938,0,0,0,0.508845359261062,0.508845359261062,"-0.883668549997395","13.0421076707967",8,4521.9219223301,5005.87365048544,"Hofbauer cells","LogNormalize","Hofbauer cells","author","Hofbauer cells","author",-0.223105641933018,-0.246489777143557,-0.543360855977237,0.0768012240439584,-0.623311864080414,0.21431258295795,NA,NA,0.21431258295795,"Macrophage","N5",-0.241136890467278,-0.0459793277108017,-0.0639008746805497,-0.121974150314642,-1.60812719365136,2305.17813264337,377.573788533665,"bbox_scaled_and_y_flipped"
"W8-2_GAGGTACAGTAACCAC","W8-2",7513,2883,"W8-2","5125.74582278481","753.865086075949","Hofbauer cells","Hofbauer cells","Slide-tags (SCP2601)",6620,2865,"myeloid_unknown",0,0,0,0,0,0,0,0,0,0,0,0,0.467344394152137,0,0,0,0.532655605847864,0.532655605847864,"-0.806282707197255","12.6660214357503",8,5125.74582278481,753.865086075949,"Hofbauer cells","LogNormalize","Hofbauer cells","author","Hofbauer cells","author",-0.266775585860784,-0.278842120363423,-0.142201816986113,0.0623313583337304,-0.684784610958031,0.5865098223429,NA,NA,0.5865098223429,"Macrophage","N8",-0.143315874384094,0.0522430729252722,0.261963782647644,0.173957010132764,0.0339599722586617,2632.19340102477,2881.93610388268,"bbox_scaled_and_y_flipped"
"W8-2_GAGGTGAGTAATCGGC","W8-2",14455,4193,"W8-2","2824.30673333333","5113.81546666667","vCTB","vCTB","Slide-tags (SCP2601)",6202,2815,"vCTB1",0,0,0,0,0,0,0,0.115643140529698,0,0,0.77483232736851,0,0,0.109524532101792,0,0,0,0.77483232736851,"-9.16421759937484","6.4082547121175",8,2824.30673333333,5113.81546666667,"vCTB","LogNormalize","vCTB","author","vCTB","author",-0.270191664740103,-0.148064778078798,-0.260784186683616,-0.0612698523390751,-0.873300618363814,-0.0948463575323817,NA,NA,-0.0612698523390751,"Endothelial","N5",-0.25262537318106,-0.0560009995690883,-0.0781786086804407,-0.303882030464644,-2.82076870212055,1385.79404363984,313.997854336988,"bbox_scaled_and_y_flipped"
"W8-2_GAGTGAGGTGTTAAAC","W8-2",9600,3783,"W8-2","1578.27844623656","1229.24959032258","FIB2","FIB2","Slide-tags (SCP2601)",6832,3723,"Fibroblast2",0.984299138564867,0,0,0,0,0,0,0,0,0,0,0,0,0,0,0.0157008614351324,0,0.984299138564867,"12.5674594559841","-5.15234509180706",8,1578.27844623656,1229.24959032258,"FIB2","LogNormalize","FIB2","author","FIB2","author",0.0873612025538735,-0.321320083324559,-0.498454837637664,-0.0962772857006886,0.895920109009865,-0.181840792891022,NA,NA,0.895920109009865,"Fibroblast","N8",-0.174044132378662,-0.0297719425228374,-0.131700221333149,-0.265762085755388,-1.45811280314031,710.977637053555,2601.94253855893,"bbox_scaled_and_y_flipped"
"W8-2_GAGTTACTCCTTGCAC","W8-2",2364,1125,"W8-2","4513.91056521739","3985.86030434783","FIB2","FIB2","Slide-tags (SCP2601)",4922,1175,"Fibroblast2",0.993406797029921,0,0,0,0,0,0,0,0.00659320297007938,0,0,0,0,0,0,0,0,0.993406797029921,"9.90105282451432","-6.2759870595805",8,4513.91056521739,3985.86030434783,"FIB2","LogNormalize","FIB2","author","FIB2","author",0.459372767544779,0.039443035909544,-0.255097591145457,-0.027664996136936,2.05269826296796,-0.0771965559261829,NA,NA,2.05269826296796,"Fibroblast","N5",0.0375790116333595,-0.0294651239730628,-0.0507632798444571,-0.0436672114587444,0.599122227688904,2300.83939067847,978.344682224196,"bbox_scaled_and_y_flipped"
"W8-2_GAGTTACTCTAGCTAA","W8-2",22890,5098,"W8-2","5221.17871595331","5027.9955304799","EVT","EVT","Slide-tags (SCP2601)",6278,2622,"EVT2",0,0.129435851218791,0.514325842276792,0.318262388611281,0,0,0,0,0.0379759178931365,0,0,0,0,0,0,0,0,0.514325842276792,"-2.29695547435958","4.50973328877765",8,5221.17871595331,5027.9955304799,"EVT","LogNormalize","EVT","author","EVT","author",0.459398061732622,-0.154789033120991,-0.636437962486364,-0.0610825606257331,-0.691754373485282,-0.121527779802431,NA,NA,0.459398061732622,"EVT","N7",-0.0476163967694593,0.198471069156832,-0.103090180265329,-0.148570762650951,2.84605278656945,2683.87736575092,364.544369198407,"bbox_scaled_and_y_flipped"
"W8-2_GAGTTGCGTAACGGGA","W8-2",5518,2387,"W8-2","3272.63452482269","2298.07520567376","vCTB","vCTB","Slide-tags (SCP2601)",5689,2376,"vCTB1",0,0,0,0,0,0,0,0.158546184566339,0,0,0.703895965334183,0,0,0.137557850099478,0,0,0,0.703895965334183,"-7.76875651691634","4.42558917332966",8,3272.63452482269,2298.07520567376,"vCTB","LogNormalize","vCTB","author","vCTB","author",-0.228109319349493,-0.119084619408469,-0.347263297703349,-0.0531060138588664,-0.678101891060123,-0.114454044455074,NA,NA,-0.0531060138588664,"Endothelial","N8",-0.172496584748587,0.0107714707500812,-0.0577554880511694,-0.0857364909565392,-0.276163913416004,1628.5966769015,1972.42203025841,"bbox_scaled_and_y_flipped"
"W8-2_GATAAAGGTTTATGGG","W8-2",1066,733,"W8-2","1400.33806415094","1438.49778113208","STB","STB","Slide-tags (SCP2601)",4598,1460,"STB",0,0.199691900210298,0,0,0,0.800308099789702,0,0,0,0,0,0,0,0,0,0,0,0.800308099789702,"4.44396196986955","1.89627727795917",8,1400.33806415094,1438.49778113208,"STB","LogNormalize","STB","author","STB","author",-0.177636956414854,0.0860946085205721,1.60355541465925,-0.0310444868847983,-0.124887357563665,-0.0558391097078904,NA,NA,1.60355541465925,"STB","N8",-0.176072024564088,-0.012932296696273,-0.0302314131593885,0.156553036359207,0.683315588614725,614.609769269922,2478.6988348645,"bbox_scaled_and_y_flipped"
"W8-2_GATAGACCAGTAATAG","W8-2",6818,2643,"W8-2","2362.57317741935","3211.5985","vCTB","vCTB","Slide-tags (SCP2601)",6454,2629,"vCTB1",0,0,0,0,0,0,0.398272499600375,0,0,0,0.551087192689679,0,0,0.0506403077099469,0,0,0,0.551087192689679,"-7.13767731998641","5.19397362996418",8,2362.57317741935,3211.5985,"vCTB","LogNormalize","vCTB","author","vCTB","author",0.170055177020012,0.65491449835396,-0.352827562021459,-0.0629080952001182,-0.551457933913091,-0.164350431368076,NA,NA,0.65491449835396,"vCTB","N3",-0.245433152136881,-0.00238875663673527,-0.0888564302074673,-0.0909080591397909,-0.707447319851922,1135.73119817413,1434.37200569976,"bbox_scaled_and_y_flipped"
"W8-2_GATCAGGCAACAACAA","W8-2",18693,4705,"W8-2","3367.66033333333","670.337586666667","Hofbauer cells","Hofbauer cells","Slide-tags (SCP2601)",6303,2760,"myeloid_unknown",0,0,0,0,0,0,0,0,0,0,0,0,0.471484674607819,0,0,0,0.528515325392181,0.528515325392181,"-0.60654629085738","12.5766755037435",8,3367.66033333333,670.337586666667,"Hofbauer cells","LogNormalize","Hofbauer cells","author","Hofbauer cells","author",-0.239656081166211,-0.310867156526444,-0.630775982145367,0.0513328304970211,-0.672323068316207,0.295493479313594,NA,NA,0.295493479313594,"Macrophage","N8",-0.120799982902088,-0.065796815209956,0.188791930170096,0.0920659003777934,-1.45607732354533,1680.06017519937,2931.13241161519,"bbox_scaled_and_y_flipped"
"W8-2_GATCAGGCAACACTTG","W8-2",1983,966,"W8-2","1313.713475","4417.9189375","FIB2","FIB2","Slide-tags (SCP2601)",4768,1087,"Fibroblast2",0.992263699613096,0,0,0,0,0,0,0,0.0077363003869042,0,0,0,0,0,0,0,0,0.992263699613096,"11.3607028641872","-4.4321002073161",8,1313.713475,4417.9189375,"FIB2","LogNormalize","FIB2","author","FIB2","author",-0.177581570661462,0.0950135657516968,0.167178471079214,-0.0312847122363866,0.145020235655858,-0.0937473131435377,NA,NA,0.167178471079214,"STB","N3",-0.0493531000886212,-0.0277657509187723,-0.0415933448871159,-0.252896189355019,-1.19931557965083,567.696152156902,723.869334280543,"bbox_scaled_and_y_flipped"
"W8-2_GATCCGTCATAATCAC","W8-2",3661,1638,"W8-2","4616.09340625","2039.921125","STB","STB","Slide-tags (SCP2601)",5548,1621,"STB",0,0.0933375832124693,0,0,0,0.90666241678753,0,0,0,0,0,0,0,0,0,0,0,0.90666241678753,"4.30685269023698","3.29503664304096",8,4616.09340625,2039.921125,"STB","LogNormalize","STB","author","STB","author",-0.22864382964083,-0.231985712051091,1.46872775945186,-0.0238050546858971,-0.40380939635521,-0.0790078870331734,NA,NA,1.46872775945186,"STB","N8",-0.0824610136574827,0.023453618261576,-0.0494151338712126,-0.04682752662179,0.592035827940628,2356.17895103554,2124.47048956878,"bbox_scaled_and_y_flipped"
"W8-2_GATCGAGCAACTAACT","W8-2",25659,5812,"W8-2","4405.68698765432","4339.15604938272","EVT","EVT","Slide-tags (SCP2601)",6218,2922,"EVT3",0,0.0576812167242103,0.355148453886714,0.587170329389076,0,0,0,0,0,0,0,0,0,0,0,0,0,0.587170329389076,"-2.93103874538619","5.13387831975299",8,4405.68698765432,4339.15604938272,"EVT","LogNormalize","EVT","author","EVT","author",-0.291470730002434,-0.30697273269407,-0.6853814679236,-0.0727101765413699,-0.787714723129997,-0.148990306336044,NA,NA,-0.0727101765413699,"Endothelial","N4",-0.0573800217785768,0.116414830327518,-0.0980195678409798,-0.117134231700394,1.85301497062488,2242.22832504273,770.259365217924,"bbox_scaled_and_y_flipped"
"W8-2_GATCGCTCATAGCAGG","W8-2",1050,635,"W8-2","4902.40921367521","4225.24374358974","STB","STB","Slide-tags (SCP2601)",4797,1402,"STB",0,0.138250449821329,0,0,0,0.861749550178671,0,0,0,0,0,0,0,0,0,0,0,0.861749550178671,"3.73868810321611","1.48381742764789",8,4902.40921367521,4225.24374358974,"STB","LogNormalize","STB","author","STB","author",-0.0295591265180455,0.145754299353518,0.714664589527626,-0.0106212027717733,-0.0930619778838039,-0.0191766158621764,NA,NA,0.714664589527626,"STB","N5",-0.159080517171869,0.0537360112283129,0.245056891857867,-0.193701701856721,-2.15792869286584,2511.24012124838,837.351818481144,"bbox_scaled_and_y_flipped"
"W8-2_GATGCGACAAGGTGCA","W8-2",4225,1656,"W8-2","2285.29249350649","1633.38922077922","STB","STB","Slide-tags (SCP2601)",5478,1648,"STB",0,0.104164886118876,0,0,0,0.895835113881124,0,0,0,0,0,0,0,0,0,0,0,0.895835113881124,"4.70063387538713","2.74540981580097",8,2285.29249350649,1633.38922077922,"STB","LogNormalize","STB","author","STB","author",-0.172624620177946,-0.210596971855117,1.49072244606688,-0.0266678143218297,-0.578625778463152,-0.0619781570288282,NA,NA,1.49072244606688,"STB","N5",0.0500238831853654,0.0247059875947586,0.242601513195981,-0.0684008028682655,-0.575830427222151,1093.87799631937,2363.91101879052,"bbox_scaled_and_y_flipped"
"W8-2_GATTACGGTACTTAGG","W8-2",6888,2533,"W8-2","2367.17635779817","1415.68216880734","STB","STB","Slide-tags (SCP2601)",6458,2517,"STB",0,0.0368299905962811,0,0,0,0.963170009403719,0,0,0,0,0,0,0,0,0,0,0,0.963170009403719,"4.81711041118425","3.5489538602956",8,2367.17635779817,1415.68216880734,"STB","LogNormalize","STB","author","STB","author",-0.253005865821979,-0.254620642594627,1.64103909808818,-0.0559066085277955,-0.698464732010076,-0.112138561235608,NA,NA,1.64103909808818,"STB","N8",-0.112679433210681,0.0141619849542301,0.260313009425882,0.150461461131935,-0.431581881403732,1138.22416055249,2492.13685100256,"bbox_scaled_and_y_flipped"
"W8-2_GATTAGCTCACTCAAA","W8-2",13556,4818,"W8-2","3156.19990378007","4275.08068728522","vCTB","vCTB","Slide-tags (SCP2601)",6498,3581,"vCTB2",0,0,0,0,0,0,0.0772442758912806,0.655152940344045,0,0,0.0793131914773695,0,0,0.188289592287306,0,0,0,0.655152940344045,"-6.30254090641219","3.18002566624958",8,3156.19990378007,4275.08068728522,"vCTB","LogNormalize","vCTB","author","vCTB","author",0.0858163266810306,0.678248112147866,-0.509067211257772,-0.128140894016009,-0.612258538721132,-0.180047317124806,NA,NA,0.678248112147866,"vCTB","N4",-0.276111899755921,-0.0878821194388895,-0.109755077626544,-0.183507206116845,-2.45606884126473,1565.53872437517,807.998687646031,"bbox_scaled_and_y_flipped"
"W8-2_GATTAGTGTTACTAGG","W8-2",8031,3135,"W8-2","5083.85459375","1410.922784375","FIB1","FIB1","Slide-tags (SCP2601)",6712,3078,"Fibroblast1",0,0,0,0,0,0,0,0,0,1,0,0,0,0,0,0,0,1,"10.4954608597926","-11.9232043332927",8,5083.85459375,1410.922784375,"FIB1","LogNormalize","FIB1","author","FIB1","author",0.24017244349454,-0.259018339733344,-0.600805577781471,-0.0918407279957261,0.364792918658667,-0.1844720665317,NA,NA,0.364792918658667,"Fibroblast","N4",-0.202861412467599,-0.0924648079633881,-0.0991606999202072,-0.252781035380741,-2.58363217192422,2609.50620448397,2494.94004926429,"bbox_scaled_and_y_flipped"
"W8-2_GATTATGTCATGCTCC","W8-2",517,332,"W8-2","4934.08717647059","3836.23588235294","FIB2","FIB2","Slide-tags (SCP2601)",4197,1935,"Fibroblast1",0.128725098324239,0,0,0,0.012290333765756,0.00576269042198667,0.0457967161289158,0.014529187178929,0.000847707970276985,0.792048266209896,0,0,0,0,0,0,0,0.792048266209896,"8.52126633312028","-7.32334604929608",8,4934.08717647059,3836.23588235294,"FIB2","LogNormalize","FIB2","author","FIB2","author",0.284036997311287,-0.0575431374459101,-0.04086069189682,-0.0183114300238345,0.483269271310797,-0.0493643887512459,NA,NA,0.483269271310797,"Fibroblast","N8",-0.0454785530337464,-0.0143563350617563,-0.0175529515786926,-0.169756108835437,-0.643671249214088,2528.39607929758,1066.47097788511,"bbox_scaled_and_y_flipped"
"W8-2_GATTCAATCCTCAGTC","W8-2",19724,3105,"W8-2","4513.15748776224","1559.04966713287","STB","STB","Slide-tags (SCP2601)",6198,1298,"STB",0,0,0,0,0,1,0,0,0,0,0,0,0,0,0,0,0,1,"0.0685131319932284","2.25381335545856",8,4513.15748776224,1559.04966713287,"STB","LogNormalize","STB","author","STB","author",-0.00193269073378094,0.756625346367588,3.61950582680793,0.292373773787269,-0.295205478178777,-0.0846181155553899,NA,NA,3.61950582680793,"STB","N5",0.430239084366936,0.180115863957156,-0.0463004900486224,-0.0582004992608511,5.528596622881,2300.43154357947,2407.6957793035,"bbox_scaled_and_y_flipped"
"W8-2_GATTCAGGTTAAGGTT","W8-2",15347,4549,"W8-2","3144.66745454545","4969.16751515151","vCTB","vCTB","Slide-tags (SCP2601)",6218,3033,"vCTB2",0,0,0,0,0,0,0.00310005055572223,0.511487465734427,0,0,0.0666351105393688,0,0,0.418777373170482,0,0,0,0.511487465734427,"-8.85649550770003","5.04911622334797",8,3144.66745454545,4969.16751515151,"vCTB","LogNormalize","vCTB","author","vCTB","author",-0.157166791064656,0.115586640890558,-0.568027021413593,-0.053925135289388,-0.843554244519419,-0.118980729411533,NA,NA,0.115586640890558,"vCTB","N5",-0.192129262396588,-0.056593239473859,-0.0619392161745262,-0.0210317107796605,-0.870501788175257,1559.29305079598,399.193091665328,"bbox_scaled_and_y_flipped"
"W8-2_GATTGTTCACCAGGTT","W8-2",13957,4029,"W8-2","5171.62206896552","1335.89093793103","vCTB","vCTB","Slide-tags (SCP2601)",6331,2879,"vCTB1",0,0,0,0,0,0,0,0.0510520571735179,0,0,0.89415942922119,0,0,0.0547885136052922,0,0,0,0.89415942922119,"-8.88763869617659","6.67388781834919",8,5171.62206896552,1335.89093793103,"vCTB","LogNormalize","vCTB","author","vCTB1","author_refined_to_predicted",-0.263374220148455,-0.285108101675361,-0.708003759461398,-0.0847316766476078,-0.804884143650017,-0.122749553729434,NA,NA,-0.0847316766476078,"Endothelial","N4",-0.251959565575667,-0.0660536950861027,0.0478361924384954,-0.292045975814956,-3.66133294386421,2657.03877886725,2539.13255871927,"bbox_scaled_and_y_flipped"
"W8-2_GCAAACAAGGATTTGC","W8-2",5547,2308,"W8-2","2838.89036363636","4848.29168181818","FIB1","FIB1","Slide-tags (SCP2601)",5693,2286,"Fibroblast2",0.694948712677101,0,0,0,0,0,0,0,0.0285794132453589,0.276471874077539,0,0,0,0,0,0,0,0.694948712677101,"11.5340436616115","-11.3967770643107",8,2838.89036363636,4848.29168181818,"FIB1","LogNormalize","FIB1","author","FIB1","author",0.360402762078463,-0.108252548020673,-0.522416605484951,-0.0752500095087331,1.22862167683106,-0.110695385863879,NA,NA,1.22862167683106,"Fibroblast","N4",-0.156150510645948,-0.0716429199995196,-0.0831034762683126,0.178160494240227,0.471834170893234,1393.69215726855,470.386946816567,"bbox_scaled_and_y_flipped"
"W8-2_GCAAACCGTAATGGAA","W8-2",14495,3643,"W8-2","1718.04364444444","4586.87551111111","vCTB","vCTB","Slide-tags (SCP2601)",6251,2438,"vCTB1",0,0,0,0,0,0.276053263565412,0,0.168957477322664,0,0,0.475691074871557,0,0,0.0792981842403662,0,0,0,0.475691074871557,"-7.07031453464705","3.70498666097004",8,1718.04364444444,4586.87551111111,"vCTB","LogNormalize","vCTB","author","vCTB","author",0.0305188819603911,0.553825599633929,0.446313330734988,-0.0433039325176147,-0.611579705859276,-0.0886237896064912,NA,NA,0.553825599633929,"vCTB","N3",-0.0467960250811061,0.168395359543064,-0.0615994181009354,-0.166808144552227,2.08114064771854,786.670821387449,624.356722894041,"bbox_scaled_and_y_flipped"
"W8-2_GCAAACTTCAAATCGC","W8-2",6123,2757,"W8-2","3212.50688205128","4649.74585641026","Endothelial","Endothelial","Slide-tags (SCP2601)",6078,2722,"Endothelial_cells",0,0,0,0,1,0,0,0,0,0,0,0,0,0,0,0,0,1,"10.289349905508","4.36176165868122",8,3212.50688205128,4649.74585641026,"Endothelial","LogNormalize","Endothelial","author","Endothelial","author",-0.234662131472424,-0.253710744871578,-0.590466013483287,1.10362295605367,-0.0721162736238917,-0.14902203770884,NA,NA,1.10362295605367,"Endothelial","N5",-0.259895899611613,-0.00557313842848152,-0.0820043453641488,-0.228128969996245,-1.70622128675009,1596.03311453965,587.32713531558,"bbox_scaled_and_y_flipped"
"W8-2_GCAAACTTCTGTGCAG","W8-2",11059,3560,"W8-2","5357.56075675676","2454.02324324324","Hofbauer cells","Hofbauer cells","Slide-tags (SCP2601)",6869,3272,"myeloid_unknown",0,0,0,0,0,0,0,0,0,0,0,0,0.449838203456586,0,0,0,0.550161796543414,0.550161796543414,"-0.622082837564534","12.7598496370443",8,5357.56075675676,2454.02324324324,"Hofbauer cells","LogNormalize","Hofbauer cells","author","Hofbauer cells","author",-0.151233086527001,-0.0502315783110162,-0.662844173198949,0.0289303529705981,-0.67670855562009,0.296065402685999,NA,NA,0.296065402685999,"Macrophage","N7",-0.148838861630447,0.189397691399285,0.0403293564879923,0.109596472889221,2.81971367653933,2757.73832031426,1880.57123021284,"bbox_scaled_and_y_flipped"
"W8-2_GCAATGAAGCACAGGG","W8-2",22862,5558,"W8-2","2769.766","5126.63426666667","vCTB","vCTB","Slide-tags (SCP2601)",6208,3064,"vCTB1",0,0,0,0,0,0,0.175164897176333,0,0,0,0.824835102823667,0,0,0,0,0,0,0.824835102823667,"-6.25830758426864","6.42250212956745",8,2769.766,5126.63426666667,"vCTB","LogNormalize","vCTB","author","vCTB","author",-0.295340272944779,-0.309837262576525,-0.734718301253612,-0.0593708477764661,-0.831225638542184,-0.144266729729753,NA,NA,-0.0593708477764661,"Endothelial","N5",-0.302144535991133,-0.0530465680667732,-0.0961028550466605,-0.0991881950494352,-1.71365696564408,1356.25620564554,306.447794368458,"bbox_scaled_and_y_flipped"
"W8-2_GCAATGAAGTGAGGTA","W8-2",5864,2876,"W8-2","2026.042","4459.60268656716","Hofbauer cells","Hofbauer cells","Slide-tags (SCP2601)",5850,2850,"myeloid_unknown",0,0,0,0,0,0,0,0,0,0,0,0,0.417551483358363,0,0,0,0.582448516641637,0.582448516641637,"-0.52484754536826","13.5973721437581",8,2026.042,4459.60268656716,"Hofbauer cells","LogNormalize","Hofbauer cells","author","Hofbauer cells","author",-0.274798682600933,-0.266229915342502,-0.0206905865443928,-0.0742180385516301,-0.653757889239421,-0.160555308976277,NA,NA,-0.0206905865443928,"STB","N3",-0.196717581745484,0.064864640285159,-0.0846727020841105,0.127463203161962,1.76604823377543,953.474693886008,699.318299459013,"bbox_scaled_and_y_flipped"
"W8-2_GCAATGTTCATGCTAA","W8-2",2855,1042,"W8-2","1277.4410822695","3113.65191489362","STB","STB","Slide-tags (SCP2601)",5369,1034,"STB",0,0,0,0,0,1,0,0,0,0,0,0,0,0,0,0,0,1,"2.40725886012834","3.00029882718403",8,1277.4410822695,3113.65191489362,"STB","LogNormalize","STB","author","STB","author",-0.163482710725612,0.20013132220622,2.83001640294091,0.203605350474776,-0.433342582830585,-0.0566004496418246,NA,NA,2.83001640294091,"STB","N8",0.0319703152632043,-0.0297034351843956,-0.0219722457733622,0.0202241762484945,0.772181237654773,548.051970741314,1492.06091505679,"bbox_scaled_and_y_flipped"
"W8-2_GCAATGTTCGCGCTAA","W8-2",1034,756,"W8-2","3690.37784848485","749.218687878788","vCTB","vCTB","Slide-tags (SCP2601)",4467,1550,"vCTBp",0,0,0,0,0,0,0.467772206079945,0.353832758027252,0,0,0.128234690338772,0,0,0.050160345554031,0,0,0,0.467772206079945,"-8.39515746448714","3.39563712407428",8,3690.37784848485,749.218687878788,"vCTB","LogNormalize","vCTB","author","vCTB","author",-0.181211438648515,0.2293678361364,0.111810847336384,-0.0108591482983518,-0.133553733166627,-0.0634785750083897,NA,NA,0.2293678361364,"vCTB","N8",-0.169476887417289,-0.0181631159583158,0.247254116435204,-0.189458528027173,-3.16576278866832,1854.83556045521,2884.67275513134,"bbox_scaled_and_y_flipped"
"W8-2_GCACTAAGTGCTTTAC","W8-2",15038,4790,"W8-2","5779.03911290323","2317.15952419355","vCTB","vCTB","Slide-tags (SCP2601)",6215,3171,"vCTB1",0,0,0,0,0,0,0.187912022650674,0,0,0,0.812087977349326,0,0,0,0,0,0,0.812087977349326,"-6.63045752857406","5.71504220296222",8,5779.03911290323,2317.15952419355,"vCTB","LogNormalize","vCTB","author","vCTB","author",-0.0748350567151075,-0.0713020317205092,-0.442447395437522,-0.0675597822566718,-0.808019313016811,-0.136731016794431,NA,NA,-0.0675597822566718,"Endothelial","N5",-0.282742869251109,0.000469873392897821,-0.0760377258570379,-0.152533757891472,-1.33536086991767,2986,1961.1816841041,"bbox_scaled_and_y_flipped"
"W8-2_GCACTTACAAGATTCT","W8-2",9860,4347,"W8-2","5035.102","4846.032","vCTB","vCTB","Slide-tags (SCP2601)",6913,4247,"vCTBp",0,0,0,0,0,0,0.818607760590589,0.0994563727182366,0.0153257079637922,0,0.0666101587273824,0,0,0,0,0,0,0.818607760590589,"-5.75600684498031","1.74592885304767",8,5035.102,4846.032,"vCTB","LogNormalize","vCTB","author","vCTB","author",-0.153118467744646,-0.0469177685927207,-0.364874497349522,-0.141537595456714,-0.684183669241055,-0.246003968087325,NA,NA,-0.0469177685927207,"vCTB","N7",-0.204562614974377,-0.0408926732387727,-0.158982078479678,-0.17506057444898,-1.06265127721308,2583.10307185302,471.717861819302,"bbox_scaled_and_y_flipped"
"W8-2_GCAGGCAAGCTTTGTT","W8-2",2056,1292,"W8-2","4324.03413114754","3567.50042622951","Endothelial","Endothelial","Slide-tags (SCP2601)",4603,1371,"Endothelial_cells",0,0,0,0,1,0,0,0,0,0,0,0,0,0,0,0,0,1,"10.3131869950466","4.62367877293903",8,4324.03413114754,3567.50042622951,"Endothelial","LogNormalize","Endothelial","author","Endothelial","author",-0.154291499778047,0.0280710439802006,-0.0357172020681205,0.826009644461792,-0.539604532937816,-0.0987103550379349,NA,NA,0.826009644461792,"Endothelial","N5",-0.145998885003936,-0.0301022077787245,-0.0515329714862679,-0.227411549664611,-1.56722463989148,2198.00726859802,1224.7516913218,"bbox_scaled_and_y_flipped"
"W8-2_GCAGGTGAGTAGGATG","W8-2",2905,1785,"W8-2","3174.71181954887","2646.79887218045","FIB2","FIB2","Slide-tags (SCP2601)",5333,1762,"Fibroblast2",0.994256157780827,0,0,0,0,0,0,0,0.00574384221917314,0,0,0,0,0,0,0,0,0.994256157780827,"12.0877669968776","-6.09405794809979",8,3174.71181954887,2646.79887218045,"FIB2","LogNormalize","FIB2","author","FIB2","author",-0.198624083322689,-0.206477334429979,-0.140760092053739,-0.0843840072326882,0.122778350727325,-0.104857069465608,NA,NA,0.122778350727325,"Fibroblast","N3",-0.177560003180059,0.046104926833856,0.201261578025125,-0.279400731074147,-2.61284979770155,1575.56429490795,1767.02959145203,"bbox_scaled_and_y_flipped"
"W8-2_GCATGAGCAAACGCGA","W8-2",20072,5745,"W8-2","5153.01234577603","3257.0144675835","vCTB","vCTB","Slide-tags (SCP2601)",6012,3166,"vCTB1",0,0,0,0,0,0,0,0.181954099824121,0,0,0.647436474377509,0,0,0.17060942579837,0,0,0,0.647436474377509,"-6.71017087314803","4.028418629659",8,5153.01234577603,3257.0144675835,"vCTB","LogNormalize","vCTB","author","vCTB","author",-0.169547997171509,0.261806365306376,-0.794633282374036,-0.0526301228057093,-0.903293663761984,-0.136035536334554,NA,NA,0.261806365306376,"vCTB","N5",-0.218047627880859,-0.0472045573492218,-0.103398969965848,-0.337403152555607,-2.55206553418075,2646.96023838759,1407.62275625486,"bbox_scaled_and_y_flipped"
"W8-2_GCATTGCCAAGTTATC","W8-2",14134,4329,"W8-2","2781.64650666667","3824.80677333333","vCTB","vCTB","Slide-tags (SCP2601)",6304,3042,"vCTB1",0,0,0,0,0,0,0,0.0681945476077596,0,0,0.772587408341572,0,0,0.159218044050668,0,0,0,0.772587408341572,"-8.60729373310286","6.25771245290119",8,2781.64650666667,3824.80677333333,"vCTB","LogNormalize","vCTB","author","vCTB","author",-0.26942939749491,-0.0676774742886469,-0.678786769381944,-0.0877451208431183,-0.775388917878356,-0.12696921343748,NA,NA,-0.0676774742886469,"vCTB","N8",-0.261602740506872,-0.0675299010378164,-0.0787539728253443,-0.139081995911281,-2.02450589822236,1362.69037804776,1073.20253298269,"bbox_scaled_and_y_flipped"
"W8-2_GCCAATAGTCACAGCG","W8-2",2144,1119,"W8-2","2360.69554098361","1186.82921311475","FIB2","FIB2","Slide-tags (SCP2601)",4802,1183,"Fibroblast2",1,0,0,0,0,0,0,0,0,0,0,0,0,0,0,0,0,1,"11.9565480866603","-5.7348174161784",8,2360.69554098361,1186.82921311475,"FIB2","LogNormalize","FIB2","author","FIB2","author",0.245336728063344,-0.165202871240794,0.308381070297494,-0.0213750662193393,-0.101377174588276,-0.0688961528799842,NA,NA,0.308381070297494,"STB","N5",0.0100028812972465,0.0695423527673113,-0.0597469628458192,-0.189890715303302,0.934179081362559,1134.71431927534,2626.92743510204,"bbox_scaled_and_y_flipped"
"W8-2_GCCACACAGCTCAATA","W8-2",15525,5184,"W8-2","4584.29345945946","5093.98077477478","vCTB","vCTB","Slide-tags (SCP2601)",6178,3348,"vCTBp",0,0,0,0,0,0.0106441276719507,0.524192759655657,0,0,0,0.455829696550086,0,0,0.00933341612230645,0,0,0,0.524192759655657,"-5.69065869663436","5.29848822881061",8,4584.29345945946,5093.98077477478,"vCTB","LogNormalize","vCTB","author","vCTB","author",-0.14417417099894,-0.152027798095034,-0.453491183196203,-0.0617206473922351,-0.847253116060632,-0.14395593548719,NA,NA,-0.0617206473922351,"Endothelial","N5",-0.292373763291466,-0.0687349174675833,-0.0899006694682368,-0.273793881776121,-2.96324785759481,2338.95692963759,325.680157925553,"bbox_scaled_and_y_flipped"
"W8-2_GCCACTAAGCATGACT","W8-2",1688,823,"W8-2","3024.07019047619","3808.17361904762","Hofbauer cells","Hofbauer cells","Slide-tags (SCP2601)",4633,1130,"myeloid_unknown",0,0,0,0,0,0,0,0,0,0,0,0,0.427959219127612,0,0,0,0.572040780872388,0.572040780872388,"-1.39617014740188","13.1128378801473",8,3024.07019047619,3808.17361904762,"Hofbauer cells","LogNormalize","Hofbauer cells","author","Hofbauer cells","author",-0.150785799300324,-0.180282108351077,-0.181839505038027,-0.0253635705093938,-0.385954042144808,0.12289273877455,NA,NA,0.12289273877455,"Macrophage","N8",-0.032163698250132,0.0691816974120348,0.183887268349061,0.070090325893607,0.751231878759405,1493.9807194259,1082.99918417648,"bbox_scaled_and_y_flipped"
"W8-2_GCCAGGTTCGGTTCCT","W8-2",8977,3604,"W8-2","3957.05016666667","3790.64224242424","FIB2","FIB2","Slide-tags (SCP2601)",6685,3554,"Fibroblast2",0.965492405686447,0,0,0,0,0,0,0,0,0,0,0,0,0,0,0.0345075943135527,0,0.965492405686447,"11.5596078553371","-6.12493839930218",8,3957.05016666667,3790.64224242424,"FIB2","LogNormalize","FIB2","author","FIB2","author",0.085811932033851,-0.308245444096255,-0.36527073666116,-0.102249081240918,1.88815110331351,-0.157659644063086,NA,NA,1.88815110331351,"Fibroblast","N5",-0.221391050715513,-0.00109481034615859,-0.12866056982566,-0.282160959872767,-1.46397428879228,1999.25832946857,1093.32487338588,"bbox_scaled_and_y_flipped"
"W8-2_GCCATGATCCCTCACG","W8-2",9165,2355,"W8-2","1782.29427722772","1142.04192277228","STB","STB","Slide-tags (SCP2601)",6500,2335,"STB",0,0.0452845589865208,0,0,0,0.954715441013479,0,0,0,0,0,0,0,0,0,0,0,0.954715441013479,"4.89623104717057","3.4902950220235",8,1782.29427722772,1142.04192277228,"STB","LogNormalize","STB","author","STB","author",-0.237156569046353,-0.0820089703799446,1.69433190182098,0.101983759889333,-0.519377084198212,-0.102403770497813,NA,NA,1.69433190182098,"STB","N8",-0.159001009170495,-0.0446937423421267,0.278101527075887,-0.228454720196077,-3.88778880342532,821.467287554947,2653.30640410956,"bbox_scaled_and_y_flipped"
"W8-2_GCCGTGAGTTTAGTCC","W8-2",4602,2811,"W8-2","2026.40059649123","1230.68625263158","vCTB","vCTB","Slide-tags (SCP2601)",5248,2770,"vCTBp",0,0,0,0,0,0,0.755831733912018,0.142400893127928,0,0,0.101767372960054,0,0,0,0,0,0,0.755831733912018,"-8.61929286335189","2.52074202824909",8,2026.40059649123,1230.68625263158,"vCTB","LogNormalize","vCTB","author","vCTB","author",-0.0958501294058495,0.33957686379193,-0.395946751518177,-0.0744559840782086,-0.595406381919291,-0.14155909197058,NA,NA,0.33957686379193,"vCTB","N3",-0.104531359296233,0.0781362446751719,-0.106797070108095,-0.0122200170714532,1.76185206008298,953.668900388486,2601.09636835677,"bbox_scaled_and_y_flipped"
"W8-2_GCCTGTGCAACACTTG","W8-2",22423,4494,"W8-2","4286.19903314917","5210.68918232044","STB","STB","Slide-tags (SCP2601)",6212,2453,"STB",0,0,0,0,0,1,0,0,0,0,0,0,0,0,0,0,0,1,"3.10711299564164","2.44153746892292",8,4286.19903314917,5210.68918232044,"STB","LogNormalize","STB","author","STB","author",-0.230686883587323,-0.305132407911804,1.22401222498561,-0.0402653923221071,-0.764725667884231,-0.105975459366873,NA,NA,1.22401222498561,"STB","N5",-0.0520660609346476,0.052695179425305,-0.0688458429401285,-0.0492489877726076,1.26235289349261,2177.51676678639,256.940847241136,"bbox_scaled_and_y_flipped"
"W8-2_GCCTGTGCATAGCGGA","W8-2",9649,3761,"W8-2","2637.54972727273","5161.91627272727","FIB2","FIB2","Slide-tags (SCP2601)",6841,3706,"Fibroblast2",0.952929658920456,0,0,0,0,0,0,0,0,0,0,0,0,0,0,0.0470703410795445,0,0.952929658920456,"12.4992250123195","-5.35122338007611",8,2637.54972727273,5161.91627272727,"FIB2","LogNormalize","FIB2","author","FIB2","author",0.0683793965390208,-0.289454264584849,-0.623336947136724,-0.0814551909255216,1.32870831661522,-0.179997060880644,NA,NA,1.32870831661522,"Fibroblast","N5",0.0314501193429358,-0.0940032285268223,-0.114772781174464,-0.174691826455848,-0.694436018127879,1284.65132237123,285.667279689426,"bbox_scaled_and_y_flipped"
"W8-2_GCCTTAACAGGACACA","W8-2",9165,2466,"W8-2","2191.57294339623","4066.09035849057","STB","STB","Slide-tags (SCP2601)",6559,2444,"STB",0,0.013057093760037,0,0,0,0.986942906239963,0,0,0,0,0,0,0,0,0,0,0,0.986942906239963,"4.49422775890153","3.56729134847004",8,2191.57294339623,4066.09035849057,"STB","LogNormalize","STB","author","STB","author",-0.228118827561367,-0.0908319932720908,1.685831102355,0.0994211107469821,-0.683036633373882,-0.108035699050138,NA,NA,1.685831102355,"STB","N5",-0.0223984929808607,0.0193179738932164,0.542325674795164,-0.139065046442812,-3.34933707386383,1043.1219334858,931.090514903065,"bbox_scaled_and_y_flipped"
"W8-2_GCCTTGCGTTAGGCTA","W8-2",2385,1195,"W8-2","4614.51954385965","2575.42207017544","FIB2","FIB2","Slide-tags (SCP2601)",4867,1224,"Fibroblast2",1,0,0,0,0,0,0,0,0,0,0,0,0,0,0,0,0,1,"10.5721896805934","-3.98111215304058",8,4614.51954385965,2575.42207017544,"FIB2","LogNormalize","FIB2","author","FIB2","author",0.0729804286361504,0.0291914675963199,-0.312884137305818,-0.0393432658658094,1.46322981313501,-0.0938032740823302,NA,NA,1.46322981313501,"Fibroblast","N4",0.0542225905297748,-0.0410447585922288,-0.0771466536085707,-0.222229724225551,-0.378089124577829,2355.32658823309,1809.06934053149,"bbox_scaled_and_y_flipped"
"W8-2_GCGAAGTAGAAGCTAG","W8-2",10939,4134,"W8-2","4868.2830212766","4311.53842553191","EVT","EVT","Slide-tags (SCP2601)",6969,3887,"EVT3",0,0,0.241698385885327,0.758301614114673,0,0,0,0,0,0,0,0,0,0,0,0,0,0.758301614114673,"-3.82794869754989","4.98666772176105",8,4868.2830212766,4311.53842553191,"EVT","LogNormalize","EVT","author","EVT","author",-0.0514772063337844,0.242258407305596,-0.698832416612746,-0.13794297535726,-0.775763946599781,-0.217710380978329,NA,NA,0.242258407305596,"vCTB","N5",-0.143006979101833,0.0226569764147045,-0.111506015101252,-0.100499895127926,0.295297779342557,2492.75826592987,786.525686266846,"bbox_scaled_and_y_flipped"
"W8-2_GCGAAGTAGTCATTGA","W8-2",681,597,"W8-2","4706.1348","3136.1895","vCTB","vCTB","Slide-tags (SCP2601)",4345,1805,"vCTB2",0,0,0,0,0,0,0.290224082429184,0.530161777297531,0,0,0.11053335481287,0,0,0.069080785460415,0,0,0,0.530161777297531,"-4.23722756717879","-5.5007995672099",8,4706.1348,3136.1895,"vCTB","LogNormalize","vCTB","author","vCTB","author",-0.0623733905325604,-0.192840808767963,0.177347750221366,-0.0212424055435466,-0.296289812757452,-0.0588817416185164,NA,NA,0.177347750221366,"STB","N5",-0.194506586757756,-0.0141887601014678,-0.0238367811461568,-0.266818626808381,-2.04252695254375,2404.94302036174,1478.78665232557,"bbox_scaled_and_y_flipped"
"W8-2_GCGAGTGAGGCCATCA","W8-2",7294,2904,"W8-2","2988.71575324675","5140.84581818182","FIB2","FIB2","Slide-tags (SCP2601)",6594,2867,"Fibroblast2",0.96364473543582,0,0,0,0,0,0,0,0,0,0,0,0,0,0,0.0363552645641791,0,0.96364473543582,"11.188218466299","-3.95356670092266",8,2988.71575324675,5140.84581818182,"FIB2","LogNormalize","FIB2","author","FIB2","author",0.195491651557098,-0.150209639814141,-0.43359990506403,-0.0924469998996661,0.801314443515441,-0.143101041655685,NA,NA,0.801314443515441,"Fibroblast","N5",0.112313698880161,0.035839657221852,-0.110992194273681,0.0582989999728607,2.89003035064454,1474.83367875667,298.077426924919,"bbox_scaled_and_y_flipped"
"W8-2_GCGAGTGAGGTTAGCT","W8-2",5102,1933,"W8-2","3257.98660465116","2835.01781395349","STB-progenitor","STB-progenitor","Slide-tags (SCP2601)",5601,1915,"STB",0,0,0,0,0,1,0,0,0,0,0,0,0,0,0,0,0,1,"1.77286004211229","1.24879690934498",8,3257.98660465116,2835.01781395349,"STB-progenitor","LogNormalize","STB-progenitor","author","STB-progenitor","author",-0.160704233462319,-0.115376502740486,0.680688232901626,-0.034664202984249,-0.583043888738282,-0.0788484736615451,NA,NA,0.680688232901626,"STB","N5",0.2075495182226,0.0289231689510455,0.0883559389713255,-0.0586203837717812,1.39749407601216,1620.66374555759,1656.17176563372,"bbox_scaled_and_y_flipped"
"W8-2_GCGCTTAAGTGAACGA","W8-2",6679,2879,"W8-2","4151.5465","465.156760416667","FIB2","FIB2","Slide-tags (SCP2601)",6424,2839,"Fibroblast2",1,0,0,0,0,0,0,0,0,0,0,0,0,0,0,0,0,1,"11.6248878159694","-6.60648432444256",8,4151.5465,465.156760416667,"FIB2","LogNormalize","FIB2","author","FIB2","author",0.142969661973352,-0.289329309278018,-0.134573889898474,-0.074348419402413,1.59785833027238,-0.0548755557978528,NA,NA,1.59785833027238,"Fibroblast","N8",-0.00481891853896066,-0.0699137181356247,-0.111118783974426,-0.337542612806504,-1.58896066041262,2104.59246843905,3051.98050524174,"bbox_scaled_and_y_flipped"
"W8-2_GCGGAACCATAAACCT","W8-2",192,163,"W8-2","2436.98146153846","4788.01384615385","STB","STB","Slide-tags (SCP2601)",4602,2475,"STB",0,0.0241078606136663,0,0,0,0.603002853576188,0.23052186142195,0.126371031656403,0.0159963927317929,0,0,0,0,0,0,0,0,0.603002853576188,"-2.95903099392135","-8.95970049570721",8,2436.98146153846,4788.01384615385,"STB","LogNormalize","STB","author","STB","author",-0.100840569458142,0.0141138931303312,0.717408369929056,-0.00443883752997216,-0.220132336705164,-0.0411191582283813,NA,NA,0.717408369929056,"STB","N7",-0.0755045120353113,-0.00211634659282541,0.0934570863399362,-0.085781115028835,-0.832000977474471,1176.02878325264,505.889589344644,"bbox_scaled_and_y_flipped"
"W8-2_GCGTTTCTCCACCTGT","W8-2",8407,3467,"W8-2","1525.72902409639","1743.16260240964","Endothelial","Endothelial","Slide-tags (SCP2601)",6767,3421,"Endothelial_cells",0,0,0,0,1,0,0,0,0,0,0,0,0,0,0,0,0,1,"10.3336032548122","4.32689580251056",8,1525.72902409639,1743.16260240964,"Endothelial","LogNormalize","Endothelial","author","Endothelial","author",-0.270389290022391,-0.271580103732115,-0.456487027721297,1.8736305786253,-0.664005562551184,-0.185257750712205,NA,NA,1.8736305786253,"Endothelial","N8",-0.0763985315448958,0.00966192229491675,-0.0989251338488945,0.000643426707596151,1.03710831133204,682.518241240448,2299.25632301104,"bbox_scaled_and_y_flipped"
"W8-2_GCTAACAGTCGCATAA","W8-2",5863,2237,"W8-2","2271.65820183486","1834.30917431193","STB","STB","Slide-tags (SCP2601)",5893,2229,"STB",0,0.111622886568018,0,0,0,0.888377113431982,0,0,0,0,0,0,0,0,0,0,0,0.888377113431982,"4.44336687709611","4.45944175053913",8,2271.65820183486,1834.30917431193,"STB","LogNormalize","STB","author","STB","author",-0.079338333931532,-0.106315552044986,1.21052525135791,-0.0525248379549235,-0.694199912491989,-0.0904327011043494,NA,NA,1.21052525135791,"STB","N5",-0.0254624523045162,0.0225523308944283,0.210010044676285,0.137671165139495,0.41388324521379,1086.49401972151,2245.57250831791,"bbox_scaled_and_y_flipped"
"W8-2_GCTAACCCAATCCTGA","W8-2",3913,1734,"W8-2","2621.05987719298","3280.44710526316","STB","STB","Slide-tags (SCP2601)",5512,1716,"STB",0,0.0836072698239928,0,0,0,0.916392730176007,0,0,0,0,0,0,0,0,0,0,0,0.916392730176007,"4.50355803157609","3.3037682466634",8,2621.05987719298,3280.44710526316,"STB","LogNormalize","STB","author","STB","author",-0.0535470031484009,-0.0589957191013104,1.06124613135949,-0.0336071360271489,-0.610161296275341,-0.0819255865137198,NA,NA,1.06124613135949,"STB","N5",-0.0409320835634391,-0.0295109502362791,0.444569207020293,-0.115770710434445,-3.36006554812104,1275.72084985211,1393.82132244653,"bbox_scaled_and_y_flipped"
"W8-2_GCTAGCCAGCTCCTTA","W8-2",6495,2628,"W8-2","4335.47379220779","4295.91158441558","EVT","EVT","Slide-tags (SCP2601)",6327,2603,"EVT3",0,0.0151275620802624,0.0520182177283457,0.932854220191392,0,0,0,0,0,0,0,0,0,0,0,0,0,0.932854220191392,"-2.29297221515853","4.05245551396686",8,4335.47379220779,4295.91158441558,"EVT","LogNormalize","EVT","author","EVT3","author_refined_to_predicted",0.867772545717428,0.265610946647525,-0.400713721097066,-0.0629080952001182,-0.565289460457524,-0.125472445567203,NA,NA,0.867772545717428,"EVT","N7",0.00954604988946275,0.184114466050682,-0.0784456714656898,-0.0951864478067627,3.1515844203704,2204.20269052317,795.729635743161,"bbox_scaled_and_y_flipped"
"W8-2_GCTAGTGTCGCAGGCT","W8-2",2606,1790,"W8-2","3704.54142857143","746.389996273292","vCTB","vCTB","Slide-tags (SCP2601)",5101,1780,"vCTB2",0,0,0,0,0,0,0.00221960560018919,0.641329286634131,0,0,0.0991982231024842,0,0,0.257252884663195,0,0,0,0.641329286634131,"-8.07798064563949","5.59435662556965",8,3704.54142857143,746.389996273292,"vCTB","LogNormalize","vCTB","author","vCTB","author",-0.249437510442251,0.126370718762102,-0.354803240347231,-0.0489324976804797,-0.660759390635445,-0.145265246411026,NA,NA,0.126370718762102,"vCTB","N8",-0.113236288123713,-0.0387798029031588,-0.0723296439298259,-0.227479995686886,-1.36717627533956,1862.50618584742,2886.33880743373,"bbox_scaled_and_y_flipped"
"W8-2_GCTAGTGTCGTTCACC","W8-2",1789,1080,"W8-2","2381.88098666667","1529.27252266667","Endothelial","Endothelial","Slide-tags (SCP2601)",4551,1272,"Endothelial_cells",0,0,0,0,1,0,0,0,0,0,0,0,0,0,0,0,0,1,"10.4688581147365","4.39232787419635",8,2381.88098666667,1529.27252266667,"Endothelial","LogNormalize","Endothelial","author","Endothelial","author",0.116861445695212,0.193361584491394,-0.203605166409399,0.620643228765578,-0.27752614031974,-0.0616684875639542,NA,NA,0.620643228765578,"Endothelial","N8",-0.146225059877613,-0.0211819972628982,-0.0417760183157005,-0.0543712144265474,-0.461947010012799,1146.18780384694,2425.23402207282,"bbox_scaled_and_y_flipped"
"W8-2_GCTATAGGTACGATTG","W8-2",19491,4745,"W8-2","5181.91257037037","3662.27805925926","Hofbauer cells","Hofbauer cells","Slide-tags (SCP2601)",6277,2668,"Hofbauer cells",0,0,0,0,0,0,0,0,0,0,0,0,0.521190962674374,0,0,0,0.478809037325626,0.521190962674374,"-0.436101653320378","13.8997403078206",8,5181.91257037037,3662.27805925926,"Hofbauer cells","LogNormalize","Hofbauer cells","author","Hofbauer cells","author",-0.250267819078835,-0.272789393325851,-0.649626809963669,-0.070966648829541,-0.71869179629551,-0.14085557901001,NA,NA,-0.070966648829541,"Endothelial","N1",-0.154078719869342,-0.0570452168909805,-0.0887250961384326,0.21843168927872,0.957441770312788,2662.61184590906,1168.92924202467,"bbox_scaled_and_y_flipped"
"W8-2_GCTCAACCATCCTAGA","W8-2",12249,4156,"W8-2","5236.05527692308","1834.44283076923","vCTB","vCTB","Slide-tags (SCP2601)",6801,3534,"vCTB1",0,0,0,0,0,0,0,0.12749281819044,0,0,0.69785844733187,0,0,0.17464873447769,0,0,0,0.69785844733187,"-7.81747401569564","5.06463536549884",8,5236.05527692308,1834.44283076923,"vCTB","LogNormalize","vCTB","author","vCTB","author",-0.171036197803008,-0.149727146985692,-0.535681712384992,-0.113080853714263,-0.774882512928595,-0.189156647976515,NA,NA,-0.113080853714263,"Endothelial","N5",-0.110441214132158,-0.0896622788745756,0.111457906470476,-0.0782014614963439,-2.26702569589125,2691.93412298504,2245.49378688784,"bbox_scaled_and_y_flipped"
"W8-2_GCTCATTGTTGTTGCT","W8-2",20754,5007,"W8-2","885.7455","2164.70144444444","vCTB","vCTB","Slide-tags (SCP2601)",6108,2745,"vCTB1",0,0,0,0,0,0,0,0.0978353920115242,0,0,0.822600862860591,0,0,0.0795637451278846,0,0,0,0.822600862860591,"-9.21706260059554","6.45519074727375",8,885.7455,2164.70144444444,"vCTB","LogNormalize","vCTB","author","vCTB","author",-0.279180636910365,-0.0313893385882453,-0.266828343766993,-0.0620571589070347,-0.786979579050924,-0.128117072882398,NA,NA,-0.0313893385882453,"vCTB","N3",-0.251081285087539,-0.0462437413803346,-0.0983249246639938,-0.0428433740715851,-0.975750041308451,335.919864239387,2050.9769570464,"bbox_scaled_and_y_flipped"
"W8-2_GCTCTGTTCCTGATGG","W8-2",14360,4219,"W8-2","2835.7288","5086.07192727273","vCTB","vCTB","Slide-tags (SCP2601)",6326,2981,"vCTB1",0,0,0,0,0,0,0,0.0881095071278833,0,0,0.780604395261192,0,0,0.131286097610925,0,0,0,0.780604395261192,"-8.45355761860091","6.43146142293293",8,2835.7288,5086.07192727273,"vCTB","LogNormalize","vCTB","author","vCTB","author",-0.265773761025165,-0.248233680019177,-0.68443898351052,0.0787598811073785,-0.792116840825579,-0.106083202017876,NA,NA,0.0787598811073785,"Endothelial","N5",-0.254414241135485,-0.0665335844522651,-0.0760377258570379,-0.0944617487918356,-1.71671535294794,1391.97993690054,330.3383375463,"bbox_scaled_and_y_flipped"
"W8-2_GCTGACATCACAGCGC","W8-2",15596,4559,"W8-2","5179.05182477341","2351.58097885196","EVT","EVT","Slide-tags (SCP2601)",6258,2783,"EVT3",0,0.0864322307513218,0.228405988809161,0.666780596993945,0,0,0,0,0.0183811834455725,0,0,0,0,0,0,0,0,0.666780596993945,"-2.87419975612838","3.9959274225362",8,5179.05182477341,2351.58097885196,"EVT","LogNormalize","EVT","author","EVT","author",0.845342066411285,1.05414821234892,-0.473976252447033,-0.0713098792069054,-0.680898730418547,-0.125158890778813,NA,NA,1.05414821234892,"vCTB","N7",0.324747833258545,0.233224427573799,-0.089905871031637,-0.277731328383768,4.57577547099669,2661.06254074169,1940.9080198863,"bbox_scaled_and_y_flipped"
"W8-2_GCTGACCAGCATTAGC","W8-2",900,737,"W8-2","4711.18551515152","3134.3103030303","vCTB","vCTB","Slide-tags (SCP2601)",4432,1626,"vCTBp",0,0,0,0,0,0,0.434592927682867,0.356100281481453,0,0,0.175612336602482,0,0,0.0336944542331983,0,0,0,0.434592927682867,"-8.38914168689925","3.42557415295917",8,4711.18551515152,3134.3103030303,"vCTB","LogNormalize","vCTB","author","vCTB","author",-0.217813197736795,-0.191117541107515,0.150887710838858,-0.0232238787819541,-0.209899364797226,-0.0556877288369558,NA,NA,0.150887710838858,"STB","N5",-0.18348454380276,0.0769867281568929,-0.0193606880024438,-0.0986765341477051,0.228959174895399,2407.67835589508,1479.89346808164,"bbox_scaled_and_y_flipped"
"W8-2_GCTGCAATCGGTACGC","W8-2",14325,4487,"W8-2","5619.77225575448","1402.20113913043","vCTB","vCTB","Slide-tags (SCP2601)",6342,2991,"vCTB2",0,0,0,0,0,0,0.419055985939189,0.519404764480479,0,0,0.0322447736917524,0,0,0.0292944758885795,0,0,0,0.519404764480479,"-6.00476802204329","2.4321051530965",8,5619.77225575448,1402.20113913043,"vCTB","LogNormalize","vCTB","author","vCTB","author",-0.0118530775189426,0.727049703374137,-0.306182655894362,-0.0849445261741893,-0.653200303077855,-0.110706920167282,NA,NA,0.727049703374137,"vCTB","N4",-0.0644555531295313,-0.0733853491116071,-0.077188454146845,-0.13823612455151,-0.979868929271112,2899.74522605757,2500.07695323507,"bbox_scaled_and_y_flipped"
"W8-2_GCTGGATGTTATCGAG","W8-2",3632,1747,"W8-2","2548.2241025641","2515.79338461538","FIB1","FIB1","Slide-tags (SCP2601)",5301,1725,"Fibroblast1",0.0296231297939809,0,0,0,0,0,0,0,0,0.970376870206019,0,0,0,0,0,0,0,0.970376870206019,"10.9736655869655","-10.896407038676",8,2548.2241025641,2515.79338461538,"FIB1","LogNormalize","FIB1","author","FIB1","author",0.476892539485461,-0.154852874134843,-0.219806603413734,-0.0518325870319555,2.16314807299916,-0.100133627341928,NA,NA,2.16314807299916,"Fibroblast","N8",-0.131800208446149,-0.0486989815058881,-0.0568403258326751,-0.231414970405062,-1.72576470816597,1236.27489488065,1844.18964444629,"bbox_scaled_and_y_flipped"
"W8-2_GCTGGATGTTCATTTG","W8-2",7754,2352,"W8-2","3695.5155","396.323935","STB","STB","Slide-tags (SCP2601)",6544,2336,"STB",0,0.0152610395635042,0,0,0,0.984738960436496,0,0,0,0,0,0,0,0,0,0,0,0.984738960436496,"4.61348520900529","3.70526441861469",8,3695.5155,396.323935,"STB","LogNormalize","STB","author","STB","author",-0.220512282430362,-0.146915531140777,1.65224441315804,-0.0559066085277955,-0.676854992446987,-0.124439577062815,NA,NA,1.65224441315804,"STB","N8",-0.0409518133000402,0.0633425173319017,0.163092852932262,-0.00565124081556068,0.293281390653089,1857.61797845458,3092.52189442788,"bbox_scaled_and_y_flipped"
"W8-2_GCTGTAAGTCAATAGT","W8-2",8312,2886,"W8-2","1055.86319768116","4214.43557681159","STB","STB","Slide-tags (SCP2601)",6729,2863,"STB",0,0,0,0,0,1,0,0,0,0,0,0,0,0,0,0,0,1,"-0.11645713698644","2.32064041425068",8,1055.86319768116,4214.43557681159,"STB","LogNormalize","STB","author","STB","author",-0.11440521305653,1.13220863297762,2.35925413207077,-0.086845810561808,-0.480199006130067,-0.164024356335293,NA,NA,2.35925413207077,"STB","N3",0.0839722015996801,0.0477349903024772,0.0298073643488871,-0.185851434210827,0.534775493680239,428.051170273707,843.717648927434,"bbox_scaled_and_y_flipped"
"W8-2_GCTGTAAGTGAGCACT","W8-2",13757,4399,"W8-2","5065.45969411765","3034.89341176471","vCTB","vCTB","Slide-tags (SCP2601)",6421,3213,"vCTB1",0,0,0,0,0,0,0,0.144407104603759,0,0,0.611568855950511,0,0,0.24402403944573,0,0,0,0.611568855950511,"-9.28965915058333","6.45801553059894",8,5065.45969411765,3034.89341176471,"vCTB","LogNormalize","vCTB","author","vCTB","author",-0.269489688178535,-0.187442082855361,-0.56356994193774,-0.100954068757239,-0.808512878550126,-0.138906850971899,NA,NA,-0.100954068757239,"Endothelial","N2",-0.200882668841061,-0.0738923781725319,0.0178155003104224,-0.301312830879443,-3.34382494311854,2599.54400683729,1538.44836330897,"bbox_scaled_and_y_flipped"
"W8-2_GCTGTAAGTTATGTGG","W8-2",8204,2600,"W8-2","2436.19789565217","1518.6850173913","STB","STB","Slide-tags (SCP2601)",6557,2583,"STB",0,0.113446842780595,0,0,0,0.886553157219405,0,0,0,0,0,0,0,0,0,0,0,0.886553157219405,"5.07080446864884","4.08365020085651",8,2436.19789565217,1518.6850173913,"STB","LogNormalize","STB","author","STB","author",-0.253665442973908,-0.122346458512397,1.21958290414906,-0.0686168492137719,-0.716634785741829,-0.124148155044298,NA,NA,1.21958290414906,"STB","N8",-0.102439226788683,0.00331910526406699,0.519879228099374,-0.011189113120888,-3.10711377355986,1175.60442441489,2431.46988656452,"bbox_scaled_and_y_flipped"
"W8-2_GCTGTGATCCTAATAG","W8-2",709,511,"W8-2","5192.70413333333","3883.12793333333","EVT-progenitor","EVT-progenitor","Slide-tags (SCP2601)",4288,1778,"EVT2",0,0,0.999999999999999,0,0,0,0,0,0,0,0,0,0,0,0,0,0,0.999999999999999,"-3.46638167713363","1.96452435780842",8,5192.70413333333,3883.12793333333,"EVT-progenitor","LogNormalize","EVT-progenitor","author","EVT-progenitor","author",0.368001457874121,1.39171029999936,-0.00438119662914704,-0.0144788643978025,-0.21840307199817,-0.0500364280605844,NA,NA,1.39171029999936,"vCTB","N8",0.289061292237987,0.126177604280406,-0.0388438013732237,-0.246993913429243,2.81110590845975,2668.45627481612,1038.85233987302,"bbox_scaled_and_y_flipped"
"W8-2_GCTTAACAGAAGCTAG","W8-2",2810,1376,"W8-2","2308.82619512195","3856.59712195122","FIB2","FIB2","Slide-tags (SCP2601)",5204,1366,"Fibroblast2",1,0,0,0,0,0,0,0,0,0,0,0,0,0,0,0,0,1,"11.2482608475856","-6.58384171198529",8,2308.82619512195,3856.59712195122,"FIB2","LogNormalize","FIB2","author","FIB2","author",0.357366069549145,-0.209049229414635,0.104682612151616,-0.0642304835088037,2.04165764685166,-0.112707448044452,NA,NA,2.04165764685166,"Fibroblast","N5",-0.183355916965006,-0.0444929019557208,-0.0577103120246944,-0.0699269272332933,-0.981037145229827,1106.62323502885,1054.47854645622,"bbox_scaled_and_y_flipped"
"W8-2_GCTTATCGTTAGAGGG","W8-2",746,595,"W8-2","5551.91545454545","3935.60696969697","Hofbauer cells","Hofbauer cells","Slide-tags (SCP2601)",4299,1785,"maternal macrophages",0,0.00871352646487258,0.0142309761561611,0,0,0,0.0531708123687276,0.0114688348165389,0.307996766520695,0,0,0.491327687735066,0.113091395937939,0,0,0,0,0.491327687735066,"-1.41677332733352","11.7226334505208",8,5551.91545454545,3935.60696969697,"Hofbauer cells","LogNormalize","Hofbauer cells","author","Hofbauer cells","author",0.240101734552559,-0.183060548226717,0.330679298750647,-0.0192609323051391,0.0958802992075891,-0.0390639929744503,NA,NA,0.330679298750647,"STB","N7",-0.000293479367000277,-0.016591318641967,-0.0472995532829169,-0.206738642903257,-0.45455007528138,2862.99575316959,1007.94306040567,"bbox_scaled_and_y_flipped"
"W8-2_GCTTTACGTCATGAGC","W8-2",14867,4342,"W8-2","2067.01633846154","4289.04873846154","vCTB","vCTB","Slide-tags (SCP2601)",6168,2842,"vCTB1",0,0,0,0,0,0,0,0.0613615322917374,0,0,0.889182051801977,0,0,0.0494564159062858,0,0,0,0.889182051801977,"-8.58841098163802","6.80081805516559",8,2067.01633846154,4289.04873846154,"vCTB","LogNormalize","vCTB","author","vCTB1","author_refined_to_predicted",-0.277297835866983,-0.124542916136974,-0.393301771627563,-0.0474797285210112,-0.831180898889767,-0.104107461360609,NA,NA,-0.0474797285210112,"Endothelial","N3",-0.180487657782952,0.047837030299391,-0.0711495565465024,-0.258406022882482,-0.78933634095986,975.665326417546,799.771737851611,"bbox_scaled_and_y_flipped"
"W8-2_GCTTTACGTGAAGCCT","W8-2",3205,1337,"W8-2","4872.18579661017","1846.30857627119","STB","STB","Slide-tags (SCP2601)",5557,1326,"STB",0,0.112981571668212,0,0,0,0.887018428331788,0,0,0,0,0,0,0,0,0,0,0,0.887018428331788,"4.62385641719621","2.63662967015583",8,4872.18579661017,1846.30857627119,"STB","LogNormalize","STB","author","STB","author",-0.172726667301493,-0.194220191158947,1.17330206284579,0.250177331815995,-0.5514823747878,-0.0586579427018187,NA,NA,1.17330206284579,"STB","N8",-0.074223159022871,-0.0281713504603631,-0.0473651797022095,-0.0944685892103344,-0.351706405726012,2494.871907212,2238.50506016528,"bbox_scaled_and_y_flipped"
"W8-2_GCTTTATTCCTTAGGG","W8-2",6762,2360,"W8-2","2758.22782857143","5141.91142857143","vCTB","vCTB","Slide-tags (SCP2601)",6409,2338,"vCTB1",0,0,0,0,0,0,0,0.0593338514776872,0,0,0.826963467196094,0,0,0.113702681326219,0,0,0,0.826963467196094,"-7.28359473560531","6.20307931233722",8,2758.22782857143,5141.91142857143,"vCTB","LogNormalize","vCTB","author","vCTB","author",-0.119705041745669,0.32700352297245,-0.283891625746245,-0.0609266219617107,-0.677455151952391,-0.139173196071739,NA,NA,0.32700352297245,"vCTB","N5",-0.0776614607040905,0.00668351701001573,-0.0864400330932267,-0.0719174640594741,0.473211991899175,1350.00743307542,297.449800131097,"bbox_scaled_and_y_flipped"
"W8-2_GCTTTATTCTAATTGG","W8-2",24623,6362,"W8-2","1302.50544293194","1175.20483246073","Hofbauer cells","Hofbauer cells","Slide-tags (SCP2601)",6249,3439,"myeloid_unknown",0,0,0,0,0,0,0,0,0,0,0,0,0.444597141268071,0,0,0,0.555402858731929,0.555402858731929,"-0.470087715131825","14.3496981554158",8,1302.50544293194,1175.20483246073,"Hofbauer cells","LogNormalize","Hofbauer cells","author","Hofbauer cells","author",-0.326387188924913,-0.329191965787962,-0.740864680602903,-0.0825122578826217,-0.818931061482101,-0.199859361074241,NA,NA,-0.0825122578826217,"Endothelial","N8",-0.204659043440459,0.0393105518076462,-0.0840156939501664,0.15868259712117,1.56426577718966,561.626174449819,2633.77400194409,"bbox_scaled_and_y_flipped"
"W8-2_GCTTTCATCACGAATC","W8-2",9699,2962,"W8-2","4005.21221145374","3320.06444052863","STB","STB","Slide-tags (SCP2601)",6684,2934,"STB",0,0.0205743023089519,0,0,0,0.979425697691048,0,0,0,0,0,0,0,0,0,0,0,0.979425697691048,"4.51321827556413","4.63378915120441",8,4005.21221145374,3320.06444052863,"STB","LogNormalize","STB","author","STB","author",-0.133288416285472,-0.144558111294846,1.21410127631428,-0.0739549970250544,-0.614656482252758,-0.140581593515059,NA,NA,1.21410127631428,"STB","N8",-0.0994870452104676,-0.0545851493476295,0.515189359541325,-0.170725450618692,-4.80079610240003,2025.34163619091,1370.4873709809,"bbox_scaled_and_y_flipped"
"W8-2_GGAACCTGTAGCAGCT","W8-2",4492,1757,"W8-2","3708.22255384615","2827.67746153846","STB","STB","Slide-tags (SCP2601)",5555,1739,"STB",0,0.135521126040189,0,0,0,0.864478873959811,0,0,0,0,0,0,0,0,0,0,0,0.864478873959811,"3.93388210918229","2.55809602071125",8,3708.22255384615,2827.67746153846,"STB","LogNormalize","STB","author","STB","author",-0.205076645856217,-0.070004335017666,1.22268155931907,-0.0338450815537274,-0.55872226567904,-0.0758721629964685,NA,NA,1.22268155931907,"STB","N5",-0.0357974603294327,-0.040726500062571,0.230192397670843,0.0222357183689644,-1.31480430819813,1864.49978724139,1660.49511110472,"bbox_scaled_and_y_flipped"
"W8-2_GGAACTAAGGTGCTGC","W8-2",19904,5317,"W8-2","1868.68054545455","719.514545454545","vCTB","vCTB","Slide-tags (SCP2601)",6079,2966,"vCTB1",0,0,0,0,0,0,0.190978663281539,0,0,0,0.789187946867695,0,0,0.0198333898507667,0,0,0,0.789187946867695,"-7.02843774173934","6.50180205632526",8,1868.68054545455,719.514545454545,"vCTB","LogNormalize","vCTB","author","vCTB","author",-0.260707474542857,-0.298819379397563,-0.517423324962669,-0.0570689603356815,-0.821860380720394,-0.146304850565701,NA,NA,-0.0570689603356815,"Endothelial","N8",-0.285571826464325,-0.0481664105546714,-0.0760128808170408,0.0169862517229948,-0.974764679036233,868.251836274185,2902.16800091228,"bbox_scaled_and_y_flipped"
"W8-2_GGAATCTTCCTTGTTG","W8-2",876,646,"W8-2","1862.78966666667","3509.80958333333","vCTB","vCTB","Slide-tags (SCP2601)",4343,1628,"vCTBp",0,0,0,0,0,0,0.839787807476374,0.0793559865208322,0.0148654189180702,0,0.0659907870847227,0,0,0,0,0,0,0.839787807476374,"-5.71398175571639","1.81857022572834",8,1862.78966666667,3509.80958333333,"vCTB","LogNormalize","vCTB","author","vCTB","author",-0.188140600449405,0.456572018107667,0.360147556483439,-0.01646033763621,-0.195272507612406,-0.0583513095589896,NA,NA,0.456572018107667,"vCTB","N3",0.114118848875304,-0.0250338321683955,-0.0355615561558225,-0.22499257378255,-0.0963927897816081,865.061490038519,1258.73063814219,"bbox_scaled_and_y_flipped"
"W8-2_GGACAGCCAGAAATGC","W8-2",22296,4954,"W8-2","4361.51070243902","1075.35324292683","STB-progenitor","STB-progenitor","Slide-tags (SCP2601)",6077,2473,"STB",0,0,0,0,0,1,0,0,0,0,0,0,0,0,0,0,0,1,"2.35581957485002","2.19956454564411",8,4361.51070243902,1075.35324292683,"STB-progenitor","LogNormalize","STB-progenitor","author","STB-progenitor","author",-0.11768793024246,0.217717819084692,1.45975481740582,-0.0344262574576704,-0.712036912806154,-0.109968431752771,NA,NA,1.45975481740582,"STB","N5",-0.109674635202452,-0.0419996304373321,0.0721915387805124,-0.244880543090894,-2.39177247398871,2218.30360170055,2692.58492722056,"bbox_scaled_and_y_flipped"
"W8-2_GGACCTCAGCACGTTG","W8-2",4939,2525,"W8-2","3071.55968","4828.06524","vCTB","vCTB","Slide-tags (SCP2601)",5447,2504,"vCTB2",0,0,0,0,0,0,0,0.424931930853941,0,0,0.298161369980812,0,0,0.276906699165248,0,0,0,0.424931930853941,"-7.16146910999495","4.14687737752277",8,3071.55968,4828.06524,"vCTB","LogNormalize","vCTB","author","vCTB","author",-0.228775156953687,-0.0267121546896043,-0.612447274932853,-0.0575448513888386,-0.714725575411953,-0.120377395025917,NA,NA,-0.0267121546896043,"vCTB","N5",-0.0586409182713197,-0.0485869814271412,-0.0856943533316425,0.087650630522417,0.805398394049084,1519.69978776723,482.29998459524,"bbox_scaled_and_y_flipped"
"W8-2_GGACCTCAGCGAAGTA","W8-2",4965,2755,"W8-2","5327.16646753247","2153.61755844156","vCTB","vCTB","Slide-tags (SCP2601)",5434,2738,"vCTBp",0,0.0995623591890481,0,0,0,0,0.57660764630986,0.127232486080942,0,0,0.196597508420149,0,0,0,0,0,0,0.57660764630986,"-5.1201859793492","3.65772136975605",8,5327.16646753247,2153.61755844156,"vCTB","LogNormalize","vCTB","author","vCTB","author",-0.0725514436654826,0.241774288044564,-0.520255356374201,-0.0701475273990194,-0.742025528001942,-0.142085190857655,NA,NA,0.241774288044564,"vCTB","N7",-0.255109452320724,-0.0547537615444804,-0.0740760673510144,0.00603318380639839,-0.966899849567034,2741.27756637514,2057.50518152966,"bbox_scaled_and_y_flipped"
"W8-2_GGACGGATCAACCAAC","W8-2",2504,1333,"W8-2","2338.12221428571","4866.57107142857","vCTB","vCTB","Slide-tags (SCP2601)",5025,1341,"vCTB3",0,0,0,0,0,0,0,0.363495721103644,0,0,0.0845714283371238,0,0,0.551932850559232,0,0,0,0.551932850559232,"-8.42528403614241","4.00471171666462",8,2338.12221428571,4866.57107142857,"vCTB","LogNormalize","vCTB","author","vCTB","author",-0.133567966298813,0.00966840497094279,-0.286375784058058,-0.0451824007302461,-0.469728126990745,-0.0868427647889319,NA,NA,0.00966840497094279,"vCTB","N7",-0.0784657981232404,-0.0457066079936041,-0.0580119617104098,0.211278928062498,1.30746609261513,1122.48919456131,459.620690400478,"bbox_scaled_and_y_flipped"
"W8-2_GGACGGATCCTAACGG","W8-2",18072,5310,"W8-2","4606.77629508197","5060.07039344262","FIB2","FIB2","Slide-tags (SCP2601)",5973,2816,"Fibroblast2",0.984932021444163,0,0,0,0,0,0,0,0.0150679785558363,0,0,0,0,0,0,0,0,0.984932021444163,"11.8408988633327","-6.92358341883343",8,4606.77629508197,5060.07039344262,"FIB2","LogNormalize","FIB2","author","FIB2","author",0.453732120152336,-0.303030896135386,-0.649739696433721,-0.0611645674882892,1.64736761716554,0.0844352486720551,NA,NA,1.64736761716554,"Fibroblast","N5",0.160556624952439,0.00292442674175032,-0.109383782839017,-0.0280120586473698,2.19354946129916,2351.13304674646,345.652808455519,"bbox_scaled_and_y_flipped"
"W8-2_GGACGGATCTTGCATT","W8-2",7684,2372,"W8-2","1458.53882258065","1608.51143548387","STB","STB","Slide-tags (SCP2601)",6535,2356,"STB",0,0.0834130921933112,0,0,0,0.916586907806689,0,0,0,0,0,0,0,0,0,0,0,0.916586907806689,"4.97932135249894","3.89391812611896",8,1458.53882258065,1608.51143548387,"STB","LogNormalize","STB","author","STB","author",-0.0921421703194088,-0.103408493424238,1.61043450487419,0.0788651659581644,-0.697599399948297,-0.115170832839477,NA,NA,1.61043450487419,"STB","N8",-0.0367822601987069,0.0822230974775246,0.462504007906825,-0.0403430068942006,-1.49823271627136,646.129781352187,2378.56362050551,"bbox_scaled_and_y_flipped"
"W8-2_GGAGCAAGTAATGACT","W8-2",7732,3062,"W8-2","1405.59436533333","2807.23154666667","FIB2","FIB2","Slide-tags (SCP2601)",6667,3028,"Fibroblast2",0.898240568803733,0,0,0,0,0,0,0,0,0,0,0,0,0,0,0.101759431196267,0,0.898240568803733,"12.5637668290309","-5.41537419031781",8,1405.59436533333,2807.23154666667,"FIB2","LogNormalize","FIB2","author","FIB2","author",-0.0173163806596107,-0.299671185676206,-0.454782290397087,-0.0905457155120474,0.728324809390313,-0.161298395434578,NA,NA,0.728324809390313,"Fibroblast","N5",-0.168677579757478,-0.0763073917069451,0.0154620966240544,0.0188312425994484,-1.23849925413897,617.456444833043,1672.53741486119,"bbox_scaled_and_y_flipped"
"W8-2_GGAGCGATCCTCACAC","W8-2",39907,8024,"W8-2","3861.63942136339","3951.06085560923","vCTB","vCTB","Slide-tags (SCP2601)",5869,3214,"vCTBp",0,0,0,0,0,0,0.410781972997381,0.251369606275154,0,0,0.284175727743351,0,0,0.0536726929841141,0,0,0,0.410781972997381,"-5.94771540973861","3.7443724565633",8,3861.63942136339,3951.06085560923,"vCTB","LogNormalize","vCTB","author","vCTB","author",-0.0678217629778383,0.29140600607387,-0.721437938054234,-0.0618510282430181,-0.834283129970612,-0.159501440372985,NA,NA,0.29140600607387,"vCTB","N5",-0.0336404249324291,0.000373034683653489,-0.0863171505297807,-0.254009621267751,-0.462860836230202,1947.58635944829,998.840978667562,"bbox_scaled_and_y_flipped"
"W8-2_GGAGGTTAGCTGTACG","W8-2",9703,3865,"W8-2","1984.99988311688","1675.03998701299","vCTB","vCTB","Slide-tags (SCP2601)",6826,3836,"vCTB1",0,0,0,0,0,0,0,0.106450754774587,0,0,0.801336011033157,0,0,0.0922132341922563,0,0,0,0.801336011033157,"-8.94461406086165","6.72550687123615",8,1984.99988311688,1675.03998701299,"vCTB","LogNormalize","vCTB","author","vCTB","author",-0.200679323719974,-0.0372714442232707,-0.519074751070931,-0.0856560829289152,-0.873642129760251,-0.194180553166321,NA,NA,-0.0372714442232707,"vCTB","N5",-0.201792158649614,-0.0738538207204179,-0.109283945483918,-0.237263864561458,-2.17213234810522,931.247354329944,2339.37941030921,"bbox_scaled_and_y_flipped"
"W8-2_GGAGTCTGTCCGCTGT","W8-2",14670,3496,"W8-2","1827.77805555556","1760.98508333333","STB","STB","Slide-tags (SCP2601)",6226,2270,"STB",0,0.0165672403507156,0,0,0,0.983432759649284,0,0,0,0,0,0,0,0,0,0,0,0.983432759649284,"4.5504888215236","4.54251870442707",8,1827.77805555556,1760.98508333333,"STB","LogNormalize","STB","author","STB","author",-0.0643654431358636,-0.106732937065148,1.88641315404898,-0.0330259601232059,-0.679129602164834,-0.075524780039159,NA,NA,1.88641315404898,"STB","N5",-0.073516872089546,-0.0402934741961873,0.299185266393325,-0.111372998654246,-2.7618870548586,846.100115049317,2288.75917821107,"bbox_scaled_and_y_flipped"
"W8-2_GGATAACCAAGTTATC","W8-2",20873,5278,"W8-2","4278.52510067114","956.003100671141","vCTB","vCTB","Slide-tags (SCP2601)",6174,2947,"vCTB1",0,0,0,0,0,0,0.175215422127297,0,0,0,0.82012628471628,0,0,0.0046582931564227,0,0,0,0.82012628471628,"-6.69450248096663","6.60217866231281",8,4278.52510067114,956.003100671141,"vCTB","LogNormalize","vCTB","author","vCTB","author",-0.272455760566574,-0.162258906498969,-0.612157839962957,-0.0573893745380585,-0.825362636187335,-0.141772460914612,NA,NA,-0.0573893745380585,"Endothelial","N5",-0.276259917198059,-0.0550546581930026,-0.0719604867627187,-0.148289419503444,-2.03958599612041,2173.36076519891,2762.88017570584,"bbox_scaled_and_y_flipped"
"W8-2_GGATATTGTTGGCGTG","W8-2",5589,2595,"W8-2","1502.3860247619","1649.69293333333","FIB2","FIB2","Slide-tags (SCP2601)",5679,2570,"Fibroblast2",0.944298076785926,0,0,0,0,0,0,0,0,0,0,0,0,0,0,0.0557019232140744,0,0.944298076785926,"12.3981298127345","-5.39736118982952",8,1502.3860247619,1649.69293333333,"FIB2","LogNormalize","FIB2","author","FIB2","author",0.127914567627933,-0.232601708009876,-0.39476280513761,-0.039208325365007,1.20034097469333,-0.114815487047382,NA,NA,1.20034097469333,"Fibroblast","N8",-0.235368521453059,0.00694793067954861,0.0432878212015507,-0.0415262817296725,-1.04590021059261,669.876281910175,2354.30840329662,"bbox_scaled_and_y_flipped"
"W8-2_GGATGGCCATGAATCT","W8-2",6900,2302,"W8-2","1598.68149071038","3195.27701639344","STB","STB","Slide-tags (SCP2601)",6447,2287,"STB",0,0.0144475980747277,0,0,0,0.985552401925272,0,0,0,0,0,0,0,0,0,0,0,0.985552401925272,"4.3032382645778","4.35695514012653",8,1598.68149071038,3195.27701639344,"STB","LogNormalize","STB","author","STB","author",-0.237416038487741,-0.247738320156959,1.40704096286453,-0.0461045271865438,-0.734937540655971,-0.10868246686075,NA,NA,1.40704096286453,"STB","N3",-0.0784069680481559,-0.0490679080298659,0.460666870377637,-0.362586366606257,-5.43021961463398,722.027393546101,1443.98508804795,"bbox_scaled_and_y_flipped"
"W8-2_GGATTGCGTTGTCCAT","W8-2",6078,3084,"W8-2","5368.54114893617","2072.95873758865","vCTB","vCTB","Slide-tags (SCP2601)",6053,3064,"vCTB2",0,0,0,0,0,0,0.0334759403739176,0.569173800851672,0,0,0.170355042252845,0,0,0.226995216521565,0,0,0,0.569173800851672,"-6.83849824283797","5.19741782475788",8,5368.54114893617,2072.95873758865,"vCTB","LogNormalize","vCTB","author","vCTB","author",-0.308954121418154,-0.139090046799477,-0.34781523029144,-0.0748243104555702,-0.807779181286386,-0.169370175458148,NA,NA,-0.0748243104555702,"Endothelial","N7",-0.152232985616174,-0.0112255657995565,-0.0963881111979675,0.0492441173813725,0.602996121153409,2763.68501419766,2105.01188531086,"bbox_scaled_and_y_flipped"
"W8-2_GGCAAGCCACAATACT","W8-2",1311,614,"W8-2","1385.02523225806","4533.50722580645","STB","STB","Slide-tags (SCP2601)",4868,1163,"STB",0,0.0836540938921147,0,0,0,0.916345906107885,0,0,0,0,0,0,0,0,0,0,0,0.916345906107885,"3.82663308765214","1.86825880338031",8,1385.02523225806,4533.50722580645,"STB","LogNormalize","STB","author","STB","author",-0.152346997133132,0.141444117572286,0.64202799085767,-0.0172794590667315,-0.248064004261623,-0.0412104867266983,NA,NA,0.64202799085767,"STB","N5",-0.0118181892378603,-0.00902742974585994,0.473989689963466,0.142201617836797,-1.54016719566293,606.316739087847,655.789755195647,"bbox_scaled_and_y_flipped"
"W8-2_GGCATGGAGTTGTCTT","W8-2",8024,3220,"W8-2","5155.91144788732","3220.76575774648","FIB2","FIB2","Slide-tags (SCP2601)",6737,3188,"Fibroblast2",0.972692241681286,0,0,0,0,0,0,0,0,0,0,0,0,0,0,0.0273077583187136,0,0.972692241681286,"11.5794738450221","-4.46364060114544",8,5155.91144788732,3220.76575774648,"FIB2","LogNormalize","FIB2","author","FIB2","author",0.253804707918545,-0.293029003355187,-0.429685474373261,-0.0826449185584144,1.34927289337351,-0.161562804833939,NA,NA,1.34927289337351,"Fibroblast","N5",0.00777860118633528,-0.0702488680562018,0.0231251116835892,0.307585716140558,1.55272395894555,2648.53031644226,1428.97264337779,"bbox_scaled_and_y_flipped"
"W8-2_GGCATTAGTCTTGCAT","W8-2",16932,3936,"W8-2","5150.56714285714","3064.65210714286","STB","STB","Slide-tags (SCP2601)",6079,2209,"STB",0,0.0874299039207249,0,0,0,0.912570096079275,0,0,0,0,0,0,0,0,0,0,0,0.912570096079275,"4.46080910350602","4.64176425267536",8,5150.56714285714,3064.65210714286,"STB","LogNormalize","STB","author","STB","author",-0.259305492938487,-0.242655801343897,1.89503046245948,-0.0436153480324173,-0.711818584713899,-0.104142828920133,NA,NA,1.89503046245948,"STB","N2",0.00715386435894227,-0.0261976567795435,0.164406412005041,-0.19627665694529,-1.79029832629659,2645.63598029154,1520.92098674562,"bbox_scaled_and_y_flipped"
"W8-2_GGCATTAGTGTAACCA","W8-2",4651,2286,"W8-2","1702.10401333333","4776.35982666667","vCTB","vCTB","Slide-tags (SCP2601)",5489,2277,"vCTB2",0,0,0,0,0,0,0.144212076524118,0.429530802118637,0,0,0.0987948520040377,0,0,0.327462269353207,0,0,0,0.429530802118637,"-6.99728263233382","3.7687865190633",8,1702.10401333333,4776.35982666667,"vCTB","LogNormalize","vCTB","author","vCTB","author",-0.219090896709169,0.16415914914645,-0.332334439811003,-0.0450474602294437,-0.673196180009357,-0.100402952921869,NA,NA,0.16415914914645,"vCTB","N3",-0.156299561855302,-0.051929594894949,-0.0792819039170132,-0.238076316723665,-1.81014620030558,778.0383331044,512.753612966404,"bbox_scaled_and_y_flipped"
"W8-2_GGCCAGTTCGCAAACT","W8-2",21235,4399,"W8-2","5168.48537288136","3734.29644067797","STB","STB","Slide-tags (SCP2601)",6306,2448,"STB",0,0.0959221021087011,0,0,0,0.904077897891299,0,0,0,0,0,0,0,0,0,0,0,0.904077897891299,"4.38433872844499","4.55912551213581",8,5168.48537288136,3734.29644067797,"STB","LogNormalize","STB","author","STB","author",-0.234333020795276,0.0986013605901892,1.76204155557289,0.0868412509117887,-0.6859641459784,-0.100721387559542,NA,NA,1.76204155557289,"STB","N1",-0.136978441342436,-0.0486838201363855,0.31630638082985,-0.173244305843341,-3.71780271950485,2655.34002611662,1126.51161334276,"bbox_scaled_and_y_flipped"
"W8-2_GGCCATCAGAGCCGGA","W8-2",2911,1837,"W8-2","5317.96593939394","5054.3375","EVT-progenitor","EVT-progenitor","Slide-tags (SCP2601)",5419,1824,"EVT2",0,0,0.911270181699847,0.0887298183001524,0,0,0,0,0,0,0,0,0,0,0,0,0,0.911270181699847,"-2.90819800708968","3.35666379262287",8,5317.96593939394,5054.3375,"EVT-progenitor","LogNormalize","EVT-progenitor","author","EVT-progenitor","author",0.722418591758311,0.738908962048245,-0.111632871450447,-0.0600295915054101,-0.612031633447023,-0.124549988086403,NA,NA,0.738908962048245,"vCTB","N7",0.325594809369106,0.0215580339077647,-0.069368922189508,-0.317345708309599,1.38581702341056,2736.29480041274,349.029387330685,"bbox_scaled_and_y_flipped"
"W8-2_GGCCGTTAGCTAATTG","W8-2",11971,3819,"W8-2","4345.75952380952","4418.91843537415","EVT","EVT","Slide-tags (SCP2601)",6889,3308,"EVT3",0,0.0766138682260845,0.23319635661349,0.669618893814338,0,0,0,0,0.0205708813460873,0,0,0,0,0,0,0,0,0.669618893814338,"-2.62415064190108","4.30187186528522",8,4345.75952380952,4418.91843537415,"EVT","LogNormalize","EVT","author","EVT","author",0.457724951828431,0.276434625621568,-0.498025396629155,-0.0905873706377095,-0.724981118774155,-0.16828469619191,NA,NA,0.457724951828431,"EVT","N4",-0.0455977139662355,0.174230411122801,-0.0968095532605988,-0.147899922234085,2.49888404345988,2209.77317436408,723.280646658593,"bbox_scaled_and_y_flipped"
"W8-2_GGCCTCTGTTAGGCGT","W8-2",15804,4350,"W8-2","5260.84625806452","5120.46417866005","EVT","EVT","Slide-tags (SCP2601)",6276,2594,"EVT2",0,0.103386197007752,0.564830007063296,0.311418620532642,0,0,0,0,0.0203651753963091,0,0,0,0,0,0,0,0,0.564830007063296,"-2.35984791134078","4.29059275914508",8,5260.84625806452,5120.46417866005,"EVT","LogNormalize","EVT","author","EVT","author",0.940664993956859,0.30245683429488,-0.437719767346332,-0.0528680683322879,-0.646908128120785,-0.113913683833004,NA,NA,0.940664993956859,"EVT","N7",0.157903036676572,0.263081439258997,-0.0846991925376106,-0.130131494051227,4.88203319176377,2705.3602714785,310.081873569404,"bbox_scaled_and_y_flipped"
"W8-2_GGCCTCTGTTAGGCTA","W8-2",4348,2361,"W8-2","1625.51589036145","2670.38045783133","STB-progenitor","STB-progenitor","Slide-tags (SCP2601)",5394,2340,"STB",0,0.107961041299295,0,0,0,0.659007307865011,0,0.0369406653780513,0,0,0.174298683583642,0,0,0.0217923018740003,0,0,0,0.659007307865011,"2.29233371402543","2.76105222035724",8,1625.51589036145,2670.38045783133,"STB-progenitor","LogNormalize","STB-progenitor","author","STB-progenitor","author",-0.23488496388213,-0.115691407820154,0.765858273435306,-0.038627149461064,-0.772087670074199,-0.100031611794296,NA,NA,0.765858273435306,"STB","N3",-0.0918403895612065,0.0330215032119003,0.215815633232075,-0.25757365446617,-2.25551185907157,736.560204183673,1753.14042976629,"bbox_scaled_and_y_flipped"
"W8-2_GGCCTTCGTAGGTTAT","W8-2",6309,3247,"W8-2","1025.51787","4203.6466","vCTB","vCTB","Slide-tags (SCP2601)",6251,3200,"vCTBp",0,0,0,0,0,0,0.739164732826571,0.188534875387912,0,0,0.0723003917855172,0,0,0,0,0,0,0.739164732826571,"-9.28480780933577","2.4119213514455",8,1025.51787,4203.6466,"vCTB","LogNormalize","vCTB","author","vCTB","author",-0.250292206923722,-0.260857049373475,-0.563266136577828,-0.129731224702067,-0.593940359414872,-0.250493844296172,NA,NA,-0.129731224702067,"Endothelial","N8",-0.137400790608879,0.0140041178256931,0.00422439009631256,-0.178483548250369,-0.978465687063386,411.616932628753,850.072176802632,"bbox_scaled_and_y_flipped"
"W8-2_GGCGCTAGTTCACCAT","W8-2",11647,3043,"W8-2","1636.40730769231","4601.83576923077","STB","STB","Slide-tags (SCP2601)",6680,2633,"STB",0,0.0876692049411606,0,0,0,0.912330795058839,0,0,0,0,0,0,0,0,0,0,0,0.912330795058839,"3.85335432674211","3.09892114926655",8,1636.40730769231,4601.83576923077,"STB","LogNormalize","STB","author","STB","author",-0.248623817544467,-0.0340017560186486,1.3574373259222,0.0496968674609877,-0.658443459631304,-0.14106331292532,NA,NA,1.3574373259222,"STB","N3",0.0555250901293302,0.00286205141260773,0.0751996935740649,-0.140577138473123,-0.234750140647842,742.458711610794,615.545379714639,"bbox_scaled_and_y_flipped"
"W8-2_GGCGGTAAGAGCCGCT","W8-2",3334,1724,"W8-2","1425.97904054054","2634.18132432432","FIB2","FIB2","Slide-tags (SCP2601)",5444,1707,"Fibroblast2",0.992272238852311,0,0,0,0,0,0,0,0.00772776114768907,0,0,0,0,0,0,0,0,0.992272238852311,"12.3433326401882","-6.2296699590556",8,1425.97904054054,2634.18132432432,"FIB2","LogNormalize","FIB2","author","FIB2","author",0.226168323100177,-0.216077471444543,-0.484699791801023,-0.0593300342263297,1.42807602572157,-0.126889719174907,NA,NA,1.42807602572157,"Fibroblast","N3",0.174146155198778,-0.0529593376240397,-0.065119943611519,-0.292342591342597,-0.35064677613681,628.496253010118,1774.4611172555,"bbox_scaled_and_y_flipped"
"W8-2_GGCGGTAAGCATGTTA","W8-2",2095,1172,"W8-2","1401.57821587302","4635.58806349206","Hofbauer cells","Hofbauer cells","Slide-tags (SCP2601)",4737,1253,"myeloid_unknown",0,0,0,0,0,0,0,0,0,0,0,0,0.479599020832761,0,0,0,0.520400979167239,0.520400979167239,"-1.14058531139571","15.1541634493001",8,1401.57821587302,4635.58806349206,"Hofbauer cells","LogNormalize","Hofbauer cells","author","Hofbauer cells","author",-0.181282530001386,-0.168356671887977,0.16924846485016,-0.0300152575659475,-0.498885320911953,-0.104186008947486,NA,NA,0.16924846485016,"STB","N3",0.20517737316209,-0.0358424465260489,-0.0438473684134955,0.211999449219724,2.97782152238404,615.281403082238,595.66583983975,"bbox_scaled_and_y_flipped"
"W8-2_GGCTAGACAGCTTAAT","W8-2",25130,5013,"W8-2","4518.92915231788","3600.79896688742","STB","STB","Slide-tags (SCP2601)",6255,2647,"STB",0,0.100636950735251,0,0,0,0.899363049264748,0,0,0,0,0,0,0,0,0,0,0,0.899363049264748,"4.12369667674821","4.00762757588703",8,4518.92915231788,3600.79896688742,"STB","LogNormalize","STB","author","STB","author",-0.270017405559672,-0.128367501676209,1.09232481415905,-0.0606886764351321,-0.752147712650178,-0.110003799312295,NA,NA,1.09232481415905,"STB","N4",-0.242081619288933,0.186565800740438,0.389858694866639,0.0852966456662994,-0.0669088745992034,2303.55732649772,1205.13940477144,"bbox_scaled_and_y_flipped"
"W8-2_GGCTCACAGCCATCAG","W8-2",1682,1119,"W8-2","5270.95332","1525.484796","FIB2","FIB2","Slide-tags (SCP2601)",4650,1377,"Fibroblast2",1,0,0,0,0,0,0,0,0,0,0,0,0,0,0,0,0,1,"11.2341073670558","-5.69886961649578",8,5270.95332,1525.484796,"FIB2","LogNormalize","FIB2","author","FIB2","author",0.114528492401661,-0.195687680058655,-0.180327201341622,-0.0385241444352878,0.815126944925326,-0.0620729648225219,NA,NA,0.815126944925326,"Fibroblast","N4",-0.170107785881672,-0.0274195136312816,-0.0737978125947572,-0.0460524316303664,-0.432815130180537,2710.83399249035,2427.46493007339,"bbox_scaled_and_y_flipped"
"W8-2_GGCTGAGAGCACGATT","W8-2",638,477,"W8-2","1410.08114","1424.63442","STB","STB","Slide-tags (SCP2601)",4537,1787,"STB",0,0.186557222864942,0,0,0,0.813442777135058,0,0,0,0,0,0,0,0,0,0,0,0.813442777135058,"3.96347748424333","1.2087313823827",8,1410.08114,1424.63442,"STB","LogNormalize","STB","author","STB","author",-0.0358528470303001,-0.0535090341109315,1.61675534547483,-0.00723943219890123,-0.259568842508212,-0.0299759700472667,NA,NA,1.61675534547483,"STB","N8",-0.177251780056822,-0.0086329613315902,-0.0195399123198232,-0.254768907684659,-1.82331747633869,619.886364915178,2486.8641239643,"bbox_scaled_and_y_flipped"
"W8-2_GGCTTCAAGGTCATTA","W8-2",9154,3203,"W8-2","1569.95719744681","1903.97792340426","FIB2","FIB2","Slide-tags (SCP2601)",6670,3173,"Fibroblast2",0.966863886481492,0,0,0,0,0,0,0,0,0,0,0,0,0,0,0.0331361135185076,0,0.966863886481492,"11.3576644578151","-3.85615053843182",8,1569.95719744681,1903.97792340426,"FIB2","LogNormalize","FIB2","author","FIB2","author",0.22917232787253,-0.305279645337598,-0.49157962498765,-0.0799496087402712,0.960656720675584,-0.0583862650421394,NA,NA,0.960656720675584,"Fibroblast","N8",0.103652705565231,-0.061091383565605,-0.101931488810797,-0.063008602460031,0.754816019032583,706.471065842646,2204.5387739918,"bbox_scaled_and_y_flipped"
"W8-2_GGCTTCAAGTTGGGCC","W8-2",1053,580,"W8-2","5162.87285714286","1560.26028571429","vCTB","vCTB","Slide-tags (SCP2601)",4573,1401,"vCTB2",0,0,0,0,0,0,0,0.864296464230754,0,0,0.0190736031938256,0,0,0.11662993257542,0,0,0,0.864296464230754,"-8.67550814960677","2.84971436787922",8,5162.87285714286,1560.26028571429,"vCTB","LogNormalize","vCTB","author","vCTB2","author_refined_to_predicted",-0.174454559452426,-0.185161816875947,0.0551961796468858,-0.0186797564011961,-0.110659293284183,-0.043081945901491,NA,NA,0.0551961796468858,"STB","N4",-0.0246158058127089,-0.0162593983347169,-0.0323620657814578,-0.182068869951135,-0.532477621972917,2652.30043404492,2406.9827450968,"bbox_scaled_and_y_flipped"
"W8-2_GGGATTAAGACCATAC","W8-2",9385,3411,"W8-2","2067.45534693878","1876.99089795918","vCTB","vCTB","Slide-tags (SCP2601)",6712,3376,"vCTB1",0,0,0,0,0,0,0,0.0652755271502513,0,0,0.834726735531731,0,0,0.0999977373180173,0,0,0,0.834726735531731,"-9.12638343189437","6.41988715459186",8,2067.45534693878,1876.99089795918,"vCTB","LogNormalize","vCTB","author","vCTB","author",-0.165253364841838,-0.15208156627064,-0.58907855511523,-0.0835442288397247,-0.810996021325503,-0.180943283210466,NA,NA,-0.0835442288397247,"Endothelial","N8",-0.217179712895703,-0.00812453048657839,-0.10909852668771,-0.0535637327809482,-0.270754851500529,975.903081953388,2220.4336830693,"bbox_scaled_and_y_flipped"
"W8-2_GGGCAATAGGCTGTGC","W8-2",9892,2954,"W8-2","3575.67063157895","2697.32694736842","STB-progenitor","STB-progenitor","Slide-tags (SCP2601)",6708,2911,"STB",0,0,0,0,0,1,0,0,0,0,0,0,0,0,0,0,0,1,"1.89308940555375","1.37540563870746",8,3575.67063157895,2697.32694736842,"STB-progenitor","LogNormalize","STB-progenitor","author","STB-progenitor","author",-0.248911597564662,0.130749219259876,0.284528113597398,-0.0646516229119471,-0.780329660523768,-0.141193385871729,NA,NA,0.284528113597398,"STB","N8",-0.258821649613502,-0.0549912456272978,0.138375120503417,0.052754897679773,-2.02634803004476,1792.71312493466,1737.26939566431,"bbox_scaled_and_y_flipped"
"W8-2_GGGCATTGTACCGTAA","W8-2",7282,2806,"W8-2","4303.85958709677","3767.14851612903","FIB2","FIB2","Slide-tags (SCP2601)",6595,2790,"Fibroblast2",0.980563139268696,0,0,0,0,0,0,0,0,0,0,0,0,0,0,0.0194368607313038,0,0.980563139268696,"11.1004880585841","-4.20454135607403",8,4303.85958709677,3767.14851612903,"FIB2","LogNormalize","FIB2","author","FIB2","author",0.038297100314047,-0.296874003268709,-0.493320769228627,-0.0693284059684979,0.81082880099472,-0.169988387054707,NA,NA,0.81082880099472,"Fibroblast","N5",-0.106164920031478,-0.0623176504405874,-0.0973849174055024,-0.00189423111491727,-0.119562810012221,2187.08126197214,1107.16228737261,"bbox_scaled_and_y_flipped"
"W8-2_GGGTCACTCCCGTTAC","W8-2",1555,914,"W8-2","5583.0692","2470.23824","vCTB","vCTB","Slide-tags (SCP2601)",4697,1276,"vCTBp",0,0.0109457797506789,0,0,0,0,0.491662157004777,0.328800989567672,0,0,0.147956460977569,0,0,0.0206346126993034,0,0,0,0.491662157004777,"-9.08517611835677","2.73885402013141",8,5583.0692,2470.23824,"vCTB","LogNormalize","vCTB","author","vCTB","author",0.08312758087,0.0648753253191244,0.121214405495704,-0.0166982831627885,-0.430989361327689,-0.0430268140123375,NA,NA,0.121214405495704,"STB","N5",-0.133193108617123,-0.0336295599144646,-0.049802364998038,0.12529636678813,0.584173795696381,2879.86780878586,1871.02086684786,"bbox_scaled_and_y_flipped"
"W8-2_GGGTGAAGTTATGTGG","W8-2",9993,3702,"W8-2","1877.58507070707","2591.70941414141","FIB2","FIB2","Slide-tags (SCP2601)",6884,3609,"Fibroblast2",1,0,0,0,0,0,0,0,0,0,0,0,0,0,0,0,0,1,"12.3468049683742","-6.86132326792401",8,1877.58507070707,2591.70941414141,"FIB2","LogNormalize","FIB2","author","FIB2","author",0.0117007222483081,-0.34398246985675,-0.648858559523368,-0.103942416952753,0.902353072926101,-0.0698613578648102,NA,NA,0.902353072926101,"Fibroblast","N3",0.142508862601294,-0.0320258776537859,0.00611828456262348,-0.168597964042316,0.0555200233040722,873.074294797389,1799.47636586372,"bbox_scaled_and_y_flipped"
"W8-2_GGGTGAAGTTCAAGAT","W8-2",12384,4190,"W8-2","4530.24972307692","3658.71732307692","vCTB","vCTB","Slide-tags (SCP2601)",6761,3498,"vCTB1",0,0,0,0,0,0,0.238154829526756,0,0,0,0.761845170473244,0,0,0,0,0,0,0.761845170473244,"-6.31465209339339","6.3981491022237",8,4530.24972307692,3658.71732307692,"vCTB","LogNormalize","vCTB","author","vCTB","author",-0.286052861188292,-0.28482056087535,-0.705746901830391,-0.093133460654395,-0.641958052111263,-0.173317785371724,NA,NA,-0.093133460654395,"Endothelial","N4",-0.24115617669516,-0.0156478423316838,-0.0938239864802838,-0.131066052349221,-1.07248779292475,2309.68825222326,1171.0264564058,"bbox_scaled_and_y_flipped"
"W8-2_GGGTTTCCATAATGAG","W8-2",7470,2841,"W8-2","1730.60715789474","2853.76978947368","Endothelial","Endothelial","Slide-tags (SCP2601)",6575,2804,"Endothelial_cells",0,0,0,0,1,0,0,0,0,0,0,0,0,0,0,0,0,1,"10.2827638306789","4.43422755528766",8,1730.60715789474,2853.76978947368,"Endothelial","LogNormalize","Endothelial","author","Endothelial","author",-0.0308975926920247,-0.307067746045325,-0.625969453753665,1.22042971986804,-0.465723037569932,-0.165875926266314,NA,NA,1.22042971986804,"Endothelial","N3",-0.241115642530644,-0.0624321933559603,-0.0957429563013626,0.0261647868413997,-0.733108004263177,793.474892441392,1645.12716397788,"bbox_scaled_and_y_flipped"
"W8-2_GGTACCGGTTACTTCA","W8-2",717,392,"W8-2","1967.25045454545","4560.36972727273","Endothelial","Endothelial","Slide-tags (SCP2601)",4411,1685,"unknown2",0,0,0,0,0.440002826653716,0,0.0238260044621333,0,0.536171168884151,0,0,0,0,0,0,0,0,0.536171168884151,"11.0017255463771","3.99465712834675",8,1967.25045454545,4560.36972727273,"Endothelial","LogNormalize","Endothelial","author","Endothelial","author",-0.0424077441172175,-0.187845434411158,0.0599194574651551,0.209444485339213,0.0674246693474494,-0.0251946417926244,NA,NA,0.209444485339213,"Endothelial","N3",-0.164771937222636,-0.0166288388575187,-0.02499561797662,-0.215226861934587,-1.58544368942933,921.634726967013,639.968188670297,"bbox_scaled_and_y_flipped"
"W8-2_GGTAGGAGTTCGCTCA","W8-2",14611,4514,"W8-2","2858.18516778523","4101.0704295302","vCTB","vCTB","Slide-tags (SCP2601)",6244,3062,"vCTB1",0,0,0,0,0,0,0.162626406049075,0,0,0,0.837373593950925,0,0,0,0,0,0,0.837373593950925,"-6.91510594700057","6.32575043965656",8,2858.18516778523,4101.0704295302,"vCTB","LogNormalize","vCTB","author","vCTB","author",-0.275309789206633,-0.267852953220076,-0.590948216240641,-0.0713098792069054,-0.828502419748917,-0.114718453854435,NA,NA,-0.0713098792069054,"Endothelial","N8",-0.265897788787386,-0.0602595851048923,-0.0784456714656898,0.0393897267183347,-0.873027039032811,1404.14171971938,910.487834928913,"bbox_scaled_and_y_flipped"
"W8-2_GGTCAGGAGTTGTCCC","W8-2",990,809,"W8-2","4722.13275","3144.82175","vCTB","vCTB","Slide-tags (SCP2601)",4512,1589,"vCTB2",0,0,0,0,0,0,0.186608511509211,0.577662963102076,0,0,0.107694094896458,0,0,0.128034430492254,0,0,0,0.577662963102076,"-7.99588168476302","3.57686671544391",8,4722.13275,3144.82175,"vCTB","LogNormalize","vCTB","author","vCTB","author",-0.228010375466498,0.221572340409213,0.0307141010900439,-0.0189177019277746,-0.220437454138674,-0.0561111595023615,NA,NA,0.221572340409213,"vCTB","N5",-0.174848496496891,-0.0202305245782379,-0.0358197102403727,-0.102880262690722,-0.943653856601275,2413.60709263325,1473.70240066681,"bbox_scaled_and_y_flipped"
"W8-2_GGTCCTGCAATTGCGC","W8-2",8272,2696,"W8-2","2008.4442733813","783.499966906475","FIB2","FIB2","Slide-tags (SCP2601)",6584,2669,"Fibroblast2",0.928936740423065,0,0,0,0,0,0,0,0,0,0,0,0,0,0,0.071063259576935,0,0.928936740423065,"11.5224269547633","-4.50003424357098",8,2008.4442733813,783.499966906475,"FIB2","LogNormalize","FIB2","author","FIB2","author",0.375149405239256,-0.261777921601595,-0.455547353295223,-0.0772565787471377,0.227682103845276,-0.162731972203383,NA,NA,0.375149405239256,"EVT","N5",-0.0355112124732531,-0.0542738721783179,0.0983997336084714,-0.165403533861027,-1.81288084637168,943.944224342184,2864.48165202832,"bbox_scaled_and_y_flipped"
"W8-2_GGTCGGTTCATTGACA","W8-2",5778,2618,"W8-2","5361.059264","3118.446704","vCTB","vCTB","Slide-tags (SCP2601)",5795,2603,"vCTB1",0,0,0,0,0,0,0,0.132909326792965,0,0,0.573394698339924,0,0,0.293695974867111,0,0,0,0.573394698339924,"-8.77851355884749","5.25894364644367",8,5361.059264,3118.446704,"vCTB","LogNormalize","vCTB","author","vCTB","author",-0.271283885605811,-0.130496535931874,-0.394157777279857,-0.0615077978656536,-0.763818367449556,-0.128047052308607,NA,NA,-0.0615077978656536,"Endothelial","N5",-0.199373753162382,0.069384582655046,-0.0826293995890466,-0.268842366890144,-0.601489836294719,2759.63302054759,1489.23686403099,"bbox_scaled_and_y_flipped"
"W8-2_GGTGAGCCATTATGAC","W8-2",9507,3598,"W8-2","3288.79619557937","3235.83916945747","vCTB","vCTB","Slide-tags (SCP2601)",6742,3568,"vCTB2",0,0,0,0,0,0,0,0.641850092782092,0,0,0.21687457144297,0,0,0.141275335774938,0,0,0,0.641850092782092,"-6.71208823536116","3.7604161195882",8,3288.79619557937,3235.83916945747,"vCTB","LogNormalize","vCTB","author","vCTB","author",0.0952292124721611,0.424766743224489,-0.359905069589839,-0.0769110685447636,-0.813437528143226,-0.178586727736844,NA,NA,0.424766743224489,"vCTB","N5",0.0452620520140629,-0.00350878664400943,-0.102588039749632,-0.00908434334913977,1.52073500383706,1637.34941606272,1420.09465461532,"bbox_scaled_and_y_flipped"
"W8-2_GGTGAGGTCACCGGTA","W8-2",578,357,"W8-2","1815.49587096774","3519.43361290323","FIB2","FIB2","Slide-tags (SCP2601)",4362,1846,"Fibroblast2",0.997598858798416,0,0,0,0,0,0,0,0,0.00240114120158399,0,0,0,0,0,0,0,0.997598858798416,"10.7101138749294","-5.44655981730145",8,1815.49587096774,3519.43361290323,"FIB2","LogNormalize","FIB2","author","FIB2","author",-0.0376198494542106,-0.0821537376510713,-0.0172657395099483,-0.0141105380204409,0.714815886611336,-0.0256751475676097,NA,NA,0.714815886611336,"Fibroblast","N3",-0.175427986271775,-0.0142105583796087,-0.0204071842899729,-0.138118548477341,-1.17557250253014,839.448404366332,1253.06224481429,"bbox_scaled_and_y_flipped"
"W8-2_GGTGAGGTCCTTGTTG","W8-2",11460,3737,"W8-2","2663.20558536585","5094.82490243902","Hofbauer cells","Hofbauer cells","Slide-tags (SCP2601)",6908,3325,"Hofbauer cells",0,0,0,0,0,0,0,0,0,0,0,0,0.526211011751371,0,0,0,0.473788988248629,0.526211011751371,"-0.417927005035466","15.3600512437947",8,2663.20558536585,5094.82490243902,"Hofbauer cells","LogNormalize","Hofbauer cells","author","Hofbauer cells","author",-0.276504825351338,-0.175845535981324,-0.637124001059269,-0.108536731333505,-0.464191142103862,-0.191373554408138,NA,NA,-0.108536731333505,"Endothelial","N4",-0.162586104871973,0.0995933369747663,-0.124737252813614,0.330172956077982,3.90132644481404,1298.54586565373,325.182980772769,"bbox_scaled_and_y_flipped"
"W8-2_GGTGTCCAGCATGTCG","W8-2",3087,1440,"W8-2","893.0704","2730.264","STB","STB","Slide-tags (SCP2601)",5606,1432,"STB",0,0.140163221299858,0,0,0,0.859836778700142,0,0,0,0,0,0,0,0,0,0,0,0.859836778700142,"4.68480621959489","2.61064490605671",8,893.0704,2730.264,"STB","LogNormalize","STB","author","STB","author",-0.211726722049833,-0.0195037658141538,1.77240277520015,0.186563836934623,-0.655498363842542,-0.0639573769814723,NA,NA,1.77240277520015,"STB","N3",-0.191475869335923,-0.0380937811245938,0.221413095572078,0.175170817379146,-1.18928035843747,339.886838944368,1717.87001954837,"bbox_scaled_and_y_flipped"
"W8-2_GGTGTGACAGATTCAT","W8-2",897,508,"W8-2","5090.68906666667","3170.45813333333","FIB1","FIB1","Slide-tags (SCP2601)",4244,1535,"Fibroblast1",0.0669712581727756,0,0,0,0,0,0,0,0,0.933028741827224,0,0,0,0,0,0,0,0.933028741827224,"9.99732052470964","-11.0858534879557",8,5090.68906666667,3170.45813333333,"FIB1","LogNormalize","FIB1","author","FIB1","author",0.34525202967572,-0.164697889466278,0.249328824402194,-0.017622689444096,0.27097763023352,-0.0517948587069511,NA,NA,0.34525202967572,"EVT","N5",-0.154456318470156,-0.0179207106749707,-0.0293819585906363,-0.175809548666641,-1.27778246892514,2613.20757667777,1458.60299732618,"bbox_scaled_and_y_flipped"
"W8-2_GGTTATATCTTGGACG","W8-2",3961,1996,"W8-2","2435.21363636364","4747.79907070707","EVT","EVT","Slide-tags (SCP2601)",5320,1976,"EVT2",0,0.0608457218588169,0.535593801173366,0.352953361853544,0,0,0,0,0.0506071151142726,0,0,0,0,0,0,0,0,0.535593801173366,"-3.43836868618209","4.90674123097736",8,2435.21363636364,4747.79907070707,"EVT","LogNormalize","EVT","author","EVT","author",-0.0877967185586875,-0.0893312989001829,-0.0767603201430074,-0.0620638777695995,-0.585355545335913,-0.117997595927289,NA,NA,-0.0620638777695995,"Endothelial","N5",-0.0140110074636318,0.244705443094376,-0.0887593070742384,-0.0068354844120006,4.42529673866432,1175.07137526737,529.575423139084,"bbox_scaled_and_y_flipped"
"W8-2_GGTTGAGCAAGTCGCT","W8-2",3855,2001,"W8-2","3702.03611764706","3448.88242352941","Hofbauer cells","Hofbauer cells","Slide-tags (SCP2601)",5381,1979,"Hofbauer cells",0,0,0,0,0,0,0,0,0,0,0,0,0.580036041741487,0,0,0,0.419963958258513,0.580036041741487,"-1.55730069492537","14.7527848177083",8,3702.03611764706,3448.88242352941,"Hofbauer cells","LogNormalize","Hofbauer cells","author","Hofbauer cells","author",0.0636314666079557,0.032392783951054,-0.630535122791572,-0.0424597150870961,-0.394725149037585,0.355404669593647,NA,NA,0.355404669593647,"Macrophage","N4",0.0929130947570445,-0.0453194083904367,-0.0486995269565755,0.272454108070752,2.6054280390471,1861.14937482405,1294.61572178745,"bbox_scaled_and_y_flipped"
"W8-2_GGTTGCGGTCAAACTG","W8-2",1973,1270,"W8-2","4326.87521052632","3559.845","Endothelial","Endothelial","Slide-tags (SCP2601)",4543,1376,"Endothelial_cells",0,0,0,0,1,0,0,0,0,0,0,0,0,0,0,0,0,1,"10.239602438467","4.61863860417682",8,4326.87521052632,3559.845,"Endothelial","LogNormalize","Endothelial","author","Endothelial","author",-0.158884463139532,-0.176360724940569,-0.200489833338742,0.226081397965273,-0.409329637505321,-0.0973543695721225,NA,NA,0.226081397965273,"Endothelial","N5",-0.147693844888489,-0.0304748779148533,-0.0437816607637534,-0.240271806226719,-1.70786573465401,2199.5459230548,1229.2606100285,"bbox_scaled_and_y_flipped"
"W8-2_GGTTGCTCATAAACCT","W8-2",39906,5763,"W8-2","1906.97051162791","1367.24993488372","STB-progenitor","STB-progenitor","Slide-tags (SCP2601)",6175,2293,"STB",0,0,0,0,0,1,0,0,0,0,0,0,0,0,0,0,0,1,"1.91232668544572","1.38018712331134",8,1906.97051162791,1367.24993488372,"STB-progenitor","LogNormalize","STB-progenitor","author","STB-progenitor","author",0.391526326293034,0.605665437888544,0.231169812626558,-0.054750482308874,-0.680605982740758,-0.10498366311664,NA,NA,0.605665437888544,"vCTB","N3",-0.167381866100946,0.0224544549486217,0.158383450743996,0.0757341521966429,-0.453847904465492,888.988682820118,2520.66263114837,"bbox_scaled_and_y_flipped"
"W8-2_GGTTTCTGTTTGGGCG","W8-2",6972,2423,"W8-2","1708.80253968254","1415.05934603175","STB","STB","Slide-tags (SCP2601)",6461,2408,"STB",0,0.113138450834307,0,0,0,0.886861549165693,0,0,0,0,0,0,0,0,0,0,0,0.886861549165693,"4.66540228511613","3.11628064442951",8,1708.80253968254,1415.05934603175,"STB","LogNormalize","STB","author","STB","author",-0.250957818352817,-0.254252283293357,1.45159290011365,-0.0394462708915856,-0.428793807977248,-0.0831864744870646,NA,NA,1.45159290011365,"STB","N8",-0.251403888323148,0.0269036610674644,0.250640445611979,-0.103809880241937,-2.53458889420734,781.666080184629,2492.50368325717,"bbox_scaled_and_y_flipped"
"W8-2_GTAAAGCCAGTTTGGC","W8-2",7194,2970,"W8-2","1296.91162535211","4526.10898591549","FIB2","FIB2","Slide-tags (SCP2601)",6601,2938,"Fibroblast2",0.860815049282386,0,0,0,0,0,0,0,0,0,0,0,0,0,0,0.139184950717614,0,0.860815049282386,"12.0605796494655","-5.53776350687664",8,1296.91162535211,4526.10898591549,"FIB2","LogNormalize","FIB2","author","FIB2","author",-0.114240656072405,-0.294683874927312,-0.632533245857803,-0.0701475273990194,1.09238078327837,-0.130362927633657,NA,NA,1.09238078327837,"Fibroblast","N3",-0.00569613624254783,-0.0777638189794055,0.10934186868707,-0.0215348099920513,-1.15276339030711,558.596708812955,660.147195427051,"bbox_scaled_and_y_flipped"
"W8-2_GTAAGCAAGATGCCTG","W8-2",8530,3071,"W8-2","4461.2358974359","2832.1678974359","Hofbauer cells","Hofbauer cells","Slide-tags (SCP2601)",6656,3041,"Hofbauer cells",0,0,0,0,0,0,0,0,0,0,0,0,0.610768442703489,0,0,0,0.38923155729651,0.610768442703489,"-0.39047858927924","15.1802206926473",8,4461.2358974359,2832.1678974359,"Hofbauer cells","LogNormalize","Hofbauer cells","author","Hofbauer cells","author",-0.272149136197798,-0.160461991998298,-0.378246402583284,0.0601688504313033,-0.563081254159738,0.0549253251392456,NA,NA,0.0601688504313033,"Endothelial","N4",-0.152036355398259,-0.0155520408590017,0.166117500236314,0.0560428298127392,-1.04102163058691,2272.31216509417,1657.85031905628,"bbox_scaled_and_y_flipped"
"W8-2_GTAAGCAAGGACCGCT","W8-2",1604,732,"W8-2","534.803214285714","2886.57434285714","STB","STB","Slide-tags (SCP2601)",4729,1133,"STB",0,0,0,0,0,0.991733467555371,0,0.00826653244462832,0,0,0,0,0,0,0,0,0,0.991733467555371,"0.00423933501761571","2.08290156651813",8,534.803214285714,2886.57434285714,"STB","LogNormalize","STB","author","STB","author",-0.143846110058182,0.228336660689999,2.91820499696252,-0.0263950796532544,-0.258624493415554,-0.0708889379552344,NA,NA,2.91820499696252,"STB","N3",0.0417785705781328,0.139987653213883,-0.0306298100136723,-0.188690896514223,1.88355285327557,145.858679740372,1625.80582771505,"bbox_scaled_and_y_flipped"
"W8-2_GTAATAGCATATTGAC","W8-2",5472,2272,"W8-2","3629.17259405941","2675.34158415842","STB","STB","Slide-tags (SCP2601)",5685,2263,"STB",0,0,0,0,0,1,0,0,0,0,0,0,0,0,0,0,0,1,"-0.0701583406754194","2.26195773412067",8,3629.17259405941,2675.34158415842,"STB","LogNormalize","STB","author","STB","author",0.123642601687193,1.33202949298208,2.54497167010859,0.0827228275841936,-0.490263081311732,-0.133228537576371,NA,NA,2.54497167010859,"STB","N8",0.123062759505424,0.100380200796261,-0.0595919719551803,0.0229098245697472,3.28045604286734,1821.6883917406,1750.21840888438,"bbox_scaled_and_y_flipped"
"W8-2_GTACAATGTCCAAGAC","W8-2",17876,5428,"W8-2","4945.16277941176","4375.12402941177","vCTB","vCTB","Slide-tags (SCP2601)",5929,3041,"vCTB1",0,0.0106204211377091,0,0,0,0,0.460770187497558,0,0,0,0.528609391364733,0,0,0,0,0,0,0.528609391364733,"-5.68612254474837","5.56532391835529",8,4945.16277941176,4375.12402941177,"vCTB","LogNormalize","vCTB","author","vCTB","author",-0.188212690590158,-0.0327730663126248,-0.484964083356872,-0.0732913524453129,-0.846645012275515,-0.149589997265528,NA,NA,-0.0327730663126248,"vCTB","N5",-0.289784940217239,-0.056545338737518,-0.100157506127742,-0.0689178005378182,-1.48123893047948,2534.39433684513,749.074823282156,"bbox_scaled_and_y_flipped"
"W8-2_GTACAATGTGTGCAAC","W8-2",1054,538,"W8-2","4284.83046153846","5181.28169230769","vCTB","vCTB","Slide-tags (SCP2601)",4581,1382,"STB",0,0,0,0,0,0.589292340782769,0.119654505844045,0.0953960579687362,0.00321586931591679,0,0.192441226088533,0,0,0,0,0,0,0.589292340782769,"-8.77415240619857","2.63715752888996",8,4284.83046153846,5181.28169230769,"vCTB","LogNormalize","vCTB","author","vCTB","author",-0.171044367296667,-0.177738972173628,0.43823938830132,-0.0206612296396036,-0.0758935670781264,-0.049489863653865,NA,NA,0.43823938830132,"STB","N5",0.0410548850502799,0.0889162117107907,-0.0228359984229135,0.381173095418271,4.59996958173545,2176.77558411336,274.261369686311,"bbox_scaled_and_y_flipped"
"W8-2_GTACCTTGTAATAGCT","W8-2",1382,888,"W8-2","1427.04645526316","1425.17458157895","STB","STB","Slide-tags (SCP2601)",4666,1298,"STB",0,0.192937896211003,0,0,0,0.807062103788997,0,0,0,0,0,0,0,0,0,0,0,0.807062103788997,"3.81566154147905","2.48732075024921",8,1427.04645526316,1425.17458157895,"STB","LogNormalize","STB","author","STB","author",-0.156445970218971,-0.169681400153818,2.24842130381758,-0.0166982831627885,-0.442265053777471,-0.0519321799428871,NA,NA,2.24842130381758,"STB","N8",-0.158305501098911,-0.0195789661797746,-0.032846147364449,-0.263131099201666,-1.82928006911878,629.074336970904,2486.5459777795,"bbox_scaled_and_y_flipped"
"W8-2_GTACCTTGTTTGACCT","W8-2",3021,1280,"W8-2","5210.35269444444","5031.13972222222","EVT-progenitor","EVT-progenitor","Slide-tags (SCP2601)",5378,1275,"EVT2",0,0,0.896939046923409,0.103060953076592,0,0,0,0,0,0,0,0,0,0,0,0,0,0.896939046923409,"-3.11998117778975","2.74356612492878",8,5210.35269444444,5031.13972222222,"EVT-progenitor","LogNormalize","EVT-progenitor","author","EVT-progenitor","author",1.55307356212621,1.21311116664866,0.0136823284587412,-0.0469510244420721,-0.448604748336432,-0.102923944657392,NA,NA,1.55307356212621,"EVT","N7",0.522693616862329,0.279338222622105,-0.062582920960592,-0.0655036810385512,7.43954443916313,2678.01427499456,362.692492563537,"bbox_scaled_and_y_flipped"
"W8-2_GTACGTAGTTAGAGGG","W8-2",6179,2651,"W8-2","3155.74638961039","2412.30111688312","vCTB","vCTB","Slide-tags (SCP2601)",6155,2633,"vCTB1",0,0,0,0,0,0,0,0.315018363934221,0,0,0.473544850704621,0,0,0.211436785361158,0,0,0,0.473544850704621,"-8.31600917194564","5.02867659856159",8,3155.74638961039,2412.30111688312,"vCTB","LogNormalize","vCTB","author","vCTB","author",-0.283630361290239,-0.0647957825127526,-0.686885750429039,-0.05730690586226,-0.755102958318119,-0.146443255945145,NA,NA,-0.05730690586226,"Endothelial","N8",-0.259300193119934,0.078195499467714,-0.0825003225467714,0.0565557248053903,1.14333080641755,1565.29311293481,1905.14486862155,"bbox_scaled_and_y_flipped"
"W8-2_GTACTAATCTAAGTCA","W8-2",4102,1879,"W8-2","4572.27830379747","3621.93658227848","STB","STB","Slide-tags (SCP2601)",5430,1871,"STB",0,0.0485912536677524,0,0,0,0.951408746332248,0,0,0,0,0,0,0,0,0,0,0,0.951408746332248,"4.15027462627214","3.6125033788808",8,4572.27830379747,3621.93658227848,"STB","LogNormalize","STB","author","STB","author",-0.187077290892445,-0.21919324263514,0.837463434233817,-0.0331084287990044,-0.631173247449243,-0.0788522426556957,NA,NA,0.837463434233817,"STB","N4",-0.200288945490863,0.0258574241466844,0.301853623113286,-0.0829058074820683,-2.44736666253199,2332.44983485302,1192.68970091505,"bbox_scaled_and_y_flipped"
"W8-2_GTATCGCCACTGGCTG","W8-2",1373,797,"W8-2","2725.74862222222","2796.54888888889","STB","STB","Slide-tags (SCP2601)",4815,1219,"STB",0,0.145510042127449,0,0,0,0.854489957872552,0,0,0,0,0,0,0,0,0,0,0,0.854489957872552,"4.76766382839006","2.47049817372638",8,2725.74862222222,2796.54888888889,"STB","LogNormalize","STB","author","STB","author",-0.158453580521936,-0.16212941946843,1.16980409605639,-0.0236997698351112,-0.322686434470928,-0.0349982394689345,NA,NA,1.16980409605639,"STB","N3",-0.170088284333396,-0.0227195413071922,-0.0151201609300437,-0.270038501893931,-2.09041534715907,1332.41754242501,1678.82932259401,"bbox_scaled_and_y_flipped"
"W8-2_GTATCGCCAGCAACCT","W8-2",3813,1626,"W8-2","3233.83566101695","4309.76657627119","FIB1","FIB1","Slide-tags (SCP2601)",5347,1599,"Fibroblast1",0,0,0,0,0,0,0,0,0,1,0,0,0,0,0,0,0,1,"10.5643218674831","-11.7965201444499",8,3233.83566101695,4309.76657627119,"FIB1","LogNormalize","FIB1","author","FIB1","author",0.208459979366006,-0.19329883587161,-0.212942557068097,-0.0623331448851397,0.553560027978981,-0.0988101360891528,NA,NA,0.553560027978981,"Fibroblast","N4",-0.110125496068859,-0.0525607082030658,-0.079231756641909,-0.0114615791574949,-0.182435314245172,1607.58422467698,787.569276007979,"bbox_scaled_and_y_flipped"
"W8-2_GTCATCACATGAATCT","W8-2",19200,5072,"W8-2","5013.73334426229","4396.12940983606","FIB2","FIB2","Slide-tags (SCP2601)",6121,2728,"Fibroblast2",1,0,0,0,0,0,0,0,0,0,0,0,0,0,0,0,0,1,"11.8933242478542","-6.68971386622113",8,5013.73334426229,4396.12940983606,"FIB2","LogNormalize","FIB2","author","FIB2","author",0.277844259298941,-0.288475762961228,-0.637891255652212,-0.0569385794848985,1.63974736820755,-0.145924035749347,NA,NA,1.63974736820755,"Fibroblast","N5",-0.042396105116517,0.012547326005708,-0.0883403523531377,-0.00874422812951253,1.14758756254045,2571.53036549649,736.703003621565,"bbox_scaled_and_y_flipped"
"W8-2_GTCATGCCAGCATGAG","W8-2",3867,1900,"W8-2","1672.12040963855","1721.10428915663","FIB2","FIB2","Slide-tags (SCP2601)",5390,1878,"Fibroblast2",0.978825953292551,0,0,0,0,0,0,0,0,0,0,0,0,0,0,0.0211740467074499,0,0.978825953292551,"11.5180905976466","-4.58466854761761",8,1672.12040963855,1721.10428915663,"FIB2","LogNormalize","FIB2","author","FIB2","author",0.161651766945257,-0.210988969115854,-0.191649973128267,-0.0336071360271489,1.09020177436476,-0.085945152701566,NA,NA,1.09020177436476,"Fibroblast","N8",0.00327717547221731,-0.0510906828569439,-0.080882368420654,-0.0507513773590385,0.258027176863563,761.799995731689,2312.24830259297,"bbox_scaled_and_y_flipped"
"W8-2_GTCATTAAGGAAGTAT","W8-2",5869,2459,"W8-2","761.838305882353","4352.72161764706","FIB2","FIB2","Slide-tags (SCP2601)",5867,2438,"Fibroblast2",1,0,0,0,0,0,0,0,0,0,0,0,0,0,0,0,0,1,"11.2940515198879","-4.81527558039349",8,761.838305882353,4352.72161764706,"FIB2","LogNormalize","FIB2","author","FIB2","author",0.098270371850787,-0.240986772157228,-0.418500607193937,-0.0800320774160697,0.923501107432089,-0.140097718371452,NA,NA,0.923501107432089,"Fibroblast","N3",-0.162288644238892,0.0625214002383524,-0.100653940505475,-0.210721406335267,-0.0172836627795755,268.814961124001,762.269471163648,"bbox_scaled_and_y_flipped"
"W8-2_GTCCAAGTCACGCGGT","W8-2",9834,3700,"W8-2","2462.63787654321","4019.90451851852","vCTB","vCTB","Slide-tags (SCP2601)",6873,3646,"vCTB1",0,0,0,0,0,0,0.463883250023645,0,0,0,0.536116749976355,0,0,0,0,0,0,0.536116749976355,"-6.66158593509871","5.86767634679157",8,2462.63787654321,4019.90451851852,"vCTB","LogNormalize","vCTB","author","vCTB","author",-0.283673812301884,-0.157068196966209,-0.647775099299972,-0.112108535257971,-0.734225981481846,-0.180125692638965,NA,NA,-0.112108535257971,"Endothelial","N5",-0.217941567501305,0.0377903290835568,0.0169730733802698,-0.0632996771379551,-0.502849702981264,1189.92362814395,958.293206378548,"bbox_scaled_and_y_flipped"
"W8-2_GTCCGTAAGTAACCAC","W8-2",8763,2598,"W8-2","2115.0655","4606.50770238095","STB","STB","Slide-tags (SCP2601)",6566,2577,"STB",0,0.0154419411890235,0,0,0,0.984558058810976,0,0,0,0,0,0,0,0,0,0,0,0.984558058810976,"4.30932938243669","3.16154798795063",8,2115.0655,4606.50770238095,"STB","LogNormalize","STB","author","STB","author",-0.238672578306555,-0.249564542234184,1.20029786676095,0.159139066149276,-0.671676880330695,-0.116449157336388,NA,NA,1.20029786676095,"STB","N3",-0.0567254150040872,0.00870302489359682,0.0638963606270305,0.0100885017066339,0.183900309760037,1001.687498518,612.793688803413,"bbox_scaled_and_y_flipped"
"W8-2_GTCCTAGAGCTTGCTC","W8-2",6843,2897,"W8-2","5349.14594366197","1494.63531267606","FIB2","FIB2","Slide-tags (SCP2601)",6478,2863,"Fibroblast2",1,0,0,0,0,0,0,0,0,0,0,0,0,0,0,0,0,1,"11.9927171387843","-5.27659502695721",8,5349.14594366197,1494.63531267606,"FIB2","LogNormalize","FIB2","author","FIB2","author",0.0168699656321006,-0.167651329967263,-0.388793269199221,-0.0756918058743186,1.17987047883822,-0.037150345333631,NA,NA,1.17987047883822,"Fibroblast","N4",-0.132758160761601,-0.0749251777370726,-0.105070977673385,-0.233485829944591,-1.79490855828554,2753.18107711719,2445.63476259234,"bbox_scaled_and_y_flipped"
"W8-2_GTCCTCCCAATCTCTC","W8-2",1017,474,"W8-2","4962.6787","4051.35921428571","FIB2","FIB2","Slide-tags (SCP2601)",4424,1412,"Fibroblast1",0.0778849563583367,0,0,0,0,0.0170761521255073,0.171929419468861,0.0679845828440503,0.0300410476149685,0.635083841588276,0,0,0,0,0,0,0,0.635083841588276,"8.5090602555446","-7.17693176935833",8,4962.6787,4051.35921428571,"FIB2","LogNormalize","FIB2","author","FIB2","author",0.315775518646576,1.05954973677187,0.681120839129074,-0.0172794590667315,1.16682332895822,-0.0595109008328438,NA,NA,1.16682332895822,"Fibroblast","N5",-0.161866224242693,-0.0178872845314313,-0.0288540274989674,-0.084808652954318,-0.771879993635295,2543.8805023775,939.766913797795,"bbox_scaled_and_y_flipped"
"W8-2_GTCGAAGCATCCTAGA","W8-2",13539,3874,"W8-2","5127.74041062802","1327.61111449275","STB","STB","Slide-tags (SCP2601)",6425,2779,"STB",0,0.0234247141161478,0,0,0,0.976575285883852,0,0,0,0,0,0,0,0,0,0,0,0.976575285883852,"3.49697505618852","3.01781234074909",8,5127.74041062802,1327.61111449275,"STB","LogNormalize","STB","author","STB","author",-0.213501499559106,0.0583956885270521,1.38937222353638,0.0402631124970974,-0.700841833394476,-0.124820391879169,NA,NA,1.38937222353638,"STB","N4",-0.152113475370756,-0.00437380114021463,-0.0685060448665377,-0.246521315114934,-1.26893974314587,2633.27361775413,2544.00923699554,"bbox_scaled_and_y_flipped"
"W8-2_GTCTATCGTTGGTTAG","W8-2",22958,5551,"W8-2","1642.55963962264","1766.73635849057","Endothelial","Endothelial","Slide-tags (SCP2601)",6443,2875,"Endothelial_cells",0,0,0,0,1,0,0,0,0,0,0,0,0,0,0,0,0,1,"10.4505532899074","4.13222131062824",8,1642.55963962264,1766.73635849057,"Endothelial","LogNormalize","Endothelial","author","Endothelial","author",-0.241526557893946,-0.275945291146723,-0.441331787470691,1.06299118587452,-0.318793454418327,-0.149786713897161,NA,NA,1.06299118587452,"Endothelial","N8",-0.0997558802571719,-0.00328921687536755,-0.0955274909017569,0.0726690699724291,1.14564148739662,745.790654046085,2285.37177281176,"bbox_scaled_and_y_flipped"
"W8-2_GTGAGCGAGCCTAACG","W8-2",2497,1249,"W8-2","2222.58833766234","4306.562","STB","STB","Slide-tags (SCP2601)",5088,1263,"STB",0,0,0,0,0,1,0,0,0,0,0,0,0,0,0,0,0,1,"1.9921437421016","3.1485849313863",8,2222.58833766234,4306.562,"STB","LogNormalize","STB","author","STB","author",-0.141733850159062,0.36338252621551,2.41539566071944,-0.0380733493821278,-0.202748689136185,-0.0914527457430137,NA,NA,2.41539566071944,"STB","N5",0.187160250885005,-0.0347783073515484,0.163989364589589,0.0611935657948843,0.686341775140345,1059.91906170853,789.456718125901,"bbox_scaled_and_y_flipped"
"W8-2_GTGCACGGTAACAGGG","W8-2",10091,2599,"W8-2","3848.50366304348","2649.36598913043","STB","STB","Slide-tags (SCP2601)",6678,2538,"STB",0,0.0777158941153802,0,0,0,0.92228410588462,0,0,0,0,0,0,0,0,0,0,0,0.92228410588462,"3.46507894183915","3.11929067899067",8,3848.50366304348,2649.36598913043,"STB","LogNormalize","STB","author","STB","author",-0.235615770663999,-0.103610190691716,0.679444530077939,-0.0712847832069083,-0.67987748187229,-0.117816874631135,NA,NA,0.679444530077939,"STB","N8",-0.183144861654106,0.173414936754219,0.348875046859587,0.141798923521958,0.690900076995056,1940.47237550505,1765.51760227063,"bbox_scaled_and_y_flipped"
"W8-2_GTGCACGGTGTGAGGA","W8-2",9049,3337,"W8-2","4545.43625","1670.68408333333","FIB2","FIB2","Slide-tags (SCP2601)",6661,3294,"Fibroblast2",1,0,0,0,0,0,0,0,0,0,0,0,0,0,0,0,0,1,"12.4557689347438","-6.78434172342938",8,4545.43625,1670.68408333333,"FIB2","LogNormalize","FIB2","author","FIB2","author",0.127118103439262,-0.307904645105758,-0.657805935668909,-0.0758562814126732,0.927475613707743,0.00827650429729784,NA,NA,0.927475613707743,"Fibroblast","N8",0.0454657751892029,-0.0149283944095793,-0.000869616983536797,-0.0594275429776277,0.43343625915827,2317.91287892948,2341.94496511922,"bbox_scaled_and_y_flipped"
"W8-2_GTGCCTTTCGCACACA","W8-2",10879,3711,"W8-2","2248.84294915254","2168.77741525424","vCTB","vCTB","Slide-tags (SCP2601)",6830,3500,"vCTB1",0,0,0,0,0,0,0,0.093994968850334,0,0,0.871649058439646,0,0,0.0343559727100204,0,0,0,0.871649058439646,"-8.69467414234359","6.49669560719806",8,2248.84294915254,2168.77741525424,"vCTB","LogNormalize","vCTB","author","vCTB1","author_refined_to_predicted",-0.149910757647236,0.0630536601907133,-0.723295072971058,-0.106317312568519,-0.819496624005109,-0.176257184882379,NA,NA,0.0630536601907133,"vCTB","N8",-0.165064052605668,-0.0727961660422864,0.0308360169914687,-0.293658969919945,-3.15876598138462,1074.13787420709,2048.57627804025,"bbox_scaled_and_y_flipped"
"W8-2_GTGCGCAGTTGGATCA","W8-2",6916,3038,"W8-2","2791.145875","4777.019625","vCTB","vCTB","Slide-tags (SCP2601)",6549,3019,"vCTB1",0,0,0,0,0,0,0,0.111771057538639,0,0,0.664490214447583,0,0,0.223738728013778,0,0,0,0.664490214447583,"-8.75887645099837","5.93077239323932",8,2791.145875,4777.019625,"vCTB","LogNormalize","vCTB","author","vCTB","author",-0.28123235114871,-0.309866251335643,-0.604877302081627,-0.0615077978656536,-0.838233929694751,-0.137893502998131,NA,NA,-0.0615077978656536,"Endothelial","N5",-0.240875852705725,-0.0594777618536452,-0.100343382119061,-0.299184306688019,-2.63406435761357,1367.83498806177,512.365002723342,"bbox_scaled_and_y_flipped"
"W8-2_GTGCGGTTCACTTCAT","W8-2",1075,632,"W8-2","2998.86154098361","2673.96127868852","STB","STB","Slide-tags (SCP2601)",4755,1365,"STB",0,0.0852820039146213,0,0,0,0.914717996085378,0,0,0,0,0,0,0,0,0,0,0,0.914717996085378,"4.03921114589494","1.76612099934894",8,2998.86154098361,2673.96127868852,"STB","LogNormalize","STB","author","STB","author",0.120099613257528,-0.171879010934008,1.22938756046463,-0.0103514423826328,-0.101114851015001,-0.0402376438833031,NA,NA,1.22938756046463,"STB","N3",-0.147270803685377,0.11381391132764,-0.0156955250749472,-0.189944395908451,0.352542860464479,1480.32837265205,1751.03138584577,"bbox_scaled_and_y_flipped"
"W8-2_GTGCGGTTCATAGACC","W8-2",2155,1067,"W8-2","2993.40191954023","3450.84677011494","STB","STB","Slide-tags (SCP2601)",4988,1112,"STB",0,0.0866909682407251,0,0,0,0.913309031759275,0,0,0,0,0,0,0,0,0,0,0,0.913309031759275,"4.66322504665177","2.95401939679462",8,2993.40191954023,3450.84677011494,"STB","LogNormalize","STB","author","STB","author",-0.16822926277888,0.0714667207495594,1.57199856874503,-0.0232261586069638,-0.465858754656971,-0.0619352514810026,NA,NA,1.57199856874503,"STB","N4",-0.0626090480743291,-0.0206531699238324,0.414253793869014,-0.0850332680182319,-2.99149012312914,1477.37158414099,1293.45875432405,"bbox_scaled_and_y_flipped"
"W8-2_GTGCTCCGTGGGAACA","W8-2",18121,5131,"W8-2","2368.42617475728","3735.97699029126","vCTB","vCTB","Slide-tags (SCP2601)",5918,2864,"vCTB1",0,0,0,0,0,0,0,0.134577980816409,0,0,0.748133272759607,0,0,0.117288746423984,0,0,0,0.748133272759607,"-7.98003352497298","5.67847022343952",8,2368.42617475728,3735.97699029126,"vCTB","LogNormalize","vCTB","author","vCTB","author",-0.056189194839672,0.172512665314909,-0.608199171579891,-0.0466857030904868,-0.850774217526257,-0.13463887072017,NA,NA,0.172512665314909,"vCTB","N4",-0.155445019623037,-0.0450288922627038,-0.0857417863848772,-0.115051908996893,-0.927959330007438,1138.90102880498,1125.52179757526,"bbox_scaled_and_y_flipped"
"W8-2_GTGCTTACATTGCGGT","W8-2",765,564,"W8-2","5005.00196341463","4478.20280487805","STB","STB","Slide-tags (SCP2601)",4583,1669,"STB",0,0.216338888115349,0,0.0393757238967166,0,0.744285387987933,0,0,0,0,0,0,0,0,0,0,0,0.744285387987933,"3.57247792865556","1.00327798653919",8,5005.00196341463,4478.20280487805,"STB","LogNormalize","STB","author","STB","author",-0.0491905737716997,0.136831660166077,1.71383419397692,-0.0152728898283269,-0.191815078602531,-0.0381664832938937,NA,NA,1.71383419397692,"STB","N5",-0.0263734895036609,0.0840757667910053,-0.0246477113623731,-0.219219887416084,0.524924172472055,2566.80167746495,688.363139173418,"bbox_scaled_and_y_flipped"
"W8-2_GTGGTTAGTTGTCCAT","W8-2",1947,1042,"W8-2","1777.48622988506","2834.43393103448","STB","STB","Slide-tags (SCP2601)",4923,1133,"STB",0,0.0918131245393901,0,0,0,0.90818687546061,0,0,0,0,0,0,0,0,0,0,0,0.90818687546061,"5.07666908885759","3.31460294057209",8,1777.48622988506,2834.43393103448,"STB","LogNormalize","STB","author","STB","author",-0.147544785502325,-0.165220328281407,1.84519803583182,-0.0199747688848747,-0.408852930033135,-0.0520680599907357,NA,NA,1.84519803583182,"STB","N3",0.0419312227696045,-0.0167817291169588,0.327590749762904,0.11234059646776,-0.608985284566665,818.863374574744,1656.51566296055,"bbox_scaled_and_y_flipped"
"W8-2_GTGTAACTCGGGACTC","W8-2",9234,3483,"W8-2","5100.64557142857","4895.18967857143","EVT","EVT","Slide-tags (SCP2601)",6696,3452,"EVT3",0,0.0344487799540915,0.352087045755922,0.613464174289985,0,0,0,0,0,0,0,0,0,0,0,0,0,0.613464174289985,"-3.53342212055404","5.00425538350422",8,5100.64557142857,4895.18967857143,"EVT","LogNormalize","EVT","author","EVT","author",0.33800692231084,0.113886554557934,-0.700089458043339,-0.101986039714342,-0.776077435875029,-0.18063209686232,NA,NA,0.33800692231084,"EVT","N7",-0.18147572376827,0.22977872472164,-0.133979089899526,-0.185598846614524,2.46613638302238,2618.59975985303,442.764806843171,"bbox_scaled_and_y_flipped"
"W8-2_GTTAATGTCTCCATAT","W8-2",637,498,"W8-2","2872.21957894737","4898.50363157895","FIB2","FIB2","Slide-tags (SCP2601)",4145,1893,"Fibroblast2",0.851146851318679,0,0,0,0,0,0,0.0571406230665202,0,0.0917125256148008,0,0,0,0,0,0,0,0.851146851318679,"8.86781441356462","-6.48999205301922",8,2872.21957894737,4898.50363157895,"FIB2","LogNormalize","FIB2","author","FIB2","author",0.28804632008535,0.161142145499783,0.245809842487572,-0.0219311461232852,1.74375445345671,-0.0502171493567384,NA,NA,1.74375445345671,"Fibroblast","N5",-0.0511129449683667,-0.0123586254563162,-0.0224504867850369,-0.0441920807210545,0.141599068695194,1411.74239059264,440.812943646953,"bbox_scaled_and_y_flipped"
"W8-2_GTTACCTGTAACGTGC","W8-2",1630,808,"W8-2","4465.33491428571","1560.30909142857","Hofbauer cells","Hofbauer cells","Slide-tags (SCP2601)",4536,1164,"myeloid_unknown",0,0,0,0,0.000970525463424994,0,0,0,0.265830764678579,0,0,0.091738930360346,0.273589168607605,0,0,0,0.367870610890045,0.367870610890045,"-1.40752793167312","12.7206612520345",8,4465.33491428571,1560.30909142857,"Hofbauer cells","LogNormalize","Hofbauer cells","author","Hofbauer cells","author",-0.14111200482726,-0.146308686114259,0.259315774312858,-0.0432811163426273,-0.3569703399186,0.0964079735483913,NA,NA,0.259315774312858,"STB","N3",-0.0210181243698158,-0.0296988006138984,-0.039348917571316,0.324567779020349,2.42013674353422,2274.5320856608,2406.95399934294,"bbox_scaled_and_y_flipped"
"W8-2_GTTACGTAGAAAGGAA","W8-2",22408,5575,"W8-2","3090.87446153846","1745.42030769231","STB","STB","Slide-tags (SCP2601)",5948,2657,"STB",0,0.0985588346808696,0,0,0,0.901441165319131,0,0,0,0,0,0,0,0,0,0,0,0.901441165319131,"2.53449689533036","4.06884393025715",8,3090.87446153846,1745.42030769231,"STB","LogNormalize","STB","author","STB","author",-0.0953310257844298,0.472579773028403,2.25283493138065,0.10457150503168,-0.695165427814479,-0.110281161695814,NA,NA,2.25283493138065,"STB","N5",0.0556630116552682,0.145933917064345,0.221125244605241,-0.0820101672451435,1.12662388648714,1530.16016945098,2297.92657215484,"bbox_scaled_and_y_flipped"
"W8-2_GTTACGTAGCCATCAG","W8-2",4873,2329,"W8-2","5415.16417218543","3307.45402649007","vCTB","vCTB","Slide-tags (SCP2601)",5466,2316,"vCTBp",0,0,0,0,0,0,0.549294515214377,0,0.0168744909352293,0,0.433830993850395,0,0,0,0,0,0,0.549294515214377,"-6.75211823795516","4.68266686726886",8,5415.16417218543,3307.45402649007,"vCTB","LogNormalize","vCTB","author","vCTB","author",-0.237492814400792,-0.0801295222335956,-0.463037544301739,-0.0673469327300903,-0.638702736673217,-0.115351554135631,NA,NA,-0.0673469327300903,"Endothelial","N5",-0.238659166554875,-0.0468215066923037,-0.0834295950293647,0.0145323737039036,-0.657364459120529,2788.93482701415,1377.91469508449,"bbox_scaled_and_y_flipped"
"W8-2_GTTACGTAGTAGCGGG","W8-2",807,531,"W8-2","1193.64821818182","4170.89703030303","STB","STB","Slide-tags (SCP2601)",4679,1630,"STB",0,0.127069416209443,0,0,0,0.872930583790557,0,0,0,0,0,0,0,0,0,0,0,0.872930583790557,"4.26223694469255","1.61798891354877",8,1193.64821818182,4170.89703030303,"STB","LogNormalize","STB","author","STB","author",-0.195842547723861,-0.200122093933809,1.54092818999894,0.209101254961849,-0.210632224383258,-0.0496323696192246,NA,NA,1.54092818999894,"STB","N3",0.118373636105692,-0.0165320001482744,0.304359475948125,-0.235187237342043,-2.12901878798724,502.671942031878,869.361128588734,"bbox_scaled_and_y_flipped"
"W8-2_GTTACTAAGGACAACA","W8-2",19219,5548,"W8-2","5492.52","2018.85028909953","vCTB","vCTB","Slide-tags (SCP2601)",6025,3127,"vCTB1",0,0,0,0,0,0,0.37551403202082,0,0,0,0.62448596797918,0,0,0,0,0,0,0.62448596797918,"-6.22324241016585","5.58062991429645",8,5492.52,2018.85028909953,"vCTB","LogNormalize","vCTB","author","vCTB","author",-0.291312325286355,0.120681013405236,-0.592066961782122,-0.0721290006374269,-0.832106096457565,-0.14536626863099,NA,NA,0.120681013405236,"vCTB","N5",-0.204649925619049,-0.0595266998265486,-0.103999179150748,-0.207784018803267,-1.85134404182322,2830.82872484529,2136.88086141603,"bbox_scaled_and_y_flipped"
"W8-2_GTTACTCGTAGCTAGC","W8-2",20185,5406,"W8-2","5397.44275117924","2806.29354716981","vCTB","vCTB","Slide-tags (SCP2601)",5916,2691,"vCTBp",0,0,0,0,0,0,0.408394230145473,0.405790771910941,0,0,0.165765389185901,0,0,0.0200496087576854,0,0,0,0.408394230145473,"-6.25194800708968","2.75374850560505",8,5397.44275117924,2806.29354716981,"vCTB","LogNormalize","vCTB","author","vCTB","author",-0.107188326947576,0.508599958252468,-0.37078813219033,-0.0450474602294437,-0.645608807357647,-0.141799473533769,NA,NA,0.508599958252468,"vCTB","N4",-0.0756485073495559,0.0197395820022486,-0.0763526788906316,-0.235646611492529,-0.395003420032184,2779.33736781773,1673.0898809619,"bbox_scaled_and_y_flipped"
"W8-2_GTTCCTGGTCCAAGAC","W8-2",4644,2055,"W8-2","2617.945","1862.228","Hofbauer cells","Hofbauer cells","Slide-tags (SCP2601)",5504,2033,"myeloid_unknown",0,0,0,0,0,0,0,0,0,0,0,0,0.432586789526854,0,0,0,0.567413210473146,0.567413210473146,"-1.02921975467879","14.5936737947591",8,2617.945,1862.228,"Hofbauer cells","LogNormalize","Hofbauer cells","author","Hofbauer cells","author",-0.169861176617003,-0.111802683352581,-0.432256516373028,-0.0471615941436439,-0.501971734388546,0.0219077844085878,NA,NA,0.0219077844085878,"Macrophage","N5",-0.0150077020118488,-0.0374328245676665,-0.071360277577818,0.297119411735274,2.38355805928215,1274.03391364361,2229.12878439712,"bbox_scaled_and_y_flipped"
"W8-2_GTTCCTGGTTAGACCA","W8-2",9863,3363,"W8-2","2698.35930434783","3808.64725","FIB2","FIB2","Slide-tags (SCP2601)",6785,3286,"Fibroblast2",0.901930812683511,0,0,0,0,0,0,0,0,0,0,0,0,0,0,0.0980691873164887,0,0.901930812683511,"11.5386193909816","-4.23661318491619",8,2698.35930434783,3808.64725,"FIB2","LogNormalize","FIB2","author","FIB2","author",0.114589169019701,-0.163955479918014,-0.623539105309239,-0.0889325686510014,1.01069599525641,-0.162413016341693,NA,NA,1.01069599525641,"Fibroblast","N5",0.0738887401456023,-0.0739402789088729,-0.130497053729671,0.106765468394764,1.61833921780844,1317.58420255766,1082.72022342404,"bbox_scaled_and_y_flipped"
"W8-2_GTTCGCGCACGCAACT","W8-2",1193,873,"W8-2","3320.01329268293","3808.12868292683","Hofbauer cells","Hofbauer cells","Slide-tags (SCP2601)",4470,1508,"myeloid_unknown",0,0,0,0,0,0,0,0,0,0,0,0,0.469824302584454,0,0,0,0.530175697415545,0.530175697415545,"-1.33631575916488","12.6426897935994",8,3320.01329268293,3808.12868292683,"Hofbauer cells","LogNormalize","Hofbauer cells","author","Hofbauer cells","author",-0.181997651828831,0.053676291368277,0.111959999647218,-0.0222994725006467,-0.00342330415316183,0.177412468622231,NA,NA,0.177412468622231,"Macrophage","N8",-0.0615992227611813,-0.02833056449875,-0.0768312958669667,-0.179547141590269,-0.614079603653655,1654.255781279,1083.02565080415,"bbox_scaled_and_y_flipped"
"W8-2_GTTCGCGCAGGCGAGT","W8-2",4228,1999,"W8-2","1540.97828135593","1639.94054576271","FIB2","FIB2","Slide-tags (SCP2601)",5348,1972,"Fibroblast2",1,0,0,0,0,0,0,0,0,0,0,0,0,0,0,0,0,1,"12.3658527054958","-5.141822726237",8,1540.97828135593,1639.94054576271,"FIB2","LogNormalize","FIB2","author","FIB2","author",-0.202951695465866,-0.194380665088513,-0.525642913613846,-0.0576501362396245,1.10556489998307,-0.115807675403199,NA,NA,1.10556489998307,"Fibroblast","N8",-0.000705822823887453,-0.0511210521650333,-0.0631063379987417,0.162229465765547,1.41439005396332,690.776841060015,2360.0523973518,"bbox_scaled_and_y_flipped"
"W8-2_GTTGCCCGTGAGAAAC","W8-2",42774,6654,"W8-2","3346.028","2921.898","EVT","EVT","Slide-tags (SCP2601)",6349,2461,"EVT3",0,0,0.321503232328196,0.678496767671804,0,0,0,0,0,0,0,0,0,0,0,0,0,0.678496767671804,"-2.7840694269963","3.56115803052265",8,3346.028,2921.898,"EVT","LogNormalize","EVT","author","EVT","author",1.99086789691969,1.21228106219313,0.111288945958866,-0.0577577009154201,-0.632906948051127,-0.141145065328047,NA,NA,1.99086789691969,"EVT","N5",1.06164461693934,0.568187627134621,-0.0857164530040157,-0.314971693780368,13.0129351155413,1668.34466793743,1605.0007812414,"bbox_scaled_and_y_flipped"
"W8-2_GTTGCGGGTCAGGCAT","W8-2",1376,715,"W8-2","2435.00790909091","4760.08445454545","EVT","EVT","Slide-tags (SCP2601)",4652,1236,"EVT2",0,0,0.638516488425533,0.34818909387951,0,0,0,0,0.0132944176949578,0,0,0,0,0,0,0,0,0.638516488425533,"-3.29900754306991","4.82954081822712",8,2435.00790909091,4760.08445454545,"EVT","LogNormalize","EVT","author","EVT","author",-0.179997413983371,-0.138852646704118,0.157104232194789,-0.0194988778317176,-0.369708717811202,-0.0804535877364972,NA,NA,0.157104232194789,"STB","N5",-0.0351792689580392,0.137716186654683,-0.0400983044701988,0.109727413791542,3.27908317294616,1174.95995874468,522.339536416755,"bbox_scaled_and_y_flipped"
"W8-2_GTTGCGGGTTAACAGT","W8-2",5250,2216,"W8-2","4997.99282758621","2016.99755172414","FIB1","FIB1","Slide-tags (SCP2601)",5554,2174,"Fibroblast1",0,0,0,0,0,0,0,0,0,1,0,0,0,0,0,0,0,1,"10.6098226227931","-11.8110493726603",8,4997.99282758621,2016.99755172414,"FIB1","LogNormalize","FIB1","author","FIB1","author",0.457962158071313,-0.216309530719484,-0.086369033330156,-0.0757408098695622,0.881348434809166,-0.102129482280064,NA,NA,0.881348434809166,"Fibroblast","N8",-0.083156923575485,-0.0586166170080993,-0.0817621276188968,-0.280920481096592,-1.72526516359271,2563.00571239579,2137.97209291119,"bbox_scaled_and_y_flipped"
"W8-2_GTTGGCGGTTTATGGG","W8-2",3823,1234,"W8-2","4235.22594845361","2187.38366494845","STB","STB","Slide-tags (SCP2601)",5488,1228,"STB",0,0,0,0,0,1,0,0,0,0,0,0,0,0,0,0,0,1,"-0.0326750582881628","2.26547297765094",8,4235.22594845361,2187.38366494845,"STB","LogNormalize","STB","author","STB","author",-0.150871095892205,0.417175225941555,2.61692433079229,0.109223192088234,-0.390078289573122,-0.0797497523362524,NA,NA,2.61692433079229,"STB","N5",0.00489727583935903,0.152713536304388,-0.0424814050388535,-0.104825833063915,2.42404777689397,2149.91107420053,2037.61750647187,"bbox_scaled_and_y_flipped"
"W8-2_GTTGTTGCAAGTAAGC","W8-2",6921,2410,"W8-2","2151.12228571429","4954.32887218045","FIB2","FIB2","Slide-tags (SCP2601)",6457,2379,"Fibroblast2",1,0,0,0,0,0,0,0,0,0,0,0,0,0,0,0,0,1,"12.3714870133571","-5.43323317240399",8,2151.12228571429,4954.32887218045,"FIB2","LogNormalize","FIB2","author","FIB2","author",0.0302051033712716,-0.283651229775327,0.0469998539117259,-0.0739800930250515,1.0466076274443,-0.136138966260057,NA,NA,1.0466076274443,"Fibroblast","N3",0.0509609890994643,-0.0590239749456829,-0.10113421166357,-0.066032844014899,0.457838579722183,1021.21491279963,407.932805545185,"bbox_scaled_and_y_flipped"
"W8-2_GTTTGTCGTCCAAGAC","W8-2",7332,2591,"W8-2","3664.80548148148","455.769822222222","STB","STB","Slide-tags (SCP2601)",6554,2573,"STB",0,0.0151330920673712,0,0,0,0.984866907932629,0,0,0,0,0,0,0,0,0,0,0,0.984866907932629,"5.05753170635026","4.09597644139606",8,3664.80548148148,455.769822222222,"STB","LogNormalize","STB","author","STB","author",-0.269562484016139,-0.279941738384737,1.47548557503685,-0.0508865950938804,-0.77220614348692,-0.119557868753936,NA,NA,1.47548557503685,"STB","N8",-0.164771455181722,0.0726668403925989,0.211736137110996,0.0897183680834305,-0.0144687675744988,1840.98623376831,3057.50925569334,"bbox_scaled_and_y_flipped"
"W8-2_GTTTGTTTCGATCAGT","W8-2",11473,3765,"W8-2","4200.21062637363","952.432042857143","FIB2","FIB2","Slide-tags (SCP2601)",6900,3356,"Fibroblast2",0.976665054201645,0,0,0,0,0,0,0,0,0,0,0,0,0,0,0.0233349457983552,0,0.976665054201645,"12.5566095032863","-6.3000406331889",8,4200.21062637363,952.432042857143,"FIB2","LogNormalize","FIB2","author","FIB2","author",0.412295168850973,-0.280728622208217,-0.440387291393393,-0.104917015234054,0.449488140164755,-0.200711927099683,NA,NA,0.449488140164755,"Fibroblast","N3",-0.0512888298502094,0.0322879452445188,-0.128669478526359,-0.179449210628022,0.576824239147236,2130.94768944742,2764.98346935632,"bbox_scaled_and_y_flipped"
"W8-2_TAAACAGCAGATAGAC","W8-2",5822,2245,"W8-2","1075.67919814815","1741.35687037037","STB","STB","Slide-tags (SCP2601)",5857,2228,"STB",0,0.0798833450477505,0,0,0,0.920116654952249,0,0,0,0,0,0,0,0,0,0,0,0.920116654952249,"4.92458902980607","4.47870787907917",8,1075.67919814815,1741.35687037037,"STB","LogNormalize","STB","author","STB","author",-0.216933158139086,-0.230191791046271,1.49406439035031,-0.0405033378486856,-0.675720137720916,-0.102141296798932,NA,NA,1.49406439035031,"STB","N8",-0.171363732063608,-0.033453127294197,0.547203206889357,-0.130195896744597,-4.88271466670091,438.782999050406,2300.31986914512,"bbox_scaled_and_y_flipped"
"W8-2_TAACCGGTCCCATAGG","W8-2",13116,4191,"W8-2","1997.78126666667","1572.86481333333","vCTB","vCTB","Slide-tags (SCP2601)",6494,3177,"vCTB1",0,0,0,0,0,0,0.185321529504665,0,0,0,0.767720530420249,0,0,0.0469579400750861,0,0,0,0.767720530420249,"-7.01302207325179","6.64622649480182",8,1997.78126666667,1572.86481333333,"vCTB","LogNormalize","vCTB","author","vCTB","author",-0.274930091324999,-0.255156796264716,-0.650096671505853,-0.0965152312272671,-0.748353068929819,-0.186285333339171,NA,NA,-0.0965152312272671,"Endothelial","N5",-0.196039770726924,-0.0776139482252456,-0.0861880734875056,-0.172153172282102,-1.93843124065504,938.169418144696,2399.55888799639,"bbox_scaled_and_y_flipped"
"W8-2_TAACCGGTCGGTCATG","W8-2",7410,2107,"W8-2","3717.02034782609","2531.78282608696","STB","STB","Slide-tags (SCP2601)",6444,2089,"STB",0,0.0423923448246462,0,0,0,0.957607655175354,0,0,0,0,0,0,0,0,0,0,0,0.957607655175354,"4.16491924907487","3.52195247937519",8,3717.02034782609,2531.78282608696,"STB","LogNormalize","STB","author","STB","author",-0.250633123458754,-0.0170465835024727,1.36749788983259,-0.0439926730973533,-0.680233983796892,-0.107592504055103,NA,NA,1.36749788983259,"STB","N8",-0.0960549130910295,0.0312174710249487,0.294133809104708,-0.133067137008632,-2.03556072783728,1869.2644428924,1834.77212939233,"bbox_scaled_and_y_flipped"
"W8-2_TAACCGGTCTAATTGG","W8-2",2059,1097,"W8-2","4498.20227906977","1362.57929302326","vCTB","vCTB","Slide-tags (SCP2601)",4804,1215,"vCTB2",0,0,0,0,0,0,0.00344303720600014,0.675746468440374,0,0,0.0816839274829232,0,0,0.239126566870702,0,0,0,0.675746468440374,"-8.24549926136214","3.37031802464801",8,4498.20227906977,1362.57929302326,"vCTB","LogNormalize","vCTB","author","vCTB","author",0.187600280037963,0.183613967249445,-0.149054677690504,-0.0370083755577123,-0.511757976249753,-0.0798685879661182,NA,NA,0.187600280037963,"EVT","N5",-0.153105383269559,-0.0343799549733132,-0.0275990672068823,-0.236403442200467,-1.86794402153656,2292.33219279096,2523.41356151143,"bbox_scaled_and_y_flipped"
"W8-2_TAAGCCTAGTCCTTCA","W8-2",8827,3385,"W8-2","1850.96501851852","2904.68487037037","FIB1","FIB1","Slide-tags (SCP2601)",6726,3342,"Fibroblast1",0,0,0,0,0,0,0,0,0.0212315535767127,0.978768446423287,0,0,0,0,0,0,0,0.978768446423287,"10.6040996232204","-11.983131319987",8,1850.96501851852,2904.68487037037,"FIB1","LogNormalize","FIB1","author","FIB1","author",0.362308898095585,-0.277316745414132,-0.61525524505762,0.0265276197165828,0.405863097310281,-0.162383814486928,NA,NA,0.405863097310281,"Fibroblast","N3",-0.145247485790176,-0.0878572643252987,-0.107091922469982,-0.326114698983944,-2.58751081143393,858.657569152362,1615.13902826529,"bbox_scaled_and_y_flipped"
"W8-2_TAAGTAGCACTTACAG","W8-2",543,414,"W8-2","2482.69475862069","4534.76","vCTB","vCTB","Slide-tags (SCP2601)",4308,1919,"vCTBp",0,0.340476250750133,0.0361682956586943,0,0,0.0303128034448954,0.449973052438292,0.0538967964124716,0.00442531499414817,0,0.0847474863013655,0,0,0,0,0,0,0.449973052438292,"-3.22295559261519","-5.39946499537152",8,2482.69475862069,4534.76,"vCTB","LogNormalize","vCTB","author","vCTB","author",-0.065991220158419,-0.0491506561508426,0.303174211860198,-0.0156412162056884,-0.263440620785504,-0.0271453355584943,NA,NA,0.303174211860198,"STB","N7",-0.117974260366126,-0.0132601229315108,-0.0179175946922805,-0.151102774112154,-0.928388198881043,1200.78591211535,655.051892034639,"bbox_scaled_and_y_flipped"
"W8-2_TAAGTAGCAGGATTAA","W8-2",6668,2260,"W8-2","2916.47567088608","3499.72903797468","Hofbauer cells","Hofbauer cells","Slide-tags (SCP2601)",6380,2240,"myeloid_unknown",0,0,0,0,0,0,0,0,0,0,0,0,0.430971930025148,0,0,0,0.569028069974852,0.569028069974852,"-1.00976593111235","15.2007437639363",8,2916.47567088608,3499.72903797468,"Hofbauer cells","LogNormalize","Hofbauer cells","author","Hofbauer cells","author",-0.217450268322202,-0.230004739241664,-0.538605182241617,-0.0587072031967246,-0.577439429743309,-0.131139741679053,NA,NA,-0.0587072031967246,"Endothelial","N5",0.0173022273551248,0.197929308671412,-0.109547070817098,0.21627017579964,5.45962784205114,1435.71033517375,1264.66791167585,"bbox_scaled_and_y_flipped"
"W8-2_TAAGTAGCAGTAGCCT","W8-2",12671,2881,"W8-2","2997.16609302326","2816.66482170543","STB-progenitor","STB-progenitor","Slide-tags (SCP2601)",6566,2301,"STB",0,0,0,0,0,1,0,0,0,0,0,0,0,0,0,0,0,1,"-9.63678420398909","4.54458865453083",8,2997.16609302326,2816.66482170543,"STB-progenitor","LogNormalize","STB-progenitor","author","STB-progenitor","author",-0.199558205924348,-0.244750463451797,0.43665703992953,-0.0794737176871141,-0.639355185040482,-0.122463836405547,NA,NA,0.43665703992953,"STB","N3",-0.203152482039145,0.0109879836832731,-0.0540677371104353,-0.187951237871776,-1.09048309648904,1479.41016227753,1666.98137277907,"bbox_scaled_and_y_flipped"
"W8-2_TAAGTGCTCCACAATA","W8-2",1558,874,"W8-2","3362.48428571429","952.183842857143","Hofbauer cells","Hofbauer cells","Slide-tags (SCP2601)",4609,1242,"myeloid_unknown",0,0,0,0,0.000659335013627109,0,0,0,0.228740931397255,0,0,0.147699003521029,0.270784058710793,0,0,0,0.352116671357296,0.352116671357296,"-1.68984771583754","12.7109671526082",8,3362.48428571429,952.183842857143,"Hofbauer cells","LogNormalize","Hofbauer cells","author","Hofbauer cells","author",-0.136777529747,-0.17009965440018,-0.0398319152933586,-0.0241756608882683,-0.105718601349797,0.106735309097997,NA,NA,0.106735309097997,"Macrophage","N3",-0.16997200715451,-0.0254334318912399,0.103840743014957,0.0975128705460943,-0.638094854885954,1677.25696287204,2765.12965502769,"bbox_scaled_and_y_flipped"
"W8-2_TAATCACCAATATACC","W8-2",588,493,"W8-2","5298.74805128205","5076.22158974359","Erythroblasts","Erythroblasts","Slide-tags (SCP2601)",4378,1845,"vCTBp",0,0.248203825681145,0.0336969479033647,0,0,0.195847221688149,0.419859780429567,0.0334976328173023,0.00968045041668445,0,0.0592141410637883,0,0,0,0,0,0,0.419859780429567,"-10.0997606596776","1.58237287331897",8,5298.74805128205,5076.22158974359,"Erythroblasts","LogNormalize","Erythroblasts","author","Erythroblasts","author",0.25788182864343,0.482275660683716,-0.0876913368024177,-0.0192609323051391,-0.326927797217086,-0.0443344789344677,NA,NA,0.482275660683716,"vCTB","N7",-0.190710158412507,0.134918822078592,-0.0239090592393885,-0.173462446268917,0.536816739384573,2725.88689368049,336.140022497721,"bbox_scaled_and_y_flipped"
"W8-2_TAATTGCCATCCTGAA","W8-2",2154,1106,"W8-2","3950.88452941176","1175.77385588235","FIB2","FIB2","Slide-tags (SCP2601)",4761,1186,"Fibroblast2",1,0,0,0,0,0,0,0,0,0,0,0,0,0,0,0,0,1,"10.7937530198268","-4.03340759943646",8,3950.88452941176,1175.77385588235,"FIB2","LogNormalize","FIB2","author","FIB2","author",0.170458004324984,0.0342031705762934,0.14912932885288,-0.0540349797901933,0.998512120453447,-0.0703841469926852,NA,NA,0.998512120453447,"Fibroblast","N5",-0.00624019935837405,-0.042047796155957,-0.0648510547510705,-0.227884978568994,-0.847789881677675,1995.91918121667,2633.43885661405,"bbox_scaled_and_y_flipped"
"W8-2_TAATTGCCATGCTATG","W8-2",12486,3626,"W8-2","3516.6144","609.998845714286","FIB2","FIB2","Slide-tags (SCP2601)",6693,2944,"Fibroblast2",0.962846354083699,0,0,0,0,0,0,0,0,0,0,0,0,0,0,0.037153645916301,0,0.962846354083699,"12.5460370698146","-5.51512375544232",8,3516.6144,609.998845714286,"FIB2","LogNormalize","FIB2","author","FIB2","author",0.117687105855071,-0.247887908123185,-0.54482451030271,-0.116595284962928,0.646694409541761,-0.153912519775294,NA,NA,0.646694409541761,"Fibroblast","N8",-0.0649237523746507,-0.0914055208018722,-0.113587806937044,-0.303760388175755,-1.99987612656435,1760.72981091737,2966.67092634481,"bbox_scaled_and_y_flipped"
"W8-2_TACAATGTCACCTGTC","W8-2",8815,3796,"W8-2","4033.60497485493","3902.50629400387","vCTB","vCTB","Slide-tags (SCP2601)",6753,3763,"vCTBp",0,0.179146235043918,0,0,0,0,0.544506573277084,0.0922042859539601,0,0,0.184142905725038,0,0,0,0,0,0,0.544506573277084,"-5.47127879474837","5.1047125749715",8,4033.60497485493,3902.50629400387,"vCTB","LogNormalize","vCTB","author","vCTB","author",-0.0147623187302853,0.420911846086449,-0.565593145591213,-0.144523322626439,-0.804838144599948,-0.211300800746192,NA,NA,0.420911846086449,"vCTB","N5",-0.250402373690549,-0.0935376933986149,-0.115853031202689,-0.120248107892641,-1.96365861572685,2040.7184159718,1027.43880778309,"bbox_scaled_and_y_flipped"
"W8-2_TACAATGTCATGGTTA","W8-2",3085,1622,"W8-2","5236.88774117647","3328.35856470588","Endothelial","Endothelial","Slide-tags (SCP2601)",5358,1601,"Endothelial_cells",0,0,0,0,1,0,0,0,0,0,0,0,0,0,0,0,0,1,"10.282137266653","4.46899565984089",8,5236.88774117647,3328.35856470588,"Endothelial","LogNormalize","Endothelial","author","Endothelial","author",-0.042363581984622,-0.1765342730153,-0.268454907098273,0.760052412955138,-0.556580794374221,-0.11383082020181,NA,NA,0.760052412955138,"Endothelial","N5",-0.169315810142515,0.0186225539561874,0.0743204227166864,0.0407662506436224,-0.206356085287695,2692.38496390246,1365.60226980725,"bbox_scaled_and_y_flipped"
"W8-2_TACCAAATCTGGTCCT","W8-2",7153,2801,"W8-2","2281.58672072072","1828.81178378378","vCTB","vCTB","Slide-tags (SCP2601)",6539,2781,"vCTB3",0,0,0,0,0,0,0,0.2614720501525,0,0,0.347993970479608,0,0,0.390533979367892,0,0,0,0.390533979367892,"-8.87569392536361","5.30255421925861",8,2281.58672072072,1828.81178378378,"vCTB","LogNormalize","vCTB","author","vCTB","author",-0.13459969208794,-0.120261707912213,-0.676745790909227,-0.070966648829541,-0.732899303396927,-0.145416916980735,NA,NA,-0.070966648829541,"Endothelial","N5",-0.271588541075955,-0.0695899859723992,-0.108427839241227,-0.15754220392831,-2.03683836644649,1091.87104647656,2248.81037989388,"bbox_scaled_and_y_flipped"
"W8-2_TACCAAATCTTGACCC","W8-2",9379,2762,"W8-2","2516.26796969697","1366.22397878788","STB","STB","Slide-tags (SCP2601)",6622,2739,"STB",0,0,0,0,0,1,0,0,0,0,0,0,0,0,0,0,0,1,"3.7103222527675","2.63487729359943",8,2516.26796969697,1366.22397878788,"STB","LogNormalize","STB","author","STB","author",-0.267156622234822,0.0600277104066557,1.05125061170804,0.0652305189908805,-0.755801077924736,-0.143997007741345,NA,NA,1.05125061170804,"STB","N8",-0.133018700931544,-0.0555834855320684,-0.089171383241061,-0.0152335298548391,-0.314915988962339,1218.96828717912,2521.26690222279,"bbox_scaled_and_y_flipped"
"W8-2_TACCTGCTCAATGACC","W8-2",452,338,"W8-2","3942.93759375","902.53230625","STB","STB","Slide-tags (SCP2601)",4576,1980,"STB",0,0.257732832893436,0,0.0579622245640516,0,0.684304942542513,0,0,0,0,0,0,0,0,0,0,0,0.684304942542513,"3.8073555150203","0.433593183053319",8,3942.93759375,902.53230625,"STB","LogNormalize","STB","author","STB","author",-0.0699296403499937,-0.0639918547980633,1.11087532728,-0.00723943219890123,-0.286617316199332,-0.0331116940839716,NA,NA,1.11087532728,"STB","N3",-0.0687139461739305,-0.00763462514715127,-0.0257739705768436,0.172088117418594,1.43447071220128,1991.6153282286,2794.37358417188,"bbox_scaled_and_y_flipped"
"W8-2_TACGTTAAGGTCAAAG","W8-2",3980,2183,"W8-2","1618.58928246445","2665.9081042654","STB-progenitor","STB-progenitor","Slide-tags (SCP2601)",5345,2170,"STB",0,0.0828526296485956,0,0,0,0.664069849771004,0,0.0407863356464652,0,0,0.188566157357243,0,0,0.0237250275766919,0,0,0,0.664069849771004,"2.28028570796769","2.68197426129657",8,1618.58928246445,2665.9081042654,"STB-progenitor","LogNormalize","STB-progenitor","author","STB-progenitor","author",-0.256051637595146,0.222668108909771,0.967935928091526,-0.0336071360271489,-0.756933583063342,-0.0949631550549584,NA,NA,0.967935928091526,"STB","N3",-0.160191366084976,0.032060687243013,-0.0503528841029445,-0.390021812990477,-1.81010065543076,732.808934088693,1755.77457162225,"bbox_scaled_and_y_flipped"
"W8-2_TACGTTAAGTTAGTGC","W8-2",6347,2570,"W8-2","1378.78273913043","1273.55210559006","FIB2","FIB2","Slide-tags (SCP2601)",6229,2533,"Fibroblast2",1,0,0,0,0,0,0,0,0,0,0,0,0,0,0,0,0,1,"10.6982701935939","-3.7187942571513",8,1378.78273913043,1273.55210559006,"FIB2","LogNormalize","FIB2","author","FIB2","author",0.191865216011941,-0.282223856743296,-0.540958662280168,-0.0751675408329346,1.23534860334288,-0.134819592016324,NA,NA,1.23534860334288,"Fibroblast","N8",-0.0126162830505871,0.00381450645959331,0.0401026991173783,-0.315461012747547,-1.45308765058975,602.935967700753,2575.8490940067,"bbox_scaled_and_y_flipped"
"W8-2_TACTAAGTCTAGCTTT","W8-2",13100,4273,"W8-2","3028.62575903614","4712.3945060241","vCTB","vCTB","Slide-tags (SCP2601)",6495,3316,"vCTB1",0,0,0,0,0,0,0,0.0554897757051341,0,0,0.819385038387905,0,0,0.125125185906961,0,0,0,0.819385038387905,"-8.80045855854232","5.93572577763874",8,3028.62575903614,4712.3945060241,"vCTB","LogNormalize","vCTB","author","vCTB","author",-0.136360229679474,-0.127660045935556,-0.652916500640816,-0.122196474300786,-0.767166134657456,-0.179095782205936,NA,NA,-0.122196474300786,"Endothelial","N5",-0.204575090241536,0.0193388908403523,-0.112835967708438,-0.187290021813572,-0.618477036633386,1496.44789648554,550.428122808018,"bbox_scaled_and_y_flipped"
"W8-2_TACTGACAGCACAGAA","W8-2",22093,5697,"W8-2","4823.83304761905","5114.73688888889","vCTB","vCTB","Slide-tags (SCP2601)",6237,3155,"vCTBp",0,0.216946886757803,0,0.0302373274217196,0,0,0.460967925850567,0.0102934505734545,0,0,0.281554409396456,0,0,0,0,0,0,0.460967925850567,"-5.17999661777694","5.11012515355426",8,4823.83304761905,5114.73688888889,"vCTB","LogNormalize","vCTB","author","vCTB","author",-0.0744394002112852,0.0482774986084098,-0.728478936598451,-0.0682395241488359,-0.818848505429034,-0.154357258365226,NA,NA,0.0482774986084098,"vCTB","N7",-0.219786151215126,-0.00922806630216327,-0.101097513386234,0.00054065044822732,-0.0223788094043036,2468.68532006896,313.455151975294,"bbox_scaled_and_y_flipped"
"W8-2_TACTGACAGTCACTAA","W8-2",14285,3483,"W8-2","4900.1031","494.70932","STB","STB","Slide-tags (SCP2601)",6311,2367,"STB",0,0.0587764491271755,0,0,0,0.941223550872824,0,0,0,0,0,0,0,0,0,0,0,0.941223550872824,"3.78909455920976","3.04937276173908",8,4900.1031,494.70932,"STB","LogNormalize","STB","author","STB","author",-0.217046151180094,-0.226289304829242,1.90078095939078,-0.0448095147028651,-0.655479644002834,-0.089659559675571,NA,NA,1.90078095939078,"STB","N5",-0.0197651913564396,0.136473461452102,0.302218266226874,-0.11800900270833,-0.152202375872381,2509.99119025733,3034.57453923262,"bbox_scaled_and_y_flipped"
"W8-2_TACTGAGGTAAGGTCC","W8-2",3002,1692,"W8-2","1369.78474056604","4447.37280188679","FIB2","FIB2","Slide-tags (SCP2601)",5465,1679,"Fibroblast2",0.977056726856682,0,0,0,0,0,0,0,0,0,0,0,0,0,0,0.022943273143318,0,0.977056726856682,"10.6858581223659","-4.36335936258953",8,1369.78474056604,4447.37280188679,"FIB2","LogNormalize","FIB2","author","FIB2","author",0.450443821432652,-0.232112658020987,0.188742020795589,-0.0567531057833239,1.17949722108807,-0.0973234897562983,NA,NA,1.17949722108807,"Fibroblast","N3",0.0010732995216339,-0.050739655765146,-0.0921272531390893,-0.283350487274762,-1.08876081313756,598.062886470921,706.521498100462,"bbox_scaled_and_y_flipped"
"W8-2_TACTGAGGTGTAACCA","W8-2",3571,1657,"W8-2","4637.4945483871","5346.39519354839","EVT-progenitor","EVT-progenitor","Slide-tags (SCP2601)",5382,1644,"EVT2",0,0.022220999667504,0.709695341789944,0.257233327856227,0,0,0,0,0.0108503306863255,0,0,0,0,0,0,0,0,0.709695341789944,"-2.94323957775313","3.33140048314411",8,4637.4945483871,5346.39519354839,"EVT-progenitor","LogNormalize","EVT-progenitor","author","EVT-progenitor","author",1.33162318751517,0.792079741267838,-0.239365096538104,-0.0438600124215606,-0.498527930476391,-0.123929278931167,NA,NA,1.33162318751517,"EVT","N7",0.518342593761055,0.153723307129008,-0.0478407064920146,-0.120461098014075,5.31238608154085,2367.76925117828,177.012263999251,"bbox_scaled_and_y_flipped"
"W8-2_TACTTCGTCCGGCTAA","W8-2",5385,1859,"W8-2","1076.62228788927","4194.32715224913","STB","STB","Slide-tags (SCP2601)",5705,1852,"STB",0,0,0,0,0,1,0,0,0,0,0,0,0,0,0,0,0,1,"-0.00366150651652201","2.28450664807636",8,1076.62228788927,4194.32715224913,"STB","LogNormalize","STB","author","STB","author",0.0367088095095235,1.08841502422164,2.3694565985496,0.0891431383525732,0.0486829184486513,-0.115893718024093,NA,NA,2.3694565985496,"STB","N3",0.196496642423974,0.00484082152776503,-0.060763642844722,-0.194921666139992,1.11224058289246,439.293751845332,855.561176505619,"bbox_scaled_and_y_flipped"
"W8-2_TACTTGTTCATGCATA","W8-2",2345,1280,"W8-2","2943.44370666667","2669.95650666667","STB","STB","Slide-tags (SCP2601)",5025,1296,"STB",0,0.0389339299640206,0,0,0,0.961066070035979,0,0,0,0,0,0,0,0,0,0,0,0.961066070035979,"4.44465719844621","2.6915262632497",8,2943.44370666667,2669.95650666667,"STB","LogNormalize","STB","author","STB","author",-0.167058864768926,-0.193946907522991,1.85997868009393,-0.0330533359482126,-0.559267557215083,-0.0675748204284386,NA,NA,1.85997868009393,"STB","N3",-0.0656477063356476,-0.0221438504683477,0.184720786578515,-0.248718273099105,-2.59609913937895,1450.31551965199,1753.39012995015,"bbox_scaled_and_y_flipped"
"W8-2_TACTTGTTCCCTGTTA","W8-2",4154,1528,"W8-2","2177.43381395349","2780.37986046512","Hofbauer cells","Hofbauer cells","Slide-tags (SCP2601)",5443,1516,"myeloid_unknown",0,0,0,0,0,0,0,0,0,0,0,0,0.431619266052405,0,0,0,0.568380733947595,0.568380733947595,"-1.61943353031356","12.9199257784017",8,2177.43381395349,2780.37986046512,"Hofbauer cells","LogNormalize","Hofbauer cells","author","Hofbauer cells","author",-0.048128849790658,-0.195409718987441,-0.507558560476739,-0.039659120418167,-0.274168192286541,0.0490022740918043,NA,NA,0.0490022740918043,"Macrophage","N3",-0.187597296447827,-0.0364595536048654,0.104721463982875,-0.138227765137169,-2.31930298464198,1035.46454992428,1688.35261137552,"bbox_scaled_and_y_flipped"
"W8-2_TACTTGTTCCTAATGA","W8-2",3729,1455,"W8-2","1214.6914212766","4056.16268085106","FIB2","FIB2","Slide-tags (SCP2601)",5353,1439,"Fibroblast2",1,0,0,0,0,0,0,0,0,0,0,0,0,0,0,0,0,1,"11.893857351797","-6.64943161677044",8,1214.6914212766,4056.16268085106,"FIB2","LogNormalize","FIB2","author","FIB2","author",-0.130484868843234,-0.207013754044792,-0.390769953626906,-0.0334767551763659,0.44372764214032,-0.0761821056820596,NA,NA,0.44372764214032,"Fibroblast","N3",-0.0211329704702478,-0.0402009396670021,-0.0719971850400552,0.096763999279215,1.10213861938129,514.068391729318,936.937751892997,"bbox_scaled_and_y_flipped"
"W8-2_TACTTGTTCTTTGTAC","W8-2",19494,3636,"W8-2","978.825853333333","4334.2144","STB","STB","Slide-tags (SCP2601)",6265,2117,"STB",0,0,0,0,0,1,0,0,0,0,0,0,0,0,0,0,0,1,"4.13687836314958","3.18730935384113",8,978.825853333333,4334.2144,"STB","LogNormalize","STB","author","STB","author",-0.23175201420232,-0.273147478848162,1.463318451085,-0.0234618243085327,-0.697759275164579,-0.0791669082992184,NA,NA,1.463318451085,"STB","N3",-0.106290796842682,-0.0396533335550756,0.475390434285046,-0.183432352657798,-4.47029353309718,386.329754777693,773.169914503582,"bbox_scaled_and_y_flipped"
"W8-2_TAGAGCCGTAAAGCGG","W8-2",7435,2985,"W8-2","5050.16187044534","3276.76193522267","Hofbauer cells","Hofbauer cells","Slide-tags (SCP2601)",6596,2949,"Hofbauer cells",0,0,0,0,0,0,0,0,0,0,0,0,0.559860783085326,0,0,0,0.440139216914674,0.559860783085326,"-1.14314473484237","15.1147061281331",8,5050.16187044534,3276.76193522267,"Hofbauer cells","LogNormalize","Hofbauer cells","author","Hofbauer cells","author",-0.246398129598852,-0.279643544729746,-0.26644318031502,0.0520784819393186,-0.681588920823646,-0.168313644511547,NA,NA,0.0520784819393186,"Endothelial","N2",0.0106559087169867,0.0961850278261617,-0.104574543295652,0.265378711394578,4.32905105003581,2591.25910471585,1395.99182630024,"bbox_scaled_and_y_flipped"
"W8-2_TAGAGCCGTGGTTATG","W8-2",1657,809,"W8-2","1072.21329333333","4415.1568","STB","STB","Slide-tags (SCP2601)",4783,1104,"STB",0,0,0,0,0,1,0,0,0,0,0,0,0,0,0,0,0,1,"2.13029348041337","3.28333076764423",8,1072.21329333333,4415.1568,"STB","LogNormalize","STB","author","STB","author",-0.137525750804987,0.484754520376616,2.26363458663793,-0.014716809924381,-0.323937275541854,-0.0486800504891889,NA,NA,2.26363458663793,"STB","N8",0.0877797563242209,-0.0201836610784592,0.386880358754727,-0.0303044605387636,-1.623916054212,436.905955441584,725.496187321883,"bbox_scaled_and_y_flipped"
"W8-2_TAGCTAATCAAGTGAG","W8-2",1271,776,"W8-2","579.040866666667","2447.34933333333","STB","STB","Slide-tags (SCP2601)",4769,1306,"STB",0,0.154890079751603,0,0,0,0.845109920248398,0,0,0,0,0,0,0,0,0,0,0,0.845109920248398,"4.49039875652116","2.00790104199726",8,579.040866666667,2447.34933333333,"STB","LogNormalize","STB","author","STB","author",-0.1591144998644,-0.205275671275607,1.3267647802125,-0.0134217974407024,-0.328563987612854,-0.0586970792554937,NA,NA,1.3267647802125,"STB","N3",-0.167473431916461,-0.0165162782108636,0.355910965144185,-0.176494178198969,-3.72787463386175,169.816637938161,1884.50205213411,"bbox_scaled_and_y_flipped"
"W8-2_TAGCTAGGTTGCACGG","W8-2",1183,713,"W8-2","822.63335","2941.744875","EVT","EVT","Slide-tags (SCP2601)",4537,1362,"EVT3",0,0.0225462222611272,0,0.975610305544661,0,0.00184347219421159,0,0,0,0,0,0,0,0,0,0,0,0.975610305544661,"-2.20037449215133","4.23306283284504",8,822.63335,2941.744875,"EVT","LogNormalize","EVT","author","EVT3","author_refined_to_predicted",0.382283205216522,0.100968954230309,0.104482930751529,-0.0262306041148998,-0.324190909925937,-0.0505282660389758,NA,NA,0.382283205216522,"EVT","N8",0.125648134224283,-0.0273511798650489,-0.0409256282208235,0.0303206702840411,1.5180548853536,301.739970639887,1593.31130200482,"bbox_scaled_and_y_flipped"
"W8-2_TAGCTTAAGAAGCTAG","W8-2",7243,2889,"W8-2","5119.75259722222","3864.96979166667","Hofbauer cells","Hofbauer cells","Slide-tags (SCP2601)",6579,2847,"myeloid_unknown",0,0,0,0,0,0,0,0,0,0,0,0,0.451671235712683,0,0,0,0.548328764287317,0.548328764287317,"-0.762866862756794","12.9623251848348",8,5119.75259722222,3864.96979166667,"Hofbauer cells","LogNormalize","Hofbauer cells","author","Hofbauer cells","author",-0.248219218567428,-0.305982642004557,-0.548640624173,0.0618487484180085,-0.605810977215773,0.0858569550414699,NA,NA,0.0858569550414699,"Macrophage","N8",0.0341808316587464,-0.00592810435848172,0.0564937566788056,0.134976454499289,1.31058160029764,2628.94762644654,1049.54718326713,"bbox_scaled_and_y_flipped"
"W8-2_TAGGAGGGTGGTTAGC","W8-2",17425,4230,"W8-2","3489.80062798635","3907.65229579067","STB","STB","Slide-tags (SCP2601)",5855,1962,"STB",0,0.0130003195748253,0,0,0,0.986999680425175,0,0,0,0,0,0,0,0,0,0,0,0.986999680425175,"1.13240276958268","3.03825792599994",8,3489.80062798635,3907.65229579067,"STB","LogNormalize","STB","author","STB","author",0.0150759897513378,0.497893824205991,3.13754699350482,0.185296200275952,-0.546521222121636,-0.094533627589339,NA,NA,3.13754699350482,"STB","N5",0.127601243353153,0.171796254268002,-0.0538321710391225,-0.167054718708097,3.07423386538036,1746.20817166997,1024.40789833069,"bbox_scaled_and_y_flipped"
"W8-2_TAGGCTGTCCGCAAGC","W8-2",7604,2167,"W8-2","2334.55216666667","1346.29641666667","STB","STB","Slide-tags (SCP2601)",6477,2152,"STB",0,0.015847358968799,0,0,0,0.984152641031201,0,0,0,0,0,0,0,0,0,0,0,0.984152641031201,"4.41726147319596","3.36406645108539",8,2334.55216666667,1346.29641666667,"STB","LogNormalize","STB","author","STB","author",-0.234307091325593,-0.272171255446485,2.1652681755782,-0.036883621749235,-0.663096566364052,-0.107813905499829,NA,NA,2.1652681755782,"STB","N5",-0.134749125896296,0.123219416327401,0.0747285614314394,-0.119594072826428,0.414869229818266,1120.55574992721,2533.00390483159,"bbox_scaled_and_y_flipped"
"W8-2_TAGGCTGTCTAATCCT","W8-2",7113,2791,"W8-2","1441.54675873016","2868.68795238095","Hofbauer cells","Hofbauer cells","Slide-tags (SCP2601)",6524,2747,"myeloid_unknown",0,0,0,0,0,0,0,0,0,0,0,0,0.448493958658985,0,0,0,0.551506041341015,0.551506041341015,"-0.838317938787526","14.8067341737874",8,1441.54675873016,2868.68795238095,"Hofbauer cells","LogNormalize","Hofbauer cells","author","Hofbauer cells","author",-0.247236161881825,-0.274363505259446,-0.622221726281051,-0.0783871156924618,-0.530523155539774,0.205125591137339,NA,NA,0.205125591137339,"Macrophage","N5",0.0428396523370915,0.189315298890559,0.04009153338992,0.222004542840205,4.59700907305275,636.927322959537,1636.34061417835,"bbox_scaled_and_y_flipped"
"W8-2_TAGTACGGTTAGCTGA","W8-2",1032,681,"W8-2","3491.90128301887","519.004794339623","STB","STB","Slide-tags (SCP2601)",4658,1480,"STB",0,0.0536440755088617,0,0,0,0.946355924491138,0,0,0,0,0,0,0,0,0,0,0,0.946355924491138,"4.49181353236955","1.92113622952778",8,3491.90128301887,519.004794339623,"STB","LogNormalize","STB","author","STB","author",-0.186983401467705,-0.194656933753756,1.50074894318212,-0.0154032706791099,-0.105389387112348,-0.0608322332843894,NA,NA,1.50074894318212,"STB","N8",-0.162471506901778,-0.0201826238418969,0.379445800897456,-0.205280308782308,-4.0685805149507,1747.34583162136,3020.26490898423,"bbox_scaled_and_y_flipped"
"W8-2_TAGTTGTCAAGCTAAA","W8-2",10188,3783,"W8-2","3589.75815384615","644.041096153846","vCTB","vCTB","Slide-tags (SCP2601)",6874,3704,"vCTB1",0,0,0,0,0,0,0.207412369696247,0,0,0,0.780876470994004,0,0,0.0117111593097491,0,0,0,0.780876470994004,"-6.97416747425277","6.44203910161335",8,3589.75815384615,644.041096153846,"vCTB","LogNormalize","vCTB","author","vCTB","author",-0.301844166759929,-0.0298105480943838,-0.59131044047417,-0.0975472021843701,-0.833031386720053,-0.189022703629147,NA,NA,-0.0298105480943838,"vCTB","N8",-0.310280911943065,0.106385783140416,-0.125450602701491,-0.119208738467218,0.430367832243366,1800.34255939654,2946.62060710413,"bbox_scaled_and_y_flipped"
"W8-2_TAGTTTGAGCGAGCGA","W8-2",3558,2035,"W8-2","574.996410526316","3868.24694736842","EVT-progenitor","EVT-progenitor","Slide-tags (SCP2601)",5279,2018,"EVT2",0,0.0727528141492013,0.707177846394996,0.155161575461965,0,0,0.0612728363036419,0,0,0,0.00363492769019591,0,0,0,0,0,0,0.707177846394996,"-4.08020914409835","2.42263206769306",8,574.996410526316,3868.24694736842,"EVT-progenitor","LogNormalize","EVT-progenitor","author","EVT-progenitor","author",-0.226833690814388,0.323769223452667,-0.320527528761139,-0.059501228627249,-0.594014143781823,-0.10195822098509,NA,NA,0.323769223452667,"vCTB","N3",0.114337926254612,0.0695042568789935,-0.0859960030173579,0.114450745540115,3.53629401012848,167.626266028077,1047.61699307191,"bbox_scaled_and_y_flipped"
"W8-2_TATAGGTGTCGACTCC","W8-2",5833,2510,"W8-2","2390.16194444444","1282.51253148148","FIB2","FIB2","Slide-tags (SCP2601)",5831,2482,"Fibroblast2",1,0,0,0,0,0,0,0,0,0,0,0,0,0,0,0,0,1,"12.284448973196","-4.8458751745097",8,2390.16194444444,1282.51253148148,"FIB2","LogNormalize","FIB2","author","FIB2","author",-0.107835234296376,-0.251859266164647,-0.291641706348812,-0.0611645674882892,0.664629225929315,-0.146201790238449,NA,NA,0.664629225929315,"Fibroblast","N8",-0.162960647991028,-0.000529500028103397,-0.104860256642069,-0.149667477466454,-0.467534050916161,1150.67255449711,2570.57155220685,"bbox_scaled_and_y_flipped"
"W8-2_TATCCAGCACCGTTCC","W8-2",9184,3449,"W8-2","1722.94804195804","1128.65330629371","FIB2","FIB2","Slide-tags (SCP2601)",6743,3409,"Fibroblast2",1,0,0,0,0,0,0,0,0,0,0,0,0,0,0,0,0,1,"12.0749257722072","-6.3844927854411",8,1722.94804195804,1128.65330629371,"FIB2","LogNormalize","FIB2","author","FIB2","author",0.229506137416083,-0.297363447787919,-0.455957943054061,-0.090914041889409,0.95940883788083,0.0258190577648859,NA,NA,0.95940883788083,"Fibroblast","N8",0.0162972841957337,-0.0261096909638164,0.0253471813009226,0.185857342155264,1.44008244907703,789.326915106083,2661.19207650548,"bbox_scaled_and_y_flipped"
"W8-2_TATCCAGCAGCTTACA","W8-2",884,609,"W8-2","5151.88663157895","4779.78642105263","EVT-progenitor","EVT-progenitor","Slide-tags (SCP2601)",4264,1668,"EVT2",0,0,0.999999999999999,0,0,0,0,0,0,0,0,0,0,0,0,0,0,0.999999999999999,"-3.06643260334212","1.7467966966756",8,5151.88663157895,4779.78642105263,"EVT-progenitor","LogNormalize","EVT-progenitor","author","EVT-progenitor","author",1.04022452699201,1.35659751267778,0.183771145797605,-0.0393091711782378,-0.154071340209732,-0.0510776782169653,NA,NA,1.35659751267778,"vCTB","N7",0.188122143615223,0.0372173425930927,-0.0510728506529541,-0.197726897520351,1.41973360920195,2646.3505809527,510.735405871994,"bbox_scaled_and_y_flipped"
"W8-2_TATCGCACAACGTGCT","W8-2",2375,1386,"W8-2","4868.69284507042","1967.81678873239","STB","STB","Slide-tags (SCP2601)",4997,1400,"STB",0,0.15498175088963,0,0,0,0.84501824911037,0,0,0,0,0,0,0,0,0,0,0,0.84501824911037,"4.40430246974748","3.05420479108173",8,4868.69284507042,1967.81678873239,"STB","LogNormalize","STB","author","STB","author",-0.194335489206301,-0.199967595828699,1.16683668171983,-0.0340853069053157,-0.60644551924224,-0.0622343138946301,NA,NA,1.16683668171983,"STB","N8",-0.169232377540615,-0.0278890224766547,0.148779108164916,-0.270081758717718,-3.17162927636023,2492.98021580271,2166.9387442269,"bbox_scaled_and_y_flipped"
"W8-2_TATCGCACACCTGGTG","W8-2",4306,1796,"W8-2","4432.50856818182","1213.45295227273","vCTB","vCTB","Slide-tags (SCP2601)",5448,1784,"vCTB1",0,0,0,0,0,0,0.407717865153447,0,0.0150396294929145,0,0.577242505353639,0,0,0,0,0,0,0.577242505353639,"-7.05352128360946","4.97496136952716",8,4432.50856818182,1213.45295227273,"vCTB","LogNormalize","vCTB","author","vCTB","author",-0.0602168877179875,0.0764365373618512,-0.49617715511806,-0.0577097887404356,-0.54731284615284,-0.0965778452255009,NA,NA,0.0764365373618512,"vCTB","N5",-0.196989492816744,-0.0462669971111316,0.25158270989723,-0.0547116820685761,-2.90933856353171,2256.75419317747,2611.24649560464,"bbox_scaled_and_y_flipped"
"W8-2_TATGACATCCTTTACG","W8-2",6184,2241,"W8-2","1888.76","2041.588","STB","STB","Slide-tags (SCP2601)",6144,2225,"STB",0,0,0,0,0,1,0,0,0,0,0,0,0,0,0,0,0,1,"4.20700728084367","3.77850541402179",8,1888.76,2041.588,"STB","LogNormalize","STB","author","STB","author",-0.231672772615971,-0.245126584347546,1.8200935792229,-0.0349021485108275,-0.710629099375925,-0.110021213328529,NA,NA,1.8200935792229,"STB","N8",-0.10819766904859,-0.0482632492639157,0.172928247529136,-0.243096817842076,-3.08114080992594,879.126344905241,2123.48872792104,"bbox_scaled_and_y_flipped"
"W8-2_TATGGATGTGCAATAT","W8-2",11129,3562,"W8-2","3839.54895121951","5395.62763414634","EVT","EVT","Slide-tags (SCP2601)",6888,3271,"EVT3",0,0.0180842918140528,0.274490434972076,0.707425273213871,0,0,0,0,0,0,0,0,0,0,0,0,0,0.707425273213871,"-3.34891522739608","4.24796685506183",8,3839.54895121951,5395.62763414634,"EVT","LogNormalize","EVT","author","EVT","author",0.0721326147345251,0.316459751060706,-0.668591124722079,-0.106186931717736,-0.715410535902693,-0.178868551152438,NA,NA,0.316459751060706,"vCTB","N5",-0.0887901215698303,-0.0336290025196397,0.0198109125571418,-0.18354156729185,-1.46409208094313,1935.62273724432,148.015175433112,"bbox_scaled_and_y_flipped"
"W8-2_TATGGCCCATAGCTGC","W8-2",8912,2541,"W8-2","1129.82872941176","2866.2355","STB","STB","Slide-tags (SCP2601)",6510,2526,"STB",0,0.11985359402546,0,0,0,0.88014640597454,0,0,0,0,0,0,0,0,0,0,0,0.88014640597454,"3.60950647975724","2.26159891415912",8,1129.82872941176,2866.2355,"STB","LogNormalize","STB","author","STB","author",-0.229699915382761,-0.130134583998045,1.21684786278729,-0.0525248379549235,-0.671686366786572,-0.1082860488145,NA,NA,1.21684786278729,"STB","N8",-0.0756117621648421,0.0211813245738605,0.260313009425882,0.0715972255230552,-0.603439936982061,468.108972211723,1637.78506783596,"bbox_scaled_and_y_flipped"
"W8-2_TATTAGGTCATTGCAA","W8-2",2924,984,"W8-2","4440.50826254826","1590.03752123552","STB","STB","Slide-tags (SCP2601)",5367,979,"STB",0,0,0,0,0,1,0,0,0,0,0,0,0,0,0,0,0,1,"0.00254250999014989","2.19698914815265",8,4440.50826254826,1590.03752123552,"STB","LogNormalize","STB","author","STB","author",-0.146506005831049,0.556391925198476,3.19886643230673,0.179667635113087,-0.0635836349913634,-0.0699020354768406,NA,NA,3.19886643230673,"STB","N3",0.344842599313038,0.135371909371314,-0.0489143048463004,-0.164932412874389,3.81237190804952,2261.08661890332,2389.44444869758,"bbox_scaled_and_y_flipped"
"W8-2_TATTAGGTCGGTTACG","W8-2",774,544,"W8-2","2068.56514792899","2007.10346745562","STB","STB","Slide-tags (SCP2601)",4669,1636,"STB",0,0.124216059781438,0,0,0,0.860284949029275,0,0.015498991189287,0,0,0,0,0,0,0,0,0,0.860284949029275,"4.42772709514421","1.91566070844013",8,2068.56514792899,2007.10346745562,"STB","LogNormalize","STB","author","STB","author",-0.0556340315594009,-0.213901119826818,1.21494436155587,-0.0150600403017455,-0.215402842281093,-0.0334807770713902,NA,NA,1.21494436155587,"STB","N8",-0.0495237133653209,-0.0118673183328021,-0.0237077041038816,-0.255236260152498,-1.11304614819244,976.504121210678,2143.79954396441,"bbox_scaled_and_y_flipped"
"W8-2_TCAAACCAGTCATCCC","W8-2",13942,4522,"W8-2","1637.85380465116","3452.05184186046","vCTB","vCTB","Slide-tags (SCP2601)",6458,3249,"vCTBp",0,0,0,0,0,0,0.553943941277947,0,0.0224023540875754,0,0.423653704634478,0,0,0,0,0,0,0.553943941277947,"-6.23310912464339","5.66949900914508",8,1637.85380465116,3452.05184186046,"vCTB","LogNormalize","vCTB","author","vCTB","author",-0.106701254599599,0.027113316191148,-0.344940087205913,-0.103837132101967,-0.701010741822499,-0.159678392674988,NA,NA,0.027113316191148,"vCTB","N8",-0.263049549255849,-0.0830843260432304,-0.110094875700135,-0.205624034389277,-2.44911067570469,743.242096618997,1292.74898711144,"bbox_scaled_and_y_flipped"
"W8-2_TCAAGAACAAACTGCC","W8-2",15807,4841,"W8-2","5208.66613636364","4741.10943181818","EVT","EVT","Slide-tags (SCP2601)",6255,3065,"EVT3",0,0,0.294842867102837,0.705157132897163,0,0,0,0,0,0,0,0,0,0,0,0,0,0.705157132897163,"-3.97198451374251","5.00713118840534",8,5208.66613636364,4741.10943181818,"EVT","LogNormalize","EVT","author","EVT","author",-0.126465567263277,-0.00208460764538526,-0.512155632846154,-0.0856332667539279,-0.721622835781926,-0.133137209078054,NA,NA,-0.00208460764538526,"vCTB","N7",-0.144132978455227,0.0690557475755284,-0.105831760614497,-0.105678380052399,0.842101043746634,2677.10087914683,533.515509167334,"bbox_scaled_and_y_flipped"
"W8-2_TCACGGATCGACAAAG","W8-2",3965,2409,"W8-2","2435.83894674556","5040.04440236686","Erythroblasts","Erythroblasts","Slide-tags (SCP2601)",5260,2384,"vCTBp",0,0,0,0,0,0,0.685968717180324,0.149485090018664,0,0,0.164546192801012,0,0,0,0,0,0,0.685968717180324,"-10.805150636179","1.7273248129018",8,2435.83894674556,5040.04440236686,"Erythroblasts","LogNormalize","Erythroblasts","author","Erythroblasts","author",-0.246169641250834,-0.111440517819981,-0.404391597000026,-0.0723167541640113,-0.481842635391723,-0.132397177068645,NA,NA,-0.0723167541640113,"Endothelial","N5",-0.17756632723755,0.00982207253854561,-0.0992720407915345,-0.3601396196169,-1.72208209799685,1175.41002705344,357.44778408126,"bbox_scaled_and_y_flipped"
"W8-2_TCACGGATCTCACATT","W8-2",781,490,"W8-2","4594.70286486486","1298.69485945946","vCTB","vCTB","Slide-tags (SCP2601)",4364,1666,"vCTB2",0,0,0,0,0,0,0.176227728871954,0.685233602611863,0,0,0.0419320768900976,0,0,0.096606591626085,0,0,0,0.685233602611863,"-8.90679992054183","2.66015729237873",8,4594.70286486486,1298.69485945946,"vCTB","LogNormalize","vCTB","author","vCTB","author",-0.0405346637131496,-0.181876576663719,0.307764542224791,-0.017041513540153,0.0933027362771021,-0.0445639128798871,NA,NA,0.307764542224791,"STB","N5",-0.204478617771844,-0.0184057313497078,-0.00957498348556409,-0.216966505090273,-1.94245558534542,2344.59439198344,2561.04043020915,"bbox_scaled_and_y_flipped"
"W8-2_TCAGGAGCACACCAAC","W8-2",13930,4362,"W8-2","5182.44763333333","3142.8398","vCTB","vCTB","Slide-tags (SCP2601)",6363,3128,"vCTB1",0,0,0,0,0,0,0,0.0487803690252478,0,0,0.831276388089131,0,0,0.119943242885621,0,0,0,0.831276388089131,"-8.74930728290755","6.65122470189411",8,5182.44763333333,3142.8398,"vCTB","LogNormalize","vCTB","author","vCTB","author",-0.282573085911249,-0.278791010043368,-0.580692231310625,-0.095458164270167,-0.836246619821847,-0.139777348033299,NA,NA,-0.095458164270167,"Endothelial","N5",-0.160732555276149,-0.00118838211190603,-0.09273005713952,-0.215837920198908,-0.939578536316584,2662.90162204794,1474.8697362485,"bbox_scaled_and_y_flipped"
"W8-2_TCAGGAGCAGCTTAAT","W8-2",13952,4203,"W8-2","4958.88096907216","1816.56210309278","vCTB","vCTB","Slide-tags (SCP2601)",6316,2935,"vCTB1",0,0,0,0,0,0,0,0.135476435500777,0,0,0.772972069516491,0,0,0.0915514949827323,0,0,0,0.772972069516491,"-7.87761796329696","5.42725047398883",8,4958.88096907216,1816.56210309278,"vCTB","LogNormalize","vCTB","author","vCTB","author",-0.265550552765756,-0.0600688025404611,-0.321280483403624,-0.0794737176871141,-0.790335109829952,-0.117775383559773,NA,NA,-0.0600688025404611,"vCTB","N4",-0.260911818450636,0.0678835215897413,-0.090582522642178,-0.189951532610494,-0.446358223536599,2541.82375040449,2256.02523805629,"bbox_scaled_and_y_flipped"
"W8-2_TCAGGTCCAGGCCTTG","W8-2",7516,2954,"W8-2","1461.55246666667","1809.68860784314","Hofbauer cells","Hofbauer cells","Slide-tags (SCP2601)",6619,2927,"myeloid_unknown",0,0,0,0,0,0,0,0,0,0,0,0,0.478284442932358,0,0,0,0.521715557067642,0.521715557067642,"-0.270445265514439","14.1289282732137",8,1461.55246666667,1809.68860784314,"Hofbauer cells","LogNormalize","Hofbauer cells","author","Hofbauer cells","author",-0.256732672795328,-0.322996622888677,-0.292607634360269,0.15903378129849,-0.705836901612027,-0.158775767930917,NA,NA,0.15903378129849,"Endothelial","N8",-0.158636374240564,0.220489974916644,-0.112058791232918,0.210818429819965,4.73740721723725,647.761892351525,2260.07361242271,"bbox_scaled_and_y_flipped"
"W8-2_TCAGTGAGTTGGCGTG","W8-2",11388,2742,"W8-2","3060.86566666667","4962.69140740741","STB","STB","Slide-tags (SCP2601)",6673,2406,"STB",0,0.0151950157322081,0,0,0,0.984804984267792,0,0,0,0,0,0,0,0,0,0,0,0.984804984267792,"4.42319475795549","4.27135667134601",8,3060.86566666667,4962.69140740741,"STB","LogNormalize","STB","author","STB","author",-0.222030797539414,-0.0376262997193606,1.37702181432809,0.171636457308671,-0.610251728629342,-0.135208047227789,NA,NA,1.37702181432809,"STB","N5",-0.11067175882618,0.0784016318801166,0.457490114267998,0.110125829430984,-1.02948656060962,1513.90818919414,403.007411401232,"bbox_scaled_and_y_flipped"
"W8-2_TCATGAGGTGTGCACG","W8-2",1394,823,"W8-2","4169.6995862069","828.562082758621","FIB2","FIB2","Slide-tags (SCP2601)",4575,1274,"Fibroblast2",0.991412390874903,0,0,0,0,0,0,0,0.00858760912509779,0,0,0,0,0,0,0,0,0.991412390874903,"12.2847503342799","-6.44242754648846",8,4169.6995862069,828.562082758621,"FIB2","LogNormalize","FIB2","author","FIB2","author",-0.154144513639357,-0.144113901597628,0.320477731826813,-0.00782060810284422,0.346699443628517,-0.0571330374346965,NA,NA,0.346699443628517,"Fibroblast","N3",-0.146339813775258,-0.0296430794541406,-0.0238850473591618,-0.2653898739164,-1.96456126658915,2114.42370624436,2837.94081536712,"bbox_scaled_and_y_flipped"
"W8-2_TCATGTTTCCGTAAAC","W8-2",8328,2124,"W8-2","1398.426252","1021.137432","STB","STB","Slide-tags (SCP2601)",6474,2103,"STB",0,0,0,0,0,1,0,0,0,0,0,0,0,0,0,0,0,1,"4.51714169170182","3.04984340001423",8,1398.426252,1021.137432,"STB","LogNormalize","STB","author","STB","author",-0.199020765010205,-0.117785736902847,2.04177295543782,0.105946706366148,-0.588763880823204,-0.0942775731303464,NA,NA,2.04177295543782,"STB","N8",-0.128361401273197,0.0503250097917829,0.338333168525496,0.0730268636581681,-0.991156639201467,613.574381695559,2724.51713801565,"bbox_scaled_and_y_flipped"
"W8-2_TCATGTTTCTTTAAGG","W8-2",14442,3050,"W8-2","2898.36816326531","4779.69675102041","STB-progenitor","STB-progenitor","Slide-tags (SCP2601)",6345,2052,"STB",0,0,0,0,0,1,0,0,0,0,0,0,0,0,0,0,0,1,"1.74540459300798","1.24139568139393",8,2898.36816326531,4779.69675102041,"STB-progenitor","LogNormalize","STB-progenitor","author","STB-progenitor","author",-0.182733020158631,0.290908978384836,0.43783279690626,-0.0310444868847983,-0.59148904800538,-0.0877172283700154,NA,NA,0.43783279690626,"STB","N5",-0.188433040496331,-0.0420340938174339,-0.0501444200983884,-0.177000343174792,-1.67260684255052,1425.90378154137,510.788220029376,"bbox_scaled_and_y_flipped"
"W8-2_TCATTGCGTGTGTGGT","W8-2",6461,1938,"W8-2","1874.14944","4341.51148","STB","STB","Slide-tags (SCP2601)",6260,1921,"STB",0,0.12195290434365,0,0,0,0.87804709565635,0,0,0,0,0,0,0,0,0,0,0,0.87804709565635,"4.28287588741105","3.32754430104572",8,1874.14944,4341.51148,"STB","LogNormalize","STB","author","STB","author",-0.239037221420142,-0.222685936493975,1.23166801968336,-0.0430659869910362,-0.59896922874012,-0.106576653257073,NA,NA,1.23166801968336,"STB","N3",-0.197909502221105,-0.0439712375845722,-0.0539612480813977,-0.312174642338397,-2.54762258716806,871.213646855355,768.872055765231,"bbox_scaled_and_y_flipped"
"W8-2_TCATTGTTCAACAAGG","W8-2",7812,3505,"W8-2","5291.61639583333","3079.42895833333","vCTB","vCTB","Slide-tags (SCP2601)",6739,3476,"vCTB2",0,0,0,0,0,0,0.149720574286354,0.459391034005246,0,0,0.118355108682281,0,0,0.272533283026119,0,0,0,0.459391034005246,"-8.53059161518294","5.01566228200275",8,5291.61639583333,3079.42895833333,"vCTB","LogNormalize","vCTB","author","vCTB","author",-0.301667549190419,-0.107324648526245,-0.445969764954133,-0.087426986465751,-0.775370634118275,-0.197421375637568,NA,NA,-0.087426986465751,"Endothelial","N5",-0.30723537545017,-0.0138831947253616,-0.132613245931224,-0.0497647076249981,-0.693803749956678,2722.02457518199,1512.21766719667,"bbox_scaled_and_y_flipped"
"W8-2_TCCACAACAAATTCGT","W8-2",9852,3150,"W8-2","2770.20697959184","474.40912244898","Hofbauer cells","Hofbauer cells","Slide-tags (SCP2601)",6791,3097,"myeloid_unknown",0,0,0,0,0,0,0,0,0,0,0,0,0.427019202644373,0,0,0,0.572980797355627,0.572980797355627,"-0.399447270376271","13.2714558534749",8,2770.20697959184,474.40912244898,"Hofbauer cells","LogNormalize","Hofbauer cells","author","Hofbauer cells","author",-0.263892482396852,-0.303380914237316,-0.52656231715694,0.0564030359309304,-0.590809494148766,-0.0501763795714666,NA,NA,0.0564030359309304,"Endothelial","N3",-0.0885445229864864,0.116059534132979,-0.0891939712542985,0.237228091794042,3.76133292695201,1356.49502868561,3046.53101791106,"bbox_scaled_and_y_flipped"
"W8-2_TCCAGGTCAATAGCCC","W8-2",9144,3182,"W8-2","1369.33315026455","1763.17479365079","FIB2","FIB2","Slide-tags (SCP2601)",6655,3149,"Fibroblast2",1,0,0,0,0,0,0,0,0,0,0,0,0,0,0,0,0,1,"10.6849521317653","-3.81279483507794",8,1369.33315026455,1763.17479365079,"FIB2","LogNormalize","FIB2","author","FIB2","author",0.15091134101937,-0.170182239334329,-0.402024231006315,-0.0865827690352324,0.883446711185571,-0.0375702741963273,NA,NA,0.883446711185571,"Fibroblast","N8",0.0850178036650029,-0.0716677751131106,-0.115962464768368,-0.00416174115036883,0.950389804243885,597.818316947375,2287.46947525833,"bbox_scaled_and_y_flipped"
"W8-2_TCCAGGTCACAATACT","W8-2",17417,5393,"W8-2","4898.55241777778","3966.55784888889","vCTB","vCTB","Slide-tags (SCP2601)",5896,2986,"vCTB1",0,0,0,0,0,0,0.139965248020108,0,0,0,0.860034751979892,0,0,0,0,0,0,0.860034751979892,"-6.25763619754989","6.39659079839069",8,4898.55241777778,3966.55784888889,"vCTB","LogNormalize","vCTB","author","vCTB1","author_refined_to_predicted",-0.287942617565744,-0.280725248699501,-0.717952006322008,-0.0724745108398011,-0.793968966892772,-0.146056044396236,NA,NA,-0.0724745108398011,"Endothelial","N5",-0.220592203703934,-0.0544145175518909,-0.0885893674222183,0.0317853444983445,-0.518977347766204,2509.15138122908,989.713507407122,"bbox_scaled_and_y_flipped"
"W8-2_TCCAGGTCATGCTTAG","W8-2",7331,2877,"W8-2","2410.03236129032","1554.61242709677","FIB2","FIB2","Slide-tags (SCP2601)",6602,2850,"Fibroblast2",0.911093351877719,0,0,0,0,0,0,0,0.0889066481222805,0,0,0,0,0,0,0,0,0.911093351877719,"12.053582541006","-7.10156336496991",8,2410.03236129032,1554.61242709677,"FIB2","LogNormalize","FIB2","author","FIB2","author",0.258563427356206,-0.284016526447459,-0.34271054953975,-0.0832260944623574,0.669391674579057,-0.170301684121533,NA,NA,0.669391674579057,"Fibroblast","N8",-0.199316616474076,-0.075863985319772,-0.104722270899095,0.129277418706073,0.00666894480149915,1161.43385376468,2410.30923987448,"bbox_scaled_and_y_flipped"
"W8-2_TCCATAAAGCATGCAT","W8-2",11440,3592,"W8-2","837.459734883721","4339.59874418605","FIB2","FIB2","Slide-tags (SCP2601)",6811,3142,"Fibroblast2",0.933000381245841,0,0,0,0,0,0,0,0,0,0,0,0,0,0,0.0669996187541586,0,0.933000381245841,"11.7001746812038","-3.95416823099774",8,837.459734883721,4339.59874418605,"FIB2","LogNormalize","FIB2","author","FIB2","author",-0.053300978072925,-0.159490098345835,-0.418562262167315,-0.0813248100747386,1.29396129716831,-0.159522748297511,NA,NA,1.29396129716831,"Fibroblast","N3",-0.0977527697413621,-0.0903224083029874,-0.118025410740028,-0.155943957516383,-1.25043518916539,309.769553815089,769.998625342671,"bbox_scaled_and_y_flipped"
"W8-2_TCCATATTCGTTCACC","W8-2",6605,2772,"W8-2","3271.87362666667","3399.79882666667","Hofbauer cells","Hofbauer cells","Slide-tags (SCP2601)",6403,2741,"myeloid_unknown",0,0,0,0,0,0,0,0,0,0,0,0,0.435037108312605,0,0,0,0.564962891687395,0.564962891687395,"-0.764228709680623","14.4894324236043",8,3271.87362666667,3399.79882666667,"Hofbauer cells","LogNormalize","Hofbauer cells","author","Hofbauer cells","author",-0.231161202058982,-0.302325910910781,-0.662242077199526,-0.0557762276770126,-0.591187083006216,-0.146778929580852,NA,NA,-0.0557762276770126,"Endothelial","N4",0.136756023544412,0.136689974385294,-0.110178776715935,0.401269651842845,6.44899753442966,1628.18459431498,1323.52514386945,"bbox_scaled_and_y_flipped"
"W8-2_TCCATCATCGATTATG","W8-2",22580,5578,"W8-2","4404.92269491525","5145.12289830508","vCTB","vCTB","Slide-tags (SCP2601)",6230,3197,"vCTB1",0,0.0154365192975443,0,0,0,0.00966997769175632,0.466980728669306,0.00893136347105545,0,0,0.498981410870339,0,0,0,0,0,0,0.498981410870339,"-5.68713391636092","5.42790374089557",8,4404.92269491525,5145.12289830508,"vCTB","LogNormalize","vCTB","author","vCTB","author",-0.334983871114221,-0.316250133666037,-0.780533498502216,-0.0709415528295439,-0.870646300272255,-0.165850157309713,NA,NA,-0.0709415528295439,"Endothelial","N5",-0.237304548802924,-0.0644547580749915,-0.10190844360245,-0.0305956563401831,-1.04382646136992,2241.81440403861,295.558297878454,"bbox_scaled_and_y_flipped"
"W8-2_TCCATCATCTCCATGC","W8-2",16862,4966,"W8-2","4531.39678571429","5040.94982142857","vCTB","vCTB","Slide-tags (SCP2601)",5908,2891,"vCTBp",0,0,0,0,0,0,0.63589293417261,0,0,0,0.351891073653199,0,0,0.0122159921741916,0,0,0,0.63589293417261,"-6.1475821814366","5.7055598192342",8,4531.39678571429,5040.94982142857,"vCTB","LogNormalize","vCTB","author","vCTB","author",-0.306989513473286,-0.326325206338048,-0.6407628158781,-0.054506311193331,-0.885303670966189,-0.132177319218816,NA,NA,-0.054506311193331,"Endothelial","N5",-0.266361505939677,-0.036470971362217,-0.0867882826724062,-0.0784849361711064,-1.22000558319433,2310.30947141636,356.914507314904,"bbox_scaled_and_y_flipped"
"W8-2_TCCGGAATCAATCTCT","W8-2",8111,2580,"W8-2","5412.20248","5603.3632","STB","STB","Slide-tags (SCP2601)",6588,2564,"STB",0,0,0,0,0,1,0,0,0,0,0,0,0,0,0,0,0,1,"3.79502975131791","2.71467026997883",8,5412.20248,5603.3632,"STB","LogNormalize","STB","author","STB","author",-0.254064750461358,-0.149910820490108,1.61706684399957,-0.0507562142430974,-0.714163007916909,-0.129599362300469,NA,NA,1.61706684399957,"STB","N7",-0.255401388481171,0.0154351153289912,0.147161761786003,0.214444471055998,-0.141325055664428,2787.33085180855,25.662382676247,"bbox_scaled_and_y_flipped"
"W8-2_TCCGGAATCACAGACT","W8-2",19628,3666,"W8-2","3581.20115","1568.49552","STB","STB","Slide-tags (SCP2601)",6253,2022,"STB",0,0.013441534289085,0,0,0,0.986558465710915,0,0,0,0,0,0,0,0,0,0,0,0.986558465710915,"4.16320692683976","4.22359237004596",8,3581.20115,1568.49552,"STB","LogNormalize","STB","author","STB","author",-0.230418505445236,-0.111132298810682,1.56572747811959,0.10290816617064,-0.689802641400407,-0.0952914882278965,NA,NA,1.56572747811959,"STB","N5",0.0626901098865418,0.0280809899695435,0.42091505596395,-0.329088179878407,-3.14326340429845,1795.70830939884,2402.13232908969,"bbox_scaled_and_y_flipped"
"W8-2_TCCGGAATCTAGCTAA","W8-2",7530,3006,"W8-2","2817.17501754386","4847.00277192982","Hofbauer cells","Hofbauer cells","Slide-tags (SCP2601)",6622,2972,"myeloid_unknown",0,0,0,0,0,0,0,0,0,0,0,0,0.493337609271778,0,0,0,0.506662390728222,0.506662390728222,"-0.592252590400761","15.2929030351766",8,2817.17501754386,4847.00277192982,"Hofbauer cells","LogNormalize","Hofbauer cells","author","Hofbauer cells","author",-0.271157069456348,-0.272982278656352,-0.60464822469982,-0.0686168492137719,-0.668457706189682,-0.166246967461545,NA,NA,-0.0686168492137719,"Endothelial","N5",0.0765299953670004,0.113262613021395,-0.105856605654494,0.230984890167546,4.73356052843929,1381.93169246236,471.146093300727,"bbox_scaled_and_y_flipped"
"W8-2_TCCTCAATCTTTAAGG","W8-2",3823,2098,"W8-2","1989.970875","1450.3813375","Hofbauer cells","Hofbauer cells","Slide-tags (SCP2601)",5418,2081,"myeloid_unknown",0,0,0,0,0,0,0,0,0,0,0,0,0.434749776688607,0,0,0,0.565250223311394,0.565250223311394,"-0.688434549314564","13.6714402132161",8,1989.970875,1450.3813375,"Hofbauer cells","LogNormalize","Hofbauer cells","author","Hofbauer cells","author",-0.227493439413751,-0.243478591954416,0.637006852369356,0.0933691263559639,-0.669537648648436,0.12031706310069,NA,NA,0.637006852369356,"STB","N5",-0.106144127376984,0.0185361506419694,0.0919891479897759,0.00798734369638598,-0.154367753051529,933.939513821405,2471.69961783816,"bbox_scaled_and_y_flipped"
"W8-2_TCCTCTAAGGAAGCTA","W8-2",2418,1307,"W8-2","2019.48002197802","1712.14681318681","STB","STB","Slide-tags (SCP2601)",5059,1323,"STB",0,0.14151369227889,0,0,0,0.85848630772111,0,0,0,0,0,0,0,0,0,0,0,0.85848630772111,"4.58661543514054","2.75507649709064",8,2019.48002197802,1712.14681318681,"STB","LogNormalize","STB","author","STB","author",-0.173896432237731,-0.200408072665423,1.97878346468486,-0.0197368233582962,-0.599746757852638,-0.0662675476118916,NA,NA,1.97878346468486,"STB","N5",-0.0768336494633655,-0.0304748779148533,0.498282022447361,-0.252964633934962,-4.74233168617091,949.920897816732,2317.52410693806,"bbox_scaled_and_y_flipped"
"W8-2_TCCTGGTTCTCACAAA","W8-2",7935,2369,"W8-2","4866.16905","521.372205","STB","STB","Slide-tags (SCP2601)",6584,2356,"STB",0,0.0964889805064051,0,0,0,0.903511019493594,0,0,0,0,0,0,0,0,0,0,0,0.903511019493594,"3.52304946567338","2.94951805402118",8,4866.16905,521.372205,"STB","LogNormalize","STB","author","STB","author",-0.0785738749988756,-0.13716915314333,1.59982473437662,0.0894128987417137,-0.684184317172763,-0.114977158559165,NA,NA,1.59982473437662,"STB","N5",-0.169925504354,0.173230673154275,-0.0844452445534538,-0.230722390998636,1.19624082618648,2491.61339424816,3018.87054348544,"bbox_scaled_and_y_flipped"
"W8-2_TCCTTAGTCCGCCAAA","W8-2",9994,2576,"W8-2","2069.12306060606","3965.33345454545","STB","STB","Slide-tags (SCP2601)",6700,2530,"STB",0,0,0,0,0,1,0,0,0,0,0,0,0,0,0,0,0,1,"3.43818174983781","2.62993225385029",8,2069.12306060606,3965.33345454545,"STB","LogNormalize","STB","author","STB","author",-0.113113348955606,0.166949753119741,1.50320435974728,0.0986019893164605,-0.651519917266802,-0.144064700509073,NA,NA,1.50320435974728,"STB","N3",-0.112323269906016,0.00932972817846922,0.324705790985609,-0.082952261590338,-2.30714024257193,976.806272158476,990.434655308493,"bbox_scaled_and_y_flipped"
"W8-2_TCCTTCAAGCTAAAGG","W8-2",10667,3779,"W8-2","5193.01095454545","4540.45068181818","FIB2","FIB2","Slide-tags (SCP2601)",6961,3583,"Fibroblast2",0.972606322240299,0,0,0,0,0,0,0,0.0273936777597008,0,0,0,0,0,0,0,0,0.972606322240299,"11.7868264832668","-6.85098496149701",8,5193.01095454545,4540.45068181818,"FIB2","LogNormalize","FIB2","author","FIB2","author",0.434707834610771,-0.308250995302177,-0.648140757163914,-0.0970964071312101,1.71944433387757,-0.180408759717114,NA,NA,1.71944433387757,"Fibroblast","N7",-0.156786687799265,-0.0962121096488329,0.0174419484961358,-0.121742384402911,-2.29999431093487,2668.62244117845,651.700175104108,"bbox_scaled_and_y_flipped"
"W8-2_TCCTTGCAGCTCAAAC","W8-2",456,351,"W8-2","3945.97934883721","938.253041860465","STB","STB","Slide-tags (SCP2601)",4522,1976,"STB",0,0.190605633722507,0,0,0,0.809394366277493,0,0,0,0,0,0,0,0,0,0,0,0.809394366277493,"3.90026604320329","0.527819424165074",8,3945.97934883721,938.253041860465,"STB","LogNormalize","STB","author","STB","author",-0.061010864838331,-0.0880386403056287,0.503862514075175,-0.00443883752997216,-0.326310103264457,-0.0261241721714169,NA,NA,0.503862514075175,"STB","N3",0.0581720067707445,-0.00402759800981055,0.463959971910367,0.382427512321082,0.443925825911851,1993.26266341266,2773.33466508593,"bbox_scaled_and_y_flipped"
"W8-2_TCGACAAGTACGGGTT","W8-2",11137,3924,"W8-2","2532.4561294964","4668.85732374101","EVT","EVT","Slide-tags (SCP2601)",6937,3600,"EVT2",0,0.0870453503770664,0.619824301924918,0.272519109009406,0,0,0,0,0.0206112386886107,0,0,0,0,0,0,0,0,0.619824301924918,"-2.34802258823592","4.29697474767048",8,2532.4561294964,4668.85732374101,"EVT","LogNormalize","EVT","author","EVT","author",1.06167123037309,0.54254593448436,-0.361529269513969,-0.111991971894601,-0.690905312361001,-0.202620997360102,NA,NA,1.06167123037309,"EVT","N5",0.177277483747561,0.230150952946981,-0.117446844032391,-0.174475665949783,4.48754624119723,1227.73537211469,576.070798963209,"bbox_scaled_and_y_flipped"
"W8-2_TCGATTAAGTAGCGCC","W8-2",10040,3687,"W8-2","2916.57117910448","4693.26805970149","STB","STB","Slide-tags (SCP2601)",6867,3633,"STB",0,0.0265221290252241,0,0,0,0.973477870974776,0,0,0,0,0,0,0,0,0,0,0,0.973477870974776,"1.25189196254533","2.91711983014423",8,2916.57117910448,4693.26805970149,"STB","LogNormalize","STB","author","STB","author",-0.00521483854444554,0.753855701098343,2.02026225660443,-0.0808740150215786,-0.730875973803073,-0.190543737495309,NA,NA,2.02026225660443,"STB","N5",-0.0135135342540428,-0.0704039880225765,-0.102141752647003,-0.0661693317260543,-0.0574710587010738,1435.76205993266,561.69328153743,"bbox_scaled_and_y_flipped"
"W8-2_TCGCGCACACGTAATT","W8-2",9237,2728,"W8-2","3021.55452631579","3938.78031578947","STB","STB","Slide-tags (SCP2601)",6574,2712,"STB",0,0.0181489863987191,0,0,0,0.981851013601281,0,0,0,0,0,0,0,0,0,0,0,0.981851013601281,"4.8299192109279","3.36872062016803",8,3021.55452631579,3938.78031578947,"STB","LogNormalize","STB","author","STB","author",-0.271112897387179,-0.130618008566828,1.83019140144372,0.166984770252117,-0.698692005774359,-0.120758209842271,NA,NA,1.83019140144372,"STB","N8",-0.240744362228295,-0.0526031616796001,0.32114711708715,0.0601399693889083,-2.98021611557352,1492.61830136005,1006.0740123435,"bbox_scaled_and_y_flipped"
"W8-2_TCGCTAACAGCCAGTT","W8-2",817,516,"W8-2","4459.23307692308","5142.87807692308","FIB2","FIB2","Slide-tags (SCP2601)",4419,1661,"Fibroblast2",1,0,0,0,0,0,0,0,0,0,0,0,0,0,0,0,0,1,"8.78662048961442","-6.49321070383709",8,4459.23307692308,5142.87807692308,"FIB2","LogNormalize","FIB2","author","FIB2","author",0.08961392232526,0.135684316396016,0.0401131418420345,-0.0142409188712239,3.01303569101656,-0.0327152760377222,NA,NA,3.01303569101656,"Fibroblast","N5",0.0979396024677189,-0.0124179439500088,-0.0246477113623731,-0.208441965313415,0.012131947455603,2271.22748976577,296.880460331472,"bbox_scaled_and_y_flipped"
"W8-2_TCGGTTTGTTAACACG","W8-2",13397,4413,"W8-2","1400.15589777778","2592.91457777778","FIB2","FIB2","Slide-tags (SCP2601)",6515,3258,"Fibroblast2",0.934606918968476,0,0,0,0,0,0,0,0,0,0,0,0,0,0,0.0653930810315242,0,0.934606918968476,"12.4612573304347","-5.87128916453045",8,1400.15589777778,2592.91457777778,"FIB2","LogNormalize","FIB2","author","FIB2","author",0.434258505923636,-0.271559758922695,-0.265673637180309,-0.127429337261283,1.31547850899079,-0.144942837965584,NA,NA,1.31547850899079,"Fibroblast","N3",0.0237553389387732,-0.0311584606727691,-0.13464084240176,-0.121677675054988,0.545367619161232,614.511112715645,1798.76654452892,"bbox_scaled_and_y_flipped"
"W8-2_TCGTAATCAATAACGA","W8-2",3188,1436,"W8-2","1555.1263","3424.13238461538","STB","STB","Slide-tags (SCP2601)",5551,1421,"STB",0,0.0403370630845153,0,0,0,0.959662936915485,0,0,0,0,0,0,0,0,0,0,0,0.959662936915485,"4.46856438304704","2.43020805646259",8,1555.1263,3424.13238461538,"STB","LogNormalize","STB","author","STB","author",-0.152245967967546,-0.211071119375598,1.51220673597402,-0.0426174717628859,-0.261149240732689,-0.0843442324672481,NA,NA,1.51220673597402,"STB","N8",0.00515223471474913,-0.0307830982487149,0.380753814804763,-0.0143071441042036,-2.10314755604869,698.439038781025,1309.19308300881,"bbox_scaled_and_y_flipped"
"W8-2_TCGTAATCAGATAGAC","W8-2",381,280,"W8-2","1077.7428","1823.70425","STB","STB","Slide-tags (SCP2601)",4597,2053,"STB",0,0.147776855732651,0,0,0,0.837475291903985,0,0.0147478523633641,0,0,0,0,0,0,0,0,0,0.837475291903985,"3.77970396663468","0.292691736710851",8,1077.7428,1823.70425,"STB","LogNormalize","STB","author","STB","author",-0.0579784032726779,-0.0878366352961011,1.04977442386767,-0.00755084771370377,-0.321102537620646,-0.0269786738973388,NA,NA,1.04977442386767,"STB","N8",-0.0663834456166744,-0.00779078235008822,-0.0280793295967203,-0.0644531625847762,0.0275061356918424,439.900591966001,2251.81863233239,"bbox_scaled_and_y_flipped"
"W8-2_TCGTCAACATCCTAGA","W8-2",15264,4515,"W8-2","4913.24897560976","5006.51626829268","EVT","EVT","Slide-tags (SCP2601)",6267,2884,"EVT3",0,0.0996540431705426,0.201423023285768,0.68033708392983,0,0,0,0,0.0185858496138594,0,0,0,0,0,0,0,0,0.68033708392983,"-3.18521607731063","5.13528689671833",8,4913.24897560976,5006.51626829268,"EVT","LogNormalize","EVT","author","EVT","author",0.137335915693882,0.143327325731469,-0.666140227685367,-0.0651024179651072,-0.753207918964982,-0.127713014441039,NA,NA,0.143327325731469,"vCTB","N7",-0.0791727850432918,0.223881461190125,-0.0854019883112864,-0.042549437088738,3.53736431057345,2517.11065346075,377.195297334683,"bbox_scaled_and_y_flipped"
"W8-2_TCGTTAGCAACCCTCC","W8-2",1238,633,"W8-2","933.067344444444","4037.65433333333","FIB1","FIB1","Slide-tags (SCP2601)",4504,1283,"Fibroblast1",0.485708785383133,0,0,0,0,0,0,0,0,0.514291214616867,0,0,0,0,0,0,0,0.514291214616867,"10.1536782899074","-11.2341155118815",8,933.067344444444,4037.65433333333,"FIB1","LogNormalize","FIB1","author","FIB1","author",0.26282633615305,-0.161086056899732,-0.0786357056060884,-0.0456309159583964,-0.134815694331376,-0.0502368440204588,NA,NA,0.26282633615305,"EVT","N3",0.491279859418253,0.0421936724033455,-0.0428557900129107,-0.169174999340422,3.34184152426808,361.548140380244,947.838860707961,"bbox_scaled_and_y_flipped"
"W8-2_TCGTTATTCGGTTACG","W8-2",9528,3973,"W8-2","2335.28006896552","1500.23055172414","vCTB","vCTB","Slide-tags (SCP2601)",6829,3944,"vCTB1",0,0,0,0,0,0,0.185400148632122,0,0,0,0.814599851367878,0,0,0,0,0,0,0.814599851367878,"-6.69286979053695","6.34703406621296",8,2335.28006896552,1500.23055172414,"vCTB","LogNormalize","vCTB","author","vCTB","author",-0.173113348987457,-0.147367656766237,-0.587454645218666,-0.0945086619888625,-0.798926242512635,-0.183792897817701,NA,NA,-0.0945086619888625,"Endothelial","N8",-0.308879487824499,-0.0959030621864559,-0.100463550460637,-0.228053883922693,-3.07802540141625,1120.94996281848,2442.33925986578,"bbox_scaled_and_y_flipped"
"W8-2_TCGTTTCCATATTGAC","W8-2",9783,3563,"W8-2","3055.51625806452","1416.36107096774","FIB2","FIB2","Slide-tags (SCP2601)",6807,3483,"Fibroblast2",0.982439791782191,0,0,0,0,0,0,0,0.017560208217809,0,0,0,0,0,0,0,0,0.982439791782191,"12.0826753297023","-7.01227560709637",8,3055.51625806452,1416.36107096774,"FIB2","LogNormalize","FIB2","author","FIB2","author",0.0654712019271932,-0.282310271085289,-0.485110870192761,-0.100537830204893,1.47057102809204,-0.174060042780386,NA,NA,1.47057102809204,"Fibroblast","N5",-0.229270548863329,-0.0928937891483844,-0.11861671122423,-0.157054058575658,-2.03996239931322,1511.01108908201,2491.73698892313,"bbox_scaled_and_y_flipped"
"W8-2_TCGTTTCCATTAAGCT","W8-2",10519,2997,"W8-2","5105.6054","1373.55736285714","STB","STB","Slide-tags (SCP2601)",6757,2864,"STB",0,0.0846000116397887,0,0,0,0.915399988360211,0,0,0,0,0,0,0,0,0,0,0,0.915399988360211,"3.61975084926408","3.06819972325641",8,5105.6054,1373.55736285714,"STB","LogNormalize","STB","author","STB","author",-0.25408144449911,-0.130099245309468,1.4213521925773,0.0803981239684216,-0.557646887292631,-0.129908220842552,NA,NA,1.4213521925773,"STB","N4",-0.0795113257859859,0.105019817390095,0.183466382457631,-0.165811655281871,-0.466831136251793,2621.28587358617,2516.94766099153,"bbox_scaled_and_y_flipped"
"W8-2_TCTAACCGTCATAAGT","W8-2",6629,2533,"W8-2","2620.77415873016","3861.76952380952","FIB1","FIB1","Slide-tags (SCP2601)",6379,2503,"Fibroblast1",0.228710555261648,0,0,0,0,0,0,0,0.0627755500995729,0.708513894638779,0,0,0,0,0,0,0,0.708513894638779,"11.5618461289577","-11.7100390500895",8,2620.77415873016,3861.76952380952,"FIB1","LogNormalize","FIB1","author","FIB1","author",0.417893212975049,-0.0991255182158174,-0.53938089056308,-0.0704930376013936,1.08904551009502,-0.133978896390273,NA,NA,1.08904551009502,"Fibroblast","N5",-0.131933151849672,0.0387969354515702,-0.0995347089296039,0.0793074872535258,1.58888523932517,1275.56611218815,1051.43208780085,"bbox_scaled_and_y_flipped"
"W8-2_TCTAAGGGTTCACCCA","W8-2",6423,2856,"W8-2","4197.55621390374","1997.60635294118","FIB2","FIB2","Slide-tags (SCP2601)",6318,2826,"Fibroblast2",1,0,0,0,0,0,0,0,0,0,0,0,0,0,0,0,0,1,"10.6205390610866","-3.90723839472454",8,4197.55621390374,1997.60635294118,"FIB2","LogNormalize","FIB2","author","FIB2","author",0.242724943412086,-0.140305457364132,-0.140906618885535,-0.0848392413234034,0.90447815501886,-0.151528951682516,NA,NA,0.90447815501886,"Fibroblast","N3",0.0875975866121426,-0.0604760980380842,-0.0977636707831891,-0.255178836294131,-0.518431403500553,2129.51012891763,2149.39318643578,"bbox_scaled_and_y_flipped"
"W8-2_TCTACCTCAGCTCAAC","W8-2",789,469,"W8-2","1813.99264285714","4831.14","FIB1","FIB1","Slide-tags (SCP2601)",4381,1651,"Fibroblast1",0.388444625549614,0,0,0,0,0,0,0,0.0107403640789142,0.600815010371472,0,0,0,0,0,0,0,0.600815010371472,"9.95115029002946","-10.8985089368693",8,1813.99264285714,4831.14,"FIB1","LogNormalize","FIB1","author","FIB1","author",0.193610745473158,0.128509445267751,0.0685158426849694,-0.0178288201081126,1.07766931022815,-0.0362550585157869,NA,NA,1.07766931022815,"Fibroblast","N3",-0.16004824068353,-0.0101829603697981,-0.0259772067744496,-0.180693365152367,-1.25709782150831,838.634295246677,480.489002101649,"bbox_scaled_and_y_flipped"
"W8-2_TCTAGCGAGACTTATG","W8-2",7084,2415,"W8-2","1874.14821052632","1032.14930526316","STB","STB","Slide-tags (SCP2601)",6486,2399,"STB",0,0.0471493469788019,0,0,0,0.952850653021198,0,0,0,0,0,0,0,0,0,0,0,0.952850653021198,"4.47166144038957","3.87146004964191",8,1874.14821052632,1032.14930526316,"STB","LogNormalize","STB","author","STB","author",-0.229016628331981,-0.263031760107871,1.42034961002484,-0.0567257299583171,-0.73757800249929,-0.0947143488854931,NA,NA,1.42034961002484,"STB","N5",-0.131503307359636,0.0140047905147308,0.424891766152606,-0.341582983509338,-4.54218921556341,871.212981004492,2718.0313278382,"bbox_scaled_and_y_flipped"
"W8-2_TCTAGCGAGTGATTCA","W8-2",1147,749,"W8-2","4995.72988172043","4512.9910860215","STB","STB","Slide-tags (SCP2601)",4779,1384,"STB",0,0.149299656686148,0,0,0,0.850700343313852,0,0,0,0,0,0,0,0,0,0,0,0.850700343313852,"3.84490143443864","1.4249908619054",8,4995.72988172043,4512.9910860215,"STB","LogNormalize","STB","author","STB","author",-0.0329686227025223,-0.0675318550547674,1.03547187859831,-0.0136597429672809,0.169774413754348,-0.0194893458052192,NA,NA,1.03547187859831,"STB","N5",-0.0477111897282294,-0.0115947165192446,-0.0188327569107749,0.0101902859937618,0.478156833109019,2561.7801599639,667.87342025783,"bbox_scaled_and_y_flipped"
"W8-2_TCTATGTTCACCAATA","W8-2",2294,1407,"W8-2","5270.12660606061","1542.7497030303","FIB2","FIB2","Slide-tags (SCP2601)",4842,1446,"Fibroblast2",0.984495320586739,0,0,0,0,0,0,0,0.0155046794132608,0,0,0,0,0,0,0,0,0.984495320586739,"11.642732969778","-5.77170172403973",8,5270.12660606061,1542.7497030303,"FIB2","LogNormalize","FIB2","author","FIB2","author",0.0571413402901688,0.0302000930395299,-0.0363735847721526,-0.0570735199857009,1.28419258637832,-0.0955210245801252,NA,NA,1.28419258637832,"Fibroblast","N4",0.118289348289176,-0.032553704292127,-0.0615954806488659,-0.040185077752359,1.1077187074227,2710.38626579295,2417.29618702179,"bbox_scaled_and_y_flipped"
"W8-2_TCTATGTTCTATGACA","W8-2",391,287,"W8-2","693.587265648855","2674.02789312977","STB","STB","Slide-tags (SCP2601)",4562,2052,"STB",0,0.171521676344649,0,0,0,0.82847832365535,0,0,0,0,0,0,0,0,0,0,0,0.82847832365535,"3.77088605548661","0.382357209218327",8,693.587265648855,2674.02789312977,"STB","LogNormalize","STB","author","STB","author",-0.0656937611929407,-0.0842025321733501,0.980915324816127,-0.0136597429672809,-0.316543713360043,-0.0376790591890017,NA,NA,0.980915324816127,"STB","N3",-0.0571146233161262,-0.00897973911756581,-0.0140985096825117,-0.0730762347170137,-0.0743251866292255,231.851978667594,1750.99215104796,"bbox_scaled_and_y_flipped"
"W8-2_TCTATGTTCTCACTCA","W8-2",6749,2436,"W8-2","4163.84162105263","3252.6172","STB","STB","Slide-tags (SCP2601)",6404,2416,"STB",0,0.039663444998268,0,0,0,0.960336555001732,0,0,0,0,0,0,0,0,0,0,0,0.960336555001732,"4.12831675197404","3.21731409360248",8,4163.84162105263,3252.6172,"STB","LogNormalize","STB","author","STB","author",-0.230098688201705,-0.118899976817261,1.30616588146618,0.164978201013712,-0.589798759126203,-0.113375813478364,NA,NA,1.30616588146618,"STB","N4",-0.182612941033558,0.13503171888049,0.299549909506912,-0.0551378134952321,-0.705449296418016,2111.25118517382,1410.21267371618,"bbox_scaled_and_y_flipped"
"W8-2_TCTCAAGCATTGTGAT","W8-2",1708,1006,"W8-2","1674.03375384615","2609.81064615385","STB","STB","Slide-tags (SCP2601)",4826,1207,"STB",0,0.173327471811109,0,0,0,0.82667252818889,0,0,0,0,0,0,0,0,0,0,0,0.82667252818889,"4.60626160289567","2.2964542799123",8,1674.03375384615,2609.81064615385,"STB","LogNormalize","STB","author","STB","author",-0.150058253468135,-0.191174625028832,1.15361927037879,-0.0175174045933101,-0.378668936333215,-0.0454960059088018,NA,NA,1.15361927037879,"STB","N3",0.181439783507447,-0.0167931468743104,0.394622760776543,-0.265813895102881,-2.51729326822597,762.836213027962,1788.8150413093,"bbox_scaled_and_y_flipped"
"W8-2_TCTCAATTCAGGAACA","W8-2",7522,2644,"W8-2","1832.70517829457","3656.84389147287","FIB1","FIB1","Slide-tags (SCP2601)",6569,2617,"Fibroblast1",0,0,0,0,0,0,0,0,0.0170043973470487,0.982995602652951,0,0,0,0,0,0,0,0.982995602652951,"11.1246036210231","-11.7773198194377",8,1832.70517829457,3656.84389147287,"FIB1","LogNormalize","FIB1","author","FIB1","author",0.213628481253208,-0.275918388899577,-0.341521373301767,-0.0880498174953561,0.803810484699381,-0.147678153670213,NA,NA,0.803810484699381,"Fibroblast","N3",-0.250115312386932,-0.00982635617390291,-0.100519403873706,-0.0520707196319055,-0.526021294967253,848.768516157044,1172.12987645741,"bbox_scaled_and_y_flipped"
"W8-2_TCTTTGTAGGCTGTCA","W8-2",14271,4324,"W8-2","4716.48232653061","5122.88375510204","EVT","EVT","Slide-tags (SCP2601)",6425,3010,"EVT3",0,0.0573256552597052,0.248212923328148,0.694461421412146,0,0,0,0,0,0,0,0,0,0,0,0,0,0.694461421412146,"-3.65819872234542","5.06245908070881",8,4716.48232653061,5122.88375510204,"EVT","LogNormalize","EVT","author","EVT","author",-0.104508090746725,-0.150452456948947,-0.641681730865209,0.0305663160066316,-0.613620280988062,-0.131573167257257,NA,NA,0.0305663160066316,"Endothelial","N7",-0.132486418912799,0.160324653247798,-0.0899508167433411,-0.166256461586924,1.66251053876241,2410.54697072366,308.656783292977,"bbox_scaled_and_y_flipped"
"W8-2_TGAACAGAGCGAGTAA","W8-2",9103,3539,"W8-2","3582.46113924051","2866.21286075949","vCTB","vCTB","Slide-tags (SCP2601)",6634,3514,"vCTB1",0,0,0,0,0,0,0,0.135294361536168,0,0,0.766141883444008,0,0,0.0985637550198246,0,0,0,0.766141883444008,"-8.83019317005355","6.2522374086507",8,3582.46113924051,2866.21286075949,"vCTB","LogNormalize","vCTB","author","vCTB","author",-0.317177629066608,-0.328637134303125,-0.60428893793001,-0.0771490140713421,-0.831972035342977,-0.17383864133566,NA,NA,-0.0771490140713421,"Endothelial","N8",-0.23582421571876,-0.0139779589614814,-0.105571349503187,-0.153486667419823,-1.08259147343761,1796.3906866935,1637.79840197203,"bbox_scaled_and_y_flipped"
"W8-2_TGAACAGAGGACCTGC","W8-2",3059,1681,"W8-2","898.055184727273","2299.37098909091","FIB2","FIB2","Slide-tags (SCP2601)",5492,1663,"Fibroblast2",0.980366085779971,0,0,0,0,0,0,0,0.00487865897039114,0,0,0,0,0,0,0.0147552552496384,0,0.980366085779971,"10.7265895524196","-4.32326832483929",8,898.055184727273,2299.37098909091,"FIB2","LogNormalize","FIB2","author","FIB2","author",-0.210776037678705,-0.0190826333348023,0.2694089740756,-0.0506442105297467,1.018588889564,-0.111852554212947,NA,NA,1.018588889564,"Fibroblast","N3",0.0943652800691843,-0.0457128944423811,-0.0843510973765777,-0.113933745200799,0.489662312137937,342.586468280314,1971.65883538013,"bbox_scaled_and_y_flipped"
"W8-2_TGAAGCAAGGGATGCG","W8-2",6138,2533,"W8-2","2479.93848","5064.156","Endothelial","Endothelial","Slide-tags (SCP2601)",6112,2518,"Endothelial_cells",0,0,0,0,1,0,0,0,0,0,0,0,0,0,0,0,0,1,"10.3042768159084","4.54222306538898",8,2479.93848,5064.156,"Endothelial","LogNormalize","Endothelial","author","Endothelial","author",-0.246900727309659,-0.24994175528839,-0.248995775850027,1.26003594470966,-0.409186673757212,-0.148966473079922,NA,NA,1.26003594470966,"Endothelial","N4",-0.15658718561894,-0.055055695429565,-0.0761921051344202,-0.0691456321556603,-0.849664272170164,1199.29318353638,343.246454154334,"bbox_scaled_and_y_flipped"
"W8-2_TGAAGGATCTAACTGA","W8-2",5554,2212,"W8-2","1815.8722962963","4164.4535308642","FIB1","FIB1","Slide-tags (SCP2601)",5680,2179,"Fibroblast1",0.0696140748011111,0,0,0,0,0,0,0,0.0490458970399575,0.881340028158931,0,0,0,0,0,0,0,0.881340028158931,"11.1596864381007","-11.9092654294841",8,1815.8722962963,4164.4535308642,"FIB1","LogNormalize","FIB1","author","FIB1","author",0.285017527922981,-0.191767103674138,-0.393998075902342,-0.0725718888232716,0.489899246048526,-0.130178018291189,NA,NA,0.489899246048526,"Fibroblast","N3",-0.0835499370133412,-0.0459764809833986,-0.0570510468639907,0.0484309885691315,0.282607755426048,839.652266501885,873.156242575251,"bbox_scaled_and_y_flipped"
"W8-2_TGACCAAGTTGTTGGA","W8-2",4993,2330,"W8-2","3740.3975959596","3389.93713131313","FIB2","FIB2","Slide-tags (SCP2601)",5491,2302,"Fibroblast2",1,0,0,0,0,0,0,0,0,0,0,0,0,0,0,0,0,1,"10.7725270905666","-3.74739256571453",8,3740.3975959596,3389.93713131313,"FIB2","LogNormalize","FIB2","author","FIB2","author",-0.0756074633542931,0.021663343982126,-0.547370672686755,-0.0609266219617107,0.168443264589856,-0.125844205511983,NA,NA,0.168443264589856,"Fibroblast","N4",-0.0187913502338833,-0.0541645784751596,-0.0797277338245316,-0.153597043037061,-0.539242645309354,1881.92495047854,1329.33351839052,"bbox_scaled_and_y_flipped"
"W8-2_TGACTCCTCGATATTG","W8-2",17305,4638,"W8-2","3167.02591666667","2058.73991666667","FIB2","FIB2","Slide-tags (SCP2601)",6002,2547,"Fibroblast2",1,0,0,0,0,0,0,0,0,0,0,0,0,0,0,0,0,1,"12.458913198965","-5.02684250544232",8,3167.02591666667,2058.73991666667,"FIB2","LogNormalize","FIB2","author","FIB2","author",0.429835166772876,-0.294862676289052,-0.599485797849522,-0.0464477575639082,0.791415296514319,-0.117033937073901,NA,NA,0.791415296514319,"Fibroblast","N5",0.00826534028416612,-0.0553086913417462,0.048289131215063,-0.227466621664143,-1.64133862198312,1571.40181046193,2113.3865343141,"bbox_scaled_and_y_flipped"
"W8-2_TGAGAACCAATTGAAG","W8-2",12405,3939,"W8-2","746.850358536585","2581.3173902439","FIB2","FIB2","Slide-tags (SCP2601)",6796,3291,"Fibroblast2",1,0,0,0,0,0,0,0,0,0,0,0,0,0,0,0,0,1,"12.4374450364284","-6.57950249384564",8,746.850358536585,2581.3173902439,"FIB2","LogNormalize","FIB2","author","FIB2","author",0.109991648545626,-0.259855331419542,-0.565080356589174,-0.112820092012697,1.24722261417824,-0.184344960241428,NA,NA,1.24722261417824,"Fibroblast","N3",-0.0407910665556055,-0.0990416177149857,-0.136722438934589,0.204954523557424,1.26045869453919,260.697879935145,1805.59709507555,"bbox_scaled_and_y_flipped"
"W8-2_TGAGCACGTTAGGACC","W8-2",8867,3325,"W8-2","3454.51642857143","369.691466666667","vCTB","vCTB","Slide-tags (SCP2601)",6628,3299,"vCTB1",0,0,0,0,0,0,0.251780081106509,0,0,0,0.743524339272408,0,0,0.00469557962108252,0,0,0,0.743524339272408,"-7.04258883808333","6.29689940739948",8,3454.51642857143,369.691466666667,"vCTB","LogNormalize","vCTB","author","vCTB","author",-0.153745572206015,-0.0141599172180847,0.00401932260363469,-0.0980481892375242,-0.767620261964556,-0.175695648769871,NA,NA,0.00401932260363469,"STB","N8",-0.215102853861532,-0.0761283989893049,0.0254199165892644,-0.176301465856198,-2.74511624785115,1727.09916996831,3108.20797526436,"bbox_scaled_and_y_flipped"
"W8-2_TGAGGCACATAATGTC","W8-2",5286,2118,"W8-2","1523.13287076923","1980.43384615385","STB","STB","Slide-tags (SCP2601)",5638,2106,"STB",0,0.117156900089547,0,0,0,0.882843099910453,0,0,0,0,0,0,0,0,0,0,0,0.882843099910453,"4.40672337199968","4.44783601094562",8,1523.13287076923,1980.43384615385,"STB","LogNormalize","STB","author","STB","author",-0.21325187751699,-0.221237139729663,1.24856469738925,-0.0262624189774617,-0.603121443822841,-0.106957468073427,NA,NA,1.24856469738925,"STB","N8",-0.143450732561323,0.0599155201487635,0.538714242036909,-0.0917397049477996,-3.19028932703088,681.112232342156,2159.50750728129,"bbox_scaled_and_y_flipped"
"W8-2_TGAGGGCCAAAGCGGC","W8-2",6196,2956,"W8-2","5653.99486821705","3649.32375968992","EVT","EVT","Slide-tags (SCP2601)",6148,2924,"EVT2",0,0.0572541366259856,0.506891224549443,0.413789717901484,0,0,0,0,0.0220649209230872,0,0,0,0,0,0,0,0,0.506891224549443,"-3.27597368572432","3.60218080808002",8,5653.99486821705,3649.32375968992,"EVT","LogNormalize","EVT","author","EVT","author",0.870679851262609,0.683219877094539,-0.387264078199608,-0.0687472300645549,-0.688578712415222,-0.164746849414326,NA,NA,0.870679851262609,"EVT","N8",-0.0834700244369265,0.265797948978792,-0.0873800403517182,0.0999557921553387,4.94801099053485,2918.27929996675,1176.55910898561,"bbox_scaled_and_y_flipped"
"W8-2_TGAGGGCCACAAGCCT","W8-2",3856,1726,"W8-2","1659.95136752137","3079.28225641026","STB","STB","Slide-tags (SCP2601)",5513,1716,"STB",0,0.105606974332333,0,0,0,0.894393025667667,0,0,0,0,0,0,0,0,0,0,0,0.894393025667667,"4.51702486659806","4.29245003987629",8,1659.95136752137,3079.28225641026,"STB","LogNormalize","STB","author","STB","author",-0.225861805975095,-0.00943911456406019,1.46590519427852,-0.0242558497390571,-0.69748026216049,-0.0439497927171538,NA,NA,1.46590519427852,"STB","N3",-0.0497861021272316,0.0182124184787438,0.223507887978786,-0.242414388678126,-2.16875056701433,755.209560058478,1512.30407218907,"bbox_scaled_and_y_flipped"
"W8-2_TGAGGGCCATCCAGGT","W8-2",19454,5730,"W8-2","1219.09096858974","2510.43724358974","vCTB","vCTB","Slide-tags (SCP2601)",6051,3233,"vCTB1",0,0,0,0,0,0,0.206801173573948,0,0,0,0.793198826426052,0,0,0,0,0,0,0.793198826426052,"-6.38824714039046","5.7903405122884",8,1219.09096858974,2510.43724358974,"vCTB","LogNormalize","vCTB","author","vCTB","author",-0.298106592136609,-0.321065238506488,-0.467602272832269,-0.0844619162584674,-0.85467681393904,-0.177531740385139,NA,NA,-0.0844619162584674,"Endothelial","N3",-0.294269849607387,-0.0529872495730806,-0.0890897392520205,-0.0303448961468801,-1.29441938197724,516.45107175288,1847.34432241486,"bbox_scaled_and_y_flipped"
"W8-2_TGAGTTTCATAATGTC","W8-2",22010,5082,"W8-2","2017.19104918033","2741.77947540984","vCTB","vCTB","Slide-tags (SCP2601)",6263,2938,"vCTB1",0,0,0,0,0,0,0,0.122306074519664,0,0,0.773727783935787,0,0,0.103966141544548,0,0,0,0.773727783935787,"-8.63540995929915","6.9144426279195",8,2017.19104918033,2741.77947540984,"vCTB","LogNormalize","vCTB","author","vCTB","author",-0.0812494045521706,-0.0765006061933281,-0.718751843387623,-0.0422468655605146,-0.804677016810286,-0.157661971869149,NA,NA,-0.0422468655605146,"Endothelial","N3",-0.287702515793997,0.0108683094593255,-0.0850537387321068,-0.174208108109526,-1.30014735247916,948.681249877672,1711.08759608358,"bbox_scaled_and_y_flipped"
"W8-2_TGATCGAGTTAATGCG","W8-2",13155,4910,"W8-2","5272.77936893204","1989.61712621359","vCTB","vCTB","Slide-tags (SCP2601)",6627,3800,"vCTB1",0,0,0,0,0,0,0.291245608455405,0,0,0,0.708754391544595,0,0,0,0,0,0,0.708754391544595,"-6.48256553028304","5.5119563036092",8,5272.77936893204,1989.61712621359,"vCTB","LogNormalize","vCTB","author","vCTB","author",-0.175215019948443,0.00861594223342255,-0.445573090362526,-0.131760610115459,-0.760142826359085,-0.207769792025704,NA,NA,0.00861594223342255,"vCTB","N5",-0.158532019702999,-0.101682487466818,-0.112033946192921,-0.122679146572797,-1.58548590668233,2711.82293294326,2154.09870808332,"bbox_scaled_and_y_flipped"
"W8-2_TGATGATGTTACTAGG","W8-2",15590,4716,"W8-2","2035.57999074074","3668.77316666667","vCTB","vCTB","Slide-tags (SCP2601)",6206,3049,"vCTB1",0,0,0,0,0,0,0,0.085887939988974,0,0,0.530524425116602,0,0,0.383587634894424,0,0,0,0.530524425116602,"-8.38944495533187","6.7221008234151",8,2035.57999074074,3668.77316666667,"vCTB","LogNormalize","vCTB","author","vCTB","author",-0.278392910186695,-0.30335261937266,-0.737166616017953,-0.05624983890516,-0.824717315373677,-0.108709479479906,NA,NA,-0.05624983890516,"Endothelial","N5",-0.27390419817337,0.00386038759704666,-0.0907932436734937,-0.0103925333214527,-0.287167583887146,958.640220788062,1165.10373180313,"bbox_scaled_and_y_flipped"
"W8-2_TGCAAGCGTACCAGGT","W8-2",2119,776,"W8-2","3943.38216911765","3013.89088235294","STB","STB","Slide-tags (SCP2601)",5152,848,"STB",0,0.231752124808293,0,0.0662153543941296,0,0.702032520797577,0,0,0,0,0,0,0,0,0,0,0,0.702032520797577,"3.59668289806169","1.29396018315632",8,3943.38216911765,3013.89088235294,"STB","LogNormalize","STB","author","STB","author",-0.118829689282306,-0.115927518926679,1.32937875380678,-0.0110970938249304,-0.422342461707797,-0.0471103039737612,NA,NA,1.32937875380678,"STB","N8",-0.11529743873094,-0.0210965763110054,-0.0189640909798096,-0.189262690723285,-1.24236768751376,1991.85609864703,1550.81850377061,"bbox_scaled_and_y_flipped"
"W8-2_TGCACACCAAGTGTCC","W8-2",5913,2593,"W8-2","5389.23318691589","3803.75710280374","EVT","EVT","Slide-tags (SCP2601)",5909,2578,"EVT2",0,0.0174202084030993,0.565461307105856,0.403974950444231,0,0,0,0,0.0131435340468138,0,0,0,0,0,0,0,0,0.565461307105856,"-3.48214948986251","4.85162791539508",8,5389.23318691589,3803.75710280374,"EVT","LogNormalize","EVT","author","EVT","author",0.0167114244011791,0.00870838199725738,-0.621911030984335,-0.0772936477141442,-0.708336391907791,-0.138526036155544,NA,NA,0.0167114244011791,"EVT","N8",-0.174294513290705,0.0681248896365241,-0.0983000796239967,-0.0958910108458273,0.669726873932147,2774.89128203204,1085.60043877857,"bbox_scaled_and_y_flipped"
"W8-2_TGCACTTGTGATGATT","W8-2",862,567,"W8-2","650.112276190476","3703.21352380952","EVT-progenitor","EVT-progenitor","Slide-tags (SCP2601)",4268,1655,"EVT2",0,0,0.981555512441131,0.0184444875588692,0,0,0,0,0,0,0,0,0,0,0,0,0,0.981555512441131,"-3.21492040966231","2.12405666638691",8,650.112276190476,3703.21352380952,"EVT-progenitor","LogNormalize","EVT-progenitor","author","EVT-progenitor","author",0.999834655978608,0.57828905307651,0.182645277768608,-0.0220615269740681,-0.137029265051352,-0.0572537063582329,NA,NA,0.999834655978608,"EVT","N3",0.199136100992234,0.101817799908016,-0.0311944393826777,-0.213416184870958,2.12733195885861,208.30705880784,1144.81893433643,"bbox_scaled_and_y_flipped"
"W8-2_TGCATCCTCGTTATCT","W8-2",6288,2633,"W8-2","5109.43521052632","1284.05002105263","FIB2","FIB2","Slide-tags (SCP2601)",6221,2610,"Fibroblast2",0.980406755093558,0,0,0,0,0,0,0,0,0,0,0,0,0,0,0.0195932449064421,0,0.980406755093558,"12.0469287553005","-4.47414389322918",8,5109.43521052632,1284.05002105263,"FIB2","LogNormalize","FIB2","author","FIB2","author",-0.0785842338101135,-0.250985038708888,0.0274428597422222,-0.0623269192961752,0.394931497557802,-0.116923236351539,NA,NA,0.394931497557802,"Fibroblast","N4",-0.0928276497916531,-0.0554283655656938,-0.0904286005599058,-0.160397582867953,-0.954322092531405,2623.35999903263,2569.66599642447,"bbox_scaled_and_y_flipped"
"W8-2_TGCCATTGTGGTTCTT","W8-2",4286,1876,"W8-2","2578.2067","4783.2958","vCTB","vCTB","Slide-tags (SCP2601)",5412,1863,"vCTBp",0,0,0,0,0,0,0.628989553628073,0.00241991459422982,0,0,0.338967040958446,0,0,0.0296234908192519,0,0,0,0.628989553628073,"-7.96416104648787","3.92953452397663",8,2578.2067,4783.2958,"vCTB","LogNormalize","vCTB","author","vCTB","author",0.0529793527995518,0.163222189295543,-0.355033640554347,-0.0487496450046928,-0.538902747242356,-0.0883443240242391,NA,NA,0.163222189295543,"vCTB","N7",-0.130898537957638,-0.0404871516146759,-0.059018868703089,0.0627964174212131,0.184364216100583,1252.51268728981,508.668440047975,"bbox_scaled_and_y_flipped"
"W8-2_TGCCTGTTCCAGGTCA","W8-2",6743,3103,"W8-2","5007.28998648649","4332.55098648649","vCTB","vCTB","Slide-tags (SCP2601)",6505,3084,"vCTB2",0,0,0,0,0,0,0.287128330006049,0.410742697640522,0,0,0.120618310043114,0,0,0.181510662310315,0,0,0,0.410742697640522,"-5.614986070139","5.14349231053669",8,5007.28998648649,4332.55098648649,"vCTB","LogNormalize","vCTB","author","vCTB","author",-0.283804496420422,0.15885770614814,-0.327439395427505,-0.0740876577008471,-0.813033829521485,-0.182677858093378,NA,NA,0.15885770614814,"vCTB","N5",-0.235402763846067,-0.00765300204231752,-0.101097513386234,-0.240900137254212,-1.55282683919131,2568.04081105728,774.149637393358,"bbox_scaled_and_y_flipped"
"W8-2_TGCGCGAGTTAGAGCC","W8-2",6983,2361,"W8-2","553.552105555556","2947.26144444444","STB","STB","Slide-tags (SCP2601)",6461,2348,"STB",0,0.0871643609833715,0,0,0,0.912835639016628,0,0,0,0,0,0,0,0,0,0,0,0.912835639016628,"4.72798763896745","3.19534453679401",8,553.552105555556,2947.26144444444,"STB","LogNormalize","STB","author","STB","author",-0.256043275930601,-0.0964411105802443,1.80972540616506,-0.0288250681198123,-0.729149517675202,-0.118848720764644,NA,NA,1.80972540616506,"STB","N3",-0.138188162712737,0.00885918209653376,0.364686994942288,0.0651222206919911,-1.81262782784284,156.012590020909,1590.06213436619,"bbox_scaled_and_y_flipped"
"W8-2_TGCTAGCCAGCTAATT","W8-2",4206,1789,"W8-2","2675.86949295775","2835.96363380282","STB","STB","Slide-tags (SCP2601)",5455,1778,"STB",0,0.0925680694826567,0,0,0,0.907431930517343,0,0,0,0,0,0,0,0,0,0,0,0.907431930517343,"4.88723789836686","3.31624039937336",8,2675.86949295775,2835.96363380282,"STB","LogNormalize","STB","author","STB","author",-0.0641311344197037,-0.0473129635501154,2.00323367422326,0.242251438862365,-0.594570360073924,-0.0937742233558847,NA,NA,2.00323367422326,"STB","N3",-0.140786067979403,0.093076357688477,0.476776728646166,-0.190074335558638,-2.9433554794039,1305.4043075551,1655.61469347549,"bbox_scaled_and_y_flipped"
"W8-2_TGCTCACTCGCTATAA","W8-2",6733,2851,"W8-2","3192.24730188679","3332.47341509434","FIB2","FIB2","Slide-tags (SCP2601)",6443,2816,"Fibroblast2",0.98449476543809,0,0,0,0,0,0,0,0,0,0,0,0,0,0,0.0155052345619097,0,0.98449476543809,"10.7843955674342","-4.181138426768",8,3192.24730188679,3332.47341509434,"FIB2","LogNormalize","FIB2","author","FIB2","author",0.335924119656314,-0.130854280003311,-0.617263159600744,-0.0798926978777122,0.673395756849982,-0.151263533599877,NA,NA,0.673395756849982,"Fibroblast","N5",0.0731317777864547,0.0681583157800635,-0.105005727218753,-0.0484604505326556,2.41399679422684,1585.0610545735,1363.17869137601,"bbox_scaled_and_y_flipped"
"W8-2_TGCTCTCAGACACTTA","W8-2",8044,2946,"W8-2","2833.70241269841","1561.13112936508","FIB2","FIB2","Slide-tags (SCP2601)",6674,2894,"Fibroblast2",0.940541902105473,0,0,0,0,0,0,0,0,0,0,0,0,0,0,0.0594580978945268,0,0.940541902105473,"11.7119849839382","-4.00346294115704",8,2833.70241269841,1561.13112936508,"FIB2","LogNormalize","FIB2","author","FIB2","author",0.0834433647853076,-0.295401358743352,-0.172932964962323,-0.0882461078962725,1.02809897858302,-0.159973883619998,NA,NA,1.02809897858302,"Fibroblast","N5",-0.0772971767273929,-0.0812479049493018,-0.116356493219022,-0.0133901277576853,-0.159273511949752,1390.88249841429,2406.46983267234,"bbox_scaled_and_y_flipped"
"W8-2_TGCTGGATCGCAGGCT","W8-2",8962,3632,"W8-2","4760.54300483092","3945.49342028985","vCTB","vCTB","Slide-tags (SCP2601)",6623,3590,"vCTB1",0,0,0,0,0,0,0,0.0966795141117142,0,0,0.760385597045131,0,0,0.142934888843154,0,0,0,0.760385597045131,"-8.64060176227767","6.3975010805257",8,4760.54300483092,3945.49342028985,"vCTB","LogNormalize","vCTB","author","vCTB","author",-0.334384311879817,-0.200594985795464,-0.493850418199109,-0.0957234856217523,-0.835157021467792,-0.178324254037963,NA,NA,-0.0957234856217523,"Endothelial","N4",-0.166994821368938,-0.0737466014903843,-0.11282003136914,-0.140418774587011,-1.3632644759508,2434.40908437732,1002.12010546042,"bbox_scaled_and_y_flipped"
"W8-2_TGCTGGATCTGGCTTC","W8-2",8819,3536,"W8-2","1987.45430656934","3948.94832116788","vCTB","vCTB","Slide-tags (SCP2601)",6611,3516,"vCTB1",0,0,0,0,0,0,0,0.207671492733834,0,0,0.617954468409555,0,0,0.174374038856611,0,0,0,0.617954468409555,"-8.78650153492171","5.93873700429279",8,1987.45430656934,3948.94832116788,"vCTB","LogNormalize","vCTB","author","vCTB","author",-0.169278920199582,0.0350899227799979,-0.499573711920333,-0.0659466353956258,-0.862957179518495,-0.168721471947057,NA,NA,0.0350899227799979,"vCTB","N3",-0.239470421187738,-0.0145557242734505,-0.0906619096044589,-0.0596657567496359,-0.635470832950105,932.576606026379,1000.08522631304,"bbox_scaled_and_y_flipped"
"W8-2_TGCTTCCAGCAGCTAT","W8-2",8230,2969,"W8-2","2643.28226923077","3770.42473076923","Endothelial","Endothelial","Slide-tags (SCP2601)",6648,2926,"Endothelial_cells",0,0,0,0,1,0,0,0,0,0,0,0,0,0,0,0,0,1,"10.2248338380031","4.6317711763509",8,2643.28226923077,3770.42473076923,"Endothelial","LogNormalize","Endothelial","author","Endothelial","author",-0.238384115726461,-0.00609904461207039,-0.602987821754819,0.934791879812264,-0.684997310764805,-0.145718237534517,NA,NA,0.934791879812264,"Endothelial","N5",-0.177321120205998,-0.063129632891877,-0.114620658923842,-0.0859223547779856,-0.93929032007965,1287.75591751148,1105.23265144699,"bbox_scaled_and_y_flipped"
"W8-2_TGCTTGCTCTACCTAT","W8-2",3820,1620,"W8-2","1235.10963","4387.5336","vCTB","vCTB","Slide-tags (SCP2601)",5401,1602,"vCTBp",0,0,0,0,0,0,0.537296922715732,0.0038650595849806,0,0,0.382375325042124,0,0,0.0764626926571631,0,0,0,0.537296922715732,"-8.41769660328109","3.70984014798481",8,1235.10963,4387.5336,"vCTB","LogNormalize","vCTB","author","vCTB","author",-0.00622260482548687,-0.0702925451155831,0.0289326196025178,-0.0418785391831531,-0.495864259977004,-0.0712682091766917,NA,NA,0.0289326196025178,"STB","N8",-0.089461602524811,-0.0361951399353325,-0.0483437925436864,0.119041256169045,0.753063856911229,525.126360783742,741.765792629923,"bbox_scaled_and_y_flipped"
"W8-2_TGCTTTAGTATTTGCC","W8-2",2255,1211,"W8-2","1799.88435","4559.4267","vCTB","vCTB","Slide-tags (SCP2601)",4870,1254,"vCTB2",0,0,0,0,0,0,0.0203739954611743,0.508259456400975,0,0,0.434166733802615,0,0,0.0371998143352356,0,0,0,0.508259456400975,"-6.90826667164046","3.11891803075153",8,1799.88435,4559.4267,"vCTB","LogNormalize","vCTB","author","vCTB","author",-0.150111248477218,0.271952600443653,-0.108975346324675,-0.0271891050837789,-0.519311302392262,-0.0786172760883638,NA,NA,0.271952600443653,"vCTB","N3",-0.144517157410978,-0.0367645991996369,-0.0511119866187466,-0.25127172209397,-1.79485903065866,830.993611975268,640.523616047359,"bbox_scaled_and_y_flipped"
"W8-2_TGCTTTAGTCACAGAC","W8-2",8962,3233,"W8-2","2878.80673786408","3738.81902912621","FIB2","FIB2","Slide-tags (SCP2601)",6627,3200,"Fibroblast2",0.992585727728819,0,0,0,0,0,0,0,0,0,0,0,0,0,0,0.00741427227118045,0,0.992585727728819,"11.2333825745754","-4.03118863772076",8,2878.80673786408,3738.81902912621,"FIB2","LogNormalize","FIB2","author","FIB2","author",0.211363841145701,-0.288118481637879,-0.624680138300922,-0.0798443238894853,1.37868813855776,-0.0239457926915624,NA,NA,1.37868813855776,"Fibroblast","N3",-0.0642354313170232,0.0676501436393912,-0.117450046595125,0.118454399554674,2.70968113131318,1415.30982397743,1123.84788397673,"bbox_scaled_and_y_flipped"
"W8-2_TGGACAAAGTCATGCG","W8-2",10971,2887,"W8-2","2387.16111627907","1470.59145116279","STB","STB","Slide-tags (SCP2601)",6694,2650,"STB",0,0.0872577206907877,0,0,0,0.912742279309212,0,0,0,0,0,0,0,0,0,0,0,0.912742279309212,"4.74095379497331","3.52703007985431",8,2387.16111627907,1470.59145116279,"STB","LogNormalize","STB","author","STB","author",-0.0475258933156428,0.0727091383054627,1.4534563682113,0.0902002053096733,-0.669881718928784,-0.119876303391609,NA,NA,1.4534563682113,"STB","N8",-0.0757861338762237,0.00270589420967079,0.442968455222375,0.0441401934224556,-2.1506680431441,1149.04738426597,2459.79619707141,"bbox_scaled_and_y_flipped"
"W8-2_TGGACCGGTTCAAGCA","W8-2",13864,4267,"W8-2","4080.2912","1060.541664","vCTB","vCTB","Slide-tags (SCP2601)",6322,3046,"vCTB1",0,0,0,0,0,0,0,0.11179831462385,0,0,0.790478675625588,0,0,0.0977230097505618,0,0,0,0.790478675625588,"-8.65426886890609","6.60938510228473",8,4080.2912,1060.541664,"vCTB","LogNormalize","vCTB","author","vCTB","author",-0.239173757052577,-0.269445097548445,-0.702561839770263,-0.0907585650386289,-0.805016072575346,-0.131425877820147,NA,NA,-0.0907585650386289,"Endothelial","N3",-0.264475529851488,-0.0736238704309867,0.0558958045206644,0.0356939492410097,-1.89922066391789,2066.00245728588,2701.30870082856,"bbox_scaled_and_y_flipped"
"W8-2_TGGATTCAGGACCAGG","W8-2",6297,3126,"W8-2","5306.71472222222","5041.80786111111","EVT","EVT","Slide-tags (SCP2601)",6227,3085,"EVT2",0,0.0105897051740914,0.763179502228094,0.226230792597815,0,0,0,0,0,0,0,0,0,0,0,0,0,0.763179502228094,"-2.74396432254989","3.6734701089986",8,5306.71472222222,5041.80786111111,"EVT","LogNormalize","EVT","author","EVT","author",0.846847079003442,0.452777617176998,-0.565678746684764,-0.0950096490420167,-0.770864257309128,-0.157166192823889,NA,NA,0.846847079003442,"EVT","N7",0.129623730871109,-0.014120678808179,-0.108815070368052,-0.182897496420401,0.84743439332715,2730.20143478038,356.409136214758,"bbox_scaled_and_y_flipped"
"W8-2_TGGCCAATCTTTGACT","W8-2",1798,1260,"W8-2","4010.56000990099","3671.14903960396","vCTB","vCTB","Slide-tags (SCP2601)",4657,1416,"vCTB2",0,0,0,0,0,0,0.0330025204700888,0.66265924490431,0,0,0.010929873445341,0,0,0.29340836118026,0,0,0,0.66265924490431,"-8.80731452320296","4.64583977986652",8,4010.56000990099,3671.14903960396,"vCTB","LogNormalize","vCTB","author","vCTB","author",-0.17155138270776,0.114902433656504,0.223653088725865,-0.0218993312607233,-0.41041081223073,-0.0876896261197433,NA,NA,0.223653088725865,"STB","N5",0.0568677934277005,-0.032196756093409,-0.040311282528274,-0.0278268452103848,0.704029622261578,2028.23786428516,1163.70438216399,"bbox_scaled_and_y_flipped"
"W8-2_TGGCCATCAATTAGCT","W8-2",8854,3449,"W8-2","3033.3853877551","2601.77512244898","vCTB","vCTB","Slide-tags (SCP2601)",6623,3433,"vCTB1",0,0,0,0,0,0,0,0.108907415409164,0,0,0.735932995818297,0,0,0.155159588772539,0,0,0,0.735932995818297,"-8.45906413410384","6.31338223744709",8,3033.3853877551,2601.77512244898,"vCTB","LogNormalize","vCTB","author","vCTB","author",-0.171354779017071,0.12071373355525,-0.584573056124077,-0.0898592547573186,-0.823186111156736,-0.16593384541292,NA,NA,0.12071373355525,"vCTB","N3",-0.280518762076578,-0.0671706682579268,-0.109626000584269,-0.0182315266948406,-1.20448378374126,1499.02558720257,1793.54783110634,"bbox_scaled_and_y_flipped"
"W8-2_TGGCCTGCAGTTAAAG","W8-2",5806,2211,"W8-2","1055.20852954545","2615.77581818182","STB","STB","Slide-tags (SCP2601)",5853,2198,"STB",0,0.114040083433834,0,0,0,0.885959916566166,0,0,0,0,0,0,0,0,0,0,0,0.885959916566166,"4.88146864558976","3.3315716676839",8,1055.20852954545,2615.77581818182,"STB","LogNormalize","STB","author","STB","author",-0.228700482939984,-0.233088042056875,1.57281583875839,-0.0360645003187135,-0.660363110898394,-0.0993517345643144,NA,NA,1.57281583875839,"STB","N3",-0.0784692664092893,0.0132594502424731,0.338333168525496,-0.226639384981536,-3.01576069583671,427.696619094235,1785.30165421115,"bbox_scaled_and_y_flipped"
"W8-2_TGGCCTGCATTGCGTA","W8-2",2212,1055,"W8-2","2401.116","4981.84038888889","STB","STB","Slide-tags (SCP2601)",5017,1089,"STB",0,0.0520529580329108,0,0,0,0.947947041967089,0,0,0,0,0,0,0,0,0,0,0,0.947947041967089,"4.30890833522599","2.62307485867817",8,2401.116,4981.84038888889,"STB","LogNormalize","STB","author","STB","author",-0.13426397684235,-0.177619767248741,0.970826424445371,-0.0179681996464701,-0.473228309522371,-0.054828673905717,NA,NA,0.970826424445371,"STB","N5",-0.0485902118575782,0.079857758306203,0.19350968488786,-0.0697710925118806,-0.106799002483114,1156.60498515225,391.728979838103,"bbox_scaled_and_y_flipped"
"W8-2_TGGCTAAGTAGGTTAT","W8-2",1763,1284,"W8-2","3174.32283682008","4169.18862482566","Endothelial","Endothelial","Slide-tags (SCP2601)",4476,1500,"Fibroblast1",0.304065264446268,0,0,0,0.0817895959126528,0,0.0115918535232177,0,0.0989306895593656,0.503622596558496,0,0,0,0,0,0,0,0.503622596558496,"11.1139205613307","3.61733707715351",8,3174.32283682008,4169.18862482566,"Endothelial","LogNormalize","Endothelial","author","Endothelial","author",0.204832515661601,0.120723820369222,0.33368682417137,0.440488985875842,0.306986380291162,-0.0659118097142139,NA,NA,0.440488985875842,"Endothelial","N5",0.182540847870784,-0.0375879994082781,-0.0493583349221692,-0.0235177330742447,1.43293287674114,1575.3536320121,870.367350996815,"bbox_scaled_and_y_flipped"
"W8-2_TGGCTATAGGTCGATT","W8-2",10022,2812,"W8-2","1276.921475","3191.37993333333","STB","STB","Slide-tags (SCP2601)",6738,2758,"STB",0,0.0334975451034519,0,0,0,0.966502454896548,0,0,0,0,0,0,0,0,0,0,0,0.966502454896548,"4.69538771297258","4.02917632390339",8,1276.921475,3191.37993333333,"STB","LogNormalize","STB","author","STB","author",-0.244076771516547,-0.140594986172947,1.42755196648644,-0.0484292308023157,-0.57523028079217,-0.114832923570948,NA,NA,1.42755196648644,"STB","N8",-0.126337949101586,-0.0514965690285652,0.148550313173882,-0.257409436959007,-3.16351607913781,547.77056500272,1446.28040514519,"bbox_scaled_and_y_flipped"
"W8-2_TGGGCATGTACGCGCA","W8-2",9993,3931,"W8-2","5638.65857627119","1234.53987118644","Hofbauer cells","Hofbauer cells","Slide-tags (SCP2601)",6919,3881,"myeloid_unknown",0,0,0,0,0,0,0,0,0,0,0,0,0.408704993582899,0,0,0,0.591295006417101,0.591295006417101,"-0.402117737276143","14.1771813326009",8,5638.65857627119,1234.53987118644,"Hofbauer cells","LogNormalize","Hofbauer cells","author","Hofbauer cells","author",-0.285004107874003,-0.169492719787994,0.19204415626127,-0.0895872145431684,-0.762021615419849,-0.177702885585703,NA,NA,0.19204415626127,"STB","N5",0.0916302708868637,0.124729030084254,-0.124193385382646,0.137238223812394,4.51910855103678,2909.97356443214,2598.82665113011,"bbox_scaled_and_y_flipped"
"W8-2_TGGTCAGTCGCACAAT","W8-2",6733,2716,"W8-2","754.812943333333","2402.24141666667","Hofbauer cells","Hofbauer cells","Slide-tags (SCP2601)",6444,2687,"myeloid_unknown",0,0,0,0,0,0,0,0,0,0,0,0,0.439124925745061,0,0,0,0.560875074254939,0.560875074254939,"-0.798487015707081","15.2853070192464",8,754.812943333333,2402.24141666667,"Hofbauer cells","LogNormalize","Hofbauer cells","author","Hofbauer cells","author",-0.26524867276527,-0.268668341865194,-0.489973643292533,-0.0733989171211085,-0.465299059569253,-0.144182622809339,NA,NA,-0.0733989171211085,"Endothelial","N3",0.0835234497727952,-0.0043401505753221,-0.0679306807216342,0.246825993682985,3.06324104526653,265.010208086378,1911.06986471319,"bbox_scaled_and_y_flipped"
"W8-2_TGGTCCTTCTCTAGCC","W8-2",603,426,"W8-2","4755.940875","1855.76645833333","STB","STB","Slide-tags (SCP2601)",4407,1853,"STB",0,0,0,0,0,0.975769929293297,0,0.0242300707067033,0,0,0,0,0,0,0,0,0,0.975769929293297,"0.218619666355068","2.00941643048603",8,4755.940875,1855.76645833333,"STB","LogNormalize","STB","author","STB","author",0.212474822892892,0.156334473944783,1.37329871039674,-0.00723943219890123,0.0322987124678136,-0.0239399830535814,NA,NA,1.37329871039674,"STB","N8",0.0906790154121806,0.141539599211941,-0.0115366419915875,-0.150807698748499,2.29490934945778,2431.91669094829,2232.93452495571,"bbox_scaled_and_y_flipped"
"W8-2_TGGTTCTGTGGAAACG","W8-2",12708,4347,"W8-2","1356.19967777778","4572.59833333333","vCTB","vCTB","Slide-tags (SCP2601)",6622,3511,"vCTB1",0,0,0,0,0,0,0,0.17331120111321,0,0,0.549089814910614,0,0,0.277598983976176,0,0,0,0.549089814910614,"-9.11709941242415","6.1439929895528",8,1356.19967777778,4572.59833333333,"vCTB","LogNormalize","vCTB","author","vCTB","author",-0.140859509775178,0.0287853449615267,-0.551431382097888,-0.120320285913164,-0.656274350813986,-0.187202215243774,NA,NA,0.0287853449615267,"vCTB","N5",-0.163078942486862,0.00992431636556194,-0.0967030642315612,-0.295432067262951,-1.26193038349259,590.705570951719,632.765743114624,"bbox_scaled_and_y_flipped"
"W8-2_TGTAAAGCACAGAACG","W8-2",5189,2208,"W8-2","1751.10481142857","4201.43699428571","FIB2","FIB2","Slide-tags (SCP2601)",5571,2192,"Fibroblast2",0.958376989891269,0,0,0,0,0,0,0,0,0,0,0,0,0,0,0.0416230101087306,0,0.958376989891269,"10.9014142670802","-4.48669567774456",8,1751.10481142857,4201.43699428571,"FIB2","LogNormalize","FIB2","author","FIB2","author",0.297283537372193,0.291438056854744,-0.410443254335187,-0.0489051218554728,0.960277027641642,-0.112340590456288,NA,NA,0.960277027641642,"Fibroblast","N3",0.121631781908685,-0.0539825289220695,-0.0784141747517535,-0.0847589429027673,0.674979330974701,804.575886732123,851.373597813155,"bbox_scaled_and_y_flipped"
"W8-2_TGTAACTCAAACAACA","W8-2",3749,2217,"W8-2","1587.91012903226","4432.49249462366","vCTB","vCTB","Slide-tags (SCP2601)",5391,2207,"vCTBp",0,0,0,0,0,0,0.390325840215182,0.177162620308261,0,0,0.242912626856641,0,0,0.189598912619915,0,0,0,0.390325840215182,"-7.87624133442122","6.00578364659626",8,1587.91012903226,4432.49249462366,"vCTB","LogNormalize","vCTB","author","vCTB","author",-0.219801215812794,-0.0705003357854611,-0.233621415496728,-0.0518110013751878,-0.72045413916388,-0.0912993267647899,NA,NA,-0.0518110013751878,"Endothelial","N3",-0.179181716302089,-0.0488285595819708,-0.0777731841875574,-0.173351054030877,-1.51695993046434,716.193905127788,715.285751555293,"bbox_scaled_and_y_flipped"
"W8-2_TGTCAATCAATTAAGG","W8-2",17591,5191,"W8-2","1700.70137209302","4686.07711627907","vCTB","vCTB","Slide-tags (SCP2601)",5914,2899,"vCTB1",0,0,0,0,0,0,0.120070334235559,0,0,0,0.879929665764441,0,0,0,0,0,0,0.879929665764441,"-6.4990454993077","6.25280579854328",8,1700.70137209302,4686.07711627907,"vCTB","LogNormalize","vCTB","author","vCTB1","author_refined_to_predicted",-0.16132413202211,-0.00359616910127941,-0.736874605549581,-0.0338450815537274,-0.838677903315356,-0.1410652486258,NA,NA,-0.00359616910127941,"vCTB","N3",-0.221167084862663,-0.0520378513615449,-0.0924376921191638,-0.108569204743496,-1.31663838728111,777.278699208992,565.92862759709,"bbox_scaled_and_y_flipped"
"W8-2_TGTCCTTCATCTAGCA","W8-2",12401,4020,"W8-2","2967.52412307692","2534.87670769231","vCTB","vCTB","Slide-tags (SCP2601)",6713,3350,"vCTB1",0,0,0,0,0,0,0,0.184393325760052,0,0,0.725099724829132,0,0,0.0905069494108161,0,0,0,0.725099724829132,"-8.74997485492904","6.53896531392414",8,2967.52412307692,2534.87670769231,"vCTB","LogNormalize","vCTB","author","vCTB","author",-0.288110923897951,-0.114481385327209,-0.250802129221274,-0.095458164270167,-0.742814125348022,-0.18129862900256,NA,NA,-0.095458164270167,"Endothelial","N3",-0.220694074010019,-0.023750728979599,-0.0636653086092369,-0.106705163425169,-1.10327558266753,1463.35684482842,1832.94988459126,"bbox_scaled_and_y_flipped"
"W8-2_TGTGATCAGCTGCACA","W8-2",979,643,"W8-2","5120.19623255814","1075.86703953488","FIB2","FIB2","Slide-tags (SCP2601)",4464,1537,"Fibroblast2",0.959903684992021,0,0,0,0,0,0,0,0.0201017357642266,0.0199945792437519,0,0,0,0,0,0,0,0.959903684992021,"10.7757962861232","-5.49630108545941",8,5120.19623255814,1075.86703953488,"FIB2","LogNormalize","FIB2","author","FIB2","author",0.152148831238153,-0.165298694193349,0.342353358307354,-0.0251000671695758,0.555981735717878,0.167838963504112,NA,NA,0.555981735717878,"Fibroblast","N4",-0.156006571725569,-0.00965003895872006,-0.0383840652728274,-0.208654750476169,-1.31923210759737,2629.18788776831,2692.28230956505,"bbox_scaled_and_y_flipped"
"W8-2_TGTGATCAGTCTATGA","W8-2",11134,3132,"W8-2","1057.32219907407","2603.85119444444","STB","STB","Slide-tags (SCP2601)",6747,2850,"STB",0,0.0998776309617245,0,0,0,0.900122369038276,0,0,0,0,0,0,0,0,0,0,0,0.900122369038276,"4.88249909068864","4.38327655125934",8,1057.32219907407,2603.85119444444,"STB","LogNormalize","STB","author","STB","author",-0.108445185341745,0.0312092682184766,0.793807309061895,0.0583365969943534,-0.642346934891714,-0.151866758544236,NA,NA,0.793807309061895,"STB","N3",-0.144888692318167,0.00418515699683448,0.383231982767096,0.063659522860264,-2.03729033562093,428.841327357109,1792.32505923497,"bbox_scaled_and_y_flipped"
"W8-2_TGTGATCAGTTAGTGC","W8-2",4775,1928,"W8-2","1055.93424210526","2530.57573684211","STB","STB","Slide-tags (SCP2601)",5555,1915,"STB",0,0.101950820027832,0,0,0,0.898049179972168,0,0,0,0,0,0,0,0,0,0,0,0.898049179972168,"5.01813255931657","3.22978267003376",8,1055.93424210526,2530.57573684211,"STB","LogNormalize","STB","author","STB","author",-0.195576269045714,-0.0742000779458538,1.35520985642458,-0.0389726596634381,-0.567455092816452,-0.0881385258094087,NA,NA,1.35520985642458,"STB","N3",-0.190769940055338,0.0899142087042716,0.581341216628537,-0.29138250600728,-4.53366508771426,428.089646079976,1835.48308487849,"bbox_scaled_and_y_flipped"
"W8-2_TGTGCAAGTGAGCAAG","W8-2",2202,1055,"W8-2","4718.40895652174","2099.20704347826","STB","STB","Slide-tags (SCP2601)",5019,1096,"STB",0,0.108736486511822,0,0,0,0.891263513488178,0,0,0,0,0,0,0,0,0,0,0,0.891263513488178,"4.16933523799699","3.39824089337665",8,4718.40895652174,2099.20704347826,"STB","LogNormalize","STB","author","STB","author",-0.169849958402444,-0.183395479530912,1.68012395387708,-0.0130785670633379,-0.306241655925923,-0.052249173392473,NA,NA,1.68012395387708,"STB","N8",0.118220167546618,0.0846421143456228,-0.0292936629276567,-0.226023074847727,1.34701328345702,2411.59038325362,2089.55206976347,"bbox_scaled_and_y_flipped"
"W8-2_TGTGCACCATCGCTCC","W8-2",7937,3210,"W8-2","2119.91404081633","4891.59691156463","vCTB","vCTB","Slide-tags (SCP2601)",6708,3186,"vCTB1",0,0,0,0,0,0,0,0.0662506754636678,0,0,0.752577039824845,0,0,0.181172284711488,0,0,0,0.752577039824845,"-8.41128505085189","6.37560662556965",8,2119.91404081633,4891.59691156463,"vCTB","LogNormalize","vCTB","author","vCTB","author",-0.29460524789035,0.119313123697823,-0.730627912661352,-0.070385472925598,-0.80313141979884,-0.148906051109054,NA,NA,0.119313123697823,"vCTB","N3",-0.243364840284732,-0.0797916877848882,-0.123541348497331,-0.154166296970003,-1.89750416848916,1004.31334170691,444.880886847094,"bbox_scaled_and_y_flipped"
"W8-2_TGTGCGGGTGCGCATG","W8-2",4398,2140,"W8-2","1186.5640972973","1455.63894054054","FIB2","FIB2","Slide-tags (SCP2601)",5398,2118,"Fibroblast2",1,0,0,0,0,0,0,0,0,0,0,0,0,0,0,0,0,1,"10.6396640458278","-3.80813470553082",8,1186.5640972973,1455.63894054054,"FIB2","LogNormalize","FIB2","author","FIB2","author",0.180996881128027,-0.24229353180656,-0.0410549710884642,-0.0482988499515328,1.33909690272259,-0.10249316329565,NA,NA,1.33909690272259,"Fibroblast","N8",-0.137540931691741,-0.0535046591547947,-0.0898536936101123,-0.0957388183590739,-0.796320221319968,498.835367012981,2468.60297710371,"bbox_scaled_and_y_flipped"
"W8-2_TGTGGAGCACTTAACG","W8-2",7505,2097,"W8-2","1443.36203575419","4281.87576536313","STB","STB","Slide-tags (SCP2601)",6477,2080,"STB",0,0.0194683038891881,0,0,0,0.980531696110812,0,0,0,0,0,0,0,0,0,0,0,0.980531696110812,"4.01577698375505","3.50093898106891",8,1443.36203575419,4281.87576536313,"STB","LogNormalize","STB","author","STB","author",-0.191392642256685,-0.0692600462378086,1.32826886027843,-0.0419036351831502,-0.570584993165067,-0.0959032805845668,NA,NA,1.32826886027843,"STB","N3",-0.127226299390142,-0.03870699217899,0.228267437442156,-0.168808087151479,-2.95572100389892,637.910429628141,803.996499689353,"bbox_scaled_and_y_flipped"
"W8-2_TGTGGAGCAGCATGAG","W8-2",10730,3690,"W8-2","5143.92639215686","604.591439215686","vCTB","vCTB","Slide-tags (SCP2601)",6856,3546,"vCTB1",0,0,0,0,0,0,0,0.114276313945681,0,0,0.82231316184712,0,0,0.0634105242071992,0,0,0,0.82231316184712,"-8.21949923847396","5.35473260213215",8,5143.92639215686,604.591439215686,"vCTB","LogNormalize","vCTB","author","vCTB","author",-0.314362634620294,-0.342727418110915,-0.805427437609522,-0.0800548935910571,-0.864107079546607,-0.188251497900848,NA,NA,-0.0800548935910571,"Endothelial","N5",-0.253189165328655,-0.0687571502751242,0.0161936398779897,-0.16871432563145,-2.76127152900917,2642.03952299518,2969.85579882419,"bbox_scaled_and_y_flipped"
"W8-2_TGTGGCCAGTCGCTAG","W8-2",237,217,"W8-2","2179.45430769231","2130.38426923077","STB","STB","Slide-tags (SCP2601)",4321,2363,"STB",0,0.0415730020537401,0.0225762553507182,0,0,0.638562356180317,0.20581039115679,0.0663775135083746,0.00520289407945281,0,0.0198975876706071,0,0,0,0,0,0,0.638562356180317,"-2.68370617244918","-8.72552672098797",8,2179.45430769231,2130.38426923077,"STB","LogNormalize","STB","author","STB","author",-0.0723343833959117,-0.00622137342646301,0.596329132253463,0,-0.232214022871161,-0.0492556462366955,NA,NA,0.596329132253463,"STB","N3",0.119700200495489,-0.00228392155311397,0.341195852742365,-0.0772569367682703,-1.20319195516953,1036.55879661071,2071.18920240585,"bbox_scaled_and_y_flipped"
"W8-2_TGTGGCGGTGCACGCA","W8-2",7080,3028,"W8-2","2363.89355172414","4782.64534482759","vCTB","vCTB","Slide-tags (SCP2601)",6565,3016,"vCTB1",0,0,0,0,0,0,0,0.208318302595224,0,0,0.600968675402969,0,0,0.190713022001808,0,0,0,0.600968675402969,"-8.41720641468245","6.06634291936237",8,2363.89355172414,4782.64534482759,"vCTB","LogNormalize","vCTB","author","vCTB","author",-0.301962675538142,-0.0775686823303527,-0.388188622647038,-0.0466857030904868,-0.816506029398347,-0.164954975435219,NA,NA,-0.0466857030904868,"Endothelial","N7",-0.286389715316984,0.065572460341865,-0.111483427088014,-0.0659778589443267,0.257523312744095,1136.44627844393,509.051547324673,"bbox_scaled_and_y_flipped"
"W8-2_TGTGGCGGTTTACCGT","W8-2",1085,649,"W8-2","4746.77011414392","2288.76012406948","STB","STB","Slide-tags (SCP2601)",4839,1372,"STB",0,0.154998099585698,0,0,0,0.845001900414302,0,0,0,0,0,0,0,0,0,0,0,0.845001900414302,"4.23002134944718","1.8229742937215",8,4746.77011414392,2288.76012406948,"STB","LogNormalize","STB","author","STB","author",-0.192653992488226,-0.182090955278449,1.23730785358952,-0.0193684969809346,-0.116387360266041,-0.0694751255160582,NA,NA,1.23730785358952,"STB","N4",0.179961954617518,-0.0184609557713881,-0.0237462284564175,0.0159765217780246,1.75397642504957,2426.95004616931,1977.90845837369,"bbox_scaled_and_y_flipped"
"W8-2_TGTGTTAAGGCTAATC","W8-2",3691,1687,"W8-2","4770.90990697674","4273.45395348837","EVT-progenitor","EVT-progenitor","Slide-tags (SCP2601)",5216,1671,"EVT2",0,0,1,0,0,0,0,0,0,0,0,0,0,0,0,0,0,1,"-3.50147140835006","2.43033823300678",8,4770.90990697674,4273.45395348837,"EVT-progenitor","LogNormalize","EVT-progenitor","author","EVT-progenitor","author",1.12717174724025,1.71035415469695,-0.243240899244953,-0.0490104067062587,-0.275768462996336,-0.120304587194674,NA,NA,1.71035415469695,"vCTB","N5",0.366737117648982,0.113303807092866,-0.0575700692549609,-0.257672732329995,3.1348487502072,2440.02352806685,808.956806792835,"bbox_scaled_and_y_flipped"
"W8-2_TGTTACTTCACTCGCT","W8-2",1999,1109,"W8-2","2768.4383125","5065.1643125","vCTB","vCTB","Slide-tags (SCP2601)",4797,1229,"vCTB2",0,0,0,0,0,0,0,0.630928889964534,0,0,0.102639837272177,0,0,0.266431272763288,0,0,0,0.630928889964534,"-8.53947032306868","3.71803840924579",8,2768.4383125,5065.1643125,"vCTB","LogNormalize","vCTB","author","vCTB","author",0.0447169628258032,0.0572688789251955,-0.211918965642406,-0.0302527412792836,-0.431987996581376,-0.0911126807411401,NA,NA,0.0572688789251955,"vCTB","N5",-0.164257207007161,-0.0265441186142871,-0.0418040659184316,-0.246228606325195,-1.798423514987,1355.53716474005,342.652574864383,"bbox_scaled_and_y_flipped"
"W8-2_TGTTAGCAGGAGCATA","W8-2",19753,4929,"W8-2","5211.33758139535","2301.90730232558","EVT","EVT","Slide-tags (SCP2601)",6163,2634,"EVT2",0,0.101476547428569,0.531422361789243,0.342401279596662,0,0,0,0,0.0246998111855268,0,0,0,0,0,0,0,0,0.531422361789243,"-2.54373157833297","4.92730769444782",8,5211.33758139535,2301.90730232558,"EVT","LogNormalize","EVT","author","EVT","author",0.418584105786809,0.178507806932315,-0.657788649353204,-0.0551130449105135,-0.73484050375288,-0.150081597603767,NA,NA,0.418584105786809,"EVT","N7",0.0403499555014021,0.213399390414233,-0.102760108424315,-0.141973991307229,3.5864332826255,2678.54766406766,1970.16498907465,"bbox_scaled_and_y_flipped"
"W8-2_TGTTCATTCAAGCTAC","W8-2",1886,889,"W8-2","2564.7528","3285.76893333333","vCTB","vCTB","Slide-tags (SCP2601)",4832,1057,"vCTB2",0,0,0,0,0,0,0,0.399286248278891,0,0,0.22800046421233,0,0,0.372713287508779,0,0,0,0.399286248278891,"-8.6697784743138","3.0194219045766",8,2564.7528,3285.76893333333,"vCTB","LogNormalize","vCTB","author","vCTB","author",0.0996608533675788,0.363178851439083,0.226434901933686,-0.0177553501198886,-0.390570604137779,-0.0661138389348938,NA,NA,0.363178851439083,"vCTB","N5",-0.169034441851536,0.0743394797518771,-0.0253201986405055,-0.0430186821919625,0.650272474981516,1245.22640611418,1390.68685423796,"bbox_scaled_and_y_flipped"
"W8-2_TTAAGGTGTTGGCCGA","W8-2",8611,2679,"W8-2","2948.95429268293","3912.78219512195","STB","STB","Slide-tags (SCP2601)",6583,2666,"STB",0,0.0878059830053209,0,0,0,0.912194016994679,0,0,0,0,0,0,0,0,0,0,0,0.912194016994679,"4.8157328286342","4.52991875935871",8,2948.95429268293,3912.78219512195,"STB","LogNormalize","STB","author","STB","author",-0.123527713500355,-0.142999298844429,1.36704481675663,0.0730260310937277,-0.736919480060204,-0.131515248110651,NA,NA,1.36704481675663,"STB","N8",-0.24730802832326,0.0126223664368114,0.424681045121291,-0.262808169216412,-4.74454746245322,1453.29990924585,1021.38647295673,"bbox_scaled_and_y_flipped"
"W8-2_TTAATCGAGGACCTCA","W8-2",7720,2373,"W8-2","1509.5254192","4552.109472","STB","STB","Slide-tags (SCP2601)",6560,2359,"STB",0,0.0447004542838586,0,0,0,0.955299545716141,0,0,0,0,0,0,0,0,0,0,0,0.955299545716141,"3.73231493617814","3.46242627431232",8,1509.5254192,4552.109472,"STB","LogNormalize","STB","author","STB","author",-0.224740344652166,-0.236836807014257,1.06873662307955,0.0883240169220517,-0.706247306067697,-0.109024145123429,NA,NA,1.06873662307955,"STB","N3",0.0310426146299082,-0.0454953442726269,0.49539119416086,-0.0212591788780387,-2.90489994090938,673.74279164339,644.833341622561,"bbox_scaled_and_y_flipped"
"W8-2_TTACAGCAGTAGCGGG","W8-2",2766,1114,"W8-2","2555.3212","4942.5891","STB-progenitor","STB-progenitor","Slide-tags (SCP2601)",5281,1108,"STB",0,0,0,0,0,0.640125047853465,0,0.0624038149715662,0,0,0.248333827741415,0,0,0.0491373094335537,0,0,0,0.640125047853465,"1.71978592063707","1.28853174973804",8,2555.3212,4942.5891,"STB-progenitor","LogNormalize","STB-progenitor","author","STB-progenitor","author",-0.164161886098355,0.0369743472881607,0.0205785830960536,-0.0302527412792836,-0.45625903999373,-0.087090367930023,NA,NA,0.0369743472881607,"vCTB","N4",-0.139296128198715,-0.0261339282626065,-0.0467738792180076,-0.178766909295915,-1.21081314163112,1240.11849766117,414.847336076848,"bbox_scaled_and_y_flipped"
"W8-2_TTACCTGTCACATTGA","W8-2",31266,6784,"W8-2","1933.69213333333","792.392613333333","vCTB","vCTB","Slide-tags (SCP2601)",6310,3415,"vCTB1",0,0,0,0,0,0,0.143832531716164,0,0,0,0.856167468283836,0,0,0,0,0,0,0.856167468283836,"-6.73141110752303","6.60255202580768",8,1933.69213333333,792.392613333333,"vCTB","LogNormalize","vCTB","author","vCTB1","author_refined_to_predicted",-0.284887841972689,-0.307368154123198,-0.49780518273166,-0.0797116632136926,-0.796081736966617,-0.154295270292128,NA,NA,-0.0797116632136926,"Endothelial","N8",-0.273047256256511,-0.0746001982292379,0.0375319227257555,0.0232129537558751,-1.92294320083441,903.460415865139,2859.24403120564,"bbox_scaled_and_y_flipped"
"W8-2_TTACGTTTCTGTTGCC","W8-2",3521,2027,"W8-2","1334.9797641791","2516.63032835821","vCTB","vCTB","Slide-tags (SCP2601)",5476,2005,"vCTB2",0,0,0,0,0,0,0.0173163880297743,0.750722097466483,0,0,0.0323128147189414,0,0,0.199648699784802,0,0,0,0.750722097466483,"-7.67524684284407","3.88950976659137",8,1334.9797641791,2516.63032835821,"vCTB","LogNormalize","vCTB","author","vCTB","author",0.00897598559852331,0.297711264270125,-0.635093974828134,-0.0476101093717942,-0.714106320280477,-0.131009695444268,NA,NA,0.297711264270125,"vCTB","N3",-0.125662712098818,0.0246945698374069,-0.0752042076275841,-0.3554109648419,-1.3472595847991,579.213419456429,1843.69669850372,"bbox_scaled_and_y_flipped"
"W8-2_TTAGCAGGTCATGAGC","W8-2",9928,3981,"W8-2","3508.818","5342.32493333333","vCTB","vCTB","Slide-tags (SCP2601)",6855,3930,"vCTB1",0,0,0,0,0,0,0,0.100953717085157,0,0,0.8227741305599,0,0,0.0762721523549431,0,0,0,0.8227741305599,"-6.71272195194442","3.94780263234455",8,3508.818,5342.32493333333,"vCTB","LogNormalize","vCTB","author","vCTB","author",-0.200483013456101,0.319167772042796,-0.662653329322436,-0.101878475038547,-0.885311513802968,-0.202524382984363,NA,NA,0.319167772042796,"vCTB","N5",-0.201413305757792,-0.0853068546295272,-0.0965965752025235,-0.250630376218802,-2.48261583316321,1756.50748411565,179.409579560086,"bbox_scaled_and_y_flipped"
"W8-2_TTAGCTGCATAGCTTG","W8-2",6888,3097,"W8-2","2930.78575","4721.494","vCTB","vCTB","Slide-tags (SCP2601)",6537,3072,"vCTB3",0,0,0,0,0,0,0,0.21480893922223,0,0,0.369198292703468,0,0,0.415992768074303,0,0,0,0.415992768074303,"-8.37831462238509","5.71101960469562",8,2930.78575,4721.494,"vCTB","LogNormalize","vCTB","author","vCTB","author",-0.124319101574302,0.0539816558200503,-0.447186285604784,-0.0642031076837968,-0.824126282073507,-0.134665883339327,NA,NA,0.0539816558200503,"vCTB","N5",-0.196105307053618,-0.0610332081516599,-0.10337638195261,-0.0898496785747415,-1.11224964831001,1443.46030061645,545.068672219716,"bbox_scaled_and_y_flipped"
"W8-2_TTAGGAACATAGCAGG","W8-2",8948,2488,"W8-2","4884.89683950617","516.074491358025","STB","STB","Slide-tags (SCP2601)",6546,2465,"STB",0,0.0502855861633027,0,0,0,0.949714413836697,0,0,0,0,0,0,0,0,0,0,0,0.949714413836697,"3.49368988658708","2.85811194707233",8,4884.89683950617,516.074491358025,"STB","LogNormalize","STB","author","STB","author",-0.223874230061511,0.0372390836866175,1.8436941175499,0.064411397560359,-0.47696103656105,-0.119097134828526,NA,NA,1.8436941175499,"STB","N5",-0.225458309829794,0.0063004663530976,0.0763504218638721,0.0301316780955879,-0.769022214449175,2501.75587636412,3021.99080869692,"bbox_scaled_and_y_flipped"
"W8-2_TTATCCGTCCTGATGG","W8-2",13032,3935,"W8-2","1408.661144","1934.65086666667","FIB2","FIB2","Slide-tags (SCP2601)",6572,2978,"Fibroblast2",0.985768249858136,0,0,0,0,0,0,0,0,0,0,0,0,0,0,0.0142317501418642,0,0.985768249858136,"12.4822152772121","-5.00082627009076",8,1408.661144,1934.65086666667,"FIB2","LogNormalize","FIB2","author","FIB2","author",0.0401269675559257,-0.247378720589365,-0.514952192275537,-0.120558231439743,1.18221848945733,-0.157618963914514,NA,NA,1.18221848945733,"Fibroblast","N8",0.0338359307360546,-0.086330416753026,-0.107422124332993,-0.0603094015593487,0.0688082586782763,619.117332134775,2186.47292063247,"bbox_scaled_and_y_flipped"
"W8-2_TTATGCGCACTTGTTC","W8-2",4897,2017,"W8-2","938.617637931034","4355.15231034483","Hofbauer cells","Hofbauer cells","Slide-tags (SCP2601)",5519,2005,"myeloid_unknown",0,0,0,0,0,0,0,0,0,0,0,0,0.415800713014502,0,0,0,0.584199286985498,0.584199286985498,"-1.25821615074355","14.9234286241658",8,938.617637931034,4355.15231034483,"Hofbauer cells","LogNormalize","Hofbauer cells","author","Hofbauer cells","author",-0.166891939568162,-0.234305985270068,-0.0751342896991475,-0.0452854057560222,-0.58550416148832,-0.0945066149701826,NA,NA,-0.0452854057560222,"Endothelial","N3",-0.031248615072615,0.0186215715938621,-0.0485793586149991,-0.155764346111468,0.155448722498756,364.554034503921,760.837833597477,"bbox_scaled_and_y_flipped"
"W8-2_TTCCCACAGACAGGCG","W8-2",3488,1855,"W8-2","5160.47618181818","1442.30712272727","STB","STB","Slide-tags (SCP2601)",5560,1841,"STB",0,0.146200647085905,0,0,0,0.853799352914095,0,0,0,0,0,0,0,0,0,0,0,0.853799352914095,"3.83176361705583","2.87333831120807",8,5160.47618181818,1442.30712272727,"STB","LogNormalize","STB","author","STB","author",-0.014894873676987,0.0244519984497578,0.824109916668103,-0.0288250681198123,-0.712221888822332,-0.0797729959612581,NA,NA,0.824109916668103,"STB","N4",-0.2057320247886,0.110839902316231,-0.0684266579042569,-0.33052342117363,-0.545736271376077,2651.00245722762,2476.45519603057,"bbox_scaled_and_y_flipped"
"W8-2_TTCCTTCTCTCGCCTG","W8-2",8623,2782,"W8-2","2126.93703092784","1809.17104123711","vCTB","vCTB","Slide-tags (SCP2601)",6656,2761,"vCTB1",0,0,0,0,0,0,0.212399590573718,0,0,0,0.787600409426282,0,0,0,0,0,0,0.787600409426282,"-6.16768515918929","5.89607247639972",8,2126.93703092784,1809.17104123711,"vCTB","LogNormalize","vCTB","author","vCTB","author",-0.011724199645684,0.0992135287008722,-0.516321732715398,0.0568264551590836,-0.596584937609095,-0.14132201763005,NA,NA,0.0992135287008722,"vCTB","N5",-0.130392331443926,-0.0673144253411868,-0.0969954292519173,-0.166218406724157,-1.32243588060418,1008.11680989429,2260.37845054431,"bbox_scaled_and_y_flipped"
"W8-2_TTCCTTGAGCAAGGAC","W8-2",8467,3742,"W8-2","992.367191111111","4157.6712","vCTB","vCTB","Slide-tags (SCP2601)",6686,3704,"vCTB2",0,0,0,0,0,0,0.250439266537666,0.517387191224161,0,0,0.108838524005811,0,0,0.123335018232362,0,0,0,0.517387191224161,"-7.68240846012313","4.48171958257038",8,992.367191111111,4157.6712,"vCTB","LogNormalize","vCTB","author","vCTB","author",-0.317323484970517,-0.203012308585922,-0.530914752453441,-0.0959340553233241,-0.83576534297077,-0.192140599036702,NA,NA,-0.0959340553233241,"Endothelial","N8",-0.30491171860441,-0.0815716371125274,0.0129250739731274,-0.1491002913788,-3.08918006835149,393.663389972174,877.150922635095,"bbox_scaled_and_y_flipped"
"W8-2_TTCGCAACACATTGCA","W8-2",3016,1594,"W8-2","4966.09643093923","3733.68784530387","FIB2","FIB2","Slide-tags (SCP2601)",5402,1572,"Fibroblast2",0.951382364841126,0,0,0,0,0,0,0,0,0,0,0,0,0,0,0.0486176351588739,0,0.951382364841126,"11.2251866975002","-5.31766501139325",8,4966.09643093923,3733.68784530387,"FIB2","LogNormalize","FIB2","author","FIB2","author",0.32821681954739,-0.246935014792595,-0.421606767718928,-0.0519710378759873,2.28291956364138,-0.0951195321045417,NA,NA,2.28291956364138,"Fibroblast","N1",0.0497040733356093,-0.0499943154928884,-0.0951946942232158,-0.0887032147108452,0.397130361561861,2545.73145627234,1126.87006589456,"bbox_scaled_and_y_flipped"
"W8-2_TTCGCAACAGGTTATT","W8-2",11068,3764,"W8-2","2891.78481132075","377.683543396226","vCTB","vCTB","Slide-tags (SCP2601)",6852,3477,"vCTB1",0,0,0,0,0,0,0,0.0749102753294207,0,0,0.845079901434872,0,0,0.080009823235707,0,0,0,0.845079901434872,"-7.81270135257918","6.58964404393512",8,2891.78481132075,377.683543396226,"vCTB","LogNormalize","vCTB","author","vCTB","author",-0.0282969449807072,0.318421890985413,-0.0991005010909827,-0.106555258095097,-0.799036882776102,-0.199593015974401,NA,NA,0.318421890985413,"vCTB","N8",-0.236067961478328,-0.0900002612092496,-0.120342803658941,0.0491355146651284,-0.780778353654087,1422.33840991335,3103.50077501306,"bbox_scaled_and_y_flipped"
"W8-2_TTGACATCAACTAGAA","W8-2",3354,1542,"W8-2","2050.81886363636","960.500403409091","STB","STB","Slide-tags (SCP2601)",5636,1529,"STB",0,0,0,0,0,1,0,0,0,0,0,0,0,0,0,0,0,1,"5.20030771877092","3.68713959981281",8,2050.81886363636,960.500403409091,"STB","LogNormalize","STB","author","STB","author",-0.214263039763364,-0.232256541569286,0.975382137953496,-0.0225374180272252,-0.625196308258926,-0.10085156291276,NA,NA,0.975382137953496,"STB","N5",-0.105370868037539,0.135792480243784,-0.0471296136308967,0.100628945143956,2.84049398825853,966.893196707099,2760.23133920256,"bbox_scaled_and_y_flipped"
"W8-2_TTGACATCAATGAAGC","W8-2",7897,3027,"W8-2","1758.01664197531","1496.12544691358","FIB2","FIB2","Slide-tags (SCP2601)",6709,3001,"Fibroblast2",0.990716214495712,0,0,0,0,0,0,0,0,0,0,0,0,0,0,0.00928378550428929,0,0.990716214495712,"11.7097467103175","-4.83609286020916",8,1758.01664197531,1496.12544691358,"FIB2","LogNormalize","FIB2","author","FIB2","author",0.269622477700132,-0.300098556346928,-0.502138710678707,-0.090332865985466,0.690549138776395,-0.159114920862,NA,NA,0.690549138776395,"Fibroblast","N8",-0.0386396909085546,-0.0673133881046245,-0.101537148814923,0.0349842182201452,0.448963622958089,808.319153799801,2444.75709831375,"bbox_scaled_and_y_flipped"
"W8-2_TTGATGTCAAACAACA","W8-2",10620,3416,"W8-2","1934.33889655172","4486.18227586207","FIB1","FIB1","Slide-tags (SCP2601)",6917,3238,"Fibroblast1",0.00738027105735368,0,0,0,0,0,0,0,0.0537445423129886,0.938875186629658,0,0,0,0,0,0,0,0.938875186629658,"11.1932319321803","-11.9165400571696",8,1934.33889655172,4486.18227586207,"FIB1","LogNormalize","FIB1","author","FIB1","author",0.321363117074989,-0.263480296989297,-0.600793998279997,0.0377656885614143,1.10962870082053,-0.18267058739511,NA,NA,1.10962870082053,"Fibroblast","N3",-0.270777148232504,-0.0926473697914536,-0.12385975064213,0.113248489243028,-0.604543554688915,903.810685947661,683.663363496561,"bbox_scaled_and_y_flipped"
"W8-2_TTGCAACAGTTATGTG","W8-2",1484,777,"W8-2","4499.66210344828","4033.42872413793","FIB2","FIB2","Slide-tags (SCP2601)",4658,1247,"Fibroblast2",1,0,0,0,0,0,0,0,0,0,0,0,0,0,0,0,0,1,"8.85198532726091","-6.48447790812176",8,4499.66210344828,4033.42872413793,"FIB2","LogNormalize","FIB2","author","FIB2","author",0.207942317651752,0.100744808676449,0.390067362184501,-0.0277953769877189,3.16327181175661,-0.0584829261002951,NA,NA,3.16327181175661,"Fibroblast","N5",0.261903580995074,-0.024486053278592,-0.0409092346864151,-0.229515155426551,0.761862219225636,2293.12279558189,950.327674234098,"bbox_scaled_and_y_flipped"
"W8-2_TTGCAAGGTTGAGGTC","W8-2",5113,1849,"W8-2","1689.63702762431","1458.15677016575","STB","STB","Slide-tags (SCP2601)",5634,1831,"STB",0,0.0365327693452249,0,0,0,0.963467230654775,0,0,0,0,0,0,0,0,0,0,0,0.963467230654775,"4.57286440517228","3.12170275975544",8,1689.63702762431,1458.15677016575,"STB","LogNormalize","STB","author","STB","author",-0.0592989953178809,0.0518716214222633,1.57329109060274,-0.0375723623289736,-0.60306344273848,-0.081892869199933,NA,NA,1.57329109060274,"STB","N8",0.00981193038027497,-0.0317583888104037,-0.037325715747959,-0.126484005139273,-0.175212922170628,771.286538956351,2467.12001733674,"bbox_scaled_and_y_flipped"
"W8-2_TTGCTCTCACAGAAAC","W8-2",4399,1689,"W8-2","1483.48904516129","4119.11330645161","STB","STB","Slide-tags (SCP2601)",5550,1680,"STB",0,0,0,0,0,1,0,0,0,0,0,0,0,0,0,0,0,1,"4.31250178005021","4.1432138376363",8,1483.48904516129,4119.11330645161,"STB","LogNormalize","STB","author","STB","author",-0.0463119053723404,-0.221050479685684,1.44621321237228,0.109353572939017,-0.590714879863004,-0.0830951459887476,NA,NA,1.44621321237228,"STB","N3",-0.111095185505778,-0.0207593519173037,0.352327446205729,0.0321668135096242,-2.17624407855009,659.642170853893,899.860880552415,"bbox_scaled_and_y_flipped"
"W8-2_TTGCTTTAGCTAGAAG","W8-2",41603,8154,"W8-2","2024.64608208595","3702.94766489619","vCTB","vCTB","Slide-tags (SCP2601)",5959,3419,"vCTB2",0,0,0,0,0,0,0.0365415213379816,0.655905251988084,0,0,0.154706216753226,0,0,0.152847009920709,0,0,0,0.655905251988084,"-6.57239211414534","3.76353606511432",8,2024.64608208595,3702.94766489619,"vCTB","LogNormalize","vCTB","author","vCTB","author",-0.184789288212804,0.464001108182485,-0.774071566068685,-0.0774922444487065,-0.865347933573181,-0.185275187235771,NA,NA,0.464001108182485,"vCTB","N5",-0.170130256050056,-0.0613286575403755,-0.0934593433666959,-0.169729381629241,-1.51292945161219,952.718701168665,1144.97552081401,"bbox_scaled_and_y_flipped"
"W8-2_TTGCTTTAGGTAACGA","W8-2",2209,1010,"W8-2","3706.06089361702","2746.38736170213","STB","STB","Slide-tags (SCP2601)",5003,1052,"STB",0,0.108025791864155,0,0,0,0.891974208135845,0,0,0,0,0,0,0,0,0,0,0,0.891974208135845,"4.06155907298844","2.23926982213337",8,3706.06089361702,2746.38736170213,"STB","LogNormalize","STB","author","STB","author",-0.188596977180343,0.0718898913929109,1.76269487284025,0.202573379517673,-0.48977368527304,-0.0448435334035599,NA,NA,1.76269487284025,"STB","N8",-0.0500081649406939,-0.0273822035237768,0.173297285289904,0.0397156032880784,-0.758993438502305,1863.32908846738,1708.37362770628,"bbox_scaled_and_y_flipped"
"W8-2_TTGGAGGCACAGGATG","W8-2",6667,2738,"W8-2","3126.2021875","4788.52396875","Hofbauer cells","Hofbauer cells","Slide-tags (SCP2601)",6429,2711,"myeloid_unknown",0,0,0,0,0,0,0,0,0,0,0,0,0.421909120332815,0,0,0,0.578090879667185,0.578090879667185,"-0.563452281696385","15.4011364870198",8,3126.2021875,4788.52396875,"Hofbauer cells","LogNormalize","Hofbauer cells","author","Hofbauer cells","author",-0.251222098211058,-0.264081206157967,-0.519565691466182,-0.0767806876939806,-0.261182127842024,-0.138706757451699,NA,NA,-0.0767806876939806,"Endothelial","N5",-0.165228921327436,0.00116523845568987,-0.0874452908063503,0.21167830811163,1.62242630804597,1549.29274399452,505.589135621032,"bbox_scaled_and_y_flipped"
"W8-2_TTGGATCAGCTAATCA","W8-2",2220,1199,"W8-2","5023.74578231293","777.502043537415","FIB2","FIB2","Slide-tags (SCP2601)",4821,1235,"Fibroblast2",0.973351220111255,0,0,0,0,0,0,0,0,0,0,0,0,0,0,0.0266487798887448,0,0.973351220111255,"11.1867240586452","-4.19438925455731",8,5023.74578231293,777.502043537415,"FIB2","LogNormalize","FIB2","author","FIB2","author",0.405121726920715,-0.199488664801834,-0.237280887696293,-0.0400803804337748,1.2916914818205,-0.0860692045429457,NA,NA,1.2916914818205,"Fibroblast","N8",-0.0523055145421831,-0.0437319440109141,-0.0570630457512196,-0.0630590353817017,-0.183844489649278,2576.95284068142,2868.01432912158,"bbox_scaled_and_y_flipped"
"W8-2_TTGGATCAGTCACCTC","W8-2",7225,2884,"W8-2","2357.13889940828","1062.71309349112","FIB2","FIB2","Slide-tags (SCP2601)",6600,2861,"Fibroblast2",1,0,0,0,0,0,0,0,0,0,0,0,0,0,0,0,0,1,"12.5154660859279","-6.62767019938153",8,2357.13889940828,1062.71309349112,"FIB2","LogNormalize","FIB2","author","FIB2","author",0.0989462393683705,-0.298691873827291,-0.611258488095398,-0.0516806205244048,0.887420381811588,-0.155454861565982,NA,NA,0.887420381811588,"Fibroblast","N8",-0.197152766408411,-0.0798926205661449,-0.114913023944198,-0.237034595206387,-2.18995837635876,1132.7881350047,2700.02976497845,"bbox_scaled_and_y_flipped"
"W8-2_TTGGATCAGTTTGAGC","W8-2",7820,3152,"W8-2","2643.184","5107.44312820513","Endothelial","Endothelial","Slide-tags (SCP2601)",6675,3107,"Endothelial_cells",0,0,0,0,1,0,0,0,0,0,0,0,0,0,0,0,0,1,"10.127991072195","4.58914908696491",8,2643.184,5107.44312820513,"Endothelial","LogNormalize","Endothelial","author","Endothelial","author",-0.250472045733786,-0.270602773234647,-0.157257031446293,1.02016449900377,-0.533994990885533,-0.167427844152593,NA,NA,1.02016449900377,"Endothelial","N5",-0.270101522086585,-0.0149669518616933,0.0410178613358727,-0.127636864907355,-2.04468385533962,1287.70269746032,317.751055691592,"bbox_scaled_and_y_flipped"
"W8-2_TTGGATTCAGGCTACT","W8-2",6596,2779,"W8-2","1303.77231578947","1320.03996023392","FIB2","FIB2","Slide-tags (SCP2601)",6389,2748,"Fibroblast2",1,0,0,0,0,0,0,0,0,0,0,0,0,0,0,0,0,1,"10.9769204774074","-4.07945004175824",8,1303.77231578947,1320.03996023392,"FIB2","LogNormalize","FIB2","author","FIB2","author",0.343607775491671,-0.282904974631194,-0.460633996992233,-0.0961720008499027,1.31387030106102,0.0705181014862182,NA,NA,1.31387030106102,"Fibroblast","N8",-0.0351597877268449,-0.0699251358929763,0.160780329601281,0.00410054269026844,-1.38041169496461,562.312279731836,2548.46852091331,"bbox_scaled_and_y_flipped"
"W8-2_TTGGCTACAATATACC","W8-2",8554,3042,"W8-2","1398.90099789474","1654.39054736842","Hofbauer cells","Hofbauer cells","Slide-tags (SCP2601)",6652,3006,"myeloid_unknown",0,0,0,0,0,0,0,0,0,0,0,0,0.433401760897411,0,0,0,0.566598239102589,0.566598239102589,"-1.00271076772887","14.7075262956746",8,1398.90099789474,1654.39054736842,"Hofbauer cells","LogNormalize","Hofbauer cells","author","Hofbauer cells","author",-0.216893714494125,-0.297038057529669,-0.59667353471446,-0.0943231882872878,-0.309597600319136,0.262948946193525,NA,NA,0.262948946193525,"Macrophage","N8",-0.0602739780332152,-0.0250041355493438,0.0372147126654021,0.0883032055754537,0.352538171624937,613.83149168419,2351.54158677137,"bbox_scaled_and_y_flipped"
"W8-2_TTGGCTACATAATGAG","W8-2",8180,2772,"W8-2","766.856937313433","3038.13579104478","EVT","EVT","Slide-tags (SCP2601)",6656,2744,"EVT3",0,0,0,1,0,0,0,0,0,0,0,0,0,0,0,0,0,1,"-2.01836217258651","4.28263339330036",8,766.856937313433,3038.13579104478,"EVT","LogNormalize","EVT","author","EVT3","author_refined_to_predicted",0.459672018459555,0.480747295336009,-0.296064670632104,-0.0618192133804562,-0.626616913831022,-0.123088877474425,NA,NA,0.480747295336009,"vCTB","N3",0.221376233658377,0.223922598081677,-0.092012312604463,-0.124324627900239,4.80246623566915,271.532920951537,1536.53865584764,"bbox_scaled_and_y_flipped"
"W8-2_TTGGGTTAGGCTATGT","W8-2",2748,1687,"W8-2","1435.85074117647","4405.988","vCTB","vCTB","Slide-tags (SCP2601)",5328,1678,"vCTB3",0,0,0,0,0,0,0,0.342579031938101,0,0,0.225107601840873,0,0,0.432313366221026,0,0,0,0.432313366221026,"-8.75087321613509","5.85344466496784",8,1435.85074117647,4405.988,"vCTB","LogNormalize","vCTB","author","vCTB","author",-0.184269350270801,-0.21885290214384,-0.324469641966112,-0.0522089834025658,-0.643015900949213,-0.091390365564333,NA,NA,-0.0522089834025658,"Endothelial","N3",-0.197608248553451,-0.0385747077273185,-0.0529192658473878,-0.275498493528078,-2.25816293568243,633.842508483624,730.896458005524,"bbox_scaled_and_y_flipped"
"W8-2_TTGTAAGTCCTTAATC","W8-2",8895,3462,"W8-2","1758.58396174863","2149.55002185792","Hofbauer cells","Hofbauer cells","Slide-tags (SCP2601)",6686,3390,"Maternal fibroblast",0.0217009949347668,0,0,0,0.00024977059531527,0,0,0,0.110026275911434,0,0,0,0,0,0.868022958558484,0,0,0.868022958558484,"8.62512146617692","5.02183112431842",8,1758.58396174863,2149.55002185792,"Hofbauer cells","LogNormalize","Hofbauer cells","author","Hofbauer cells","author",0.109475808076983,-0.12544178509369,-0.225721425076868,0.108700986283546,1.76334853314004,0.0987383785913268,NA,NA,1.76334853314004,"Fibroblast","N3",1.10506693542902,-0.00797781358413999,-0.0945874836432654,0.16892362394078,8.55023967479072,808.62639938546,2059.9008929169,"bbox_scaled_and_y_flipped"
"W8-2_TTGTCCATCCTTAGTT","W8-2",12964,4069,"W8-2","1021.22782222222","980.758244444444","FIB2","FIB2","Slide-tags (SCP2601)",6582,3156,"Fibroblast2",0.967990373234675,0,0,0,0,0,0,0,0,0,0,0,0,0,0,0.0320096267653256,0,0.967990373234675,"11.944023481863","-4.74315920542401",8,1021.22782222222,980.758244444444,"FIB2","LogNormalize","FIB2","author","FIB2","author",0.2144356418652,-0.264629992707994,-0.580114275614945,-0.111575271529013,1.01725095514733,-0.169508280905251,NA,NA,1.01725095514733,"Fibroblast","N8",0.00994298260545309,-0.102211314805884,-0.112813379695201,-0.159876770343996,-0.849511288797375,409.293554696274,2748.29980780728,"bbox_scaled_and_y_flipped"
"W8-2_TTGTCCCAGTAACTCA","W8-2",2053,1333,"W8-2","1724.72420512821","2156.46866666667","Hofbauer cells","Hofbauer cells","Slide-tags (SCP2601)",4639,1423,"maternal macrophages",0,0,0,0,0,0,0,0,0.0587325206795589,0,0,0.88437664643382,0.0372346350665693,0,0,0,0.0196561978200519,0.88437664643382,"-1.32797826145369","11.6667433672078",8,1724.72420512821,2156.46866666667,"Hofbauer cells","LogNormalize","Hofbauer cells","author","Hofbauer cells","author",-0.164689229157782,-0.196358330958979,0.591099197649997,0.168259125773354,-0.231172169299742,-0.111323275962837,NA,NA,0.591099197649997,"STB","N3",-0.105294973258263,0.0706676868610371,-0.0760066600946618,-0.247276028705479,0.0431888189251359,790.288838732069,2055.8259262112,"bbox_scaled_and_y_flipped"
"W8-2_TTGTGCCTCACACAGT","W8-2",5590,2421,"W8-2","1478.1030875","1886.5435625","Endothelial","Endothelial","Slide-tags (SCP2601)",5665,2389,"Endothelial_cells",0,0,0,0,1,0,0,0,0,0,0,0,0,0,0,0,0,1,"10.3564942994289","4.38936337758381",8,1478.1030875,1886.5435625,"Endothelial","LogNormalize","Endothelial","author","Endothelial","author",-0.232994616682501,-0.213902172143696,-0.544779987662658,0.981869287244192,-0.640595544909002,-0.122744241140386,NA,NA,0.981869287244192,"Endothelial","N8",-0.0259477309320649,-0.0580360192820333,-0.0802782529294381,-0.155915075968557,-0.642507000513666,656.72527672504,2214.80732255642,"bbox_scaled_and_y_flipped"
"W8-2_TTGTGTGCAAATATCC","W8-2",2683,1375,"W8-2","4662.99224242424","5263.06993939394","EVT-progenitor","EVT-progenitor","Slide-tags (SCP2601)",5018,1381,"EVT2",0,0,1,0,0,0,0,0,0,0,0,0,0,0,0,0,0,1,"-3.63285387371261","2.27676734258014",8,4662.99224242424,5263.06993939394,"EVT-progenitor","LogNormalize","EVT-progenitor","author","EVT-progenitor","author",1.19211582928164,1.46331525195373,0.32746436129314,-0.0680881451348328,-0.414948566278069,-0.128664232949509,NA,NA,1.46331525195373,"vCTB","N7",0.241837042355545,0.126880876621996,-0.0624942493329519,-0.221198232916577,2.85337632599971,2381.57813693518,226.089452640866,"bbox_scaled_and_y_flipped"
"W8-2_TTGTTTGGTCGACTAA","W8-2",2368,1457,"W8-2","4325.71855813953","3563.12320930233","Endothelial","Endothelial","Slide-tags (SCP2601)",4771,1473,"Endothelial_cells",0,0,0,0,1,0,0,0,0,0,0,0,0,0,0,0,0,1,"10.253048292654","4.67120751668293",8,4325.71855813953,3563.12320930233,"Endothelial","LogNormalize","Endothelial","author","Endothelial","author",-0.137845546707172,-0.191175838822961,-0.330155823207184,0.226475282155874,-0.255818534958372,-0.0878600267477706,NA,NA,0.226475282155874,"Endothelial","N5",-0.147019507285546,-0.0444324403822807,-0.0573301085364686,-0.0707535482711799,-0.779793671478489,2198.91951030365,1227.32979928007,"bbox_scaled_and_y_flipped"
"W8-2_TTTAACCTCGCTAAGT","W8-2",3630,1633,"W8-2","765.4497125","2941.40725","STB","STB","Slide-tags (SCP2601)",5528,1617,"STB",0,0.138517018603782,0,0.00966031234982164,0,0.851822669046396,0,0,0,0,0,0,0,0,0,0,0,0.851822669046396,"3.41434895183366","2.83388265897114",8,765.4497125,2941.40725,"STB","LogNormalize","STB","author","STB","author",-0.175224534928573,-0.200095886943374,1.53621382389496,-0.0428280414644576,-0.575047159579468,-0.0825316741757595,NA,NA,1.53621382389496,"STB","N8",-0.0386232596234646,-0.0254833522264686,0.18077488155323,-0.0963966044236894,-1.53921305414509,270.770804712529,1593.51015751367,"bbox_scaled_and_y_flipped"
"W8-2_TTTAACGAGGGACCTC","W8-2",2558,1182,"W8-2","1561.468","1305.4688","STB","STB","Slide-tags (SCP2601)",5102,1179,"STB",0,0.214144781175281,0,0.0743755750702709,0,0.711479643754447,0,0,0,0,0,0,0,0,0,0,0,0.711479643754447,"4.26193462993425","2.33728894521076",8,1561.468,1305.4688,"STB","LogNormalize","STB","author","STB","author",-0.162694788158358,0.0547789072185055,1.57110300072229,0.175597123960476,-0.480192592926369,-0.0807367572214554,NA,NA,1.57110300072229,"STB","N8",-0.134826833958471,0.0585414021185088,-0.0645375518280159,-0.202029156905039,-0.0848174616005132,701.873538021503,2557.05069191038,"bbox_scaled_and_y_flipped"
"W8-2_TTTAAGGTCAAGCGCC","W8-2",8859,2351,"W8-2","4856.474","3802.528","STB","STB","Slide-tags (SCP2601)",6510,2336,"STB",0,0,0,0,0,1,0,0,0,0,0,0,0,0,0,0,0,1,"4.22215019847673","3.38995155621845",8,4856.474,3802.528,"STB","LogNormalize","STB","author","STB","author",-0.228652791860656,-0.243229632902824,1.82149006378697,-0.0555633781504311,-0.675365301096879,-0.128095764957873,NA,NA,1.82149006378697,"STB","N8",0.0441792446568878,0.0265424086886872,0.331061898646305,0.071690856986561,-0.285106844848116,2486.36280814957,1086.32435988474,"bbox_scaled_and_y_flipped"
"W8-2_TTTAGCAAGCACGTTG","W8-2",12549,3116,"W8-2","1641.7523030303","4581.62157575758","STB","STB","Slide-tags (SCP2601)",6566,2490,"STB",0,0.0691215542618004,0,0,0,0.9308784457382,0,0,0,0,0,0,0,0,0,0,0,0.9308784457382,"4.20690094615739","3.41292223264057",8,1641.7523030303,4581.62157575758,"STB","LogNormalize","STB","author","STB","author",-0.223242532624075,-0.0576358706076066,1.66812535949767,0.0725775158655774,-0.62356180466339,-0.146263778311546,NA,NA,1.66812535949767,"STB","N3",-0.23415135295274,-0.0698751606835107,0.316881744974753,-0.115328339003401,-4.20942063357352,745.353421614213,627.451203421855,"bbox_scaled_and_y_flipped"
"W8-2_TTTAGGATCCGGCTAA","W8-2",11171,3480,"W8-2","2465.68781818182","1612.76002121212","Endothelial","Endothelial","Slide-tags (SCP2601)",6917,3132,"Endothelial_cells",0,0,0,0,1,0,0,0,0,0,0,0,0,0,0,0,0,1,"10.1293700852565","4.66021260548908",8,2465.68781818182,1612.76002121212,"Endothelial","LogNormalize","Endothelial","author","Endothelial","author",-0.0200306009159285,-0.29602046962936,-0.348651463083729,0.835114452294135,-0.625246638028207,-0.195406369308191,NA,NA,0.835114452294135,"Endothelial","N3",-0.128918647109036,-0.0188925798536849,-0.11342024055404,-0.210727924462958,-0.834834661531606,1191.57539695063,2376.06127418372,"bbox_scaled_and_y_flipped"
"W8-2_TTTATGGAGGCGAAAC","W8-2",15794,4450,"W8-2","5036.00321818182","4885.62454545455","EVT","EVT","Slide-tags (SCP2601)",6261,2735,"EVT3",0,0.0888354423364662,0.196017505417109,0.662392343067925,0,0,0,0,0.0527547091784997,0,0,0,0,0,0,0,0,0.662392343067925,"-2.77941621158797","4.98822268773395",8,5036.00321818182,4885.62454545455,"EVT","LogNormalize","EVT","author","EVT","author",0.799174549266533,0.555049889377395,-0.420469511238572,-0.0493559169086329,-0.721627815293992,-0.128412955932991,NA,NA,0.799174549266533,"EVT","N7",0.066272709180211,0.20379975035538,-0.0939304755093214,-0.0618525030397066,4.03688965538378,2583.59114810402,448.39851113994,"bbox_scaled_and_y_flipped"
"W8-2_TTTCACCCATGAATCT","W8-2",11799,3992,"W8-2","4983.91521111111","3752.82861111111","FIB2","FIB2","Slide-tags (SCP2601)",6890,3425,"Fibroblast2",0.79428547719389,0,0,0,0,0,0,0,0,0,0,0,0,0,0,0.20571452280611,0,0.79428547719389,"12.0486377396755","-5.83526602457684",8,4983.91521111111,3752.82861111111,"FIB2","LogNormalize","FIB2","author","FIB2","author",0.312789411488187,-0.326957731341691,-0.460230648945729,-0.110042313518755,2.13359366634968,-0.0651056310685155,NA,NA,2.13359366634968,"Fibroblast","N1",-0.0852647278862138,-0.0920993007951765,-0.135791570691567,0.0276770706888728,0.0194821636555552,2555.38164265242,1115.59647322689,"bbox_scaled_and_y_flipped"
"W8-2_TTTCCACCAGGATAAC","W8-2",1944,1221,"W8-2","5088.86061290323","4160.34770967742","STB","STB","Slide-tags (SCP2601)",4812,1322,"STB",0,0.158673520390256,0,0,0,0.821038626524212,0,0.0202878530855317,0,0,0,0,0,0,0,0,0,0.821038626524212,"4.3703974404506","2.04591664601642",8,5088.86061290323,4160.34770967742,"STB","LogNormalize","STB","author","STB","author",-0.162144868576705,-0.175622315912915,0.696191939694327,-0.0280906951900989,-0.388604921684748,-0.0479651978052662,NA,NA,0.696191939694327,"STB","N5",-0.182266549029199,-0.0304114653491484,0.178502664660793,-0.0522414519016006,-2.14500829479651,2612.21733383093,875.574502956897,"bbox_scaled_and_y_flipped"
"W8-2_TTTCTCACAATGCGCT","W8-2",4629,2139,"W8-2","4755.83953439153","886.700177777778","FIB2","FIB2","Slide-tags (SCP2601)",5459,2115,"Fibroblast2",0.939703490560567,0,0,0,0,0,0,0,0,0,0,0,0,0,0,0.0602965094394334,0,0.939703490560567,"11.9412540116481","-4.44893971155804",8,4755.83953439153,886.700177777778,"FIB2","LogNormalize","FIB2","author","FIB2","author",0.438901618047409,-0.229864930139576,-0.346840989222536,-0.0424848110870932,1.49413309720718,-0.100631994761705,NA,NA,1.49413309720718,"Fibroblast","N5",0.129655722479866,0.0180093429017913,-0.0814791284943494,-0.26542145879698,0.607461977057737,2431.86180751911,2803.69844448601,"bbox_scaled_and_y_flipped"
"W8-2_TTTCTTGCAATCTCTC","W8-2",8102,2405,"W8-2","1403.33442490566","1501.87996226415","STB","STB","Slide-tags (SCP2601)",6554,2386,"STB",0,0,0,0,0,1,0,0,0,0,0,0,0,0,0,0,0,1,"4.37949406291764","2.55568131734211",8,1403.33442490566,1501.87996226415,"STB","LogNormalize","STB","author","STB","author",-0.0812938291044806,-0.0970934629646042,2.35955061328228,-0.0572016210114742,-0.664373473216662,-0.107322389961112,NA,NA,2.35955061328228,"STB","N8",0.010278707522299,0.106486625183345,0.157676752530058,-0.12624110119315,0.465888143060545,616.232520068018,2441.36778449447,"bbox_scaled_and_y_flipped"
"W8-2_TTTGGTAAGTGAACGA","W8-2",8686,3248,"W8-2","3319.22663188406","1493.25875768116","Hofbauer cells","Hofbauer cells","Slide-tags (SCP2601)",6717,3220,"myeloid_unknown",0,0,0,0,0,0,0,0,0,0,0,0,0.446319332539953,0,0,0,0.553680667460047,0.553680667460047,"-0.703247138006276","12.8266917162069",8,3319.22663188406,1493.25875768116,"Hofbauer cells","LogNormalize","Hofbauer cells","author","Hofbauer cells","author",-0.265613041619064,-0.307662726904829,-0.60345729111324,-0.0971237829562168,-0.524464504468162,0.098024462263898,NA,NA,0.098024462263898,"Macrophage","N5",-0.165571516337172,-0.0805298102149917,0.0356767532487696,0.155373284206955,-0.575640439324505,1653.82974631736,2446.44553058634,"bbox_scaled_and_y_flipped"
"W8-2_TTTGGTGCAGCACGAA","W8-2",2789,1372,"W8-2","1696.52394594595","1976.42567567568","vCTB","vCTB","Slide-tags (SCP2601)",5289,1363,"vCTB1",0,0,0,0,0,0,0,0.0891910613019971,0,0,0.832909415402256,0,0,0.0778995232957473,0,0,0,0.832909415402256,"-8.868816979868","4.89093407918293",8,1696.52394594595,1976.42567567568,"vCTB","LogNormalize","vCTB","author","vCTB","author",-0.168970110788225,0.208702355430311,-0.512087829341176,-0.0199747688848747,-0.582178970868004,-0.0628597737807157,NA,NA,0.208702355430311,"vCTB","N4",-0.169709184888786,-0.0430342943669505,-0.0656113804970726,0.063246051393305,-0.0279899753869111,775.016314212971,2161.86825301991,"bbox_scaled_and_y_flipped"
"W8-2_TTTGTCCCAACACTTG","W8-2",1426,855,"W8-2","2166.27055652174","1997.75354782609","STB","STB","Slide-tags (SCP2601)",4803,1241,"STB",0,0.147556477025664,0,0,0,0.852443522974336,0,0,0,0,0,0,0,0,0,0,0,0.852443522974336,"5.0202416100673","3.31063994695026",8,2166.27055652174,1997.75354782609,"STB","LogNormalize","STB","author","STB","author",-0.191801951919979,-0.183371620686211,1.43069667965387,-0.015879161732267,-0.453616035613438,-0.0552969458194282,NA,NA,1.43069667965387,"STB","N5",0.0869425466776528,-0.017790445822187,0.33177673491302,-0.0964930204127288,-1.65572702991982,1029.41882099187,2149.30649109705,"bbox_scaled_and_y_flipped"
"W8-2_TTTGTCCCACAGAAAC","W8-2",15771,4890,"W8-2","1740.74632","3395.20664","vCTB","vCTB","Slide-tags (SCP2601)",6147,3065,"vCTB1",0,0,0,0,0,0,0,0.0488013844155681,0,0,0.831910109211267,0,0,0.119288506373166,0,0,0,0.831910109211267,"-7.67523110721785","5.43479356099445",8,1740.74632,3395.20664,"vCTB","LogNormalize","vCTB","author","vCTB","author",-0.167842624213247,0.208306801356244,-0.736512447976222,-0.0466857030904868,-0.833060196713239,-0.135612105669149,NA,NA,0.208306801356244,"vCTB","N3",-0.194675328958926,-0.0473128138158177,-0.08597735245619,-0.174434338105227,-1.54098083039323,798.965998067581,1326.22986542842,"bbox_scaled_and_y_flipped"
"W8-2_TTTGTGAAGTAACGGA","W8-2",4101,1961,"W8-2","2473.0721","5003.0185","vCTB","vCTB","Slide-tags (SCP2601)",5390,1951,"vCTB3",0,0,0,0,0,0,0.00601344146228639,0.337747964166155,0,0,0.123454578620338,0,0,0.532784015751221,0,0,0,0.532784015751221,"-7.95479834888656","4.30626019765216",8,2473.0721,5003.0185,"vCTB","LogNormalize","vCTB","author","vCTB","author",-0.235145858317142,0.184828309249471,-0.304918330037583,-0.0516806205244048,-0.604102160639015,-0.0881422948035592,NA,NA,0.184828309249471,"vCTB","N4",-0.198059785466709,-0.0427335529522382,-0.052502675627046,0.0965281698733406,-0.0658686944248787,1195.57453129883,379.255424676225,"bbox_scaled_and_y_flipped"
"W8-2_TTTGTGGCATTGACAT","W8-2",8601,3054,"W8-2","3653.87217391304","3645.63586956522","FIB2","FIB2","Slide-tags (SCP2601)",6639,3031,"Fibroblast2",1,0,0,0,0,0,0,0,0,0,0,0,0,0,0,0,0,1,"10.7622178712062","-3.74872294138592",8,3653.87217391304,3645.63586956522,"FIB2","LogNormalize","FIB2","author","FIB2","author",0.247889342234663,-0.293455644762424,-0.63952998152291,-0.112348760609559,1.4426163274969,-0.0405440595298083,NA,NA,1.4426163274969,"Fibroblast","N4",0.0650237408691031,-0.0106125648532072,-0.114297254384659,-0.0962764274950351,1.08345485339017,1835.06503968159,1178.73121492367,"bbox_scaled_and_y_flipped"
"W8-2_TTTGTTGGTAGCTGGT","W8-2",333,275,"W8-2","4819.168","585.652906382979","vCTB","vCTB","Slide-tags (SCP2601)",4204,2151,"unknown2",0,0,0,0,0.17782427234918,0.00335100701462429,0.21683515735498,0.140910764041218,0.456100088990896,0,0.00497871024910186,0,0,0,0,0,0,0.456100088990896,"-3.70787156437117","-8.75757876108807",8,4819.168,585.652906382979,"vCTB","LogNormalize","vCTB","author","vCTB","author",-0.0588657846827919,-0.0752775381402574,0.311523646430261,0.310577639135308,-0.306933963601538,-0.0266305763947716,NA,NA,0.311523646430261,"STB","N8",-0.053726309822747,-0.00541002208772992,-0.024686235714909,-0.0602917433785159,0.13584434748753,2466.15885200764,2981.01027963385,"bbox_scaled_and_y_flipped"
"W8-2_TTTGTTGGTTGGTTGA","W8-2",4853,2666,"W8-2","5393.07006557377","2318.55898360656","vCTB","vCTB","Slide-tags (SCP2601)",5355,2642,"vCTBp",0,0.210275933153573,0,0.0126284376744331,0,0,0.611875115377232,0.0165564181960142,0,0,0.148664095598747,0,0,0,0,0,0,0.611875115377232,"-5.54672778461654","5.23585423756916",8,5393.07006557377,2318.55898360656,"vCTB","LogNormalize","vCTB","author","vCTB","author",-0.28587455801731,0.0221260680655965,-0.624408179800371,-0.0835693248397218,-0.700021856295811,-0.160185511443601,NA,NA,0.0221260680655965,"vCTB","N3",-0.103593859672492,-0.0611621198166492,-0.0871054927327595,-0.259799301001622,-1.71508320040085,2776.96923539412,1960.35742578883,"bbox_scaled_and_y_flipped"
