"source","target","ligand","receptor","prob","pval","interaction_name","interaction_name_2","pathway_name","annotation","evidence"
"EVT","Endothelial","TGFB1","TGFbR1_R2",0.011163776465511,0,"TGFB1_TGFBR1_TGFBR2","TGFB1 - (TGFBR1+TGFBR2)","TGFb","Secreted Signaling","KEGG: hsa04350"
"EVT-progenitor","Endothelial","TGFB1","TGFbR1_R2",0.00162382297124292,0,"TGFB1_TGFBR1_TGFBR2","TGFB1 - (TGFBR1+TGFBR2)","TGFb","Secreted Signaling","KEGG: hsa04350"
"Hofbauer cells","Endothelial","TGFB1","TGFbR1_R2",0.00222157523574156,0,"TGFB1_TGFBR1_TGFBR2","TGFB1 - (TGFBR1+TGFBR2)","TGFb","Secreted Signaling","KEGG: hsa04350"
"EVT","EVT-progenitor","TGFB1","TGFbR1_R2",0.00615549927389536,0,"TGFB1_TGFBR1_TGFBR2","TGFB1 - (TGFBR1+TGFBR2)","TGFb","Secreted Signaling","KEGG: hsa04350"
"EVT-progenitor","EVT-progenitor","TGFB1","TGFbR1_R2",0.000888893012056761,0.02,"TGFB1_TGFBR1_TGFBR2","TGFB1 - (TGFBR1+TGFBR2)","TGFb","Secreted Signaling","KEGG: hsa04350"
"Hofbauer cells","EVT-progenitor","TGFB1","TGFbR1_R2",0.00121610713592597,0,"TGFB1_TGFBR1_TGFBR2","TGFB1 - (TGFBR1+TGFBR2)","TGFb","Secreted Signaling","KEGG: hsa04350"
"EVT","FIB1","TGFB1","TGFbR1_R2",0.00412919109043898,0,"TGFB1_TGFBR1_TGFBR2","TGFB1 - (TGFBR1+TGFBR2)","TGFb","Secreted Signaling","KEGG: hsa04350"
"Hofbauer cells","FIB1","TGFB1","TGFbR1_R2",0.000814010558811842,0,"TGFB1_TGFBR1_TGFBR2","TGFB1 - (TGFBR1+TGFBR2)","TGFb","Secreted Signaling","KEGG: hsa04350"
"EVT","FIB2","TGFB1","TGFbR1_R2",0.00636337126445244,0,"TGFB1_TGFBR1_TGFBR2","TGFB1 - (TGFBR1+TGFBR2)","TGFb","Secreted Signaling","KEGG: hsa04350"
"EVT-progenitor","FIB2","TGFB1","TGFbR1_R2",0.000923299629627124,0,"TGFB1_TGFBR1_TGFBR2","TGFB1 - (TGFBR1+TGFBR2)","TGFb","Secreted Signaling","KEGG: hsa04350"
"Hofbauer cells","FIB2","TGFB1","TGFbR1_R2",0.00126317931737284,0,"TGFB1_TGFBR1_TGFBR2","TGFB1 - (TGFBR1+TGFBR2)","TGFb","Secreted Signaling","KEGG: hsa04350"
"EVT","Hofbauer cells","TGFB1","TGFbR1_R2",0.0118651212324919,0,"TGFB1_TGFBR1_TGFBR2","TGFB1 - (TGFBR1+TGFBR2)","TGFb","Secreted Signaling","KEGG: hsa04350"
"EVT-progenitor","Hofbauer cells","TGFB1","TGFbR1_R2",0.0017186507838219,0,"TGFB1_TGFBR1_TGFBR2","TGFB1 - (TGFBR1+TGFBR2)","TGFb","Secreted Signaling","KEGG: hsa04350"
"Hofbauer cells","Hofbauer cells","TGFB1","TGFbR1_R2",0.00235131051096295,0,"TGFB1_TGFBR1_TGFBR2","TGFB1 - (TGFBR1+TGFBR2)","TGFb","Secreted Signaling","KEGG: hsa04350"
"EVT","STB","TGFB1","TGFbR1_R2",0.00352188529033455,0,"TGFB1_TGFBR1_TGFBR2","TGFB1 - (TGFBR1+TGFBR2)","TGFb","Secreted Signaling","KEGG: hsa04350"
"Hofbauer cells","STB","TGFB1","TGFbR1_R2",0.000694288966159629,0,"TGFB1_TGFBR1_TGFBR2","TGFB1 - (TGFBR1+TGFBR2)","TGFb","Secreted Signaling","KEGG: hsa04350"
"EVT","vCTB","TGFB1","TGFbR1_R2",0.0045399003448364,0,"TGFB1_TGFBR1_TGFBR2","TGFB1 - (TGFBR1+TGFBR2)","TGFb","Secreted Signaling","KEGG: hsa04350"
"Hofbauer cells","vCTB","TGFB1","TGFbR1_R2",0.00089497597367369,0,"TGFB1_TGFBR1_TGFBR2","TGFB1 - (TGFBR1+TGFBR2)","TGFb","Secreted Signaling","KEGG: hsa04350"
"EVT","Endothelial","TGFB2","TGFbR1_R2",0.00296358388273323,0,"TGFB2_TGFBR1_TGFBR2","TGFB2 - (TGFBR1+TGFBR2)","TGFb","Secreted Signaling","KEGG: hsa04350"
"FIB2","Endothelial","TGFB2","TGFbR1_R2",0.00102607073146946,0,"TGFB2_TGFBR1_TGFBR2","TGFB2 - (TGFBR1+TGFBR2)","TGFb","Secreted Signaling","KEGG: hsa04350"
"EVT","EVT-progenitor","TGFB2","TGFbR1_R2",0.00162344630410877,0,"TGFB2_TGFBR1_TGFBR2","TGFB2 - (TGFBR1+TGFBR2)","TGFb","Secreted Signaling","KEGG: hsa04350"
"FIB2","EVT-progenitor","TGFB2","TGFbR1_R2",0.000561678901722304,0,"TGFB2_TGFBR1_TGFBR2","TGFB2 - (TGFBR1+TGFBR2)","TGFb","Secreted Signaling","KEGG: hsa04350"
"EVT","FIB1","TGFB2","TGFbR1_R2",0.00108689805649954,0,"TGFB2_TGFBR1_TGFBR2","TGFB2 - (TGFBR1+TGFBR2)","TGFb","Secreted Signaling","KEGG: hsa04350"
"FIB2","FIB1","TGFB2","TGFbR1_R2",0.000375964043920903,0,"TGFB2_TGFBR1_TGFBR2","TGFB2 - (TGFBR1+TGFBR2)","TGFb","Secreted Signaling","KEGG: hsa04350"
"EVT","FIB2","TGFB2","TGFbR1_R2",0.00168549395607215,0,"TGFB2_TGFBR1_TGFBR2","TGFB2 - (TGFBR1+TGFBR2)","TGFb","Secreted Signaling","KEGG: hsa04350"
"FIB2","FIB2","TGFB2","TGFbR1_R2",0.000583419955940049,0,"TGFB2_TGFBR1_TGFBR2","TGFB2 - (TGFBR1+TGFBR2)","TGFb","Secreted Signaling","KEGG: hsa04350"
"EVT","Hofbauer cells","TGFB2","TGFbR1_R2",0.00313794402959579,0,"TGFB2_TGFBR1_TGFBR2","TGFB2 - (TGFBR1+TGFBR2)","TGFb","Secreted Signaling","KEGG: hsa04350"
"FIB2","Hofbauer cells","TGFB2","TGFbR1_R2",0.00108599108284994,0,"TGFB2_TGFBR1_TGFBR2","TGFB2 - (TGFBR1+TGFBR2)","TGFb","Secreted Signaling","KEGG: hsa04350"
"EVT","STB","TGFB2","TGFbR1_R2",0.000927041203334573,0,"TGFB2_TGFBR1_TGFBR2","TGFB2 - (TGFBR1+TGFBR2)","TGFb","Secreted Signaling","KEGG: hsa04350"
"FIB2","STB","TGFB2","TGFbR1_R2",0.00032066867504525,0,"TGFB2_TGFBR1_TGFBR2","TGFB2 - (TGFBR1+TGFBR2)","TGFb","Secreted Signaling","KEGG: hsa04350"
"EVT","vCTB","TGFB2","TGFbR1_R2",0.00119500617758519,0,"TGFB2_TGFBR1_TGFBR2","TGFB2 - (TGFBR1+TGFBR2)","TGFb","Secreted Signaling","KEGG: hsa04350"
"FIB2","vCTB","TGFB2","TGFbR1_R2",0.00041335924040782,0,"TGFB2_TGFBR1_TGFBR2","TGFB2 - (TGFBR1+TGFBR2)","TGFb","Secreted Signaling","KEGG: hsa04350"
"FIB1","Endothelial","TGFB3","TGFbR1_R2",0.00243043311490021,0,"TGFB3_TGFBR1_TGFBR2","TGFB3 - (TGFBR1+TGFBR2)","TGFb","Secreted Signaling","KEGG: hsa04350"
"FIB1","EVT-progenitor","TGFB3","TGFbR1_R2",0.00133170345569159,0,"TGFB3_TGFBR1_TGFBR2","TGFB3 - (TGFBR1+TGFBR2)","TGFb","Secreted Signaling","KEGG: hsa04350"
"FIB1","FIB1","TGFB3","TGFbR1_R2",0.00089163945640908,0,"TGFB3_TGFBR1_TGFBR2","TGFB3 - (TGFBR1+TGFBR2)","TGFb","Secreted Signaling","KEGG: hsa04350"
"FIB1","FIB2","TGFB3","TGFbR1_R2",0.00138238470043277,0,"TGFB3_TGFBR1_TGFBR2","TGFB3 - (TGFBR1+TGFBR2)","TGFb","Secreted Signaling","KEGG: hsa04350"
"FIB1","Hofbauer cells","TGFB3","TGFbR1_R2",0.00257377876831992,0,"TGFB3_TGFBR1_TGFBR2","TGFB3 - (TGFBR1+TGFBR2)","TGFb","Secreted Signaling","KEGG: hsa04350"
"FIB1","STB","TGFB3","TGFbR1_R2",0.000760500499257637,0,"TGFB3_TGFBR1_TGFBR2","TGFB3 - (TGFBR1+TGFBR2)","TGFb","Secreted Signaling","KEGG: hsa04350"
"FIB1","vCTB","TGFB3","TGFbR1_R2",0.000980326215707053,0,"TGFB3_TGFBR1_TGFBR2","TGFB3 - (TGFBR1+TGFBR2)","TGFb","Secreted Signaling","KEGG: hsa04350"
"EVT","Endothelial","TGFB1","ACVR1_TGFbR",0.0127016820712316,0,"TGFB1_ACVR1_TGFBR1","TGFB1 - (ACVR1+TGFBR1)","TGFb","Secreted Signaling","PMID: 29376829"
"EVT-progenitor","Endothelial","TGFB1","ACVR1_TGFbR",0.00233710244965801,0,"TGFB1_ACVR1_TGFBR1","TGFB1 - (ACVR1+TGFBR1)","TGFb","Secreted Signaling","PMID: 29376829"
"Hofbauer cells","Endothelial","TGFB1","ACVR1_TGFbR",0.00233710244965801,0,"TGFB1_ACVR1_TGFBR1","TGFB1 - (ACVR1+TGFBR1)","TGFb","Secreted Signaling","PMID: 29376829"
"EVT","vCTB","TGFB1","ACVR1_TGFbR",0.00643012889060313,0,"TGFB1_ACVR1_TGFBR1","TGFB1 - (ACVR1+TGFBR1)","TGFb","Secreted Signaling","PMID: 29376829"
"EVT-progenitor","vCTB","TGFB1","ACVR1_TGFbR",0.00117703904762372,0,"TGFB1_ACVR1_TGFBR1","TGFB1 - (ACVR1+TGFBR1)","TGFb","Secreted Signaling","PMID: 29376829"
"Hofbauer cells","vCTB","TGFB1","ACVR1_TGFbR",0.00117703904762372,0,"TGFB1_ACVR1_TGFBR1","TGFB1 - (ACVR1+TGFBR1)","TGFb","Secreted Signaling","PMID: 29376829"
"EVT","Endothelial","TGFB2","ACVR1_TGFbR",0.00335899631324192,0,"TGFB2_ACVR1_TGFBR1","TGFB2 - (ACVR1+TGFBR1)","TGFb","Secreted Signaling","PMID: 29376829"
"FIB2","Endothelial","TGFB2","ACVR1_TGFbR",0.00233710244965801,0,"TGFB2_ACVR1_TGFBR1","TGFB2 - (ACVR1+TGFBR1)","TGFb","Secreted Signaling","PMID: 29376829"
"EVT","vCTB","TGFB2","ACVR1_TGFbR",0.00169255780155602,0,"TGFB2_ACVR1_TGFBR1","TGFB2 - (ACVR1+TGFBR1)","TGFb","Secreted Signaling","PMID: 29376829"
"FIB2","vCTB","TGFB2","ACVR1_TGFbR",0.00117703904762372,0,"TGFB2_ACVR1_TGFBR1","TGFB2 - (ACVR1+TGFBR1)","TGFb","Secreted Signaling","PMID: 29376829"
"FIB1","Endothelial","TGFB3","ACVR1_TGFbR",0.00369916255395292,0,"TGFB3_ACVR1_TGFBR1","TGFB3 - (ACVR1+TGFBR1)","TGFb","Secreted Signaling","PMID: 29376829"
"FIB1","vCTB","TGFB3","ACVR1_TGFbR",0.00186427915197974,0,"TGFB3_ACVR1_TGFBR1","TGFB3 - (ACVR1+TGFBR1)","TGFb","Secreted Signaling","PMID: 29376829"
"FIB1","FIB1","BMP2","BMPR1A_ACVR2A",0.0014813852445928,0,"BMP2_BMPR1A_ACVR2A","BMP2 - (BMPR1A+ACVR2A)","BMP","Secreted Signaling","KEGG: hsa04350; PMID:26893264"
"FIB1","FIB2","BMP2","BMPR1A_ACVR2A",0.00288848124257365,0,"BMP2_BMPR1A_ACVR2A","BMP2 - (BMPR1A+ACVR2A)","BMP","Secreted Signaling","KEGG: hsa04350; PMID:26893264"
"FIB1","Hofbauer cells","BMP2","BMPR1A_ACVR2A",0.00112254250280212,0,"BMP2_BMPR1A_ACVR2A","BMP2 - (BMPR1A+ACVR2A)","BMP","Secreted Signaling","KEGG: hsa04350; PMID:26893264"
"FIB1","EVT-progenitor","BMP2","BMPR1A_BMPR2",0.00235131051096295,0,"BMP2_BMPR1A_BMPR2","BMP2 - (BMPR1A+BMPR2)","BMP","Secreted Signaling","KEGG: hsa04350; PMID:26893264"
"FIB1","FIB1","BMP2","BMPR1A_BMPR2",0.00262811567643778,0,"BMP2_BMPR1A_BMPR2","BMP2 - (BMPR1A+BMPR2)","BMP","Secreted Signaling","KEGG: hsa04350; PMID:26893264"
"FIB1","FIB2","BMP2","BMPR1A_BMPR2",0.0035848919386613,0,"BMP2_BMPR1A_BMPR2","BMP2 - (BMPR1A+BMPR2)","BMP","Secreted Signaling","KEGG: hsa04350; PMID:26893264"
"FIB1","Hofbauer cells","BMP2","BMPR1A_BMPR2",0.00212318898669188,0,"BMP2_BMPR1A_BMPR2","BMP2 - (BMPR1A+BMPR2)","BMP","Secreted Signaling","KEGG: hsa04350; PMID:26893264"
"FIB1","vCTB","BMP2","BMPR1A_BMPR2",0.00475491325169568,0,"BMP2_BMPR1A_BMPR2","BMP2 - (BMPR1A+BMPR2)","BMP","Secreted Signaling","KEGG: hsa04350; PMID:26893264"
"FIB1","FIB1","BMP2","BMPR1B_ACVR2A",0.00209371038266897,0,"BMP2_BMPR1B_ACVR2A","BMP2 - (BMPR1B+ACVR2A)","BMP","Secreted Signaling","KEGG: hsa04350; PMID:26893264"
"FIB1","FIB1","BMP2","BMPR1B_BMPR2",0.00371267521057509,0,"BMP2_BMPR1B_BMPR2","BMP2 - (BMPR1B+BMPR2)","BMP","Secreted Signaling","KEGG: hsa04350; PMID:26893264"
"EVT-progenitor","Endothelial","BMP5","ACVR1_ACVR2A",0.00352282413973041,0,"BMP5_ACVR1_ACVR2A","BMP5 - (ACVR1+ACVR2A)","BMP","Secreted Signaling","KEGG: hsa04350; PMID:26893264"
"FIB1","Endothelial","BMP5","ACVR1_ACVR2A",0.0120688619622675,0,"BMP5_ACVR1_ACVR2A","BMP5 - (ACVR1+ACVR2A)","BMP","Secreted Signaling","KEGG: hsa04350; PMID:26893264"
"FIB2","Endothelial","BMP5","ACVR1_ACVR2A",0.0143071614181052,0,"BMP5_ACVR1_ACVR2A","BMP5 - (ACVR1+ACVR2A)","BMP","Secreted Signaling","KEGG: hsa04350; PMID:26893264"
"EVT-progenitor","STB-progenitor","BMP5","ACVR1_ACVR2A",0.00119342231037255,0.03,"BMP5_ACVR1_ACVR2A","BMP5 - (ACVR1+ACVR2A)","BMP","Secreted Signaling","KEGG: hsa04350; PMID:26893264"
"FIB1","STB-progenitor","BMP5","ACVR1_ACVR2A",0.00410612836595591,0,"BMP5_ACVR1_ACVR2A","BMP5 - (ACVR1+ACVR2A)","BMP","Secreted Signaling","KEGG: hsa04350; PMID:26893264"
"FIB2","STB-progenitor","BMP5","ACVR1_ACVR2A",0.00487314064637725,0,"BMP5_ACVR1_ACVR2A","BMP5 - (ACVR1+ACVR2A)","BMP","Secreted Signaling","KEGG: hsa04350; PMID:26893264"
"EVT-progenitor","Endothelial","BMP5","ACVR1_BMPR2",0.0100038266780143,0,"BMP5_ACVR1_BMPR2","BMP5 - (ACVR1+BMPR2)","BMP","Secreted Signaling","KEGG: hsa04350; PMID:26893264"
"FIB1","Endothelial","BMP5","ACVR1_BMPR2",0.0337398201625706,0,"BMP5_ACVR1_BMPR2","BMP5 - (ACVR1+BMPR2)","BMP","Secreted Signaling","KEGG: hsa04350; PMID:26893264"
"FIB2","Endothelial","BMP5","ACVR1_BMPR2",0.0398351726313725,0,"BMP5_ACVR1_BMPR2","BMP5 - (ACVR1+BMPR2)","BMP","Secreted Signaling","KEGG: hsa04350; PMID:26893264"
"EVT-progenitor","EVT","BMP5","ACVR1_BMPR2",0.00964255880307155,0,"BMP5_ACVR1_BMPR2","BMP5 - (ACVR1+BMPR2)","BMP","Secreted Signaling","KEGG: hsa04350; PMID:26893264"
"FIB1","EVT","BMP5","ACVR1_BMPR2",0.032549557781825,0,"BMP5_ACVR1_BMPR2","BMP5 - (ACVR1+BMPR2)","BMP","Secreted Signaling","KEGG: hsa04350; PMID:26893264"
"FIB2","EVT","BMP5","ACVR1_BMPR2",0.0384384344148228,0,"BMP5_ACVR1_BMPR2","BMP5 - (ACVR1+BMPR2)","BMP","Secreted Signaling","KEGG: hsa04350; PMID:26893264"
"FIB1","STB-progenitor","BMP5","ACVR1_BMPR2",0.0114863802551689,0,"BMP5_ACVR1_BMPR2","BMP5 - (ACVR1+BMPR2)","BMP","Secreted Signaling","KEGG: hsa04350; PMID:26893264"
"FIB2","STB-progenitor","BMP5","ACVR1_BMPR2",0.0136041021656638,0,"BMP5_ACVR1_BMPR2","BMP5 - (ACVR1+BMPR2)","BMP","Secreted Signaling","KEGG: hsa04350; PMID:26893264"
"EVT-progenitor","vCTB","BMP5","ACVR1_BMPR2",0.00751305047815864,0,"BMP5_ACVR1_BMPR2","BMP5 - (ACVR1+BMPR2)","BMP","Secreted Signaling","KEGG: hsa04350; PMID:26893264"
"FIB1","vCTB","BMP5","ACVR1_BMPR2",0.0254913730289181,0,"BMP5_ACVR1_BMPR2","BMP5 - (ACVR1+BMPR2)","BMP","Secreted Signaling","KEGG: hsa04350; PMID:26893264"
"FIB2","vCTB","BMP5","ACVR1_BMPR2",0.0301430673778049,0,"BMP5_ACVR1_BMPR2","BMP5 - (ACVR1+BMPR2)","BMP","Secreted Signaling","KEGG: hsa04350; PMID:26893264"
"EVT-progenitor","FIB1","BMP5","BMPR1A_ACVR2A",0.00443102761592119,0,"BMP5_BMPR1A_ACVR2A","BMP5 - (BMPR1A+ACVR2A)","BMP","Secreted Signaling","KEGG: hsa04350; PMID:26893264"
"FIB1","FIB1","BMP5","BMPR1A_ACVR2A",0.0151467914571636,0,"BMP5_BMPR1A_ACVR2A","BMP5 - (BMPR1A+ACVR2A)","BMP","Secreted Signaling","KEGG: hsa04350; PMID:26893264"
"FIB2","FIB1","BMP5","BMPR1A_ACVR2A",0.0179455567443404,0,"BMP5_BMPR1A_ACVR2A","BMP5 - (BMPR1A+ACVR2A)","BMP","Secreted Signaling","KEGG: hsa04350; PMID:26893264"
"EVT-progenitor","FIB2","BMP5","BMPR1A_ACVR2A",0.00861567131773403,0,"BMP5_BMPR1A_ACVR2A","BMP5 - (BMPR1A+ACVR2A)","BMP","Secreted Signaling","KEGG: hsa04350; PMID:26893264"
"FIB1","FIB2","BMP5","BMPR1A_ACVR2A",0.0291549976394781,0,"BMP5_BMPR1A_ACVR2A","BMP5 - (BMPR1A+ACVR2A)","BMP","Secreted Signaling","KEGG: hsa04350; PMID:26893264"
"FIB2","FIB2","BMP5","BMPR1A_ACVR2A",0.0344515994804859,0,"BMP5_BMPR1A_ACVR2A","BMP5 - (BMPR1A+ACVR2A)","BMP","Secreted Signaling","KEGG: hsa04350; PMID:26893264"
"EVT-progenitor","Hofbauer cells","BMP5","BMPR1A_ACVR2A",0.00335971846875286,0,"BMP5_BMPR1A_ACVR2A","BMP5 - (BMPR1A+ACVR2A)","BMP","Secreted Signaling","KEGG: hsa04350; PMID:26893264"
"FIB1","Hofbauer cells","BMP5","BMPR1A_ACVR2A",0.0115100773763183,0,"BMP5_BMPR1A_ACVR2A","BMP5 - (BMPR1A+ACVR2A)","BMP","Secreted Signaling","KEGG: hsa04350; PMID:26893264"
"FIB2","Hofbauer cells","BMP5","BMPR1A_ACVR2A",0.013644744257803,0,"BMP5_BMPR1A_ACVR2A","BMP5 - (BMPR1A+ACVR2A)","BMP","Secreted Signaling","KEGG: hsa04350; PMID:26893264"
"EVT-progenitor","EVT-progenitor","BMP5","BMPR1A_BMPR2",0.00702091483121044,0.04,"BMP5_BMPR1A_BMPR2","BMP5 - (BMPR1A+BMPR2)","BMP","Secreted Signaling","KEGG: hsa04350; PMID:26893264"
"FIB1","EVT-progenitor","BMP5","BMPR1A_BMPR2",0.0238498829790447,0,"BMP5_BMPR1A_BMPR2","BMP5 - (BMPR1A+BMPR2)","BMP","Secreted Signaling","KEGG: hsa04350; PMID:26893264"
"FIB2","EVT-progenitor","BMP5","BMPR1A_BMPR2",0.0282107076876048,0,"BMP5_BMPR1A_BMPR2","BMP5 - (BMPR1A+BMPR2)","BMP","Secreted Signaling","KEGG: hsa04350; PMID:26893264"
"EVT-progenitor","FIB1","BMP5","BMPR1A_BMPR2",0.00784312176677837,0.01,"BMP5_BMPR1A_BMPR2","BMP5 - (BMPR1A+BMPR2)","BMP","Secreted Signaling","KEGG: hsa04350; PMID:26893264"
"FIB1","FIB1","BMP5","BMPR1A_BMPR2",0.0265901260191001,0,"BMP5_BMPR1A_BMPR2","BMP5 - (BMPR1A+BMPR2)","BMP","Secreted Signaling","KEGG: hsa04350; PMID:26893264"
"FIB2","FIB1","BMP5","BMPR1A_BMPR2",0.0314358542312992,0,"BMP5_BMPR1A_BMPR2","BMP5 - (BMPR1A+BMPR2)","BMP","Secreted Signaling","KEGG: hsa04350; PMID:26893264"
"EVT-progenitor","FIB2","BMP5","BMPR1A_BMPR2",0.0106781160318188,0,"BMP5_BMPR1A_BMPR2","BMP5 - (BMPR1A+BMPR2)","BMP","Secreted Signaling","KEGG: hsa04350; PMID:26893264"
"FIB1","FIB2","BMP5","BMPR1A_BMPR2",0.0359558836592014,0,"BMP5_BMPR1A_BMPR2","BMP5 - (BMPR1A+BMPR2)","BMP","Secreted Signaling","KEGG: hsa04350; PMID:26893264"
"FIB2","FIB2","BMP5","BMPR1A_BMPR2",0.0424340030873996,0,"BMP5_BMPR1A_BMPR2","BMP5 - (BMPR1A+BMPR2)","BMP","Secreted Signaling","KEGG: hsa04350; PMID:26893264"
"EVT-progenitor","Hofbauer cells","BMP5","BMPR1A_BMPR2",0.00634133199750208,0.03,"BMP5_BMPR1A_BMPR2","BMP5 - (BMPR1A+BMPR2)","BMP","Secreted Signaling","KEGG: hsa04350; PMID:26893264"
"FIB1","Hofbauer cells","BMP5","BMPR1A_BMPR2",0.0215607029314377,0,"BMP5_BMPR1A_BMPR2","BMP5 - (BMPR1A+BMPR2)","BMP","Secreted Signaling","KEGG: hsa04350; PMID:26893264"
"FIB2","Hofbauer cells","BMP5","BMPR1A_BMPR2",0.0255088998457124,0,"BMP5_BMPR1A_BMPR2","BMP5 - (BMPR1A+BMPR2)","BMP","Secreted Signaling","KEGG: hsa04350; PMID:26893264"
"EVT-progenitor","vCTB","BMP5","BMPR1A_BMPR2",0.0141303624596656,0,"BMP5_BMPR1A_BMPR2","BMP5 - (BMPR1A+BMPR2)","BMP","Secreted Signaling","KEGG: hsa04350; PMID:26893264"
"FIB1","vCTB","BMP5","BMPR1A_BMPR2",0.047190639618293,0,"BMP5_BMPR1A_BMPR2","BMP5 - (BMPR1A+BMPR2)","BMP","Secreted Signaling","KEGG: hsa04350; PMID:26893264"
"FIB2","vCTB","BMP5","BMPR1A_BMPR2",0.055576218451017,0,"BMP5_BMPR1A_BMPR2","BMP5 - (BMPR1A+BMPR2)","BMP","Secreted Signaling","KEGG: hsa04350; PMID:26893264"
"EVT-progenitor","FIB1","BMP5","BMPR1B_ACVR2A",0.00625493908619147,0,"BMP5_BMPR1B_ACVR2A","BMP5 - (BMPR1B+ACVR2A)","BMP","Secreted Signaling","KEGG: hsa04350; PMID:26893264"
"FIB1","FIB1","BMP5","BMPR1B_ACVR2A",0.0212872416140113,0,"BMP5_BMPR1B_ACVR2A","BMP5 - (BMPR1B+ACVR2A)","BMP","Secreted Signaling","KEGG: hsa04350; PMID:26893264"
"FIB2","FIB1","BMP5","BMPR1B_ACVR2A",0.0251915932388076,0,"BMP5_BMPR1B_ACVR2A","BMP5 - (BMPR1B+ACVR2A)","BMP","Secreted Signaling","KEGG: hsa04350; PMID:26893264"
"EVT-progenitor","FIB1","BMP5","BMPR1B_BMPR2",0.0110559314663554,0,"BMP5_BMPR1B_BMPR2","BMP5 - (BMPR1B+BMPR2)","BMP","Secreted Signaling","KEGG: hsa04350; PMID:26893264"
"FIB1","FIB1","BMP5","BMPR1B_BMPR2",0.0371944574286606,0,"BMP5_BMPR1B_BMPR2","BMP5 - (BMPR1B+BMPR2)","BMP","Secreted Signaling","KEGG: hsa04350; PMID:26893264"
"FIB2","FIB1","BMP5","BMPR1B_BMPR2",0.0438855704879824,0,"BMP5_BMPR1B_BMPR2","BMP5 - (BMPR1B+BMPR2)","BMP","Secreted Signaling","KEGG: hsa04350; PMID:26893264"
"Endothelial","Endothelial","BMP6","ACVR1_ACVR2A",0.00117703904762372,0,"BMP6_ACVR1_ACVR2A","BMP6 - (ACVR1+ACVR2A)","BMP","Secreted Signaling","KEGG: hsa04350; PMID:26893264"
"Endothelial","STB-progenitor","BMP6","ACVR1_ACVR2A",0.000398275947405031,0,"BMP6_ACVR1_ACVR2A","BMP6 - (ACVR1+ACVR2A)","BMP","Secreted Signaling","KEGG: hsa04350; PMID:26893264"
"Endothelial","Endothelial","BMP6","ACVR1_BMPR2",0.00335699743970163,0,"BMP6_ACVR1_BMPR2","BMP6 - (ACVR1+BMPR2)","BMP","Secreted Signaling","KEGG: hsa04350; PMID:26893264"
"Endothelial","EVT","BMP6","ACVR1_BMPR2",0.00323498193672501,0,"BMP6_ACVR1_BMPR2","BMP6 - (ACVR1+BMPR2)","BMP","Secreted Signaling","KEGG: hsa04350; PMID:26893264"
"Endothelial","STB-progenitor","BMP6","ACVR1_BMPR2",0.00112528290211516,0,"BMP6_ACVR1_BMPR2","BMP6 - (ACVR1+BMPR2)","BMP","Secreted Signaling","KEGG: hsa04350; PMID:26893264"
"Endothelial","vCTB","BMP6","ACVR1_BMPR2",0.00251695684192269,0,"BMP6_ACVR1_BMPR2","BMP6 - (ACVR1+BMPR2)","BMP","Secreted Signaling","KEGG: hsa04350; PMID:26893264"
"Endothelial","FIB1","BMP6","BMPR1A_ACVR2A",0.0014813852445928,0,"BMP6_BMPR1A_ACVR2A","BMP6 - (BMPR1A+ACVR2A)","BMP","Secreted Signaling","KEGG: hsa04350; PMID:26893264"
"Endothelial","FIB2","BMP6","BMPR1A_ACVR2A",0.00288848124257365,0,"BMP6_BMPR1A_ACVR2A","BMP6 - (BMPR1A+ACVR2A)","BMP","Secreted Signaling","KEGG: hsa04350; PMID:26893264"
"Endothelial","Hofbauer cells","BMP6","BMPR1A_ACVR2A",0.00112254250280212,0,"BMP6_BMPR1A_ACVR2A","BMP6 - (BMPR1A+ACVR2A)","BMP","Secreted Signaling","KEGG: hsa04350; PMID:26893264"
"Endothelial","EVT-progenitor","BMP6","BMPR1A_BMPR2",0.00235131051096295,0,"BMP6_BMPR1A_BMPR2","BMP6 - (BMPR1A+BMPR2)","BMP","Secreted Signaling","KEGG: hsa04350; PMID:26893264"
"Endothelial","FIB1","BMP6","BMPR1A_BMPR2",0.00262811567643778,0,"BMP6_BMPR1A_BMPR2","BMP6 - (BMPR1A+BMPR2)","BMP","Secreted Signaling","KEGG: hsa04350; PMID:26893264"
"Endothelial","FIB2","BMP6","BMPR1A_BMPR2",0.0035848919386613,0,"BMP6_BMPR1A_BMPR2","BMP6 - (BMPR1A+BMPR2)","BMP","Secreted Signaling","KEGG: hsa04350; PMID:26893264"
"Endothelial","Hofbauer cells","BMP6","BMPR1A_BMPR2",0.00212318898669188,0,"BMP6_BMPR1A_BMPR2","BMP6 - (BMPR1A+BMPR2)","BMP","Secreted Signaling","KEGG: hsa04350; PMID:26893264"
"Endothelial","vCTB","BMP6","BMPR1A_BMPR2",0.00475491325169568,0,"BMP6_BMPR1A_BMPR2","BMP6 - (BMPR1A+BMPR2)","BMP","Secreted Signaling","KEGG: hsa04350; PMID:26893264"
"Endothelial","FIB1","BMP6","BMPR1B_ACVR2A",0.00209371038266897,0,"BMP6_BMPR1B_ACVR2A","BMP6 - (BMPR1B+ACVR2A)","BMP","Secreted Signaling","KEGG: hsa04350; PMID:26893264"
"Endothelial","FIB1","BMP6","BMPR1B_BMPR2",0.00371267521057509,0,"BMP6_BMPR1B_BMPR2","BMP6 - (BMPR1B+BMPR2)","BMP","Secreted Signaling","KEGG: hsa04350; PMID:26893264"
"vCTB","Endothelial","BMP7","ACVR1_ACVR2A",0.00420684110529632,0,"BMP7_ACVR1_ACVR2A","BMP7 - (ACVR1+ACVR2A)","BMP","Secreted Signaling","KEGG: hsa04350; PMID:26893264"
"vCTB","STB-progenitor","BMP7","ACVR1_ACVR2A",0.00142563424058921,0,"BMP7_ACVR1_ACVR2A","BMP7 - (ACVR1+ACVR2A)","BMP","Secreted Signaling","KEGG: hsa04350; PMID:26893264"
"vCTB","Endothelial","BMP7","ACVR1_BMPR2",0.0119311746331337,0,"BMP7_ACVR1_BMPR2","BMP7 - (ACVR1+BMPR2)","BMP","Secreted Signaling","KEGG: hsa04350; PMID:26893264"
"vCTB","EVT","BMP7","ACVR1_BMPR2",0.0115011130951612,0,"BMP7_ACVR1_BMPR2","BMP7 - (ACVR1+BMPR2)","BMP","Secreted Signaling","KEGG: hsa04350; PMID:26893264"
"vCTB","STB-progenitor","BMP7","ACVR1_BMPR2",0.00401682149344856,0,"BMP7_ACVR1_BMPR2","BMP7 - (ACVR1+BMPR2)","BMP","Secreted Signaling","KEGG: hsa04350; PMID:26893264"
"vCTB","vCTB","BMP7","ACVR1_BMPR2",0.00896486831787785,0,"BMP7_ACVR1_BMPR2","BMP7 - (ACVR1+BMPR2)","BMP","Secreted Signaling","KEGG: hsa04350; PMID:26893264"
"vCTB","FIB1","BMP7","BMPR1A_ACVR2A",0.00529045169044636,0,"BMP7_BMPR1A_ACVR2A","BMP7 - (BMPR1A+ACVR2A)","BMP","Secreted Signaling","KEGG: hsa04350; PMID:26893264"
"vCTB","FIB2","BMP7","BMPR1A_ACVR2A",0.0102783524310712,0,"BMP7_BMPR1A_ACVR2A","BMP7 - (BMPR1A+ACVR2A)","BMP","Secreted Signaling","KEGG: hsa04350; PMID:26893264"
"vCTB","Hofbauer cells","BMP7","BMPR1A_ACVR2A",0.00401206565981303,0,"BMP7_BMPR1A_ACVR2A","BMP7 - (BMPR1A+ACVR2A)","BMP","Secreted Signaling","KEGG: hsa04350; PMID:26893264"
"vCTB","EVT-progenitor","BMP7","BMPR1A_BMPR2",0.00837843546388511,0,"BMP7_BMPR1A_BMPR2","BMP7 - (BMPR1A+BMPR2)","BMP","Secreted Signaling","KEGG: hsa04350; PMID:26893264"
"vCTB","FIB1","BMP7","BMPR1A_BMPR2",0.00935812099951788,0,"BMP7_BMPR1A_BMPR2","BMP7 - (BMPR1A+BMPR2)","BMP","Secreted Signaling","KEGG: hsa04350; PMID:26893264"
"vCTB","FIB2","BMP7","BMPR1A_BMPR2",0.0127337023532643,0,"BMP7_BMPR1A_BMPR2","BMP7 - (BMPR1A+BMPR2)","BMP","Secreted Signaling","KEGG: hsa04350; PMID:26893264"
"vCTB","Hofbauer cells","BMP7","BMPR1A_BMPR2",0.00756800049556957,0,"BMP7_BMPR1A_BMPR2","BMP7 - (BMPR1A+BMPR2)","BMP","Secreted Signaling","KEGG: hsa04350; PMID:26893264"
"vCTB","vCTB","BMP7","BMPR1A_BMPR2",0.0168392103789043,0,"BMP7_BMPR1A_BMPR2","BMP7 - (BMPR1A+BMPR2)","BMP","Secreted Signaling","KEGG: hsa04350; PMID:26893264"
"vCTB","FIB1","BMP7","BMPR1B_ACVR2A",0.00746546887610464,0,"BMP7_BMPR1B_ACVR2A","BMP7 - (BMPR1B+ACVR2A)","BMP","Secreted Signaling","KEGG: hsa04350; PMID:26893264"
"vCTB","FIB1","BMP7","BMPR1B_BMPR2",0.013183279807272,0,"BMP7_BMPR1B_BMPR2","BMP7 - (BMPR1B+BMPR2)","BMP","Secreted Signaling","KEGG: hsa04350; PMID:26893264"
"Erythroblasts","Endothelial","GDF15","TGFBR2",0.00917223659117835,0,"GDF15_TGFBR2","GDF15 - TGFBR2","GDF","Secreted Signaling","KEGG: hsa04350"
"EVT-progenitor","Endothelial","GDF15","TGFBR2",0.0181777426262948,0,"GDF15_TGFBR2","GDF15 - TGFBR2","GDF","Secreted Signaling","KEGG: hsa04350"
"STB","Endothelial","GDF15","TGFBR2",0.0736213883752832,0,"GDF15_TGFBR2","GDF15 - TGFBR2","GDF","Secreted Signaling","KEGG: hsa04350"
"STB-progenitor","Endothelial","GDF15","TGFBR2",0.0339168138126196,0,"GDF15_TGFBR2","GDF15 - TGFBR2","GDF","Secreted Signaling","KEGG: hsa04350"
"EVT-progenitor","EVT","GDF15","TGFBR2",0.00837843546388511,0,"GDF15_TGFBR2","GDF15 - TGFBR2","GDF","Secreted Signaling","KEGG: hsa04350"
"STB","EVT","GDF15","TGFBR2",0.034998805625385,0,"GDF15_TGFBR2","GDF15 - TGFBR2","GDF","Secreted Signaling","KEGG: hsa04350"
"STB-progenitor","EVT","GDF15","TGFBR2",0.0157691179096337,0,"GDF15_TGFBR2","GDF15 - TGFBR2","GDF","Secreted Signaling","KEGG: hsa04350"
"STB","EVT-progenitor","GDF15","TGFBR2",0.0100154204447521,0,"GDF15_TGFBR2","GDF15 - TGFBR2","GDF","Secreted Signaling","KEGG: hsa04350"
"STB","FIB1","GDF15","TGFBR2",0.0100154204447521,0,"GDF15_TGFBR2","GDF15 - TGFBR2","GDF","Secreted Signaling","KEGG: hsa04350"
"STB-progenitor","FIB1","GDF15","TGFBR2",0.00444927437942023,0.01,"GDF15_TGFBR2","GDF15 - TGFBR2","GDF","Secreted Signaling","KEGG: hsa04350"
"Erythroblasts","FIB2","GDF15","TGFBR2",0.00420684110529632,0.03,"GDF15_TGFBR2","GDF15 - TGFBR2","GDF","Secreted Signaling","KEGG: hsa04350"
"EVT-progenitor","FIB2","GDF15","TGFBR2",0.00837843546388511,0,"GDF15_TGFBR2","GDF15 - TGFBR2","GDF","Secreted Signaling","KEGG: hsa04350"
"STB","FIB2","GDF15","TGFBR2",0.034998805625385,0,"GDF15_TGFBR2","GDF15 - TGFBR2","GDF","Secreted Signaling","KEGG: hsa04350"
"STB-progenitor","FIB2","GDF15","TGFBR2",0.0157691179096337,0,"GDF15_TGFBR2","GDF15 - TGFBR2","GDF","Secreted Signaling","KEGG: hsa04350"
"EVT-progenitor","Hofbauer cells","GDF15","TGFBR2",0.00235131051096295,0.01,"GDF15_TGFBR2","GDF15 - TGFBR2","GDF","Secreted Signaling","KEGG: hsa04350"
"STB","Hofbauer cells","GDF15","TGFBR2",0.0100154204447521,0,"GDF15_TGFBR2","GDF15 - TGFBR2","GDF","Secreted Signaling","KEGG: hsa04350"
"STB-progenitor","Hofbauer cells","GDF15","TGFBR2",0.00444927437942023,0,"GDF15_TGFBR2","GDF15 - TGFBR2","GDF","Secreted Signaling","KEGG: hsa04350"
"EVT-progenitor","STB","GDF15","TGFBR2",0.00235131051096295,0,"GDF15_TGFBR2","GDF15 - TGFBR2","GDF","Secreted Signaling","KEGG: hsa04350"
"STB","STB","GDF15","TGFBR2",0.0100154204447521,0,"GDF15_TGFBR2","GDF15 - TGFBR2","GDF","Secreted Signaling","KEGG: hsa04350"
"STB-progenitor","STB","GDF15","TGFBR2",0.00444927437942023,0,"GDF15_TGFBR2","GDF15 - TGFBR2","GDF","Secreted Signaling","KEGG: hsa04350"
"EVT-progenitor","vCTB","GDF15","TGFBR2",0.00235131051096295,0,"GDF15_TGFBR2","GDF15 - TGFBR2","GDF","Secreted Signaling","KEGG: hsa04350"
"STB","vCTB","GDF15","TGFBR2",0.0100154204447521,0,"GDF15_TGFBR2","GDF15 - TGFBR2","GDF","Secreted Signaling","KEGG: hsa04350"
"STB-progenitor","vCTB","GDF15","TGFBR2",0.00444927437942023,0,"GDF15_TGFBR2","GDF15 - TGFBR2","GDF","Secreted Signaling","KEGG: hsa04350"
"FIB1","vCTB","WNT2","FZD6_LRP5",0.00128031738645925,0,"WNT2_FZD6_LRP5","WNT2 - (FZD6+LRP5)","WNT","Secreted Signaling","KEGG: hsa04310; PMID: 23209147"
"FIB2","vCTB","WNT2","FZD6_LRP5",0.00400934923291397,0,"WNT2_FZD6_LRP5","WNT2 - (FZD6+LRP5)","WNT","Secreted Signaling","KEGG: hsa04310; PMID: 23209147"
"STB-progenitor","vCTB","WNT2B","FZD6_LRP5",0.000849268227430626,0,"WNT2B_FZD6_LRP5","WNT2B - (FZD6+LRP5)","WNT","Secreted Signaling","KEGG: hsa04310; PMID: 23209147"
"EVT","vCTB","WNT7A","FZD6_LRP5",0.000523248920132887,0,"WNT7A_FZD6_LRP5","WNT7A - (FZD6+LRP5)","WNT","Secreted Signaling","KEGG: hsa04310; PMID: 23209147"
"FIB1","Endothelial","WNT2","FZD6_LRP6",0.00597889384796639,0,"WNT2_FZD6_LRP6","WNT2 - (FZD6+LRP6)","WNT","Secreted Signaling","KEGG: hsa04310; PMID: 23209147"
"FIB2","Endothelial","WNT2","FZD6_LRP6",0.0185856331421241,0,"WNT2_FZD6_LRP6","WNT2 - (FZD6+LRP6)","WNT","Secreted Signaling","KEGG: hsa04310; PMID: 23209147"
"STB-progenitor","Endothelial","WNT2B","FZD6_LRP6",0.00397309312916943,0,"WNT2B_FZD6_LRP6","WNT2B - (FZD6+LRP6)","WNT","Secreted Signaling","KEGG: hsa04310; PMID: 23209147"
"EVT","Endothelial","WNT7A","FZD6_LRP6",0.00244789175230875,0,"WNT7A_FZD6_LRP6","WNT7A - (FZD6+LRP6)","WNT","Secreted Signaling","KEGG: hsa04310; PMID: 23209147"
"FIB1","Endothelial","AREG","EGFR",0.00161532227044992,0,"AREG_EGFR","AREG - EGFR","EGF","Secreted Signaling","KEGG: hsa04012"
"FIB1","Erythroblasts","AREG","EGFR",0.0226748772542098,0,"AREG_EGFR","AREG - EGFR","EGF","Secreted Signaling","KEGG: hsa04012"
"FIB1","EVT","AREG","EGFR",0.0226748772542098,0,"AREG_EGFR","AREG - EGFR","EGF","Secreted Signaling","KEGG: hsa04012"
"FIB1","EVT-progenitor","AREG","EGFR",0.0359068334909703,0,"AREG_EGFR","AREG - EGFR","EGF","Secreted Signaling","KEGG: hsa04012"
"FIB1","FIB1","AREG","EGFR",0.0226748772542098,0,"AREG_EGFR","AREG - EGFR","EGF","Secreted Signaling","KEGG: hsa04012"
"FIB1","FIB2","AREG","EGFR",0.00643012889060313,0,"AREG_EGFR","AREG - EGFR","EGF","Secreted Signaling","KEGG: hsa04012"
"FIB1","Hofbauer cells","AREG","EGFR",0.0190454571828767,0,"AREG_EGFR","AREG - EGFR","EGF","Secreted Signaling","KEGG: hsa04012"
"FIB1","STB","AREG","EGFR",0.0757375532241215,0,"AREG_EGFR","AREG - EGFR","EGF","Secreted Signaling","KEGG: hsa04012"
"FIB1","STB-progenitor","AREG","EGFR",0.101110627235728,0,"AREG_EGFR","AREG - EGFR","EGF","Secreted Signaling","KEGG: hsa04012"
"FIB1","vCTB","AREG","EGFR",0.0928411152167172,0,"AREG_EGFR","AREG - EGFR","EGF","Secreted Signaling","KEGG: hsa04012"
"FIB1","EVT","AREG","EGFR_ERBB2",0.01210526343429,0,"AREG_EGFR_ERBB2","AREG - (EGFR+ERBB2)","EGF","Secreted Signaling","KEGG: hsa04012"
"FIB1","STB","AREG","EGFR_ERBB2",0.0225102757172669,0,"AREG_EGFR_ERBB2","AREG - (EGFR+ERBB2)","EGF","Secreted Signaling","KEGG: hsa04012"
"Endothelial","FIB1","PDGFB","PDGFRA",0.00137964078168717,0,"PDGFB_PDGFRA","PDGFB - PDGFRA","PDGF","Secreted Signaling","PMID: 15207812"
"Endothelial","FIB2","PDGFB","PDGFRA",0.0188536881297396,0,"PDGFB_PDGFRA","PDGFB - PDGFRA","PDGF","Secreted Signaling","PMID: 15207812"
"Endothelial","FIB1","PDGFB","PDGFRB",0.00435344564431541,0,"PDGFB_PDGFRB","PDGFB - PDGFRB","PDGF","Secreted Signaling","PMID: 15207812"
"Endothelial","FIB2","PDGFB","PDGFRB",0.00255452428934209,0,"PDGFB_PDGFRB","PDGFB - PDGFRB","PDGF","Secreted Signaling","PMID: 15207812"
"FIB2","FIB1","PDGFC","PDGFRA",0.000528824984161074,0,"PDGFC_PDGFRA","PDGFC - PDGFRA","PDGF","Secreted Signaling","PMID: 15207812"
"Hofbauer cells","FIB1","PDGFC","PDGFRA",0.00302094380289282,0,"PDGFC_PDGFRA","PDGFC - PDGFRA","PDGF","Secreted Signaling","PMID: 15207812"
"FIB2","FIB2","PDGFC","PDGFRA",0.00734547424884326,0,"PDGFC_PDGFRA","PDGFC - PDGFRA","PDGF","Secreted Signaling","PMID: 15207812"
"Hofbauer cells","FIB2","PDGFC","PDGFRA",0.0403086654707462,0,"PDGFC_PDGFRA","PDGFC - PDGFRA","PDGF","Secreted Signaling","PMID: 15207812"
"FIB2","Endothelial","VEGFA","FLT1",0.00673602785672289,0,"VEGFA_VEGFR1","VEGFA - VEGFR1","VEGF","Secreted Signaling","KEGG: hsa04370; PMID: 16633338"
"FIB2","Erythroblasts","VEGFA","FLT1",0.00420684110529632,0,"VEGFA_VEGFR1","VEGFA - VEGFR1","VEGF","Secreted Signaling","KEGG: hsa04370; PMID: 16633338"
"FIB2","EVT","VEGFA","FLT1",0.0159342744504456,0,"VEGFA_VEGFR1","VEGFA - VEGFR1","VEGF","Secreted Signaling","KEGG: hsa04370; PMID: 16633338"
"FIB2","EVT-progenitor","VEGFA","FLT1",0.00679702292993569,0,"VEGFA_VEGFR1","VEGFA - VEGFR1","VEGF","Secreted Signaling","KEGG: hsa04370; PMID: 16633338"
"FIB2","FIB1","VEGFA","FLT1",0.0124051457080284,0,"VEGFA_VEGFR1","VEGFA - VEGFR1","VEGF","Secreted Signaling","KEGG: hsa04370; PMID: 16633338"
"FIB2","FIB2","VEGFA","FLT1",0.00885913204958833,0,"VEGFA_VEGFR1","VEGFA - VEGFR1","VEGF","Secreted Signaling","KEGG: hsa04370; PMID: 16633338"
"FIB2","Hofbauer cells","VEGFA","FLT1",0.00117703904762372,0,"VEGFA_VEGFR1","VEGFA - VEGFR1","VEGF","Secreted Signaling","KEGG: hsa04370; PMID: 16633338"
"FIB2","STB","VEGFA","FLT1",0.00506726492481421,0,"VEGFA_VEGFR1","VEGFA - VEGFR1","VEGF","Secreted Signaling","KEGG: hsa04370; PMID: 16633338"
"FIB2","STB-progenitor","VEGFA","FLT1",0.00210785425661351,0,"VEGFA_VEGFR1","VEGFA - VEGFR1","VEGF","Secreted Signaling","KEGG: hsa04370; PMID: 16633338"
"FIB2","vCTB","VEGFA","FLT1",0.00789727238277975,0,"VEGFA_VEGFR1","VEGFA - VEGFR1","VEGF","Secreted Signaling","KEGG: hsa04370; PMID: 16633338"
"FIB2","Endothelial","VEGFA","KDR",0.0129062447394182,0,"VEGFA_VEGFR2","VEGFA - VEGFR2","VEGF","Secreted Signaling","KEGG: hsa04370; PMID: 16633338"
"Endothelial","EVT","VEGFC","FLT4",0.00836021248874966,0,"VEGFC_VEGFR3","VEGFC - VEGFR3","VEGF","Secreted Signaling","KEGG: hsa04370; PMID: 16633338"
"FIB2","EVT","VEGFC","FLT4",0.00403592491650777,0,"VEGFC_VEGFR3","VEGFC - VEGFR3","VEGF","Secreted Signaling","KEGG: hsa04370; PMID: 16633338"
"Endothelial","Endothelial","VEGFC","KDR",0.0264819207052354,0,"VEGFC_VEGFR2","VEGFC - VEGFR2","VEGF","Secreted Signaling","KEGG: hsa04370; PMID: 16633338"
"FIB2","Endothelial","VEGFC","KDR",0.0129062447394182,0,"VEGFC_VEGFR2","VEGFC - VEGFR2","VEGF","Secreted Signaling","KEGG: hsa04370; PMID: 16633338"
"EVT","Endothelial","PGF","FLT1",0.0520968548816037,0,"PGF_VEGFR1","PGF - VEGFR1","VEGF","Secreted Signaling","KEGG: hsa04370; PMID: 16633338"
"EVT-progenitor","Endothelial","PGF","FLT1",0.0113227485377003,0,"PGF_VEGFR1","PGF - VEGFR1","VEGF","Secreted Signaling","KEGG: hsa04370; PMID: 16633338"
"STB","Endothelial","PGF","FLT1",0.0359068334909703,0,"PGF_VEGFR1","PGF - VEGFR1","VEGF","Secreted Signaling","KEGG: hsa04370; PMID: 16633338"
"STB-progenitor","Endothelial","PGF","FLT1",0.0327964676060292,0,"PGF_VEGFR1","PGF - VEGFR1","VEGF","Secreted Signaling","KEGG: hsa04370; PMID: 16633338"
"EVT","Erythroblasts","PGF","FLT1",0.033103602778106,0,"PGF_VEGFR1","PGF - VEGFR1","VEGF","Secreted Signaling","KEGG: hsa04370; PMID: 16633338"
"STB","Erythroblasts","PGF","FLT1",0.0226748772542098,0,"PGF_VEGFR1","PGF - VEGFR1","VEGF","Secreted Signaling","KEGG: hsa04370; PMID: 16633338"
"STB-progenitor","Erythroblasts","PGF","FLT1",0.0206861127684689,0,"PGF_VEGFR1","PGF - VEGFR1","VEGF","Secreted Signaling","KEGG: hsa04370; PMID: 16633338"
"EVT","EVT","PGF","FLT1",0.116002553089878,0,"PGF_VEGFR1","PGF - VEGFR1","VEGF","Secreted Signaling","KEGG: hsa04370; PMID: 16633338"
"EVT-progenitor","EVT","PGF","FLT1",0.0266164612469128,0,"PGF_VEGFR1","PGF - VEGFR1","VEGF","Secreted Signaling","KEGG: hsa04370; PMID: 16633338"
"STB","EVT","PGF","FLT1",0.081663665017461,0,"PGF_VEGFR1","PGF - VEGFR1","VEGF","Secreted Signaling","KEGG: hsa04370; PMID: 16633338"
"STB-progenitor","EVT","PGF","FLT1",0.0748976156015141,0,"PGF_VEGFR1","PGF - VEGFR1","VEGF","Secreted Signaling","KEGG: hsa04370; PMID: 16633338"
"EVT","EVT-progenitor","PGF","FLT1",0.0525468648275174,0,"PGF_VEGFR1","PGF - VEGFR1","VEGF","Secreted Signaling","KEGG: hsa04370; PMID: 16633338"
"EVT-progenitor","EVT-progenitor","PGF","FLT1",0.011424798874858,0,"PGF_VEGFR1","PGF - VEGFR1","VEGF","Secreted Signaling","KEGG: hsa04370; PMID: 16633338"
"STB","EVT-progenitor","PGF","FLT1",0.0362223389175255,0,"PGF_VEGFR1","PGF - VEGFR1","VEGF","Secreted Signaling","KEGG: hsa04370; PMID: 16633338"
"STB-progenitor","EVT-progenitor","PGF","FLT1",0.0330855808431149,0,"PGF_VEGFR1","PGF - VEGFR1","VEGF","Secreted Signaling","KEGG: hsa04370; PMID: 16633338"
"EVT","FIB1","PGF","FLT1",0.0923911017547095,0,"PGF_VEGFR1","PGF - VEGFR1","VEGF","Secreted Signaling","KEGG: hsa04370; PMID: 16633338"
"EVT-progenitor","FIB1","PGF","FLT1",0.0207713766153516,0,"PGF_VEGFR1","PGF - VEGFR1","VEGF","Secreted Signaling","KEGG: hsa04370; PMID: 16633338"
"STB","FIB1","PGF","FLT1",0.0645314125498044,0,"PGF_VEGFR1","PGF - VEGFR1","VEGF","Secreted Signaling","KEGG: hsa04370; PMID: 16633338"
"STB-progenitor","FIB1","PGF","FLT1",0.0590934758279823,0,"PGF_VEGFR1","PGF - VEGFR1","VEGF","Secreted Signaling","KEGG: hsa04370; PMID: 16633338"
"EVT","FIB2","PGF","FLT1",0.0675448284276489,0,"PGF_VEGFR1","PGF - VEGFR1","VEGF","Secreted Signaling","KEGG: hsa04370; PMID: 16633338"
"EVT-progenitor","FIB2","PGF","FLT1",0.014869881832971,0,"PGF_VEGFR1","PGF - VEGFR1","VEGF","Secreted Signaling","KEGG: hsa04370; PMID: 16633338"
"STB","FIB2","PGF","FLT1",0.0467910523943674,0,"PGF_VEGFR1","PGF - VEGFR1","VEGF","Secreted Signaling","KEGG: hsa04370; PMID: 16633338"
"STB-progenitor","FIB2","PGF","FLT1",0.0427796963325367,0,"PGF_VEGFR1","PGF - VEGFR1","VEGF","Secreted Signaling","KEGG: hsa04370; PMID: 16633338"
"EVT","Hofbauer cells","PGF","FLT1",0.00945981842288837,0,"PGF_VEGFR1","PGF - VEGFR1","VEGF","Secreted Signaling","KEGG: hsa04370; PMID: 16633338"
"STB","Hofbauer cells","PGF","FLT1",0.00643012889060313,0.02,"PGF_VEGFR1","PGF - VEGFR1","VEGF","Secreted Signaling","KEGG: hsa04370; PMID: 16633338"
"EVT","STB","PGF","FLT1",0.0396390057364944,0,"PGF_VEGFR1","PGF - VEGFR1","VEGF","Secreted Signaling","KEGG: hsa04370; PMID: 16633338"
"EVT-progenitor","STB","PGF","FLT1",0.0085274409029695,0,"PGF_VEGFR1","PGF - VEGFR1","VEGF","Secreted Signaling","KEGG: hsa04370; PMID: 16633338"
"STB","STB","PGF","FLT1",0.0272093513745228,0,"PGF_VEGFR1","PGF - VEGFR1","VEGF","Secreted Signaling","KEGG: hsa04370; PMID: 16633338"
"STB-progenitor","STB","PGF","FLT1",0.0248329834010054,0,"PGF_VEGFR1","PGF - VEGFR1","VEGF","Secreted Signaling","KEGG: hsa04370; PMID: 16633338"
"EVT","STB-progenitor","PGF","FLT1",0.0168303744034828,0,"PGF_VEGFR1","PGF - VEGFR1","VEGF","Secreted Signaling","KEGG: hsa04370; PMID: 16633338"
"STB","STB-progenitor","PGF","FLT1",0.0114674501392682,0,"PGF_VEGFR1","PGF - VEGFR1","VEGF","Secreted Signaling","KEGG: hsa04370; PMID: 16633338"
"STB-progenitor","STB-progenitor","PGF","FLT1",0.010451153251596,0.04,"PGF_VEGFR1","PGF - VEGFR1","VEGF","Secreted Signaling","KEGG: hsa04370; PMID: 16633338"
"EVT","vCTB","PGF","FLT1",0.0606008854690354,0,"PGF_VEGFR1","PGF - VEGFR1","VEGF","Secreted Signaling","KEGG: hsa04370; PMID: 16633338"
"EVT-progenitor","vCTB","PGF","FLT1",0.0132641525823917,0,"PGF_VEGFR1","PGF - VEGFR1","VEGF","Secreted Signaling","KEGG: hsa04370; PMID: 16633338"
"STB","vCTB","PGF","FLT1",0.041884861856868,0,"PGF_VEGFR1","PGF - VEGFR1","VEGF","Secreted Signaling","KEGG: hsa04370; PMID: 16633338"
"STB-progenitor","vCTB","PGF","FLT1",0.0382772194031697,0,"PGF_VEGFR1","PGF - VEGFR1","VEGF","Secreted Signaling","KEGG: hsa04370; PMID: 16633338"
"FIB2","Endothelial","VEGFA","FLT1_KDR",0.010591714184635,0,"VEGFA_VEGFR1R2","VEGFA - VEGFR1R2","VEGF","Secreted Signaling","PMID: 16633338"
"Endothelial","Endothelial","IGF1","IGF1R",0.0300266415236751,0,"IGF1_IGF1R","IGF1 - IGF1R","IGF","Secreted Signaling","PMID: 14604834"
"Hofbauer cells","Endothelial","IGF1","IGF1R",0.0312996731015212,0,"IGF1_IGF1R","IGF1 - IGF1R","IGF","Secreted Signaling","PMID: 14604834"
"Endothelial","Erythroblasts","IGF1","IGF1R",0.0356090125594589,0,"IGF1_IGF1R","IGF1 - IGF1R","IGF","Secreted Signaling","PMID: 14604834"
"Hofbauer cells","Erythroblasts","IGF1","IGF1R",0.0370639011464866,0,"IGF1_IGF1R","IGF1 - IGF1R","IGF","Secreted Signaling","PMID: 14604834"
"Endothelial","EVT","IGF1","IGF1R",0.0162150025230886,0,"IGF1_IGF1R","IGF1 - IGF1R","IGF","Secreted Signaling","PMID: 14604834"
"Hofbauer cells","EVT","IGF1","IGF1R",0.016796414769392,0,"IGF1_IGF1R","IGF1 - IGF1R","IGF","Secreted Signaling","PMID: 14604834"
"Endothelial","EVT-progenitor","IGF1","IGF1R",0.0149999139549112,0,"IGF1_IGF1R","IGF1 - IGF1R","IGF","Secreted Signaling","PMID: 14604834"
"Hofbauer cells","EVT-progenitor","IGF1","IGF1R",0.0155377574522812,0,"IGF1_IGF1R","IGF1 - IGF1R","IGF","Secreted Signaling","PMID: 14604834"
"Endothelial","FIB1","IGF1","IGF1R",0.0248793758507705,0,"IGF1_IGF1R","IGF1 - IGF1R","IGF","Secreted Signaling","PMID: 14604834"
"Hofbauer cells","FIB1","IGF1","IGF1R",0.0258239127792478,0,"IGF1_IGF1R","IGF1 - IGF1R","IGF","Secreted Signaling","PMID: 14604834"
"Endothelial","FIB2","IGF1","IGF1R",0.0220088503849235,0,"IGF1_IGF1R","IGF1 - IGF1R","IGF","Secreted Signaling","PMID: 14604834"
"Hofbauer cells","FIB2","IGF1","IGF1R",0.0228848732561283,0,"IGF1_IGF1R","IGF1 - IGF1R","IGF","Secreted Signaling","PMID: 14604834"
"Endothelial","Hofbauer cells","IGF1","IGF1R",0.00506436209866218,0.01,"IGF1_IGF1R","IGF1 - IGF1R","IGF","Secreted Signaling","PMID: 14604834"
"Hofbauer cells","Hofbauer cells","IGF1","IGF1R",0.0052210879588569,0,"IGF1_IGF1R","IGF1 - IGF1R","IGF","Secreted Signaling","PMID: 14604834"
"Endothelial","STB","IGF1","IGF1R",0.0191723327395145,0,"IGF1_IGF1R","IGF1 - IGF1R","IGF","Secreted Signaling","PMID: 14604834"
"Hofbauer cells","STB","IGF1","IGF1R",0.0198469626600635,0,"IGF1_IGF1R","IGF1 - IGF1R","IGF","Secreted Signaling","PMID: 14604834"
"Endothelial","STB-progenitor","IGF1","IGF1R",0.0404682325023582,0,"IGF1_IGF1R","IGF1 - IGF1R","IGF","Secreted Signaling","PMID: 14604834"
"Hofbauer cells","STB-progenitor","IGF1","IGF1R",0.0421614499067168,0,"IGF1_IGF1R","IGF1 - IGF1R","IGF","Secreted Signaling","PMID: 14604834"
"Endothelial","vCTB","IGF1","IGF1R",0.0506616202116164,0,"IGF1_IGF1R","IGF1 - IGF1R","IGF","Secreted Signaling","PMID: 14604834"
"Hofbauer cells","vCTB","IGF1","IGF1R",0.0529442044160539,0,"IGF1_IGF1R","IGF1 - IGF1R","IGF","Secreted Signaling","PMID: 14604834"
"Endothelial","Endothelial","IGF2","IGF1R",0.0168623527100803,0,"IGF2_IGF1R","IGF2 - IGF1R","IGF","Secreted Signaling","PMID: 14604834"
"FIB2","Endothelial","IGF2","IGF1R",0.00439154070570994,0,"IGF2_IGF1R","IGF2 - IGF1R","IGF","Secreted Signaling","PMID: 14604834"
"Endothelial","Erythroblasts","IGF2","IGF1R",0.0199332845846424,0,"IGF2_IGF1R","IGF2 - IGF1R","IGF","Secreted Signaling","PMID: 14604834"
"FIB2","Erythroblasts","IGF2","IGF1R",0.00517615967855282,0,"IGF2_IGF1R","IGF2 - IGF1R","IGF","Secreted Signaling","PMID: 14604834"
"Endothelial","EVT","IGF2","IGF1R",0.00898286336918647,0,"IGF2_IGF1R","IGF2 - IGF1R","IGF","Secreted Signaling","PMID: 14604834"
"FIB2","EVT","IGF2","IGF1R",0.00231085841755643,0,"IGF2_IGF1R","IGF2 - IGF1R","IGF","Secreted Signaling","PMID: 14604834"
"Endothelial","EVT-progenitor","IGF2","IGF1R",0.00830972288870513,0,"IGF2_IGF1R","IGF2 - IGF1R","IGF","Secreted Signaling","PMID: 14604834"
"FIB2","EVT-progenitor","IGF2","IGF1R",0.00213769176884014,0,"IGF2_IGF1R","IGF2 - IGF1R","IGF","Secreted Signaling","PMID: 14604834"
"Endothelial","FIB1","IGF2","IGF1R",0.0138434013743799,0,"IGF2_IGF1R","IGF2 - IGF1R","IGF","Secreted Signaling","PMID: 14604834"
"FIB2","FIB1","IGF2","IGF1R",0.00357525527051117,0,"IGF2_IGF1R","IGF2 - IGF1R","IGF","Secreted Signaling","PMID: 14604834"
"Endothelial","FIB2","IGF2","IGF1R",0.0122931451905492,0,"IGF2_IGF1R","IGF2 - IGF1R","IGF","Secreted Signaling","PMID: 14604834"
"FIB2","FIB2","IGF2","IGF1R",0.00318586142650334,0,"IGF2_IGF1R","IGF2 - IGF1R","IGF","Secreted Signaling","PMID: 14604834"
"FIB2","Hofbauer cells","IGF2","IGF1R",0.000707994394992048,0,"IGF2_IGF1R","IGF2 - IGF1R","IGF","Secreted Signaling","PMID: 14604834"
"Endothelial","STB","IGF2","IGF1R",0.0106064093992146,0,"IGF2_IGF1R","IGF2 - IGF1R","IGF","Secreted Signaling","PMID: 14604834"
"FIB2","STB","IGF2","IGF1R",0.00272514065146165,0,"IGF2_IGF1R","IGF2 - IGF1R","IGF","Secreted Signaling","PMID: 14604834"
"Endothelial","STB-progenitor","IGF2","IGF1R",0.022699830200084,0,"IGF2_IGF1R","IGF2 - IGF1R","IGF","Secreted Signaling","PMID: 14604834"
"FIB2","STB-progenitor","IGF2","IGF1R",0.00590556806617448,0,"IGF2_IGF1R","IGF2 - IGF1R","IGF","Secreted Signaling","PMID: 14604834"
"Endothelial","vCTB","IGF2","IGF1R",0.0286085784819157,0,"IGF2_IGF1R","IGF2 - IGF1R","IGF","Secreted Signaling","PMID: 14604834"
"FIB2","vCTB","IGF2","IGF1R",0.00748871997710842,0,"IGF2_IGF1R","IGF2 - IGF1R","IGF","Secreted Signaling","PMID: 14604834"
"Endothelial","Endothelial","IGF2","IGF2R",0.00212620891709039,0,"IGF2_IGF2R","IGF2 - IGF2R","IGF","Secreted Signaling","PMID: 14604834"
"FIB2","Endothelial","IGF2","IGF2R",0.00054206154328463,0,"IGF2_IGF2R","IGF2 - IGF2R","IGF","Secreted Signaling","PMID: 14604834"
"Endothelial","EVT","IGF2","IGF2R",0.00227405795144518,0,"IGF2_IGF2R","IGF2 - IGF2R","IGF","Secreted Signaling","PMID: 14604834"
"FIB2","EVT","IGF2","IGF2R",0.000579754582332353,0,"IGF2_IGF2R","IGF2 - IGF2R","IGF","Secreted Signaling","PMID: 14604834"
"Endothelial","FIB1","IGF2","IGF2R",0.00418745982947031,0,"IGF2_IGF2R","IGF2 - IGF2R","IGF","Secreted Signaling","PMID: 14604834"
"EVT-progenitor","FIB1","IGF2","IGF2R",0.000290715992222467,0.04,"IGF2_IGF2R","IGF2 - IGF2R","IGF","Secreted Signaling","PMID: 14604834"
"FIB2","FIB1","IGF2","IGF2R",0.00106945327555973,0,"IGF2_IGF2R","IGF2 - IGF2R","IGF","Secreted Signaling","PMID: 14604834"
"Endothelial","FIB2","IGF2","IGF2R",0.00193737564313936,0,"IGF2_IGF2R","IGF2 - IGF2R","IGF","Secreted Signaling","PMID: 14604834"
"FIB2","FIB2","IGF2","IGF2R",0.000493919869586141,0,"IGF2_IGF2R","IGF2 - IGF2R","IGF","Secreted Signaling","PMID: 14604834"
"Endothelial","STB-progenitor","IGF2","IGF2R",0.00299075627072208,0,"IGF2_IGF2R","IGF2 - IGF2R","IGF","Secreted Signaling","PMID: 14604834"
"EVT-progenitor","STB-progenitor","IGF2","IGF2R",0.000207160374697163,0.04,"IGF2_IGF2R","IGF2 - IGF2R","IGF","Secreted Signaling","PMID: 14604834"
"FIB2","STB-progenitor","IGF2","IGF2R",0.00076247162104573,0,"IGF2_IGF2R","IGF2 - IGF2R","IGF","Secreted Signaling","PMID: 14604834"
"Endothelial","vCTB","IGF2","IGF2R",0.00299075627072208,0,"IGF2_IGF2R","IGF2 - IGF2R","IGF","Secreted Signaling","PMID: 14604834"
"FIB2","vCTB","IGF2","IGF2R",0.00076247162104573,0,"IGF2_IGF2R","IGF2 - IGF2R","IGF","Secreted Signaling","PMID: 14604834"
"Endothelial","STB","IGF1","ITGAV_ITGB3",0.0102563882978005,0,"IGF1_ITGAV_ITGB3","IGF1 - (ITGAV+ITGB3)","IGF","Secreted Signaling","PMID: 28190785; PMID: 28873464"
"Hofbauer cells","STB","IGF1","ITGAV_ITGB3",0.0105889768054054,0,"IGF1_ITGAV_ITGB3","IGF1 - (ITGAV+ITGB3)","IGF","Secreted Signaling","PMID: 28190785; PMID: 28873464"
"Endothelial","vCTB","IGF1","ITGA6_ITGB4",0.0195401810381176,0,"IGF1_ITGA6_ITGB4","IGF1 - (ITGA6+ITGB4)","IGF","Secreted Signaling","PMID: 28190785; PMID: 28873464"
"Hofbauer cells","vCTB","IGF1","ITGA6_ITGB4",0.0202299861155977,0,"IGF1_ITGA6_ITGB4","IGF1 - (ITGA6+ITGB4)","IGF","Secreted Signaling","PMID: 28190785; PMID: 28873464"
"Endothelial","STB","IGF2","ITGAV_ITGB3",0.00564149414743309,0,"IGF2_ITGAV_ITGB3","IGF2 - (ITGAV+ITGB3)","IGF","Secreted Signaling","PMID: 28190785; PMID: 28873464"
"EVT-progenitor","STB","IGF2","ITGAV_ITGB3",0.000392134215630689,0,"IGF2_ITGAV_ITGB3","IGF2 - (ITGAV+ITGB3)","IGF","Secreted Signaling","PMID: 28190785; PMID: 28873464"
"FIB2","STB","IGF2","ITGAV_ITGB3",0.00144214704069408,0,"IGF2_ITGAV_ITGB3","IGF2 - (ITGAV+ITGB3)","IGF","Secreted Signaling","PMID: 28190785; PMID: 28873464"
"Endothelial","vCTB","IGF2","ITGA6_ITGB4",0.010812477217293,0,"IGF2_ITGA6_ITGB4","IGF2 - (ITGA6+ITGB4)","IGF","Secreted Signaling","PMID: 28190785; PMID: 28873464"
"EVT-progenitor","vCTB","IGF2","ITGA6_ITGB4",0.000756722036230087,0,"IGF2_ITGA6_ITGB4","IGF2 - (ITGA6+ITGB4)","IGF","Secreted Signaling","PMID: 28190785; PMID: 28873464"
"FIB2","vCTB","IGF2","ITGA6_ITGB4",0.00277867342282449,0,"IGF2_ITGA6_ITGB4","IGF2 - (ITGA6+ITGB4)","IGF","Secreted Signaling","PMID: 28190785; PMID: 28873464"
"Erythroblasts","Endothelial","SPP1","CD44",0.00432807249970202,0,"SPP1_CD44","SPP1 - CD44","SPP1","Secreted Signaling","PMID: 21907263"
"EVT-progenitor","Endothelial","SPP1","CD44",0.0680544217506493,0,"SPP1_CD44","SPP1 - CD44","SPP1","Secreted Signaling","PMID: 21907263"
"FIB1","Endothelial","SPP1","CD44",0.00999230316410858,0,"SPP1_CD44","SPP1 - CD44","SPP1","Secreted Signaling","PMID: 21907263"
"FIB2","Endothelial","SPP1","CD44",0.00684250902101977,0,"SPP1_CD44","SPP1 - CD44","SPP1","Secreted Signaling","PMID: 21907263"
"Hofbauer cells","Endothelial","SPP1","CD44",0.0905159914670617,0,"SPP1_CD44","SPP1 - CD44","SPP1","Secreted Signaling","PMID: 21907263"
"STB","Endothelial","SPP1","CD44",0.00432807249970202,0,"SPP1_CD44","SPP1 - CD44","SPP1","Secreted Signaling","PMID: 21907263"
"vCTB","Endothelial","SPP1","CD44",0.00108554185280581,0,"SPP1_CD44","SPP1 - CD44","SPP1","Secreted Signaling","PMID: 21907263"
"Erythroblasts","STB","SPP1","ITGAV_ITGB3",0.00222626433884039,0,"SPP1_ITGAV_ITGB3","SPP1 - (ITGAV+ITGB3)","SPP1","Secreted Signaling","PMID: 21907263"
"EVT-progenitor","STB","SPP1","ITGAV_ITGB3",0.0361286124075297,0,"SPP1_ITGAV_ITGB3","SPP1 - (ITGAV+ITGB3)","SPP1","Secreted Signaling","PMID: 21907263"
"FIB1","STB","SPP1","ITGAV_ITGB3",0.00515405752277929,0,"SPP1_ITGAV_ITGB3","SPP1 - (ITGAV+ITGB3)","SPP1","Secreted Signaling","PMID: 21907263"
"FIB2","STB","SPP1","ITGAV_ITGB3",0.00352395631185911,0,"SPP1_ITGAV_ITGB3","SPP1 - (ITGAV+ITGB3)","SPP1","Secreted Signaling","PMID: 21907263"
"Hofbauer cells","STB","SPP1","ITGAV_ITGB3",0.0486025042438426,0,"SPP1_ITGAV_ITGB3","SPP1 - (ITGAV+ITGB3)","SPP1","Secreted Signaling","PMID: 21907263"
"STB","STB","SPP1","ITGAV_ITGB3",0.00222626433884039,0,"SPP1_ITGAV_ITGB3","SPP1 - (ITGAV+ITGB3)","SPP1","Secreted Signaling","PMID: 21907263"
"vCTB","STB","SPP1","ITGAV_ITGB3",0.000557496936371439,0,"SPP1_ITGAV_ITGB3","SPP1 - (ITGAV+ITGB3)","SPP1","Secreted Signaling","PMID: 21907263"
"EVT-progenitor","Endothelial","SPP1","ITGAV_ITGB1",0.0821212427304358,0,"SPP1_ITGAV_ITGB1","SPP1 - (ITGAV+ITGB1)","SPP1","Secreted Signaling","PMID: 21907263"
"Hofbauer cells","Endothelial","SPP1","ITGAV_ITGB1",0.108684163317484,0,"SPP1_ITGAV_ITGB1","SPP1 - (ITGAV+ITGB1)","SPP1","Secreted Signaling","PMID: 21907263"
"Hofbauer cells","Erythroblasts","SPP1","ITGAV_ITGB1",0.0262719326949439,0.01,"SPP1_ITGAV_ITGB1","SPP1 - (ITGAV+ITGB1)","SPP1","Secreted Signaling","PMID: 21907263"
"EVT-progenitor","EVT","SPP1","ITGAV_ITGB1",0.0729789083727205,0,"SPP1_ITGAV_ITGB1","SPP1 - (ITGAV+ITGB1)","SPP1","Secreted Signaling","PMID: 21907263"
"Hofbauer cells","EVT","SPP1","ITGAV_ITGB1",0.0968968288769252,0,"SPP1_ITGAV_ITGB1","SPP1 - (ITGAV+ITGB1)","SPP1","Secreted Signaling","PMID: 21907263"
"EVT-progenitor","EVT-progenitor","SPP1","ITGAV_ITGB1",0.10143660911947,0,"SPP1_ITGAV_ITGB1","SPP1 - (ITGAV+ITGB1)","SPP1","Secreted Signaling","PMID: 21907263"
"Hofbauer cells","EVT-progenitor","SPP1","ITGAV_ITGB1",0.133339668311799,0,"SPP1_ITGAV_ITGB1","SPP1 - (ITGAV+ITGB1)","SPP1","Secreted Signaling","PMID: 21907263"
"EVT-progenitor","FIB1","SPP1","ITGAV_ITGB1",0.0380852208137709,0,"SPP1_ITGAV_ITGB1","SPP1 - (ITGAV+ITGB1)","SPP1","Secreted Signaling","PMID: 21907263"
"Hofbauer cells","FIB1","SPP1","ITGAV_ITGB1",0.051198774628777,0,"SPP1_ITGAV_ITGB1","SPP1 - (ITGAV+ITGB1)","SPP1","Secreted Signaling","PMID: 21907263"
"EVT-progenitor","FIB2","SPP1","ITGAV_ITGB1",0.0380852208137709,0,"SPP1_ITGAV_ITGB1","SPP1 - (ITGAV+ITGB1)","SPP1","Secreted Signaling","PMID: 21907263"
"Hofbauer cells","FIB2","SPP1","ITGAV_ITGB1",0.051198774628777,0,"SPP1_ITGAV_ITGB1","SPP1 - (ITGAV+ITGB1)","SPP1","Secreted Signaling","PMID: 21907263"
"EVT-progenitor","Hofbauer cells","SPP1","ITGAV_ITGB1",0.0468686641348659,0,"SPP1_ITGAV_ITGB1","SPP1 - (ITGAV+ITGB1)","SPP1","Secreted Signaling","PMID: 21907263"
"Hofbauer cells","Hofbauer cells","SPP1","ITGAV_ITGB1",0.0628090687460678,0,"SPP1_ITGAV_ITGB1","SPP1 - (ITGAV+ITGB1)","SPP1","Secreted Signaling","PMID: 21907263"
"EVT-progenitor","STB","SPP1","ITGAV_ITGB1",0.0361286124075297,0,"SPP1_ITGAV_ITGB1","SPP1 - (ITGAV+ITGB1)","SPP1","Secreted Signaling","PMID: 21907263"
"Hofbauer cells","STB","SPP1","ITGAV_ITGB1",0.0486025042438426,0,"SPP1_ITGAV_ITGB1","SPP1 - (ITGAV+ITGB1)","SPP1","Secreted Signaling","PMID: 21907263"
"EVT-progenitor","STB-progenitor","SPP1","ITGAV_ITGB1",0.0265372517870913,0,"SPP1_ITGAV_ITGB1","SPP1 - (ITGAV+ITGB1)","SPP1","Secreted Signaling","PMID: 21907263"
"Hofbauer cells","STB-progenitor","SPP1","ITGAV_ITGB1",0.0358226716953309,0,"SPP1_ITGAV_ITGB1","SPP1 - (ITGAV+ITGB1)","SPP1","Secreted Signaling","PMID: 21907263"
"EVT-progenitor","vCTB","SPP1","ITGAV_ITGB1",0.0887705668200317,0,"SPP1_ITGAV_ITGB1","SPP1 - (ITGAV+ITGB1)","SPP1","Secreted Signaling","PMID: 21907263"
"Hofbauer cells","vCTB","SPP1","ITGAV_ITGB1",0.117209628849549,0,"SPP1_ITGAV_ITGB1","SPP1 - (ITGAV+ITGB1)","SPP1","Secreted Signaling","PMID: 21907263"
"EVT-progenitor","Erythroblasts","SPP1","ITGAV_ITGB5",0.0194122707152285,0,"SPP1_ITGAV_ITGB5","SPP1 - (ITGAV+ITGB5)","SPP1","Secreted Signaling","PMID: 21907263"
"Hofbauer cells","Erythroblasts","SPP1","ITGAV_ITGB5",0.0262719326949439,0,"SPP1_ITGAV_ITGB5","SPP1 - (ITGAV+ITGB5)","SPP1","Secreted Signaling","PMID: 21907263"
"EVT-progenitor","Hofbauer cells","SPP1","ITGAV_ITGB5",0.0380852208137709,0,"SPP1_ITGAV_ITGB5","SPP1 - (ITGAV+ITGB5)","SPP1","Secreted Signaling","PMID: 21907263"
"Hofbauer cells","Hofbauer cells","SPP1","ITGAV_ITGB5",0.051198774628777,0,"SPP1_ITGAV_ITGB5","SPP1 - (ITGAV+ITGB5)","SPP1","Secreted Signaling","PMID: 21907263"
"EVT-progenitor","STB-progenitor","SPP1","ITGAV_ITGB5",0.037121300721873,0,"SPP1_ITGAV_ITGB5","SPP1 - (ITGAV+ITGB5)","SPP1","Secreted Signaling","PMID: 21907263"
"Hofbauer cells","STB-progenitor","SPP1","ITGAV_ITGB5",0.0499201807066914,0,"SPP1_ITGAV_ITGB5","SPP1 - (ITGAV+ITGB5)","SPP1","Secreted Signaling","PMID: 21907263"
"EVT-progenitor","vCTB","SPP1","ITGAV_ITGB5",0.0887705668200317,0,"SPP1_ITGAV_ITGB5","SPP1 - (ITGAV+ITGB5)","SPP1","Secreted Signaling","PMID: 21907263"
"FIB1","vCTB","SPP1","ITGAV_ITGB5",0.0132859858331451,0,"SPP1_ITGAV_ITGB5","SPP1 - (ITGAV+ITGB5)","SPP1","Secreted Signaling","PMID: 21907263"
"FIB2","vCTB","SPP1","ITGAV_ITGB5",0.00910750155819327,0.01,"SPP1_ITGAV_ITGB5","SPP1 - (ITGAV+ITGB5)","SPP1","Secreted Signaling","PMID: 21907263"
"Hofbauer cells","vCTB","SPP1","ITGAV_ITGB5",0.117209628849549,0,"SPP1_ITGAV_ITGB5","SPP1 - (ITGAV+ITGB5)","SPP1","Secreted Signaling","PMID: 21907263"
"STB","vCTB","SPP1","ITGAV_ITGB5",0.00576557358146958,0.04,"SPP1_ITGAV_ITGB5","SPP1 - (ITGAV+ITGB5)","SPP1","Secreted Signaling","PMID: 21907263"
"Erythroblasts","FIB1","SPP1","ITGA4_ITGB1",0.00295838797688886,0,"SPP1_ITGA4_ITGB1","SPP1 - (ITGA4+ITGB1)","SPP1","Secreted Signaling","PMID: 21907263"
"EVT-progenitor","FIB1","SPP1","ITGA4_ITGB1",0.0474792470268255,0,"SPP1_ITGA4_ITGB1","SPP1 - (ITGA4+ITGB1)","SPP1","Secreted Signaling","PMID: 21907263"
"FIB1","FIB1","SPP1","ITGA4_ITGB1",0.0068424050444383,0,"SPP1_ITGA4_ITGB1","SPP1 - (ITGA4+ITGB1)","SPP1","Secreted Signaling","PMID: 21907263"
"FIB2","FIB1","SPP1","ITGA4_ITGB1",0.00468083360794024,0,"SPP1_ITGA4_ITGB1","SPP1 - (ITGA4+ITGB1)","SPP1","Secreted Signaling","PMID: 21907263"
"Hofbauer cells","FIB1","SPP1","ITGA4_ITGB1",0.0636134559034651,0,"SPP1_ITGA4_ITGB1","SPP1 - (ITGA4+ITGB1)","SPP1","Secreted Signaling","PMID: 21907263"
"STB","FIB1","SPP1","ITGA4_ITGB1",0.00295838797688886,0,"SPP1_ITGA4_ITGB1","SPP1 - (ITGA4+ITGB1)","SPP1","Secreted Signaling","PMID: 21907263"
"vCTB","FIB1","SPP1","ITGA4_ITGB1",0.000741241654521244,0,"SPP1_ITGA4_ITGB1","SPP1 - (ITGA4+ITGB1)","SPP1","Secreted Signaling","PMID: 21907263"
"Erythroblasts","Endothelial","SPP1","ITGA9_ITGB1",0.00299353726281385,0.01,"SPP1_ITGA9_ITGB1","SPP1 - (ITGA9+ITGB1)","SPP1","Secreted Signaling","PMID: 21907263"
"EVT-progenitor","Endothelial","SPP1","ITGA9_ITGB1",0.0480178838213809,0,"SPP1_ITGA9_ITGB1","SPP1 - (ITGA9+ITGB1)","SPP1","Secreted Signaling","PMID: 21907263"
"FIB1","Endothelial","SPP1","ITGA9_ITGB1",0.00692338078723502,0,"SPP1_ITGA9_ITGB1","SPP1 - (ITGA9+ITGB1)","SPP1","Secreted Signaling","PMID: 21907263"
"FIB2","Endothelial","SPP1","ITGA9_ITGB1",0.00473635044944005,0,"SPP1_ITGA9_ITGB1","SPP1 - (ITGA9+ITGB1)","SPP1","Secreted Signaling","PMID: 21907263"
"Hofbauer cells","Endothelial","SPP1","ITGA9_ITGB1",0.0643227697784539,0,"SPP1_ITGA9_ITGB1","SPP1 - (ITGA9+ITGB1)","SPP1","Secreted Signaling","PMID: 21907263"
"STB","Endothelial","SPP1","ITGA9_ITGB1",0.00299353726281385,0,"SPP1_ITGA9_ITGB1","SPP1 - (ITGA9+ITGB1)","SPP1","Secreted Signaling","PMID: 21907263"
"vCTB","Endothelial","SPP1","ITGA9_ITGB1",0.000750068333833703,0.01,"SPP1_ITGA9_ITGB1","SPP1 - (ITGA9+ITGB1)","SPP1","Secreted Signaling","PMID: 21907263"
"Erythroblasts","FIB1","SPP1","ITGA9_ITGB1",0.00572913242708251,0,"SPP1_ITGA9_ITGB1","SPP1 - (ITGA9+ITGB1)","SPP1","Secreted Signaling","PMID: 21907263"
"EVT-progenitor","FIB1","SPP1","ITGA9_ITGB1",0.0882560651742219,0,"SPP1_ITGA9_ITGB1","SPP1 - (ITGA9+ITGB1)","SPP1","Secreted Signaling","PMID: 21907263"
"FIB1","FIB1","SPP1","ITGA9_ITGB1",0.0132026433079634,0,"SPP1_ITGA9_ITGB1","SPP1 - (ITGA9+ITGB1)","SPP1","Secreted Signaling","PMID: 21907263"
"FIB2","FIB1","SPP1","ITGA9_ITGB1",0.00905013010749336,0,"SPP1_ITGA9_ITGB1","SPP1 - (ITGA9+ITGB1)","SPP1","Secreted Signaling","PMID: 21907263"
"Hofbauer cells","FIB1","SPP1","ITGA9_ITGB1",0.116551380953906,0,"SPP1_ITGA9_ITGB1","SPP1 - (ITGA9+ITGB1)","SPP1","Secreted Signaling","PMID: 21907263"
"STB","FIB1","SPP1","ITGA9_ITGB1",0.00572913242708251,0,"SPP1_ITGA9_ITGB1","SPP1 - (ITGA9+ITGB1)","SPP1","Secreted Signaling","PMID: 21907263"
"vCTB","FIB1","SPP1","ITGA9_ITGB1",0.00143846396970113,0,"SPP1_ITGA9_ITGB1","SPP1 - (ITGA9+ITGB1)","SPP1","Secreted Signaling","PMID: 21907263"
"Erythroblasts","Hofbauer cells","SPP1","ITGA9_ITGB1",0.00367159107307641,0,"SPP1_ITGA9_ITGB1","SPP1 - (ITGA9+ITGB1)","SPP1","Secreted Signaling","PMID: 21907263"
"EVT-progenitor","Hofbauer cells","SPP1","ITGA9_ITGB1",0.0582978938123666,0,"SPP1_ITGA9_ITGB1","SPP1 - (ITGA9+ITGB1)","SPP1","Secreted Signaling","PMID: 21907263"
"FIB1","Hofbauer cells","SPP1","ITGA9_ITGB1",0.00848399273321823,0,"SPP1_ITGA9_ITGB1","SPP1 - (ITGA9+ITGB1)","SPP1","Secreted Signaling","PMID: 21907263"
"FIB2","Hofbauer cells","SPP1","ITGA9_ITGB1",0.00580686251992363,0,"SPP1_ITGA9_ITGB1","SPP1 - (ITGA9+ITGB1)","SPP1","Secreted Signaling","PMID: 21907263"
"Hofbauer cells","Hofbauer cells","SPP1","ITGA9_ITGB1",0.0778081438621787,0,"SPP1_ITGA9_ITGB1","SPP1 - (ITGA9+ITGB1)","SPP1","Secreted Signaling","PMID: 21907263"
"STB","Hofbauer cells","SPP1","ITGA9_ITGB1",0.00367159107307641,0,"SPP1_ITGA9_ITGB1","SPP1 - (ITGA9+ITGB1)","SPP1","Secreted Signaling","PMID: 21907263"
"vCTB","Hofbauer cells","SPP1","ITGA9_ITGB1",0.000920432356687241,0,"SPP1_ITGA9_ITGB1","SPP1 - (ITGA9+ITGB1)","SPP1","Secreted Signaling","PMID: 21907263"
"Erythroblasts","Endothelial","SPP1","ITGA5_ITGB1",0.00299353726281385,0.03,"SPP1_ITGA5_ITGB1","SPP1 - (ITGA5+ITGB1)","SPP1","Secreted Signaling","PMID: 21907263"
"EVT-progenitor","Endothelial","SPP1","ITGA5_ITGB1",0.0480178838213809,0,"SPP1_ITGA5_ITGB1","SPP1 - (ITGA5+ITGB1)","SPP1","Secreted Signaling","PMID: 21907263"
"FIB1","Endothelial","SPP1","ITGA5_ITGB1",0.00692338078723502,0,"SPP1_ITGA5_ITGB1","SPP1 - (ITGA5+ITGB1)","SPP1","Secreted Signaling","PMID: 21907263"
"FIB2","Endothelial","SPP1","ITGA5_ITGB1",0.00473635044944005,0.02,"SPP1_ITGA5_ITGB1","SPP1 - (ITGA5+ITGB1)","SPP1","Secreted Signaling","PMID: 21907263"
"Hofbauer cells","Endothelial","SPP1","ITGA5_ITGB1",0.0643227697784539,0,"SPP1_ITGA5_ITGB1","SPP1 - (ITGA5+ITGB1)","SPP1","Secreted Signaling","PMID: 21907263"
"STB","Endothelial","SPP1","ITGA5_ITGB1",0.00299353726281385,0.03,"SPP1_ITGA5_ITGB1","SPP1 - (ITGA5+ITGB1)","SPP1","Secreted Signaling","PMID: 21907263"
"vCTB","Endothelial","SPP1","ITGA5_ITGB1",0.000750068333833703,0.03,"SPP1_ITGA5_ITGB1","SPP1 - (ITGA5+ITGB1)","SPP1","Secreted Signaling","PMID: 21907263"
"Erythroblasts","EVT","SPP1","ITGA5_ITGB1",0.00623492532433189,0,"SPP1_ITGA5_ITGB1","SPP1 - (ITGA5+ITGB1)","SPP1","Secreted Signaling","PMID: 21907263"
"EVT-progenitor","EVT","SPP1","ITGA5_ITGB1",0.0953489966766654,0,"SPP1_ITGA5_ITGB1","SPP1 - (ITGA5+ITGB1)","SPP1","Secreted Signaling","PMID: 21907263"
"FIB1","EVT","SPP1","ITGA5_ITGB1",0.0143587020919638,0,"SPP1_ITGA5_ITGB1","SPP1 - (ITGA5+ITGB1)","SPP1","Secreted Signaling","PMID: 21907263"
"FIB2","EVT","SPP1","ITGA5_ITGB1",0.00984621175487206,0,"SPP1_ITGA5_ITGB1","SPP1 - (ITGA5+ITGB1)","SPP1","Secreted Signaling","PMID: 21907263"
"Hofbauer cells","EVT","SPP1","ITGA5_ITGB1",0.125605062072902,0,"SPP1_ITGA5_ITGB1","SPP1 - (ITGA5+ITGB1)","SPP1","Secreted Signaling","PMID: 21907263"
"STB","EVT","SPP1","ITGA5_ITGB1",0.00623492532433189,0,"SPP1_ITGA5_ITGB1","SPP1 - (ITGA5+ITGB1)","SPP1","Secreted Signaling","PMID: 21907263"
"vCTB","EVT","SPP1","ITGA5_ITGB1",0.00156605450575589,0,"SPP1_ITGA5_ITGB1","SPP1 - (ITGA5+ITGB1)","SPP1","Secreted Signaling","PMID: 21907263"
"Erythroblasts","EVT-progenitor","SPP1","ITGA5_ITGB1",0.00211052459364618,0,"SPP1_ITGA5_ITGB1","SPP1 - (ITGA5+ITGB1)","SPP1","Secreted Signaling","PMID: 21907263"
"EVT-progenitor","EVT-progenitor","SPP1","ITGA5_ITGB1",0.0343109553942431,0,"SPP1_ITGA5_ITGB1","SPP1 - (ITGA5+ITGB1)","SPP1","Secreted Signaling","PMID: 21907263"
"FIB1","EVT-progenitor","SPP1","ITGA5_ITGB1",0.00488685221814542,0,"SPP1_ITGA5_ITGB1","SPP1 - (ITGA5+ITGB1)","SPP1","Secreted Signaling","PMID: 21907263"
"FIB2","EVT-progenitor","SPP1","ITGA5_ITGB1",0.00334097764113956,0,"SPP1_ITGA5_ITGB1","SPP1 - (ITGA5+ITGB1)","SPP1","Secreted Signaling","PMID: 21907263"
"Hofbauer cells","EVT-progenitor","SPP1","ITGA5_ITGB1",0.0461873488699359,0,"SPP1_ITGA5_ITGB1","SPP1 - (ITGA5+ITGB1)","SPP1","Secreted Signaling","PMID: 21907263"
"STB","EVT-progenitor","SPP1","ITGA5_ITGB1",0.00211052459364618,0,"SPP1_ITGA5_ITGB1","SPP1 - (ITGA5+ITGB1)","SPP1","Secreted Signaling","PMID: 21907263"
"vCTB","EVT-progenitor","SPP1","ITGA5_ITGB1",0.000528467656400881,0,"SPP1_ITGA5_ITGB1","SPP1 - (ITGA5+ITGB1)","SPP1","Secreted Signaling","PMID: 21907263"
"Erythroblasts","STB","SPP1","ITGA5_ITGB1",0.00117703904762372,0,"SPP1_ITGA5_ITGB1","SPP1 - (ITGA5+ITGB1)","SPP1","Secreted Signaling","PMID: 21907263"
"EVT-progenitor","STB","SPP1","ITGA5_ITGB1",0.0194122707152285,0,"SPP1_ITGA5_ITGB1","SPP1 - (ITGA5+ITGB1)","SPP1","Secreted Signaling","PMID: 21907263"
"FIB1","STB","SPP1","ITGA5_ITGB1",0.00272875419838436,0,"SPP1_ITGA5_ITGB1","SPP1 - (ITGA5+ITGB1)","SPP1","Secreted Signaling","PMID: 21907263"
"FIB2","STB","SPP1","ITGA5_ITGB1",0.00186427915197974,0,"SPP1_ITGA5_ITGB1","SPP1 - (ITGA5+ITGB1)","SPP1","Secreted Signaling","PMID: 21907263"
"Hofbauer cells","STB","SPP1","ITGA5_ITGB1",0.0262719326949439,0,"SPP1_ITGA5_ITGB1","SPP1 - (ITGA5+ITGB1)","SPP1","Secreted Signaling","PMID: 21907263"
"STB","STB","SPP1","ITGA5_ITGB1",0.00117703904762372,0,"SPP1_ITGA5_ITGB1","SPP1 - (ITGA5+ITGB1)","SPP1","Secreted Signaling","PMID: 21907263"
"vCTB","STB","SPP1","ITGA5_ITGB1",0.000294519757847392,0,"SPP1_ITGA5_ITGB1","SPP1 - (ITGA5+ITGB1)","SPP1","Secreted Signaling","PMID: 21907263"
"Hofbauer cells","Erythroblasts","NAMPT","INSR",0.00186427915197974,0,"NAMPT_INSR","NAMPT - INSR","VISFATIN","Secreted Signaling","PMID: 28490838"
"Hofbauer cells","EVT","NAMPT","INSR",0.00186427915197974,0,"NAMPT_INSR","NAMPT - INSR","VISFATIN","Secreted Signaling","PMID: 28490838"
"Hofbauer cells","EVT-progenitor","NAMPT","INSR",0.00186427915197974,0,"NAMPT_INSR","NAMPT - INSR","VISFATIN","Secreted Signaling","PMID: 28490838"
"Hofbauer cells","FIB1","NAMPT","INSR",0.00186427915197974,0,"NAMPT_INSR","NAMPT - INSR","VISFATIN","Secreted Signaling","PMID: 28490838"
"Hofbauer cells","FIB2","NAMPT","INSR",0.00186427915197974,0,"NAMPT_INSR","NAMPT - INSR","VISFATIN","Secreted Signaling","PMID: 28490838"
"Hofbauer cells","STB","NAMPT","INSR",0.0124593233921541,0,"NAMPT_INSR","NAMPT - INSR","VISFATIN","Secreted Signaling","PMID: 28490838"
"Hofbauer cells","STB-progenitor","NAMPT","INSR",0.000933009270856,0,"NAMPT_INSR","NAMPT - INSR","VISFATIN","Secreted Signaling","PMID: 28490838"
"Hofbauer cells","vCTB","NAMPT","INSR",0.00186427915197974,0,"NAMPT_INSR","NAMPT - INSR","VISFATIN","Secreted Signaling","PMID: 28490838"
"Hofbauer cells","Endothelial","NAMPT","ITGA5_ITGB1",0.00473635044944005,0,"NAMPT_ITGA5_ITGB1","NAMPT - (ITGA5+ITGB1)","VISFATIN","Secreted Signaling","PMID: 28490838"
"Hofbauer cells","EVT","NAMPT","ITGA5_ITGB1",0.00984621175487206,0,"NAMPT_ITGA5_ITGB1","NAMPT - (ITGA5+ITGB1)","VISFATIN","Secreted Signaling","PMID: 28490838"
"Hofbauer cells","EVT-progenitor","NAMPT","ITGA5_ITGB1",0.00334097764113956,0,"NAMPT_ITGA5_ITGB1","NAMPT - (ITGA5+ITGB1)","VISFATIN","Secreted Signaling","PMID: 28490838"
"Hofbauer cells","STB","NAMPT","ITGA5_ITGB1",0.00186427915197974,0,"NAMPT_ITGA5_ITGB1","NAMPT - (ITGA5+ITGB1)","VISFATIN","Secreted Signaling","PMID: 28490838"
"FIB2","Endothelial","ANGPTL1","ITGA1_ITGB1",0.00299353726281385,0,"ANGPTL1_ITGA1_ITGB1","ANGPTL1 - (ITGA1+ITGB1)","ANGPTL","Secreted Signaling","PMID: 24478758"
"FIB2","Erythroblasts","ANGPTL1","ITGA1_ITGB1",0.00117703904762372,0,"ANGPTL1_ITGA1_ITGB1","ANGPTL1 - (ITGA1+ITGB1)","ANGPTL","Secreted Signaling","PMID: 24478758"
"FIB2","EVT","ANGPTL1","ITGA1_ITGB1",0.00704534924421412,0,"ANGPTL1_ITGA1_ITGB1","ANGPTL1 - (ITGA1+ITGB1)","ANGPTL","Secreted Signaling","PMID: 24478758"
"FIB2","EVT-progenitor","ANGPTL1","ITGA1_ITGB1",0.00578587479511698,0,"ANGPTL1_ITGA1_ITGB1","ANGPTL1 - (ITGA1+ITGB1)","ANGPTL","Secreted Signaling","PMID: 24478758"
"FIB2","FIB1","ANGPTL1","ITGA1_ITGB1",0.0082793262836502,0,"ANGPTL1_ITGA1_ITGB1","ANGPTL1 - (ITGA1+ITGB1)","ANGPTL","Secreted Signaling","PMID: 24478758"
"FIB2","FIB2","ANGPTL1","ITGA1_ITGB1",0.00703491106954838,0,"ANGPTL1_ITGA1_ITGB1","ANGPTL1 - (ITGA1+ITGB1)","ANGPTL","Secreted Signaling","PMID: 24478758"
"Endothelial","Endothelial","ANGPT1","TEK",0.00431763066409786,0,"ANGPT1_TEK","ANGPT1 - TEK","ANGPT","Secreted Signaling","PMID: 20651738"
"STB","Endothelial","ANGPT2","TEK",0.0400825931419817,0,"ANGPT2_TEK","ANGPT2 - TEK","ANGPT","Secreted Signaling","PMID: 20651738"
"STB","Endothelial","ANGPT2","ITGA5_ITGB1",0.0243679227598668,0,"ANGPT2_ITGA5_ITGB1","ANGPT2 - (ITGA5+ITGB1)","ANGPT","Secreted Signaling","PMID: 20651738; PMID: 25635707"
"STB","EVT","ANGPT2","ITGA5_ITGB1",0.0569729797629944,0,"ANGPT2_ITGA5_ITGB1","ANGPT2 - (ITGA5+ITGB1)","ANGPT","Secreted Signaling","PMID: 20651738; PMID: 25635707"
"STB","EVT-progenitor","ANGPT2","ITGA5_ITGB1",0.0199594825038451,0,"ANGPT2_ITGA5_ITGB1","ANGPT2 - (ITGA5+ITGB1)","ANGPT","Secreted Signaling","PMID: 20651738; PMID: 25635707"
"STB","STB","ANGPT2","ITGA5_ITGB1",0.0112201645277958,0,"ANGPT2_ITGA5_ITGB1","ANGPT2 - (ITGA5+ITGB1)","ANGPT","Secreted Signaling","PMID: 20651738; PMID: 25635707"
"Endothelial","STB","MDK","SDC1",0.00469158963789718,0,"MDK_SDC1","MDK - SDC1","MK","Secreted Signaling","PMID: 28356350"
"FIB2","STB","MDK","SDC1",0.00741564212687195,0,"MDK_SDC1","MDK - SDC1","MK","Secreted Signaling","PMID: 28356350"
"Endothelial","STB-progenitor","MDK","SDC1",0.00117703904762372,0,"MDK_SDC1","MDK - SDC1","MK","Secreted Signaling","PMID: 28356350"
"FIB2","STB-progenitor","MDK","SDC1",0.00186427915197974,0,"MDK_SDC1","MDK - SDC1","MK","Secreted Signaling","PMID: 28356350"
"Endothelial","FIB1","MDK","SDC2",0.00186427915197974,0,"MDK_SDC2","MDK - SDC2","MK","Secreted Signaling","PMID: 28356350"
"FIB2","FIB1","MDK","SDC2",0.00295159373522802,0,"MDK_SDC2","MDK - SDC2","MK","Secreted Signaling","PMID: 28356350"
"Endothelial","FIB2","MDK","SDC2",0.00117703904762372,0,"MDK_SDC2","MDK - SDC2","MK","Secreted Signaling","PMID: 28356350"
"FIB2","FIB2","MDK","SDC2",0.00186427915197974,0,"MDK_SDC2","MDK - SDC2","MK","Secreted Signaling","PMID: 28356350"
"Endothelial","FIB1","MDK","ITGA4_ITGB1",0.00295838797688886,0,"MDK_ITGA4_ITGB1","MDK - (ITGA4+ITGB1)","MK","Secreted Signaling","PMID: 28356350"
"FIB2","FIB1","MDK","ITGA4_ITGB1",0.00468083360794024,0,"MDK_ITGA4_ITGB1","MDK - (ITGA4+ITGB1)","MK","Secreted Signaling","PMID: 28356350"
"Endothelial","vCTB","MDK","ITGA6_ITGB1",0.0050476480546821,0,"MDK_ITGA6_ITGB1","MDK - (ITGA6+ITGB1)","MK","Secreted Signaling","PMID: 28356350"
"FIB2","vCTB","MDK","ITGA6_ITGB1",0.00797677996631978,0,"MDK_ITGA6_ITGB1","MDK - (ITGA6+ITGB1)","MK","Secreted Signaling","PMID: 28356350"
"Endothelial","EVT","MDK","LRP1",0.00117703904762372,0.02,"MDK_LRP1","MDK - LRP1","MK","Secreted Signaling","PMID: 28356350"
"FIB2","EVT","MDK","LRP1",0.00186427915197974,0,"MDK_LRP1","MDK - LRP1","MK","Secreted Signaling","PMID: 28356350"
"Endothelial","EVT-progenitor","MDK","LRP1",0.00117703904762372,0,"MDK_LRP1","MDK - LRP1","MK","Secreted Signaling","PMID: 28356350"
"FIB2","EVT-progenitor","MDK","LRP1",0.00186427915197974,0,"MDK_LRP1","MDK - LRP1","MK","Secreted Signaling","PMID: 28356350"
"Endothelial","FIB1","MDK","LRP1",0.00117703904762372,0,"MDK_LRP1","MDK - LRP1","MK","Secreted Signaling","PMID: 28356350"
"FIB2","FIB1","MDK","LRP1",0.00186427915197974,0,"MDK_LRP1","MDK - LRP1","MK","Secreted Signaling","PMID: 28356350"
"Endothelial","FIB2","MDK","LRP1",0.00420684110529632,0,"MDK_LRP1","MDK - LRP1","MK","Secreted Signaling","PMID: 28356350"
"FIB2","FIB2","MDK","LRP1",0.0066513175415733,0,"MDK_LRP1","MDK - LRP1","MK","Secreted Signaling","PMID: 28356350"
"Endothelial","Hofbauer cells","MDK","LRP1",0.00117703904762372,0,"MDK_LRP1","MDK - LRP1","MK","Secreted Signaling","PMID: 28356350"
"FIB2","Hofbauer cells","MDK","LRP1",0.00186427915197974,0,"MDK_LRP1","MDK - LRP1","MK","Secreted Signaling","PMID: 28356350"
"Endothelial","STB-progenitor","MDK","LRP1",0.00117703904762372,0,"MDK_LRP1","MDK - LRP1","MK","Secreted Signaling","PMID: 28356350"
"FIB2","STB-progenitor","MDK","LRP1",0.00186427915197974,0,"MDK_LRP1","MDK - LRP1","MK","Secreted Signaling","PMID: 28356350"
"Endothelial","vCTB","MDK","LRP1",0.00352282413973041,0,"MDK_LRP1","MDK - LRP1","MK","Secreted Signaling","PMID: 28356350"
"FIB2","vCTB","MDK","LRP1",0.00557206169902116,0,"MDK_LRP1","MDK - LRP1","MK","Secreted Signaling","PMID: 28356350"
"Endothelial","Endothelial","MDK","NCL",0.00117703904762372,0.01,"MDK_NCL","MDK - NCL","MK","Secreted Signaling","PMID: 28356350"
"FIB2","Endothelial","MDK","NCL",0.00186427915197974,0,"MDK_NCL","MDK - NCL","MK","Secreted Signaling","PMID: 28356350"
"Endothelial","EVT","MDK","NCL",0.00117703904762372,0,"MDK_NCL","MDK - NCL","MK","Secreted Signaling","PMID: 28356350"
"FIB2","EVT","MDK","NCL",0.00186427915197974,0,"MDK_NCL","MDK - NCL","MK","Secreted Signaling","PMID: 28356350"
"Endothelial","EVT-progenitor","MDK","NCL",0.00244569821532468,0,"MDK_NCL","MDK - NCL","MK","Secreted Signaling","PMID: 28356350"
"FIB2","EVT-progenitor","MDK","NCL",0.00387080222811978,0,"MDK_NCL","MDK - NCL","MK","Secreted Signaling","PMID: 28356350"
"Endothelial","FIB1","MDK","NCL",0.00117703904762372,0,"MDK_NCL","MDK - NCL","MK","Secreted Signaling","PMID: 28356350"
"FIB2","FIB1","MDK","NCL",0.00186427915197974,0,"MDK_NCL","MDK - NCL","MK","Secreted Signaling","PMID: 28356350"
"Endothelial","FIB2","MDK","NCL",0.00117703904762372,0,"MDK_NCL","MDK - NCL","MK","Secreted Signaling","PMID: 28356350"
"FIB2","FIB2","MDK","NCL",0.00186427915197974,0,"MDK_NCL","MDK - NCL","MK","Secreted Signaling","PMID: 28356350"
"Endothelial","Hofbauer cells","MDK","NCL",0.00117703904762372,0,"MDK_NCL","MDK - NCL","MK","Secreted Signaling","PMID: 28356350"
"FIB2","Hofbauer cells","MDK","NCL",0.00186427915197974,0,"MDK_NCL","MDK - NCL","MK","Secreted Signaling","PMID: 28356350"
"Endothelial","vCTB","MDK","NCL",0.00117703904762372,0,"MDK_NCL","MDK - NCL","MK","Secreted Signaling","PMID: 28356350"
"FIB2","vCTB","MDK","NCL",0.00186427915197974,0,"MDK_NCL","MDK - NCL","MK","Secreted Signaling","PMID: 28356350"
"EVT","STB","PTN","SDC1",0.0219217979636636,0,"PTN_SDC1","PTN - SDC1","PTN","Secreted Signaling","PMID: 28356350; PMID: 25620911"
"FIB1","STB","PTN","SDC1",0.00469158963789718,0,"PTN_SDC1","PTN - SDC1","PTN","Secreted Signaling","PMID: 28356350; PMID: 25620911"
"vCTB","STB","PTN","SDC1",0.00469158963789718,0,"PTN_SDC1","PTN - SDC1","PTN","Secreted Signaling","PMID: 28356350; PMID: 25620911"
"EVT","STB-progenitor","PTN","SDC1",0.00557206169902116,0,"PTN_SDC1","PTN - SDC1","PTN","Secreted Signaling","PMID: 28356350; PMID: 25620911"
"FIB1","STB-progenitor","PTN","SDC1",0.00117703904762372,0,"PTN_SDC1","PTN - SDC1","PTN","Secreted Signaling","PMID: 28356350; PMID: 25620911"
"vCTB","STB-progenitor","PTN","SDC1",0.00117703904762372,0,"PTN_SDC1","PTN - SDC1","PTN","Secreted Signaling","PMID: 28356350; PMID: 25620911"
"EVT","FIB1","PTN","SDC2",0.00880281652944274,0,"PTN_SDC2","PTN - SDC2","PTN","Secreted Signaling","PMID: 28356350; PMID: 25620911"
"FIB1","FIB1","PTN","SDC2",0.00186427915197974,0,"PTN_SDC2","PTN - SDC2","PTN","Secreted Signaling","PMID: 28356350; PMID: 25620911"
"vCTB","FIB1","PTN","SDC2",0.00186427915197974,0,"PTN_SDC2","PTN - SDC2","PTN","Secreted Signaling","PMID: 28356350; PMID: 25620911"
"EVT","FIB2","PTN","SDC2",0.00557206169902116,0,"PTN_SDC2","PTN - SDC2","PTN","Secreted Signaling","PMID: 28356350; PMID: 25620911"
"FIB1","FIB2","PTN","SDC2",0.00117703904762372,0,"PTN_SDC2","PTN - SDC2","PTN","Secreted Signaling","PMID: 28356350; PMID: 25620911"
"vCTB","FIB2","PTN","SDC2",0.00117703904762372,0,"PTN_SDC2","PTN - SDC2","PTN","Secreted Signaling","PMID: 28356350; PMID: 25620911"
"EVT","STB","PTN","ITGAV_ITGB3",0.010497880789042,0,"PTN_ITGAV_ITGB3","PTN - (ITGAV+ITGB3)","PTN","Secreted Signaling","PMID: 28356350; PMID: 25620911"
"FIB1","STB","PTN","ITGAV_ITGB3",0.00222626433884039,0,"PTN_ITGAV_ITGB3","PTN - (ITGAV+ITGB3)","PTN","Secreted Signaling","PMID: 28356350; PMID: 25620911"
"vCTB","STB","PTN","ITGAV_ITGB3",0.00222626433884039,0,"PTN_ITGAV_ITGB3","PTN - (ITGAV+ITGB3)","PTN","Secreted Signaling","PMID: 28356350; PMID: 25620911"
"EVT","Endothelial","PTN","NCL",0.00557206169902116,0,"PTN_NCL","PTN - NCL","PTN","Secreted Signaling","PMID: 28356350; PMID: 25620911"
"FIB1","Endothelial","PTN","NCL",0.00117703904762372,0,"PTN_NCL","PTN - NCL","PTN","Secreted Signaling","PMID: 28356350; PMID: 25620911"
"vCTB","Endothelial","PTN","NCL",0.00117703904762372,0,"PTN_NCL","PTN - NCL","PTN","Secreted Signaling","PMID: 28356350; PMID: 25620911"
"EVT","EVT","PTN","NCL",0.00557206169902116,0,"PTN_NCL","PTN - NCL","PTN","Secreted Signaling","PMID: 28356350; PMID: 25620911"
"FIB1","EVT","PTN","NCL",0.00117703904762372,0,"PTN_NCL","PTN - NCL","PTN","Secreted Signaling","PMID: 28356350; PMID: 25620911"
"vCTB","EVT","PTN","NCL",0.00117703904762372,0,"PTN_NCL","PTN - NCL","PTN","Secreted Signaling","PMID: 28356350; PMID: 25620911"
"EVT","EVT-progenitor","PTN","NCL",0.0115231986384299,0,"PTN_NCL","PTN - NCL","PTN","Secreted Signaling","PMID: 28356350; PMID: 25620911"
"FIB1","EVT-progenitor","PTN","NCL",0.00244569821532468,0,"PTN_NCL","PTN - NCL","PTN","Secreted Signaling","PMID: 28356350; PMID: 25620911"
"vCTB","EVT-progenitor","PTN","NCL",0.00244569821532468,0,"PTN_NCL","PTN - NCL","PTN","Secreted Signaling","PMID: 28356350; PMID: 25620911"
"EVT","FIB1","PTN","NCL",0.00557206169902116,0,"PTN_NCL","PTN - NCL","PTN","Secreted Signaling","PMID: 28356350; PMID: 25620911"
"FIB1","FIB1","PTN","NCL",0.00117703904762372,0,"PTN_NCL","PTN - NCL","PTN","Secreted Signaling","PMID: 28356350; PMID: 25620911"
"vCTB","FIB1","PTN","NCL",0.00117703904762372,0,"PTN_NCL","PTN - NCL","PTN","Secreted Signaling","PMID: 28356350; PMID: 25620911"
"EVT","FIB2","PTN","NCL",0.00557206169902116,0,"PTN_NCL","PTN - NCL","PTN","Secreted Signaling","PMID: 28356350; PMID: 25620911"
"FIB1","FIB2","PTN","NCL",0.00117703904762372,0,"PTN_NCL","PTN - NCL","PTN","Secreted Signaling","PMID: 28356350; PMID: 25620911"
"vCTB","FIB2","PTN","NCL",0.00117703904762372,0,"PTN_NCL","PTN - NCL","PTN","Secreted Signaling","PMID: 28356350; PMID: 25620911"
"EVT","Hofbauer cells","PTN","NCL",0.00557206169902116,0,"PTN_NCL","PTN - NCL","PTN","Secreted Signaling","PMID: 28356350; PMID: 25620911"
"FIB1","Hofbauer cells","PTN","NCL",0.00117703904762372,0,"PTN_NCL","PTN - NCL","PTN","Secreted Signaling","PMID: 28356350; PMID: 25620911"
"vCTB","Hofbauer cells","PTN","NCL",0.00117703904762372,0,"PTN_NCL","PTN - NCL","PTN","Secreted Signaling","PMID: 28356350; PMID: 25620911"
"EVT","vCTB","PTN","NCL",0.00557206169902116,0,"PTN_NCL","PTN - NCL","PTN","Secreted Signaling","PMID: 28356350; PMID: 25620911"
"FIB1","vCTB","PTN","NCL",0.00117703904762372,0,"PTN_NCL","PTN - NCL","PTN","Secreted Signaling","PMID: 28356350; PMID: 25620911"
"vCTB","vCTB","PTN","NCL",0.00117703904762372,0,"PTN_NCL","PTN - NCL","PTN","Secreted Signaling","PMID: 28356350; PMID: 25620911"
"FIB1","STB","POSTN","ITGAV_ITGB3",0.00222626433884039,0,"POSTN_ITGAV_ITGB3","POSTN - (ITGAV+ITGB3)","PERIOSTIN","Secreted Signaling","PMID: 26721738"
"STB","STB","POSTN","ITGAV_ITGB3",0.00222626433884039,0,"POSTN_ITGAV_ITGB3","POSTN - (ITGAV+ITGB3)","PERIOSTIN","Secreted Signaling","PMID: 26721738"
"FIB1","Erythroblasts","POSTN","ITGAV_ITGB5",0.00117703904762372,0,"POSTN_ITGAV_ITGB5","POSTN - (ITGAV+ITGB5)","PERIOSTIN","Secreted Signaling","PMID: 26721738"
"STB","Erythroblasts","POSTN","ITGAV_ITGB5",0.00117703904762372,0,"POSTN_ITGAV_ITGB5","POSTN - (ITGAV+ITGB5)","PERIOSTIN","Secreted Signaling","PMID: 26721738"
"FIB1","Hofbauer cells","POSTN","ITGAV_ITGB5",0.00235131051096295,0,"POSTN_ITGAV_ITGB5","POSTN - (ITGAV+ITGB5)","PERIOSTIN","Secreted Signaling","PMID: 26721738"
"STB","Hofbauer cells","POSTN","ITGAV_ITGB5",0.00235131051096295,0,"POSTN_ITGAV_ITGB5","POSTN - (ITGAV+ITGB5)","PERIOSTIN","Secreted Signaling","PMID: 26721738"
"FIB1","STB-progenitor","POSTN","ITGAV_ITGB5",0.00228964711489756,0,"POSTN_ITGAV_ITGB5","POSTN - (ITGAV+ITGB5)","PERIOSTIN","Secreted Signaling","PMID: 26721738"
"STB","STB-progenitor","POSTN","ITGAV_ITGB5",0.00228964711489756,0,"POSTN_ITGAV_ITGB5","POSTN - (ITGAV+ITGB5)","PERIOSTIN","Secreted Signaling","PMID: 26721738"
"FIB1","vCTB","POSTN","ITGAV_ITGB5",0.00576557358146958,0,"POSTN_ITGAV_ITGB5","POSTN - (ITGAV+ITGB5)","PERIOSTIN","Secreted Signaling","PMID: 26721738"
"STB","vCTB","POSTN","ITGAV_ITGB5",0.00576557358146958,0,"POSTN_ITGAV_ITGB5","POSTN - (ITGAV+ITGB5)","PERIOSTIN","Secreted Signaling","PMID: 26721738"
"Endothelial","Endothelial","KITLG","KIT",0.00537400353042708,0,"KITL_KIT","KITL - KIT","KIT","Secreted Signaling","KEGG: hsa04080"
"FIB2","Endothelial","KITLG","KIT",0.0013489377799004,0,"KITL_KIT","KITL - KIT","KIT","Secreted Signaling","KEGG: hsa04080"
"Erythroblasts","vCTB","HGF","MET",0.00643012889060313,0.01,"HGF_MET","HGF - MET","HGF","Secreted Signaling","PMID: 28475121"
"EVT-progenitor","vCTB","HGF","MET",0.0252337468289044,0,"HGF_MET","HGF - MET","HGF","Secreted Signaling","PMID: 28475121"
"FIB1","vCTB","HGF","MET",0.0901267091113968,0,"HGF_MET","HGF - MET","HGF","Secreted Signaling","PMID: 28475121"
"FIB2","vCTB","HGF","MET",0.0916208245529046,0,"HGF_MET","HGF - MET","HGF","Secreted Signaling","PMID: 28475121"
"Hofbauer cells","vCTB","HGF","MET",0.00643012889060313,0,"HGF_MET","HGF - MET","HGF","Secreted Signaling","PMID: 28475121"
"STB","vCTB","HGF","MET",0.00643012889060313,0,"HGF_MET","HGF - MET","HGF","Secreted Signaling","PMID: 28475121"
"FIB1","Endothelial","SEMA3A","NRP1_PLXNA2",0.0226087787842714,0,"SEMA3A_NRP1_PLXNA2","SEMA3A - (NRP1+PLXNA2)","SEMA3","Secreted Signaling","PMID: 27533782"
"FIB1","FIB2","SEMA3A","NRP1_PLXNA2",0.00699451483338019,0,"SEMA3A_NRP1_PLXNA2","SEMA3A - (NRP1+PLXNA2)","SEMA3","Secreted Signaling","PMID: 27533782"
"FIB1","Hofbauer cells","SEMA3A","NRP1_PLXNA2",0.0243634424627708,0,"SEMA3A_NRP1_PLXNA2","SEMA3A - (NRP1+PLXNA2)","SEMA3","Secreted Signaling","PMID: 27533782"
"FIB1","FIB2","SEMA3A","NRP1_PLXNA4",0.00699451483338019,0,"SEMA3A_NRP1_PLXNA4","SEMA3A - (NRP1+PLXNA4)","SEMA3","Secreted Signaling","PMID: 27533782"
"STB","Endothelial","SEMA3B","NRP1_PLXNA2",0.0152438189651215,0,"SEMA3B_NRP1_PLXNA2","SEMA3B - (NRP1+PLXNA2)","SEMA3","Secreted Signaling","PMID: 27533782"
"STB","FIB2","SEMA3B","NRP1_PLXNA2",0.00469158963789718,0,"SEMA3B_NRP1_PLXNA2","SEMA3B - (NRP1+PLXNA2)","SEMA3","Secreted Signaling","PMID: 27533782"
"STB","Hofbauer cells","SEMA3B","NRP1_PLXNA2",0.0164365016164722,0,"SEMA3B_NRP1_PLXNA2","SEMA3B - (NRP1+PLXNA2)","SEMA3","Secreted Signaling","PMID: 27533782"
"STB","FIB2","SEMA3B","NRP1_PLXNA4",0.00469158963789718,0,"SEMA3B_NRP1_PLXNA4","SEMA3B - (NRP1+PLXNA4)","SEMA3","Secreted Signaling","PMID: 27533782"
"STB","Endothelial","SEMA3B","NRP2_PLXNA2",0.00469158963789718,0,"SEMA3B_NRP2_PLXNA2","SEMA3B - (NRP2+PLXNA2)","SEMA3","Secreted Signaling","PMID: 27533782"
"STB","FIB2","SEMA3B","NRP2_PLXNA2",0.0118675710032039,0,"SEMA3B_NRP2_PLXNA2","SEMA3B - (NRP2+PLXNA2)","SEMA3","Secreted Signaling","PMID: 27533782"
"STB","Hofbauer cells","SEMA3B","NRP2_PLXNA2",0.0125942046525956,0,"SEMA3B_NRP2_PLXNA2","SEMA3B - (NRP2+PLXNA2)","SEMA3","Secreted Signaling","PMID: 27533782"
"STB","FIB2","SEMA3B","NRP2_PLXNA4",0.0118675710032039,0,"SEMA3B_NRP2_PLXNA4","SEMA3B - (NRP2+PLXNA4)","SEMA3","Secreted Signaling","PMID: 27533782"
"STB","Endothelial","ADM","CALCRL",0.0321584447527722,0,"ADM_CALCRL","ADM - CALCRL","CALCR","Secreted Signaling","KEGG: hsa04080"
"STB-progenitor","Endothelial","ADM","CALCRL",0.00892730498700925,0,"ADM_CALCRL","ADM - CALCRL","CALCR","Secreted Signaling","KEGG: hsa04080"
"Hofbauer cells","Endothelial","GAS6","MERTK",0.0139439305138707,0,"GAS6_MERTK","GAS6 - MERTK","GAS","Secreted Signaling","PMID: 27801848"
"Hofbauer cells","Hofbauer cells","GAS6","MERTK",0.0125152241967036,0,"GAS6_MERTK","GAS6 - MERTK","GAS","Secreted Signaling","PMID: 27801848"
"Hofbauer cells","STB-progenitor","GAS6","MERTK",0.00352282413973041,0,"GAS6_MERTK","GAS6 - MERTK","GAS","Secreted Signaling","PMID: 27801848"
"EVT-progenitor","FIB1","GRN","SORT1",0.0013489377799004,0,"GRN_SORT1","GRN - SORT1","GRN","Secreted Signaling","PMID: 29555433"
"Hofbauer cells","FIB1","GRN","SORT1",0.00117703904762372,0,"GRN_SORT1","GRN - SORT1","GRN","Secreted Signaling","PMID: 29555433"
"EVT-progenitor","FIB2","GRN","SORT1",0.0013489377799004,0,"GRN_SORT1","GRN - SORT1","GRN","Secreted Signaling","PMID: 29555433"
"Hofbauer cells","FIB2","GRN","SORT1",0.00117703904762372,0,"GRN_SORT1","GRN - SORT1","GRN","Secreted Signaling","PMID: 29555433"
"EVT-progenitor","vCTB","GRN","SORT1",0.0013489377799004,0,"GRN_SORT1","GRN - SORT1","GRN","Secreted Signaling","PMID: 29555433"
"Hofbauer cells","vCTB","GRN","SORT1",0.00117703904762372,0,"GRN_SORT1","GRN - SORT1","GRN","Secreted Signaling","PMID: 29555433"
"Hofbauer cells","Hofbauer cells","LGALS9","PTPRC",0.00643012889060313,0,"LGALS9_CD45","LGALS9 - CD45","GALECTIN","Secreted Signaling","PMID: 30120235"
"FIB2","EVT","RARRES2","GPR1",0.00303693620492663,0,"RARRES2_GPR1","RARRES2 - GPR1","CHEMERIN","Secreted Signaling","PMID: 24671882"
"FIB2","Hofbauer cells","RARRES2","CMKLR1",0.00117703904762372,0,"RARRES2_CMKLR1","RARRES2 - CMKLR1","CHEMERIN","Secreted Signaling","PMID: 24671882"
"Hofbauer cells","Hofbauer cells","LGALS9","HAVCR2",0.00117703904762372,0,"LGALS9_HAVCR2","LGALS9 - HAVCR2","GALECTIN","Secreted Signaling","PMID: 27192565"
"Hofbauer cells","Endothelial","LGALS9","CD44",0.00432807249970202,0,"LGALS9_CD44","LGALS9 - CD44","GALECTIN","Secreted Signaling","PMID: 25065622"
"FIB1","Endothelial","COL1A1","ITGA1_ITGB1",0.0229048512077321,0,"COL1A1_ITGA1_ITGB1","COL1A1 - (ITGA1+ITGB1)","COLLAGEN","ECM-Receptor","KEGG: hsa04512"
"FIB2","Endothelial","COL1A1","ITGA1_ITGB1",0.039652728200046,0,"COL1A1_ITGA1_ITGB1","COL1A1 - (ITGA1+ITGB1)","COLLAGEN","ECM-Receptor","KEGG: hsa04512"
"FIB1","Erythroblasts","COL1A1","ITGA1_ITGB1",0.00911651531732242,0.02,"COL1A1_ITGA1_ITGB1","COL1A1 - (ITGA1+ITGB1)","COLLAGEN","ECM-Receptor","KEGG: hsa04512"
"FIB2","Erythroblasts","COL1A1","ITGA1_ITGB1",0.0159469971031778,0,"COL1A1_ITGA1_ITGB1","COL1A1 - (ITGA1+ITGB1)","COLLAGEN","ECM-Receptor","KEGG: hsa04512"
"EVT-progenitor","EVT","COL1A1","ITGA1_ITGB1",0.02084236426204,0,"COL1A1_ITGA1_ITGB1","COL1A1 - (ITGA1+ITGB1)","COLLAGEN","ECM-Receptor","KEGG: hsa04512"
"FIB1","EVT","COL1A1","ITGA1_ITGB1",0.0524881980006939,0,"COL1A1_ITGA1_ITGB1","COL1A1 - (ITGA1+ITGB1)","COLLAGEN","ECM-Receptor","KEGG: hsa04512"
"FIB2","EVT","COL1A1","ITGA1_ITGB1",0.0888991549455361,0,"COL1A1_ITGA1_ITGB1","COL1A1 - (ITGA1+ITGB1)","COLLAGEN","ECM-Receptor","KEGG: hsa04512"
"EVT-progenitor","EVT-progenitor","COL1A1","ITGA1_ITGB1",0.017159063993614,0.02,"COL1A1_ITGA1_ITGB1","COL1A1 - (ITGA1+ITGB1)","COLLAGEN","ECM-Receptor","KEGG: hsa04512"
"FIB1","EVT-progenitor","COL1A1","ITGA1_ITGB1",0.0434606163522125,0,"COL1A1_ITGA1_ITGB1","COL1A1 - (ITGA1+ITGB1)","COLLAGEN","ECM-Receptor","KEGG: hsa04512"
"FIB2","EVT-progenitor","COL1A1","ITGA1_ITGB1",0.0740989019998064,0,"COL1A1_ITGA1_ITGB1","COL1A1 - (ITGA1+ITGB1)","COLLAGEN","ECM-Receptor","KEGG: hsa04512"
"EVT-progenitor","FIB1","COL1A1","ITGA1_ITGB1",0.0244333947561439,0,"COL1A1_ITGA1_ITGB1","COL1A1 - (ITGA1+ITGB1)","COLLAGEN","ECM-Receptor","KEGG: hsa04512"
"FIB1","FIB1","COL1A1","ITGA1_ITGB1",0.0611909005339917,0,"COL1A1_ITGA1_ITGB1","COL1A1 - (ITGA1+ITGB1)","COLLAGEN","ECM-Receptor","KEGG: hsa04512"
"FIB2","FIB1","COL1A1","ITGA1_ITGB1",0.102982752679451,0,"COL1A1_ITGA1_ITGB1","COL1A1 - (ITGA1+ITGB1)","COLLAGEN","ECM-Receptor","KEGG: hsa04512"
"EVT-progenitor","FIB2","COL1A1","ITGA1_ITGB1",0.0208119132902766,0,"COL1A1_ITGA1_ITGB1","COL1A1 - (ITGA1+ITGB1)","COLLAGEN","ECM-Receptor","KEGG: hsa04512"
"FIB1","FIB2","COL1A1","ITGA1_ITGB1",0.052413986987936,0,"COL1A1_ITGA1_ITGB1","COL1A1 - (ITGA1+ITGB1)","COLLAGEN","ECM-Receptor","KEGG: hsa04512"
"FIB2","FIB2","COL1A1","ITGA1_ITGB1",0.088778287388008,0,"COL1A1_ITGA1_ITGB1","COL1A1 - (ITGA1+ITGB1)","COLLAGEN","ECM-Receptor","KEGG: hsa04512"
"FIB1","Endothelial","COL1A2","ITGA1_ITGB1",0.0293673593840056,0,"COL1A2_ITGA1_ITGB1","COL1A2 - (ITGA1+ITGB1)","COLLAGEN","ECM-Receptor","KEGG: hsa04512"
"FIB2","Endothelial","COL1A2","ITGA1_ITGB1",0.0382024677420922,0,"COL1A2_ITGA1_ITGB1","COL1A2 - (ITGA1+ITGB1)","COLLAGEN","ECM-Receptor","KEGG: hsa04512"
"FIB2","Erythroblasts","COL1A2","ITGA1_ITGB1",0.0153498929085388,0.01,"COL1A2_ITGA1_ITGB1","COL1A2 - (ITGA1+ITGB1)","COLLAGEN","ECM-Receptor","KEGG: hsa04512"
"EVT-progenitor","EVT","COL1A2","ITGA1_ITGB1",0.0275980825859896,0,"COL1A2_ITGA1_ITGB1","COL1A2 - (ITGA1+ITGB1)","COLLAGEN","ECM-Receptor","KEGG: hsa04512"
"FIB1","EVT","COL1A2","ITGA1_ITGB1",0.0667275054881022,0,"COL1A2_ITGA1_ITGB1","COL1A2 - (ITGA1+ITGB1)","COLLAGEN","ECM-Receptor","KEGG: hsa04512"
"FIB2","EVT","COL1A2","ITGA1_ITGB1",0.0858086887587337,0,"COL1A2_ITGA1_ITGB1","COL1A2 - (ITGA1+ITGB1)","COLLAGEN","ECM-Receptor","KEGG: hsa04512"
"Hofbauer cells","EVT","COL1A2","ITGA1_ITGB1",0.0275980825859896,0,"COL1A2_ITGA1_ITGB1","COL1A2 - (ITGA1+ITGB1)","COLLAGEN","ECM-Receptor","KEGG: hsa04512"
"EVT-progenitor","EVT-progenitor","COL1A2","ITGA1_ITGB1",0.0227486368861199,0.01,"COL1A2_ITGA1_ITGB1","COL1A2 - (ITGA1+ITGB1)","COLLAGEN","ECM-Receptor","KEGG: hsa04512"
"FIB1","EVT-progenitor","COL1A2","ITGA1_ITGB1",0.0553940465858718,0,"COL1A2_ITGA1_ITGB1","COL1A2 - (ITGA1+ITGB1)","COLLAGEN","ECM-Receptor","KEGG: hsa04512"
"FIB2","EVT-progenitor","COL1A2","ITGA1_ITGB1",0.0714825805446354,0,"COL1A2_ITGA1_ITGB1","COL1A2 - (ITGA1+ITGB1)","COLLAGEN","ECM-Receptor","KEGG: hsa04512"
"Hofbauer cells","EVT-progenitor","COL1A2","ITGA1_ITGB1",0.0227486368861199,0,"COL1A2_ITGA1_ITGB1","COL1A2 - (ITGA1+ITGB1)","COLLAGEN","ECM-Receptor","KEGG: hsa04512"
"EVT-progenitor","FIB1","COL1A2","ITGA1_ITGB1",0.0323146739465412,0,"COL1A2_ITGA1_ITGB1","COL1A2 - (ITGA1+ITGB1)","COLLAGEN","ECM-Receptor","KEGG: hsa04512"
"FIB1","FIB1","COL1A2","ITGA1_ITGB1",0.0775977776082249,0,"COL1A2_ITGA1_ITGB1","COL1A2 - (ITGA1+ITGB1)","COLLAGEN","ECM-Receptor","KEGG: hsa04512"
"FIB2","FIB1","COL1A2","ITGA1_ITGB1",0.0994561328643325,0,"COL1A2_ITGA1_ITGB1","COL1A2 - (ITGA1+ITGB1)","COLLAGEN","ECM-Receptor","KEGG: hsa04512"
"Hofbauer cells","FIB1","COL1A2","ITGA1_ITGB1",0.0323146739465412,0,"COL1A2_ITGA1_ITGB1","COL1A2 - (ITGA1+ITGB1)","COLLAGEN","ECM-Receptor","KEGG: hsa04512"
"EVT-progenitor","FIB2","COL1A2","ITGA1_ITGB1",0.0275580392128529,0,"COL1A2_ITGA1_ITGB1","COL1A2 - (ITGA1+ITGB1)","COLLAGEN","ECM-Receptor","KEGG: hsa04512"
"FIB1","FIB2","COL1A2","ITGA1_ITGB1",0.0666345779030239,0,"COL1A2_ITGA1_ITGB1","COL1A2 - (ITGA1+ITGB1)","COLLAGEN","ECM-Receptor","KEGG: hsa04512"
"FIB2","FIB2","COL1A2","ITGA1_ITGB1",0.0856916278163797,0,"COL1A2_ITGA1_ITGB1","COL1A2 - (ITGA1+ITGB1)","COLLAGEN","ECM-Receptor","KEGG: hsa04512"
"Hofbauer cells","FIB2","COL1A2","ITGA1_ITGB1",0.0275580392128529,0,"COL1A2_ITGA1_ITGB1","COL1A2 - (ITGA1+ITGB1)","COLLAGEN","ECM-Receptor","KEGG: hsa04512"
"Endothelial","Endothelial","COL4A1","ITGA1_ITGB1",0.0360878018308441,0,"COL4A1_ITGA1_ITGB1","COL4A1 - (ITGA1+ITGB1)","COLLAGEN","ECM-Receptor","KEGG: hsa04512"
"EVT","Endothelial","COL4A1","ITGA1_ITGB1",0.0405913343408009,0,"COL4A1_ITGA1_ITGB1","COL4A1 - (ITGA1+ITGB1)","COLLAGEN","ECM-Receptor","KEGG: hsa04512"
"EVT-progenitor","Endothelial","COL4A1","ITGA1_ITGB1",0.0193881835852057,0.01,"COL4A1_ITGA1_ITGB1","COL4A1 - (ITGA1+ITGB1)","COLLAGEN","ECM-Receptor","KEGG: hsa04512"
"FIB1","Endothelial","COL4A1","ITGA1_ITGB1",0.0352778719137664,0,"COL4A1_ITGA1_ITGB1","COL4A1 - (ITGA1+ITGB1)","COLLAGEN","ECM-Receptor","KEGG: hsa04512"
"FIB2","Endothelial","COL4A1","ITGA1_ITGB1",0.033437176095842,0,"COL4A1_ITGA1_ITGB1","COL4A1 - (ITGA1+ITGB1)","COLLAGEN","ECM-Receptor","KEGG: hsa04512"
"Endothelial","EVT","COL4A1","ITGA1_ITGB1",0.0812815210009859,0,"COL4A1_ITGA1_ITGB1","COL4A1 - (ITGA1+ITGB1)","COLLAGEN","ECM-Receptor","KEGG: hsa04512"
"EVT","EVT","COL4A1","ITGA1_ITGB1",0.0908931278597822,0,"COL4A1_ITGA1_ITGB1","COL4A1 - (ITGA1+ITGB1)","COLLAGEN","ECM-Receptor","KEGG: hsa04512"
"EVT-progenitor","EVT","COL4A1","ITGA1_ITGB1",0.0446369840243542,0,"COL4A1_ITGA1_ITGB1","COL4A1 - (ITGA1+ITGB1)","COLLAGEN","ECM-Receptor","KEGG: hsa04512"
"FIB1","EVT","COL4A1","ITGA1_ITGB1",0.0795409928756799,0,"COL4A1_ITGA1_ITGB1","COL4A1 - (ITGA1+ITGB1)","COLLAGEN","ECM-Receptor","KEGG: hsa04512"
"FIB2","EVT","COL4A1","ITGA1_ITGB1",0.0755716939901716,0,"COL4A1_ITGA1_ITGB1","COL4A1 - (ITGA1+ITGB1)","COLLAGEN","ECM-Receptor","KEGG: hsa04512"
"Endothelial","EVT-progenitor","COL4A1","ITGA1_ITGB1",0.0676553061813884,0,"COL4A1_ITGA1_ITGB1","COL4A1 - (ITGA1+ITGB1)","COLLAGEN","ECM-Receptor","KEGG: hsa04512"
"EVT","EVT-progenitor","COL4A1","ITGA1_ITGB1",0.0757885249903514,0,"COL4A1_ITGA1_ITGB1","COL4A1 - (ITGA1+ITGB1)","COLLAGEN","ECM-Receptor","KEGG: hsa04512"
"EVT-progenitor","EVT-progenitor","COL4A1","ITGA1_ITGB1",0.0369071546840976,0,"COL4A1_ITGA1_ITGB1","COL4A1 - (ITGA1+ITGB1)","COLLAGEN","ECM-Receptor","KEGG: hsa04512"
"FIB1","EVT-progenitor","COL4A1","ITGA1_ITGB1",0.066185543457475,0,"COL4A1_ITGA1_ITGB1","COL4A1 - (ITGA1+ITGB1)","COLLAGEN","ECM-Receptor","KEGG: hsa04512"
"FIB2","EVT-progenitor","COL4A1","ITGA1_ITGB1",0.0628372174842505,0,"COL4A1_ITGA1_ITGB1","COL4A1 - (ITGA1+ITGB1)","COLLAGEN","ECM-Receptor","KEGG: hsa04512"
"Endothelial","FIB1","COL4A1","ITGA1_ITGB1",0.0942831997535328,0,"COL4A1_ITGA1_ITGB1","COL4A1 - (ITGA1+ITGB1)","COLLAGEN","ECM-Receptor","KEGG: hsa04512"
"EVT","FIB1","COL4A1","ITGA1_ITGB1",0.105256121572348,0,"COL4A1_ITGA1_ITGB1","COL4A1 - (ITGA1+ITGB1)","COLLAGEN","ECM-Receptor","KEGG: hsa04512"
"EVT-progenitor","FIB1","COL4A1","ITGA1_ITGB1",0.0521095230005244,0,"COL4A1_ITGA1_ITGB1","COL4A1 - (ITGA1+ITGB1)","COLLAGEN","ECM-Receptor","KEGG: hsa04512"
"FIB1","FIB1","COL4A1","ITGA1_ITGB1",0.0922922278154007,0,"COL4A1_ITGA1_ITGB1","COL4A1 - (ITGA1+ITGB1)","COLLAGEN","ECM-Receptor","KEGG: hsa04512"
"FIB2","FIB1","COL4A1","ITGA1_ITGB1",0.0877472699598323,0,"COL4A1_ITGA1_ITGB1","COL4A1 - (ITGA1+ITGB1)","COLLAGEN","ECM-Receptor","KEGG: hsa04512"
"Endothelial","FIB2","COL4A1","ITGA1_ITGB1",0.0811700876987293,0,"COL4A1_ITGA1_ITGB1","COL4A1 - (ITGA1+ITGB1)","COLLAGEN","ECM-Receptor","KEGG: hsa04512"
"EVT","FIB2","COL4A1","ITGA1_ITGB1",0.0907698193793879,0,"COL4A1_ITGA1_ITGB1","COL4A1 - (ITGA1+ITGB1)","COLLAGEN","ECM-Receptor","KEGG: hsa04512"
"EVT-progenitor","FIB2","COL4A1","ITGA1_ITGB1",0.044573351339582,0,"COL4A1_ITGA1_ITGB1","COL4A1 - (ITGA1+ITGB1)","COLLAGEN","ECM-Receptor","KEGG: hsa04512"
"FIB1","FIB2","COL4A1","ITGA1_ITGB1",0.0794317394511504,0,"COL4A1_ITGA1_ITGB1","COL4A1 - (ITGA1+ITGB1)","COLLAGEN","ECM-Receptor","KEGG: hsa04512"
"FIB2","FIB2","COL4A1","ITGA1_ITGB1",0.0754674455851348,0,"COL4A1_ITGA1_ITGB1","COL4A1 - (ITGA1+ITGB1)","COLLAGEN","ECM-Receptor","KEGG: hsa04512"
"Endothelial","Endothelial","COL4A2","ITGA1_ITGB1",0.0373179213739476,0,"COL4A2_ITGA1_ITGB1","COL4A2 - (ITGA1+ITGB1)","COLLAGEN","ECM-Receptor","KEGG: hsa04512"
"EVT","Endothelial","COL4A2","ITGA1_ITGB1",0.0412269711076166,0,"COL4A2_ITGA1_ITGB1","COL4A2 - (ITGA1+ITGB1)","COLLAGEN","ECM-Receptor","KEGG: hsa04512"
"FIB1","Endothelial","COL4A2","ITGA1_ITGB1",0.0348899595648558,0,"COL4A2_ITGA1_ITGB1","COL4A2 - (ITGA1+ITGB1)","COLLAGEN","ECM-Receptor","KEGG: hsa04512"
"FIB2","Endothelial","COL4A2","ITGA1_ITGB1",0.0321803811395527,0,"COL4A2_ITGA1_ITGB1","COL4A2 - (ITGA1+ITGB1)","COLLAGEN","ECM-Receptor","KEGG: hsa04512"
"Endothelial","EVT","COL4A2","ITGA1_ITGB1",0.0839180354566248,0,"COL4A2_ITGA1_ITGB1","COL4A2 - (ITGA1+ITGB1)","COLLAGEN","ECM-Receptor","KEGG: hsa04512"
"EVT","EVT","COL4A2","ITGA1_ITGB1",0.0922407297613081,0,"COL4A2_ITGA1_ITGB1","COL4A2 - (ITGA1+ITGB1)","COLLAGEN","ECM-Receptor","KEGG: hsa04512"
"EVT-progenitor","EVT","COL4A2","ITGA1_ITGB1",0.0381167391875037,0,"COL4A2_ITGA1_ITGB1","COL4A2 - (ITGA1+ITGB1)","COLLAGEN","ECM-Receptor","KEGG: hsa04512"
"FIB1","EVT","COL4A2","ITGA1_ITGB1",0.078706075292085,0,"COL4A2_ITGA1_ITGB1","COL4A2 - (ITGA1+ITGB1)","COLLAGEN","ECM-Receptor","KEGG: hsa04512"
"FIB2","EVT","COL4A2","ITGA1_ITGB1",0.0728505638605164,0,"COL4A2_ITGA1_ITGB1","COL4A2 - (ITGA1+ITGB1)","COLLAGEN","ECM-Receptor","KEGG: hsa04512"
"vCTB","EVT","COL4A2","ITGA1_ITGB1",0.0275980825859896,0,"COL4A2_ITGA1_ITGB1","COL4A2 - (ITGA1+ITGB1)","COLLAGEN","ECM-Receptor","KEGG: hsa04512"
"Endothelial","EVT-progenitor","COL4A2","ITGA1_ITGB1",0.0698834500937492,0,"COL4A2_ITGA1_ITGB1","COL4A2 - (ITGA1+ITGB1)","COLLAGEN","ECM-Receptor","KEGG: hsa04512"
"EVT","EVT-progenitor","COL4A2","ITGA1_ITGB1",0.0769311334407203,0,"COL4A2_ITGA1_ITGB1","COL4A2 - (ITGA1+ITGB1)","COLLAGEN","ECM-Receptor","KEGG: hsa04512"
"EVT-progenitor","EVT-progenitor","COL4A2","ITGA1_ITGB1",0.0314788229521836,0,"COL4A2_ITGA1_ITGB1","COL4A2 - (ITGA1+ITGB1)","COLLAGEN","ECM-Receptor","KEGG: hsa04512"
"FIB1","EVT-progenitor","COL4A2","ITGA1_ITGB1",0.0654808410728303,0,"COL4A2_ITGA1_ITGB1","COL4A2 - (ITGA1+ITGB1)","COLLAGEN","ECM-Receptor","KEGG: hsa04512"
"FIB2","EVT-progenitor","COL4A2","ITGA1_ITGB1",0.0605445897982776,0,"COL4A2_ITGA1_ITGB1","COL4A2 - (ITGA1+ITGB1)","COLLAGEN","ECM-Receptor","KEGG: hsa04512"
"vCTB","EVT-progenitor","COL4A2","ITGA1_ITGB1",0.0227486368861199,0,"COL4A2_ITGA1_ITGB1","COL4A2 - (ITGA1+ITGB1)","COLLAGEN","ECM-Receptor","KEGG: hsa04512"
"Endothelial","FIB1","COL4A2","ITGA1_ITGB1",0.0972967837773208,0,"COL4A2_ITGA1_ITGB1","COL4A2 - (ITGA1+ITGB1)","COLLAGEN","ECM-Receptor","KEGG: hsa04512"
"EVT","FIB1","COL4A2","ITGA1_ITGB1",0.106791657589183,0,"COL4A2_ITGA1_ITGB1","COL4A2 - (ITGA1+ITGB1)","COLLAGEN","ECM-Receptor","KEGG: hsa04512"
"EVT-progenitor","FIB1","COL4A2","ITGA1_ITGB1",0.044548642512071,0,"COL4A2_ITGA1_ITGB1","COL4A2 - (ITGA1+ITGB1)","COLLAGEN","ECM-Receptor","KEGG: hsa04512"
"FIB1","FIB1","COL4A2","ITGA1_ITGB1",0.0913367458645434,0,"COL4A2_ITGA1_ITGB1","COL4A2 - (ITGA1+ITGB1)","COLLAGEN","ECM-Receptor","KEGG: hsa04512"
"FIB2","FIB1","COL4A2","ITGA1_ITGB1",0.0846278653021365,0,"COL4A2_ITGA1_ITGB1","COL4A2 - (ITGA1+ITGB1)","COLLAGEN","ECM-Receptor","KEGG: hsa04512"
"vCTB","FIB1","COL4A2","ITGA1_ITGB1",0.0323146739465412,0,"COL4A2_ITGA1_ITGB1","COL4A2 - (ITGA1+ITGB1)","COLLAGEN","ECM-Receptor","KEGG: hsa04512"
"Endothelial","FIB2","COL4A2","ITGA1_ITGB1",0.0838033173218478,0,"COL4A2_ITGA1_ITGB1","COL4A2 - (ITGA1+ITGB1)","COLLAGEN","ECM-Receptor","KEGG: hsa04512"
"EVT","FIB2","COL4A2","ITGA1_ITGB1",0.0921157783250622,0,"COL4A2_ITGA1_ITGB1","COL4A2 - (ITGA1+ITGB1)","COLLAGEN","ECM-Receptor","KEGG: hsa04512"
"EVT-progenitor","FIB2","COL4A2","ITGA1_ITGB1",0.0380620311845776,0,"COL4A2_ITGA1_ITGB1","COL4A2 - (ITGA1+ITGB1)","COLLAGEN","ECM-Receptor","KEGG: hsa04512"
"FIB1","FIB2","COL4A2","ITGA1_ITGB1",0.0785978707423955,0,"COL4A2_ITGA1_ITGB1","COL4A2 - (ITGA1+ITGB1)","COLLAGEN","ECM-Receptor","KEGG: hsa04512"
"FIB2","FIB2","COL4A2","ITGA1_ITGB1",0.0727497737504906,0,"COL4A2_ITGA1_ITGB1","COL4A2 - (ITGA1+ITGB1)","COLLAGEN","ECM-Receptor","KEGG: hsa04512"
"vCTB","FIB2","COL4A2","ITGA1_ITGB1",0.0275580392128529,0,"COL4A2_ITGA1_ITGB1","COL4A2 - (ITGA1+ITGB1)","COLLAGEN","ECM-Receptor","KEGG: hsa04512"
"Endothelial","Endothelial","COL4A5","ITGA1_ITGB1",0.00299353726281385,0.02,"COL4A5_ITGA1_ITGB1","COL4A5 - (ITGA1+ITGB1)","COLLAGEN","ECM-Receptor","KEGG: hsa04512"
"FIB1","Endothelial","COL4A5","ITGA1_ITGB1",0.0173082148268955,0,"COL4A5_ITGA1_ITGB1","COL4A5 - (ITGA1+ITGB1)","COLLAGEN","ECM-Receptor","KEGG: hsa04512"
"FIB2","Endothelial","COL4A5","ITGA1_ITGB1",0.00299353726281385,0,"COL4A5_ITGA1_ITGB1","COL4A5 - (ITGA1+ITGB1)","COLLAGEN","ECM-Receptor","KEGG: hsa04512"
"Endothelial","Erythroblasts","COL4A5","ITGA1_ITGB1",0.00117703904762372,0.03,"COL4A5_ITGA1_ITGB1","COL4A5 - (ITGA1+ITGB1)","COLLAGEN","ECM-Receptor","KEGG: hsa04512"
"FIB1","Erythroblasts","COL4A5","ITGA1_ITGB1",0.00686528816440021,0,"COL4A5_ITGA1_ITGB1","COL4A5 - (ITGA1+ITGB1)","COLLAGEN","ECM-Receptor","KEGG: hsa04512"
"FIB2","Erythroblasts","COL4A5","ITGA1_ITGB1",0.00117703904762372,0,"COL4A5_ITGA1_ITGB1","COL4A5 - (ITGA1+ITGB1)","COLLAGEN","ECM-Receptor","KEGG: hsa04512"
"Endothelial","EVT","COL4A5","ITGA1_ITGB1",0.00704534924421412,0,"COL4A5_ITGA1_ITGB1","COL4A5 - (ITGA1+ITGB1)","COLLAGEN","ECM-Receptor","KEGG: hsa04512"
"FIB1","EVT","COL4A5","ITGA1_ITGB1",0.0399586941824076,0,"COL4A5_ITGA1_ITGB1","COL4A5 - (ITGA1+ITGB1)","COLLAGEN","ECM-Receptor","KEGG: hsa04512"
"FIB2","EVT","COL4A5","ITGA1_ITGB1",0.00704534924421412,0,"COL4A5_ITGA1_ITGB1","COL4A5 - (ITGA1+ITGB1)","COLLAGEN","ECM-Receptor","KEGG: hsa04512"
"Endothelial","EVT-progenitor","COL4A5","ITGA1_ITGB1",0.00578587479511698,0,"COL4A5_ITGA1_ITGB1","COL4A5 - (ITGA1+ITGB1)","COLLAGEN","ECM-Receptor","KEGG: hsa04512"
"FIB1","EVT-progenitor","COL4A5","ITGA1_ITGB1",0.0330110155750824,0,"COL4A5_ITGA1_ITGB1","COL4A5 - (ITGA1+ITGB1)","COLLAGEN","ECM-Receptor","KEGG: hsa04512"
"FIB2","EVT-progenitor","COL4A5","ITGA1_ITGB1",0.00578587479511698,0,"COL4A5_ITGA1_ITGB1","COL4A5 - (ITGA1+ITGB1)","COLLAGEN","ECM-Receptor","KEGG: hsa04512"
"Endothelial","FIB1","COL4A5","ITGA1_ITGB1",0.0082793262836502,0,"COL4A5_ITGA1_ITGB1","COL4A5 - (ITGA1+ITGB1)","COLLAGEN","ECM-Receptor","KEGG: hsa04512"
"FIB1","FIB1","COL4A5","ITGA1_ITGB1",0.0466863272266695,0,"COL4A5_ITGA1_ITGB1","COL4A5 - (ITGA1+ITGB1)","COLLAGEN","ECM-Receptor","KEGG: hsa04512"
"FIB2","FIB1","COL4A5","ITGA1_ITGB1",0.0082793262836502,0,"COL4A5_ITGA1_ITGB1","COL4A5 - (ITGA1+ITGB1)","COLLAGEN","ECM-Receptor","KEGG: hsa04512"
"Endothelial","FIB2","COL4A5","ITGA1_ITGB1",0.00703491106954838,0,"COL4A5_ITGA1_ITGB1","COL4A5 - (ITGA1+ITGB1)","COLLAGEN","ECM-Receptor","KEGG: hsa04512"
"FIB1","FIB2","COL4A5","ITGA1_ITGB1",0.03990145213566,0,"COL4A5_ITGA1_ITGB1","COL4A5 - (ITGA1+ITGB1)","COLLAGEN","ECM-Receptor","KEGG: hsa04512"
"FIB2","FIB2","COL4A5","ITGA1_ITGB1",0.00703491106954838,0,"COL4A5_ITGA1_ITGB1","COL4A5 - (ITGA1+ITGB1)","COLLAGEN","ECM-Receptor","KEGG: hsa04512"
"FIB1","Endothelial","COL4A6","ITGA1_ITGB1",0.00299353726281385,0,"COL4A6_ITGA1_ITGB1","COL4A6 - (ITGA1+ITGB1)","COLLAGEN","ECM-Receptor","KEGG: hsa04512"
"FIB1","Erythroblasts","COL4A6","ITGA1_ITGB1",0.00117703904762372,0,"COL4A6_ITGA1_ITGB1","COL4A6 - (ITGA1+ITGB1)","COLLAGEN","ECM-Receptor","KEGG: hsa04512"
"FIB1","EVT","COL4A6","ITGA1_ITGB1",0.00704534924421412,0,"COL4A6_ITGA1_ITGB1","COL4A6 - (ITGA1+ITGB1)","COLLAGEN","ECM-Receptor","KEGG: hsa04512"
"FIB1","EVT-progenitor","COL4A6","ITGA1_ITGB1",0.00578587479511698,0,"COL4A6_ITGA1_ITGB1","COL4A6 - (ITGA1+ITGB1)","COLLAGEN","ECM-Receptor","KEGG: hsa04512"
"FIB1","FIB1","COL4A6","ITGA1_ITGB1",0.0082793262836502,0,"COL4A6_ITGA1_ITGB1","COL4A6 - (ITGA1+ITGB1)","COLLAGEN","ECM-Receptor","KEGG: hsa04512"
"FIB1","FIB2","COL4A6","ITGA1_ITGB1",0.00703491106954838,0,"COL4A6_ITGA1_ITGB1","COL4A6 - (ITGA1+ITGB1)","COLLAGEN","ECM-Receptor","KEGG: hsa04512"
"FIB1","Endothelial","COL6A1","ITGA1_ITGB1",0.0229048512077321,0,"COL6A1_ITGA1_ITGB1","COL6A1 - (ITGA1+ITGB1)","COLLAGEN","ECM-Receptor","KEGG: hsa04512"
"FIB2","Endothelial","COL6A1","ITGA1_ITGB1",0.0293673593840056,0,"COL6A1_ITGA1_ITGB1","COL6A1 - (ITGA1+ITGB1)","COLLAGEN","ECM-Receptor","KEGG: hsa04512"
"FIB1","Erythroblasts","COL6A1","ITGA1_ITGB1",0.00911651531732242,0.01,"COL6A1_ITGA1_ITGB1","COL6A1 - (ITGA1+ITGB1)","COLLAGEN","ECM-Receptor","KEGG: hsa04512"
"FIB2","Erythroblasts","COL6A1","ITGA1_ITGB1",0.0117354268742701,0,"COL6A1_ITGA1_ITGB1","COL6A1 - (ITGA1+ITGB1)","COLLAGEN","ECM-Receptor","KEGG: hsa04512"
"EVT-progenitor","EVT","COL6A1","ITGA1_ITGB1",0.00704534924421412,0.02,"COL6A1_ITGA1_ITGB1","COL6A1 - (ITGA1+ITGB1)","COLLAGEN","ECM-Receptor","KEGG: hsa04512"
"FIB1","EVT","COL6A1","ITGA1_ITGB1",0.0524881980006939,0,"COL6A1_ITGA1_ITGB1","COL6A1 - (ITGA1+ITGB1)","COLLAGEN","ECM-Receptor","KEGG: hsa04512"
"FIB2","EVT","COL6A1","ITGA1_ITGB1",0.0667275054881022,0,"COL6A1_ITGA1_ITGB1","COL6A1 - (ITGA1+ITGB1)","COLLAGEN","ECM-Receptor","KEGG: hsa04512"
"FIB1","EVT-progenitor","COL6A1","ITGA1_ITGB1",0.0434606163522125,0,"COL6A1_ITGA1_ITGB1","COL6A1 - (ITGA1+ITGB1)","COLLAGEN","ECM-Receptor","KEGG: hsa04512"
"FIB2","EVT-progenitor","COL6A1","ITGA1_ITGB1",0.0553940465858718,0,"COL6A1_ITGA1_ITGB1","COL6A1 - (ITGA1+ITGB1)","COLLAGEN","ECM-Receptor","KEGG: hsa04512"
"EVT-progenitor","FIB1","COL6A1","ITGA1_ITGB1",0.0082793262836502,0,"COL6A1_ITGA1_ITGB1","COL6A1 - (ITGA1+ITGB1)","COLLAGEN","ECM-Receptor","KEGG: hsa04512"
"FIB1","FIB1","COL6A1","ITGA1_ITGB1",0.0611909005339917,0,"COL6A1_ITGA1_ITGB1","COL6A1 - (ITGA1+ITGB1)","COLLAGEN","ECM-Receptor","KEGG: hsa04512"
"FIB2","FIB1","COL6A1","ITGA1_ITGB1",0.0775977776082249,0,"COL6A1_ITGA1_ITGB1","COL6A1 - (ITGA1+ITGB1)","COLLAGEN","ECM-Receptor","KEGG: hsa04512"
"EVT-progenitor","FIB2","COL6A1","ITGA1_ITGB1",0.00703491106954838,0,"COL6A1_ITGA1_ITGB1","COL6A1 - (ITGA1+ITGB1)","COLLAGEN","ECM-Receptor","KEGG: hsa04512"
"FIB1","FIB2","COL6A1","ITGA1_ITGB1",0.052413986987936,0,"COL6A1_ITGA1_ITGB1","COL6A1 - (ITGA1+ITGB1)","COLLAGEN","ECM-Receptor","KEGG: hsa04512"
"FIB2","FIB2","COL6A1","ITGA1_ITGB1",0.0666345779030239,0,"COL6A1_ITGA1_ITGB1","COL6A1 - (ITGA1+ITGB1)","COLLAGEN","ECM-Receptor","KEGG: hsa04512"
"FIB1","Endothelial","COL6A2","ITGA1_ITGB1",0.0284558460855624,0,"COL6A2_ITGA1_ITGB1","COL6A2 - (ITGA1+ITGB1)","COLLAGEN","ECM-Receptor","KEGG: hsa04512"
"FIB2","Endothelial","COL6A2","ITGA1_ITGB1",0.035938646658686,0,"COL6A2_ITGA1_ITGB1","COL6A2 - (ITGA1+ITGB1)","COLLAGEN","ECM-Receptor","KEGG: hsa04512"
"FIB1","Erythroblasts","COL6A2","ITGA1_ITGB1",0.0113647712948471,0.01,"COL6A2_ITGA1_ITGB1","COL6A2 - (ITGA1+ITGB1)","COLLAGEN","ECM-Receptor","KEGG: hsa04512"
"FIB2","Erythroblasts","COL6A2","ITGA1_ITGB1",0.0144199779139117,0,"COL6A2_ITGA1_ITGB1","COL6A2 - (ITGA1+ITGB1)","COLLAGEN","ECM-Receptor","KEGG: hsa04512"
"EVT-progenitor","EVT","COL6A2","ITGA1_ITGB1",0.02084236426204,0,"COL6A2_ITGA1_ITGB1","COL6A2 - (ITGA1+ITGB1)","COLLAGEN","ECM-Receptor","KEGG: hsa04512"
"FIB1","EVT","COL6A2","ITGA1_ITGB1",0.0647337324032852,0,"COL6A2_ITGA1_ITGB1","COL6A2 - (ITGA1+ITGB1)","COLLAGEN","ECM-Receptor","KEGG: hsa04512"
"FIB2","EVT","COL6A2","ITGA1_ITGB1",0.0809612638369892,0,"COL6A2_ITGA1_ITGB1","COL6A2 - (ITGA1+ITGB1)","COLLAGEN","ECM-Receptor","KEGG: hsa04512"
"EVT-progenitor","EVT-progenitor","COL6A2","ITGA1_ITGB1",0.017159063993614,0.02,"COL6A2_ITGA1_ITGB1","COL6A2 - (ITGA1+ITGB1)","COLLAGEN","ECM-Receptor","KEGG: hsa04512"
"FIB1","EVT-progenitor","COL6A2","ITGA1_ITGB1",0.0537194176591096,0,"COL6A2_ITGA1_ITGB1","COL6A2 - (ITGA1+ITGB1)","COLLAGEN","ECM-Receptor","KEGG: hsa04512"
"FIB2","EVT-progenitor","COL6A2","ITGA1_ITGB1",0.0673847997666664,0,"COL6A2_ITGA1_ITGB1","COL6A2 - (ITGA1+ITGB1)","COLLAGEN","ECM-Receptor","KEGG: hsa04512"
"Endothelial","FIB1","COL6A2","ITGA1_ITGB1",0.0082793262836502,0.04,"COL6A2_ITGA1_ITGB1","COL6A2 - (ITGA1+ITGB1)","COLLAGEN","ECM-Receptor","KEGG: hsa04512"
"EVT-progenitor","FIB1","COL6A2","ITGA1_ITGB1",0.0244333947561439,0,"COL6A2_ITGA1_ITGB1","COL6A2 - (ITGA1+ITGB1)","COLLAGEN","ECM-Receptor","KEGG: hsa04512"
"FIB1","FIB1","COL6A2","ITGA1_ITGB1",0.0753054157927138,0,"COL6A2_ITGA1_ITGB1","COL6A2 - (ITGA1+ITGB1)","COLLAGEN","ECM-Receptor","KEGG: hsa04512"
"FIB2","FIB1","COL6A2","ITGA1_ITGB1",0.0939169515244214,0,"COL6A2_ITGA1_ITGB1","COL6A2 - (ITGA1+ITGB1)","COLLAGEN","ECM-Receptor","KEGG: hsa04512"
"EVT-progenitor","FIB2","COL6A2","ITGA1_ITGB1",0.0208119132902766,0,"COL6A2_ITGA1_ITGB1","COL6A2 - (ITGA1+ITGB1)","COLLAGEN","ECM-Receptor","KEGG: hsa04512"
"FIB1","FIB2","COL6A2","ITGA1_ITGB1",0.0646433891091246,0,"COL6A2_ITGA1_ITGB1","COL6A2 - (ITGA1+ITGB1)","COLLAGEN","ECM-Receptor","KEGG: hsa04512"
"FIB2","FIB2","COL6A2","ITGA1_ITGB1",0.0808502309543195,0,"COL6A2_ITGA1_ITGB1","COL6A2 - (ITGA1+ITGB1)","COLLAGEN","ECM-Receptor","KEGG: hsa04512"
"EVT-progenitor","Endothelial","COL6A3","ITGA1_ITGB1",0.00892716419112676,0.01,"COL6A3_ITGA1_ITGB1","COL6A3 - (ITGA1+ITGB1)","COLLAGEN","ECM-Receptor","KEGG: hsa04512"
"FIB1","Endothelial","COL6A3","ITGA1_ITGB1",0.0378054624496841,0,"COL6A3_ITGA1_ITGB1","COL6A3 - (ITGA1+ITGB1)","COLLAGEN","ECM-Receptor","KEGG: hsa04512"
"FIB2","Endothelial","COL6A3","ITGA1_ITGB1",0.0286194542431572,0,"COL6A3_ITGA1_ITGB1","COL6A3 - (ITGA1+ITGB1)","COLLAGEN","ECM-Receptor","KEGG: hsa04512"
"FIB1","Erythroblasts","COL6A3","ITGA1_ITGB1",0.0151866248307206,0,"COL6A3_ITGA1_ITGB1","COL6A3 - (ITGA1+ITGB1)","COLLAGEN","ECM-Receptor","KEGG: hsa04512"
"FIB2","Erythroblasts","COL6A3","ITGA1_ITGB1",0.0114312697596015,0,"COL6A3_ITGA1_ITGB1","COL6A3 - (ITGA1+ITGB1)","COLLAGEN","ECM-Receptor","KEGG: hsa04512"
"EVT-progenitor","EVT","COL6A3","ITGA1_ITGB1",0.02084236426204,0,"COL6A3_ITGA1_ITGB1","COL6A3 - (ITGA1+ITGB1)","COLLAGEN","ECM-Receptor","KEGG: hsa04512"
"FIB1","EVT","COL6A3","ITGA1_ITGB1",0.0849606552259862,0,"COL6A3_ITGA1_ITGB1","COL6A3 - (ITGA1+ITGB1)","COLLAGEN","ECM-Receptor","KEGG: hsa04512"
"FIB2","EVT","COL6A3","ITGA1_ITGB1",0.0650919472635245,0,"COL6A3_ITGA1_ITGB1","COL6A3 - (ITGA1+ITGB1)","COLLAGEN","ECM-Receptor","KEGG: hsa04512"
"EVT-progenitor","EVT-progenitor","COL6A3","ITGA1_ITGB1",0.017159063993614,0,"COL6A3_ITGA1_ITGB1","COL6A3 - (ITGA1+ITGB1)","COLLAGEN","ECM-Receptor","KEGG: hsa04512"
"FIB1","EVT-progenitor","COL6A3","ITGA1_ITGB1",0.0707651701025134,0,"COL6A3_ITGA1_ITGB1","COL6A3 - (ITGA1+ITGB1)","COLLAGEN","ECM-Receptor","KEGG: hsa04512"
"FIB2","EVT-progenitor","COL6A3","ITGA1_ITGB1",0.0540202033741311,0,"COL6A3_ITGA1_ITGB1","COL6A3 - (ITGA1+ITGB1)","COLLAGEN","ECM-Receptor","KEGG: hsa04512"
"EVT-progenitor","FIB1","COL6A3","ITGA1_ITGB1",0.0244333947561439,0,"COL6A3_ITGA1_ITGB1","COL6A3 - (ITGA1+ITGB1)","COLLAGEN","ECM-Receptor","KEGG: hsa04512"
"FIB1","FIB1","COL6A3","ITGA1_ITGB1",0.0984877542485548,0,"COL6A3_ITGA1_ITGB1","COL6A3 - (ITGA1+ITGB1)","COLLAGEN","ECM-Receptor","KEGG: hsa04512"
"FIB2","FIB1","COL6A3","ITGA1_ITGB1",0.0757173947556918,0,"COL6A3_ITGA1_ITGB1","COL6A3 - (ITGA1+ITGB1)","COLLAGEN","ECM-Receptor","KEGG: hsa04512"
"EVT-progenitor","FIB2","COL6A3","ITGA1_ITGB1",0.0208119132902766,0,"COL6A3_ITGA1_ITGB1","COL6A3 - (ITGA1+ITGB1)","COLLAGEN","ECM-Receptor","KEGG: hsa04512"
"FIB1","FIB2","COL6A3","ITGA1_ITGB1",0.0848446438086375,0,"COL6A3_ITGA1_ITGB1","COL6A3 - (ITGA1+ITGB1)","COLLAGEN","ECM-Receptor","KEGG: hsa04512"
"FIB2","FIB2","COL6A3","ITGA1_ITGB1",0.0650011387849201,0,"COL6A3_ITGA1_ITGB1","COL6A3 - (ITGA1+ITGB1)","COLLAGEN","ECM-Receptor","KEGG: hsa04512"
"FIB1","Endothelial","COL6A6","ITGA1_ITGB1",0.00473635044944005,0,"COL6A6_ITGA1_ITGB1","COL6A6 - (ITGA1+ITGB1)","COLLAGEN","ECM-Receptor","KEGG: hsa04512"
"FIB2","Endothelial","COL6A6","ITGA1_ITGB1",0.00299353726281385,0,"COL6A6_ITGA1_ITGB1","COL6A6 - (ITGA1+ITGB1)","COLLAGEN","ECM-Receptor","KEGG: hsa04512"
"FIB1","Erythroblasts","COL6A6","ITGA1_ITGB1",0.00186427915197974,0,"COL6A6_ITGA1_ITGB1","COL6A6 - (ITGA1+ITGB1)","COLLAGEN","ECM-Receptor","KEGG: hsa04512"
"FIB2","Erythroblasts","COL6A6","ITGA1_ITGB1",0.00117703904762372,0,"COL6A6_ITGA1_ITGB1","COL6A6 - (ITGA1+ITGB1)","COLLAGEN","ECM-Receptor","KEGG: hsa04512"
"FIB1","EVT","COL6A6","ITGA1_ITGB1",0.0111207826629527,0,"COL6A6_ITGA1_ITGB1","COL6A6 - (ITGA1+ITGB1)","COLLAGEN","ECM-Receptor","KEGG: hsa04512"
"FIB2","EVT","COL6A6","ITGA1_ITGB1",0.00704534924421412,0,"COL6A6_ITGA1_ITGB1","COL6A6 - (ITGA1+ITGB1)","COLLAGEN","ECM-Receptor","KEGG: hsa04512"
"FIB1","EVT-progenitor","COL6A6","ITGA1_ITGB1",0.00913946189448532,0,"COL6A6_ITGA1_ITGB1","COL6A6 - (ITGA1+ITGB1)","COLLAGEN","ECM-Receptor","KEGG: hsa04512"
"FIB2","EVT-progenitor","COL6A6","ITGA1_ITGB1",0.00578587479511698,0,"COL6A6_ITGA1_ITGB1","COL6A6 - (ITGA1+ITGB1)","COLLAGEN","ECM-Receptor","KEGG: hsa04512"
"FIB1","FIB1","COL6A6","ITGA1_ITGB1",0.0130591748610297,0,"COL6A6_ITGA1_ITGB1","COL6A6 - (ITGA1+ITGB1)","COLLAGEN","ECM-Receptor","KEGG: hsa04512"
"FIB2","FIB1","COL6A6","ITGA1_ITGB1",0.0082793262836502,0,"COL6A6_ITGA1_ITGB1","COL6A6 - (ITGA1+ITGB1)","COLLAGEN","ECM-Receptor","KEGG: hsa04512"
"FIB1","FIB2","COL6A6","ITGA1_ITGB1",0.0111043739747354,0,"COL6A6_ITGA1_ITGB1","COL6A6 - (ITGA1+ITGB1)","COLLAGEN","ECM-Receptor","KEGG: hsa04512"
"FIB2","FIB2","COL6A6","ITGA1_ITGB1",0.00703491106954838,0,"COL6A6_ITGA1_ITGB1","COL6A6 - (ITGA1+ITGB1)","COLLAGEN","ECM-Receptor","KEGG: hsa04512"
"Erythroblasts","Endothelial","COL1A1","ITGA2_ITGB1",0.00565284450536869,0,"COL1A1_ITGA2_ITGB1","COL1A1 - (ITGA2+ITGB1)","COLLAGEN","ECM-Receptor","KEGG: hsa04512"
"EVT-progenitor","Endothelial","COL1A1","ITGA2_ITGB1",0.0167689489937459,0,"COL1A1_ITGA2_ITGB1","COL1A1 - (ITGA2+ITGB1)","COLLAGEN","ECM-Receptor","KEGG: hsa04512"
"FIB1","Endothelial","COL1A1","ITGA2_ITGB1",0.0424983864130664,0,"COL1A1_ITGA2_ITGB1","COL1A1 - (ITGA2+ITGB1)","COLLAGEN","ECM-Receptor","KEGG: hsa04512"
"FIB2","Endothelial","COL1A1","ITGA2_ITGB1",0.0725097530910678,0,"COL1A1_ITGA2_ITGB1","COL1A1 - (ITGA2+ITGB1)","COLLAGEN","ECM-Receptor","KEGG: hsa04512"
"Endothelial","Endothelial","COL1A2","ITGA2_ITGB1",0.0014192281333086,0,"COL1A2_ITGA2_ITGB1","COL1A2 - (ITGA2+ITGB1)","COLLAGEN","ECM-Receptor","KEGG: hsa04512"
"Erythroblasts","Endothelial","COL1A2","ITGA2_ITGB1",0.00565284450536869,0,"COL1A2_ITGA2_ITGB1","COL1A2 - (ITGA2+ITGB1)","COLLAGEN","ECM-Receptor","KEGG: hsa04512"
"EVT-progenitor","Endothelial","COL1A2","ITGA2_ITGB1",0.0222343166179024,0,"COL1A2_ITGA2_ITGB1","COL1A2 - (ITGA2+ITGB1)","COLLAGEN","ECM-Receptor","KEGG: hsa04512"
"FIB1","Endothelial","COL1A2","ITGA2_ITGB1",0.0541825732120478,0,"COL1A2_ITGA2_ITGB1","COL1A2 - (ITGA2+ITGB1)","COLLAGEN","ECM-Receptor","KEGG: hsa04512"
"FIB2","Endothelial","COL1A2","ITGA2_ITGB1",0.0699453033573771,0,"COL1A2_ITGA2_ITGB1","COL1A2 - (ITGA2+ITGB1)","COLLAGEN","ECM-Receptor","KEGG: hsa04512"
"Hofbauer cells","Endothelial","COL1A2","ITGA2_ITGB1",0.0222343166179024,0,"COL1A2_ITGA2_ITGB1","COL1A2 - (ITGA2+ITGB1)","COLLAGEN","ECM-Receptor","KEGG: hsa04512"
"Endothelial","Endothelial","COL4A1","ITGA2_ITGB1",0.0661944691291537,0,"COL4A1_ITGA2_ITGB1","COL4A1 - (ITGA2+ITGB1)","COLLAGEN","ECM-Receptor","KEGG: hsa04512"
"Erythroblasts","Endothelial","COL4A1","ITGA2_ITGB1",0.00565284450536869,0,"COL4A1_ITGA2_ITGB1","COL4A1 - (ITGA2+ITGB1)","COLLAGEN","ECM-Receptor","KEGG: hsa04512"
"EVT","Endothelial","COL4A1","ITGA2_ITGB1",0.0741660424558886,0,"COL4A1_ITGA2_ITGB1","COL4A1 - (ITGA2+ITGB1)","COLLAGEN","ECM-Receptor","KEGG: hsa04512"
"EVT-progenitor","Endothelial","COL4A1","ITGA2_ITGB1",0.0360845465911512,0,"COL4A1_ITGA2_ITGB1","COL4A1 - (ITGA2+ITGB1)","COLLAGEN","ECM-Receptor","KEGG: hsa04512"
"FIB1","Endothelial","COL4A1","ITGA2_ITGB1",0.0647542378981703,0,"COL4A1_ITGA2_ITGB1","COL4A1 - (ITGA2+ITGB1)","COLLAGEN","ECM-Receptor","KEGG: hsa04512"
"FIB2","Endothelial","COL4A1","ITGA2_ITGB1",0.0614735548833362,0,"COL4A1_ITGA2_ITGB1","COL4A1 - (ITGA2+ITGB1)","COLLAGEN","ECM-Receptor","KEGG: hsa04512"
"Hofbauer cells","Endothelial","COL4A1","ITGA2_ITGB1",0.00565284450536869,0,"COL4A1_ITGA2_ITGB1","COL4A1 - (ITGA2+ITGB1)","COLLAGEN","ECM-Receptor","KEGG: hsa04512"
"STB","Endothelial","COL4A1","ITGA2_ITGB1",0.00565284450536869,0,"COL4A1_ITGA2_ITGB1","COL4A1 - (ITGA2+ITGB1)","COLLAGEN","ECM-Receptor","KEGG: hsa04512"
"vCTB","Endothelial","COL4A1","ITGA2_ITGB1",0.00565284450536869,0,"COL4A1_ITGA2_ITGB1","COL4A1 - (ITGA2+ITGB1)","COLLAGEN","ECM-Receptor","KEGG: hsa04512"
"Endothelial","Endothelial","COL4A2","ITGA2_ITGB1",0.0683780306222926,0,"COL4A2_ITGA2_ITGB1","COL4A2 - (ITGA2+ITGB1)","COLLAGEN","ECM-Receptor","KEGG: hsa04512"
"Erythroblasts","Endothelial","COL4A2","ITGA2_ITGB1",0.00565284450536869,0,"COL4A2_ITGA2_ITGB1","COL4A2 - (ITGA2+ITGB1)","COLLAGEN","ECM-Receptor","KEGG: hsa04512"
"EVT","Endothelial","COL4A2","ITGA2_ITGB1",0.0752861825074542,0,"COL4A2_ITGA2_ITGB1","COL4A2 - (ITGA2+ITGB1)","COLLAGEN","ECM-Receptor","KEGG: hsa04512"
"EVT-progenitor","Endothelial","COL4A2","ITGA2_ITGB1",0.0307733387274397,0,"COL4A2_ITGA2_ITGB1","COL4A2 - (ITGA2+ITGB1)","COLLAGEN","ECM-Receptor","KEGG: hsa04512"
"FIB1","Endothelial","COL4A2","ITGA2_ITGB1",0.0640637296562336,0,"COL4A2_ITGA2_ITGB1","COL4A2 - (ITGA2+ITGB1)","COLLAGEN","ECM-Receptor","KEGG: hsa04512"
"FIB2","Endothelial","COL4A2","ITGA2_ITGB1",0.0592275363243731,0,"COL4A2_ITGA2_ITGB1","COL4A2 - (ITGA2+ITGB1)","COLLAGEN","ECM-Receptor","KEGG: hsa04512"
"Hofbauer cells","Endothelial","COL4A2","ITGA2_ITGB1",0.00565284450536869,0,"COL4A2_ITGA2_ITGB1","COL4A2 - (ITGA2+ITGB1)","COLLAGEN","ECM-Receptor","KEGG: hsa04512"
"STB","Endothelial","COL4A2","ITGA2_ITGB1",0.00565284450536869,0,"COL4A2_ITGA2_ITGB1","COL4A2 - (ITGA2+ITGB1)","COLLAGEN","ECM-Receptor","KEGG: hsa04512"
"vCTB","Endothelial","COL4A2","ITGA2_ITGB1",0.0222343166179024,0,"COL4A2_ITGA2_ITGB1","COL4A2 - (ITGA2+ITGB1)","COLLAGEN","ECM-Receptor","KEGG: hsa04512"
"Endothelial","Endothelial","COL4A5","ITGA2_ITGB1",0.00565284450536869,0,"COL4A5_ITGA2_ITGB1","COL4A5 - (ITGA2+ITGB1)","COLLAGEN","ECM-Receptor","KEGG: hsa04512"
"FIB1","Endothelial","COL4A5","ITGA2_ITGB1",0.0322723369856905,0,"COL4A5_ITGA2_ITGB1","COL4A5 - (ITGA2+ITGB1)","COLLAGEN","ECM-Receptor","KEGG: hsa04512"
"FIB2","Endothelial","COL4A5","ITGA2_ITGB1",0.00565284450536869,0,"COL4A5_ITGA2_ITGB1","COL4A5 - (ITGA2+ITGB1)","COLLAGEN","ECM-Receptor","KEGG: hsa04512"
"FIB1","Endothelial","COL4A6","ITGA2_ITGB1",0.00565284450536869,0,"COL4A6_ITGA2_ITGB1","COL4A6 - (ITGA2+ITGB1)","COLLAGEN","ECM-Receptor","KEGG: hsa04512"
"EVT-progenitor","Endothelial","COL6A1","ITGA2_ITGB1",0.00565284450536869,0,"COL6A1_ITGA2_ITGB1","COL6A1 - (ITGA2+ITGB1)","COLLAGEN","ECM-Receptor","KEGG: hsa04512"
"FIB1","Endothelial","COL6A1","ITGA2_ITGB1",0.0424983864130664,0,"COL6A1_ITGA2_ITGB1","COL6A1 - (ITGA2+ITGB1)","COLLAGEN","ECM-Receptor","KEGG: hsa04512"
"FIB2","Endothelial","COL6A1","ITGA2_ITGB1",0.0541825732120478,0,"COL6A1_ITGA2_ITGB1","COL6A1 - (ITGA2+ITGB1)","COLLAGEN","ECM-Receptor","KEGG: hsa04512"
"Endothelial","Endothelial","COL6A2","ITGA2_ITGB1",0.00565284450536869,0,"COL6A2_ITGA2_ITGB1","COL6A2 - (ITGA2+ITGB1)","COLLAGEN","ECM-Receptor","KEGG: hsa04512"
"EVT-progenitor","Endothelial","COL6A2","ITGA2_ITGB1",0.0167689489937459,0,"COL6A2_ITGA2_ITGB1","COL6A2 - (ITGA2+ITGB1)","COLLAGEN","ECM-Receptor","KEGG: hsa04512"
"FIB1","Endothelial","COL6A2","ITGA2_ITGB1",0.0525425314071364,0,"COL6A2_ITGA2_ITGB1","COL6A2 - (ITGA2+ITGB1)","COLLAGEN","ECM-Receptor","KEGG: hsa04512"
"FIB2","Endothelial","COL6A2","ITGA2_ITGB1",0.065929390555106,0,"COL6A2_ITGA2_ITGB1","COL6A2 - (ITGA2+ITGB1)","COLLAGEN","ECM-Receptor","KEGG: hsa04512"
"EVT-progenitor","Endothelial","COL6A3","ITGA2_ITGB1",0.0167689489937459,0,"COL6A3_ITGA2_ITGB1","COL6A3 - (ITGA2+ITGB1)","COLLAGEN","ECM-Receptor","KEGG: hsa04512"
"FIB1","Endothelial","COL6A3","ITGA2_ITGB1",0.0692421707351809,0,"COL6A3_ITGA2_ITGB1","COL6A3 - (ITGA2+ITGB1)","COLLAGEN","ECM-Receptor","KEGG: hsa04512"
"FIB2","Endothelial","COL6A3","ITGA2_ITGB1",0.0528370954437511,0,"COL6A3_ITGA2_ITGB1","COL6A3 - (ITGA2+ITGB1)","COLLAGEN","ECM-Receptor","KEGG: hsa04512"
"FIB1","Endothelial","COL6A6","ITGA2_ITGB1",0.00893001765565665,0,"COL6A6_ITGA2_ITGB1","COL6A6 - (ITGA2+ITGB1)","COLLAGEN","ECM-Receptor","KEGG: hsa04512"
"FIB2","Endothelial","COL6A6","ITGA2_ITGB1",0.00565284450536869,0,"COL6A6_ITGA2_ITGB1","COL6A6 - (ITGA2+ITGB1)","COLLAGEN","ECM-Receptor","KEGG: hsa04512"
"Endothelial","FIB1","FN1","ITGA4_ITGB1",0.0275577030509118,0,"FN1_ITGA4_ITGB1","FN1 - (ITGA4+ITGB1)","FN1","ECM-Receptor","KEGG: hsa04512"
"Erythroblasts","FIB1","FN1","ITGA4_ITGB1",0.00295838797688886,0,"FN1_ITGA4_ITGB1","FN1 - (ITGA4+ITGB1)","FN1","ECM-Receptor","KEGG: hsa04512"
"EVT","FIB1","FN1","ITGA4_ITGB1",0.0584587301447973,0,"FN1_ITGA4_ITGB1","FN1 - (ITGA4+ITGB1)","FN1","ECM-Receptor","KEGG: hsa04512"
"EVT-progenitor","FIB1","FN1","ITGA4_ITGB1",0.0290315532933985,0,"FN1_ITGA4_ITGB1","FN1 - (ITGA4+ITGB1)","FN1","ECM-Receptor","KEGG: hsa04512"
"FIB1","FIB1","FN1","ITGA4_ITGB1",0.0353211223208114,0,"FN1_ITGA4_ITGB1","FN1 - (ITGA4+ITGB1)","FN1","ECM-Receptor","KEGG: hsa04512"
"FIB2","FIB1","FN1","ITGA4_ITGB1",0.0386444280891555,0,"FN1_ITGA4_ITGB1","FN1 - (ITGA4+ITGB1)","FN1","ECM-Receptor","KEGG: hsa04512"
"Hofbauer cells","FIB1","FN1","ITGA4_ITGB1",0.00295838797688886,0,"FN1_ITGA4_ITGB1","FN1 - (ITGA4+ITGB1)","FN1","ECM-Receptor","KEGG: hsa04512"
"STB","FIB1","FN1","ITGA4_ITGB1",0.00295838797688886,0,"FN1_ITGA4_ITGB1","FN1 - (ITGA4+ITGB1)","FN1","ECM-Receptor","KEGG: hsa04512"
"vCTB","FIB1","FN1","ITGA4_ITGB1",0.00295838797688886,0,"FN1_ITGA4_ITGB1","FN1 - (ITGA4+ITGB1)","FN1","ECM-Receptor","KEGG: hsa04512"
"Endothelial","Endothelial","FN1","ITGA5_ITGB1",0.0278769506654386,0,"FN1_ITGA5_ITGB1","FN1 - (ITGA5+ITGB1)","FN1","ECM-Receptor","KEGG: hsa04512"
"Erythroblasts","Endothelial","FN1","ITGA5_ITGB1",0.00299353726281385,0.02,"FN1_ITGA5_ITGB1","FN1 - (ITGA5+ITGB1)","FN1","ECM-Receptor","KEGG: hsa04512"
"EVT","Endothelial","FN1","ITGA5_ITGB1",0.0591141954334168,0,"FN1_ITGA5_ITGB1","FN1 - (ITGA5+ITGB1)","FN1","ECM-Receptor","KEGG: hsa04512"
"EVT-progenitor","Endothelial","FN1","ITGA5_ITGB1",0.0293673593840056,0,"FN1_ITGA5_ITGB1","FN1 - (ITGA5+ITGB1)","FN1","ECM-Receptor","KEGG: hsa04512"
"FIB1","Endothelial","FN1","ITGA5_ITGB1",0.0357270025569355,0,"FN1_ITGA5_ITGB1","FN1 - (ITGA5+ITGB1)","FN1","ECM-Receptor","KEGG: hsa04512"
"FIB2","Endothelial","FN1","ITGA5_ITGB1",0.0390869495937647,0,"FN1_ITGA5_ITGB1","FN1 - (ITGA5+ITGB1)","FN1","ECM-Receptor","KEGG: hsa04512"
"Hofbauer cells","Endothelial","FN1","ITGA5_ITGB1",0.00299353726281385,0.03,"FN1_ITGA5_ITGB1","FN1 - (ITGA5+ITGB1)","FN1","ECM-Receptor","KEGG: hsa04512"
"STB","Endothelial","FN1","ITGA5_ITGB1",0.00299353726281385,0.03,"FN1_ITGA5_ITGB1","FN1 - (ITGA5+ITGB1)","FN1","ECM-Receptor","KEGG: hsa04512"
"vCTB","Endothelial","FN1","ITGA5_ITGB1",0.00299353726281385,0.03,"FN1_ITGA5_ITGB1","FN1 - (ITGA5+ITGB1)","FN1","ECM-Receptor","KEGG: hsa04512"
"Endothelial","EVT","FN1","ITGA5_ITGB1",0.0565341715764753,0,"FN1_ITGA5_ITGB1","FN1 - (ITGA5+ITGB1)","FN1","ECM-Receptor","KEGG: hsa04512"
"Erythroblasts","EVT","FN1","ITGA5_ITGB1",0.00623492532433189,0,"FN1_ITGA5_ITGB1","FN1 - (ITGA5+ITGB1)","FN1","ECM-Receptor","KEGG: hsa04512"
"EVT","EVT","FN1","ITGA5_ITGB1",0.116049587539633,0,"FN1_ITGA5_ITGB1","FN1 - (ITGA5+ITGB1)","FN1","ECM-Receptor","KEGG: hsa04512"
"EVT-progenitor","EVT","FN1","ITGA5_ITGB1",0.059462987974052,0,"FN1_ITGA5_ITGB1","FN1 - (ITGA5+ITGB1)","FN1","ECM-Receptor","KEGG: hsa04512"
"FIB1","EVT","FN1","ITGA5_ITGB1",0.0718574943801782,0,"FN1_ITGA5_ITGB1","FN1 - (ITGA5+ITGB1)","FN1","ECM-Receptor","KEGG: hsa04512"
"FIB2","EVT","FN1","ITGA5_ITGB1",0.0783392836206712,0,"FN1_ITGA5_ITGB1","FN1 - (ITGA5+ITGB1)","FN1","ECM-Receptor","KEGG: hsa04512"
"Hofbauer cells","EVT","FN1","ITGA5_ITGB1",0.00623492532433189,0,"FN1_ITGA5_ITGB1","FN1 - (ITGA5+ITGB1)","FN1","ECM-Receptor","KEGG: hsa04512"
"STB","EVT","FN1","ITGA5_ITGB1",0.00623492532433189,0,"FN1_ITGA5_ITGB1","FN1 - (ITGA5+ITGB1)","FN1","ECM-Receptor","KEGG: hsa04512"
"vCTB","EVT","FN1","ITGA5_ITGB1",0.00623492532433189,0,"FN1_ITGA5_ITGB1","FN1 - (ITGA5+ITGB1)","FN1","ECM-Receptor","KEGG: hsa04512"
"Endothelial","EVT-progenitor","FN1","ITGA5_ITGB1",0.0197997682452008,0,"FN1_ITGA5_ITGB1","FN1 - (ITGA5+ITGB1)","FN1","ECM-Receptor","KEGG: hsa04512"
"Erythroblasts","EVT-progenitor","FN1","ITGA5_ITGB1",0.00211052459364618,0,"FN1_ITGA5_ITGB1","FN1 - (ITGA5+ITGB1)","FN1","ECM-Receptor","KEGG: hsa04512"
"EVT","EVT-progenitor","FN1","ITGA5_ITGB1",0.0423807851814247,0,"FN1_ITGA5_ITGB1","FN1 - (ITGA5+ITGB1)","FN1","ECM-Receptor","KEGG: hsa04512"
"EVT-progenitor","EVT-progenitor","FN1","ITGA5_ITGB1",0.020867609631124,0,"FN1_ITGA5_ITGB1","FN1 - (ITGA5+ITGB1)","FN1","ECM-Receptor","KEGG: hsa04512"
"FIB1","EVT-progenitor","FN1","ITGA5_ITGB1",0.0254348244376888,0,"FN1_ITGA5_ITGB1","FN1 - (ITGA5+ITGB1)","FN1","ECM-Receptor","KEGG: hsa04512"
"FIB2","EVT-progenitor","FN1","ITGA5_ITGB1",0.0278548036627844,0,"FN1_ITGA5_ITGB1","FN1 - (ITGA5+ITGB1)","FN1","ECM-Receptor","KEGG: hsa04512"
"Hofbauer cells","EVT-progenitor","FN1","ITGA5_ITGB1",0.00211052459364618,0,"FN1_ITGA5_ITGB1","FN1 - (ITGA5+ITGB1)","FN1","ECM-Receptor","KEGG: hsa04512"
"STB","EVT-progenitor","FN1","ITGA5_ITGB1",0.00211052459364618,0,"FN1_ITGA5_ITGB1","FN1 - (ITGA5+ITGB1)","FN1","ECM-Receptor","KEGG: hsa04512"
"vCTB","EVT-progenitor","FN1","ITGA5_ITGB1",0.00211052459364618,0,"FN1_ITGA5_ITGB1","FN1 - (ITGA5+ITGB1)","FN1","ECM-Receptor","KEGG: hsa04512"
"Endothelial","STB","FN1","ITGA5_ITGB1",0.0111295874677684,0,"FN1_ITGA5_ITGB1","FN1 - (ITGA5+ITGB1)","FN1","ECM-Receptor","KEGG: hsa04512"
"Erythroblasts","STB","FN1","ITGA5_ITGB1",0.00117703904762372,0,"FN1_ITGA5_ITGB1","FN1 - (ITGA5+ITGB1)","FN1","ECM-Receptor","KEGG: hsa04512"
"EVT","STB","FN1","ITGA5_ITGB1",0.0240653002640264,0,"FN1_ITGA5_ITGB1","FN1 - (ITGA5+ITGB1)","FN1","ECM-Receptor","KEGG: hsa04512"
"EVT-progenitor","STB","FN1","ITGA5_ITGB1",0.0117354268742701,0,"FN1_ITGA5_ITGB1","FN1 - (ITGA5+ITGB1)","FN1","ECM-Receptor","KEGG: hsa04512"
"FIB1","STB","FN1","ITGA5_ITGB1",0.0143331740253541,0,"FN1_ITGA5_ITGB1","FN1 - (ITGA5+ITGB1)","FN1","ECM-Receptor","KEGG: hsa04512"
"FIB2","STB","FN1","ITGA5_ITGB1",0.0157139253661403,0,"FN1_ITGA5_ITGB1","FN1 - (ITGA5+ITGB1)","FN1","ECM-Receptor","KEGG: hsa04512"
"Hofbauer cells","STB","FN1","ITGA5_ITGB1",0.00117703904762372,0,"FN1_ITGA5_ITGB1","FN1 - (ITGA5+ITGB1)","FN1","ECM-Receptor","KEGG: hsa04512"
"STB","STB","FN1","ITGA5_ITGB1",0.00117703904762372,0,"FN1_ITGA5_ITGB1","FN1 - (ITGA5+ITGB1)","FN1","ECM-Receptor","KEGG: hsa04512"
"vCTB","STB","FN1","ITGA5_ITGB1",0.00117703904762372,0,"FN1_ITGA5_ITGB1","FN1 - (ITGA5+ITGB1)","FN1","ECM-Receptor","KEGG: hsa04512"
"Endothelial","Endothelial","LAMA2","ITGA1_ITGB1",0.0286306351520441,0,"LAMA2_ITGA1_ITGB1","LAMA2 - (ITGA1+ITGB1)","LAMININ","ECM-Receptor","KEGG: hsa04512"
"FIB1","Endothelial","LAMA2","ITGA1_ITGB1",0.0554570899288274,0,"LAMA2_ITGA1_ITGB1","LAMA2 - (ITGA1+ITGB1)","LAMININ","ECM-Receptor","KEGG: hsa04512"
"FIB2","Endothelial","LAMA2","ITGA1_ITGB1",0.0592148522624637,0,"LAMA2_ITGA1_ITGB1","LAMA2 - (ITGA1+ITGB1)","LAMININ","ECM-Receptor","KEGG: hsa04512"
"FIB1","Erythroblasts","LAMA2","ITGA1_ITGB1",0.0225245894178627,0.02,"LAMA2_ITGA1_ITGB1","LAMA2 - (ITGA1+ITGB1)","LAMININ","ECM-Receptor","KEGG: hsa04512"
"FIB2","Erythroblasts","LAMA2","ITGA1_ITGB1",0.0241078066457387,0,"LAMA2_ITGA1_ITGB1","LAMA2 - (ITGA1+ITGB1)","LAMININ","ECM-Receptor","KEGG: hsa04512"
"Endothelial","EVT","LAMA2","ITGA1_ITGB1",0.0651164218945512,0,"LAMA2_ITGA1_ITGB1","LAMA2 - (ITGA1+ITGB1)","LAMININ","ECM-Receptor","KEGG: hsa04512"
"EVT-progenitor","EVT","LAMA2","ITGA1_ITGB1",0.0275980825859896,0,"LAMA2_ITGA1_ITGB1","LAMA2 - (ITGA1+ITGB1)","LAMININ","ECM-Receptor","KEGG: hsa04512"
"FIB1","EVT","LAMA2","ITGA1_ITGB1",0.12184137028561,0,"LAMA2_ITGA1_ITGB1","LAMA2 - (ITGA1+ITGB1)","LAMININ","ECM-Receptor","KEGG: hsa04512"
"FIB2","EVT","LAMA2","ITGA1_ITGB1",0.129480694838312,0,"LAMA2_ITGA1_ITGB1","LAMA2 - (ITGA1+ITGB1)","LAMININ","ECM-Receptor","KEGG: hsa04512"
"Endothelial","EVT-progenitor","LAMA2","ITGA1_ITGB1",0.0540407556536898,0,"LAMA2_ITGA1_ITGB1","LAMA2 - (ITGA1+ITGB1)","LAMININ","ECM-Receptor","KEGG: hsa04512"
"EVT-progenitor","EVT-progenitor","LAMA2","ITGA1_ITGB1",0.0227486368861199,0.02,"LAMA2_ITGA1_ITGB1","LAMA2 - (ITGA1+ITGB1)","LAMININ","ECM-Receptor","KEGG: hsa04512"
"FIB1","EVT-progenitor","LAMA2","ITGA1_ITGB1",0.102171797656471,0,"LAMA2_ITGA1_ITGB1","LAMA2 - (ITGA1+ITGB1)","LAMININ","ECM-Receptor","KEGG: hsa04512"
"FIB2","EVT-progenitor","LAMA2","ITGA1_ITGB1",0.108730559033175,0,"LAMA2_ITGA1_ITGB1","LAMA2 - (ITGA1+ITGB1)","LAMININ","ECM-Receptor","KEGG: hsa04512"
"Endothelial","FIB1","LAMA2","ITGA1_ITGB1",0.0757455408783046,0,"LAMA2_ITGA1_ITGB1","LAMA2 - (ITGA1+ITGB1)","LAMININ","ECM-Receptor","KEGG: hsa04512"
"EVT-progenitor","FIB1","LAMA2","ITGA1_ITGB1",0.0323146739465412,0,"LAMA2_ITGA1_ITGB1","LAMA2 - (ITGA1+ITGB1)","LAMININ","ECM-Receptor","KEGG: hsa04512"
"FIB1","FIB1","LAMA2","ITGA1_ITGB1",0.140339879938428,0,"LAMA2_ITGA1_ITGB1","LAMA2 - (ITGA1+ITGB1)","LAMININ","ECM-Receptor","KEGG: hsa04512"
"FIB2","FIB1","LAMA2","ITGA1_ITGB1",0.148942324320605,0,"LAMA2_ITGA1_ITGB1","LAMA2 - (ITGA1+ITGB1)","LAMININ","ECM-Receptor","KEGG: hsa04512"
"Endothelial","FIB2","LAMA2","ITGA1_ITGB1",0.0650255816466963,0,"LAMA2_ITGA1_ITGB1","LAMA2 - (ITGA1+ITGB1)","LAMININ","ECM-Receptor","KEGG: hsa04512"
"EVT-progenitor","FIB2","LAMA2","ITGA1_ITGB1",0.0275580392128529,0,"LAMA2_ITGA1_ITGB1","LAMA2 - (ITGA1+ITGB1)","LAMININ","ECM-Receptor","KEGG: hsa04512"
"FIB1","FIB2","LAMA2","ITGA1_ITGB1",0.121681696080862,0,"LAMA2_ITGA1_ITGB1","LAMA2 - (ITGA1+ITGB1)","LAMININ","ECM-Receptor","KEGG: hsa04512"
"FIB2","FIB2","LAMA2","ITGA1_ITGB1",0.129312483450895,0,"LAMA2_ITGA1_ITGB1","LAMA2 - (ITGA1+ITGB1)","LAMININ","ECM-Receptor","KEGG: hsa04512"
"STB","Endothelial","LAMA3","ITGA1_ITGB1",0.00473635044944005,0,"LAMA3_ITGA1_ITGB1","LAMA3 - (ITGA1+ITGB1)","LAMININ","ECM-Receptor","KEGG: hsa04512"
"STB","Erythroblasts","LAMA3","ITGA1_ITGB1",0.00186427915197974,0,"LAMA3_ITGA1_ITGB1","LAMA3 - (ITGA1+ITGB1)","LAMININ","ECM-Receptor","KEGG: hsa04512"
"STB","EVT","LAMA3","ITGA1_ITGB1",0.0111207826629527,0,"LAMA3_ITGA1_ITGB1","LAMA3 - (ITGA1+ITGB1)","LAMININ","ECM-Receptor","KEGG: hsa04512"
"STB","EVT-progenitor","LAMA3","ITGA1_ITGB1",0.00913946189448532,0,"LAMA3_ITGA1_ITGB1","LAMA3 - (ITGA1+ITGB1)","LAMININ","ECM-Receptor","KEGG: hsa04512"
"STB","FIB1","LAMA3","ITGA1_ITGB1",0.0130591748610297,0,"LAMA3_ITGA1_ITGB1","LAMA3 - (ITGA1+ITGB1)","LAMININ","ECM-Receptor","KEGG: hsa04512"
"STB","FIB2","LAMA3","ITGA1_ITGB1",0.0111043739747354,0,"LAMA3_ITGA1_ITGB1","LAMA3 - (ITGA1+ITGB1)","LAMININ","ECM-Receptor","KEGG: hsa04512"
"EVT","Endothelial","LAMA4","ITGA1_ITGB1",0.016985696910633,0,"LAMA4_ITGA1_ITGB1","LAMA4 - (ITGA1+ITGB1)","LAMININ","ECM-Receptor","KEGG: hsa04512"
"EVT","Erythroblasts","LAMA4","ITGA1_ITGB1",0.00673602785672289,0,"LAMA4_ITGA1_ITGB1","LAMA4 - (ITGA1+ITGB1)","LAMININ","ECM-Receptor","KEGG: hsa04512"
"EVT","EVT","LAMA4","ITGA1_ITGB1",0.0392309612679551,0,"LAMA4_ITGA1_ITGB1","LAMA4 - (ITGA1+ITGB1)","LAMININ","ECM-Receptor","KEGG: hsa04512"
"EVT","EVT-progenitor","LAMA4","ITGA1_ITGB1",0.0324055436807055,0,"LAMA4_ITGA1_ITGB1","LAMA4 - (ITGA1+ITGB1)","LAMININ","ECM-Receptor","KEGG: hsa04512"
"EVT","FIB1","LAMA4","ITGA1_ITGB1",0.045841920327162,0,"LAMA4_ITGA1_ITGB1","LAMA4 - (ITGA1+ITGB1)","LAMININ","ECM-Receptor","KEGG: hsa04512"
"EVT","FIB2","LAMA4","ITGA1_ITGB1",0.0391747191813289,0,"LAMA4_ITGA1_ITGB1","LAMA4 - (ITGA1+ITGB1)","LAMININ","ECM-Receptor","KEGG: hsa04512"
"vCTB","Endothelial","LAMA5","ITGA1_ITGB1",0.00299353726281385,0,"LAMA5_ITGA1_ITGB1","LAMA5 - (ITGA1+ITGB1)","LAMININ","ECM-Receptor","KEGG: hsa04512"
"vCTB","Erythroblasts","LAMA5","ITGA1_ITGB1",0.00117703904762372,0,"LAMA5_ITGA1_ITGB1","LAMA5 - (ITGA1+ITGB1)","LAMININ","ECM-Receptor","KEGG: hsa04512"
"vCTB","EVT","LAMA5","ITGA1_ITGB1",0.00704534924421412,0,"LAMA5_ITGA1_ITGB1","LAMA5 - (ITGA1+ITGB1)","LAMININ","ECM-Receptor","KEGG: hsa04512"
"vCTB","EVT-progenitor","LAMA5","ITGA1_ITGB1",0.00578587479511698,0,"LAMA5_ITGA1_ITGB1","LAMA5 - (ITGA1+ITGB1)","LAMININ","ECM-Receptor","KEGG: hsa04512"
"vCTB","FIB1","LAMA5","ITGA1_ITGB1",0.0082793262836502,0,"LAMA5_ITGA1_ITGB1","LAMA5 - (ITGA1+ITGB1)","LAMININ","ECM-Receptor","KEGG: hsa04512"
"vCTB","FIB2","LAMA5","ITGA1_ITGB1",0.00703491106954838,0,"LAMA5_ITGA1_ITGB1","LAMA5 - (ITGA1+ITGB1)","LAMININ","ECM-Receptor","KEGG: hsa04512"
"FIB2","Endothelial","LAMB1","ITGA1_ITGB1",0.0118675710032039,0.03,"LAMB1_ITGA1_ITGB1","LAMB1 - (ITGA1+ITGB1)","LAMININ","ECM-Receptor","KEGG: hsa04512"
"vCTB","Endothelial","LAMB1","ITGA1_ITGB1",0.0215113635949947,0,"LAMB1_ITGA1_ITGB1","LAMB1 - (ITGA1+ITGB1)","LAMININ","ECM-Receptor","KEGG: hsa04512"
"EVT","EVT","LAMB1","ITGA1_ITGB1",0.0139921191225433,0.02,"LAMB1_ITGA1_ITGB1","LAMB1 - (ITGA1+ITGB1)","LAMININ","ECM-Receptor","KEGG: hsa04512"
"EVT-progenitor","EVT","LAMB1","ITGA1_ITGB1",0.02084236426204,0,"LAMB1_ITGA1_ITGB1","LAMB1 - (ITGA1+ITGB1)","LAMININ","ECM-Receptor","KEGG: hsa04512"
"FIB1","EVT","LAMB1","ITGA1_ITGB1",0.0248055549805882,0,"LAMB1_ITGA1_ITGB1","LAMB1 - (ITGA1+ITGB1)","LAMININ","ECM-Receptor","KEGG: hsa04512"
"FIB2","EVT","LAMB1","ITGA1_ITGB1",0.0275980825859896,0,"LAMB1_ITGA1_ITGB1","LAMB1 - (ITGA1+ITGB1)","LAMININ","ECM-Receptor","KEGG: hsa04512"
"vCTB","EVT","LAMB1","ITGA1_ITGB1",0.0493858838538842,0,"LAMB1_ITGA1_ITGB1","LAMB1 - (ITGA1+ITGB1)","LAMININ","ECM-Receptor","KEGG: hsa04512"
"EVT-progenitor","EVT-progenitor","LAMB1","ITGA1_ITGB1",0.017159063993614,0,"LAMB1_ITGA1_ITGB1","LAMB1 - (ITGA1+ITGB1)","LAMININ","ECM-Receptor","KEGG: hsa04512"
"FIB1","EVT-progenitor","LAMB1","ITGA1_ITGB1",0.0204364905170231,0,"LAMB1_ITGA1_ITGB1","LAMB1 - (ITGA1+ITGB1)","LAMININ","ECM-Receptor","KEGG: hsa04512"
"FIB2","EVT-progenitor","LAMB1","ITGA1_ITGB1",0.0227486368861199,0,"LAMB1_ITGA1_ITGB1","LAMB1 - (ITGA1+ITGB1)","LAMININ","ECM-Receptor","KEGG: hsa04512"
"vCTB","EVT-progenitor","LAMB1","ITGA1_ITGB1",0.0408688626803387,0,"LAMB1_ITGA1_ITGB1","LAMB1 - (ITGA1+ITGB1)","LAMININ","ECM-Receptor","KEGG: hsa04512"
"EVT","FIB1","LAMB1","ITGA1_ITGB1",0.0164226838095876,0,"LAMB1_ITGA1_ITGB1","LAMB1 - (ITGA1+ITGB1)","LAMININ","ECM-Receptor","KEGG: hsa04512"
"EVT-progenitor","FIB1","LAMB1","ITGA1_ITGB1",0.0244333947561439,0,"LAMB1_ITGA1_ITGB1","LAMB1 - (ITGA1+ITGB1)","LAMININ","ECM-Receptor","KEGG: hsa04512"
"FIB1","FIB1","LAMB1","ITGA1_ITGB1",0.0290591574931032,0,"LAMB1_ITGA1_ITGB1","LAMB1 - (ITGA1+ITGB1)","LAMININ","ECM-Receptor","KEGG: hsa04512"
"FIB2","FIB1","LAMB1","ITGA1_ITGB1",0.0323146739465412,0,"LAMB1_ITGA1_ITGB1","LAMB1 - (ITGA1+ITGB1)","LAMININ","ECM-Receptor","KEGG: hsa04512"
"vCTB","FIB1","LAMB1","ITGA1_ITGB1",0.0576054854158641,0,"LAMB1_ITGA1_ITGB1","LAMB1 - (ITGA1+ITGB1)","LAMININ","ECM-Receptor","KEGG: hsa04512"
"EVT","FIB2","LAMB1","ITGA1_ITGB1",0.0139715336424171,0,"LAMB1_ITGA1_ITGB1","LAMB1 - (ITGA1+ITGB1)","LAMININ","ECM-Receptor","KEGG: hsa04512"
"EVT-progenitor","FIB2","LAMB1","ITGA1_ITGB1",0.0208119132902766,0,"LAMB1_ITGA1_ITGB1","LAMB1 - (ITGA1+ITGB1)","LAMININ","ECM-Receptor","KEGG: hsa04512"
"FIB1","FIB2","LAMB1","ITGA1_ITGB1",0.0247694602092578,0,"LAMB1_ITGA1_ITGB1","LAMB1 - (ITGA1+ITGB1)","LAMININ","ECM-Receptor","KEGG: hsa04512"
"FIB2","FIB2","LAMB1","ITGA1_ITGB1",0.0275580392128529,0,"LAMB1_ITGA1_ITGB1","LAMB1 - (ITGA1+ITGB1)","LAMININ","ECM-Receptor","KEGG: hsa04512"
"vCTB","FIB2","LAMB1","ITGA1_ITGB1",0.0493158307880693,0,"LAMB1_ITGA1_ITGB1","LAMB1 - (ITGA1+ITGB1)","LAMININ","ECM-Receptor","KEGG: hsa04512"
"Endothelial","Endothelial","LAMB2","ITGA1_ITGB1",0.000750068333833703,0,"LAMB2_ITGA1_ITGB1","LAMB2 - (ITGA1+ITGB1)","LAMININ","ECM-Receptor","KEGG: hsa04512"
"FIB2","Endothelial","LAMB2","ITGA1_ITGB1",0.00299353726281385,0,"LAMB2_ITGA1_ITGB1","LAMB2 - (ITGA1+ITGB1)","LAMININ","ECM-Receptor","KEGG: hsa04512"
"Endothelial","Erythroblasts","LAMB2","ITGA1_ITGB1",0.000294519757847392,0,"LAMB2_ITGA1_ITGB1","LAMB2 - (ITGA1+ITGB1)","LAMININ","ECM-Receptor","KEGG: hsa04512"
"FIB2","Erythroblasts","LAMB2","ITGA1_ITGB1",0.00117703904762372,0,"LAMB2_ITGA1_ITGB1","LAMB2 - (ITGA1+ITGB1)","LAMININ","ECM-Receptor","KEGG: hsa04512"
"Endothelial","EVT","LAMB2","ITGA1_ITGB1",0.00177069367757581,0,"LAMB2_ITGA1_ITGB1","LAMB2 - (ITGA1+ITGB1)","LAMININ","ECM-Receptor","KEGG: hsa04512"
"FIB2","EVT","LAMB2","ITGA1_ITGB1",0.00704534924421412,0,"LAMB2_ITGA1_ITGB1","LAMB2 - (ITGA1+ITGB1)","LAMININ","ECM-Receptor","KEGG: hsa04512"
"Endothelial","EVT-progenitor","LAMB2","ITGA1_ITGB1",0.00145277287022891,0,"LAMB2_ITGA1_ITGB1","LAMB2 - (ITGA1+ITGB1)","LAMININ","ECM-Receptor","KEGG: hsa04512"
"FIB2","EVT-progenitor","LAMB2","ITGA1_ITGB1",0.00578587479511698,0,"LAMB2_ITGA1_ITGB1","LAMB2 - (ITGA1+ITGB1)","LAMININ","ECM-Receptor","KEGG: hsa04512"
"Endothelial","FIB1","LAMB2","ITGA1_ITGB1",0.0020827644859761,0,"LAMB2_ITGA1_ITGB1","LAMB2 - (ITGA1+ITGB1)","LAMININ","ECM-Receptor","KEGG: hsa04512"
"FIB2","FIB1","LAMB2","ITGA1_ITGB1",0.0082793262836502,0,"LAMB2_ITGA1_ITGB1","LAMB2 - (ITGA1+ITGB1)","LAMININ","ECM-Receptor","KEGG: hsa04512"
"Endothelial","FIB2","LAMB2","ITGA1_ITGB1",0.0017680563568142,0,"LAMB2_ITGA1_ITGB1","LAMB2 - (ITGA1+ITGB1)","LAMININ","ECM-Receptor","KEGG: hsa04512"
"FIB2","FIB2","LAMB2","ITGA1_ITGB1",0.00703491106954838,0,"LAMB2_ITGA1_ITGB1","LAMB2 - (ITGA1+ITGB1)","LAMININ","ECM-Receptor","KEGG: hsa04512"
"Endothelial","Endothelial","LAMC1","ITGA1_ITGB1",0.0191192818757316,0,"LAMC1_ITGA1_ITGB1","LAMC1 - (ITGA1+ITGB1)","LAMININ","ECM-Receptor","KEGG: hsa04512"
"FIB2","Endothelial","LAMC1","ITGA1_ITGB1",0.0191192818757316,0,"LAMC1_ITGA1_ITGB1","LAMC1 - (ITGA1+ITGB1)","LAMININ","ECM-Receptor","KEGG: hsa04512"
"vCTB","Endothelial","LAMC1","ITGA1_ITGB1",0.0191192818757316,0,"LAMC1_ITGA1_ITGB1","LAMC1 - (ITGA1+ITGB1)","LAMININ","ECM-Receptor","KEGG: hsa04512"
"Endothelial","EVT","LAMC1","ITGA1_ITGB1",0.044033622373419,0,"LAMC1_ITGA1_ITGB1","LAMC1 - (ITGA1+ITGB1)","LAMININ","ECM-Receptor","KEGG: hsa04512"
"EVT","EVT","LAMC1","ITGA1_ITGB1",0.02084236426204,0.01,"LAMC1_ITGA1_ITGB1","LAMC1 - (ITGA1+ITGB1)","LAMININ","ECM-Receptor","KEGG: hsa04512"
"EVT-progenitor","EVT","LAMC1","ITGA1_ITGB1",0.0275980825859896,0,"LAMC1_ITGA1_ITGB1","LAMC1 - (ITGA1+ITGB1)","LAMININ","ECM-Receptor","KEGG: hsa04512"
"FIB1","EVT","LAMC1","ITGA1_ITGB1",0.0275980825859896,0,"LAMC1_ITGA1_ITGB1","LAMC1 - (ITGA1+ITGB1)","LAMININ","ECM-Receptor","KEGG: hsa04512"
"FIB2","EVT","LAMC1","ITGA1_ITGB1",0.044033622373419,0,"LAMC1_ITGA1_ITGB1","LAMC1 - (ITGA1+ITGB1)","LAMININ","ECM-Receptor","KEGG: hsa04512"
"vCTB","EVT","LAMC1","ITGA1_ITGB1",0.044033622373419,0,"LAMC1_ITGA1_ITGB1","LAMC1 - (ITGA1+ITGB1)","LAMININ","ECM-Receptor","KEGG: hsa04512"
"Endothelial","EVT-progenitor","LAMC1","ITGA1_ITGB1",0.0364042963382868,0,"LAMC1_ITGA1_ITGB1","LAMC1 - (ITGA1+ITGB1)","LAMININ","ECM-Receptor","KEGG: hsa04512"
"EVT","EVT-progenitor","LAMC1","ITGA1_ITGB1",0.017159063993614,0.01,"LAMC1_ITGA1_ITGB1","LAMC1 - (ITGA1+ITGB1)","LAMININ","ECM-Receptor","KEGG: hsa04512"
"EVT-progenitor","EVT-progenitor","LAMC1","ITGA1_ITGB1",0.0227486368861199,0,"LAMC1_ITGA1_ITGB1","LAMC1 - (ITGA1+ITGB1)","LAMININ","ECM-Receptor","KEGG: hsa04512"
"FIB1","EVT-progenitor","LAMC1","ITGA1_ITGB1",0.0227486368861199,0,"LAMC1_ITGA1_ITGB1","LAMC1 - (ITGA1+ITGB1)","LAMININ","ECM-Receptor","KEGG: hsa04512"
"FIB2","EVT-progenitor","LAMC1","ITGA1_ITGB1",0.0364042963382868,0,"LAMC1_ITGA1_ITGB1","LAMC1 - (ITGA1+ITGB1)","LAMININ","ECM-Receptor","KEGG: hsa04512"
"vCTB","EVT-progenitor","LAMC1","ITGA1_ITGB1",0.0364042963382868,0,"LAMC1_ITGA1_ITGB1","LAMC1 - (ITGA1+ITGB1)","LAMININ","ECM-Receptor","KEGG: hsa04512"
"Endothelial","FIB1","LAMC1","ITGA1_ITGB1",0.0514105898943089,0,"LAMC1_ITGA1_ITGB1","LAMC1 - (ITGA1+ITGB1)","LAMININ","ECM-Receptor","KEGG: hsa04512"
"EVT","FIB1","LAMC1","ITGA1_ITGB1",0.0244333947561439,0,"LAMC1_ITGA1_ITGB1","LAMC1 - (ITGA1+ITGB1)","LAMININ","ECM-Receptor","KEGG: hsa04512"
"EVT-progenitor","FIB1","LAMC1","ITGA1_ITGB1",0.0323146739465412,0,"LAMC1_ITGA1_ITGB1","LAMC1 - (ITGA1+ITGB1)","LAMININ","ECM-Receptor","KEGG: hsa04512"
"FIB1","FIB1","LAMC1","ITGA1_ITGB1",0.0323146739465412,0,"LAMC1_ITGA1_ITGB1","LAMC1 - (ITGA1+ITGB1)","LAMININ","ECM-Receptor","KEGG: hsa04512"
"FIB2","FIB1","LAMC1","ITGA1_ITGB1",0.0514105898943089,0,"LAMC1_ITGA1_ITGB1","LAMC1 - (ITGA1+ITGB1)","LAMININ","ECM-Receptor","KEGG: hsa04512"
"vCTB","FIB1","LAMC1","ITGA1_ITGB1",0.0514105898943089,0,"LAMC1_ITGA1_ITGB1","LAMC1 - (ITGA1+ITGB1)","LAMININ","ECM-Receptor","KEGG: hsa04512"
"Endothelial","FIB2","LAMC1","ITGA1_ITGB1",0.0439708102290924,0,"LAMC1_ITGA1_ITGB1","LAMC1 - (ITGA1+ITGB1)","LAMININ","ECM-Receptor","KEGG: hsa04512"
"EVT","FIB2","LAMC1","ITGA1_ITGB1",0.0208119132902766,0,"LAMC1_ITGA1_ITGB1","LAMC1 - (ITGA1+ITGB1)","LAMININ","ECM-Receptor","KEGG: hsa04512"
"EVT-progenitor","FIB2","LAMC1","ITGA1_ITGB1",0.0275580392128529,0,"LAMC1_ITGA1_ITGB1","LAMC1 - (ITGA1+ITGB1)","LAMININ","ECM-Receptor","KEGG: hsa04512"
"FIB1","FIB2","LAMC1","ITGA1_ITGB1",0.0275580392128529,0,"LAMC1_ITGA1_ITGB1","LAMC1 - (ITGA1+ITGB1)","LAMININ","ECM-Receptor","KEGG: hsa04512"
"FIB2","FIB2","LAMC1","ITGA1_ITGB1",0.0439708102290924,0,"LAMC1_ITGA1_ITGB1","LAMC1 - (ITGA1+ITGB1)","LAMININ","ECM-Receptor","KEGG: hsa04512"
"vCTB","FIB2","LAMC1","ITGA1_ITGB1",0.0439708102290924,0,"LAMC1_ITGA1_ITGB1","LAMC1 - (ITGA1+ITGB1)","LAMININ","ECM-Receptor","KEGG: hsa04512"
"FIB1","Endothelial","LAMC3","ITGA1_ITGB1",0.016221938114366,0,"LAMC3_ITGA1_ITGB1","LAMC3 - (ITGA1+ITGB1)","LAMININ","ECM-Receptor","KEGG: hsa04512"
"FIB2","Endothelial","LAMC3","ITGA1_ITGB1",0.0106493125178522,0,"LAMC3_ITGA1_ITGB1","LAMC3 - (ITGA1+ITGB1)","LAMININ","ECM-Receptor","KEGG: hsa04512"
"FIB1","Erythroblasts","LAMC3","ITGA1_ITGB1",0.00643012889060313,0,"LAMC3_ITGA1_ITGB1","LAMC3 - (ITGA1+ITGB1)","LAMININ","ECM-Receptor","KEGG: hsa04512"
"FIB2","Erythroblasts","LAMC3","ITGA1_ITGB1",0.00420684110529632,0,"LAMC3_ITGA1_ITGB1","LAMC3 - (ITGA1+ITGB1)","LAMININ","ECM-Receptor","KEGG: hsa04512"
"FIB1","EVT","LAMC3","ITGA1_ITGB1",0.0375051110458111,0,"LAMC3_ITGA1_ITGB1","LAMC3 - (ITGA1+ITGB1)","LAMININ","ECM-Receptor","KEGG: hsa04512"
"FIB2","EVT","LAMC3","ITGA1_ITGB1",0.0248055549805882,0,"LAMC3_ITGA1_ITGB1","LAMC3 - (ITGA1+ITGB1)","LAMININ","ECM-Receptor","KEGG: hsa04512"
"FIB1","EVT-progenitor","LAMC3","ITGA1_ITGB1",0.0309702785599338,0,"LAMC3_ITGA1_ITGB1","LAMC3 - (ITGA1+ITGB1)","LAMININ","ECM-Receptor","KEGG: hsa04512"
"FIB2","EVT-progenitor","LAMC3","ITGA1_ITGB1",0.0204364905170231,0,"LAMC3_ITGA1_ITGB1","LAMC3 - (ITGA1+ITGB1)","LAMININ","ECM-Receptor","KEGG: hsa04512"
"FIB1","FIB1","LAMC3","ITGA1_ITGB1",0.0438385106323173,0,"LAMC3_ITGA1_ITGB1","LAMC3 - (ITGA1+ITGB1)","LAMININ","ECM-Receptor","KEGG: hsa04512"
"FIB2","FIB1","LAMC3","ITGA1_ITGB1",0.0290591574931032,0,"LAMC3_ITGA1_ITGB1","LAMC3 - (ITGA1+ITGB1)","LAMININ","ECM-Receptor","KEGG: hsa04512"
"FIB1","FIB2","LAMC3","ITGA1_ITGB1",0.0374512467179055,0,"LAMC3_ITGA1_ITGB1","LAMC3 - (ITGA1+ITGB1)","LAMININ","ECM-Receptor","KEGG: hsa04512"
"FIB2","FIB2","LAMC3","ITGA1_ITGB1",0.0247694602092578,0,"LAMC3_ITGA1_ITGB1","LAMC3 - (ITGA1+ITGB1)","LAMININ","ECM-Receptor","KEGG: hsa04512"
"Endothelial","Endothelial","LAMA2","ITGA2_ITGB1",0.0528572227542084,0,"LAMA2_ITGA2_ITGB1","LAMA2 - (ITGA2+ITGB1)","LAMININ","ECM-Receptor","KEGG: hsa04512"
"Erythroblasts","Endothelial","LAMA2","ITGA2_ITGB1",0.00565284450536869,0,"LAMA2_ITGA2_ITGB1","LAMA2 - (ITGA2+ITGB1)","LAMININ","ECM-Receptor","KEGG: hsa04512"
"EVT-progenitor","Endothelial","LAMA2","ITGA2_ITGB1",0.0222343166179024,0,"LAMA2_ITGA2_ITGB1","LAMA2 - (ITGA2+ITGB1)","LAMININ","ECM-Receptor","KEGG: hsa04512"
"FIB1","Endothelial","LAMA2","ITGA2_ITGB1",0.100045642330164,0,"LAMA2_ITGA2_ITGB1","LAMA2 - (ITGA2+ITGB1)","LAMININ","ECM-Receptor","KEGG: hsa04512"
"FIB2","Endothelial","LAMA2","ITGA2_ITGB1",0.106484105845046,0,"LAMA2_ITGA2_ITGB1","LAMA2 - (ITGA2+ITGB1)","LAMININ","ECM-Receptor","KEGG: hsa04512"
"Hofbauer cells","Endothelial","LAMA2","ITGA2_ITGB1",0.00565284450536869,0,"LAMA2_ITGA2_ITGB1","LAMA2 - (ITGA2+ITGB1)","LAMININ","ECM-Receptor","KEGG: hsa04512"
"STB","Endothelial","LAMA2","ITGA2_ITGB1",0.00565284450536869,0,"LAMA2_ITGA2_ITGB1","LAMA2 - (ITGA2+ITGB1)","LAMININ","ECM-Receptor","KEGG: hsa04512"
"vCTB","Endothelial","LAMA2","ITGA2_ITGB1",0.00565284450536869,0,"LAMA2_ITGA2_ITGB1","LAMA2 - (ITGA2+ITGB1)","LAMININ","ECM-Receptor","KEGG: hsa04512"
"STB","Endothelial","LAMA3","ITGA2_ITGB1",0.00893001765565665,0,"LAMA3_ITGA2_ITGB1","LAMA3 - (ITGA2+ITGB1)","LAMININ","ECM-Receptor","KEGG: hsa04512"
"EVT","Endothelial","LAMA4","ITGA2_ITGB1",0.0316799697045335,0,"LAMA4_ITGA2_ITGB1","LAMA4 - (ITGA2+ITGB1)","LAMININ","ECM-Receptor","KEGG: hsa04512"
"vCTB","Endothelial","LAMA5","ITGA2_ITGB1",0.00565284450536869,0,"LAMA5_ITGA2_ITGB1","LAMA5 - (ITGA2+ITGB1)","LAMININ","ECM-Receptor","KEGG: hsa04512"
"Erythroblasts","Endothelial","LAMB1","ITGA2_ITGB1",0.00565284450536869,0,"LAMB1_ITGA2_ITGB1","LAMB1 - (ITGA2+ITGB1)","LAMININ","ECM-Receptor","KEGG: hsa04512"
"EVT","Endothelial","LAMB1","ITGA2_ITGB1",0.0112421389473602,0,"LAMB1_ITGA2_ITGB1","LAMB1 - (ITGA2+ITGB1)","LAMININ","ECM-Receptor","KEGG: hsa04512"
"EVT-progenitor","Endothelial","LAMB1","ITGA2_ITGB1",0.0167689489937459,0,"LAMB1_ITGA2_ITGB1","LAMB1 - (ITGA2+ITGB1)","LAMININ","ECM-Receptor","KEGG: hsa04512"
"FIB1","Endothelial","LAMB1","ITGA2_ITGB1",0.0199733767816566,0,"LAMB1_ITGA2_ITGB1","LAMB1 - (ITGA2+ITGB1)","LAMININ","ECM-Receptor","KEGG: hsa04512"
"FIB2","Endothelial","LAMB1","ITGA2_ITGB1",0.0222343166179024,0,"LAMB1_ITGA2_ITGB1","LAMB1 - (ITGA2+ITGB1)","LAMININ","ECM-Receptor","KEGG: hsa04512"
"vCTB","Endothelial","LAMB1","ITGA2_ITGB1",0.039961617606948,0,"LAMB1_ITGA2_ITGB1","LAMB1 - (ITGA2+ITGB1)","LAMININ","ECM-Receptor","KEGG: hsa04512"
"Endothelial","Endothelial","LAMB2","ITGA2_ITGB1",0.0014192281333086,0,"LAMB2_ITGA2_ITGB1","LAMB2 - (ITGA2+ITGB1)","LAMININ","ECM-Receptor","KEGG: hsa04512"
"FIB2","Endothelial","LAMB2","ITGA2_ITGB1",0.00565284450536869,0,"LAMB2_ITGA2_ITGB1","LAMB2 - (ITGA2+ITGB1)","LAMININ","ECM-Receptor","KEGG: hsa04512"
"Endothelial","Endothelial","LAMC1","ITGA2_ITGB1",0.0355924820364018,0,"LAMC1_ITGA2_ITGB1","LAMC1 - (ITGA2+ITGB1)","LAMININ","ECM-Receptor","KEGG: hsa04512"
"Erythroblasts","Endothelial","LAMC1","ITGA2_ITGB1",0.00565284450536869,0,"LAMC1_ITGA2_ITGB1","LAMC1 - (ITGA2+ITGB1)","LAMININ","ECM-Receptor","KEGG: hsa04512"
"EVT","Endothelial","LAMC1","ITGA2_ITGB1",0.0167689489937459,0,"LAMC1_ITGA2_ITGB1","LAMC1 - (ITGA2+ITGB1)","LAMININ","ECM-Receptor","KEGG: hsa04512"
"EVT-progenitor","Endothelial","LAMC1","ITGA2_ITGB1",0.0222343166179024,0,"LAMC1_ITGA2_ITGB1","LAMC1 - (ITGA2+ITGB1)","LAMININ","ECM-Receptor","KEGG: hsa04512"
"FIB1","Endothelial","LAMC1","ITGA2_ITGB1",0.0222343166179024,0,"LAMC1_ITGA2_ITGB1","LAMC1 - (ITGA2+ITGB1)","LAMININ","ECM-Receptor","KEGG: hsa04512"
"FIB2","Endothelial","LAMC1","ITGA2_ITGB1",0.0355924820364018,0,"LAMC1_ITGA2_ITGB1","LAMC1 - (ITGA2+ITGB1)","LAMININ","ECM-Receptor","KEGG: hsa04512"
"Hofbauer cells","Endothelial","LAMC1","ITGA2_ITGB1",0.00565284450536869,0,"LAMC1_ITGA2_ITGB1","LAMC1 - (ITGA2+ITGB1)","LAMININ","ECM-Receptor","KEGG: hsa04512"
"STB","Endothelial","LAMC1","ITGA2_ITGB1",0.00565284450536869,0,"LAMC1_ITGA2_ITGB1","LAMC1 - (ITGA2+ITGB1)","LAMININ","ECM-Receptor","KEGG: hsa04512"
"STB-progenitor","Endothelial","LAMC1","ITGA2_ITGB1",0.00565284450536869,0,"LAMC1_ITGA2_ITGB1","LAMC1 - (ITGA2+ITGB1)","LAMININ","ECM-Receptor","KEGG: hsa04512"
"vCTB","Endothelial","LAMC1","ITGA2_ITGB1",0.0355924820364018,0,"LAMC1_ITGA2_ITGB1","LAMC1 - (ITGA2+ITGB1)","LAMININ","ECM-Receptor","KEGG: hsa04512"
"FIB1","Endothelial","LAMC3","ITGA2_ITGB1",0.0302758352481823,0,"LAMC3_ITGA2_ITGB1","LAMC3 - (ITGA2+ITGB1)","LAMININ","ECM-Receptor","KEGG: hsa04512"
"FIB2","Endothelial","LAMC3","ITGA2_ITGB1",0.0199733767816566,0,"LAMC3_ITGA2_ITGB1","LAMC3 - (ITGA2+ITGB1)","LAMININ","ECM-Receptor","KEGG: hsa04512"
"Endothelial","vCTB","LAMA2","ITGA6_ITGB1",0.0474394098882509,0,"LAMA2_ITGA6_ITGB1","LAMA2 - (ITGA6+ITGB1)","LAMININ","ECM-Receptor","KEGG: hsa04512"
"Erythroblasts","vCTB","LAMA2","ITGA6_ITGB1",0.0050476480546821,0.04,"LAMA2_ITGA6_ITGB1","LAMA2 - (ITGA6+ITGB1)","LAMININ","ECM-Receptor","KEGG: hsa04512"
"EVT-progenitor","vCTB","LAMA2","ITGA6_ITGB1",0.0198894080235715,0,"LAMA2_ITGA6_ITGB1","LAMA2 - (ITGA6+ITGB1)","LAMININ","ECM-Receptor","KEGG: hsa04512"
"FIB1","vCTB","LAMA2","ITGA6_ITGB1",0.0902519521930529,0,"LAMA2_ITGA6_ITGB1","LAMA2 - (ITGA6+ITGB1)","LAMININ","ECM-Receptor","KEGG: hsa04512"
"FIB2","vCTB","LAMA2","ITGA6_ITGB1",0.0961274622768862,0,"LAMA2_ITGA6_ITGB1","LAMA2 - (ITGA6+ITGB1)","LAMININ","ECM-Receptor","KEGG: hsa04512"
"Hofbauer cells","vCTB","LAMA2","ITGA6_ITGB1",0.0050476480546821,0.04,"LAMA2_ITGA6_ITGB1","LAMA2 - (ITGA6+ITGB1)","LAMININ","ECM-Receptor","KEGG: hsa04512"
"vCTB","vCTB","LAMA2","ITGA6_ITGB1",0.0050476480546821,0.04,"LAMA2_ITGA6_ITGB1","LAMA2 - (ITGA6+ITGB1)","LAMININ","ECM-Receptor","KEGG: hsa04512"
"STB","vCTB","LAMA3","ITGA6_ITGB1",0.00797677996631978,0,"LAMA3_ITGA6_ITGB1","LAMA3 - (ITGA6+ITGB1)","LAMININ","ECM-Receptor","KEGG: hsa04512"
"EVT","vCTB","LAMA4","ITGA6_ITGB1",0.0283677913825195,0,"LAMA4_ITGA6_ITGB1","LAMA4 - (ITGA6+ITGB1)","LAMININ","ECM-Receptor","KEGG: hsa04512"
"vCTB","vCTB","LAMA5","ITGA6_ITGB1",0.0050476480546821,0,"LAMA5_ITGA6_ITGB1","LAMA5 - (ITGA6+ITGB1)","LAMININ","ECM-Receptor","KEGG: hsa04512"
"Erythroblasts","vCTB","LAMB1","ITGA6_ITGB1",0.0050476480546821,0.03,"LAMB1_ITGA6_ITGB1","LAMB1 - (ITGA6+ITGB1)","LAMININ","ECM-Receptor","KEGG: hsa04512"
"EVT","vCTB","LAMB1","ITGA6_ITGB1",0.0100445945313181,0,"LAMB1_ITGA6_ITGB1","LAMB1 - (ITGA6+ITGB1)","LAMININ","ECM-Receptor","KEGG: hsa04512"
"EVT-progenitor","vCTB","LAMB1","ITGA6_ITGB1",0.0149915995276616,0,"LAMB1_ITGA6_ITGB1","LAMB1 - (ITGA6+ITGB1)","LAMININ","ECM-Receptor","KEGG: hsa04512"
"FIB1","vCTB","LAMB1","ITGA6_ITGB1",0.0178625586678678,0,"LAMB1_ITGA6_ITGB1","LAMB1 - (ITGA6+ITGB1)","LAMININ","ECM-Receptor","KEGG: hsa04512"
"FIB2","vCTB","LAMB1","ITGA6_ITGB1",0.0198894080235715,0,"LAMB1_ITGA6_ITGB1","LAMB1 - (ITGA6+ITGB1)","LAMININ","ECM-Receptor","KEGG: hsa04512"
"vCTB","vCTB","LAMB1","ITGA6_ITGB1",0.0358156089338616,0,"LAMB1_ITGA6_ITGB1","LAMB1 - (ITGA6+ITGB1)","LAMININ","ECM-Receptor","KEGG: hsa04512"
"Endothelial","vCTB","LAMB2","ITGA6_ITGB1",0.00126670743365553,0,"LAMB2_ITGA6_ITGB1","LAMB2 - (ITGA6+ITGB1)","LAMININ","ECM-Receptor","KEGG: hsa04512"
"FIB2","vCTB","LAMB2","ITGA6_ITGB1",0.0050476480546821,0,"LAMB2_ITGA6_ITGB1","LAMB2 - (ITGA6+ITGB1)","LAMININ","ECM-Receptor","KEGG: hsa04512"
"Endothelial","vCTB","LAMC1","ITGA6_ITGB1",0.0318847153216607,0,"LAMC1_ITGA6_ITGB1","LAMC1 - (ITGA6+ITGB1)","LAMININ","ECM-Receptor","KEGG: hsa04512"
"Erythroblasts","vCTB","LAMC1","ITGA6_ITGB1",0.0050476480546821,0.04,"LAMC1_ITGA6_ITGB1","LAMC1 - (ITGA6+ITGB1)","LAMININ","ECM-Receptor","KEGG: hsa04512"
"EVT","vCTB","LAMC1","ITGA6_ITGB1",0.0149915995276616,0,"LAMC1_ITGA6_ITGB1","LAMC1 - (ITGA6+ITGB1)","LAMININ","ECM-Receptor","KEGG: hsa04512"
"EVT-progenitor","vCTB","LAMC1","ITGA6_ITGB1",0.0198894080235715,0,"LAMC1_ITGA6_ITGB1","LAMC1 - (ITGA6+ITGB1)","LAMININ","ECM-Receptor","KEGG: hsa04512"
"FIB1","vCTB","LAMC1","ITGA6_ITGB1",0.0198894080235715,0,"LAMC1_ITGA6_ITGB1","LAMC1 - (ITGA6+ITGB1)","LAMININ","ECM-Receptor","KEGG: hsa04512"
"FIB2","vCTB","LAMC1","ITGA6_ITGB1",0.0318847153216607,0,"LAMC1_ITGA6_ITGB1","LAMC1 - (ITGA6+ITGB1)","LAMININ","ECM-Receptor","KEGG: hsa04512"
"vCTB","vCTB","LAMC1","ITGA6_ITGB1",0.0318847153216607,0,"LAMC1_ITGA6_ITGB1","LAMC1 - (ITGA6+ITGB1)","LAMININ","ECM-Receptor","KEGG: hsa04512"
"FIB1","vCTB","LAMC3","ITGA6_ITGB1",0.0271063513375167,0,"LAMC3_ITGA6_ITGB1","LAMC3 - (ITGA6+ITGB1)","LAMININ","ECM-Receptor","KEGG: hsa04512"
"FIB2","vCTB","LAMC3","ITGA6_ITGB1",0.0178625586678678,0,"LAMC3_ITGA6_ITGB1","LAMC3 - (ITGA6+ITGB1)","LAMININ","ECM-Receptor","KEGG: hsa04512"
"FIB2","Endothelial","TNXB","ITGA9_ITGB1",0.00299353726281385,0,"TNXB_ITGA9_ITGB1","TNXB - (ITGA9+ITGB1)","TENASCIN","ECM-Receptor","KEGG: hsa04512"
"FIB2","FIB1","TNXB","ITGA9_ITGB1",0.00572913242708251,0,"TNXB_ITGA9_ITGB1","TNXB - (ITGA9+ITGB1)","TENASCIN","ECM-Receptor","KEGG: hsa04512"
"FIB2","Hofbauer cells","TNXB","ITGA9_ITGB1",0.00367159107307641,0,"TNXB_ITGA9_ITGB1","TNXB - (ITGA9+ITGB1)","TENASCIN","ECM-Receptor","KEGG: hsa04512"
"Erythroblasts","Endothelial","COL1A1","ITGA9_ITGB1",0.00299353726281385,0,"COL1A1_ITGA9_ITGB1","COL1A1 - (ITGA9+ITGB1)","COLLAGEN","ECM-Receptor","KEGG: hsa04512"
"EVT-progenitor","Endothelial","COL1A1","ITGA9_ITGB1",0.00892716419112676,0,"COL1A1_ITGA9_ITGB1","COL1A1 - (ITGA9+ITGB1)","COLLAGEN","ECM-Receptor","KEGG: hsa04512"
"FIB1","Endothelial","COL1A1","ITGA9_ITGB1",0.0229048512077321,0,"COL1A1_ITGA9_ITGB1","COL1A1 - (ITGA9+ITGB1)","COLLAGEN","ECM-Receptor","KEGG: hsa04512"
"FIB2","Endothelial","COL1A1","ITGA9_ITGB1",0.039652728200046,0,"COL1A1_ITGA9_ITGB1","COL1A1 - (ITGA9+ITGB1)","COLLAGEN","ECM-Receptor","KEGG: hsa04512"
"Erythroblasts","FIB1","COL1A1","ITGA9_ITGB1",0.00572913242708251,0,"COL1A1_ITGA9_ITGB1","COL1A1 - (ITGA9+ITGB1)","COLLAGEN","ECM-Receptor","KEGG: hsa04512"
"EVT-progenitor","FIB1","COL1A1","ITGA9_ITGB1",0.0169926905325408,0,"COL1A1_ITGA9_ITGB1","COL1A1 - (ITGA9+ITGB1)","COLLAGEN","ECM-Receptor","KEGG: hsa04512"
"FIB1","FIB1","COL1A1","ITGA9_ITGB1",0.0430503946248052,0,"COL1A1_ITGA9_ITGB1","COL1A1 - (ITGA9+ITGB1)","COLLAGEN","ECM-Receptor","KEGG: hsa04512"
"FIB2","FIB1","COL1A1","ITGA9_ITGB1",0.0734216853690282,0,"COL1A1_ITGA9_ITGB1","COL1A1 - (ITGA9+ITGB1)","COLLAGEN","ECM-Receptor","KEGG: hsa04512"
"Erythroblasts","Hofbauer cells","COL1A1","ITGA9_ITGB1",0.00367159107307641,0,"COL1A1_ITGA9_ITGB1","COL1A1 - (ITGA9+ITGB1)","COLLAGEN","ECM-Receptor","KEGG: hsa04512"
"EVT-progenitor","Hofbauer cells","COL1A1","ITGA9_ITGB1",0.0109344793457203,0,"COL1A1_ITGA9_ITGB1","COL1A1 - (ITGA9+ITGB1)","COLLAGEN","ECM-Receptor","KEGG: hsa04512"
"FIB1","Hofbauer cells","COL1A1","ITGA9_ITGB1",0.0279664267014986,0,"COL1A1_ITGA9_ITGB1","COL1A1 - (ITGA9+ITGB1)","COLLAGEN","ECM-Receptor","KEGG: hsa04512"
"FIB2","Hofbauer cells","COL1A1","ITGA9_ITGB1",0.048232601530709,0,"COL1A1_ITGA9_ITGB1","COL1A1 - (ITGA9+ITGB1)","COLLAGEN","ECM-Receptor","KEGG: hsa04512"
"Endothelial","Endothelial","COL1A2","ITGA9_ITGB1",0.000750068333833703,0.01,"COL1A2_ITGA9_ITGB1","COL1A2 - (ITGA9+ITGB1)","COLLAGEN","ECM-Receptor","KEGG: hsa04512"
"Erythroblasts","Endothelial","COL1A2","ITGA9_ITGB1",0.00299353726281385,0.01,"COL1A2_ITGA9_ITGB1","COL1A2 - (ITGA9+ITGB1)","COLLAGEN","ECM-Receptor","KEGG: hsa04512"
"EVT-progenitor","Endothelial","COL1A2","ITGA9_ITGB1",0.0118675710032039,0,"COL1A2_ITGA9_ITGB1","COL1A2 - (ITGA9+ITGB1)","COLLAGEN","ECM-Receptor","KEGG: hsa04512"
"FIB1","Endothelial","COL1A2","ITGA9_ITGB1",0.0293673593840056,0,"COL1A2_ITGA9_ITGB1","COL1A2 - (ITGA9+ITGB1)","COLLAGEN","ECM-Receptor","KEGG: hsa04512"
"FIB2","Endothelial","COL1A2","ITGA9_ITGB1",0.0382024677420922,0,"COL1A2_ITGA9_ITGB1","COL1A2 - (ITGA9+ITGB1)","COLLAGEN","ECM-Receptor","KEGG: hsa04512"
"Hofbauer cells","Endothelial","COL1A2","ITGA9_ITGB1",0.0118675710032039,0,"COL1A2_ITGA9_ITGB1","COL1A2 - (ITGA9+ITGB1)","COLLAGEN","ECM-Receptor","KEGG: hsa04512"
"Endothelial","FIB1","COL1A2","ITGA9_ITGB1",0.00143846396970113,0,"COL1A2_ITGA9_ITGB1","COL1A2 - (ITGA9+ITGB1)","COLLAGEN","ECM-Receptor","KEGG: hsa04512"
"Erythroblasts","FIB1","COL1A2","ITGA9_ITGB1",0.00572913242708251,0,"COL1A2_ITGA9_ITGB1","COL1A2 - (ITGA9+ITGB1)","COLLAGEN","ECM-Receptor","KEGG: hsa04512"
"EVT-progenitor","FIB1","COL1A2","ITGA9_ITGB1",0.0225293095152198,0,"COL1A2_ITGA9_ITGB1","COL1A2 - (ITGA9+ITGB1)","COLLAGEN","ECM-Receptor","KEGG: hsa04512"
"FIB1","FIB1","COL1A2","ITGA9_ITGB1",0.0548776482472792,0,"COL1A2_ITGA9_ITGB1","COL1A2 - (ITGA9+ITGB1)","COLLAGEN","ECM-Receptor","KEGG: hsa04512"
"FIB2","FIB1","COL1A2","ITGA9_ITGB1",0.0708274462933931,0,"COL1A2_ITGA9_ITGB1","COL1A2 - (ITGA9+ITGB1)","COLLAGEN","ECM-Receptor","KEGG: hsa04512"
"Hofbauer cells","FIB1","COL1A2","ITGA9_ITGB1",0.0225293095152198,0,"COL1A2_ITGA9_ITGB1","COL1A2 - (ITGA9+ITGB1)","COLLAGEN","ECM-Receptor","KEGG: hsa04512"
"Endothelial","Hofbauer cells","COL1A2","ITGA9_ITGB1",0.000920432356687241,0,"COL1A2_ITGA9_ITGB1","COL1A2 - (ITGA9+ITGB1)","COLLAGEN","ECM-Receptor","KEGG: hsa04512"
"Erythroblasts","Hofbauer cells","COL1A2","ITGA9_ITGB1",0.00367159107307641,0,"COL1A2_ITGA9_ITGB1","COL1A2 - (ITGA9+ITGB1)","COLLAGEN","ECM-Receptor","KEGG: hsa04512"
"EVT-progenitor","Hofbauer cells","COL1A2","ITGA9_ITGB1",0.0145263597341332,0,"COL1A2_ITGA9_ITGB1","COL1A2 - (ITGA9+ITGB1)","COLLAGEN","ECM-Receptor","KEGG: hsa04512"
"FIB1","Hofbauer cells","COL1A2","ITGA9_ITGB1",0.0358047058491417,0,"COL1A2_ITGA9_ITGB1","COL1A2 - (ITGA9+ITGB1)","COLLAGEN","ECM-Receptor","KEGG: hsa04512"
"FIB2","Hofbauer cells","COL1A2","ITGA9_ITGB1",0.0464837293493869,0,"COL1A2_ITGA9_ITGB1","COL1A2 - (ITGA9+ITGB1)","COLLAGEN","ECM-Receptor","KEGG: hsa04512"
"Hofbauer cells","Hofbauer cells","COL1A2","ITGA9_ITGB1",0.0145263597341332,0,"COL1A2_ITGA9_ITGB1","COL1A2 - (ITGA9+ITGB1)","COLLAGEN","ECM-Receptor","KEGG: hsa04512"
"Endothelial","Endothelial","COL4A1","ITGA9_ITGB1",0.0360878018308441,0,"COL4A1_ITGA9_ITGB1","COL4A1 - (ITGA9+ITGB1)","COLLAGEN","ECM-Receptor","KEGG: hsa04512"
"Erythroblasts","Endothelial","COL4A1","ITGA9_ITGB1",0.00299353726281385,0.01,"COL4A1_ITGA9_ITGB1","COL4A1 - (ITGA9+ITGB1)","COLLAGEN","ECM-Receptor","KEGG: hsa04512"
"EVT","Endothelial","COL4A1","ITGA9_ITGB1",0.0405913343408009,0,"COL4A1_ITGA9_ITGB1","COL4A1 - (ITGA9+ITGB1)","COLLAGEN","ECM-Receptor","KEGG: hsa04512"
"EVT-progenitor","Endothelial","COL4A1","ITGA9_ITGB1",0.0193881835852057,0,"COL4A1_ITGA9_ITGB1","COL4A1 - (ITGA9+ITGB1)","COLLAGEN","ECM-Receptor","KEGG: hsa04512"
"FIB1","Endothelial","COL4A1","ITGA9_ITGB1",0.0352778719137664,0,"COL4A1_ITGA9_ITGB1","COL4A1 - (ITGA9+ITGB1)","COLLAGEN","ECM-Receptor","KEGG: hsa04512"
"FIB2","Endothelial","COL4A1","ITGA9_ITGB1",0.033437176095842,0,"COL4A1_ITGA9_ITGB1","COL4A1 - (ITGA9+ITGB1)","COLLAGEN","ECM-Receptor","KEGG: hsa04512"
"Hofbauer cells","Endothelial","COL4A1","ITGA9_ITGB1",0.00299353726281385,0.01,"COL4A1_ITGA9_ITGB1","COL4A1 - (ITGA9+ITGB1)","COLLAGEN","ECM-Receptor","KEGG: hsa04512"
"STB","Endothelial","COL4A1","ITGA9_ITGB1",0.00299353726281385,0.01,"COL4A1_ITGA9_ITGB1","COL4A1 - (ITGA9+ITGB1)","COLLAGEN","ECM-Receptor","KEGG: hsa04512"
"vCTB","Endothelial","COL4A1","ITGA9_ITGB1",0.00299353726281385,0.01,"COL4A1_ITGA9_ITGB1","COL4A1 - (ITGA9+ITGB1)","COLLAGEN","ECM-Receptor","KEGG: hsa04512"
"Endothelial","FIB1","COL4A1","ITGA9_ITGB1",0.0670327163994577,0,"COL4A1_ITGA9_ITGB1","COL4A1 - (ITGA9+ITGB1)","COLLAGEN","ECM-Receptor","KEGG: hsa04512"
"Erythroblasts","FIB1","COL4A1","ITGA9_ITGB1",0.00572913242708251,0,"COL4A1_ITGA9_ITGB1","COL4A1 - (ITGA9+ITGB1)","COLLAGEN","ECM-Receptor","KEGG: hsa04512"
"EVT","FIB1","COL4A1","ITGA9_ITGB1",0.0750971187460872,0,"COL4A1_ITGA9_ITGB1","COL4A1 - (ITGA9+ITGB1)","COLLAGEN","ECM-Receptor","KEGG: hsa04512"
"EVT-progenitor","FIB1","COL4A1","ITGA9_ITGB1",0.0365564265865973,0,"COL4A1_ITGA9_ITGB1","COL4A1 - (ITGA9+ITGB1)","COLLAGEN","ECM-Receptor","KEGG: hsa04512"
"FIB1","FIB1","COL4A1","ITGA9_ITGB1",0.0655755277000836,0,"COL4A1_ITGA9_ITGB1","COL4A1 - (ITGA9+ITGB1)","COLLAGEN","ECM-Receptor","KEGG: hsa04512"
"FIB2","FIB1","COL4A1","ITGA9_ITGB1",0.0622560049820065,0,"COL4A1_ITGA9_ITGB1","COL4A1 - (ITGA9+ITGB1)","COLLAGEN","ECM-Receptor","KEGG: hsa04512"
"Hofbauer cells","FIB1","COL4A1","ITGA9_ITGB1",0.00572913242708251,0,"COL4A1_ITGA9_ITGB1","COL4A1 - (ITGA9+ITGB1)","COLLAGEN","ECM-Receptor","KEGG: hsa04512"
"STB","FIB1","COL4A1","ITGA9_ITGB1",0.00572913242708251,0,"COL4A1_ITGA9_ITGB1","COL4A1 - (ITGA9+ITGB1)","COLLAGEN","ECM-Receptor","KEGG: hsa04512"
"vCTB","FIB1","COL4A1","ITGA9_ITGB1",0.00572913242708251,0,"COL4A1_ITGA9_ITGB1","COL4A1 - (ITGA9+ITGB1)","COLLAGEN","ECM-Receptor","KEGG: hsa04512"
"Endothelial","Hofbauer cells","COL4A1","ITGA9_ITGB1",0.043931599313128,0,"COL4A1_ITGA9_ITGB1","COL4A1 - (ITGA9+ITGB1)","COLLAGEN","ECM-Receptor","KEGG: hsa04512"
"Erythroblasts","Hofbauer cells","COL4A1","ITGA9_ITGB1",0.00367159107307641,0,"COL4A1_ITGA9_ITGB1","COL4A1 - (ITGA9+ITGB1)","COLLAGEN","ECM-Receptor","KEGG: hsa04512"
"EVT","Hofbauer cells","COL4A1","ITGA9_ITGB1",0.0493638595980244,0,"COL4A1_ITGA9_ITGB1","COL4A1 - (ITGA9+ITGB1)","COLLAGEN","ECM-Receptor","KEGG: hsa04512"
"EVT-progenitor","Hofbauer cells","COL4A1","ITGA9_ITGB1",0.0236914792055049,0,"COL4A1_ITGA9_ITGB1","COL4A1 - (ITGA9+ITGB1)","COLLAGEN","ECM-Receptor","KEGG: hsa04512"
"FIB1","Hofbauer cells","COL4A1","ITGA9_ITGB1",0.0429534732368014,0,"COL4A1_ITGA9_ITGB1","COL4A1 - (ITGA9+ITGB1)","COLLAGEN","ECM-Receptor","KEGG: hsa04512"
"FIB2","Hofbauer cells","COL4A1","ITGA9_ITGB1",0.0407291952018513,0,"COL4A1_ITGA9_ITGB1","COL4A1 - (ITGA9+ITGB1)","COLLAGEN","ECM-Receptor","KEGG: hsa04512"
"Hofbauer cells","Hofbauer cells","COL4A1","ITGA9_ITGB1",0.00367159107307641,0,"COL4A1_ITGA9_ITGB1","COL4A1 - (ITGA9+ITGB1)","COLLAGEN","ECM-Receptor","KEGG: hsa04512"
"STB","Hofbauer cells","COL4A1","ITGA9_ITGB1",0.00367159107307641,0,"COL4A1_ITGA9_ITGB1","COL4A1 - (ITGA9+ITGB1)","COLLAGEN","ECM-Receptor","KEGG: hsa04512"
"vCTB","Hofbauer cells","COL4A1","ITGA9_ITGB1",0.00367159107307641,0,"COL4A1_ITGA9_ITGB1","COL4A1 - (ITGA9+ITGB1)","COLLAGEN","ECM-Receptor","KEGG: hsa04512"
"Endothelial","Endothelial","COL4A2","ITGA9_ITGB1",0.0373179213739476,0,"COL4A2_ITGA9_ITGB1","COL4A2 - (ITGA9+ITGB1)","COLLAGEN","ECM-Receptor","KEGG: hsa04512"
"Erythroblasts","Endothelial","COL4A2","ITGA9_ITGB1",0.00299353726281385,0.01,"COL4A2_ITGA9_ITGB1","COL4A2 - (ITGA9+ITGB1)","COLLAGEN","ECM-Receptor","KEGG: hsa04512"
"EVT","Endothelial","COL4A2","ITGA9_ITGB1",0.0412269711076166,0,"COL4A2_ITGA9_ITGB1","COL4A2 - (ITGA9+ITGB1)","COLLAGEN","ECM-Receptor","KEGG: hsa04512"
"EVT-progenitor","Endothelial","COL4A2","ITGA9_ITGB1",0.0164924305247536,0,"COL4A2_ITGA9_ITGB1","COL4A2 - (ITGA9+ITGB1)","COLLAGEN","ECM-Receptor","KEGG: hsa04512"
"FIB1","Endothelial","COL4A2","ITGA9_ITGB1",0.0348899595648558,0,"COL4A2_ITGA9_ITGB1","COL4A2 - (ITGA9+ITGB1)","COLLAGEN","ECM-Receptor","KEGG: hsa04512"
"FIB2","Endothelial","COL4A2","ITGA9_ITGB1",0.0321803811395527,0,"COL4A2_ITGA9_ITGB1","COL4A2 - (ITGA9+ITGB1)","COLLAGEN","ECM-Receptor","KEGG: hsa04512"
"Hofbauer cells","Endothelial","COL4A2","ITGA9_ITGB1",0.00299353726281385,0.01,"COL4A2_ITGA9_ITGB1","COL4A2 - (ITGA9+ITGB1)","COLLAGEN","ECM-Receptor","KEGG: hsa04512"
"STB","Endothelial","COL4A2","ITGA9_ITGB1",0.00299353726281385,0.01,"COL4A2_ITGA9_ITGB1","COL4A2 - (ITGA9+ITGB1)","COLLAGEN","ECM-Receptor","KEGG: hsa04512"
"vCTB","Endothelial","COL4A2","ITGA9_ITGB1",0.0118675710032039,0,"COL4A2_ITGA9_ITGB1","COL4A2 - (ITGA9+ITGB1)","COLLAGEN","ECM-Receptor","KEGG: hsa04512"
"Endothelial","FIB1","COL4A2","ITGA9_ITGB1",0.0692418788615159,0,"COL4A2_ITGA9_ITGB1","COL4A2 - (ITGA9+ITGB1)","COLLAGEN","ECM-Receptor","KEGG: hsa04512"
"Erythroblasts","FIB1","COL4A2","ITGA9_ITGB1",0.00572913242708251,0,"COL4A2_ITGA9_ITGB1","COL4A2 - (ITGA9+ITGB1)","COLLAGEN","ECM-Receptor","KEGG: hsa04512"
"EVT","FIB1","COL4A2","ITGA9_ITGB1",0.0762301631385027,0,"COL4A2_ITGA9_ITGB1","COL4A2 - (ITGA9+ITGB1)","COLLAGEN","ECM-Receptor","KEGG: hsa04512"
"EVT-progenitor","FIB1","COL4A2","ITGA9_ITGB1",0.031178010241751,0,"COL4A2_ITGA9_ITGB1","COL4A2 - (ITGA9+ITGB1)","COLLAGEN","ECM-Receptor","KEGG: hsa04512"
"FIB1","FIB1","COL4A2","ITGA9_ITGB1",0.0648768691371727,0,"COL4A2_ITGA9_ITGB1","COL4A2 - (ITGA9+ITGB1)","COLLAGEN","ECM-Receptor","KEGG: hsa04512"
"FIB2","FIB1","COL4A2","ITGA9_ITGB1",0.0599832256731642,0,"COL4A2_ITGA9_ITGB1","COL4A2 - (ITGA9+ITGB1)","COLLAGEN","ECM-Receptor","KEGG: hsa04512"
"Hofbauer cells","FIB1","COL4A2","ITGA9_ITGB1",0.00572913242708251,0,"COL4A2_ITGA9_ITGB1","COL4A2 - (ITGA9+ITGB1)","COLLAGEN","ECM-Receptor","KEGG: hsa04512"
"STB","FIB1","COL4A2","ITGA9_ITGB1",0.00572913242708251,0,"COL4A2_ITGA9_ITGB1","COL4A2 - (ITGA9+ITGB1)","COLLAGEN","ECM-Receptor","KEGG: hsa04512"
"vCTB","FIB1","COL4A2","ITGA9_ITGB1",0.0225293095152198,0,"COL4A2_ITGA9_ITGB1","COL4A2 - (ITGA9+ITGB1)","COLLAGEN","ECM-Receptor","KEGG: hsa04512"
"Endothelial","Hofbauer cells","COL4A2","ITGA9_ITGB1",0.0454164915714239,0,"COL4A2_ITGA9_ITGB1","COL4A2 - (ITGA9+ITGB1)","COLLAGEN","ECM-Receptor","KEGG: hsa04512"
"Erythroblasts","Hofbauer cells","COL4A2","ITGA9_ITGB1",0.00367159107307641,0,"COL4A2_ITGA9_ITGB1","COL4A2 - (ITGA9+ITGB1)","COLLAGEN","ECM-Receptor","KEGG: hsa04512"
"EVT","Hofbauer cells","COL4A2","ITGA9_ITGB1",0.0501296912195658,0,"COL4A2_ITGA9_ITGB1","COL4A2 - (ITGA9+ITGB1)","COLLAGEN","ECM-Receptor","KEGG: hsa04512"
"EVT-progenitor","Hofbauer cells","COL4A2","ITGA9_ITGB1",0.0201662181786838,0,"COL4A2_ITGA9_ITGB1","COL4A2 - (ITGA9+ITGB1)","COLLAGEN","ECM-Receptor","KEGG: hsa04512"
"FIB1","Hofbauer cells","COL4A2","ITGA9_ITGB1",0.0424848775131509,0,"COL4A2_ITGA9_ITGB1","COL4A2 - (ITGA9+ITGB1)","COLLAGEN","ECM-Receptor","KEGG: hsa04512"
"FIB2","Hofbauer cells","COL4A2","ITGA9_ITGB1",0.0392094353292129,0,"COL4A2_ITGA9_ITGB1","COL4A2 - (ITGA9+ITGB1)","COLLAGEN","ECM-Receptor","KEGG: hsa04512"
"Hofbauer cells","Hofbauer cells","COL4A2","ITGA9_ITGB1",0.00367159107307641,0,"COL4A2_ITGA9_ITGB1","COL4A2 - (ITGA9+ITGB1)","COLLAGEN","ECM-Receptor","KEGG: hsa04512"
"STB","Hofbauer cells","COL4A2","ITGA9_ITGB1",0.00367159107307641,0,"COL4A2_ITGA9_ITGB1","COL4A2 - (ITGA9+ITGB1)","COLLAGEN","ECM-Receptor","KEGG: hsa04512"
"vCTB","Hofbauer cells","COL4A2","ITGA9_ITGB1",0.0145263597341332,0,"COL4A2_ITGA9_ITGB1","COL4A2 - (ITGA9+ITGB1)","COLLAGEN","ECM-Receptor","KEGG: hsa04512"
"Endothelial","Endothelial","COL4A5","ITGA9_ITGB1",0.00299353726281385,0,"COL4A5_ITGA9_ITGB1","COL4A5 - (ITGA9+ITGB1)","COLLAGEN","ECM-Receptor","KEGG: hsa04512"
"FIB1","Endothelial","COL4A5","ITGA9_ITGB1",0.0173082148268955,0,"COL4A5_ITGA9_ITGB1","COL4A5 - (ITGA9+ITGB1)","COLLAGEN","ECM-Receptor","KEGG: hsa04512"
"FIB2","Endothelial","COL4A5","ITGA9_ITGB1",0.00299353726281385,0,"COL4A5_ITGA9_ITGB1","COL4A5 - (ITGA9+ITGB1)","COLLAGEN","ECM-Receptor","KEGG: hsa04512"
"Endothelial","FIB1","COL4A5","ITGA9_ITGB1",0.00572913242708251,0,"COL4A5_ITGA9_ITGB1","COL4A5 - (ITGA9+ITGB1)","COLLAGEN","ECM-Receptor","KEGG: hsa04512"
"FIB1","FIB1","COL4A5","ITGA9_ITGB1",0.032696055464317,0,"COL4A5_ITGA9_ITGB1","COL4A5 - (ITGA9+ITGB1)","COLLAGEN","ECM-Receptor","KEGG: hsa04512"
"FIB2","FIB1","COL4A5","ITGA9_ITGB1",0.00572913242708251,0,"COL4A5_ITGA9_ITGB1","COL4A5 - (ITGA9+ITGB1)","COLLAGEN","ECM-Receptor","KEGG: hsa04512"
"Endothelial","Hofbauer cells","COL4A5","ITGA9_ITGB1",0.00367159107307641,0,"COL4A5_ITGA9_ITGB1","COL4A5 - (ITGA9+ITGB1)","COLLAGEN","ECM-Receptor","KEGG: hsa04512"
"FIB1","Hofbauer cells","COL4A5","ITGA9_ITGB1",0.0211598136600891,0,"COL4A5_ITGA9_ITGB1","COL4A5 - (ITGA9+ITGB1)","COLLAGEN","ECM-Receptor","KEGG: hsa04512"
"FIB2","Hofbauer cells","COL4A5","ITGA9_ITGB1",0.00367159107307641,0,"COL4A5_ITGA9_ITGB1","COL4A5 - (ITGA9+ITGB1)","COLLAGEN","ECM-Receptor","KEGG: hsa04512"
"FIB1","Endothelial","COL4A6","ITGA9_ITGB1",0.00299353726281385,0,"COL4A6_ITGA9_ITGB1","COL4A6 - (ITGA9+ITGB1)","COLLAGEN","ECM-Receptor","KEGG: hsa04512"
"FIB1","FIB1","COL4A6","ITGA9_ITGB1",0.00572913242708251,0,"COL4A6_ITGA9_ITGB1","COL4A6 - (ITGA9+ITGB1)","COLLAGEN","ECM-Receptor","KEGG: hsa04512"
"FIB1","Hofbauer cells","COL4A6","ITGA9_ITGB1",0.00367159107307641,0,"COL4A6_ITGA9_ITGB1","COL4A6 - (ITGA9+ITGB1)","COLLAGEN","ECM-Receptor","KEGG: hsa04512"
"EVT-progenitor","Endothelial","COL6A1","ITGA9_ITGB1",0.00299353726281385,0,"COL6A1_ITGA9_ITGB1","COL6A1 - (ITGA9+ITGB1)","COLLAGEN","ECM-Receptor","KEGG: hsa04512"
"FIB1","Endothelial","COL6A1","ITGA9_ITGB1",0.0229048512077321,0,"COL6A1_ITGA9_ITGB1","COL6A1 - (ITGA9+ITGB1)","COLLAGEN","ECM-Receptor","KEGG: hsa04512"
"FIB2","Endothelial","COL6A1","ITGA9_ITGB1",0.0293673593840056,0,"COL6A1_ITGA9_ITGB1","COL6A1 - (ITGA9+ITGB1)","COLLAGEN","ECM-Receptor","KEGG: hsa04512"
"EVT-progenitor","FIB1","COL6A1","ITGA9_ITGB1",0.00572913242708251,0,"COL6A1_ITGA9_ITGB1","COL6A1 - (ITGA9+ITGB1)","COLLAGEN","ECM-Receptor","KEGG: hsa04512"
"FIB1","FIB1","COL6A1","ITGA9_ITGB1",0.0430503946248052,0,"COL6A1_ITGA9_ITGB1","COL6A1 - (ITGA9+ITGB1)","COLLAGEN","ECM-Receptor","KEGG: hsa04512"
"FIB2","FIB1","COL6A1","ITGA9_ITGB1",0.0548776482472792,0,"COL6A1_ITGA9_ITGB1","COL6A1 - (ITGA9+ITGB1)","COLLAGEN","ECM-Receptor","KEGG: hsa04512"
"EVT-progenitor","Hofbauer cells","COL6A1","ITGA9_ITGB1",0.00367159107307641,0,"COL6A1_ITGA9_ITGB1","COL6A1 - (ITGA9+ITGB1)","COLLAGEN","ECM-Receptor","KEGG: hsa04512"
"FIB1","Hofbauer cells","COL6A1","ITGA9_ITGB1",0.0279664267014986,0,"COL6A1_ITGA9_ITGB1","COL6A1 - (ITGA9+ITGB1)","COLLAGEN","ECM-Receptor","KEGG: hsa04512"
"FIB2","Hofbauer cells","COL6A1","ITGA9_ITGB1",0.0358047058491417,0,"COL6A1_ITGA9_ITGB1","COL6A1 - (ITGA9+ITGB1)","COLLAGEN","ECM-Receptor","KEGG: hsa04512"
"Endothelial","Endothelial","COL6A2","ITGA9_ITGB1",0.00299353726281385,0.01,"COL6A2_ITGA9_ITGB1","COL6A2 - (ITGA9+ITGB1)","COLLAGEN","ECM-Receptor","KEGG: hsa04512"
"EVT-progenitor","Endothelial","COL6A2","ITGA9_ITGB1",0.00892716419112676,0,"COL6A2_ITGA9_ITGB1","COL6A2 - (ITGA9+ITGB1)","COLLAGEN","ECM-Receptor","KEGG: hsa04512"
"FIB1","Endothelial","COL6A2","ITGA9_ITGB1",0.0284558460855624,0,"COL6A2_ITGA9_ITGB1","COL6A2 - (ITGA9+ITGB1)","COLLAGEN","ECM-Receptor","KEGG: hsa04512"
"FIB2","Endothelial","COL6A2","ITGA9_ITGB1",0.035938646658686,0,"COL6A2_ITGA9_ITGB1","COL6A2 - (ITGA9+ITGB1)","COLLAGEN","ECM-Receptor","KEGG: hsa04512"
"Endothelial","FIB1","COL6A2","ITGA9_ITGB1",0.00572913242708251,0,"COL6A2_ITGA9_ITGB1","COL6A2 - (ITGA9+ITGB1)","COLLAGEN","ECM-Receptor","KEGG: hsa04512"
"EVT-progenitor","FIB1","COL6A2","ITGA9_ITGB1",0.0169926905325408,0,"COL6A2_ITGA9_ITGB1","COL6A2 - (ITGA9+ITGB1)","COLLAGEN","ECM-Receptor","KEGG: hsa04512"
"FIB1","FIB1","COL6A2","ITGA9_ITGB1",0.05321775114502,0,"COL6A2_ITGA9_ITGB1","COL6A2 - (ITGA9+ITGB1)","COLLAGEN","ECM-Receptor","KEGG: hsa04512"
"FIB2","FIB1","COL6A2","ITGA9_ITGB1",0.0667645210302011,0,"COL6A2_ITGA9_ITGB1","COL6A2 - (ITGA9+ITGB1)","COLLAGEN","ECM-Receptor","KEGG: hsa04512"
"Endothelial","Hofbauer cells","COL6A2","ITGA9_ITGB1",0.00367159107307641,0,"COL6A2_ITGA9_ITGB1","COL6A2 - (ITGA9+ITGB1)","COLLAGEN","ECM-Receptor","KEGG: hsa04512"
"EVT-progenitor","Hofbauer cells","COL6A2","ITGA9_ITGB1",0.0109344793457203,0,"COL6A2_ITGA9_ITGB1","COL6A2 - (ITGA9+ITGB1)","COLLAGEN","ECM-Receptor","KEGG: hsa04512"
"FIB1","Hofbauer cells","COL6A2","ITGA9_ITGB1",0.0347005312666616,0,"COL6A2_ITGA9_ITGB1","COL6A2 - (ITGA9+ITGB1)","COLLAGEN","ECM-Receptor","KEGG: hsa04512"
"FIB2","Hofbauer cells","COL6A2","ITGA9_ITGB1",0.0437514962922041,0,"COL6A2_ITGA9_ITGB1","COL6A2 - (ITGA9+ITGB1)","COLLAGEN","ECM-Receptor","KEGG: hsa04512"
"EVT-progenitor","Endothelial","COL6A3","ITGA9_ITGB1",0.00892716419112676,0,"COL6A3_ITGA9_ITGB1","COL6A3 - (ITGA9+ITGB1)","COLLAGEN","ECM-Receptor","KEGG: hsa04512"
"FIB1","Endothelial","COL6A3","ITGA9_ITGB1",0.0378054624496841,0,"COL6A3_ITGA9_ITGB1","COL6A3 - (ITGA9+ITGB1)","COLLAGEN","ECM-Receptor","KEGG: hsa04512"
"FIB2","Endothelial","COL6A3","ITGA9_ITGB1",0.0286194542431572,0,"COL6A3_ITGA9_ITGB1","COL6A3 - (ITGA9+ITGB1)","COLLAGEN","ECM-Receptor","KEGG: hsa04512"
"EVT-progenitor","FIB1","COL6A3","ITGA9_ITGB1",0.0169926905325408,0,"COL6A3_ITGA9_ITGB1","COL6A3 - (ITGA9+ITGB1)","COLLAGEN","ECM-Receptor","KEGG: hsa04512"
"FIB1","FIB1","COL6A3","ITGA9_ITGB1",0.0701161143746357,0,"COL6A3_ITGA9_ITGB1","COL6A3 - (ITGA9+ITGB1)","COLLAGEN","ECM-Receptor","KEGG: hsa04512"
"FIB2","FIB1","COL6A3","ITGA9_ITGB1",0.05351588678542,0,"COL6A3_ITGA9_ITGB1","COL6A3 - (ITGA9+ITGB1)","COLLAGEN","ECM-Receptor","KEGG: hsa04512"
"EVT-progenitor","Hofbauer cells","COL6A3","ITGA9_ITGB1",0.0109344793457203,0,"COL6A3_ITGA9_ITGB1","COL6A3 - (ITGA9+ITGB1)","COLLAGEN","ECM-Receptor","KEGG: hsa04512"
"FIB1","Hofbauer cells","COL6A3","ITGA9_ITGB1",0.0460047804783619,0,"COL6A3_ITGA9_ITGB1","COL6A3 - (ITGA9+ITGB1)","COLLAGEN","ECM-Receptor","KEGG: hsa04512"
"FIB2","Hofbauer cells","COL6A3","ITGA9_ITGB1",0.0348987538125769,0,"COL6A3_ITGA9_ITGB1","COL6A3 - (ITGA9+ITGB1)","COLLAGEN","ECM-Receptor","KEGG: hsa04512"
"FIB1","Endothelial","COL6A6","ITGA9_ITGB1",0.00473635044944005,0,"COL6A6_ITGA9_ITGB1","COL6A6 - (ITGA9+ITGB1)","COLLAGEN","ECM-Receptor","KEGG: hsa04512"
"FIB2","Endothelial","COL6A6","ITGA9_ITGB1",0.00299353726281385,0,"COL6A6_ITGA9_ITGB1","COL6A6 - (ITGA9+ITGB1)","COLLAGEN","ECM-Receptor","KEGG: hsa04512"
"FIB1","FIB1","COL6A6","ITGA9_ITGB1",0.00905013010749336,0,"COL6A6_ITGA9_ITGB1","COL6A6 - (ITGA9+ITGB1)","COLLAGEN","ECM-Receptor","KEGG: hsa04512"
"FIB2","FIB1","COL6A6","ITGA9_ITGB1",0.00572913242708251,0,"COL6A6_ITGA9_ITGB1","COL6A6 - (ITGA9+ITGB1)","COLLAGEN","ECM-Receptor","KEGG: hsa04512"
"FIB1","Hofbauer cells","COL6A6","ITGA9_ITGB1",0.00580686251992363,0,"COL6A6_ITGA9_ITGB1","COL6A6 - (ITGA9+ITGB1)","COLLAGEN","ECM-Receptor","KEGG: hsa04512"
"FIB2","Hofbauer cells","COL6A6","ITGA9_ITGB1",0.00367159107307641,0,"COL6A6_ITGA9_ITGB1","COL6A6 - (ITGA9+ITGB1)","COLLAGEN","ECM-Receptor","KEGG: hsa04512"
"Endothelial","Endothelial","LAMA2","ITGA9_ITGB1",0.0286306351520441,0,"LAMA2_ITGA9_ITGB1","LAMA2 - (ITGA9+ITGB1)","LAMININ","ECM-Receptor","KEGG: hsa04512"
"Erythroblasts","Endothelial","LAMA2","ITGA9_ITGB1",0.00299353726281385,0.01,"LAMA2_ITGA9_ITGB1","LAMA2 - (ITGA9+ITGB1)","LAMININ","ECM-Receptor","KEGG: hsa04512"
"EVT-progenitor","Endothelial","LAMA2","ITGA9_ITGB1",0.0118675710032039,0,"LAMA2_ITGA9_ITGB1","LAMA2 - (ITGA9+ITGB1)","LAMININ","ECM-Receptor","KEGG: hsa04512"
"FIB1","Endothelial","LAMA2","ITGA9_ITGB1",0.0554570899288274,0,"LAMA2_ITGA9_ITGB1","LAMA2 - (ITGA9+ITGB1)","LAMININ","ECM-Receptor","KEGG: hsa04512"
"FIB2","Endothelial","LAMA2","ITGA9_ITGB1",0.0592148522624637,0,"LAMA2_ITGA9_ITGB1","LAMA2 - (ITGA9+ITGB1)","LAMININ","ECM-Receptor","KEGG: hsa04512"
"Hofbauer cells","Endothelial","LAMA2","ITGA9_ITGB1",0.00299353726281385,0.01,"LAMA2_ITGA9_ITGB1","LAMA2 - (ITGA9+ITGB1)","LAMININ","ECM-Receptor","KEGG: hsa04512"
"STB","Endothelial","LAMA2","ITGA9_ITGB1",0.00299353726281385,0.01,"LAMA2_ITGA9_ITGB1","LAMA2 - (ITGA9+ITGB1)","LAMININ","ECM-Receptor","KEGG: hsa04512"
"vCTB","Endothelial","LAMA2","ITGA9_ITGB1",0.00299353726281385,0.01,"LAMA2_ITGA9_ITGB1","LAMA2 - (ITGA9+ITGB1)","LAMININ","ECM-Receptor","KEGG: hsa04512"
"Endothelial","FIB1","LAMA2","ITGA9_ITGB1",0.0535362580535792,0,"LAMA2_ITGA9_ITGB1","LAMA2 - (ITGA9+ITGB1)","LAMININ","ECM-Receptor","KEGG: hsa04512"
"Erythroblasts","FIB1","LAMA2","ITGA9_ITGB1",0.00572913242708251,0,"LAMA2_ITGA9_ITGB1","LAMA2 - (ITGA9+ITGB1)","LAMININ","ECM-Receptor","KEGG: hsa04512"
"EVT-progenitor","FIB1","LAMA2","ITGA9_ITGB1",0.0225293095152198,0,"LAMA2_ITGA9_ITGB1","LAMA2 - (ITGA9+ITGB1)","LAMININ","ECM-Receptor","KEGG: hsa04512"
"FIB1","FIB1","LAMA2","ITGA9_ITGB1",0.101266073645649,0,"LAMA2_ITGA9_ITGB1","LAMA2 - (ITGA9+ITGB1)","LAMININ","ECM-Receptor","KEGG: hsa04512"
"FIB2","FIB1","LAMA2","ITGA9_ITGB1",0.107773672670376,0,"LAMA2_ITGA9_ITGB1","LAMA2 - (ITGA9+ITGB1)","LAMININ","ECM-Receptor","KEGG: hsa04512"
"Hofbauer cells","FIB1","LAMA2","ITGA9_ITGB1",0.00572913242708251,0,"LAMA2_ITGA9_ITGB1","LAMA2 - (ITGA9+ITGB1)","LAMININ","ECM-Receptor","KEGG: hsa04512"
"STB","FIB1","LAMA2","ITGA9_ITGB1",0.00572913242708251,0,"LAMA2_ITGA9_ITGB1","LAMA2 - (ITGA9+ITGB1)","LAMININ","ECM-Receptor","KEGG: hsa04512"
"vCTB","FIB1","LAMA2","ITGA9_ITGB1",0.00572913242708251,0,"LAMA2_ITGA9_ITGB1","LAMA2 - (ITGA9+ITGB1)","LAMININ","ECM-Receptor","KEGG: hsa04512"
"Endothelial","Hofbauer cells","LAMA2","ITGA9_ITGB1",0.0349122997185919,0,"LAMA2_ITGA9_ITGB1","LAMA2 - (ITGA9+ITGB1)","LAMININ","ECM-Receptor","KEGG: hsa04512"
"Erythroblasts","Hofbauer cells","LAMA2","ITGA9_ITGB1",0.00367159107307641,0,"LAMA2_ITGA9_ITGB1","LAMA2 - (ITGA9+ITGB1)","LAMININ","ECM-Receptor","KEGG: hsa04512"
"EVT-progenitor","Hofbauer cells","LAMA2","ITGA9_ITGB1",0.0145263597341332,0,"LAMA2_ITGA9_ITGB1","LAMA2 - (ITGA9+ITGB1)","LAMININ","ECM-Receptor","KEGG: hsa04512"
"FIB1","Hofbauer cells","LAMA2","ITGA9_ITGB1",0.0672172855126695,0,"LAMA2_ITGA9_ITGB1","LAMA2 - (ITGA9+ITGB1)","LAMININ","ECM-Receptor","KEGG: hsa04512"
"FIB2","Hofbauer cells","LAMA2","ITGA9_ITGB1",0.0717114168383291,0,"LAMA2_ITGA9_ITGB1","LAMA2 - (ITGA9+ITGB1)","LAMININ","ECM-Receptor","KEGG: hsa04512"
"Hofbauer cells","Hofbauer cells","LAMA2","ITGA9_ITGB1",0.00367159107307641,0,"LAMA2_ITGA9_ITGB1","LAMA2 - (ITGA9+ITGB1)","LAMININ","ECM-Receptor","KEGG: hsa04512"
"STB","Hofbauer cells","LAMA2","ITGA9_ITGB1",0.00367159107307641,0,"LAMA2_ITGA9_ITGB1","LAMA2 - (ITGA9+ITGB1)","LAMININ","ECM-Receptor","KEGG: hsa04512"
"vCTB","Hofbauer cells","LAMA2","ITGA9_ITGB1",0.00367159107307641,0,"LAMA2_ITGA9_ITGB1","LAMA2 - (ITGA9+ITGB1)","LAMININ","ECM-Receptor","KEGG: hsa04512"
"STB","Endothelial","LAMA3","ITGA9_ITGB1",0.00473635044944005,0,"LAMA3_ITGA9_ITGB1","LAMA3 - (ITGA9+ITGB1)","LAMININ","ECM-Receptor","KEGG: hsa04512"
"STB","FIB1","LAMA3","ITGA9_ITGB1",0.00905013010749336,0,"LAMA3_ITGA9_ITGB1","LAMA3 - (ITGA9+ITGB1)","LAMININ","ECM-Receptor","KEGG: hsa04512"
"STB","Hofbauer cells","LAMA3","ITGA9_ITGB1",0.00580686251992363,0,"LAMA3_ITGA9_ITGB1","LAMA3 - (ITGA9+ITGB1)","LAMININ","ECM-Receptor","KEGG: hsa04512"
"EVT","Endothelial","LAMA4","ITGA9_ITGB1",0.016985696910633,0,"LAMA4_ITGA9_ITGB1","LAMA4 - (ITGA9+ITGB1)","LAMININ","ECM-Receptor","KEGG: hsa04512"
"EVT","FIB1","LAMA4","ITGA9_ITGB1",0.0320961686699332,0,"LAMA4_ITGA9_ITGB1","LAMA4 - (ITGA9+ITGB1)","LAMININ","ECM-Receptor","KEGG: hsa04512"
"EVT","Hofbauer cells","LAMA4","ITGA9_ITGB1",0.0207670424994952,0,"LAMA4_ITGA9_ITGB1","LAMA4 - (ITGA9+ITGB1)","LAMININ","ECM-Receptor","KEGG: hsa04512"
"vCTB","Endothelial","LAMA5","ITGA9_ITGB1",0.00299353726281385,0,"LAMA5_ITGA9_ITGB1","LAMA5 - (ITGA9+ITGB1)","LAMININ","ECM-Receptor","KEGG: hsa04512"
"vCTB","FIB1","LAMA5","ITGA9_ITGB1",0.00572913242708251,0,"LAMA5_ITGA9_ITGB1","LAMA5 - (ITGA9+ITGB1)","LAMININ","ECM-Receptor","KEGG: hsa04512"
"vCTB","Hofbauer cells","LAMA5","ITGA9_ITGB1",0.00367159107307641,0,"LAMA5_ITGA9_ITGB1","LAMA5 - (ITGA9+ITGB1)","LAMININ","ECM-Receptor","KEGG: hsa04512"
"Erythroblasts","Endothelial","LAMB1","ITGA9_ITGB1",0.00299353726281385,0.01,"LAMB1_ITGA9_ITGB1","LAMB1 - (ITGA9+ITGB1)","LAMININ","ECM-Receptor","KEGG: hsa04512"
"EVT","Endothelial","LAMB1","ITGA9_ITGB1",0.00596920548657425,0,"LAMB1_ITGA9_ITGB1","LAMB1 - (ITGA9+ITGB1)","LAMININ","ECM-Receptor","KEGG: hsa04512"
"EVT-progenitor","Endothelial","LAMB1","ITGA9_ITGB1",0.00892716419112676,0,"LAMB1_ITGA9_ITGB1","LAMB1 - (ITGA9+ITGB1)","LAMININ","ECM-Receptor","KEGG: hsa04512"
"FIB1","Endothelial","LAMB1","ITGA9_ITGB1",0.0106493125178522,0,"LAMB1_ITGA9_ITGB1","LAMB1 - (ITGA9+ITGB1)","LAMININ","ECM-Receptor","KEGG: hsa04512"
"FIB2","Endothelial","LAMB1","ITGA9_ITGB1",0.0118675710032039,0,"LAMB1_ITGA9_ITGB1","LAMB1 - (ITGA9+ITGB1)","LAMININ","ECM-Receptor","KEGG: hsa04512"
"vCTB","Endothelial","LAMB1","ITGA9_ITGB1",0.0215113635949947,0,"LAMB1_ITGA9_ITGB1","LAMB1 - (ITGA9+ITGB1)","LAMININ","ECM-Receptor","KEGG: hsa04512"
"Erythroblasts","FIB1","LAMB1","ITGA9_ITGB1",0.00572913242708251,0,"LAMB1_ITGA9_ITGB1","LAMB1 - (ITGA9+ITGB1)","LAMININ","ECM-Receptor","KEGG: hsa04512"
"EVT","FIB1","LAMB1","ITGA9_ITGB1",0.0113929928891622,0,"LAMB1_ITGA9_ITGB1","LAMB1 - (ITGA9+ITGB1)","LAMININ","ECM-Receptor","KEGG: hsa04512"
"EVT-progenitor","FIB1","LAMB1","ITGA9_ITGB1",0.0169926905325408,0,"LAMB1_ITGA9_ITGB1","LAMB1 - (ITGA9+ITGB1)","LAMININ","ECM-Receptor","KEGG: hsa04512"
"FIB1","FIB1","LAMB1","ITGA9_ITGB1",0.0202389936642684,0,"LAMB1_ITGA9_ITGB1","LAMB1 - (ITGA9+ITGB1)","LAMININ","ECM-Receptor","KEGG: hsa04512"
"FIB2","FIB1","LAMB1","ITGA9_ITGB1",0.0225293095152198,0,"LAMB1_ITGA9_ITGB1","LAMB1 - (ITGA9+ITGB1)","LAMININ","ECM-Receptor","KEGG: hsa04512"
"vCTB","FIB1","LAMB1","ITGA9_ITGB1",0.0404820690109752,0,"LAMB1_ITGA9_ITGB1","LAMB1 - (ITGA9+ITGB1)","LAMININ","ECM-Receptor","KEGG: hsa04512"
"Erythroblasts","Hofbauer cells","LAMB1","ITGA9_ITGB1",0.00367159107307641,0,"LAMB1_ITGA9_ITGB1","LAMB1 - (ITGA9+ITGB1)","LAMININ","ECM-Receptor","KEGG: hsa04512"
"EVT","Hofbauer cells","LAMB1","ITGA9_ITGB1",0.00731631961237625,0,"LAMB1_ITGA9_ITGB1","LAMB1 - (ITGA9+ITGB1)","LAMININ","ECM-Receptor","KEGG: hsa04512"
"EVT-progenitor","Hofbauer cells","LAMB1","ITGA9_ITGB1",0.0109344793457203,0,"LAMB1_ITGA9_ITGB1","LAMB1 - (ITGA9+ITGB1)","LAMININ","ECM-Receptor","KEGG: hsa04512"
"FIB1","Hofbauer cells","LAMB1","ITGA9_ITGB1",0.0130387663582093,0,"LAMB1_ITGA9_ITGB1","LAMB1 - (ITGA9+ITGB1)","LAMININ","ECM-Receptor","KEGG: hsa04512"
"FIB2","Hofbauer cells","LAMB1","ITGA9_ITGB1",0.0145263597341332,0,"LAMB1_ITGA9_ITGB1","LAMB1 - (ITGA9+ITGB1)","LAMININ","ECM-Receptor","KEGG: hsa04512"
"vCTB","Hofbauer cells","LAMB1","ITGA9_ITGB1",0.0262732826182014,0,"LAMB1_ITGA9_ITGB1","LAMB1 - (ITGA9+ITGB1)","LAMININ","ECM-Receptor","KEGG: hsa04512"
"Endothelial","Endothelial","LAMB2","ITGA9_ITGB1",0.000750068333833703,0,"LAMB2_ITGA9_ITGB1","LAMB2 - (ITGA9+ITGB1)","LAMININ","ECM-Receptor","KEGG: hsa04512"
"FIB2","Endothelial","LAMB2","ITGA9_ITGB1",0.00299353726281385,0,"LAMB2_ITGA9_ITGB1","LAMB2 - (ITGA9+ITGB1)","LAMININ","ECM-Receptor","KEGG: hsa04512"
"Endothelial","FIB1","LAMB2","ITGA9_ITGB1",0.00143846396970113,0,"LAMB2_ITGA9_ITGB1","LAMB2 - (ITGA9+ITGB1)","LAMININ","ECM-Receptor","KEGG: hsa04512"
"FIB2","FIB1","LAMB2","ITGA9_ITGB1",0.00572913242708251,0,"LAMB2_ITGA9_ITGB1","LAMB2 - (ITGA9+ITGB1)","LAMININ","ECM-Receptor","KEGG: hsa04512"
"Endothelial","Hofbauer cells","LAMB2","ITGA9_ITGB1",0.000920432356687241,0,"LAMB2_ITGA9_ITGB1","LAMB2 - (ITGA9+ITGB1)","LAMININ","ECM-Receptor","KEGG: hsa04512"
"FIB2","Hofbauer cells","LAMB2","ITGA9_ITGB1",0.00367159107307641,0,"LAMB2_ITGA9_ITGB1","LAMB2 - (ITGA9+ITGB1)","LAMININ","ECM-Receptor","KEGG: hsa04512"
"Endothelial","Endothelial","LAMC1","ITGA9_ITGB1",0.0191192818757316,0,"LAMC1_ITGA9_ITGB1","LAMC1 - (ITGA9+ITGB1)","LAMININ","ECM-Receptor","KEGG: hsa04512"
"Erythroblasts","Endothelial","LAMC1","ITGA9_ITGB1",0.00299353726281385,0.01,"LAMC1_ITGA9_ITGB1","LAMC1 - (ITGA9+ITGB1)","LAMININ","ECM-Receptor","KEGG: hsa04512"
"EVT","Endothelial","LAMC1","ITGA9_ITGB1",0.00892716419112676,0,"LAMC1_ITGA9_ITGB1","LAMC1 - (ITGA9+ITGB1)","LAMININ","ECM-Receptor","KEGG: hsa04512"
"EVT-progenitor","Endothelial","LAMC1","ITGA9_ITGB1",0.0118675710032039,0,"LAMC1_ITGA9_ITGB1","LAMC1 - (ITGA9+ITGB1)","LAMININ","ECM-Receptor","KEGG: hsa04512"
"FIB1","Endothelial","LAMC1","ITGA9_ITGB1",0.0118675710032039,0,"LAMC1_ITGA9_ITGB1","LAMC1 - (ITGA9+ITGB1)","LAMININ","ECM-Receptor","KEGG: hsa04512"
"FIB2","Endothelial","LAMC1","ITGA9_ITGB1",0.0191192818757316,0,"LAMC1_ITGA9_ITGB1","LAMC1 - (ITGA9+ITGB1)","LAMININ","ECM-Receptor","KEGG: hsa04512"
"Hofbauer cells","Endothelial","LAMC1","ITGA9_ITGB1",0.00299353726281385,0.01,"LAMC1_ITGA9_ITGB1","LAMC1 - (ITGA9+ITGB1)","LAMININ","ECM-Receptor","KEGG: hsa04512"
"STB","Endothelial","LAMC1","ITGA9_ITGB1",0.00299353726281385,0.01,"LAMC1_ITGA9_ITGB1","LAMC1 - (ITGA9+ITGB1)","LAMININ","ECM-Receptor","KEGG: hsa04512"
"STB-progenitor","Endothelial","LAMC1","ITGA9_ITGB1",0.00299353726281385,0.01,"LAMC1_ITGA9_ITGB1","LAMC1 - (ITGA9+ITGB1)","LAMININ","ECM-Receptor","KEGG: hsa04512"
"vCTB","Endothelial","LAMC1","ITGA9_ITGB1",0.0191192818757316,0,"LAMC1_ITGA9_ITGB1","LAMC1 - (ITGA9+ITGB1)","LAMININ","ECM-Receptor","KEGG: hsa04512"
"Endothelial","FIB1","LAMC1","ITGA9_ITGB1",0.0360581679828658,0,"LAMC1_ITGA9_ITGB1","LAMC1 - (ITGA9+ITGB1)","LAMININ","ECM-Receptor","KEGG: hsa04512"
"Erythroblasts","FIB1","LAMC1","ITGA9_ITGB1",0.00572913242708251,0,"LAMC1_ITGA9_ITGB1","LAMC1 - (ITGA9+ITGB1)","LAMININ","ECM-Receptor","KEGG: hsa04512"
"EVT","FIB1","LAMC1","ITGA9_ITGB1",0.0169926905325408,0,"LAMC1_ITGA9_ITGB1","LAMC1 - (ITGA9+ITGB1)","LAMININ","ECM-Receptor","KEGG: hsa04512"
"EVT-progenitor","FIB1","LAMC1","ITGA9_ITGB1",0.0225293095152198,0,"LAMC1_ITGA9_ITGB1","LAMC1 - (ITGA9+ITGB1)","LAMININ","ECM-Receptor","KEGG: hsa04512"
"FIB1","FIB1","LAMC1","ITGA9_ITGB1",0.0225293095152198,0,"LAMC1_ITGA9_ITGB1","LAMC1 - (ITGA9+ITGB1)","LAMININ","ECM-Receptor","KEGG: hsa04512"
"FIB2","FIB1","LAMC1","ITGA9_ITGB1",0.0360581679828658,0,"LAMC1_ITGA9_ITGB1","LAMC1 - (ITGA9+ITGB1)","LAMININ","ECM-Receptor","KEGG: hsa04512"
"Hofbauer cells","FIB1","LAMC1","ITGA9_ITGB1",0.00572913242708251,0,"LAMC1_ITGA9_ITGB1","LAMC1 - (ITGA9+ITGB1)","LAMININ","ECM-Receptor","KEGG: hsa04512"
"STB","FIB1","LAMC1","ITGA9_ITGB1",0.00572913242708251,0,"LAMC1_ITGA9_ITGB1","LAMC1 - (ITGA9+ITGB1)","LAMININ","ECM-Receptor","KEGG: hsa04512"
"STB-progenitor","FIB1","LAMC1","ITGA9_ITGB1",0.00572913242708251,0,"LAMC1_ITGA9_ITGB1","LAMC1 - (ITGA9+ITGB1)","LAMININ","ECM-Receptor","KEGG: hsa04512"
"vCTB","FIB1","LAMC1","ITGA9_ITGB1",0.0360581679828658,0,"LAMC1_ITGA9_ITGB1","LAMC1 - (ITGA9+ITGB1)","LAMININ","ECM-Receptor","KEGG: hsa04512"
"Endothelial","Hofbauer cells","LAMC1","ITGA9_ITGB1",0.0233643155830455,0,"LAMC1_ITGA9_ITGB1","LAMC1 - (ITGA9+ITGB1)","LAMININ","ECM-Receptor","KEGG: hsa04512"
"Erythroblasts","Hofbauer cells","LAMC1","ITGA9_ITGB1",0.00367159107307641,0,"LAMC1_ITGA9_ITGB1","LAMC1 - (ITGA9+ITGB1)","LAMININ","ECM-Receptor","KEGG: hsa04512"
"EVT","Hofbauer cells","LAMC1","ITGA9_ITGB1",0.0109344793457203,0,"LAMC1_ITGA9_ITGB1","LAMC1 - (ITGA9+ITGB1)","LAMININ","ECM-Receptor","KEGG: hsa04512"
"EVT-progenitor","Hofbauer cells","LAMC1","ITGA9_ITGB1",0.0145263597341332,0,"LAMC1_ITGA9_ITGB1","LAMC1 - (ITGA9+ITGB1)","LAMININ","ECM-Receptor","KEGG: hsa04512"
"FIB1","Hofbauer cells","LAMC1","ITGA9_ITGB1",0.0145263597341332,0,"LAMC1_ITGA9_ITGB1","LAMC1 - (ITGA9+ITGB1)","LAMININ","ECM-Receptor","KEGG: hsa04512"
"FIB2","Hofbauer cells","LAMC1","ITGA9_ITGB1",0.0233643155830455,0,"LAMC1_ITGA9_ITGB1","LAMC1 - (ITGA9+ITGB1)","LAMININ","ECM-Receptor","KEGG: hsa04512"
"Hofbauer cells","Hofbauer cells","LAMC1","ITGA9_ITGB1",0.00367159107307641,0,"LAMC1_ITGA9_ITGB1","LAMC1 - (ITGA9+ITGB1)","LAMININ","ECM-Receptor","KEGG: hsa04512"
"STB","Hofbauer cells","LAMC1","ITGA9_ITGB1",0.00367159107307641,0,"LAMC1_ITGA9_ITGB1","LAMC1 - (ITGA9+ITGB1)","LAMININ","ECM-Receptor","KEGG: hsa04512"
"STB-progenitor","Hofbauer cells","LAMC1","ITGA9_ITGB1",0.00367159107307641,0,"LAMC1_ITGA9_ITGB1","LAMC1 - (ITGA9+ITGB1)","LAMININ","ECM-Receptor","KEGG: hsa04512"
"vCTB","Hofbauer cells","LAMC1","ITGA9_ITGB1",0.0233643155830455,0,"LAMC1_ITGA9_ITGB1","LAMC1 - (ITGA9+ITGB1)","LAMININ","ECM-Receptor","KEGG: hsa04512"
"FIB1","Endothelial","LAMC3","ITGA9_ITGB1",0.016221938114366,0,"LAMC3_ITGA9_ITGB1","LAMC3 - (ITGA9+ITGB1)","LAMININ","ECM-Receptor","KEGG: hsa04512"
"FIB2","Endothelial","LAMC3","ITGA9_ITGB1",0.0106493125178522,0,"LAMC3_ITGA9_ITGB1","LAMC3 - (ITGA9+ITGB1)","LAMININ","ECM-Receptor","KEGG: hsa04512"
"FIB1","FIB1","LAMC3","ITGA9_ITGB1",0.0306741716059105,0,"LAMC3_ITGA9_ITGB1","LAMC3 - (ITGA9+ITGB1)","LAMININ","ECM-Receptor","KEGG: hsa04512"
"FIB2","FIB1","LAMC3","ITGA9_ITGB1",0.0202389936642684,0,"LAMC3_ITGA9_ITGB1","LAMC3 - (ITGA9+ITGB1)","LAMININ","ECM-Receptor","KEGG: hsa04512"
"FIB1","Hofbauer cells","LAMC3","ITGA9_ITGB1",0.0198366872429763,0,"LAMC3_ITGA9_ITGB1","LAMC3 - (ITGA9+ITGB1)","LAMININ","ECM-Receptor","KEGG: hsa04512"
"FIB2","Hofbauer cells","LAMC3","ITGA9_ITGB1",0.0130387663582093,0,"LAMC3_ITGA9_ITGB1","LAMC3 - (ITGA9+ITGB1)","LAMININ","ECM-Receptor","KEGG: hsa04512"
"Endothelial","Endothelial","FN1","ITGAV_ITGB1",0.0484030824663676,0,"FN1_ITGAV_ITGB1","FN1 - (ITGAV+ITGB1)","FN1","ECM-Receptor","KEGG: hsa04512"
"EVT","Endothelial","FN1","ITGAV_ITGB1",0.100268342464181,0,"FN1_ITGAV_ITGB1","FN1 - (ITGAV+ITGB1)","FN1","ECM-Receptor","KEGG: hsa04512"
"EVT-progenitor","Endothelial","FN1","ITGAV_ITGB1",0.0509333994702768,0,"FN1_ITGAV_ITGB1","FN1 - (ITGAV+ITGB1)","FN1","ECM-Receptor","KEGG: hsa04512"
"FIB1","Endothelial","FN1","ITGAV_ITGB1",0.0616665619054463,0,"FN1_ITGAV_ITGB1","FN1 - (ITGAV+ITGB1)","FN1","ECM-Receptor","KEGG: hsa04512"
"FIB2","Endothelial","FN1","ITGAV_ITGB1",0.0672957460055379,0,"FN1_ITGAV_ITGB1","FN1 - (ITGAV+ITGB1)","FN1","ECM-Receptor","KEGG: hsa04512"
"Endothelial","EVT","FN1","ITGAV_ITGB1",0.0428393037477314,0,"FN1_ITGAV_ITGB1","FN1 - (ITGAV+ITGB1)","FN1","ECM-Receptor","KEGG: hsa04512"
"EVT","EVT","FN1","ITGAV_ITGB1",0.0893022968207693,0,"FN1_ITGAV_ITGB1","FN1 - (ITGAV+ITGB1)","FN1","ECM-Receptor","KEGG: hsa04512"
"EVT-progenitor","EVT","FN1","ITGAV_ITGB1",0.04509255130532,0,"FN1_ITGAV_ITGB1","FN1 - (ITGAV+ITGB1)","FN1","ECM-Receptor","KEGG: hsa04512"
"FIB1","EVT","FN1","ITGAV_ITGB1",0.0546657712476217,0,"FN1_ITGAV_ITGB1","FN1 - (ITGAV+ITGB1)","FN1","ECM-Receptor","KEGG: hsa04512"
"FIB2","EVT","FN1","ITGAV_ITGB1",0.059696550577448,0,"FN1_ITGAV_ITGB1","FN1 - (ITGAV+ITGB1)","FN1","ECM-Receptor","KEGG: hsa04512"
"Endothelial","EVT-progenitor","FN1","ITGAV_ITGB1",0.0603088357904447,0,"FN1_ITGAV_ITGB1","FN1 - (ITGAV+ITGB1)","FN1","ECM-Receptor","KEGG: hsa04512"
"EVT","EVT-progenitor","FN1","ITGAV_ITGB1",0.123278738402689,0,"FN1_ITGAV_ITGB1","FN1 - (ITGAV+ITGB1)","FN1","ECM-Receptor","KEGG: hsa04512"
"EVT-progenitor","EVT-progenitor","FN1","ITGAV_ITGB1",0.0634200579376272,0,"FN1_ITGAV_ITGB1","FN1 - (ITGAV+ITGB1)","FN1","ECM-Receptor","KEGG: hsa04512"
"FIB1","EVT-progenitor","FN1","ITGAV_ITGB1",0.0765722278804295,0,"FN1_ITGAV_ITGB1","FN1 - (ITGAV+ITGB1)","FN1","ECM-Receptor","KEGG: hsa04512"
"FIB2","EVT-progenitor","FN1","ITGAV_ITGB1",0.0834410684437804,0,"FN1_ITGAV_ITGB1","FN1 - (ITGAV+ITGB1)","FN1","ECM-Receptor","KEGG: hsa04512"
"EVT","FIB1","FN1","ITGAV_ITGB1",0.0469995424272687,0,"FN1_ITGAV_ITGB1","FN1 - (ITGAV+ITGB1)","FN1","ECM-Receptor","KEGG: hsa04512"
"FIB1","FIB1","FN1","ITGAV_ITGB1",0.0282612742881578,0,"FN1_ITGAV_ITGB1","FN1 - (ITGAV+ITGB1)","FN1","ECM-Receptor","KEGG: hsa04512"
"FIB2","FIB1","FN1","ITGAV_ITGB1",0.0309416361707866,0,"FN1_ITGAV_ITGB1","FN1 - (ITGAV+ITGB1)","FN1","ECM-Receptor","KEGG: hsa04512"
"EVT","FIB2","FN1","ITGAV_ITGB1",0.0469995424272687,0,"FN1_ITGAV_ITGB1","FN1 - (ITGAV+ITGB1)","FN1","ECM-Receptor","KEGG: hsa04512"
"FIB1","FIB2","FN1","ITGAV_ITGB1",0.0282612742881578,0,"FN1_ITGAV_ITGB1","FN1 - (ITGAV+ITGB1)","FN1","ECM-Receptor","KEGG: hsa04512"
"FIB2","FIB2","FN1","ITGAV_ITGB1",0.0309416361707866,0,"FN1_ITGAV_ITGB1","FN1 - (ITGAV+ITGB1)","FN1","ECM-Receptor","KEGG: hsa04512"
"Endothelial","Hofbauer cells","FN1","ITGAV_ITGB1",0.0271959964569847,0,"FN1_ITGAV_ITGB1","FN1 - (ITGAV+ITGB1)","FN1","ECM-Receptor","KEGG: hsa04512"
"EVT","Hofbauer cells","FN1","ITGAV_ITGB1",0.0577155065607857,0,"FN1_ITGAV_ITGB1","FN1 - (ITGAV+ITGB1)","FN1","ECM-Receptor","KEGG: hsa04512"
"EVT-progenitor","Hofbauer cells","FN1","ITGAV_ITGB1",0.0286510717463225,0,"FN1_ITGAV_ITGB1","FN1 - (ITGAV+ITGB1)","FN1","ECM-Receptor","KEGG: hsa04512"
"FIB1","Hofbauer cells","FN1","ITGAV_ITGB1",0.0348611704983735,0,"FN1_ITGAV_ITGB1","FN1 - (ITGAV+ITGB1)","FN1","ECM-Receptor","KEGG: hsa04512"
"FIB2","Hofbauer cells","FN1","ITGAV_ITGB1",0.038142911278316,0,"FN1_ITGAV_ITGB1","FN1 - (ITGAV+ITGB1)","FN1","ECM-Receptor","KEGG: hsa04512"
"EVT","STB","FN1","ITGAV_ITGB1",0.0446062024454048,0,"FN1_ITGAV_ITGB1","FN1 - (ITGAV+ITGB1)","FN1","ECM-Receptor","KEGG: hsa04512"
"FIB1","STB","FN1","ITGAV_ITGB1",0.0267953069871983,0,"FN1_ITGAV_ITGB1","FN1 - (ITGAV+ITGB1)","FN1","ECM-Receptor","KEGG: hsa04512"
"FIB2","STB","FN1","ITGAV_ITGB1",0.0293408313446236,0,"FN1_ITGAV_ITGB1","FN1 - (ITGAV+ITGB1)","FN1","ECM-Receptor","KEGG: hsa04512"
"EVT","STB-progenitor","FN1","ITGAV_ITGB1",0.0328409088044572,0,"FN1_ITGAV_ITGB1","FN1 - (ITGAV+ITGB1)","FN1","ECM-Receptor","KEGG: hsa04512"
"Endothelial","vCTB","FN1","ITGAV_ITGB1",0.0524783526736292,0,"FN1_ITGAV_ITGB1","FN1 - (ITGAV+ITGB1)","FN1","ECM-Receptor","KEGG: hsa04512"
"EVT","vCTB","FN1","ITGAV_ITGB1",0.108213798572461,0,"FN1_ITGAV_ITGB1","FN1 - (ITGAV+ITGB1)","FN1","ECM-Receptor","KEGG: hsa04512"
"EVT-progenitor","vCTB","FN1","ITGAV_ITGB1",0.0552093483051864,0,"FN1_ITGAV_ITGB1","FN1 - (ITGAV+ITGB1)","FN1","ECM-Receptor","KEGG: hsa04512"
"FIB1","vCTB","FN1","ITGAV_ITGB1",0.0667801758862386,0,"FN1_ITGAV_ITGB1","FN1 - (ITGAV+ITGB1)","FN1","ECM-Receptor","KEGG: hsa04512"
"FIB2","vCTB","FN1","ITGAV_ITGB1",0.0728399166206322,0,"FN1_ITGAV_ITGB1","FN1 - (ITGAV+ITGB1)","FN1","ECM-Receptor","KEGG: hsa04512"
"FIB2","Endothelial","VTN","ITGAV_ITGB1",0.00529755953071849,0,"VTN_ITGAV_ITGB1","VTN - (ITGAV+ITGB1)","VTN","ECM-Receptor","KEGG: hsa04512"
"FIB2","Erythroblasts","VTN","ITGAV_ITGB1",0.00117703904762372,0,"VTN_ITGAV_ITGB1","VTN - (ITGAV+ITGB1)","VTN","ECM-Receptor","KEGG: hsa04512"
"FIB2","EVT","VTN","ITGAV_ITGB1",0.00466433550593498,0,"VTN_ITGAV_ITGB1","VTN - (ITGAV+ITGB1)","VTN","ECM-Receptor","KEGG: hsa04512"
"FIB2","EVT-progenitor","VTN","ITGAV_ITGB1",0.00667497811521689,0,"VTN_ITGAV_ITGB1","VTN - (ITGAV+ITGB1)","VTN","ECM-Receptor","KEGG: hsa04512"
"FIB2","FIB1","VTN","ITGAV_ITGB1",0.00235131051096295,0,"VTN_ITGAV_ITGB1","VTN - (ITGAV+ITGB1)","VTN","ECM-Receptor","KEGG: hsa04512"
"FIB2","FIB2","VTN","ITGAV_ITGB1",0.00235131051096295,0,"VTN_ITGAV_ITGB1","VTN - (ITGAV+ITGB1)","VTN","ECM-Receptor","KEGG: hsa04512"
"FIB2","Hofbauer cells","VTN","ITGAV_ITGB1",0.00291858882575597,0,"VTN_ITGAV_ITGB1","VTN - (ITGAV+ITGB1)","VTN","ECM-Receptor","KEGG: hsa04512"
"FIB2","STB","VTN","ITGAV_ITGB1",0.00222626433884039,0,"VTN_ITGAV_ITGB1","VTN - (ITGAV+ITGB1)","VTN","ECM-Receptor","KEGG: hsa04512"
"FIB2","STB-progenitor","VTN","ITGAV_ITGB1",0.00162011148405571,0,"VTN_ITGAV_ITGB1","VTN - (ITGAV+ITGB1)","VTN","ECM-Receptor","KEGG: hsa04512"
"FIB2","vCTB","VTN","ITGAV_ITGB1",0.00576557358146958,0,"VTN_ITGAV_ITGB1","VTN - (ITGAV+ITGB1)","VTN","ECM-Receptor","KEGG: hsa04512"
"Endothelial","STB","FN1","ITGAV_ITGB3",0.0208652906591827,0,"FN1_ITGAV_ITGB3","FN1 - (ITGAV+ITGB3)","FN1","ECM-Receptor","KEGG: hsa04512"
"Erythroblasts","STB","FN1","ITGAV_ITGB3",0.00222626433884039,0,"FN1_ITGAV_ITGB3","FN1 - (ITGAV+ITGB3)","FN1","ECM-Receptor","KEGG: hsa04512"
"EVT","STB","FN1","ITGAV_ITGB3",0.0446062024454048,0,"FN1_ITGAV_ITGB3","FN1 - (ITGAV+ITGB3)","FN1","ECM-Receptor","KEGG: hsa04512"
"EVT-progenitor","STB","FN1","ITGAV_ITGB3",0.0219893086576911,0,"FN1_ITGAV_ITGB3","FN1 - (ITGAV+ITGB3)","FN1","ECM-Receptor","KEGG: hsa04512"
"FIB1","STB","FN1","ITGAV_ITGB3",0.0267953069871983,0,"FN1_ITGAV_ITGB3","FN1 - (ITGAV+ITGB3)","FN1","ECM-Receptor","KEGG: hsa04512"
"FIB2","STB","FN1","ITGAV_ITGB3",0.0293408313446236,0,"FN1_ITGAV_ITGB3","FN1 - (ITGAV+ITGB3)","FN1","ECM-Receptor","KEGG: hsa04512"
"Hofbauer cells","STB","FN1","ITGAV_ITGB3",0.00222626433884039,0,"FN1_ITGAV_ITGB3","FN1 - (ITGAV+ITGB3)","FN1","ECM-Receptor","KEGG: hsa04512"
"STB","STB","FN1","ITGAV_ITGB3",0.00222626433884039,0,"FN1_ITGAV_ITGB3","FN1 - (ITGAV+ITGB3)","FN1","ECM-Receptor","KEGG: hsa04512"
"vCTB","STB","FN1","ITGAV_ITGB3",0.00222626433884039,0,"FN1_ITGAV_ITGB3","FN1 - (ITGAV+ITGB3)","FN1","ECM-Receptor","KEGG: hsa04512"
"FIB2","STB","VTN","ITGAV_ITGB3",0.00222626433884039,0,"VTN_ITGAV_ITGB3","VTN - (ITGAV+ITGB3)","VTN","ECM-Receptor","KEGG: hsa04512"
"Endothelial","STB","VWF","ITGAV_ITGB3",0.00222626433884039,0,"VWF_ITGAV_ITGB3","VWF - (ITGAV+ITGB3)","VWF","ECM-Receptor","KEGG: hsa04512"
"FIB2","STB","TNXB","ITGAV_ITGB3",0.00222626433884039,0,"TNXB_ITGAV_ITGB3","TNXB - (ITGAV+ITGB3)","TENASCIN","ECM-Receptor","KEGG: hsa04512"
"FIB2","Erythroblasts","VTN","ITGAV_ITGB5",0.00117703904762372,0,"VTN_ITGAV_ITGB5","VTN - (ITGAV+ITGB5)","VTN","ECM-Receptor","KEGG: hsa04512"
"FIB2","Hofbauer cells","VTN","ITGAV_ITGB5",0.00235131051096295,0,"VTN_ITGAV_ITGB5","VTN - (ITGAV+ITGB5)","VTN","ECM-Receptor","KEGG: hsa04512"
"FIB2","STB-progenitor","VTN","ITGAV_ITGB5",0.00228964711489756,0,"VTN_ITGAV_ITGB5","VTN - (ITGAV+ITGB5)","VTN","ECM-Receptor","KEGG: hsa04512"
"FIB2","vCTB","VTN","ITGAV_ITGB5",0.00576557358146958,0,"VTN_ITGAV_ITGB5","VTN - (ITGAV+ITGB5)","VTN","ECM-Receptor","KEGG: hsa04512"
"FIB2","vCTB","VTN","ITGAV_ITGB8",0.00576557358146958,0,"VTN_ITGAV_ITGB8","VTN - (ITGAV+ITGB8)","VTN","ECM-Receptor","KEGG: hsa04512"
"Endothelial","vCTB","FN1","ITGAV_ITGB8",0.0524783526736292,0,"FN1_ITGAV_ITGB8","FN1 - (ITGAV+ITGB8)","FN1","ECM-Receptor","KEGG: hsa04512"
"Erythroblasts","vCTB","FN1","ITGAV_ITGB8",0.00576557358146958,0,"FN1_ITGAV_ITGB8","FN1 - (ITGAV+ITGB8)","FN1","ECM-Receptor","KEGG: hsa04512"
"EVT","vCTB","FN1","ITGAV_ITGB8",0.108213798572461,0,"FN1_ITGAV_ITGB8","FN1 - (ITGAV+ITGB8)","FN1","ECM-Receptor","KEGG: hsa04512"
"EVT-progenitor","vCTB","FN1","ITGAV_ITGB8",0.0552093483051864,0,"FN1_ITGAV_ITGB8","FN1 - (ITGAV+ITGB8)","FN1","ECM-Receptor","KEGG: hsa04512"
"FIB1","vCTB","FN1","ITGAV_ITGB8",0.0667801758862386,0,"FN1_ITGAV_ITGB8","FN1 - (ITGAV+ITGB8)","FN1","ECM-Receptor","KEGG: hsa04512"
"FIB2","vCTB","FN1","ITGAV_ITGB8",0.0728399166206322,0,"FN1_ITGAV_ITGB8","FN1 - (ITGAV+ITGB8)","FN1","ECM-Receptor","KEGG: hsa04512"
"Hofbauer cells","vCTB","FN1","ITGAV_ITGB8",0.00576557358146958,0,"FN1_ITGAV_ITGB8","FN1 - (ITGAV+ITGB8)","FN1","ECM-Receptor","KEGG: hsa04512"
"STB","vCTB","FN1","ITGAV_ITGB8",0.00576557358146958,0,"FN1_ITGAV_ITGB8","FN1 - (ITGAV+ITGB8)","FN1","ECM-Receptor","KEGG: hsa04512"
"vCTB","vCTB","FN1","ITGAV_ITGB8",0.00576557358146958,0,"FN1_ITGAV_ITGB8","FN1 - (ITGAV+ITGB8)","FN1","ECM-Receptor","KEGG: hsa04512"
"Endothelial","vCTB","LAMA2","ITGAV_ITGB8",0.0538603123180952,0,"LAMA2_ITGAV_ITGB8","LAMA2 - (ITGAV+ITGB8)","LAMININ","ECM-Receptor","KEGG: hsa04512"
"Erythroblasts","vCTB","LAMA2","ITGAV_ITGB8",0.00576557358146958,0,"LAMA2_ITGAV_ITGB8","LAMA2 - (ITGAV+ITGB8)","LAMININ","ECM-Receptor","KEGG: hsa04512"
"EVT-progenitor","vCTB","LAMA2","ITGAV_ITGB8",0.0226701746458029,0,"LAMA2_ITGAV_ITGB8","LAMA2 - (ITGAV+ITGB8)","LAMININ","ECM-Receptor","KEGG: hsa04512"
"FIB1","vCTB","LAMA2","ITGAV_ITGB8",0.101847946781319,0,"LAMA2_ITGAV_ITGB8","LAMA2 - (ITGAV+ITGB8)","LAMININ","ECM-Receptor","KEGG: hsa04512"
"FIB2","vCTB","LAMA2","ITGAV_ITGB8",0.108388428770881,0,"LAMA2_ITGAV_ITGB8","LAMA2 - (ITGAV+ITGB8)","LAMININ","ECM-Receptor","KEGG: hsa04512"
"Hofbauer cells","vCTB","LAMA2","ITGAV_ITGB8",0.00576557358146958,0,"LAMA2_ITGAV_ITGB8","LAMA2 - (ITGAV+ITGB8)","LAMININ","ECM-Receptor","KEGG: hsa04512"
"STB","vCTB","LAMA2","ITGAV_ITGB8",0.00576557358146958,0,"LAMA2_ITGAV_ITGB8","LAMA2 - (ITGAV+ITGB8)","LAMININ","ECM-Receptor","KEGG: hsa04512"
"vCTB","vCTB","LAMA2","ITGAV_ITGB8",0.00576557358146958,0,"LAMA2_ITGAV_ITGB8","LAMA2 - (ITGAV+ITGB8)","LAMININ","ECM-Receptor","KEGG: hsa04512"
"STB","vCTB","LAMA3","ITGAV_ITGB8",0.00910750155819327,0,"LAMA3_ITGAV_ITGB8","LAMA3 - (ITGAV+ITGB8)","LAMININ","ECM-Receptor","KEGG: hsa04512"
"EVT","vCTB","LAMA4","ITGAV_ITGB8",0.032294874542817,0,"LAMA4_ITGAV_ITGB8","LAMA4 - (ITGAV+ITGB8)","LAMININ","ECM-Receptor","KEGG: hsa04512"
"vCTB","vCTB","LAMA5","ITGAV_ITGB8",0.00576557358146958,0,"LAMA5_ITGAV_ITGB8","LAMA5 - (ITGAV+ITGB8)","LAMININ","ECM-Receptor","KEGG: hsa04512"
"Erythroblasts","vCTB","LAMB1","ITGAV_ITGB8",0.00576557358146958,0,"LAMB1_ITGAV_ITGB8","LAMB1 - (ITGAV+ITGB8)","LAMININ","ECM-Receptor","KEGG: hsa04512"
"EVT","vCTB","LAMB1","ITGAV_ITGB8",0.0114650446046562,0,"LAMB1_ITGAV_ITGB8","LAMB1 - (ITGAV+ITGB8)","LAMININ","ECM-Receptor","KEGG: hsa04512"
"EVT-progenitor","vCTB","LAMB1","ITGAV_ITGB8",0.0170995433931236,0,"LAMB1_ITGAV_ITGB8","LAMB1 - (ITGAV+ITGB8)","LAMININ","ECM-Receptor","KEGG: hsa04512"
"FIB1","vCTB","LAMB1","ITGAV_ITGB8",0.020365836897803,0,"LAMB1_ITGAV_ITGB8","LAMB1 - (ITGAV+ITGB8)","LAMININ","ECM-Receptor","KEGG: hsa04512"
"FIB2","vCTB","LAMB1","ITGAV_ITGB8",0.0226701746458029,0,"LAMB1_ITGAV_ITGB8","LAMB1 - (ITGAV+ITGB8)","LAMININ","ECM-Receptor","KEGG: hsa04512"
"vCTB","vCTB","LAMB1","ITGAV_ITGB8",0.0407305068839286,0,"LAMB1_ITGAV_ITGB8","LAMB1 - (ITGAV+ITGB8)","LAMININ","ECM-Receptor","KEGG: hsa04512"
"Endothelial","vCTB","LAMB2","ITGAV_ITGB8",0.00144765330912305,0,"LAMB2_ITGAV_ITGB8","LAMB2 - (ITGAV+ITGB8)","LAMININ","ECM-Receptor","KEGG: hsa04512"
"FIB2","vCTB","LAMB2","ITGAV_ITGB8",0.00576557358146958,0,"LAMB2_ITGAV_ITGB8","LAMB2 - (ITGAV+ITGB8)","LAMININ","ECM-Receptor","KEGG: hsa04512"
"Endothelial","vCTB","LAMC1","ITGAV_ITGB8",0.0362804829899458,0,"LAMC1_ITGAV_ITGB8","LAMC1 - (ITGAV+ITGB8)","LAMININ","ECM-Receptor","KEGG: hsa04512"
"Erythroblasts","vCTB","LAMC1","ITGAV_ITGB8",0.00576557358146958,0,"LAMC1_ITGAV_ITGB8","LAMC1 - (ITGAV+ITGB8)","LAMININ","ECM-Receptor","KEGG: hsa04512"
"EVT","vCTB","LAMC1","ITGAV_ITGB8",0.0170995433931236,0,"LAMC1_ITGAV_ITGB8","LAMC1 - (ITGAV+ITGB8)","LAMININ","ECM-Receptor","KEGG: hsa04512"
"EVT-progenitor","vCTB","LAMC1","ITGAV_ITGB8",0.0226701746458029,0,"LAMC1_ITGAV_ITGB8","LAMC1 - (ITGAV+ITGB8)","LAMININ","ECM-Receptor","KEGG: hsa04512"
"FIB1","vCTB","LAMC1","ITGAV_ITGB8",0.0226701746458029,0,"LAMC1_ITGAV_ITGB8","LAMC1 - (ITGAV+ITGB8)","LAMININ","ECM-Receptor","KEGG: hsa04512"
"FIB2","vCTB","LAMC1","ITGAV_ITGB8",0.0362804829899458,0,"LAMC1_ITGAV_ITGB8","LAMC1 - (ITGAV+ITGB8)","LAMININ","ECM-Receptor","KEGG: hsa04512"
"Hofbauer cells","vCTB","LAMC1","ITGAV_ITGB8",0.00576557358146958,0,"LAMC1_ITGAV_ITGB8","LAMC1 - (ITGAV+ITGB8)","LAMININ","ECM-Receptor","KEGG: hsa04512"
"STB","vCTB","LAMC1","ITGAV_ITGB8",0.00576557358146958,0,"LAMC1_ITGAV_ITGB8","LAMC1 - (ITGAV+ITGB8)","LAMININ","ECM-Receptor","KEGG: hsa04512"
"STB-progenitor","vCTB","LAMC1","ITGAV_ITGB8",0.00576557358146958,0,"LAMC1_ITGAV_ITGB8","LAMC1 - (ITGAV+ITGB8)","LAMININ","ECM-Receptor","KEGG: hsa04512"
"vCTB","vCTB","LAMC1","ITGAV_ITGB8",0.0362804829899458,0,"LAMC1_ITGAV_ITGB8","LAMC1 - (ITGAV+ITGB8)","LAMININ","ECM-Receptor","KEGG: hsa04512"
"FIB1","vCTB","LAMC3","ITGAV_ITGB8",0.0308643546868248,0,"LAMC3_ITGAV_ITGB8","LAMC3 - (ITGAV+ITGB8)","LAMININ","ECM-Receptor","KEGG: hsa04512"
"FIB2","vCTB","LAMC3","ITGAV_ITGB8",0.020365836897803,0,"LAMC3_ITGAV_ITGB8","LAMC3 - (ITGAV+ITGB8)","LAMININ","ECM-Receptor","KEGG: hsa04512"
"Erythroblasts","vCTB","COL1A1","ITGAV_ITGB8",0.00576557358146958,0,"COL1A1_ITGAV_ITGB8","COL1A1 - (ITGAV+ITGB8)","COLLAGEN","ECM-Receptor","KEGG: hsa04512"
"EVT-progenitor","vCTB","COL1A1","ITGAV_ITGB8",0.0170995433931236,0,"COL1A1_ITGAV_ITGB8","COL1A1 - (ITGAV+ITGB8)","COLLAGEN","ECM-Receptor","KEGG: hsa04512"
"FIB1","vCTB","COL1A1","ITGAV_ITGB8",0.0433138827679162,0,"COL1A1_ITGAV_ITGB8","COL1A1 - (ITGAV+ITGB8)","COLLAGEN","ECM-Receptor","KEGG: hsa04512"
"FIB2","vCTB","COL1A1","ITGAV_ITGB8",0.0738567131587126,0,"COL1A1_ITGAV_ITGB8","COL1A1 - (ITGAV+ITGB8)","COLLAGEN","ECM-Receptor","KEGG: hsa04512"
"Endothelial","vCTB","COL1A2","ITGAV_ITGB8",0.00144765330912305,0,"COL1A2_ITGAV_ITGB8","COL1A2 - (ITGAV+ITGB8)","COLLAGEN","ECM-Receptor","KEGG: hsa04512"
"Erythroblasts","vCTB","COL1A2","ITGAV_ITGB8",0.00576557358146958,0,"COL1A2_ITGAV_ITGB8","COL1A2 - (ITGAV+ITGB8)","COLLAGEN","ECM-Receptor","KEGG: hsa04512"
"EVT-progenitor","vCTB","COL1A2","ITGAV_ITGB8",0.0226701746458029,0,"COL1A2_ITGAV_ITGB8","COL1A2 - (ITGAV+ITGB8)","COLLAGEN","ECM-Receptor","KEGG: hsa04512"
"FIB1","vCTB","COL1A2","ITGAV_ITGB8",0.0552093483051864,0,"COL1A2_ITGAV_ITGB8","COL1A2 - (ITGAV+ITGB8)","COLLAGEN","ECM-Receptor","KEGG: hsa04512"
"FIB2","vCTB","COL1A2","ITGAV_ITGB8",0.0712482850031244,0,"COL1A2_ITGAV_ITGB8","COL1A2 - (ITGAV+ITGB8)","COLLAGEN","ECM-Receptor","KEGG: hsa04512"
"Hofbauer cells","vCTB","COL1A2","ITGAV_ITGB8",0.0226701746458029,0,"COL1A2_ITGAV_ITGB8","COL1A2 - (ITGAV+ITGB8)","COLLAGEN","ECM-Receptor","KEGG: hsa04512"
"Endothelial","vCTB","COL4A1","ITGAV_ITGB8",0.0674326441093156,0,"COL4A1_ITGAV_ITGB8","COL4A1 - (ITGAV+ITGB8)","COLLAGEN","ECM-Receptor","KEGG: hsa04512"
"Erythroblasts","vCTB","COL4A1","ITGAV_ITGB8",0.00576557358146958,0,"COL4A1_ITGAV_ITGB8","COL4A1 - (ITGAV+ITGB8)","COLLAGEN","ECM-Receptor","KEGG: hsa04512"
"EVT","vCTB","COL4A1","ITGAV_ITGB8",0.0755412642536517,0,"COL4A1_ITGAV_ITGB8","COL4A1 - (ITGAV+ITGB8)","COLLAGEN","ECM-Receptor","KEGG: hsa04512"
"EVT-progenitor","vCTB","COL4A1","ITGAV_ITGB8",0.0367816963648402,0,"COL4A1_ITGAV_ITGB8","COL4A1 - (ITGAV+ITGB8)","COLLAGEN","ECM-Receptor","KEGG: hsa04512"
"FIB1","vCTB","COL4A1","ITGAV_ITGB8",0.0659673763076222,0,"COL4A1_ITGAV_ITGB8","COL4A1 - (ITGAV+ITGB8)","COLLAGEN","ECM-Receptor","KEGG: hsa04512"
"FIB2","vCTB","COL4A1","ITGAV_ITGB8",0.0626293471705269,0,"COL4A1_ITGAV_ITGB8","COL4A1 - (ITGAV+ITGB8)","COLLAGEN","ECM-Receptor","KEGG: hsa04512"
"Hofbauer cells","vCTB","COL4A1","ITGAV_ITGB8",0.00576557358146958,0,"COL4A1_ITGAV_ITGB8","COL4A1 - (ITGAV+ITGB8)","COLLAGEN","ECM-Receptor","KEGG: hsa04512"
"STB","vCTB","COL4A1","ITGAV_ITGB8",0.00576557358146958,0,"COL4A1_ITGAV_ITGB8","COL4A1 - (ITGAV+ITGB8)","COLLAGEN","ECM-Receptor","KEGG: hsa04512"
"vCTB","vCTB","COL4A1","ITGAV_ITGB8",0.00576557358146958,0,"COL4A1_ITGAV_ITGB8","COL4A1 - (ITGAV+ITGB8)","COLLAGEN","ECM-Receptor","KEGG: hsa04512"
"Endothelial","vCTB","COL4A2","ITGAV_ITGB8",0.0696540027658207,0,"COL4A2_ITGAV_ITGB8","COL4A2 - (ITGAV+ITGB8)","COLLAGEN","ECM-Receptor","KEGG: hsa04512"
"Erythroblasts","vCTB","COL4A2","ITGAV_ITGB8",0.00576557358146958,0,"COL4A2_ITGAV_ITGB8","COL4A2 - (ITGAV+ITGB8)","COLLAGEN","ECM-Receptor","KEGG: hsa04512"
"EVT","vCTB","COL4A2","ITGAV_ITGB8",0.0766804542213536,0,"COL4A2_ITGAV_ITGB8","COL4A2 - (ITGAV+ITGB8)","COLLAGEN","ECM-Receptor","KEGG: hsa04512"
"EVT-progenitor","vCTB","COL4A2","ITGAV_ITGB8",0.0313712160748343,0,"COL4A2_ITGAV_ITGB8","COL4A2 - (ITGAV+ITGB8)","COLLAGEN","ECM-Receptor","KEGG: hsa04512"
"FIB1","vCTB","COL4A2","ITGAV_ITGB8",0.065264834481341,0,"COL4A2_ITGAV_ITGB8","COL4A2 - (ITGAV+ITGB8)","COLLAGEN","ECM-Receptor","KEGG: hsa04512"
"FIB2","vCTB","COL4A2","ITGAV_ITGB8",0.0603438153269544,0,"COL4A2_ITGAV_ITGB8","COL4A2 - (ITGAV+ITGB8)","COLLAGEN","ECM-Receptor","KEGG: hsa04512"
"Hofbauer cells","vCTB","COL4A2","ITGAV_ITGB8",0.00576557358146958,0,"COL4A2_ITGAV_ITGB8","COL4A2 - (ITGAV+ITGB8)","COLLAGEN","ECM-Receptor","KEGG: hsa04512"
"STB","vCTB","COL4A2","ITGAV_ITGB8",0.00576557358146958,0,"COL4A2_ITGAV_ITGB8","COL4A2 - (ITGAV+ITGB8)","COLLAGEN","ECM-Receptor","KEGG: hsa04512"
"vCTB","vCTB","COL4A2","ITGAV_ITGB8",0.0226701746458029,0,"COL4A2_ITGAV_ITGB8","COL4A2 - (ITGAV+ITGB8)","COLLAGEN","ECM-Receptor","KEGG: hsa04512"
"Endothelial","vCTB","COL4A5","ITGAV_ITGB8",0.00576557358146958,0,"COL4A5_ITGAV_ITGB8","COL4A5 - (ITGAV+ITGB8)","COLLAGEN","ECM-Receptor","KEGG: hsa04512"
"FIB1","vCTB","COL4A5","ITGAV_ITGB8",0.0328983489763922,0,"COL4A5_ITGAV_ITGB8","COL4A5 - (ITGAV+ITGB8)","COLLAGEN","ECM-Receptor","KEGG: hsa04512"
"FIB2","vCTB","COL4A5","ITGAV_ITGB8",0.00576557358146958,0,"COL4A5_ITGAV_ITGB8","COL4A5 - (ITGAV+ITGB8)","COLLAGEN","ECM-Receptor","KEGG: hsa04512"
"FIB1","vCTB","COL4A6","ITGAV_ITGB8",0.00576557358146958,0,"COL4A6_ITGAV_ITGB8","COL4A6 - (ITGAV+ITGB8)","COLLAGEN","ECM-Receptor","KEGG: hsa04512"
"EVT-progenitor","vCTB","COL6A1","ITGAV_ITGB8",0.00576557358146958,0,"COL6A1_ITGAV_ITGB8","COL6A1 - (ITGAV+ITGB8)","COLLAGEN","ECM-Receptor","KEGG: hsa04512"
"FIB1","vCTB","COL6A1","ITGAV_ITGB8",0.0433138827679162,0,"COL6A1_ITGAV_ITGB8","COL6A1 - (ITGAV+ITGB8)","COLLAGEN","ECM-Receptor","KEGG: hsa04512"
"FIB2","vCTB","COL6A1","ITGAV_ITGB8",0.0552093483051864,0,"COL6A1_ITGAV_ITGB8","COL6A1 - (ITGAV+ITGB8)","COLLAGEN","ECM-Receptor","KEGG: hsa04512"
"Endothelial","vCTB","COL6A2","ITGAV_ITGB8",0.00576557358146958,0,"COL6A2_ITGAV_ITGB8","COL6A2 - (ITGAV+ITGB8)","COLLAGEN","ECM-Receptor","KEGG: hsa04512"
"EVT-progenitor","vCTB","COL6A2","ITGAV_ITGB8",0.0170995433931236,0,"COL6A2_ITGAV_ITGB8","COL6A2 - (ITGAV+ITGB8)","COLLAGEN","ECM-Receptor","KEGG: hsa04512"
"FIB1","vCTB","COL6A2","ITGAV_ITGB8",0.0535399865507549,0,"COL6A2_ITGAV_ITGB8","COL6A2 - (ITGAV+ITGB8)","COLLAGEN","ECM-Receptor","KEGG: hsa04512"
"FIB2","vCTB","COL6A2","ITGAV_ITGB8",0.0671629638329516,0,"COL6A2_ITGAV_ITGB8","COL6A2 - (ITGAV+ITGB8)","COLLAGEN","ECM-Receptor","KEGG: hsa04512"
"EVT-progenitor","vCTB","COL6A3","ITGAV_ITGB8",0.0170995433931236,0,"COL6A3_ITGAV_ITGB8","COL6A3 - (ITGAV+ITGB8)","COLLAGEN","ECM-Receptor","KEGG: hsa04512"
"FIB1","vCTB","COL6A3","ITGAV_ITGB8",0.0705330473663295,0,"COL6A3_ITGAV_ITGB8","COL6A3 - (ITGAV+ITGB8)","COLLAGEN","ECM-Receptor","KEGG: hsa04512"
"FIB2","vCTB","COL6A3","ITGAV_ITGB8",0.0538398247572686,0,"COL6A3_ITGAV_ITGB8","COL6A3 - (ITGAV+ITGB8)","COLLAGEN","ECM-Receptor","KEGG: hsa04512"
"FIB1","vCTB","COL6A6","ITGAV_ITGB8",0.00910750155819327,0,"COL6A6_ITGAV_ITGB8","COL6A6 - (ITGAV+ITGB8)","COLLAGEN","ECM-Receptor","KEGG: hsa04512"
"FIB2","vCTB","COL6A6","ITGAV_ITGB8",0.00576557358146958,0,"COL6A6_ITGAV_ITGB8","COL6A6 - (ITGAV+ITGB8)","COLLAGEN","ECM-Receptor","KEGG: hsa04512"
"Endothelial","vCTB","LAMA2","ITGA6_ITGB4",0.0405735645623367,0,"LAMA2_ITGA6_ITGB4","LAMA2 - (ITGA6+ITGB4)","LAMININ","ECM-Receptor","KEGG: hsa04512"
"Erythroblasts","vCTB","LAMA2","ITGA6_ITGB4",0.00428948045931604,0,"LAMA2_ITGA6_ITGB4","LAMA2 - (ITGA6+ITGB4)","LAMININ","ECM-Receptor","KEGG: hsa04512"
"EVT-progenitor","vCTB","LAMA2","ITGA6_ITGB4",0.0169399313240738,0,"LAMA2_ITGA6_ITGB4","LAMA2 - (ITGA6+ITGB4)","LAMININ","ECM-Receptor","KEGG: hsa04512"
"FIB1","vCTB","LAMA2","ITGA6_ITGB4",0.0776952936011031,0,"LAMA2_ITGA6_ITGB4","LAMA2 - (ITGA6+ITGB4)","LAMININ","ECM-Receptor","KEGG: hsa04512"
"FIB2","vCTB","LAMA2","ITGA6_ITGB4",0.082827775027059,0,"LAMA2_ITGA6_ITGB4","LAMA2 - (ITGA6+ITGB4)","LAMININ","ECM-Receptor","KEGG: hsa04512"
"Hofbauer cells","vCTB","LAMA2","ITGA6_ITGB4",0.00428948045931604,0,"LAMA2_ITGA6_ITGB4","LAMA2 - (ITGA6+ITGB4)","LAMININ","ECM-Receptor","KEGG: hsa04512"
"STB","vCTB","LAMA2","ITGA6_ITGB4",0.00428948045931604,0,"LAMA2_ITGA6_ITGB4","LAMA2 - (ITGA6+ITGB4)","LAMININ","ECM-Receptor","KEGG: hsa04512"
"vCTB","vCTB","LAMA2","ITGA6_ITGB4",0.00428948045931604,0,"LAMA2_ITGA6_ITGB4","LAMA2 - (ITGA6+ITGB4)","LAMININ","ECM-Receptor","KEGG: hsa04512"
"STB","vCTB","LAMA3","ITGA6_ITGB4",0.0067816492615231,0,"LAMA3_ITGA6_ITGB4","LAMA3 - (ITGA6+ITGB4)","LAMININ","ECM-Receptor","KEGG: hsa04512"
"EVT","vCTB","LAMA4","ITGA6_ITGB4",0.0241920563761723,0,"LAMA4_ITGA6_ITGB4","LAMA4 - (ITGA6+ITGB4)","LAMININ","ECM-Receptor","KEGG: hsa04512"
"vCTB","vCTB","LAMA5","ITGA6_ITGB4",0.00428948045931604,0,"LAMA5_ITGA6_ITGB4","LAMA5 - (ITGA6+ITGB4)","LAMININ","ECM-Receptor","KEGG: hsa04512"
"Erythroblasts","vCTB","LAMB1","ITGA6_ITGB4",0.00428948045931604,0,"LAMB1_ITGA6_ITGB4","LAMB1 - (ITGA6+ITGB4)","LAMININ","ECM-Receptor","KEGG: hsa04512"
"EVT","vCTB","LAMB1","ITGA6_ITGB4",0.00854231880902353,0,"LAMB1_ITGA6_ITGB4","LAMB1 - (ITGA6+ITGB4)","LAMININ","ECM-Receptor","KEGG: hsa04512"
"EVT-progenitor","vCTB","LAMB1","ITGA6_ITGB4",0.0127589825651601,0,"LAMB1_ITGA6_ITGB4","LAMB1 - (ITGA6+ITGB4)","LAMININ","ECM-Receptor","KEGG: hsa04512"
"FIB1","vCTB","LAMB1","ITGA6_ITGB4",0.0152089871224465,0,"LAMB1_ITGA6_ITGB4","LAMB1 - (ITGA6+ITGB4)","LAMININ","ECM-Receptor","KEGG: hsa04512"
"FIB2","vCTB","LAMB1","ITGA6_ITGB4",0.0169399313240738,0,"LAMB1_ITGA6_ITGB4","LAMB1 - (ITGA6+ITGB4)","LAMININ","ECM-Receptor","KEGG: hsa04512"
"vCTB","vCTB","LAMB1","ITGA6_ITGB4",0.0305780582170694,0,"LAMB1_ITGA6_ITGB4","LAMB1 - (ITGA6+ITGB4)","LAMININ","ECM-Receptor","KEGG: hsa04512"
"Endothelial","vCTB","LAMB2","ITGA6_ITGB4",0.00107583118245501,0,"LAMB2_ITGA6_ITGB4","LAMB2 - (ITGA6+ITGB4)","LAMININ","ECM-Receptor","KEGG: hsa04512"
"FIB2","vCTB","LAMB2","ITGA6_ITGB4",0.00428948045931604,0,"LAMB2_ITGA6_ITGB4","LAMB2 - (ITGA6+ITGB4)","LAMININ","ECM-Receptor","KEGG: hsa04512"
"Endothelial","vCTB","LAMC1","ITGA6_ITGB4",0.0272057849776546,0,"LAMC1_ITGA6_ITGB4","LAMC1 - (ITGA6+ITGB4)","LAMININ","ECM-Receptor","KEGG: hsa04512"
"Erythroblasts","vCTB","LAMC1","ITGA6_ITGB4",0.00428948045931604,0,"LAMC1_ITGA6_ITGB4","LAMC1 - (ITGA6+ITGB4)","LAMININ","ECM-Receptor","KEGG: hsa04512"
"EVT","vCTB","LAMC1","ITGA6_ITGB4",0.0127589825651601,0,"LAMC1_ITGA6_ITGB4","LAMC1 - (ITGA6+ITGB4)","LAMININ","ECM-Receptor","KEGG: hsa04512"
"EVT-progenitor","vCTB","LAMC1","ITGA6_ITGB4",0.0169399313240738,0,"LAMC1_ITGA6_ITGB4","LAMC1 - (ITGA6+ITGB4)","LAMININ","ECM-Receptor","KEGG: hsa04512"
"FIB1","vCTB","LAMC1","ITGA6_ITGB4",0.0169399313240738,0,"LAMC1_ITGA6_ITGB4","LAMC1 - (ITGA6+ITGB4)","LAMININ","ECM-Receptor","KEGG: hsa04512"
"FIB2","vCTB","LAMC1","ITGA6_ITGB4",0.0272057849776546,0,"LAMC1_ITGA6_ITGB4","LAMC1 - (ITGA6+ITGB4)","LAMININ","ECM-Receptor","KEGG: hsa04512"
"Hofbauer cells","vCTB","LAMC1","ITGA6_ITGB4",0.00428948045931604,0,"LAMC1_ITGA6_ITGB4","LAMC1 - (ITGA6+ITGB4)","LAMININ","ECM-Receptor","KEGG: hsa04512"
"STB","vCTB","LAMC1","ITGA6_ITGB4",0.00428948045931604,0,"LAMC1_ITGA6_ITGB4","LAMC1 - (ITGA6+ITGB4)","LAMININ","ECM-Receptor","KEGG: hsa04512"
"STB-progenitor","vCTB","LAMC1","ITGA6_ITGB4",0.00428948045931604,0,"LAMC1_ITGA6_ITGB4","LAMC1 - (ITGA6+ITGB4)","LAMININ","ECM-Receptor","KEGG: hsa04512"
"vCTB","vCTB","LAMC1","ITGA6_ITGB4",0.0272057849776546,0,"LAMC1_ITGA6_ITGB4","LAMC1 - (ITGA6+ITGB4)","LAMININ","ECM-Receptor","KEGG: hsa04512"
"FIB1","vCTB","LAMC3","ITGA6_ITGB4",0.0231118833358852,0,"LAMC3_ITGA6_ITGB4","LAMC3 - (ITGA6+ITGB4)","LAMININ","ECM-Receptor","KEGG: hsa04512"
"FIB2","vCTB","LAMC3","ITGA6_ITGB4",0.0152089871224465,0,"LAMC3_ITGA6_ITGB4","LAMC3 - (ITGA6+ITGB4)","LAMININ","ECM-Receptor","KEGG: hsa04512"
"Endothelial","Endothelial","FN1","CD44",0.0398611336343418,0,"FN1_CD44","FN1 - CD44","FN1","ECM-Receptor","KEGG: hsa04512"
"Erythroblasts","Endothelial","FN1","CD44",0.00432807249970202,0,"FN1_CD44","FN1 - CD44","FN1","ECM-Receptor","KEGG: hsa04512"
"EVT","Endothelial","FN1","CD44",0.0833754025053881,0,"FN1_CD44","FN1 - CD44","FN1","ECM-Receptor","KEGG: hsa04512"
"EVT-progenitor","Endothelial","FN1","CD44",0.0419646041302525,0,"FN1_CD44","FN1 - CD44","FN1","ECM-Receptor","KEGG: hsa04512"
"FIB1","Endothelial","FN1","CD44",0.0509091595299503,0,"FN1_CD44","FN1 - CD44","FN1","ECM-Receptor","KEGG: hsa04512"
"FIB2","Endothelial","FN1","CD44",0.0556145640678996,0,"FN1_CD44","FN1 - CD44","FN1","ECM-Receptor","KEGG: hsa04512"
"Hofbauer cells","Endothelial","FN1","CD44",0.00432807249970202,0,"FN1_CD44","FN1 - CD44","FN1","ECM-Receptor","KEGG: hsa04512"
"STB","Endothelial","FN1","CD44",0.00432807249970202,0,"FN1_CD44","FN1 - CD44","FN1","ECM-Receptor","KEGG: hsa04512"
"vCTB","Endothelial","FN1","CD44",0.00432807249970202,0,"FN1_CD44","FN1 - CD44","FN1","ECM-Receptor","KEGG: hsa04512"
"Erythroblasts","Endothelial","COL1A1","CD44",0.00432807249970202,0,"COL1A1_CD44","COL1A1 - CD44","COLLAGEN","ECM-Receptor","KEGG: hsa04512"
"EVT-progenitor","Endothelial","COL1A1","CD44",0.0128727887729408,0,"COL1A1_CD44","COL1A1 - CD44","COLLAGEN","ECM-Receptor","KEGG: hsa04512"
"FIB1","Endothelial","COL1A1","CD44",0.032823721823211,0,"COL1A1_CD44","COL1A1 - CD44","COLLAGEN","ECM-Receptor","KEGG: hsa04512"
"FIB2","Endothelial","COL1A1","CD44",0.0564055346984211,0,"COL1A1_CD44","COL1A1 - CD44","COLLAGEN","ECM-Receptor","KEGG: hsa04512"
"Endothelial","Endothelial","COL1A2","CD44",0.00108554185280581,0,"COL1A2_CD44","COL1A2 - CD44","COLLAGEN","ECM-Receptor","KEGG: hsa04512"
"Erythroblasts","Endothelial","COL1A2","CD44",0.00432807249970202,0,"COL1A2_CD44","COL1A2 - CD44","COLLAGEN","ECM-Receptor","KEGG: hsa04512"
"EVT-progenitor","Endothelial","COL1A2","CD44",0.0170903847263774,0,"COL1A2_CD44","COL1A2 - CD44","COLLAGEN","ECM-Receptor","KEGG: hsa04512"
"FIB1","Endothelial","COL1A2","CD44",0.0419646041302526,0,"COL1A2_CD44","COL1A2 - CD44","COLLAGEN","ECM-Receptor","KEGG: hsa04512"
"FIB2","Endothelial","COL1A2","CD44",0.0543772500351612,0,"COL1A2_CD44","COL1A2 - CD44","COLLAGEN","ECM-Receptor","KEGG: hsa04512"
"Hofbauer cells","Endothelial","COL1A2","CD44",0.0170903847263774,0,"COL1A2_CD44","COL1A2 - CD44","COLLAGEN","ECM-Receptor","KEGG: hsa04512"
"Endothelial","Endothelial","COL4A1","CD44",0.0514151050206823,0,"COL4A1_CD44","COL4A1 - CD44","COLLAGEN","ECM-Receptor","KEGG: hsa04512"
"Erythroblasts","Endothelial","COL4A1","CD44",0.00432807249970202,0,"COL4A1_CD44","COL4A1 - CD44","COLLAGEN","ECM-Receptor","KEGG: hsa04512"
"EVT","Endothelial","COL4A1","CD44",0.0577168581346661,0,"COL4A1_CD44","COL4A1 - CD44","COLLAGEN","ECM-Receptor","KEGG: hsa04512"
"EVT-progenitor","Endothelial","COL4A1","CD44",0.0278275442981946,0,"COL4A1_CD44","COL4A1 - CD44","COLLAGEN","ECM-Receptor","KEGG: hsa04512"
"FIB1","Endothelial","COL4A1","CD44",0.0502791229317461,0,"COL4A1_CD44","COL4A1 - CD44","COLLAGEN","ECM-Receptor","KEGG: hsa04512"
"FIB2","Endothelial","COL4A1","CD44",0.0476944024178991,0,"COL4A1_CD44","COL4A1 - CD44","COLLAGEN","ECM-Receptor","KEGG: hsa04512"
"Hofbauer cells","Endothelial","COL4A1","CD44",0.00432807249970202,0,"COL4A1_CD44","COL4A1 - CD44","COLLAGEN","ECM-Receptor","KEGG: hsa04512"
"STB","Endothelial","COL4A1","CD44",0.00432807249970202,0,"COL4A1_CD44","COL4A1 - CD44","COLLAGEN","ECM-Receptor","KEGG: hsa04512"
"vCTB","Endothelial","COL4A1","CD44",0.00432807249970202,0,"COL4A1_CD44","COL4A1 - CD44","COLLAGEN","ECM-Receptor","KEGG: hsa04512"
"Endothelial","Endothelial","COL4A2","CD44",0.0531388817453141,0,"COL4A2_CD44","COL4A2 - CD44","COLLAGEN","ECM-Receptor","KEGG: hsa04512"
"Erythroblasts","Endothelial","COL4A2","CD44",0.00432807249970202,0,"COL4A2_CD44","COL4A2 - CD44","COLLAGEN","ECM-Receptor","KEGG: hsa04512"
"EVT","Endothelial","COL4A2","CD44",0.0586042894922515,0,"COL4A2_CD44","COL4A2 - CD44","COLLAGEN","ECM-Receptor","KEGG: hsa04512"
"EVT-progenitor","Endothelial","COL4A2","CD44",0.0237017832369514,0,"COL4A2_CD44","COL4A2 - CD44","COLLAGEN","ECM-Receptor","KEGG: hsa04512"
"FIB1","Endothelial","COL4A2","CD44",0.049734762025858,0,"COL4A2_CD44","COL4A2 - CD44","COLLAGEN","ECM-Receptor","KEGG: hsa04512"
"FIB2","Endothelial","COL4A2","CD44",0.0459271875887825,0,"COL4A2_CD44","COL4A2 - CD44","COLLAGEN","ECM-Receptor","KEGG: hsa04512"
"Hofbauer cells","Endothelial","COL4A2","CD44",0.00432807249970202,0,"COL4A2_CD44","COL4A2 - CD44","COLLAGEN","ECM-Receptor","KEGG: hsa04512"
"STB","Endothelial","COL4A2","CD44",0.00432807249970202,0,"COL4A2_CD44","COL4A2 - CD44","COLLAGEN","ECM-Receptor","KEGG: hsa04512"
"vCTB","Endothelial","COL4A2","CD44",0.0170903847263774,0,"COL4A2_CD44","COL4A2 - CD44","COLLAGEN","ECM-Receptor","KEGG: hsa04512"
"Endothelial","Endothelial","COL4A5","CD44",0.00432807249970202,0,"COL4A5_CD44","COL4A5 - CD44","COLLAGEN","ECM-Receptor","KEGG: hsa04512"
"FIB1","Endothelial","COL4A5","CD44",0.0248651564294819,0,"COL4A5_CD44","COL4A5 - CD44","COLLAGEN","ECM-Receptor","KEGG: hsa04512"
"FIB2","Endothelial","COL4A5","CD44",0.00432807249970202,0,"COL4A5_CD44","COL4A5 - CD44","COLLAGEN","ECM-Receptor","KEGG: hsa04512"
"FIB1","Endothelial","COL4A6","CD44",0.00432807249970202,0,"COL4A6_CD44","COL4A6 - CD44","COLLAGEN","ECM-Receptor","KEGG: hsa04512"
"EVT-progenitor","Endothelial","COL6A1","CD44",0.00432807249970202,0,"COL6A1_CD44","COL6A1 - CD44","COLLAGEN","ECM-Receptor","KEGG: hsa04512"
"FIB1","Endothelial","COL6A1","CD44",0.032823721823211,0,"COL6A1_CD44","COL6A1 - CD44","COLLAGEN","ECM-Receptor","KEGG: hsa04512"
"FIB2","Endothelial","COL6A1","CD44",0.0419646041302526,0,"COL6A1_CD44","COL6A1 - CD44","COLLAGEN","ECM-Receptor","KEGG: hsa04512"
"Endothelial","Endothelial","COL6A2","CD44",0.00432807249970202,0,"COL6A2_CD44","COL6A2 - CD44","COLLAGEN","ECM-Receptor","KEGG: hsa04512"
"EVT-progenitor","Endothelial","COL6A2","CD44",0.0128727887729408,0,"COL6A2_CD44","COL6A2 - CD44","COLLAGEN","ECM-Receptor","KEGG: hsa04512"
"FIB1","Endothelial","COL6A2","CD44",0.0406784800020673,0,"COL6A2_CD44","COL6A2 - CD44","COLLAGEN","ECM-Receptor","KEGG: hsa04512"
"FIB2","Endothelial","COL6A2","CD44",0.0512059656063182,0,"COL6A2_CD44","COL6A2 - CD44","COLLAGEN","ECM-Receptor","KEGG: hsa04512"
"EVT-progenitor","Endothelial","COL6A3","CD44",0.0128727887729408,0,"COL6A3_CD44","COL6A3 - CD44","COLLAGEN","ECM-Receptor","KEGG: hsa04512"
"FIB1","Endothelial","COL6A3","CD44",0.0538215604210275,0,"COL6A3_CD44","COL6A3 - CD44","COLLAGEN","ECM-Receptor","KEGG: hsa04512"
"FIB2","Endothelial","COL6A3","CD44",0.0409094036444151,0,"COL6A3_CD44","COL6A3 - CD44","COLLAGEN","ECM-Receptor","KEGG: hsa04512"
"FIB1","Endothelial","COL6A6","CD44",0.00684250902101977,0,"COL6A6_CD44","COL6A6 - CD44","COLLAGEN","ECM-Receptor","KEGG: hsa04512"
"FIB2","Endothelial","COL6A6","CD44",0.00432807249970202,0,"COL6A6_CD44","COL6A6 - CD44","COLLAGEN","ECM-Receptor","KEGG: hsa04512"
"Endothelial","Endothelial","LAMA2","CD44",0.0409251836442415,0,"LAMA2_CD44","LAMA2 - CD44","LAMININ","ECM-Receptor","KEGG: hsa04512"
"Erythroblasts","Endothelial","LAMA2","CD44",0.00432807249970202,0,"LAMA2_CD44","LAMA2 - CD44","LAMININ","ECM-Receptor","KEGG: hsa04512"
"EVT-progenitor","Endothelial","LAMA2","CD44",0.0170903847263774,0,"LAMA2_CD44","LAMA2 - CD44","LAMININ","ECM-Receptor","KEGG: hsa04512"
"FIB1","Endothelial","LAMA2","CD44",0.0783423484996124,0,"LAMA2_CD44","LAMA2 - CD44","LAMININ","ECM-Receptor","KEGG: hsa04512"
"FIB2","Endothelial","LAMA2","CD44",0.0835137033806276,0,"LAMA2_CD44","LAMA2 - CD44","LAMININ","ECM-Receptor","KEGG: hsa04512"
"Hofbauer cells","Endothelial","LAMA2","CD44",0.00432807249970202,0,"LAMA2_CD44","LAMA2 - CD44","LAMININ","ECM-Receptor","KEGG: hsa04512"
"STB","Endothelial","LAMA2","CD44",0.00432807249970202,0,"LAMA2_CD44","LAMA2 - CD44","LAMININ","ECM-Receptor","KEGG: hsa04512"
"vCTB","Endothelial","LAMA2","CD44",0.00432807249970202,0,"LAMA2_CD44","LAMA2 - CD44","LAMININ","ECM-Receptor","KEGG: hsa04512"
"STB","Endothelial","LAMA3","CD44",0.00684250902101977,0,"LAMA3_CD44","LAMA3 - CD44","LAMININ","ECM-Receptor","KEGG: hsa04512"
"EVT","Endothelial","LAMA4","CD44",0.0244053210845154,0,"LAMA4_CD44","LAMA4 - CD44","LAMININ","ECM-Receptor","KEGG: hsa04512"
"vCTB","Endothelial","LAMA5","CD44",0.00432807249970202,0,"LAMA5_CD44","LAMA5 - CD44","LAMININ","ECM-Receptor","KEGG: hsa04512"
"Erythroblasts","Endothelial","LAMB1","CD44",0.00432807249970202,0,"LAMB1_CD44","LAMB1 - CD44","LAMININ","ECM-Receptor","KEGG: hsa04512"
"EVT","Endothelial","LAMB1","CD44",0.00861884202625094,0,"LAMB1_CD44","LAMB1 - CD44","LAMININ","ECM-Receptor","KEGG: hsa04512"
"EVT-progenitor","Endothelial","LAMB1","CD44",0.0128727887729408,0,"LAMB1_CD44","LAMB1 - CD44","LAMININ","ECM-Receptor","KEGG: hsa04512"
"FIB1","Endothelial","LAMB1","CD44",0.0153443069615371,0,"LAMB1_CD44","LAMB1 - CD44","LAMININ","ECM-Receptor","KEGG: hsa04512"
"FIB2","Endothelial","LAMB1","CD44",0.0170903847263774,0,"LAMB1_CD44","LAMB1 - CD44","LAMININ","ECM-Receptor","KEGG: hsa04512"
"vCTB","Endothelial","LAMB1","CD44",0.0308458390894855,0,"LAMB1_CD44","LAMB1 - CD44","LAMININ","ECM-Receptor","KEGG: hsa04512"
"Endothelial","Endothelial","LAMB2","CD44",0.00108554185280581,0,"LAMB2_CD44","LAMB2 - CD44","LAMININ","ECM-Receptor","KEGG: hsa04512"
"FIB2","Endothelial","LAMB2","CD44",0.00432807249970202,0,"LAMB2_CD44","LAMB2 - CD44","LAMININ","ECM-Receptor","KEGG: hsa04512"
"Endothelial","Endothelial","LAMC1","CD44",0.0274448699473175,0,"LAMC1_CD44","LAMC1 - CD44","LAMININ","ECM-Receptor","KEGG: hsa04512"
"Erythroblasts","Endothelial","LAMC1","CD44",0.00432807249970202,0,"LAMC1_CD44","LAMC1 - CD44","LAMININ","ECM-Receptor","KEGG: hsa04512"
"EVT","Endothelial","LAMC1","CD44",0.0128727887729408,0,"LAMC1_CD44","LAMC1 - CD44","LAMININ","ECM-Receptor","KEGG: hsa04512"
"EVT-progenitor","Endothelial","LAMC1","CD44",0.0170903847263774,0,"LAMC1_CD44","LAMC1 - CD44","LAMININ","ECM-Receptor","KEGG: hsa04512"
"FIB1","Endothelial","LAMC1","CD44",0.0170903847263774,0,"LAMC1_CD44","LAMC1 - CD44","LAMININ","ECM-Receptor","KEGG: hsa04512"
"FIB2","Endothelial","LAMC1","CD44",0.0274448699473175,0,"LAMC1_CD44","LAMC1 - CD44","LAMININ","ECM-Receptor","KEGG: hsa04512"
"Hofbauer cells","Endothelial","LAMC1","CD44",0.00432807249970202,0,"LAMC1_CD44","LAMC1 - CD44","LAMININ","ECM-Receptor","KEGG: hsa04512"
"STB","Endothelial","LAMC1","CD44",0.00432807249970202,0,"LAMC1_CD44","LAMC1 - CD44","LAMININ","ECM-Receptor","KEGG: hsa04512"
"STB-progenitor","Endothelial","LAMC1","CD44",0.00432807249970202,0,"LAMC1_CD44","LAMC1 - CD44","LAMININ","ECM-Receptor","KEGG: hsa04512"
"vCTB","Endothelial","LAMC1","CD44",0.0274448699473175,0,"LAMC1_CD44","LAMC1 - CD44","LAMININ","ECM-Receptor","KEGG: hsa04512"
"FIB1","Endothelial","LAMC3","CD44",0.0233158533187019,0,"LAMC3_CD44","LAMC3 - CD44","LAMININ","ECM-Receptor","KEGG: hsa04512"
"FIB2","Endothelial","LAMC3","CD44",0.0153443069615371,0,"LAMC3_CD44","LAMC3 - CD44","LAMININ","ECM-Receptor","KEGG: hsa04512"
"Erythroblasts","STB","COL1A1","SDC1",0.00469158963789718,0,"COL1A1_SDC1","COL1A1 - SDC1","COLLAGEN","ECM-Receptor","KEGG: hsa04512"
"EVT-progenitor","STB","COL1A1","SDC1",0.0139439305138707,0,"COL1A1_SDC1","COL1A1 - SDC1","COLLAGEN","ECM-Receptor","KEGG: hsa04512"
"FIB1","STB","COL1A1","SDC1",0.0354952814385092,0,"COL1A1_SDC1","COL1A1 - SDC1","COLLAGEN","ECM-Receptor","KEGG: hsa04512"
"FIB2","STB","COL1A1","SDC1",0.0608756375650016,0,"COL1A1_SDC1","COL1A1 - SDC1","COLLAGEN","ECM-Receptor","KEGG: hsa04512"
"Erythroblasts","STB-progenitor","COL1A1","SDC1",0.00117703904762372,0.04,"COL1A1_SDC1","COL1A1 - SDC1","COLLAGEN","ECM-Receptor","KEGG: hsa04512"
"EVT-progenitor","STB-progenitor","COL1A1","SDC1",0.00352282413973041,0.01,"COL1A1_SDC1","COL1A1 - SDC1","COLLAGEN","ECM-Receptor","KEGG: hsa04512"
"FIB1","STB-progenitor","COL1A1","SDC1",0.00911651531732242,0,"COL1A1_SDC1","COL1A1 - SDC1","COLLAGEN","ECM-Receptor","KEGG: hsa04512"
"FIB2","STB-progenitor","COL1A1","SDC1",0.0159469971031778,0,"COL1A1_SDC1","COL1A1 - SDC1","COLLAGEN","ECM-Receptor","KEGG: hsa04512"
"Endothelial","STB","COL1A2","SDC1",0.00117703904762372,0,"COL1A2_SDC1","COL1A2 - SDC1","COLLAGEN","ECM-Receptor","KEGG: hsa04512"
"Erythroblasts","STB","COL1A2","SDC1",0.00469158963789718,0,"COL1A2_SDC1","COL1A2 - SDC1","COLLAGEN","ECM-Receptor","KEGG: hsa04512"
"EVT-progenitor","STB","COL1A2","SDC1",0.018505892392621,0,"COL1A2_SDC1","COL1A2 - SDC1","COLLAGEN","ECM-Receptor","KEGG: hsa04512"
"FIB1","STB","COL1A2","SDC1",0.0453452692238681,0,"COL1A2_SDC1","COL1A2 - SDC1","COLLAGEN","ECM-Receptor","KEGG: hsa04512"
"FIB2","STB","COL1A2","SDC1",0.058696611530876,0,"COL1A2_SDC1","COL1A2 - SDC1","COLLAGEN","ECM-Receptor","KEGG: hsa04512"
"Hofbauer cells","STB","COL1A2","SDC1",0.018505892392621,0,"COL1A2_SDC1","COL1A2 - SDC1","COLLAGEN","ECM-Receptor","KEGG: hsa04512"
"EVT-progenitor","STB-progenitor","COL1A2","SDC1",0.00469158963789718,0.02,"COL1A2_SDC1","COL1A2 - SDC1","COLLAGEN","ECM-Receptor","KEGG: hsa04512"
"FIB1","STB-progenitor","COL1A2","SDC1",0.0117354268742701,0,"COL1A2_SDC1","COL1A2 - SDC1","COLLAGEN","ECM-Receptor","KEGG: hsa04512"
"FIB2","STB-progenitor","COL1A2","SDC1",0.0153498929085388,0,"COL1A2_SDC1","COL1A2 - SDC1","COLLAGEN","ECM-Receptor","KEGG: hsa04512"
"Hofbauer cells","STB-progenitor","COL1A2","SDC1",0.00469158963789718,0.01,"COL1A2_SDC1","COL1A2 - SDC1","COLLAGEN","ECM-Receptor","KEGG: hsa04512"
"Endothelial","STB","COL4A1","SDC1",0.0555129866358948,0,"COL4A1_SDC1","COL4A1 - SDC1","COLLAGEN","ECM-Receptor","KEGG: hsa04512"
"Erythroblasts","STB","COL4A1","SDC1",0.00469158963789718,0,"COL4A1_SDC1","COL4A1 - SDC1","COLLAGEN","ECM-Receptor","KEGG: hsa04512"
"EVT","STB","COL4A1","SDC1",0.0622840229822718,0,"COL4A1_SDC1","COL4A1 - SDC1","COLLAGEN","ECM-Receptor","KEGG: hsa04512"
"EVT-progenitor","STB","COL4A1","SDC1",0.0301051169569054,0,"COL4A1_SDC1","COL4A1 - SDC1","COLLAGEN","ECM-Receptor","KEGG: hsa04512"
"FIB1","STB","COL4A1","SDC1",0.0542916466096637,0,"COL4A1_SDC1","COL4A1 - SDC1","COLLAGEN","ECM-Receptor","KEGG: hsa04512"
"FIB2","STB","COL4A1","SDC1",0.0515118406189036,0,"COL4A1_SDC1","COL4A1 - SDC1","COLLAGEN","ECM-Receptor","KEGG: hsa04512"
"Hofbauer cells","STB","COL4A1","SDC1",0.00469158963789718,0,"COL4A1_SDC1","COL4A1 - SDC1","COLLAGEN","ECM-Receptor","KEGG: hsa04512"
"STB","STB","COL4A1","SDC1",0.00469158963789718,0,"COL4A1_SDC1","COL4A1 - SDC1","COLLAGEN","ECM-Receptor","KEGG: hsa04512"
"vCTB","STB","COL4A1","SDC1",0.00469158963789718,0,"COL4A1_SDC1","COL4A1 - SDC1","COLLAGEN","ECM-Receptor","KEGG: hsa04512"
"Endothelial","STB-progenitor","COL4A1","SDC1",0.0144811662503704,0,"COL4A1_SDC1","COL4A1 - SDC1","COLLAGEN","ECM-Receptor","KEGG: hsa04512"
"EVT","STB-progenitor","COL4A1","SDC1",0.0163340169614319,0,"COL4A1_SDC1","COL4A1 - SDC1","COLLAGEN","ECM-Receptor","KEGG: hsa04512"
"EVT-progenitor","STB-progenitor","COL4A1","SDC1",0.00770013943800047,0,"COL4A1_SDC1","COL4A1 - SDC1","COLLAGEN","ECM-Receptor","KEGG: hsa04512"
"FIB1","STB-progenitor","COL4A1","SDC1",0.0141490427750729,0,"COL4A1_SDC1","COL4A1 - SDC1","COLLAGEN","ECM-Receptor","KEGG: hsa04512"
"FIB2","STB-progenitor","COL4A1","SDC1",0.0133954795088304,0,"COL4A1_SDC1","COL4A1 - SDC1","COLLAGEN","ECM-Receptor","KEGG: hsa04512"
"Endothelial","STB","COL4A2","SDC1",0.0573658430613455,0,"COL4A2_SDC1","COL4A2 - SDC1","COLLAGEN","ECM-Receptor","KEGG: hsa04512"
"Erythroblasts","STB","COL4A2","SDC1",0.00469158963789718,0,"COL4A2_SDC1","COL4A2 - SDC1","COLLAGEN","ECM-Receptor","KEGG: hsa04512"
"EVT","STB","COL4A2","SDC1",0.0632369645578096,0,"COL4A2_SDC1","COL4A2 - SDC1","COLLAGEN","ECM-Receptor","KEGG: hsa04512"
"EVT-progenitor","STB","COL4A2","SDC1",0.0256505884781869,0,"COL4A2_SDC1","COL4A2 - SDC1","COLLAGEN","ECM-Receptor","KEGG: hsa04512"
"FIB1","STB","COL4A2","SDC1",0.053706299666237,0,"COL4A2_SDC1","COL4A2 - SDC1","COLLAGEN","ECM-Receptor","KEGG: hsa04512"
"FIB2","STB","COL4A2","SDC1",0.0496105474343,0,"COL4A2_SDC1","COL4A2 - SDC1","COLLAGEN","ECM-Receptor","KEGG: hsa04512"
"Hofbauer cells","STB","COL4A2","SDC1",0.00469158963789718,0,"COL4A2_SDC1","COL4A2 - SDC1","COLLAGEN","ECM-Receptor","KEGG: hsa04512"
"STB","STB","COL4A2","SDC1",0.00469158963789718,0,"COL4A2_SDC1","COL4A2 - SDC1","COLLAGEN","ECM-Receptor","KEGG: hsa04512"
"vCTB","STB","COL4A2","SDC1",0.018505892392621,0,"COL4A2_SDC1","COL4A2 - SDC1","COLLAGEN","ECM-Receptor","KEGG: hsa04512"
"Endothelial","STB-progenitor","COL4A2","SDC1",0.0149862342362963,0,"COL4A2_SDC1","COL4A2 - SDC1","COLLAGEN","ECM-Receptor","KEGG: hsa04512"
"EVT","STB-progenitor","COL4A2","SDC1",0.0165963691450109,0,"COL4A2_SDC1","COL4A2 - SDC1","COLLAGEN","ECM-Receptor","KEGG: hsa04512"
"EVT-progenitor","STB-progenitor","COL4A2","SDC1",0.00653843311233929,0,"COL4A2_SDC1","COL4A2 - SDC1","COLLAGEN","ECM-Receptor","KEGG: hsa04512"
"FIB1","STB-progenitor","COL4A2","SDC1",0.0139900919703475,0,"COL4A2_SDC1","COL4A2 - SDC1","COLLAGEN","ECM-Receptor","KEGG: hsa04512"
"FIB2","STB-progenitor","COL4A2","SDC1",0.0128819471979578,0,"COL4A2_SDC1","COL4A2 - SDC1","COLLAGEN","ECM-Receptor","KEGG: hsa04512"
"vCTB","STB-progenitor","COL4A2","SDC1",0.00469158963789718,0.04,"COL4A2_SDC1","COL4A2 - SDC1","COLLAGEN","ECM-Receptor","KEGG: hsa04512"
"Endothelial","STB","COL4A5","SDC1",0.00469158963789718,0,"COL4A5_SDC1","COL4A5 - SDC1","COLLAGEN","ECM-Receptor","KEGG: hsa04512"
"FIB1","STB","COL4A5","SDC1",0.0269069801407017,0,"COL4A5_SDC1","COL4A5 - SDC1","COLLAGEN","ECM-Receptor","KEGG: hsa04512"
"FIB2","STB","COL4A5","SDC1",0.00469158963789718,0,"COL4A5_SDC1","COL4A5 - SDC1","COLLAGEN","ECM-Receptor","KEGG: hsa04512"
"Endothelial","STB-progenitor","COL4A5","SDC1",0.00117703904762372,0,"COL4A5_SDC1","COL4A5 - SDC1","COLLAGEN","ECM-Receptor","KEGG: hsa04512"
"FIB1","STB-progenitor","COL4A5","SDC1",0.00686528816440021,0,"COL4A5_SDC1","COL4A5 - SDC1","COLLAGEN","ECM-Receptor","KEGG: hsa04512"
"FIB2","STB-progenitor","COL4A5","SDC1",0.00117703904762372,0,"COL4A5_SDC1","COL4A5 - SDC1","COLLAGEN","ECM-Receptor","KEGG: hsa04512"
"FIB1","STB","COL4A6","SDC1",0.00469158963789718,0,"COL4A6_SDC1","COL4A6 - SDC1","COLLAGEN","ECM-Receptor","KEGG: hsa04512"
"FIB1","STB-progenitor","COL4A6","SDC1",0.00117703904762372,0,"COL4A6_SDC1","COL4A6 - SDC1","COLLAGEN","ECM-Receptor","KEGG: hsa04512"
"EVT-progenitor","STB","COL6A1","SDC1",0.00469158963789718,0,"COL6A1_SDC1","COL6A1 - SDC1","COLLAGEN","ECM-Receptor","KEGG: hsa04512"
"FIB1","STB","COL6A1","SDC1",0.0354952814385092,0,"COL6A1_SDC1","COL6A1 - SDC1","COLLAGEN","ECM-Receptor","KEGG: hsa04512"
"FIB2","STB","COL6A1","SDC1",0.0453452692238681,0,"COL6A1_SDC1","COL6A1 - SDC1","COLLAGEN","ECM-Receptor","KEGG: hsa04512"
"EVT-progenitor","STB-progenitor","COL6A1","SDC1",0.00117703904762372,0.04,"COL6A1_SDC1","COL6A1 - SDC1","COLLAGEN","ECM-Receptor","KEGG: hsa04512"
"FIB1","STB-progenitor","COL6A1","SDC1",0.00911651531732242,0,"COL6A1_SDC1","COL6A1 - SDC1","COLLAGEN","ECM-Receptor","KEGG: hsa04512"
"FIB2","STB-progenitor","COL6A1","SDC1",0.0117354268742701,0,"COL6A1_SDC1","COL6A1 - SDC1","COLLAGEN","ECM-Receptor","KEGG: hsa04512"
"Endothelial","STB","COL6A2","SDC1",0.00469158963789718,0,"COL6A2_SDC1","COL6A2 - SDC1","COLLAGEN","ECM-Receptor","KEGG: hsa04512"
"EVT-progenitor","STB","COL6A2","SDC1",0.0139439305138707,0,"COL6A2_SDC1","COL6A2 - SDC1","COLLAGEN","ECM-Receptor","KEGG: hsa04512"
"FIB1","STB","COL6A2","SDC1",0.0439602892782794,0,"COL6A2_SDC1","COL6A2 - SDC1","COLLAGEN","ECM-Receptor","KEGG: hsa04512"
"FIB2","STB","COL6A2","SDC1",0.0552881499520194,0,"COL6A2_SDC1","COL6A2 - SDC1","COLLAGEN","ECM-Receptor","KEGG: hsa04512"
"Endothelial","STB-progenitor","COL6A2","SDC1",0.00117703904762372,0.02,"COL6A2_SDC1","COL6A2 - SDC1","COLLAGEN","ECM-Receptor","KEGG: hsa04512"
"EVT-progenitor","STB-progenitor","COL6A2","SDC1",0.00352282413973041,0.01,"COL6A2_SDC1","COL6A2 - SDC1","COLLAGEN","ECM-Receptor","KEGG: hsa04512"
"FIB1","STB-progenitor","COL6A2","SDC1",0.0113647712948471,0,"COL6A2_SDC1","COL6A2 - SDC1","COLLAGEN","ECM-Receptor","KEGG: hsa04512"
"FIB2","STB-progenitor","COL6A2","SDC1",0.0144199779139117,0,"COL6A2_SDC1","COL6A2 - SDC1","COLLAGEN","ECM-Receptor","KEGG: hsa04512"
"EVT-progenitor","STB","COL6A3","SDC1",0.0139439305138707,0,"COL6A3_SDC1","COL6A3 - SDC1","COLLAGEN","ECM-Receptor","KEGG: hsa04512"
"FIB1","STB","COL6A3","SDC1",0.0580994936826431,0,"COL6A3_SDC1","COL6A3 - SDC1","COLLAGEN","ECM-Receptor","KEGG: hsa04512"
"FIB2","STB","COL6A3","SDC1",0.0442089845537113,0,"COL6A3_SDC1","COL6A3 - SDC1","COLLAGEN","ECM-Receptor","KEGG: hsa04512"
"EVT-progenitor","STB-progenitor","COL6A3","SDC1",0.00352282413973041,0,"COL6A3_SDC1","COL6A3 - SDC1","COLLAGEN","ECM-Receptor","KEGG: hsa04512"
"FIB1","STB-progenitor","COL6A3","SDC1",0.0151866248307206,0,"COL6A3_SDC1","COL6A3 - SDC1","COLLAGEN","ECM-Receptor","KEGG: hsa04512"
"FIB2","STB-progenitor","COL6A3","SDC1",0.0114312697596015,0,"COL6A3_SDC1","COL6A3 - SDC1","COLLAGEN","ECM-Receptor","KEGG: hsa04512"
"FIB1","STB","COL6A6","SDC1",0.00741564212687195,0,"COL6A6_SDC1","COL6A6 - SDC1","COLLAGEN","ECM-Receptor","KEGG: hsa04512"
"FIB2","STB","COL6A6","SDC1",0.00469158963789718,0,"COL6A6_SDC1","COL6A6 - SDC1","COLLAGEN","ECM-Receptor","KEGG: hsa04512"
"FIB1","STB-progenitor","COL6A6","SDC1",0.00186427915197974,0,"COL6A6_SDC1","COL6A6 - SDC1","COLLAGEN","ECM-Receptor","KEGG: hsa04512"
"FIB2","STB-progenitor","COL6A6","SDC1",0.00117703904762372,0,"COL6A6_SDC1","COL6A6 - SDC1","COLLAGEN","ECM-Receptor","KEGG: hsa04512"
"Endothelial","STB","FN1","SDC1",0.0430799632149466,0,"FN1_SDC1","FN1 - SDC1","FN1","ECM-Receptor","KEGG: hsa04512"
"Erythroblasts","STB","FN1","SDC1",0.00469158963789718,0,"FN1_SDC1","FN1 - SDC1","FN1","ECM-Receptor","KEGG: hsa04512"
"EVT","STB","FN1","SDC1",0.0897794899094401,0,"FN1_SDC1","FN1 - SDC1","FN1","ECM-Receptor","KEGG: hsa04512"
"EVT-progenitor","STB","FN1","SDC1",0.0453452692238681,0,"FN1_SDC1","FN1 - SDC1","FN1","ECM-Receptor","KEGG: hsa04512"
"FIB1","STB","FN1","SDC1",0.0549690530895903,0,"FN1_SDC1","FN1 - SDC1","FN1","ECM-Receptor","KEGG: hsa04512"
"FIB2","STB","FN1","SDC1",0.0600259705985157,0,"FN1_SDC1","FN1 - SDC1","FN1","ECM-Receptor","KEGG: hsa04512"
"Hofbauer cells","STB","FN1","SDC1",0.00469158963789718,0,"FN1_SDC1","FN1 - SDC1","FN1","ECM-Receptor","KEGG: hsa04512"
"STB","STB","FN1","SDC1",0.00469158963789718,0,"FN1_SDC1","FN1 - SDC1","FN1","ECM-Receptor","KEGG: hsa04512"
"vCTB","STB","FN1","SDC1",0.00469158963789718,0,"FN1_SDC1","FN1 - SDC1","FN1","ECM-Receptor","KEGG: hsa04512"
"Endothelial","STB-progenitor","FN1","SDC1",0.0111295874677684,0,"FN1_SDC1","FN1 - SDC1","FN1","ECM-Receptor","KEGG: hsa04512"
"EVT","STB-progenitor","FN1","SDC1",0.0240653002640264,0,"FN1_SDC1","FN1 - SDC1","FN1","ECM-Receptor","KEGG: hsa04512"
"EVT-progenitor","STB-progenitor","FN1","SDC1",0.0117354268742701,0,"FN1_SDC1","FN1 - SDC1","FN1","ECM-Receptor","KEGG: hsa04512"
"FIB1","STB-progenitor","FN1","SDC1",0.0143331740253541,0,"FN1_SDC1","FN1 - SDC1","FN1","ECM-Receptor","KEGG: hsa04512"
"FIB2","STB-progenitor","FN1","SDC1",0.0157139253661403,0,"FN1_SDC1","FN1 - SDC1","FN1","ECM-Receptor","KEGG: hsa04512"
"FIB2","STB","TNXB","SDC1",0.00469158963789718,0,"TNXB_SDC1","TNXB - SDC1","TENASCIN","ECM-Receptor","KEGG: hsa04512"
"FIB2","STB-progenitor","TNXB","SDC1",0.00117703904762372,0,"TNXB_SDC1","TNXB - SDC1","TENASCIN","ECM-Receptor","KEGG: hsa04512"
"Endothelial","EVT","HSPG2","DAG1",0.00117703904762372,0,"HSPG2_DAG1","HSPG2 - DAG1","HSPG","ECM-Receptor","KEGG: hsa04512"
"EVT","EVT","HSPG2","DAG1",0.00795812492264257,0,"HSPG2_DAG1","HSPG2 - DAG1","HSPG","ECM-Receptor","KEGG: hsa04512"
"FIB2","EVT","HSPG2","DAG1",0.00117703904762372,0,"HSPG2_DAG1","HSPG2 - DAG1","HSPG","ECM-Receptor","KEGG: hsa04512"
"Endothelial","STB","HSPG2","DAG1",0.00117703904762372,0,"HSPG2_DAG1","HSPG2 - DAG1","HSPG","ECM-Receptor","KEGG: hsa04512"
"EVT","STB","HSPG2","DAG1",0.00795812492264257,0,"HSPG2_DAG1","HSPG2 - DAG1","HSPG","ECM-Receptor","KEGG: hsa04512"
"FIB2","STB","HSPG2","DAG1",0.00117703904762372,0,"HSPG2_DAG1","HSPG2 - DAG1","HSPG","ECM-Receptor","KEGG: hsa04512"
"Endothelial","STB-progenitor","HSPG2","DAG1",0.00117703904762372,0,"HSPG2_DAG1","HSPG2 - DAG1","HSPG","ECM-Receptor","KEGG: hsa04512"
"EVT","STB-progenitor","HSPG2","DAG1",0.00795812492264257,0,"HSPG2_DAG1","HSPG2 - DAG1","HSPG","ECM-Receptor","KEGG: hsa04512"
"FIB2","STB-progenitor","HSPG2","DAG1",0.00117703904762372,0,"HSPG2_DAG1","HSPG2 - DAG1","HSPG","ECM-Receptor","KEGG: hsa04512"
"Endothelial","vCTB","HSPG2","DAG1",0.00420684110529632,0,"HSPG2_DAG1","HSPG2 - DAG1","HSPG","ECM-Receptor","KEGG: hsa04512"
"EVT","vCTB","HSPG2","DAG1",0.0279545144025951,0,"HSPG2_DAG1","HSPG2 - DAG1","HSPG","ECM-Receptor","KEGG: hsa04512"
"FIB2","vCTB","HSPG2","DAG1",0.00420684110529632,0,"HSPG2_DAG1","HSPG2 - DAG1","HSPG","ECM-Receptor","KEGG: hsa04512"
"Endothelial","EVT","LAMA2","DAG1",0.011435814726285,0,"LAMA2_DAG1","LAMA2 - DAG1","LAMININ","ECM-Receptor","KEGG: hsa04512"
"FIB1","EVT","LAMA2","DAG1",0.0225245894178627,0,"LAMA2_DAG1","LAMA2 - DAG1","LAMININ","ECM-Receptor","KEGG: hsa04512"
"FIB2","EVT","LAMA2","DAG1",0.0241078066457387,0,"LAMA2_DAG1","LAMA2 - DAG1","LAMININ","ECM-Receptor","KEGG: hsa04512"
"Endothelial","STB","LAMA2","DAG1",0.011435814726285,0,"LAMA2_DAG1","LAMA2 - DAG1","LAMININ","ECM-Receptor","KEGG: hsa04512"
"FIB1","STB","LAMA2","DAG1",0.0225245894178627,0,"LAMA2_DAG1","LAMA2 - DAG1","LAMININ","ECM-Receptor","KEGG: hsa04512"
"FIB2","STB","LAMA2","DAG1",0.0241078066457387,0,"LAMA2_DAG1","LAMA2 - DAG1","LAMININ","ECM-Receptor","KEGG: hsa04512"
"Endothelial","STB-progenitor","LAMA2","DAG1",0.011435814726285,0,"LAMA2_DAG1","LAMA2 - DAG1","LAMININ","ECM-Receptor","KEGG: hsa04512"
"FIB1","STB-progenitor","LAMA2","DAG1",0.0225245894178627,0,"LAMA2_DAG1","LAMA2 - DAG1","LAMININ","ECM-Receptor","KEGG: hsa04512"
"FIB2","STB-progenitor","LAMA2","DAG1",0.0241078066457387,0,"LAMA2_DAG1","LAMA2 - DAG1","LAMININ","ECM-Receptor","KEGG: hsa04512"
"Endothelial","vCTB","LAMA2","DAG1",0.0398198464171098,0,"LAMA2_DAG1","LAMA2 - DAG1","LAMININ","ECM-Receptor","KEGG: hsa04512"
"EVT-progenitor","vCTB","LAMA2","DAG1",0.0166176410942996,0,"LAMA2_DAG1","LAMA2 - DAG1","LAMININ","ECM-Receptor","KEGG: hsa04512"
"FIB1","vCTB","LAMA2","DAG1",0.0763068267115204,0,"LAMA2_DAG1","LAMA2 - DAG1","LAMININ","ECM-Receptor","KEGG: hsa04512"
"FIB2","vCTB","LAMA2","DAG1",0.0813556778768347,0,"LAMA2_DAG1","LAMA2 - DAG1","LAMININ","ECM-Receptor","KEGG: hsa04512"
"STB","EVT","LAMA3","DAG1",0.00186427915197974,0,"LAMA3_DAG1","LAMA3 - DAG1","LAMININ","ECM-Receptor","KEGG: hsa04512"
"STB","STB","LAMA3","DAG1",0.00186427915197974,0,"LAMA3_DAG1","LAMA3 - DAG1","LAMININ","ECM-Receptor","KEGG: hsa04512"
"STB","STB-progenitor","LAMA3","DAG1",0.00186427915197974,0,"LAMA3_DAG1","LAMA3 - DAG1","LAMININ","ECM-Receptor","KEGG: hsa04512"
"STB","vCTB","LAMA3","DAG1",0.0066513175415733,0,"LAMA3_DAG1","LAMA3 - DAG1","LAMININ","ECM-Receptor","KEGG: hsa04512"
"EVT","EVT","LAMA4","DAG1",0.00673602785672289,0,"LAMA4_DAG1","LAMA4 - DAG1","LAMININ","ECM-Receptor","KEGG: hsa04512"
"EVT","STB","LAMA4","DAG1",0.00673602785672289,0,"LAMA4_DAG1","LAMA4 - DAG1","LAMININ","ECM-Receptor","KEGG: hsa04512"
"EVT","STB-progenitor","LAMA4","DAG1",0.00673602785672289,0,"LAMA4_DAG1","LAMA4 - DAG1","LAMININ","ECM-Receptor","KEGG: hsa04512"
"EVT","vCTB","LAMA4","DAG1",0.0237351223149916,0,"LAMA4_DAG1","LAMA4 - DAG1","LAMININ","ECM-Receptor","KEGG: hsa04512"
"vCTB","EVT","LAMA5","DAG1",0.00117703904762372,0,"LAMA5_DAG1","LAMA5 - DAG1","LAMININ","ECM-Receptor","KEGG: hsa04512"
"vCTB","STB","LAMA5","DAG1",0.00117703904762372,0,"LAMA5_DAG1","LAMA5 - DAG1","LAMININ","ECM-Receptor","KEGG: hsa04512"
"vCTB","STB-progenitor","LAMA5","DAG1",0.00117703904762372,0,"LAMA5_DAG1","LAMA5 - DAG1","LAMININ","ECM-Receptor","KEGG: hsa04512"
"vCTB","vCTB","LAMA5","DAG1",0.00420684110529632,0,"LAMA5_DAG1","LAMA5 - DAG1","LAMININ","ECM-Receptor","KEGG: hsa04512"
"FIB2","EVT","LAMB1","DAG1",0.00469158963789718,0,"LAMB1_DAG1","LAMB1 - DAG1","LAMININ","ECM-Receptor","KEGG: hsa04512"
"vCTB","EVT","LAMB1","DAG1",0.00855453960594377,0,"LAMB1_DAG1","LAMB1 - DAG1","LAMININ","ECM-Receptor","KEGG: hsa04512"
"FIB2","STB","LAMB1","DAG1",0.00469158963789718,0,"LAMB1_DAG1","LAMB1 - DAG1","LAMININ","ECM-Receptor","KEGG: hsa04512"
"vCTB","STB","LAMB1","DAG1",0.00855453960594377,0,"LAMB1_DAG1","LAMB1 - DAG1","LAMININ","ECM-Receptor","KEGG: hsa04512"
"FIB2","STB-progenitor","LAMB1","DAG1",0.00469158963789718,0.01,"LAMB1_DAG1","LAMB1 - DAG1","LAMININ","ECM-Receptor","KEGG: hsa04512"
"vCTB","STB-progenitor","LAMB1","DAG1",0.00855453960594377,0,"LAMB1_DAG1","LAMB1 - DAG1","LAMININ","ECM-Receptor","KEGG: hsa04512"
"EVT","vCTB","LAMB1","DAG1",0.00837843546388511,0,"LAMB1_DAG1","LAMB1 - DAG1","LAMININ","ECM-Receptor","KEGG: hsa04512"
"EVT-progenitor","vCTB","LAMB1","DAG1",0.0125152241967036,0,"LAMB1_DAG1","LAMB1 - DAG1","LAMININ","ECM-Receptor","KEGG: hsa04512"
"FIB1","vCTB","LAMB1","DAG1",0.0149191291436947,0,"LAMB1_DAG1","LAMB1 - DAG1","LAMININ","ECM-Receptor","KEGG: hsa04512"
"FIB2","vCTB","LAMB1","DAG1",0.0166176410942996,0,"LAMB1_DAG1","LAMB1 - DAG1","LAMININ","ECM-Receptor","KEGG: hsa04512"
"vCTB","vCTB","LAMB1","DAG1",0.0300042155561877,0,"LAMB1_DAG1","LAMB1 - DAG1","LAMININ","ECM-Receptor","KEGG: hsa04512"
"Endothelial","EVT","LAMB2","DAG1",0.000294519757847392,0,"LAMB2_DAG1","LAMB2 - DAG1","LAMININ","ECM-Receptor","KEGG: hsa04512"
"FIB2","EVT","LAMB2","DAG1",0.00117703904762372,0,"LAMB2_DAG1","LAMB2 - DAG1","LAMININ","ECM-Receptor","KEGG: hsa04512"
"Endothelial","STB","LAMB2","DAG1",0.000294519757847392,0,"LAMB2_DAG1","LAMB2 - DAG1","LAMININ","ECM-Receptor","KEGG: hsa04512"
"FIB2","STB","LAMB2","DAG1",0.00117703904762372,0,"LAMB2_DAG1","LAMB2 - DAG1","LAMININ","ECM-Receptor","KEGG: hsa04512"
"Endothelial","STB-progenitor","LAMB2","DAG1",0.000294519757847392,0,"LAMB2_DAG1","LAMB2 - DAG1","LAMININ","ECM-Receptor","KEGG: hsa04512"
"FIB2","STB-progenitor","LAMB2","DAG1",0.00117703904762372,0,"LAMB2_DAG1","LAMB2 - DAG1","LAMININ","ECM-Receptor","KEGG: hsa04512"
"Endothelial","vCTB","LAMB2","DAG1",0.00105503906259625,0,"LAMB2_DAG1","LAMB2 - DAG1","LAMININ","ECM-Receptor","KEGG: hsa04512"
"FIB2","vCTB","LAMB2","DAG1",0.00420684110529632,0,"LAMB2_DAG1","LAMB2 - DAG1","LAMININ","ECM-Receptor","KEGG: hsa04512"
"Endothelial","EVT","LAMC1","DAG1",0.00759208837347379,0,"LAMC1_DAG1","LAMC1 - DAG1","LAMININ","ECM-Receptor","KEGG: hsa04512"
"FIB1","EVT","LAMC1","DAG1",0.00469158963789718,0.01,"LAMC1_DAG1","LAMC1 - DAG1","LAMININ","ECM-Receptor","KEGG: hsa04512"
"FIB2","EVT","LAMC1","DAG1",0.00759208837347379,0,"LAMC1_DAG1","LAMC1 - DAG1","LAMININ","ECM-Receptor","KEGG: hsa04512"
"vCTB","EVT","LAMC1","DAG1",0.00759208837347379,0,"LAMC1_DAG1","LAMC1 - DAG1","LAMININ","ECM-Receptor","KEGG: hsa04512"
"Endothelial","STB","LAMC1","DAG1",0.00759208837347379,0,"LAMC1_DAG1","LAMC1 - DAG1","LAMININ","ECM-Receptor","KEGG: hsa04512"
"FIB1","STB","LAMC1","DAG1",0.00469158963789718,0.01,"LAMC1_DAG1","LAMC1 - DAG1","LAMININ","ECM-Receptor","KEGG: hsa04512"
"FIB2","STB","LAMC1","DAG1",0.00759208837347379,0,"LAMC1_DAG1","LAMC1 - DAG1","LAMININ","ECM-Receptor","KEGG: hsa04512"
"vCTB","STB","LAMC1","DAG1",0.00759208837347379,0,"LAMC1_DAG1","LAMC1 - DAG1","LAMININ","ECM-Receptor","KEGG: hsa04512"
"Endothelial","STB-progenitor","LAMC1","DAG1",0.00759208837347379,0,"LAMC1_DAG1","LAMC1 - DAG1","LAMININ","ECM-Receptor","KEGG: hsa04512"
"FIB1","STB-progenitor","LAMC1","DAG1",0.00469158963789718,0.01,"LAMC1_DAG1","LAMC1 - DAG1","LAMININ","ECM-Receptor","KEGG: hsa04512"
"FIB2","STB-progenitor","LAMC1","DAG1",0.00759208837347379,0,"LAMC1_DAG1","LAMC1 - DAG1","LAMININ","ECM-Receptor","KEGG: hsa04512"
"vCTB","STB-progenitor","LAMC1","DAG1",0.00759208837347379,0,"LAMC1_DAG1","LAMC1 - DAG1","LAMININ","ECM-Receptor","KEGG: hsa04512"
"Endothelial","vCTB","LAMC1","DAG1",0.0266934854291746,0,"LAMC1_DAG1","LAMC1 - DAG1","LAMININ","ECM-Receptor","KEGG: hsa04512"
"EVT","vCTB","LAMC1","DAG1",0.0125152241967036,0,"LAMC1_DAG1","LAMC1 - DAG1","LAMININ","ECM-Receptor","KEGG: hsa04512"
"EVT-progenitor","vCTB","LAMC1","DAG1",0.0166176410942996,0,"LAMC1_DAG1","LAMC1 - DAG1","LAMININ","ECM-Receptor","KEGG: hsa04512"
"FIB1","vCTB","LAMC1","DAG1",0.0166176410942996,0,"LAMC1_DAG1","LAMC1 - DAG1","LAMININ","ECM-Receptor","KEGG: hsa04512"
"FIB2","vCTB","LAMC1","DAG1",0.0266934854291746,0,"LAMC1_DAG1","LAMC1 - DAG1","LAMININ","ECM-Receptor","KEGG: hsa04512"
"vCTB","vCTB","LAMC1","DAG1",0.0266934854291746,0,"LAMC1_DAG1","LAMC1 - DAG1","LAMININ","ECM-Receptor","KEGG: hsa04512"
"FIB1","EVT","LAMC3","DAG1",0.00643012889060313,0,"LAMC3_DAG1","LAMC3 - DAG1","LAMININ","ECM-Receptor","KEGG: hsa04512"
"FIB2","EVT","LAMC3","DAG1",0.00420684110529632,0,"LAMC3_DAG1","LAMC3 - DAG1","LAMININ","ECM-Receptor","KEGG: hsa04512"
"FIB1","STB","LAMC3","DAG1",0.00643012889060313,0,"LAMC3_DAG1","LAMC3 - DAG1","LAMININ","ECM-Receptor","KEGG: hsa04512"
"FIB2","STB","LAMC3","DAG1",0.00420684110529632,0,"LAMC3_DAG1","LAMC3 - DAG1","LAMININ","ECM-Receptor","KEGG: hsa04512"
"FIB1","STB-progenitor","LAMC3","DAG1",0.00643012889060313,0,"LAMC3_DAG1","LAMC3 - DAG1","LAMININ","ECM-Receptor","KEGG: hsa04512"
"FIB2","STB-progenitor","LAMC3","DAG1",0.00420684110529632,0,"LAMC3_DAG1","LAMC3 - DAG1","LAMININ","ECM-Receptor","KEGG: hsa04512"
"FIB1","vCTB","LAMC3","DAG1",0.0226748772542098,0,"LAMC3_DAG1","LAMC3 - DAG1","LAMININ","ECM-Receptor","KEGG: hsa04512"
"FIB2","vCTB","LAMC3","DAG1",0.0149191291436947,0,"LAMC3_DAG1","LAMC3 - DAG1","LAMININ","ECM-Receptor","KEGG: hsa04512"
"FIB1","FIB1","CADM1","CADM1",0.00469158963789718,0,"CADM1_CADM1","CADM1 - CADM1","CADM","Cell-Cell Contact","PMID: 24503895"
"vCTB","FIB1","CADM1","CADM1",0.0100834344160901,0,"CADM1_CADM1","CADM1 - CADM1","CADM","Cell-Cell Contact","PMID: 24503895"
"FIB1","vCTB","CADM1","CADM1",0.0100834344160901,0,"CADM1_CADM1","CADM1 - CADM1","CADM","Cell-Cell Contact","PMID: 24503895"
"vCTB","vCTB","CADM1","CADM1",0.0215378068084566,0,"CADM1_CADM1","CADM1 - CADM1","CADM","Cell-Cell Contact","PMID: 24503895"
"FIB2","FIB2","CADM3","CADM3",0.00117703904762372,0,"CADM3_CADM3","CADM3 - CADM3","CADM","Cell-Cell Contact","KEGG: hsa04514"
"Hofbauer cells","EVT-progenitor","PTPRC","MRC1",0.0148044565564529,0,"PTPRC_MRC1","PTPRC - MRC1","CD45","Cell-Cell Contact","PMID: 27601670; PMID: 10575006"
"Hofbauer cells","Hofbauer cells","PTPRC","MRC1",0.0697457218034981,0,"PTPRC_MRC1","PTPRC - MRC1","CD45","Cell-Cell Contact","PMID: 27601670; PMID: 10575006"
"Endothelial","Endothelial","CD46","JAG1",0.0247753339654444,0,"CD46_JAG1","CD46 - JAG1","CD46","Cell-Cell Contact","PMID: 23086448"
"Erythroblasts","Endothelial","CD46","JAG1",0.0213741039467165,0,"CD46_JAG1","CD46 - JAG1","CD46","Cell-Cell Contact","PMID: 23086448"
"EVT","Endothelial","CD46","JAG1",0.0179490663818612,0,"CD46_JAG1","CD46 - JAG1","CD46","Cell-Cell Contact","PMID: 23086448"
"EVT-progenitor","Endothelial","CD46","JAG1",0.0237897538852502,0,"CD46_JAG1","CD46 - JAG1","CD46","Cell-Cell Contact","PMID: 23086448"
"FIB1","Endothelial","CD46","JAG1",0.0213741039467165,0,"CD46_JAG1","CD46 - JAG1","CD46","Cell-Cell Contact","PMID: 23086448"
"FIB2","Endothelial","CD46","JAG1",0.0213741039467165,0,"CD46_JAG1","CD46 - JAG1","CD46","Cell-Cell Contact","PMID: 23086448"
"Hofbauer cells","Endothelial","CD46","JAG1",0.0179490663818612,0,"CD46_JAG1","CD46 - JAG1","CD46","Cell-Cell Contact","PMID: 23086448"
"STB","Endothelial","CD46","JAG1",0.0295613778804913,0,"CD46_JAG1","CD46 - JAG1","CD46","Cell-Cell Contact","PMID: 23086448"
"STB-progenitor","Endothelial","CD46","JAG1",0.0459578686740595,0,"CD46_JAG1","CD46 - JAG1","CD46","Cell-Cell Contact","PMID: 23086448"
"vCTB","Endothelial","CD46","JAG1",0.0441693479235559,0,"CD46_JAG1","CD46 - JAG1","CD46","Cell-Cell Contact","PMID: 23086448"
"Endothelial","FIB1","CD46","JAG1",0.00488991964844358,0,"CD46_JAG1","CD46 - JAG1","CD46","Cell-Cell Contact","PMID: 23086448"
"Erythroblasts","FIB1","CD46","JAG1",0.00420684110529632,0,"CD46_JAG1","CD46 - JAG1","CD46","Cell-Cell Contact","PMID: 23086448"
"EVT","FIB1","CD46","JAG1",0.00352282413973041,0,"CD46_JAG1","CD46 - JAG1","CD46","Cell-Cell Contact","PMID: 23086448"
"EVT-progenitor","FIB1","CD46","JAG1",0.00469158963789718,0,"CD46_JAG1","CD46 - JAG1","CD46","Cell-Cell Contact","PMID: 23086448"
"FIB1","FIB1","CD46","JAG1",0.00420684110529632,0,"CD46_JAG1","CD46 - JAG1","CD46","Cell-Cell Contact","PMID: 23086448"
"FIB2","FIB1","CD46","JAG1",0.00420684110529632,0,"CD46_JAG1","CD46 - JAG1","CD46","Cell-Cell Contact","PMID: 23086448"
"Hofbauer cells","FIB1","CD46","JAG1",0.00352282413973041,0,"CD46_JAG1","CD46 - JAG1","CD46","Cell-Cell Contact","PMID: 23086448"
"STB","FIB1","CD46","JAG1",0.00585761666396063,0,"CD46_JAG1","CD46 - JAG1","CD46","Cell-Cell Contact","PMID: 23086448"
"STB-progenitor","FIB1","CD46","JAG1",0.00923166846647968,0,"CD46_JAG1","CD46 - JAG1","CD46","Cell-Cell Contact","PMID: 23086448"
"vCTB","FIB1","CD46","JAG1",0.00885913204958833,0,"CD46_JAG1","CD46 - JAG1","CD46","Cell-Cell Contact","PMID: 23086448"
"Hofbauer cells","Hofbauer cells","CD86","CD28",0.00186427915197974,0,"CD86_CD28","CD86 - CD28","CD86","Cell-Cell Contact","PMID: 23954143"
"STB-progenitor","EVT","CD96","PVR",0.000883039128601526,0,"CD96_PVR","CD96 - PVR","CD96","Cell-Cell Contact","PMID: 15034010"
"Endothelial","Endothelial","CD99","CD99",0.0149191291436947,0,"CD99_CD99","CD99 - CD99","CD99","Cell-Cell Contact","KEGG: hsa04514"
"FIB1","Endothelial","CD99","CD99",0.00420684110529632,0,"CD99_CD99","CD99 - CD99","CD99","Cell-Cell Contact","KEGG: hsa04514"
"FIB2","Endothelial","CD99","CD99",0.00420684110529632,0,"CD99_CD99","CD99 - CD99","CD99","Cell-Cell Contact","KEGG: hsa04514"
"Hofbauer cells","Endothelial","CD99","CD99",0.0166176410942996,0,"CD99_CD99","CD99 - CD99","CD99","Cell-Cell Contact","KEGG: hsa04514"
"Endothelial","FIB1","CD99","CD99",0.00420684110529632,0,"CD99_CD99","CD99 - CD99","CD99","Cell-Cell Contact","KEGG: hsa04514"
"FIB1","FIB1","CD99","CD99",0.00117703904762372,0,"CD99_CD99","CD99 - CD99","CD99","Cell-Cell Contact","KEGG: hsa04514"
"FIB2","FIB1","CD99","CD99",0.00117703904762372,0,"CD99_CD99","CD99 - CD99","CD99","Cell-Cell Contact","KEGG: hsa04514"
"Hofbauer cells","FIB1","CD99","CD99",0.00469158963789718,0,"CD99_CD99","CD99 - CD99","CD99","Cell-Cell Contact","KEGG: hsa04514"
"Endothelial","FIB2","CD99","CD99",0.00420684110529632,0,"CD99_CD99","CD99 - CD99","CD99","Cell-Cell Contact","KEGG: hsa04514"
"FIB1","FIB2","CD99","CD99",0.00117703904762372,0,"CD99_CD99","CD99 - CD99","CD99","Cell-Cell Contact","KEGG: hsa04514"
"FIB2","FIB2","CD99","CD99",0.00117703904762372,0,"CD99_CD99","CD99 - CD99","CD99","Cell-Cell Contact","KEGG: hsa04514"
"Hofbauer cells","FIB2","CD99","CD99",0.00469158963789718,0,"CD99_CD99","CD99 - CD99","CD99","Cell-Cell Contact","KEGG: hsa04514"
"Endothelial","Hofbauer cells","CD99","CD99",0.0166176410942996,0,"CD99_CD99","CD99 - CD99","CD99","Cell-Cell Contact","KEGG: hsa04514"
"FIB1","Hofbauer cells","CD99","CD99",0.00469158963789718,0,"CD99_CD99","CD99 - CD99","CD99","Cell-Cell Contact","KEGG: hsa04514"
"FIB2","Hofbauer cells","CD99","CD99",0.00469158963789718,0,"CD99_CD99","CD99 - CD99","CD99","Cell-Cell Contact","KEGG: hsa04514"
"Hofbauer cells","Hofbauer cells","CD99","CD99",0.018505892392621,0,"CD99_CD99","CD99 - CD99","CD99","Cell-Cell Contact","KEGG: hsa04514"
"Endothelial","Endothelial","CD99","CD99L2",0.00420684110529632,0,"CD99_CD99L2","CD99 - CD99L2","CD99","Cell-Cell Contact","KEGG: hsa04514"
"FIB1","Endothelial","CD99","CD99L2",0.00117703904762372,0.01,"CD99_CD99L2","CD99 - CD99L2","CD99","Cell-Cell Contact","KEGG: hsa04514"
"FIB2","Endothelial","CD99","CD99L2",0.00117703904762372,0.02,"CD99_CD99L2","CD99 - CD99L2","CD99","Cell-Cell Contact","KEGG: hsa04514"
"Hofbauer cells","Endothelial","CD99","CD99L2",0.00469158963789718,0,"CD99_CD99L2","CD99 - CD99L2","CD99","Cell-Cell Contact","KEGG: hsa04514"
"Endothelial","EVT","CD99","CD99L2",0.00315845260603529,0,"CD99_CD99L2","CD99 - CD99L2","CD99","Cell-Cell Contact","KEGG: hsa04514"
"Hofbauer cells","EVT","CD99","CD99L2",0.00352282413973041,0,"CD99_CD99L2","CD99 - CD99L2","CD99","Cell-Cell Contact","KEGG: hsa04514"
"Endothelial","STB","CD99","CD99L2",0.0149191291436947,0,"CD99_CD99L2","CD99 - CD99L2","CD99","Cell-Cell Contact","KEGG: hsa04514"
"FIB1","STB","CD99","CD99L2",0.00420684110529632,0,"CD99_CD99L2","CD99 - CD99L2","CD99","Cell-Cell Contact","KEGG: hsa04514"
"FIB2","STB","CD99","CD99L2",0.00420684110529632,0,"CD99_CD99L2","CD99 - CD99L2","CD99","Cell-Cell Contact","KEGG: hsa04514"
"Hofbauer cells","STB","CD99","CD99L2",0.0166176410942996,0,"CD99_CD99L2","CD99 - CD99L2","CD99","Cell-Cell Contact","KEGG: hsa04514"
"Endothelial","STB-progenitor","CD99","CD99L2",0.0149191291436947,0,"CD99_CD99L2","CD99 - CD99L2","CD99","Cell-Cell Contact","KEGG: hsa04514"
"FIB1","STB-progenitor","CD99","CD99L2",0.00420684110529632,0,"CD99_CD99L2","CD99 - CD99L2","CD99","Cell-Cell Contact","KEGG: hsa04514"
"FIB2","STB-progenitor","CD99","CD99L2",0.00420684110529632,0,"CD99_CD99L2","CD99 - CD99L2","CD99","Cell-Cell Contact","KEGG: hsa04514"
"Hofbauer cells","STB-progenitor","CD99","CD99L2",0.0166176410942996,0,"CD99_CD99L2","CD99 - CD99L2","CD99","Cell-Cell Contact","KEGG: hsa04514"
"Endothelial","vCTB","CD99","CD99L2",0.00420684110529632,0,"CD99_CD99L2","CD99 - CD99L2","CD99","Cell-Cell Contact","KEGG: hsa04514"
"FIB1","vCTB","CD99","CD99L2",0.00117703904762372,0,"CD99_CD99L2","CD99 - CD99L2","CD99","Cell-Cell Contact","KEGG: hsa04514"
"FIB2","vCTB","CD99","CD99L2",0.00117703904762372,0,"CD99_CD99L2","CD99 - CD99L2","CD99","Cell-Cell Contact","KEGG: hsa04514"
"Hofbauer cells","vCTB","CD99","CD99L2",0.00469158963789718,0,"CD99_CD99L2","CD99 - CD99L2","CD99","Cell-Cell Contact","KEGG: hsa04514"
"vCTB","vCTB","CDH1","CDH1",0.0149191291436947,0,"CDH1_CDH1","CDH1 - CDH1","CDH","Cell-Cell Contact","KEGG: hsa04514"
"vCTB","Endothelial","CDH1","ITGA2_ITGB1",0.0199733767816566,0,"CDH1_ITGA1_ITGB1","CDH1 - (ITGA1+ITGB1)","CDH1","Cell-Cell Contact","PMID: 12392763"
"Endothelial","Endothelial","CDH5","CDH5",0.0314633076045135,0,"CDH5_CDH5","CDH5 - CDH5","CDH5","Cell-Cell Contact","KEGG: hsa04514"
"EVT","EVT","DSC2","DSG2",0.00702091483121044,0,"DSC2_DSG2","DSC2 - DSG2","DESMOSOME","Cell-Cell Contact","PMID: 27298358"
"vCTB","EVT","DSC2","DSG2",0.00235131051096295,0,"DSC2_DSG2","DSC2 - DSG2","DESMOSOME","Cell-Cell Contact","PMID: 27298358"
"EVT","vCTB","DSC2","DSG2",0.00352282413973041,0,"DSC2_DSG2","DSC2 - DSG2","DESMOSOME","Cell-Cell Contact","PMID: 27298358"
"vCTB","vCTB","DSC2","DSG2",0.00117703904762372,0,"DSC2_DSG2","DSC2 - DSG2","DESMOSOME","Cell-Cell Contact","PMID: 27298358"
"EVT","vCTB","DSG2","DSC3",0.00837843546388511,0,"DSG2_DSC3","DSG2 - DSC3","DESMOSOME","Cell-Cell Contact","PMID: 27298358"
"vCTB","vCTB","DSG2","DSC3",0.00420684110529632,0,"DSG2_DSC3","DSG2 - DSC3","DESMOSOME","Cell-Cell Contact","PMID: 27298358"
"EVT","FIB1","EFNA1","EPHA3",0.0227889652113953,0,"EFNA1_EPHA3","EFNA1 - EPHA3","EPHA","Cell-Cell Contact","PMID: 15114347"
"EVT","FIB2","EFNA1","EPHA3",0.0217700424001155,0,"EFNA1_EPHA3","EFNA1 - EPHA3","EPHA","Cell-Cell Contact","PMID: 15114347"
"EVT","FIB2","EFNA1","EPHA7",0.00403592491650777,0,"EFNA1_EPHA7","EFNA1 - EPHA7","EPHA","Cell-Cell Contact","PMID: 15114347"
"Erythroblasts","FIB1","EFNA5","EPHA3",0.00673602785672289,0,"EFNA5_EPHA3","EFNA5 - EPHA3","EPHA","Cell-Cell Contact","PMID: 15114347"
"EVT-progenitor","FIB1","EFNA5","EPHA3",0.0264104077009486,0,"EFNA5_EPHA3","EFNA5 - EPHA3","EPHA","Cell-Cell Contact","PMID: 15114347"
"FIB1","FIB1","EFNA5","EPHA3",0.0524973858870149,0,"EFNA5_EPHA3","EFNA5 - EPHA3","EPHA","Cell-Cell Contact","PMID: 15114347"
"FIB2","FIB1","EFNA5","EPHA3",0.0524973858870149,0,"EFNA5_EPHA3","EFNA5 - EPHA3","EPHA","Cell-Cell Contact","PMID: 15114347"
"vCTB","FIB1","EFNA5","EPHA3",0.0284754444073164,0,"EFNA5_EPHA3","EFNA5 - EPHA3","EPHA","Cell-Cell Contact","PMID: 15114347"
"Erythroblasts","FIB2","EFNA5","EPHA3",0.00643012889060313,0,"EFNA5_EPHA3","EFNA5 - EPHA3","EPHA","Cell-Cell Contact","PMID: 15114347"
"EVT-progenitor","FIB2","EFNA5","EPHA3",0.0252337468289044,0,"EFNA5_EPHA3","EFNA5 - EPHA3","EPHA","Cell-Cell Contact","PMID: 15114347"
"FIB1","FIB2","EFNA5","EPHA3",0.0502184235899436,0,"EFNA5_EPHA3","EFNA5 - EPHA3","EPHA","Cell-Cell Contact","PMID: 15114347"
"FIB2","FIB2","EFNA5","EPHA3",0.0502184235899436,0,"EFNA5_EPHA3","EFNA5 - EPHA3","EPHA","Cell-Cell Contact","PMID: 15114347"
"vCTB","FIB2","EFNA5","EPHA3",0.0272093513745228,0,"EFNA5_EPHA3","EFNA5 - EPHA3","EPHA","Cell-Cell Contact","PMID: 15114347"
"Erythroblasts","FIB2","EFNA5","EPHA7",0.00117703904762372,0,"EFNA5_EPHA7","EFNA5 - EPHA7","EPHA","Cell-Cell Contact","PMID: 15114347"
"EVT-progenitor","FIB2","EFNA5","EPHA7",0.00469158963789718,0,"EFNA5_EPHA7","EFNA5 - EPHA7","EPHA","Cell-Cell Contact","PMID: 15114347"
"FIB1","FIB2","EFNA5","EPHA7",0.00953584506018986,0,"EFNA5_EPHA7","EFNA5 - EPHA7","EPHA","Cell-Cell Contact","PMID: 15114347"
"FIB2","FIB2","EFNA5","EPHA7",0.00953584506018986,0,"EFNA5_EPHA7","EFNA5 - EPHA7","EPHA","Cell-Cell Contact","PMID: 15114347"
"vCTB","FIB2","EFNA5","EPHA7",0.00506726492481421,0,"EFNA5_EPHA7","EFNA5 - EPHA7","EPHA","Cell-Cell Contact","PMID: 15114347"
"Endothelial","STB-progenitor","EFNB2","EPHB4",0.00837843546388511,0,"EFNB2_EPHB4","EFNB2 - EPHB4","EPHB","Cell-Cell Contact","PMID: 15114347"
"FIB2","STB-progenitor","EFNB2","EPHB4",0.00420684110529632,0,"EFNB2_EPHB4","EFNB2 - EPHB4","EPHB","Cell-Cell Contact","PMID: 15114347"
"Endothelial","vCTB","EFNB2","EPHB4",0.00235131051096295,0,"EFNB2_EPHB4","EFNB2 - EPHB4","EPHB","Cell-Cell Contact","PMID: 15114347"
"FIB2","vCTB","EFNB2","EPHB4",0.00117703904762372,0,"EFNB2_EPHB4","EFNB2 - EPHB4","EPHB","Cell-Cell Contact","PMID: 15114347"
"Endothelial","Endothelial","ESAM","ESAM",0.00295159373522802,0,"ESAM_ESAM","ESAM - ESAM","ESAM","Cell-Cell Contact","KEGG: hsa04514; PMID: 11279107"
"STB","Endothelial","ESAM","ESAM",0.00186427915197974,0,"ESAM_ESAM","ESAM - ESAM","ESAM","Cell-Cell Contact","KEGG: hsa04514; PMID: 11279107"
"Endothelial","STB","ESAM","ESAM",0.00186427915197974,0,"ESAM_ESAM","ESAM - ESAM","ESAM","Cell-Cell Contact","KEGG: hsa04514; PMID: 11279107"
"STB","STB","ESAM","ESAM",0.00117703904762372,0,"ESAM_ESAM","ESAM - ESAM","ESAM","Cell-Cell Contact","KEGG: hsa04514; PMID: 11279107"
"Endothelial","Hofbauer cells","ICAM2","ITGAM_ITGB2",0.00117703904762372,0,"ICAM2_ITGAM_ITGB2","ICAM2 - (ITGAM+ITGB2)","ICAM","Cell-Cell Contact","KEGG: hsa04514"
"Hofbauer cells","Endothelial","ITGB2","ICAM2",0.00117703904762372,0,"ITGB2_ICAM2","ITGB2 - ICAM2","ITGB2","Cell-Cell Contact","KEGG: hsa04514"
"Endothelial","Endothelial","JAM2","ITGAV_ITGB1",0.0410336715796277,0,"JAM2_ITGAV_ITGB1","JAM2 - (ITGAV+ITGB1)","JAM","Cell-Cell Contact","KEGG: hsa04514"
"Endothelial","Erythroblasts","JAM2","ITGAV_ITGB1",0.00937916484165876,0,"JAM2_ITGAV_ITGB1","JAM2 - (ITGAV+ITGB1)","JAM","Cell-Cell Contact","KEGG: hsa04514"
"Endothelial","EVT","JAM2","ITGAV_ITGB1",0.0362846831448824,0,"JAM2_ITGAV_ITGB1","JAM2 - (ITGAV+ITGB1)","JAM","Cell-Cell Contact","KEGG: hsa04514"
"Endothelial","EVT-progenitor","JAM2","ITGAV_ITGB1",0.0512243390488519,0,"JAM2_ITGAV_ITGB1","JAM2 - (ITGAV+ITGB1)","JAM","Cell-Cell Contact","KEGG: hsa04514"
"Endothelial","FIB1","JAM2","ITGAV_ITGB1",0.0185840270303778,0,"JAM2_ITGAV_ITGB1","JAM2 - (ITGAV+ITGB1)","JAM","Cell-Cell Contact","KEGG: hsa04514"
"Endothelial","FIB2","JAM2","ITGAV_ITGB1",0.0185840270303778,0,"JAM2_ITGAV_ITGB1","JAM2 - (ITGAV+ITGB1)","JAM","Cell-Cell Contact","KEGG: hsa04514"
"Endothelial","Hofbauer cells","JAM2","ITGAV_ITGB1",0.0229774195552935,0,"JAM2_ITGAV_ITGB1","JAM2 - (ITGAV+ITGB1)","JAM","Cell-Cell Contact","KEGG: hsa04514"
"Endothelial","STB","JAM2","ITGAV_ITGB1",0.0176109399766222,0,"JAM2_ITGAV_ITGB1","JAM2 - (ITGAV+ITGB1)","JAM","Cell-Cell Contact","KEGG: hsa04514"
"Endothelial","STB-progenitor","JAM2","ITGAV_ITGB1",0.012869977710119,0,"JAM2_ITGAV_ITGB1","JAM2 - (ITGAV+ITGB1)","JAM","Cell-Cell Contact","KEGG: hsa04514"
"Endothelial","vCTB","JAM2","ITGAV_ITGB1",0.0445175048486319,0,"JAM2_ITGAV_ITGB1","JAM2 - (ITGAV+ITGB1)","JAM","Cell-Cell Contact","KEGG: hsa04514"
"Endothelial","Hofbauer cells","JAM3","ITGAM_ITGB2",0.0141642087555755,0,"JAM3_ITGAM_ITGB2","JAM3 - (ITGAM+ITGB2)","JAM","Cell-Cell Contact","KEGG: hsa04514; PMID: 16118203, PMC2194005"
"FIB2","Hofbauer cells","JAM3","ITGAM_ITGB2",0.00352282413973041,0,"JAM3_ITGAM_ITGB2","JAM3 - (ITGAM+ITGB2)","JAM","Cell-Cell Contact","KEGG: hsa04514; PMID: 16118203, PMC2194005"
"Hofbauer cells","Hofbauer cells","JAM3","ITGAM_ITGB2",0.00117703904762372,0,"JAM3_ITGAM_ITGB2","JAM3 - (ITGAM+ITGB2)","JAM","Cell-Cell Contact","KEGG: hsa04514; PMID: 16118203, PMC2194005"
"Endothelial","Endothelial","JAM2","JAM3",0.103489753536871,0,"JAM2_JAM3","JAM2 - JAM3","JAM","Cell-Cell Contact","PMC1237098;  PMID: 11590146"
"Endothelial","FIB2","JAM2","JAM3",0.0276194007009718,0,"JAM2_JAM3","JAM2 - JAM3","JAM","Cell-Cell Contact","PMC1237098;  PMID: 11590146"
"Endothelial","Hofbauer cells","JAM2","JAM3",0.00937916484165877,0,"JAM2_JAM3","JAM2 - JAM3","JAM","Cell-Cell Contact","PMC1237098;  PMID: 11590146"
"Endothelial","Endothelial","F11R","F11R",0.00117703904762372,0,"F11R_F11R","F11R - F11R","JAM","Cell-Cell Contact","KEGG: hsa04514"
"EVT","Endothelial","F11R","F11R",0.00352282413973041,0,"F11R_F11R","F11R - F11R","JAM","Cell-Cell Contact","KEGG: hsa04514"
"Endothelial","EVT","F11R","F11R",0.00352282413973041,0,"F11R_F11R","F11R - F11R","JAM","Cell-Cell Contact","KEGG: hsa04514"
"EVT","EVT","F11R","F11R",0.0104945316403953,0,"F11R_F11R","F11R - F11R","JAM","Cell-Cell Contact","KEGG: hsa04514"
"Endothelial","Endothelial","F11R","JAM2",0.00937916484165877,0,"F11R_JAM2","F11R - JAM2","JAM","Cell-Cell Contact","KEGG: hsa04514"
"EVT","Endothelial","F11R","JAM2",0.0276194007009718,0,"F11R_JAM2","F11R - JAM2","JAM","Cell-Cell Contact","KEGG: hsa04514"
"Endothelial","Endothelial","F11R","JAM3",0.0141642087555755,0,"F11R_JAM3","F11R - JAM3","JAM","Cell-Cell Contact","KEGG: hsa04514"
"EVT","Endothelial","F11R","JAM3",0.0413220383129844,0,"F11R_JAM3","F11R - JAM3","JAM","Cell-Cell Contact","KEGG: hsa04514"
"Endothelial","FIB2","F11R","JAM3",0.00352282413973041,0,"F11R_JAM3","F11R - JAM3","JAM","Cell-Cell Contact","KEGG: hsa04514"
"EVT","FIB2","F11R","JAM3",0.0104945316403953,0,"F11R_JAM3","F11R - JAM3","JAM","Cell-Cell Contact","KEGG: hsa04514"
"Endothelial","Hofbauer cells","F11R","JAM3",0.00117703904762372,0,"F11R_JAM3","F11R - JAM3","JAM","Cell-Cell Contact","KEGG: hsa04514"
"EVT","Hofbauer cells","F11R","JAM3",0.00352282413973041,0,"F11R_JAM3","F11R - JAM3","JAM","Cell-Cell Contact","KEGG: hsa04514"
"Endothelial","Endothelial","JAM2","F11R",0.00937916484165877,0,"JAM2_F11R","JAM2 - F11R","JAM","Cell-Cell Contact","KEGG: hsa04514"
"Endothelial","EVT","JAM2","F11R",0.0276194007009718,0,"JAM2_F11R","JAM2 - F11R","JAM","Cell-Cell Contact","KEGG: hsa04514"
"Endothelial","Endothelial","JAM2","JAM2",0.0706920719091739,0,"JAM2_JAM2","JAM2 - JAM2","JAM","Cell-Cell Contact","KEGG: hsa04514"
"Endothelial","Endothelial","JAM3","F11R",0.0141642087555755,0,"JAM3_F11R","JAM3 - F11R","JAM","Cell-Cell Contact","KEGG: hsa04514"
"FIB2","Endothelial","JAM3","F11R",0.00352282413973041,0,"JAM3_F11R","JAM3 - F11R","JAM","Cell-Cell Contact","KEGG: hsa04514"
"Hofbauer cells","Endothelial","JAM3","F11R",0.00117703904762372,0,"JAM3_F11R","JAM3 - F11R","JAM","Cell-Cell Contact","KEGG: hsa04514"
"Endothelial","EVT","JAM3","F11R",0.0413220383129844,0,"JAM3_F11R","JAM3 - F11R","JAM","Cell-Cell Contact","KEGG: hsa04514"
"FIB2","EVT","JAM3","F11R",0.0104945316403953,0,"JAM3_F11R","JAM3 - F11R","JAM","Cell-Cell Contact","KEGG: hsa04514"
"Hofbauer cells","EVT","JAM3","F11R",0.00352282413973041,0,"JAM3_F11R","JAM3 - F11R","JAM","Cell-Cell Contact","KEGG: hsa04514"
"Endothelial","Endothelial","JAM3","JAM2",0.103489753536871,0,"JAM3_JAM2","JAM3 - JAM2","JAM","Cell-Cell Contact","KEGG: hsa04514"
"FIB2","Endothelial","JAM3","JAM2",0.0276194007009718,0,"JAM3_JAM2","JAM3 - JAM2","JAM","Cell-Cell Contact","KEGG: hsa04514"
"Hofbauer cells","Endothelial","JAM3","JAM2",0.00937916484165877,0,"JAM3_JAM2","JAM3 - JAM2","JAM","Cell-Cell Contact","KEGG: hsa04514"
"Endothelial","Endothelial","JAM3","JAM3",0.149063196313663,0,"JAM3_JAM3","JAM3 - JAM3","JAM","Cell-Cell Contact","KEGG: hsa04514"
"FIB2","Endothelial","JAM3","JAM3",0.0413220383129844,0,"JAM3_JAM3","JAM3 - JAM3","JAM","Cell-Cell Contact","KEGG: hsa04514"
"Hofbauer cells","Endothelial","JAM3","JAM3",0.0141642087555755,0,"JAM3_JAM3","JAM3 - JAM3","JAM","Cell-Cell Contact","KEGG: hsa04514"
"Endothelial","FIB2","JAM3","JAM3",0.0413220383129844,0,"JAM3_JAM3","JAM3 - JAM3","JAM","Cell-Cell Contact","KEGG: hsa04514"
"FIB2","FIB2","JAM3","JAM3",0.0104945316403953,0,"JAM3_JAM3","JAM3 - JAM3","JAM","Cell-Cell Contact","KEGG: hsa04514"
"Hofbauer cells","FIB2","JAM3","JAM3",0.00352282413973041,0,"JAM3_JAM3","JAM3 - JAM3","JAM","Cell-Cell Contact","KEGG: hsa04514"
"Endothelial","Hofbauer cells","JAM3","JAM3",0.0141642087555755,0,"JAM3_JAM3","JAM3 - JAM3","JAM","Cell-Cell Contact","KEGG: hsa04514"
"FIB2","Hofbauer cells","JAM3","JAM3",0.00352282413973041,0,"JAM3_JAM3","JAM3 - JAM3","JAM","Cell-Cell Contact","KEGG: hsa04514"
"Hofbauer cells","Hofbauer cells","JAM3","JAM3",0.00117703904762372,0,"JAM3_JAM3","JAM3 - JAM3","JAM","Cell-Cell Contact","KEGG: hsa04514"
"EVT","Endothelial","MPZL1","MPZL1",0.00420684110529632,0,"MPZL1_MPZL1","MPZL1 - MPZL1","MPZ","Cell-Cell Contact","KEGG: hsa04514"
"vCTB","Endothelial","MPZL1","MPZL1",0.00420684110529632,0,"MPZL1_MPZL1","MPZL1 - MPZL1","MPZ","Cell-Cell Contact","KEGG: hsa04514"
"Endothelial","EVT","MPZL1","MPZL1",0.00420684110529632,0,"MPZL1_MPZL1","MPZL1 - MPZL1","MPZ","Cell-Cell Contact","KEGG: hsa04514"
"EVT","EVT","MPZL1","MPZL1",0.0149191291436947,0,"MPZL1_MPZL1","MPZL1 - MPZL1","MPZ","Cell-Cell Contact","KEGG: hsa04514"
"FIB2","EVT","MPZL1","MPZL1",0.00420684110529632,0,"MPZL1_MPZL1","MPZL1 - MPZL1","MPZ","Cell-Cell Contact","KEGG: hsa04514"
"vCTB","EVT","MPZL1","MPZL1",0.0149191291436947,0,"MPZL1_MPZL1","MPZL1 - MPZL1","MPZ","Cell-Cell Contact","KEGG: hsa04514"
"EVT","FIB2","MPZL1","MPZL1",0.00420684110529632,0,"MPZL1_MPZL1","MPZL1 - MPZL1","MPZ","Cell-Cell Contact","KEGG: hsa04514"
"FIB2","FIB2","MPZL1","MPZL1",0.00117703904762372,0,"MPZL1_MPZL1","MPZL1 - MPZL1","MPZ","Cell-Cell Contact","KEGG: hsa04514"
"vCTB","FIB2","MPZL1","MPZL1",0.00420684110529632,0,"MPZL1_MPZL1","MPZL1 - MPZL1","MPZ","Cell-Cell Contact","KEGG: hsa04514"
"Endothelial","vCTB","MPZL1","MPZL1",0.00420684110529632,0,"MPZL1_MPZL1","MPZL1 - MPZL1","MPZ","Cell-Cell Contact","KEGG: hsa04514"
"EVT","vCTB","MPZL1","MPZL1",0.0149191291436947,0,"MPZL1_MPZL1","MPZL1 - MPZL1","MPZ","Cell-Cell Contact","KEGG: hsa04514"
"FIB2","vCTB","MPZL1","MPZL1",0.00420684110529632,0,"MPZL1_MPZL1","MPZL1 - MPZL1","MPZ","Cell-Cell Contact","KEGG: hsa04514"
"vCTB","vCTB","MPZL1","MPZL1",0.0149191291436947,0,"MPZL1_MPZL1","MPZL1 - MPZL1","MPZ","Cell-Cell Contact","KEGG: hsa04514"
"EVT-progenitor","Endothelial","NECTIN3","NECTIN2",0.0125152241967036,0,"NECTIN3_NECTIN2","NECTIN3 - NECTIN2","NECTIN","Cell-Cell Contact","PMID: 23027581"
"FIB1","Endothelial","NECTIN3","NECTIN2",0.00420684110529632,0,"NECTIN3_NECTIN2","NECTIN3 - NECTIN2","NECTIN","Cell-Cell Contact","PMID: 23027581"
"FIB2","Endothelial","NECTIN3","NECTIN2",0.00420684110529632,0,"NECTIN3_NECTIN2","NECTIN3 - NECTIN2","NECTIN","Cell-Cell Contact","PMID: 23027581"
"STB","Endothelial","NECTIN3","NECTIN2",0.0402412410198714,0,"NECTIN3_NECTIN2","NECTIN3 - NECTIN2","NECTIN","Cell-Cell Contact","PMID: 23027581"
"STB-progenitor","Endothelial","NECTIN3","NECTIN2",0.0355644150023574,0,"NECTIN3_NECTIN2","NECTIN3 - NECTIN2","NECTIN","Cell-Cell Contact","PMID: 23027581"
"EVT-progenitor","EVT","NECTIN3","PVR",0.0026444470853049,0,"NECTIN3_PVR","NECTIN3 - PVR","NECTIN","Cell-Cell Contact","PMID: 23027581"
"FIB1","EVT","NECTIN3","PVR",0.000883039128601526,0,"NECTIN3_PVR","NECTIN3 - PVR","NECTIN","Cell-Cell Contact","PMID: 23027581"
"FIB2","EVT","NECTIN3","PVR",0.000883039128601526,0,"NECTIN3_PVR","NECTIN3 - PVR","NECTIN","Cell-Cell Contact","PMID: 23027581"
"STB","EVT","NECTIN3","PVR",0.00869546915183642,0,"NECTIN3_PVR","NECTIN3 - PVR","NECTIN","Cell-Cell Contact","PMID: 23027581"
"STB-progenitor","EVT","NECTIN3","PVR",0.00765563986166012,0,"NECTIN3_PVR","NECTIN3 - PVR","NECTIN","Cell-Cell Contact","PMID: 23027581"
"FIB1","Endothelial","DLK1","NOTCH1",0.00911651531732242,0,"DLK1_NOTCH1","DLK1 - NOTCH1","NOTCH","Cell-Cell Contact","PMID: 22353464"
"FIB2","Endothelial","DLK1","NOTCH1",0.009339362817973,0,"DLK1_NOTCH1","DLK1 - NOTCH1","NOTCH","Cell-Cell Contact","PMID: 22353464"
"FIB1","FIB1","DLK1","NOTCH2",0.0162239699869278,0,"DLK1_NOTCH2","DLK1 - NOTCH2","NOTCH","Cell-Cell Contact","PMID: 22353464"
"FIB2","FIB1","DLK1","NOTCH2",0.0166176410942996,0,"DLK1_NOTCH2","DLK1 - NOTCH2","NOTCH","Cell-Cell Contact","PMID: 22353464"
"FIB1","FIB2","DLK1","NOTCH2",0.0319299100711755,0,"DLK1_NOTCH2","DLK1 - NOTCH2","NOTCH","Cell-Cell Contact","PMID: 22353464"
"FIB2","FIB2","DLK1","NOTCH2",0.0326920179673691,0,"DLK1_NOTCH2","DLK1 - NOTCH2","NOTCH","Cell-Cell Contact","PMID: 22353464"
"FIB1","Hofbauer cells","DLK1","NOTCH2",0.0319299100711755,0,"DLK1_NOTCH2","DLK1 - NOTCH2","NOTCH","Cell-Cell Contact","PMID: 22353464"
"FIB2","Hofbauer cells","DLK1","NOTCH2",0.0326920179673691,0,"DLK1_NOTCH2","DLK1 - NOTCH2","NOTCH","Cell-Cell Contact","PMID: 22353464"
"FIB1","FIB1","DLK1","NOTCH3",0.00911651531732242,0,"DLK1_NOTCH3","DLK1 - NOTCH3","NOTCH","Cell-Cell Contact","PMID: 22353464"
"FIB2","FIB1","DLK1","NOTCH3",0.009339362817973,0,"DLK1_NOTCH3","DLK1 - NOTCH3","NOTCH","Cell-Cell Contact","PMID: 22353464"
"FIB1","Endothelial","DLK1","NOTCH4",0.0319299100711755,0,"DLK1_NOTCH4","DLK1 - NOTCH4","NOTCH","Cell-Cell Contact","PMID: 22353464"
"FIB2","Endothelial","DLK1","NOTCH4",0.0326920179673691,0,"DLK1_NOTCH4","DLK1 - NOTCH4","NOTCH","Cell-Cell Contact","PMID: 22353464"
"Endothelial","Endothelial","JAG1","NOTCH1",0.00605548229642894,0,"JAG1_NOTCH1","JAG1 - NOTCH1","NOTCH","Cell-Cell Contact","PMID: 22353464"
"FIB1","Endothelial","JAG1","NOTCH1",0.00117703904762372,0,"JAG1_NOTCH1","JAG1 - NOTCH1","NOTCH","Cell-Cell Contact","PMID: 22353464"
"Endothelial","FIB1","JAG1","NOTCH2",0.0108024988399024,0,"JAG1_NOTCH2","JAG1 - NOTCH2","NOTCH","Cell-Cell Contact","PMID: 22353464"
"FIB1","FIB1","JAG1","NOTCH2",0.00210785425661351,0,"JAG1_NOTCH2","JAG1 - NOTCH2","NOTCH","Cell-Cell Contact","PMID: 22353464"
"Endothelial","FIB2","JAG1","NOTCH2",0.0213741039467165,0,"JAG1_NOTCH2","JAG1 - NOTCH2","NOTCH","Cell-Cell Contact","PMID: 22353464"
"FIB1","FIB2","JAG1","NOTCH2",0.00420684110529632,0,"JAG1_NOTCH2","JAG1 - NOTCH2","NOTCH","Cell-Cell Contact","PMID: 22353464"
"Endothelial","Hofbauer cells","JAG1","NOTCH2",0.0213741039467165,0,"JAG1_NOTCH2","JAG1 - NOTCH2","NOTCH","Cell-Cell Contact","PMID: 22353464"
"FIB1","Hofbauer cells","JAG1","NOTCH2",0.00420684110529632,0,"JAG1_NOTCH2","JAG1 - NOTCH2","NOTCH","Cell-Cell Contact","PMID: 22353464"
"Endothelial","FIB1","JAG1","NOTCH3",0.00605548229642894,0,"JAG1_NOTCH3","JAG1 - NOTCH3","NOTCH","Cell-Cell Contact","PMID: 22353464"
"FIB1","FIB1","JAG1","NOTCH3",0.00117703904762372,0,"JAG1_NOTCH3","JAG1 - NOTCH3","NOTCH","Cell-Cell Contact","PMID: 22353464"
"Endothelial","Endothelial","JAG1","NOTCH4",0.0213741039467165,0,"JAG1_NOTCH4","JAG1 - NOTCH4","NOTCH","Cell-Cell Contact","PMID: 22353464"
"FIB1","Endothelial","JAG1","NOTCH4",0.00420684110529632,0,"JAG1_NOTCH4","JAG1 - NOTCH4","NOTCH","Cell-Cell Contact","PMID: 22353464"
"vCTB","vCTB","OCLN","OCLN",0.00117703904762372,0,"OCLN_OCLN","OCLN - OCLN","OCLN","Cell-Cell Contact","KEGG: hsa04514"
"Endothelial","Endothelial","PECAM1","PECAM1",0.159827077786066,0,"PECAM1_PECAM1","PECAM1 - PECAM1","PECAM1","Cell-Cell Contact","KEGG: hsa04514"
"Endothelial","Endothelial","PTPRM","PTPRM",0.180972982090754,0,"PTPRM_PTPRM","PTPRM - PTPRM","PTPRM","Cell-Cell Contact","KEGG: hsa04514"
"EVT","Endothelial","PTPRM","PTPRM",0.060632366253628,0,"PTPRM_PTPRM","PTPRM - PTPRM","PTPRM","Cell-Cell Contact","KEGG: hsa04514"
"EVT-progenitor","Endothelial","PTPRM","PTPRM",0.060632366253628,0,"PTPRM_PTPRM","PTPRM - PTPRM","PTPRM","Cell-Cell Contact","KEGG: hsa04514"
"Hofbauer cells","Endothelial","PTPRM","PTPRM",0.120007127103709,0,"PTPRM_PTPRM","PTPRM - PTPRM","PTPRM","Cell-Cell Contact","KEGG: hsa04514"
"STB","Endothelial","PTPRM","PTPRM",0.060632366253628,0,"PTPRM_PTPRM","PTPRM - PTPRM","PTPRM","Cell-Cell Contact","KEGG: hsa04514"
"STB-progenitor","Endothelial","PTPRM","PTPRM",0.0719893236353111,0,"PTPRM_PTPRM","PTPRM - PTPRM","PTPRM","Cell-Cell Contact","KEGG: hsa04514"
"vCTB","Endothelial","PTPRM","PTPRM",0.134486864439581,0,"PTPRM_PTPRM","PTPRM - PTPRM","PTPRM","Cell-Cell Contact","KEGG: hsa04514"
"Endothelial","EVT","PTPRM","PTPRM",0.060632366253628,0,"PTPRM_PTPRM","PTPRM - PTPRM","PTPRM","Cell-Cell Contact","KEGG: hsa04514"
"vCTB","EVT","PTPRM","PTPRM",0.0434191481533707,0.03,"PTPRM_PTPRM","PTPRM - PTPRM","PTPRM","Cell-Cell Contact","KEGG: hsa04514"
"Endothelial","EVT-progenitor","PTPRM","PTPRM",0.060632366253628,0,"PTPRM_PTPRM","PTPRM - PTPRM","PTPRM","Cell-Cell Contact","KEGG: hsa04514"
"vCTB","EVT-progenitor","PTPRM","PTPRM",0.0434191481533707,0.02,"PTPRM_PTPRM","PTPRM - PTPRM","PTPRM","Cell-Cell Contact","KEGG: hsa04514"
"Endothelial","Hofbauer cells","PTPRM","PTPRM",0.120007127103709,0,"PTPRM_PTPRM","PTPRM - PTPRM","PTPRM","Cell-Cell Contact","KEGG: hsa04514"
"Hofbauer cells","Hofbauer cells","PTPRM","PTPRM",0.0776326111824628,0,"PTPRM_PTPRM","PTPRM - PTPRM","PTPRM","Cell-Cell Contact","KEGG: hsa04514"
"STB","Hofbauer cells","PTPRM","PTPRM",0.0383103599646034,0.02,"PTPRM_PTPRM","PTPRM - PTPRM","PTPRM","Cell-Cell Contact","KEGG: hsa04514"
"vCTB","Hofbauer cells","PTPRM","PTPRM",0.0875079783364962,0,"PTPRM_PTPRM","PTPRM - PTPRM","PTPRM","Cell-Cell Contact","KEGG: hsa04514"
"Endothelial","STB","PTPRM","PTPRM",0.060632366253628,0,"PTPRM_PTPRM","PTPRM - PTPRM","PTPRM","Cell-Cell Contact","KEGG: hsa04514"
"Hofbauer cells","STB","PTPRM","PTPRM",0.0383103599646034,0.02,"PTPRM_PTPRM","PTPRM - PTPRM","PTPRM","Cell-Cell Contact","KEGG: hsa04514"
"vCTB","STB","PTPRM","PTPRM",0.0434191481533707,0,"PTPRM_PTPRM","PTPRM - PTPRM","PTPRM","Cell-Cell Contact","KEGG: hsa04514"
"Endothelial","STB-progenitor","PTPRM","PTPRM",0.0719893236353111,0,"PTPRM_PTPRM","PTPRM - PTPRM","PTPRM","Cell-Cell Contact","KEGG: hsa04514"
"vCTB","STB-progenitor","PTPRM","PTPRM",0.0517294740767785,0.01,"PTPRM_PTPRM","PTPRM - PTPRM","PTPRM","Cell-Cell Contact","KEGG: hsa04514"
"Endothelial","vCTB","PTPRM","PTPRM",0.134486864439581,0,"PTPRM_PTPRM","PTPRM - PTPRM","PTPRM","Cell-Cell Contact","KEGG: hsa04514"
"EVT","vCTB","PTPRM","PTPRM",0.0434191481533707,0.03,"PTPRM_PTPRM","PTPRM - PTPRM","PTPRM","Cell-Cell Contact","KEGG: hsa04514"
"EVT-progenitor","vCTB","PTPRM","PTPRM",0.0434191481533707,0.02,"PTPRM_PTPRM","PTPRM - PTPRM","PTPRM","Cell-Cell Contact","KEGG: hsa04514"
"Hofbauer cells","vCTB","PTPRM","PTPRM",0.0875079783364962,0,"PTPRM_PTPRM","PTPRM - PTPRM","PTPRM","Cell-Cell Contact","KEGG: hsa04514"
"STB","vCTB","PTPRM","PTPRM",0.0434191481533707,0,"PTPRM_PTPRM","PTPRM - PTPRM","PTPRM","Cell-Cell Contact","KEGG: hsa04514"
"STB-progenitor","vCTB","PTPRM","PTPRM",0.0517294740767785,0.01,"PTPRM_PTPRM","PTPRM - PTPRM","PTPRM","Cell-Cell Contact","KEGG: hsa04514"
"vCTB","vCTB","PTPRM","PTPRM",0.0985053971079425,0,"PTPRM_PTPRM","PTPRM - PTPRM","PTPRM","Cell-Cell Contact","KEGG: hsa04514"
"Hofbauer cells","EVT","SEMA4D","PLXNB2",0.00117703904762372,0,"SEMA4D_PLXNB2","SEMA4D - PLXNB2","SEMA4","Cell-Cell Contact","PMID: 27533782"
"Hofbauer cells","FIB2","SEMA4D","PLXNB2",0.00117703904762372,0,"SEMA4D_PLXNB2","SEMA4D - PLXNB2","SEMA4","Cell-Cell Contact","PMID: 27533782"
"EVT","EVT","SEMA4C","PLXNB2",0.00117703904762372,0,"SEMA4C_PLXNB2","SEMA4C - PLXNB2","SEMA4","Cell-Cell Contact","PMID: 27533782"
"EVT","FIB2","SEMA4C","PLXNB2",0.00117703904762372,0,"SEMA4C_PLXNB2","SEMA4C - PLXNB2","SEMA4","Cell-Cell Contact","PMID: 27533782"
"Endothelial","Endothelial","SEMA6A","PLXNA2",0.00789727238277975,0.01,"SEMA6A_PLXNA2","SEMA6A - PLXNA2","SEMA6","Cell-Cell Contact","PMID: 27533782"
"STB","Endothelial","SEMA6A","PLXNA2",0.00885913204958833,0,"SEMA6A_PLXNA2","SEMA6A - PLXNA2","SEMA6","Cell-Cell Contact","PMID: 27533782"
"STB-progenitor","Endothelial","SEMA6A","PLXNA2",0.0144099219536886,0,"SEMA6A_PLXNA2","SEMA6A - PLXNA2","SEMA6","Cell-Cell Contact","PMID: 27533782"
"vCTB","Endothelial","SEMA6A","PLXNA2",0.0108865026594393,0,"SEMA6A_PLXNA2","SEMA6A - PLXNA2","SEMA6","Cell-Cell Contact","PMID: 27533782"
"Endothelial","FIB2","SEMA6A","PLXNA2",0.00789727238277975,0,"SEMA6A_PLXNA2","SEMA6A - PLXNA2","SEMA6","Cell-Cell Contact","PMID: 27533782"
"Erythroblasts","FIB2","SEMA6A","PLXNA2",0.00117703904762372,0,"SEMA6A_PLXNA2","SEMA6A - PLXNA2","SEMA6","Cell-Cell Contact","PMID: 27533782"
"EVT-progenitor","FIB2","SEMA6A","PLXNA2",0.00469158963789718,0,"SEMA6A_PLXNA2","SEMA6A - PLXNA2","SEMA6","Cell-Cell Contact","PMID: 27533782"
"FIB1","FIB2","SEMA6A","PLXNA2",0.00117703904762372,0,"SEMA6A_PLXNA2","SEMA6A - PLXNA2","SEMA6","Cell-Cell Contact","PMID: 27533782"
"FIB2","FIB2","SEMA6A","PLXNA2",0.00117703904762372,0,"SEMA6A_PLXNA2","SEMA6A - PLXNA2","SEMA6","Cell-Cell Contact","PMID: 27533782"
"Hofbauer cells","FIB2","SEMA6A","PLXNA2",0.00117703904762372,0,"SEMA6A_PLXNA2","SEMA6A - PLXNA2","SEMA6","Cell-Cell Contact","PMID: 27533782"
"STB","FIB2","SEMA6A","PLXNA2",0.00885913204958833,0,"SEMA6A_PLXNA2","SEMA6A - PLXNA2","SEMA6","Cell-Cell Contact","PMID: 27533782"
"STB-progenitor","FIB2","SEMA6A","PLXNA2",0.0144099219536886,0,"SEMA6A_PLXNA2","SEMA6A - PLXNA2","SEMA6","Cell-Cell Contact","PMID: 27533782"
"vCTB","FIB2","SEMA6A","PLXNA2",0.0108865026594393,0,"SEMA6A_PLXNA2","SEMA6A - PLXNA2","SEMA6","Cell-Cell Contact","PMID: 27533782"
"Endothelial","Hofbauer cells","SEMA6A","PLXNA2",0.00789727238277975,0,"SEMA6A_PLXNA2","SEMA6A - PLXNA2","SEMA6","Cell-Cell Contact","PMID: 27533782"
"Erythroblasts","Hofbauer cells","SEMA6A","PLXNA2",0.00117703904762372,0.02,"SEMA6A_PLXNA2","SEMA6A - PLXNA2","SEMA6","Cell-Cell Contact","PMID: 27533782"
"EVT-progenitor","Hofbauer cells","SEMA6A","PLXNA2",0.00469158963789718,0.01,"SEMA6A_PLXNA2","SEMA6A - PLXNA2","SEMA6","Cell-Cell Contact","PMID: 27533782"
"FIB1","Hofbauer cells","SEMA6A","PLXNA2",0.00117703904762372,0.02,"SEMA6A_PLXNA2","SEMA6A - PLXNA2","SEMA6","Cell-Cell Contact","PMID: 27533782"
"FIB2","Hofbauer cells","SEMA6A","PLXNA2",0.00117703904762372,0.02,"SEMA6A_PLXNA2","SEMA6A - PLXNA2","SEMA6","Cell-Cell Contact","PMID: 27533782"
"Hofbauer cells","Hofbauer cells","SEMA6A","PLXNA2",0.00117703904762372,0.02,"SEMA6A_PLXNA2","SEMA6A - PLXNA2","SEMA6","Cell-Cell Contact","PMID: 27533782"
"STB","Hofbauer cells","SEMA6A","PLXNA2",0.00885913204958833,0,"SEMA6A_PLXNA2","SEMA6A - PLXNA2","SEMA6","Cell-Cell Contact","PMID: 27533782"
"STB-progenitor","Hofbauer cells","SEMA6A","PLXNA2",0.0144099219536886,0,"SEMA6A_PLXNA2","SEMA6A - PLXNA2","SEMA6","Cell-Cell Contact","PMID: 27533782"
"vCTB","Hofbauer cells","SEMA6A","PLXNA2",0.0108865026594393,0,"SEMA6A_PLXNA2","SEMA6A - PLXNA2","SEMA6","Cell-Cell Contact","PMID: 27533782"
"Endothelial","FIB2","SEMA6A","PLXNA4",0.00789727238277975,0,"SEMA6A_PLXNA4","SEMA6A - PLXNA4","SEMA6","Cell-Cell Contact","PMID: 27533782"
"Erythroblasts","FIB2","SEMA6A","PLXNA4",0.00117703904762372,0,"SEMA6A_PLXNA4","SEMA6A - PLXNA4","SEMA6","Cell-Cell Contact","PMID: 27533782"
"EVT-progenitor","FIB2","SEMA6A","PLXNA4",0.00469158963789718,0,"SEMA6A_PLXNA4","SEMA6A - PLXNA4","SEMA6","Cell-Cell Contact","PMID: 27533782"
"FIB1","FIB2","SEMA6A","PLXNA4",0.00117703904762372,0,"SEMA6A_PLXNA4","SEMA6A - PLXNA4","SEMA6","Cell-Cell Contact","PMID: 27533782"
"FIB2","FIB2","SEMA6A","PLXNA4",0.00117703904762372,0,"SEMA6A_PLXNA4","SEMA6A - PLXNA4","SEMA6","Cell-Cell Contact","PMID: 27533782"
"Hofbauer cells","FIB2","SEMA6A","PLXNA4",0.00117703904762372,0,"SEMA6A_PLXNA4","SEMA6A - PLXNA4","SEMA6","Cell-Cell Contact","PMID: 27533782"
"STB","FIB2","SEMA6A","PLXNA4",0.00885913204958833,0,"SEMA6A_PLXNA4","SEMA6A - PLXNA4","SEMA6","Cell-Cell Contact","PMID: 27533782"
"STB-progenitor","FIB2","SEMA6A","PLXNA4",0.0144099219536886,0,"SEMA6A_PLXNA4","SEMA6A - PLXNA4","SEMA6","Cell-Cell Contact","PMID: 27533782"
"vCTB","FIB2","SEMA6A","PLXNA4",0.0108865026594393,0,"SEMA6A_PLXNA4","SEMA6A - PLXNA4","SEMA6","Cell-Cell Contact","PMID: 27533782"
"STB","Endothelial","SEMA7A","ITGB1_ITGA1",0.00299353726281385,0,"SEMA7A_ITGB1_ITGA1","SEMA7A - (ITGB1+ITGA1)","SEMA7","Cell-Cell Contact","PMID: 22325954"
"STB-progenitor","Endothelial","SEMA7A","ITGB1_ITGA1",0.00299353726281385,0,"SEMA7A_ITGB1_ITGA1","SEMA7A - (ITGB1+ITGA1)","SEMA7","Cell-Cell Contact","PMID: 22325954"
"STB","Erythroblasts","SEMA7A","ITGB1_ITGA1",0.00117703904762372,0,"SEMA7A_ITGB1_ITGA1","SEMA7A - (ITGB1+ITGA1)","SEMA7","Cell-Cell Contact","PMID: 22325954"
"STB-progenitor","Erythroblasts","SEMA7A","ITGB1_ITGA1",0.00117703904762372,0,"SEMA7A_ITGB1_ITGA1","SEMA7A - (ITGB1+ITGA1)","SEMA7","Cell-Cell Contact","PMID: 22325954"
"STB","EVT","SEMA7A","ITGB1_ITGA1",0.00704534924421412,0,"SEMA7A_ITGB1_ITGA1","SEMA7A - (ITGB1+ITGA1)","SEMA7","Cell-Cell Contact","PMID: 22325954"
"STB-progenitor","EVT","SEMA7A","ITGB1_ITGA1",0.00704534924421412,0,"SEMA7A_ITGB1_ITGA1","SEMA7A - (ITGB1+ITGA1)","SEMA7","Cell-Cell Contact","PMID: 22325954"
"STB","EVT-progenitor","SEMA7A","ITGB1_ITGA1",0.00578587479511698,0,"SEMA7A_ITGB1_ITGA1","SEMA7A - (ITGB1+ITGA1)","SEMA7","Cell-Cell Contact","PMID: 22325954"
"STB-progenitor","EVT-progenitor","SEMA7A","ITGB1_ITGA1",0.00578587479511698,0,"SEMA7A_ITGB1_ITGA1","SEMA7A - (ITGB1+ITGA1)","SEMA7","Cell-Cell Contact","PMID: 22325954"
"STB","FIB1","SEMA7A","ITGB1_ITGA1",0.0082793262836502,0,"SEMA7A_ITGB1_ITGA1","SEMA7A - (ITGB1+ITGA1)","SEMA7","Cell-Cell Contact","PMID: 22325954"
"STB-progenitor","FIB1","SEMA7A","ITGB1_ITGA1",0.0082793262836502,0,"SEMA7A_ITGB1_ITGA1","SEMA7A - (ITGB1+ITGA1)","SEMA7","Cell-Cell Contact","PMID: 22325954"
"STB","FIB2","SEMA7A","ITGB1_ITGA1",0.00703491106954838,0,"SEMA7A_ITGB1_ITGA1","SEMA7A - (ITGB1+ITGA1)","SEMA7","Cell-Cell Contact","PMID: 22325954"
"STB-progenitor","FIB2","SEMA7A","ITGB1_ITGA1",0.00703491106954838,0,"SEMA7A_ITGB1_ITGA1","SEMA7A - (ITGB1+ITGA1)","SEMA7","Cell-Cell Contact","PMID: 22325954"
"FIB1","FIB2","ITGA4_ITGB1","VCAM1",0.00295838797688886,0,"ITGA4_ITGB1_VCAM1","VCAM1 - (ITGA4+ITGB1)","VCAM","Cell-Cell Contact","KEGG: hsa04514"
"Endothelial","FIB2","ITGA9_ITGB1","VCAM1",0.00299353726281385,0,"ITGA9_ITGB1_VCAM1","VCAM1 - (ITGA9+ITGB1)","VCAM","Cell-Cell Contact","KEGG: hsa04514"
"FIB1","FIB2","ITGA9_ITGB1","VCAM1",0.00572913242708251,0,"ITGA9_ITGB1_VCAM1","VCAM1 - (ITGA9+ITGB1)","VCAM","Cell-Cell Contact","KEGG: hsa04514"
"Hofbauer cells","FIB2","ITGA9_ITGB1","VCAM1",0.00367159107307641,0,"ITGA9_ITGB1_VCAM1","VCAM1 - (ITGA9+ITGB1)","VCAM","Cell-Cell Contact","KEGG: hsa04514"
