"cell","orig.ident","nCount_RNA","nFeature_RNA","sample_id","spatial_x","spatial_y","cell_type_spatial","cell_type_cluster","dataset","nCount_SCT","nFeature_SCT","predicted.id","prediction.score.Fibroblast2","prediction.score.EVT1","prediction.score.EVT2","prediction.score.EVT3","prediction.score.Endothelial_cells","prediction.score.STB","prediction.score.vCTBp","prediction.score.vCTB2","prediction.score.unknown2","prediction.score.Fibroblast1","prediction.score.vCTB1","prediction.score.maternal.macrophages","prediction.score.Hofbauer.cells","prediction.score.vCTB3","prediction.score.Maternal.fibroblast","prediction.score.unknown1","prediction.score.myeloid_unknown","prediction.score.max","meta_umap_1","meta_umap_2","week","spatial_x_use","spatial_y_use","celltype_author","mapping_norm_method","celltype_final_conservative","celltype_final_source","celltype_final_refined","celltype_refined_source","lineage_EVT","lineage_vCTB","lineage_STB","lineage_Endothelial","lineage_Fibroblast","lineage_Macrophage","lineage_NK","celltype_lineage_rescue","lineage_score_max","lineage_label_max","niche_cluster","permissiveness_global","permissiveness_global_pct","x","y","label"
"W9_AAACCAACACCTGCCT","W9",6783,2754,"W9","4222.53218666667","3417.9476","FIB2","FIB2","slidetags",6468,2733,"Fibroblast2",0.94786101258918,0,0,0,0,0,0,0,0,0,0,0,0,0,0,0.0521389874108197,0,0.94786101258918,"12.4786685624294","-5.09921494196576",9,4222.53218666667,3417.9476,"FIB2","LogNormalize","FIB2","author","FIB2","author",0.15815130752544,-0.0916692154574897,-0.59043831857011,-0.0810801456855953,0.803371299171388,-0.11907012220937,NA,NA,0.803371299171388,"Fibroblast","N8",1.56829653252307,0.872309376140095,4222.53218666667,3417.9476,"FIB2"
"W9_AAACCGAAGTCAATTG","W9",16216,4937,"W9","3058.846","3488.35553846154","vCTB","vCTB","slidetags",6082,3037,"vCTB3",0,0,0,0,0,0,0,0.300860164996109,0,0,0.209630336991068,0,0,0.489509498012823,0,0,0,0.489509498012823,"-8.42920554493148","6.75974234868366",9,3058.846,3488.35553846154,"vCTB","LogNormalize","vCTB","author","vCTB","author",-0.258084955389659,-0.308153773888733,-0.757671644406506,-0.0620889737695966,-0.846746001054626,-0.112812733770959,NA,NA,-0.0620889737695966,"Endothelial","N4",0.812890964203689,0.770339292229113,3058.846,3488.35553846154,"vCTB"
"W9_AAACGGATCTCGACCT","W9",10057,3615,"W9","4179.5785","1664.208375","Hofbauer cells","Hofbauer cells","slidetags",6847,3535,"Hofbauer cells",0,0,0,0,0,0,0,0,0,0,0,0,0.519268713583616,0,0,0,0.480731286416384,0.519268713583616,"-0.144744713497943","15.1149512224324",9,4179.5785,1664.208375,"Hofbauer cells","LogNormalize","Hofbauer cells","author","Hofbauer cells","author",-0.261943638897842,-0.315464061283842,-0.656679350526492,-0.102329270091707,-0.574877952254227,-0.07163271478371,NA,NA,-0.07163271478371,"Macrophage","N6",2.67117108893147,0.932688799708136,4179.5785,1664.208375,"Hofbauer cells"
"W9_AAAGCAAGTCGCAATA","W9",15074,4646,"W9","3954.77186021505","2328.27141935484","vCTB","vCTB","slidetags",6328,3175,"vCTBp",0,0,0,0,0,0.0122784676264564,0.535842591505549,0,0.0154743226900315,0,0.436404618177962,0,0,0,0,0,0,0.535842591505549,"-5.34268582676131","5.28822669316608",9,3954.77186021505,2328.27141935484,"vCTB","LogNormalize","vCTB","author","vCTB","author",-0.154913562086849,-0.130768702102201,-0.682196828019395,-0.0904655266612586,-0.801337284051341,-0.134528169997807,NA,NA,-0.0904655266612586,"Endothelial","N8",1.34640559079429,0.848960233491426,3954.77186021505,2328.27141935484,"vCTB"
"W9_AAAGCCGCAATCCTAG","W9",4226,1945,"W9","3542.62026865672","5132.66486567164","FIB2","FIB2","slidetags",5345,1926,"Fibroblast2",0.976741935791063,0,0,0,0,0,0,0,0.0232580642089373,0,0,0,0,0,0,0,0,0.976741935791063,"10.8038800873927","-4.63743057917279",9,3542.62026865672,5132.66486567164,"FIB2","LogNormalize","FIB2","author","FIB2","author",0.372011231087211,0.0832634254417273,-0.344160685383085,-0.0615140234546181,2.41956349608272,-0.111893916165876,NA,NA,2.41956349608272,"Fibroblast","N5",2.17750857500632,0.916180226194819,3542.62026865672,5132.66486567164,"FIB2"
"W9_AAAGCCGCAATGCCCG","W9",9369,4011,"W9","2334.26625","5672.77525","EVT","EVT","slidetags",6853,3953,"EVT2",0,0.0802991188497513,0.659809735737216,0.24111968424523,0,0,0,0,0.0187714611678017,0,0,0,0,0,0,0,0,0.659809735737216,"-2.89555824611861","3.98725041676838",9,2334.26625,5672.77525,"EVT","LogNormalize","EVT","author","EVT","author",0.428481674967709,0.585866187190468,-0.390954418053248,-0.107349283525622,-0.731677699690569,-0.196239981926795,NA,NA,0.585866187190468,"vCTB","N4",3.35068805027709,0.946005107624954,2334.26625,5672.77525,"EVT"
"W9_AAATGCCTCTGTAAGC","W9",11927,4130,"W9","3601.15313513514","1121.63671351351","vCTB","vCTB","slidetags",6860,3611,"vCTB2",0,0,0,0,0,0,0,0.417486761739173,0,0,0.239491898867896,0,0,0.343021339392931,0,0,0,0.417486761739173,"-7.28009665821273","4.68081530858356",9,3601.15313513514,1121.63671351351,"vCTB","LogNormalize","vCTB","author","vCTB","author",-0.107783962767162,-0.0677624258691676,-0.72984278914485,-0.0969911222804242,-0.78916256840973,-0.198104629756116,NA,NA,-0.0677624258691676,"vCTB","N5",1.26161492882269,0.838197738051806,3601.15313513514,1121.63671351351,"vCTB"
"W9_AACAAGCCAAGTTATC","W9",16627,4859,"W9","1351.1278","3565.32","vCTB","vCTB","slidetags",5960,2882,"vCTB3",0,0,0,0,0,0,0,0.417592586240944,0,0,0.0293695156372451,0,0,0.553037898121811,0,0,0,0.553037898121811,"-7.12859786365706","4.35301169682819",9,1351.1278,3565.32,"vCTB","LogNormalize","vCTB","author","vCTB","author",-0.134324435823196,-0.0234768937406171,-0.540419554671966,-0.0531060138588665,-0.869678772651389,-0.1306756575767,NA,NA,-0.0234768937406171,"vCTB","N3",1.4188419875074,0.857807369573149,1351.1278,3565.32,"vCTB"
"W9_AACAAGCCATCGTTCT","W9",16814,3805,"W9","807.2632","2965.96219047619","STB-progenitor","STB-progenitor","slidetags",6134,2177,"STB",0,0,0,0,0,1,0,0,0,0,0,0,0,0,0,0,0,1,"1.79069112922471","1.2985260181554",9,807.2632,2965.96219047619,"STB-progenitor","LogNormalize","STB-progenitor","author","STB-progenitor","author",-0.0736001713527268,0.255366135609854,0.156839686411725,-0.0388650949876426,-0.704498687639351,-0.10768189685294,NA,NA,0.255366135609854,"vCTB","N8",1.27108069482997,0.839657059467348,807.2632,2965.96219047619,"STB-progenitor"
"W9_AACAGCAAGGCTAATC","W9",1535,730,"W9","3956.308","3573.04472727273","Hofbauer cells","Hofbauer cells","slidetags",4650,1148,"myeloid_unknown",0,0,0,0,0.000618433123260438,0,0,0,0.183505039589808,0,0,0.309390553634126,0.170134089808918,0,0,0,0.336351883843888,0.336351883843888,"-1.58397472713668","13.2598057680257",9,3956.308,3573.04472727273,"Hofbauer cells","LogNormalize","Hofbauer cells","author","Hofbauer cells","author",-0.131091696008742,-0.183203175186383,0.0205867051746745,-0.0272142010837759,-0.313276631991658,-0.0560156699043107,NA,NA,0.0205867051746745,"STB","N5",3.12287185488296,0.943086464793871,3956.308,3573.04472727273,"Hofbauer cells"
"W9_AACATAGCACTGACTA","W9",16533,4697,"W9","3964.57665384615","4401.95896153846","vCTB","vCTB","slidetags",6098,2790,"vCTBp",0,0,0,0,0,0,0.537583255719918,0,0.0243550364109984,0,0.438061707869083,0,0,0,0,0,0,0.537583255719918,"-6.27884114597518","5.90236243535358",9,3964.57665384615,4401.95896153846,"vCTB","LogNormalize","vCTB","author","vCTB","author",-0.280171507706893,-0.306208632059237,-0.444186046839465,-0.0667339419635855,-0.776135076391706,-0.133462040448283,NA,NA,-0.0667339419635855,"Endothelial","N4",2.30814897660872,0.922108719445458,3964.57665384615,4401.95896153846,"vCTB"
"W9_AACGCTAGTGAGAAAC","W9",9119,3747,"W9","3043.88484210526","3516.30242105263","vCTB","vCTB","slidetags",6630,3723,"vCTB2",0,0,0,0,0,0,0,0.713842323181546,0,0,0.0345744599369763,0,0,0.251583216881478,0,0,0,0.713842323181546,"-8.34021724079329","5.46167763997394",9,3043.88484210526,3516.30242105263,"vCTB","LogNormalize","vCTB","author","vCTB","author",-0.312637616331462,-0.0315210875297243,-0.725791603743362,-0.0797116632136926,-0.673060144137741,-0.163591027134622,NA,NA,-0.0315210875297243,"vCTB","N4",2.11626409692411,0.912349507479022,3043.88484210526,3516.30242105263,"vCTB"
"W9_AACGCTAGTTTAGCTC","W9",10275,3945,"W9","2391.41047619048","1315.47042857143","FIB1","FIB1","slidetags",6950,3816,"Fibroblast1",0.048820133690666,0,0,0,0,0,0,0,0,0.951179866309334,0,0,0,0,0,0,0,0.951179866309334,"11.5833829560451","-11.7224558896891",9,2391.41047619048,1315.47042857143,"FIB1","LogNormalize","FIB1","author","FIB1","author",0.31091590000064,-0.112566656327586,-0.685695216823705,-0.107628884177863,1.2571478901648,-0.174355533725395,NA,NA,1.2571478901648,"Fibroblast","N8",0.656639619054701,0.74398029916089,2391.41047619048,1315.47042857143,"FIB1"
"W9_AACTACTCAGCCTTGG","W9",289,253,"W9","4946.55194202898","3906.30194202899","STB","STB","slidetags",4210,2223,"STB",0,0,0,0,0,0.550474413966234,0.266168523738269,0.158215465289516,0.00351317730006194,0,0.021628419705919,0,0,0,0,0,0,0.550474413966234,"3.70854412700456","0.239670603764836",9,4946.55194202898,3906.30194202899,"STB","LogNormalize","STB","author","STB","author",-0.0795033023349231,0.0256143409095776,0.967254231450809,-0.00805855362942278,-0.231457935137799,-0.0301490509483104,NA,NA,0.967254231450809,"STB","N5",1.5454741235403,0.870211601605254,4946.55194202898,3906.30194202899,"STB"
"W9_AACTCACAGCTATGAC","W9",703,532,"W9","4811.66424175824","4995.39","STB","STB","slidetags",4494,1750,"STB",0,0.178308519117393,0,0,0,0.807469059818812,0,0.0142224210637957,0,0,0,0,0,0,0,0,0,0.807469059818812,"4.44312559749406","1.90547928143818",9,4811.66424175824,4995.39,"STB","LogNormalize","STB","author","STB","author",-0.0808012536536085,-0.196975205359859,0.997389082534245,-0.0118911192554549,-0.2195426924946,-0.0390233128258786,NA,NA,0.997389082534245,"STB","N7",-1.27951849416863,0.243341846041591,4811.66424175824,4995.39,"STB"
"W9_AAGAACAGTTCGCGCT","W9",12093,4270,"W9","1671.71592727273","4291.57443636364","vCTB","vCTB","slidetags",6859,3688,"vCTB3",0,0,0,0,0,0,0,0.135256773326927,0,0,0.240178494943301,0,0,0.624564731729772,0,0,0,0.624564731729772,"-7.96607125614364","6.83641490269977",9,1671.71592727273,4291.57443636364,"vCTB","LogNormalize","vCTB","author","vCTB","author",-0.169779664127992,0.113247062099434,-0.704768619202973,-0.111469986678227,-0.805477853289151,-0.18250886862616,NA,NA,0.113247062099434,"vCTB","N3",0.497242756946194,0.719627873039037,1671.71592727273,4291.57443636364,"vCTB"
"W9_AAGAATCAGGTATTGC","W9",2373,1120,"W9","2875.75157142857","1600.233","vCTB","vCTB","slidetags",4895,1163,"vCTB2",0,0,0,0,0,0.0163564406565196,0.338485657323169,0.431877218889906,0,0,0.0985259454181147,0,0,0.11475473771229,0,0,0,0.431877218889906,"-8.66967738483626","3.40438088704426",9,2875.75157142857,1600.233,"vCTB","LogNormalize","vCTB","author","vCTB","author",0.0853081581983407,0.247928912506596,0.288538354989772,-0.0393181698658123,-0.454727554631343,-0.0819473889506381,NA,NA,0.288538354989772,"STB","N5",1.36535286994878,0.851696461145567,2875.75157142857,1600.233,"vCTB"
"W9_AAGACAAGTTTACCGT","W9",926,676,"W9","4785.23158823529","4948.78164705882","vCTB","vCTB","slidetags",4452,1591,"vCTB2",0,0,0,0,0,0,0.00597783403174504,0.727684482766367,0,0,0.0226624028201084,0,0,0.243675280381779,0,0,0,0.727684482766367,"-8.65113032673079","3.08423528004963",9,4785.23158823529,4948.78164705882,"vCTB","LogNormalize","vCTB","author","vCTB","author",-0.171681528878751,-0.175605439274495,-0.137051000028738,-0.0234300094459708,-0.124575560408208,-0.0494440079279601,NA,NA,-0.0234300094459708,"Endothelial","N7",0.740989520152327,0.758299890550894,4785.23158823529,4948.78164705882,"vCTB"
"W9_AAGACATAGTAAGTCC","W9",8137,3067,"W9","1657.86128571429","5415.64404761905","FIB2","FIB2","slidetags",6681,3013,"Fibroblast2",1,0,0,0,0,0,0,0,0,0,0,0,0,0,0,0,0,1,"12.5450204529933","-6.78190651606243",9,1657.86128571429,5415.64404761905,"FIB2","LogNormalize","FIB2","author","FIB2","author",0.376070854478973,-0.263621573814603,-0.582153976244836,-0.101086729433032,0.562827229560042,-0.159233261979473,NA,NA,0.562827229560042,"Fibroblast","N8",1.65759878264105,0.880062021160161,1657.86128571429,5415.64404761905,"FIB2"
"W9_AAGACCAAGCATGACT","W9",13665,4623,"W9","955.15642970297","4678.49916831683","vCTB","vCTB","slidetags",6372,3400,"vCTB3",0,0,0,0,0,0,0,0.374755654615768,0,0,0.122140268355271,0,0,0.503104077028961,0,0,0,0.503104077028961,"-7.63410247181136","5.06524857808429",9,955.15642970297,4678.49916831683,"vCTB","LogNormalize","vCTB","author","vCTB","author",-0.0502190950756015,0.0758843900181541,-0.487965902749494,-0.103386337048807,-0.802063582108961,-0.163229584542314,NA,NA,0.0758843900181541,"vCTB","N5",1.29149774699062,0.842575702298431,955.15642970297,4678.49916831683,"vCTB"
"W9_AAGCCTCCAGTAAAGC","W9",1931,1033,"W9","2146.3168","2813.4784","FIB2","FIB2","slidetags",4609,1214,"Fibroblast2",0.991123334344793,0,0,0,0,0,0,0,0.00887666565520683,0,0,0,0,0,0,0,0,0.991123334344793,"11.7830184617214","-5.92087927530926",9,2146.3168,2813.4784,"FIB2","LogNormalize","FIB2","author","FIB2","author",-0.116951673765989,-0.17872681569142,-0.11400613284002,-0.0453701542568304,1.57045311519289,-0.0710932949819774,NA,NA,1.57045311519289,"Fibroblast","N3",2.27175768320177,0.920102152499088,2146.3168,2813.4784,"FIB2"
"W9_AAGCGAATCACAAGCT","W9",13090,4223,"W9","2527.45693023256","2899.53623255814","vCTB","vCTB","slidetags",6526,3302,"vCTB3",0,0,0,0,0,0,0,0.345099479898767,0,0,0.0883108202546318,0,0,0.566589699846601,0,0,0,0.566589699846601,"-8.01418412540633","5.20676717091877",9,2527.45693023256,2899.53623255814,"vCTB","LogNormalize","vCTB","author","vCTB","author",0.0186901688536965,0.0350977913355887,-0.648225771292374,-0.0926575696012379,-0.74280047321528,-0.167734569468663,NA,NA,0.0350977913355887,"vCTB","N3",1.49710531208552,0.8652863918278,2527.45693023256,2899.53623255814,"vCTB"
"W9_AAGCGAATCACTAAGC","W9",4173,2117,"W9","3953.19707692308","3397.57535897436","Hofbauer cells","Hofbauer cells","slidetags",5334,2092,"myeloid_unknown",0,0,0,0,0,0,0,0,0,0,0,0,0.400154042111255,0,0,0,0.599845957888745,0.599845957888745,"-0.0958467821456848","14.9472351961263",9,3953.19707692308,3397.57535897436,"Hofbauer cells","LogNormalize","Hofbauer cells","author","Hofbauer cells","author",-0.204547087822296,-0.0882021308468739,-0.26767183745171,-0.0680333934848192,-0.399338594839642,-0.129352781530258,NA,NA,-0.0680333934848192,"Endothelial","N5",3.14716570432136,0.943451295147756,3953.19707692308,3397.57535897436,"Hofbauer cells"
"W9_AAGCGAATCTCAATTC","W9",2341,1183,"W9","589.6648","4269.15945454545","Erythroblasts","Erythroblasts","slidetags",4748,1218,"unknown2",0,0,0,0,0.0110933329553143,0.0215907113477946,0.0367019795268905,0.0292076286396858,0.901406347530315,0,0,0,0,0,0,0,0,0.901406347530315,"-11.1174370131322","1.71169933606464",9,589.6648,4269.15945454545,"Erythroblasts","LogNormalize","Erythroblasts","author","Erythroblasts","author",-0.177099998087142,-0.184608380320746,-0.300795907891725,-0.0190001706035731,-0.519725925624767,-0.0693123352558626,NA,NA,-0.0190001706035731,"Endothelial","N3",1.39638854612478,0.854888726742065,589.6648,4269.15945454545,"Erythroblasts"
"W9_AAGCGTTTCTTCAATC","W9",10095,3618,"W9","3580.42057142857","4195.37952380952","Endothelial","Endothelial","slidetags",6852,3521,"Endothelial_cells",0,0,0,0,1,0,0,0,0,0,0,0,0,0,0,0,0,1,"10.0588020005397","4.65900859166462",9,3580.42057142857,4195.37952380952,"Endothelial","LogNormalize","Endothelial","author","Endothelial","author",-0.128496262688601,-0.291462031021648,-0.688142809243375,0.844465407017131,-0.757127562143504,-0.161677274550452,NA,NA,0.844465407017131,"Endothelial","N5",2.17928610950164,0.916271433783291,3580.42057142857,4195.37952380952,"Endothelial"
"W9_AAGTAGCCAGACAAAC","W9",6405,2599,"W9","1514.42450588235","2354.59352941176","vCTB","vCTB","slidetags",6300,2570,"vCTB2",0,0,0,0,0,0,0,0.552155685490001,0,0,0.0299438633386871,0,0,0.417900451171312,0,0,0,0.552155685490001,"-8.75487101886947","4.98318061162311",9,1514.42450588235,2354.59352941176,"vCTB","LogNormalize","vCTB","author","vCTB","author",-0.299854553540006,-0.0976114760972251,-0.670994582478483,0.0722320056632032,-0.727151773270217,-0.161442505508653,NA,NA,0.0722320056632032,"Endothelial","N3",1.57858651585313,0.873130244436337,1514.42450588235,2354.59352941176,"vCTB"
"W9_AATACCGGTGTTGCTT","W9",16540,4406,"W9","1314.63683809524","4772.302","Hofbauer cells","Hofbauer cells","slidetags",6174,2599,"Hofbauer cells",0,0,0,0,0,0,0,0,0,0,0,0,0.547363670340153,0,0,0,0.452636329659847,0.547363670340153,"-0.183559358758515","15.1582508974202",9,1314.63683809524,4772.302,"Hofbauer cells","LogNormalize","Hofbauer cells","author","Hofbauer cells","author",-0.221359937167465,-0.298261005315087,-0.626118094784153,-0.0603454460577677,-0.688066210095832,-0.123291717617896,NA,NA,-0.0603454460577677,"Endothelial","N8",3.78842420095704,0.952572053994892,1314.63683809524,4772.302,"Hofbauer cells"
"W9_AATAGCTGTCTCAGCC","W9",9587,3413,"W9","4148.07291666667","1648.14776666667","FIB2","FIB2","slidetags",6769,3344,"Fibroblast2",0.993992464016914,0,0,0,0,0,0,0,0,0,0,0,0,0,0,0.00600753598308618,0,0.993992464016914,"11.154397360342","-3.64437428187054",9,4148.07291666667,1648.14776666667,"FIB2","LogNormalize","FIB2","author","FIB2","author",0.0396389638218348,-0.128449803797721,-0.570747123664299,-0.0800548935910571,1.26234813817826,-0.153301851961358,NA,NA,1.26234813817826,"Fibroblast","N6",1.28694449466264,0.841572418825246,4148.07291666667,1648.14776666667,"FIB2"
"W9_AATCCATCATGAATCT","W9",10014,3379,"W9","4245.4387826087","3839.40643478261","vCTB","vCTB","slidetags",6791,3331,"vCTB3",0,0,0,0,0,0,0,0.333501353851423,0,0,0.173926576098977,0,0,0.4925720700496,0,0,0,0.4925720700496,"-9.00975955341536","5.11614665318805",9,4245.4387826087,3839.40643478261,"vCTB","LogNormalize","vCTB","author","vCTB","author",-0.173107499327534,0.113639752147754,-0.742070753719117,-0.0676901631074548,-0.808530538314568,-0.170163278742089,NA,NA,0.113639752147754,"vCTB","N5",-0.593150359942683,0.339657059467348,4245.4387826087,3839.40643478261,"vCTB"
"W9_AATCTCAAGCAAGGAC","W9",21484,5937,"W9","4487.36034482759","3484.97972413793","Endothelial","Endothelial","slidetags",6128,3253,"unknown2",0,0,0,0,0.240307001781368,0,0.0177021849939249,0.117743755007072,0.530684570073509,0,0.0286473589905014,0,0,0.0649151291536248,0,0,0,0.530684570073509,"10.2035077729396","4.61936578084308",9,4487.36034482759,3484.97972413793,"Endothelial","LogNormalize","Endothelial","author","Endothelial","author",-0.145253990075604,0.0857027109233397,-0.621696035601628,0.474911366085049,-0.691060477526448,-0.155934645275764,NA,NA,0.474911366085049,"Endothelial","N4",1.03129157312708,0.805271798613645,4487.36034482759,3484.97972413793,"Endothelial"
"W9_AATTACCCAAGTGTCC","W9",11800,3917,"W9","3850.33522727273","3394.78868181818","vCTB","vCTB","slidetags",6829,3451,"vCTB3",0,0,0,0,0,0,0,0.387016954648516,0,0,0.0499607693543091,0,0,0.563022275997175,0,0,0,0.563022275997175,"-8.78566039417464","5.85561236668903",9,3850.33522727273,3394.78868181818,"vCTB","LogNormalize","vCTB","author","vCTB","author",-0.190305178590652,-0.150161630650948,-0.707036678791105,-0.0885642422736399,-0.80872796705956,-0.198085649637654,NA,NA,-0.0885642422736399,"Endothelial","N4",1.5282319782877,0.868113827070412,3850.33522727273,3394.78868181818,"vCTB"
"W9_AATTGACGTTAGCCAA","W9",17645,4879,"W9","2281.95914285714","6048.123","FIB2","FIB2","slidetags",6050,2624,"Fibroblast2",0.978355748721083,0,0,0,0,0,0,0,0,0,0,0,0,0,0,0.0216442512789166,0,0.978355748721083,"11.0073894181423","-4.55659332941693",9,2281.95914285714,6048.123,"FIB2","LogNormalize","FIB2","author","FIB2","author",0.144330337263024,-0.285432687016771,-0.609787090278522,-0.0689600795911364,1.73728021725891,-0.137536779159463,NA,NA,1.73728021725891,"Fibroblast","N4",1.73616270335643,0.887449835826341,2281.95914285714,6048.123,"FIB2"
"W9_AATTGCTCAGCCTAAC","W9",2102,1513,"W9","2609.23535","3990.31383333333","FIB2","FIB2","slidetags",4719,1587,"Fibroblast2",0.940420446884264,0,0,0,0,0,0,0,0.059579553115736,0,0,0,0,0,0,0,0,0.940420446884264,"11.3451284089259","-5.59283343027752",9,2609.23535,3990.31383333333,"FIB2","LogNormalize","FIB2","author","FIB2","author",0.263747798285507,-0.231576524642885,-0.191719800046638,-0.0626428944609972,1.4347820974531,-0.116728949932778,NA,NA,1.4347820974531,"Fibroblast","N5",3.05566877439406,0.941627143378329,2609.23535,3990.31383333333,"FIB2"
"W9_AATTTGCCAAAGCGCA","W9",12049,4046,"W9","4841.54442105263","3429.36326315789","FIB1","FIB1","slidetags",6913,3374,"Fibroblast1",0,0,0,0,0,0,0,0,0,1,0,0,0,0,0,0,0,1,"10.472714773672","-11.8112677640788",9,4841.54442105263,3429.36326315789,"FIB1","LogNormalize","FIB1","author","FIB1","author",0.277538698404706,-0.256975335076642,-0.561457463140036,0.0304928460184076,0.813457532612833,-0.186621477721127,NA,NA,0.813457532612833,"Fibroblast","N8",1.65427160308472,0.879879605983218,4841.54442105263,3429.36326315789,"FIB1"
"W9_AATTTGCCACGGTACT","W9",9861,3717,"W9","1713.2516","5685.33928","FIB2","FIB2","slidetags",6848,3635,"Fibroblast2",1,0,0,0,0,0,0,0,0,0,0,0,0,0,0,0,0,1,"11.5625852265529","-4.09841170977276",9,1713.2516,5685.33928,"FIB2","LogNormalize","FIB2","author","FIB2","author",0.150732949861761,-0.303539185040939,-0.621430654110976,-0.0984967044656746,1.61248502934135,0.0833351139262266,NA,NA,1.61248502934135,"Fibroblast","N8",2.28440688255312,0.92092302079533,1713.2516,5685.33928,"FIB2"
"W9_ACAACAACAGCATGGA","W9",4292,1478,"W9","1746.077875","5396.47025","STB","STB","slidetags",5520,1465,"STB",0,0,0,0,0,1,0,0,0,0,0,0,0,0,0,0,0,1,"3.22571193362992","4.02472981740314",9,1746.077875,5396.47025,"STB","LogNormalize","STB","author","STB","author",-0.1522765451151,-0.016802832741109,1.59218419105505,0.250783603719935,-0.486143680781993,-0.0840820484671413,NA,NA,1.59218419105505,"STB","N8",-1.86120923737761,0.107624954396206,1746.077875,5396.47025,"STB"
"W9_ACACGGACACCCTCAC","W9",11892,4022,"W9","1982.54727272727","4828.03418181818","vCTB","vCTB","slidetags",6848,3530,"vCTB3",0,0,0,0,0,0,0,0.295872955218473,0,0,0.13249568477555,0,0,0.571631360005976,0,0,0,0.571631360005976,"-9.03192103718001","5.96334418584186",9,1982.54727272727,4828.03418181818,"vCTB","LogNormalize","vCTB","author","vCTB","author",-0.175822225626189,-0.147264308591362,-0.719222335042728,-0.0890378535017873,-0.811154437927303,-0.184247604608806,NA,NA,-0.0890378535017873,"Endothelial","N3",1.37958082227348,0.853155782561109,1982.54727272727,4828.03418181818,"vCTB"
"W9_ACCAGCTCATAAGTCT","W9",1320,964,"W9","2081.35977777778","2763.80433333333","Hofbauer cells","Hofbauer cells","slidetags",4515,1456,"myeloid_unknown",0,0,0,0,0,0,0,0,0,0,0,0.0153456870078544,0.434483091059852,0,0,0,0.550171221932293,0.550171221932293,"-1.47423697326857","13.1867772035726",9,2081.35977777778,2763.80433333333,"Hofbauer cells","LogNormalize","Hofbauer cells","author","Hofbauer cells","author",0.118343413079021,-0.194909695603507,-0.118749631769473,-0.015879161732267,-0.330281827461297,-0.0536145628811577,NA,NA,0.118343413079021,"EVT","N3",0.795126417545181,0.767694272163444,2081.35977777778,2763.80433333333,"Hofbauer cells"
"W9_ACCCAACCAAGGTCGA","W9",14446,3578,"W9","1906.20969230769","5669.21930769231","STB","STB","slidetags",6330,2431,"STB",0,0.0263071729384828,0,0,0,0.973692827061517,0,0,0,0,0,0,0,0,0,0,0,0.973692827061517,"3.97524391795915","4.09448727895099",9,1906.20969230769,5669.21930769231,"STB","LogNormalize","STB","author","STB","author",-0.228725842838353,0.0511892686015401,1.24944906848441,0.0718636792858417,-0.70149449787689,-0.103462237144894,NA,NA,1.24944906848441,"STB","N4",-1.5658131869911,0.182232761765779,1906.20969230769,5669.21930769231,"STB"
"W9_ACCCGTAAGTCACTCC","W9",13034,4212,"W9","1953.32588888889","4713.49036111111","FIB1","FIB1","slidetags",6684,3236,"Fibroblast1",0,0,0,0,0,0,0,0,0,1,0,0,0,0,0,0,0,1,"11.3756593384914","-11.7754572934977",9,1953.32588888889,4713.49036111111,"FIB1","LogNormalize","FIB1","author","FIB1","author",0.24014115187609,-0.091117200420476,-0.36570104477053,0.139576658568284,0.608920622153866,-0.213281961756514,NA,NA,0.608920622153866,"Fibroblast","N3",1.4608990193347,0.861820503465888,1953.32588888889,4713.49036111111,"FIB1"
"W9_ACCGCAATCTCACACC","W9",26624,6508,"W9","1676.60416393443","4474.00245901639","vCTB","vCTB","slidetags",6249,3468,"vCTB1",0,0,0,0,0,0,0.453004820141514,0,0.0209698795938763,0,0.526025300264609,0,0,0,0,0,0,0.526025300264609,"-6.33205045078475","6.26691684056598",9,1676.60416393443,4474.00245901639,"vCTB","LogNormalize","vCTB","author","vCTB","author",-0.152901095039391,-0.0273416834674939,-0.730390477572786,-0.0781809850284451,-0.818291707733508,-0.166120271403704,NA,NA,-0.0273416834674939,"vCTB","N3",1.81493790556136,0.893287121488508,1676.60416393443,4474.00245901639,"vCTB"
"W9_ACCGGCTAGAGGAGGA","W9",6314,3520,"W9","426.488563636364","4423.85309090909","vCTB","vCTB","slidetags",6257,3473,"vCTBp",0,0,0,0,0,0,0.463993348062106,0.347682022112165,0,0,0.173222524906108,0,0,0.0151021049196212,0,0,0,0.463993348062106,"-6.13856852863509","3.28677400876362",9,426.488563636364,4423.85309090909,"vCTB","LogNormalize","vCTB","author","vCTB","author",-0.136695456274172,0.104765979625696,-0.642978921188083,-0.0863699195086509,-0.580545667029104,-0.200352420207855,NA,NA,0.104765979625696,"vCTB","N3",1.99849869114255,0.905144107989785,426.488563636364,4423.85309090909,"vCTB"
"W9_ACCGGTTCAACTAGAA","W9",8068,2823,"W9","1841.74133333333","4621.97066666667","FIB1","FIB1","slidetags",6685,2791,"Fibroblast1",0,0,0,0,0,0,0,0,0,1,0,0,0,0,0,0,0,1,"10.5652278580837","-11.6854523725383",9,1841.74133333333,4621.97066666667,"FIB1","LogNormalize","FIB1","author","FIB1","author",0.488323627344882,-0.105619902970277,-0.533594018454364,0.0296965407628734,1.0924208521674,-0.168298341213993,NA,NA,1.0924208521674,"Fibroblast","N3",2.14421552544588,0.914082451659978,1841.74133333333,4621.97066666667,"FIB1"
"W9_ACCTGGATCCTCCATA","W9",21188,5664,"W9","2189.76748148148","5978.116","Endothelial","Endothelial","slidetags",6439,3057,"Endothelial_cells",0,0,0,0,1,0,0,0,0,0,0,0,0,0,0,0,0,1,"10.5845273652248","4.20860394765216",9,2189.76748148148,5978.116,"Endothelial","LogNormalize","Endothelial","author","Endothelial","author",-0.237378866781595,-0.298170793956029,-0.555169624449971,2.09573986369382,0.111138857967518,-0.181662007295348,NA,NA,2.09573986369382,"Endothelial","N4",2.11873478371004,0.912623130244436,2189.76748148148,5978.116,"Endothelial"
"W9_ACCTGGATCTGTGCCT","W9",11925,4043,"W9","1946.18429411765","5896.26152941176","Hofbauer cells","Hofbauer cells","slidetags",6883,3472,"myeloid_unknown",0,0,0,0,0,0,0,0,0,0,0,0,0.465838581749698,0,0,0,0.534161418250302,0.534161418250302,"-0.242738255006856","15.3088704042562",9,1946.18429411765,5896.26152941176,"Hofbauer cells","LogNormalize","Hofbauer cells","author","Hofbauer cells","author",-0.250182467952496,-0.272476140852066,-0.60416826465853,-0.0879830663696969,-0.650743190856747,0.0457346339903927,NA,NA,0.0457346339903927,"Macrophage","N4",0.52584864890801,0.724735497993433,1946.18429411765,5896.26152941176,"Hofbauer cells"
"W9_ACGAATCTCCAGGAAA","W9",6596,2739,"W9","3841.28383673469","1725.03767346939","FIB2","FIB2","slidetags",6384,2696,"Fibroblast2",1,0,0,0,0,0,0,0,0,0,0,0,0,0,0,0,0,1,"11.5422385850124","-3.96404877375286",9,3841.28383673469,1725.03767346939,"FIB2","LogNormalize","FIB2","author","FIB2","author",0.0997383413467018,-0.2708127616001,-0.54573357528452,0.0439881134473339,1.73588633108343,-0.13255242934054,NA,NA,1.73588633108343,"Fibroblast","N6",2.96347817123902,0.93898212331266,3841.28383673469,1725.03767346939,"FIB2"
"W9_ACGACAAAGGCCCAGT","W9",10688,4192,"W9","1217.47368695652","2493.83552173913","vCTB","vCTB","slidetags",6933,4017,"vCTB3",0,0,0,0,0,0,0,0.438237538214485,0,0,0.119226608853648,0,0,0.442535852931867,0,0,0,0.442535852931867,"-7.67021096561629","5.58142384816486",9,1217.47368695652,2493.83552173913,"vCTB","LogNormalize","vCTB","author","vCTB","author",-0.0478279329719397,0.0399892971111258,-0.744023338781965,-0.0974396375085745,-0.833273833754677,-0.190489712256996,NA,NA,0.0399892971111258,"vCTB","N3",0.867763317656311,0.779277635899307,1217.47368695652,2493.83552173913,"vCTB"
"W9_ACGCCTTTCTTAGTCT","W9",23761,5707,"W9","2717.59533333333","4188.18945833333","vCTB","vCTB","slidetags",6185,3155,"vCTB3",0,0,0,0,0,0,0,0.237742845353795,0,0,0.361008210388886,0,0,0.401248944257319,0,0,0,0.401248944257319,"-8.12913764332015","6.30661639500934",9,2717.59533333333,4188.18945833333,"vCTB","LogNormalize","vCTB","author","vCTB","author",-0.0767463900033975,0.0371417565225273,-0.750948881689186,-0.0620889737695966,-0.853017759305365,-0.153688790524505,NA,NA,0.0371417565225273,"vCTB","N8",1.21090731773297,0.83245165997811,2717.59533333333,4188.18945833333,"vCTB"
"W9_ACGTTGTAGCCGCTTT","W9",12392,4086,"W9","3137.19262068966","298.279510344828","FIB2","FIB2","slidetags",6779,3282,"Fibroblast2",0.969000327377306,0,0,0,0,0,0,0,0,0,0,0,0,0,0,0.0309996726226943,0,0.969000327377306,"10.9061359086208","-4.26616397570294",9,3137.19262068966,298.279510344828,"FIB2","LogNormalize","FIB2","author","FIB2","author",0.163389280624329,-0.25548677237271,-0.549674256058974,-0.130229931930212,2.41215614711112,-0.0714539291880358,NA,NA,2.41215614711112,"Fibroblast","N8",2.3910040761177,0.925118569865013,3137.19262068966,298.279510344828,"FIB2"
"W9_ACTAACCAGACAACAG","W9",47135,7139,"W9","2900.07626804124","1408.82105463918","EVT","EVT","slidetags",6176,2618,"EVT3",0,0,0,1,0,0,0,0,0,0,0,0,0,0,0,0,0,1,"-2.20851791713912","4.17026957799274",9,2900.07626804124,1408.82105463918,"EVT","LogNormalize","EVT","author","EVT3","author_refined_to_predicted",1.46128965487319,0.556118307551887,-0.353061149496014,0.0721016248124203,-0.687822133999584,-0.107180805218633,NA,NA,1.46128965487319,"EVT","N5",3.00218855395756,0.940259029551259,2900.07626804124,1408.82105463918,"EVT3"
"W9_ACTAACCAGGTGAAGC","W9",5900,2665,"W9","2415.25402985075","2025.29674626866","Endothelial","Endothelial","slidetags",5871,2634,"Endothelial_cells",0,0,0,0,1,0,0,0,0,0,0,0,0,0,0,0,0,1,"10.5003675141506","4.03421363164264",9,2415.25402985075,2025.29674626866,"Endothelial","LogNormalize","Endothelial","author","Endothelial","author",0.101480338974957,-0.252058934214797,-0.587257285960043,0.98076452475526,1.17382196054787,-0.12986183599935,NA,NA,1.17382196054787,"Fibroblast","N8",1.49344303336381,0.865195184239329,2415.25402985075,2025.29674626866,"Endothelial"
"W9_ACTAATCCATAATTGC","W9",6190,2364,"W9","2042.24296551724","3347.25893103448","Erythroblasts","Erythroblasts","slidetags",6109,2326,"unknown2",0,0,0,0,0.00201134249913535,0.0391418774195906,0.218190493573647,0.0218582416250646,0.707609121621449,0,0.0111889232611134,0,0,0,0,0,0,0.707609121621449,"-11.0673443159886","1.72434458066303",9,2042.24296551724,3347.25893103448,"Erythroblasts","LogNormalize","Erythroblasts","author","Erythroblasts","author",-0.217312762219016,-0.252189934816065,-0.555325181882868,-0.0551950517730695,-0.614553077624492,-0.00954853935626961,NA,NA,-0.00954853935626961,"Macrophage","N3",1.95004640571019,0.902407880335644,2042.24296551724,3347.25893103448,"Erythroblasts"
"W9_ACTCCTCAGTCAATTG","W9",8490,3134,"W9","1031.04028157895","2898.58218421053","Erythroblasts","Erythroblasts","slidetags",6658,3079,"unknown2",0,0,0,0,0.00150829119241243,0,0.19030746216957,0,0.642676755000958,0,0.16550749163706,0,0,0,0,0,0,0.642676755000958,"-11.0542646727391","1.73100027371723",9,1031.04028157895,2898.58218421053,"Erythroblasts","LogNormalize","Erythroblasts","author","Erythroblasts","author",-0.243540009088576,-0.265818516836556,-0.557257979814524,-0.10881189294819,-0.629720448529513,-0.17856001505003,NA,NA,-0.10881189294819,"Endothelial","N8",1.74619661272394,0.888270704122583,1031.04028157895,2898.58218421053,"Erythroblasts"
"W9_ACTCGCGCAGATAGAC","W9",4023,2153,"W9","3862.78938461538","3450.56774358974","FIB2","FIB2","slidetags",5327,2133,"Fibroblast2",1,0,0,0,0,0,0,0,0,0,0,0,0,0,0,0,0,1,"11.3785289445094","-3.77578011225384",9,3862.78938461538,3450.56774358974,"FIB2","LogNormalize","FIB2","author","FIB2","author",-0.0701652064213065,-0.24495140001535,-0.51185642656896,-0.0504107040407233,0.628609504990445,-0.0984599295783882,NA,NA,0.628609504990445,"Fibroblast","N5",1.63203795036731,0.877690623859905,3862.78938461538,3450.56774358974,"FIB2"
"W9_ACTTACAAGAAGGTGC","W9",1354,901,"W9","1658.46453846154","4672.57557692308","STB","STB","slidetags",4664,1332,"STB",0,0.21219813540914,0,0.0312545671325347,0,0.756547297458326,0,0,0,0,0,0,0,0,0,0,0,0.756547297458326,"3.95967089320939","2.8863447599538",9,1658.46453846154,4672.57557692308,"STB","LogNormalize","STB","author","STB","author",-0.178527649558012,0.105250303378284,0.438010502425698,-0.033501851176363,-0.144675845734018,-0.0496166967234205,NA,NA,0.438010502425698,"STB","N3",0.351380486335104,0.698558920102152,1658.46453846154,4672.57557692308,"STB"
"W9_ACTTATGAGTTGGGCC","W9",5720,2373,"W9","2867.90046153846","1552.41238461538","FIB2","FIB2","slidetags",5756,2339,"Fibroblast2",0.869595792667261,0,0,0,0,0,0,0,0,0,0,0,0,0,0,0.130404207332739,0,0.869595792667261,"11.1927007355861","-5.6524690694682",9,2867.90046153846,1552.41238461538,"FIB2","LogNormalize","FIB2","author","FIB2","author",0.255293846207463,-0.237208271398369,-0.342622044210432,-0.0494862977594158,1.47781329396772,-0.108259036195344,NA,NA,1.47781329396772,"Fibroblast","N5",2.67361214904435,0.932780007296607,2867.90046153846,1552.41238461538,"FIB2"
"W9_AGAAGGTGTTTACCGT","W9",2168,1110,"W9","2271.96215384615","3145.52507692308","FIB1","FIB1","slidetags",4714,1208,"Fibroblast1",0.274783099615994,0,0,0,0,0,0,0,0,0.725216900384006,0,0,0,0,0,0,0,0.725216900384006,"10.1957048096828","-11.3385180539958",9,2271.96215384615,3145.52507692308,"FIB1","LogNormalize","FIB1","author","FIB1","author",0.199940492531851,0.0719018839221214,-0.22364361802035,-0.0581054909428039,0.969922808819281,-0.0590962353402374,NA,NA,0.969922808819281,"Fibroblast","N3",1.63886836848455,0.878602699744619,2271.96215384615,3145.52507692308,"FIB1"
"W9_AGAATCTGTTCCTCCT","W9",8928,3424,"W9","3443.11191666667","1902.25630555556","Hofbauer cells","Hofbauer cells","slidetags",6662,3368,"myeloid_unknown",0,0,0,0,0,0,0,0,0,0,0,0,0.449670973753662,0,0,0,0.550329026246338,0.550329026246338,"-0.86169732425887","12.5997162752278",9,3443.11191666667,1902.25630555556,"Hofbauer cells","LogNormalize","Hofbauer cells","author","Hofbauer cells","author",-0.242111314178208,-0.287607164324841,-0.622767950890062,-0.0827183885466384,-0.674059057257713,0.224667670743443,NA,NA,0.224667670743443,"Macrophage","N5",3.76732031987841,0.95175118569865,3443.11191666667,1902.25630555556,"Hofbauer cells"
"W9_AGAATCTGTTTATGGG","W9",25487,6205,"W9","2219.82261157025","3975.77909090909","vCTB","vCTB","slidetags",6235,3378,"vCTB3",0,0,0,0,0,0,0,0.392274872108082,0,0,0.134909760515642,0,0,0.472815367376276,0,0,0,0.472815367376276,"-7.94560206745345","5.58288010884601",9,2219.82261157025,3975.77909090909,"vCTB","LogNormalize","vCTB","author","vCTB","author",-0.130964860033484,0.001230102181698,-0.733230341082898,-0.074929595306356,-0.840143796067706,-0.149043764450573,NA,NA,0.001230102181698,"vCTB","N3",0.358699768812867,0.69974461875228,2219.82261157025,3975.77909090909,"vCTB"
"W9_AGACAATAGCCTTAAA","W9",10069,3479,"W9","1014.15914626866","2583.9668358209","Endothelial","Endothelial","slidetags",6821,3386,"Endothelial_cells",0,0,0,0,1,0,0,0,0,0,0,0,0,0,0,0,0,1,"10.3905261674098","4.53341540623981",9,1014.15914626866,2583.9668358209,"Endothelial","LogNormalize","Endothelial","author","Endothelial","author",-0.175674432715557,-0.295117548713983,-0.667643198809093,1.3187603157892,-0.760370279463273,-0.18887203730347,NA,NA,1.3187603157892,"Endothelial","N3",0.907212164285776,0.786483035388544,1014.15914626866,2583.9668358209,"Endothelial"
"W9_AGAGAGGAGGACCTCA","W9",748,472,"W9","524.916233333333","1595.123","EVT-progenitor","EVT-progenitor","slidetags",4352,1708,"EVT2",0,0,1,0,0,0,0,0,0,0,0,0,0,0,0,0,0,1,"-3.46220959041793","2.67230376530964",9,524.916233333333,1595.123,"EVT-progenitor","LogNormalize","EVT-progenitor","author","EVT-progenitor","author",0.737749393655978,1.38003974724528,0.0299202104291236,-0.0184099960120556,-0.195895736998118,-0.0287063968991911,NA,NA,1.38003974724528,"vCTB","N8",1.75279735514471,0.888817949653411,524.916233333333,1595.123,"EVT-progenitor"
"W9_AGATGAAGTGCCTCAC","W9",6668,2801,"W9","3833.41086567164","3698.89692537313","FIB2","FIB2","slidetags",6419,2767,"Fibroblast2",0.965121836693668,0,0,0,0,0,0,0,0,0,0,0,0,0,0,0.0348781633063324,0,0.965121836693668,"11.1344016709499","-4.7423800535075",9,3833.41086567164,3698.89692537313,"FIB2","LogNormalize","FIB2","author","FIB2","author",0.293379414688897,-0.28297031677952,-0.416817208037611,-0.0810066756973713,2.07776252850047,-0.14604237686682,NA,NA,2.07776252850047,"Fibroblast","N5",1.71753587812161,0.885899306822328,3833.41086567164,3698.89692537313,"FIB2"
"W9_AGATGCTTCTCCTCTT","W9",14150,4056,"W9","1392.24711304348","2360.966","FIB1","FIB1","slidetags",6584,2914,"Fibroblast1",0,0,0,0,0,0,0,0,0,1,0,0,0,0,0,0,0,1,"10.706191412466","-12.0946845121257",9,1392.24711304348,2360.966,"FIB1","LogNormalize","FIB1","author","FIB1","author",0.381374285179984,-0.256662424494324,-0.570219450708036,-0.0972039718070057,0.222144451183581,-0.136947225293388,NA,NA,0.381374285179984,"EVT","N3",1.58052217351569,0.873495074790223,1392.24711304348,2360.966,"FIB1"
"W9_AGCAACAAGGTCCGTA","W9",35550,6669,"W9","3415.68097613365","5336.08640095465","vCTB","vCTB","slidetags",6061,3004,"vCTB2",0,0,0,0,0,0,0,0.770086145404571,0,0,0.0520752857595599,0,0,0.177838568835869,0,0,0,0.770086145404571,"-6.70386470173079","3.67819294263202",9,3415.68097613365,5336.08640095465,"vCTB","LogNormalize","vCTB","author","vCTB","author",-0.0260336367889685,0.558100401165022,-0.710226911104419,-0.0546115960441168,-0.789556502931639,-0.148262241369802,NA,NA,0.558100401165022,"vCTB","N5",0.704146539749199,0.751459321415542,3415.68097613365,5336.08640095465,"vCTB"
"W9_AGCACTTAGATTCCTT","W9",16244,4443,"W9","2093.62489655172","5649.20317241379","FIB2","FIB2","slidetags",6249,2660,"Fibroblast2",0.970381190634076,0,0,0,0,0,0,0,0,0,0,0,0,0,0,0.0296188093659244,0,0.970381190634076,"11.3050855317287","-3.7988952703349",9,2093.62489655172,5649.20317241379,"FIB2","LogNormalize","FIB2","author","FIB2","author",0.436886337707665,-0.282449906206164,-0.59105427418321,-0.0697792010216579,1.36083747775892,-0.110644539988602,NA,NA,1.36083747775892,"Fibroblast","N4",2.27847095735683,0.920649398029916,2093.62489655172,5649.20317241379,"FIB2"
"W9_AGCAGGTAGGCTACTG","W9",2699,1621,"W9","4622.14309492274","1946.40818543046","FIB2","FIB2","slidetags",5166,1607,"Fibroblast2",0.975794568009673,0,0,0,0,0,0,0,0.0242054319903267,0,0,0,0,0,0,0,0,0.975794568009673,"11.3863757767848","-5.04523173044842",9,4622.14309492274,1946.40818543046,"FIB2","LogNormalize","FIB2","author","FIB2","author",0.0501071571519427,-0.219255815658906,-0.223477321036687,-0.0609539977867175,1.40043388962912,0.123388760957008,NA,NA,1.40043388962912,"Fibroblast","N8",0.883329344159135,0.782105071141919,4622.14309492274,1946.40818543046,"FIB2"
"W9_AGCATCCCAGAATGAC","W9",7042,2857,"W9","1352.52309545455","5638.29104545455","vCTB","vCTB","slidetags",6556,2835,"vCTBp",0,0,0,0,0,0,0.700614109804212,0.00289282221305352,0,0,0.282685214152943,0,0,0.013807853829792,0,0,0,0.700614109804212,"-5.75980485294539","5.28493556310016",9,1352.52309545455,5638.29104545455,"vCTB","LogNormalize","vCTB","author","vCTB","author",-0.132276135835953,0.190076967083976,-0.613296052312281,-0.072579795690587,-0.715452563196075,-0.160913709217264,NA,NA,0.190076967083976,"vCTB","N8",0.751434410504557,0.76003283473185,1352.52309545455,5638.29104545455,"vCTB"
"W9_AGCCAGTGTAAGCTCA","W9",12674,4562,"W9","4746.38051111111","4515.52693333333","Endothelial","Endothelial","slidetags",6830,3655,"Endothelial_cells",0,0,0,0,1,0,0,0,0,0,0,0,0,0,0,0,0,1,"10.355738035696","4.15650185872394",9,4746.38051111111,4515.52693333333,"Endothelial","LogNormalize","Endothelial","author","Endothelial","author",-0.259009514649716,-0.232533354037263,-0.565571396460598,0.727790494992506,-0.420437853290585,-0.190297259131907,NA,NA,0.727790494992506,"Endothelial","N7",3.76346020679547,0.951568770521707,4746.38051111111,4515.52693333333,"Endothelial"
"W9_AGCCGGTTCGCTCACT","W9",10639,3054,"W9","2257.71358333333","5729.27116666667","FIB2","FIB2","slidetags",6847,2872,"Fibroblast2",0.984201480469449,0,0,0,0,0,0,0,0,0,0,0,0,0,0,0.0157985195305504,0,0.984201480469449,"10.9760287919216","-4.24815145205181",9,2257.71358333333,5729.27116666667,"FIB2","LogNormalize","FIB2","author","FIB2","author",0.349321789299759,-0.162170834037525,-0.555162887959697,-0.0712847832069083,1.50803858186096,-0.0421118703447561,NA,NA,1.50803858186096,"Fibroblast","N4",2.55047950402867,0.929405326523167,2257.71358333333,5729.27116666667,"FIB2"
"W9_AGCGCTCAGATGGAGC","W9",7869,3039,"W9","4171.24265517241","1709.81606896552","Hofbauer cells","Hofbauer cells","slidetags",6686,3006,"myeloid_unknown",0,0,0,0,0,0,0,0,0,0,0,0,0.460697602268188,0,0,0,0.539302397731812,0.539302397731812,"-0.621928878767079","13.8440075807698",9,4171.24265517241,1709.81606896552,"Hofbauer cells","LogNormalize","Hofbauer cells","author","Hofbauer cells","author",-0.268956158877618,-0.308654307362501,-0.502185867228316,-0.0951172137178122,-0.712379685846047,-0.069383068530968,NA,NA,-0.069383068530968,"Macrophage","N6",2.74022095125057,0.93433053630062,4171.24265517241,1709.81606896552,"Hofbauer cells"
"W9_AGCGTGCTCCGGAACC","W9",14678,4980,"W9","2071.8578245614","1391.83682631579","vCTB","vCTB","slidetags",6315,3416,"vCTBp",0,0,0,0,0,0,0.555802434165647,0,0.0328865812491427,0,0.41131098458521,0,0,0,0,0,0,0.555802434165647,"-6.27376616810042","5.11074122716266",9,2071.8578245614,1391.83682631579,"vCTB","LogNormalize","vCTB","author","vCTB","author",-0.157066137589773,0.100862707787114,-0.729861354412953,-0.101617713336981,-0.823356919298095,-0.142788703818225,NA,NA,0.100862707787114,"vCTB","N3",1.60234955443285,0.875775264502007,2071.8578245614,1391.83682631579,"vCTB"
"W9_AGCTACGTCCTCCATA","W9",17797,5439,"W9","1520.91135698925","4446.15997849462","vCTB","vCTB","slidetags",5886,2989,"vCTBp",0,0,0,0,0,0,0.723517905589687,0,0.0205585908960036,0,0.255923503514309,0,0,0,0,0,0,0.723517905589687,"-6.4787613234349","5.68568476964313",9,1520.91135698925,4446.15997849462,"vCTB","LogNormalize","vCTB","author","vCTB","author",-0.137590029480095,0.118565958304781,-0.68853675033101,-0.055538282150434,-0.781930285008243,-0.153482992309675,NA,NA,0.118565958304781,"vCTB","N3",1.28984594408167,0.842210871944546,1520.91135698925,4446.15997849462,"vCTB"
"W9_AGCTACGTCCTTTACG","W9",1481,820,"W9","942.950358974359","5019.13558974359","Erythroblasts","Erythroblasts","slidetags",4330,1258,"vCTBp",0,0,0,0,0,0,0.697707867665631,0.131771379586302,0.125237399052998,0,0.0452833536950693,0,0,0,0,0,0,0.697707867665631,"-10.746933587534","1.54165968228656",9,942.950358974359,5019.13558974359,"Erythroblasts","LogNormalize","Erythroblasts","author","Erythroblasts","author",-0.141988394950932,-0.157292562205974,-0.0511573532137783,-0.0219562421232822,-0.425152226196173,-0.0274580655015371,NA,NA,-0.0219562421232822,"Endothelial","N5",2.40764512892283,0.925300985041955,942.950358974359,5019.13558974359,"Erythroblasts"
"W9_AGCTACTAGCCTAATA","W9",713,526,"W9","4891.89685714286","2443.20410989011","vCTB","vCTB","slidetags",3977,1831,"vCTBp",0,0,0,0,0,0.0261091760036072,0.76645806793911,0.133733189772465,0.0306206558703036,0,0.0430789104145142,0,0,0,0,0,0,0.76645806793911,"-9.24560035083968","2.28135690022785",9,4891.89685714286,2443.20410989011,"vCTB","LogNormalize","vCTB","author","vCTB","author",-0.0390252827173627,-0.179395387310252,0.0681502226663208,-0.0315203779379554,-0.155095009355417,-0.0550972444048114,NA,NA,0.0681502226663208,"STB","N7",0.870276626256195,0.779916089018606,4891.89685714286,2443.20410989011,"vCTB"
"W9_AGGAAACGTTGGTTAG","W9",6357,2648,"W9","4081.60844444444","1772.49751515152","FIB2","FIB2","slidetags",6233,2591,"Fibroblast2",1,0,0,0,0,0,0,0,0,0,0,0,0,0,0,0,0,1,"11.3129132905177","-4.04372587870282",9,4081.60844444444,1772.49751515152,"FIB2","LogNormalize","FIB2","author","FIB2","author",0.146449841578416,-0.0118954523883069,-0.569510853226814,-0.0677977277832504,1.24932615877775,-0.156508015624017,NA,NA,1.24932615877775,"Fibroblast","N6",0.814817226317214,0.770521707406056,4081.60844444444,1772.49751515152,"FIB2"
"W9_AGGAACGGTGCATTAG","W9",1242,880,"W9","2679.06681818182","4186.45709090909","FIB2","FIB2","slidetags",4352,1532,"Fibroblast2",0.941452907507807,0,0,0,0,0,0,0.0585470924921939,0,0,0,0,0,0,0,0,0,0.941452907507807,"8.97013031627458","-6.46236506174725",9,2679.06681818182,4186.45709090909,"FIB2","LogNormalize","FIB2","author","FIB2","author",-0.135431925070158,-0.194373352105111,0.461199743275639,-0.0375723623289736,1.9104085691831,0.366377536990525,NA,NA,1.9104085691831,"Fibroblast","N8",1.32835071152418,0.846588836191171,2679.06681818182,4186.45709090909,"FIB2"
"W9_AGGACTAAGTCGCAAT","W9",1721,656,"W9","2229.80647058824","814.952247058824","FIB2","FIB2","slidetags",4678,974,"Fibroblast2",0.973014695630894,0,0,0,0,0,0,0,0.0269853043691058,0,0,0,0,0,0,0,0,0.973014695630894,"10.6615661301784","-5.06598988245648",9,2229.80647058824,814.952247058824,"FIB2","LogNormalize","FIB2","author","FIB2","author",-0.163912312338894,-0.159099813236743,-0.0912560322190383,-0.0290652934714005,1.67259039590688,-0.0594717642791688,NA,NA,1.67259039590688,"Fibroblast","N5",3.11218095088922,0.942995257205399,2229.80647058824,814.952247058824,"FIB2"
"W9_AGGATTGAGTGAGGTA","W9",12117,4219,"W9","3092.67818181818","1793.82236363636","vCTB","vCTB","slidetags",6891,3664,"vCTB3",0,0,0,0,0,0,0,0.322686398585878,0,0,0.208958446063229,0,0,0.468355155350893,0,0,0,0.468355155350893,"-8.16814387653548","6.47175034810382",9,3092.67818181818,1793.82236363636,"vCTB","LogNormalize","vCTB","author","vCTB","author",-0.172898233308962,-0.00323131171106811,-0.584501229577035,-0.0961469048499056,-0.819470083118496,-0.1878808488112,NA,NA,-0.00323131171106811,"vCTB","N5",1.23219987538574,0.835187887632251,3092.67818181818,1793.82236363636,"vCTB"
"W9_AGGATTGAGTGTTGTA","W9",1015,621,"W9","2101.76733333333","3278.49083333333","vCTB","vCTB","slidetags",4482,1531,"vCTBp",0,0,0,0,0,0.184969795657465,0.614488964483351,0.139517882199986,0.0206799051580675,0,0.0403434525011301,0,0,0,0,0,0,0.614488964483351,"-9.05775130603988","2.62582549382526",9,2101.76733333333,3278.49083333333,"vCTB","LogNormalize","vCTB","author","vCTB","author",-0.150341364968887,-0.149070094188999,-0.0812799215254728,-0.0211371206927607,-0.0464115825327409,-0.0579392186169362,NA,NA,-0.0211371206927607,"Endothelial","N3",0.729641676696097,0.75601970083911,2101.76733333333,3278.49083333333,"vCTB"
"W9_AGGCTAGCAGGCTGTT","W9",3421,1708,"W9","1286.40001025641","5611.94051282051","FIB1","FIB1","slidetags",5369,1689,"Fibroblast1",0.408721997650943,0,0,0,0,0,0,0,0,0.591278002349058,0,0,0,0,0,0,0,0.591278002349058,"11.3401292481593","-11.2888335294597",9,1286.40001025641,5611.94051282051,"FIB1","LogNormalize","FIB1","author","FIB1","author",-0.195025851275135,-0.234543175555417,-0.484442287556781,-0.0513621782128824,1.75971246628197,-0.0969274863229648,NA,NA,1.75971246628197,"Fibroblast","N3",1.43346402228984,0.859722728931047,1286.40001025641,5611.94051282051,"FIB1"
"W9_AGGTTGCGTGACCTGG","W9",17223,5345,"W9","1414.083","4142.11890322581","vCTB","vCTB","slidetags",5885,3019,"vCTBp",0,0,0,0,0,0,0.624198839405468,0,0.0177940511883799,0,0.358007109406153,0,0,0,0,0,0,0.624198839405468,"-6.27572835300643","5.47869118977863",9,1414.083,4142.11890322581,"vCTB","LogNormalize","vCTB","author","vCTB","author",-0.134412016264972,-0.1625484106531,-0.395740119783001,-0.0536871897628094,-0.767079504655748,-0.149224485746728,NA,NA,-0.0536871897628094,"Endothelial","N3",0.600521196227103,0.736136446552353,1414.083,4142.11890322581,"vCTB"
"W9_AGTAACACAGGCTAGA","W9",2037,1103,"W9","4982.52983333333","4698.718","FIB2","FIB2","slidetags",4626,1212,"Fibroblast2",0.952609870270394,0,0,0,0,0,0,0,0.0262492847958844,0,0,0,0,0,0,0.0211408449337218,0,0.952609870270394,"11.9803832688503","-6.17601576517743",9,4982.52983333333,4698.718,"FIB2","LogNormalize","FIB2","author","FIB2","author",0.128371693560172,-0.183742499262307,0.198735792093658,-0.0277953769877189,1.29961779102655,0.111431613786971,NA,NA,1.29961779102655,"Fibroblast","N7",1.36266423833034,0.851331630791682,4982.52983333333,4698.718,"FIB2"
"W9_AGTAATGCAAACCTTG","W9",25412,5373,"W9","747.715947368421","2920.86063157895","vCTB","vCTB","slidetags",6265,2949,"vCTB1",0,0,0,0,0,0,0,0.197982174675576,0,0,0.558486251187077,0,0,0.243531574137346,0,0,0,0.558486251187077,"-9.28447688434798","6.2193537645467",9,747.715947368421,2920.86063157895,"vCTB","LogNormalize","vCTB","author","vCTB","author",-0.295717177567827,-0.307651067956788,-0.748010144716792,-0.0569385794848985,-0.865364318741993,-0.140429820538541,NA,NA,-0.0569385794848985,"Endothelial","N8",1.48622607985933,0.864556731120029,747.715947368421,2920.86063157895,"vCTB"
"W9_AGTAGCTTCTCCATGC","W9",9948,2502,"W9","908.649207058824","4571.73149411765","STB-progenitor","STB-progenitor","slidetags",6694,2444,"STB",0,0,0,0,0,1,0,0,0,0,0,0,0,0,0,0,0,1,"1.69182955409806","1.46058055688221",9,908.649207058824,4571.73149411765,"STB-progenitor","LogNormalize","STB-progenitor","author","STB-progenitor","author",-0.103768628643627,0.177040823079642,0.632848253580533,-0.057732604915423,-0.637344540252473,-0.112562384006597,NA,NA,0.632848253580533,"STB","N3",0.375242965133379,0.702298431229478,908.649207058824,4571.73149411765,"STB-progenitor"
"W9_AGTCAAGAGGCTTAAC","W9",1881,1260,"W9","1729.74788235294","5681.77894117647","Endothelial","Endothelial","slidetags",4593,1408,"Endothelial_cells",0,0,0,0,1,0,0,0,0,0,0,0,0,0,0,0,0,1,"10.4461587586574","4.6225348405965",9,1729.74788235294,5681.77894117647,"Endothelial","LogNormalize","Endothelial","author","Endothelial","author",-0.156293719964252,-0.182629570935162,-0.174705339209632,1.03811236132529,-0.384317918434043,-0.0911760799750463,NA,NA,1.03811236132529,"Endothelial","N8",2.15993888032772,0.915176942721634,1729.74788235294,5681.77894117647,"Endothelial"
"W9_AGTCAATGTACGATTG","W9",11746,4218,"W9","2325.4807","3383.45266666667","vCTB","vCTB","slidetags",6869,3740,"vCTB3",0,0,0,0,0,0,0,0.362396721569484,0,0,0.160684367626872,0,0,0.476918910803645,0,0,0,0.476918910803645,"-8.23636210773665","6.29297646809894",9,2325.4807,3383.45266666667,"vCTB","LogNormalize","vCTB","author","vCTB","author",-0.14992620564567,-0.038051066349313,-0.729108663348567,-0.0940578669357024,-0.787500982203906,-0.207165640064144,NA,NA,-0.038051066349313,"vCTB","N5",1.28049485496095,0.840660342940533,2325.4807,3383.45266666667,"vCTB"
"W9_AGTCGCATCAATGTGC","W9",9960,3857,"W9","4897.36503846154","3582.82034615385","FIB2","FIB2","slidetags",6897,3782,"Fibroblast2",0.979504321752387,0,0,0,0,0,0,0,0,0,0,0,0,0,0,0.0204956782476132,0,0.979504321752387,"11.9904588380031","-5.52158919047039",9,4897.36503846154,3582.82034615385,"FIB2","LogNormalize","FIB2","author","FIB2","author",0.216174399204721,-0.315249784787397,-0.63446050599207,-0.104917015234054,1.38172292980051,-0.214318994588215,NA,NA,1.38172292980051,"Fibroblast","N1",2.46883609008402,0.927672382342211,4897.36503846154,3582.82034615385,"FIB2"
"W9_AGTCTTGCATGTCGCG","W9",8490,3593,"W9","2139.06762962963","1186.92268148148","FIB2","FIB2","slidetags",6774,3542,"Fibroblast2",0.97110052252676,0,0,0,0,0,0,0,0.0288994774732394,0,0,0,0,0,0,0,0,0.97110052252676,"11.3513835587673","-4.20384231280011",9,2139.06762962963,1186.92268148148,"FIB2","LogNormalize","FIB2","author","FIB2","author",-0.0496668235185002,-0.31151763655788,-0.482109422384196,-0.121585763359291,1.40525460645028,-0.19767743009656,NA,NA,1.40525460645028,"Fibroblast","N5",2.21553929315401,0.917639547610361,2139.06762962963,1186.92268148148,"FIB2"
"W9_AGTGAGTCACCGTTCC","W9",1138,853,"W9","3124.7066","5417.6439","Endothelial","Endothelial","slidetags",4406,1528,"Endothelial_cells",0,0,0,0,0.609498783612719,0,0.0263031098718831,0,0.364198106515398,0,0,0,0,0,0,0,0,0.609498783612719,"10.6530793824367","4.41762980748493",9,3124.7066,5417.6439,"Endothelial","LogNormalize","Endothelial","author","Endothelial","author",-0.19630830826362,-0.178730862068517,-0.0997651984987358,0.545734852210756,0.866558764534867,-0.0644392897129742,NA,NA,0.866558764534867,"Fibroblast","N4",0.808463621578778,0.7694272163444,3124.7066,5417.6439,"Endothelial"
"W9_AGTTGCAGTTAGGCTA","W9",257,219,"W9","3816.53082274247","3415.03082274247","STB","STB","slidetags",4249,2319,"STB",0,0,0,0,0,0.541715539071362,0.331306747323641,0.0980636008009739,0.00458548983059992,0,0.0243286229734228,0,0,0,0,0,0,0.541715539071362,"-2.6685487112828","-8.59521284769696",9,3816.53082274247,3415.03082274247,"STB","LogNormalize","STB","author","STB","author",-0.076885946911783,0.0143807351521872,0.315793880913971,-0.00221941876498608,-0.236304998915135,-0.0367461819489206,NA,NA,0.315793880913971,"STB","N4",1.36031730937704,0.850693177672382,3816.53082274247,3415.03082274247,"STB"
"W9_AGTTGCGTCGTCATTT","W9",5746,2416,"W9","1656.735","2281.40642857143","FIB1","FIB1","slidetags",5762,2389,"Fibroblast1",0,0,0,0,0,0,0,0,0,1,0,0,0,0,0,0,0,1,"10.3782867112331","-12.003922373759",9,1656.735,2281.40642857143,"FIB1","LogNormalize","FIB1","author","FIB1","author",0.395648375381628,0.0175121331010759,-0.532492583685747,-0.0741555618009975,0.402944782093721,-0.131023208032263,NA,NA,0.402944782093721,"Fibroblast","N3",1.69729234291505,0.884257570229843,1656.735,2281.40642857143,"FIB1"
"W9_AGTTGTCAGGTTTGAC","W9",12007,4016,"W9","1184.11619622642","4380.91181132076","FIB2","FIB2","slidetags",6881,3424,"Fibroblast2",0.98710714149946,0,0,0,0,0,0,0,0,0,0,0,0,0,0,0.0128928585005405,0,0.98710714149946,"12.7171262421779","-5.69588938425701",9,1184.11619622642,4380.91181132076,"FIB2","LogNormalize","FIB2","author","FIB2","author",0.0635469292083871,-0.2606885051563,-0.553251831925449,-0.12528338848452,1.1974332404656,-0.183183041161511,NA,NA,1.1974332404656,"Fibroblast","N3",3.49948668694683,0.947646844217439,1184.11619622642,4380.91181132076,"FIB2"
"W9_AGTTTGCAGCTAATCA","W9",14432,4844,"W9","4036.87802150538","4096.55591397849","vCTB","vCTB","slidetags",6335,3346,"vCTB1",0,0,0,0,0,0,0.477766022666605,0,0.0160181308712169,0,0.506215846462178,0,0,0,0,0,0,0.506215846462178,"-6.18717444751937","6.28246316243488",9,4036.87802150538,4096.55591397849,"vCTB","LogNormalize","vCTB","author","vCTB","author",-0.27846863237397,-0.274993866796023,-0.706511101673916,-0.0909140418894089,-0.797872078267599,-0.113109049561315,NA,NA,-0.0909140418894089,"Endothelial","N5",1.71670724021362,0.885716891645385,4036.87802150538,4096.55591397849,"vCTB"
"W9_ATAAGCCTCCTGATTT","W9",30701,6486,"W9","1475.3609047081","5172.97246704331","vCTB","vCTB","slidetags",6069,3075,"vCTB2",0,0,0,0,0,0,0,0.643270545133038,0,0,0.204540540357162,0,0,0.1521889145098,0,0,0,0.643270545133038,"-6.58249867771346","3.37726148892719",9,1475.3609047081,5172.97246704331,"vCTB","LogNormalize","vCTB","author","vCTB","author",-0.0196471133163928,0.505198803063694,-0.402446362741216,-0.0476101093717942,-0.849879035400671,-0.134644575414801,NA,NA,0.505198803063694,"vCTB","N3",0.905891640090395,0.78620941262313,1475.3609047081,5172.97246704331,"vCTB"
"W9_ATAAGTCGTCATGAGC","W9",21810,5652,"W9","2243.363","5484.9864","vCTB","vCTB","slidetags",6109,3101,"vCTB3",0,0,0,0,0,0,0,0.290965892717142,0,0,0.324592230600608,0,0,0.38444187668225,0,0,0,0.38444187668225,"-8.73024237964827","6.96980532933551",9,2243.363,5484.9864,"vCTB","LogNormalize","vCTB","author","vCTB","author",-0.285632537587102,-0.167868959738868,-0.510586374255799,-0.0696716363458623,-0.813980104537591,-0.153890819745185,NA,NA,-0.0696716363458623,"Endothelial","N5",0.927165528249421,0.789675300985042,2243.363,5484.9864,"vCTB"
"W9_ATAAGTCGTTGTTGGA","W9",32931,6876,"W9","2154.63184761905","698.790831428571","vCTB","vCTB","slidetags",6253,3327,"vCTBp",0,0,0,0,0,0,0.495585061894342,0,0.0186311137061981,0,0.48578382439946,0,0,0,0,0,0,0.495585061894342,"-6.41721022937972","6.38095340062458",9,2154.63184761905,698.790831428571,"vCTB","LogNormalize","vCTB","author","vCTB","author",-0.268320196951356,-0.287591433262645,-0.718983185962649,-0.0705732264521824,-0.799577596209459,-0.141397350792889,NA,NA,-0.0705732264521824,"Endothelial","N5",2.32465714556828,0.922747172564757,2154.63184761905,698.790831428571,"vCTB"
"W9_ATCCTTAGTTAACAGT","W9",22104,5062,"W9","2533.33502439024","3305.37234146341","Hofbauer cells","Hofbauer cells","slidetags",6371,2840,"Hofbauer cells",0,0,0,0,0,0,0,0,0,0,0,0,0.538401506635418,0,0,0,0.461598493364581,0.538401506635418,"-0.0239032662339865","15.1086884431966",9,2533.33502439024,3305.37234146341,"Hofbauer cells","LogNormalize","Hofbauer cells","author","Hofbauer cells","author",-0.242537431903991,-0.30218447549057,-0.637446010721336,-0.0655783090182643,-0.700380003430305,-0.0387330181215918,NA,NA,-0.0387330181215918,"Macrophage","N5",1.54444861747832,0.869937978839839,2533.33502439024,3305.37234146341,"Hofbauer cells"
"W9_ATCGCCCGTACCGAAC","W9",18238,5408,"W9","2572.58952380952","5287.14666666667","vCTB","vCTB","slidetags",5976,3089,"vCTB3",0,0,0,0,0,0,0,0.41076393158302,0,0,0.148933056444991,0,0,0.44030301197199,0,0,0,0.44030301197199,"-7.36942113254744","4.6995554857381",9,2572.58952380952,5287.14666666667,"vCTB","LogNormalize","vCTB","author","vCTB","author",-0.156521081940412,0.192814861152437,-0.764652142364898,-0.0631460407266967,-0.841280395862839,-0.156562040862329,NA,NA,0.192814861152437,"vCTB","N5",2.10857226809335,0.911893469536666,2572.58952380952,5287.14666666667,"vCTB"
"W9_ATCTATGAGGTCTTGG","W9",3527,1627,"W9","2100.19175","1108.2577125","FIB2","FIB2","slidetags",5349,1608,"Fibroblast2",0.970222508580652,0,0,0,0,0,0,0,0.0297774914193482,0,0,0,0,0,0,0,0,0.970222508580652,"10.3602422394924","-5.70161524485272",9,2100.19175,1108.2577125,"FIB2","LogNormalize","FIB2","author","FIB2","author",0.317544490362395,-0.221930869571341,-0.483688931490682,-0.0543418356549764,2.56947074473927,-0.0797516880367323,NA,NA,2.56947074473927,"Fibroblast","N3",3.21152629016839,0.944454578620941,2100.19175,1108.2577125,"FIB2"
"W9_ATGAGCCGTTGGTTGA","W9",8074,3659,"W9","3554.26076258993","1370.68717841727","vCTB","vCTB","slidetags",6813,3637,"vCTB2",0,0,0,0,0,0,0,0.831245901105929,0,0,0.0531423792533587,0,0,0.115611719640712,0,0,0,0.831245901105929,"-6.84824908588607","3.5680709772237",9,3554.26076258993,1370.68717841727,"vCTB","LogNormalize","vCTB","author","vCTB","author",-0.110422246640177,0.307952532963806,-0.589948635433102,-0.101086729433032,-0.819962960862774,-0.205110082704629,NA,NA,0.307952532963806,"vCTB","N5",0.394818924873903,0.704943451295148,3554.26076258993,1370.68717841727,"vCTB"
"W9_ATGGCCCAGCTTAACA","W9",6549,2007,"W9","2082.21218181818","5070.23490909091","STB","STB","slidetags",6282,1973,"STB",0,0.0814983703681828,0,0.0649958048036924,0,0.853505824828125,0,0,0,0,0,0,0,0,0,0,0,0.853505824828125,"5.08316837932389","3.74025067616779",9,2082.21218181818,5070.23490909091,"STB","LogNormalize","STB","author","STB","author",-0.232746802036775,-0.243327942547971,1.42896208418743,0.168966243490525,-0.656536100163504,-0.0876507792648423,NA,NA,1.42896208418743,"STB","N3",1.61056059931241,0.876504925209777,2082.21218181818,5070.23490909091,"STB"
"W9_ATGGCCGGTCATCATC","W9",14806,3822,"W9","2338.68244067797","5872.43922033898","Hofbauer cells","Hofbauer cells","slidetags",6462,2636,"Hofbauer cells",0,0,0,0,0,0,0,0,0,0,0,0,0.562548971104764,0,0,0,0.437451028895236,0.562548971104764,"-0.242251463872975","15.1741896562703",9,2338.68244067797,5872.43922033898,"Hofbauer cells","LogNormalize","Hofbauer cells","author","Hofbauer cells","author",-0.220219224723963,-0.234772520647698,-0.540616206395268,-0.0751675408329346,-0.640651921400906,-0.106932391154751,NA,NA,-0.0751675408329346,"Endothelial","N4",3.05333416784534,0.941444728201386,2338.68244067797,5872.43922033898,"Hofbauer cells"
"W9_ATGTCCACACAAAGAC","W9",14282,4615,"W9","1730.92177142857","2829.06702857143","vCTB","vCTB","slidetags",6346,3250,"vCTB2",0,0,0,0,0,0,0,0.543698665253752,0,0,0.0664340872792725,0,0,0.389867247466975,0,0,0,0.543698665253752,"-7.56366313312728","4.61945590306598",9,1730.92177142857,2829.06702857143,"vCTB","LogNormalize","vCTB","author","vCTB","author",-0.147142913293286,-0.127714928011675,-0.578914648635941,-0.0874018904657539,-0.827433505844562,-0.130382299857703,NA,NA,-0.0874018904657539,"Endothelial","N3",0.722830437679884,0.754377964246625,1730.92177142857,2829.06702857143,"vCTB"
"W9_ATGTGAGAGCAGGCCT","W9",9638,3865,"W9","2315.51775733333","3761.51986133333","vCTB","vCTB","slidetags",6869,3814,"vCTBp",0,0,0,0,0,0,0.723432538650274,0.211246821569901,0,0,0.0653206397798248,0,0,0,0,0,0,0.723432538650274,"-6.12351477955062","2.71549758244831",9,2315.51775733333,3761.51986133333,"vCTB","LogNormalize","vCTB","author","vCTB","author",0.0617929009608877,0.543625520180804,0.605573652273848,-0.114957042101885,-0.60333237425383,-0.187451021413239,NA,NA,0.605573652273848,"STB","N4",0.217180858646183,0.681320685881065,2315.51775733333,3761.51986133333,"vCTB"
"W9_ATTACCGCATGCATAT","W9",13178,4165,"W9","1038.03374949495","2952.74529292929","FIB1","FIB1","slidetags",6715,3205,"Fibroblast1",0,0,0,0,0,0,0,0,0.0173306200789639,0.982669379921036,0,0,0,0,0,0,0,0.982669379921036,"10.7014630952052","-12.0160025663249",9,1038.03374949495,2952.74529292929,"FIB1","LogNormalize","FIB1","author","FIB1","author",0.281162376634022,-0.23269913597314,-0.509605012252826,-0.141647439957519,-0.404506312208858,-0.182421803634386,NA,NA,0.281162376634022,"EVT","N8",1.7794417003178,0.891189346953667,1038.03374949495,2952.74529292929,"FIB1"
"W9_ATTATGGTCGCTAGAT","W9",9927,2450,"W9","2678.21381395349","2672.83558139535","STB-progenitor","STB-progenitor","slidetags",6650,2398,"STB",0,0,0,0,0,1,0,0,0,0,0,0,0,0,0,0,0,1,"1.83061014797013","1.24628040124256",9,2678.21381395349,2672.83558139535,"STB-progenitor","LogNormalize","STB-progenitor","author","STB-progenitor","author",-0.202717955469753,-0.101070178448569,0.317119672640566,-0.0489421908224793,-0.604850877563598,-0.128468939379116,NA,NA,0.317119672640566,"STB","N3",1.08969535244219,0.813298066399124,2678.21381395349,2672.83558139535,"STB-progenitor"
"W9_ATTGCAGGTCAAAGAA","W9",6556,2716,"W9","4395.38475","3477.11775","FIB2","FIB2","slidetags",6374,2684,"Fibroblast2",0.983994239018934,0,0,0,0,0,0,0,0.016005760981066,0,0,0,0,0,0,0,0,0.983994239018934,"12.1398833909206","-6.89306870173138",9,4395.38475,3477.11775,"FIB2","LogNormalize","FIB2","author","FIB2","author",0.23980992523288,-0.127143378993236,-0.555115026906784,-0.0691980251177149,1.13990672613159,-0.168195303394073,NA,NA,1.13990672613159,"Fibroblast","N8",0.268953023495272,0.686884348777818,4395.38475,3477.11775,"FIB2"
"W9_ATTGGTTCACCCACCT","W9",2038,1026,"W9","5043.351","4646.76633333333","FIB2","FIB2","slidetags",4718,1137,"Fibroblast2",0.975960782880849,0,0,0,0,0,0,0,0.0240392171191506,0,0,0,0,0,0,0,0,0.975960782880849,"10.9904388108424","-6.17231264780682",9,5043.351,4646.76633333333,"FIB2","LogNormalize","FIB2","author","FIB2","author",0.196140750495335,-0.157903786981935,-0.0887416459474714,-0.0272512700507824,1.15786785991053,-0.0892710552451492,NA,NA,1.15786785991053,"Fibroblast","N7",1.6424956447034,0.879149945275447,5043.351,4646.76633333333,"FIB2"
"W9_CAAACGCGTCATTACC","W9",11003,4322,"W9","1606.54418181818","2719.26990909091","vCTB","vCTB","slidetags",6948,4058,"vCTB2",0,0,0,0,0,0,0,0.706334747066615,0,0,0.0942795748661526,0,0,0.199385678067232,0,0,0,0.706334747066615,"-7.13472569797713","4.54516372014362",9,1606.54418181818,2719.26990909091,"vCTB","LogNormalize","vCTB","author","vCTB","author",-0.107833276882496,0.197037869331715,-0.714682084628988,-0.122752554204732,-0.766761656506648,-0.213116003254143,NA,NA,0.197037869331715,"vCTB","N3",1.23310548365875,0.835552717986136,1606.54418181818,2719.26990909091,"vCTB"
"W9_CAAACTGGTTCCGGCT","W9",425,373,"W9","2601.68727586207","4081.67668965517","vCTB","vCTB","slidetags",4315,2057,"vCTB2",0,0,0,0,0,0,0.425688052707605,0.464397300693398,0,0,0.098526584395877,0,0,0.0113880622031196,0,0,0,0.464397300693398,"-4.33674968097884","-5.60076752375286",9,2601.68727586207,4081.67668965517,"vCTB","LogNormalize","vCTB","author","vCTB","author",-0.0654145656586349,-0.0857971987314335,-0.103143970121286,-0.0166982831627885,-0.0365166194905048,-0.0242527129966242,NA,NA,-0.0166982831627885,"Endothelial","N5",1.375819824896,0.85251732944181,2601.68727586207,4081.67668965517,"vCTB"
"W9_CAAAGCGCAATTGAAG","W9",1486,947,"W9","993.59862","4985.7832","FIB1","FIB1","slidetags",4433,1366,"Fibroblast1",0.151893519953871,0,0,0,0,0,0,0,0,0.848106480046129,0,0,0,0,0,0,0,0.848106480046129,"10.1897662797145","-11.7462672300212",9,993.59862,4985.7832,"FIB1","LogNormalize","FIB1","author","FIB1","author",-0.123480492689879,-0.145855693977497,0.000719166018673834,-0.0376287799179322,0.0377198904481797,0.111714373039498,NA,NA,0.111714373039498,"Macrophage","N5",-0.527296637571517,0.349507479022255,993.59862,4985.7832,"FIB1"
"W9_CAAAGCGCAGGTTCAC","W9",2053,1128,"W9","3963.9292","3850.02","Endothelial","Endothelial","slidetags",4542,1244,"Endothelial_cells",0,0,0,0,1,0,0,0,0,0,0,0,0,0,0,0,0,1,"10.4038747468166","4.6908532076009",9,3963.9292,3850.02,"Endothelial","LogNormalize","Endothelial","author","Endothelial","author",-0.149832404485201,-0.158581924569589,-0.105339640922109,0.784190195990358,-0.176053126723053,-0.0729254926889532,NA,NA,0.784190195990358,"Endothelial","N5",0.619947608615285,0.739237504560379,3963.9292,3850.02,"Endothelial"
"W9_CAACAATGTACCGTTT","W9",52471,7967,"W9","1152.35245","4369.98683333333","vCTB","vCTB","slidetags",5947,3103,"vCTB2",0,0,0,0,0,0.0130995078582124,0,0.422261402360345,0,0,0.281017167144441,0,0,0.283621922637001,0,0,0,0.422261402360345,"-7.67463744495589","4.47227868367511",9,1152.35245,4369.98683333333,"vCTB","LogNormalize","vCTB","author","vCTB","author",-0.135935861551453,-0.0200991806516893,-0.227840684929269,-0.0520489469017663,-0.860754051658823,-0.129595490899509,NA,NA,-0.0200991806516893,"vCTB","N8",0.720645347211616,0.753648303538854,1152.35245,4369.98683333333,"vCTB"
"W9_CAACAATGTCGTAATG","W9",3605,1562,"W9","2770.34188888889","5453.18922222222","FIB2","FIB2","slidetags",5391,1547,"Fibroblast2",1,0,0,0,0,0,0,0,0,0,0,0,0,0,0,0,0,1,"10.7664951005153","-5.51782122324627",9,2770.34188888889,5453.18922222222,"FIB2","LogNormalize","FIB2","author","FIB2","author",-0.173067641690426,-0.208844295022247,-0.420713935215061,-0.0238050546858971,1.95387491616602,0.142821141579403,NA,NA,1.95387491616602,"Fibroblast","N5",2.10823673997116,0.911802261948194,2770.34188888889,5453.18922222222,"FIB2"
"W9_CAACAGGCATTGTGTG","W9",8083,4099,"W9","2112.87087323944","5291.23329577465","FIB2","FIB2","slidetags",6867,4032,"Fibroblast2",0.822355409403475,0,0,0,0,0,0,0,0.0580088944878023,0.119635696108723,0,0,0,0,0,0,0,0.822355409403475,"10.7328647294216","-6.27540388773602",9,2112.87087323944,5291.23329577465,"FIB2","LogNormalize","FIB2","author","FIB2","author",-0.0728043961866327,-0.347128232290511,-0.615792171239392,-0.158052684742937,1.48304958874891,-0.131276122980127,NA,NA,1.48304958874891,"Fibroblast","N3",1.72893151730644,0.88672017511857,2112.87087323944,5291.23329577465,"FIB2"
"W9_CAACTAATCTCGCCTG","W9",13713,4404,"W9","4880.21425","3673.48045","FIB2","FIB2","slidetags",6539,3215,"Fibroblast2",1,0,0,0,0,0,0,0,0,0,0,0,0,0,0,0,0,1,"12.6032518067531","-6.38746014307659",9,4880.21425,3673.48045,"FIB2","LogNormalize","FIB2","author","FIB2","author",0.101643169757927,-0.241580452436491,-0.566524228929436,-0.133506417652298,0.891224947026232,-0.151178918479469,NA,NA,0.891224947026232,"Fibroblast","N1",2.48015791240238,0.927946005107625,4880.21425,3673.48045,"FIB2"
"W9_CAAGGGAGTTATTGCC","W9",23886,4769,"W9","4963.32745806452","4960.77575483871","vCTB","vCTB","slidetags",6257,2579,"vCTB3",0,0,0,0,0,0,0,0.136013092643776,0,0,0.351919764898007,0,0,0.512067142458217,0,0,0,0.512067142458217,"-9.38187945697982","5.39150962163288",9,4963.32745806452,4960.77575483871,"vCTB","LogNormalize","vCTB","author","vCTB","author",-0.273565723710786,-0.00704510165737832,-0.558482715492678,-0.0372268521265995,-0.785142803825808,-0.113847956793035,NA,NA,-0.00704510165737832,"vCTB","N7",1.41238326388862,0.856895293688435,4963.32745806452,4960.77575483871,"vCTB"
"W9_CAAGTAACAACACCTA","W9",5352,1787,"W9","1685.62751515152","4780.70363636364","STB-progenitor","STB-progenitor","slidetags",5688,1772,"STB",0,0,0,0,0,1,0,0,0,0,0,0,0,0,0,0,0,1,"1.97003232623857","1.53016456891376",9,1685.62751515152,4780.70363636364,"STB-progenitor","LogNormalize","STB-progenitor","author","STB-progenitor","author",-0.172103144324355,0.0758565349628459,0.386787886446553,-0.0410845137526286,-0.54526512551153,-0.102783148428963,NA,NA,0.386787886446553,"STB","N3",1.17995345297665,0.827617657789128,1685.62751515152,4780.70363636364,"STB-progenitor"
"W9_CAAGTAACACCTACTT","W9",21160,5099,"W9","4168.3146","3846.9248","vCTB","vCTB","slidetags",6197,2956,"vCTB3",0,0,0,0,0,0,0,0.235228537925738,0,0,0.299539875049636,0,0,0.465231587024626,0,0,0,0.465231587024626,"-9.16785682056624","6.26341304112751",9,4168.3146,3846.9248,"vCTB","LogNormalize","vCTB","author","vCTB","author",-0.154981719518738,-0.0252039531818481,-0.736410317757701,-0.0498295281367803,-0.826436779765755,-0.145255567908627,NA,NA,-0.0252039531818481,"vCTB","N5",0.453788342324454,0.713334549434513,4168.3146,3846.9248,"vCTB"
"W9_CAAGTATGTTGGCGTG","W9",16219,5078,"W9","2245.72611428571","1017.03892","vCTB","vCTB","slidetags",6084,3089,"vCTB3",0,0,0,0,0,0,0,0.326868461613251,0,0,0.188878173992812,0,0,0.484253364393937,0,0,0,0.484253364393937,"-7.82144416187484","5.73400506306965",9,2245.72611428571,1017.03892,"vCTB","LogNormalize","vCTB","author","vCTB","author",-0.0573213870724464,0.128587930539623,-0.764614698880083,0.0823795972068291,-0.848290959758558,-0.125493753491728,NA,NA,0.128587930539623,"vCTB","N5",1.51111981596278,0.86665450565487,2245.72611428571,1017.03892,"vCTB"
"W9_CAATGCCCAAGCTAAA","W9",741,416,"W9","3616.16169230769","2893.09107692308","vCTB","vCTB","slidetags",4379,1705,"vCTBp",0,0,0,0,0,0.104110273467346,0.650845710900145,0.17256588170901,0.0308587863478778,0,0.0416193475756214,0,0,0,0,0,0,0.650845710900145,"-9.42000830982406","2.36419805814106",9,3616.16169230769,2893.09107692308,"vCTB","LogNormalize","vCTB","author","vCTB","author",-0.0229761676061242,-0.150639345723547,0.097078706814577,-0.0231920639193922,-0.103973534598126,-0.0350231188620784,NA,NA,0.097078706814577,"STB","N8",-1.00141581715087,0.288945640277271,3616.16169230769,2893.09107692308,"vCTB"
"W9_CAATGCCCAGCATGTC","W9",562,433,"W9","3309.29496153846","2524.48412820513","STB","STB","slidetags",4481,1890,"STB",0,0.199011400989697,0,0,0,0.800988599010303,0,0,0,0,0,0,0,0,0,0,0,0.800988599010303,"4.05107247020524","1.01291260052997",9,3309.29496153846,2524.48412820513,"STB","LogNormalize","STB","author","STB","author",-0.0535444343024631,-0.0553548567455971,1.36149750661699,-0.00560118933785814,-0.274512234098033,-0.0215621196554341,NA,NA,1.36149750661699,"STB","N8",-1.41273845921483,0.217712513681138,3309.29496153846,2524.48412820513,"STB"
"W9_CACATAATCTTGTCCA","W9",33072,6846,"W9","5565.812","225.1904","vCTB","vCTB","slidetags",6284,3409,"vCTBp",0,0,0,0,0,0,0.503264970820651,0,0.0215049353700883,0,0.475230093809261,0,0,0,0,0,0,0.503264970820651,"-6.63641370151717","6.02278193761188",9,5565.812,225.1904,"vCTB","LogNormalize","vCTB","author","vCTB","author",-0.291627278319948,-0.0333790529105997,-0.706358306060115,-0.0752728256837205,-0.781531388643298,-0.148148190470497,NA,NA,-0.0333790529105997,"vCTB","N5",2.35425318560052,0.923932871214885,5565.812,225.1904,"vCTB"
"W9_CACCGGTAGGATCACT","W9",4041,1659,"W9","5035.20906666667","4637.836","FIB1","FIB1","slidetags",5298,1641,"Fibroblast1",0,0,0,0,0,0,0,0,0,1,0,0,0,0,0,0,0,1,"10.9325507798366","-11.7815541334025",9,5035.20906666667,4637.836,"FIB1","LogNormalize","FIB1","author","FIB1","author",0.335413832186594,-0.190792827093288,-0.408036326399983,-0.0413959292674312,0.94569739590016,-0.0892337744924775,NA,NA,0.94569739590016,"Fibroblast","N7",1.09166958609626,0.813480481576067,5035.20906666667,4637.836,"FIB1"
"W9_CACCTCAGTCCTGATT","W9",3544,1680,"W9","2185.23066666667","629.282386666667","Erythroblasts","Erythroblasts","slidetags",5265,1650,"unknown2",0,0,0,0,0.00309937884806245,0,0.0639100078124066,0.0106646761147208,0.92232593722481,0,0,0,0,0,0,0,0,0.92232593722481,"-11.0209108671971","1.73673424054462",9,2185.23066666667,629.282386666667,"Erythroblasts","LogNormalize","Erythroblasts","author","Erythroblasts","author",-0.196002203562223,-0.230307894183423,-0.490524031497609,-0.039077944514224,-0.56012764640232,-0.0826443105986023,NA,NA,-0.039077944514224,"Endothelial","N5",2.55754930141605,0.929861364465523,2185.23066666667,629.282386666667,"Erythroblasts"
"W9_CACCTGTTCCACCTTA","W9",8469,2877,"W9","2265.43657777778","732.336648888889","FIB2","FIB2","slidetags",6660,2837,"Fibroblast2",1,0,0,0,0,0,0,0,0,0,0,0,0,0,0,0,0,1,"10.7418416657619","-4.329407126414",9,2265.43657777778,732.336648888889,"FIB2","LogNormalize","FIB2","author","FIB2","author",0.380305395895015,-0.29498180534509,-0.42156266800684,-0.0994484865719888,2.59179315424978,-0.150436661070807,NA,NA,2.59179315424978,"Fibroblast","N5",2.3494648982763,0.923841663626414,2265.43657777778,732.336648888889,"FIB2"
"W9_CACTAAGGTAACCTAG","W9",21376,5672,"W9","602.8559","4055.97605263158","vCTB","vCTB","slidetags",6183,3261,"vCTBp",0,0,0,0,0,0,0.642824236162739,0,0.0196160674766591,0,0.337559696360602,0,0,0,0,0,0,0.642824236162739,"-6.58471310947616","6.03568848897297",9,602.8559,4055.97605263158,"vCTB","LogNormalize","vCTB","author","vCTB","author",-0.158432593171332,-0.0425448437394817,-0.714516028033623,-0.0638325014814256,-0.811523794258658,-0.154877722223579,NA,NA,-0.0425448437394817,"vCTB","N8",1.92129507655664,0.900401313389274,602.8559,4055.97605263158,"vCTB"
"W9_CACTAAGGTTGTTGGA","W9",1059,556,"W9","803.692457142857","3565.11142857143","vCTB","vCTB","slidetags",4395,1417,"vCTB2",0,0,0,0,0,0,0.313374039204361,0.427534151235239,0,0,0.135143844310595,0,0,0.123947965249805,0,0,0,0.427534151235239,"-8.86963332508284","2.95273694325763",9,803.692457142857,3565.11142857143,"vCTB","LogNormalize","vCTB","author","vCTB","author",-0.187250374464182,-0.137041462763274,-0.0817623991574156,-0.0371752117661622,-0.055345675077962,-0.0783800759795254,NA,NA,-0.0371752117661622,"Endothelial","N3",0.714707464445446,0.752645020065669,803.692457142857,3565.11142857143,"vCTB"
"W9_CAGCCTAAGGCCTTAG","W9",17657,4413,"W9","1431.2842528","4112.8784","vCTB","vCTB","slidetags",5882,2336,"vCTB2",0,0,0,0,0,0,0,0.51566765702776,0,0,0.27402738148558,0,0,0.210304961486661,0,0,0,0.51566765702776,"-6.78992331836898","3.43544778157551",9,1431.2842528,4112.8784,"vCTB","LogNormalize","vCTB","author","vCTB","author",-0.104376252103125,0.296599455993446,-0.335789153664105,-0.0282438922158693,-0.79668940683128,-0.105102004234113,NA,NA,0.296599455993446,"vCTB","N3",0.649710998747999,0.742703392922291,1431.2842528,4112.8784,"vCTB"
"W9_CAGCCTTTCCTAACGG","W9",1717,1093,"W9","1759.1832","5111.17773333333","STB","STB","slidetags",4641,1284,"STB",0,0.181293883629411,0,0,0,0.818706116370589,0,0,0,0,0,0,0,0,0,0,0,0.818706116370589,"3.84958492900651","3.41574606229145",9,1759.1832,5111.17773333333,"STB","LogNormalize","STB","author","STB","author",-0.200211324241129,-0.199251428349649,0.509319470183785,-0.0171490782159486,-0.475960423250303,-0.0574066308240643,NA,NA,0.509319470183785,"STB","N3",0.2626083822801,0.686154688070047,1759.1832,5111.17773333333,"STB"
"W9_CAGGAAGGTCCTTCTC","W9",10333,4056,"W9","1945.29859259259","4219.83619753086","vCTB","vCTB","slidetags",6938,3973,"vCTB2",0,0,0,0,0,0,0,0.677004113979925,0,0,0.0464582180794582,0,0,0.276537667940617,0,0,0,0.677004113979925,"-6.88901007984359","3.97583445836384",9,1945.29859259259,4219.83619753086,"vCTB","LogNormalize","vCTB","author","vCTB","author",-0.209229050155035,0.224790197362556,-0.75691296844749,-0.0946390428396455,-0.701237656412527,-0.209073193441291,NA,NA,0.224790197362556,"vCTB","N3",1.65033991519839,0.879605983217804,1945.29859259259,4219.83619753086,"vCTB"
"W9_CAGGTCCAGACTTACA","W9",1937,935,"W9","3112.62614285714","1609.20157142857","vCTB","vCTB","slidetags",4738,1112,"vCTB2",0,0,0,0,0,0,0,0.455987081591067,0,0,0.197572471849938,0,0,0.346440446558996,0,0,0,0.455987081591067,"-7.96101678226668","3.5582414560445",9,3112.62614285714,1609.20157142857,"vCTB","LogNormalize","vCTB","author","vCTB","author",-0.18428554316842,0.129921880193249,-0.157991761129598,-0.0183365260238316,-0.37072604578006,-0.0827829209300439,NA,NA,0.129921880193249,"vCTB","N5",1.41968442344386,0.85789857716162,3112.62614285714,1609.20157142857,"vCTB"
"W9_CATAGGTTCTTGCAGG","W9",3218,1599,"W9","2459.780625","2565.3295","Erythroblasts","Erythroblasts","slidetags",5270,1574,"unknown2",0,0,0,0,0.0131978259370663,0,0.0566698609098462,0.00963058918857934,0.920501723964508,0,0,0,0,0,0,0,0,0.920501723964508,"-11.0329748472996","1.72795495320636",9,2459.780625,2565.3295,"Erythroblasts","LogNormalize","Erythroblasts","author","Erythroblasts","author",-0.172027399045118,-0.23260841786477,-0.509140804212194,-0.0550897669222837,-0.583947615767003,-0.0688044322760839,NA,NA,-0.0550897669222837,"Endothelial","N3",2.30466938148794,0.92156147391463,2459.780625,2565.3295,"Erythroblasts"
"W9_CATCATGCAACGTGCT","W9",7523,2993,"W9","900.63385","3434.63859375","vCTB","vCTB","slidetags",6581,2967,"vCTB1",0,0,0,0,0,0,0,0.384372963121859,0,0,0.428820865265223,0,0,0.186806171612918,0,0,0,0.428820865265223,"-8.73872626636702","4.86387881566364",9,900.63385,3434.63859375,"vCTB","LogNormalize","vCTB","author","vCTB","author",-0.302020641843631,0.131826674921036,-0.512726325127303,-0.075510771210299,-0.827094117867505,-0.162860501554895,NA,NA,0.131826674921036,"vCTB","N3",1.15807632217807,0.823969354250274,900.63385,3434.63859375,"vCTB"
"W9_CATGAGGCAAACTGTT","W9",3028,1747,"W9","4914.29186666667","3609.4266","vCTB","vCTB","slidetags",5432,1739,"vCTBp",0,0,0,0,0,0,0.896757295132522,0.0295172367353532,0.00960750197893338,0,0.0641179661531916,0,0,0,0,0,0,0.896757295132522,"-5.20242560718734","2.01158031750995",9,4914.29186666667,3609.4266,"vCTB","LogNormalize","vCTB","author","vCTBp","author_refined_to_predicted",0.0554807480437159,0.0964808331203419,-0.495657304522064,-0.0666878478003683,-0.535453856220585,-0.142324108725423,NA,NA,0.0964808331203419,"vCTB","N1",1.43538456989987,0.859996351696461,4914.29186666667,3609.4266,"vCTBp"
"W9_CATGCAAGTTTCAGGA","W9",3168,1606,"W9","1610.5771","4856.22563888889","STB","STB","slidetags",5595,1597,"STB",0,0.0800978349272616,0,0,0,0.919902165072738,0,0,0,0,0,0,0,0,0,0,0,0.919902165072738,"4.25593029643815","3.95034035970051",9,1610.5771,4856.22563888889,"STB","LogNormalize","STB","author","STB","author",-0.211634047699416,0.0109077082568697,0.257573120126782,-0.0495136735844227,-0.614660758582425,-0.106150997192414,NA,NA,0.257573120126782,"STB","N3",1.15693631372685,0.82369573148486,1610.5771,4856.22563888889,"STB"
"W9_CATTCATTCCGGTTGA","W9",19826,5006,"W9","2333.49756","5800.4048","Hofbauer cells","Hofbauer cells","slidetags",6227,2784,"Hofbauer cells",0,0,0,0,0,0,0,0,0,0,0,0,0.54172436605561,0,0,0,0.45827563394439,0.54172436605561,"-0.415144302589482","15.1870728426107",9,2333.49756,5800.4048,"Hofbauer cells","LogNormalize","Hofbauer cells","author","Hofbauer cells","author",-0.256360313065487,-0.285642345421549,-0.602345335038508,-0.0559066085277955,-0.532595787242624,-0.0370666572304243,NA,NA,-0.0370666572304243,"Macrophage","N4",2.88673870633071,0.937796424662532,2333.49756,5800.4048,"Hofbauer cells"
"W9_CATTCATTCCTCATGC","W9",20121,5271,"W9","4874.43271186441","3311.64376271186","vCTB","vCTB","slidetags",6115,2997,"vCTB3",0,0,0,0,0,0,0,0.165406953024788,0,0,0.329449088907228,0,0,0.505143958067984,0,0,0,0.505143958067984,"-8.01803506229598","6.36513957310993",9,4874.43271186441,3311.64376271186,"vCTB","LogNormalize","vCTB","author","vCTB","author",-0.169255123225118,-0.00310909910586327,-0.77121462102534,-0.0576501362396245,-0.848887770742436,-0.150928176609524,NA,NA,-0.00310909910586327,"vCTB","N2",1.18608238798768,0.828894564027727,4874.43271186441,3311.64376271186,"vCTB"
"W9_CCAAACCCACTAGGTC","W9",11543,3665,"W9","696.645691666667","3569.07645833333","FIB2","FIB2","slidetags",6863,3215,"Fibroblast2",1,0,0,0,0,0,0,0,0,0,0,0,0,0,0,0,0,1,"11.9427941956691","-4.32297745417279",9,696.645691666667,3569.07645833333,"FIB2","LogNormalize","FIB2","author","FIB2","author",0.00847324926796184,-0.280044942566681,-0.522325259134397,-0.089751690081523,1.92223591906689,-0.0616385194099796,NA,NA,1.92223591906689,"Fibroblast","N3",3.3922714472416,0.94636993797884,696.645691666667,3569.07645833333,"FIB2"
"W9_CCACACAAGTGAAGTG","W9",6380,2830,"W9","5002.02691666667","3241.355125","FIB1","FIB1","slidetags",6276,2792,"Fibroblast1",0,0,0,0,0,0,0,0,0,1,0,0,0,0,0,0,0,1,"11.2369006791286","-11.7022418088786",9,5002.02691666667,3241.355125,"FIB1","LogNormalize","FIB1","author","FIB1","author",0.397986437530031,-0.136288990279184,-0.446626005976552,-0.0867638036992519,0.493250714008411,-0.147866934178686,NA,NA,0.493250714008411,"Fibroblast","N2",1.82439062917475,0.894290404961693,5002.02691666667,3241.355125,"FIB1"
"W9_CCAGACTCAGCAATAA","W9",23216,5454,"W9","3490.53539805825","5248.95939805825","vCTB","vCTB","slidetags",6181,2997,"vCTB3",0,0,0,0,0,0,0,0.190905630568921,0,0,0.337457224700832,0,0,0.471637144730247,0,0,0,0.471637144730247,"-8.64553511951644","6.14501103688556",9,3490.53539805825,5248.95939805825,"vCTB","LogNormalize","vCTB","author","vCTB","author",-0.146374867064978,-0.0091533662453524,-0.485257556241847,-0.034664202984249,-0.795605330263897,-0.129387756984199,NA,NA,-0.0091533662453524,"vCTB","N5",0.81176749659041,0.770156877052171,3490.53539805825,5248.95939805825,"vCTB"
"W9_CCATAATCAGCACGAA","W9",17383,4924,"W9","2720.3596","3192.92875","FIB2","FIB2","slidetags",5958,2631,"Fibroblast2",0.931065118740552,0,0,0,0,0,0,0,0,0,0,0,0,0,0,0.0689348812594484,0,0.931065118740552,"12.6326059022121","-5.19967451761883",9,2720.3596,3192.92875,"FIB2","LogNormalize","FIB2","author","FIB2","author",0.352477236888,-0.278632097581197,-0.601303828732358,-0.0723669461640055,1.21301310551346,-0.122059777964187,NA,NA,1.21301310551346,"Fibroblast","N3",2.16097385863049,0.915359357898577,2720.3596,3192.92875,"FIB2"
"W9_CCATATTTCAGGAACA","W9",33145,7038,"W9","3129.87347916667","1991.55710416667","vCTB","vCTB","slidetags",6262,3526,"vCTBp",0,0,0,0,0,0,0.55223212638454,0,0.0205106009979295,0,0.42725727261753,0,0,0,0,0,0,0.55223212638454,"-6.10991824482161","5.91107329655964",9,3129.87347916667,1991.55710416667,"vCTB","LogNormalize","vCTB","author","vCTB","author",-0.163131765158264,-0.0569792134320005,-0.759173885930693,-0.0843633502702463,-0.846049183411997,-0.163270264690886,NA,NA,-0.0569792134320005,"vCTB","N5",0.499517848457939,0.719901495804451,3129.87347916667,1991.55710416667,"vCTB"
"W9_CCATATTTCATGAAGG","W9",10113,3576,"W9","1983.5476091954","3416.38154022989","FIB2","FIB2","slidetags",6858,3466,"Fibroblast2",0.975901050115543,0,0,0,0,0,0,0,0,0,0,0,0,0,0,0.0240989498844574,0,0.975901050115543,"11.5115274110011","-3.80904427241009",9,1983.5476091954,3416.38154022989,"FIB2","LogNormalize","FIB2","author","FIB2","author",0.213116670415768,-0.199231309558373,-0.64408792593607,-0.0869259994125968,1.15356223233836,-0.16734316987344,NA,NA,1.15356223233836,"Fibroblast","N3",1.4528653767481,0.861182050346589,1983.5476091954,3416.38154022989,"FIB2"
"W9_CCATATTTCCCGCATT","W9",25321,5399,"W9","3273.82436363636","4271.70781818182","vCTB","vCTB","slidetags",6257,2935,"vCTB1",0,0,0,0,0,0,0,0.214994870182077,0,0,0.46364528291368,0,0,0.321359846904244,0,0,0,0.46364528291368,"-9.225994714243","6.51590117741901",9,3273.82436363636,4271.70781818182,"vCTB","LogNormalize","vCTB","author","vCTB","author",-0.292362847012581,-0.120950269494272,-0.492834103527614,-0.0508865950938804,-0.804112429511754,-0.134865976859527,NA,NA,-0.0508865950938804,"Endothelial","N5",2.43558316496058,0.92630426851514,3273.82436363636,4271.70781818182,"vCTB"
"W9_CCCATAACACGCAACT","W9",10056,3619,"W9","4627.85036842105","3739.99747368421","FIB2","FIB2","slidetags",6895,3529,"Fibroblast2",1,0,0,0,0,0,0,0,0,0,0,0,0,0,0,0,0,1,"12.5078834214382","-5.66391936014813",9,4627.85036842105,3739.99747368421,"FIB2","LogNormalize","FIB2","author","FIB2","author",0.13629160664019,-0.282029306014514,-0.474957576939012,-0.102297455229145,1.62053417205865,-0.158625238616954,NA,NA,1.62053417205865,"Fibroblast","N4",0.734497464821576,0.756840569135352,4627.85036842105,3739.99747368421,"FIB2"
"W9_CCGATGCAGCAAGGGT","W9",4311,2172,"W9","4297.52510344828","3674.40717241379","FIB2","FIB2","slidetags",5296,2138,"Fibroblast1",0.291903082325735,0,0,0,0,0,0,0,0,0.708096917674264,0,0,0,0,0,0,0,0.708096917674264,"11.600119940298","-11.6488732404582",9,4297.52510344828,3674.40717241379,"FIB2","LogNormalize","FIB2","author","FIB2","author",-0.0695196755600413,-0.0703007453023021,-0.511533506004683,0.0780711405276399,1.39707825191761,-0.126406700853858,NA,NA,1.39707825191761,"Fibroblast","N5",1.67373794227535,0.882251003283473,4297.52510344828,3674.40717241379,"FIB2"
"W9_CCGCTTAGTCATGAGC","W9",12847,4512,"W9","2545.38736","3089.5644","FIB2","FIB2","slidetags",6725,3546,"Fibroblast2",0.980490946112679,0,0,0,0,0,0,0,0,0,0,0,0,0,0,0.0195090538873209,0,0.980490946112679,"12.0567449250392","-4.57899037073773",9,2545.38736,3089.5644,"FIB2","LogNormalize","FIB2","author","FIB2","author",0.265979350280202,-0.299850384584171,-0.565472023084087,-0.1189199885787,1.82111904142164,-0.0693936755822147,NA,NA,1.82111904142164,"Fibroblast","N3",0.855484507414963,0.777362276541408,2545.38736,3089.5644,"FIB2"
"W9_CCTAGTTGTGGGAACA","W9",6512,2763,"W9","786.365733333333","3421.73479365079","vCTB","vCTB","slidetags",6372,2741,"vCTB2",0,0,0,0,0,0,0,0.570534214294457,0,0,0.371786399151092,0,0,0.0576793865544512,0,0,0,0.570534214294457,"-6.5872532210179","3.08682331372577",9,786.365733333333,3421.73479365079,"vCTB","LogNormalize","vCTB","author","vCTB","author",-0.266672529709251,0.294243584596809,-0.280715442804229,-0.0734240131211056,-0.705661889252759,-0.149784188565565,NA,NA,0.294243584596809,"vCTB","N5",1.79132976692236,0.891919007661437,786.365733333333,3421.73479365079,"vCTB"
"W9_CCTATTGTCCCATAGG","W9",2579,1452,"W9","2292.784","2609.05318181818","vCTB","vCTB","slidetags",5103,1459,"vCTB2",0,0,0,0,0,0,0.228978700768228,0.53459703051618,0,0,0.211078382634404,0,0,0.0253458860811873,0,0,0,0.53459703051618,"-6.81710112903792","3.56255134869892",9,2292.784,2609.05318181818,"vCTB","LogNormalize","vCTB","author","vCTB","author",-0.191462704204287,0.219746718233052,-0.415289696523871,-0.0603728218827745,-0.630665091677362,-0.104851364770977,NA,NA,0.219746718233052,"vCTB","N3",1.22288480989709,0.834002188982123,2292.784,2609.05318181818,"vCTB"
"W9_CCTGTAACAATTGACT","W9",21980,5241,"W9","3066.26138709677","4261.77767741936","vCTB","vCTB","slidetags",6222,2984,"vCTB3",0,0,0,0,0,0,0,0.350807768093601,0,0,0.100854266301181,0,0,0.548337965605218,0,0,0,0.548337965605218,"-8.87642253254134","5.93802079488117",9,3066.26138709677,4261.77767741936,"vCTB","LogNormalize","vCTB","author","vCTB","author",-0.279618511270306,-0.183070526261337,-0.717851271343474,-0.0685092845379763,-0.802180048703654,-0.148137048272677,NA,NA,-0.0685092845379763,"Endothelial","N4",1.52425166015582,0.867566581539584,3066.26138709677,4261.77767741936,"vCTB"
"W9_CCTGTTGGTGGCTTCC","W9",15500,5373,"W9","1682.08963809524","4722.24207619048","vCTB","vCTB","slidetags",6272,3572,"vCTBp",0,0,0,0,0,0,0.527641182906027,0.312595420176203,0,0,0.132645944509511,0,0,0.0271174524082595,0,0,0,0.527641182906027,"-7.12403119419295","4.92401942540485",9,1682.08963809524,4722.24207619048,"vCTB","LogNormalize","vCTB","author","vCTB","author",-0.294518730923115,-0.301383698560168,-0.541928983452375,-0.0741104738758345,-0.768697328659685,-0.128025744384081,NA,NA,-0.0741104738758345,"Endothelial","N3",1.44181272016282,0.860452389638818,1682.08963809524,4722.24207619048,"vCTB"
"W9_CCTTAGTGTAGCCATA","W9",7449,3248,"W9","659.476946153846","2828.37376923077","Endothelial","Endothelial","slidetags",6618,3193,"Endothelial_cells",0,0,0,0,1,0,0,0,0,0,0,0,0,0,0,0,0,1,"10.0933440842799","4.69182166386921",9,659.476946153846,2828.37376923077,"Endothelial","LogNormalize","Endothelial","author","Endothelial","author",-0.126217637236263,-0.282930251604778,-0.623226193534835,0.884627903924994,-0.702658583781819,-0.160482638156748,NA,NA,0.884627903924994,"Endothelial","N8",2.12460994595982,0.913261583363736,659.476946153846,2828.37376923077,"Endothelial"
"W9_CCTTAGTGTCAACAAT","W9",21153,5951,"W9","1934.64473043478","4733.55233043478","vCTB","vCTB","slidetags",6112,3311,"vCTBp",0,0,0,0,0,0,0.527677236817628,0,0.020739556759461,0,0.451583206422911,0,0,0,0,0,0,0.527677236817628,"-6.05020345066268","4.22789439488727",9,1934.64473043478,4733.55233043478,"vCTB","LogNormalize","vCTB","author","vCTB","author",-0.183841941496534,0.211564920257821,-0.375176340529224,-0.057888081766203,-0.793332716676067,-0.161900611695658,NA,NA,0.211564920257821,"vCTB","N3",1.11385247203982,0.816946369937979,1934.64473043478,4733.55233043478,"vCTB"
"W9_CCTTATGTCATCCTAT","W9",5560,2248,"W9","2963.91594117647","4377.37629411765","FIB2","FIB2","slidetags",5671,2204,"Fibroblast2",0.980806589816088,0,0,0,0,0,0,0,0,0,0,0,0,0,0,0.0191934101839119,0,0.980806589816088,"12.2440217652492","-4.90495482157391",9,2963.91594117647,4377.37629411765,"FIB2","LogNormalize","FIB2","author","FIB2","author",0.124901554235913,-0.220590036588338,-0.472339188923228,-0.072604891690584,0.693039936805315,-0.108201117048739,NA,NA,0.693039936805315,"Fibroblast","N4",3.83075204928203,0.954122582998906,2963.91594117647,4377.37629411765,"FIB2"
"W9_CCTTCAGGTATTTGGG","W9",4955,2149,"W9","4274.6391","3617.7413","FIB2","FIB2","slidetags",5458,2113,"Fibroblast1",0.270716070082789,0,0,0,0,0,0,0,0,0.729283929917211,0,0,0,0,0,0,0,0.729283929917211,"10.4828275361232","-4.27662316034954",9,4274.6391,3617.7413,"FIB2","LogNormalize","FIB2","author","FIB2","author",0.180316951097785,-0.234631049790435,-0.562561449670912,-0.0552201477730667,1.50959309752082,-0.125277231896286,NA,NA,1.50959309752082,"Fibroblast","N5",1.39223823681219,0.854432688799708,4274.6391,3617.7413,"FIB2"
"W9_CGAACAAAGCACTAGT","W9",185,169,"W9","3092.56353623188","4442.96831884058","STB","STB","slidetags",4187,2513,"STB",0,0,0,0,0,0.517124446245815,0.349075583975566,0.106008464005808,0.00437569167857449,0,0.023415814094236,0,0,0,0,0,0,0.517124446245815,"-2.82424057338912","-8.87592783640545",9,3092.56353623188,4442.96831884058,"STB","LogNormalize","STB","author","STB","author",-0.074515702779704,-0.0145163469104441,0.478176247842302,-0.00502001343391515,-0.218228004801144,-0.0368568826712835,NA,NA,0.478176247842302,"STB","N4",0.654501386227403,0.743524261218533,3092.56353623188,4442.96831884058,"STB"
"W9_CGAACAAAGGTCCGTA","W9",8912,3256,"W9","1062.79518095238","4292.23314285714","vCTB","vCTB","slidetags",6618,3229,"vCTB3",0,0,0,0,0,0,0,0.362452077123639,0,0,0.147722062313553,0,0,0.489825860562809,0,0,0,0.489825860562809,"-8.16102183674056","4.76488646794635",9,1062.79518095238,4292.23314285714,"vCTB","LogNormalize","vCTB","author","vCTB","author",-0.282117009568697,-0.27421166742953,-0.549797803857818,-0.116940795165302,-0.758376440390375,-0.185883602703874,NA,NA,-0.116940795165302,"Endothelial","N8",1.38136296866813,0.853338197738052,1062.79518095238,4292.23314285714,"vCTB"
"W9_CGACCTGCAAGCGAGC","W9",10495,3639,"W9","1823.44266666667","4481.6131372549","vCTB","vCTB","slidetags",6845,3520,"vCTB2",0,0,0,0,0,0,0,0.422649717793547,0,0,0.211747256829833,0,0,0.36560302537662,0,0,0,0.422649717793547,"-7.79222882602889","5.08998736668903",9,1823.44266666667,4481.6131372549,"vCTB","LogNormalize","vCTB","author","vCTB","author",-0.105191421238265,0.0221486060718672,-0.526690252579724,-0.0808740150215786,-0.854438247949629,-0.173448250423716,NA,NA,0.0221486060718672,"vCTB","N3",1.9378882360688,0.901404596862459,1823.44266666667,4481.6131372549,"vCTB"
"W9_CGCACAATCCGCCTCA","W9",11949,3274,"W9","2157.77595402299","5549.09751724138","FIB2","FIB2","slidetags",6758,2738,"Fibroblast2",1,0,0,0,0,0,0,0,0,0,0,0,0,0,0,0,0,1,"10.7921432175807","-4.20188918780011",9,2157.77595402299,5549.09751724138,"FIB2","LogNormalize","FIB2","author","FIB2","author",0.489823383390332,-0.273977912609497,-0.515810718300422,-0.0793115219737692,2.60339161531708,-0.134687583369436,NA,NA,2.60339161531708,"Fibroblast","N5",3.81251190190022,0.953301714702663,2157.77595402299,5549.09751724138,"FIB2"
"W9_CGCGATTCAGATTCAT","W9",5562,3163,"W9","3689.201","3739.71419230769","vCTB","vCTB","slidetags",5551,3110,"vCTBp",0,0,0,0,0,0,0.727083283757686,0.145136152041177,0,0,0.127780564201137,0,0,0,0,0,0,0.727083283757686,"-8.889493592722","2.49599847127277",9,3689.201,3739.71419230769,"vCTB","LogNormalize","vCTB","author","vCTB","author",-0.264655522364723,-0.270903325088328,-0.438142455404796,-0.0992105410454103,-0.479976082485004,-0.200039690264812,NA,NA,-0.0992105410454103,"Endothelial","N4",0.691063645093695,0.749726377234586,3689.201,3739.71419230769,"vCTB"
"W9_CGCTGTGCATCCCTCA","W9",16998,5314,"W9","1777.97138211382","5242.50390243902","vCTB","vCTB","slidetags",5826,2940,"vCTB2",0,0,0,0,0,0,0,0.442581370212293,0,0,0.22962912678119,0,0,0.327789503006518,0,0,0,0.442581370212293,"-6.54221165989119","4.04543027211506",9,1777.97138211382,5242.50390243902,"vCTB","LogNormalize","vCTB","author","vCTB","author",-0.146049645218853,0.0503635977395728,-0.74502404481986,-0.0416656896565716,-0.830101404995568,-0.12758100579415,NA,NA,0.0503635977395728,"vCTB","N8",1.66600453959305,0.880974097044874,1777.97138211382,5242.50390243902,"vCTB"
"W9_CGGATTAGTATTACCC","W9",37914,5485,"W9","839.563109677419","1672.47238709677","STB","STB","slidetags",6256,2391,"STB",0,0,0,0,0,1,0,0,0,0,0,0,0,0,0,0,0,1,"4.10640179302018","3.94426783849079",9,839.563109677419,1672.47238709677,"STB","LogNormalize","STB","author","STB","author",-0.215803820875866,-0.231158641821013,1.65586706987699,-0.0522868924283449,-0.671823792169734,-0.127198255277316,NA,NA,1.65586706987699,"STB","N8",-2.22825073925239,0.0380335643925575,839.563109677419,1672.47238709677,"STB"
"W9_CGGATTAGTTCCGGCT","W9",8734,3462,"W9","3113.95005","3948.009725","vCTB","vCTB","slidetags",6645,3434,"vCTB3",0,0,0,0,0,0,0,0.342289907791349,0,0,0.11462439839464,0,0,0.54308569381401,0,0,0,0.54308569381401,"-8.93467963550765","5.38105305959064",9,3113.95005,3948.009725,"vCTB","LogNormalize","vCTB","author","vCTB","author",-0.183334117490202,-0.0058149695096783,-0.700719767003644,-0.0729481220679485,-0.790834283069642,-0.177876768824761,NA,NA,-0.0058149695096783,"vCTB","N8",0.142385020337158,0.673932871214885,3113.95005,3948.009725,"vCTB"
"W9_CGGGTCTAGACAAACG","W9",8097,3627,"W9","1763.055","5221.209","vCTB","vCTB","slidetags",6753,3589,"vCTB2",0,0,0,0,0,0,0,0.802385879494949,0,0,0.0135084039111827,0,0,0.184105716593868,0,0,0,0.802385879494949,"-7.32867682789046","4.12398967076618",9,1763.055,5221.209,"vCTB","LogNormalize","vCTB","author","vCTB","author",-0.190994364808741,0.115946857649873,-0.627263205672376,-0.0896464052307371,-0.835723551422327,-0.198197893954913,NA,NA,0.115946857649873,"vCTB","N8",0.973097934510977,0.79688070047428,1763.055,5221.209,"vCTB"
"W9_CGGGTCTAGGCTACAT","W9",17890,4785,"W9","2571.75465263158","1500.25988421053","vCTB","vCTB","slidetags",6053,2699,"vCTBp",0,0,0,0,0,0.0166894088652845,0.613141178338373,0.0186353856160315,0,0,0.333466124972847,0,0,0.0180679022074634,0,0,0,0.613141178338373,"-6.13989270542342","5.42552575398761",9,2571.75465263158,1500.25988421053,"vCTB","LogNormalize","vCTB","author","vCTB","author",-0.0744746040625201,0.43012795616935,-0.733197584700139,-0.055538282150434,-0.810781349393203,-0.149115720724845,NA,NA,0.43012795616935,"vCTB","N8",0.960389448135176,0.795147756293324,2571.75465263158,1500.25988421053,"vCTB"
"W9_CGGTGAACAAGGACCA","W9",11046,4237,"W9","1848.96346666667","5850.8624","Endothelial","Endothelial","slidetags",7014,3865,"Endothelial_cells",0,0,0,0,1,0,0,0,0,0,0,0,0,0,0,0,0,1,"10.5260804810695","4.06745538045246",9,1848.96346666667,5850.8624,"Endothelial","LogNormalize","Endothelial","author","Endothelial","author",-0.268807599355997,-0.29518653396893,-0.585915647260021,1.43463583868817,-0.144780196438006,-0.200502257483893,NA,NA,1.43463583868817,"Endothelial","N4",2.10806666648182,0.911711054359723,1848.96346666667,5850.8624,"Endothelial"
"W9_CGGTTTGAGGCGCTTA","W9",5654,2849,"W9","4101.95494545455","1241.56356","vCTB","vCTB","slidetags",5702,2834,"vCTB3",0,0,0,0,0,0,0,0.25818547927234,0,0,0.268720141048471,0,0,0.473094379679188,0,0,0,0.473094379679188,"-7.22902644489486","6.43670138646442",9,4101.95494545455,1241.56356,"vCTB","LogNormalize","vCTB","author","vCTB","author",-0.261728523219347,-0.262180145470701,-0.345768373163119,-0.0676583482448929,-0.710699569392869,-0.149517843465724,NA,NA,-0.0676583482448929,"Endothelial","N5",0.999747493137159,0.800437796424663,4101.95494545455,1241.56356,"vCTB"
"W9_CGTCCTAGTAACCACA","W9",3293,1558,"W9","4121.05007407407","1178.71585925926","FIB2","FIB2","slidetags",5403,1538,"Fibroblast2",1,0,0,0,0,0,0,0,0,0,0,0,0,0,0,0,0,1,"10.815864912527","-4.2151915140025",9,4121.05007407407,1178.71585925926,"FIB2","LogNormalize","FIB2","author","FIB2","author",0.0410186358688711,0.265761918103817,-0.404653929988698,-0.0512070092962574,1.00869522821513,-0.0935159434976383,NA,NA,1.00869522821513,"Fibroblast","N3",0.86818965850753,0.779460051076249,4121.05007407407,1178.71585925926,"FIB2"
"W9_CGTTATTTCGGTTCCT","W9",14252,3428,"W9","1477.59102702703","5441.75935135135","STB","STB","slidetags",6325,2303,"STB",0,0.0238312185493984,0,0,0,0.976168781450602,0,0,0,0,0,0,0,0,0,0,0,0.976168781450602,"3.6142836728267","4.16170272160846",9,1477.59102702703,5441.75935135135,"STB","LogNormalize","STB","author","STB","author",-0.223456727595643,-0.218331961367658,2.23247913014821,0.0721334396749821,-0.499957197588584,-0.0975684245248038,NA,NA,2.23247913014821,"STB","N3",-1.08289156996886,0.27544691718351,1477.59102702703,5441.75935135135,"STB"
"W9_CGTTGCGCAAATTGCT","W9",11429,3514,"W9","2209.07290909091","1233.36950909091","FIB2","FIB2","slidetags",6875,3090,"Fibroblast2",0.949065994123776,0,0,0,0,0,0,0,0,0,0,0,0,0,0,0.0509340058762236,0,0.949065994123776,"10.7597888627223","-4.43006649683636",9,2209.07290909091,1233.36950909091,"FIB2","LogNormalize","FIB2","author","FIB2","author",0.186592436613026,-0.291487305297652,-0.539065914083783,-0.0856560829289152,2.21456107935652,-0.0589049181141546,NA,NA,2.21456107935652,"Fibroblast","N5",2.09338925232839,0.910616563298066,2209.07290909091,1233.36950909091,"FIB2"
"W9_CGTTTCTCATCATGGC","W9",11563,4056,"W9","2683.10641176471","4261.07870588235","vCTB","vCTB","slidetags",6889,3622,"vCTB3",0,0,0,0,0,0,0,0.255410889162294,0,0,0.343921747592468,0,0,0.400667363245239,0,0,0,0.400667363245239,"-8.2513967833348","5.60548934270221",9,2683.10641176471,4261.07870588235,"vCTB","LogNormalize","vCTB","author","vCTB","author",-0.161659662475695,-0.0484534400268173,-0.443426804002128,-0.0996272414109987,-0.734623849443772,-0.190184622709064,NA,NA,-0.0484534400268173,"vCTB","N8",1.89130734914613,0.89875957679679,2683.10641176471,4261.07870588235,"vCTB"
"W9_CTAAATGTCCATAAGC","W9",17369,4981,"W9","1584.8064516129","2412.24025806452","vCTB","vCTB","slidetags",5905,2845,"vCTB2",0,0,0,0,0,0,0,0.593970442656823,0,0,0.0406444903903669,0,0,0.36538506695281,0,0,0,0.593970442656823,"-7.49405301426131","4.56063184071857",9,1584.8064516129,2412.24025806452,"vCTB","LogNormalize","vCTB","author","vCTB","author",-0.0738798707008133,0.0647039827944441,-0.779353368005373,-0.0394462708915855,-0.868145704809869,-0.140480468888286,NA,NA,0.0647039827944441,"vCTB","N3",0.943704998268427,0.792958774170011,1584.8064516129,2412.24025806452,"vCTB"
"W9_CTAACCTGTCATCATC","W9",14456,3830,"W9","1393.652928","3133.76736","vCTB","vCTB","slidetags",6308,2665,"vCTB3",0,0,0,0,0,0,0,0.193060881161538,0,0,0.341149875671101,0,0,0.465789243167361,0,0,0,0.465789243167361,"-8.53454364155013","4.73577985097248",9,1393.652928,3133.76736,"vCTB","LogNormalize","vCTB","author","vCTB","author",-0.119318614436752,0.228297863169461,-0.0466501050632039,-0.0784189305550237,-0.733082055797395,-0.117596990069682,NA,NA,0.228297863169461,"vCTB","N8",0.319004766098661,0.693998540678584,1393.652928,3133.76736,"vCTB"
"W9_CTAAGGTTCTCACTCA","W9",3900,1670,"W9","2916.9267","2400.8386","STB","STB","slidetags",5499,1657,"STB",0,0,0,0,0,1,0,0,0,0,0,0,0,0,0,0,0,1,"3.90211998607438","3.46655830670673",9,2916.9267,2400.8386,"STB","LogNormalize","STB","author","STB","author",-0.2240295739585,-0.215528000650897,1.37400263235027,-0.0317081314645398,-0.643910466092589,-0.0808594569641951,NA,NA,1.37400263235027,"STB","N8",-1.17561427791076,0.259850419554907,2916.9267,2400.8386,"STB"
"W9_CTACTTAGTATTGAGT","W9",6786,2716,"W9","673.126988235294","4986.81894117647","FIB2","FIB2","slidetags",6450,2678,"Fibroblast2",1,0,0,0,0,0,0,0,0,0,0,0,0,0,0,0,0,1,"10.6669706025295","-5.12116518686932",9,673.126988235294,4986.81894117647,"FIB2","LogNormalize","FIB2","author","FIB2","author",0.397517768612489,-0.289991970228271,-0.361377743009929,-0.088589338273637,2.00340649446596,-0.149519779166204,NA,NA,2.00340649446596,"Fibroblast","N5",2.0686000580017,0.908883619117111,673.126988235294,4986.81894117647,"FIB2"
"W9_CTAGGACGTGTTAGCA","W9",11895,4315,"W9","1574.97621666667","4325.70118055556","vCTB","vCTB","slidetags",6991,3772,"vCTB2",0,0,0,0,0,0,0.304206387281294,0.583655928706294,0,0,0.060333743614102,0,0,0.0518039403983095,0,0,0,0.583655928706294,"-5.96670163486678","2.55762371350605",9,1574.97621666667,4325.70118055556,"vCTB","LogNormalize","vCTB","author","vCTB","author",0.0232288220807073,0.81075855173878,-0.432708100418256,-0.126159420777601,-0.636395621796689,-0.221724242471545,NA,NA,0.81075855173878,"vCTB","N3",2.76374693089236,0.934786574242977,1574.97621666667,4325.70118055556,"vCTB"
"W9_CTAGGACGTTGGATAT","W9",17637,5423,"W9","3731.89904761905","4249.86765079365","vCTB","vCTB","slidetags",5870,3025,"vCTB2",0,0,0,0,0,0,0,0.580204249836949,0,0,0.0785277956874433,0,0,0.341267954475608,0,0,0,0.580204249836949,"-6.72941888187606","4.01060399342853",9,3731.89904761905,4249.86765079365,"vCTB","LogNormalize","vCTB","author","vCTB","author",-0.157140880647038,0.119476877261379,-0.728283339093256,-0.0556686630012169,-0.846889614545302,-0.151221534328521,NA,NA,0.119476877261379,"vCTB","N4",1.35566233211851,0.850237139730026,3731.89904761905,4249.86765079365,"vCTB"
"W9_CTATGACAGTGATTCA","W9",10359,4019,"W9","2353.383125","2932.702","vCTB","vCTB","slidetags",6925,3923,"vCTB1",0,0,0,0,0,0,0.382780089619404,0,0,0,0.617219910380596,0,0,0,0,0,0,0.617219910380596,"-6.53364289615828","6.52895316411335",9,2353.383125,2932.702,"vCTB","LogNormalize","vCTB","author","vCTB","author",-0.181641605870721,-0.173140559072096,-0.729267261855492,-0.102116420565125,-0.819186970566708,-0.210736204155515,NA,NA,-0.102116420565125,"Endothelial","N3",2.2311940517516,0.918642831083546,2353.383125,2932.702,"vCTB"
"W9_CTATTACTCAAGGACA","W9",27515,6009,"W9","842.100364285714","1701.32496428571","vCTB","vCTB","slidetags",6260,3155,"vCTBp",0,0,0,0,0,0,0.637559097794282,0.00766488209497757,0,0,0.249711639495163,0,0,0.105064380615577,0,0,0,0.637559097794282,"-7.57667744968612","6.17114362050373",9,842.100364285714,1701.32496428571,"vCTB","LogNormalize","vCTB","author","vCTB","author",-0.271228467010355,-0.280296492522615,-0.680378723620702,-0.0892757990283658,-0.777675261330394,-0.158423209396274,NA,NA,-0.0892757990283658,"Endothelial","N8",0.391022654885712,0.704304998175848,842.100364285714,1701.32496428571,"vCTB"
"W9_CTATTCAGTTTATCTG","W9",47625,8139,"W9","4257.60707692308","5225.64220979021","FIB2","FIB2","slidetags",5978,3195,"Fibroblast2",1,0,0,0,0,0,0,0,0,0,0,0,0,0,0,0,0,1,"11.7186206498317","-3.56758323382061",9,4257.60707692308,5225.64220979021,"FIB2","LogNormalize","FIB2","author","FIB2","author",-0.0626656977222835,-0.306135360476839,-0.728910836910236,-0.0433039325176147,1.37871412073729,-0.130290971359386,NA,NA,1.37871412073729,"Fibroblast","N5",2.23572799676919,0.918825246260489,4257.60707692308,5225.64220979021,"FIB2"
"W9_CTCATGACAGCTTACA","W9",11099,4492,"W9","4067.44965116279","1763.61888372093","FIB2","FIB2","slidetags",6990,4163,"Fibroblast2",0.959245895213134,0,0,0,0,0,0,0,0.0386653401907843,0.00208876459608166,0,0,0,0,0,0,0,0.959245895213134,"10.6427034058742","-4.84000197123211",9,4067.44965116279,1763.61888372093,"FIB2","LogNormalize","FIB2","author","FIB2","author",0.0394991001330671,-0.0844064114786944,-0.621705497391803,-0.00399032230182189,1.54260601862007,-0.244723707889935,NA,NA,1.54260601862007,"Fibroblast","N6",2.09689384704848,0.91089018606348,4067.44965116279,1763.61888372093,"FIB2"
"W9_CTCCAACTCGCCTAAG","W9",6859,3144,"W9","5114.40654545455","3877.03","vCTB","vCTB","slidetags",6532,3118,"vCTB3",0,0,0,0,0,0,0,0.320363347679329,0,0,0.135655956351246,0,0,0.543980695969425,0,0,0,0.543980695969425,"-7.87356818531234","5.61597976018268",9,5114.40654545455,3877.03,"vCTB","LogNormalize","vCTB","author","vCTB","author",-0.31680601096052,-0.0868499930159206,-0.709752926405101,-0.0806383493200098,-0.828979710293834,-0.167637536275716,NA,NA,-0.0806383493200098,"Endothelial","N8",0.690647956474091,0.749452754469172,5114.40654545455,3877.03,"vCTB"
"W9_CTCGCTAGTTAACGGC","W9",6816,2540,"W9","1223.23028965517","4444.93979310345","FIB2","FIB2","slidetags",6436,2500,"Fibroblast2",0.965516006976412,0,0,0,0,0,0,0,0,0,0,0,0,0,0,0.0344839930235883,0,0.965516006976412,"11.8387244858913","-4.07822886179608",9,1223.23028965517,4444.93979310345,"FIB2","LogNormalize","FIB2","author","FIB2","author",0.214941011187182,-0.269671590151693,-0.541965122577813,-0.0919733886715187,0.986898549185542,-0.151105128911527,NA,NA,0.986898549185542,"Fibroblast","N8",1.16977765172145,0.826158336373586,1223.23028965517,4444.93979310345,"FIB2"
"W9_CTCTAAGCACGGTTTA","W9",14293,4564,"W9","2191.8396","1552.30022666667","vCTB","vCTB","slidetags",6352,3223,"vCTB3",0,0,0,0,0,0,0,0.343776756205477,0,0,0.166856454721756,0,0,0.489366789072767,0,0,0,0.489366789072767,"-8.80749286030013","5.75278767873127",9,2191.8396,1552.30022666667,"vCTB","LogNormalize","vCTB","author","vCTB","author",-0.154144832214713,-0.134785625097,-0.439051370339627,-0.0737672434984701,-0.828942694252902,-0.129708127322352,NA,NA,-0.0737672434984701,"Endothelial","N8",1.04931362169738,0.807734403502371,2191.8396,1552.30022666667,"vCTB"
"W9_CTGAATATCTAATCCT","W9",1789,873,"W9","2869.383625","1060.056725","FIB2","FIB2","slidetags",4622,1086,"Fibroblast2",1,0,0,0,0,0,0,0,0,0,0,0,0,0,0,0,0,1,"11.7071708359889","-5.62611904810589",9,2869.383625,1060.056725,"FIB2","LogNormalize","FIB2","author","FIB2","author",-0.124746506333218,-0.160141543955493,-0.0541209122758239,-0.027664996136936,1.02911855176297,-0.0513033431682341,NA,NA,1.02911855176297,"Fibroblast","N5",0.870452160700116,0.780007296607078,2869.383625,1060.056725,"FIB2"
"W9_CTGATCACAACCCTAA","W9",9986,2527,"W9","792.242046153846","1688.81569230769","STB-progenitor","STB-progenitor","slidetags",6711,2490,"STB",0,0,0,0,0,1,0,0,0,0,0,0,0,0,0,0,0,1,"1.9186426320247","1.42650803853351",9,792.242046153846,1688.81569230769,"STB-progenitor","LogNormalize","STB-progenitor","author","STB-progenitor","author",-0.241130113266682,-0.130291309947716,0.298668046565501,-0.0571424303239055,-0.665539412895002,-0.132704202317058,NA,NA,0.298668046565501,"STB","N8",2.2228234739286,0.918186793141189,792.242046153846,1688.81569230769,"STB-progenitor"
"W9_CTGTATTTCACAGCCA","W9",2144,1049,"W9","1471.977475","3124.865375","FIB2","FIB2","slidetags",4777,1141,"Fibroblast2",0.972048734738456,0,0,0,0,0,0,0,0.0160865791431964,0.0118646861183473,0,0,0,0,0,0,0,0.972048734738456,"11.1674865403346","-6.39623680781048",9,1471.977475,3124.865375,"FIB2","LogNormalize","FIB2","author","FIB2","author",0.26419297212349,-0.190919567916068,-0.203963072407886,-0.0433313083426215,1.43362138973603,-0.0746219352622223,NA,NA,1.43362138973603,"Fibroblast","N8",1.59537544987708,0.874771981028822,1471.977475,3124.865375,"FIB2"
"W9_CTGTTCATCCAGGGAG","W9",15590,4505,"W9","2826.98708411215","1422.42301121495","vCTB","vCTB","slidetags",6140,2860,"vCTB3",0,0,0,0,0,0.0250008723643793,0,0.289946098884695,0,0,0.32755991842452,0,0,0.357493110326406,0,0,0,0.357493110326406,"-9.41991580341536","5.71535834599811",9,2826.98708411215,1422.42301121495,"vCTB","LogNormalize","vCTB","author","vCTB","author",-0.290982673896201,-0.304186395720305,-0.206168952986918,-0.0500674736633588,-0.873910863123878,-0.113960593215877,NA,NA,-0.0500674736633588,"Endothelial","N5",1.5451408655382,0.870120394016782,2826.98708411215,1422.42301121495,"vCTB"
"W9_CTTAACAAGGACGTAA","W9",6247,2476,"W9","3717.60611111111","3650.60022222222","Hofbauer cells","Hofbauer cells","slidetags",6168,2436,"myeloid_unknown",0,0,0,0,0,0,0,0,0,0,0,0,0.482389174823405,0,0,0,0.517610825176596,0.517610825176596,"-0.587883689148015","15.2208853654988",9,3717.60611111111,3650.60022222222,"Hofbauer cells","LogNormalize","Hofbauer cells","author","Hofbauer cells","author",-0.222097290167312,-0.286571490738094,-0.540654649037222,-0.0807118193082337,-0.605986015473808,-0.135814849435086,NA,NA,-0.0807118193082337,"Endothelial","N4",3.46577856714209,0.947464429040496,3717.60611111111,3650.60022222222,"Hofbauer cells"
"W9_CTTAAGATCGCAACAT","W9",7214,3126,"W9","4725.24828571428","4072.60742857143","FIB2","FIB2","slidetags",6627,3093,"Fibroblast2",1,0,0,0,0,0,0,0,0,0,0,0,0,0,0,0,0,1,"12.1212495484523","-6.68178501795452",9,4725.24828571428,4072.60742857143,"FIB2","LogNormalize","FIB2","author","FIB2","author",0.233767023881624,-0.174542978725475,-0.643754445782089,-0.116252054585563,1.20809315163393,-0.162013248118501,NA,NA,1.20809315163393,"Fibroblast","N5",1.75389673255307,0.889000364830354,4725.24828571428,4072.60742857143,"FIB2"
"W9_CTTAAGGGTTGTTGGA","W9",2963,1578,"W9","568.481488235294","4755.34452941176","Endothelial","Endothelial","slidetags",5244,1556,"Endothelial_cells",0,0,0,0,1,0,0,0,0,0,0,0,0,0,0,0,0,1,"10.4333814301662","4.35409268666584",9,568.481488235294,4755.34452941176,"Endothelial","LogNormalize","Endothelial","author","Endothelial","author",-0.165038881742004,-0.20975036669831,-0.449152782913465,0.620234980827018,-0.515675802853899,-0.108793269989922,NA,NA,0.620234980827018,"Endothelial","N5",0.731543505223156,0.756384531192995,568.481488235294,4755.34452941176,"Endothelial"
"W9_CTTACCTCAAATGCCC","W9",15985,4274,"W9","741.245227368421","3563.3651368421","FIB2","FIB2","slidetags",6299,2611,"Fibroblast2",1,0,0,0,0,0,0,0,0,0,0,0,0,0,0,0,0,1,"11.534391752737","-4.05577865313214",9,741.245227368421,3563.3651368421,"FIB2","LogNormalize","FIB2","author","FIB2","author",0.427920215664338,-0.287987140998044,-0.599995430002069,-0.071417443882701,2.1676117238149,-0.0996721049024676,NA,NA,2.1676117238149,"Fibroblast","N3",1.03137990222421,0.805363006202116,741.245227368421,3563.3651368421,"FIB2"
"W9_CTTACCTCAGTTTGTG","W9",1141,788,"W9","3403.68048","4095.00216","STB","STB","slidetags",4691,1419,"STB",0,0.162682318567602,0,0.00594312009252982,0,0.831374561339868,0,0,0,0,0,0,0,0,0,0,0,0.831374561339868,"4.90642058040422","3.06681474973041",9,3403.68048,4095.00216,"STB","LogNormalize","STB","author","STB","author",-0.181126051098276,-0.183360919100921,1.01649841910781,-0.0307012565074339,-0.28029393649821,-0.0470368041045933,NA,NA,1.01649841910781,"STB","N5",0.724240846020011,0.754834002188982,3403.68048,4095.00216,"STB"
"W9_CTTAGGAGTAATCACG","W9",18175,3236,"W9","993.694743243243","4559.66878378378","STB-progenitor","STB-progenitor","slidetags",6307,1870,"STB",0,0,0,0,0,1,0,0,0,0,0,0,0,0,0,0,0,1,"1.82837258960527","1.25043901730854",9,993.694743243243,4559.66878378378,"STB-progenitor","LogNormalize","STB-progenitor","author","STB-progenitor","author",-0.208148053759852,-0.24617816745569,-0.251265327769233,-0.0375723623289736,-0.618559541824321,-0.0989149588091677,NA,NA,-0.0375723623289736,"Endothelial","N5",1.01488398275759,0.802717986136447,993.694743243243,4559.66878378378,"STB-progenitor"
"W9_CTTATTGGTGCTCCAC","W9",12289,4176,"W9","1864.34123684211","4673.78081578947","vCTB","vCTB","slidetags",6892,3591,"vCTB2",0,0,0,0,0,0,0,0.513241184442418,0,0,0.0981442825211038,0,0,0.388614533036478,0,0,0,0.513241184442418,"-8.11401713703353","5.32087477971393",9,1864.34123684211,4673.78081578947,"vCTB","LogNormalize","vCTB","author","vCTB","author",-0.295192922467703,-0.124292303757335,-0.698428847964392,0.0210272761919554,-0.776752391233178,-0.170112432866811,NA,NA,0.0210272761919554,"Endothelial","N3",0.566967180893467,0.730390368478657,1864.34123684211,4673.78081578947,"vCTB"
"W9_CTTATTGGTTACGCGG","W9",10037,3520,"W9","3134.53583529412","1842.25891764706","FIB2","FIB2","slidetags",6870,3445,"Fibroblast2",1,0,0,0,0,0,0,0,0,0,0,0,0,0,0,0,0,1,"10.8231652894191","-3.74463406275433",9,3134.53583529412,1842.25891764706,"FIB2","LogNormalize","FIB2","author","FIB2","author",0.010276199156612,-0.313923529446968,-0.62798191966346,-0.0971788758070086,1.52063591398331,0.00956246918931905,NA,NA,1.52063591398331,"Fibroblast","N5",1.48134339045489,0.864100693177672,3134.53583529412,1842.25891764706,"FIB2"
"W9_CTTCACTCAATTGCGC","W9",19338,4292,"W9","795.241206060606","4268.36309090909","STB","STB","slidetags",6194,2421,"STB",0,0.0790589136278714,0,0,0,0.920941086372129,0,0,0,0,0,0,0,0,0,0,0,0.920941086372129,"4.36599909450334","4.57755574513752",9,795.241206060606,4268.36309090909,"STB","LogNormalize","STB","author","STB","author",-0.240742982868375,0.0322171103084737,2.05608165918553,-0.0510676297578999,-0.685050949505142,-0.114947495694271,NA,NA,2.05608165918553,"STB","N3",-0.624133388569334,0.335643925574608,795.241206060606,4268.36309090909,"STB"
"W9_CTTGAATCAAGGTATA","W9",10889,3318,"W9","915.785","1653.00076923077","vCTB","vCTB","slidetags",6797,3129,"vCTB3",0,0,0,0,0,0,0,0.113016223029243,0,0,0.285535044211545,0,0,0.601448732759213,0,0,0,0.601448732759213,"-8.80414641712386","6.03637608815509",9,915.785,1653.00076923077,"vCTB","LogNormalize","vCTB","author","vCTB","author",-0.133104770803405,0.11732253880282,-0.681712361247916,-0.0749044993063589,-0.77167893710355,-0.166124340330196,NA,NA,0.11732253880282,"vCTB","N8",2.79296681146729,0.935698650127691,915.785,1653.00076923077,"vCTB"
"W9_CTTGCAACAACCTAAT","W9",22797,3896,"W9","803.599096858639","3634.03554973822","STB-progenitor","STB-progenitor","slidetags",6378,2124,"STB",0,0,0,0,0,1,0,0,0,0,0,0,0,0,0,0,0,1,"1.90334498073381","1.27616223622638",9,803.599096858639,3634.03554973822,"STB-progenitor","LogNormalize","STB-progenitor","author","STB-progenitor","author",-0.218962523295517,0.155416707940366,0.12697439368375,-0.0417481583323701,-0.627624063784665,-0.115289566062533,NA,NA,0.155416707940366,"vCTB","N3",0.407084329882968,0.707041225829989,803.599096858639,3634.03554973822,"STB-progenitor"
"W9_CTTGCATGTATTGTGG","W9",13780,4502,"W9","1909.70205755396","4804.26864748201","vCTB","vCTB","slidetags",6412,3278,"vCTB2",0,0,0,0,0,0,0,0.618775556243135,0,0,0.0844437222690583,0,0,0.296780721487806,0,0,0,0.618775556243135,"-7.96918309543807","4.8377014093526",9,1909.70205755396,4804.26864748201,"vCTB","LogNormalize","vCTB","author","vCTB","author",-0.107384864091788,-0.115642005334601,-0.677590461206979,-0.110518204571912,-0.76059110721219,-0.155977653230399,NA,NA,-0.107384864091788,"EVT","N3",1.04633008141537,0.807369573148486,1909.70205755396,4804.26864748201,"vCTB"
"W9_CTTGTTCCACAACAGG","W9",11272,3899,"W9","2339.52485714286","5868.84021428571","vCTB","vCTB","slidetags",6860,3573,"vCTB3",0,0,0,0,0,0,0,0.325986699861094,0,0,0.0731885307615411,0,0,0.600824769377365,0,0,0,0.600824769377365,"-8.42768824909407","5.57279691029865",9,2339.52485714286,5868.84021428571,"vCTB","LogNormalize","vCTB","author","vCTB","author",-0.304660959729119,-0.0185074258023995,-0.678173398787866,-0.0904381508362518,-0.750361491750118,-0.19121984573114,NA,NA,-0.0185074258023995,"vCTB","N4",0.926217531633117,0.789401678219628,2339.52485714286,5868.84021428571,"vCTB"
"W9_CTTGTTCCAGAGGGAG","W9",1639,973,"W9","1017.06617333333","2891.86093333333","Erythroblasts","Erythroblasts","slidetags",4438,1275,"unknown2",0,0,0,0,0.00127501433393755,0.0538201122834318,0.298143359963154,0.0538249352140959,0.56393767521705,0,0.02899890298833,0,0,0,0,0,0,0.56393767521705,"-10.7912670454808","1.61066862870533",9,1017.06617333333,2891.86093333333,"Erythroblasts","LogNormalize","Erythroblasts","author","Erythroblasts","author",0.120039744212006,0.0778851473135002,-0.0359551254638646,-0.0219562421232822,-0.391296365626357,-0.0673221428580134,NA,NA,0.120039744212006,"EVT","N3",0.79879470854141,0.768059102517329,1017.06617333333,2891.86093333333,"Erythroblasts"
"W9_CTTGTTCCATTATCCC","W9",4198,1814,"W9","5123.9211","4747.1389","FIB2","FIB2","slidetags",5374,1786,"Fibroblast2",0.985002520644107,0,0,0,0,0,0,0,0.0149974793558926,0,0,0,0,0,0,0,0,0.985002520644107,"12.1529019990138","-6.30115643213909",9,5123.9211,4747.1389,"FIB2","LogNormalize","FIB2","author","FIB2","author",0.0804790314634952,-0.176202224186766,-0.391004622994024,-0.0665851839753702,0.734299274892486,-0.106450349304815,NA,NA,0.734299274892486,"Fibroblast","N7",0.999592237902612,0.800346588836191,5123.9211,4747.1389,"FIB2"
"W9_CTTTAGGCAATGCCCG","W9",15839,4756,"W9","1240.26876271186","2563.03989830508","FIB1","FIB1","slidetags",6369,2958,"Fibroblast1",0,0,0,0,0,0,0,0,0,1,0,0,0,0,0,0,0,1,"10.9954723038844","-11.9532355375163",9,1240.26876271186,2563.03989830508,"FIB1","LogNormalize","FIB1","author","FIB1","author",0.401484729900145,0.0157913433752588,-0.631552402437601,-0.0839046483497709,0.0803545336613507,-0.110333943271571,NA,NA,0.401484729900145,"EVT","N3",2.22006889721103,0.917913170375775,1240.26876271186,2563.03989830508,"FIB1"
"W9_CTTTAGTTCGTGCTAG","W9",9124,3305,"W9","2531.08844444444","3835.96831111111","FIB2","FIB2","slidetags",6695,3266,"Fibroblast2",0.988227456423677,0,0,0,0,0,0,0,0,0,0,0,0,0,0,0.0117725435763231,0,0.988227456423677,"12.0876153626613","-5.59579125116986",9,2531.08844444444,3835.96831111111,"FIB2","LogNormalize","FIB2","author","FIB2","author",0.023124335913123,-0.161749166023784,-0.597983605451162,-0.106344688393526,1.44113296212998,0.0580608516504179,NA,NA,1.44113296212998,"Fibroblast","N5",2.13315416086569,0.913717621306093,2531.08844444444,3835.96831111111,"FIB2"
"W9_CTTTGAGCAGGCTTGT","W9",15758,3344,"W9","4602.90465116279","2394.4","STB-progenitor","STB-progenitor","slidetags",6310,2135,"STB",0,0,0,0,0,1,0,0,0,0,0,0,0,0,0,0,0,1,"2.28593861247819","1.78704938222248",9,4602.90465116279,2394.4,"STB-progenitor","LogNormalize","STB-progenitor","author","STB-progenitor","author",-0.201804315388682,0.0119272546068103,0.431034361051204,-0.0442283387989221,-0.684842658537721,-0.107140125070061,NA,NA,0.431034361051204,"STB","N8",0.595305596737235,0.735133163079168,4602.90465116279,2394.4,"STB-progenitor"
"W9_CTTTGGTGTAACGGGA","W9",5512,2275,"W9","2173.20478571429","5193.26171428571","FIB1","FIB1","slidetags",5655,2246,"Fibroblast1",0,0,0,0,0,0,0,0,0.0187956828251387,0.981204317174861,0,0,0,0,0,0,0,0.981204317174861,"10.9001516022853","-11.2892016477458",9,2173.20478571429,5193.26171428571,"FIB1","LogNormalize","FIB1","author","FIB1","author",0.328621598980254,-0.234955745771837,-0.467619751274525,-0.0808342932917013,1.18133133838719,-0.15594587330576,NA,NA,1.18133133838719,"Fibroblast","N3",0.9355166977908,0.791590660342941,2173.20478571429,5193.26171428571,"FIB1"
"W9_GAAACTGAGATTGAGG","W9",9583,3577,"W9","804.793037837838","4130.21372972973","FIB1","FIB1","slidetags",6777,3499,"Fibroblast1",0,0,0,0,0,0,0,0,0,0.999999999999999,0,0,0,0,0,0,0,0.999999999999999,"10.5219215073757","-12.0789107389323",9,804.793037837838,4130.21372972973,"FIB1","LogNormalize","FIB1","author","FIB1","author",0.348325302287678,-0.0675460127921938,-0.503776642283856,0.0345172895164372,0.460219027578619,-0.18431975840861,NA,NA,0.460219027578619,"Fibroblast","N8",0.737630513814545,0.757570229843123,804.793037837838,4130.21372972973,"FIB1"
"W9_GAACCAGCAAGGCCAA","W9",10806,2757,"W9","822.989485714286","1692.63361904762","STB-progenitor","STB-progenitor","slidetags",6755,2604,"STB",0,0,0,0,0,1,0,0,0,0,0,0,0,0,0,0,0,1,"2.05550038005632","1.52131041814167",9,822.989485714286,1692.63361904762,"STB-progenitor","LogNormalize","STB-progenitor","author","STB-progenitor","author",-0.207822043508951,0.022613266164512,0.489290284661571,-0.0665278112995688,-0.638798600114778,-0.148501992667694,NA,NA,0.489290284661571,"STB","N8",2.87316954786514,0.937340386720175,822.989485714286,1692.63361904762,"STB-progenitor"
"W9_GAACCAGCACTATGGC","W9",13207,4257,"W9","3253.54261538462","2795.42830769231","vCTB","vCTB","slidetags",6469,3287,"vCTB3",0,0,0,0,0,0,0,0.333055831492612,0,0,0.21205033216793,0,0,0.454893836339459,0,0,0,0.454893836339459,"-8.96404517505843","6.18844756413776",9,3253.54261538462,2795.42830769231,"vCTB","LogNormalize","vCTB","author","vCTB","author",-0.282740182731496,-0.270780718799405,-0.676978250639983,-0.110518204571912,-0.776324108619584,-0.161846586457345,NA,NA,-0.110518204571912,"Endothelial","N3",1.47173768341534,0.863006202116016,3253.54261538462,2795.42830769231,"vCTB"
"W9_GAAGTCAAGGACCGCT","W9",8489,2376,"W9","2164.94014285714","1580.82542857143","STB-progenitor","STB-progenitor","slidetags",6531,2360,"STB",0,0,0,0,0,0.999999999999999,0,0,0,0,0,0,0,0,0,0,0,0.999999999999999,"2.02029000903886","1.63325950433094",9,2164.94014285714,1580.82542857143,"STB-progenitor","LogNormalize","STB-progenitor","author","STB-progenitor","author",-0.222518124047432,0.0980101090080512,0.35491063560739,-0.0736050477851252,-0.511907796682455,-0.133152812307949,NA,NA,0.35491063560739,"STB","N5",1.83907955610388,0.895293688434878,2164.94014285714,1580.82542857143,"STB-progenitor"
"W9_GACAATACAACAACAA","W9",467,301,"W9","2191.86671428571","1011.17618571429","vCTB","vCTB","slidetags",4301,2014,"vCTBp",0,0,0,0,0,0.0715539779694249,0.719200236375235,0.150297697493834,0.0176957162814538,0,0.0412523718800523,0,0,0,0,0,0,0.719200236375235,"-8.80259192798812","2.22622761060077",9,2191.86671428571,1011.17618571429,"vCTB","LogNormalize","vCTB","author","vCTB","author",-0.0599947581191318,-0.0774540736336757,-0.0289661937972978,-0.0124722951593979,-0.260027708943703,-0.0496673450731658,NA,NA,-0.0124722951593979,"Endothelial","N5",-1.10654086588127,0.272619481940897,2191.86671428571,1011.17618571429,"vCTB"
"W9_GACACTAGTGTTAAAC","W9",22398,5659,"W9","1652.41654901961","5773.716","vCTB","vCTB","slidetags",6216,3163,"vCTB1",0,0,0,0,0,0,0.479282978134798,0,0,0,0.508506234361077,0,0,0.0122107875041256,0,0,0,0.508506234361077,"-6.61174214695174","6.51863726903278",9,1652.41654901961,5773.716,"vCTB","LogNormalize","vCTB","author","vCTB","author",-0.147417280250548,-0.172718966599155,-0.568700815120273,-0.0597391741538276,-0.79697229615207,-0.161852291151976,NA,NA,-0.0597391741538276,"Endothelial","N8",-0.113768627546149,0.408609996351696,1652.41654901961,5773.716,"vCTB"
"W9_GACATAGAGGCGGATG","W9",8574,3352,"W9","3258.33636170213","1783.38689361702","vCTB","vCTB","slidetags",6652,3328,"vCTB3",0,0,0,0,0,0,0,0.102762833458457,0,0,0.205914702925294,0,0,0.691322463616249,0,0,0,0.691322463616249,"-8.62928546283919","6.05911120702106",9,3258.33636170213,1783.38689361702,"vCTB","LogNormalize","vCTB","author","vCTB","author",-0.0836273453254102,-0.0590872554147344,-0.701183258254169,-0.0820637426544714,-0.518562087628088,-0.165976461261971,NA,NA,-0.0590872554147344,"vCTB","N5",2.56312767747499,0.93031740240788,3258.33636170213,1783.38689361702,"vCTB"
"W9_GACCGAACATCACAGC","W9",10780,4307,"W9","3744.36272","3720.7881","FIB2","FIB2","slidetags",7013,4080,"Fibroblast2",0.964442512145147,0,0,0,0,0,0,0,0.0355574878548527,0,0,0,0,0,0,0,0,0.964442512145147,"10.7046588578395","-5.61097708414715",9,3744.36272,3720.7881,"FIB2","LogNormalize","FIB2","author","FIB2","author",-0.189313271604861,-0.360832708515892,-0.662392004508962,-0.116332243436352,1.83713123689368,-0.233417234936232,NA,NA,1.83713123689368,"Fibroblast","N4",0.887519056997107,0.782561109084276,3744.36272,3720.7881,"FIB2"
"W9_GACTTACAGCACGATT","W9",6225,2460,"W9","2311.99342857143","5861.57671428571","vCTB","vCTB","slidetags",6188,2445,"vCTB3",0,0,0,0,0,0,0,0.389680370221476,0,0,0.207554275301975,0,0,0.402765354476549,0,0,0,0.402765354476549,"-7.75898803089339","3.87680014897663",9,2311.99342857143,5861.57671428571,"vCTB","LogNormalize","vCTB","author","vCTB","author",-0.229394908280858,-0.0943368476030535,-0.600287905561762,-0.0581260272927816,-0.709256771949085,-0.14472550544735,NA,NA,-0.0581260272927816,"Endothelial","N4",1.07162519142301,0.810744253921926,2311.99342857143,5861.57671428571,"vCTB"
"W9_GAGAGGCGTTTGTGGA","W9",5626,2401,"W9","3386.98586666667","1900.86646666667","STB-progenitor","STB-progenitor","slidetags",5723,2386,"STB",0,0,0,0,0,0.393066273643485,0.0130397157267519,0.218961157831148,0,0,0.276098462088519,0,0,0.0988343907100953,0,0,0,0.393066273643485,"2.35751878406327","2.71811446477253",9,3386.98586666667,1900.86646666667,"STB-progenitor","LogNormalize","STB-progenitor","author","STB-progenitor","author",-0.255077719888531,0.0262008841000999,-0.127039348361459,-0.0595263246272461,-0.7588018721174,-0.103816039342092,NA,NA,0.0262008841000999,"vCTB","N3",1.89952637754355,0.898941991973732,3386.98586666667,1900.86646666667,"STB-progenitor"
"W9_GAGCGATAGGGACCTC","W9",4042,1879,"W9","2514.35227272727","1525.22151818182","Hofbauer cells","Hofbauer cells","slidetags",5316,1859,"myeloid_unknown",0,0,0,0,0,0,0,0,0,0,0,0,0.446922552617953,0,0,0,0.553077447382047,0.553077447382047,"-1.64645565365035","14.6179419450887",9,2514.35227272727,1525.22151818182,"Hofbauer cells","LogNormalize","Hofbauer cells","author","Hofbauer cells","author",-0.211822991002345,-0.209651385592261,-0.492223600479885,-0.0448095147028651,-0.57679062788508,0.214760104502449,NA,NA,0.214760104502449,"Macrophage","N8",1.67344342405187,0.882159795695002,2514.35227272727,1525.22151818182,"Hofbauer cells"
"W9_GAGCGATAGTACTGGT","W9",19043,5378,"W9","5088.66172881356","4892.08386440678","vCTB","vCTB","slidetags",6028,3047,"vCTB2",0,0,0,0,0,0,0,0.462897418953886,0,0,0.121746029491085,0,0,0.415356551555028,0,0,0,0.462897418953886,"-7.29289973591048","4.37500008870441",9,5088.66172881356,4892.08386440678,"vCTB","LogNormalize","vCTB","author","vCTB","author",-0.150516184629237,0.111385265860363,-0.658334258800466,-0.0547191607199124,-0.885724977801884,-0.151804378365555,NA,NA,0.111385265860363,"vCTB","N7",2.02319049524198,0.906512221816855,5088.66172881356,4892.08386440678,"vCTB"
"W9_GAGCTAGCAACGTGCT","W9",12118,4433,"W9","3655.34203571429","1046.95035714286","vCTB","vCTB","slidetags",6907,3826,"vCTB3",0,0,0,0,0,0,0,0.228612215291657,0,0,0.195767278539584,0,0,0.575620506168759,0,0,0,0.575620506168759,"-7.63203204487044","5.55413588811237",9,3655.34203571429,1046.95035714286,"vCTB","LogNormalize","vCTB","author","vCTB","author",-0.114951000644075,-0.0671182454368527,-0.529011043240028,-0.127083827058908,-0.753882541711824,-0.209770609601647,NA,NA,-0.0671182454368527,"vCTB","N5",1.52939975708862,0.868387449835826,3655.34203571429,1046.95035714286,"vCTB"
"W9_GAGGCTACAGGTTCAC","W9",15506,4338,"W9","1378.9697884058","4822.17263768116","vCTB","vCTB","slidetags",6194,2779,"vCTB1",0,0,0,0,0,0,0,0.166167862962562,0,0,0.5976041181286,0,0,0.236228018908838,0,0,0,0.5976041181286,"-9.20832026813704","6.28767070103962",9,1378.9697884058,4822.17263768116,"vCTB","LogNormalize","vCTB","author","vCTB","author",-0.250454770912343,-0.0770160061005692,-0.228463051627534,-0.0489051218554728,-0.8181252550671,-0.104398883379126,NA,NA,-0.0489051218554728,"Endothelial","N8",0.754898558027072,0.760853703028092,1378.9697884058,4822.17263768116,"vCTB"
"W9_GAGGTTAAGTTATCTC","W9",33331,4449,"W9","1804.31919480519","5655.98122077922","STB","STB","slidetags",6329,2003,"STB",0,0,0,0,0,1,0,0,0,0,0,0,0,0,0,0,0,1,"3.88248097087663","3.27981671620685",9,1804.31919480519,5655.98122077922,"STB","LogNormalize","STB","author","STB","author",-0.213104676087754,-0.21977025950446,1.44272961991049,0.181225689123341,-0.598733491673206,-0.0870172868780631,NA,NA,1.44272961991049,"STB","N8",-2.17529131316485,0.0448741335279095,1804.31919480519,5655.98122077922,"STB"
"W9_GAGTAACCACACAATT","W9",9496,3418,"W9","1746.6345","4285.8008","vCTB","vCTB","slidetags",6682,3376,"vCTB3",0,0,0,0,0,0,0,0.134139395944816,0,0,0.420479472362201,0,0,0.445381131692984,0,0,0,0.445381131692984,"-8.25590957020003","6.35451850224811",9,1746.6345,4285.8008,"vCTB","LogNormalize","vCTB","author","vCTB","author",-0.179950534722469,-0.162734259807512,-0.739779430123221,-0.092495373887893,-0.829006751647809,-0.168745305203179,NA,NA,-0.092495373887893,"Endothelial","N3",1.47474405339398,0.863553447646844,1746.6345,4285.8008,"vCTB"
"W9_GAGTAACCACCTGCCT","W9",5159,1846,"W9","1775.26319565217","5571.42823913044","STB","STB","slidetags",5619,1844,"STB",0,0,0,0,0,0.999999999999999,0,0,0,0,0,0,0,0,0,0,0,0.999999999999999,"1.36874996806901","3.19987925816852",9,1775.26319565217,5571.42823913044,"STB","LogNormalize","STB","author","STB","author",-0.0466893415961712,0.945341661724396,3.46374095353775,-0.0569636754848956,-0.273185460893286,-0.0997771009302,NA,NA,3.46374095353775,"STB","N8",1.95106297123225,0.902590295512587,1775.26319565217,5571.42823913044,"STB"
"W9_GAGTATCTCGAGCAAA","W9",3932,1770,"W9","4489.72540350877","5082.53150877193","FIB2","FIB2","slidetags",5333,1748,"Fibroblast2",0.952006687108483,0,0,0,0,0,0,0,0,0,0,0,0,0,0,0.0479933128915167,0,0.952006687108483,"11.1380923905544","-5.83151713083905",9,4489.72540350877,5082.53150877193,"FIB2","LogNormalize","FIB2","author","FIB2","author",0.265299411027332,-0.216027624274881,-0.468556663960564,-0.0526301228057094,1.80825463625539,-0.0799304736324064,NA,NA,1.80825463625539,"Fibroblast","N5",2.22476166817042,0.918278000729661,4489.72540350877,5082.53150877193,"FIB2"
"W9_GAGTGAGGTGCTTACT","W9",8676,3722,"W9","727.903251612903","3400.38003225806","vCTB","vCTB","slidetags",6693,3696,"vCTB3",0,0,0,0,0,0,0,0.304600852487673,0,0,0.300485734164435,0,0,0.394913413347892,0,0,0,0.394913413347892,"-7.92735064838607","5.76484975148517",9,727.903251612903,3400.38003225806,"vCTB","LogNormalize","vCTB","author","vCTB","author",-0.277554070872544,-0.0560350191015096,-0.706346635567561,-0.0995537714227747,-0.802737646370414,-0.191513203450137,NA,NA,-0.0560350191015096,"vCTB","N3",2.1797003318722,0.916453848960234,727.903251612903,3400.38003225806,"vCTB"
"W9_GAGTTGCGTTTATTCG","W9",9244,3637,"W9","4011.24250549451","1847.03797802198","FIB2","FIB2","slidetags",6722,3589,"Fibroblast2",1,0,0,0,0,0,0,0,0,0,0,0,0,0,0,0,0,1,"11.1174997010402","-4.14197483729046",9,4011.24250549451,1847.03797802198,"FIB2","LogNormalize","FIB2","author","FIB2","author",0.12991024029376,-0.311068940788413,-0.665711712808786,-0.0996590562735606,0.978018849085681,-0.167107173882098,NA,NA,0.978018849085681,"Fibroblast","N6",3.24730980813755,0.944910616563298,4011.24250549451,1847.03797802198,"FIB2"
"W9_GAGTTTGGTTCCTGTG","W9",16912,5036,"W9","2887.26987368421","3553.67688421053","FIB2","FIB2","slidetags",6023,2798,"Fibroblast2",0.799566204018025,0,0,0,0,0,0,0,0,0,0,0,0,0,0,0.200433795981975,0,0.799566204018025,"12.5847629227809","-5.1236342496745",9,2887.26987368421,3553.67688421053,"FIB2","LogNormalize","FIB2","author","FIB2","author",0.290853584008979,-0.326823334398803,-0.597187778415474,-0.0655783090182643,1.50830973785344,-0.125370518602416,NA,NA,1.50830973785344,"Fibroblast","N5",1.43263542038404,0.859631521342576,2887.26987368421,3553.67688421053,"FIB2"
"W9_GATAACGAGTAAAGGT","W9",17238,4954,"W9","1363.60684067797","2818.86901694915","vCTB","vCTB","slidetags",5880,2778,"vCTB3",0,0,0,0,0,0,0,0.331591651967331,0,0,0.129375613338959,0,0,0.539032734693709,0,0,0,0.539032734693709,"-8.2225939116307","6.35142382909137",9,1363.60684067797,2818.86901694915,"vCTB","LogNormalize","vCTB","author","vCTB","author",-0.125521169223659,-0.0392931419722357,-0.757021666728046,-0.0402653923221071,-0.848570667728412,-0.117549088343207,NA,NA,-0.0392931419722357,"vCTB","N5",0.572660691326668,0.731667274717256,1363.60684067797,2818.86901694915,"vCTB"
"W9_GATAAGCCACCAAAGG","W9",1516,831,"W9","1021.97372","3173.69544","FIB1","FIB1","slidetags",4558,1235,"Fibroblast2",0.686638047090952,0,0,0,0,0,0,0,0,0.313361952909048,0,0,0,0,0,0,0,0.686638047090952,"10.2024196305446","-11.1802739210002",9,1021.97372,3173.69544,"FIB1","LogNormalize","FIB1","author","FIB1","author",-0.189770938630976,-0.166775145675114,-0.0511097950965014,-0.0352727547131987,0.367484719375993,-0.0467530224811868,NA,NA,0.367484719375993,"Fibroblast","N8",0.0429110051452012,0.664082451659978,1021.97372,3173.69544,"FIB1"
"W9_GATAGACCAGGCCAAA","W9",13520,4947,"W9","1016.31010898204","2735.12815568862","FIB2","FIB2","slidetags",6605,3678,"Fibroblast2",0.992139723835585,0,0,0,0,0,0,0,0.00786027616441481,0,0,0,0,0,0,0,0,0.992139723835585,"11.8030904450588","-6.28252020548504",9,1016.31010898204,2735.12815568862,"FIB2","LogNormalize","FIB2","author","FIB2","author",-0.00898993610696358,0.010203962399062,-0.569217504355705,-0.149621245086134,1.6039055523177,-0.186687456080051,NA,NA,1.6039055523177,"Fibroblast","N8",0.547779549442743,0.727927763589931,1016.31010898204,2735.12815568862,"FIB2"
"W9_GATCAGGCAGCTAACC","W9",11728,4084,"W9","962.5040875","2975.032875","vCTB","vCTB","slidetags",6886,3622,"vCTB3",0,0,0,0,0,0,0,0.395428817892958,0,0,0.0676380458995721,0,0,0.53693313620747,0,0,0,0.53693313620747,"-8.09452164982039","5.19946488667804",9,962.5040875,2975.032875,"vCTB","LogNormalize","vCTB","author","vCTB","author",-0.156893564946332,0.094778696377247,-0.678951588004767,-0.114957042101885,-0.769191708093087,-0.206497172223423,NA,NA,0.094778696377247,"vCTB","N8",1.08955601292934,0.813206858810653,962.5040875,2975.032875,"vCTB"
"W9_GATCAGGCATAGGCGA","W9",12363,4479,"W9","605.932739393939","4875.44436363636","vCTB","vCTB","slidetags",6871,3802,"vCTB2",0,0,0,0,0,0,0,0.747447457294636,0,0,0.112800251506087,0,0,0.139752291199277,0,0,0,0.747447457294636,"-7.09965909336287","4.64120444585163",9,605.932739393939,4875.44436363636,"vCTB","LogNormalize","vCTB","author","vCTB","author",-0.156170118139363,0.12947332267851,-0.721047544110146,-0.115300272479249,-0.81973649794595,-0.201854081849971,NA,NA,0.12947332267851,"vCTB","N5",1.73376352676906,0.887176213060927,605.932739393939,4875.44436363636,"vCTB"
"W9_GATCGAGCATCCTGAA","W9",11112,3998,"W9","934.576391836735","5001.82889795918","FIB2","FIB2","slidetags",6918,3627,"Fibroblast2",0.981530441916569,0,0,0,0,0,0,0,0,0,0,0,0,0,0,0.0184695580834306,0,0.981530441916569,"11.7845529236965","-5.09095898340863",9,934.576391836735,5001.82889795918,"FIB2","LogNormalize","FIB2","author","FIB2","author",0.161825218175408,-0.301928944943722,-0.595247535112024,-0.12729667658549,2.07845162224201,-0.199334633709345,NA,NA,2.07845162224201,"Fibroblast","N3",2.2301387483069,0.918551623495075,934.576391836735,5001.82889795918,"FIB2"
"W9_GATGCAGCACATGCTA","W9",2000,1021,"W9","1569.21658823529","2057.26023529412","STB","STB","slidetags",4894,1122,"STB",0,0.0178476420348601,0,0,0,0.98215235796514,0,0,0,0,0,0,0,0,0,0,0,0.98215235796514,"3.74070583965104","2.21423396397907",9,1569.21658823529,2057.26023529412,"STB","LogNormalize","STB","author","STB","author",-0.144295982206441,-0.153375351614479,0.656707704732052,-0.0232261586069638,-0.386990333313676,-0.0559199558341475,NA,NA,0.656707704732052,"STB","N8",1.96783938953039,0.903411163808829,1569.21658823529,2057.26023529412,"STB"
"W9_GATGCAGCACGTAATT","W9",2442,1128,"W9","1070.77634047619","4962.95019047619","FIB1","FIB1","slidetags",4788,1159,"Fibroblast1",0,0,0,0,0,0,0,0,0,1,0,0,0,0,0,0,0,1,"10.5385297455959","-11.3913992948405",9,1070.77634047619,4962.95019047619,"FIB1","LogNormalize","FIB1","author","FIB1","author",0.422282956451377,-0.13885197833442,-0.220463828131098,-0.045157304730249,1.09325704388047,-0.076028419055938,NA,NA,1.09325704388047,"Fibroblast","N5",0.747048298352005,0.758938343670193,1070.77634047619,4962.95019047619,"FIB1"
"W9_GATGCTTAGCATGAAG","W9",8345,3455,"W9","1485.62102033898","4416.50494915254","Endothelial","Endothelial","slidetags",6726,3398,"Endothelial_cells",0,0,0,0,1,0,0,0,0,0,0,0,0,0,0,0,0,1,"10.4441541352443","4.05741366673786",9,1485.62102033898,4416.50494915254,"Endothelial","LogNormalize","Endothelial","author","Endothelial","author",-0.284498250211158,-0.294035990286653,-0.637027519623242,0.83105615531262,0.351316984892373,-0.184731582159222,NA,NA,0.83105615531262,"Endothelial","N3",1.81217359731552,0.893013498723094,1485.62102033898,4416.50494915254,"Endothelial"
"W9_GATGCTTAGGACCTGC","W9",20329,5169,"W9","953.633578947368","3591.93042105263","vCTB","vCTB","slidetags",6121,2907,"vCTB3",0,0,0,0,0,0,0,0.116061196101926,0,0,0.274612844365679,0,0,0.609325959532395,0,0,0,0.609325959532395,"-8.76495326374251","6.83356866170246",9,953.633578947368,3591.93042105263,"vCTB","LogNormalize","vCTB","author","vCTB","author",-0.145955943921253,-0.0520561891632911,-0.51011379508086,-0.0396842164181641,-0.829480972327102,-0.143864606988873,NA,NA,-0.0396842164181641,"Endothelial","N3",0.339046798441777,0.697008391098139,953.633578947368,3591.93042105263,"vCTB"
"W9_GATTAGCTCGAGGTGG","W9",10291,3679,"W9","2244.7374137931","1698.44317241379","vCTB","vCTB","slidetags",6858,3610,"vCTB1",0,0,0,0,0,0,0,0.307693127589683,0,0,0.346750210574829,0,0,0.345556661835488,0,0,0,0.346750210574829,"-8.81174910877425","5.63761767674762",9,2244.7374137931,1698.44317241379,"vCTB","LogNormalize","vCTB","author","vCTB","author",-0.11855340045847,-0.112314972605619,-0.571140130553476,-0.0800548935910571,-0.87937911142316,-0.174456460826635,NA,NA,-0.0800548935910571,"Endothelial","N5",2.15702115399133,0.915085735133163,2244.7374137931,1698.44317241379,"vCTB"
"W9_GATTCAGGTCACAGCG","W9",2782,1434,"W9","4416.07383783784","5116.34902702703","FIB2","FIB2","slidetags",5161,1423,"Fibroblast2",1,0,0,0,0,0,0,0,0,0,0,0,0,0,0,0,0,1,"11.24688755657","-4.48630467127484",9,4416.07383783784,5116.34902702703,"FIB2","LogNormalize","FIB2","author","FIB2","author",-0.147796976890589,0.0435960853827877,-0.437510385638051,-0.0428554172894644,1.62109810379465,-0.0879714495353373,NA,NA,1.62109810379465,"Fibroblast","N5",1.38937997372215,0.853976650857351,4416.07383783784,5116.34902702703,"FIB2"
"W9_GATTGGCGTTTCGCGC","W9",4178,1936,"W9","4238.3508","1770.99095","Endothelial","Endothelial","slidetags",5302,1907,"Endothelial_cells",0,0,0,0,1,0,0,0,0,0,0,0,0,0,0,0,0,1,"10.1378024735622","4.62979134847004",9,4238.3508,1770.99095,"Endothelial","LogNormalize","Endothelial","author","Endothelial","author",-0.190117399595044,-0.185851557020711,-0.44140656677785,1.03338142336838,-0.497146032462782,-0.0914442616842117,NA,NA,1.03338142336838,"Endothelial","N6",1.36085116823526,0.850966800437796,4238.3508,1770.99095,"Endothelial"
"W9_GATTTGCAGGCTGTGC","W9",11419,3805,"W9","1983.02650666667","4895.22037333333","Endothelial","Endothelial","slidetags",6950,3389,"Endothelial_cells",0,0,0,0,0.999999999999999,0,0,0,0,0,0,0,0,0,0,0,0,0.999999999999999,"10.0195134797267","4.66111668874103",9,1983.02650666667,4895.22037333333,"Endothelial","LogNormalize","Endothelial","author","Endothelial","author",-0.258554266474247,-0.268466759497326,-0.604642553728996,1.29833316800856,-0.651826370069782,-0.193707991034442,NA,NA,1.29833316800856,"Endothelial","N3",2.3334820465655,0.923203210507114,1983.02650666667,4895.22037333333,"Endothelial"
"W9_GCAAGCCTCAACAAGG","W9",6288,2754,"W9","4981.18211428571","4654.30271428571","FIB2","FIB2","slidetags",6199,2711,"Fibroblast2",0.982685806860817,0,0,0,0,0,0,0,0.0173141931391822,0,0,0,0,0,0,0,0,0.982685806860817,"12.3468698182277","-6.77571716974896",9,4981.18211428571,4654.30271428571,"FIB2","LogNormalize","FIB2","author","FIB2","author",0.00975331262613749,-0.270095615636134,-0.425932540592084,-0.071941708924085,1.59980004866697,-0.130112185763712,NA,NA,1.59980004866697,"Fibroblast","N7",2.97702719366232,0.939346953666545,4981.18211428571,4654.30271428571,"FIB2"
"W9_GCAAGCCTCCAGGTCA","W9",15015,5212,"W9","628.739875","4506.408625","vCTB","vCTB","slidetags",6253,3476,"vCTB2",0,0,0,0,0,0,0,0.737270238151813,0,0,0.0569271156253124,0,0,0.205802646222875,0,0,0,0.737270238151813,"-6.41190064762313","3.87664613057453",9,628.739875,4506.408625,"vCTB","LogNormalize","vCTB","author","vCTB","author",-0.0877589809660816,0.247017273746499,-0.579277820025627,-0.0861319739820723,-0.810572229164939,-0.128136445106444,NA,NA,0.247017273746499,"vCTB","N3",0.298583810073187,0.691262313024444,628.739875,4506.408625,"vCTB"
"W9_GCACTTACAGATAGAC","W9",7757,2899,"W9","4055.69161290323","3865.80683870968","vCTB","vCTB","slidetags",6641,2884,"vCTB1",0,0,0,0,0,0,0.369298970477515,0,0,0,0.630701029522485,0,0,0,0,0,0,0.630701029522485,"-6.56356919620711","6.07248505879718",9,4055.69161290323,3865.80683870968,"vCTB","LogNormalize","vCTB","author","vCTB","author",-0.108393716566006,-0.00472538983858861,-0.364723408879088,-0.0881157270454895,-0.65305563753646,-0.166116502409554,NA,NA,-0.00472538983858861,"vCTB","N5",2.15231478315331,0.914720904779278,4055.69161290323,3865.80683870968,"vCTB"
"W9_GCACTTACATCCCTCA","W9",50234,7778,"W9","5584.38769230769","1191.30833846154","STB-progenitor","STB-progenitor","slidetags",5978,2946,"STB",0,0,0,0,0,0.813799671425237,0,0.0334275745936273,0,0,0.13219828769283,0,0,0.0205744662883054,0,0,0,0.813799671425237,"2.49243604327958","2.93571099568683",9,5584.38769230769,1191.30833846154,"STB-progenitor","LogNormalize","STB-progenitor","author","STB-progenitor","author",-0.257904189266723,-0.300345765850438,0.749248042302053,-0.0485367954781113,-0.818361716032101,-0.121426677682991,NA,NA,0.749248042302053,"STB","N4",-0.147964118577239,0.404779277635899,5584.38769230769,1191.30833846154,"STB-progenitor"
"W9_GCAGGACCATTGTCAG","W9",8181,3157,"W9","4286.69505","3589.273125","FIB2","FIB2","slidetags",6677,3116,"Fibroblast2",1,0,0,0,0,0,0,0,0,0,0,0,0,0,0,0,0,1,"11.6076577820949","-4.39158240030926",9,4286.69505,3589.273125,"FIB2","LogNormalize","FIB2","author","FIB2","author",0.168312348380551,-0.149276249270524,-0.598028707388689,-0.0987118338172658,1.45889193226274,-0.0022896469482224,NA,NA,1.45889193226274,"Fibroblast","N5",3.18826507502341,0.944272163443999,4286.69505,3589.273125,"FIB2"
"W9_GCCACACAGCGAGGTG","W9",4245,2253,"W9","1983.00412","4708.18756","FIB1","FIB1","slidetags",5257,2226,"Fibroblast1",0.0660895881805108,0,0,0,0,0,0,0,0,0.933910411819489,0,0,0,0,0,0,0,0.933910411819489,"10.9785483994655","-10.9538201398722",9,1983.00412,4708.18756,"FIB1","LogNormalize","FIB1","author","FIB1","author",0.124083859580637,-0.0691564623559708,-0.472884769029848,0.0783090860542185,1.10979804018923,-0.118277978253388,NA,NA,1.10979804018923,"Fibroblast","N3",0.608010858044486,0.737230937614009,1983.00412,4708.18756,"FIB1"
"W9_GCCACTAAGGATAAAC","W9",15840,4915,"W9","763.749013559322","4933.56023728814","vCTB","vCTB","slidetags",6146,3120,"vCTB3",0,0,0,0,0,0,0,0.354825154421978,0,0,0.0805955035947292,0,0,0.564579341983293,0,0,0,0.564579341983293,"-8.35721362446029","6.06047734547931",9,763.749013559322,4933.56023728814,"vCTB","LogNormalize","vCTB","author","vCTB","author",-0.153883276398413,0.0944716704220638,-0.769383331844125,-0.0444662843255007,-0.869259010833321,-0.115238917712788,NA,NA,0.0944716704220638,"vCTB","N5",1.67846625565289,0.882524626048887,763.749013559322,4933.56023728814,"vCTB"
"W9_GCCATTACAATAGCAA","W9",2549,1206,"W9","3663.32493333333","2837.63653333333","FIB1","FIB1","slidetags",4948,1215,"Fibroblast1",0.143592805498761,0,0,0,0,0,0,0,0.0204667526321044,0.835940441869134,0,0,0,0,0,0,0,0.835940441869134,"10.9280627885036","-11.2943629331462",9,3663.32493333333,2837.63653333333,"FIB1","LogNormalize","FIB1","author","FIB1","author",0.713833276394648,0.0610544419814027,-0.218125123538412,-0.0261571341266759,1.22034354550827,-0.0823708196160438,NA,NA,1.22034354550827,"Fibroblast","N8",1.75988562824623,0.889456402772711,3663.32493333333,2837.63653333333,"FIB1"
"W9_GCCTTGCGTTAGGCTA","W9",10045,3826,"W9","1365.23987741935","2680.98387096774","FIB2","FIB2","slidetags",6911,3728,"Fibroblast2",1,0,0,0,0,0,0,0,0,0,0,0,0,0,0,0,0,1,"12.1141275086574","-5.25827398966473",9,1365.23987741935,2680.98387096774,"FIB2","LogNormalize","FIB2","author","FIB2","author",-0.0349466924885958,-0.322567135965454,-0.636742402222532,-0.120533135439746,1.30138986718198,-0.0616012161499753,NA,NA,1.30138986718198,"Fibroblast","N3",3.01017115822548,0.940441444728201,1365.23987741935,2680.98387096774,"FIB2"
"W9_GCGGTTATCTCCTCTT","W9",19198,4099,"W9","4362.31469421488","2518.06441322314","vCTB","vCTB","slidetags",6291,2261,"EVT3",0,0.0605068216532128,0.133113410287364,0.68233638573793,0,0.124043382321493,0,0,0,0,0,0,0,0,0,0,0,0.68233638573793,"-3.82414258335311","5.18262967397052",9,4362.31469421488,2518.06441322314,"vCTB","LogNormalize","vCTB","author","vCTB","author",0.269367640971823,0.974077395694746,-0.605605079813897,-0.0419036351831502,-0.697750127776872,-0.134815279290824,NA,NA,0.974077395694746,"vCTB","N4",2.19872604321435,0.917274717256476,4362.31469421488,2518.06441322314,"vCTB"
"W9_GCGGTTGGTACCGTAA","W9",2573,1262,"W9","959.960428571429","2933.58842857143","FIB1","FIB1","slidetags",4937,1269,"Fibroblast1",0.0821480935081031,0,0,0,0,0,0,0,0,0.917851906491897,0,0,0,0,0,0,0,0.917851906491897,"11.188369146841","-11.7113570279948",9,959.960428571429,2933.58842857143,"FIB1","LogNormalize","FIB1","author","FIB1","author",0.517427194254331,0.0409466288015043,-0.231496738863312,-0.0391304163392279,0.525642623402415,-0.0973733600839631,NA,NA,0.525642623402415,"Fibroblast","N8",0.832330993299929,0.772984312294783,959.960428571429,2933.58842857143,"FIB1"
"W9_GCTAGCGGTGCATTTC","W9",5937,2674,"W9","697.243475609756","4797.01517073171","Endothelial","Endothelial","slidetags",5885,2638,"Endothelial_cells",0,0,0,0,1,0,0,0,0,0,0,0,0,0,0,0,0,1,"10.1779092469386","4.57130393315632",9,697.243475609756,4797.01517073171,"Endothelial","LogNormalize","Endothelial","author","Endothelial","author",-0.232703348797902,-0.271787337393459,-0.510948953402825,0.799399556069411,-0.384565332552945,-0.150681698246122,NA,NA,0.799399556069411,"Endothelial","N5",2.11984791123957,0.912805545421379,697.243475609756,4797.01517073171,"Endothelial"
"W9_GCTCTGGCATTGGGAG","W9",2667,1742,"W9","2870.81790909091","3557.17718181818","FIB2","FIB2","slidetags",5118,1735,"Fibroblast2",0.968466700954907,0,0,0,0,0,0,0,0.0315332990450932,0,0,0,0,0,0,0,0,0.968466700954907,"11.6106494584255","-5.85389080713909",9,2870.81790909091,3557.17718181818,"FIB2","LogNormalize","FIB2","author","FIB2","author",0.0362025177712283,0.00187786542653595,-0.49266467338986,-0.0497516191110012,1.4250585722115,-0.122374546014519,NA,NA,1.4250585722115,"Fibroblast","N5",1.53780553141184,0.869573148485954,2870.81790909091,3557.17718181818,"FIB2"
"W9_GCTGACCAGATAACCC","W9",6892,2560,"W9","3211.2992","5332.81546666667","Erythroblasts","Erythroblasts","slidetags",6314,2440,"unknown2",0,0,0,0,0.0176325479043974,0,0.0919226157001639,0.0670164183679237,0.823428418027515,0,0,0,0,0,0,0,0,0.823428418027515,"-10.6662060103245","1.88698348332721",9,3211.2992,5332.81546666667,"Erythroblasts","LogNormalize","Erythroblasts","author","Erythroblasts","author",-0.0532133995536393,-0.260484687980989,-0.337338771291675,0.122417640113386,-0.530283564222663,-0.130176501642872,NA,NA,0.122417640113386,"Endothelial","N5",-1.43242348667996,0.214246625319227,3211.2992,5332.81546666667,"Erythroblasts"
"W9_GCTGAGGAGGAACACA","W9",20165,4801,"W9","538.870541176471","4064.86329411765","STB","STB","slidetags",6183,2706,"STB",0,0.0793990554234446,0,0,0,0.920600944576556,0,0,0,0,0,0,0,0,0,0,0,0.920600944576556,"4.50012385036271","3.21479877759296",9,538.870541176471,4064.86329411765,"STB","LogNormalize","STB","author","STB","author",-0.251558693721914,-0.00405319049357467,1.77377013533788,-0.0595263246272461,-0.706911934397557,-0.12069012496896,NA,NA,1.77377013533788,"STB","N3",-0.951023182954073,0.294965341116381,538.870541176471,4064.86329411765,"STB"
"W9_GCTGAGGAGGGCCACT","W9",14687,4513,"W9","2717.71389361702","1709.30587234043","vCTB","vCTB","slidetags",6247,3114,"vCTB2",0,0,0,0,0,0.0131769367914774,0,0.386082735695793,0,0,0.281270135086244,0,0,0.319470192426485,0,0,0,0.386082735695793,"-8.04668343876082","4.62638100911457",9,2717.71389361702,1709.30587234043,"vCTB","LogNormalize","vCTB","author","vCTB","author",-0.072732118093401,0.14565792297552,-0.158952149101961,-0.0595263246272461,-0.907488915393894,-0.111561421893204,NA,NA,0.14565792297552,"vCTB","N5",1.02538793567673,0.804177307551988,2717.71389361702,1709.30587234043,"vCTB"
"W9_GCTGCACAGCTGGAAA","W9",14635,4756,"W9","4964.88531914894","4749.64870212766","FIB2","FIB2","slidetags",6464,3231,"Fibroblast2",1,0,0,0,0,0,0,0,0,0,0,0,0,0,0,0,0,1,"12.2154182114772","-6.8219870633952",9,4964.88531914894,4749.64870212766,"FIB2","LogNormalize","FIB2","author","FIB2","author",0.295860095585891,-0.271744912216904,-0.32430705452458,-0.0880081623696939,2.50538217612731,0.0510141216903724,NA,NA,2.50538217612731,"Fibroblast","N7",2.0238608518072,0.906785844582269,4964.88531914894,4749.64870212766,"FIB2"
"W9_GCTGTGCAGATAGACG","W9",8780,3042,"W9","4478.3058128655","1683.18789473684","vCTB","vCTB","slidetags",6542,3020,"vCTB3",0,0,0,0,0,0,0,0.127103117530306,0,0,0.31540491829066,0,0,0.557491964179034,0,0,0,0.557491964179034,"-8.96749747608382","5.06548842717487",9,4478.3058128655,1683.18789473684,"vCTB","LogNormalize","vCTB","author","vCTB","author",0.0581801198464865,0.598253850222766,-0.276837252631264,-0.0748243104555701,-0.80179483042032,-0.170809849027167,NA,NA,0.598253850222766,"vCTB","N5",0.20061707056506,0.679314118934695,4478.3058128655,1683.18789473684,"vCTB"
"W9_GCTTAAATCATGCATA","W9",7554,2968,"W9","4027.75855855856","3374.47695495495","FIB2","FIB2","slidetags",6612,2932,"Fibroblast2",0.953931327286193,0,0,0,0,0,0,0,0,0,0,0,0,0,0,0.0460686727138071,0,0.953931327286193,"11.5636838593654","-3.95771399210614",9,4027.75855855856,3374.47695495495,"FIB2","LogNormalize","FIB2","author","FIB2","author",0.121796298858437,-0.290565925247067,-0.599451789974054,-0.0890652293267941,0.71673490199194,-0.170017335374343,NA,NA,0.71673490199194,"Fibroblast","N8",1.57169974998141,0.872582998905509,4027.75855855856,3374.47695495495,"FIB2"
"W9_GCTTAACAGTAAACCC","W9",25603,5635,"W9","2671.04914285714","3090.92080952381","vCTB","vCTB","slidetags",6213,3021,"vCTB1",0,0,0,0,0,0,0,0.26603915816914,0,0,0.467439707334168,0,0,0.266521134496692,0,0,0,0.467439707334168,"-8.60702193592269","6.81934603978473",9,2671.04914285714,3090.92080952381,"vCTB","LogNormalize","vCTB","author","vCTB","author",-0.141474021979563,-0.143939960949141,-0.493015630865732,-0.0478480548983727,-0.814043516723518,-0.129367376076874,NA,NA,-0.0478480548983727,"Endothelial","N3",0.953254058055801,0.794418095585553,2671.04914285714,3090.92080952381,"vCTB"
"W9_GCTTACCTCCTCCATA","W9",26690,5715,"W9","2933.93989361702","3368.57568085106","vCTB","vCTB","slidetags",6156,2916,"vCTB3",0,0,0,0,0,0,0,0.203131316262786,0,0,0.379192922216473,0,0,0.417675761520741,0,0,0,0.417675761520741,"-8.5809341749974","6.67270526219684",9,2933.93989361702,3368.57568085106,"vCTB","LogNormalize","vCTB","author","vCTB","author",-0.292216948031915,-0.267627877208296,-0.748062418514555,-0.0528680683322879,-0.873245700427307,-0.138144696799519,NA,NA,-0.0528680683322879,"Endothelial","N5",0.656309095854155,0.743889091572419,2933.93989361702,3368.57568085106,"vCTB"
"W9_GCTTACCTCTCCTCTT","W9",12942,4036,"W9","1122.278275","2287.7105","vCTB","vCTB","slidetags",6544,3177,"vCTB3",0,0,0,0,0,0,0,0.272033810034972,0,0,0.246833761581852,0,0,0.481132428383177,0,0,0,0.481132428383177,"-7.35885012958724","5.80169162083942",9,1122.278275,2287.7105,"vCTB","LogNormalize","vCTB","author","vCTB","author",-0.288678112913016,-0.0435758301114971,-0.654533263882054,-0.113794690293999,-0.75767535716618,-0.183960251516781,NA,NA,-0.0435758301114971,"vCTB","N3",0.725709241094128,0.755198832542868,1122.278275,2287.7105,"vCTB"
"W9_GGAAACTCAACCTGGT","W9",15557,4728,"W9","1985.19241666667","4264.94439583333","vCTB","vCTB","slidetags",6130,3004,"vCTB3",0,0,0,0,0,0,0,0.310882441866107,0,0,0.103881353545556,0,0,0.585236204588337,0,0,0,0.585236204588337,"-8.80580294941146","6.13110217381794",9,1985.19241666667,4264.94439583333,"vCTB","LogNormalize","vCTB","author","vCTB","author",-0.152485174586975,-0.149127570683811,-0.710263167382199,-0.0416656896565716,-0.806312930076732,-0.124170874129632,NA,NA,-0.0416656896565716,"Endothelial","N3",0.272928041945497,0.687431594308647,1985.19241666667,4264.94439583333,"vCTB"
"W9_GGAAACTCATTGTGGC","W9",10106,3616,"W9","2461.4897037037","1927.9327037037","FIB1","FIB1","slidetags",6921,3523,"Fibroblast1",0,0,0,0,0,0,0,0,0,1,0,0,0,0,0,0,0,1,"10.7509797730617","-11.995733172404",9,2461.4897037037,1927.9327037037,"FIB1","LogNormalize","FIB1","author","FIB1","author",0.124586282351735,-0.290213075516308,-0.606007660523455,-0.11506183367907,0.378158619911477,-0.20869277073052,NA,NA,0.378158619911477,"Fibroblast","N5",0.772959697991412,0.76404596862459,2461.4897037037,1927.9327037037,"FIB1"
"W9_GGACGGATCATGGCCA","W9",18184,5192,"W9","2007.59038095238","5230.25707142857","vCTB","vCTB","slidetags",5958,2939,"vCTBp",0,0,0,0,0,0,0.585628555004154,0,0,0,0.400733574609486,0,0,0.0136378703863608,0,0,0,0.585628555004154,"-6.22396672580916","4.24532040883381",9,2007.59038095238,5230.25707142857,"vCTB","LogNormalize","vCTB","author","vCTB","author",-0.146070121855221,0.132512455280348,-0.750411615063611,-0.0491179713820543,-0.848918282522974,-0.137065054662,NA,NA,0.132512455280348,"vCTB","N3",2.56152077129622,0.930226194819409,2007.59038095238,5230.25707142857,"vCTB"
"W9_GGAGTGAGTGGAAGGC","W9",2130,1132,"W9","2555.81006451613","3159.97219354839","Hofbauer cells","Hofbauer cells","slidetags",4753,1212,"myeloid_unknown",0,0,0,0,0,0,0,0,0,0,0,0,0.443220381395971,0,0,0,0.556779618604029,0.556779618604029,"-1.13866973732192","15.0878945284017",9,2555.81006451613,3159.97219354839,"Hofbauer cells","LogNormalize","Hofbauer cells","author","Hofbauer cells","author",-0.154432402782084,0.038126378531349,-0.309015820691263,-0.0358539306171417,0.0732894854984618,-0.103587492014648,NA,NA,0.0732894854984618,"Fibroblast","N3",3.24505668913598,0.944819408974827,2555.81006451613,3159.97219354839,"Hofbauer cells"
"W9_GGCATTAGTGCTAGAC","W9",862,635,"W9","1734.98491666667","5162.678625","STB","STB","slidetags",4604,1593,"STB",0,0.164496098916476,0,0,0,0.835503901083524,0,0,0,0,0,0,0,0,0,0,0,0.835503901083524,"4.64179550792497","2.10012087155658",9,1734.98491666667,5162.678625,"STB","LogNormalize","STB","author","STB","author",-0.178632184507754,-0.183267096159284,0.943339956554985,-0.017041513540153,-0.174603987751546,-0.0221662716169939,NA,NA,0.943339956554985,"STB","N3",-1.68754477276902,0.149215614739146,1734.98491666667,5162.678625,"STB"
"W9_GGCCAACTCGGTTAGT","W9",13890,4305,"W9","4169.55064150943","4033.64667924528","vCTB","vCTB","slidetags",6340,3056,"vCTB1",0,0,0,0,0,0,0,0.234244513511003,0,0,0.399531018443784,0,0,0.366224468045213,0,0,0,0.399531018443784,"-8.65713466022689","6.23736342717487",9,4169.55064150943,4033.64667924528,"vCTB","LogNormalize","vCTB","author","vCTB","author",-0.119376894642089,0.0181192851455779,-0.654498922171792,-0.0844937311210292,-0.753340649129663,-0.139929655921435,NA,NA,0.0181192851455779,"vCTB","N5",2.44015711304566,0.926395476103612,4169.55064150943,4033.64667924528,"vCTB"
"W9_GGCCAGTTCCTTTACG","W9",14827,4499,"W9","602.946334117647","3500.64887058824","FIB2","FIB2","slidetags",6366,2943,"Fibroblast2",0.988407552859446,0,0,0,0,0,0,0,0,0,0,0,0,0,0,0.0115924471405548,0,0.988407552859446,"11.6148961701564","-3.95041552256268",9,602.946334117647,3500.64887058824,"FIB2","LogNormalize","FIB2","author","FIB2","author",-0.0247903168911353,-0.127702763796167,-0.562907037515508,-0.105500470963007,2.55782083598884,-0.134007706139454,NA,NA,2.55782083598884,"Fibroblast","N3",2.71985701692115,0.933783290769792,602.946334117647,3500.64887058824,"FIB2"
"W9_GGCCATCAGGCCAATT","W9",529,412,"W9","4348.06493333333","3626.54266666667","Endothelial","Endothelial","slidetags",4064,1983,"Endothelial_cells",0,0.0612549394458306,0.0352313759990274,0,0.273350941464707,0.041370302910276,0.148386264123806,0.0628302722340622,0.237195927056176,0.140379976766114,0,0,0,0,0,0,0,0.273350941464707,"11.1448596635036","3.7044497423299",9,4348.06493333333,3626.54266666667,"Endothelial","LogNormalize","Endothelial","author","Endothelial","author",0.179092638521815,-0.0698267194505071,-0.0198883210609343,0.763381053883226,0.209371987456732,-0.0427627967185601,NA,NA,0.763381053883226,"Endothelial","N5",0.911153817165315,0.78684786574243,4348.06493333333,3626.54266666667,"Endothelial"
"W9_GGCCTCTGTGTGCACG","W9",8341,3079,"W9","3626.56908571429","1946.84325714286","vCTB","vCTB","slidetags",6572,3053,"vCTB3",0,0,0,0,0,0,0,0.129301150454141,0,0,0.269990126832292,0,0,0.600708722713567,0,0,0,0.600708722713567,"-8.88502086017806","5.58681210805256",9,3626.56908571429,1946.84325714286,"vCTB","LogNormalize","vCTB","author","vCTB","author",-0.0247336458463398,-0.00450635015282164,-0.440937153422177,-0.0848643373234004,-0.760494226857789,-0.15494967849785,NA,NA,-0.00450635015282164,"vCTB","N5",0.282713533866149,0.688799708135717,3626.56908571429,1946.84325714286,"vCTB"
"W9_GGCGATACAACCGCCA","W9",11435,4086,"W9","1428.74432","2550.37991111111","vCTB","vCTB","slidetags",6897,3685,"vCTB3",0,0,0,0,0,0,0,0.317158113262611,0,0,0.109885927298897,0,0,0.572955959438492,0,0,0,0.572955959438492,"-7.55283320759017","4.78365334798175",9,1428.74432,2550.37991111111,"vCTB","LogNormalize","vCTB","author","vCTB","author",-0.178324075571635,-0.177042254894265,-0.737616174044891,-0.0926575696012379,-0.780294487578331,-0.181284961473145,NA,NA,-0.0926575696012379,"Endothelial","N3",0.285568438649558,0.689255746078074,1428.74432,2550.37991111111,"vCTB"
"W9_GGCGATACAGTAATAG","W9",8748,3608,"W9","946.371496551724","4676.8784137931","vCTB","vCTB","slidetags",6616,3577,"vCTB2",0,0,0,0,0,0,0,0.376362343243045,0,0,0.297232338874373,0,0,0.326405317882582,0,0,0,0.376362343243045,"-8.90061534259993","6.24324807454425",9,946.371496551724,4676.8784137931,"vCTB","LogNormalize","vCTB","author","vCTB","author",-0.313869188450267,-0.180332801502246,-0.625025225458778,-0.0759866622634561,-0.841842597687048,-0.172018152950287,NA,NA,-0.0759866622634561,"Endothelial","N5",1.92720336234721,0.900674936154688,946.371496551724,4676.8784137931,"vCTB"
"W9_GGCGTTATCACAGACT","W9",7210,2933,"W9","2365.15133333333","2743.46166666667","Hofbauer cells","Hofbauer cells","slidetags",6604,2909,"myeloid_unknown",0,0,0,0,0,0,0,0,0,0,0,0,0.454328380071222,0,0,0,0.545671619928778,0.545671619928778,"-0.510951586706227","13.2982769899495",9,2365.15133333333,2743.46166666667,"Hofbauer cells","LogNormalize","Hofbauer cells","author","Hofbauer cells","author",-0.236537889961981,-0.296834053988841,-0.519267031207995,0.192632480427156,-0.723770533727856,-0.182246787032862,NA,NA,0.192632480427156,"Endothelial","N3",3.41118837250458,0.946643560744254,2365.15133333333,2743.46166666667,"Hofbauer cells"
"W9_GGCTAGACAGCTAATT","W9",1625,756,"W9","2443.66457142857","3809.26514285714","vCTB","vCTB","slidetags",4671,1100,"vCTB2",0,0,0,0,0,0,0,0.716185669159592,0,0,0.0197035988066658,0,0,0.264110732033742,0,0,0,0.716185669159592,"-8.24083388660628","3.56208667088825",9,2443.66457142857,3809.26514285714,"vCTB","LogNormalize","vCTB","author","vCTB","author",0.243184874905035,0.565345764023124,-0.0355620589581798,-0.0187873210769917,-0.364082205840556,-0.0694101008859606,NA,NA,0.565345764023124,"vCTB","N4",0.563722117394587,0.730116745713243,2443.66457142857,3809.26514285714,"vCTB"
"W9_GGCTAGTGTGCAATAT","W9",17471,5300,"W9","2717.8265","2807.2515","vCTB","vCTB","slidetags",5931,3022,"vCTBp",0,0,0,0,0,0,0.515345779900601,0,0.0178345816999827,0,0.466819638399417,0,0,0,0,0,0,0.515345779900601,"-6.75966418598372","6.47652921010334",9,2717.8265,2807.2515,"vCTB","LogNormalize","vCTB","author","vCTB","author",-0.264338281158616,-0.144315255300123,-0.728740377867089,-0.0653654594916828,-0.800434760609523,-0.12237250790723,NA,NA,-0.0653654594916828,"Endothelial","N3",1.03071721664661,0.805089383436702,2717.8265,2807.2515,"vCTB"
"W9_GGCTATGTCACGCATG","W9",13219,4530,"W9","2818.35882758621","3976.21686206897","vCTB","vCTB","slidetags",6506,3466,"vCTB3",0,0,0,0,0,0,0,0.362355800932168,0,0,0.117695247944669,0,0,0.519948951123163,0,0,0,0.519948951123163,"-8.45746291492659","6.57730254460651",9,2818.35882758621,3976.21686206897,"vCTB","LogNormalize","vCTB","author","vCTB","author",-0.285822953875489,-0.261426762852028,-0.677396818524495,-0.110174974194548,-0.76945752860805,-0.205822999688072,NA,NA,-0.110174974194548,"Endothelial","N8",0.360064008245601,0.700109449106166,2818.35882758621,3976.21686206897,"vCTB"
"W9_GGCTATGTCGGTTAGT","W9",3461,2132,"W9","2322.38028571429","5660.11757142857","EVT","EVT","slidetags",5423,2106,"EVT2",0,0.0136211099207652,0.823874229360035,0.147933081751429,0,0,0,0,0.0145715789677706,0,0,0,0,0,0,0,0,0.823874229360035,"-3.07858694408614","3.94870147038776",9,2322.38028571429,5660.11757142857,"EVT","LogNormalize","EVT","author","EVT","author",-0.0352627646001356,0.412855840291404,-0.561228213319563,0.0933691263559639,-0.618032508586556,-0.0937917622862599,NA,NA,0.412855840291404,"vCTB","N4",1.29607452977153,0.842940532652317,2322.38028571429,5660.11757142857,"EVT"
"W9_GGGCAATAGTTTGTCT","W9",770,574,"W9","1526.71757575758","3485.86503030303","EVT-progenitor","EVT-progenitor","slidetags",4305,1751,"EVT2",0,0,1,0,0,0,0,0,0,0,0,0,0,0,0,0,0,1,"-3.51534546230513","2.45000442792255",9,1526.71757575758,3485.86503030303,"EVT-progenitor","LogNormalize","EVT-progenitor","author","EVT-progenitor","author",0.240829161064197,1.25825339536593,0.237327697416097,-0.0200800537356606,-0.181354391835536,-0.0610495432952901,NA,NA,1.25825339536593,"vCTB","N8",0.675946806866226,0.746898941991974,1526.71757575758,3485.86503030303,"EVT-progenitor"
"W9_GGGCGAATCATAGCCG","W9",1641,985,"W9","2346.10441666667","1234.3278","vCTB","vCTB","slidetags",4693,1299,"STB",0,0.0607273979623142,0,0,0,0.578957847656985,0.206655647124789,0.0773077057130952,0.0763514015428165,0,0,0,0,0,0,0,0,0.578957847656985,"-9.43994773243148","2.21417292882282",9,2346.10441666667,1234.3278,"vCTB","LogNormalize","vCTB","author","vCTB","author",-0.152629518200622,-0.189445764195352,0.855846926608865,-0.0183365260238316,-0.378984722670746,-0.0699020354768406,NA,NA,0.855846926608865,"STB","N5",-0.710837140107678,0.324790222546516,2346.10441666667,1234.3278,"vCTB"
"W9_GGGCGAATCATTAGTG","W9",10097,4055,"W9","1194.73367352941","4428.40114705882","FIB2","FIB2","slidetags",6893,3967,"Fibroblast2",0.97487037870431,0,0,0,0,0,0,0,0.0251296212956902,0,0,0,0,0,0,0,0,0.97487037870431,"11.9773143449001","-5.65611496637982",9,1194.73367352941,4428.40114705882,"FIB2","LogNormalize","FIB2","author","FIB2","author",-0.00406413638323022,-0.363644268669125,-0.674777653432761,-0.110493108571915,1.13187150206821,-0.185183858737455,NA,NA,1.13187150206821,"Fibroblast","N8",2.84423825712561,0.936610726012404,1194.73367352941,4428.40114705882,"FIB2"
"W9_GGGTCAACACATAACT","W9",20642,4833,"W9","1969.84636065574","4095.88878688525","vCTB","vCTB","slidetags",6188,2750,"vCTB3",0,0,0,0,0,0,0,0.155175319547173,0,0,0.384198213597063,0,0,0.460626466855763,0,0,0,0.460626466855763,"-9.16377509449202","6.60063561726886",9,1969.84636065574,4095.88878688525,"vCTB","LogNormalize","vCTB","author","vCTB","author",-0.132597773543213,-0.0275542630416137,-0.57158091918993,-0.0360645003187135,-0.810680383685243,-0.124673637353677,NA,NA,-0.0275542630416137,"vCTB","N3",1.20076458814051,0.830627508208683,1969.84636065574,4095.88878688525,"vCTB"
"W9_GGTACTAGTGACATAT","W9",24089,5864,"W9","3675.73643076923","849.865775384615","FIB2","FIB2","slidetags",6356,3059,"Fibroblast2",0.960326648051613,0,0,0,0,0,0,0,0,0,0,0,0,0,0,0.0396733519483866,0,0.960326648051613,"12.6118682542018","-5.58664503763836",9,3675.73643076923,849.865775384615,"FIB2","LogNormalize","FIB2","author","FIB2","author",0.158787269451702,-0.295116097421636,-0.568986912563158,-0.0917080673199334,1.38860982762711,-0.0219913599588208,NA,NA,1.38860982762711,"Fibroblast","N3",2.45805055042757,0.927033929222911,3675.73643076923,849.865775384615,"FIB2"
"W9_GGTACTTAGTAACGGA","W9",9076,3402,"W9","4018.53054545455","1021.69671818182","FIB2","FIB2","slidetags",6661,3350,"Fibroblast2",0.964220000054291,0,0,0,0,0,0,0,0,0,0,0,0,0,0,0.0357799999457086,0,0.964220000054291,"12.4549144425563","-5.38027659128826",9,4018.53054545455,1021.69671818182,"FIB2","LogNormalize","FIB2","author","FIB2","author",0.0249242710557395,-0.152222153449987,-0.608531115091555,-0.0827502034092003,0.78315248760745,-0.174534121795537,NA,NA,0.78315248760745,"Fibroblast","N3",0.76931059987935,0.763042685151405,4018.53054545455,1021.69671818182,"FIB2"
"W9_GGTATGTTCCGGCTAA","W9",9048,3295,"W9","4174.45854545455","4041.74233333333","vCTB","vCTB","slidetags",6637,3266,"vCTB1",0,0,0,0,0,0,0,0.215483761787638,0,0,0.422953334294937,0,0,0.361562903917425,0,0,0,0.422953334294937,"-9.06177390430648","6.05897912312824",9,4174.45854545455,4041.74233333333,"vCTB","LogNormalize","vCTB","author","vCTB","author",-0.122722548394138,0.0208687583814444,-0.671482360811738,-0.0782060810284422,-0.764002755592659,-0.155441194036567,NA,NA,0.0208687583814444,"vCTB","N5",-0.25227965957393,0.390642101422838,4174.45854545455,4041.74233333333,"vCTB"
"W9_GGTCAAGCATTAGCGC","W9",10212,3777,"W9","2417.26040625","2045.5375625","FIB1","FIB1","slidetags",6973,3654,"Fibroblast1",0,0,0,0,0,0,0,0,0,1,0,0,0,0,0,0,0,1,"10.4248031296901","-12.0405673093669",9,2417.26040625,2045.5375625,"FIB1","LogNormalize","FIB1","author","FIB1","author",0.405421848467743,-0.292567309644054,-0.671681065557072,-0.120714170103765,0.39294577209787,-0.204322749206765,NA,NA,0.405421848467743,"EVT","N8",1.32687880471935,0.846315213425757,2417.26040625,2045.5375625,"FIB1"
"W9_GGTCTTGAGTTTCCTG","W9",12168,3876,"W9","2569.17242857143","5305.494","Hofbauer cells","Hofbauer cells","slidetags",6891,3318,"myeloid_unknown",0,0,0,0,0,0,0,0,0,0,0,0,0.42337529151671,0,0,0,0.57662470848329,0.57662470848329,"-0.386210300666875","12.9901648454793",9,2569.17242857143,5305.494,"Hofbauer cells","LogNormalize","Hofbauer cells","author","Hofbauer cells","author",-0.266542980285854,-0.273670767946704,-0.581385149132348,-0.143283402993552,-0.634911808619916,0.03637789775808,NA,NA,0.03637789775808,"Macrophage","N5",2.05396783067417,0.90815395840934,2569.17242857143,5305.494,"Hofbauer cells"
"W9_GGTGTCCAGGACTTAC","W9",18032,4954,"W9","3659.33994444444","2720.94522222222","vCTB","vCTB","slidetags",5996,2814,"vCTB3",0,0,0,0,0,0,0,0.222851689413723,0,0,0.276224607019009,0,0,0.500923703567268,0,0,0,0.500923703567268,"-8.49963057850081","6.8297372751363",9,3659.33994444444,2720.94522222222,"vCTB","LogNormalize","vCTB","author","vCTB","author",-0.282735154093562,-0.159863705201171,-0.722425501934809,-0.0477176740475898,-0.83442081808043,-0.125113749598166,NA,NA,-0.0477176740475898,"Endothelial","N8",0.573406859363134,0.731849689894199,3659.33994444444,2720.94522222222,"vCTB"
"W9_GGTTAATGTCACAAAT","W9",1749,691,"W9","1778.41557142857","5638.54607142857","STB","STB","slidetags",4804,1001,"STB",0,0,0,0,0,1,0,0,0,0,0,0,0,0,0,0,0,1,"0.304121754424983","2.32630762387592",9,1778.41557142857,5638.54607142857,"STB","LogNormalize","STB","author","STB","author",-0.129692786710633,0.687124470660816,3.36553691878725,-0.0155359313549026,-0.216930100880924,-0.0504750698503022,NA,NA,3.36553691878725,"STB","N8",1.55361890957936,0.871032469901496,1778.41557142857,5638.54607142857,"STB"
"W9_GGTTGCTCAGTAGGAT","W9",11427,3659,"W9","3518.57185542169","5172.12212048193","FIB2","FIB2","slidetags",6889,3239,"Fibroblast2",0.984604623524893,0,0,0,0,0,0,0,0.0153953764751075,0,0,0,0,0,0,0,0,0.984604623524893,"11.1736100831203","-5.18934002588909",9,3518.57185542169,5172.12212048193,"FIB2","LogNormalize","FIB2","author","FIB2","author",0.356562584478053,-0.315455247453974,-0.540678286445234,-0.0934766910317595,2.0146102429023,-0.164776387365078,NA,NA,2.0146102429023,"Fibroblast","N5",2.31298835769488,0.922291134622401,3518.57185542169,5172.12212048193,"FIB2"
"W9_GGTTTGTAGTCGCAAT","W9",19265,5635,"W9","2017.76229906542","4221.03670093458","FIB2","FIB2","slidetags",6106,2988,"Fibroblast2",1,0,0,0,0,0,0,0,0,0,0,0,0,0,0,0,0,1,"12.7772821107082","-6.44067421625775",9,2017.76229906542,4221.03670093458,"FIB2","LogNormalize","FIB2","author","FIB2","author",0.0374772613971319,-0.277972514912339,-0.600921338082995,-0.0753803903595161,0.729363668552764,-0.158306803979281,NA,NA,0.729363668552764,"Fibroblast","N3",1.80064270431773,0.892466253192266,2017.76229906542,4221.03670093458,"FIB2"
"W9_GTAATAGCAAGGTCGA","W9",11579,4321,"W9","3481.38825","1889.51278947368","FIB2","FIB2","slidetags",6971,3814,"Fibroblast2",0.969227404396448,0,0,0,0,0,0,0,0,0,0,0,0,0,0,0.0307725956035514,0,0.969227404396448,"11.854852072256","-4.54943838785809",9,3481.38825,1889.51278947368,"FIB2","LogNormalize","FIB2","author","FIB2","author",0.154951576430804,-0.301958224439629,-0.59773102758592,-0.123809621161832,1.48467541151977,-0.218769239730994,NA,NA,1.48467541151977,"Fibroblast","N5",1.78398836748104,0.891371762130609,3481.38825,1889.51278947368,"FIB2"
"W9_GTACACCCAATCCTGA","W9",16429,4739,"W9","1958.17717241379","3607.47674482759","vCTB","vCTB","slidetags",5989,2764,"vCTB3",0,0,0,0,0,0,0,0.136731550346629,0,0,0.395811605283608,0,0,0.467456844369763,0,0,0,0.467456844369763,"-8.01803172443587","6.60122737218219",9,1958.17717241379,3607.47674482759,"vCTB","LogNormalize","vCTB","author","vCTB","author",-0.275350474132986,-0.0124554489109854,-0.595440691924798,-0.0519185660509834,-0.695357206455473,-0.112569632296124,NA,NA,-0.0124554489109854,"vCTB","N5",1.63553644663378,0.877873039036848,1958.17717241379,3607.47674482759,"vCTB"
"W9_GTAGCCATCTCGCCCA","W9",1057,675,"W9","4933.705","4610.74176923077","vCTB","vCTB","slidetags",4286,1544,"vCTBp",0,0,0,0,0,0.0606876515518194,0.737728273558484,0.127497984172046,0.0278889741184202,0,0.0461971165992299,0,0,0,0,0,0,0.737728273558484,"-9.29259169910628","2.46507272054035",9,4933.705,4610.74176923077,"vCTB","LogNormalize","vCTB","author","vCTB","author",-0.159377682586883,-0.160726001825958,0.317291089960362,-0.0334700363138011,-0.0456502264834682,-0.0403966651493482,NA,NA,0.317291089960362,"STB","N4",0.814280853987164,0.770430499817585,4933.705,4610.74176923077,"vCTB"
"W9_GTAGGAGGTTACAACG","W9",17101,5113,"W9","3250.8287","2538.81152","vCTB","vCTB","slidetags",5872,2886,"vCTBp",0,0,0,0,0,0,0.547943561540821,0,0.0209339022541525,0,0.431122536205027,0,0,0,0,0,0,0.547943561540821,"-6.46831954334456","5.65605887700397",9,3250.8287,2538.81152,"vCTB","LogNormalize","vCTB","author","vCTB","author",-0.0188239102271118,0.112338654821855,-0.716307731719553,-0.0492483522328373,-0.819234197529147,-0.130605637002909,NA,NA,0.112338654821855,"vCTB","N8",1.91434464417487,0.900036483035389,3250.8287,2538.81152,"vCTB"
"W9_GTATTCAAGGGATGCG","W9",1308,745,"W9","1442.47203636364","4531.85990909091","FIB2","FIB2","slidetags",4521,1309,"Fibroblast2",1,0,0,0,0,0,0,0,0,0,0,0,0,0,0,0,0,1,"11.2781909623317","-5.73820582102459",9,1442.47203636364,4531.85990909091,"FIB2","LogNormalize","FIB2","author","FIB2","author",-0.143352718249583,-0.156776035844335,-0.00594794906664342,-0.0412171744284213,0.922368566598902,-0.0458382738025966,NA,NA,0.922368566598902,"Fibroblast","N3",1.94434652235915,0.901951842393287,1442.47203636364,4531.85990909091,"FIB2"
"W9_GTCAATATCCGCATGA","W9",17323,5466,"W9","2946.70392771084","4241.97019277108","FIB2","FIB2","slidetags",5901,2942,"Fibroblast2",0.974581562934288,0,0,0,0,0,0,0,0,0,0,0,0,0,0,0.0254184370657124,0,0.974581562934288,"12.3459438004665","-5.95448914240521",9,2946.70392771084,4241.97019277108,"FIB2","LogNormalize","FIB2","author","FIB2","author",0.0891350237939121,-0.298036190463321,-0.607832444797746,-0.052026130726779,1.78172357157948,0.123496907626966,NA,NA,1.78172357157948,"Fibroblast","N4",1.97148308579951,0.903593578985772,2946.70392771084,4241.97019277108,"FIB2"
"W9_GTCCATTGTCAGGCCA","W9",5867,2517,"W9","3207.49444","2720.3012","Hofbauer cells","Hofbauer cells","slidetags",5855,2479,"myeloid_unknown",0,0,0,0,0,0,0,0,0,0,0,0,0.455732263575146,0,0,0,0.544267736424853,0.544267736424853,"-0.862708874685353","15.2699194841512",9,3207.49444,2720.3012,"Hofbauer cells","LogNormalize","Hofbauer cells","author","Hofbauer cells","author",-0.235639294203361,-0.247159023058966,-0.598659666489683,-0.0656034050182614,-0.502281033161826,-0.134003812231162,NA,NA,-0.0656034050182614,"Endothelial","N3",4.28380910993122,0.972637723458592,3207.49444,2720.3012,"Hofbauer cells"
"W9_GTCCGTAAGGCAATAG","W9",9240,3489,"W9","4678.08333333333","4000.2321","FIB2","FIB2","slidetags",6717,3427,"Fibroblast2",0.999999999999999,0,0,0,0,0,0,0,0,0,0,0,0,0,0,0,0,0.999999999999999,"12.5270427384548","-6.85471525858563",9,4678.08333333333,4000.2321,"FIB2","LogNormalize","FIB2","author","FIB2","author",0.0125887440628061,-0.277175065529033,-0.563497569390461,-0.0899645396081044,1.34193666963373,-0.183905926346127,NA,NA,1.34193666963373,"Fibroblast","N4",1.64664530145131,0.87933236045239,4678.08333333333,4000.2321,"FIB2"
"W9_GTCGCAATCAACAAGG","W9",12939,4188,"W9","4148.24371794872","1604.62797435897","vCTB","vCTB","slidetags",6595,3322,"vCTB3",0,0,0,0,0,0,0,0.197792504352626,0,0,0.311108290860335,0,0,0.491099204787038,0,0,0,0.491099204787038,"-7.9823948225804","5.07481488515216",9,4148.24371794872,1604.62797435897,"vCTB","LogNormalize","vCTB","author","vCTB","author",0.0202827895989524,0.641896336433136,-0.1105000400993,-0.106555258095097,-0.753932971677193,-0.157055492101526,NA,NA,0.641896336433136,"vCTB","N6",0.839004607228653,0.773987595767968,4148.24371794872,1604.62797435897,"vCTB"
"W9_GTCGCAATCGCTAGTG","W9",1343,900,"W9","993.395230769231","3516.8494974359","vCTB","vCTB","slidetags",4729,1394,"vCTB2",0,0,0,0,0,0,0.278941894255313,0.549906794640095,0,0,0.154646929895784,0,0,0.0165043812088093,0,0,0,0.549906794640095,"-7.52440179203231","3.28003415395099",9,993.395230769231,3516.8494974359,"vCTB","LogNormalize","vCTB","author","vCTB","author",0.106861286766168,0.163978241975948,-0.0360926440618755,-0.0186797564011961,-0.253287302779659,-0.0848182090755898,NA,NA,0.163978241975948,"vCTB","N3",1.06001445808798,0.80964976286027,993.395230769231,3516.8494974359,"vCTB"
"W9_GTCTAGCCAAACCCTA","W9",19003,5569,"W9","3747.0316","4182.316","vCTB","vCTB","slidetags",6009,3095,"vCTB1",0,0,0,0,0,0,0.391269143229858,0,0,0,0.608730856770142,0,0,0,0,0,0,0.608730856770142,"-6.40661061619002","6.45266112614948",9,3747.0316,4182.316,"vCTB","LogNormalize","vCTB","author","vCTB","author",-0.282194032030219,-0.176693245082158,-0.597215010790355,-0.0499370928125759,-0.828347546878605,-0.154850709604423,NA,NA,-0.0499370928125759,"Endothelial","N4",0.977483210195773,0.797519153593579,3747.0316,4182.316,"vCTB"
"W9_GTCTATCGTTACGCAA","W9",5525,2221,"W9","3183.2970212766","2425.76204255319","STB","STB","slidetags",5722,2211,"STB",0,0.0593637969396298,0,0,0,0.940636203060371,0,0,0,0,0,0,0,0,0,0,0,0.940636203060371,"4.95941960002702","3.9321895532735",9,3183.2970212766,2425.76204255319,"STB","LogNormalize","STB","author","STB","author",-0.220924343411173,-0.188870775567804,1.78357820844662,-0.0360645003187135,-0.643981522460153,-0.0828230961942765,NA,NA,1.78357820844662,"STB","N8",-0.76528664604503,0.317584823057278,3183.2970212766,2425.76204255319,"STB"
"W9_GTCTATGCACTCGCTC","W9",10140,3804,"W9","4044.80562962963","3716.53814814815","vCTB","vCTB","slidetags",6840,3750,"vCTB3",0,0,0,0,0,0,0,0.372876897261971,0,0,0.0785297770750303,0,0,0.548593325662999,0,0,0,0.548593325662999,"-8.14388335560042","5.49011096288044",9,4044.80562962963,3716.53814814815,"vCTB","LogNormalize","vCTB","author","vCTB","author",-0.308076398941749,-0.111650516274763,-0.649324147663908,-0.0783113658792281,-0.859901663708026,-0.184711715422783,NA,NA,-0.0783113658792281,"Endothelial","N5",1.27872282680973,0.84047792776359,4044.80562962963,3716.53814814815,"vCTB"
"W9_GTGATCAGTTTGCGCC","W9",6224,2706,"W9","4046.90586666667","3956.41506666667","Hofbauer cells","Hofbauer cells","slidetags",6170,2672,"myeloid_unknown",0,0,0,0,0,0,0,0,0,0,0,0,0.427508495773509,0,0,0,0.572491504226491,0.572491504226491,"-0.651778646452015","12.6432639055379",9,4046.90586666667,3956.41506666667,"Hofbauer cells","LogNormalize","Hofbauer cells","author","Hofbauer cells","author",-0.231390116456356,-0.294745496436423,-0.609218766691632,0.0839102753920766,-0.685735611292803,-0.0111315612955295,NA,NA,0.0839102753920766,"Endothelial","N5",1.99952428865331,0.905326523166727,4046.90586666667,3956.41506666667,"Hofbauer cells"
"W9_GTGCTCAAGCGCAATT","W9",14182,3897,"W9","801.074183157895","4063.10162105263","STB","STB","slidetags",6331,2677,"STB",0,0.080686058513473,0,0,0,0.919313941486527,0,0,0,0,0,0,0,0,0,0,0,0.919313941486527,"4.51821219112199","4.74910268117267",9,801.074183157895,4063.10162105263,"STB","LogNormalize","STB","author","STB","author",-0.239840839728116,0.0499743363519322,2.36411945319521,0.205285348437331,-0.681762381106074,-0.123229337439215,NA,NA,2.36411945319521,"STB","N3",-0.218593419211394,0.396205764319591,801.074183157895,4063.10162105263,"STB"
"W9_GTGCTTCTCCTTCTAG","W9",16229,3405,"W9","1518.68191272727","5481.25410909091","STB","STB","slidetags",6216,2010,"STB",0,0,0,0,0,1,0,0,0,0,0,0,0,0,0,0,0,1,"3.60434662486833","3.12535223294574",9,1518.68191272727,5481.25410909091,"STB","LogNormalize","STB","author","STB","author",-0.213320518760793,-0.0786038134999699,1.92727490547176,-0.0420685725347472,-0.60899072002711,-0.108779500053697,NA,NA,1.92727490547176,"STB","N3",-2.27051870906205,0.0319226559649763,1518.68191272727,5481.25410909091,"STB"
"W9_GTGTTCCTCAATCTAG","W9",9542,3693,"W9","3219.90917241379","1618.994","vCTB","vCTB","slidetags",6690,3654,"vCTB3",0,0,0,0,0,0,0,0.403143533611684,0,0,0.190684769728373,0,0,0.406171696659942,0,0,0,0.406171696659942,"-8.94341815326888","5.88777121831257",9,3219.90917241379,1618.994,"vCTB","LogNormalize","vCTB","author","vCTB","author",-0.169231270549816,0.103124702478763,-0.753531426808878,-0.106317312568519,-0.849745851561101,-0.173267529127562,NA,NA,0.103124702478763,"vCTB","N5",0.677388684905974,0.747172564757388,3219.90917241379,1618.994,"vCTB"
"W9_GTTAAGCTCATTCATC","W9",8396,3290,"W9","3819.68569230769","3840.9081025641","Hofbauer cells","Hofbauer cells","slidetags",6706,3253,"Hofbauer cells",0,0,0,0,0,0,0,0,0,0,0,0,0.537189047446199,0,0,0,0.462810952553801,0.537189047446199,"-0.450771310073918","14.3426476411946",9,3819.68569230769,3840.9081025641,"Hofbauer cells","LogNormalize","Hofbauer cells","author","Hofbauer cells","author",-0.267211652771928,-0.181839132940238,-0.475979812557207,0.0467636121162659,-0.688365435501634,0.0565404074153713,NA,NA,0.0565404074153713,"Macrophage","N5",2.19977271915926,0.917365924844947,3819.68569230769,3840.9081025641,"Hofbauer cells"
"W9_GTTAATGTCCTTGAGG","W9",13340,4266,"W9","4384.9467311828","3634.76576344086","FIB1","FIB1","slidetags",6653,3181,"Fibroblast1",0,0,0,0,0,0,0,0,0,1,0,0,0,0,0,0,0,1,"10.57208286907","-12.0571879453532",9,4384.9467311828,3634.76576344086,"FIB1","LogNormalize","FIB1","author","FIB1","author",0.552865329637508,-0.244691104276304,-0.551180359065975,-0.144714400220706,0.43877135605763,-0.198879896890961,NA,NA,0.552865329637508,"EVT","N5",0.749789151655649,0.759668004377964,4384.9467311828,3634.76576344086,"FIB1"
"W9_GTTACCTGTTCGGGAT","W9",13472,4301,"W9","693.615456441718","3418.39294478528","vCTB","vCTB","slidetags",6402,3198,"vCTB2",0,0,0,0,0,0,0,0.58649370205266,0,0,0.0431411342831751,0,0,0.370365163664165,0,0,0,0.58649370205266,"-7.76156533573348","4.55319699574787",9,693.615456441718,3418.39294478528,"vCTB","LogNormalize","vCTB","author","vCTB","author",0.0152131389442778,0.117477325567601,-0.262886765184023,-0.118338812674757,-0.798166192124146,-0.170155048715862,NA,NA,0.117477325567601,"vCTB","N3",1.52782261862306,0.868022619481941,693.615456441718,3418.39294478528,"vCTB"
"W9_GTTACGCCACGAATTT","W9",5391,2158,"W9","3192.50108433735","2435.5086746988","STB","STB","slidetags",5656,2142,"STB",0,0.0400000178925834,0,0,0,0.959999982107416,0,0,0,0,0,0,0,0,0,0,0,0.959999982107416,"3.97738348628801","3.9702115945943",9,3192.50108433735,2435.5086746988,"STB","LogNormalize","STB","author","STB","author",-0.220138425210527,-0.215218422036323,1.26520537853682,0.104546409031683,-0.646753032083698,-0.0752173626851635,NA,NA,1.26520537853682,"STB","N8",-1.89765609074194,0.0994162714337833,3192.50108433735,2435.5086746988,"STB"
"W9_GTTACGCCAGTTGCGT","W9",10560,4690,"W9","2298.44661682243","3918.4721682243","vCTB","vCTB","slidetags",7031,4511,"vCTBp",0,0,0,0,0,0,0.579907296896762,0.239908580837006,0,0,0.164906933634122,0,0,0.0152771886321103,0,0,0,0.579907296896762,"-7.04817784641463","3.23616489697773",9,2298.44661682243,3918.4721682243,"vCTB","LogNormalize","vCTB","author","vCTB","author",-0.129329419264604,-0.120135615825203,-0.734769711677098,-0.103278772373011,-0.78558238899637,-0.23915415951629,NA,NA,-0.103278772373011,"Endothelial","N5",2.68143040564405,0.932871214885078,2298.44661682243,3918.4721682243,"vCTB"
"W9_GTTACTCGTAGGATCC","W9",15427,4059,"W9","2427.63325","5370.5662","Hofbauer cells","Hofbauer cells","slidetags",6418,2643,"Hofbauer cells",0,0,0,0,0,0,0,0,0,0,0,0,0.626151793305776,0,0,0,0.373848206694224,0.626151793305776,"-0.320058309180325","13.0483523302205",9,2427.63325,5370.5662,"Hofbauer cells","LogNormalize","Hofbauer cells","author","Hofbauer cells","author",-0.209171274250305,-0.251315031247752,-0.585330248047227,-0.0722114693132255,-0.677751699065024,-0.121294785130513,NA,NA,-0.0722114693132255,"Endothelial","N5",3.02368489841861,0.94098869025903,2427.63325,5370.5662,"Hofbauer cells"
"W9_GTTGGCCAGTTAGTTG","W9",3151,1403,"W9","4939.4793","3306.6445","Endothelial","Endothelial","slidetags",5255,1387,"Endothelial_cells",0,0,0,0,1,0,0,0,0,0,0,0,0,0,0,0,0,1,"10.2485068955592","4.51606187154132",9,4939.4793,3306.6445,"Endothelial","LogNormalize","Endothelial","author","Endothelial","author",-0.166276197558158,-0.186184520777129,-0.392958724191916,0.815095865125891,-0.376990748467515,-0.115502775959847,NA,NA,0.815095865125891,"Endothelial","N2",2.66451640431655,0.932506384531193,4939.4793,3306.6445,"Endothelial"
"W9_GTTTGCTGTCGTAATG","W9",11450,4175,"W9","2629.434","2114.304","FIB2","FIB2","slidetags",6963,3718,"Fibroblast2",1,0,0,0,0,0,0,0,0,0,0,0,0,0,0,0,0,1,"12.6879275956325","-6.36381998728436",9,2629.434,2114.304,"FIB2","LogNormalize","FIB2","author","FIB2","author",0.00482993946436699,-0.286040622377561,-0.58186045855136,-0.112842908187684,1.81339776788512,-0.0959018419330206,NA,NA,1.81339776788512,"Fibroblast","N8",1.5960455871,0.874863188617293,2629.434,2114.304,"FIB2"
"W9_GTTTGTCGTATTGTCC","W9",2753,1142,"W9","4023.6724","2443.18736","EVT-progenitor","EVT-progenitor","slidetags",5003,1142,"EVT3",0,0,0.0542946409226857,0.945705359077314,0,0,0,0,0,0,0,0,0,0,0,0,0,0.945705359077314,"-3.02940595958907","3.11356791783649",9,4023.6724,2443.18736,"EVT-progenitor","LogNormalize","EVT-progenitor","author","EVT-progenitor","author",1.40330509807715,1.56276841457487,0.488556078505606,-0.0455507271076076,-0.355615202787516,-0.0933291950671792,NA,NA,1.56276841457487,"vCTB","N8",2.35627295389851,0.924024078803356,4023.6724,2443.18736,"EVT-progenitor"
"W9_TAACCTAAGCCACATG","W9",11917,4157,"W9","3232.6517","2832.46083333333","Erythroblasts","Erythroblasts","slidetags",6918,3635,"vCTB2",0,0,0,0,0,0,0.0873538157337643,0.483063671972469,0,0,0.109743497159057,0,0,0.31983901513471,0,0,0,0.483063671972469,"-10.9524656615086","1.99356660176593",9,3232.6517,2832.46083333333,"Erythroblasts","LogNormalize","Erythroblasts","author","Erythroblasts","author",-0.284285848480574,-0.29352625661278,-0.671016799063443,-0.090783661038626,-0.740555068464821,-0.185238576013692,NA,NA,-0.090783661038626,"Endothelial","N3",2.19517801040299,0.917092302079533,3232.6517,2832.46083333333,"Erythroblasts"
"W9_TAAGCCAGTTGTTGGA","W9",10790,4108,"W9","2064.83046511628","1328.73615348837","vCTB","vCTB","slidetags",6950,3939,"vCTB2",0,0,0,0,0,0,0,0.749104137151957,0,0,0.0406002042493382,0,0,0.210295658598704,0,0,0,0.749104137151957,"-6.68086255405623","3.9820695810445",9,2064.83046511628,1328.73615348837,"vCTB","LogNormalize","vCTB","author","vCTB","author",-0.0422898849266058,0.320890962162122,-0.710449846454435,-0.11355674476742,-0.800272870730129,-0.213135375478189,NA,NA,0.320890962162122,"vCTB","N3",1.28946571983295,0.842028456767603,2064.83046511628,1328.73615348837,"vCTB"
"W9_TAAGGACCAAACTCAT","W9",15899,4296,"W9","1326.30726909091","2467.37610909091","vCTB","vCTB","slidetags",6107,2486,"vCTB2",0,0,0,0,0,0,0.361435524462508,0.443010192522425,0,0,0.16770240202738,0,0,0.0278518809876878,0,0,0,0.443010192522425,"-6.3686539015599","2.81700214673359",9,1326.30726909091,2467.37610909091,"vCTB","LogNormalize","vCTB","author","vCTB","author",-0.088844519580824,0.566723173139669,-0.596582388987591,-0.0458665816599652,-0.524790728669628,-0.114724158549065,NA,NA,0.566723173139669,"vCTB","N3",0.920407964462344,0.788307187157972,1326.30726909091,2467.37610909091,"vCTB"
"W9_TAATCACCAGCAACCT","W9",11048,3382,"W9","3034.22403960396","1585.90982178218","Hofbauer cells","Hofbauer cells","slidetags",6804,2992,"Maternal fibroblast",0.00916044498609829,0,0,0,0.000356297010631714,0,0,0,0.17861120343335,0,0,0,0,0,0.81187205456992,0,0,0.81187205456992,"8.67741524364274","4.96908721257526",9,3034.22403960396,1585.90982178218,"Hofbauer cells","LogNormalize","Hofbauer cells","author","Hofbauer cells","author",0.390374314013163,-0.259118723304391,-0.436857234584702,-0.108749580860086,1.30405530016997,0.0173870788115623,NA,NA,1.30405530016997,"Fibroblast","N5",1.93691273288405,0.901313389273988,3034.22403960396,1585.90982178218,"Hofbauer cells"
"W9_TACATCAAGGCCTTAG","W9",20452,5557,"W9","1958.3215483871","5398.39238709677","vCTB","vCTB","slidetags",6104,3158,"vCTB2",0,0,0,0,0,0,0,0.776226569501508,0,0,0.032371414391626,0,0,0.191402016106866,0,0,0,0.776226569501508,"-6.77381671283919","3.96529158879596",9,1958.3215483871,5398.39238709677,"vCTB","LogNormalize","vCTB","author","vCTB","author",-0.170381311329742,0.241249076570036,-0.63662723702058,-0.0612698523390751,-0.86175357297277,-0.138877902652262,NA,NA,0.241249076570036,"vCTB","N8",1.42744424834899,0.85926669098869,1958.3215483871,5398.39238709677,"vCTB"
"W9_TACCGCAAGTTAGCTA","W9",14306,4699,"W9","1485.8721125","3047.22227083333","FIB2","FIB2","slidetags",6514,3276,"Fibroblast2",0.932446117549576,0,0,0,0,0,0,0,0,0,0,0,0,0,0,0.0675538824504245,0,0.932446117549576,"11.3217414536647","-5.34182921122235",9,1485.8721125,3047.22227083333,"FIB2","LogNormalize","FIB2","author","FIB2","author",0.21011392799887,-0.237580138518726,-0.545604053184567,-0.100798591906459,2.33932318499062,-0.118201560848449,NA,NA,2.33932318499062,"Fibroblast","N8",1.75985580251001,0.889365195184239,1485.8721125,3047.22227083333,"FIB2"
"W9_TACGCACCATGAAGTA","W9",7254,3023,"W9","3149.57457142857","1981.96042857143","vCTB","vCTB","slidetags",6599,3002,"vCTB3",0,0,0,0,0,0,0,0.265371541738334,0,0,0.261656489651131,0,0,0.472971968610535,0,0,0,0.472971968610535,"-7.74136126850325","5.06889590550739",9,3149.57457142857,1981.96042857143,"vCTB","LogNormalize","vCTB","author","vCTB","author",-0.00374869500877206,0.257643974291363,-0.407106250822097,-0.071547824733484,-0.780828569527038,-0.178277869194761,NA,NA,0.257643974291363,"vCTB","N5",1.33251048374461,0.847136081721999,3149.57457142857,1981.96042857143,"vCTB"
"W9_TACTGGCCAGGCGAGT","W9",12286,4445,"W9","2205.99980701754","4228.86566666667","vCTB","vCTB","slidetags",6890,3821,"vCTB1",0,0,0,0,0,0,0.417808362441765,0,0.0176394092138154,0,0.56455222834442,0,0,0,0,0,0,0.56455222834442,"-6.77043164585311","6.37178715993244",9,2205.99980701754,4228.86566666667,"vCTB","LogNormalize","vCTB","author","vCTB","author",-0.154080194524448,-0.00849487760691531,-0.692439636725342,-0.126372270304182,-0.773955151400751,-0.192288999427536,NA,NA,-0.00849487760691531,"vCTB","N3",1.49079753500021,0.864830353885443,2205.99980701754,4228.86566666667,"vCTB"
"W9_TAGAGCCGTATTGTCC","W9",7608,3110,"W9","4937.19692086331","4956.92687769784","FIB2","FIB2","slidetags",6638,3069,"Fibroblast2",1,0,0,0,0,0,0,0,0,0,0,0,0,0,0,0,0,1,"12.3246158280544","-6.79817095469159",9,4937.19692086331,4956.92687769784,"FIB2","LogNormalize","FIB2","author","FIB2","author",0.243423302496639,-0.154224274455891,-0.474737822039064,-0.105154960760633,1.55394448163743,-0.156152277726339,NA,NA,1.55394448163743,"Fibroblast","N7",1.28364841630366,0.841207588471361,4937.19692086331,4956.92687769784,"FIB2"
"W9_TAGCCTTGTCAAAGGG","W9",4459,2291,"W9","506.422009756098","4498.58404878049","FIB1","FIB1","slidetags",5324,2259,"Fibroblast1",0.0544250020454231,0,0,0,0,0,0,0,0,0.945574997954577,0,0,0,0,0,0,0,0.945574997954577,"10.898782125967","-11.0637835569255",9,506.422009756098,4498.58404878049,"FIB1","LogNormalize","FIB1","author","FIB1","author",0.651839253793126,-0.0836467230728391,-0.498986560744784,-0.0739631874701616,1.1259475169781,-0.115742115861483,NA,NA,1.1259475169781,"Fibroblast","N3",3.03515533847883,0.941171105435972,506.422009756098,4498.58404878049,"FIB1"
"W9_TAGCGGCTCTTTGAGA","W9",26361,5606,"W9","1733.84912631579","5408.93307894737","STB","STB","slidetags",6425,2839,"STB",0,0,0,0,0,1,0,0,0,0,0,0,0,0,0,0,0,1,"1.11067055846971","2.88122209836322",9,1733.84912631579,5408.93307894737,"STB","LogNormalize","STB","author","STB","author",-0.0328911675477098,1.12438282378769,2.57833460924912,0.0493967569674056,-0.465562623786849,-0.178256169164652,NA,NA,2.57833460924912,"STB","N8",1.56739251551513,0.872218168551623,1733.84912631579,5408.93307894737,"STB"
"W9_TAGGAGGGTTACTAGG","W9",17645,5396,"W9","799.488562264151","4226.70275471698","vCTB","vCTB","slidetags",5887,2976,"vCTBp",0,0,0,0,0,0,0.613046443182569,0,0.0209341057255501,0,0.366019451091881,0,0,0,0,0,0,0.613046443182569,"-6.29404557560164","6.2069436006673",9,799.488562264151,4226.70275471698,"vCTB","LogNormalize","vCTB","author","vCTB","author",-0.137770823040395,-0.014775503846762,-0.717558290675201,-0.0609266219617107,-0.811935145031274,-0.137830555695668,NA,NA,-0.014775503846762,"vCTB","N8",1.33325009329029,0.847227289310471,799.488562264151,4226.70275471698,"vCTB"
"W9_TAGTAACGTGAACAAA","W9",12761,3264,"W9","2138.75921428571","425.917978571429","STB","STB","slidetags",6501,2542,"STB",0,0.0154392707746133,0,0,0,0.984560729225387,0,0,0,0,0,0,0,0,0,0,0,0.984560729225387,"4.46628033305925","4.22781094838459",9,2138.75921428571,425.917978571429,"STB","LogNormalize","STB","author","STB","author",-0.238918289478574,-0.233593927054007,1.24381498097854,0.140591970423872,-0.667167680218336,-0.151289619201832,NA,NA,1.24381498097854,"STB","N5",-0.931541699194526,0.297883983947464,2138.75921428571,425.917978571429,"STB"
"W9_TAGTGAGAGAGAGCCG","W9",8748,3652,"W9","2689.60105","3763.92015","vCTB","vCTB","slidetags",6653,3624,"vCTB3",0,0,0,0,0,0,0,0.37870778624769,0,0,0.0605329058392774,0,0,0.560759307913033,0,0,0,0.560759307913033,"-8.12478602741439","6.15531691838581",9,2689.60105,3763.92015,"vCTB","LogNormalize","vCTB","author","vCTB","author",-0.0808669790489923,0.0502856839225697,-0.627975241435827,-0.0818257971278928,-0.863027211422537,-0.155864624701973,NA,NA,0.0502856839225697,"vCTB","N5",0.302431811792517,0.691809558555272,2689.60105,3763.92015,"vCTB"
"W9_TATAGCCAGGTTTACA","W9",2706,1228,"W9","1527.2184","2292.29733333333","Erythroblasts","Erythroblasts","slidetags",4942,1220,"unknown2",0,0,0,0,0.00181030775804062,0.0579520665676247,0.275368333317962,0.0343873093505772,0.614314919188159,0,0.0161670638176364,0,0,0,0,0,0,0.614314919188159,"-10.8633562407323","1.73610910703022",9,1527.2184,2292.29733333333,"Erythroblasts","LogNormalize","Erythroblasts","author","Erythroblasts","author",-0.136639571715348,0.0582486887954967,-0.371814593189409,-0.0392357011900138,-0.212325686584185,-0.0726626493918219,NA,NA,0.0582486887954967,"vCTB","N3",0.818738361739704,0.770977745348413,1527.2184,2292.29733333333,"Erythroblasts"
"W9_TATCACAAGTGGCGGA","W9",8860,3710,"W9","4178.53675409836","1145.49820874317","vCTB","vCTB","slidetags",6692,3678,"vCTB2",0,0,0,0,0,0,0,0.823449582833269,0,0,0.0861778515739001,0,0,0.090372565592831,0,0,0,0.823449582833269,"-6.5368324599095","3.83028039265949",9,4178.53675409836,1145.49820874317,"vCTB","LogNormalize","vCTB","author","vCTB","author",-0.101164960088058,0.773374625567318,-0.567071458509683,-0.103306148198018,-0.401018420653393,-0.219464720190871,NA,NA,0.773374625567318,"vCTB","N3",1.33357093547641,0.847318496898942,4178.53675409836,1145.49820874317,"vCTB"
"W9_TATGACTCACTTACAG","W9",11035,3718,"W9","5121.75205194805","4709.8614025974","FIB2","FIB2","slidetags",6865,3433,"Fibroblast2",1,0,0,0,0,0,0,0,0,0,0,0,0,0,0,0,0,1,"12.6090072312526","-6.80842819880169",9,5121.75205194805,4709.8614025974,"FIB2","LogNormalize","FIB2","author","FIB2","author",0.190550970470699,-0.317291714929354,-0.63853123791341,-0.104075077628545,1.2884744867416,-0.187703698983664,NA,NA,1.2884744867416,"Fibroblast","N7",3.34965281457473,0.945913900036483,5121.75205194805,4709.8614025974,"FIB2"
"W9_TATGGTCAGAACCTAC","W9",6043,2626,"W9","3614.7848","3556.7352","Hofbauer cells","Hofbauer cells","slidetags",5988,2578,"myeloid_unknown",0,0,0,0,0,0,0,0,0,0,0,0,0.41493642886227,0,0,0,0.585063571137729,0.585063571137729,"-1.18747211311538","14.4611359529622",9,3614.7848,3556.7352,"Hofbauer cells","LogNormalize","Hofbauer cells","author","Hofbauer cells","author",-0.205762578225871,-0.237960027698919,-0.506076905259129,-0.0768882523697762,-0.548708446960313,-0.148218211044288,NA,NA,-0.0768882523697762,"Endothelial","N4",3.71303830501794,0.950474279460051,3614.7848,3556.7352,"Hofbauer cells"
"W9_TATTACCTCTTAATGG","W9",10879,3851,"W9","3858.66951351351","1962.33075675676","vCTB","vCTB","slidetags",6880,3646,"vCTB3",0,0,0,0,0,0,0,0.375768767531961,0,0,0.104108376543961,0,0,0.520122855924078,0,0,0,0.520122855924078,"-8.32238734577376","5.50203189183551",9,3858.66951351351,1962.33075675676,"vCTB","LogNormalize","vCTB","author","vCTB","author",-0.191656600749635,0.0959102991579911,-0.222053473746407,-0.0827502034092003,-0.650192938812615,-0.189127699656879,NA,NA,0.0959102991579911,"vCTB","N5",0.777204059723994,0.764593214155418,3858.66951351351,1962.33075675676,"vCTB"
"W9_TATTAGGTCATCGTTT","W9",14997,4544,"W9","3522.45683333333","4416.60706666667","vCTB","vCTB","slidetags",6285,3095,"vCTB1",0,0,0,0,0,0,0,0.198911994988201,0,0,0.74913980985795,0,0,0.0519481951538489,0,0,0,0.74913980985795,"-8.41837371204574","6.44429930974323",9,3522.45683333333,4416.60706666667,"vCTB","LogNormalize","vCTB","author","vCTB","author",-0.277377103581924,-0.273128668816724,-0.544115376782816,-0.059050433574089,-0.788757357932896,-0.126636719164808,NA,NA,-0.059050433574089,"Endothelial","N5",0.607254626738886,0.737048522437067,3522.45683333333,4416.60706666667,"vCTB"
"W9_TATTTGGAGGCCTAAT","W9",10340,3462,"W9","3397.5003","4338.89005","FIB2","FIB2","slidetags",6870,3338,"Fibroblast2",1,0,0,0,0,0,0,0,0,0,0,0,0,0,0,0,0,1,"11.6089833893947","-4.43884125422161",9,3397.5003,4338.89005,"FIB2","LogNormalize","FIB2","author","FIB2","author",0.211907527914972,-0.291593393054099,-0.634302253701695,-0.0945337579888596,2.07383327409492,-0.1692342954103,NA,NA,2.07383327409492,"Fibroblast","N5",0.398699934191357,0.705673112002919,3397.5003,4338.89005,"FIB2"
"W9_TCAAGGAAGAAAGGAA","W9",2448,653,"W9","5048.48061674009","3597.22582378855","STB","STB","slidetags",5175,696,"STB",0,0,0,0,0,0.979551794165521,0,0.0204482058344796,0,0,0,0,0,0,0,0,0,0.979551794165521,"0.197848103301937","2.03573498059589",9,5048.48061674009,3597.22582378855,"STB","LogNormalize","STB","author","STB","author",-0.0873974274283441,0.244691879575604,3.70415548586886,0.199985634375326,-0.220699318978245,-0.0468462866799837,NA,NA,3.70415548586886,"STB","N1",1.52559455345213,0.867657789128055,5048.48061674009,3597.22582378855,"STB"
"W9_TCAGGAGCAGGCTTGT","W9",223,204,"W9","2456.7785","2660.20342857143","STB","STB","slidetags",4151,2438,"STB",0,0.0147702798291943,0,0,0,0.628560864457348,0.258692027955224,0.0871414160307265,0.00557857922098004,0,0.00525683250652661,0,0,0,0,0,0,0.628560864457348,"-2.45576442096907","-8.70825567911785",9,2456.7785,2660.20342857143,"STB","LogNormalize","STB","author","STB","author",0.2890026151327,0.349410487692026,0.0590583331994371,-0.00782060810284422,-0.210812860704151,-0.0469531160013867,NA,NA,0.349410487692026,"vCTB","N3",1.42125243844732,0.858172199927034,2456.7785,2660.20342857143,"STB"
"W9_TCAGGTTAGCTTCTCA","W9",11482,3889,"W9","2655.02327272727","1455.57487272727","Endothelial","Endothelial","slidetags",6946,3474,"Endothelial_cells",0,0,0,0,1,0,0,0,0,0,0,0,0,0,0,0,0,1,"10.5440286317043","4.05134066869098",9,2655.02327272727,1455.57487272727,"Endothelial","LogNormalize","Endothelial","author","Endothelial","author",0.358349688192379,-0.297701488740982,-0.569337243716173,0.682324502804863,1.10188458600171,-0.184037934993016,NA,NA,1.10188458600171,"Fibroblast","N5",0.124285810244385,0.672747172564757,2655.02327272727,1455.57487272727,"Endothelial"
"W9_TCAGTGAGTAATGACT","W9",2573,1240,"W9","1733.15955882353","2379.66616666667","Erythroblasts","Erythroblasts","slidetags",4958,1237,"vCTBp",0,0,0,0,0,0,0.76284040404749,0.160098107356049,0.0393051037191968,0,0.0377563848772649,0,0,0,0,0,0,0.76284040404749,"-10.1648041090794","1.6313752823003",9,1733.15955882353,2379.66616666667,"Erythroblasts","LogNormalize","Erythroblasts","author","Erythroblasts","author",-0.112577299039473,-0.171773351756795,0.00147048905936092,-0.0557785075020223,-0.412366376354947,-0.090366551931518,NA,NA,0.00147048905936092,"STB","N3",1.66757252208498,0.881247719810288,1733.15955882353,2379.66616666667,"Erythroblasts"
"W9_TCATTACTCTGTTCAT","W9",16007,4261,"W9","629.909091666667","3447.0235","Hofbauer cells","Hofbauer cells","slidetags",6355,2727,"myeloid_unknown",0,0,0,0,0,0,0,0,0,0,0,0,0.491827088050131,0,0,0,0.508172911949869,0.508172911949869,"-0.542522736532277","14.3978415422567",9,629.909091666667,3447.0235,"Hofbauer cells","LogNormalize","Hofbauer cells","author","Hofbauer cells","author",-0.217390180017612,-0.294583147417451,-0.618206670155688,-0.0645212420611642,-0.690452567642805,-0.0221663765603443,NA,NA,-0.0221663765603443,"Macrophage","N3",3.60162686798194,0.94837650492521,629.909091666667,3447.0235,"Hofbauer cells"
"W9_TCCGGTAAGCTTGCTC","W9",18157,5266,"W9","2271.87558333333","5467.74258333333","vCTB","vCTB","slidetags",5937,3003,"vCTB3",0,0,0,0,0,0,0,0.433961265794186,0,0,0.0469129465283346,0,0,0.51912578767748,0,0,0,0.51912578767748,"-7.85744489048201","5.05058583546955",9,2271.87558333333,5467.74258333333,"vCTB","LogNormalize","vCTB","author","vCTB","author",-0.159931082699454,-0.164230082610684,-0.455092649699174,-0.0564877844317385,-0.869566635274992,-0.132288019941179,NA,NA,-0.0564877844317385,"Endothelial","N5",1.26420764597139,0.838562568405691,2271.87558333333,5467.74258333333,"vCTB"
"W9_TCCGGTAAGTGAGCAA","W9",11693,4442,"W9","4788.09046728972","3243.36134579439","vCTB","vCTB","slidetags",7022,4016,"vCTBp",0,0,0,0,0,0,0.698708141402866,0,0.0139363099924437,0,0.278504632395958,0,0,0.00885091620873231,0,0,0,0.698708141402866,"-6.57571280811507","5.4395948343404",9,4788.09046728972,3243.36134579439,"vCTB","LogNormalize","vCTB","author","vCTB","author",-0.196156447747481,0.19446321885847,-0.548759505788614,-0.126479834979978,-0.753131262151339,-0.233238449340558,NA,NA,0.19446321885847,"vCTB","N3",1.45793109621781,0.861455673112003,4788.09046728972,3243.36134579439,"vCTB"
"W9_TCCGGTTTCACTAGGT","W9",23186,4148,"W9","1855.04526315789","5651.90845614035","STB","STB","slidetags",6300,2211,"STB",0,0,0,0,0,1,0,0,0,0,0,0,0,0,0,0,0,1,"3.63711988117021","3.27331027318317",9,1855.04526315789,5651.90845614035,"STB","LogNormalize","STB","author","STB","author",-0.198826942087863,-0.236667173825766,1.63507065978131,0.0975449223593604,-0.652676326663625,-0.107862618149095,NA,NA,1.63507065978131,"STB","N8",-0.487878938554794,0.355344764684422,1855.04526315789,5651.90845614035,"STB"
"W9_TCCTCACAGCTAAAGG","W9",13557,4681,"W9","1285.72554426229","5665.91295081967","vCTB","vCTB","slidetags",6391,3428,"vCTB2",0,0,0,0,0,0,0,0.418614654884127,0,0,0.196532261018045,0,0,0.384853084097828,0,0,0,0.418614654884127,"-7.78162539814193","5.77715501118976",9,1285.72554426229,5665.91295081967,"vCTB","LogNormalize","vCTB","author","vCTB","author",-0.0513089413144062,-0.0687987968386428,-0.684299071914214,-0.130598258307573,-0.831242706535888,-0.187565593536562,NA,NA,-0.0513089413144062,"EVT","N8",0.783552983532029,0.765778912805545,1285.72554426229,5665.91295081967,"vCTB"
"W9_TCCTTAGTCATGCTTT","W9",21577,5233,"W9","4343.21679518072","1815.68942168675","vCTB","vCTB","slidetags",6170,2955,"vCTB3",0,0,0,0,0,0,0,0.194185106395751,0,0,0.221470971816114,0,0,0.584343921788136,0,0,0,0.584343921788136,"-8.76330626819808","5.88965806294757",9,4343.21679518072,1815.68942168675,"vCTB","LogNormalize","vCTB","author","vCTB","author",-0.308109721730885,-0.140081222754981,-0.465144272056531,-0.0562498389051599,-0.819420590440389,-0.150324024647964,NA,NA,-0.0562498389051599,"Endothelial","N5",1.20384654695689,0.83108354615104,4343.21679518072,1815.68942168675,"vCTB"
"W9_TCCTTTACATACTCCT","W9",14510,4127,"W9","2368.21177142857","690.416897142857","FIB1","FIB1","slidetags",6465,2831,"Fibroblast1",0,0,0,0,0,0,0,0,0.0222333923570782,0.977766607642921,0,0,0,0,0,0,0,0.977766607642921,"10.6472333588771","-11.8681878156535",9,2368.21177142857,690.416897142857,"FIB1","LogNormalize","FIB1","author","FIB1","author",0.251052214368326,-0.217656108220044,-0.58094546168478,-0.0941905276114951,0.44085045926538,-0.12063915997386,NA,NA,0.44085045926538,"Fibroblast","N5",1.78519800899134,0.891462969719081,2368.21177142857,690.416897142857,"FIB1"
"W9_TCGCGAGGTCATAGAT","W9",6229,2590,"W9","4104.96033333333","2458.08728571429","EVT","EVT","slidetags",6168,2555,"EVT2",0,0,0.649931076749055,0.350068923250945,0,0,0,0,0,0,0,0,0,0,0,0,0,0.649931076749055,"-3.58341348980147","4.91672763158161",9,4104.96033333333,2458.08728571429,"EVT","LogNormalize","EVT","author","EVT","author",0.171180219519553,0.254487356520963,-0.576693202135583,-0.0667406608261503,-0.511550360566128,-0.163425909068363,NA,NA,0.254487356520963,"vCTB","N8",2.1614806467713,0.915450565487049,4104.96033333333,2458.08728571429,"EVT"
"W9_TCGCGCACACATTAAC","W9",12485,4142,"W9","3624.91302857143","1594.21571428571","vCTB","vCTB","slidetags",6686,3418,"vCTB3",0,0,0,0,0,0,0,0.170196006780101,0,0,0.171051123800179,0,0,0.658752869419721,0,0,0,0.658752869419721,"-8.89694465015609","5.9896641664632",9,3624.91302857143,1594.21571428571,"vCTB","LogNormalize","vCTB","author","vCTB","author",-0.128859021305657,-0.133991541369288,-0.698937809898886,-0.125921475251022,-0.660214540492456,-0.177300762844823,NA,NA,-0.125921475251022,"Endothelial","N5",1.33669796694186,0.84786574242977,3624.91302857143,1594.21571428571,"vCTB"
"W9_TCGCTAACAACAGCCT","W9",12499,4425,"W9","1007.58468051948","3447.09223376623","vCTB","vCTB","slidetags",6788,3726,"vCTBp",0,0,0,0,0,0,0.689350884199148,0,0,0,0.30085037564012,0,0,0.00979874016073161,0,0,0,0.689350884199148,"-6.53001178119857","5.57047852803547",9,1007.58468051948,3447.09223376623,"vCTB","LogNormalize","vCTB","author","vCTB","author",-0.104491406117978,-0.0938720698725179,-0.433166677444637,-0.127559718112065,-0.783345376783381,-0.188816905414316,NA,NA,-0.0938720698725179,"vCTB","N3",0.688701814561267,0.749087924115286,1007.58468051948,3447.09223376623,"vCTB"
"W9_TCGCTAACAAGTGAAC","W9",4234,2011,"W9","770.2084","4808.15716666667","Erythroblasts","Erythroblasts","slidetags",5366,1995,"vCTBp",0,0,0,0,0,0,0.717790702641563,0.0469992524998246,0,0,0.188863100282668,0,0,0.0463469445759451,0,0,0,0.717790702641563,"-10.8615280470677","1.94973072339374",9,770.2084,4808.15716666667,"Erythroblasts","LogNormalize","Erythroblasts","author","Erythroblasts","author",-0.201683969819841,0.0238003458389636,-0.513557141223075,-0.0474797285210112,-0.310882694913519,-0.108084411699404,NA,NA,0.0238003458389636,"vCTB","N5",1.29081950152076,0.842393287121489,770.2084,4808.15716666667,"Erythroblasts"
"W9_TCGCTAACAGGCTAAG","W9",14462,4527,"W9","1956.30552941176","5297.94494117647","vCTB","vCTB","slidetags",6258,3111,"vCTB3",0,0,0,0,0,0,0,0.280861497865123,0,0,0.101752101504832,0,0,0.617386400630045,0,0,0,0.617386400630045,"-8.30977404926497","6.07625397969562",9,1956.30552941176,5297.94494117647,"vCTB","LogNormalize","vCTB","author","vCTB","author",-0.258360469680497,-0.130988252213684,-0.712187411963859,0.0707013274779557,-0.802925492986255,-0.120379330726397,NA,NA,0.0707013274779557,"Endothelial","N3",1.87658515997687,0.897847500912076,1956.30552941176,5297.94494117647,"vCTB"
"W9_TCGGTTACATGTGGGA","W9",15370,5600,"W9","55.7812586037736","4312.09898113208","Hofbauer cells","Hofbauer cells","slidetags",6384,3551,"Maternal fibroblast",0,0,0,0,0.000400944830638269,0,0,0,0.195293692290938,0,0,0,0,0,0.804305362878423,0,0,0.804305362878423,"8.62972485210221","5.01017150212604",9,55.7812586037736,4312.09898113208,"Hofbauer cells","LogNormalize","Hofbauer cells","author","Hofbauer cells","author",0.140295520004787,-0.242915278363245,-0.435753200455068,0.45670750073701,1.01045631859827,0.0781310832848585,NA,NA,1.01045631859827,"Fibroblast","N3",1.76809339903398,0.890186063480482,55.7812586037736,4312.09898113208,"Hofbauer cells"
"W9_TCGGTTTGTCAAAGGG","W9",10709,4074,"W9","736.937703703704","4591.60807407407","vCTB","vCTB","slidetags",6950,3887,"vCTB2",0,0,0,0,0,0,0,0.776435881183606,0,0,0.0350147235384962,0,0,0.188549395277898,0,0,0,0.776435881183606,"-7.12911856983382","3.97313126851398",9,736.937703703704,4591.60807407407,"vCTB","LogNormalize","vCTB","author","vCTB","author",-0.168379247409083,0.311774100590267,-0.720746797050828,0.0515730558486093,-0.791171403777055,-0.195322707916609,NA,NA,0.311774100590267,"vCTB","N3",2.53657611502789,0.929131703757753,736.937703703704,4591.60807407407,"vCTB"
"W9_TCGTAATCAAGTGTCC","W9",6940,2785,"W9","4173.31847761194","1669.22889552239","FIB2","FIB2","slidetags",6486,2741,"Fibroblast2",1,0,0,0,0,0,0,0,0,0,0,0,0,0,0,0,0,1,"11.5601323762111","-3.82607784937542",9,4173.31847761194,1669.22889552239,"FIB2","LogNormalize","FIB2","author","FIB2","author",0.226448986771296,-0.138832691982157,-0.558654686058523,-0.0681660541606119,0.432202504820393,-0.137907530420965,NA,NA,0.432202504820393,"Fibroblast","N6",2.14554000687612,0.914264866836921,4173.31847761194,1669.22889552239,"FIB2"
"W9_TCTAACCGTTACGCAA","W9",17203,5095,"W9","844.0698","2680.268","vCTB","vCTB","slidetags",5872,2870,"vCTBp",0,0,0,0,0,0,0.519120680072265,0,0,0,0.459277463359683,0,0,0.0216018565680526,0,0,0,0.519120680072265,"-6.81567204807479","6.44039353658039",9,844.0698,2680.268,"vCTB","LogNormalize","vCTB","author","vCTB","author",-0.264663007198433,-0.288559503629966,-0.592202726002481,-0.0451550249052393,-0.830950695516131,-0.130112185763712,NA,NA,-0.0451550249052393,"Endothelial","N8",1.91747452803523,0.900218898212331,844.0698,2680.268,"vCTB"
"W9_TCTATGTTCAGGGCCT","W9",926,639,"W9","494.198835294118","4093.06992156863","STB","STB","slidetags",4646,1556,"STB",0,0.131556936780142,0,0,0,0.868443063219858,0,0,0,0,0,0,0,0,0,0,0,0.868443063219858,"4.47000061656755","1.84379371930439",9,494.198835294118,4093.06992156863,"STB","LogNormalize","STB","author","STB","author",-0.166686870539178,-0.1862951466448,0.405903412178529,-0.0242809457390542,-0.11455317693056,-0.0484140974949315,NA,NA,0.405903412178529,"STB","N3",0.935324995342927,0.791408245165998,494.198835294118,4093.06992156863,"STB"
"W9_TCTGTGACACAGCCTG","W9",10286,3653,"W9","4782.15196551724","3709.568","FIB1","FIB1","slidetags",6898,3526,"Fibroblast2",0.895642863055358,0,0,0,0,0,0,0,0.0259482654939385,0.0784088714507034,0,0,0,0,0,0,0,0.895642863055358,"12.0221685090236","-7.4755982465617",9,4782.15196551724,3709.568,"FIB1","LogNormalize","FIB1","author","FIB1","author",0.0828881887025318,-0.310166335479491,-0.609438648061596,-0.114220389347162,0.914578622434701,-0.201513112861687,NA,NA,0.914578622434701,"Fibroblast","N4",1.60102071472626,0.87531922655965,4782.15196551724,3709.568,"FIB1"
"W9_TCTTAGCGTAATGGCC","W9",7997,2914,"W9","3812.24736666667","1767.695","FIB2","FIB2","slidetags",6688,2874,"Fibroblast2",1,0,0,0,0,0,0,0,0,0,0,0,0,0,0,0,0,1,"10.924980513113","-3.84271922777813",9,3812.24736666667,1767.695,"FIB2","LogNormalize","FIB2","author","FIB2","author",0.246863145787857,-0.327799130211959,-0.639302183191491,-0.0591830942498817,1.01968320264015,-0.156253379845779,NA,NA,1.01968320264015,"Fibroblast","N3",2.66967654583854,0.932597592119664,3812.24736666667,1767.695,"FIB2"
"W9_TCTTAGCGTTCCGGCT","W9",22777,4906,"W9","4832.52908571429","2319.16828571429","EVT","EVT","slidetags",6355,2547,"EVT3",0,0.00153160936943204,0,0.998468390630568,0,0,0,0,0,0,0,0,0,0,0,0,0,0.998468390630568,"-2.16119063709456","4.37750443745929",9,4832.52908571429,2319.16828571429,"EVT","LogNormalize","EVT","author","EVT3","author_refined_to_predicted",0.887710778342434,0.698999120797401,-0.282891145276897,-0.0563574035809555,-0.602202264232208,-0.118347629130337,NA,NA,0.887710778342434,"EVT","N7",1.37883729094464,0.852973367384166,4832.52908571429,2319.16828571429,"EVT3"
"W9_TCTTCAAGTGCTAGAC","W9",14084,4731,"W9","1874.9612","5872.25302222222","FIB2","FIB2","slidetags",6520,3362,"Fibroblast2",1,0,0,0,0,0,0,0,0,0,0,0,0,0,0,0,0,1,"11.9340623536281","-4.61837044428509",9,1874.9612,5872.25302222222,"FIB2","LogNormalize","FIB2","author","FIB2","author",0.268011157997125,-0.238464660189159,-0.533373915471982,-0.110518204571912,1.30241694430773,0.0982166120033764,NA,NA,1.30241694430773,"Fibroblast","N4",0.642165033603678,0.742064939802992,1874.9612,5872.25302222222,"FIB2"
"W9_TCTTTGTAGTAAGGGC","W9",10664,3504,"W9","1831.52807920792","5832.05962376238","FIB1","FIB1","slidetags",6873,3296,"Fibroblast1",0.00694472321370639,0,0,0,0,0,0,0,0.0211591805628844,0.971896096223409,0,0,0,0,0,0,0,0.971896096223409,"10.7453588166408","-12.0469082898967",9,1831.52807920792,5832.05962376238,"FIB1","LogNormalize","FIB1","author","FIB1","author",0.0722541835286915,-0.153986508978922,-0.607080400040944,-0.103780221239408,1.51209401702542,-0.171946588781599,NA,NA,1.51209401702542,"Fibroblast","N4",2.57995519657354,0.930773440350237,1831.52807920792,5832.05962376238,"FIB1"
"W9_TGAACAGAGGGACTAA","W9",5109,2270,"W9","1596.57636363636","4389.51654545455","vCTB","vCTB","slidetags",5524,2249,"vCTBp",0,0,0,0,0,0,0.671209905912423,0,0.0172373512665137,0,0.311552742821064,0,0,0,0,0,0,0.671209905912423,"-5.51969445560653","5.14571818639118",9,1596.57636363636,4389.51654545455,"vCTB","LogNormalize","vCTB","author","vCTB","author",-0.23804668616396,-0.0777264068483626,-0.551272640665372,-0.087500456453975,-0.629321282757678,-0.134193740024656,NA,NA,-0.0777264068483626,"vCTB","N3",1.66493668633288,0.880791681867931,1596.57636363636,4389.51654545455,"vCTB"
"W9_TGAGCTTAGTTGGCCA","W9",7227,2887,"W9","2205.00481818182","5788.03727272727","Endothelial","Endothelial","slidetags",6587,2852,"Endothelial_cells",0,0,0,0,1,0,0,0,0,0,0,0,0,0,0,0,0,1,"10.3931773820094","4.2317238741048",9,2205.00481818182,5788.03727272727,"Endothelial","LogNormalize","Endothelial","author","Endothelial","author",-0.045712662896399,-0.254236071178228,-0.467912888592789,1.2445882753701,-0.673908118192216,-0.166046873941346,NA,NA,1.2445882753701,"Endothelial","N4",2.08907987838278,0.910342940532652,2205.00481818182,5788.03727272727,"Endothelial"
"W9_TGAGGCACACATTAAC","W9",14496,3807,"W9","1680.8386875","4684.42140625","STB-progenitor","STB-progenitor","slidetags",6279,2627,"vCTB1",0,0,0,0,0,0.196160460965967,0,0.24819122964238,0,0,0.341183539027747,0,0,0.214464770363906,0,0,0,0.341183539027747,"-9.48010314319808","4.83845528889972",9,1680.8386875,4684.42140625,"STB-progenitor","LogNormalize","STB-progenitor","author","STB-progenitor","author",-0.0403641043815853,0.0815695270787223,-0.149957142496032,-0.0531060138588664,-0.78515300099523,-0.107293441641476,NA,NA,0.0815695270787223,"vCTB","N3",1.1566994027894,0.823604523896388,1680.8386875,4684.42140625,"STB-progenitor"
"W9_TGATTCAAGGATAAAC","W9",14078,4288,"W9","4093.20826923077","1206.45275","FIB2","FIB2","slidetags",6462,2996,"Fibroblast2",0.984338501716418,0,0,0,0,0,0,0,0,0,0,0,0,0,0,0.0156614982835819,0,0.984338501716418,"12.6581052460841","-5.2599319524638",9,4093.20826923077,1206.45275,"FIB2","LogNormalize","FIB2","author","FIB2","author",0.119449692495897,-0.252926641596077,-0.595582143702853,-0.0847316766476078,1.04463448903741,-0.137215261536288,NA,NA,1.04463448903741,"Fibroblast","N3",1.76754260471397,0.89009485589201,4093.20826923077,1206.45275,"FIB2"
"W9_TGCACCTTCTTTGACT","W9",4345,2024,"W9","3527.8345","1927.96041666667","vCTB","vCTB","slidetags",5466,2012,"vCTB2",0,0,0,0,0,0,0,0.385869302569771,0,0,0.233384967594746,0,0,0.380745729835483,0,0,0,0.385869302569771,"-8.43557227466781","3.85298117925007",9,3527.8345,1927.96041666667,"vCTB","LogNormalize","vCTB","author","vCTB","author",-0.22861383655656,-0.0738142473318101,-0.530924556048048,-0.0482988499515328,-0.607177181425816,-0.106547704937437,NA,NA,-0.0482988499515328,"Endothelial","N5",-0.142825350350706,0.405417730755199,3527.8345,1927.96041666667,"vCTB"
"W9_TGCCGGTAGTTGCGTG","W9",3113,1188,"W9","1722.41066666667","5436.06666666667","STB","STB","slidetags",5556,1182,"STB",0,0,0,0,0,1,0,0,0,0,0,0,0,0,0,0,0,1,"2.07518827106279","3.29970845509845",9,1722.41066666667,5436.06666666667,"STB","LogNormalize","STB","author","STB","author",-0.173624029384286,0.265996593807357,2.97676585007885,-0.0233565394577468,-0.417710056693813,-0.0848879399506071,NA,NA,2.97676585007885,"STB","N8",0.835230009502008,0.773349142648668,1722.41066666667,5436.06666666667,"STB"
"W9_TGCGGTTCAGCTAATT","W9",6888,2997,"W9","4216.75919298246","3469.78733333333","FIB2","FIB2","slidetags",6506,2951,"Fibroblast2",1,0,0,0,0,0,0,0,0,0,0,0,0,0,0,0,0,1,"11.2619575181178","-4.33509007166546",9,4216.75919298246,3469.78733333333,"FIB2","LogNormalize","FIB2","author","FIB2","author",0.261523259072284,-0.0113469129989774,-0.595460649075456,-0.0871890409391724,1.91790481560798,0.112102977575906,NA,NA,1.91790481560798,"Fibroblast","N8",2.28536424622691,0.921014228383802,4216.75919298246,3469.78733333333,"FIB2"
"W9_TGCTAACAGACTTACA","W9",22270,5238,"W9","606.401072","2896.48232","vCTB","vCTB","slidetags",6207,2992,"vCTB3",0,0,0,0,0,0,0,0.290168707205276,0,0,0.181857830706393,0,0,0.527973462088332,0,0,0,0.527973462088332,"-9.00162089679915","6.04759988118488",9,606.401072,2896.48232,"vCTB","LogNormalize","vCTB","author","vCTB","author",-0.190756381148725,0.108490128268361,-0.618205043331398,-0.0534492442362309,-0.839392760562157,-0.167977278837915,NA,NA,0.108490128268361,"vCTB","N8",0.534688828332161,0.726012404232032,606.401072,2896.48232,"vCTB"
"W9_TGGATTGGTTGCAGTA","W9",10887,3831,"W9","4258.14604040404","5111.68121212121","Hofbauer cells","Hofbauer cells","slidetags",6946,3588,"Hofbauer cells",0,0,0,0,0,0,0,0,0,0,0,0,0.523072633091122,0,0,0,0.476927366908878,0.523072633091122,"-0.760883220178669","14.9326382570394",9,4258.14604040404,5111.68121212121,"Hofbauer cells","LogNormalize","Hofbauer cells","author","Hofbauer cells","author",-0.280749901489064,-0.332459117746665,-0.682151477767636,-0.113662029618206,-0.70693541919816,0.142858339896056,NA,NA,0.142858339896056,"Macrophage","N5",3.42501944486685,0.946917183509668,4258.14604040404,5111.68121212121,"Hofbauer cells"
"W9_TGGCCAATCATTAGTG","W9",7144,2466,"W9","2273.60585714286","1672.02328571429","Endothelial","Endothelial","slidetags",6495,2432,"Endothelial_cells",0,0,0,0,1,0,0,0,0,0,0,0,0,0,0,0,0,1,"10.5716298737697","4.39987477589924",9,2273.60585714286,1672.02328571429,"Endothelial","LogNormalize","Endothelial","author","Endothelial","author",-0.234503111114349,-0.279119949884847,-0.57494447729641,1.10477139145023,-0.368599757605663,-0.126345689251874,NA,NA,1.10477139145023,"Endothelial","N5",2.0902436116819,0.910434148121124,2273.60585714286,1672.02328571429,"Endothelial"
"W9_TGGCGGTTCCAAACAC","W9",2041,1299,"W9","794.5539","2757.25866666667","vCTB","vCTB","slidetags",4717,1403,"vCTB2",0,0,0,0,0,0,0.295018590701533,0.542518306367973,0,0,0.124907902253634,0,0,0.0375552006768604,0,0,0,0.542518306367973,"-5.8717900595494","2.44802126218158",9,794.5539,2757.25866666667,"vCTB","LogNormalize","vCTB","author","vCTB","author",0.0340384509389639,0.875876643611622,-0.0646051150663725,-0.0326850095708511,-0.555219904149583,-0.0750081875817656,NA,NA,0.875876643611622,"vCTB","N3",1.21441851319566,0.832816490331996,794.5539,2757.25866666667,"vCTB"
"W9_TGGCTATAGGACGTAA","W9",6075,2680,"W9","3233.233875","5144.66891666667","FIB2","FIB2","slidetags",6036,2648,"Fibroblast2",1,0,0,0,0,0,0,0,0,0,0,0,0,0,0,0,0,1,"11.5303453126125","-3.83666101168316",9,3233.233875,5144.66891666667,"FIB2","LogNormalize","FIB2","author","FIB2","author",0.236908259468365,0.0298071746127634,-0.56163283705552,-0.0615077978656537,0.97390030240896,-0.124299928020815,NA,NA,0.97390030240896,"Fibroblast","N5",1.03286470386212,0.805545421379059,3233.233875,5144.66891666667,"FIB2"
"W9_TGTAAAGCAGTCTAAT","W9",11092,3953,"W9","2049.29894117647","5635.71164705882","FIB2","FIB2","slidetags",6953,3603,"Fibroblast2",0.959138444502065,0,0,0,0,0,0,0,0,0,0,0,0,0,0,0.0408615554979357,0,0.959138444502065,"12.3202651658229","-4.59597769449871",9,2049.29894117647,5635.71164705882,"FIB2","LogNormalize","FIB2","author","FIB2","author",0.10734564952413,-0.284274921283322,-0.568337217974879,-0.113080853714263,1.39186723341945,-0.0876514738393086,NA,NA,1.39186723341945,"Fibroblast","N4",2.51721362571665,0.928584458226924,2049.29894117647,5635.71164705882,"FIB2"
"W9_TGTAACTCATAGACCC","W9",14184,4438,"W9","4191.37124444444","4057.05773333333","vCTB","vCTB","slidetags",6324,3114,"vCTB3",0,0,0,0,0,0,0,0.253930182934408,0,0,0.34591934680819,0,0,0.400150470257402,0,0,0,0.400150470257402,"-8.99970115040023","6.10564240743",9,4191.37124444444,4057.05773333333,"vCTB","LogNormalize","vCTB","author","vCTB","author",-0.118629791013516,-0.114152485610452,-0.667017789042932,-0.095458164270167,-0.77132924198708,-0.146115480191158,NA,NA,-0.095458164270167,"Endothelial","N5",0.0235311238658966,0.66289675300985,4191.37124444444,4057.05773333333,"vCTB"
"W9_TGTCCTGGTCAGGAAG","W9",9510,3744,"W9","2180.77058227848","943.055397468354","FIB2","FIB2","slidetags",6806,3681,"Fibroblast2",0.932910656257947,0,0,0,0,0,0,0,0,0,0,0,0,0,0,0.0670893437420536,0,0.932910656257947,"11.8684858002834","-4.73048392008465",9,2180.77058227848,943.055397468354,"FIB2","LogNormalize","FIB2","author","FIB2","author",0.20291197544257,-0.154279016082585,-0.613505219177058,-0.115211546754128,1.41114500683244,-0.170167172650381,NA,NA,1.41114500683244,"Fibroblast","N5",1.61060305474573,0.876596132798249,2180.77058227848,943.055397468354,"FIB2"
"W9_TGTGCGGGTTGTGATG","W9",9855,4050,"W9","1954.98735135135","5042.70386486486","vCTB","vCTB","slidetags",6883,4000,"vCTBp",0,0,0,0,0,0,0.61896209719957,0,0.0175894340694993,0,0.363448468730931,0,0,0,0,0,0,0.61896209719957,"-6.53068936680037","6.33045586873371",9,1954.98735135135,5042.70386486486,"vCTB","LogNormalize","vCTB","author","vCTB","author",-0.325236690949877,-0.173801270865894,-0.788645067838933,-0.0983663236148916,-0.865320274002885,-0.20759477542418,NA,NA,-0.0983663236148916,"Endothelial","N3",0.733189566515025,0.756658153958409,1954.98735135135,5042.70386486486,"vCTB"
"W9_TGTGTGAGTTTGCAGA","W9",12444,2221,"W9","1546.99178536585","2853.36702439024","STB-progenitor","STB-progenitor","slidetags",6623,1790,"STB",0,0,0,0,0,1,0,0,0,0,0,0,0,0,0,0,0,1,"1.97280465747636","1.48978659440357",9,1546.99178536585,2853.36702439024,"STB-progenitor","LogNormalize","STB-progenitor","author","STB-progenitor","author",-0.174481730724532,-0.0783527672918611,0.490189920598502,-0.0587072031967246,-0.516036326155504,-0.102397057119903,NA,NA,0.490189920598502,"STB","N5",1.42165645264499,0.858445822692448,1546.99178536585,2853.36702439024,"STB-progenitor"
"W9_TGTTATGAGTTAGTTG","W9",15597,5068,"W9","1702.652","5691.664","vCTB","vCTB","slidetags",6152,3252,"vCTB2",0,0,0,0,0,0,0.00222978271461142,0.696425645839868,0,0,0.0393195022159343,0,0,0.262025069229587,0,0,0,0.696425645839868,"-7.97206939075667","5.3463970117696",9,1702.652,5691.664,"vCTB","LogNormalize","vCTB","author","vCTB","author",-0.285357070675718,-0.155697403121951,-0.738960441814805,-0.0447042298520792,-0.833567292355339,-0.124348248564498,NA,NA,-0.0447042298520792,"Endothelial","N8",1.43445111272449,0.85990514410799,1702.652,5691.664,"vCTB"
"W9_TTAAAGGCATCGCTCC","W9",21369,5928,"W9","1770.86528571429","2002.27528571429","vCTB","vCTB","slidetags",6153,3264,"vCTB2",0,0,0,0,0,0,0.0105182140716596,0.69948442605002,0,0,0.223041311257836,0,0,0.0669560486204841,0,0,0,0.69948442605002,"-6.22066081379134","3.14359530736286",9,1770.86528571429,2002.27528571429,"vCTB","LogNormalize","vCTB","author","vCTB","author",0.0190085773737379,0.755869309254825,-0.214606870941215,-0.0697792010216579,-0.769795560397041,-0.181393304362166,NA,NA,0.755869309254825,"vCTB","N8",1.18434070694178,0.82843852608537,1770.86528571429,2002.27528571429,"vCTB"
"W9_TTAACTGAGCCTTAAA","W9",12362,4175,"W9","3792.71946938775","942.185971428571","vCTB","vCTB","slidetags",6767,3519,"vCTB3",0,0,0,0,0,0,0,0.220961904694424,0,0,0.299149120456314,0,0,0.479888974849262,0,0,0,0.479888974849262,"-8.32289946888167","6.45543107320148",9,3792.71946938775,942.185971428571,"vCTB","LogNormalize","vCTB","author","vCTB","author",-0.314689973177115,-0.273955358805424,-0.657655611352428,-0.0998970018001392,-0.628275384617382,-0.19478287183421,NA,NA,-0.0998970018001392,"Endothelial","N5",2.27600737787265,0.920375775264502,3792.71946938775,942.185971428571,"vCTB"
"W9_TTAGACTCAACCTGGT","W9",1952,859,"W9","4258.236","3670.4838","FIB1","FIB1","slidetags",4569,1018,"Fibroblast1",0.00827217740086349,0,0,0,0,0,0,0,0.0210140516320917,0.970713770967044,0,0,0,0,0,0,0,0.970713770967044,"10.1479629197292","-11.6884030408732",9,4258.236,3670.4838,"FIB1","LogNormalize","FIB1","author","FIB1","author",0.134904044611616,-0.137067341023077,-0.100462935681004,-0.0395561153923908,0.169783022014688,-0.0610870215734944,NA,NA,0.169783022014688,"Fibroblast","N5",1.92510287756872,0.900492520977745,4258.236,3670.4838,"FIB1"
"W9_TTAGGAACAGGAACCA","W9",20102,5593,"W9","1447.59030416667","4156.08466666667","vCTB","vCTB","slidetags",6147,3169,"vCTBp",0,0,0,0,0,0,0.702121941745462,0,0,0,0.28581124389441,0,0,0.0120668143601276,0,0,0,0.702121941745462,"-6.11777222965438","6.09378871251423",9,1447.59030416667,4156.08466666667,"vCTB","LogNormalize","vCTB","author","vCTB","author",-0.277918225645267,-0.327485368650679,-0.709992192905912,-0.0731860675945271,-0.797814411776202,-0.157125512675317,NA,NA,-0.0731860675945271,"Endothelial","N3",1.17715996010802,0.827344035023714,1447.59030416667,4156.08466666667,"vCTB"
"W9_TTAGGAACATCCCTCA","W9",469,399,"W9","4321.64294117647","2306.67332352941","STB","STB","slidetags",4249,2049,"vCTBp",0,0.20618705343483,0.150824171778857,0,0,0.251290935106361,0.28788874790613,0.0843020897381602,0.00374845727455185,0,0.0157585447611106,0,0,0,0,0,0,0.28788874790613,"3.92533098842424","0.841165988934819",9,4321.64294117647,2306.67332352941,"STB","LogNormalize","STB","author","STB","author",0.272336895448179,0.297909502439565,-0.0286207631704758,-0.0172794590667315,-0.25983520847676,-0.0389505456288165,NA,NA,0.297909502439565,"vCTB","N4",1.33023516269655,0.846953666545057,4321.64294117647,2306.67332352941,"STB"
"W9_TTAGGCGTCAGGCCTA","W9",9370,3665,"W9","3213.81172727273","5623.14354545455","FIB1","FIB1","slidetags",6818,3603,"Fibroblast1",0,0,0,0,0,0,0,0,0,1,0,0,0,0,0,0,0,1,"10.619105688589","-11.8278903074138",9,3213.81172727273,5623.14354545455,"FIB1","LogNormalize","FIB1","author","FIB1","author",0.273333978644283,-0.265515918616697,-0.625280209344896,-0.123072968407109,0.413766092388541,-0.194500504687267,NA,NA,0.413766092388541,"Fibroblast","N4",0.794723793257229,0.767603064574973,3213.81172727273,5623.14354545455,"FIB1"
"W9_TTAGGCGTCCTTAAGA","W9",9322,3349,"W9","2544.84147368421","3781.99168421053","FIB2","FIB2","slidetags",6751,3299,"Fibroblast2",0.951784794253436,0,0,0,0,0,0,0,0,0,0,0,0,0,0,0.0482152057465633,0,0.951784794253436,"11.5041526475124","-4.22955027292889",9,2544.84147368421,3781.99168421053,"FIB2","LogNormalize","FIB2","author","FIB2","author",0.151152941813853,-0.29321906581899,-0.475505431039856,-0.110174974194548,1.58457214835521,-0.163149987872933,NA,NA,1.58457214835521,"Fibroblast","N5",1.7062714861808,0.885260853703028,2544.84147368421,3781.99168421053,"FIB2"
"W9_TTAGTCAAGTTGTCAA","W9",21330,5384,"W9","4935.32184158416","3542.94441584158","vCTB","vCTB","slidetags",6123,2974,"vCTB3",0,0,0,0,0,0,0,0.28687470703463,0,0,0.293964201967138,0,0,0.419161090998232,0,0,0,0.419161090998232,"-8.96376002643782","5.78582867909748",9,4935.32184158416,3542.94441584158,"vCTB","LogNormalize","vCTB","author","vCTB","author",-0.172068879411916,-0.171572495285534,-0.758911192877977,-0.0569385794848985,-0.827786391467663,-0.147229372865414,NA,NA,-0.0569385794848985,"Endothelial","N1",1.02087309411191,0.803538854432689,4935.32184158416,3542.94441584158,"vCTB"
"W9_TTAGTCAAGTTGTCCC","W9",15330,5093,"W9","1346.92222477876","5630.42152212389","vCTB","vCTB","slidetags",6229,3407,"vCTB2",0,0,0,0,0,0,0,0.824073965606997,0,0,0.0174439163869108,0,0,0.158482118006092,0,0,0,0.824073965606997,"-7.04519952152449","4.08765372563678",9,1346.92222477876,5630.42152212389,"vCTB","LogNormalize","vCTB","author","vCTB","author",-0.0242038006928441,0.0723633388083224,-0.705552434303663,-0.0701475273990194,-0.837388367222272,-0.131099088242106,NA,NA,0.0723633388083224,"vCTB","N8",1.57861229050549,0.873221452024808,1346.92222477876,5630.42152212389,"vCTB"
"W9_TTATGACCAGAGAGCC","W9",9721,3835,"W9","2954.92054545455","4334.10290909091","FIB1","FIB1","slidetags",6865,3748,"Fibroblast1",0,0,0,0,0,0,0,0,0,1,0,0,0,0,0,0,0,1,"10.4111312546901","-11.9187497205607",9,2954.92054545455,4334.10290909091,"FIB1","LogNormalize","FIB1","author","FIB1","author",0.228144867199436,-0.178557387644263,-0.633630614245959,0.025735874111068,1.07924484941727,-0.00901039111976454,NA,NA,1.07924484941727,"Fibroblast","N4",1.61175136273215,0.87668734038672,2954.92054545455,4334.10290909091,"FIB1"
"W9_TTCAACCGTGTGTCCC","W9",407,315,"W9","3174.04","5654.23933333333","vCTB","vCTB","slidetags",3897,2115,"vCTBp",0,0,0,0,0,0.0407703526104505,0.715846775503134,0.185516148921025,0.0175925705464639,0,0.0402741524189275,0,0,0,0,0,0,0.715846775503134,"-8.92058146808822","2.07947620679218",9,3174.04,5654.23933333333,"vCTB","LogNormalize","vCTB","author","vCTB","author",-0.044233149429782,-0.0537241523525386,0.0532711442951422,-0.0106212027717733,-0.249891198790847,-0.0225143691195611,NA,NA,0.0532711442951422,"STB","N4",1.39164948110194,0.854341481211237,3174.04,5654.23933333333,"vCTB"
"W9_TTCAGTTTCCTAATGA","W9",15674,4536,"W9","975.769379234973","4977.3171147541","FIB2","FIB2","slidetags",6348,2878,"Fibroblast2",0.975332678523743,0,0,0,0,0,0,0,0,0,0,0,0,0,0,0.0246673214762569,0,0.975332678523743,"12.1870950379543","-4.41334667872113",9,975.769379234973,4977.3171147541,"FIB2","LogNormalize","FIB2","author","FIB2","author",0.021955759076164,-0.266412289924541,-0.583132827905065,-0.0527376874815049,1.22738708290919,-0.110808022286722,NA,NA,1.22738708290919,"Fibroblast","N3",0.29590470968019,0.691079897847501,975.769379234973,4977.3171147541,"FIB2"
"W9_TTCAGTTTCGCTTCTA","W9",14256,4791,"W9","2528.44711904762","5382.6689047619","Endothelial","Endothelial","slidetags",6589,3379,"Endothelial_cells",0,0,0,0,1,0,0,0,0,0,0,0,0,0,0,0,0,1,"10.4816421189479","4.16662987996418",9,2528.44711904762,5382.6689047619,"Endothelial","LogNormalize","Endothelial","author","Endothelial","author",-0.0716716428804528,-0.242235960774685,-0.562286868571141,1.88434735081818,-0.293875578308683,-0.125537180263571,NA,NA,1.88434735081818,"Endothelial","N5",2.62999277830669,0.931959139000365,2528.44711904762,5382.6689047619,"Endothelial"
"W9_TTGAGGCGTGCTAGCG","W9",395,317,"W9","1135.31266929134","5048.3822519685","vCTB","vCTB","slidetags",3729,2131,"vCTBp",0,0,0,0,0,0.156622800052406,0.552491798372531,0.20152178528145,0.0434721166725458,0,0.0458914996210669,0,0,0,0,0,0,0.552491798372531,"-3.81122744892318","-5.67174902628582",9,1135.31266929134,5048.3822519685,"vCTB","LogNormalize","vCTB","author","vCTB","author",-0.0455264037596322,-0.0669160005742883,0.0554048136226328,-0.0106212027717733,-0.23036639373908,-0.0194893458052192,NA,NA,0.0554048136226328,"STB","N5",1.53763099469864,0.869481940897483,1135.31266929134,5048.3822519685,"vCTB"
"W9_TTGCAATCAAGCCAGA","W9",7043,2841,"W9","738.133527272727","4955.68463636364","vCTB","vCTB","slidetags",6540,2813,"vCTB3",0,0,0,0,0,0,0,0.340417804572106,0,0,0.124111014108292,0,0,0.535471181319603,0,0,0,0.535471181319603,"-8.14112246845443","5.31419238377887",9,738.133527272727,4955.68463636364,"vCTB","LogNormalize","vCTB","author","vCTB","author",-0.273534834470096,-0.0505938286067133,-0.534434344512294,-0.0792380519855452,-0.73396648556667,-0.145104187037692,NA,NA,-0.0505938286067133,"vCTB","N5",2.72839915693976,0.934056913535206,738.133527272727,4955.68463636364,"vCTB"
"W9_TTGCAATCATACTCCT","W9",8707,3356,"W9","3248.98073170732","5253.26873170732","Hofbauer cells","Hofbauer cells","slidetags",6653,3292,"myeloid_unknown",0,0,0,0,0,0,0,0,0,0,0,0,0.474228387810827,0,0,0,0.525771612189173,0.525771612189173,"-0.621605940801686","14.4862843446859",9,3248.98073170732,5253.26873170732,"Hofbauer cells","LogNormalize","Hofbauer cells","author","Hofbauer cells","author",-0.253948772695741,-0.283873584548111,-0.624859349986521,0.0423247745862938,-0.539192098773416,-0.0631554618423169,NA,NA,0.0423247745862938,"Endothelial","N5",3.11100725702018,0.942904049616928,3248.98073170732,5253.26873170732,"Hofbauer cells"
"W9_TTGCGTCTCCCGAACA","W9",18658,4705,"W9","4223.74987301587","2363.05866666667","EVT","EVT","slidetags",6163,2589,"EVT2",0,0.112900721718749,0.582672146465444,0.284574407246774,0,0,0,0,0.0198527245690329,0,0,0,0,0,0,0,0,0.582672146465444,"-2.34553683613021","4.801208107961",9,4223.74987301587,2363.05866666667,"EVT","LogNormalize","EVT","author","EVT","author",0.942730337727754,0.112927233896412,-0.672166612864837,-0.0405033378486857,-0.738620776269467,-0.110887249357853,NA,NA,0.942730337727754,"EVT","N5",1.91358549101475,0.899854067858446,4223.74987301587,2363.05866666667,"EVT"
"W9_TTGCGTCTCTAAGGTC","W9",5698,2668,"W9","945.584547027027","5106.31922162162","Endothelial","Endothelial","slidetags",5709,2629,"Endothelial_cells",0,0,0,0,0.999999999999999,0,0,0,0,0,0,0,0,0,0,0,0,0.999999999999999,"10.3196128525905","4.33743151952106",9,945.584547027027,5106.31922162162,"Endothelial","LogNormalize","Endothelial","author","Endothelial","author",-0.246578976952237,-0.236923774424232,-0.592690324355174,0.840731131193823,-0.656773017463814,-0.137972730069262,NA,NA,0.840731131193823,"Endothelial","N3",2.43337222549178,0.926213060926669,945.584547027027,5106.31922162162,"Endothelial"
"W9_TTGGCTACATCGCTCC","W9",2298,788,"W9","4775.94076923077","3708.36630769231","Erythroblasts","Erythroblasts","slidetags",4559,847,"unknown2",0,0,0,0,0.00120141507510847,0.0516440224509244,0.346919749531793,0.0957304074386719,0.468174578316121,0,0.0363298271873812,0,0,0,0,0,0,0.468174578316121,"-10.9504038176366","1.49386438657123",9,4775.94076923077,3708.36630769231,"Erythroblasts","LogNormalize","Erythroblasts","author","Erythroblasts","author",-0.0724707620261406,-0.15203376972138,-0.16104122133857,-0.0364355683343271,-0.334723086198106,-0.0595364722639127,NA,NA,-0.0364355683343271,"Endothelial","N4",1.01366161639878,0.802170740605618,4775.94076923077,3708.36630769231,"Erythroblasts"
"W9_TTGGCTACATTCCTCG","W9",19805,5397,"W9","2659.9563030303","2063.67903030303","vCTB","vCTB","slidetags",6091,3051,"vCTB3",0,0,0,0,0,0,0,0.346522500203165,0,0,0.108278643816403,0,0,0.545198855980432,0,0,0,0.545198855980432,"-8.2865473112889","6.81264361668903",9,2659.9563030303,2063.67903030303,"vCTB","LogNormalize","vCTB","author","vCTB","author",-0.273966387601679,-0.0255422664867653,-0.735968229406087,-0.0587072031967246,-0.799390200970687,-0.117094381552102,NA,NA,-0.0255422664867653,"vCTB","N8",1.82753209458631,0.894472820138635,2659.9563030303,2063.67903030303,"vCTB"
"W9_TTGGCTTGTTTGCAGA","W9",2098,965,"W9","3678.12933333333","3554.14491666667","FIB2","FIB2","slidetags",4740,1050,"Fibroblast2",1,0,0,0,0,0,0,0,0,0,0,0,0,0,0,0,0,1,"11.1724780717067","-4.67330351542157",9,3678.12933333333,3554.14491666667,"FIB2","LogNormalize","FIB2","author","FIB2","author",0.0563796379416742,-0.182370218685442,-0.0987788227303886,-0.0161171072588456,1.40944769979629,-0.0603813753869115,NA,NA,1.40944769979629,"Fibroblast","N4",0.0948847776487337,0.670102152499088,3678.12933333333,3554.14491666667,"FIB2"
"W9_TTGTTGTTCCCAGTAG","W9",17294,5558,"W9","883.550505263158","4325.79228571429","vCTB","vCTB","slidetags",5780,3025,"vCTB2",0,0,0,0,0,0,0,0.79103261674179,0,0,0.0564803455669986,0,0,0.152487037691212,0,0,0,0.79103261674179,"-6.41340792988021","4.0548234872945",9,883.550505263158,4325.79228571429,"vCTB","LogNormalize","vCTB","author","vCTB","author",-0.269061336415871,-0.0397611096360322,-0.716353523920189,-0.0620889737695966,-0.829251829537936,-0.130376595163072,NA,NA,-0.0397611096360322,"vCTB","N8",-0.255448421915299,0.39009485589201,883.550505263158,4325.79228571429,"vCTB"
"W9_TTTAAGGTCACAGACT","W9",9046,3726,"W9","1616.47685185185","4502.87522222222","Endothelial","Endothelial","slidetags",6759,3672,"Endothelial_cells",0,0,0,0,1,0,0,0,0,0,0,0,0,0,0,0,0,1,"10.0917867341213","4.51624306966144",9,1616.47685185185,4502.87522222222,"Endothelial","LogNormalize","Endothelial","author","Endothelial","author",-0.145170546254914,-0.30535798966484,-0.636001560611939,1.34937467363651,-0.111213562530502,-0.177871875052922,NA,NA,1.34937467363651,"Endothelial","N3",1.79449062735687,0.892192630426851,1616.47685185185,4502.87522222222,"Endothelial"
"W9_TTTACGAAGTATTGCA","W9",12750,4368,"W9","3573.34760655738","3719.22075409836","vCTB","vCTB","slidetags",6745,3623,"vCTB3",0,0,0,0,0,0,0,0.377353649690932,0,0,0.127271784468115,0,0,0.495374565840953,0,0,0,0.495374565840953,"-7.13639033649642","4.45063313771564",9,3573.34760655738,3719.22075409836,"vCTB","LogNormalize","vCTB","author","vCTB","author",-0.0665272182931078,0.188091214943225,-0.646718242729127,-0.103173487522225,-0.744277709824825,-0.19579678693176,NA,NA,0.188091214943225,"vCTB","N4",1.57091264527534,0.872400583728566,3573.34760655738,3719.22075409836,"vCTB"
"W9_TTTCTCACAGCAATAA","W9",23888,6374,"W9","1447.10107804878","2380.46590243902","vCTB","vCTB","slidetags",6207,3446,"vCTBp",0,0,0,0,0,0,0.564650379541618,0,0.0173759447742164,0,0.417973675684166,0,0,0,0,0,0,0.564650379541618,"-6.34592069004256","6.3419762544759",9,1447.10107804878,2380.46590243902,"vCTB","LogNormalize","vCTB","author","vCTB","author",-0.147550245091818,-0.020957413343087,-0.722101675907385,-0.0723669461640055,-0.804639232476737,-0.166384288697482,NA,NA,-0.020957413343087,"vCTB","N3",-0.0125354571005837,0.420558190441445,1447.10107804878,2380.46590243902,"vCTB"
"W9_TTTCTCACATTCCTGT","W9",13901,4924,"W9","3338.18498245614","1927.27684210526","vCTB","vCTB","slidetags",6439,3608,"vCTB2",0,0,0,0,0,0,0.135936066929869,0.695498559421111,0,0,0.051787542337575,0,0,0.116777831311445,0,0,0,0.695498559421111,"-7.3064242682286","5.52869710255939",9,3338.18498245614,1927.27684210526,"vCTB","LogNormalize","vCTB","author","vCTB","author",-0.0682423718806993,0.0615957662897333,-0.697447862973131,-0.108879961710869,-0.781744713026563,-0.184937380374052,NA,NA,0.0615957662897333,"vCTB","N5",0.896573125933312,0.783746807734404,3338.18498245614,1927.27684210526,"vCTB"
"W9_TTTGACTTCATTGCAA","W9",415,331,"W9","2337.13364705882","740.426117647059","STB","STB","slidetags",4331,2051,"STB",0,0.0424302888357108,0.0112390359440512,0,0,0.853647995055714,0.0376903822034621,0.0407047198282836,0.00388491302007064,0,0.010402665112708,0,0,0,0,0,0,0.853647995055714,"3.94067513133805","0.747992365849797",9,2337.13364705882,740.426117647059,"STB","LogNormalize","STB","author","STB","author",-0.0548721885781794,-0.0841849466920617,0.873822807777035,-0.0128406215367594,-0.332819691910256,-0.0263465734796897,NA,NA,0.873822807777035,"STB","N5",-0.688544998230083,0.327435242612185,2337.13364705882,740.426117647059,"STB"
"W9_TTTGCGGAGCGGATTT","W9",1520,743,"W9","1622.77783333333","4515.50016666667","FIB1","FIB1","slidetags",4537,1189,"Fibroblast1",0.0530343999734325,0,0,0,0,0,0,0,0,0.946965600026567,0,0,0,0,0,0,0,0.946965600026567,"10.1096166291408","-11.2238806791179",9,1622.77783333333,4515.50016666667,"FIB1","LogNormalize","FIB1","author","FIB1","author",0.230383986768923,0.116861166716588,0.165748461129613,-0.0302938873455956,0.152081667955778,-0.0440761764325251,NA,NA,0.230383986768923,"EVT","N3",0.597514415379323,0.735589201021525,1622.77783333333,4515.50016666667,"FIB1"
"W9_TTTGTCCCACACTAAT","W9",12215,2583,"W9","2126.21016666667","5464.22033333333","STB-progenitor","STB-progenitor","slidetags",6630,2138,"STB",0,0,0,0,0,1,0,0,0,0,0,0,0,0,0,0,0,1,"-9.6261001906224","4.51005706120807",9,2126.21016666667,5464.22033333333,"STB-progenitor","LogNormalize","STB-progenitor","author","STB-progenitor","author",-0.215412437510322,-0.212094242341983,0.478872046738959,-0.0554307174746384,-0.596981400198974,-0.118475743868933,NA,NA,0.478872046738959,"STB","N5",1.84080456986597,0.895476103611821,2126.21016666667,5464.22033333333,"STB-progenitor"
"W9_TTTGTCCCATTGTCAG","W9",16568,3893,"W9","4405.30094117647","1535.11678529412","STB","STB","slidetags",6101,2298,"STB",0,0,0,0,0,1,0,0,0,0,0,0,0,0,0,0,0,1,"3.14580666209977","2.43632754613239",9,4405.30094117647,1535.11678529412,"STB","LogNormalize","STB","author","STB","author",-0.25087553650697,-0.0608417175425982,0.641188640701854,-0.0480860004249513,-0.772065620827468,-0.112925370193801,NA,NA,0.641188640701854,"STB","N3",0.175149068290271,0.677033929222911,4405.30094117647,1535.11678529412,"STB"
"W9_TTTGTGAAGTTCCCAC","W9",12817,3966,"W9","2430.64754166667","5288.04395833333","vCTB","vCTB","slidetags",6698,3232,"vCTB3",0,0,0,0,0,0,0,0.417551472811376,0,0,0.0760272846920202,0,0,0.506421242496604,0,0,0,0.506421242496604,"-6.72005523060042","3.54486522008259",9,2430.64754166667,5288.04395833333,"vCTB","LogNormalize","vCTB","author","vCTB","author",-0.0570959312638991,0.487581631010536,-0.663298785930485,-0.102697596469068,-0.72765013700112,-0.173382101250884,NA,NA,0.487581631010536,"vCTB","N5",0.793054777499227,0.767147026632616,2430.64754166667,5288.04395833333,"vCTB"
