gene,p_val,avg_log2FC,pct.1,pct.2,p_val_adj
SRGN,8.992689387917569e-42,3.3333806755697406,0.5,0.058,1.985855597533837e-37
C1QA,1.9157597781361886e-38,2.5612574262847057,0.562,0.077,4.230572318058145e-34
CD83,1.1449324834408701e-37,4.37488422774924,0.328,0.026,2.5283544031824736e-33
TLR4,1.9995194017563784e-36,2.579024944529465,0.562,0.081,4.4155386948986106e-32
AC131944.1,4.5506894105905e-36,3.011164132328436,0.547,0.081,1.0049287425407e-31
LAPTM5,1.5552175298967116e-35,2.9055403089124794,0.531,0.077,3.4343868712709083e-31
FOLR2,1.1011778176658817e-34,2.711759704269736,0.578,0.094,2.4317309747515665e-30
CD14,8.643128024706379e-33,2.6299561709238457,0.656,0.136,1.9086619616959098e-28
CTSS,3.5315620846239434e-31,2.6611884129058807,0.562,0.099,7.798748551475055e-27
MRC1,4.26488273556253e-31,2.593949329139328,0.641,0.132,9.418140544942736e-27
LYVE1,7.911139867535039e-31,2.6264290981486487,0.672,0.154,1.7470170169477628e-26
CD68,9.42599550424432e-31,3.011286953560804,0.469,0.07,2.0815425872022734e-26
SYK,1.3261324677440772e-30,2.592020923634193,0.594,0.111,2.928498328519246e-26
PLA2G7,2.1033643976111924e-30,2.817143195763108,0.516,0.086,4.644859599244796e-26
MPEG1,3.25932376571184e-30,3.6097675932688844,0.312,0.03,7.197564671821456e-26
CD163,7.399363956045652e-30,2.40703166326378,0.625,0.126,1.6340015424135613e-25
CD200R1,2.7549801026188266e-29,2.6604964815582433,0.484,0.077,6.083822560613154e-25
PLD1,6.781330227294886e-29,2.5228453909759265,0.844,0.292,1.4975211540935297e-24
AC100849.1,6.840415902335134e-29,2.7115318623487177,0.484,0.076,1.5105690437126675e-24
C1QC,2.1773308474816344e-28,2.5723302919554567,0.484,0.08,4.808199710493693e-24
ARHGAP25,2.9093656756446244e-28,2.707950902930129,0.547,0.105,6.424752221526024e-24
WAS,3.4647420324399766e-28,3.3607400454289698,0.312,0.033,7.6511898302372e-24
SPP1,3.9501828304219703e-28,2.6488037489753515,0.969,0.412,8.723188744420836e-24
CD84,6.248184625822039e-28,3.144104020920073,0.438,0.067,1.379786610920281e-23
GPR34,8.834317291994615e-28,2.975387579366174,0.453,0.072,1.950882287591171e-23
TMSB4X,1.7271725764015737e-27,2.0762513003474496,0.828,0.258,3.814115200467595e-23
SCN9A,4.6881378737305715e-27,2.483998662336884,0.609,0.138,1.0352814866559222e-22
VSIG4,4.839595819732831e-27,2.2870683184119187,0.547,0.102,1.068727944871601e-22
LGALS9,6.187282130525843e-27,2.9990173257510744,0.359,0.045,1.3663375128840218e-22
SCN1A-AS1,8.022486855766809e-27,2.8060271855755623,0.516,0.098,1.7716057723589845e-22
FGL1,8.961298367970577e-27,2.1886941719441433,0.562,0.11,1.9789235185989427e-22
FCER1G,1.4562269997103775e-26,2.414054825029918,0.453,0.073,3.2157860834604265e-22
HPGDS,1.4935634048442725e-26,2.32640715464101,0.562,0.112,3.298236066917607e-22
FGF13,2.1499427517386562e-26,2.2827720521691615,0.578,0.12,4.747718578664474e-22
IL12RB2,5.447422789111474e-26,2.4253739982029328,0.438,0.068,1.2029543745194868e-21
LINC01374,7.834338216140596e-26,2.4336855813654257,0.453,0.074,1.730056908270328e-21
C3AR1,1.6397596412742859e-25,2.907308534456651,0.359,0.048,3.621081215826006e-21
RNASE1,1.678598221116727e-25,2.333129481884819,0.578,0.127,3.706848451692069e-21
MAF,2.8350803885142395e-25,2.340684654363438,0.766,0.247,6.260708021955995e-21
HAVCR2,3.4710560110982766e-25,2.570804437724497,0.438,0.071,7.665132989308324e-21
TLR7,3.475811410698696e-25,3.0383093568974764,0.312,0.037,7.675634338245931e-21
ADAMTS17,5.240587336456535e-25,2.2395985292491236,0.484,0.087,1.1572789015096967e-20
DOCK2,5.658507242802837e-25,2.1956963049779596,0.531,0.103,1.2495681544281505e-20
CD53,6.449954262784788e-25,2.7656741807814065,0.438,0.074,1.4243433998507648e-20
CD37,6.812101561877273e-25,2.9704939726699044,0.391,0.059,1.5043163879093583e-20
ATP1B1,6.981300981697737e-25,2.173810527736263,0.719,0.214,1.5416806957883113e-20
FAM20A,7.655033031621001e-25,2.480207345750025,0.547,0.117,1.6904609443728657e-20
NAV3,1.3772897567114487e-24,2.2743634431727577,0.609,0.145,3.041468969745892e-20
LAP3,1.9321361989319352e-24,2.601849378875512,0.516,0.106,4.2667363681013923e-20
SPRED1,2.18927861490709e-24,2.2406229856389577,0.844,0.346,4.834583965299327e-20
PTPRC,2.8268583471726483e-24,2.0895364902993916,0.516,0.1,6.242551288061359e-20
LY96,2.966994982014415e-24,2.507639436601011,0.469,0.085,6.552015018782433e-20
NBL1,4.1209950018241224e-24,3.2082343583397885,0.312,0.039,9.100393262528209e-20
CR1,4.948154163912422e-24,2.6151985570829503,0.391,0.059,1.09270088401678e-19
FCGR2A,6.4439080074792584e-24,2.418605605178558,0.469,0.086,1.4230082052916447e-19
ALDH1A1,9.037135664670602e-24,3.7260099632078902,0.266,0.029,1.9956706688292092e-19
RFLNB,1.0701128726851301e-23,2.3890053359938923,0.5,0.098,2.363130256750573e-19
DPP7,1.1200187868471817e-23,2.7659836723713283,0.375,0.056,2.4733374869946315e-19
FTL,1.2247365601638345e-23,2.3602707738400395,0.906,0.445,2.7045857458097955e-19
MAFB,1.288134371775801e-23,2.8361447437887293,0.422,0.073,2.844587133192501e-19
C1QB,1.3718443958132442e-23,2.430323214174666,0.438,0.076,3.029443979274387e-19
NCKAP1L,1.3752551440574882e-23,2.2305606324514873,0.5,0.097,3.036975934622151e-19
GPR85,1.724903521765182e-23,3.3931850444921836,0.297,0.036,3.8091044471140513e-19
SELENOP,2.6207125106262046e-23,2.1595769993213065,0.844,0.319,5.787319437215847e-19
PLTP,2.939684657067869e-23,2.0680073989853445,0.703,0.208,6.491705628202976e-19
TFEC,8.52352179842041e-23,2.113597484201713,0.469,0.088,1.882249318745179e-18
IER5L,8.910682420110192e-23,3.009454494225291,0.328,0.045,1.9677459988329337e-18
IGFBP4,1.1690163150943122e-22,2.472293769574347,0.469,0.093,2.5815387286227697e-18
SULT1C2,1.5728411468340382e-22,3.074815566825617,0.312,0.041,3.4733051045536065e-18
IGF1,1.924573437851483e-22,2.319291901785922,0.594,0.15,4.25003552280743e-18
ST6GAL1,2.1773729416347845e-22,2.042149377905295,0.547,0.12,4.808292667012095e-18
UCP2,2.271875321052139e-22,2.162580624036376,0.422,0.072,5.0169822714794384e-18
ATP8B4,2.2806189730353353e-22,2.025195439661264,0.688,0.207,5.036290878153931e-18
MYO5A,3.2399404624099137e-22,2.0105941676981973,0.641,0.172,7.154760523139812e-18
PLEK,4.525172575155178e-22,2.299195296152693,0.453,0.086,9.99293859771518e-18
KIAA1549L,7.786145447999586e-22,3.7182920500470535,0.203,0.018,1.7194144992817484e-17
FCGR1A,1.2011573588354164e-21,2.7027697779330015,0.344,0.052,2.65251579551625e-17
SPI1,1.2368798316676033e-21,2.876430720282759,0.375,0.063,2.7314017322715685e-17
APBB1IP,1.2931498471363136e-21,2.079283415292223,0.547,0.125,2.855662807431121e-17
ARRB2,1.3740056341494923e-21,2.6325051373966697,0.391,0.066,3.034216641892324e-17
A2M,1.571782276140411e-21,2.4425601919653426,0.594,0.158,3.47096680040087e-17
LNCAROD,1.6405077289138493e-21,2.349901182293068,0.5,0.11,3.6227332177604534e-17
DTNA,2.8109434678543325e-21,2.304861834441339,0.469,0.096,6.207406460062722e-17
HCST,3.671027627647782e-21,3.045342948752002,0.266,0.032,8.106730310134598e-17
CELF2,3.7596507047038785e-21,2.078311707138772,0.625,0.166,8.302436651197575e-17
CD28,4.617987506375857e-21,2.6473173315852834,0.328,0.048,1.0197901810329805e-16
IGSF6,4.949059702185985e-21,2.904581321846998,0.422,0.082,1.092900854033731e-16
LINC01094,6.39591343588894e-21,2.2436396944709873,0.391,0.066,1.4124095640473546e-16
MEF2C,6.661717497431529e-21,1.9923172397988238,0.672,0.204,1.4711070749578047e-16
CYBB,7.09797223691215e-21,2.059075739241776,0.516,0.116,1.56744520907731e-16
RAB3IL1,7.232414423945932e-21,3.137845030448391,0.266,0.032,1.59713407723998e-16
BLVRA,8.370644214883804e-21,2.4452735556406378,0.438,0.086,1.8484893619727905e-16
PLEKHO1,8.889662317531634e-21,2.4953142381402333,0.375,0.063,1.9631041295805108e-16
ZFP36,1.0445439932263066e-20,2.5883514193062043,0.422,0.082,2.306666500241653e-16
PMP22,1.0457860276887993e-20,1.915362098428335,0.75,0.272,2.3094092849451753e-16
CTSB,1.3031988194871461e-20,2.4237596609803442,0.672,0.237,2.877853953073465e-16
GADD45B,1.667256613395005e-20,3.0061619213829363,0.328,0.051,3.6818027793601895e-16
TPP1,2.0005915275045792e-20,2.084049901963446,0.547,0.132,4.4179062701883623e-16
ATP2B1-AS1,2.881436741770162e-20,2.7762467901310073,0.312,0.046,6.363076756851048e-16
ZFP36L2,4.044048819032221e-20,2.185247899679182,0.562,0.145,8.930473007068853e-16
CD163L1,5.304613555915934e-20,1.8292841592988571,0.531,0.128,1.1714178115529157e-15
MT-ATP8,5.344782450753796e-20,1.4520039012598587,0.906,0.36,1.1802883085999608e-15
CTSD,5.51117240944811e-20,2.050504653867781,0.562,0.146,1.217032203178426e-15
MIR646HG,5.625751405716674e-20,2.023809787202361,0.484,0.104,1.242334682924413e-15
MT-ND4L,5.921764288920726e-20,1.3865021340595685,0.859,0.315,1.307703207922364e-15
SIGLEC1,6.87784379617425e-20,2.385402099663239,0.422,0.082,1.5188342455091597e-15
VAV1,6.954661554077583e-20,2.2280428394199685,0.406,0.075,1.5357979109869526e-15
AL160272.1,8.610486911707093e-20,2.4977409755347733,0.359,0.061,1.9014538247122774e-15
FTH1,8.753335849908661e-20,1.632140912441216,0.922,0.514,1.9329991557353294e-15
RASSF4,9.426085026966508e-20,2.551360814030329,0.422,0.086,2.081562356505014e-15
RTN1,1.0217060912053758e-19,1.7811923378018792,0.391,0.069,2.2562335612088313e-15
KCNJ5,1.1098611042997625e-19,2.6570274565307384,0.359,0.062,2.4509062766251656e-15
PTAFR,1.130379723820524e-19,2.8494227387767457,0.312,0.047,2.496217544112863e-15
LRRC39,1.4747054378283525e-19,2.064039631990894,0.453,0.095,3.256592018356351e-15
F13A1,1.5574701078877217e-19,2.087156964476172,0.719,0.269,3.439361239248456e-15
CTSZ,2.1493839187457796e-19,2.599783504696263,0.438,0.095,4.746484507766305e-15
FCGR1B,2.327497060554782e-19,2.832830318497375,0.281,0.039,5.139811758823125e-15
MS4A6A,2.475043518640641e-19,2.249683670804978,0.422,0.085,5.465638602214128e-15
CYBA,2.711651436436755e-19,1.7448338374995456,0.531,0.126,5.988139867083286e-15
KCTD12,2.7821062799256046e-19,1.773486433118121,0.688,0.218,6.1437252979597124e-15
HDAC9,2.876202858371632e-19,1.5189716535858981,0.562,0.145,6.351518772142075e-15
LRMP,3.8138274454421245e-19,2.961239963770262,0.297,0.045,8.422075147769844e-15
LPAR6,7.94595659025898e-19,2.111372819087199,0.516,0.128,1.7547055938268903e-14
STAB1,9.432764014483772e-19,1.846764523081534,0.438,0.089,2.0830372773184514e-14
BHLHE41,1.05999514109647e-18,2.427351647643375,0.438,0.097,2.340787270083335e-14
PRKCB,1.0692188959444245e-18,1.5129172132609026,0.438,0.088,2.3611560879140725e-14
SCN1A,1.09867306636481e-18,3.652715635511114,0.234,0.029,2.4261997324534097e-14
HIF1A,1.1409230027511275e-18,2.4342627748281713,0.812,0.5,2.519500266975315e-14
FCGRT,1.2314734347025341e-18,2.031863724402318,0.562,0.15,2.719462785853606e-14
CREG1,1.46209778257741e-18,2.0734565849609163,0.562,0.156,3.228750533265694e-14
RUNX1,1.7031364016967401e-18,2.03737700689111,0.594,0.179,3.761036115866911e-14
KLF7,1.8066560435462218e-18,2.0282940786276082,0.484,0.113,3.9896385409631215e-14
CD36,2.0515096176993415e-18,1.7994740147845398,0.906,0.523,4.530348688765456e-14
FKBP5,2.5167874713292162e-18,2.257143958820735,0.5,0.129,5.557821772936308e-14
PARP15,2.7823057404031374e-18,2.751189332539369,0.312,0.051,6.144165766532248e-14
PYCARD,3.019501947730312e-18,3.052956132861878,0.25,0.033,6.667966151172848e-14
CCR1,3.1763125399436197e-18,2.4571868771841388,0.359,0.066,7.014250981957496e-14
ATRNL1,3.4059980464323826e-18,2.159871336778389,0.547,0.152,7.52146548593663e-14
FYB1,4.539058851153561e-18,1.7638754035049342,0.625,0.186,1.002360366100241e-13
DDX60L,4.567740934966182e-18,2.1796404789615194,0.703,0.291,1.008694230668582e-13
NFATC2,4.983710649733845e-18,1.7497381879705636,0.625,0.189,1.100552822780725e-13
TSHZ3,6.132606795126759e-18,1.7268280494452295,0.625,0.187,1.3542635585678422e-13
RAB42,6.662753389107099e-18,3.1028813581935597,0.234,0.03,1.4713358309165207e-13
GAB3,7.724228645819935e-18,2.1130771252994482,0.438,0.097,1.7057414118564164e-13
IL6R,8.502484905187891e-18,2.2164548651447573,0.438,0.099,1.877603741612642e-13
NPC2,8.58983597843931e-18,1.921711599583625,0.516,0.131,1.8968934791187526e-13
SAMHD1,9.552215782302377e-18,1.781904709454161,0.484,0.114,2.1094158112058338e-13
EFHD2,1.075101925742377e-17,2.0334599572360803,0.453,0.103,2.3741475826168913e-13
ADAP2,1.1865993898134776e-17,1.9376531434526467,0.562,0.161,2.620367432525103e-13
RAP2B,1.3274559164316893e-17,1.402583742494433,0.688,0.212,2.9314209002560995e-13
TMEM273,1.426205345330782e-17,2.3675422524080716,0.359,0.068,3.149489264093966e-13
VAT1,1.5227936491850956e-17,2.3784420471624292,0.328,0.056,3.362785215495447e-13
EDA,1.8683630238637402e-17,2.2554489967606206,0.484,0.124,4.1259060655982974e-13
INAFM2,2.464621775953661e-17,3.3128232596169886,0.188,0.019,5.442624267838469e-13
LGMN,2.6944468422321693e-17,2.4222369979277505,0.641,0.262,5.950146961701299e-13
AC087672.2,2.725524109362555e-17,2.8159169355610283,0.219,0.026,6.01877489070533e-13
CD5L,2.860591039362796e-17,3.1195538815909014,0.281,0.044,6.317043192224862e-13
CD4,2.9606535262154555e-17,2.2809512604277016,0.406,0.088,6.53801118194159e-13
NEURL2,3.750372829665886e-17,2.452807228326045,0.312,0.053,8.281948319751177e-13
MITF,5.399189717945834e-17,2.353195141309861,0.578,0.183,1.1923030654139786e-12
TBXAS1,6.197161970723145e-17,1.9430288534643674,0.453,0.108,1.3685192779947922e-12
CPEB2,6.31828054933109e-17,1.9422799017057626,0.5,0.134,1.3952658937087846e-12
TYROBP,6.703127656513475e-17,1.7782752860534703,0.406,0.085,1.4802516803878706e-12
FHAD1,7.182992477943582e-17,3.154042257976192,0.219,0.027,1.5862202289042814e-12
AP1S2,7.32382565008414e-17,1.943099653633243,0.531,0.145,1.6173204183080806e-12
LDLRAD4,7.327773981421351e-17,1.455974956075851,0.688,0.228,1.618192328317277e-12
SLC9A9,7.454789455877577e-17,2.08306347502034,0.734,0.323,1.6462411555414452e-12
DOK5,7.63720372402044e-17,2.4063545663483352,0.344,0.064,1.6865236983754337e-12
AIF1,7.919019477664e-17,2.1464006969809413,0.344,0.063,1.748757071252541e-12
FRMD4B,8.495312587281361e-17,2.154259454223335,0.672,0.282,1.876019878649343e-12
OLFML2B,9.870636200188417e-17,2.736322337644028,0.312,0.056,2.1797325920876082e-12
CSF1R,1.0373290194395733e-16,1.8680054467094822,0.609,0.198,2.2907336736284097e-12
HLA-E,1.1357038837154237e-16,1.7048441061708601,0.609,0.191,2.50797488640877e-12
ITGAM,1.162827047831985e-16,2.3632962534740276,0.312,0.054,2.567870969727373e-12
CORO1A,1.275029190537554e-16,2.649414272420863,0.281,0.045,2.8156469614640806e-12
MS4A4A,1.3384057789723827e-16,1.9983020579918072,0.438,0.102,2.9556014817047125e-12
BMP2K,1.3483708557697116e-16,2.192843897429449,0.891,0.609,2.9776073607962543e-12
PCED1B-AS1,1.750465861622013e-16,3.4582126113481357,0.172,0.017,3.865553762219891e-12
TXNIP,1.7875576514264643e-16,1.7140573942395532,0.703,0.268,3.947463561645061e-12
SH3BGRL3,1.790527988412752e-16,1.9553075688552286,0.438,0.101,3.954022956811881e-12
MT-CO1,2.285632920368908e-16,1.210269103229069,1,0.795,5.047363178050659e-12
GABRA3,2.307704958734123e-16,2.0232852661855345,0.438,0.103,5.096104860372564e-12
GLUL,2.3136874853605385e-16,1.7577961442935477,0.703,0.266,5.109316073921677e-12
ZSWIM6,2.32556185116379e-16,1.4384774120936157,0.875,0.45,5.1355382359249976e-12
BTK,2.4282521333796406e-16,2.368457958589807,0.297,0.05,5.36230918614226e-12
RYR1,3.0507935391686414e-16,2.0319711077325415,0.359,0.072,6.737067372546111e-12
RGS2,3.0707426307468404e-16,2.3702077405397666,0.406,0.094,6.7811209514782475e-12
LCP2,4.628654996717678e-16,2.030726185478412,0.391,0.083,1.0221458829251648e-11
H3F3B,4.667872148593287e-16,1.3508609985427236,0.875,0.487,1.0308062065738556e-11
LILRB5,5.081161764352995e-16,2.9858419370033404,0.266,0.042,1.122072952422072e-11
HS3ST2,5.280704497675867e-16,3.0582504325313904,0.156,0.015,1.1661379742217618e-11
GMFG,6.246811760864673e-16,2.6968123226366014,0.281,0.047,1.3794834411517457e-11
CTSC,6.256293154279243e-16,1.4508396808212398,0.844,0.442,1.3815772172594853e-11
SH3BGRL,7.114500703538223e-16,1.5035079187536595,0.609,0.185,1.5710951903623458e-11
FGD5,7.52971887582589e-16,1.965493291611538,0.484,0.127,1.6627878193486313e-11
ARAP2,7.799008977424256e-16,1.7570232465074596,0.484,0.126,1.7222551524845984e-11
MCOLN1,8.089594954017385e-16,2.8603110549194812,0.312,0.06,1.786425253695659e-11
DYRK4,8.140501054615627e-16,2.3863798665870695,0.328,0.063,1.7976668478907688e-11
GASK1B,8.251682861845569e-16,2.07258493961081,0.484,0.134,1.822219126381357e-11
CPVL,1.01339205548013e-15,2.0223678130284544,0.516,0.15,2.237873676116771e-11
EGFL7,1.2441751217075105e-15,1.4429026511778908,0.406,0.089,2.7475119212666954e-11
CYTH4,1.3555731261898354e-15,2.197346042197052,0.328,0.063,2.9935121345650134e-11
CD86,1.4794179453432512e-15,2.2624094984908276,0.328,0.064,3.266998648701501e-11
MNDA,1.6364806600756297e-15,2.53838296003212,0.25,0.038,3.613840241645013e-11
CSTB,1.7678652964702477e-15,1.905236925800998,0.453,0.117,3.903976934195248e-11
C2,1.8714951081982632e-15,2.1157722410484747,0.453,0.121,4.132822647434225e-11
ZEB2,2.2657191570961732e-15,1.0827236483074807,0.969,0.555,5.0033876146154797e-11
HIST1H1E,2.6103847073118977e-15,2.2753485541983256,0.375,0.083,5.7645125491568635e-11
OTUD1,2.682960684321221e-15,2.84238914692222,0.234,0.034,5.924782079186553e-11
DAB2,2.8573740373372617e-15,2.0463489728438424,0.891,0.643,6.309939086651875e-11
METRNL,3.5131223495783532e-15,2.0796240833239574,0.422,0.103,7.758028084573877e-11
ARHGAP4,3.861964498939602e-15,2.2753485541983256,0.344,0.072,8.528376203008324e-11
DOCK4,3.8805425933761e-15,1.2697933103651546,0.734,0.287,8.569402208952441e-11
HRH1,4.440472456609807e-15,1.620845120224092,0.406,0.095,9.805895325931437e-11
MT-ND5,4.5145495144744664e-15,1.1627258044022013,0.969,0.521,9.969479692813964e-11
IKZF1,4.76249657718588e-15,1.8760783707777982,0.359,0.076,1.0517021191399579e-10
ACTB,4.997610529370923e-15,1.122537001757118,0.984,0.717,1.103622333200981e-10
MARCKS,5.1022295141039094e-15,1.5163566537021202,0.797,0.361,1.1267253435995663e-10
FLI1,5.108097226639433e-15,1.409365902170013,0.484,0.126,1.128021110558786e-10
METTL7B,5.349050503563019e-15,2.9244413923391974,0.234,0.036,1.1812308227018214e-10
CTTNBP2,5.810330630341125e-15,2.1192293522810433,0.438,0.113,1.2830953130982307e-10
AC078845.1,6.46991711137505e-15,3.4817994316657517,0.172,0.019,1.4287517957049522e-10
USP2,7.416330225164655e-15,3.275348554198325,0.172,0.019,1.6377482036231106e-10
OTULINL,7.604822529199536e-15,1.8032801098831024,0.344,0.069,1.6793729591231336e-10
MAP3K8,8.507105604522128e-15,2.17639169511491,0.719,0.37,1.8786241306466216e-10
MFSD1,8.567175198804974e-15,2.2949108205768436,0.5,0.156,1.8918892991521025e-10
HBG2,8.762240243511674e-15,-1.0002016646290794,0.969,0.451,1.934965512974683e-10
TRPS1,9.337654703942923e-15,1.6444912875065198,0.641,0.237,2.0620342882717158e-10
FSCN1,9.984822884964545e-15,2.25668470993329,0.422,0.109,2.2049484376867202e-10
ODC1,1.0005411286616611e-14,2.440772163405697,0.281,0.051,2.2094949744235462e-10
MBOAT1,1.1687045216994398e-14,2.2633759125322497,0.391,0.094,2.580850195268873e-10
MT-CO3,1.3166143255769853e-14,1.0454810122997307,1,0.731,2.9074794151716565e-10
MIR99AHG,1.5408403309580262e-14,1.4221899425275966,0.656,0.228,3.402637702854609e-10
ENPP2,1.8412446321699966e-14,1.1598713367783895,0.844,0.358,4.0660205212210033e-10
SLA,2.1408529749447752e-14,2.528796911202921,0.281,0.052,4.727645624570547e-10
COBLL1,2.2162586491723488e-14,-1.9318383592763362,0.234,0.741,4.894163974967298e-10
AOAH,2.374993532632657e-14,1.908566223526703,0.328,0.067,5.244698218112696e-10
TUBA1A,2.3761486318366018e-14,1.9997141115848982,0.438,0.117,5.247249023684768e-10
DUSP1,2.767912928163926e-14,2.0246978728203637,0.5,0.151,6.112382119264398e-10
PSTPIP1,2.799637506336601e-14,3.4008794362821844,0.156,0.017,6.182439505243116e-10
H3F3A,2.8922613546473365e-14,1.2047565863682714,0.906,0.496,6.386980749467713e-10
AC108134.3,3.257507447450821e-14,3.4817994316657512,0.141,0.013,7.193553696205648e-10
PIK3CG,3.487220790397305e-14,2.91920474397305,0.25,0.042,7.700829671434368e-10
BIN1,3.637796228176253e-14,1.8564791933284546,0.438,0.117,8.033345410681619e-10
SLC25A20,3.797193288459321e-14,3.2388226781732112,0.172,0.02,8.385341938904718e-10
IFI16,4.0069884699285145e-14,1.6998463827262356,0.578,0.197,8.848632638143139e-10
PTPRO,4.1707330812817375e-14,2.3791843651828657,0.328,0.07,9.210229863394461e-10
B2M,4.3138135601893974e-14,1.3891424482389005,0.875,0.51,9.526194484966247e-10
DISP1,4.777519568739334e-14,1.4139726178421754,0.672,0.255,1.055019646364707e-9
ITGB2,4.8439788208446656e-14,2.298807527022314,0.297,0.058,1.0696958430071275e-9
SDCBP,5.467565258072057e-14,1.7694958917338148,0.703,0.338,1.2074024359400523e-9
ATP6AP2,6.014843423520816e-14,2.0440230080918695,0.562,0.208,1.3282578732161017e-9
RGL1,6.186644565018574e-14,1.710698508899426,0.625,0.252,1.3661967192930517e-9
AC084740.1,6.494076446702538e-14,3.4214268136862698,0.219,0.034,1.4340869017253215e-9
CYTH1,6.660939895505895e-14,1.8691892062659345,0.609,0.247,1.4709353571245669e-9
CCL3,6.994422678759707e-14,2.962190668938695,0.188,0.025,1.5445783601505061e-9
APOBEC3C,7.06823549741568e-14,2.485271623572557,0.234,0.038,1.5608784448943046e-9
BLVRB,7.975180894848995e-14,1.3941115034283125,0.516,0.152,1.7611591970095038e-9
CD33,8.171367126271632e-14,3.20319876844249,0.172,0.021,1.8044830024945644e-9
SRXN1,8.171367126271632e-14,3.20319876844249,0.172,0.021,1.8044830024945644e-9
DOCK11,8.744724428507099e-14,1.5428984411546123,0.625,0.229,1.9310974955472228e-9
PYGL,9.36885021436046e-14,2.0153366512222313,0.578,0.209,2.0689231928372203e-9
MT-ND2,9.61113171901114e-14,0.8070503118587302,0.984,0.63,2.1224262175092303e-9
GNG2,1.0775043023129855e-13,1.3423178211260167,0.516,0.154,2.379452750797766e-9
POU2F2,1.208123878388513e-13,1.9647803214755108,0.359,0.083,2.6678999606453536e-9
C9,1.242963593151781e-13,1.702581350447474,0.422,0.115,2.7448365027570777e-9
NR4A2,1.2650260136086148e-13,2.5853040074196114,0.266,0.049,2.793556945851904e-9
SCN1B,1.408062406151506e-13,2.939745522413887,0.188,0.025,3.1094242115043708e-9
DOK3,1.4989690416057076e-13,2.6123835414758965,0.219,0.034,3.310173334577884e-9
NRP2,1.5119890351568709e-13,1.2840030195088636,0.859,0.529,3.338925386336918e-9
RNF213,1.6246495559113376e-13,1.5339279023254975,0.828,0.476,3.587713614319007e-9
HIST2H2AC,1.8253795440956118e-13,2.041858423978547,0.391,0.098,4.0309856472263395e-9
CELF4,1.9687244683457086e-13,2.637918633583034,0.203,0.03,4.347534243447829e-9
ASAH1,2.1385168820410221e-13,2.0061619213829367,0.594,0.232,4.722486830611189e-9
AC018742.1,2.1606521195848548e-13,2.7757775447078137,0.172,0.022,4.771368075679235e-9
MT-ND1,2.5755956335105244e-13,0.8956249715080595,0.984,0.624,5.6876878374812914e-09
MS4A7,2.995171973240477e-13,2.46472591830681,0.297,0.061,6.614238268506946e-9
RAB32,3.0527070256384204e-13,2.832830318497375,0.25,0.046,6.7412929247173235e-9
SLC38A6,3.165151112928025e-13,1.7350028281398515,0.578,0.218,6.989603202678958e-9
NAMPT,3.181594578726682e-13,2.3457378820897237,0.484,0.162,7.0259153082021325e-9
MAST4,3.2052979591265627e-13,-3.06884870453007,0.266,0.698,7.0782594831391886e-9
MT-ND3,3.378426377053268e-13,0.9300791635450287,0.984,0.646,7.460578968446732e-9
AC091271.1,3.4338743501561705e-13,3.3512974074316237,0.156,0.018,7.583024727449872e-9
CCDC152,3.454752570713488e-13,2.3902843210429854,0.328,0.075,7.629130101906595e-9
PLXDC2,3.6269372257998777e-13,1.2182735795878084,0.781,0.379,8.00936547573387e-9
RAB20,3.984171442549612e-13,2.112619054160217,0.453,0.139,8.798245796582307e-9
CCND1,4.173497396310222e-13,1.755974395104746,0.391,0.098,9.216334300271863e-9
GIMAP6,4.286084253631027e-13,3.110289307927829,0.156,0.018,9.464959857293396e-9
TPT1,4.310744411333294e-13,0.8831376466133001,0.984,0.698,9.519416883547313e-9
WDFY4,4.451661600985251e-13,1.7310280379745153,0.312,0.066,9.83060431345573e-9
GK,4.583169608043333e-13,2.405116429168655,0.297,0.062,1.0121013445442093e-8
SLC38A7,4.636111584511039e-13,2.3748842277492397,0.344,0.081,1.0237925212075728e-8
P2RX7,4.875223987668996e-13,2.524708023135043,0.25,0.046,1.0765957131969444e-8
ZNF804A,5.095577061783711e-13,2.524708023135043,0.156,0.018,1.125256282553697e-8
PIAS2,5.513137082344343e-13,1.5449556139556055,0.609,0.219,1.2174660618941012e-8
AC025569.1,5.592688450129883e-13,1.7968081126133233,0.266,0.049,1.2350333904421822e-8
MTDH,5.604383651439402e-13,1.268533732642014,0.688,0.269,1.2376160417473632e-8
CCDC88A,5.857503745272407e-13,1.4431427681900604,0.734,0.35,1.2935125520685056e-8
TSPAN7,6.405968895502031e-13,2.2082343583397885,0.25,0.045,1.4146301111937136e-8
MT-ND4,6.918360894498577e-13,0.9294993458824501,0.984,0.698,1.5277816363321208e-08
DTNB,8.237769116007755e-13,1.6811352812102258,0.609,0.257,1.8191465538879926e-8
CCL2,8.265426274105185e-13,3.030236056361794,0.156,0.019,1.825254084110648e-8
GLIPR1,8.267223151719476e-13,2.1028813581935597,0.344,0.082,1.825650888594212e-8
NINJ1,8.496469325588619e-13,2.113885131504209,0.344,0.082,1.8762753211697348e-8
RBPJ,8.876293373502422e-13,2.093178133794839,0.906,0.728,1.96015186567054e-8
AC126177.3,9.982630314463104e-13,1.8709582991189904,0.281,0.056,2.2044642523428872e-8
TMEM236,1.0796155197493511e-12,2.8014173658659125,0.203,0.032,2.3841149522624923e-8
FOS,1.1732590505633436e-12,1.3867275458370685,0.781,0.428,2.5909079613590316e-8
ASAP2,1.1845782637004333e-12,1.695039912483386,0.484,0.151,2.615904179729667e-8
MT-ATP6,1.266188276559486e-12,0.8188790551079252,1,0.747,2.7961235711263128e-8
MAN1A1,1.3462309335737967e-12,1.2601743333015039,0.906,0.558,2.9728817706110152e-8
COPRS,1.3663164458057229e-12,2.993577585782946,0.203,0.032,3.0172366072727775e-8
NIPSNAP3B,1.385807372832559e-12,2.1770464805865215,0.297,0.063,3.06027842142614e-8
ZC3H12C,1.4598283767926081e-12,1.977333079255291,0.5,0.179,3.223739004471117e-8
MRVI1-AS1,1.4824020985509167e-12,2.5066741003047808,0.219,0.037,3.2735885542299897e-8
NLRP3,1.5066239173997292e-12,3.3578107143902987,0.141,0.016,3.327077596793822e-8
PLCH1,1.644736186803784e-12,3.0004887129677416,0.219,0.037,3.6320709213187964e-8
C12orf4,1.6679443071719933e-12,2.0058518977348347,0.547,0.205,3.683321413527913e-8
LCP1,1.6725094245573097e-12,1.7456877558677066,0.469,0.145,3.693402562249907e-8
CFL1,1.7705427102965435e-12,1.3567231191326927,0.688,0.283,3.909889467147857e-8
HBEGF,1.83617902871709e-12,3.0529561328618775,0.141,0.016,4.0548341491159505e-8
GRN,1.9567989072226096e-12,1.4551079157452134,0.547,0.188,4.321199026819689e-8
MKNK1,1.9841127183698175e-12,2.1763100188469853,0.531,0.209,4.381516115976068e-8
TTYH3,1.998325150434939e-12,2.1206259593996832,0.422,0.125,4.412901429705476e-8
DEF6,2.148213206654324e-12,2.0628039188182243,0.391,0.109,4.743899224254744e-8
CST3,2.447975915141785e-12,1.656034548686392,0.547,0.193,5.4058652134076034e-8
PHLDB2,2.7161031733110203e-12,-2.619158316954361,0.266,0.701,5.997970637622726e-8
MPP1,2.8469474578837977e-12,1.4924466758652604,0.578,0.213,6.28691407124479e-8
MT-CO2,2.875845636605103e-12,0.7939261537640294,1,0.725,6.350729919315048e-8
RTN4,3.1024218617608668e-12,1.2339864496429298,0.891,0.68,6.851078197326522e-8
SLC2A3,3.1921743077525687e-12,2.0289106588952266,0.453,0.144,7.049278523809998e-8
DOK2,3.704257512637533e-12,3.068897676730899,0.156,0.02,8.180111865157465e-8
TNFRSF1B,3.739437752022959e-12,1.705734017810605,0.406,0.113,8.2578003877923e-8
LGALS1,3.8993169184454885e-12,1.2914682195616025,0.594,0.212,8.610861551003172e-8
RPL15,3.9951900563933505e-12,0.9552953069314003,0.859,0.445,8.822578201533436e-8
SLCO2B1,4.271414010167484e-12,1.4804356108228396,0.438,0.125,9.432563558652855e-8
GAS6,4.6631567561972855e-12,1.871282172740485,0.359,0.091,1.0297649064710465e-7
DOCK10,4.728088651793735e-12,1.7672016505280004,0.328,0.078,1.0441038169756105e-7
MCTP1,4.747135533945351e-12,1.695924237018599,0.406,0.114,1.0483099399611517e-7
CAPZB,4.7562721163867895e-12,1.2710419986396029,0.875,0.613,1.0503275714616947e-7
ATP6V1B2,4.817367562003471e-12,1.766074985073716,0.469,0.153,1.0638192787172264e-7
CALM3,5.204025949876778e-12,1.7819696036376904,0.453,0.142,1.1492050505112889e-7
HCK,5.547124381000696e-12,2.1680145100870036,0.312,0.073,1.2249714770563836e-7
LINC00470,5.68649834814901e-12,-1.6950262766923965,0.297,0.737,1.2557494302217457e-7
AC008083.3,6.265773599981542e-12,2.494661582602802,0.188,0.029,1.3836707840839239e-7
IFITM2,6.283361692434636e-12,1.4090999430871527,0.391,0.102,1.3875547625403408e-7
PTMS,6.758716502953381e-12,1.5991563823039106,0.547,0.199,1.492527365347195e-7
COLEC12,7.197478229006243e-12,1.202678172355348,0.938,0.735,1.5894191173114488e-7
ABCC5,7.311475691742774e-12,1.7056297655403796,0.469,0.154,1.6145931770075568e-7
CTSL,7.343794292462448e-12,1.443075999936392,0.734,0.359,1.6217300936044824e-7
SYNE2,7.773029039560843e-12,-1.4146118553522373,0.5,0.869,1.716518002806221e-7
HAGHL,7.96044947826709e-12,3.2753485541983256,0.141,0.017,1.7579060582857214e-7
ABCA1,7.9677106883710355e-12,1.5607063995106774,0.75,0.422,1.7595095513129758e-7
TTC21B,9.394273940255017e-12,2.017718952805336,0.594,0.251,2.0745375142265154e-7
NPL,9.549779515162289e-12,1.7070647946237996,0.641,0.308,2.1088778103332884e-7
BCL11A,9.804882583017112e-12,1.561519458830054,0.359,0.093,2.1652122208076686e-7
RASGRP3,1.02614402094335e-11,2.262964829742493,0.328,0.081,2.2660338414491998e-7
ADAM9,1.113461902173319e-11,1.3012340145252992,0.844,0.594,2.4588579185693404e-7
CEP170,1.1808698323704638e-11,1.474474025028505,0.734,0.41,2.607714850823695e-7
GIPC2,1.2233414878529377e-11,2.0375809069749615,0.359,0.096,2.701505007625642e-7
RCSD1,1.2868843452706488e-11,1.6348909408854655,0.359,0.093,2.8418266996611735e-7
GRIP1,1.3336202586803288e-11,-2.2520651860305994,0.266,0.679,2.94503361724377e-7
C5AR2,1.4714564138571214e-11,3.538382960032119,0.109,0.01,3.249417198720681e-7
GATM,1.4996241986554323e-11,1.7899217270280838,0.328,0.08,3.311620117890791e-7
TRIB1,1.5421784772196052e-11,2.2414012222749875,0.266,0.056,3.405592731244054e-7
S100A9,1.6010549964224648e-11,1.2347944558476904,0.5,0.164,3.535609748599729e-7
GULP1,1.6280135909602683e-11,-2.1050234884678387,0.312,0.74,3.5951424129175605e-7
FGD2,1.6429408343674008e-11,2.1973460421970525,0.25,0.051,3.628106244533531e-7
CXorf21,1.7279695862987086e-11,2.7533958510029692,0.172,0.025,3.8158752374234384e-7
JAK2,1.734043976704433e-11,1.5613441084754303,0.766,0.441,3.8292893137563994e-7
GRK3,1.749544470073166e-11,1.4512973432684078,0.562,0.222,3.8635190532625723e-7
CD63,1.7545941779337303e-11,0.8244108285841764,0.891,0.467,3.8746703231310567e-7
RNF145,1.7768918886907576e-11,1.4656266175968051,0.734,0.359,3.9239103577958e-7
KLHL6,1.7796075966566638e-11,2.40861508506179,0.219,0.04,3.929907455696911e-7
HIST1H4E,1.8044338082295498e-11,2.156295882554562,0.312,0.076,3.984731178713315e-7
ACSL1,1.840584542687788e-11,2.2880596059478795,0.328,0.084,4.064562845617442e-7
CXCL16,1.8995980799684423e-11,3.159871336778389,0.141,0.017,4.194882439994311e-7
PRKAR1A,1.9144231363729967e-11,1.3103805703530875,0.609,0.251,4.2276206120524886e-7
NNMT,2.0091568686270107e-11,2.893477918854681,0.188,0.03,4.436821112989028e-7
PFDN5,2.2355423123167027e-11,1.7284858434120618,0.531,0.203,4.936748088288975e-7
PREX1,2.333458360979109e-11,1.4600273223306646,0.422,0.124,5.152976098550166e-7
CD109,2.3544987513429488e-11,2.042261532065641,0.406,0.129,5.199439592590633e-7
GPR137B,2.4174700044590348e-11,1.5196868663222143,0.562,0.218,5.338499010846886e-7
MT-CYB,2.428960789942682e-11,0.752611536045598,0.969,0.656,5.363874112430425e-7
ATP7A,2.8395605674443366e-11,2.329796338220701,0.25,0.052,6.270601601087329e-7
ZNF83,2.9355145996364844e-11,-2.076831528771108,0.312,0.704,6.482496890377249e-7
TM2D2,3.076850971910591e-11,1.9267384166584576,0.312,0.076,6.794610001270159e-7
TENM3,3.34617702340485e-11,-3.9683726093771,0.266,0.649,7.389362720784931e-7
C20orf194,3.5285125939293524e-11,1.4402329389401076,0.656,0.308,7.792014361174189e-7
MFHAS1,3.6025561972728296e-11,1.3835855127110828,0.594,0.244,7.95552485043759e-7
CEBPD,3.7553560209523934e-11,1.3005491083234682,0.609,0.238,8.29295270106917e-7
INKA1,3.9454192980262256e-11,3.0529561328618775,0.141,0.018,8.712669435831314e-7
PIK3R5,3.9495808265998786e-11,1.5653500076323883,0.281,0.062,8.721859339380512e-7
AC138207.5,4.3901147508221346e-11,3.467993632140721,0.109,0.011,9.69469040424052e-7
RNF130,4.5115024856769566e-11,1.58355694205902,0.625,0.301,9.962750939120424e-7
ATP8A1,4.5291513567089554e-11,2.2008016008332714,0.203,0.036,1.0001724941020386e-6
TUSC3,4.59289374009784e-11,-1.5897517052150532,0.375,0.779,1.0142487246258058e-6
ITM2B,4.704270845347966e-11,1.5226834790899895,0.875,0.643,1.0388441307781913e-6
NME2,4.963719021725354e-11,1.2400416854623724,0.469,0.146,1.09613807156761e-6
PIK3AP1,5.177723402885324e-11,1.4498813367561816,0.438,0.135,1.143396659059166e-6
LINC01949,5.231295806385186e-11,-3.0128428294589873,0.219,0.638,1.1552270529240406e-6
HLA-B,5.243873671036195e-11,0.9963125535041846,0.547,0.188,1.158004622774923e-6
TPM3,5.300279103158407e-11,1.5196868663222145,0.641,0.295,1.170460634350471e-6
OAS1,5.342084146831386e-11,2.4217380411798484,0.234,0.047,1.1796924421447749e-6
SNX30,5.721603631949345e-11,1.735615307470167,0.375,0.108,1.2635017300433738e-6
PARD3,6.129224706623132e-11,-1.9326418790346362,0.406,0.8,1.3535166919635863e-6
SLC15A3,6.627884112160753e-11,2.472040465203423,0.219,0.042,1.4636356484884591e-6
ANK3,6.842425993920967e-11,-2.2040467858581363,0.344,0.717,1.511012932237567e-6
PLXND1,7.469712335696962e-11,1.6285807690036975,0.5,0.183,1.64953657509196e-6
LRMDA,7.624428612812746e-11,1.082792578256445,0.688,0.352,1.6837025705674389e-6
GLI3,8.380359247543704e-11,-1.7230686754389837,0.359,0.771,1.8506347326350762e-6
MGST2,8.434477366407062e-11,1.5954833672626372,0.547,0.218,1.8625856368236715e-6
CERS6,8.601761960008256e-11,1.4197384635335002,0.562,0.221,1.8995270936286233e-6
KCNQ1,8.637527957471932e-11,1.5642615918577247,0.422,0.13,1.907425298848527e-6
MYO1F,8.92417581094978e-11,1.9138920951243255,0.281,0.065,1.97072574433204e-6
NFKBID,9.1132902914209e-11,3.052956132861878,0.188,0.032,2.0124878950544774e-6
EPAS1,9.58643975921252e-11,-1.476942771196717,0.531,0.877,2.1169734920269007e-6
PCED1B,9.874821911197771e-11,1.3728650601125878,0.531,0.196,2.180656922649804e-6
AC131956.2,1.0944802633479293e-10,2.538382960032119,0.156,0.023,2.416940765551232e-6
ERBIN,1.1197554717935444e-10,1.2065393962796742,0.891,0.585,2.472756008361684e-6
ARHGAP24,1.2027231198856377e-10,-2.280701254607592,0.344,0.742,2.6559734656434535e-6
MICOS10,1.2176418980835637e-10,2.030544885441618,0.453,0.156,2.6889186035379337e-6
SH2B3,1.2225168023630302e-10,2.0066004971701377,0.328,0.089,2.6996838546582795e-6
AL359762.1,1.2408881444018978e-10,3.3367490988624686,0.109,0.011,2.740253289282711e-6
PROS1,1.254033244131469e-10,1.1222187952989913,0.531,0.182,2.7692816130155227e-6
ADAMTS6,1.274605822336578e-10,-2.3109794885470603,0.203,0.602,2.814712037465865e-6
CLIC1,1.301731298341801e-10,1.408465930753992,0.484,0.162,2.874613226128199e-6
DENND3,1.3184114891506478e-10,1.886306263452426,0.328,0.087,2.9114480914913755e-6
MBP,1.3286914454266817e-10,1.834158767063513,0.328,0.087,2.9341493189357414e-6
MARCO,1.3384877471414058e-10,2.809684981849514,0.188,0.033,2.9557824920123664e-6
PSAP,1.3442263132744755e-10,1.3159905386956712,0.781,0.471,2.968454967604024e-6
LINC01266,1.4652293716841773e-10,2.968459858775104,0.172,0.027,3.2356660214901687e-6
PER3,1.53439886660921e-10,2.108570108072877,0.312,0.081,3.388413017133118e-6
UAP1L1,1.6129468712255218e-10,2.744833837499546,0.188,0.033,3.5618705757273195e-6
FP671120.4,1.6615929919086243e-10,2.827889577227104,0.156,0.023,3.669295804031815e-6
GPNMB,1.68643228485182e-10,2.5192741370844143,0.422,0.146,3.7241484146382738e-6
SHANK2,1.7242318396485572e-10,-2.5330163049259955,0.203,0.61,3.807621171495909e-6
ATP2B1,1.7897136917034972e-10,1.5558000131095286,0.781,0.541,3.9522247453888325e-6
PDGFC,1.8025494388985763e-10,1.538382960032119,0.547,0.215,3.980569925919726e-6
PARP9,1.8225111338002294e-10,1.8837700277434701,0.344,0.096,4.024651336771047e-6
EMP3,1.9332780641335981e-10,1.8945267702573942,0.328,0.089,4.269257949026225e-6
PEAK1,1.9676522419105902e-10,1.1608311073255215,0.875,0.598,4.3451664458111565e-6
EEF1A1,2.0199041481798344e-10,0.6429978258994025,1,0.849,4.4605543304255284e-6
PRDM1,2.0307442832422686e-10,2.7823085429182086,0.156,0.024,4.4844926006839014e-6
DNM1,2.0920099516624154e-10,1.6770892308637115,0.375,0.11,4.619785576256112e-6
FAM157C,2.2411727185348897e-10,2.4977409755347737,0.188,0.033,4.9491817143405965e-6
RHOBTB1,2.3103743748597249e-10,-1.7436820406828337,0.312,0.685,5.101999732002731e-6
AKT3,2.3463619217555554e-10,-2.1492207072531695,0.297,0.671,5.181471031812793e-6
INPP5D,2.3663100846825847e-10,1.7834954578686504,0.359,0.105,5.225522560004552e-6
ATP6V0B,2.3998638573864524e-10,1.9819896115077338,0.344,0.098,5.299619356266503e-6
LILRB3,2.524239018222718e-10,2.6508576892905316,0.188,0.033,5.5742770239412284e-6
SLC36A1,2.5487696021721857e-10,1.6754357120111978,0.344,0.096,5.6284479124768375e-6
VPS35,2.877809365684501e-10,1.4529053274686996,0.594,0.267,6.355066422241083e-6
HBG1,2.93235877970504e-10,-0.7189934530645277,0.656,0.269,6.47552789322264e-6
PIK3CD,2.9795120243366996e-10,1.9217115995836247,0.234,0.049,6.5796564033427335e-6
MARCH1,3.128082674973373e-10,2.054978130447089,0.422,0.147,6.9077449711437e-6
PDZD2,3.2199638847955706e-10,-2.06660659536874,0.203,0.612,7.110646246794058e-6
IL10RA,3.2390367835858445e-10,1.8369785510888579,0.266,0.061,7.152764929192621e-6
CDV3,3.377126486615604e-10,1.4839351760097428,0.609,0.272,7.457708420393238e-6
AL161785.1,3.416422453415885e-10,2.583470849560657,0.172,0.029,7.544485703878299e-6
CAMK1D,3.6423087560969964e-10,1.4788819482834574,0.422,0.139,8.043310426088998e-6
ETNK1,4.310924110186124e-10,0.9283294783481325,0.906,0.623,9.519813712524017e-6
ICA1,4.338407731690224e-10,1.5881811931502705,0.422,0.14,9.580505793891521e-6
PBX1,4.480328798084982e-10,-2.12654679300598,0.297,0.694,9.893910084811065e-6
CLTC,5.064913670488277e-10,1.2070561671425073,0.922,0.757,1.1184848858539263e-5
MFSD4B,5.423554978799351e-10,-1.8534347415636434,0.516,0.797,1.1976836459682607e-5
SNX2,5.885896705904502e-10,1.218366986088534,0.75,0.482,1.2997825695648913e-5
IFITM3,5.892343226042391e-10,0.7955563693849079,0.656,0.261,1.3012061546069412e-5
AP1B1,6.053670120712311e-10,1.6559525564132953,0.516,0.212,1.3368319727568995e-5
UNC93B1,6.123382170565675e-10,2.191932546010688,0.203,0.039,1.3522264847260182e-5
ARHGDIB,6.346452891339453e-10,2.1398335835418445,0.328,0.095,1.4014871919944914e-5
LINC01500,6.673942985861329e-10,1.8657861849856325,0.219,0.045,1.4738068295677573e-5
ZFAT,6.941133818973081e-10,-2.557541459966416,0.328,0.669,1.5328105812438255e-5
BICD1,6.989980024910426e-10,0.4888836990794878,0.453,0.149,1.5435972889009694e-5
S100A1,7.124540172855615e-10,2.6903860534771695,0.172,0.03,1.5733122063717054e-5
TSPAN33,7.467790647700711e-10,2.8014173658659134,0.156,0.025,1.649112208731748e-5
AC104041.1,7.90343202571805e-10,-1.787560168255385,0.375,0.738,1.745314894239317e-5
LINC01605,8.121752000968454e-10,1.6639138421159783,0.312,0.084,1.7935264943738637e-5
ANKH,8.605462157337697e-10,2.3283781297900488,0.719,0.515,1.9003442082048836e-5
TLR5,8.893286887909083e-10,2.2995961004450027,0.219,0.046,1.9639045434569626e-5
PTPN18,9.344059519690545e-10,2.0348845599398593,0.422,0.153,2.063448663733263e-5
TREM2,9.67369857187183e-10,2.890684703963,0.141,0.02,2.1362428556264562e-5
SLFN11,9.69209220644775e-10,2.0947763085565043,0.234,0.052,2.1403047219498566e-5
GLMP,9.69868105356752e-10,2.1161499593490714,0.234,0.052,2.1417597370593155e-5
MPPED2,9.768156046611096e-10,1.1102893079278289,0.359,0.102,2.1571018997731283e-5
ZFP36L1,9.833669990956922e-10,0.9661547243613627,0.906,0.671,2.171569344103017e-5
LINC01194,9.873741918247814e-10,-2.0145894264446,0.312,0.682,2.180418427806665e-5
SKAP2,1.049110124965166e-9,1.8262178562510736,0.516,0.231,2.3167498889605758e-5
RAI14,1.0591822024150604e-9,-1.921721086974792,0.266,0.648,2.338992057593178e-5
DKK2,1.0865394175280536e-9,1.0488400243896456,0.266,0.065,2.3994049957272007e-5
AGAP1,1.08729838721972e-9,-1.8768799427376743,0.484,0.784,2.401081028497308e-5
ACTG1,1.0934128368506511e-9,0.8666749604343432,0.875,0.549,2.4145835676172928e-5
RNASET2,1.0988460563787882e-9,1.9825668049704794,0.328,0.095,2.426581746301278e-5
SEMA6A,1.1070373662709104e-9,-2.246561775987529,0.297,0.665,2.4446706159360515e-5
SMAP2,1.1246946065923704e-9,1.6219063155944027,0.484,0.185,2.4836630997379314e-5
NCF2,1.1427022658443354e-9,2.1074039168842535,0.266,0.065,2.523429413664046e-5
GAB1,1.1505116741171873e-9,-1.7810798919055193,0.375,0.735,2.5406749299529847e-5
ATP6V1D,1.1795517451621701e-9,1.4596398448108405,0.469,0.169,2.6048041188416202e-5
MSN,1.1938466160316713e-9,1.3591801450017962,0.5,0.19,2.63637148218274e-5
CXorf38,1.215606823491868e-9,1.9757882723394178,0.312,0.087,2.6844245483170923e-5
FPR1,1.2160342710501928e-9,2.3278159740924615,0.188,0.035,2.685368480760141e-5
ICAM1,1.2355747778238734e-9,2.4582126113481357,0.172,0.03,2.7285197818684597e-5
NFKBIA,1.257117320984491e-9,1.7331991370161424,0.453,0.169,2.7760921799300518e-5
ALB,1.319234211329513e-9,2.0068597182724233,0.234,0.053,2.9132649088789636e-5
FAM184A,1.3488934205274213e-9,-3.490628126626949,0.141,0.526,2.9787613405507047e-5
IRF8,1.3728919435214015e-9,2.6123835414758965,0.156,0.025,3.031757278878311e-5
NRAS,1.4801171053460736e-9,2.0078682433333395,0.297,0.081,3.2685426037357346e-5
AKR1A1,1.51752385922568e-9,1.746095486063457,0.406,0.138,3.351147938328069e-5
LINC02055,1.5205402665223902e-9,-3.6302055938473794,0.219,0.575,3.357809070561394e-5
HLX,1.5456439194146586e-9,3.132390600356283,0.156,0.026,3.41324546724339e-5
RPS23,1.5806647738996985e-9,0.7480337124769847,0.891,0.564,3.490582020202704e-5
CCDC136,1.588965670504571e-9,2.9427732151114547,0.125,0.017,3.508912890175244e-5
GAD1,1.660561262865477e-9,3.2753485541983256,0.109,0.013,3.667017436785833e-5
TRAPPC5,1.6741551530718742e-9,1.8288328234463136,0.344,0.104,3.69703682452862e-5
SLC12A7,1.72400738084763e-9,2.3128232596169886,0.188,0.036,3.807125499125821e-5
DMXL2,1.8272324677319797e-9,1.1924275944983074,0.766,0.423,4.0350774584925306e-5
TMEM37,1.896159240320808e-9,2.4977409755347737,0.188,0.036,4.1872884504004404e-5
NCKAP1,1.8990430360209742e-9,-1.6280312226130422,0.281,0.678,4.1936567364451176e-5
TEAD1,1.906722259428301e-9,-1.848621552339947,0.297,0.684,4.210614765495517e-5
STX7,1.936325478799009e-9,1.2538299919437716,0.781,0.522,4.275987554831851e-5
ARRDC4,1.9427357316878683e-9,1.7469695818435365,0.297,0.079,4.29014331628632e-5
SPIRE1,1.9678853206152083e-9,1.1202125712683129,0.531,0.211,4.345681153514564e-5
MEF2A,1.990842651298306e-9,1.1275332577167088,0.844,0.58,4.3963778268620494e-5
CALM1,2.0065240008420676e-9,1.0249538404255527,0.812,0.461,4.431006951059538e-5
PKIB,2.168711776486443e-9,-1.7145977811377517,0.297,0.692,4.789166216015012e-5
KLF2,2.1806644188174147e-9,1.8703647195834046,0.328,0.098,4.8155612360744966e-5
BCKDK,2.224844225881074e-9,2.736928639414199,0.172,0.031,4.9131235040131754e-5
CMKLR1,2.227407262216911e-9,1.2433381592957047,0.344,0.097,4.918783457153605e-5
GAS7,2.239319428907495e-9,0.9057700557146033,0.672,0.287,4.945089094856421e-5
ALOX5,2.335271212993897e-9,1.6297447021373332,0.375,0.117,5.156979419654422e-5
PIK3R1,2.339995330050585e-9,0.9621906689386952,0.797,0.471,5.167411687350707e-5
RGS10,2.3790604547846e-9,1.732555507721109,0.297,0.08,5.253679202300832e-5
GNAI2,2.4323911379232512e-9,1.5999213703412516,0.547,0.242,5.371449349875916e-5
COCH,2.5217008219524043e-9,3.0238097872023615,0.156,0.026,5.5686719251174944e-5
IRF5,2.627046601277306e-9,3.1378450304483905,0.125,0.017,5.8013070096006746e-5
ID2,2.634933445296876e-9,1.8687232947356818,0.344,0.107,5.818723527249091e-5
AP2M1,2.7166443191362783e-9,1.4679936321407214,0.516,0.215,5.9991656499486435e-5
RPS11,2.773503393709948e-9,0.9295737173565953,0.828,0.514,6.124727544329678e-5
DOCK9,2.8477773520375814e-9,-3.931665765979207,0.109,0.478,6.28874672650459e-5
SYT1,2.960587893728597e-9,1.659237354906505,0.609,0.301,6.53786624572086e-5
NEXMIF,2.997333581156107e-9,2.00233005979191,0.188,0.036,6.619011747267032e-5
HBA2,3.0759552151193238e-9,-1.075980457129596,0.75,0.337,6.792631901548002e-5
PIK3CB,3.092249434880589e-9,-2.271031484203779,0.312,0.652,6.828614427046805e-5
HNMT,3.144961744421978e-9,1.4748041642576144,0.516,0.22,6.945019020207053e-5
DNASE2,3.188001457178233e-9,2.8364643129651137,0.172,0.032,7.040063617886691e-5
CABLES1,3.1958176628166866e-9,1.9137107495089916,0.453,0.175,7.057324144798089e-5
CEPT1,3.2621548832790744e-9,1.1244730067590005,0.719,0.4,7.20381662874518e-5
ITPR2,3.3697522534677952e-9,1.1751406996183948,0.844,0.707,7.441423901332932e-5
PIAS1,3.395055004707986e-9,0.9520913988384433,0.938,0.751,7.497299966896645e-5
SP100,3.405311038272445e-9,1.321952096934388,0.609,0.285,7.519948365817041e-5
SIPA1,3.4825237280413413e-9,2.538382960032119,0.156,0.026,7.690457148633694e-5
DLG5,3.5109878633867244e-9,-1.952757518332516,0.234,0.616,7.753314498716903e-5
PTPRN2,3.5434393634645512e-9,2.5383829600321195,0.172,0.032,7.824977146338768e-5
NRROS,3.7210726529320036e-9,3.159871336778389,0.109,0.013,8.217244739469743e-5
MB21D2,3.728760713302055e-9,-2.196449804322588,0.172,0.545,8.234222283184928e-5
ARMC2,3.849163696998788e-9,1.474880017725961,0.422,0.147,8.500108192082423e-5
SAMD9,3.856155492151775e-9,2.4817994316657517,0.188,0.037,8.515548173318764e-5
EGFR,3.9364072937156736e-9,-2.4359531300526402,0.438,0.712,8.692768226712323e-5
PPT1,3.944352082245161e-9,1.9695401246742401,0.281,0.075,8.710312703221988e-5
LAIR1,3.9734606273357275e-9,2.0436182682825415,0.234,0.055,8.774593103345488e-5
VMP1,3.993167731791806e-9,1.3887746155326797,0.781,0.586,8.818112302115846e-5
GSE1,4.006584819693324e-9,-1.7625920627505902,0.406,0.737,8.847741257328768e-5
PLCB2,4.008375922139341e-9,2.319742673556779,0.156,0.026,8.851696548860307e-5
KIAA1217,4.054066552003618e-9,-3.818509124604546,0.156,0.517,8.95259516678959e-5
ARL6IP4,4.3665693297162074e-9,1.3106816273106061,0.406,0.133,9.6426950508123e-5
TMC8,4.690367820732608e-9,2.1533580298197146,0.219,0.049,1.0357739258523818e-4
SFT2D2,4.739437822904982e-9,1.5779113242187566,0.391,0.132,1.0466100544321072e-4
FBN2,4.885498306954987e-9,-2.702346163312927,0.391,0.71,1.0788645911248698e-4
PELI1,5.067356857682337e-9,1.388730353616068,0.547,0.237,1.1190244148819904e-4
SLC38A1,5.07579507229793e-9,-2.079786586078956,0.219,0.588,1.1208878258155518e-4
PEBP1,5.483819365887922e-9,1.3440993866939692,0.547,0.236,1.2109918305690298e-4
ADAMTS2,5.561866316981504e-9,1.751189332539369,0.328,0.1,1.2282269387790256e-4
AC022217.3,5.906035373171843e-9,2.1657240630238275,0.297,0.085,1.304229791457538e-4
TRPM2,6.047342872572522e-9,1.62509459322545,0.266,0.068,1.33543472655019e-4
VEGFB,6.3591879945639605e-9,1.9829935746943101,0.266,0.069,1.4042994848395595e-4
CCSER1,6.398221075655236e-9,-3.2316114345215574,0.156,0.522,1.4129191601369457e-4
CD47,6.476232672486281e-9,1.355904908246722,0.625,0.302,1.4301464610651455e-4
GPN3,6.67554797082474e-9,1.9630706293446825,0.25,0.062,1.4741612583972272e-4
RPL35A,7.032899322270202e-9,1.1006700227853785,0.656,0.309,1.5530751573369288e-4
LIN28B,7.1729555777779275e-9,-2.0027978486611238,0.453,0.737,1.5840037802406997e-4
BCL2A1,7.252424462431467e-9,3.222881134304189,0.109,0.014,1.601552894038741e-4
JUNB,7.299711405078187e-9,1.2753485541983254,0.484,0.182,1.611995269583416e-4
TINF2,7.535504825332504e-9,2.6193029554156864,0.156,0.027,1.664065530578177e-4
LINC02798,7.69212367585515e-9,2.4340463002173833,0.203,0.044,1.6986516713390928e-4
TNFAIP8L2,7.844586454658028e-9,3.052956132861877,0.109,0.014,1.7323200267821323e-4
IGFLR1,7.844586454658028e-9,3.052956132861877,0.109,0.014,1.7323200267821323e-4
SAMSN1,7.887904880866965e-9,1.8359268962925226,0.219,0.049,1.7418860348418518e-4
IFI27L2,8.013324293598889e-9,3.00233005979191,0.109,0.014,1.7695824037554427e-4
FCHSD2,8.151510138930915e-9,1.3031048223001631,0.828,0.77,1.800097983980114e-4
PLA2G15,9.125336135526913e-9,1.9765040724240044,0.25,0.063,2.0151479788084082e-4
RRAGD,9.225680865131747e-9,2.310113972359002,0.219,0.051,2.0373071054470435e-4
AL136962.1,9.609552493589341e-9,-3.464319560347704,0.156,0.513,2.1220774771593342e-4
EPHX1,9.848343663014897e-9,1.953420459310963,0.281,0.079,2.1748097311035798e-4
CSH1,9.936657149610609e-9,-0.3815554727971886,1,0.679,2.1943119983485108e-4
PLEKHA2,1.0179777287582281e-8,1.286955173846309,0.453,0.171,2.2480002184167952e-4
APRT,1.0355732932725207e-8,1.860311054919482,0.25,0.063,2.2868565035337075e-4
TLR6,1.1255974072086833e-8,2.757949337289803,0.172,0.033,0.00024856567543389356
RABGAP1L,1.142701425058075e-8,1.0152709010826833,0.875,0.853,2.523427556955747e-4
FKTN,1.151883969720116e-8,1.6903860534771695,0.359,0.119,2.5437053703329323e-4
GTF2F1,1.17778275578726e-8,1.6015767865193133,0.297,0.083,2.600897659605006e-4
ATP6V0C,1.1788951335072261e-8,1.3668821036642678,0.5,0.197,2.6033541233240075e-4
GIMAP4,1.189328017316438e-8,2.3638852287999828,0.172,0.033,2.62639306063989e-4
NCF4,1.2277184449199597e-8,2.448884809193017,0.219,0.052,2.711170641916747e-4
ABHD3,1.2596555748489861e-8,1.259487899289034,0.594,0.29,2.781697405939016e-4
SLC8A1,1.3177538165503151e-8,0.8902886855578542,0.562,0.257,2.909995753088061e-4
TM6SF1,1.3242865924183484e-8,2.504830400321092,0.188,0.039,2.9244220820374387e-4
GNA13,1.3986164045716173e-8,1.829213758174486,0.531,0.261,3.088564606215502e-4
LYL1,1.4073267383191082e-8,2.2973748605283246,0.156,0.028,3.1077996362300866e-4
HBA1,1.4183555226493449e-8,-1.2949288331272621,0.672,0.282,3.1321545006665483e-4
DSP,1.4889021487238134e-8,-4.121969549638801,0.047,0.4,3.2879426150267974e-4
NCOA4,1.493519932017332e-8,1.5170279199767331,0.547,0.263,3.298140065873874e-4
THEMIS2,1.4952288053463148e-8,3.076039745974919,0.109,0.015,3.301913770846267e-4
ARHGAP12,1.504109428471749e-8,1.2882603622540754,0.766,0.495,3.321524850894164e-4
WIPF1,1.5129120053758343e-8,0.8911361810566203,0.75,0.409,3.340963581471455e-4
SEC14L1,1.570080137712412e-8,1.579458903035035,0.438,0.175,3.4672079681103194e-4
GLA,1.5812183746330046e-8,1.886306263452426,0.266,0.072,3.4918045367020637e-4
HBB,1.6459996141395523e-8,-0.42908478598329336,0.328,0.098,3.634860947904373e-4
PARP1,1.6729220974702443e-8,1.1456730205754138,0.578,0.262,3.6943138678435404e-4
TLR1,1.6899829504014234e-8,1.7914159737084139,0.25,0.065,3.7319893493714635e-4
DDX24,1.7596700529463096e-8,1.4524097369222664,0.484,0.206,3.885879377921335e-4
MLF1,1.781599631970853e-8,2.708307961474431,0.125,0.019,3.934306467281235e-4
RPL13,1.898462908222961e-8,0.7393668261068629,0.875,0.621,4.1923756402287646e-4
FOXO3,1.917113497482558e-8,1.0562054473905835,0.875,0.66,4.2335617364907326e-4
RNF13,2.0258252953305803e-8,0.9774210321699127,0.859,0.659,4.4736299996785204e-4
TACC2,2.026968314601414e-8,-2.2967062848037547,0.266,0.592,4.476154129134303e-4
FKBP15,2.0389766691771683e-8,1.5152319957815623,0.5,0.228,4.502672178543941e-4
GRHL2,2.0429607192771923e-8,-2.141097139473327,0.156,0.52,4.511470156379824e-4
NRK,2.105557456615106e-8,-1.6378733151761047,0.188,0.547,4.649702531443139e-4
LINC01229,2.109523919788641e-8,2.4634209023508973,0.141,0.024,4.6584616720692556e-4
AL357522.1,2.1107216617238654e-8,1.4173675590707533,0.25,0.063,4.661106645584812e-4
ATP9A,2.1525037322868615e-8,1.8031156533379389,0.328,0.106,4.753373992009076e-4
GNB4,2.1974530955933246e-8,1.2377710963818491,0.531,0.226,4.852635670998739e-4
AMDHD2,2.3644446411255698e-8,2.040132092504294,0.219,0.052,5.221403100997596e-4
PSPC1,2.676485703579724e-8,-1.355514797131439,0.562,0.807,5.910483379215105e-4
PARVG,2.756515061960563e-8,2.789921727028083,0.125,0.019,6.087212211327511e-4
MGAT4A,2.8085323372943912e-8,1.4412537841883,0.422,0.154,6.202081960447204e-4
PRKCH,2.8793266419950515e-8,-2.7332134593050985,0.156,0.499,6.358417023517672e-4
PML,3.086491621748173e-8,1.8665430086309962,0.312,0.098,6.815899448306491e-4
ADK,3.098761724770144e-8,-1.5292229798660213,0.562,0.822,6.842995516809908e-4
YAP1,3.172141660888569e-8,-0.9208421019377927,0.375,0.788,7.005040429740226e-4
KLF6,3.291705129556957e-8,1.3008295246075259,0.609,0.305,7.269072437600628e-4
ACTR2,3.3868999116979545e-8,0.9239219493968543,0.797,0.557,7.479291075002593e-4
FGD3,3.479479364988341e-8,1.6903860534771693,0.234,0.059,7.683734281703753e-4
NLN,3.5795737721346517e-8,1.413131697106203,0.391,0.139,7.904772761004952e-4
PTPN14,3.6277751519017214e-8,-1.9259585727289843,0.188,0.543,8.011215867944571e-4
TMIGD3,3.6902351453727927e-8,2.4452735556406378,0.156,0.03,8.149146271526738e-4
PALLD,3.7179267221162e-8,0.9422327786785045,0.875,0.657,8.210297580449204e-4
FABP5,3.7194612128225474e-8,2.1316130767368757,0.25,0.069,8.213686196276032e-4
HPS1,3.7199306216513764e-8,1.9501077252701273,0.297,0.091,8.214722791792734e-4
BAG5,3.791883825678177e-8,1.8797634175856541,0.297,0.09,8.373617052245118e-4
DPYD,3.794249749103827e-8,1.349785588539362,0.297,0.09,8.37884172094598e-4
TSPAN4,3.8684640488940984e-8,1.614554640517523,0.359,0.124,8.542729159172837e-4
SLC16A10,3.8977588462354365e-8,1.0098588181218762,0.641,0.297,8.607420860141714e-4
PLEKHO2,3.909165230723011e-8,2.142898258174676,0.266,0.075,8.632609579005625e-4
ME2,4.046396031173535e-8,1.366114018121508,0.422,0.159,8.935656355640516e-4
PDE10A,4.0653140414549933e-8,-2.579703109890575,0.172,0.513,8.977432997745062e-4
XBP1,4.1416968125226095e-8,1.3384925371905192,0.5,0.219,9.146109071093678e-4
MANBA,4.146210085237102e-8,1.1915801965057276,0.578,0.283,9.156075731229092e-4
STX4,4.14792593856265e-8,1.941447817644887,0.219,0.053,9.159864850127901e-4
RANBP3L,4.177096819645456e-8,2.6293566200796095,0.188,0.042,9.224282906823061e-4
RPS25,4.427415556779342e-8,0.7354911352412405,0.828,0.493,9.777061774035821e-4
SEMA4D,4.4724849085271376e-8,1.951458942977677,0.328,0.114,9.876588423500478e-4
GAMT,4.604023423316609e-8,2.7823085429182086,0.125,0.02,0.0010167064925710068
RAB14,4.660441192795438e-8,1.1828568740898369,0.594,0.302,0.0010291652286050165
NAIP,4.6752060842003285e-8,1.4008794362821841,0.359,0.12,0.0010324257595739586
PPP1R18,4.78556338468847e-8,2.172255061234222,0.219,0.055,0.0010567959622407549
TNFRSF14,4.9919635313224227e-8,2.519274137084415,0.172,0.036,0.0011023753066219306
CLEC7A,5.239265965192472e-8,2.012314148364532,0.188,0.041,0.0011569871030934536
APH1B,5.32694666745932e-8,1.6364472463663655,0.344,0.118,0.0011763496325750418
LARP1B,5.330990283991708e-8,-1.7652389797303936,0.203,0.557,0.0011772425844138888
RPS8,5.367385896998011e-8,0.5254416284950163,0.969,0.676,0.0011852798276340709
TPD52L2,5.3998989117448363e-8,1.668190307362973,0.406,0.158,0.0011924596766806122
CBX1,5.5552151002819824e-8,1.574908836057233,0.344,0.117,0.00122675815059527
PRNP,5.720833631288354e-8,1.8890700479009055,0.234,0.061,0.0012633316907974073
CAMSAP2,6.009343677814487e-8,-1.4740481895166937,0.391,0.708,0.0013270433643717732
CFD,6.233792869413203e-8,0.8255456367588051,0.391,0.134,0.0013766084793525176
ATG7,6.253247662358719e-8,1.2833667290942508,0.859,0.761,0.001380904681278676
TCEAL3,6.258976930972821e-8,1.9427732151114545,0.219,0.054,0.001382169875666728
ITSN1,6.271658105564016e-8,1.1823354868267382,0.812,0.623,0.0013849702594517016
AL137009.1,6.424704592839921e-8,-2.43808850447164,0.141,0.487,0.0014187675152368398
HOMER3,6.441827715593681e-8,2.5004151098330984,0.172,0.036,0.0014225488144345526
PLSCR1,6.444446825933892e-8,1.1617859953751255,0.516,0.225,0.0014231271925709812
LINC01645,6.469930287103126e-8,1.9534204593109632,0.203,0.048,0.0014287547053009832
PARP14,6.532339956885982e-8,1.3335359682672827,0.562,0.282,0.0014425366326791314
SRP14,6.846949283381132e-8,1.142145167882016,0.484,0.199,0.0015120118102490553
HLA-C,7.107318553724458e-8,1.1394651261165523,0.422,0.155,0.0015695091562189722
LINC00865,7.187688709678375e-8,2.789921727028083,0.125,0.02,0.0015872572977582754
RYBP,7.25041028049631e-8,-1.4135597257763854,0.484,0.789,0.001601108102242
ADI1,7.520633313747193e-8,1.455054576433223,0.391,0.146,0.0016607814546747927
LGR4,7.931109527434267e-8,-1.8930040274252333,0.25,0.585,0.0017514269169433092
GABARAP,7.933363860329515e-8,0.9771690620835719,0.484,0.193,0.0017519247412765668
RPL28,7.966960139266619e-8,0.6429179096240081,0.844,0.571,0.0017593438075542474
PRKCD,8.145369253617935e-8,2.191932546010688,0.188,0.042,0.0017987418922764487
SORBS1,8.48102696676322e-8,-1.8405760798916218,0.203,0.557,0.001872865185070322
EIF1,8.514090244179052e-8,1.1161499593490714,0.641,0.361,0.00188016654862206
SELPLG,8.734400229611123e-8,3.076039745974919,0.109,0.016,0.0019288176027050243
ARHGAP30,8.74501545468436e-8,2.117807277211845,0.188,0.042,0.0019311617628579474
AKAP13,8.82857573097501e-8,0.6366092748113643,0.953,0.899,0.0019496143786712113
PIGX,9.0079684676234e-8,1.9762303422190493,0.297,0.095,0.0019892296767052755
NOTCH1,9.082162231867458e-8,2.168433350281813,0.172,0.037,0.002005613885663291
H2AFV,9.296145281070153e-8,1.2254596784059664,0.469,0.192,0.002052867762418722
RUBCNL,9.875245924568901e-8,1.2566847099332898,0.312,0.098,0.0021807505575225502
HS2ST1,1.0005575152863714e-7,0.916942355435753,0.734,0.479,0.002209531161006894
NFAM1,1.0382779805800556e-7,2.6903860534771695,0.109,0.016,0.002292829264514937
M6PR,1.0444237575780654e-7,1.6170399039071177,0.406,0.165,0.002306400983859642
PABPC1,1.0520067439451102e-7,0.8237576887782112,0.891,0.74,0.002323146492653987
TOB1,1.0581498683246407e-7,2.3939930506969445,0.203,0.051,0.002336712354221304
PLA2G4A,1.0935422575308908e-7,1.7789227280788267,0.266,0.079,0.002414869367305466
RASGEF1B,1.1214721361740149e-7,1.2351594640826267,0.484,0.208,0.002476546918313077
TMEM106A,1.1461568215640951e-7,1.511910748670928,0.328,0.109,0.002531058109059991
SLC18B1,1.163273955024739e-7,1.5090886532380812,0.453,0.207,0.0025688578748811314
EPS15,1.1739425111351802e-7,1.4744700058699742,0.734,0.726,0.0025924172473398184
ARL6IP1,1.1757981214435504e-7,1.13105250005239,0.484,0.196,0.0025965149915837924
CD300A,1.2407837245973617e-7,2.2995961004450023,0.141,0.026,0.002740022699028354
RPS6KA5,1.2745270453591235e-7,-2.3011115669985776,0.281,0.582,0.0028145380742665527
PHACTR1,1.3507424141445066e-7,1.3018903416508172,0.297,0.091,0.002982844473155314
NFE2L1,1.3853041547985902e-7,1.3428321509143124,0.375,0.137,0.0030591671650417266
APLP2,1.3966622434706984e-7,1.1313021845816182,0.781,0.558,0.0030842492322563433
B3GNT2,1.4064638166148324e-7,1.331057986784613,0.391,0.145,0.0031058940462305343
HSPA1A,1.4720485252000593e-7,1.8040428352727362,0.25,0.071,0.003250724758199291
SH3RF3,1.4737619332246978e-7,0.8453607134535102,0.531,0.23,0.0032545084771401
LRRC37B,1.503569648394379e-7,1.8855778135299117,0.328,0.116,0.0033203328545493072
NHSL1,1.5228333733420984e-7,-1.6296634378962322,0.609,0.836,0.003362872938351356
HLA-A,1.5907963121733137e-7,1.0481710702965006,0.406,0.148,0.003512955496172329
LACTB2,1.6103008871983418e-7,2.097011312939813,0.219,0.058,0.003556027449200098
TNFAIP8,1.6173298168436937e-7,-1.698042520343219,0.469,0.73,0.0035715494345359288
CD81,1.637871414574707e-7,1.087721551022554,0.531,0.241,0.003616911444805326
SMPDL3A,1.6430051271665368e-7,1.641476452996223,0.312,0.104,0.0036282482223218633
USP36,1.656772041288297e-7,1.5145362180777515,0.438,0.19,0.003658649698776946
COX8A,1.670547071876478e-7,1.031422971312236,0.422,0.159,0.003689069098824826
RPS9,1.6946902982275753e-7,0.7877114967309543,0.781,0.468,0.0037423845855759546
PTK2,1.7253546020006847e-7,-1.1939645759529358,0.656,0.875,0.003810100567598112
DAPP1,1.7804484763494228e-7,2.134486018358476,0.156,0.032,0.003931764370322431
CYTIP,1.7851337474536002e-7,2.538382960032119,0.109,0.017,0.003942110854501786
NORAD,1.7993739406560999e-7,1.113460871821431,0.453,0.183,0.003973557473150866
AC007952.4,1.900896192172727e-7,1.7672016505280002,0.281,0.089,0.0041977490611750335
FERMT3,1.9684922551388302e-7,2.250257573235495,0.203,0.052,0.004347021447023079
JUN,1.9832174917275894e-7,1.2947740527859755,0.5,0.235,0.004379539186982036
IGF1R,2.0576936367038628e-7,-1.5125874818911593,0.453,0.753,0.00454400485793314
HIST1H1C,2.064195771281685e-7,1.3588719097606088,0.375,0.137,0.004558363521721345
RGS19,2.0946905836657318e-7,2.538382960032119,0.141,0.027,0.004625705215909035
CALM2,2.1706355166635185e-7,1.0178523319059616,0.688,0.396,0.004793414411448048
USF2,2.183116929691104e-7,1.5591415201989167,0.281,0.087,0.004820977115836865
LIMD1,2.3036061859294942e-7,0.9731162606518827,0.547,0.246,0.0050870535403881026
CNTRL,2.3040392647921376e-7,1.3050402391351308,0.406,0.161,0.0050880099084404775
TDRP,2.3357816312984386e-7,-2.5640167627618995,0.156,0.471,0.005158106576396342
AL136114.1,2.406472954035104e-7,2.23227983230644,0.141,0.027,0.00531421422439572
CYLD,2.432166209699262e-7,1.6262557160574538,0.391,0.156,0.00537095264087888
PSMA4,2.453649994173773e-7,1.067753134789958,0.422,0.164,0.005418395282133942
FLT1,2.484122758975747e-7,-1.8264843210366595,0.375,0.73,0.0054856882886461416
MED12L,2.561293874881514e-7,-2.4490170031882474,0.188,0.502,0.005656105263900847
SLC2A1,2.632358636202528e-7,-1.7861658350143788,0.156,0.479,0.0058130375763260425
RPS28,2.676114054820563e-7,0.9334539103921619,0.781,0.497,0.005909662667260249
ZNF576,2.7821068978197315e-7,2.7728482136691426,0.109,0.017,0.006143726662455313
MYOF,2.8161225229605904e-7,-1.8247881170871245,0.375,0.636,0.006218843367453872
CITED2,2.8592570677862864e-7,1.4320740578857787,0.422,0.168,0.006314097382792456
NAGA,2.9804536209076345e-7,1.9584914488583849,0.219,0.059,0.00658173573105033
TLR2,2.983021873435703e-7,2.1261225454238493,0.203,0.052,0.0065874072031080625
HSP90AB1,3.067268784414273e-7,0.7472728829509627,0.75,0.477,0.006773449656622039
CD276,3.073312347145551e-7,1.775777544707814,0.297,0.1,0.00678679565620152
NRP1,3.2405206685042656e-7,1.1312568517392798,0.781,0.585,0.0071560417922579694
RANBP17,3.518528523585911e-7,-1.604288432076756,0.297,0.608,0.0077699665386347675
ARAP1,3.571478242041833e-7,1.5230077341452035,0.328,0.115,0.007886895401900981
SAT2,3.596548057531219e-7,2.052956132861878,0.234,0.068,0.00794225707544619
PHLPP1,3.6971702391022775e-7,-1.4591873833642213,0.391,0.694,0.008164461039009559
AL512603.2,3.697960006611771e-7,2.538382960032119,0.156,0.034,0.008166205082600774
KIF1B,3.83387685832123e-7,1.1699955540520968,0.609,0.35,0.008466350266230773
RAB5C,3.8705236582135426e-7,1.309295886121663,0.438,0.187,0.008547277394432966
PRPS2,3.881566783842638e-7,2.7050328294415706,0.125,0.023,0.008571663928759698
LTBP1,3.9697336671384233e-7,-1.4374748883985993,0.328,0.652,0.008766362857141781
AP000331.1,4.0447380689432715e-7,1.804457820185964,0.203,0.052,0.008931995077647427
SPTLC3,4.051006218459186e-7,-1.6460226281509347,0.297,0.621,0.00894583703222342
SELENOH,4.1118919773759895e-7,1.37488422774924,0.344,0.123,0.009080291053639397
TMSB10,4.1388488072394087e-7,0.35747129666355015,0.828,0.494,0.009139819821026787
STK32B,4.219988728454427e-7,1.2630702244198888,0.328,0.114,0.00931900110904591
SNAPC1,4.2287643161798106e-7,1.8538847857600484,0.281,0.091,0.009338380239419877
CARD6,4.3379355320516e-7,2.509813807835348,0.125,0.023,0.009579463035429548
CYSLTR1,4.526982025595299e-7,1.8364643129651137,0.188,0.046,0.009996934407122099
DUSP22,4.6185545083034396e-7,1.881270673555128,0.266,0.084,0.010199153920686486
ITPKB,4.6261441010589934e-7,1.8880857210210864,0.328,0.123,0.010215914018368575
ATP5F1E,4.692332764631574e-7,1.229983249989404,0.453,0.195,0.010362078444135905
TNFRSF11A,4.7538290586298026e-7,1.6903860534771689,0.219,0.06,0.010497880710172193
PCDH12,4.769637324178224e-7,2.173810527736263,0.188,0.046,0.010532790102982772
USP32,4.83340154286862e-7,1.0077583697533854,0.688,0.412,0.010673600627116774
RPL19,4.884772009231338e-7,0.6138731596163826,0.828,0.516,0.010787042027985564
NAV2,4.929153645547393e-7,1.046506203461185,0.781,0.552,0.010885049995462307
GRAMD1B,4.950238242144433e-7,-2.352951688122371,0.266,0.544,0.01093161111012755
PIBF1,5.012587443942436e-7,-1.272222496725906,0.375,0.674,0.01106929685245808
ITIH5,5.02333309072581e-7,-1.8077180570146831,0.266,0.579,0.011093026464249808
CD74,5.084157810992009e-7,0.932203973401267,0.125,0.023,0.011227345694013655
RHOU,5.58146720033238e-7,1.4420568429570948,0.375,0.148,0.012325554018493994
AC009495.1,5.870356406737106e-7,2.400879436282184,0.141,0.029,0.012963508052997551
AC240274.1,5.941911981177719e-7,2.1414928074635347,0.172,0.04,0.013121524228034757
RPL3,5.959771421457387e-7,0.6603528863989947,0.828,0.585,0.013160963230004347
ABCC4,6.296764854185174e-7,1.0989219868140578,0.391,0.15,0.01390514582749712
EIF4A1,6.496117514530996e-7,1.115593185029089,0.688,0.403,0.014345376307338798
CPQ,6.548758384345844e-7,1.0413538213158855,0.625,0.332,0.014461623140150927
ATXN1,6.584310108362568e-7,0.6197847048577994,0.734,0.402,0.01454013201229706
NBEAL1,6.586827081322007e-7,-1.193765617836311,0.516,0.787,0.014545690243683388
FUCA2,6.709289423836793e-7,1.4875017910299353,0.359,0.139,0.01481612383465879
ARL11,6.794010936375665e-7,2.8207826907328437,0.109,0.018,0.01500321435079838
ABCG1,6.827813926919507e-7,1.8830311314195654,0.188,0.047,0.015077861494816349
OSGIN2,7.2237492348436e-7,1.989946335336077,0.203,0.054,0.015952205435305122
PAQR3,7.28578040383676e-7,1.2978911228494137,0.422,0.181,0.016089188865792716
COX4I1,7.291361763385585e-7,0.7757278454453294,0.562,0.259,0.016101514182084387
MBNL3,7.33578391524603e-7,-1.9675079696978384,0.406,0.662,0.01619961162003781
LITAF,7.409626503606755e-7,1.0913166065606377,0.422,0.18,0.0163626782079148
SH3D19,7.450436910928995e-7,-2.1069778657638034,0.172,0.491,0.0164527998304045
PLP2,7.531110106374448e-7,2.4096496459099166,0.172,0.041,0.016630950447906693
DNPH1,7.595017139259724e-7,1.9534204593109634,0.188,0.047,0.01677207634862725
EXPH5,7.933170468208428e-7,-2.263412436683584,0.172,0.476,0.01751882034494467
EID1,7.968686313611917e-7,1.17942413419979,0.391,0.155,0.017597249986349196
RASSF2,8.029215022517072e-7,2.052956132861877,0.172,0.041,0.01773091553422445
MT-ND6,8.437176760892556e-7,1.1811661151416177,0.375,0.145,0.018631817441079033
PEPD,8.475369909296842e-7,1.2707319261279553,0.312,0.108,0.018716159370700217
PRKCZ,8.546315410593596e-7,-2.4099227873938887,0.141,0.451,0.018872828321213838
GNPDA1,8.616704918151198e-7,1.9811654497938673,0.25,0.08,0.01902826947075329
USP43,8.791527648150863e-7,-2.5038236000885705,0.016,0.314,0.01941433050541155
SGTB,8.876170846069956e-7,1.5577482848990503,0.219,0.06,0.019601248079376285
RPL41,8.926054559719313e-7,0.5221145708873705,0.969,0.735,0.01971140628422816
RCAN1,8.99838325987029e-7,1.9753035772094127,0.266,0.086,0.01987112975277156
LAT2,9.030147145436457e-7,2.251501812243957,0.141,0.029,0.01994127394126733
LSM10,9.034507246023665e-7,2.538382960032119,0.125,0.024,0.01995090235139406
CYFIP1,9.064529166688464e-7,1.1845333910126585,0.625,0.388,0.020017199758798135
MZT2B,9.173223637006793e-7,1.1426346318530856,0.359,0.133,0.0202572297576021
CYREN,9.192730792353369e-7,1.73377864899055,0.297,0.104,0.020300307408753944
CSF3R,9.278361646563804e-7,-2.132155272395111,0.203,0.498,0.020489406024106847
ATP10D,9.499299562133117e-7,-1.3998244053323368,0.312,0.621,0.020977303223058564
TMC1,9.553699527063033e-7,-2.0095397928718866,0.156,0.474,0.021097434665613295
CCDC112,9.783665486729868e-7,1.9811654497938673,0.172,0.041,0.021605268494345565
MAN2B1,9.944221525035595e-7,1.690386053477169,0.25,0.078,0.021959824393736102
EHBP1L1,1.0016230931712441e-6,1.612383541475896,0.266,0.086,0.022118842766500585
NCBP2,1.0187349988806676e-6,1.5690797572550357,0.25,0.076,0.022496724980281782
MSI2,1.0259493890655888e-6,-2.28577388369671,0.406,0.663,0.022656040358735398
TEAD3,1.0268271933134375e-6,-3.37650042632993,0.016,0.306,0.02267542490994064
PSMB8,1.0317655689225564e-6,2.175812880647411,0.172,0.042,0.022784479058516813
RTN4RL1,1.0521607216790504e-6,2.253653483099007,0.125,0.024,0.02323486521683847
USP53,1.0565665771971877e-6,-1.928896520427863,0.219,0.521,0.0233321597242455
ATP5ME,1.0605249879983054e-6,1.154835746881091,0.312,0.107,0.023419573309966576
HIST1H1D,1.0653247715845791e-6,1.914758838941858,0.234,0.071,0.02352556693090226
AC012447.1,1.0975368727672973e-6,2.9168945832858495,0.125,0.024,0.024236906761320225
SLC37A2,1.1280386012217469e-6,2.6508576892905316,0.109,0.019,0.024910476430779836
ST6GALNAC3,1.16649128206509e-6,1.6185533087161024,0.203,0.054,0.02575962698184338
STAT3,1.168806026643244e-6,1.1503125083535446,0.562,0.303,0.025810743486362756
BRI3,1.1823335691524261e-6,1.4582126113481357,0.484,0.239,0.026109472207593028
CLIC4,1.1887415798690203e-6,-1.431510284837044,0.484,0.726,0.026250980308247577
APAF1,1.1904451128579205e-6,1.3334515087618937,0.391,0.156,0.02628859942724146
ENY2,1.201047014117534e-6,1.2288741243988248,0.375,0.146,0.0265227212127575
CAMK2D,1.2329108339460108e-6,0.5415226675626864,0.594,0.275,0.027226369946029755
FCGBP,1.254593210035241e-6,2.7728482136691426,0.125,0.024,0.027705181857208227
CYP19A1,1.2571087186332495e-6,-2.3204318940309134,0.25,0.552,0.02776073183357805
TCF4,1.3131646032912182e-6,0.3800781175599124,0.891,0.535,0.028998613934479972
LINC02649,1.3149899864590578e-6,2.0324920303021616,0.141,0.03,0.029038923870975373
HIST1H4C,1.3318243891415106e-6,1.4993888284162555,0.391,0.158,0.029410677985411977
TSC22D4,1.3506123094358134e-6,1.5509829968117528,0.281,0.095,0.029825571629271068
ARHGEF6,1.3761645511910444e-6,1.431811295834075,0.266,0.088,0.03038984178395183
COL1A2,1.3841061616303607e-6,0.43404630021738355,0.844,0.479,0.030565216367283255
HIF1A-AS3,1.41951997434285e-6,1.5613441084754305,0.328,0.123,0.03134725959341316
CCPG1,1.4357476364938963e-6,1.5081003930960764,0.344,0.133,0.03170561505669471
PAWR,1.437371014145954e-6,-2.401356515150406,0.094,0.394,0.0317414641053851
ABLIM3,1.451291627787833e-6,1.28108492374747,0.234,0.069,0.03204887301643872
AP000915.2,1.4769961126697592e-6,2.1904596566118126,0.156,0.036,0.032616505156086294
LINC00278,1.4917103061269026e-6,1.2243973667515697,0.641,0.414,0.03294143869020039
SCAMP5,1.4921527694245259e-6,2.1054235527560134,0.156,0.036,0.032951209607201805
OSBPL6,1.5197462648024237e-6,2.0078682433333395,0.172,0.042,0.033560556765631924
NF1,1.5370004455730568e-6,-0.9709318118810775,0.688,0.895,0.03394158083958981
LRRC1,1.5442751822568271e-6,-1.1283736318526842,0.156,0.472,0.03410222884977751
DENND4A,1.5487947222521395e-6,0.953420459310963,0.75,0.554,0.03420203385149399
SESN1,1.5499894498588462e-6,0.8215327271629886,0.812,0.579,0.0342284170212329
LINC00882,1.5699330748183987e-6,-2.134204019387407,0.234,0.531,0.0346688320912147
RPS18,1.572262688188303e-6,0.5921868274890689,0.859,0.618,0.034720276943262296
GLI4,1.5892286473603232e-6,2.7823085429182086,0.109,0.019,0.035094936219658014
NCKAP5,1.5897236859273296e-6,1.126272810504798,0.438,0.186,0.03510586815633322
CLCN4,1.59634629212303e-6,2.6758864837820546,0.125,0.025,0.03525211516895287
MTSS1,1.609552602283596e-6,1.0529561328618777,0.719,0.547,0.03554375011622865
GRHL1,1.6296018403543024e-6,-2.722771712583452,0.047,0.338,0.03598649744054406
ATM,1.6493933602728345e-6,1.078951341394822,0.688,0.506,0.036423553574905
CA8,1.6855208128354867e-6,0.9745592263691135,0.406,0.165,0.03722135610984605
RPL36AL,1.687401274986311e-6,1.1873085194852404,0.422,0.181,0.037262882355522706
FEM1B,1.7918769007639018e-6,1.4925792704189946,0.328,0.126,0.03957001759956924
GALC,1.7978883139343545e-6,1.7173531010774385,0.25,0.081,0.039702767636612346
ARL4C,1.8053548630540335e-6,1.3010788292917432,0.344,0.131,0.03986765144082222
DENND2D,1.8087938760269892e-6,2.148816148269394,0.203,0.058,0.039943595164304
TNFRSF1A,1.815242468114799e-6,1.7498870652258312,0.344,0.141,0.04008599942337911
LINC01090,1.8199226246384215e-6,-1.8522847255275483,0.203,0.499,0.04018935131989026
SESN3,1.886168794239546e-6,0.923803978544865,0.531,0.257,0.04165226548319189
TATDN3,1.8990348305265342e-6,1.8945267702573942,0.203,0.057,0.04193638616251746
TSPAN9,1.942605511955518e-6,-2.301393439717862,0.109,0.406,0.042898557520513705
STAT5A,1.9455871629420792e-6,1.7310280379745149,0.219,0.064,0.04296440131924994
RPL27A,1.9508514361977037e-6,0.5196868663222141,0.891,0.637,0.04308065226555389
MORC4,1.9675254625067646e-6,-1.4749516784694914,0.297,0.591,0.043448864788536885
AC211433.1,1.9758215245253556e-6,-2.5605160899705273,0.203,0.501,0.043632066726093426
ARHGEF10L,2.0218874948178643e-6,1.449789036763131,0.328,0.124,0.044649341548062896
RERG,2.082866844730957e-6,-1.8460616189753516,0.234,0.526,0.04599594853219372
LIMD2,2.1430060557034195e-6,1.9978145786694164,0.156,0.037,0.04732400272809861
HEXA,2.170953713644562e-6,0.953420459310963,0.484,0.219,0.04794117085841287
ATP9B,2.2611669333826915e-6,0.8536745722902188,0.797,0.58,0.049933349389889976
PSMB10,2.262419262488097e-6,2.178487014945736,0.156,0.037,0.04996100457352465
WWP1,2.28959462783357e-6,0.9656640550657103,0.812,0.685,0.050561118166448725
PALM2-AKAP2,2.3592297415999937e-6,-1.1698891828562175,0.344,0.668,0.05209887038375266
RPL23,2.4448378522386163e-6,0.7431203302582418,0.812,0.549,0.053989354290985364
CLCN7,2.4536301423292e-6,1.5533851233713658,0.312,0.118,0.054183514433055725
MAPRE2,2.4833324675267915e-6,1.6855366538157734,0.281,0.099,0.05483943088039414
CD99,2.4851330894978726e-6,1.2178295151209744,0.531,0.285,0.05487919401538152
AL136441.1,2.5016641912213644e-6,2.538382960032119,0.109,0.02,0.05524425033474139
CARD18,2.5486377389193195e-6,-0.9880865446087119,0.453,0.796,0.056281567188555336
SOBP,2.5833303271605516e-6,1.4306950907177458,0.328,0.124,0.05704768361468646
RNH1,2.646838417197087e-6,1.2753485541983254,0.328,0.123,0.05845013276696327
NARS,2.650136771024292e-6,1.404246287380583,0.375,0.154,0.05852297031452944
PLD3,2.658694210175328e-6,1.1012113014690985,0.547,0.3,0.05871194424330176
AC098829.1,2.6609047123877865e-6,1.5089820435915602,0.281,0.098,0.058760758763659486
ETS2,2.669501332262748e-6,1.0600805672952591,0.359,0.14,0.05895059792035827
TMTC2,2.6713951748648626e-6,-2.4698588933100125,0.172,0.462,0.05899241964654076
APBB2,2.6762443775241226e-6,-1.185982597354453,0.609,0.807,0.0590995045888652
RPL32,2.681553532635926e-6,0.5605361022706697,0.766,0.417,0.05921674666119915
NPAS3,2.7110697095810226e-6,1.1226838257768137,0.453,0.206,0.059868552396677724
CREB3L2,2.7739034183159926e-6,-1.2798193442624775,0.453,0.718,0.06125610918667206
CPEB4,2.78311325135779e-6,1.1315402053768182,0.75,0.58,0.06145948992973408
MLKL,2.8020251090737435e-6,2.248876342837134,0.125,0.025,0.061877120483675475
RAB29,2.8750156126443315e-6,2.1973460421970525,0.156,0.038,0.06348896977402477
RPS15,2.8971823049055453e-6,0.5854449969041641,0.797,0.507,0.06397847683922915
SSBP2,2.917200358993757e-6,0.9425812269494985,0.766,0.533,0.06442053552765914
ARPC5,2.9208795995654674e-6,1.2418899125210274,0.578,0.349,0.06450178419720422
PBRM1,2.952323860168104e-6,0.8185293310976401,0.812,0.648,0.06519616780409224
OSBPL10,2.994236849839264e-6,-0.9895895621042075,0.328,0.673,0.06612173235500048
GPX4,3.087818330612625e-6,1.1113728190871994,0.438,0.201,0.0681882921949186
RAC1,3.167759945616433e-6,0.8343158463865369,0.719,0.471,0.06995364287904769
GYPC,3.180508777343896e-6,1.0496357745702662,0.328,0.122,0.07023517533008526
LRRC2,3.199324686564158e-6,2.601576786519314,0.125,0.026,0.07065068705339629
AP005262.2,3.2081169647195053e-6,-1.5924259111438075,0.156,0.464,0.07084484693190084
CTNS,3.2296657199987027e-6,1.726455308184691,0.234,0.074,0.07132070809473136
TLN1,3.236684666481662e-6,1.0390505308366593,0.484,0.238,0.07147570748991454
OSBPL1A,3.294530738727362e-6,1.3779182878388732,0.391,0.173,0.07275312230331633
RNASEH2B,3.3146991195922747e-6,1.226674707462636,0.453,0.21,0.0731985006579562
RPL13A,3.335413740525056e-6,0.5281539784985849,0.922,0.676,0.0736559416320148
GLDC,3.339627929914922e-6,-5.651441598847898,0,0.26,0.07374900357631123
BBX,3.4254236556217474e-6,-0.9948553470543109,0.672,0.843,0.07564363058709504
MERTK,3.4388836338583083e-6,1.1441040209200726,0.344,0.136,0.07594086728649302
RNASE6,3.4776055155674364e-6,2.690386053477169,0.109,0.02,0.0767959626002757
ARID5A,3.484249299926187e-6,1.9447032422098545,0.156,0.038,0.07694267729026999
UBE2L6,3.497423010153576e-6,2.708307961474431,0.109,0.02,0.07723359233322141
MPP7,3.5175324043834124e-6,-3.80760686750234,0.156,0.42,0.0776776680859989
FIGN,3.567199533712596e-6,-2.286611127240678,0.172,0.451,0.07877446730297526
CD180,3.583133012431773e-6,2.1973460421970525,0.141,0.032,0.07912632631353084
UBC,3.615374309915238e-6,0.8449693679904056,0.594,0.308,0.0798383108858582
DUSP27,3.6170947457582545e-6,2.0392811959648016,0.172,0.045,0.07987630327057954
ADAM12,3.651096693926293e-6,-1.4133169688554545,0.562,0.793,0.08062716829197433
FAU,3.675879235192109e-6,0.9712723352681696,0.578,0.329,0.08117444115074735
SLC25A6,3.691611854351452e-6,0.8919642561895728,0.578,0.294,0.08152186457964311
CMTM6,3.771386546880981e-6,0.9645610169161634,0.516,0.257,0.0832835291147727
SNX3,3.8046323115765753e-6,1.0110623521550721,0.594,0.323,0.08401769533654552
SLC7A8,3.887264937783429e-6,1.1901811709356482,0.359,0.144,0.08584247162107145
IFNGR2,3.9142397173677695e-6,1.1301239933843372,0.469,0.213,0.08643815567863246
RCN3,4.015677074943197e-6,1.5613441084754303,0.234,0.074,0.08867819684597061
NDUFS7,4.07242802211403e-6,1.6276502981292065,0.234,0.075,0.08993142801234412
KL,4.199222033163928e-6,1.796180717499766,0.125,0.026,0.09273142015835903
CNPY3,4.2054120430231725e-6,1.3939930506969442,0.266,0.089,0.09286811414608072
COBL,4.229107014468158e-6,-3.4832448196172523,0.047,0.317,0.09339137020050033
STS,4.2634545598801485e-6,-1.3491423107094684,0.203,0.487,0.09414986704583332
DOCK5,4.304862878718604e-6,-1.5184725440237874,0.328,0.626,0.09506428695074294
TIMP2,4.425633328322138e-6,0.7073982915896155,0.625,0.361,0.09773126078933778
ZNF516,4.466970864235373e-6,1.1878857129479858,0.359,0.147,0.09864411759490974
ARHGEF12,4.5509832265652235e-6,-1.1739274893422804,0.438,0.728,0.10049936259223984
ATP5PO,4.694318868689687e-6,1.3284097979497391,0.328,0.127,0.10366464357727435
TFPT,4.709289128525361e-6,2.228042839419969,0.141,0.032,0.10399523182522553
CSH2,4.736869348458393e-6,-0.7686516552489056,0.891,0.531,0.10460428582200669
AC078881.1,4.8306919489779285e-6,-1.8614952794799378,0.25,0.527,0.1066761703092796
CUX1,4.84156572334647e-6,-0.9346508111498497,0.672,0.86,0.1069162958686601
LRRC8C,4.87322476881612e-6,1.7448338374995456,0.219,0.068,0.10761542256976638
RENBP,4.945891381062175e-6,2.329796338220701,0.125,0.026,0.10922011936799601
OMA1,5.0292871374850954e-6,2.0718151601131938,0.156,0.039,0.11106174785708336
CRYL1,5.069993447235944e-6,1.281690081072152,0.266,0.09,0.11196066529531135
NME4,5.088534018944165e-6,1.8082225437710273,0.203,0.06,0.112370096740344
PNRC1,5.115209321786236e-6,1.1559826685456271,0.484,0.25,0.11295916745300545
OPHN1,5.121651837260925e-6,-1.6761790182796803,0.438,0.682,0.113101437522233
TGOLN2,5.2456385192649586e-6,0.9924145909268266,0.453,0.215,0.11583943542092807
SARAF,5.311861859240687e-6,0.9442894475588346,0.484,0.229,0.11730184543761209
MICAL3,5.394218958945566e-6,-2.129887477784756,0.141,0.427,0.11912053727039494
TIPARP,5.511947889768927e-6,1.4388472864812045,0.25,0.083,0.12172034524976721
GRIA4,5.532611646205005e-6,2.1973460421970525,0.172,0.046,0.12217666298314513
TFAP2A,5.568567423979729e-6,-3.1709076756912387,0.062,0.325,0.12297067442374435
LIPA,5.6778264833724486e-6,1.4794892709785505,0.344,0.143,0.1253834422323138
TLNRD1,5.729149855901232e-6,2.123345460753275,0.156,0.039,0.1265168162678669
DDAH2,5.82039535350825e-6,1.6676659769770859,0.219,0.068,0.1285317905915227
MEAF6,5.867891722777859e-6,1.6751996496624932,0.25,0.086,0.12958065291410345
LINC02306,5.916674397409358e-6,2.172255061234222,0.125,0.027,0.13065792071799084
NFIC,5.918578370829147e-6,1.1460655372533588,0.359,0.147,0.13069996616302004
CMPK2,5.973494000650913e-6,2.2456012108042733,0.109,0.021,0.1319126680163741
IL13RA1,6.003981890938915e-6,1.608392681279862,0.234,0.076,0.13258593209760405
SLC46A3,6.1601886170144584e-6,1.8014173658659134,0.172,0.046,0.1360354452295303
EBLN3P,6.2057045249289584e-6,1.6305766582418655,0.25,0.085,0.13704057302400618
TMC6,6.2249725364982926e-6,1.6804019649045472,0.203,0.06,0.1374660685234918
PLEKHA6,6.228459446521809e-6,-2.715056289020489,0.047,0.318,0.13754306995754112
TBC1D8,6.342707190852293e-6,-3.575706383263574,0.016,0.273,0.1400660028955912
CHSY3,6.3986648106678764e-6,0.6409664994328945,0.484,0.226,0.14130171501397873
NEBL,6.4196111744102015e-6,-1.4863970617656126,0.375,0.651,0.14176427356450047
PPP2R3C,6.464661429231514e-6,1.3539583888946916,0.359,0.154,0.14275911834171953
ESYT1,6.500814510858225e-6,2.147593006999953,0.188,0.055,0.14355748684328218
LATS2,6.533100682245118e-6,-1.7621714840626763,0.141,0.432,0.14427046236601893
BZW2,6.555906970171049e-6,-1.2923963075368152,0.328,0.604,0.14477409362228727
S100Z,6.5591706177455705e-6,1.1256014346936434,0.188,0.052,0.14484616475167544
NOP53,6.559777010931575e-6,0.9911401252601217,0.375,0.155,0.14485955573240197
RPS2,6.636046981024732e-6,0.3842006951355539,0.906,0.659,0.14654382548196918
ST3GAL5,6.6859134095721585e-6,1.4826404081051225,0.297,0.112,0.14764502582358197
NEK3,6.693927300495823e-6,1.4096496459099164,0.312,0.123,0.14782199657684927
H19,6.697963502730102e-6,-1.0449515227909918,0.406,0.738,0.14791112803078885
MOB1A,6.716668959262147e-6,1.0190088009385396,0.375,0.155,0.148324200627386
ZFYVE28,6.732039356153119e-6,2.755974395104746,0.109,0.022,0.14866362510192932
C1orf21,6.802622457250047e-6,-2.405069578526701,0.219,0.48,0.1502223117234528
TMED7,6.908613679722486e-6,1.0529561328618775,0.328,0.125,0.15256291588931165
PTPRE,6.941307038267643e-6,1.209811591514143,0.375,0.165,0.15328488332606435
GNA12,6.954338452417614e-6,-1.9163047475313095,0.391,0.617,0.15357265604473816
FAM219B,6.977386365803671e-6,1.6379186335830336,0.219,0.068,0.15408162311604245
SOCS3,6.98659509794526e-6,1.6123835414758962,0.203,0.06,0.15428497954792517
HECTD3,7.173628016914114e-6,2.2973748605283246,0.141,0.033,0.15841522749751438
CEMIP2,7.210214724236957e-6,1.3077430678962552,0.781,0.662,0.15922317175532472
CHKA,7.217931543045598e-6,1.1662880784502565,0.453,0.221,0.15939358226507594
ANTKMT,7.323512306318038e-6,1.990895164729626,0.172,0.047,0.16172512226042124
GUSB,7.368300176722823e-6,1.438847286481205,0.312,0.124,0.1627141728025701
TEX14,7.372247985663307e-6,1.5688993865551835,0.344,0.145,0.1628013522674028
AEBP2,7.372432414313016e-6,-1.2639157826414498,0.531,0.726,0.16280542500527434
NLRP1,7.398948332147127e-6,1.5383829600321193,0.234,0.076,0.163390976018805
GATA3,7.447452841751161e-6,-1.9777805437037332,0.109,0.395,0.16446210110439088
AC008875.3,7.471097561505415e-6,2.3242581546792715,0.156,0.04,0.16498424745072407
CAP2,7.539646523959885e-6,-2.3214059238544538,0.062,0.338,0.16649801418860613
RHBDF2,7.59438374884548e-6,1.579024944529465,0.219,0.068,0.16770677632575473
CASP1,7.6266419469031915e-6,2.4756472046841562,0.109,0.022,0.16841913411346318
TJP2,7.735416785029386e-6,-3.3096139465228305,0.047,0.303,0.17082120886380392
PATL1,7.760224442495947e-6,1.609936221057153,0.312,0.125,0.171369036363638
AC007262.2,7.923769633739377e-6,1.3118744302234393,0.234,0.076,0.17498060482186667
GIMAP5,7.977620400093528e-6,2.1299181146767614,0.141,0.033,0.1761697912952654
DUSP3,8.032664576013607e-6,1.695924237018599,0.281,0.107,0.1773853318321085
NME7,8.082417508726617e-6,1.1109617362974429,0.344,0.138,0.17848402584520986
ATP2B4,8.11224600252929e-6,1.2015706280587777,0.594,0.359,0.17914272847385432
ARHGAP6,8.184441831796322e-6,0.7376244171180104,0.547,0.272,0.18073702897155816
NFAT5,8.24506205640769e-6,-0.7242892780977799,0.75,0.912,0.182075705391651
UQCRQ,8.279846553235957e-6,1.3850689214347223,0.328,0.133,0.18284385143510964
MTCH1,8.409200722906182e-6,1.1446448625537318,0.359,0.148,0.1857003795639372
PTMA,8.4296377161937e-6,0.4280616830237969,0.891,0.632,0.18615168968670548
SNX5,8.432564994741218e-6,1.3223460337354949,0.484,0.251,0.1862163327788703
GPSM3,8.507088361168556e-6,2.3578107143902987,0.141,0.034,0.18786203227968523
TRANK1,8.511229913382183e-6,0.9835824298212155,0.344,0.137,0.18795349017721874
NAGK,8.686008213799195e-6,1.2470039285043637,0.422,0.203,0.1918131193853276
CHCHD10,8.701021768340747e-6,1.0626495290657214,0.328,0.126,0.1921446637102687
TMEM127,8.830112129442167e-6,1.5456145292631953,0.25,0.086,0.19499536615447138
TLK1,8.93685386926652e-6,-1.0192975089075427,0.641,0.843,0.1973525439950126
TEC,9.194814857371945e-6,1.3121612198160524,0.359,0.157,0.20304909649534467
LAMTOR5,9.259227515897522e-6,1.3911968828848449,0.297,0.113,0.204471521233565
RAPGEF2,9.513693108895019e-6,-1.1894702814564146,0.641,0.817,0.2100908849237287
MYH10,9.518204186481853e-6,-0.6659113373730667,0.359,0.68,0.21019050305007875
KISS1,9.521439561177612e-6,-0.7643225823298283,1,0.672,0.2102619498294852
LARGE1,9.52492403362187e-6,1.2887690699606469,0.391,0.175,0.21033889743447176
PTPRJ,9.621903201638057e-6,0.9704481735543028,0.547,0.3,0.2124804884017732
TAB2,9.673256253562383e-6,0.7464806155480954,0.797,0.58,0.2136145178474181
ARHGAP15,9.890628768812273e-6,1.7369286394141994,0.25,0.089,0.21841475510168143
SEMA3D,9.945081955154421e-6,2.525892015848923,0.125,0.028,0.2196172448156751
ATP1A1,1.0206440399571859e-5,1.0844519857911186,0.422,0.193,0.22538882334374535
PPIA,1.0309151317655985e-5,0.9362408693341369,0.641,0.387,0.22765698854779712
RABGAP1,1.0653310508705585e-5,-1.0167090111068993,0.547,0.781,0.23525705596374544
UNC5C,1.0734303578644864e-5,1.0947763085565043,0.594,0.375,0.23704562592721454
TFPI,1.0810966985593369e-5,-1.8301858599740322,0.375,0.606,0.23873858394285838
DLEU7,1.1082812666655263e-5,1.7352984753527434,0.25,0.09,0.24474175211774818
BRAT1,1.1112665613140932e-5,1.6314923644236008,0.219,0.07,0.2454009947349912
ELOB,1.1217038917597527e-5,1.0470795665252082,0.375,0.157,0.2477058704173062
KLF3,1.1229874075216425e-5,1.1469818250205137,0.484,0.254,0.24798930920300433
ITGAL,1.1376641080995853e-5,1.915452609111942,0.141,0.034,0.2512303649916314
BTBD6,1.1758476408488505e-5,2.248876342837134,0.125,0.028,0.2596624345286517
AC022784.1,1.2220388844291186e-5,-3.497240949698602,0.031,0.277,0.2698628468484823
PAK2,1.2296197612119357e-5,0.764914032126925,0.719,0.476,0.27153693186843175
LPAR5,1.2616296098472792e-5,2.030236056361794,0.125,0.028,0.27860566674257464
ALPK3,1.2648885269727389e-5,1.690386053477169,0.25,0.089,0.27932533341138993
AC008957.1,1.2688013459518532e-5,2.755974395104746,0.109,0.023,0.28018940122654773
MEF2C-AS2,1.271338461908513e-5,2.3218911401353552,0.172,0.049,0.28074967254325695
UBALD2,1.280985007216075e-5,1.581451681924005,0.219,0.07,0.28287991914352584
PARP4,1.2860897166955546e-5,1.1646014886907865,0.438,0.211,0.28400719213787934
SLC66A2,1.2862648910838962e-5,1.6998463827262356,0.297,0.12,0.2840458758980568
GTF3C6,1.288010686206958e-5,1.6015767865193133,0.234,0.079,0.28443139983508253
FTX,1.3014028511770064e-5,-0.8840156677725028,0.969,0.976,0.2873887916254183
EXOC6B,1.308808287683458e-5,-1.2500939518197958,0.828,0.9,0.289024134169138
AMOTL1,1.3228732771363218e-5,-1.026488122749568,0.328,0.634,0.29213010579001397
ERVW-1,1.3300374617144786e-5,-2.0572267848885453,0.172,0.432,0.29371217267040833
TWISTNB,1.3399646285888921e-5,1.6508576892905316,0.203,0.063,0.29590438893128507
RNPEPL1,1.3861348216147433e-5,2.4452735556406378,0.172,0.049,0.30610015265718377
MVB12B,1.3876530424541377e-5,-2.2609346429600667,0.047,0.307,0.30643542136514723
ST13,1.3967508929391741e-5,0.864611192353107,0.547,0.303,0.30844449968775783
PLEKHA5,1.4179222860276151e-5,-0.7851472394517446,0.438,0.747,0.31311977842347827
EHD4,1.4217175123497637e-5,1.3211522438114502,0.344,0.148,0.31395787825219834
ATF6,1.4271291893011661e-5,1.0793960000640497,0.656,0.474,0.31515293887337653
TMEM19,1.4558401409836455e-5,1.8305637115254294,0.172,0.048,0.32149317833341845
CUL1,1.468301485319199e-5,-1.2083091801188608,0.375,0.626,0.3242450170030387
TOMM6,1.4717684860742417e-5,1.426079990407327,0.266,0.097,0.3250106347797748
EML4,1.4780624798155095e-5,-0.6989494381722672,0.734,0.883,0.32640053741765895
WDR11,1.4914902692610617e-5,0.8194186242725806,0.547,0.285,0.32936579616092027
EMILIN2,1.5081179320263808e-5,1.5141354137854421,0.375,0.178,0.3330376829293857
NIBAN2,1.5264184949943827e-5,-2.074362697202575,0.094,0.357,0.3370789962496095
MCL1,1.527318195879391e-5,1.033543429625428,0.516,0.275,0.3372776771960459
DBI,1.5302154410238387e-5,1.4522263162824047,0.328,0.138,0.3379174758412943
CORO7,1.5437184646694075e-5,1.8524915504601822,0.234,0.082,0.34089934855294524
CNTLN,1.5455692309413763e-5,0.9543922983782878,0.531,0.294,0.3413080532687841
KANK2,1.5459849896247735e-5,1.0456141575207094,0.344,0.14,0.3413998652588387
THSD7A,1.5587860101374178e-5,-0.5533579490272069,0.422,0.732,0.34422671461864596
ZDHHC20,1.5598896102855326e-5,-1.089807374583094,0.359,0.624,0.3444704226393542
VCPIP1,1.56604685739163e-5,1.186754630929337,0.312,0.125,0.3458301275177937
ANKRD9,1.5817235669685323e-5,1.259407010329304,0.219,0.07,0.349292015293661
PARP12,1.586156595482438e-5,1.543736194526326,0.281,0.108,0.3502709609803868
GLB1,1.621739154670444e-5,0.894099368375765,0.391,0.168,0.35812865752587414
COX5B,1.629262096097914e-5,1.207737648043648,0.344,0.142,0.3597899486813024
CACNB4,1.63656110140522e-5,1.2438703227251575,0.281,0.105,0.36140178802331474
RPL30,1.637949100818314e-5,0.6387239336546765,0.766,0.476,0.3617082999337083
CCDC170,1.6392519674159846e-5,2.052956132861878,0.156,0.042,0.3619960119644719
LRIG1,1.6705645785248173e-5,1.9534204593109625,0.125,0.029,0.3689107758756354
WASHC5,1.6816058290047125e-5,1.244321658577701,0.422,0.211,0.3713490152191107
SIK3,1.7069317995193907e-5,-0.9874913003519304,0.594,0.813,0.37694174928786706
LYN,1.7077383878799522e-5,0.769183060752459,0.781,0.567,0.37711986819552984
DISC1,1.7224691230873904e-5,0.7186197342061131,0.766,0.598,0.3803728564513884
OS9,1.723089518237538e-5,1.0598425184471172,0.359,0.153,0.38050985831239553
PRKCA,1.7998678169177986e-5,0.6500883203055101,0.875,0.694,0.3974648100099575
AUTS2,1.8187974781520117e-5,-1.1783191932448902,0.484,0.725,0.40164504710030874
TPCN1,1.873938595262724e-5,1.0036752300906588,0.422,0.201,0.4138218599918673
ZBTB20,1.8980299896410664e-5,0.36956389581597615,0.781,0.498,0.4191419626124367
RPS16,1.9655933914646613e-5,0.7288852443851145,0.75,0.555,0.4340619886371412
ACAP2,1.9714294463288217e-5,0.5574917829798237,0.875,0.701,0.4353507646327937
ZBED3,1.9974035834377816e-5,2.1973460421970525,0.125,0.029,0.4410866333305653
OCRL,2.0186594402295867e-5,1.2863196720193288,0.281,0.108,0.4457805641858996
SGMS1-AS1,2.0370436375646928e-5,2.4008794362821844,0.109,0.023,0.4498403464834111
MPRIP,2.041665796790836e-5,-1.8687431482607202,0.125,0.391,0.45086105790532033
AC108690.1,2.059041729844194e-5,-2.5405683813627027,0.047,0.301,0.45469818520149335
FP236383.3,2.080216079473978e-5,2.123345460753275,0.125,0.029,0.45937411683023854
IL1RAPL2,2.082369519483608e-5,-2.4568635099972465,0.141,0.398,0.45984966098756513
HMGB1,2.085604363431261e-5,0.5449098671212703,0.812,0.582,0.4605640115765253
NUDT14,2.087215180388541e-5,2.637918633583033,0.125,0.03,0.4609197282852015
NUAK1,2.1248605972960067e-5,1.560409266362118,0.25,0.092,0.46923296570087714
RPS19,2.1538643928180244e-5,0.5306195599124365,0.797,0.526,0.4756378738660043
RNF149,2.1582178729798205e-5,0.9704481735543028,0.734,0.512,0.4765992528901338
ZNF330,2.1585907410790795e-5,1.5838657298261276,0.297,0.122,0.4766815933524931
IRAK2,2.1590549005246756e-5,1.915452609111942,0.141,0.036,0.4767840936828641
KLHL24,2.199520490962584e-5,0.8839474191867199,0.484,0.243,0.4857201100192674
HTR7,2.2089473211660346e-5,1.9534204593109625,0.109,0.023,0.4878018369330954
VPS28,2.2285524166471645e-5,1.1953492321331056,0.266,0.096,0.4921312301681933
PGBD5,2.2519085801038396e-5,1.4634209023508973,0.172,0.049,0.4972889717443309
FIG4,2.2557018722300685e-5,1.2178630595375655,0.375,0.174,0.498126644444566
GNAI1,2.2723029600952958e-5,-0.9385968598160253,0.297,0.617,0.5017926626778442
PDK4,2.2919273984279653e-5,1.9004504457726963,0.266,0.103,0.5061263273948475
CDC14B,2.298647524971231e-5,1.2591927858072842,0.453,0.244,0.507610332939397
ASCC3,2.3864676562095123e-5,-0.9851789960248937,0.719,0.855,0.5270036525207465
CRIM1,2.4065427695699936e-5,-1.1562381280535727,0.719,0.865,0.5314368398041417
EZR,2.42843724539056e-5,-1.0689094125206058,0.625,0.786,0.5362717968995974
TCAF1,2.4383560993006284e-5,-1.8441690200476941,0.297,0.523,0.5384621774085577
PHB,2.474627835550971e-5,1.269034780266123,0.25,0.089,0.5464720649247209
PPP6R3,2.48731970533669e-5,-0.7115783915763733,0.703,0.87,0.5492748105295012
CDK6,2.4943341141429668e-5,-1.1009985969255744,0.344,0.642,0.5508238024261913
RCOR1,2.50960037808001e-5,-0.664594401195097,0.469,0.707,0.5541950514914086
ADRM1,2.511447664104695e-5,1.7383205305408709,0.203,0.066,0.5546029876642399
TBC1D13,2.5176114199417874e-5,1.9798926706721547,0.156,0.043,0.555964129865745
LIFR,2.5726527124856863e-5,-1.2107706447474018,0.406,0.686,0.5681188984982141
HS6ST2,2.5945520853001567e-5,-4.664230660116368,0.047,0.28,0.5729549369968336
GALNT3,2.63461986164586e-5,1.8863062634524264,0.203,0.067,0.5818031040472552
SHKBP1,2.6391265673218212e-5,2.123345460753275,0.125,0.03,0.5827983198616777
FMR1,2.648882973956806e-5,-1.2663101623019706,0.344,0.584,0.5849528271388814
TMLHE,2.6546249926326606e-5,1.3082824435604081,0.406,0.198,0.5862208371230704
RPL38,2.6742017547399164e-5,0.7511400845562656,0.625,0.358,0.5905439734992157
TTC21B-AS1,2.756785348563179e-5,2.310113972359002,0.141,0.037,0.6087809085232069
PIK3IP1,2.78794674813514e-5,2.137845030448391,0.156,0.044,0.615662280390683
HBP1,2.8284173483169594e-5,0.9085662235267028,0.438,0.21,0.6245994030288341
LBR,2.8377017652926128e-5,0.9503212206520764,0.375,0.165,0.6266496808295676
SLC43A2,2.9115155608492754e-5,-1.7763135656241675,0.344,0.565,0.6429499813023455
SPNS1,2.9194920344222303e-5,1.5383829600321193,0.219,0.074,0.6447114259614611
DALRD3,2.950227903427263e-5,1.62509459322545,0.172,0.05,0.6514988279138425
PNRC2,2.981585248343667e-5,1.1072672527397012,0.344,0.15,0.658423470391732
RPL7A,3.0149040347365547e-5,0.4018232996072404,0.797,0.537,0.6657812579908734
C3orf38,3.0275999790444225e-5,1.3159905386956712,0.25,0.09,0.6685849033723799
ACTR3,3.072151947346423e-5,0.871000373078686,0.766,0.566,0.6784233145325106
RPLP1,3.0890856593078374e-5,0.2645255849037893,0.922,0.709,0.6821627861449497
RBFOX2,3.0895510643998564e-5,-1.025192957248832,0.547,0.777,0.6822655615514203
PRKACB,3.131017135009426e-5,1.4495736930742635,0.375,0.188,0.6914225139241316
NLK,3.1387539577406216e-5,0.7706360562601617,0.719,0.525,0.6931310364878615
BCL2L11,3.1414474218617345e-5,1.6093494813862628,0.25,0.096,0.6937258341697268
SLC25A24,3.149590542104221e-5,1.1949751377343052,0.422,0.214,0.6955240794128751
TMEM222,3.167581054872802e-5,1.6691695675674736,0.203,0.067,0.6994969243475609
AC008014.1,3.206477145551584e-5,-2.004906691524116,0.25,0.484,0.7080863480521563
CYTH3,3.2127587522468426e-5,-1.832897093990535,0.312,0.538,0.7094735152586703
SERPINB1,3.2190116706076466e-5,1.3145191514790033,0.312,0.132,0.7108543472202866
PER1,3.2548459236778665e-5,1.670486496039464,0.188,0.059,0.7187676253257832
ZDHHC2,3.307724974766893e-5,1.1188440685183347,0.297,0.117,0.730444906177773
JAK1,3.322737205530737e-5,0.6363093807213765,0.531,0.277,0.7337600570973527
KANK1,3.349816936357534e-5,-2.791198707398678,0.359,0.586,0.7397400740558342
SIGLEC6,3.351697012053905e-5,-3.0477812858987905,0.016,0.245,0.7401552511718639
CTSA,3.3740434562962436e-5,1.4844441529213155,0.25,0.093,0.7450900164538995
RAB5IF,3.3858618680345466e-5,1.5591415201989167,0.188,0.058,0.7476998763180689
TJP1,3.4508429474087135e-5,-1.2674253886693476,0.266,0.542,0.7620496480762662
RPS6,3.4723157358441584e-5,0.5950044545570142,0.797,0.545,0.7667914839464655
IFRD1,3.520803139101032e-5,1.272102894694671,0.469,0.266,0.7774989572076809
EDF1,3.560376409971822e-5,0.6320420672463644,0.438,0.198,0.7862379226140775
SNX18,3.5803094029750263e-05,1.1815121681633987,0.344,0.15,0.7906397254589751
IFT27,3.5848372489836806e-5,1.9811654497938673,0.172,0.052,0.7916396096930662
PTPN3,3.680375803572868e-5,-2.1146770570724454,0.078,0.324,0.8127373887029965
SNRNP25,3.742203791266261e-5,2.2753485541983256,0.109,0.024,0.8263908632253284
ZCCHC9,3.824251405947886e-5,1.2100570939466062,0.25,0.091,0.8445094379754716
HMGN2,3.902829600868051e-5,0.7908259545981977,0.578,0.346,0.8618618607596917
TBC1D1,3.925655625351375e-5,-1.3418127689109791,0.375,0.611,0.8669025317463441
SCPEP1,3.978634726423279e-5,2.0529561328618775,0.156,0.045,0.8786019066360528
DIAPH1,4.012485522137688e-5,-2.317108483069755,0.094,0.333,0.8860771778536657
ESRP1,4.024118777486609e-5,-2.2672534447991857,0.016,0.243,0.8886461496323678
AC044810.2,4.028230082499064e-5,-4.07116517896731,0.047,0.272,0.8895540491182683
HIST1H2BG,4.102667001944737e-5,2.504830400321092,0.141,0.038,0.9059919540394563
ARF1,4.23595502139363e-5,0.9807278053066983,0.516,0.292,0.9354259473743554
PJA2,4.2828308656749835e-5,0.9083325697824252,0.625,0.399,0.9457775400670067
GABRE,4.3206267985505205e-5,-2.961462927051086,0.031,0.259,0.9541240159239115
SDR39U1,4.3350010834488854e-5,1.9274252507780183,0.156,0.045,0.9572982892580174
LHFPL2,4.338578983440213e-5,1.2557197474493926,0.453,0.244,0.9580883969131022
BLOC1S1,4.416812543845094e-5,1.6314923644236008,0.188,0.06,0.9753647140573122
ABCC1,4.476566684262223e-5,0.9000572337122381,0.297,0.118,0.9885602208856267
BEST1,4.495529295274123e-5,2.4452735556406378,0.109,0.025,0.9927477342753845
HMGN5,1.1938438238327871e-4,2.2753485541983256,0.109,0.027,1
FGF7,1.224371997707307e-4,2.2456012108042733,0.141,0.041,1
RAD51AP1,0.02520976990276016,2.2456012108042733,0.125,0.059,1
AGPAT2,6.714997854373406e-5,2.1973460421970525,0.141,0.039,1
EPHB3,8.502180220595069e-5,2.1857113417136493,0.141,0.04,1
RPS6KA1,9.33122290134565e-5,2.1378450304483905,0.125,0.033,1
PRXL2C,6.45115182253407e-5,2.1054235527560134,0.141,0.039,1
RASSF5,1.0841712789489612e-4,2.1054235527560134,0.109,0.026,1
CALHM2,2.08230746317469e-4,2.1054235527560134,0.109,0.028,1
ANKRD39,2.5566773233482684e-4,2.1054235527560134,0.109,0.029,1
BRMS1,2.5566773233482684e-4,2.1054235527560134,0.109,0.029,1
EVI2A,1.0558494809816738e-4,2.0927571409198524,0.172,0.056,1
DHRS7,1.9535886708948124e-4,2.085017342094176,0.141,0.042,1
RFXANK,3.1427491521539893e-4,2.0789513413948217,0.109,0.029,1
PCK2,1.422812778219119e-4,2.0529561328618775,0.125,0.034,1
NUDT16,2.6320531597541394e-4,2.0274210407547404,0.109,0.029,1
ZFAND2B,4.575984430317335e-5,2.0123141483645317,0.141,0.038,1
LIX1L,1.372847622451864e-4,1.9952406350055898,0.156,0.049,1
ACP2,0.00981537387877631,1.9858419370033404,0.109,0.042,1
SS18L2,7.250000668929341e-4,1.9727857841778937,0.125,0.039,1
AC009542.1,6.264528941105972e-4,1.960837930873446,0.141,0.047,1
SLC7A7,5.8849809374152937e-5,1.953420459310963,0.172,0.054,1
ERC2,7.394698836473311e-5,1.953420459310963,0.125,0.032,1
CTSK,3.905367862939279e-4,1.953420459310963,0.109,0.03,1
ETV1,0.0010584773541089255,1.9534204593109625,0.109,0.033,1
ADO,0.0014552818004772395,1.9427732151114547,0.109,0.034,1
DNAJA4,1.5549893744062874e-4,1.9009530394168275,0.125,0.034,1
MRPL40,8.562445516803437e-4,1.8968369309445952,0.125,0.04,1
GRIN2C,2.690610196336417e-4,1.8883254310890778,0.141,0.044,1
NCF1,2.2677874220777215e-4,1.883031131419565,0.109,0.028,1
ZBTB33,0.006153096730658297,1.8784584016297408,0.109,0.04,1
HIST1H2AG,0.018744893504402844,1.87541794730969,0.109,0.047,1
RPP25,3.1245524103506566e-4,1.8603110549194817,0.125,0.036,1
PLAUR,5.636434880873477e-5,1.8465052553944514,0.156,0.046,1
BCL3,7.096751221243446e-4,1.8379432418910273,0.109,0.031,1
AC253572.2,2.14400909011042e-4,1.8359268962925226,0.188,0.068,1
RGCC,1.5034955591580553e-4,1.8246871451887605,0.141,0.041,1
POLR2M,1.4243301080600387e-4,1.82468714518876,0.141,0.041,1
CNEP1R1,3.705037121276026e-4,1.81361781947144,0.188,0.072,1
DKK3,0.001392261574964507,1.8119480333580826,0.125,0.041,1
THRA,0.007989719516517802,1.8071997184599193,0.109,0.041,1
SHMT2,7.985593801278399e-4,1.8014173658659125,0.125,0.039,1
GRASP,7.163876866219404e-4,1.7942218644617096,0.109,0.031,1
TMEM173,1.441308499297181e-4,1.7899217270280832,0.141,0.041,1
AC024257.1,4.4470416485525383e-4,1.7899217270280832,0.125,0.037,1
KATNAL2,7.666863715484077e-5,1.7773216902484499,0.172,0.054,1
IRAK1,0.010673379321683081,1.7728482136691421,0.109,0.043,1
AC110995.1,1.0791852330223829e-4,1.7728482136691417,0.125,0.033,1
LAMTOR2,6.7730051515205e-5,1.7634495156668926,0.188,0.062,1
SLC46A1,0.0019427817387123421,1.755974395104746,0.125,0.043,1
CENPB,0.0011776241820086028,1.7517865981413125,0.109,0.033,1
CDKN1A,1.8909738210173225e-4,1.7498870652258312,0.141,0.042,1
PXMP2,0.001222989272984839,1.7448338374995451,0.125,0.041,1
NXPE3,0.005514054158133748,1.7448338374995451,0.109,0.039,1
FES,0.0026656646239837756,1.734780172835623,0.125,0.045,1
MRPL41,0.0015759136466721466,1.7278607588958326,0.141,0.051,1
SQOR,0.0031001257104032887,1.7264553081846907,0.109,0.037,1
FMO5,0.004947949265726652,1.7264553081846907,0.109,0.039,1
NFATC1,2.6144118492401307e-4,1.7198298313696512,0.141,0.043,1
PPIE,9.143974088172775e-4,1.7152607221161982,0.156,0.057,1
LRRC4,2.142389786549577e-4,1.7083079614744319,0.188,0.068,1
SNAPIN,0.0014125634371590433,1.7083079614744312,0.125,0.041,1
CSK,3.313225721375681e-4,1.7011124600702279,0.172,0.061,1
FAM20C,2.273369591684276e-4,1.7004397181410922,0.172,0.059,1
NLRC4,0.005599737163021844,1.6903860534771695,0.109,0.039,1
AC023051.1,1.4165301253076028e-4,1.6903860534771693,0.203,0.075,1
CORO1B,2.137134475774705e-4,1.690386053477169,0.203,0.076,1
CYP4V2,6.186471751370937e-4,1.6781077236987327,0.156,0.054,1
TMEM41A,4.287266801418864e-4,1.6744445096081475,0.141,0.045,1
CUEDC2,0.009400426219728912,1.67268405174371,0.109,0.042,1
SIRPB2,0.0012309834227436094,1.670486496039464,0.109,0.033,1
LY86,6.445568937172554e-5,1.6676659769770859,0.156,0.046,1
MORN1,0.011492525196015173,1.6639138421159778,0.125,0.053,1
PPP2R5D,0.007880541778183352,1.6615311908049843,0.125,0.05,1
OXCT1,0.03054532175022413,1.659442346268901,0.203,0.12,1
NUDT19,0.0031677552021208318,1.6586771937498308,0.125,0.045,1
TMOD2,6.44910865330118e-4,1.6551966250148693,0.125,0.038,1
CARD19,0.010332535113640955,1.6551966250148693,0.109,0.042,1
GDAP1,0.0045981806261125545,1.6538601774520552,0.125,0.047,1
EIF1AY,2.8907405057703004e-4,1.6379186335830338,0.188,0.069,1
KCNAB2,5.0767503499295144e-5,1.6379186335830331,0.156,0.045,1
C5AR1,0.0011052550848455306,1.6379186335830331,0.125,0.04,1
MICOS13,8.661271162741564e-4,1.6348909408854653,0.172,0.066,1
SVBP,0.002831512779125864,1.6314923644236003,0.109,0.036,1
LRRC57,0.003683265389498949,1.6314923644236003,0.109,0.037,1
MRPL54,0.004146987732942512,1.6314923644236003,0.109,0.038,1
MRPL28,0.006481674607176021,1.6314923644236003,0.109,0.04,1
CLN6,9.541484032066443e-5,1.6300134354976872,0.25,0.102,1
PBXIP1,4.379614972006896e-4,1.6276502981292063,0.141,0.045,1
SULT1A1,4.379614972006896e-4,1.6276502981292063,0.141,0.045,1
IDH3G,0.004795804559359276,1.6276502981292063,0.125,0.047,1
SUPT4H1,2.3049827512001972e-4,1.62509459322545,0.156,0.05,1
SAMD9L,0.002183419753027321,1.6219063155944027,0.156,0.061,1
AFP,1.3082920688395382e-4,1.620845120224092,0.125,0.033,1
MPC1,5.376728265527773e-4,1.6160038571545932,0.203,0.083,1
MRGBP,0.005852777633033362,1.6123835414758965,0.109,0.039,1
DTX3L,7.37789291216559e-5,1.6079238932851962,0.203,0.069,1
HS1BP3,0.002688457312141973,1.599783504696262,0.141,0.053,1
POLR3F,0.004939648352779823,1.599783504696262,0.141,0.057,1
RPH3AL,4.4019050715789123e-4,1.5990457419387434,0.172,0.062,1
AC006547.1,5.097992709013711e-4,1.5972766490856878,0.141,0.045,1
ATP13A1,0.001507899759490218,1.5972766490856878,0.141,0.05,1
CCDC124,0.0058661693906684595,1.5972766490856878,0.125,0.048,1
NDST2,0.0072741330732601734,1.5935245142245797,0.109,0.04,1
AP1G2,0.0072741330732601734,1.5935245142245797,0.109,0.04,1
EMG1,5.802441388110327e-4,1.5897821125387634,0.203,0.083,1
CC2D1B,4.952091687724245e-5,1.5872925605130659,0.203,0.068,1
LACC1,0.0029971699098281907,1.587292560513065,0.125,0.045,1
UXT,5.0741696769257106e-5,1.584676612306054,0.219,0.078,1
NDUFS2,1.486699371735241e-4,1.5802031357267465,0.234,0.094,1
CRYZ,4.898617334167017e-5,1.5802031357267463,0.188,0.06,1
TK2,1.8247089314731002e-4,1.578275687155632,0.234,0.094,1
HMGCL,9.833352472306628e-5,1.5773770916479828,0.188,0.063,1
NEU1,2.5650914633604705e-4,1.574908836057233,0.188,0.068,1
HFE,0.002233670068550326,1.574908836057233,0.109,0.035,1
AC024145.1,0.0031464559944473914,1.574908836057233,0.203,0.095,1
TCIRG1,0.002367164873764763,1.5708044377244965,0.125,0.044,1
C11orf74,0.005774559917728618,1.5708044377244965,0.109,0.039,1
C4orf48,2.372560067850672e-4,1.567529305691636,0.172,0.058,1
SLC6A16,2.9116553916786673e-4,1.567529305691636,0.172,0.06,1
LZTS2,9.527636332338849e-5,1.5656903060278546,0.203,0.072,1
CLPP,0.002297057878040341,1.5648551713933108,0.141,0.052,1
AC009107.2,0.00900327578304351,1.5565303067423786,0.109,0.041,1
RHOG,0.0015509567163772906,1.5554564733910607,0.172,0.068,1
OXA1L,5.3791985679899504e-5,1.5545026253953964,0.219,0.077,1
TMEM175,0.002367164873764763,1.5545026253953962,0.125,0.044,1
ZDHHC24,0.002712152663261717,1.5545026253953962,0.125,0.044,1
RANBP6,0.008226811722883996,1.5487249042535782,0.141,0.06,1
RNF150,0.003786920404641347,1.547428099635126,0.125,0.046,1
PRXL2A,0.001568030765662206,1.5456145292631953,0.188,0.078,1
P2RY1,1.5250191855513466e-4,1.5383829600321195,0.172,0.056,1
CENPX,0.0011170415466631811,1.5383829600321195,0.141,0.048,1
NKIRAS2,0.007171971224021101,1.5383829600321195,0.125,0.049,1
COPZ1,6.33167470857801e-4,1.5383829600321193,0.188,0.073,1
VTN,9.632923764334162e-4,1.5383829600321193,0.172,0.066,1
SMIM30,6.119665087155373e-4,1.538382960032119,0.156,0.054,1
LRRK2,0.0016647489696548189,1.538382960032119,0.109,0.034,1
TMEM107,0.009063856105325879,1.538382960032119,0.109,0.041,1
AC073167.1,0.08379038945980409,1.5299213812839232,0.125,0.072,1
MANEA,1.46603750484171e-4,1.5281146245782922,0.188,0.065,1
CYBC1,5.925157775732331e-4,1.5281146245782922,0.172,0.063,1
SLC15A2,9.569143998143762e-5,1.5273277715231237,0.172,0.054,1
SORBS3,5.9654710771817815e-5,1.5253268072066728,0.25,0.097,1
SEPHS2,0.008617754965605722,1.5240276670550492,0.125,0.051,1
ABHD6,0.023983202023887557,1.5240276670550492,0.109,0.048,1
ACAA2,5.8191108063560994e-5,1.523276067641911,0.219,0.078,1
TTYH2,0.0027806519614278456,1.5224414161630975,0.125,0.044,1
LRCH4,0.005126133277052742,1.5224414161630975,0.125,0.047,1
TACC3,0.005237655291575644,1.5135082913930897,0.188,0.089,1
RNF40,1.718991372850113e-4,1.511582900688404,0.203,0.074,1
ZNF484,0.007355064859513292,1.5077946401986964,0.156,0.07,1
ME1,0.0013522628504207697,1.5066741003047808,0.125,0.041,1
ABCD1,0.005126133277052742,1.5066741003047808,0.125,0.047,1
LRRN2,0.01076404744361037,1.5066741003047808,0.109,0.042,1
HAX1,0.02313468719450278,1.5066741003047808,0.109,0.047,1
SCRN2,0.02869862681463482,1.5066741003047808,0.109,0.049,1
ROMO1,5.591458045396067e-4,1.502759050301398,0.172,0.062,1
ZNF780A,0.004534137265648285,1.4977409755347733,0.156,0.066,1
ALKBH7,6.55184802020895e-4,1.4939888406736657,0.172,0.063,1
MVB12A,0.004691436344363486,1.4910772452537628,0.125,0.047,1
AGAP5,0.03307131925753067,1.4910772452537628,0.141,0.073,1
NDUFB1,9.690059350712829e-4,1.4892884105039497,0.234,0.108,1
MSL3,4.7394772667590484e-4,1.4868526593920377,0.156,0.053,1
DCK,0.005440628174546244,1.4852716235725572,0.109,0.039,1
MAGEF1,0.0034832841670436048,1.4794892709785503,0.141,0.054,1
TIMM17B,0.004691436716507033,1.4756472046841562,0.125,0.047,1
ZYX,3.4180383973570107e-4,1.4716139478194183,0.203,0.078,1
MGAT4B,6.714148305998263e-4,1.4679936321407214,0.156,0.054,1
EIF1B,5.50297454072632e-5,1.4679936321407212,0.234,0.086,1
BAG1,6.730722073654155e-5,1.4679936321407212,0.234,0.087,1
CASP10,1.6552255414335927e-4,1.462718690100047,0.172,0.056,1
ENTPD3-AS1,0.0019438002947825875,1.4617616784292071,0.141,0.051,1
TSR3,0.003875614797147142,1.460380448030846,0.125,0.046,1
ZBTB48,0.007547595671130281,1.460380448030846,0.125,0.049,1
MRPL51,4.574030282986177e-5,1.4594316186372973,0.203,0.067,1
CEP164,2.1787239568892423e-4,1.4594316186372973,0.203,0.075,1
DBNL,8.759313490573617e-5,1.4590605073707132,0.266,0.109,1
RRN3,5.181787042528726e-4,1.4571868771841385,0.219,0.091,1
OSGEP,2.2993554559836923e-4,1.4559207998401462,0.219,0.086,1
TDP2,0.0024467457507510743,1.4533468561763199,0.25,0.128,1
LOXL3,5.4826984393737355e-5,1.4522263162824047,0.188,0.06,1
POLR2G,0.0013911731719354898,1.4522263162824047,0.156,0.058,1
BID,0.010242662596209467,1.45092011878178,0.109,0.042,1
SCLY,0.034534589648366074,1.4493779539733742,0.109,0.051,1
EEPD1,7.607442450081008e-4,1.4484974565149242,0.203,0.084,1
NNT,8.540420818047218e-5,1.4471149024648056,0.359,0.178,1
PDE12,4.2364621909059356e-4,1.4452735556406382,0.188,0.07,1
NMI,3.1098828196152487e-4,1.4424585400335839,0.203,0.077,1
DMAC1,9.235268461122565e-4,1.4418097003370662,0.156,0.056,1
KIAA2013,0.0023908037898730506,1.4418097003370662,0.156,0.061,1
SCAND1,4.913310202581382e-4,1.4388472864812045,0.219,0.091,1
GAS2L3,4.8801063819260926e-4,1.4377790190937132,0.312,0.163,1
TSC22D3,0.0023906058626623865,1.4370996241949379,0.141,0.052,1
ZBED3-AS1,0.0074461481339577916,1.4362847724133831,0.141,0.059,1
IL17RA,1.9846521952269374e-4,1.431811295834075,0.266,0.116,1
PLPBP,0.006363118564968709,1.430323214174666,0.125,0.048,1
AC040934.1,0.027237396639585534,1.430323214174666,0.109,0.048,1
JAK3,5.309874083706982e-4,1.425682827282757,0.188,0.07,1
C1R,0.015743240787539144,1.422905742612183,0.109,0.045,1
TMEM144,1.3490535792478795e-4,1.4192112590544415,0.297,0.134,1
POLE3,0.012471363394380597,1.4173675590707528,0.109,0.043,1
COQ7,0.0175588237319771,1.4173675590707528,0.109,0.045,1
MCRS1,0.0056278165068981605,1.4128520779482603,0.141,0.057,1
CNP,0.015490129398191593,1.4128520779482603,0.125,0.054,1
CETN3,0.001123636211356785,1.4110036535558916,0.172,0.066,1
CAMLG,0.0018694012452139198,1.4110036535558916,0.156,0.06,1
ASL,0.03132778220344753,1.4102781342844342,0.141,0.07,1
UBXN6,9.976059546581478e-4,1.4096496459099166,0.188,0.075,1
MAP7D1,3.4826183916493436e-4,1.4074520902056704,0.234,0.098,1
MDH1,3.1045287099215927e-4,1.4064712845265381,0.344,0.181,1
TMEM65,7.961327975333061e-4,1.4049838346149208,0.25,0.113,1
OTUD6B-AS1,0.007012627807355175,1.4008794362821844,0.125,0.049,1
BBS5,0.010446247301925435,1.4008794362821844,0.109,0.042,1
LRRC23,0.014949814562189247,1.4008794362821844,0.109,0.044,1
MAP2K2,6.40746565290076e-5,1.4008794362821841,0.312,0.133,1
RNF166,0.0036891538156040215,1.400879436282184,0.141,0.054,1
RBBP8,0.0049213454898252434,1.3978325607233204,0.312,0.18,1
TSPYL1,0.0139734158964033,1.3908257716182613,0.141,0.064,1
TMEM147,0.001335353889154271,1.3899911201394484,0.156,0.058,1
ZNF449,0.007001569825218071,1.3899911201394484,0.141,0.059,1
CES2,0.004363976189430808,1.3890053359938923,0.141,0.055,1
AL691403.1,0.007556483372045182,1.3878232834567377,0.125,0.049,1
PIP4P1,0.012681958213916425,1.3878232834567377,0.125,0.053,1
TRIM41,0.0406684653164729,1.3878232834567377,0.109,0.051,1
PLXNA1,0.020955822999010693,1.384577623953084,0.109,0.046,1
NDUFAF3,1.9935789145658883e-4,1.3822637581148371,0.188,0.065,1
PRKACA,3.387187275921078e-4,1.3791843651828655,0.219,0.087,1
DNPEP,0.0038176112656353525,1.3791843651828652,0.156,0.064,1
GRAMD4,4.5358233279112236e-5,1.3779182878388732,0.234,0.084,1
MAFG,2.079956464179866e-4,1.3779182878388732,0.219,0.084,1
GORASP1,0.006701005433539521,1.3772281682175391,0.141,0.058,1
CD302,0.0016320939236084432,1.3761115311332421,0.219,0.099,1
VPS16,0.022264778275261868,1.3720245736099992,0.109,0.047,1
RBAK,0.006230671036964292,1.3709262141805563,0.156,0.068,1
MRPL14,8.54397474680277e-4,1.3703450681340723,0.203,0.083,1
GCA,1.4963914135608493e-4,1.36974092447328,0.25,0.102,1
KLF11,0.013798201120698387,1.368457958589807,0.109,0.044,1
HAUS3,0.024530264405664953,1.368457958589807,0.109,0.047,1
ZFYVE26,6.213673950635099e-5,1.3672710436393645,0.297,0.129,1
EAF2,0.03552331902562295,1.3667715819619202,0.156,0.083,1
CGAS,7.935711539341227e-4,1.3655463631699036,0.156,0.055,1
USP11,0.004894522984946324,1.3655463631699036,0.141,0.056,1
AKIP1,0.028537731713637847,1.3655463631699036,0.125,0.059,1
BCAS2,0.00142767527474155,1.3638852287999828,0.172,0.067,1
MILR1,7.265065509079712e-4,1.362060187391656,0.141,0.046,1
NAA20,1.2082874348535362e-4,1.361351072095547,0.328,0.157,1
FGL2,0.008718709484448545,1.3604651678362765,0.141,0.06,1
MBD4,2.979616406895121e-4,1.359740741488698,0.25,0.107,1
ACAT1,6.613524159647678e-4,1.3578107143902987,0.188,0.072,1
ARL17A,2.4800522739597963e-4,1.3578107143902984,0.234,0.095,1
GPATCH4,0.022611834434877357,1.3578107143902978,0.109,0.047,1
APEX1,0.0011877484720075305,1.3553168589017404,0.203,0.086,1
PNPLA6,0.009174467714555786,1.3539583888946916,0.141,0.06,1
PLEKHG5,0.01566259123021959,1.3539583888946916,0.125,0.054,1
ZC3HAV1,1.2337013447129825e-4,1.3535737215038277,0.406,0.217,1
PPP6R1,1.4010361138165628e-4,1.3533510661995984,0.234,0.091,1
SNHG7,0.0025004523533546773,1.3525164147207853,0.188,0.08,1
PRELID2,0.012092111537823958,1.3525164147207853,0.125,0.052,1
C17orf49,0.016365223697832262,1.3525164147207853,0.109,0.045,1
SH3TC1,0.0053475139020894074,1.3493491356421026,0.172,0.077,1
NBPF1,3.2253598177465207e-4,1.3493491356421023,0.234,0.096,1
LAMTOR3,9.19785639194583e-4,1.344611216635439,0.203,0.083,1
SEC61B,6.503496680554816e-5,1.3437355291785755,0.328,0.149,1
AL356356.1,0.03927796801245421,1.3437355291785753,0.109,0.051,1
LRRC6,0.0033843506562955365,1.3424627500568627,0.141,0.054,1
FYTTD1,8.288891641629235e-5,1.3421356454095275,0.328,0.152,1
IFT122,6.007936510566471e-4,1.3397391414682804,0.234,0.102,1
UQCRFS1,2.872164672726803e-4,1.3367490988624686,0.25,0.106,1
G6PC3,0.02301852376743687,1.3367490988624686,0.109,0.047,1
TPCN2,0.02480714146772644,1.3367490988624686,0.109,0.047,1
GSDMD,0.002656038711229465,1.3367490988624682,0.141,0.052,1
RESF1,5.250670546208316e-4,1.335974913149826,0.422,0.26,1
IK,0.0062455977644907245,1.3337652404236473,0.203,0.101,1
ZRSR2,0.005496460717200057,1.331932082564693,0.156,0.067,1
UBE2S,1.089937427608039e-4,1.3297963382207019,0.203,0.072,1
HIST2H2BF,0.0048384351726264005,1.3297963382207012,0.125,0.047,1
HACD4,0.0022573197954063075,1.3289295944031694,0.188,0.08,1
TANGO2,5.1826966833345814e-5,1.3242581546792718,0.281,0.115,1
ADAMTS9-AS2,0.7802738621499886,1.3238293554367364,0.109,0.103,1
C1RL,0.008850012885521376,1.3211522438114507,0.109,0.041,1
TMEM63C,0.018198651119452725,1.3211522438114507,0.109,0.045,1
HRH2,2.877125332052167e-4,1.3189378227460082,0.188,0.067,1
WDR81,0.024593579600774244,1.311874430223439,0.125,0.058,1
TMEM160,0.0026536820485400987,1.3085154181335246,0.141,0.052,1
ASCC1,4.022523175031182e-4,1.3067127251076605,0.297,0.145,1
B3GLCT,0.00399368025060574,1.305722203241844,0.141,0.054,1
LSM14B,0.02898478041396909,1.305722203241844,0.109,0.048,1
SETDB2,1.409139405854129e-4,1.30367727725682,0.312,0.145,1
TMEM70,0.013189533169124839,1.302315601798595,0.125,0.053,1
TAZ,0.04489380616700293,1.302315601798595,0.109,0.052,1
GTF3A,0.08619513184362397,1.3013437627312698,0.125,0.071,1
TMEM69,0.0060640616033331325,1.2995961004450027,0.141,0.057,1
CDIPT,0.0012783390753796293,1.2973748605283242,0.156,0.057,1
CCDC77,0.009390935473269295,1.2973748605283242,0.141,0.06,1
MAF1,0.0015592090985973998,1.2955264361359555,0.156,0.058,1
ADPGK,4.02082880271514e-4,1.2930505559317842,0.344,0.187,1
RBM7,8.235926515578751e-4,1.2926265456301609,0.188,0.073,1
HIST1H2BD,0.004007508708757553,1.2914682195616027,0.172,0.074,1
GSK3A,0.021694360524510348,1.2904554465885338,0.109,0.046,1
NCSTN,3.9068323065301124e-4,1.2880596059478793,0.234,0.097,1
COA8,0.015493386327075935,1.2874213864989001,0.125,0.054,1
PLBD2,0.017538584738657596,1.2874213864989001,0.125,0.055,1
PRR5L,0.02701107801417157,1.2874213864989001,0.109,0.048,1
KCNE3,0.07002304152516947,1.2874213864989001,0.109,0.056,1
DBF4B,0.07002304152516947,1.2874213864989001,0.109,0.056,1
SAP30L,0.013255885638358108,1.2854022188622483,0.141,0.063,1
MMP24OS,5.827643393074429e-4,1.2846263677863365,0.25,0.113,1
AC092535.4,6.693589998294971e-4,1.2820432067723335,0.188,0.073,1
PCNA,9.567186198470076e-4,1.2820432067723335,0.188,0.075,1
SMARCC2,0.004879574219576526,1.2820432067723335,0.203,0.098,1
ZNF197,7.997874887146884e-5,1.2813723418260954,0.25,0.096,1
CNTN5,0.4064541408133201,1.2802892954685958,0.281,0.259,1
UBQLN2,9.818199399764195e-4,1.2753485541983256,0.188,0.074,1
TXK,0.002350692118503105,1.2753485541983256,0.156,0.061,1
EML6,0.0040668005541850925,1.2753485541983256,0.109,0.037,1
C4orf33,0.06906401444909559,1.2753485541983256,0.141,0.08,1
CDKN1B,0.013996257728331617,1.2753485541983254,0.172,0.086,1
RECQL,2.6121681990630495e-4,1.2753485541983252,0.266,0.115,1
MAPK13,0.011463529977387242,1.2753485541983252,0.125,0.052,1
MICAL1,0.015505658924436956,1.2753485541983252,0.125,0.054,1
COX11,0.02830042526509925,1.2753485541983252,0.141,0.07,1
PFKFB3,9.641472590020089e-5,1.2693498135768826,0.25,0.097,1
ASTN2,8.325933561617531e-5,1.2686848239173145,0.281,0.119,1
FTCDNL1,6.841723897844039e-4,1.267854017651401,0.188,0.072,1
BRK1,0.060515455355488836,1.2653644656257033,0.188,0.117,1
ZNF426,0.008985708257567601,1.2644602380555896,0.141,0.06,1
AC010210.1,0.05009721449708217,1.2633759125322492,0.109,0.053,1
OGFRL1,4.0662078395259333e-4,1.2631738402522232,0.391,0.229,1
COMMD2,6.0222488205565676e-5,1.2620517315848676,0.25,0.094,1
SLC15A4,0.02188897797170792,1.2612733689866025,0.172,0.091,1
IRF2BPL,0.008824735320322734,1.2582750408393841,0.156,0.07,1
TIMM13,0.027846452893135185,1.2529807411698708,0.156,0.081,1
CCDC200,0.03251481320480305,1.2515018122439576,0.156,0.082,1
NIPSNAP3A,0.0037258928581930953,1.2515018122439572,0.141,0.054,1
UTP18,7.303857586636107e-5,1.250806369935534,0.359,0.173,1
LYRM7,0.0019082896123024803,1.249813462091188,0.172,0.069,1
DYNLT3,0.010701269586287336,1.249813462091188,0.156,0.072,1
SMIM10L1,0.012625365872245269,1.248876342837134,0.125,0.052,1
MEF2D,1.0508692419611129e-4,1.2482803110001548,0.281,0.117,1
FBXO17,7.797420112779614e-5,1.2478678177762181,0.281,0.116,1
UROD,6.242900452232079e-4,1.2478678177762181,0.172,0.062,1
APH1A,0.0028313472687787333,1.2478678177762181,0.172,0.071,1
MRPS7,0.006447832193126126,1.2478678177762181,0.156,0.067,1
ZNF763,0.09269972388496676,1.2478678177762181,0.125,0.07,1
AC012368.1,0.018416144232161875,1.2456012108042733,0.109,0.045,1
TSEN34,0.007288425497324105,1.2429270765059481,0.141,0.058,1
ENTR1,0.040111225947232626,1.2429270765059481,0.125,0.062,1
STK17B,9.192233788157663e-5,1.241401222274988,0.281,0.117,1
CMTM3,0.008406568644534314,1.241401222274988,0.156,0.069,1
DYNLRB1,0.0027503996026266757,1.2397246444676042,0.219,0.103,1
MADD,4.202885213152234e-4,1.2378738487796623,0.234,0.097,1
HAND2,0.02871902408008132,1.2365702264418326,0.234,0.147,1
HEATR3,3.663578137919352e-4,1.2317216217980673,0.234,0.096,1
ZDHHC4,0.029460451364053526,1.2309544348398722,0.109,0.048,1
LBH,4.029360947461604e-4,1.2309544348398718,0.203,0.077,1
SHCBP1,0.16282289068074837,1.2298338949459566,0.109,0.066,1
PRPF8,3.105190454842165e-4,1.2291783727653995,0.375,0.194,1
PARVB,3.7787411399532603e-4,1.228042839419969,0.188,0.068,1
TMEM219,0.0024931053477219934,1.228042839419969,0.188,0.08,1
G3BP2,7.866268461124859e-5,1.224001674198105,0.406,0.214,1
MNT,0.014273328322553486,1.2209007701759491,0.156,0.074,1
CLUAP1,0.07499154388737148,1.2209007701759491,0.125,0.068,1
ZNF155,0.2545669060592073,1.2209007701759491,0.109,0.074,1
MRPL45,0.01342925940213036,1.2203071906403635,0.172,0.084,1
PHB2,0.0059383783832498375,1.2192054761607918,0.203,0.1,1
PPDPF,5.419978810486394e-5,1.2181046023638498,0.312,0.133,1
MSANTD4,0.0367104843144509,1.2164548651447573,0.109,0.05,1
CNN2,0.003325617783003214,1.2164548651447569,0.156,0.062,1
DARS2,0.02123812608351434,1.2164548651447569,0.141,0.067,1
GNG10,1.000060915929938e-4,1.2164548651447566,0.312,0.14,1
ARID4A,6.699446016755368e-5,1.2146526225107714,0.469,0.26,1
C16orf70,0.01081565133961188,1.2130642759439827,0.188,0.092,1
CDKN2B-AS1,0.004893682147790737,1.2120226188294962,0.141,0.056,1
TP53INP1,5.575092117443528e-4,1.2112182167786099,0.25,0.11,1
POLR2K,0.022687861545171654,1.2112182167786099,0.125,0.056,1
TRMT112,2.2327055781269737e-4,1.2100570939466062,0.266,0.114,1
TMEM242,0.0751542046010399,1.209259363740553,0.156,0.094,1
STMN1,2.8551231152563734e-4,1.2087809372593357,0.281,0.128,1
UNC13D,0.10842699384913382,1.2082343583397885,0.125,0.073,1
MYO7A,1.3184424724301504e-4,1.2049592263069278,0.266,0.109,1
AL078600.1,9.036670602668976e-4,1.2041416037059056,0.25,0.114,1
HMGXB3,6.200104384723407e-4,1.20406146956303,0.406,0.244,1
PA2G4,9.835068631004455e-5,1.2024170317444742,0.375,0.182,1
ESR1,0.007956055342266255,1.202099572167687,0.109,0.04,1
AC025159.1,0.09135878505461902,1.202099572167687,0.125,0.071,1
ZNFX1,0.14936508004268906,1.2008016008332714,0.172,0.118,1
RBIS,0.02885449948474281,1.199581046580361,0.172,0.094,1
TNFAIP2,2.187880558864742e-4,1.1989976680682106,0.25,0.103,1
KDM5D,9.195558392081267e-4,1.1989976680682106,0.266,0.125,1
COQ2,0.04978402307954105,1.1973460421970525,0.109,0.053,1
MPV17,0.00426532489034406,1.1944285588147578,0.172,0.074,1
AP5Z1,0.01533655445034736,1.1944285588147578,0.156,0.074,1
NUDT3,1.8010429489754426e-4,1.1935544630346782,0.25,0.101,1
ZNF273,0.01789732533246515,1.193554463034678,0.125,0.055,1
DCAF11,0.02420309733708777,1.193554463034678,0.125,0.057,1
FRMD8,0.027742585407962705,1.193554463034678,0.125,0.058,1
SNRPD3,1.005444800815159e-4,1.1928863940063523,0.234,0.087,1
ANGEL1,0.00812378506958158,1.1919325460106882,0.172,0.079,1
ATPSCKMT,0.0039677305448897315,1.1904596566118122,0.156,0.063,1
AC106895.2,0.008533223571712267,1.1904596566118122,0.109,0.041,1
ZCCHC3,0.00945373738617138,1.1904596566118122,0.141,0.06,1
MPG,0.010895864217006187,1.1904596566118122,0.141,0.061,1
WBP2,0.002944078791485304,1.1897728224922517,0.188,0.081,1
LACTB,1.2167469320548612e-4,1.187885712947986,0.219,0.08,1
SMIM15,8.766582210979069e-4,1.187885712947986,0.172,0.063,1
DENND6A-AS1,0.08263002632285951,1.187885712947986,0.125,0.07,1
CERS2,0.08787807383845715,1.187885712947986,0.125,0.07,1
PGLS,1.993570728563033e-4,1.1878857129479858,0.25,0.102,1
PLB1,0.030104395595455892,1.1878857129479856,0.109,0.048,1
GUCD1,0.044884456226528334,1.1878857129479856,0.109,0.052,1
BLOC1S6,8.135419329524537e-4,1.1869105895307415,0.297,0.147,1
CUL4B,2.802679416294316e-4,1.1865392872404694,0.266,0.115,1
STXBP2,4.579384062663485e-4,1.1862226637253415,0.234,0.097,1
SMC2,0.012148926121618163,1.182239149806844,0.219,0.119,1
BIRC5,0.021808299660812682,1.1822391498068439,0.109,0.046,1
GPS2,0.024615625394238866,1.1822391498068439,0.125,0.057,1
TNNT2,0.03649822207119548,1.1822391498068439,0.109,0.05,1
MCUR1,0.0017246295154218,1.1813724059893116,0.266,0.131,1
GMFB,5.095607989503018e-4,1.1801913211579853,0.266,0.12,1
FMO4,0.0032283029258808765,1.1801913211579853,0.156,0.062,1
PBK,0.04739468667185687,1.1801913211579853,0.109,0.053,1
ARHGEF1,0.0010924565851620186,1.1795895713928946,0.219,0.094,1
SOCS4,0.011871650561959511,1.1795895713928946,0.188,0.095,1
ARF6,4.561911971773055e-4,1.1777377575719032,0.266,0.119,1
IER3,0.004397793120167325,1.1775012308001804,0.203,0.096,1
ANPEP,0.1676823716637328,1.1770464805865215,0.109,0.067,1
CCDC7,3.958356923269082e-4,1.175260229791816,0.281,0.131,1
DOCK6,0.008305138644760072,1.1738105277362632,0.172,0.079,1
NIPA1,0.04238867445757708,1.1738105277362632,0.109,0.051,1
SLC52A2,0.04466269121523356,1.1738105277362632,0.109,0.052,1
SURF1,0.044884450287888886,1.1738105277362632,0.109,0.052,1
WDR91,1.7763337194098602e-4,1.172610448609067,0.344,0.168,1
ABHD2,1.437692284602561e-4,1.1722550612342217,0.25,0.098,1
PIP5K1C,0.010698391059964106,1.1722550612342217,0.203,0.104,1
IRF2BP2,9.036542044656136e-5,1.1710118943835899,0.375,0.186,1
TMEM63B,0.002899809117858604,1.1704794363443702,0.234,0.114,1
RPAP3,0.006060227974037623,1.1684333502818136,0.266,0.149,1
GRK2,4.2270148561955736e-4,1.1678200898938806,0.203,0.077,1
FAM50A,0.0036698372090700343,1.1678200898938806,0.172,0.073,1
EIF3I,0.006805446103656781,1.1678200898938806,0.172,0.077,1
RNF181,0.00810989924755901,1.1672888083408726,0.172,0.079,1
FUCA1,0.020336225550873954,1.166414182645162,0.172,0.089,1
ZFYVE1,0.0016865629048847467,1.1660499117075138,0.219,0.097,1
SHLD1,0.01001427711898588,1.1660499117075138,0.188,0.094,1
MBIP,0.03661274748771528,1.1649245645046746,0.203,0.118,1
ATP5MC2,5.069632187644119e-5,1.1598713367783895,0.406,0.201,1
S100A4,2.2470678918150592e-4,1.1598713367783895,0.25,0.103,1
KLHL12,0.0021846516581840903,1.1598713367783895,0.188,0.079,1
RRP15,0.009938899331437271,1.1598713367783895,0.219,0.117,1
JOSD1,0.010010903483263726,1.1598713367783895,0.188,0.092,1
CCDC137,0.042668804985765064,1.1598713367783895,0.141,0.074,1
CCDC191,0.10912917788491608,1.1598713367783895,0.125,0.073,1
RASA3,1.5079522686830396e-4,1.1598713367783893,0.234,0.09,1
TRAF5,0.0054825574458703405,1.1598713367783893,0.234,0.119,1
URM1,0.01410684696996167,1.159871336778389,0.156,0.073,1
RSAD2,0.02360190579581446,1.159871336778389,0.109,0.047,1
DMAP1,0.032783741632348616,1.159871336778389,0.109,0.049,1
MTX1,0.06069685462341686,1.159871336778389,0.109,0.054,1
FAM3A,0.07453994452529238,1.159871336778389,0.109,0.056,1
SH2D4A,0.017295735150252237,1.1556896090944222,0.328,0.213,1
MTMR6,0.004814466168321653,1.1550543204806136,0.25,0.128,1
LINC02456,0.007269439278767352,1.152491806412792,0.172,0.079,1
CYCS,0.049783673148446055,1.1513598369228721,0.141,0.074,1
NDUFS5,5.24927963755455e-5,1.1460655372533588,0.312,0.133,1
AP3M2,0.0330245359249852,1.1460655372533588,0.172,0.093,1
BTN2A1,0.0759190440318534,1.1441040209200728,0.141,0.08,1
CTBS,8.483137961148598e-5,1.1422234709589645,0.297,0.125,1
ARL8A,8.955399345515477e-4,1.1414928074635349,0.234,0.102,1
RAB35,0.004037776450130319,1.1414928074635349,0.219,0.105,1
RNF213-AS1,0.009961636331698385,1.1414928074635349,0.203,0.103,1
AL034397.3,0.001375507917302584,1.1414928074635347,0.156,0.057,1
ZMYM5,1.3146161525108533e-4,1.140863222011305,0.328,0.15,1
MTHFR,0.0016849071211191662,1.1404189741122168,0.219,0.097,1
ZNF428,0.013823290575827683,1.1398335835418445,0.141,0.062,1
PKN1,7.721228502600278e-4,1.1366950144122951,0.234,0.101,1
ABRAXAS2,0.043230711993355174,1.1366950144122951,0.188,0.108,1
MCM6,0.021603710139821326,1.1362845164607736,0.156,0.077,1
GNPTAB,2.165591042576188e-4,1.1361316157091188,0.406,0.226,1
PPM1K,9.148957072090164e-4,1.1354182930538503,0.281,0.135,1
SIRPA,0.002725377483766854,1.1354182930538503,0.266,0.135,1
CUEDC1,9.987320900898559e-5,1.134206453385042,0.312,0.136,1
ERCC1,0.20731496984643402,1.1336874049747343,0.156,0.112,1
AK9,0.0018144682339942843,1.1323906003562825,0.203,0.087,1
PPP1R15A,0.01219716278784594,1.1323906003562825,0.188,0.093,1
CERK,0.024263429153077977,1.132390600356282,0.141,0.067,1
AKAP12,0.02972248699390703,1.1299181146767614,0.281,0.171,1
SNHG12,0.08972127121719821,1.1285071658690544,0.141,0.083,1
DCTN4,0.0063088852584329905,1.127215007214927,0.5,0.364,1
RHBDD2,0.006185768082505376,1.1269567143056545,0.141,0.056,1
BACE1,0.028424847818925042,1.1269567143056545,0.125,0.058,1
NQO2,9.074976882241809e-4,1.1233454607532753,0.234,0.102,1
TMEM106C,0.016851771317971862,1.1233454607532751,0.125,0.054,1
RAB13,0.02784637209009701,1.121225408878906,0.172,0.091,1
OSBPL3,0.001177549687487541,1.120342972591752,0.391,0.237,1
ARHGDIA,0.0011923667938573915,1.1200703287204146,0.25,0.115,1
ADAT2,0.008107053038568108,1.1178072772118455,0.172,0.079,1
CHROMR,0.04154974633117183,1.1178072772118455,0.141,0.073,1
UGCG,6.010953910268316e-4,1.1143566775260205,0.266,0.12,1
CHCHD1,0.0015003799018702036,1.1143566775260205,0.172,0.066,1
AC024257.3,0.006897731871978711,1.1143566775260205,0.156,0.067,1
EIF2D,0.04171025463786822,1.1143566775260205,0.141,0.072,1
TCF3,0.04558653152707423,1.1130771252994482,0.156,0.085,1
DTWD2,0.0010770179290678018,1.11240998307212,0.234,0.103,1
PRR13,0.0019374290476489434,1.1113728190871994,0.219,0.098,1
TXLNA,0.011028116295105797,1.1113728190871994,0.203,0.104,1
SSNA1,0.02063123471883134,1.1102893079278289,0.141,0.066,1
DIS3,0.02257020809916464,1.1098832009467126,0.234,0.136,1
CIAPIN1,0.06310529242799054,1.1095396612282449,0.141,0.078,1
AC007780.1,0.048880502913168714,1.1054235527560134,0.109,0.052,1
ATF5,0.05420079077111739,1.1054235527560134,0.109,0.053,1
NDUFB7,3.7808311706280745e-4,1.105423552756013,0.281,0.127,1
MGME1,9.15406574979147e-4,1.105423552756013,0.297,0.147,1
RDH10,0.00464304549660202,1.105423552756013,0.203,0.095,1
ZDHHC12,0.009240416051454434,1.105423552756013,0.141,0.059,1
MIPEP,0.010811542754552695,1.105423552756013,0.25,0.139,1
ZMAT2,0.07478118835683911,1.105423552756013,0.141,0.08,1
HMOX1,6.158136135537088e-4,1.1054235527560128,0.188,0.072,1
METTL7A,0.035793853475381325,1.101865733342824,0.156,0.082,1
ZMIZ2,0.08524470713652939,1.1013191544232765,0.141,0.081,1
NECAP2,1.3509507089467992e-4,1.1000901084529724,0.266,0.108,1
AC245014.3,7.537502109532747e-4,1.0965454014095601,0.156,0.054,1
SLFN5,0.004312787770358205,1.0965454014095601,0.156,0.063,1
S100A13,0.010759679816031533,1.0965454014095601,0.156,0.07,1
RMC1,0.023406968174472548,1.0947763085565048,0.172,0.09,1
IFFO1,0.010757169338956507,1.0947763085565043,0.141,0.06,1
WDR83OS,0.0016927725445327266,1.0935981173592235,0.219,0.096,1
GNPAT,0.06781857143925676,1.0927571409198524,0.188,0.118,1
TYMP,7.305924998378517e-4,1.0921267301425552,0.25,0.112,1
NSUN3,1.0739785207035922e-4,1.091636601025937,0.312,0.139,1
COMMD3,0.02790531461044288,1.090923983060898,0.141,0.068,1
SUMO3,0.05348359439479141,1.090923983060898,0.125,0.064,1
TMEM14C,2.5915020242877083e-4,1.0894820088869916,0.25,0.103,1
MAGOHB,0.12027562946768586,1.087721551022554,0.125,0.073,1
DYNLT1,0.0026039053916952696,1.086122996797077,0.25,0.122,1
POLB,0.019385681189642165,1.085523995318308,0.188,0.099,1
ALKBH3,0.009897464748398817,1.0850173420941762,0.172,0.08,1
TCEAL8,0.0837364379971312,1.0850173420941762,0.125,0.068,1
PANX1,0.11296462306467638,1.0850173420941762,0.125,0.073,1
TRAF7,0.0034102577879122887,1.0827034762559298,0.188,0.081,1
ARHGAP45,0.0028310711013670334,1.0813379342317,0.156,0.061,1
RNF141,0.06577289599697235,1.0807011233447819,0.156,0.091,1
MEF2C-AS1,6.919335281037331e-4,1.0803325717931826,0.172,0.063,1
SNRPD2,3.568886987964439e-4,1.0799231804621467,0.281,0.128,1
PI4K2A,0.007628263671001287,1.0799231804621467,0.25,0.136,1
ARHGAP18,7.746090318143946e-5,1.0794401972330872,0.609,0.401,1
FBL,0.003547643112764154,1.0789513413948217,0.172,0.072,1
SCAF1,0.0372878007859866,1.0789513413948217,0.141,0.072,1
FAM78A,0.038059313477636234,1.0789513413948217,0.109,0.05,1
C12orf57,0.08694206573408923,1.0789513413948217,0.125,0.069,1
NDUFA1,3.985743751730616e-4,1.0764151056858664,0.312,0.148,1
POC1B,0.0023115280757012124,1.0760397459749187,0.266,0.135,1
ZNF622,0.09327794917414883,1.0760397459749185,0.109,0.059,1
GPATCH11,0.04153688952542818,1.0737146930286747,0.125,0.061,1
COMMD4,0.04424914974687608,1.0737146930286747,0.125,0.062,1
PIGA,0.12521337267936572,1.0737146930286747,0.109,0.062,1
ARHGEF9,0.0018268547861879905,1.0718151601131933,0.25,0.119,1
TUBE1,0.05433580960493101,1.0718151601131933,0.125,0.065,1
APOL6,0.004100293063034705,1.0712569496048212,0.203,0.094,1
DNAJB9,0.007940655458637647,1.0712569496048212,0.188,0.089,1
GTF2IRD2,0.04443377352838543,1.068897676730899,0.156,0.085,1
COG2,0.0022878469165446445,1.0684969837576557,0.25,0.119,1
CIP2A,0.17820396450837359,1.0684969837576557,0.141,0.093,1
DDX3Y,2.113595928357134e-4,1.0684969837576554,0.359,0.177,1
AL392172.1,0.007608216280152296,1.067753134789958,0.219,0.112,1
NDUFB8,3.856196564337632e-4,1.0670772411065301,0.266,0.116,1
VPS33A,0.019510648309537904,1.0651308468079803,0.188,0.099,1
TTC9C,0.1658787349637326,1.0651308468079799,0.156,0.106,1
TMEM94,0.006561245403693938,1.0644517716997066,0.219,0.11,1
AGO4,2.304930826153661e-4,1.0634740047758768,0.453,0.265,1
NHLRC3,0.0021367691595630084,1.0628039188182246,0.359,0.213,1
AIDA,0.03396357592373953,1.0615692631665854,0.219,0.13,1
GTF3C4,0.12070206458008596,1.0615692631665854,0.125,0.073,1
SLC12A6,0.004630032881856992,1.0609048859773687,0.25,0.13,1
AC090015.1,0.04356998707316284,1.0609048859773684,0.219,0.133,1
MRPL52,0.003954839996477101,1.060335663227475,0.188,0.082,1
TSNAX,9.77056279115057e-4,1.0598425184471172,0.312,0.16,1
EPN1,0.0023313427853370013,1.0590306472715618,0.219,0.099,1
HSPH1,0.0013161181234883576,1.0563952168286483,0.281,0.143,1
CYBRD1,9.648048531583389e-5,1.0529561328618775,0.281,0.114,1
RIPK1,1.1129443763072885e-4,1.0529561328618775,0.422,0.22,1
COLGALT1,0.001596016136468703,1.0529561328618775,0.25,0.117,1
SNRNP27,0.001981241999991874,1.0529561328618775,0.188,0.077,1
TEX41,0.004979824835053379,1.0529561328618775,0.109,0.038,1
CBX6,0.008096468868862138,1.0529561328618775,0.156,0.068,1
ZCCHC10,0.01005593835441435,1.0529561328618775,0.234,0.127,1
BIVM,0.015036318567805951,1.0529561328618775,0.172,0.084,1
UBTF,0.02132555450466328,1.0529561328618775,0.219,0.124,1
ZNF460,0.09814070796551576,1.0529561328618775,0.109,0.059,1
LINC01001,0.1026866023313776,1.0529561328618775,0.109,0.06,1
XRCC4,4.231107305904942e-4,1.0529561328618773,0.422,0.238,1
RETREG2,0.06951057684132979,1.052956132861877,0.109,0.055,1
TPST1,1.4128201563603547e-4,1.0518115909209365,0.469,0.256,1
ROR1,8.451704360520504e-5,1.0507882961791672,0.359,0.175,1
NDUFA6,0.0019028090558107181,1.048668774458779,0.25,0.118,1
CWC25,0.023099129587136235,1.0456141575207094,0.172,0.088,1
MTIF2,0.029017618931708587,1.0456141575207094,0.172,0.091,1
TUBGCP5,0.004173657810576184,1.0453429487520023,0.281,0.154,1
NDUFB10,0.0011318194958010559,1.044735626056909,0.266,0.123,1
CCDC28A,0.31675321026508313,1.0443941193584534,0.109,0.079,1
EIF3D,1.8927424672681977e-4,1.0433274316641006,0.344,0.164,1
RNASEK,3.9342277489280833e-4,1.0426877974080502,0.391,0.211,1
TNS2,0.046688966893195946,1.0426877974080502,0.125,0.062,1
DDX39A,0.1476663870970878,1.0426877974080502,0.109,0.065,1
TRAPPC1,4.957289191640861e-4,1.0415513695896281,0.234,0.097,1
PPARGC1B,0.007769378778024665,1.0401320925042938,0.188,0.089,1
MX1,0.01214491457155866,1.0401320925042938,0.109,0.042,1
NSA2,2.5861566935136575e-4,1.0398047652105724,0.359,0.181,1
TSC2,0.08547995497630004,1.0392811959648012,0.156,0.094,1
TRIM38,0.0014473259792103829,1.0387142102860987,0.344,0.19,1
WASHC2C,0.010778070462853697,1.038309356897476,0.234,0.127,1
UBE2I,0.005892570870405815,1.0348845599398593,0.312,0.183,1
CAPNS1,0.0023410504978920335,1.0343404546945303,0.25,0.121,1
SLC17A5,0.003868794647511451,1.033997975157993,0.266,0.137,1
KIN,0.01809561851688056,1.0324920303021619,0.25,0.147,1
SCP2,0.0012321996667396483,1.0320302940073294,0.391,0.223,1
NIPA2,0.006413507960278356,1.031645626616465,0.266,0.144,1
N4BP2L1,0.0030408493919192193,1.0314229713122363,0.219,0.101,1
H1F0,1.8937745398065202e-4,1.0297238266241604,0.266,0.11,1
GNG7,0.03915030218124079,1.0293693125442616,0.125,0.061,1
SIKE1,0.11070220236445823,1.0293693125442616,0.141,0.086,1
QDPR,0.0601790528404656,1.025121924665152,0.125,0.065,1
HINT3,0.10192662685051461,1.025121924665152,0.125,0.072,1
EIF2S3,0.009909036892910273,1.02296139256404,0.312,0.189,1
CD93,9.866063523186253e-4,1.0223678130284544,0.125,0.039,1
LRRC58,0.0010556307257278085,1.0211072668225376,0.328,0.175,1
SSR3,0.0034380108058995424,1.0211072668225376,0.312,0.173,1
CCS,0.014287833190948658,1.0207757271127278,0.203,0.107,1
CHP1,0.05995790405378448,1.0207757271127276,0.188,0.114,1
AIFM1,0.04245394561449228,1.0190088009385398,0.172,0.096,1
ALPK1,6.54806409039247e-4,1.0184097994597714,0.391,0.229,1
MTHFD1,0.0033542605350291494,1.0166142857981573,0.203,0.091,1
ZNF280D,1.933400075259171e-4,1.0162443545053563,0.609,0.405,1
CFAP20,0.2081230890104019,1.015961925379676,0.109,0.07,1
C19orf53,0.01757444863109613,1.0148210039751064,0.172,0.086,1
TBC1D4,8.692924682346261e-5,1.0142660145314901,0.562,0.368,1
MAP3K3,0.005897219273704277,1.014083241217587,0.297,0.166,1
TNFRSF25,0.020850224335832165,1.0123141483645317,0.172,0.087,1
DES,0.15509124609776254,1.0123141483645317,0.109,0.066,1
LHPP,7.907894965339577e-4,1.0123141483645315,0.266,0.121,1
OST4,0.0070653949421260135,1.0123141483645315,0.234,0.121,1
CFL2,0.009792267599384981,1.0123141483645313,0.141,0.059,1
POLD4,0.020474981042175627,1.0123141483645313,0.141,0.065,1
DHX35,0.0045486825497296265,1.0114036434173714,0.25,0.129,1
ALKBH8,0.13130964138231707,1.0106453280039132,0.125,0.075,1
LAMTOR4,0.0015752520709320197,1.0094544942252912,0.203,0.084,1
PPM1G,0.006495684705541824,1.0094544942252912,0.281,0.158,1
AC084198.2,0.07815485940777733,1.0094544942252912,0.156,0.093,1
SMIM8,0.15241748624513934,1.0094544942252912,0.219,0.155,1
SYAP1,2.0207337774618968e-4,1.0068597182724233,0.297,0.13,1
COPS7A,0.034304096153498845,1.0068597182724233,0.141,0.07,1
ATRN,5.311813535076571e-5,1.0061619213829365,0.5,0.285,1
CNRIP1,0.015304773842266733,1.0061619213829363,0.156,0.073,1
ADIPOR1,9.838578952987506e-4,1.0052593908305811,0.234,0.102,1
NUDT9,0.007539011126611637,1.0052593908305811,0.219,0.11,1
APPL1,1.751916280194875e-4,1.0032690087615246,0.453,0.26,1
UBLCP1,0.006732798542315629,1.0023300597919098,0.25,0.131,1
DDX27,0.004272535660543838,1.0023300597919096,0.219,0.104,1
TALDO1,4.749545696344406e-4,1.0023300597919094,0.297,0.139,1
NOP10,0.033853328465128237,1.0023300597919094,0.141,0.07,1
MAN2B2,0.1190388036189091,1.0023300597919094,0.125,0.074,1
ZHX1,0.0024478043401957653,1.0001687185024422,0.266,0.132,1
CCDC91,6.669250086076575e-5,0.9999119094226275,0.75,0.632,1
CAT,1.5439550449781244e-4,0.9994066645851435,0.359,0.174,1
IFT81,0.04900432573463219,0.9990173257510739,0.156,0.085,1
BDH2,0.026110424866390803,0.998508348839501,0.156,0.079,1
PINK1,0.13047058594991578,0.9978145786694168,0.109,0.062,1
SYF2,0.002362661032758749,0.9973638068985602,0.234,0.11,1
PIGP,0.09160940512076413,0.9968130548243437,0.109,0.058,1
ERLIN2,0.037111933052400944,0.9952406350055902,0.172,0.094,1
TMX3,2.9929530275745684e-4,0.9942541768195405,0.438,0.246,1
BRI3BP,0.03408305245697805,0.9940624438083088,0.141,0.07,1
ZNF417,0.18613421830881952,0.9924145909268263,0.109,0.068,1
SERGEF,0.006544679051289309,0.9915555881977343,0.234,0.121,1
UBXN1,0.01025496590323456,0.990895164729626,0.172,0.08,1
TBCB,0.02789695783215594,0.990895164729626,0.156,0.079,1
CRTAP,0.0010354241731919162,0.9899463353360769,0.281,0.133,1
SF3B2,9.909983607384542e-5,0.9895940718644481,0.391,0.186,1
MIDN,0.002193084279523374,0.9894897140184848,0.281,0.143,1
NBEA,0.02052030153825497,0.9884674064101636,0.281,0.171,1
CCDC82,0.011717220142463576,0.9881858774716399,0.281,0.162,1
PSME1,7.40674456371274e-4,0.9874822953845961,0.25,0.109,1
DHFR,0.089368100472917,0.9874822953845961,0.172,0.109,1
NSL1,0.0012581657494328841,0.9866418788263799,0.391,0.221,1
GIT2,7.942772681769195e-4,0.9858419370033406,0.422,0.252,1
COQ5,0.15267224318872763,0.9858419370033404,0.109,0.065,1
C6orf89,0.014788439656742107,0.9845309918509935,0.25,0.147,1
FLCN,0.02490846370548735,0.9837941083544819,0.188,0.1,1
CIAO2A,0.03005196900900127,0.9837941083544819,0.188,0.103,1
SFXN2,0.046585878789468155,0.9833219450248252,0.156,0.085,1
HCFC1R1,0.04007684644563917,0.9825668049704794,0.125,0.061,1
BCOR,0.026045819060348276,0.9819896115077336,0.188,0.102,1
COX7C,1.887061000677674e-4,0.98090119573307,0.406,0.214,1
HDGFL3,0.009582854717119574,0.9803875069112322,0.188,0.09,1
NDUFA13,5.071213205601039e-5,0.9800363153221349,0.484,0.256,1
POLE,9.2581496502516e-4,0.9798926706721542,0.266,0.122,1
CDK2AP1,0.0815105630949928,0.9798926706721542,0.125,0.068,1
PSMC1,0.04341488950330818,0.9795501911356168,0.234,0.148,1
ZMAT3,0.03944869700101817,0.9792990911365687,0.156,0.083,1
WASHC2A,7.86472219047526e-4,0.9785739365393014,0.297,0.143,1
CMTM7,2.183716421198709e-4,0.9782367794821722,0.391,0.198,1
HIST1H2BN,0.008935833869785288,0.9776680055576401,0.141,0.06,1
ZNF625,0.18255267506343342,0.9776680055576401,0.125,0.08,1
PGAM1,9.947900109358635e-5,0.9765040724240044,0.297,0.123,1
TBC1D14,5.69164355531892e-5,0.9759941510469935,0.5,0.285,1
PPP1CA,0.001046844282611596,0.9749536208606047,0.234,0.102,1
NDUFS3,0.030945607701538744,0.9749536208606044,0.125,0.058,1
PSMD8,0.0030253260396069072,0.9744820748387928,0.266,0.134,1
SF3B6,0.01819870734581807,0.9741790194777606,0.172,0.086,1
ATG16L1,0.10673226371360583,0.9741790194777606,0.156,0.096,1
CYB5R3,0.001985176990378847,0.972785784177894,0.25,0.117,1
CRNKL1,0.021875824587878914,0.9727857841778937,0.141,0.066,1
MRPL15,0.06889907903785758,0.9727857841778937,0.125,0.066,1
ZNF41,0.19418944480458647,0.9727857841778937,0.109,0.068,1
MTHFSD,0.15458658977960935,0.9710145193257014,0.125,0.077,1
TARS2,0.07169817588025315,0.9695401246742401,0.141,0.079,1
TICAM2,0.09694256348959072,0.9695401246742401,0.141,0.083,1
HECA,0.015753983561933926,0.9672262588359932,0.234,0.131,1
ASPM,0.9360114059132653,0.9665958480586961,0.125,0.137,1
MLX,0.0609600533168192,0.965493291611538,0.109,0.054,1
FLII,0.01807927467270615,0.9647803214755106,0.203,0.109,1
ARL2BP,0.0273334722814178,0.9641468659040213,0.125,0.057,1
USP5,0.07963360062800597,0.9641468659040213,0.109,0.056,1
ZNF624,0.12069044303343127,0.9641468659040213,0.109,0.061,1
MPPE1,0.13602613680419168,0.9641468659040213,0.109,0.063,1
XRCC1,0.035333499735141084,0.9630706293446822,0.141,0.07,1
AC009554.1,0.04066491670713054,0.9630706293446822,0.141,0.072,1
TTC38,0.06974655646916232,0.9621906689386952,0.141,0.078,1
REXO2,0.0021837703202849737,0.961808244803682,0.281,0.143,1
TMUB2,0.3494947636833652,0.960837930873446,0.125,0.092,1
DDT,0.0028932215464106915,0.9603068448962029,0.203,0.089,1
KLF10,0.002053262020785282,0.959444246938733,0.219,0.097,1
VPS29,0.0029005029708732352,0.9565263701787845,0.328,0.185,1
GATAD1,0.0026477205504720387,0.9563379426932574,0.344,0.197,1
ATP1B3,0.0014668254795038407,0.955857444756796,0.516,0.347,1
DIP2A,5.148071724678801e-5,0.9557122708189527,0.609,0.408,1
ANKUB1,0.0042745011725138305,0.9547951092871805,0.438,0.299,1
FKBP8,0.0016717193291846232,0.9534204593109632,0.266,0.128,1
LRRK1,0.0354623786877542,0.9534204593109632,0.375,0.266,1
SRPRA,0.0016410930064763717,0.953420459310963,0.219,0.094,1
CPNE4,0.0017809400514425548,0.953420459310963,0.125,0.041,1
APOC1,0.00557235438654085,0.953420459310963,0.125,0.047,1
SLC25A1,0.030945703832168707,0.953420459310963,0.125,0.058,1
SETD1B,0.08350515914379195,0.953420459310963,0.156,0.093,1
VSTM4,0.09275244586317968,0.953420459310963,0.125,0.07,1
ZNF169,0.09819659169265282,0.953420459310963,0.125,0.07,1
CHIC1,0.1770767746226761,0.9534204593109628,0.141,0.091,1
TP53BP2,0.01585412593625285,0.9498626398977736,0.266,0.157,1
APPL2,2.788610747463681e-4,0.9489190670760221,0.484,0.29,1
EPS8,3.784894810921691e-4,0.9485145205119001,0.719,0.608,1
SNW1,0.029065067870763725,0.9479349202272335,0.297,0.195,1
SPRY1,0.01446421132732121,0.9465667882699007,0.156,0.072,1
ISY1,0.10167641075297745,0.9454276685574325,0.141,0.082,1
RLIM,0.0061215974318858226,0.9451999525059945,0.344,0.211,1
PRKX,0.01140437742999962,0.944703242209854,0.234,0.127,1
COPS7B,0.3140715008967768,0.944703242209854,0.109,0.076,1
TBC1D7,0.33207295473369625,0.944703242209854,0.109,0.079,1
DNAJB11,0.008202431424760872,0.9442894475588344,0.25,0.135,1
POLD2,0.13588896287615176,0.9438344104817649,0.109,0.063,1
POLR1D,0.0010578297073940784,0.9431521238571361,0.312,0.157,1
FPGS,0.11165120036080296,0.9427732151114543,0.109,0.06,1
IDH1,5.9612437015533005e-5,0.9423652708019674,0.469,0.244,1
ASPH,6.17240753695465e-4,0.9416391099977195,0.734,0.606,1
TMEM126B,0.07266344240744523,0.941447817644887,0.109,0.055,1
ZNF433,0.07929528264391933,0.941447817644887,0.172,0.104,1
NIPAL2,0.007928643114204126,0.9406531632370854,0.172,0.078,1
RAB11B,0.1060292123812972,0.9406531632370854,0.156,0.096,1
AFF3,0.02558811163968893,0.9405103504235763,0.266,0.164,1
RABEP1,1.6885837251276787e-4,0.9403049595207049,0.688,0.571,1
ATG3,0.02133961765432611,0.9392415241412013,0.266,0.157,1
SNHG32,0.03448024397000489,0.9390651663338934,0.203,0.115,1
FLOT1,1.4838708843576036e-4,0.9384701178449917,0.375,0.18,1
NUCB1,0.0012714356722438294,0.9374789154419414,0.266,0.125,1
LMO2,0.0016981213608224283,0.9374789154419414,0.172,0.067,1
REX1BD,0.058499567552855514,0.9374789154419414,0.141,0.076,1
LPCAT1,0.0014746382539613215,0.9374789154419412,0.312,0.162,1
OSTF1,0.010479857695208365,0.9361583706898893,0.453,0.326,1
PCLO,0.010693531491598655,0.9354985513137004,0.156,0.07,1
C1orf122,0.019343469858697657,0.9354985513137004,0.188,0.097,1
PEX2,0.027236717683219506,0.9354985513137004,0.188,0.102,1
STX2,0.0024504014160510366,0.9350419299961086,0.281,0.144,1
CHEK2,0.06520650086102021,0.9343116363632586,0.172,0.101,1
RAB11FIP2,0.045340354351514546,0.9343116363632585,0.297,0.205,1
IFT172,0.25134305875291335,0.9343116363632582,0.109,0.073,1
IFNAR1,0.0014704341109171434,0.9333128858623884,0.359,0.2,1
MIEN1,0.11171314808055345,0.932203973401267,0.109,0.06,1
CKLF,0.005774859463296236,0.9317253882116443,0.25,0.128,1
DCTN1,0.004176219379738319,0.9307003828108797,0.25,0.125,1
SNHG6,0.005417722984898883,0.9279978624310563,0.203,0.095,1
ARSG,0.025769741672961533,0.9274252507780187,0.141,0.067,1
DHX16,0.1798200301889478,0.9274252507780187,0.125,0.08,1
SCGB2B2,0.2549991056568014,0.9274252507780187,0.172,0.126,1
ADAMTS9,1.069919377040791e-4,0.927334859183685,0.438,0.222,1
DTNBP1,9.178234911733877e-4,0.9261989905759387,0.438,0.256,1
SNX6,1.2872879091211566e-4,0.9254448866497779,0.703,0.566,1
IQCK,0.08522328375857088,0.9254060831413662,0.172,0.106,1
CXorf56,0.0436632716773541,0.9248513071141922,0.141,0.072,1
EAF1,0.0796665654261202,0.9248513071141922,0.125,0.068,1
EIF4EBP1,0.13774639238745132,0.9248513071141922,0.109,0.063,1
DUT,0.010830789751966144,0.924851307114192,0.281,0.161,1
LPCAT2,8.087757576020255e-5,0.9242741136514466,0.375,0.178,1
VOPP1,0.005025370386830571,0.9233632254547832,0.219,0.105,1
LRIG3,0.021828809691218802,0.9217115995836251,0.156,0.076,1
AL390728.6,0.024872273508004087,0.9217115995836251,0.188,0.1,1
ELAC2,0.1109706731861166,0.9217115995836247,0.141,0.084,1
BROX,0.006772049594888494,0.9203486377053143,0.266,0.143,1
RHOB,0.0034566187486466692,0.9201443044366646,0.234,0.113,1
APBA1,0.006133552853261103,0.9201443044366645,0.266,0.145,1
NCOA7,0.06742594351844433,0.918578710098662,0.234,0.157,1
CRCP,0.00846738357137228,0.9184140094830495,0.234,0.122,1
CACNB2,0.18756782595872568,0.918231030848663,0.141,0.093,1
BAIAP2,0.027556200168662216,0.9177965495802418,0.203,0.114,1
MAPK3,0.06954061761534037,0.9177965495802418,0.109,0.055,1
PRKAR2A,0.0023832217644264354,0.9158884028143619,0.375,0.219,1
PIN1,0.07683912174683831,0.9154526091119424,0.125,0.067,1
MON1B,0.08721743394611252,0.9154526091119424,0.125,0.069,1
ZNF25,0.08828265861800655,0.9154526091119424,0.125,0.069,1
UQCRB,6.285422053070865e-5,0.9146012104204347,0.391,0.185,1
TMEM9B,0.03146667965376316,0.9138920951243255,0.156,0.08,1
CADM3,0.028859503426093974,0.9127784748136172,0.172,0.091,1
C5orf51,0.37259460763855506,0.9127784748136172,0.125,0.094,1
DCAF16,0.027730596569079006,0.9121977965844501,0.25,0.153,1
SEC11C,0.08722738674938083,0.9103517374190773,0.125,0.069,1
DNAJC10,0.012128694428318708,0.9101092880376328,0.312,0.194,1
NRBP1,0.002596849133107854,0.9096990818816453,0.297,0.157,1
RAD23A,0.003041434474591608,0.9096990818816453,0.281,0.146,1
GRINA,0.02277799225613528,0.9096990818816453,0.172,0.087,1
CD55,0.014777463157229094,0.909063233277855,0.438,0.324,1
ECI2,0.08659760141940882,0.9085662235267027,0.188,0.119,1
NDUFS6,0.061717135654649334,0.9076167696978383,0.25,0.166,1
C9orf72,0.013832857693688966,0.9075256933403135,0.297,0.185,1
UHRF1BP1,0.006992793969153808,0.907250277878037,0.359,0.225,1
OAT,8.310599695909819e-4,0.9061147445326065,0.25,0.109,1
RDH11,0.07257088081886237,0.9061147445326065,0.188,0.116,1
MRPL47,0.0363592103078333,0.9061147445326063,0.141,0.07,1
DNTTIP1,0.09633630806226806,0.9061147445326063,0.125,0.07,1
CCDC174,0.5210561830289526,0.9061147445326063,0.109,0.088,1
RRAGC,0.009113779634558863,0.9039003234671643,0.25,0.136,1
NPC1,5.304175330875468e-4,0.9036674241138636,0.438,0.253,1
ZFP64,0.031653316772601615,0.9036674241138634,0.203,0.116,1
TRIM23,0.12674452969793298,0.9036674241138634,0.188,0.127,1
GAK,0.001107868470581194,0.9032090133571955,0.359,0.191,1
TRIM8,0.011399612396558746,0.9030155058737201,0.203,0.102,1
CYTH2,0.15314670671891678,0.9025392903087792,0.141,0.09,1
WASHC3,0.05624487040601156,0.9022417353853998,0.234,0.148,1
ARPC4,0.03854579067976747,0.9009530394168273,0.203,0.119,1
ZNF783,0.16249394526652375,0.900953039416827,0.109,0.065,1
CAP1,8.699912374244207e-5,0.8994816522001594,0.469,0.262,1
STON1,0.21993151196527227,0.8994816522001594,0.141,0.096,1
MTIF3,0.027264357272833023,0.8976779073839665,0.234,0.138,1
ZFP90,0.003339962870620045,0.8968369309445956,0.219,0.101,1
FXYD6,0.016708295386938934,0.8968369309445952,0.141,0.063,1
B3GAT3,0.07094258598650938,0.8968369309445952,0.125,0.066,1
CUL9,0.21888078871198632,0.8968369309445952,0.109,0.07,1
ARPC3,8.944296008221201e-4,0.896487990311406,0.438,0.266,1
CYC1,0.1480663726859026,0.8954148558753974,0.125,0.077,1
NOSIP,0.3078055059970891,0.8954148558753974,0.125,0.089,1
HNRNPUL1,0.044421203600933955,0.8948387380477526,0.312,0.222,1
GNG5,2.842847894145014e-4,0.8937575380126235,0.328,0.152,1
ZNF268,0.0668101589400683,0.8934779188546811,0.141,0.077,1
TMEM30A,0.10159672606305943,0.8923448825591945,0.297,0.222,1
WHAMM,0.0408942210548762,0.8922203028742255,0.219,0.132,1
SHOC1,0.007220007657950896,0.8913825008524875,0.344,0.206,1
POLR2E,0.07250521043341136,0.8906847039630006,0.172,0.103,1
NDUFC1,0.14631374977577216,0.8906847039630006,0.125,0.076,1
ZCCHC4,0.05481375787892402,0.8906847039630004,0.188,0.111,1
FAM217B,0.1446132000163367,0.8906847039630001,0.109,0.063,1
CLCN5,0.002732421378754241,0.8901815845016191,0.422,0.27,1
KMT5A,0.012028467179969186,0.8892901218912477,0.25,0.139,1
RPF2,0.015650606897933794,0.8890700479009055,0.219,0.117,1
RRM2B,0.0026994188115927235,0.8887675009687097,0.219,0.099,1
COQ10B,0.09561318774501591,0.8887675009687097,0.172,0.109,1
HGS,0.03521978338406997,0.8883254310890782,0.172,0.092,1
ATG16L2,0.0873415559796037,0.8883254310890782,0.156,0.093,1
TPGS2,0.017703803108038336,0.8880179840893236,0.25,0.144,1
LMBR1L,0.1212831595423292,0.8876184009152168,0.125,0.073,1
CALML4,0.2482888025078719,0.8876184009152168,0.109,0.072,1
SNX8,0.00977594889271334,0.8870779644822672,0.297,0.176,1
GARS-DT,0.0015126572582777166,0.8865585049148903,0.438,0.268,1
TMEM51,0.011760853420477915,0.8855778135299117,0.203,0.102,1
UBAC1,0.016512384130697846,0.885402035882312,0.266,0.159,1
SENP1,0.11862386007497815,0.8851144459200544,0.203,0.14,1
AC009093.2,0.12789255334328375,0.8851144459200544,0.109,0.062,1
L3HYPDH,0.3704758164053236,0.8851144459200544,0.109,0.081,1
LZIC,0.04127485209401299,0.8845586011661593,0.172,0.095,1
TNPO2,0.01671533690455693,0.8842368941649619,0.234,0.131,1
NDUFA4,0.019516953442621315,0.8840271238932893,0.234,0.133,1
NAAA,0.0015356821808072759,0.8830311314195654,0.234,0.104,1
PIGG,0.00486239502906525,0.8830311314195651,0.266,0.138,1
SP110,0.0030073196309521066,0.881941070891024,0.25,0.122,1
DERL1,0.014504719837970616,0.8816847057120485,0.219,0.116,1
ALDH9A1,0.01981105789821457,0.8816847057120485,0.203,0.108,1
HMGN1,4.51320342697074e-4,0.881023763569776,0.469,0.294,1
CDK4,0.05936953260577841,0.8804889368571116,0.125,0.064,1
B3GNTL1,0.07872534621686601,0.8804889368571116,0.125,0.067,1
LAMP2,0.0025337669950107676,0.8799398616684141,0.359,0.205,1
WDR44,0.0031871726283235146,0.8799398616684141,0.344,0.193,1
FOSL2,0.0014708767806056588,0.8792195174695459,0.281,0.136,1
MIRLET7BHG,0.035340838170299996,0.8784584016297412,0.172,0.093,1
COL11A1,0.04709951861037179,0.878458401629741,0.125,0.062,1
PDCL,0.07802984882307507,0.8784584016297408,0.125,0.067,1
IFNAR2,0.0011872569128641335,0.8780614570569001,0.391,0.218,1
STAT6,0.0047018622139245484,0.8763115336131968,0.234,0.114,1
AC004889.1,0.03703755026848513,0.8763115336131968,0.203,0.118,1
TDRD7,0.07821655466232559,0.8754179473096899,0.141,0.079,1
DCUN1D5,0.2441132182411209,0.8748106246145964,0.203,0.159,1
THUMPD1,0.032690919882763354,0.8739001196674365,0.219,0.128,1
CLCN6,0.042503029655433185,0.8739001196674365,0.219,0.132,1
HS6ST1,7.508487221345004e-4,0.8732501106269797,0.266,0.119,1
ZFYVE21,0.019588530898459543,0.8732501106269797,0.188,0.096,1
KDM1B,0.033130976649948705,0.8732501106269797,0.172,0.091,1
MSRB2,0.04672540569960459,0.8732501106269797,0.172,0.096,1
SUMO2,0.014940611537722717,0.8728891209989513,0.312,0.193,1
NBR1,0.013102089125598366,0.8716263681473158,0.312,0.189,1
BCAT1,5.0198019959710584e-5,0.8714861304761591,0.531,0.314,1
MAP3K5,8.182121073113057e-5,0.8714270871136556,0.422,0.209,1
PTGES2,0.07944604806816807,0.8703647195834043,0.125,0.067,1
SPATA5L1,0.17698707937642627,0.8703647195834043,0.109,0.066,1
FBXO5,0.05544499121983455,0.8693561945224881,0.125,0.063,1
TMEM140,0.09407514134581003,0.8693561945224881,0.125,0.069,1
RCBTB1,0.06695656107829026,0.86853156172445,0.141,0.077,1
TBC1D31,0.18770867143114384,0.86853156172445,0.109,0.068,1
RECK,1.2595889552568558e-4,0.8681731726924518,0.297,0.124,1
OGFR,0.03805047667278729,0.8672638155612487,0.172,0.093,1
KCTD7,0.2035955543412601,0.8672638155612487,0.141,0.094,1
HCFC2,0.013002173844636469,0.8670057074934896,0.281,0.164,1
CEBPA,0.015183343564846036,0.8663348425472517,0.188,0.094,1
SNHG16,0.3262212109467463,0.8663348425472517,0.141,0.104,1
EPSTI1,0.002379289196281137,0.8661401337216792,0.25,0.117,1
CEP89,0.07140492962211044,0.8656248548159493,0.188,0.115,1
SRGAP3,0.0025091241806802973,0.8640729737156807,0.234,0.111,1
GGCX,0.05551032354949907,0.8640729737156807,0.234,0.15,1
B3GNT5,0.021495415423205474,0.8633198047918198,0.281,0.169,1
ZCCHC2,0.04188291764205849,0.8629655083654594,0.281,0.184,1
CADM2,8.2250676827376e-4,0.8603110549194817,0.234,0.1,1
PSMD2,0.007301646678860763,0.8603110549194817,0.25,0.13,1
SBNO2,0.021442173827399658,0.8603110549194817,0.172,0.086,1
CD58,0.02939872353392319,0.8603110549194817,0.141,0.068,1
TADA3,0.041604604738711234,0.8603110549194817,0.141,0.071,1
PLRG1,0.07127641746798812,0.8603110549194817,0.156,0.09,1
ABAT,0.08064086210420475,0.8603110549194817,0.156,0.091,1
SMDT1,0.1368136583061867,0.8603110549194817,0.109,0.063,1
CDR2,5.858939747158779e-5,0.8603110549194815,0.469,0.247,1
BCLAF3,0.009579124628578708,0.8603110549194815,0.266,0.147,1
ZNF780B,0.38316621037993237,0.8603110549194815,0.156,0.126,1
LINC-PINT,0.05647891758916972,0.8603110549194812,0.125,0.063,1
EPOR,0.14670963191976322,0.8603110549194812,0.109,0.063,1
DNAJC7,0.004240758568847876,0.8578761260024278,0.375,0.233,1
NCBP1,0.05808742534856707,0.8570943422359387,0.266,0.178,1
TOP2A,0.007142348499707396,0.8562793009004314,0.281,0.154,1
ARHGAP35,5.972976945175829e-4,0.8560236965163834,0.406,0.219,1
MALT1,0.0018286516969043094,0.8559192858023236,0.406,0.235,1
YTHDF1,0.023889470640055706,0.85557313591281825,0.219,0.124,1
ANKRD36,3.9240032789550344e-4,0.8554452997476655,0.375,0.189,1
CWC15,0.053775090232463456,0.8543123142980389,0.172,0.098,1
CSNK1D,0.05166983290980293,0.8536473246384708,0.266,0.181,1
ZNF789,0.14874787274709086,0.8528165183725571,0.141,0.089,1
DDX21,3.1915776282208033e-4,0.8526574823760464,0.453,0.248,1
VEZF1,0.005392267169540926,0.8521371234737813,0.266,0.14,1
MAN1B1,0.07972217331548415,0.8521371234737813,0.141,0.079,1
SF3A1,0.08656793529168273,0.8521371234737813,0.141,0.08,1
YIPF3,0.17453736616668566,0.8521371234737813,0.125,0.079,1
RNASEH1,0.19076855734444467,0.8521371234737813,0.125,0.08,1
CORO1C,0.014251011948071959,0.85198619026855,0.406,0.276,1
CIAO1,0.0071272694250264544,0.8517490414160576,0.266,0.141,1
CHMP2A,0.0011385636395052287,0.8508507256704154,0.25,0.111,1
COPS5,0.05764391816794445,0.8508507256704154,0.203,0.123,1
MED30,0.04536875532355876,0.8503269663468593,0.125,0.061,1
GTF2H5,0.18400696741924152,0.8503269663468593,0.109,0.067,1
GARNL3,0.012674169901799346,0.8490837994962273,0.25,0.137,1
NEPRO,0.05261573693968388,0.8490837994962273,0.188,0.11,1
YIPF2,0.0904699842418727,0.8490837994962273,0.172,0.107,1
TMEM138,0.12630209939887277,0.8490837994962273,0.109,0.061,1
PABPC4L,0.21256531121618577,0.8490837994962273,0.141,0.095,1
TCTN3,0.020658738688131003,0.847487014561898,0.188,0.097,1
TSPAN14,0.005120889789711652,0.8471115571646225,0.328,0.192,1
HINT1,0.005256301008944477,0.846505255394451,0.281,0.151,1
ITM2C,0.034755485518970564,0.846505255394451,0.156,0.081,1
SGK3,0.0038118851247511453,0.8462108578746275,0.484,0.321,1
FAM111A,0.017234019313573497,0.8461437229928876,0.219,0.119,1
LASP1,1.6870276003146242e-4,0.8453607134535102,0.344,0.157,1
ECT2,0.009105630129859184,0.8453607134535099,0.266,0.147,1
KHSRP,0.005344898259484462,0.8449358290325658,0.359,0.216,1
DNAJC13,1.0353549840965497e-4,0.8449100824828342,0.656,0.473,1
PTRH2,0.026053238286633824,0.8444860877577989,0.219,0.124,1
KARS,0.06326080619947724,0.8444860877577989,0.188,0.111,1
CNDP2,0.019432027993547072,0.8442987369308508,0.281,0.168,1
FBXO21,0.04077921766291666,0.8437090875823519,0.266,0.171,1
ZNF710,0.0018824052027385364,0.8435027672329276,0.328,0.174,1
RAB8A,0.0038713321543060266,0.8423891469222191,0.219,0.101,1
TSPO,0.00531822816873085,0.8423891469222191,0.188,0.083,1
CUTA,0.00586787326305435,0.8423891469222191,0.203,0.094,1
DNAJB4,0.08296089196639765,0.8423891469222191,0.125,0.068,1
RPUSD4,0.20932641640617408,0.8404114974817762,0.109,0.069,1
ANKRD36C,8.836439066333604e-4,0.8396515843533888,0.359,0.188,1
ELOA,0.040126706491814955,0.8396515843533887,0.172,0.094,1
TMEM192,0.0049031464827270586,0.8392494393916519,0.219,0.104,1
FAM32A,0.09714393086069383,0.8379432418910269,0.109,0.058,1
CSNK2B,0.10783726862193117,0.8379432418910269,0.156,0.097,1
ENOX2,0.0872248055964567,0.8373742436423229,0.297,0.21,1
SH3BP2,0.0010718143617977508,0.837121427547592,0.328,0.165,1
MTMR14,0.1097351554775091,0.8367755404586925,0.203,0.135,1
VAMP8,6.24734236319909e-4,0.836638225935114,0.344,0.171,1
ABHD13,0.031280505546998634,0.8347759628123441,0.188,0.102,1
AC090825.1,0.010121246704166944,0.8342487583332852,0.234,0.124,1
COX7A2,0.017096140466202208,0.833126225593251,0.25,0.143,1
TAF10,0.01735379477567804,0.8328303184973747,0.172,0.083,1
PGD,0.010693908550574862,0.8321141630888296,0.234,0.124,1
ADAMTSL4-AS1,0.08611953466888889,0.8319026397337277,0.219,0.144,1
IARS2,7.542710430549709e-4,0.8312999682604131,0.406,0.23,1
ATP6AP1,0.07294443133276962,0.8305637115254298,0.172,0.102,1
VPS13C,6.956313978886066e-5,0.8305637115254295,0.766,0.641,1
NDUFA2,0.0386252519641259,0.8305637115254294,0.156,0.081,1
SLC25A4,0.04631993624204252,0.8305637115254294,0.125,0.061,1
PLEKHJ1,0.14352824003038903,0.8305637115254294,0.109,0.063,1
MGP,0.2615846506667737,0.8296439186725402,0.156,0.107,1
MTUS2,0.03293569509792957,0.8288328234463134,0.109,0.049,1
PDPR,0.030014771724744965,0.8278895772271042,0.25,0.152,1
ARHGAP11B,0.31548945641402126,0.8278895772271042,0.125,0.089,1
MLEC,0.007687693422429551,0.8276941033373816,0.375,0.239,1
SOAT1,0.002870115717675263,0.8272959976915184,0.312,0.165,1
SNRPB2,0.002314946559387306,0.826363722996144,0.25,0.118,1
DNAAF5,0.12645726630757093,0.8260411528347356,0.156,0.098,1
ETFB,0.0028345645664644807,0.8246871451887603,0.25,0.119,1
BUD31,0.0466169720996921,0.8246871451887601,0.141,0.072,1
OR2A1-AS1,0.15350201838966884,0.8246871451887601,0.125,0.076,1
GNPNAT1,0.223178176342103,0.8246871451887601,0.109,0.07,1
DDX60,0.0012357844261897985,0.8238876466696081,0.281,0.133,1
CCDC149,0.008508957074254449,0.8232217361842613,0.266,0.145,1
LMF1,0.21830124893386427,0.8232217361842613,0.125,0.083,1
CEP63,0.05637546112639102,0.8221759260327106,0.328,0.237,1
ZFPM2-AS1,1.0923478429906193e-4,0.8219829362603822,0.406,0.203,1
TWF1,0.002168793648129586,0.8202953760716023,0.266,0.128,1
SLC8A1-AS1,0.062220111328518506,0.8198967864735738,0.125,0.065,1
CHMP1B,0.07434871859468656,0.8198967864735738,0.141,0.078,1
KLHDC3,0.17871383312431366,0.8198967864735738,0.125,0.078,1
MCM5,0.18722637423052538,0.8198967864735738,0.125,0.08,1
TEFM,0.11685436992447665,0.8192837866594269,0.156,0.097,1
PLEKHA3,0.007263317184594119,0.8184908792248542,0.234,0.118,1
ZBTB25,0.05243751882339123,0.8184908792248542,0.203,0.123,1
PAPOLG,0.0747918975737062,0.8184908792248542,0.188,0.116,1
STK4,1.896797069008192e-4,0.8174791393313114,0.484,0.272,1
NCKAP5L,0.041612858308317964,0.8159169355610283,0.188,0.107,1
SLC27A1,0.11594590560846954,0.8159169355610283,0.109,0.06,1
NUP43,0.1529716868635401,0.8159169355610283,0.172,0.114,1
COPS3,0.1532977812459459,0.8159169355610283,0.156,0.102,1
DCTN2,0.03202331214479143,0.8159169355610281,0.219,0.126,1
WSB2,0.5413049739817934,0.8159169355610278,0.109,0.09,1
YWHAB,4.536352113412816e-5,0.8143376304871806,0.578,0.345,1
C2CD5,5.076403046562245e-4,0.8125579234711134,0.5,0.308,1
ENC1,0.018054782881827536,0.8125579234711133,0.172,0.084,1
MINDY3,0.013727164057868365,0.8123379333760106,0.672,0.562,1
VPS8,3.0882970263179595e-4,0.8121076441163693,0.719,0.612,1
TRMT2B,0.09815782868942606,0.8119480333580826,0.141,0.082,1
MTSS2,0.0010922387806572079,0.8115517429996262,0.25,0.111,1
TGFBRAP1,0.08221051032407228,0.8115517429996262,0.219,0.142,1
NYNRIN,0.04608077873077469,0.8110675358996322,0.125,0.061,1
TGIF2,0.2131446933423648,0.8110675358996322,0.109,0.069,1
NAPA,0.010786918411876727,0.8090305499757882,0.234,0.124,1
EXOC5,7.632220223656593e-4,0.8085121543392768,0.469,0.282,1
TMEM248,0.07325496907917463,0.8071997184599191,0.25,0.171,1
NDUFA7,0.1122722242846119,0.8071997184599189,0.125,0.072,1
AP2A2,0.0025114550747303835,0.8069238421724566,0.484,0.327,1
CREBL2,0.007719740755649001,0.8050286194182923,0.219,0.108,1
PMVK,0.0886468459769692,0.8050286194182923,0.109,0.057,1
SLC9A6,0.12245752530638229,0.8050286194182923,0.109,0.061,1
AC007038.1,0.0765307226492675,0.8040428352727362,0.141,0.078,1
EI24,0.021710309833980264,0.8034798323228056,0.188,0.097,1
UHRF1BP1L,0.0028744788155729765,0.8019945593286587,0.453,0.286,1
FAM98B,0.07102101889070234,0.8014173658659132,0.203,0.125,1
CROCC,0.012691275954276094,0.801417365865913,0.25,0.136,1
KLHDC1,0.21734143420872645,0.7998995382236596,0.172,0.125,1
IER2,1.8375956073472932e-4,0.7989741899375842,0.516,0.288,1
YBX1,0.0011783665145325415,0.7986532031792869,0.484,0.321,1
DCUN1D4,9.287437602513249e-4,0.7985348573327917,0.344,0.176,1
IL4R,0.09095607198401769,0.7985348573327917,0.203,0.133,1
KIF1BP,0.06783814209723936,0.7985348573327915,0.141,0.076,1
HECTD2,2.7289510894546446e-4,0.7973012573936812,0.359,0.17,1
AP1AR,0.041226710128558046,0.7961807174997659,0.234,0.146,1
LTBP2,0.27535985751514774,0.7961807174997659,0.109,0.074,1
PNKD,0.008301408424077067,0.7942218644617094,0.25,0.132,1
LPIN1,0.14543281836455563,0.7942218644617094,0.188,0.13,1
MKI67,0.2491987496741398,0.7942218644617092,0.156,0.111,1
RALB,0.0021287088955810147,0.7933608109948544,0.312,0.159,1
SOD2,0.020566558407153872,0.792955787117717,0.312,0.197,1
THUMPD3,0.19964671440293,0.7925664482836474,0.141,0.094,1
SUSD6,0.020842603037068193,0.791831317036715,0.312,0.202,1
PGPEP1,0.09292714379982854,0.7918313170367148,0.125,0.069,1
BLM,0.155879695104845,0.7911490304120861,0.141,0.089,1
INTS10,0.0018764031569158618,0.7903621773569175,0.406,0.239,1
ATP6V1A,0.005189995083778525,0.7903121194106278,0.391,0.251,1
HIGD2A,0.019513267840099578,0.789921727028084,0.188,0.096,1
SMYD4,0.0375358293534798,0.789921727028084,0.188,0.104,1
TEX2,0.05877160263436631,0.789921727028084,0.188,0.111,1
SNRPE,0.09742463872681975,0.789921727028084,0.156,0.095,1
KMT2B,0.3519207303431487,0.7899217270280836,0.109,0.079,1
ACADSB,0.33812884759685,0.7888486923628575,0.141,0.107,1
ABR,0.0011888399444781996,0.7886500697920351,0.297,0.143,1
TAPBP,0.02939407087491185,0.7883612130404667,0.25,0.151,1
NSUN7,0.04371328850425618,0.787683254832084,0.234,0.145,1
KCTD9,0.2243966684143762,0.7870620728888433,0.172,0.124,1
RBBP5,0.07232757850426358,0.7870620728888431,0.156,0.089,1
SF3B5,0.0851777735400438,0.7870620728888431,0.141,0.08,1
SAP30L-AS1,0.1032751899349042,0.7870620728888431,0.141,0.083,1
NUP62,0.14202482699916186,0.7870620728888431,0.141,0.088,1
AC105383.1,0.14766951475118575,0.7870620728888431,0.156,0.101,1
RHOQ,8.048653372675961e-4,0.7867299225383741,0.422,0.24,1
TMCO1,0.004793607410222354,0.7864908216278101,0.297,0.16,1
ZDHHC5,0.07429367195483345,0.7863104734757049,0.203,0.128,1
ZNF566,0.39682808097597816,0.7859637134594002,0.125,0.096,1
MAP3K1,2.0294299740637706e-4,0.7855072159853136,0.641,0.445,1
ZNF267,0.0325448192303671,0.7839601687893667,0.25,0.151,1
XRN2,2.8913908088412546e-4,0.7836079530958814,0.672,0.513,1
TTC8,0.06446737478388397,0.7834954578686508,0.188,0.112,1
RBBP4,0.028546316406174516,0.7828669694941333,0.422,0.303,1
SLBP,0.028712886816315182,0.782866969494133,0.203,0.113,1
TNRC6B,1.1937535582884506e-4,0.7827500716258289,0.719,0.543,1
MVP,0.009081438814440084,0.7818090812407641,0.234,0.121,1
MTRNR2L8,0.003302614545397815,0.7816541110444832,0.266,0.131,1
OPTN,0.09279061168378334,0.7815786187736783,0.297,0.221,1
MBOAT7,0.3592610969418558,0.7813597135246595,0.109,0.078,1
TP53,0.17220252858559798,0.7805838624487476,0.125,0.078,1
UBE2F,0.009209462364519973,0.7800888564254012,0.391,0.251,1
GGA1,0.09563066778720292,0.7799376384554613,0.25,0.175,1
VAC14,0.15880981379208675,0.7799376384554613,0.219,0.158,1
C4orf3,0.02331882941630525,0.7793910595359144,0.172,0.087,1
ARF3,0.1799228442170967,0.7793910595359144,0.141,0.092,1
PSMB4,0.007613702440797133,0.7787128357323605,0.297,0.166,1
CPEB3,3.320074100183864e-4,0.77816201356561,0.375,0.187,1
MAPRE1,0.04349140931267131,0.77816201356561,0.188,0.107,1
C5orf24,0.002516175878428582,0.7770976866705002,0.266,0.129,1
BLNK,0.026591944888057484,0.7770976866705002,0.219,0.125,1
PDCD5,0.03219662612029485,0.7770976866705002,0.219,0.126,1
PPP2R5C,6.801478838864858e-4,0.776667395359196,0.625,0.45,1
ATP6V1C1,0.003419966937329794,0.774971385562112,0.391,0.232,1
PPP1R21,0.013652844464101876,0.7737610229630477,0.547,0.452,1
CAB39,1.8836775845899507e-4,0.773664448508957,0.656,0.494,1
COMMD7,0.01895080571294251,0.7728482136691424,0.234,0.131,1
SDF4,0.017863645822367602,0.7728482136691421,0.234,0.131,1
NAT10,0.06388744978792034,0.7728482136691421,0.172,0.099,1
AKNA,0.06499256444382762,0.7728482136691421,0.156,0.088,1
LRRC37A2,0.06796990290863163,0.7728482136691421,0.172,0.101,1
CHMP1A,0.11516957732889896,0.7728482136691421,0.125,0.072,1
GORAB,0.22812327630609,0.7728482136691421,0.109,0.07,1
NSMCE4A,0.26614963402979647,0.7728482136691421,0.109,0.073,1
STIL,0.45629179470557274,0.7728482136691421,0.109,0.086,1
SMARCE1,0.015896804051807246,0.772848213669142,0.359,0.23,1
KRCC1,0.02576291551339186,0.7728482136691419,0.312,0.198,1
AL109824.1,0.8619175770215621,0.7728482136691419,0.125,0.125,1
CLTA,0.0027890357393098152,0.7718382766024254,0.562,0.413,1
LAPTM4A,0.11584366565955327,0.7706738424348051,0.281,0.208,1
AL033504.1,0.33899317485233593,0.7704707975185778,0.219,0.179,1
REL,0.014578115878691143,0.7701986352551928,0.297,0.18,1
CD164,0.003431659995529985,0.7695021857891509,0.516,0.384,1
PLIN3,0.025079329076039925,0.7691631668612862,0.25,0.146,1
LMBRD2,0.03869444052059386,0.7689958881735355,0.25,0.157,1
LYST,0.02569591793741885,0.7686112207826715,0.438,0.353,1
WIPI2,0.0017287453529820098,0.7682682255658823,0.406,0.233,1
COX17,0.03628925153522077,0.7678648061548865,0.203,0.116,1
PPTC7,0.03922395487290132,0.7678648061548865,0.203,0.117,1
RPS26,1.0888406755537297e-4,0.7674870219147261,0.547,0.324,1
CAPRIN2,0.03851482731460615,0.7673834531923311,0.266,0.169,1
PLEKHM1,0.03389999775039569,0.7663349067104677,0.188,0.102,1
GNPTG,0.04509853837112223,0.7663349067104677,0.172,0.094,1
TRAF6,0.0349155186095813,0.7657934561351918,0.172,0.091,1
PDCD2,0.14342583544960838,0.7657934561351918,0.141,0.088,1
TUBB,1.6232942956915386e-4,0.7657086690268902,0.516,0.303,1
STAT1,0.03268189931838039,0.7651538218791414,0.234,0.139,1
ATG14,0.04812212298242191,0.7651538218791414,0.234,0.146,1
ZNF461,0.07715751300908583,0.764386634920946,0.141,0.078,1
SSH1,0.060742495470053504,0.7639426604472502,0.312,0.224,1
RNF44,0.22352681270408933,0.7634495156668923,0.109,0.069,1
HAUS4,0.151192071540752,0.7622789719589549,0.109,0.063,1
IDI1,0.005358899401417693,0.7607753813685671,0.25,0.125,1
SESN2,0.3150111212234109,0.7607753813685671,0.141,0.105,1
RB1,7.162736177866983e-5,0.7599168897985225,0.609,0.378,1
ACTR10,0.02251232705914542,0.7591516388889031,0.359,0.239,1
THAP12,0.22431193644282693,0.7587730284574195,0.172,0.124,1
C1QBP,0.05878447196046499,0.7587730284574192,0.156,0.086,1
TGFBR1,5.29665330925738e-5,0.758642130209279,0.656,0.435,1
RPS27L,0.0025483425330239556,0.7581641679120292,0.266,0.13,1
HEATR1,0.030961485209295234,0.7577728932070438,0.281,0.183,1
PPP1CC,0.010573618231212882,0.7575002493357061,0.266,0.146,1
PPM1F,0.050494349389919986,0.7575002493357061,0.156,0.084,1
ZNF260,0.06792923508869485,0.7575002493357061,0.156,0.088,1
SLC8B1,0.11789790534502276,0.7575002493357061,0.141,0.084,1
KAT5,0.07214429872570252,0.755974395104746,0.141,0.077,1
GPR137C,0.14572111901452328,0.755974395104746,0.109,0.063,1
OSBPL11,0.012316457638181249,0.7559743951047458,0.391,0.253,1
FIS1,0.02788650455667654,0.7547766407471244,0.188,0.099,1
BNIP2,9.987510641215039e-4,0.7547766407471239,0.438,0.252,1
HIST2H2BE,0.09942580745944105,0.7541116510875563,0.125,0.069,1
FAM91A1,0.0017557251773865192,0.7532460773157457,0.438,0.261,1
FMNL3,0.029718325393297117,0.753017041747573,0.203,0.113,1
DTWD1,0.01651889181469014,0.7528874719382547,0.328,0.21,1
TCHP,0.09026528613072012,0.7527825906150367,0.219,0.146,1
FGD5-AS1,0.0028682664007463514,0.7526231856051082,0.312,0.166,1
AC104123.1,0.005952641716505829,0.7523518067835621,0.297,0.161,1
TRAM1,8.715931601284378e-4,0.7521294031900655,0.5,0.324,1
SMC3,0.16087098393960267,0.7517865981413127,0.297,0.233,1
SDF2L1,0.08060588537795652,0.7517865981413125,0.109,0.056,1
BAZ1A,0.026488427757686055,0.7517865981413123,0.406,0.29,1
FAP,0.09966636367724879,0.7496972494185853,0.219,0.15,1
PSMC5,0.46710011500383886,0.7488027397024912,0.125,0.099,1
VPS4B,0.021502623896302964,0.7485378062629643,0.391,0.276,1
AKT2,0.2475215461982894,0.7476109221701195,0.203,0.15,1
CDS2,0.006738545663134126,0.7476109221701193,0.328,0.194,1
ARL3,0.15401846986694154,0.7476109221701193,0.125,0.076,1
HAGH,0.18806962692162313,0.7476109221701193,0.125,0.079,1
SPTSSA,0.3136929409704895,0.7476109221701193,0.109,0.076,1
YTHDC2,0.0042582217524789225,0.7472942754905245,0.547,0.408,1
PSD3,1.004748126426086e-4,0.7465924559648007,0.75,0.623,1
EPM2AIP1,0.18795558124391662,0.7462947946278253,0.203,0.146,1
IFNGR1,0.0056857627967988105,0.7448338374995456,0.391,0.241,1
PTGR1,0.11872501608921232,0.7448338374995456,0.156,0.096,1
ZBTB34,0.18992739293451252,0.7448338374995456,0.141,0.093,1
DDB2,0.30494399746737827,0.7448338374995456,0.125,0.088,1
BTF3L4,0.04122812917863407,0.7448338374995453,0.281,0.18,1
DDX54,0.09104599869096225,0.7448338374995451,0.125,0.068,1
KLF4,0.007900504943392096,0.7438774602415266,0.281,0.155,1
NIN,0.01878940763329191,0.7437354780701029,0.578,0.473,1
LRRC28,0.08228856072050446,0.7426160122497268,0.359,0.275,1
MRFAP1,0.0031355560769380578,0.7423138455210303,0.281,0.141,1
EIF4A3,0.12338959466040396,0.7419163541172511,0.188,0.122,1
C1D,0.15402203271561424,0.7419163541172511,0.188,0.129,1
EPG5,0.09804167806650568,0.7416113768323422,0.344,0.268,1
MLYCD,0.1637411364922655,0.741369982195974,0.109,0.065,1
PTPRT,0.14765914019721896,0.7402860058356115,0.141,0.088,1
FGGY,0.012285653919475437,0.7398880148947438,0.281,0.162,1
FXYD5,0.008538739435662326,0.7392956539581159,0.203,0.097,1
ATP6V0D1,0.009541322154018032,0.7392956539581157,0.25,0.132,1
KRTCAP2,0.009995843276227132,0.7392956539581157,0.234,0.122,1
BOD1L1,0.01365163495965482,0.7392956539581157,0.438,0.311,1
ZFP14,0.170700973085389,0.7392956539581155,0.125,0.077,1
POGLUT1,0.3543947656363836,0.7392956539581155,0.109,0.077,1
HSBP1,0.01924793628968883,0.7383205305408709,0.203,0.107,1
MTMR12,0.0892044314401845,0.7381524724078965,0.281,0.197,1
INTS6L,0.0014822150362027056,0.7379144235597548,0.281,0.133,1
DEPTOR,0.14477549431644382,0.7379144235597548,0.125,0.074,1
RAP1GAP2,0.08114006305407437,0.7373835330143388,0.234,0.158,1
ZNF254,0.03046147650707349,0.7366090702378149,0.344,0.232,1
HOOK2,0.13575107311562104,0.7364145845215739,0.234,0.169,1
TUFM,0.002559508097736559,0.7361897430902942,0.234,0.107,1
JTB,0.024224029420172048,0.735615307470167,0.219,0.122,1
ZNF7,0.277744232620169,0.7356153074701668,0.109,0.073,1
ATXN7L3B,0.06730414893023594,0.7351559235971916,0.219,0.137,1
RPS4Y1,8.044718161038719e-4,0.7339067121073077,0.438,0.242,1
RMND5B,0.01299568647037512,0.7337786489905502,0.219,0.112,1
VDAC3,0.03616596414895558,0.7337786489905502,0.203,0.115,1
TM9SF2,1.6069684824520777e-4,0.7333198494825047,0.609,0.388,1
FBXO33,0.012160147846528552,0.7331991370161421,0.234,0.124,1
LARP7,0.05013120482089341,0.732677775193608,0.266,0.175,1
GLE1,0.10797127917986825,0.7310280379745153,0.172,0.107,1
PFDN2,0.028806511634387168,0.7310280379745151,0.219,0.124,1
SUMF1,1.2072433176580456e-4,0.7310280379745149,0.766,0.586,1
UPF1,0.012651023618186623,0.7310280379745149,0.234,0.124,1
KIF20B,0.019526331077024964,0.7310280379745149,0.234,0.131,1
CSGALNACT2,0.04659009672532314,0.7310280379745149,0.25,0.157,1
ZNF12,0.05810759663061738,0.7310280379745149,0.172,0.097,1
MPDU1,0.0867445907864851,0.7310280379745149,0.141,0.079,1
SRM,0.1074816660142559,0.7310280379745149,0.125,0.07,1
ATOX1,0.15501860324118383,0.7310280379745149,0.172,0.115,1
STIMATE,0.19765840678551258,0.7310280379745149,0.109,0.068,1
PRDM4,0.3031916958355179,0.7282826612356978,0.156,0.115,1
FNIP2,0.008488231958895151,0.7280867626623926,0.391,0.263,1
HADH,0.05179560703880911,0.7278607588958321,0.172,0.096,1
TOMM20,0.008250225525090287,0.7274992264942687,0.359,0.218,1
WDR7,0.0015902247866534376,0.7271859716801209,0.531,0.361,1
TTC23,0.12346557715685708,0.7256615282246999,0.234,0.165,1
RIN3,0.003007433430047924,0.7253814748333731,0.406,0.25,1
AHDC1,0.011336859533185008,0.7251514716378455,0.266,0.147,1
TBP,0.238410803393655,0.7241743669334526,0.141,0.097,1
LDHA,0.04958956800459818,0.7234148538646399,0.266,0.171,1
TRIR,0.031001857905510622,0.7222221405991742,0.281,0.176,1
MRPS21,0.011876607665528893,0.7212470171819296,0.266,0.146,1
SPECC1,5.185034825019179e-5,0.7210362663173538,0.312,0.129,1
SPATS2L,4.0180631932264796e-4,0.7207597025206881,0.625,0.427,1
P2RX4,0.01680991637019637,0.720759702520688,0.281,0.164,1
MCCC1,0.026169164888643487,0.720759702520688,0.266,0.161,1
HAAO,0.13065142832534163,0.720759702520688,0.109,0.061,1
GBA,0.14227670384544638,0.720759702520688,0.109,0.062,1
SPCS1,0.0037125300806764103,0.7202212830179324,0.25,0.12,1
PRMT2,0.004806787677934252,0.7199478770303059,0.5,0.346,1
ATP6V1F,0.021654103033786534,0.7198298313696512,0.156,0.074,1
DDX18,0.021175697558793317,0.7182920500470538,0.297,0.179,1
PAAF1,0.1446770358386705,0.7173531010774385,0.172,0.112,1
NDUFAF7,0.20920111003521685,0.7173531010774385,0.141,0.094,1
ZNF605,0.27011737700956806,0.7173531010774381,0.109,0.073,1
LINS1,0.0705930859603551,0.7162646853027745,0.25,0.164,1
GUK1,6.160569054946669e-5,0.7161163285705872,0.328,0.134,1
ESD,0.02194987892289697,0.7161163285705872,0.25,0.144,1
ARHGAP1,0.011432849783552168,0.7159211455843069,0.25,0.135,1
PFN1,1.1000262003411042e-4,0.71561202976534255,0.625,0.423,1
EXOG,0.13533750167747696,0.7152607221161986,0.156,0.099,1
LINC00963,0.2673677873438566,0.7152607221161986,0.141,0.097,1
HNRNPH2,0.06834119746881731,0.7146335997238462,0.141,0.076,1
BTG2,3.528589010352476e-4,0.7139545246155734,0.281,0.122,1
H1FX,0.027219417733619532,0.7139545246155734,0.25,0.15,1
SUGT1,0.04563934196296355,0.7138450263011582,0.312,0.207,1
VPS53,0.00617231508891658,0.7136459597462786,0.5,0.36,1
VHL,0.1160017212444953,0.7128234425969249,0.203,0.133,1
LINC00476,0.3110606869541582,0.7128234425969249,0.156,0.117,1
APIP,0.06361310307245183,0.7126675008531755,0.297,0.2,1
CNOT7,0.09076975737519156,0.7124123598071681,0.234,0.159,1
CREM,0.005153759177386952,0.7111446136439665,0.5,0.343,1
SLC25A13,0.0013746161682647276,0.7107872455368904,0.625,0.452,1
CHMP3,0.009224405572208433,0.7105639354147995,0.328,0.195,1
HDAC7,0.16634465430808676,0.7105639354147995,0.172,0.117,1
TRPM4,0.17984127982344034,0.7105639354147995,0.109,0.066,1
DNAJC17,0.18643431902463273,0.7105639354147995,0.172,0.118,1
SUSD1,0.051077514605803724,0.7095966574430042,0.344,0.251,1
ZNF512,0.08985113463720698,0.709369156844742,0.203,0.129,1
RBM12,0.2136901578808342,0.709369156844742,0.188,0.136,1
RAB8B,3.0078717309557244e-4,0.7090922480068692,0.516,0.296,1
CPT2,0.24894442259089683,0.7083079614744316,0.109,0.071,1
WASHC4,5.418535085872762e-4,0.7081551417040552,0.75,0.594,1
EPRS,0.03573320992412844,0.7080262126128998,0.312,0.207,1
CHMP4A,0.15300809773734345,0.7076640449090048,0.156,0.101,1
WDR19,0.27209921536441284,0.7076640449090048,0.141,0.101,1
RBM28,0.017474745302025738,0.7073591320808827,0.25,0.14,1
C5orf15,0.07285198135794886,0.7073591320808827,0.219,0.14,1
CHD7,0.012298540628789927,0.7068059363091997,0.406,0.28,1
ARPC1B,3.4875201403831925e-4,0.7067590232113697,0.516,0.307,1
ENOPH1,0.027580718823054403,0.7065057188404462,0.203,0.111,1
ZNF264,0.09263939680954572,0.7065057188404462,0.188,0.118,1
ARFGAP2,0.22932349419148354,0.7065057188404462,0.125,0.082,1
NR1D2,0.17080580022766134,0.706505718840446,0.219,0.158,1
PSMG2,0.1277808989320553,0.7058823898003372,0.25,0.183,1
HSD17B11,0.1493742144759903,0.7057340178106051,0.203,0.141,1
NIPSNAP2,0.06484085984475454,0.7054929458673775,0.297,0.205,1
ZNF394,0.3153137223781854,0.7050328294415706,0.125,0.089,1
AMN1,0.3231895233917341,0.7050328294415706,0.109,0.077,1
MAT2B,0.46927055350061647,0.7050328294415706,0.109,0.086,1
BUB3,0.04597801546965113,0.703806569239491,0.219,0.13,1
DNAJC16,0.3968409777816123,0.7032673447739015,0.219,0.186,1
GIPC1,0.07396681853165896,0.7027697779330015,0.172,0.101,1
TNFSF13B,0.038175945232554825,0.7018816923149984,0.172,0.092,1
ARNTL,0.07055743020515241,0.7018816923149984,0.172,0.101,1
NOL8,0.09822688028145382,0.7013571712981723,0.234,0.158,1
SDHD,0.009826097707133842,0.7011124600702279,0.219,0.109,1
HPF1,0.014738694960710787,0.7004397181410922,0.219,0.114,1
HADHA,0.022658218737417163,0.699736021659753,0.375,0.254,1
LPGAT1,0.001026625978703148,0.6988476322253655,0.391,0.209,1
TRMT13,0.4608880172844782,0.6984233725425877,0.188,0.159,1
DDX39B,0.027005896569484704,0.6981134155017801,0.469,0.333,1
RANBP1,0.1535267450649471,0.6976908541004025,0.125,0.076,1
DHRS3,0.049785089707867033,0.697372483793276,0.219,0.134,1
CCDC50,0.001404611658866311,0.6968642639172647,0.516,0.338,1
ELOC,0.25265130260271257,0.6968123226366021,0.219,0.172,1
KLHDC4,0.41299275287407167,0.6961224230263139,0.141,0.109,1
S100A10,0.022692365545593413,0.6958611835433203,0.328,0.208,1
HNRNPAB,0.0037223323048219065,0.695739287971376,0.312,0.169,1
DCAF7,0.1420783563826893,0.6949733229728211,0.297,0.232,1
MYO1E,3.029585218690712e-4,0.6942339754710811,0.688,0.526,1
ZER1,0.02245489472938073,0.6942077644295774,0.25,0.145,1
SAP18,0.011375996666974274,0.6937294965515397,0.281,0.158,1
SLC11A2,5.976853345017275e-4,0.6936611855100302,0.484,0.274,1
TGFBI,0.010777784894009618,0.6935121544638887,0.344,0.205,1
CCT5,0.011902800702037175,0.6931524877685455,0.312,0.184,1
ANKAR,0.016341283560570765,0.6903860534771695,0.297,0.181,1
SLC35C2,0.6780910360926138,0.6903860534771695,0.125,0.111,1
VASP,0.003483392581417133,0.6903860534771693,0.25,0.12,1
NDUFB4,0.18697757468283166,0.6903860534771693,0.172,0.12,1
DRAM1,7.897069681807543e-4,0.6903860534771691,0.328,0.162,1
ATP5MF,0.013347613736657356,0.6903860534771691,0.234,0.124,1
SELENOK,0.05343353800485786,0.6903860534771691,0.141,0.073,1
POLR2F,0.13087772658100502,0.6903860534771691,0.141,0.085,1
OAZ2,0.1680746099516206,0.6903860534771691,0.172,0.115,1
RBM18,0.16945607347684827,0.6903860534771691,0.125,0.077,1
ARHGAP19,0.23979458033305703,0.6903860534771691,0.109,0.07,1
PSMA6,0.08430932820016332,0.6881613883626554,0.328,0.234,1
SRPX,0.5095098886506968,0.6881613883626554,0.156,0.132,1
NONO,0.015382591239474505,0.6876249138001123,0.312,0.192,1
IKBKB,0.013020225423183736,0.687420595000608,0.312,0.188,1
PRORP,0.0034812118109724785,0.6870503409139129,0.438,0.275,1
GMDS-DT,0.0020791325554303016,0.6867057069892205,0.562,0.388,1
TAF7,0.19161501758436555,0.6856790507996415,0.172,0.12,1
ANKRD44,5.185196278056371e-4,0.6834930874697861,0.438,0.236,1
ARSD,0.1591051904284682,0.6831180530131302,0.141,0.088,1
C11orf65,0.24164061457011404,0.6831180530131302,0.125,0.084,1
CCDC92,0.027396581262930535,0.6828915169302447,0.281,0.175,1
ALG2,0.257930830680755,0.6815079021307162,0.109,0.072,1
ATP5F1A,0.012238937812063892,0.6806446589989693,0.375,0.245,1
DDX52,0.1447392131499868,0.6804019649045472,0.234,0.17,1
DNAL1,0.17463923332786443,0.6804019649045472,0.109,0.065,1
RIPK2,0.08629989671586703,0.6799694375318308,0.219,0.145,1
NANS,0.05413130287676699,0.6797388092776608,0.188,0.108,1
SLC35E1,0.11846685786422878,0.6797388092776608,0.172,0.11,1
SLC9A3R1,0.09073186721987375,0.6789812902049199,0.172,0.104,1
WDR41,0.1658165844916812,0.6765138788956115,0.219,0.157,1
ERCC6L2,0.010985609832445849,0.6760307605000991,0.438,0.301,1
TAF8,0.22339877375757292,0.6758864837820542,0.141,0.095,1
DYNC2H1,0.0019399153231403597,0.6758864837820541,0.422,0.235,1
FAM198B-AS1,0.012091422001688223,0.6754357120111978,0.203,0.101,1
TNIP1,0.5699494992038112,0.6754357120111978,0.141,0.122,1
NDUFAF2,0.0031082397722545264,0.6751996496624932,0.406,0.235,1
PELI2,0.22475658436020718,0.675199649662493,0.125,0.082,1
ATP11C,0.09397361690752455,0.6749560129075634,0.25,0.172,1
GNG11,0.010981189830855291,0.6744445096081475,0.141,0.059,1
TIMM44,0.08755729210938351,0.6744445096081475,0.141,0.079,1
MRPS15,0.37085567189365964,0.6744445096081475,0.109,0.079,1
TENT2,7.041245524474853e-5,0.674203101507483,0.891,0.812,1
GALNT1,4.579801476698778e-5,0.6741509507423695,0.797,0.605,1
NFKBIZ,0.07585311682427778,0.6741209991143852,0.328,0.234,1
TPM4,1.6068445168609683e-4,0.6738784138422462,0.766,0.598,1
ACER3,0.0053619673444873376,0.6736618186675404,0.688,0.558,1
ZFAND5,8.862371296547781e-4,0.6726840517437104,0.5,0.307,1
MAP3K11,0.13859597083663058,0.67268405174371,0.125,0.074,1
MYO9B,0.002555398951547849,0.6722842471018585,0.5,0.334,1
CASK,0.008500357445656546,0.6720075241623147,0.453,0.308,1
NDUFB11,0.028534111462029665,0.6716494908955835,0.203,0.11,1
ALG9,0.1947252017929982,0.6716494908955835,0.188,0.131,1
MARF1,0.03655238376770654,0.6714278957732849,0.25,0.153,1
QKI,0.0019515793042452192,0.6712154655951696,0.906,0.915,1
ITGBL1,0.11936487275155849,0.6704864960394644,0.25,0.175,1
ATP6V1E1,0.028383726394529372,0.6704864960394643,0.297,0.186,1
GAA,0.01871850227664865,0.6704864960394641,0.219,0.117,1
RIT1,0.09923990280238316,0.6704864960394641,0.156,0.093,1
AP000442.1,0.1671831814412866,0.6704864960394641,0.109,0.065,1
ARHGEF11,0.027581750835831025,0.6693682722080863,0.422,0.318,1
DCLK2,0.022016598793964122,0.6691695675674736,0.156,0.075,1
ZNF496,0.43033281323616135,0.6691695675674736,0.141,0.114,1
ALOX12-AS1,0.1061600403110618,0.6686909823778504,0.141,0.082,1
ITPKC,0.28818128765128953,0.6686909823778504,0.125,0.087,1
AGK,0.08064272087369508,0.6681168896361365,0.25,0.171,1
NRBF2,0.06448239653070731,0.6676659769770859,0.188,0.11,1
LINC00910,0.5255867205560073,0.6676659769770859,0.125,0.102,1
RNF138,0.06517415593088265,0.6671964261052796,0.25,0.165,1
GGA2,0.014359659169274721,0.6665393115228015,0.328,0.205,1
BCAP31,0.26872153920885516,0.6665393115228013,0.188,0.144,1
NPEPL1,0.13314186014950513,0.6665393115228011,0.141,0.085,1
KCNK6,0.1529320288527286,0.6665393115228011,0.125,0.075,1
RNFT1,0.24478744229669339,0.6665393115228011,0.125,0.083,1
FAM76A,0.22034398562947707,0.6639138421159783,0.141,0.095,1
FRRS1,0.26336397188341876,0.6639138421159783,0.203,0.154,1
ANKRD40,0.1396770346795867,0.6639138421159778,0.125,0.074,1
MT2A,0.13213825360059683,0.6627738222693094,0.172,0.111,1
KMT2A,0.004623963159457863,0.6625518452804435,0.562,0.407,1
PFKP,0.06431090052264253,0.6620414277832078,0.141,0.076,1
RAB22A,0.009897272686463426,0.6620414277832076,0.328,0.194,1
ATP6V0E1,0.010986553519249124,0.6620414277832076,0.328,0.195,1
NOTCH2,8.756069619995635e-4,0.6613938501374627,0.453,0.253,1
RARB,0.49370770750082016,0.6613300201930861,0.203,0.178,1
FAM102B,0.015184476064438599,0.6610022466960748,0.297,0.172,1
RAB3GAP2,0.0024871701832145455,0.6607378473476048,0.672,0.549,1
AC046134.2,0.02410986716570686,0.6603003272878778,0.297,0.183,1
GPI,0.005555413014874463,0.658677193749831,0.312,0.172,1
STAM,0.004534566879358188,0.6582534325363602,0.375,0.226,1
CCDC18,0.6037533716281416,0.658096515520664,0.172,0.154,1
MKNK2,0.03428911173631231,0.6579645757847916,0.25,0.15,1
CARS,0.18489430248014072,0.6577550492372024,0.188,0.131,1
TTC14,0.012770286871150163,0.6558653133424323,0.406,0.263,1
RAP2A,0.0046531656111735206,0.6557399106702779,0.328,0.182,1
RARRES2,0.3705226271075543,0.6551966250148691,0.125,0.092,1
POLL,0.161097742303639,0.6551966250148689,0.125,0.076,1
TIGAR,0.06970335580256982,0.6547621437464477,0.219,0.137,1
TIMM9,0.6292360911090292,0.6544067563716025,0.109,0.093,1
SCD,0.11628922919450549,0.6538601774520552,0.141,0.083,1
MAMDC2,0.055758210131156005,0.653153147278194,0.141,0.076,1
PLCB4,0.009841751603412281,0.6527156355111141,0.203,0.101,1
CSNK1G3,0.028397510022447895,0.6525539799514304,0.375,0.261,1
RMDN1,0.018028743371505264,0.650857689290532,0.312,0.19,1
CMTR2,0.142799325804558,0.650857689290532,0.172,0.112,1
EFTUD2,0.11044054705015316,0.6508576892905318,0.219,0.147,1
RNF24,0.09025502825229523,0.6508576892905316,0.125,0.068,1
PRMT1,0.14751871486579263,0.6508576892905316,0.156,0.1,1
TM9SF1,0.18350193941870935,0.6508576892905316,0.109,0.066,1
SPATA7,0.27582523873206627,0.6508576892905316,0.125,0.087,1
TNXB,0.32468739407586455,0.6508576892905316,0.109,0.076,1
RABL3,0.48348766082876893,0.6508576892905316,0.125,0.1,1
PTDSS2,0.48874517679788615,0.6508576892905316,0.109,0.086,1
WDFY2,0.012816259711938578,0.6489286944304924,0.594,0.448,1
AC020916.1,0.019875605940344713,0.6488069497257698,0.234,0.129,1
AC073475.1,0.1860856793235811,0.6478614368306124,0.109,0.067,1
C5orf56,0.28884187291416347,0.6478614368306124,0.141,0.1,1
DCTN5,0.04135236735745167,0.6473173315852834,0.266,0.167,1
STK10,0.002344672073474106,0.6471489596365725,0.406,0.232,1
AC005699.1,0.014129334730753063,0.6468296874904296,0.203,0.103,1
ZNF106,0.0010450900188410893,0.6466860380728738,0.5,0.311,1
PRKCSH,0.009213897216817443,0.6465317638877417,0.25,0.13,1
SYTL4,0.12399005809518138,0.6465317638877415,0.109,0.061,1
ZNF22,0.1878553476722077,0.6465317638877415,0.109,0.066,1
CDC34,0.24604900688768844,0.6465317638877415,0.109,0.07,1
TRAF3IP1,0.4700364172800783,0.6459919341187157,0.156,0.128,1
GRB2,0.002060944214823491,0.6456477387118849,0.656,0.535,1
METTL14,0.2693889696069065,0.6447141950918869,0.188,0.143,1
SELENOT,0.010346856394561156,0.6445823638640444,0.344,0.205,1
H2AFY,2.0005427189477345e-4,0.6445056920578516,0.734,0.534,1
YPEL5,0.13289037480897475,0.6441505872945483,0.281,0.202,1
RNF144B,0.002848707357338789,0.6436550031321782,0.297,0.153,1
ARPP19,0.0394102041539047,0.6436550031321782,0.297,0.194,1
ZDHHC6,0.05157633377908781,0.6430803386988129,0.203,0.119,1
VPS45,0.021784549470591108,0.6430803386988125,0.375,0.255,1
TMA7,0.019506017009379394,0.6430803386988124,0.297,0.178,1
DNAJB1,0.10033520965962049,0.6430803386988124,0.141,0.081,1
RPF1,0.41837054938822443,0.6430803386988124,0.109,0.082,1
BICC1,8.955149045931802e-4,0.6427394372225361,0.438,0.246,1
DPYSL2,0.059123037294948486,0.6422187710166594,0.312,0.218,1
POLK,0.01910294511554838,0.6420798566608743,0.484,0.364,1
COPS6,0.18972856019119516,0.6418875357859792,0.156,0.105,1
SREBF1,0.20766492296326788,0.6418875357859792,0.156,0.107,1
CIR1,0.003200617201554112,0.6413577175498048,0.453,0.279,1
IER3IP1,0.06008209697792372,0.6411425344573201,0.203,0.12,1
CCDC97,0.20493941733387874,0.6411425344573201,0.109,0.067,1
GTF2IRD1,0.322020397388843,0.6411425344573201,0.156,0.117,1
AP003086.1,0.010351485524931864,0.64114253445732,0.406,0.266,1
PTGDS,0.9735407608310805,0.6409526936726672,0.125,0.13,1
PGK1,0.008507287831609476,0.6404971776848101,0.328,0.194,1
CTSO,0.14599043655145708,0.640262574051333,0.141,0.087,1
DSN1,0.3681195049263725,0.640262574051333,0.125,0.093,1
SLC39A6,0.46214044649751573,0.640262574051333,0.109,0.084,1
MFAP4,0.10008256110647579,0.6397599804072014,0.172,0.107,1
USP1,0.11842690468876373,0.6397599804072014,0.172,0.108,1
FAM227B,0.12237028050770311,0.6397599804072014,0.156,0.097,1
PRDX1,0.004184813314984454,0.6390901277934776,0.453,0.283,1
PXK,0.05845294217492123,0.638547121957551,0.328,0.23,1
OTUD6B,0.46438008592584373,0.637918633583034,0.125,0.1,1
CTDNEP1,0.009865280568054611,0.6379186335830336,0.219,0.108,1
CDC37,0.02264277505757711,0.6379186335830336,0.266,0.152,1
FBXO10,0.23601676149593037,0.6379186335830336,0.109,0.07,1
NADK,0.0837656936133002,0.6359382694547926,0.172,0.103,1
AGTPBP1,0.08198819573773082,0.6356801613870342,0.422,0.334,1
DDX3X,8.138597128073708e-5,0.6347019208994908,0.625,0.393,1
SNRK,2.0645249360402745e-4,0.6346435015501727,0.5,0.286,1
ABCD4,0.24063781540824028,0.6342429754396357,0.172,0.122,1
BICD2,0.4412395166310225,0.6342429754396357,0.141,0.113,1
ATP6V1G1,4.788109599011995e-4,0.6321130119018279,0.375,0.186,1
NUF2,0.5239308057811559,0.6303612824049518,0.125,0.103,1
GNB2,0.027634510054801276,0.6300134354976872,0.188,0.098,1
UQCR10,0.016463314903905884,0.6293566200796097,0.219,0.115,1
STUB1,0.3107697837336095,0.6293566200796095,0.109,0.075,1
RNF41,0.33418959190074954,0.6293566200796095,0.109,0.076,1
PHF20L1,0.03626713250187361,0.628929850355779,0.469,0.373,1
DHX40,0.08451264067879678,0.6287469876847833,0.188,0.115,1
ZHX3,0.1997280534526048,0.6281796303827649,0.234,0.169,1
FOSB,0.21197574987772644,0.6279345450104116,0.344,0.276,1
DECR1,0.2128907200187931,0.6276502981292065,0.234,0.176,1
MAT2A,0.2346266438588743,0.6276502981292065,0.234,0.179,1
DSE,0.008779635270694858,0.6276502981292064,0.406,0.257,1
STX8,0.003944517902944306,0.6269196346337766,0.5,0.344,1
HDAC1,0.20178048307013202,0.6266913781597796,0.172,0.119,1
ZNF641,0.056223112614142735,0.6262557160574538,0.156,0.084,1
PTPN6,0.4660704335696437,0.6262557160574538,0.109,0.084,1
PET100,0.48534957773622495,0.6262557160574538,0.109,0.086,1
LRP11,0.19181689207988564,0.6250945932254499,0.141,0.092,1
PFDN1,0.08157680496382076,0.6245839950814229,0.266,0.184,1
TUBGCP3,0.06425053776756821,0.6239344041473325,0.312,0.215,1
USF3,0.30933254010072,0.6238184365381796,0.188,0.143,1
MTPAP,0.05274097930502958,0.6232718576186325,0.188,0.108,1
EFCAB13,0.0756002741337974,0.6232718576186322,0.281,0.193,1
RPS21,0.0014304039065988023,0.6232718576186321,0.469,0.269,1
MGAT1,0.0594707121709845,0.6228950272544971,0.281,0.188,1
PSMD13,0.23501443111427683,0.6227751473224918,0.219,0.166,1
SLC25A5,0.008809478578533656,0.6225434076961178,0.312,0.178,1
TRAPPC13,0.160990533697989,0.622321778532015,0.234,0.169,1
GLO1,0.046133317266075745,0.6219063155944027,0.297,0.199,1
CCT8,0.0948565575573972,0.6219063155944027,0.25,0.171,1
STRN4,0.26443971003907585,0.6219063155944027,0.109,0.072,1
AKAP7,0.09820237236944135,0.6215241953323649,0.234,0.157,1
WDR36,0.026450134397946516,0.6211715587458806,0.297,0.185,1
SH3BP5,3.2899988645550157e-4,0.6209820048051417,0.469,0.254,1
AKAP17A,0.15938823499251636,0.6208451202240923,0.203,0.141,1
SURF6,0.15160318385162885,0.6208451202240921,0.125,0.075,1
ESF1,0.032434872278464345,0.6206157751729949,0.359,0.249,1
STK11,0.24859695256142098,0.619996725585771,0.125,0.083,1
GLOD4,0.20422482252522978,0.6193029554156868,0.141,0.093,1
DIP2B,9.57791028655285e-4,0.6185953704091589,0.844,0.778,1
TMX4,0.021177392930024852,0.617817427526524,0.203,0.105,1
GSAP,0.13876979476697207,0.617817427526524,0.156,0.098,1
CHURC1,0.007233039159708504,0.6176297110418552,0.344,0.198,1
SNRNP200,0.017448491812504456,0.6172906721963045,0.344,0.216,1
BTD,0.10076182094296844,0.617137071446531,0.188,0.118,1
TMBIM6,4.970946310575674e-4,0.6169238915361479,0.547,0.345,1
LETMD1,0.2962652733009928,0.6163854720333923,0.203,0.156,1
AAGAB,0.05670283110986064,0.6160038571545932,0.25,0.16,1
DSTYK,0.07060482012544131,0.6160038571545932,0.234,0.149,1
UNC13B,0.11161542105124989,0.6156886861995681,0.234,0.159,1
WDR45B,0.05912545281360375,0.6154239957959471,0.281,0.189,1
SSX2IP,0.06694899036995065,0.6123835414758962,0.188,0.111,1
COPZ2,0.10364594859778706,0.612383541475896,0.109,0.058,1
ARMC9,0.12865984688008994,0.612383541475896,0.219,0.151,1
C1orf159,0.15114426111738621,0.612383541475896,0.156,0.1,1
SYNJ2BP,0.16470922172071006,0.612383541475896,0.125,0.076,1
WFS1,0.16501233133927742,0.612383541475896,0.109,0.064,1
RNF20,0.20559781786870307,0.612383541475896,0.109,0.067,1
WDR92,0.33573791133750724,0.612383541475896,0.125,0.089,1
AAMDC,0.018946528124683438,0.6123835414758958,0.219,0.117,1
UBE2W,2.553441885197406e-4,0.6116167622705544,0.734,0.534,1
DEK,2.9881756435102093e-4,0.6112335254398006,0.578,0.345,1
RPL36,4.877480158271676e-4,0.6112158400435616,0.516,0.3,1
FAR2,0.019158664479543234,0.6099750350051745,0.359,0.231,1
LMAN2,0.022693121280753608,0.6090859513753208,0.266,0.157,1
APMAP,0.10378483180787176,0.6090859513753208,0.25,0.173,1
CTBP1,0.2127764355367712,0.6083926812798619,0.203,0.148,1
ACAD9,0.10862572049614105,0.6081712901889815,0.219,0.146,1
SLIT3,0.28696108199930515,0.6081712901889815,0.203,0.16,1
SGK1,0.00877746993300068,0.6079238932851962,0.219,0.108,1
RRP7A,0.05421333082897342,0.6073303137496109,0.203,0.119,1
RSPO2,0.4913185370489393,0.6055996964956168,0.141,0.112,1
COX6A1,0.0012073531850216998,0.6054971558906561,0.375,0.195,1
LINC01572,0.13912104314540089,0.6049341529407254,0.312,0.23,1
BNC2,0.001751910423681079,0.6049341529407251,0.734,0.599,1
MED23,0.10000701215254656,0.604616658432206,0.344,0.265,1
REPS2,0.03505327249947256,0.603477988254004,0.156,0.081,1
HTT,0.029240919671208006,0.6031780828291867,0.531,0.452,1
SEPTIN10,0.018265824387209997,0.6029232122268298,0.344,0.216,1
TGIF1,0.02346907088861431,0.6029232122268295,0.281,0.167,1
ATP5IF1,0.04653270806082512,0.6029232122268295,0.266,0.166,1
TFAM,0.2945472092432895,0.6022947238523124,0.156,0.116,1
SMC4,0.3048500296817699,0.6019990593280908,0.297,0.239,1
SREK1IP1,0.013653531548360139,0.6019480888095854,0.328,0.198,1
SPTLC2,0.010679787813420195,0.6018758836575027,0.359,0.221,1
AKR1B1,0.006834214405010768,0.6013525043516034,0.422,0.266,1
RAPH1,7.399877893957574e-4,0.6011187153800819,0.672,0.485,1
MAGI2-AS3,0.06595282796133829,0.601038567881887,0.203,0.124,1
ACP1,0.0939472519199841,0.6004439281643708,0.234,0.154,1
CTR9,0.13214841737823496,0.6004439281643708,0.219,0.15,1
TCF12,1.27724229589219e-4,0.6002912022248772,0.953,0.938,1
RILPL1,0.1054399099154129,0.6001226033089152,0.328,0.242,1
UBA52,1.629244214821298e-4,0.5999707582549508,0.547,0.301,1
PSMB3,0.07228628411403581,0.5997835046962627,0.203,0.123,1
MED24,0.3015575872134333,0.5997835046962625,0.141,0.101,1
LMNB2,0.42299739333020453,0.5997835046962625,0.125,0.095,1
IRF2,0.038761127870386033,0.5993509773235464,0.312,0.205,1
TRAPPC8,0.05203656167547691,0.5987258657227575,0.578,0.51,1
NUP42,0.1924372793594073,0.5986434848495938,0.234,0.176,1
FNIP1,8.179720603393341e-5,0.5985136663122553,0.844,0.709,1
DRAM2,3.5088051422830515e-4,0.5980892061563868,0.453,0.235,1
DLEU2,2.3011189464138275e-4,0.5972766490856878,0.703,0.538,1
MAN2C1,0.2076594340399517,0.5972766490856878,0.141,0.093,1
UBN1,0.22629437996373827,0.5972766490856878,0.234,0.18,1
ABHD16A,0.251057754489355,0.5972766490856878,0.125,0.083,1
TSHZ2,0.5991104530404188,0.5965778382021341,0.109,0.138,1
COG7,0.14385278225234913,0.5964859145956873,0.219,0.152,1
GOLIM4,0.00954198625193293,0.5962036144204617,0.312,0.178,1
UCKL1,0.41674346848145166,0.5962036144204617,0.156,0.122,1
TM7SF3,0.035348982156619656,0.5952288204368292,0.266,0.163,1
DLEU1,6.57770068998008e-4,0.5945575934243911,0.641,0.457,1
UBE2O,0.3603442638394404,0.5942741609241642,0.219,0.179,1
CERT1,0.0014574676382278077,0.5937029662058689,0.672,0.535,1
TAOK3,0.0012345429591367676,0.5935245142245803,0.703,0.534,1
KIAA1841,0.018654016592458286,0.5935245142245802,0.219,0.116,1
FBXL12,0.19325245060218663,0.5935245142245802,0.109,0.066,1
MYDGF,0.180522786458991,0.5929202440415517,0.25,0.182,1
PTPRG,4.3641219673384537e-4,0.5928095654806316,0.875,0.793,1
NFE2L2,0.0015906763406245937,0.5927547347269635,0.594,0.413,1
SSR2,0.09849936658348116,0.5927101224214761,0.234,0.157,1
STARD7,0.005455333523412403,0.5918222189935798,0.297,0.158,1
PTH2R,0.1805965851679711,0.5918222189935798,0.109,0.066,1
TXNL4A,0.19162754342540933,0.5918222189935798,0.234,0.173,1
TXNDC5,0.10933942313193802,0.591444203783533,0.203,0.132,1
ITSN2,6.728360328666699e-4,0.5911843757700637,0.562,0.354,1
HACD2,0.13830691277729976,0.5908503799262548,0.266,0.195,1
KIRREL1,0.012482537077394754,0.5906129188046768,0.375,0.219,1
EIF4G3,2.2462641298489375e-4,0.5904942028991675,0.859,0.709,1
CYP51A1,0.09934041546672558,0.5904051723804011,0.234,0.155,1
MCFD2,0.2591867016675362,0.5904051723804011,0.219,0.167,1
DGKH,7.680999715323606e-5,0.5901655021346657,0.531,0.276,1
GLT8D1,0.42184716679101425,0.5897821125387632,0.109,0.082,1
PITPNC1,0.009778519787252714,0.5894571446263883,0.344,0.2,1
MYO1C,0.06329373830405641,0.5892072191098019,0.281,0.185,1
DNAJC25,0.10728901333062082,0.5892072191098019,0.172,0.106,1
AC131571.1,0.5680164770418972,0.5892072191098019,0.125,0.103,1
PRKAG1,0.6421146783865035,0.5892072191098019,0.125,0.109,1
AC018362.1,0.35201649572590116,0.5888480270151071,0.172,0.133,1
C16orf72,0.36527249453187627,0.5886023155198543,0.188,0.151,1
SEPTIN7,4.5546085796648706e-4,0.5884020211869379,0.844,0.673,1
POGZ,0.014701450657062314,0.5876812699431119,0.531,0.386,1
HIST1H2BC,0.1617943706536601,0.5872925605130659,0.156,0.102,1
SLC39A7,0.6762310664288386,0.5872925605130659,0.109,0.097,1
CCNG2,0.09057824650512424,0.5872925605130657,0.297,0.211,1
SNRPB,0.004681925918254075,0.5872925605130654,0.281,0.144,1
MTCH2,0.03955767376430516,0.5872925605130654,0.266,0.162,1
KLHL9,0.2656787183841768,0.5872925605130654,0.141,0.098,1
SLC25A26,0.08777973144334306,0.5860493936624335,0.344,0.263,1
ZDHHC13,0.11556331000947564,0.5858301224345792,0.203,0.133,1
BANF1,0.09448496767380475,0.5855169356232142,0.172,0.103,1
PIK3R2,0.19198484063235757,0.5841866496452441,0.109,0.066,1
PICALM,0.0019731359844935067,0.5840031290095762,0.922,0.892,1
S100PBP,0.12649943097397418,0.5838657298261274,0.297,0.218,1
RMDN2,0.13546404779714774,0.5834708495606575,0.156,0.098,1
ATXN3,0.11285753287824361,0.5834708495606573,0.266,0.188,1
PSMD7,0.018492569282609474,0.5829731110561898,0.297,0.176,1
DEAF1,0.44323998504500955,0.5823263076197165,0.156,0.126,1
AC053513.1,0.12929143072264934,0.5823263076197163,0.219,0.148,1
EIF3F,0.02850603034834355,0.5814516819240053,0.328,0.21,1
TECPR1,0.1339635288589964,0.5810874109863575,0.156,0.097,1
AC018462.1,0.5200834737812803,0.5810874109863575,0.125,0.101,1
ANK2,7.85749555624861e-5,0.5809949986594586,0.391,0.179,1
CKAP2,0.06248420063635837,0.5807615623026707,0.203,0.122,1
DPY19L3,0.13139701988084324,0.5802031357267464,0.312,0.242,1
GANC,0.09226655962697652,0.5802031357267463,0.172,0.104,1
NBPF15,0.18440436757237263,0.5802031357267463,0.234,0.173,1
GABARAPL2,0.19524831486976477,0.5802031357267463,0.156,0.105,1
SEPSECS,0.21773976673523782,0.5802031357267463,0.156,0.108,1
PRRC2A,0.14599551892278087,0.5795402847888789,0.188,0.125,1
ZSCAN18,0.4030201197287166,0.5790249445294648,0.109,0.08,1
AL078459.1,0.05360437641879251,0.578275687155632,0.125,0.063,1
ABCB7,0.11459993014973897,0.577553557312797,0.297,0.218,1
ARMC10,0.04045330432755726,0.5770864893626031,0.234,0.138,1
CYP20A1,0.0487550605753501,0.5767596317451745,0.375,0.268,1
SF1,0.0717685617862085,0.5759972518318971,0.562,0.469,1
HS3ST3A1,0.056566118485149454,0.574908836057233,0.109,0.053,1
COX19,0.3376616991192077,0.574908836057233,0.141,0.103,1
FEM1C,0.3697001036912799,0.574908836057233,0.141,0.105,1
NUCKS1,6.894884450801203e-5,0.5743309489912694,0.781,0.574,1
PKNOX2,0.6948878865423976,0.5736338072151714,0.141,0.131,1
YWHAH,0.04209052350180161,0.5729631917422637,0.219,0.126,1
PACS2,0.16687668961371083,0.5729631917422637,0.219,0.155,1
NDUFAF5,0.26746470125784877,0.5724447961057524,0.172,0.126,1
OSBPL8,0.01720713088840325,0.5721138173446689,0.656,0.602,1
TLE3,0.08144917699489242,0.5718294431252611,0.25,0.166,1
ATP5F1B,0.004046208203909219,0.5717415569785501,0.375,0.214,1
SYNRG,0.056554750792558534,0.5716957054620471,0.406,0.318,1
PRPF6,0.3019346559171862,0.5715498239673185,0.219,0.173,1
WBP1L,0.028691803763372787,0.5712143524994916,0.391,0.268,1
CEP95,0.14606197421350725,0.5710871251048251,0.281,0.214,1
CAPZA2,0.014001615414814697,0.5710491489524414,0.5,0.374,1
RAB10,0.009552631510901102,0.5709399338542878,0.703,0.651,1
HSPA8,0.01142206419140313,0.5706468092030739,0.406,0.261,1
CLN5,0.046754680425136926,0.5702922079868631,0.203,0.118,1
SMNDC1,0.05364133266615196,0.5702922079868631,0.219,0.131,1
EPS15L1,0.2874147740653741,0.5702922079868631,0.297,0.247,1
YBX3,0.11309858565069904,0.5701740269471994,0.328,0.252,1
ZCRB1,0.688849061562003,0.5696338940165591,0.125,0.109,1
TMX1,0.456926149767426,0.5690797572550357,0.188,0.155,1
PIP4P2,0.10619023475065845,0.568756609075638,0.25,0.171,1
TEP1,0.1957556192300716,0.568756609075638,0.156,0.104,1
PIM1,0.20517782346026806,0.568756609075638,0.125,0.08,1
GTSE1,0.21270290985543236,0.568756609075638,0.109,0.068,1
RPP38,0.5361473174744658,0.568756609075638,0.125,0.101,1
NDUFC2,0.031483386278794476,0.5683955290985587,0.219,0.122,1
TENT4B,0.0767111732288222,0.5678798572766162,0.359,0.267,1
SUB1,0.11164220370342731,0.5678798572766162,0.375,0.284,1
STOX2,0.41582692886788514,0.5675293056916358,0.203,0.174,1
POGK,0.3339642888480637,0.5675293056916355,0.125,0.089,1
MTFMT,0.23901225180888708,0.5663973362017156,0.156,0.109,1
SNX29,0.0019922417086377575,0.5663520758907872,0.719,0.58,1
PRR5,0.013564653216702747,0.5661279505150234,0.281,0.155,1
ANXA5,0.015210540950846348,0.5658636964542262,0.656,0.547,1
ARL1,0.045996032711097035,0.5656903060278546,0.219,0.128,1
GTPBP2,0.21528456558477269,0.5656903060278546,0.109,0.068,1
CD2BP2,0.22242843582327462,0.5656903060278546,0.109,0.068,1
MLXIP,0.02573694478821438,0.5656903060278544,0.281,0.169,1
TOX,0.02619231898607798,0.5654766209143942,0.25,0.146,1
PSMB6,0.048402675767435434,0.5648551713933103,0.234,0.14,1
SLC25A39,0.07739670607746045,0.5648551713933103,0.141,0.077,1
SRGAP2B,0.044664815893818856,0.5646696515523952,0.344,0.231,1
AC005670.3,0.08286951284800857,0.564588030379513,0.281,0.191,1
PHF6,0.08537919380161138,0.5640696036957686,0.219,0.138,1
PIGK,0.23842145097534628,0.5640696036957686,0.172,0.124,1
RTCA,0.10473447947810965,0.5638536475482374,0.234,0.156,1
DPY19L4,0.2857629978938907,0.5636940485613067,0.234,0.188,1
EIF4A2,0.0037499527227400826,0.5630249546861449,0.562,0.384,1
ARPC5L,0.15948836556696872,0.5626305062787966,0.156,0.1,1
ACOT9,0.27670021762114316,0.5626305062787966,0.141,0.099,1
DPP9,0.47825570849366433,0.5626305062787966,0.156,0.129,1
CUTC,0.6302315092080909,0.5626305062787966,0.125,0.108,1
UQCC2,0.3487323705728329,0.5626305062787962,0.109,0.077,1
ZWILCH,0.35823660537670143,0.5626305062787962,0.109,0.077,1
RPL36A,0.003271952117616531,0.5616527393549665,0.594,0.417,1
TLE4,0.00575119414004081,0.5615997468283432,0.781,0.629,1
RSL1D1,0.08508742207594287,0.561519458830054,0.234,0.153,1
EEF1D,0.046451980994653363,0.5611030365322027,0.406,0.297,1
YIPF5,0.1490641755340663,0.5611030365322027,0.188,0.126,1
TTC33,0.7889847926139995,0.5607507730605739,0.109,0.103,1
DAAM1,0.0017983998035538014,0.5602755658809614,0.609,0.438,1
ATP5PB,0.08513344612201408,0.5601873303504676,0.234,0.154,1
FADS1,0.12203862055274756,0.5601873303504676,0.188,0.122,1
IKBIP,0.15354999062279343,0.5597566108246863,0.188,0.127,1
GSTK1,0.6478521164860643,0.5597566108246863,0.156,0.143,1
KDM3A,0.09907186250132878,0.5595771823012423,0.25,0.172,1
GNS,0.027264150680448535,0.5594787954876275,0.328,0.212,1
BCAP29,0.03782966799535918,0.5594166599043161,0.375,0.259,1
KNL1,0.9283789717557982,0.5587234083162946,0.125,0.124,1
NDUFS1,0.029150832881857533,0.5584743779715884,0.438,0.313,1
BST2,0.2683097837350001,0.5581914411122995,0.109,0.072,1
ZBTB11,0.01471922945093134,0.5579357574535198,0.328,0.193,1
SSR1,0.022548293129994165,0.5579357574535198,0.312,0.19,1
MTMR9,0.38780321709718774,0.5574917829798236,0.188,0.151,1
OAZ1,7.165378963689876e-5,0.5572609702378087,0.516,0.263,1
ALG13,0.009249394744634406,0.5565303067423786,0.5,0.331,1
NKAPD1,0.2238190539057175,0.5565303067423786,0.109,0.068,1
EDEM2,0.22922005582512536,0.5565303067423786,0.188,0.134,1
ZNF253,0.7106000821401292,0.5565303067423786,0.141,0.129,1
ELK3,0.037900188969129577,0.5548710828206884,0.234,0.14,1
TTC39C,0.02199036600085799,0.5545026253953964,0.203,0.108,1
HMGA1P4,0.32192196991489086,0.5545026253953962,0.109,0.075,1
CRY2,0.44985181298741833,0.5545026253953962,0.109,0.083,1
NMRK1,0.41703163536020266,0.5542493654911405,0.25,0.218,1
CLEC2D,0.3262761182333323,0.5540645822643887,0.297,0.258,1
ZNF24,0.20035713370069025,0.5536497166854295,0.203,0.147,1
TNFRSF10B,0.11984874446824993,0.552882529727234,0.141,0.083,1
AHCY,0.17431421480848922,0.552882529727234,0.141,0.089,1
PLOD1,0.29692595702179314,0.552882529727234,0.125,0.087,1
COX6C,0.001120968503783091,0.55259681925182,0.469,0.271,1
SMG5,0.2205010229191866,0.5511691149879623,0.188,0.135,1
PSMA7,0.011371575837700432,0.5510620941028656,0.375,0.235,1
CDC40,0.023110913394169246,0.5509829968117528,0.297,0.179,1
IRAK4,0.5327133442290884,0.5509829968117528,0.203,0.181,1
GOLGA7,0.079668519912036,0.550455792332694,0.172,0.1,1
KIAA1109,0.0014452035692258105,0.5502467818229642,0.781,0.628,1
SELENOI,0.19770574246378694,0.549817855094403,0.312,0.251,1
XPO4,0.07380151206680638,0.5493125201903785,0.422,0.334,1
SRP72,0.018641422110703132,0.5487249042535782,0.422,0.287,1
VDAC2,0.22636748017522143,0.5487249042535782,0.219,0.161,1
HSPE1,0.08588444868551105,0.5477208246114553,0.266,0.18,1
EBNA1BP2,0.19708904809432626,0.547428099635126,0.109,0.066,1
MRPL24,0.2706407420988654,0.547428099635126,0.109,0.072,1
SNX17,0.20221810459451423,0.5464202790975374,0.125,0.079,1
GFM1,0.3342247212351005,0.5459961441419943,0.188,0.148,1
COMMD6,0.4461231988730948,0.5456145292631951,0.109,0.083,1
SACM1L,0.1205025401854144,0.5454377175660695,0.375,0.295,1
PPP2R1A,0.09341083072039826,0.545269345617359,0.234,0.157,1
HELQ,0.16469685400684395,0.5449556139556053,0.141,0.088,1
ARMCX3,0.17027134394912197,0.5449556139556053,0.141,0.089,1
SIRT2,0.30053390717906836,0.5449556139556053,0.141,0.1,1
RAB38,0.6739130359597932,0.5446692228795504,0.172,0.157,1
SERBP1,0.0030531491158179184,0.5444067476598891,0.516,0.328,1
AUP1,0.07566450709452781,0.5444067476598891,0.172,0.099,1
HSF2,0.16132819638164186,0.5444067476598891,0.156,0.1,1
NDUFB9,0.0367434529304463,0.5441653126261252,0.281,0.175,1
ANXA7,0.20521697389944626,0.5441653126261252,0.25,0.19,1
PNKP,0.41646090040001876,0.54394248537402,0.141,0.11,1
ANKS1A,0.016930874683179623,0.5438488707454172,0.656,0.575,1
SRGAP2,0.041265687611012285,0.543696759928587,0.5,0.387,1
TMTC3,0.1270170768184921,0.5435446651478981,0.281,0.201,1
TTN-AS1,0.026797728155276104,0.5434244155090797,0.422,0.29,1
CPM,0.026169447579767965,0.5433663675463749,0.375,0.253,1
NAPB,0.1907991695573568,0.5430443374019822,0.312,0.236,1
DCLRE1C,0.1580196376485909,0.5428984411546125,0.188,0.125,1
EFR3A,0.0038381863884444827,0.5424526243411661,0.609,0.445,1
ERCC5,0.3251544211413315,0.5423960225387428,0.188,0.146,1
OSTM1,0.02690209590722179,0.5419942135844982,0.266,0.155,1
PPCDC,0.35786242109371363,0.5419942135844982,0.188,0.147,1
PTS,0.17973267522531788,0.5416655440214209,0.234,0.172,1
CNPY2,0.8454809437779693,0.5415226675626863,0.172,0.17,1
FECH,0.05068633626599702,0.5383829600321195,0.172,0.097,1
LDB1,0.1501679088495227,0.5383829600321195,0.156,0.098,1
ATP5PF,0.19457895975417772,0.5383829600321195,0.172,0.117,1
SLC1A3,0.01759442679276062,0.5383829600321194,0.578,0.442,1
GSR,0.05052047403404509,0.5383829600321193,0.25,0.154,1
PSMA2,0.09795436307266785,0.5383829600321193,0.219,0.143,1
PPP1R2,0.1995036592398014,0.5383829600321193,0.203,0.146,1
LEPROTL1,0.01811214463396562,0.538382960032119,0.203,0.104,1
GALM,0.17919135946278372,0.538382960032119,0.156,0.103,1
BABAM1,0.20598187300841764,0.538382960032119,0.156,0.105,1
ZFP82,0.3954169246959737,0.538382960032119,0.109,0.08,1
RPL27,0.0012476606973230795,0.5356112107820655,0.484,0.271,1
DENND1B,0.0031751498383632525,0.5353804718705958,0.453,0.273,1
SLC25A3,0.06459907412374692,0.5353166569843357,0.375,0.277,1
RGS12,0.07192015783008146,0.5352500705471563,0.25,0.161,1
AP2S1,0.011982679546241303,0.5349520546318458,0.266,0.144,1
SGPL1,0.03573156592007601,0.5345913808697451,0.25,0.148,1
PLXNB2,0.018930266072818048,0.5341459671456483,0.25,0.138,1
NEK6,0.01534504045907185,0.5330495157290784,0.312,0.186,1
DNTTIP2,0.14956368865198902,0.5323842194106763,0.156,0.099,1
TMBIM4,0.14092510112164824,0.5310409846909512,0.422,0.327,1
ARSB,0.02056191736297453,0.5306056094404,0.344,0.218,1
PCCB,0.9806325748582011,0.5303901692785888,0.141,0.149,1
SLC25A53,0.3866407568995532,0.5303901692785886,0.109,0.079,1
CFLAR,0.050987559245491886,0.5301883937480655,0.609,0.485,1
HIST1H2AC,0.027501705697480706,0.5301624532271508,0.297,0.184,1
PPIP5K2,0.019710581937751617,0.5297180989049918,0.578,0.476,1
PIGT,0.20395204299581246,0.5293941768048644,0.109,0.067,1
SEC23A,0.17188586764972769,0.5274474823509638,0.359,0.306,1
ATP5MPL,0.09422363186564679,0.5270379864381101,0.219,0.141,1
RPS13,0.006144925800149101,0.527000691595581,0.594,0.428,1
HNRNPK,0.002989145059563787,0.526952379255715,0.656,0.504,1
WDFY3,4.7736550091174285e-4,0.526922444200485,0.938,0.897,1
CDC73,0.06374183873098613,0.5258558621559563,0.594,0.538,1
HDGFL2,0.10376170800889167,0.5253268072066728,0.156,0.093,1
ACADM,0.15076999738766048,0.5247080231350427,0.234,0.167,1
KRR1,0.3408736203332634,0.5247080231350427,0.203,0.16,1
LGALS8,0.019552128633173776,0.5240276670550492,0.359,0.228,1
RPL9,2.3152083721190015e-4,0.5235051723161135,0.609,0.357,1
DNAJC2,0.052671802351579124,0.523276067641911,0.25,0.155,1
AC119673.2,0.25410849916948497,0.5230077341452035,0.25,0.194,1
GNB1,1.487528167991815e-4,0.5227296957206338,0.812,0.602,1
ARL13B,0.09324182636086677,0.5224414161630977,0.234,0.155,1
METTL3,0.22029671077095628,0.5224414161630975,0.125,0.081,1
WASF2,0.005756371481872455,0.5223644580620531,0.734,0.596,1
SH3GLB1,0.02183999161611038,0.5223047520185452,0.484,0.344,1
PNPT1,0.09089979708842273,0.5213094466731776,0.25,0.165,1
AL356124.1,0.020833478686662778,0.5208245886478146,0.359,0.232,1
PPID,0.22521593943562004,0.5204610520348569,0.109,0.068,1
UNC45A,0.27064122381034417,0.5204610520348569,0.109,0.072,1
AC104365.1,0.3479347042882266,0.5204610520348569,0.109,0.076,1
CLPX,0.10283732487282377,0.5204610520348567,0.266,0.188,1
BEX4,0.29088155321137943,0.5204610520348565,0.141,0.1,1
RDX,0.031145041176429984,0.5201592014132118,0.719,0.638,1
ABI3BP,0.039521880003174144,0.5200821432891753,0.25,0.154,1
WDR48,0.17682640723962723,0.5196868663222143,0.234,0.174,1
ZNF585B,0.21570812646067714,0.5192741370844147,0.188,0.133,1
SP140L,0.11485303646273988,0.5190916214233592,0.266,0.188,1
SMARCD1,0.26233168225645087,0.5188427736364742,0.141,0.097,1
KIF13B,0.07873607420454165,0.518842773636474,0.297,0.202,1
EIF1AX,0.030422917460905335,0.5174233413964732,0.406,0.268,1
COX7B,0.07363327974319511,0.5173213445042897,0.203,0.124,1
HEATR6,0.1599351204191584,0.5169032326216674,0.141,0.087,1
CENPU,0.16464574212960764,0.5169032326216674,0.125,0.076,1
SNIP1,0.3577742735462715,0.5169032326216674,0.125,0.09,1
EMILIN1,0.28760072201619963,0.5163566537021205,0.125,0.086,1
CPNE3,0.025168332567213254,0.5163566537021202,0.328,0.202,1
SCAF11,1.0294354430823694e-4,0.5162027251833411,0.891,0.724,1
PCBP1,0.0033207946277214544,0.5154825579220403,0.312,0.161,1
KAT2B,0.004442575135372872,0.5145362180777513,0.375,0.213,1
SLIRP,0.1873600874316659,0.5145362180777513,0.203,0.143,1
SAMD5,0.5334886350453489,0.5142031475369927,0.25,0.225,1
SYNE1,0.003933250992123611,0.5130111703238076,0.328,0.173,1
YPEL3,0.48443298314377947,0.5128478679249815,0.141,0.112,1
CD248,0.6186288854965767,0.5128478679249815,0.109,0.091,1
MMUT,0.16153731448069356,0.5123877514991748,0.156,0.1,1
TOMM7,0.0063199401414281075,0.5120488122186566,0.266,0.134,1
SEC23B,0.09039221760717316,0.5120488122186566,0.234,0.154,1
NDUFA5,0.5097886288810176,0.511161491297095,0.188,0.161,1
IL6ST,0.013054350359162113,0.5107750838736704,0.828,0.707,1
VPS37A,0.08018028804200174,0.5106800312422715,0.422,0.329,1
ATMIN,0.07030412410658822,0.5105998035185813,0.219,0.136,1
PCNT,0.3004749129509841,0.5105998035185813,0.203,0.157,1
ADNP2,0.0464708264788984,0.5104288984611178,0.281,0.18,1
ANKLE2,0.24274322207453375,0.5103190416142431,0.281,0.23,1
ITGB5,0.03640903559837141,0.5102776223517652,0.438,0.325,1
PTPA,0.36659095801049485,0.5098138078353482,0.125,0.091,1
TAB1,0.6253334064802178,0.5098138078353482,0.109,0.093,1
PARP11,0.2811312825660223,0.5091710388156319,0.219,0.171,1
TMEM87B,0.03774677585881369,0.5091710388156317,0.422,0.295,1
FKBP1A,0.02528899119170686,0.5088386844181039,0.328,0.204,1
YWHAQ,0.00977200951815118,0.5087792469872215,0.438,0.28,1
TTN,0.16139080688403287,0.5083257261759393,0.203,0.141,1
SNHG14,0.016024657764117184,0.5079291634904055,0.531,0.392,1
RNF4,0.05379257590920757,0.5077946401986964,0.266,0.17,1
CD320,0.06321380794109609,0.5077946401986964,0.141,0.075,1
RPL7L1,0.22250883339387342,0.5077946401986964,0.219,0.161,1
CD59,5.923267132852445e-4,0.5070566258382138,0.578,0.365,1
PAPSS1,0.5327732710721067,0.5069877637565847,0.203,0.176,1
IST1,0.04281849689768868,0.5069047285589511,0.375,0.26,1
PNN,0.15067027526730806,0.5069047285589511,0.328,0.261,1
PRKRA,0.24208861130096127,0.506674100304781,0.203,0.148,1
WDR1,0.027010715645776544,0.5059614823397416,0.281,0.168,1
UBE2L3,0.1820580199992322,0.5057782946001915,0.328,0.253,1
SCRN1,0.032991373979076144,0.5051068051578209,0.203,0.11,1
GHITM,0.030809986579235858,0.5048304003210926,0.234,0.133,1
NUSAP1,0.8614199402321869,0.5048304003210926,0.094,0.103,1
EFCAB14,0.29003225516317865,0.5037647631625434,0.312,0.263,1
GNAI3,0.1359739587031976,0.502759050301398,0.328,0.251,1
KDM4A,0.05284257298891912,0.5027590503013979,0.234,0.141,1
TOR1AIP1,0.07001353162998274,0.5027590503013979,0.219,0.134,1
TERF2IP,0.08677047915520793,0.5027590503013979,0.25,0.165,1
ABHD17A,0.1991375977639845,0.5027590503013979,0.156,0.104,1
MAP2K3,0.24672201713994374,0.5027590503013979,0.109,0.07,1
SIVA1,0.32635901745690354,0.5027590503013979,0.125,0.088,1
NID2,0.3705581069318178,0.5027590503013979,0.156,0.12,1
ZC3H18,0.937037774750888,0.5027590503013977,0.156,0.161,1
ACSL3,0.028305462205768052,0.5020105703671575,0.422,0.29,1
UBE2V1,0.3938979155371064,0.5018083451329652,0.312,0.274,1
ADAM10,8.14453800743382e-4,0.5011041088628087,0.906,0.748,1
SAT1,0.002417007179143836,0.5008153124300845,0.719,0.633,1
TPI1,0.022628747020036782,0.5006906699601686,0.328,0.204,1
FBXO38,0.02613499175057118,0.5006906699601686,0.391,0.262,1
KPNA5,0.15783257468595377,0.5006906699601685,0.219,0.152,1
TMEM131,0.010959707032757168,0.5003509458516392,0.734,0.72,1
ZNF736,0.09489813327385332,0.5002478311453482,0.312,0.225,1
ASPSCR1,0.41283617779459664,0.5000548413730197,0.141,0.108,1
FRK,0.25690778072006826,0.49956371114159115,0.125,0.084,1
DDX55,0.6086794292613135,0.49956371114159115,0.125,0.105,1
SLC9A8,0.25157583688815377,0.4992445661251612,0.219,0.167,1
SLC25A46,0.07189550719738158,0.49885459584548175,0.312,0.212,1
GABPB1-IT1,0.20093510338226508,0.49885459584548153,0.125,0.079,1
ANP32A,0.13603897263604858,0.4982548473268097,0.344,0.271,1
MCTS1,0.3210347988376997,0.4969063240559599,0.141,0.102,1
RALA,0.16473830692439828,0.49676387083038,0.344,0.268,1
STK38L,0.0411347709141519,0.4967049287822487,0.297,0.194,1
SNF8,0.040529788493801434,0.496562784337492,0.234,0.137,1
CIRBP,0.007611458990788334,0.49573862262362567,0.422,0.257,1
UIMC1,0.016120472199970724,0.4950555283680186,0.438,0.293,1
FER,0.0034451017713766595,0.49500589749470103,0.797,0.655,1
FST,0.2974473162802542,0.49466158260280135,0.109,0.074,1
CWF19L1,0.5053205406783563,0.49466158260280135,0.141,0.116,1
TMC3-AS1,0.22462219880636478,0.494405262971517,0.172,0.122,1
RBM8A,0.08518294652593666,0.4939888406736659,0.297,0.207,1
DNAJC27,0.2581148552979983,0.49398884067366566,0.109,0.07,1
CCDC14,0.2658436161527599,0.493608733955385,0.359,0.304,1
CCNG1,0.22163388420065439,0.493194186265864,0.141,0.093,1
RPS3A,2.0452795471265933e-4,0.49319418626586387,0.688,0.482,1
PCOLCE,0.20328487533993408,0.492740294476407,0.188,0.129,1
RPL35,1.5959643925055438e-4,0.4926829160270629,0.656,0.4,1
ROR2,0.7714093252989087,0.4924466758652605,0.141,0.132,1
ZNF529,0.24001568951707886,0.49244667586526014,0.203,0.148,1
STARD9,0.10909204828785865,0.4910772452537624,0.234,0.158,1
DDX5,5.017160482834353e-4,0.490199426522154,0.891,0.774,1
PARL,0.2770176655261264,0.49014677437927157,0.25,0.197,1
NOL7,0.380126796328362,0.48985306610446044,0.188,0.151,1
VCAM1,0.12107494725423415,0.4896236481122638,0.156,0.096,1
ILK,0.32957485248783425,0.4896236481122638,0.172,0.131,1
ECHDC1,0.12029555643124311,0.4891789620313495,0.422,0.333,1
IQCG,0.5776426038225628,0.48875219230751865,0.109,0.089,1
ANAPC16,0.14894891983727235,0.48875219230751843,0.312,0.234,1
UBXN2A,0.06686797902735951,0.4880778781840538,0.344,0.242,1
SETX,0.0048807556021973645,0.4878627378768242,0.719,0.578,1
HSD17B12,0.22522469137451676,0.48775688696215136,0.172,0.12,1
P4HA1,0.0052680239017107505,0.487407819687066,0.5,0.322,1
ZSWIM8,0.1785229390117629,0.48720423610655605,0.219,0.155,1
EIF3K,0.08027187156095354,0.4866093103080684,0.266,0.182,1
SMAD5,0.08081228084584609,0.48609956909937724,0.375,0.277,1
GLS,1.7341093326366715e-4,0.4856263991899574,0.672,0.425,1
CDC42,0.0026715848715145787,0.4854714289936765,0.703,0.531,1
VLDLR-AS1,0.13941822623722094,0.4852716235725567,0.125,0.074,1
PLOD3,0.29063809842859956,0.4852716235725567,0.109,0.073,1
NEMP1,0.33427824267178746,0.4852716235725567,0.172,0.13,1
RNF7,0.4058226140231277,0.4852716235725567,0.141,0.108,1
CRK,0.07246649566809008,0.4848477378516026,0.406,0.306,1
IL10RB,0.25849513278566183,0.48457651633632537,0.25,0.196,1
YPEL2,0.18207654596262035,0.48424952289864076,0.172,0.116,1
ANKDD1A,0.2772243879267571,0.48424952289864076,0.188,0.14,1
ICE2,0.1504395053230998,0.48353448303649926,0.359,0.289,1
CDK5RAP3,0.277208770006878,0.483341596474157,0.125,0.084,1
ALDH2,0.2823533392213196,0.483341596474157,0.109,0.073,1
PYURF,0.3388929140933882,0.483341596474157,0.109,0.076,1
LEMD2,0.5152028103153677,0.483341596474157,0.109,0.086,1
AL031428.1,0.23098215418542564,0.48279063406880196,0.172,0.121,1
TERF1,0.054536622211714555,0.48252972529860183,0.25,0.154,1
NDRG3,0.5972027455677106,0.4817994316657517,0.109,0.091,1
ERMP1,0.5169154171577248,0.4805388854598349,0.125,0.101,1
CCDC32,0.05672493489399805,0.48031390377658933,0.312,0.211,1
TRMT1L,0.5252378996413378,0.48016834608682335,0.172,0.148,1
CEP162,0.16854515273617562,0.47948927097855054,0.25,0.183,1
RPL29,0.003718933459574987,0.47930007747740894,0.469,0.29,1
AL008633.1,0.020383477693018195,0.4792794396872363,0.328,0.204,1
NDUFV2,0.18527669722185802,0.47917737063339716,0.344,0.275,1
RPL31,0.002010689290085099,0.4780694701102245,0.797,0.558,1
ZNF559,0.3484631696339155,0.47784141809706826,0.156,0.118,1
RAB9A,0.18494986313502787,0.4771828035953818,0.188,0.129,1
RAB11A,0.022939495391448152,0.47703168858101,0.516,0.38,1
RAB1B,0.30960912744866886,0.4766067624454293,0.109,0.074,1
POMP,0.06995359835277228,0.4758664759120107,0.344,0.245,1
TTC13,0.09920453233120112,0.47564720468415644,0.219,0.141,1
IRAK1BP1,0.3651316925591394,0.4756472046841562,0.109,0.077,1
WDPCP,0.0046208296298519925,0.4755821730160489,0.719,0.565,1
MSRA,0.01788655886552192,0.4753731625063189,0.281,0.162,1
MCF2L2,0.30295339839051105,0.4748800177259609,0.125,0.087,1
IAH1,0.41007200249098985,0.4748800177259609,0.125,0.094,1
ATG4C,0.12001396615183575,0.4747446741318013,0.391,0.299,1
RABGGTB,0.17362671447967598,0.4732879318102343,0.188,0.126,1
NAB1,0.07476467955252274,0.47258090163637334,0.203,0.124,1
ERBB4,0.09924481147561445,0.472293769574347,0.125,0.069,1
SETDB1,0.14533779183731504,0.47161394781941834,0.234,0.164,1
AC090517.5,0.10615978433094443,0.47143271610749227,0.219,0.144,1
HEXB,0.11084314340134337,0.47119251380804084,0.344,0.264,1
PLEKHA1,0.07970800131328858,0.4710276922303547,0.5,0.424,1
HNRNPA1,0.002191404704308204,0.47023558292739076,0.656,0.467,1
PRELID1,0.29090511522415063,0.4679936321407214,0.156,0.112,1
PSMD5,0.3956002006124025,0.4679936321407214,0.156,0.122,1
DKC1,0.3991188665749946,0.4679936321407214,0.109,0.079,1
WAC-AS1,0.4175068434455832,0.4679936321407214,0.141,0.109,1
C19orf25,0.5413331860927694,0.4679936321407214,0.125,0.102,1
CLIP2,0.8132421178389456,0.4679936321407214,0.109,0.104,1
MRPS25,0.9001161541037989,0.4679936321407214,0.125,0.123,1
APC,0.03521727808077241,0.4679936321407213,0.422,0.301,1
PSMF1,0.08503069401699288,0.4679936321407212,0.328,0.234,1
PSMC2,0.10432560459233331,0.4679936321407212,0.234,0.157,1
FBXO25,0.1489366871960564,0.4679936321407212,0.234,0.162,1
CDK11B,0.22722427155815153,0.467993632140721,0.141,0.093,1
SYNC,0.25084397774346673,0.467993632140721,0.125,0.082,1
HSPA1B,0.326702832735629,0.467993632140721,0.125,0.088,1
ADAMTS15,0.3956710911006888,0.467993632140721,0.109,0.08,1
GNL1,0.6829720447049058,0.467993632140721,0.109,0.095,1
NFIA,9.479963836380552e-4,0.46677821922899665,0.812,0.629,1
RSRC2,0.014459846575866681,0.46623317427628386,0.453,0.297,1
EEF1AKMT2,0.3740572728350184,0.4650097737018999,0.234,0.193,1
GTF3C3,0.20750014864204205,0.46418201819070215,0.219,0.158,1
RXRA,0.27241978648009113,0.4639581189055646,0.203,0.152,1
MORF4L1,0.00247954349870481,0.46383600666706554,0.75,0.602,1
ADAM28,0.03554398629257821,0.46356818375992614,0.219,0.125,1
FAM49B,0.00356508831466902,0.46313334105018644,0.75,0.611,1
AL356599.1,0.3651984789055418,0.4630948327278821,0.156,0.117,1
PHRF1,0.39355957191421503,0.46271869010004707,0.156,0.121,1
ARL14EP,0.09016164920632043,0.4622799809463274,0.172,0.102,1
RNPS1,0.48505427650187216,0.4617616784292067,0.219,0.189,1
KLHL36,0.2649156149103714,0.4611399610996587,0.141,0.096,1
RAP1A,0.014520130015274387,0.46056342666523287,0.609,0.479,1
ADCK1,0.38019026431436287,0.460380448030846,0.109,0.079,1
KANSL1,0.013064827051307995,0.4596058466480022,0.891,0.84,1
UBE2D3,0.03439222662240185,0.4594316186372972,0.812,0.772,1
IQGAP1,0.0034001494254918795,0.458674126080443,0.797,0.77,1
HSPA9,0.02402748864504558,0.45821261134813585,0.406,0.264,1
EXOC7,0.35031888481206136,0.45821261134813573,0.172,0.132,1
SCIN,0.018939970029105448,0.4581247947464174,0.484,0.343,1
CSNK2A1,0.06901895600375516,0.4571868771841385,0.5,0.4,1
KPNB1,0.02273738199983547,0.4570433325801805,0.594,0.477,1
CEP290,0.11697634321051484,0.45475780498402707,0.312,0.223,1
QARS,0.3286613787102679,0.45431869524364465,0.125,0.088,1
RNF115,0.027730966835165356,0.454040960130478,0.469,0.334,1
BMP5,0.4193790413224768,0.4538749483674682,0.359,0.321,1
ANXA6,0.10853811279775318,0.4534940624456061,0.312,0.231,1
INPP4B,0.0016591360842046971,0.4529352573487043,0.406,0.225,1
ECM2,0.4512287750066936,0.45280722832604514,0.109,0.082,1
NUTF2,0.18929384737210514,0.45222631628240473,0.172,0.116,1
PIK3CA,0.051421763046251144,0.4520831136378989,0.578,0.471,1
KITLG,0.016290492960582784,0.4519188692826501,0.188,0.093,1
PDE9A,0.09743270495477846,0.4509201187817795,0.156,0.091,1
ZNF573,0.1731596921751475,0.4509201187817795,0.156,0.101,1
SCAMP1,0.18251083550950817,0.45029163040726217,0.281,0.214,1
RPE,0.11880675745108382,0.45002708561127247,0.25,0.172,1
EIF5,0.06888620393897107,0.4496787347606389,0.375,0.277,1
HERC5,0.2364693907337407,0.4493779539733742,0.141,0.094,1
INTS12,0.23336207850769625,0.44849745651492423,0.172,0.121,1
ANKRD12,7.498910046528585e-4,0.4481388893350271,0.891,0.801,1
LNPK,0.37259537471787413,0.4477804112512125,0.25,0.202,1
FARP1,5.644871451250136e-5,0.44773072824821525,0.719,0.441,1
ANKRA2,0.28524121537190167,0.44752952958100556,0.141,0.098,1
GGT7,0.742376485393476,0.44752952958100556,0.109,0.098,1
EEF2,0.0013385931079482652,0.44743674878153405,0.547,0.348,1
PCYOX1,0.16392280639541212,0.446683125895309,0.188,0.125,1
CYB5R4,0.020748523635618996,0.4460788557122808,0.344,0.21,1
RPS6KC1,0.014185681230481207,0.44527355564063775,0.672,0.544,1
CHID1,0.3270569379475764,0.44527355564063775,0.125,0.088,1
BCLAF1,0.1089928416644221,0.4437912838150957,0.578,0.52,1
AL049828.1,0.8430254785896425,0.44366430277898083,0.172,0.173,1
NACC2,0.14724671460580274,0.4432257269917792,0.156,0.097,1
ZNF506,0.5559168305977231,0.443225726991779,0.281,0.266,1
KIAA1958,0.3963518935778215,0.44245854003358365,0.188,0.15,1
SERPINH1,0.23139432979224567,0.4421676447728162,0.25,0.185,1
SNX24,0.005991519640938237,0.4420808217329869,0.781,0.664,1
PSMA3-AS1,0.1487718706821729,0.4419623422502267,0.344,0.272,1
HNRNPF,0.018158734412652713,0.4411808010067546,0.391,0.245,1
SERINC1,0.11061729790745502,0.44112702628803946,0.359,0.272,1
ENTPD4,0.4697856761450186,0.44015942394399565,0.219,0.189,1
MARS,0.2699793728141981,0.43884728648120497,0.172,0.123,1
NPAT,0.3978753287997653,0.4385267232000529,0.266,0.232,1
H2AFJ,0.1412321996955136,0.4377790190937134,0.203,0.136,1
JDP2,0.18232191968243966,0.4377790190937132,0.125,0.077,1
BAG6,0.28722759591111724,0.43709962419493786,0.141,0.098,1
QPRT,0.2102703944187536,0.43709962419493764,0.234,0.174,1
EAPP,0.27062669107680293,0.43628477241338315,0.172,0.125,1
CAPZA1,0.02128902808099848,0.4361713485333854,0.656,0.541,1
FAM13B,0.019676329738124908,0.4358909431497927,0.703,0.579,1
MAGED1,0.3061809615034797,0.4356972960575553,0.391,0.35,1
CHMP2B,0.12018178129878129,0.4355057793918169,0.25,0.173,1
DCUN1D1,0.2246297591385376,0.43520369702305195,0.297,0.229,1
CENPF,0.6359510652989862,0.43495337037671356,0.156,0.14,1
DNAJC8,0.03805860681971116,0.43404630021738355,0.281,0.175,1
CEBPZ,0.09191738542652714,0.43404630021738355,0.281,0.194,1
SEPHS1,0.12013608518770985,0.43404630021738333,0.172,0.106,1
RCBTB2,0.12127333368284238,0.43404630021738333,0.156,0.095,1
RAE1,0.7459077472704201,0.43404630021738333,0.109,0.098,1
DAD1,0.37036836637980824,0.4322815354213183,0.203,0.16,1
SELENOW,0.3916415493708515,0.43207405788577824,0.172,0.134,1
PRKN,0.05607235863085823,0.43173428843909645,0.375,0.266,1
MLLT3,0.233244380784531,0.43155292362594166,0.359,0.292,1
CXCL14,0.018487400072789133,0.43023649290505084,0.5,0.349,1
BIRC2,0.15493185399097276,0.42967670058961915,0.266,0.194,1
MGRN1,0.29291856771545804,0.42926123765200686,0.234,0.184,1
INPP5F,0.5010156704887079,0.42926123765200686,0.234,0.209,1
SUCLG1,0.5891635903786986,0.42926123765200686,0.203,0.18,1
USP24,0.28170550418657087,0.4277388963481267,0.469,0.423,1
SMU1,0.3156599954377148,0.4273516476433754,0.234,0.182,1
PTPRA,1.099534630363011e-4,0.4273516476433753,0.859,0.616,1
CENPE,0.4151936377883496,0.4268746448151288,0.156,0.122,1
RPS12,2.2373673594019527e-4,0.42684446006884635,0.828,0.585,1
RPL10,1.1009271293332304e-4,0.42672561376898743,0.828,0.664,1
HSPA5,0.021709675696833144,0.4265543582940487,0.469,0.343,1
LPXN,0.3635499824981765,0.4263244528396477,0.156,0.118,1
KIAA0586,0.1088917201259233,0.4261734564460943,0.312,0.227,1
TMOD3,0.06917898875932367,0.426035234166622,0.531,0.451,1
LARS2,0.185846459090781,0.4259704172450147,0.297,0.229,1
RNF216,0.04503881104355557,0.4249249102488355,0.469,0.37,1
PGGT1B,0.4519588158965291,0.4249249102488353,0.219,0.185,1
GRHPR,0.5772677313378805,0.4249249102488353,0.125,0.103,1
ODF2L,0.00700615622712738,0.4247565383001246,0.406,0.239,1
TLE5,0.0010507990820307336,0.42421194011280805,0.422,0.222,1
LRSAM1,0.5882162380173459,0.4229057426121834,0.156,0.132,1
CRIPT,0.21699789926196403,0.42290574261218294,0.125,0.08,1
NPHP3,0.1010595903853158,0.42132123389619114,0.422,0.321,1
RPS14,2.188190569477813e-4,0.42123446177130885,0.781,0.568,1
PSME2,0.22421844731782237,0.4211994206617802,0.156,0.107,1
RRP1B,0.5529723078034245,0.4211994206617802,0.141,0.118,1
FBXW2,0.3173028816142312,0.42068791736236455,0.234,0.187,1
ZNF281,0.16823563706211442,0.4206879173623643,0.141,0.087,1
SNRPC,0.46024316474934324,0.4206879173623643,0.125,0.096,1
UBL3,0.04565044004485129,0.4203857506336677,0.359,0.251,1
SPCS2,0.11102532662792804,0.42004467069603946,0.328,0.239,1
DCAF10,0.18733858622187263,0.4197384635335003,0.375,0.327,1
PRKY,0.2070022919605211,0.4197384635335002,0.203,0.146,1
NAALAD2,0.3778429510498083,0.4197384635335002,0.141,0.105,1
ZBTB4,0.8751350699967565,0.4197384635335002,0.125,0.122,1
PKP4,0.029579876339819993,0.41944188730861165,0.266,0.157,1
SLIT2,0.5588286078619553,0.4194030471207899,0.406,0.388,1
CCDC93,0.22652683304314286,0.4190840316597748,0.297,0.235,1
PHPT1,0.13132499144728582,0.4188758655760303,0.156,0.095,1
RBSN,0.9984986531768184,0.4173675590707533,0.109,0.112,1
SLF2,0.05118551307540454,0.41711246313853734,0.531,0.425,1
AGPS,0.012354275062276236,0.4164633315006392,0.516,0.361,1
TCEAL4,0.15448135492648143,0.4160925302286915,0.172,0.111,1
TXN,0.03773099537210245,0.41586082782059863,0.266,0.159,1
TMED5,0.06544252197956674,0.41586082782059863,0.266,0.172,1
DNAJA1,0.02296229860825631,0.4157102412079793,0.391,0.253,1
BAMBI,0.9549154715639352,0.4155262122465857,0.109,0.117,1
ZNF302,0.46480812892862416,0.4147516108637419,0.203,0.168,1
SNX1,0.09630538439336592,0.4143942427566659,0.391,0.29,1
RPS24,7.529124962476593e-5,0.4143473571018663,0.859,0.627,1
GKAP1,0.3417805726625519,0.4140548250299174,0.125,0.089,1
APOE,1.078085847548876e-4,0.4137671203643137,0.312,0.132,1
SCYL3,0.21064596949726727,0.4132278287098292,0.203,0.144,1
RNF19A,0.03923461440286362,0.41263740715835623,0.453,0.324,1
RSL24D1,0.25657391856588857,0.4118505541031876,0.156,0.108,1
METTL21A,0.6201235241267001,0.4118505541031876,0.125,0.106,1
HIPK3,0.022294360753645704,0.41151686726444103,0.719,0.619,1
NIPBL,2.6812765331874465e-4,0.41113560535923876,0.953,0.893,1
INTS2,0.22924452490224334,0.41100365355589163,0.172,0.119,1
BRCA2,0.37900642136205415,0.41100365355589163,0.203,0.165,1
OPA1,0.02370425547538181,0.4104147984289864,0.594,0.474,1
TRAPPC10,0.3920532217511547,0.4100588630565799,0.359,0.321,1
FREM1,0.17375978780656332,0.4094211725479869,0.25,0.19,1
PLEKHM2,0.052466024255491975,0.4093659021700127,0.344,0.228,1
UBL5,0.04651857986488503,0.4090999430871527,0.203,0.115,1
SNX10,0.06223769141926112,0.4087702219016496,0.266,0.169,1
AFF4,0.012488721848730585,0.40824282469567075,0.812,0.74,1
STX16,0.32888212541919204,0.40713842675386647,0.375,0.328,1
KCTD2,0.435186329046533,0.4068533373268175,0.125,0.095,1
AL136171.2,0.5668718602080414,0.4068533373268175,0.078,0.1,1
NCOR2,0.15959387242801001,0.4065113043615146,0.328,0.259,1
GADD45GIP1,0.16279426323198085,0.4063545663483352,0.156,0.099,1
NOC3L,0.33531123214220027,0.4063545663483352,0.156,0.115,1
FGFR1OP2,0.36557642753027475,0.4061351617336795,0.25,0.208,1
CAMKK2,0.38658242992367664,0.4059326640084695,0.156,0.118,1
CHEK1,0.8778749642185085,0.4059326640084695,0.109,0.106,1
KHDRBS1,0.009918436332750415,0.40586858836985956,0.672,0.517,1
SIRT1,0.3042671536928364,0.404742075914583,0.188,0.143,1
SON,0.01609341063006062,0.4045961280094622,0.859,0.807,1
PPM1L,0.019621722986640517,0.40440939899479383,0.5,0.362,1
UST,0.2126916511870161,0.40408186832052817,0.266,0.198,1
GINM1,0.1264841868495094,0.40373343333733724,0.25,0.172,1
LAMP1,0.07178563786696292,0.4032233767504836,0.297,0.204,1
RPS6KA3,0.19865275146870018,0.40280946338058377,0.297,0.23,1
EEF1B2,0.026486090459780988,0.4024797637240266,0.375,0.243,1
LRCH3,0.0444604218368334,0.4024604721016647,0.641,0.542,1
PAGE4,0.013980376252334977,0.402117269941038,0.672,0.488,1
CLN8,0.11985922214124456,0.40087943628218436,0.188,0.118,1
ASPN,0.2020651592260819,0.40087943628218436,0.125,0.079,1
METTL2B,0.32106998789332725,0.40087943628218436,0.188,0.143,1
USP16,0.342915763760123,0.40087943628218436,0.297,0.249,1
PDE6D,0.9415141606255967,0.40087943628218436,0.109,0.116,1
PSMB1,0.10692169953276305,0.40087943628218414,0.391,0.299,1
ZNF322,0.5055632568533268,0.4008794362821839,0.109,0.085,1
ATF2,0.15604046742037217,0.39964266377533264,0.438,0.363,1
AZI2,0.8190172877444413,0.3981496435266121,0.219,0.211,1
SRSF7,0.19781234792318567,0.39760430424932325,0.359,0.289,1
ZBTB7A,0.16245649500153042,0.3972408592188361,0.344,0.274,1
NXN,0.021357233422461194,0.3971370345963675,0.312,0.186,1
PRCP,0.05547848944827504,0.3970271107865775,0.203,0.119,1
SIMC1,0.7629054197628732,0.3970271107865775,0.141,0.13,1
PSMC3,0.08664469636595727,0.3965142437207825,0.203,0.124,1
BRD9,0.40066591183639305,0.39620294907271125,0.172,0.135,1
DHDDS,0.5956539633362635,0.39620294907271125,0.156,0.134,1
TERF2,0.6040616924317106,0.39620294907271125,0.156,0.134,1
SOX6,0.9443865124284494,0.3956537693778843,0.344,0.385,1
PCMT1,0.2845592067622413,0.3956427879160369,0.266,0.205,1
AL390774.2,0.6129145940590108,0.3949301699509977,0.125,0.105,1
BUD23,0.46461719227949233,0.39433659041541214,0.125,0.096,1
NSUN4,0.5048707345692525,0.39433659041541214,0.125,0.099,1
PTPDC1,0.6047245371527559,0.39433659041541214,0.109,0.091,1
NBR2,0.80270185856479,0.39433659041541214,0.109,0.101,1
PHF21A,0.1760542753706342,0.39406461472587306,0.609,0.543,1
L3MBTL3,0.5843434110128476,0.39399305069694424,0.172,0.146,1
CHD4,0.060615043075676514,0.3937690471189946,0.422,0.316,1
LINC00106,0.3366545488863383,0.39361143581814506,0.125,0.088,1
TRIM28,0.20537851773426988,0.3931850444921834,0.203,0.144,1
COPB1,0.035386458346204255,0.3929865949573712,0.516,0.385,1
EIF3J,0.04473718911181609,0.3929525205105553,0.375,0.252,1
USP9Y,0.013331453860076482,0.3928866455286538,0.641,0.461,1
ATPAF1,0.5470479949020899,0.39270550483648403,0.172,0.148,1
PIGU,0.565674193700122,0.3921622191810754,0.156,0.134,1
RAD18,0.9057841618125082,0.3919647114744369,0.156,0.172,1
TRPC1,0.7148725063190178,0.3915415717028483,0.172,0.156,1
METTL8,0.6651215949449442,0.3910762612518257,0.172,0.153,1
AMPD3,0.2488667238968206,0.38999112013944837,0.141,0.096,1
CISD1,0.5056222652506364,0.38999112013944837,0.125,0.099,1
PAG1,2.0796753576790846e-4,0.3899911201394482,0.578,0.327,1
ANTXR1,0.021864655736210183,0.3893531829011567,0.344,0.214,1
KIDINS220,0.02344607113621868,0.38924834349693294,0.625,0.491,1
GJA1,0.975392586062507,0.38875195747714686,0.234,0.248,1
AL355612.1,0.31234723542065174,0.387823283456738,0.141,0.097,1
RPL14,0.0014315463618103988,0.387627849286717,0.734,0.545,1
TBC1D9,0.0030979950356443036,0.387139379655882,0.578,0.359,1
RPL26,0.003068703297435099,0.38684532716245346,0.609,0.424,1
DRAP1,0.37422172229127615,0.386379866587069,0.109,0.077,1
JAM3,2.1143755926429343e-4,0.38553147194874826,0.438,0.224,1
ITPR1,0.15493270601711412,0.3852825812311655,0.266,0.188,1
FAM53B,0.03581396506873007,0.38522617197069886,0.312,0.196,1
SMARCA1,0.012052838313243153,0.3849378924131628,0.469,0.3,1
XKR6,0.050852292049439994,0.38457762395308404,0.109,0.051,1
PXDC1,0.15843554573524077,0.38457762395308404,0.297,0.217,1
HAND2-AS1,0.22737274471471175,0.38457762395308404,0.188,0.137,1
RPA1,0.3383177572120686,0.3845776239530838,0.219,0.173,1
NOL4L,0.18630919827022888,0.3845776239530836,0.156,0.102,1
ZNF397,0.33270714921887684,0.3845776239530836,0.156,0.115,1
DIO3OS,0.6178854727614187,0.3845776239530836,0.078,0.1,1
FCHO2,0.05302114771952897,0.3837591664279336,0.672,0.582,1
GSN,0.08966574604873705,0.38333123507133693,0.297,0.204,1
LDHB,0.06043292011797404,0.3832916847994988,0.453,0.324,1
TRIM2,0.5803666371108986,0.38310473455420846,0.109,0.09,1
YIPF1,0.7886266941707968,0.38310473455420846,0.109,0.1,1
UVSSA,0.9654292338726003,0.38310473455420846,0.109,0.111,1
ERGIC3,0.08840112220729923,0.38226375811483715,0.266,0.176,1
GOLGA1,0.13676433183343428,0.38226375811483715,0.203,0.133,1
RGL3,0.663932560975189,0.38226375811483715,0.141,0.125,1
MFF,0.19703517367867918,0.3817198579987292,0.344,0.279,1
MXD4,0.04302231396416472,0.3817198579987291,0.234,0.136,1
TMEM230,0.3855351858116684,0.3817198579987291,0.188,0.148,1
SERF2,3.783103592539279e-4,0.3816205592451157,0.766,0.529,1
IRF3,0.3188515378190215,0.3813392498865391,0.141,0.1,1
JKAMP,0.2507532912958808,0.3805307908903819,0.203,0.148,1
HBS1L,0.7201534785363408,0.38041533372246883,0.281,0.278,1
CC2D2A,0.4482892343497025,0.3803181137998679,0.188,0.155,1
EIF2B3,0.35802039728037344,0.3801634592420857,0.219,0.177,1
AP4S1,0.5909728790412392,0.37918436518286547,0.188,0.166,1
AKIRIN2,0.849229539370695,0.37918436518286547,0.172,0.167,1
MAZ,0.5290133569542805,0.37918436518286525,0.109,0.086,1
TMEM106B,0.2712654725066429,0.3784785456771581,0.391,0.322,1
RNF168,0.1300856852559231,0.3781081286235264,0.234,0.16,1
ATRX,0.0031148727417461696,0.37767408497073074,0.875,0.769,1
ADAR,0.036442662949872764,0.37764713004446726,0.359,0.236,1
FRG1,0.1252641221266435,0.37764713004446726,0.188,0.119,1
WDR6,0.3875980393430924,0.37722816821753913,0.141,0.105,1
IMPACT,0.6444062738143173,0.37722816821753913,0.125,0.108,1
ZFHX3,0.006011702851022819,0.37705398227819176,0.844,0.764,1
TXNL1,0.484589510210439,0.3770326943278164,0.266,0.238,1
COX5A,0.10493706082706865,0.37691953733800276,0.219,0.143,1
GRAMD1A,0.1404483073326095,0.3754443889059136,0.25,0.175,1
RELL1,0.02841238488909482,0.3753443441750468,0.328,0.202,1
USP8,0.44978375825271494,0.37510633459917253,0.438,0.415,1
RIOK1,0.7170162747499933,0.3748842277492397,0.109,0.097,1
EML1,0.8493644272864963,0.37429883717886736,0.156,0.171,1
COPG1,0.12388124438526082,0.374126708676499,0.234,0.157,1
ZMYM6,0.48395557083313007,0.374126708676499,0.188,0.158,1
RPL12,0.004111058784299545,0.3737311478629823,0.547,0.346,1
CHMP5,0.2329492330372071,0.3730452280854588,0.172,0.12,1
INTS3,0.25805413058597065,0.3730452280854588,0.188,0.136,1
MBOAT2,0.6665317379543098,0.37202457360999963,0.094,0.114,1
C9orf78,0.18690669237847563,0.3720245736099992,0.125,0.077,1
ETAA1,0.3181781582079924,0.3720245736099992,0.125,0.087,1
PPP1R12A,0.022264306900624118,0.3718817395877163,0.781,0.768,1
GAB2,0.0072957497119985615,0.3714433606709293,0.844,0.727,1
MAP1LC3B,0.10507965581238202,0.37137544197210137,0.25,0.171,1
SNRNP48,0.6462443176632711,0.37137544197210115,0.125,0.108,1
CAPRIN1,0.03963517718128596,0.37083472196243994,0.531,0.397,1
PCBP1-AS1,0.4042444804459421,0.3704630944801839,0.281,0.244,1
RPS17,0.015071685248181163,0.36956389581597615,0.453,0.3,1
PTPN9,0.11395151453150551,0.36845795858980723,0.344,0.258,1
ARHGEF18,0.960584439434962,0.3684579585898069,0.109,0.11,1
ITGB1,0.016081244413157395,0.3684579585898068,0.75,0.651,1
TMEM268,0.18379188880649994,0.36845795858980646,0.141,0.089,1
RPL37,2.98309222616435e-4,0.3682132473618621,0.75,0.533,1
RPL34,0.003128848454563926,0.3678855741185457,0.688,0.503,1
TM2D1,0.21189018868917914,0.3672710436393647,0.297,0.23,1
VPS50,0.14933845690055025,0.3669321043588465,0.406,0.311,1
RABAC1,0.2875495631248815,0.3669321043588465,0.203,0.152,1
POLR2L,0.31414947040018965,0.36677158196192017,0.188,0.141,1
PLXNA4,0.1085866520811757,0.366322214245816,0.125,0.07,1
SET,0.007678327945446352,0.36606741116481273,0.516,0.341,1
ZNF746,0.23064078203214128,0.36554636316990363,0.156,0.105,1
SNAP29,0.24735521995116244,0.36554636316990363,0.156,0.107,1
CYB5R1,0.44773476901371523,0.36554636316990363,0.125,0.095,1
ZNF577,0.5837360235856928,0.36554636316990363,0.125,0.104,1
BHLHE40,0.6955138261549124,0.36554636316990363,0.109,0.096,1
TBC1D20,0.14507352041718735,0.365255526551463,0.25,0.175,1
STRAP,0.6436320949447909,0.365255526551463,0.188,0.172,1
RTTN,0.40892848416275945,0.3649001391766177,0.328,0.282,1
GPATCH2L,0.24587007844249223,0.3647348725470896,0.359,0.315,1
BIN2,0.2718501368452669,0.3646158922954128,0.25,0.193,1
GTF2E2,0.445228257027316,0.3641896269530034,0.281,0.25,1
NEDD8,0.4753180098548236,0.36388522879998275,0.203,0.171,1
TPTE,0.8947313331331902,0.36388522879998275,0.094,0.1,1
SLC25A43,0.9826658697458203,0.36388522879998275,0.125,0.128,1
JPT1,0.11241101728057516,0.36312451428676606,0.156,0.093,1
ATP6V1H,0.12858575533879454,0.36312451428676606,0.438,0.363,1
INSIG2,0.8044440341932686,0.36312451428676606,0.125,0.116,1
FAM114A2,0.27103113899584724,0.362060187391656,0.141,0.096,1
GLCE,0.1945646109654753,0.36097402506601417,0.344,0.259,1
TGFBR2,0.017390505714896285,0.3608019969068492,0.578,0.425,1
DYNLL2,0.18008379484332054,0.36046516783627647,0.188,0.127,1
CASC4,0.22705532315809726,0.3602798148404678,0.375,0.304,1
ZNF675,0.5099993059585495,0.35974074148869795,0.125,0.1,1
POT1,0.0659914939962088,0.3587334486979863,0.297,0.196,1
SLC3A2,0.027738251376500992,0.35862694923011285,0.328,0.202,1
TUBA1B,7.909936322566931e-4,0.35834793094496564,0.516,0.306,1
ETS1,0.09478122962904409,0.35781071439029866,0.172,0.103,1
NTAN1,0.3762368694178025,0.3578107143902982,0.125,0.09,1
TRAK1,0.25335077717947424,0.35749409087517064,0.484,0.452,1
LINC00486,0.026223213571634863,0.35744496586738894,0.594,0.449,1
CTIF,0.06620814660282343,0.3571868462547868,0.312,0.206,1
MMP14,0.11362749398268586,0.35669450927396906,0.234,0.155,1
NDUFB2,0.16293296813010563,0.356485316923731,0.203,0.138,1
AC006059.1,0.44805492881884884,0.356485316923731,0.188,0.15,1
RAP1GDS1,0.09205830136036013,0.35648531692373087,0.422,0.314,1
CCT7,0.17543190797649172,0.3561796288113701,0.172,0.113,1
PDAP1,0.21760428074592172,0.3561796288113701,0.172,0.118,1
ZBTB21,0.835852491109381,0.3561796288113701,0.125,0.118,1
KNOP1,0.28771299965399544,0.35569066251592885,0.141,0.097,1
CCAR2,0.5738130479507073,0.35569066251592885,0.125,0.103,1
MYL6,1.8071755646053992e-4,0.35478302169273035,0.719,0.446,1
YTHDF3,0.2536766047380369,0.35478302169273035,0.578,0.514,1
POLR3C,0.2592413460698233,0.3547830216927301,0.172,0.122,1
DICER1,0.011035967075735688,0.35432367438617085,0.688,0.545,1
NSFL1C,0.40144943138601086,0.35427902342004547,0.203,0.165,1
EIF4G1,0.06082660742205093,0.354157395039002,0.344,0.233,1
HDAC3,0.9317016761333357,0.35395838889469156,0.109,0.109,1
RELCH,0.31593872724120275,0.35387595153340023,0.516,0.487,1
PGS1,0.5692709491311261,0.3535737215038277,0.172,0.148,1
KCTD20,0.10316529730675231,0.35335106619959855,0.391,0.287,1
AQR,0.18611012603310403,0.35335106619959855,0.391,0.31,1
SERP1,0.05413356714094798,0.3525164147207853,0.375,0.258,1
HPS4,0.28790944427353704,0.3525164147207853,0.203,0.152,1
LGALS3BP,0.4593496728652078,0.3525164147207853,0.125,0.097,1
LINC01301,0.4952908553953899,0.3525164147207853,0.125,0.099,1
LRFN5,0.9949887846799295,0.3520360767636632,0.125,0.13,1
TSPAN3,0.19600361367217092,0.35176166971749323,0.25,0.184,1
HEBP2,0.6217101849063061,0.3515841400254105,0.172,0.147,1
FGFR1,0.010634420435098109,0.3514107600178844,0.422,0.266,1
MDK,0.6349836860162863,0.35129740743162374,0.172,0.151,1
RALGAPA2,0.00547661131244302,0.3512735156209621,0.828,0.708,1
ACACB,0.45608243535583753,0.35075595685634786,0.109,0.082,1
RUFY1,0.14043289856173555,0.35045000943904414,0.281,0.201,1
NUP37,0.8158589886583052,0.3502533632122167,0.141,0.133,1
WSB1,0.00833970703879564,0.3497509445963467,0.984,0.951,1
PIK3C3,0.17009771459184808,0.3495636468373363,0.516,0.438,1
SDCCAG8,0.020237817198763955,0.348558401152102,0.828,0.711,1
SLC2A9,0.1715666651317975,0.3485584011521019,0.266,0.195,1
HM13,0.2790878213939238,0.34831642619149983,0.422,0.367,1
SHPK,0.44902297061176677,0.348199119606007,0.141,0.109,1
TMED8,0.727468331777436,0.34724147268011096,0.094,0.109,1
SRCAP,0.31620335195822574,0.3464316522598079,0.172,0.127,1
PHYKPL,0.2487075835488595,0.3462844610092708,0.344,0.281,1
CCN1,0.7427758439166292,0.3461887947487743,0.141,0.126,1
BRD2,0.04454043895623052,0.34573788208972345,0.344,0.229,1
RNF135,0.07117754011534833,0.34573788208972345,0.266,0.17,1
ARL6IP5,0.1820795778879384,0.34542698993446574,0.281,0.211,1
VAMP3,0.607092813951372,0.34513688435518786,0.156,0.133,1
ZNF248,0.8690867672204752,0.3446112166354389,0.25,0.247,1
GTF3C1,0.3984194708395222,0.34414755118362916,0.203,0.163,1
PLEKHF2,0.7607621289506283,0.3437355291785755,0.172,0.163,1
LRP12,0.35294204772934135,0.3437355291785753,0.109,0.076,1
HPRT1,0.3872667075822705,0.3437355291785753,0.109,0.078,1
U2AF2,0.6664198577503577,0.3437355291785753,0.109,0.093,1
GTF2H2,0.7054865821153242,0.3437355291785753,0.109,0.095,1
RPS5,0.03326982026484089,0.3430353617099001,0.406,0.271,1
MOGS,0.5943497624844699,0.3430353617098998,0.125,0.104,1
ARRDC3,0.05199545310768304,0.3429118380109598,0.438,0.31,1
CDC14A,0.07984599859665498,0.3428817118837907,0.391,0.278,1
FAM168A,0.0679101839351464,0.34256877210658043,0.453,0.341,1
POLR3E,0.5728396102989509,0.34246275005686266,0.141,0.117,1
PHF11,0.7652948707759519,0.34158225259841224,0.141,0.13,1
CCND2,0.4402993514191443,0.3415296311828029,0.281,0.243,1
FBXO34,0.2836501054175597,0.3413182081159213,0.406,0.347,1
CALU,0.024049628103101548,0.3407756017298217,0.672,0.527,1
H2AFZ,0.13759965636947993,0.3406748020762689,0.172,0.109,1
SRP54,0.141132677874233,0.3403378943471337,0.375,0.288,1
EYA3,0.5076758281604421,0.3398121468090285,0.344,0.314,1
CYSTM1,0.1581047294266278,0.33936504706948,0.281,0.197,1
FLNA,0.7054635826105361,0.33877393433995895,0.188,0.175,1
MCUB,0.1132507696030474,0.3385951580278421,0.297,0.216,1
KRIT1,0.42053336546628434,0.33820857803690185,0.375,0.339,1
PNISR,0.03972542544606927,0.3375433158056695,0.703,0.576,1
GGCT,0.8869467081799409,0.33674909886246907,0.125,0.12,1
SSB,0.03526254527832242,0.33674909886246884,0.281,0.17,1
QSER1,0.13235149095200172,0.33674909886246884,0.344,0.25,1
PPA1,0.5789961135313249,0.33674909886246884,0.141,0.173,1
HSPD1,0.10189901734465837,0.3367490988624687,0.438,0.346,1
CACYBP,0.5239310419999066,0.3367490988624686,0.125,0.1,1
BAZ2A,0.6178909600849469,0.3367490988624686,0.281,0.258,1
NMRAL1,0.759351737050215,0.3367490988624686,0.094,0.108,1
POLG2,0.8851025543862321,0.3367490988624686,0.109,0.106,1
CTDSP2,0.2582181882244279,0.3367490988624684,0.219,0.162,1
BRWD3,0.37707239657467106,0.3352910946546074,0.328,0.278,1
ESCO1,0.39493750931410637,0.33509936164337606,0.359,0.313,1
REEP5,0.5380857475399959,0.33505480032259316,0.312,0.278,1
EXOC1,0.2801730841997639,0.33417362354435454,0.562,0.519,1
KIAA2026,0.0030341259646402417,0.3338345624350914,0.766,0.573,1
STARD13,0.4104549462443035,0.33374938532525,0.703,0.721,1
GGNBP2,0.12081667107624036,0.3333624892301411,0.391,0.299,1
ANLN,0.8053112891852953,0.3332685301275069,0.094,0.106,1
SEL1L,0.16168451313284435,0.33306405205461276,0.359,0.283,1
UBE2E2,0.02300984943001868,0.33288231809444446,0.734,0.672,1
ERH,0.46618842796270626,0.33227562228316065,0.156,0.125,1
GAPDH,9.804234217179178e-5,0.3321442592017234,0.766,0.5,1
LAMB2,0.9168541834186983,0.33153138959144934,0.109,0.105,1
LRRC59,0.6270988069233778,0.33105798678461307,0.125,0.106,1
EEF1G,0.0013152524828642512,0.33092590209320555,0.625,0.419,1
SRSF3,0.07548192291405606,0.3309259020932055,0.438,0.315,1
PTCD3,0.5614023269092763,0.3304901083907863,0.281,0.263,1
NBPF9,0.7638140049461668,0.3304901083907863,0.094,0.106,1
RAB1A,0.04191933359418667,0.3303925267991573,0.828,0.725,1
DCN,0.15000652857400462,0.3303481737120464,0.5,0.413,1
METTL16,0.307489477055817,0.32979633822070187,0.219,0.168,1
SUPT16H,0.09444046800295382,0.32979633822070165,0.312,0.215,1
SRP9,0.1324588674892567,0.32938839391121433,0.234,0.158,1
NELFA,0.5507273122397182,0.32938839391121433,0.188,0.158,1
MED13L,1.970662381539467e-4,0.3293506465413083,0.953,0.92,1
PARK7,0.3155806781898928,0.3292415621935274,0.25,0.197,1
MACF1,0.011858716143436511,0.3289295944031694,0.922,0.917,1
ZNF263,0.4378289348039716,0.3289295944031694,0.109,0.081,1
PFKL,0.6676830132620882,0.3282208274810836,0.219,0.199,1
SCFD1,0.03328613316155572,0.32804831084163666,0.812,0.711,1
Z83843.1,0.2903901604718834,0.3278159740924611,0.312,0.25,1
UBE2A,0.17397543535144472,0.3278159740924609,0.25,0.179,1
PPM1A,0.7254366439916977,0.3268788548384075,0.328,0.32,1
NCAPG2,0.9984279373916659,0.32633248291713035,0.125,0.129,1
CBL,0.22456819831346117,0.32633248291713013,0.281,0.212,1
SCO1,0.5567458098873284,0.32633248291713013,0.094,0.122,1
MYADM,0.9091630091595283,0.32633248291713013,0.109,0.105,1
NECTIN2,0.5110587692950466,0.32572207671344455,0.172,0.143,1
LRRC37A3,0.35428625844917894,0.32538923669792075,0.156,0.116,1
VPS37C,0.4750592998982462,0.32538923669792075,0.141,0.111,1
CPLANE1,0.48529172380652585,0.32517971015033165,0.391,0.36,1
C6orf62,0.07041775523316926,0.3250356782986783,0.484,0.367,1
KPNA2,0.19542124204749028,0.32485051561589984,0.203,0.143,1
ZNF850,0.44712628200422455,0.324258154679272,0.172,0.138,1
RANBP2,0.018428143301086632,0.32410073255669875,0.656,0.503,1
EIF3A,0.13556193847609016,0.32397552267897745,0.641,0.589,1
SERPINB6,0.14721201146524923,0.3236037228055465,0.391,0.294,1
LINC00649,0.9796384036560805,0.32337006906126886,0.125,0.127,1
PPP2CA,0.20212216160332147,0.32304529622962164,0.406,0.326,1
RNF8,0.43140404520273745,0.32287692428091086,0.125,0.094,1
AC005562.1,0.6567428330330081,0.32287692428091086,0.109,0.093,1
LMAN2L,0.6577343334676116,0.32287692428091086,0.109,0.093,1
INTS13,0.6687405019966808,0.32287692428091086,0.109,0.093,1
MDH2,0.42692210702484124,0.32234603373549486,0.156,0.12,1
SMYD3,0.0037317836056814137,0.32192380727090764,0.75,0.612,1
SLC38A2,0.4163742162287389,0.3216872688651953,0.547,0.525,1
PTBP3,0.0905575832820276,0.32158724910372183,0.625,0.564,1
CHM,0.1648537026094638,0.32157157095897115,0.375,0.289,1
MRPS34,0.4034245312893508,0.32115224381145024,0.109,0.079,1
ZNF782,0.29539737437386704,0.31942962266244224,0.219,0.168,1
SUCLG2,0.06503038540789527,0.31919563868847645,0.688,0.625,1
NUP188,0.3739807348078903,0.31893782274600824,0.172,0.132,1
MRPS9,0.4996047694696806,0.31893782274600824,0.156,0.126,1
RPLP2,2.4097447236364297e-4,0.31888998089158593,0.875,0.662,1
LRRFIP1,0.020518541926954587,0.3186291038088717,0.625,0.498,1
DOCK7,0.13532676940463004,0.3185941398092654,0.641,0.616,1
ATF7IP,0.02632994700076612,0.3183847481596337,0.75,0.655,1
ZC3H7B,0.7666413061707625,0.31757678958762314,0.141,0.13,1
VAMP2,0.08266793410174873,0.3172792346642437,0.234,0.147,1
TMED2,0.03351956108124923,0.3169276579497249,0.297,0.179,1
CHCHD2,0.34424260634160814,0.3169276579497249,0.219,0.172,1
PIKFYVE,0.25042430828697537,0.3166555283552389,0.5,0.452,1
XIAP,0.06704847850670706,0.3165058789550853,0.438,0.313,1
CKAP5,0.2889434676604418,0.3164699190093987,0.375,0.309,1
CCDC47,0.30578475868765687,0.3159905386956714,0.25,0.198,1
ANGPTL1,0.8640647010767024,0.3159905386956712,0.109,0.12,1
ACTR1A,0.2936251260264072,0.31599053869567095,0.156,0.111,1
TXN2,0.5881503579851237,0.31599053869567095,0.109,0.089,1
RAD51D,0.7181947852429651,0.31599053869567095,0.109,0.096,1
MYL12B,0.04789013941087209,0.31548794505153976,0.406,0.275,1
MAP3K2,0.1922225516279113,0.3145191514790032,0.625,0.586,1
CHD6,0.014656117922389177,0.313981213801385,0.719,0.554,1
GAS5,0.12960693101468138,0.3138227020129609,0.266,0.182,1
PLBD1,0.5474249067872963,0.3134165950318448,0.172,0.146,1
SRGAP2C,0.2500177801214153,0.3128232596169884,0.281,0.222,1
RBL2,0.13421348502812686,0.3126701804040599,0.344,0.252,1
ANXA11,0.18481222713884332,0.3124760545194344,0.406,0.324,1
DYNC1LI1,0.42201666059076703,0.3118744302234395,0.172,0.136,1
CLK2,0.6142575409116573,0.3118744302234391,0.125,0.105,1
LYSMD3,0.8643115454905489,0.3118744302234391,0.109,0.104,1
VIM,0.025366466439915473,0.3116373203468454,0.406,0.272,1
CENPI,0.5626300455048874,0.3108472354197116,0.109,0.088,1
MINPP1,0.7877681375296989,0.3108472354197116,0.094,0.107,1
AC008771.1,0.16860409290694883,0.3106816273106061,0.344,0.258,1
ABCE1,0.494234336272046,0.31011397235900207,0.219,0.186,1
RPL11,0.0014258988133840859,0.3098967807829969,0.797,0.607,1
PPP2R5A,0.26809694473377293,0.3098207714554648,0.281,0.224,1
PPP3CA,0.0022163869354454887,0.3097206677195872,0.875,0.813,1
F11R,0.23522551174765677,0.30956426953623817,0.203,0.145,1
C19orf12,0.6932974209080718,0.3091368676546087,0.109,0.094,1
PRDM6,0.4104861484364259,0.3086686273983518,0.234,0.194,1
MIR22HG,0.7309008765592269,0.30851541813352457,0.125,0.11,1
PSMA1,0.01591619492971281,0.30828244356040824,0.484,0.321,1
MYSM1,0.1383877747490372,0.3080853406103251,0.422,0.332,1
FAM210B,0.2051155270293257,0.308085340610325,0.156,0.103,1
UBA1,0.32681052347040807,0.308085340610325,0.172,0.127,1
RPS7,0.0023878946522901488,0.3079699757675233,0.656,0.414,1
NCAPD2,0.2889562068764349,0.30777003189070307,0.172,0.124,1
KDM2B,0.4934706518854259,0.3075289599474751,0.188,0.157,1
TCF20,0.1560079450984814,0.3067127251076607,0.344,0.26,1
IQGAP2,0.0022787322242420346,0.3061759047103003,0.828,0.674,1
RC3H1,0.13687966875882068,0.3057222032418443,0.672,0.611,1
GXYLT2,0.5799045379525356,0.3057222032418443,0.156,0.131,1
SBDS,0.2265186889994328,0.30572220324184407,0.172,0.118,1
PUF60,0.41464615724002585,0.30572220324184407,0.109,0.079,1
CSNK1G2,0.5138158703261549,0.30572220324184407,0.141,0.112,1
LSM4,0.7704049668570682,0.30572220324184407,0.109,0.098,1
TRAF3IP2-AS1,0.08309083246167048,0.3041075471797493,0.344,0.242,1
USPL1,0.2554331390257061,0.3039177063950962,0.219,0.161,1
SMARCAL1,0.7327330379734363,0.3039177063950962,0.141,0.159,1
AC026202.2,0.4866524341753721,0.30336293036792217,0.156,0.126,1
DSEL,0.6584126036657283,0.30336293036792217,0.125,0.108,1
RFTN1,0.06455486995036597,0.30265590019406075,0.25,0.155,1
NR3C2,0.7702502373366431,0.3024946962114482,0.219,0.218,1
CCNL1,0.049042076156429526,0.3023975940716916,0.734,0.59,1
MBD6,0.4790919587618083,0.3023156017985946,0.125,0.096,1
RPS27,0.003566546232275542,0.30225642766184235,0.75,0.541,1
GALNT10,0.24400596572647038,0.30204342086374525,0.234,0.176,1
WDR37,0.09997053558883195,0.3018903416508174,0.375,0.271,1
ASAP1,0.010700293145537205,0.3013922045767141,0.906,0.894,1
GTF2F2,0.1535311613865216,0.30100750936979237,0.469,0.372,1
CBFB,0.16481678299060892,0.30088364630546305,0.391,0.3,1
DLD,0.17617148204613292,0.30088364630546294,0.25,0.176,1
FAM133B,0.8638011409708399,0.30073387261823914,0.328,0.339,1
CKMT2-AS1,0.4929929965937766,0.30061531280875564,0.219,0.19,1
TBC1D16,0.45990149212082493,0.3006153128087554,0.141,0.11,1
HSF1,0.6216043534580924,0.3006153128087554,0.141,0.12,1
FAM98A,0.8129322552991936,0.3006153128087554,0.125,0.116,1
TOM1,0.3391649836736137,0.29959610044500273,0.234,0.185,1
SLC25A33,0.5355241734675695,0.29959610044500273,0.125,0.1,1
ORC3,0.4956759826736939,0.2995961004450025,0.281,0.252,1
ODR4,0.5497207823365681,0.2995961004450025,0.297,0.269,1
TASOR,0.4020180717858391,0.29934140982012214,0.422,0.379,1
GPALPP1,0.7947881071532721,0.2989170253367297,0.156,0.172,1
LAMTOR1,0.36094070269212686,0.2986559276903944,0.156,0.116,1
GOLM1,0.45193066969264184,0.2986559276903944,0.156,0.123,1
MICU1,0.07320264882786504,0.29843216731136657,0.438,0.31,1
AC016831.7,0.10509128939898024,0.29843216731136657,0.219,0.143,1
MECP2,0.10654037035062862,0.2983318721991648,0.328,0.236,1
AKAP10,0.09306410420656001,0.29785055269317334,0.641,0.517,1
SLC30A5,0.3332538231630184,0.2977859433180807,0.281,0.233,1
STX12,0.2189912317993211,0.2968379771725449,0.344,0.264,1
LIN54,0.6408056552730919,0.29654277646744864,0.203,0.178,1
ADGRD1,0.24035619623974233,0.2964101697261552,0.188,0.133,1
ABL1,0.504675546103007,0.2963560480282181,0.625,0.615,1
SGSM2,0.5123017287576319,0.29552643613595553,0.125,0.098,1
LINC00342,0.2577847854384294,0.29445737714602993,0.203,0.15,1
SLU7,0.44858056888352765,0.2934959009085847,0.125,0.095,1
RAD51C,0.7302642103138104,0.2934959009085847,0.109,0.097,1
SF3A3,0.8641045470200386,0.2934959009085847,0.109,0.102,1
RYR2,0.837878823297988,0.29313786764185357,0.172,0.172,1
TIAL1,0.3756064491998902,0.2928552725495285,0.391,0.32,1
ANKRD13D,0.5029717504189947,0.2926265456301609,0.172,0.141,1
ZNF433-AS1,0.7545251548692241,0.29214379674130364,0.172,0.158,1
HYMAI,0.4272642556246435,0.29202729534495564,0.188,0.154,1
DGKZ,0.18191558503640112,0.29183667698689453,0.25,0.18,1
GDE1,0.3495137777774532,0.29183667698689453,0.141,0.102,1
RPL5,0.01704700314690761,0.2915670647564538,0.672,0.581,1
AGPAT3,0.4441170007749914,0.2914682195616023,0.281,0.247,1
ROCK1,0.20733535526003213,0.2912226335467292,0.688,0.644,1
RAD21,0.04621196518195631,0.2909792059120896,0.516,0.38,1
PCYT1A,0.18407410875404337,0.29045544658853384,0.219,0.151,1
RNF114,0.27854261702494754,0.29045544658853384,0.234,0.18,1
SUPT7L,0.6579886385477574,0.29045544658853384,0.109,0.092,1
FBXO11,0.057929529937381666,0.2902288037413331,0.781,0.765,1
CREBRF,0.43902897780128036,0.2900450654050274,0.312,0.28,1
GTF2B,0.4287715159366296,0.28956241341802635,0.203,0.166,1
GON4L,0.13323619897004832,0.28944338408411197,0.359,0.266,1
RFX7,0.28664409004711044,0.2890755373098374,0.594,0.527,1
SQLE,0.2929744789304331,0.288986556211287,0.266,0.211,1
RSRP1,0.2518421911536842,0.2889066594930474,0.422,0.379,1
DHX34,0.7771057951938535,0.2887690699606469,0.109,0.098,1
PCM1,0.1735772970323121,0.2882073821821334,0.703,0.705,1
CASP3,0.31840425461512656,0.2874213864989006,0.188,0.14,1
SLC36A4,0.7009389346320815,0.28742138649890037,0.266,0.251,1
MCM4,0.6977517301753422,0.28742138649890014,0.109,0.095,1
LSM6,0.8424242990215782,0.28742138649890014,0.109,0.102,1
KCNIP4,0.6445490877167122,0.28714941080936085,0.344,0.343,1
ULK2,0.12186990539076027,0.2865236297550029,0.312,0.217,1
RACK1,0.00356871370672633,0.2864320533273417,0.672,0.459,1
VEGFA,0.3968248358239936,0.28631967201932884,0.125,0.092,1
INSL4,0.4994103204143034,0.28631967201932884,0.109,0.085,1
UXS1,0.2738873744323612,0.2863196720193286,0.25,0.192,1
NACA,0.0209322955359015,0.28540221886224837,0.469,0.32,1
CEP192,0.49437686188204527,0.28519634015467243,0.375,0.341,1
TOP3A,0.3353795898565319,0.2846263677863363,0.172,0.128,1
UFD1,0.6357544401431263,0.2839616845030335,0.156,0.137,1
GNA14,0.9451518145222004,0.2832106719712959,0.109,0.11,1
ANP32E,0.4726205332594691,0.282882226883733,0.109,0.082,1
ATL3,0.6391720976894195,0.282882226883733,0.172,0.151,1
LARS,0.14273406948886347,0.2826533548215586,0.359,0.27,1
RB1CC1,0.2563663589750041,0.2823349845144322,0.547,0.496,1
ZFP30,0.46810609942932735,0.2820432067723333,0.125,0.096,1
MRPS10,0.7738711003462114,0.2820432067723333,0.109,0.098,1
HSP90AA1,0.003086551480701162,0.28145391684751253,0.828,0.662,1
HIPK1,0.6488060164315714,0.2813723418260954,0.266,0.252,1
GATC,0.2838109142540388,0.28137234182609516,0.141,0.097,1
ACBD5,0.3067799730616242,0.28137234182609516,0.141,0.098,1
SEC24C,0.6723879134027819,0.28137234182609516,0.125,0.108,1
IVNS1ABP,0.08940400450026022,0.28108492374746996,0.266,0.175,1
SRRM1,0.11090877007034909,0.2803666289649498,0.469,0.367,1
NPIPB4,0.3153591617876011,0.2803666289649498,0.172,0.125,1
RPP30,0.4143188228359157,0.2803666289649498,0.156,0.12,1
UNC50,0.971002975184918,0.2803666289649498,0.125,0.125,1
RPL37A,0.0017945088068390697,0.2799800029299714,0.781,0.588,1
CLPB,0.8273140395357826,0.27964869163195116,0.125,0.138,1
OGA,0.02591618032276079,0.2795980271996834,0.719,0.602,1
KDM5A,0.3179006353728934,0.279588037239943,0.547,0.529,1
EPC1,0.328325678994925,0.2789743290167362,0.625,0.587,1
DENND6A,0.13736225254025647,0.27878763816509655,0.375,0.274,1
CABIN1,0.39276621216869934,0.27766242003657204,0.281,0.234,1
DOCK8,0.06857233652255285,0.27739929376308736,0.641,0.526,1
PTK2B,0.04767329632816704,0.2753485541983256,0.188,0.104,1
TAF11,0.2950547708825692,0.2753485541983256,0.188,0.138,1
COX7A2L,0.34127801442281713,0.2753485541983256,0.188,0.143,1
CTHRC1,0.4184335805381317,0.2753485541983256,0.125,0.093,1
COPS8,0.4505143434479022,0.2753485541983256,0.156,0.123,1
SUGP1,0.576839746831002,0.2753485541983256,0.109,0.088,1
AFG3L2,0.10524108041555065,0.27534855419832516,0.312,0.215,1
COPE,0.302530481775477,0.27534855419832516,0.25,0.197,1
TAF13,0.5916353473252043,0.27534855419832516,0.125,0.103,1
NAF1,0.6189922567553718,0.27534855419832516,0.156,0.134,1
C16orf87,0.9680552285578956,0.27534855419832516,0.109,0.113,1
COL3A1,0.10186885747534112,0.27332272975968586,0.656,0.525,1
CYB5B,0.8841002222390628,0.27327720417863066,0.219,0.24,1
VAV2,0.49688133183038136,0.272846046995155,0.188,0.153,1
NFKB1,0.13821469193877542,0.27174631751812983,0.422,0.338,1
DHX57,0.8774640067020567,0.271596419337218,0.141,0.154,1
UFL1,0.49156743773405365,0.27134662364082907,0.297,0.266,1
EIF4ENIF1,0.6340225196191167,0.27073192612795527,0.156,0.136,1
ASXL2,0.27979242495784606,0.27050891517181547,0.516,0.471,1
VPS41,0.06074206581277859,0.27020525092236586,0.656,0.536,1
NSMAF,0.3540366131495646,0.2701308449273061,0.266,0.214,1
HMBOX1,0.41078283881798794,0.2700982935111228,0.609,0.564,1
RBM22,0.4601679174541542,0.26989412410621716,0.141,0.109,1
PPIC,0.3986356852221819,0.26934981357688237,0.125,0.091,1
RPLP0,0.05174396536426316,0.2689222850388925,0.656,0.539,1
AREL1,0.7752979549348187,0.2686848239173145,0.188,0.179,1
FAM118B,0.6076749134100252,0.2686848239173143,0.109,0.09,1
TMA16,0.588351852960705,0.26829379666437503,0.188,0.165,1
MAP3K7,0.21108955080029976,0.2681530527941215,0.5,0.402,1
UFM1,0.6284211207695971,0.2681530527941214,0.25,0.221,1
PRPF4,0.4975555047554532,0.26785401765140104,0.109,0.084,1
UBB,0.018452525399209305,0.2676623610531932,0.375,0.231,1
CDC27,0.24268398805982744,0.267486436425355,0.5,0.443,1
NMT1,0.2265528886258146,0.2673557634447947,0.344,0.263,1
SLC38A10,0.3071693617819786,0.2667865406949015,0.25,0.191,1
ZBED4,0.7312533455958008,0.26536446562570326,0.109,0.13,1
SCN7A,0.4259819468141261,0.2644602380555894,0.141,0.11,1
GATA6,0.8390160386344119,0.2638345661812844,0.141,0.155,1
AP5M1,0.21519363174395392,0.2633759125322497,0.203,0.142,1
RNF6,0.7476867290421931,0.26337591253224923,0.109,0.097,1
RBBP7,0.29666288126746904,0.26225855475788173,0.312,0.256,1
CBX3,0.7241224299436082,0.26225855475788173,0.281,0.269,1
BRD3,0.5860856072434961,0.2620517315848674,0.109,0.088,1
METTL22,0.7786376841979687,0.2620517315848674,0.109,0.098,1
KANSL1L,0.599156324185679,0.2618862943917627,0.328,0.298,1
COL6A1,0.4396055751402373,0.26157570457659296,0.344,0.314,1
SEC62,0.0568461805888003,0.261542754673295,0.531,0.416,1
DENND10,0.3915511991582408,0.2615427546732949,0.172,0.132,1
RPS20,0.006667129043779364,0.26093589646087917,0.594,0.416,1
REPS1,0.7937465342502014,0.2606019688291391,0.438,0.523,1
FRA10AC1,0.5847233766389559,0.2603982127323541,0.219,0.194,1
GTDC1,0.011668708424309813,0.26039821273235386,0.656,0.467,1
SCYL1,0.6328527335954033,0.26039821273235386,0.141,0.12,1
AL157938.2,0.8988943819900295,0.26039821273235386,0.125,0.12,1
AL162253.2,0.9537828128579203,0.26039821273235386,0.141,0.139,1
PDGFRA,0.3809702753772927,0.26014614755465515,0.234,0.191,1
CDS1,0.5548298138824936,0.2599185136287192,0.266,0.233,1
RBM23,0.6063526142723359,0.25961562793372894,0.219,0.189,1
ARMH4,0.28245286991380864,0.25904674186922505,0.266,0.204,1
KRBOX4,0.5529002612769577,0.25904674186922483,0.141,0.115,1
HEATR5B,0.20538937867959264,0.25874658686119556,0.375,0.301,1
KPNA3,0.07162182143379947,0.2586698130516951,0.422,0.311,1
IRS2,0.8319253490656842,0.25827504083938413,0.125,0.118,1
CHD9,0.009989507556008118,0.2582750408393837,0.844,0.747,1
AP2B1,0.22283933530626152,0.2577759247503757,0.453,0.384,1
TOGARAM1,0.2598254337126276,0.2577759247503756,0.328,0.262,1
ZDHHC21,0.26164136666204785,0.25720120748806613,0.594,0.557,1
LAMA2,0.3806935740609849,0.2557304903863944,0.438,0.509,1
SCARB2,0.29243827265512695,0.2554489967606206,0.406,0.342,1
GOSR2,0.3198379247492499,0.2554489967606206,0.203,0.153,1
ELP1,0.9882945142758782,0.2554489967606206,0.141,0.144,1
MPLKIP,0.6872634974451879,0.25544899676062016,0.109,0.094,1
AP1M1,0.6937978910361359,0.25544899676062016,0.109,0.094,1
SEPTIN6,0.5257906237215773,0.254461187724502,0.203,0.175,1
WDR70,0.44690455933292433,0.25382999194377154,0.703,0.715,1
B4GALT1,0.3651670367787781,0.25374629971311424,0.469,0.418,1
RBL1,0.9567007480234466,0.2536534830990065,0.172,0.179,1
HCLS1,0.28749010722516133,0.2533701851028305,0.234,0.179,1
CENPP,0.005005022738658514,0.25321942014152765,0.625,0.448,1
VPS26C,0.454632148245714,0.2529807411698708,0.203,0.166,1
EIF4G2,0.016145215016630344,0.25245771424406965,0.688,0.57,1
ALG11,0.7167695711266682,0.2515018122439572,0.125,0.11,1
KATNA1,0.745374484807505,0.2505167012183902,0.125,0.113,1
ZYG11B,0.6137805211486267,0.25051670121839,0.344,0.317,1
EIF4H,0.9958177484014937,0.25051670121839,0.297,0.303,1
CWC27,0.3027289625280916,0.250427179016699,0.484,0.413,1
GLRX3,0.6183278496476363,0.25013799140104553,0.266,0.239,1
SUN1,0.8849640088552633,-0.25011293477416907,0.312,0.281,1
MTR,0.37705343484301584,-0.2501845663146563,0.484,0.518,1
TAX1BP1,0.6921620322743168,-0.25079530207594714,0.703,0.715,1
CBR4,0.870717946407308,-0.2508915074001285,0.438,0.396,1
MRPL1,0.6021131376917279,-0.2511972602975088,0.219,0.239,1
GEN1,0.5609557824135933,-0.25189844866654343,0.156,0.188,1
SKP2,0.8642420189173823,-0.2521284518620708,0.344,0.31,1
KIF3A,0.6947041770517342,-0.25238907782988074,0.125,0.14,1
COX16,0.4334596578603058,-0.25343111112970673,0.078,0.11,1
ZNF529-AS1,0.6172025069762128,-0.25343111112970673,0.094,0.113,1
GABPB2,0.7797245104750504,-0.25343111112970673,0.109,0.118,1
KMT2E,0.44154136295290997,-0.2539518456745729,0.641,0.686,1
PRDM5,0.8043689640715735,-0.25417496009740415,0.141,0.15,1
TTTY14,0.743815443774809,-0.25546769767573735,0.312,0.274,1
ARID2,0.03503920975656308,-0.25585273513078655,0.625,0.78,1
PRPF18,0.7955010204085163,-0.25623285019480724,0.172,0.179,1
CDK5RAP2,0.28839923881218194,-0.2563719252458514,0.203,0.263,1
TTI1,0.618082381844764,-0.2565527027714172,0.125,0.146,1
CEP104,0.8242116368496281,-0.2565527027714172,0.141,0.146,1
SPEN,0.9968787828579149,-0.2569549972502675,0.375,0.355,1
DEPDC5,0.3891025985034746,-0.2571465266286952,0.141,0.187,1
POLDIP3,0.5337151377619345,-0.25863001780402595,0.094,0.119,1
IDE,0.7516741852523646,-0.25863001780402595,0.234,0.242,1
PLAAT3,0.9399235317408321,-0.25863001780402595,0.109,0.103,1
SNRNP70,0.5192062755456252,-0.2591761828837605,0.375,0.405,1
ZNF608,0.8834008210698846,-0.259428189354614,0.141,0.129,1
TMEM131L,0.44252406000674704,-0.26011198510525624,0.141,0.109,1
IFT74,0.6354811582694759,-0.26011198510525624,0.156,0.176,1
ARFGEF1,0.19531037107522226,-0.2601119851052564,0.547,0.661,1
AP3D1,0.7690987723157211,-0.26122246242055036,0.203,0.212,1
IRS1,0.17032973444323038,-0.2615924316598873,0.141,0.225,1
HSD17B2,0.4357885705137173,-0.2622460988371717,0.172,0.216,1
RPN1,0.7641371110873105,-0.2630713605858006,0.172,0.183,1
BFAR,0.4333893405874212,-0.26307136058580083,0.078,0.109,1
PARD3B,0.01687513599770817,-0.26320885832627994,0.359,0.56,1
PDE8A,0.49803090488215135,-0.26331432716355885,0.609,0.64,1
MFSD14C,0.09577788017078351,-0.2636434424282934,0.25,0.356,1
TRMT44,0.44650235184585113,-0.26381025690970583,0.094,0.126,1
NT5C3A,0.5939512587433917,-0.264384692529833,0.188,0.216,1
ASB7,0.8843476610916645,-0.2643846925298332,0.125,0.127,1
AUXG01000058.1,0.9680777643119108,-0.2643846925298332,0.125,0.123,1
CUL4A,0.2568459262320187,-0.2648440764028085,0.266,0.334,1
SYMPK,0.1986684579273904,-0.26538316654081995,0.203,0.277,1
C7orf50,0.6523231509095895,-0.26553287805871406,0.141,0.158,1
STXBP6,0.1670262195908312,-0.26570332275497544,0.422,0.315,1
SMAD2,0.5550929053801348,-0.26595271772669116,0.719,0.726,1
MSANTD2,0.8611425663802295,-0.2666801505174954,0.234,0.234,1
MBTPS1,0.5189630822047808,-0.26690949556859245,0.234,0.269,1
FNTA,0.5974505772175767,-0.26690949556859245,0.25,0.274,1
ENTPD1-AS1,0.4430519632088681,-0.26709711440504763,0.375,0.424,1
IMMP1L,0.241688227349802,-0.26782651135722246,0.297,0.381,1
AGBL4,0.44893227637381666,-0.2689719620254847,0.109,0.14,1
MIATNB,0.5182881338983825,-0.2689719620254847,0.078,0.103,1
MITD1,0.7664542571654709,-0.2689719620254847,0.094,0.103,1
GPBP1,0.1640060671918721,-0.2689719620254849,0.672,0.729,1
C18orf25,0.17718429315535225,-0.2689719620254849,0.156,0.235,1
SLC25A12,0.7351929487411561,-0.2689719620254849,0.188,0.199,1
CYTOR,0.8987253269916786,-0.2689719620254849,0.203,0.194,1
RALY,0.4301755314073003,-0.268971962025485,0.281,0.316,1
PSTPIP2,0.7870339569465904,-0.2689719620254851,0.141,0.15,1
COL14A1,0.08302764299436975,-0.26928658312386133,0.344,0.478,1
CEBPB,0.8148721225832198,-0.270183801694293,0.328,0.3,1
ERP44,0.4193201843834874,-0.270556470741477,0.469,0.51,1
NFYC,0.615481008456599,-0.2710314842037791,0.219,0.243,1
SOX5,0.10496188570799486,-0.27120932965982814,0.578,0.465,1
RNF2,0.28282192408766405,-0.27154590568931125,0.156,0.216,1
ATP2C1,0.32498802526837217,-0.27154590568931125,0.281,0.354,1
CCNYL1,0.791233233046353,-0.27171733876430215,0.156,0.165,1
OTULIN,0.6017644684868718,-0.2719132373376074,0.172,0.196,1
AL592183.1,0.8247475367901558,-0.2721392411041679,0.172,0.177,1
ADAMTS1,0.5494194884803927,-0.27240286742575825,0.219,0.247,1
ZNF562,0.7631807925028937,-0.27240286742575837,0.156,0.167,1
PGM2,0.5697353188111625,-0.27271436371130164,0.125,0.148,1
INTS9,0.6548391401800868,-0.27271436371130164,0.141,0.159,1
ABL2,0.3427957867247353,-0.27338162936349497,0.25,0.307,1
SNX27,0.9939549426089631,-0.27354469181530905,0.328,0.312,1
BCCIP,0.5538338032849272,-0.27354469181530927,0.109,0.134,1
ERCC3,0.5637410428934979,-0.27354469181530927,0.109,0.133,1
PPP4R3A,0.6658558519899387,-0.27364844923495807,0.5,0.497,1
P3H1,0.5906204232505141,-0.2741152653014445,0.094,0.115,1
TENT4A,0.7994251520472926,-0.2741152653014447,0.219,0.223,1
GMEB1,0.6531039276814758,-0.274848528362154,0.094,0.11,1
ACSS2,0.7113060370027378,-0.274848528362154,0.172,0.186,1
ZC3H6,0.8241714768975829,-0.27514172926569125,0.234,0.237,1
RREB1,0.2904731545682312,-0.27606138681180425,0.609,0.717,1
USP13,0.7500265787480538,-0.27719246883045323,0.172,0.182,1
RASAL2,0.17241074148732458,-0.2777269653012371,0.781,0.844,1
ATP5F1C,0.8719611404595142,-0.27875298281807037,0.266,0.263,1
SDHC,0.5672881050721281,-0.279240297479312,0.141,0.166,1
MAGED2,0.9644786846980972,-0.279240297479312,0.141,0.135,1
PLEKHG1,0.08308620584717885,-0.2793930040199033,0.406,0.536,1
HNRNPC,0.031368488295171006,-0.2801932633907629,0.891,0.915,1
CCNC,0.396851769037825,-0.280701254607592,0.219,0.266,1
SHC1,0.4187115048317567,-0.280701254607592,0.078,0.11,1
SUPV3L1,0.6649927768004318,-0.280701254607592,0.094,0.109,1
CRY1,0.5175614696612144,-0.2810447943260599,0.156,0.19,1
HNRNPH1,0.053571344105684614,-0.2812852234643363,0.688,0.758,1
PRIMPOL,0.6211642016670752,-0.2812852234643364,0.125,0.145,1
SPPL2A,0.8734445832355564,-0.2819828275456401,0.484,0.459,1
DYNC1I2,0.2526628369168129,-0.2820281148509313,0.375,0.457,1
DMTF1,0.1259356241671444,-0.2821332101007239,0.422,0.54,1
RETREG3,0.43920870898927017,-0.28264689892256123,0.172,0.209,1
SRRM2,0.18307761409333415,-0.28264689892256134,0.562,0.681,1
OTUD5,0.5380025816667808,-0.28264689892256145,0.141,0.167,1
SCRN3,0.5936288162903182,-0.2826468989225619,0.109,0.131,1
TMEM243,0.8500259623062213,-0.2826468989225619,0.125,0.129,1
RPRD1B,0.582871317121282,-0.28317027822846064,0.297,0.322,1
PPP1R13B,0.5859019531093121,-0.28361873798988646,0.188,0.153,1
GRSF1,0.8099901806866822,-0.28388367142941284,0.156,0.162,1
SLC23A2,0.8260550624470717,-0.28434718791240066,0.312,0.28,1
MRRF,0.8622432334937662,-0.2847392778838014,0.188,0.189,1
KIAA1328,0.3796384920588385,-0.28536640027615356,0.453,0.489,1
RNGTT,0.052385928525487124,-0.2855727353796071,0.531,0.698,1
TRAK2,0.37979218092454226,-0.28573684450489045,0.172,0.214,1
PKNOX1,0.527767283850397,-0.2860454753844264,0.25,0.284,1
RIC8B,0.22933893645024195,-0.28622412624725024,0.172,0.238,1
CCNK,0.9702151131956043,-0.2865303334097895,0.203,0.19,1
DYNLL1,0.9819944164334493,-0.2865303334097895,0.172,0.167,1
CSE1L,0.31498299496576554,-0.2867832381419455,0.219,0.277,1
EMC2,0.48776867146384695,-0.28689387002274724,0.188,0.224,1
GALK2,0.5770146906679239,-0.2870435349475031,0.344,0.371,1
BCL6,0.3807091648296016,-0.28717655740307535,0.125,0.089,1
RWDD1,0.6897621958160844,-0.28717655740307535,0.109,0.124,1
BMS1,0.8579583274220371,-0.2875876401928319,0.156,0.159,1
CPD,0.45670351010642324,-0.2883662128187914,0.203,0.24,1
PPP4R1,0.5096642009475082,-0.28943606458520044,0.484,0.503,1
TTLL3,0.18162818370657988,-0.28943606458520055,0.094,0.158,1
AL645568.1,0.38300083188828976,-0.28943606458520055,0.156,0.2,1
MATN2,0.6559164810423481,-0.28943606458520055,0.125,0.146,1
TRAM2,0.12576689763682042,-0.2894360645852006,0.344,0.443,1
SLC40A1,0.7069469959309735,-0.2894360645852006,0.578,0.575,1
PCF11,0.30992070923750825,-0.29050512357512615,0.188,0.247,1
SLC19A2,0.22874256933140727,-0.2909982683554835,0.188,0.249,1
EIF5A,0.8143116015252798,-0.2909982683554837,0.141,0.147,1
VCL,0.014654918805365125,-0.2932409767886302,0.359,0.525,1
TMEM87A,0.09923623403160424,-0.2934942811595538,0.266,0.393,1
PUM2,0.1813243668413551,-0.2934942811595538,0.812,0.882,1
TCEAL9,0.7841363991153836,-0.2934942811595538,0.203,0.211,1
STRA6,0.44735399938407394,-0.29411761019966276,0.125,0.162,1
FAM126A,0.6650972675685667,-0.2942659821893948,0.422,0.37,1
SLC7A6OS,0.6655567249137984,-0.2945070541326227,0.109,0.125,1
EEA1,0.3415705071560945,-0.29549283827817796,0.641,0.671,1
PSMB7,0.7943063501804507,-0.2956747555649568,0.297,0.301,1
EPC2,0.32941306831592365,-0.2957284202678808,0.562,0.609,1
MLLT6,0.20914745661331224,-0.2961934307605092,0.109,0.171,1
AC092142.1,0.20926682212057177,-0.2961934307605092,0.078,0.132,1
TRAPPC6B,0.4661453151180548,-0.2961934307605092,0.109,0.141,1
USP6NL,0.4694853876439237,-0.2961934307605092,0.344,0.372,1
ZNF84,0.6924853627948653,-0.2961934307605092,0.156,0.171,1
SUGP2,0.17326479189524133,-0.29680617022221045,0.203,0.286,1
TBK1,0.6855983120151268,-0.29703588044336116,0.359,0.364,1
PHIP,0.27758653924704807,-0.2977537913127697,0.641,0.721,1
RTF1,0.3306803774261773,-0.29811830768500136,0.219,0.273,1
AGO3,0.508365043738668,-0.29811830768500147,0.578,0.577,1
HERPUD2,0.8771217484071014,-0.2984388709661532,0.234,0.232,1
URB1,0.47691352339308185,-0.2986428287018277,0.125,0.158,1
PLPP1,0.7926114592828807,-0.2995602818589078,0.156,0.168,1
ANXA2,0.351853067957009,-0.30037805894696723,0.578,0.611,1
USP39,0.6635458691253491,-0.3006808217528234,0.109,0.126,1
THAP6,0.6945192061445944,-0.3006808217528234,0.125,0.139,1
GTF2I,0.6758466481506924,-0.30081163098683117,0.875,0.857,1
AC090578.1,0.5422237969067426,-0.3010008162181226,0.078,0.102,1
PRDX5,0.5715191682240339,-0.30157662745741254,0.203,0.164,1
XPR1,0.40022638088616175,-0.3018593979484959,0.469,0.501,1
TULP3,0.10890999901967467,-0.30230914589959745,0.078,0.159,1
ZNF124,0.4622217315499943,-0.30230914589959745,0.125,0.157,1
DPH6-DT,0.7068352841993989,-0.30230914589959745,0.094,0.108,1
FAM135A,0.29954168095332306,-0.3030412925993445,0.438,0.481,1
MTAP,0.6215782807835073,-0.3032242712337315,0.406,0.42,1
KIFAP3,0.8401600235411191,-0.3032724196490042,0.203,0.211,1
PPP1R14B,0.6090162276581681,-0.3034353715937066,0.125,0.148,1
ATG13,0.6215019980708968,-0.3034353715937066,0.156,0.178,1
N4BP2L2,0.04504318462715708,-0.30391834085882796,0.781,0.877,1
ILF2,0.6940881432325801,-0.3045958717562063,0.094,0.108,1
SCYL2,0.235569973666854,-0.3045958717562064,0.312,0.371,1
DCBLD2,0.4678668293241009,-0.3051542983321307,0.172,0.211,1
RAD52,0.3422581089778377,-0.30515429833213137,0.094,0.134,1
MTHFD1L,0.9066145719690006,-0.3053573089622962,0.516,0.514,1
RBM27,0.3465286693962483,-0.306124960442951,0.25,0.306,1
FAM171B,0.5258962031250248,-0.30627050344845985,0.109,0.139,1
SARS,0.4386116159399297,-0.3062705034484603,0.125,0.162,1
MIR29B2CHG,0.678864526394632,-0.3062705034484603,0.156,0.172,1
MPP5,0.8264255049406376,-0.30627050344846035,0.453,0.449,1
PLAA,0.3181525043481861,-0.30674861282844135,0.141,0.189,1
RSBN1,0.9282986808673737,-0.30674861282844135,0.188,0.184,1
TMEM41B,0.54644134211047235,-0.3077043565141995,0.25,0.276,1
UBE2R2,0.3394458371123413,-0.30823139247271203,0.562,0.592,1
GPR107,0.3247640311264646,-0.3096139465228307,0.234,0.288,1
MAPK9,0.3715373457768248,-0.3096139465228309,0.188,0.237,1
TSEN2,0.5132037371576799,-0.3096139465228309,0.125,0.154,1
KMT2D,0.8134474143583322,-0.3096139465228309,0.156,0.161,1
GTPBP10,0.880217123974705,-0.3096139465228309,0.188,0.186,1
LMBRD1,0.2477915903947233,-0.3108657427322903,0.281,0.357,1
ZMYM4,0.09670656982130682,-0.3109201440234558,0.703,0.779,1
ZNF407,0.09679901476994243,-0.311031828741026,0.656,0.776,1
SH3PXD2A,0.5998308422121029,-0.3121164537260009,0.344,0.366,1
MORF4L2,0.20523728735927765,-0.31247360066207136,0.375,0.46,1
IPO9,0.24404128875160763,-0.3129496590860872,0.234,0.302,1
ZBTB41,0.30793145404704675,-0.31325252358617917,0.109,0.16,1
CLIC3,0.4662822786426341,-0.31405985155402294,0.125,0.161,1
PLGRKT,0.28832536838601575,-0.3146146275811972,0.141,0.196,1
ATP13A3,0.32201650893824,-0.3153275977172244,0.406,0.458,1
PTCD2,0.24839860600757213,-0.3153275977172245,0.062,0.11,1
FAM174A,0.5128430306147989,-0.3153275977172245,0.078,0.103,1
UBQLN1,0.2719135054556531,-0.31586209418800837,0.312,0.376,1
LSM12,0.22851562249201263,-0.31627767680384133,0.109,0.172,1
AL357153.2,0.9472059827761163,-0.3162776768038418,0.156,0.147,1
CTNNA1,0.10961536911464137,-0.31666870405678116,0.75,0.806,1
ANKRD6,0.9987347068508217,-0.31666870405678127,0.172,0.167,1
CFDP1,0.11178917156939952,-0.31793881117376244,0.406,0.509,1
TET3,0.4860207019072982,-0.31797741945745756,0.422,0.353,1
CENPC,0.9009531580437199,-0.31829967438905316,0.297,0.285,1
COX10-AS1,0.7323954541109405,-0.31869324043369285,0.219,0.23,1
PDK1,0.8357114266018024,-0.3195980350954528,0.156,0.161,1
FBLIM1,0.9543211298157829,-0.3195980350954528,0.109,0.108,1
SMARCC1,0.08923015025841914,-0.3195980350954529,0.516,0.642,1
OCA2,0.7209358328482012,-0.32026119072233894,0.125,0.108,1
PDIA5,0.08442840951450277,-0.32070312518463684,0.125,0.221,1
GMCL1,0.49539554442603934,-0.32070312518463684,0.188,0.218,1
MCM3AP,0.6481022477438463,-0.32070312518463684,0.234,0.252,1
INTS11,0.4181051282491384,-0.32101870979508007,0.078,0.11,1
ASH2L,0.5484072087466112,-0.32101870979508007,0.156,0.184,1
ZNF777,0.7286256202484747,-0.32101870979508007,0.094,0.105,1
VTI1A,0.1973806335421953,-0.32202069736230854,0.766,0.8,1
GPATCH8,0.1340919123159226,-0.32226497904453466,0.656,0.746,1
SBF2,0.08736480385434414,-0.3233243265537369,0.797,0.893,1
GART,0.6614957694991932,-0.3241135162179458,0.141,0.158,1
ERCC6,0.3382184582034693,-0.32456428798880244,0.156,0.204,1
EBF1,0.776194503400534,-0.32470868022641375,0.219,0.24,1
EIF3B,0.8793728142238635,-0.3249456002788216,0.188,0.187,1
GOLGA2,0.9724618276183592,-0.3252108015738493,0.297,0.281,1
STRN3,0.07249736672687776,-0.32528826690930734,0.672,0.761,1
COL21A1,0.033376184682649315,-0.3255554903918523,0.375,0.538,1
ATAD2B,0.15962743657504272,-0.32578523719397634,0.562,0.666,1
ZNF682,0.6604094279215291,-0.3266874598817724,0.094,0.109,1
POLR3A,0.6714866494002395,-0.3266874598817724,0.094,0.108,1
RPS10,0.9944766406143688,-0.3269334227228571,0.234,0.223,1
C15orf41,0.3221413967589335,-0.3271865759707805,0.25,0.315,1
ARIH1,0.07228108615564603,-0.3271865759707806,0.75,0.819,1
PCNX1,0.5767216718764245,-0.3274676113356294,0.531,0.549,1
RERE,0.21027224858535087,-0.3278063407112719,0.969,0.936,1
ZFAS1,0.2518197365663189,-0.32835050910441654,0.156,0.217,1
SHLD2,0.5107600819231907,-0.3286539894633289,0.25,0.278,1
RPA3,0.34588490626351437,-0.3295135039605359,0.078,0.116,1
MAPKAPK5,0.49011323082366026,-0.3295135039605359,0.125,0.155,1
SEMA7A,0.9174606854055706,-0.3295135039605359,0.109,0.102,1
SAV1,0.8708489967400449,-0.33170771737344795,0.125,0.128,1
SRSF5,0.38944255738179445,-0.3323340230229142,0.516,0.581,1
ETF1,0.19269482295112603,-0.33255075779998966,0.25,0.328,1
ECH1,0.4545265944603737,-0.3328035738947204,0.125,0.159,1
CD99L2,0.01247255152379858,-0.33291689086771104,0.172,0.323,1
REST,0.41467709543359343,-0.3334606884771987,0.203,0.252,1
ITGA1,0.7794548819508349,-0.33429030036946084,0.344,0.354,1
PPM1B,0.1730196078081744,-0.33462815367616083,0.234,0.327,1
AFDN,0.5193545964369005,-0.3348060379767065,0.703,0.729,1
VAPB,0.5120089844702025,-0.3353144568541808,0.203,0.234,1
COL15A1,0.6112772631979234,-0.3359014219799485,0.219,0.246,1
RBM12B,0.26173870606139193,-0.33608615788402174,0.125,0.181,1
NUBPL,0.5651738732502443,-0.3369056381905706,0.281,0.31,1
GOLPH3,0.3443043665266184,-0.3369056381905707,0.625,0.655,1
DOP1A,0.6142068188203609,-0.33717869488503344,0.359,0.385,1
NUTM2B-AS1,0.30287754513757065,-0.33739710303636883,0.375,0.432,1
HECTD4,0.6206189106772806,-0.33777747700022503,0.594,0.604,1
CCDC90B,0.24321086442623852,-0.33795857221679215,0.062,0.111,1
HIPK2,0.6983834258404802,-0.33860614986253734,0.25,0.261,1
NUS1,0.4827288747551299,-0.33870685804315737,0.172,0.206,1
SNAPC3,0.7206444060703454,-0.33870685804315737,0.203,0.212,1
ZNF43,0.23011165495539393,-0.33884465784658535,0.172,0.241,1
NFYB,0.5729384014063414,-0.33936128991688275,0.094,0.116,1
PKD1,0.6575106267468935,-0.33936128991688275,0.109,0.125,1
XAGE2,0.9157670648396792,-0.33936128991688275,0.172,0.172,1
ALG5,0.3182939368846534,-0.34011603492017484,0.141,0.19,1
GBE1,0.3748190663675702,-0.34132280625016886,0.547,0.581,1
DAPK1,0.4083846376650256,-0.3413804575535351,0.719,0.66,1
EVL,0.2764286480212938,-0.3414932469191472,0.391,0.448,1
PRDX6,0.3407630424169775,-0.342839570056486,0.281,0.327,1
NT5DC1,0.4323607903758131,-0.34297254346926176,0.328,0.357,1
NUP205,0.49882511982424,-0.34297254346926187,0.219,0.253,1
PSIP1,0.376063887658309,-0.34356127844616857,0.203,0.248,1
LAMTOR5-AS1,0.36703160694698245,-0.3439340197067067,0.156,0.202,1
SRSF6,0.12410142278305883,-0.3440474435867047,0.203,0.299,1
TAF3,0.09712784361730815,-0.34426008932972196,0.344,0.468,1
AC124947.1,0.2857958795545554,-0.3442600893297221,0.062,0.104,1
FBXO7,0.6759486446617408,-0.34654051552118803,0.188,0.204,1
MLLT10,0.15876074955371883,-0.34884463299441437,0.859,0.867,1
SLC35E2A,0.38986993840647033,-0.349142310709468,0.078,0.112,1
MYO15B,0.8237548107945689,-0.349142310709468,0.094,0.1,1
FBXO42,0.30075323280412797,-0.34914231070946833,0.281,0.346,1
DPH5,0.33528604135656026,-0.34914231070946844,0.062,0.1,1
FBXO3,0.5715469242628608,-0.34914231070946844,0.125,0.148,1
ST3GAL3,0.35166917364727757,-0.3508366092493438,0.203,0.257,1
FHIT,0.8431876790031687,-0.35089587367341757,0.75,0.693,1
RBMS1,0.03345455088710316,-0.35114692420213744,0.969,0.957,1
SERPINF1,0.49872091703213567,-0.3511930502742302,0.156,0.187,1
DANT2,0.3958838683225269,-0.35143412221745796,0.094,0.13,1
SPAG9,0.3297673118531918,-0.35160803518745803,0.703,0.725,1
TSPAN13,0.06139435946440829,-0.351739422195507,0.094,0.191,1
ST8SIA4,0.6815557995854609,-0.35182889442976895,0.281,0.246,1
METAP1,0.48869429112119583,-0.35192475138079504,0.156,0.188,1
LIMK2,0.2042025569406227,-0.35213856316938774,0.234,0.304,1
HDAC4,0.4409025495686915,-0.3522582839313244,0.266,0.303,1
SYN3,0.08554082204137309,-0.3530362268139594,0.172,0.271,1
INPPL1,0.4605365119539337,-0.3534682361122585,0.109,0.141,1
PRPF4B,0.2683408956724496,-0.35400806588128425,0.516,0.56,1
ZC3H8,0.4898532578190088,-0.3540080658812843,0.094,0.122,1
PIK3R3,0.54379766226066,-0.3540080658812843,0.078,0.1,1
PRRC2B,0.057899314707187344,-0.3541647528258738,0.484,0.626,1
CEP85,0.51937861215467,-0.35470183605136896,0.078,0.102,1
CARMIL1,0.07675263290896397,-0.3555444497466282,0.484,0.61,1
TRPM7,0.07615355805227018,-0.35579658382684526,0.609,0.715,1
TAGLN2,0.7520285151790156,-0.35608837632233126,0.219,0.231,1
MPHOSPH9,0.42985971526060357,-0.3564348032758242,0.172,0.21,1
BSDC1,0.21795232896876363,-0.35691966130118713,0.094,0.154,1
SPINT2,0.39512150086504144,-0.35691966130118735,0.188,0.233,1
STYX,0.6222092422593063,-0.3569196613011876,0.125,0.144,1
MAP2K6,0.8704309814557701,-0.3569196613011876,0.125,0.114,1
ZRANB1,0.40080164045951305,-0.35778122898334064,0.203,0.242,1
STX6,0.32755929643996223,-0.3582877932585202,0.172,0.225,1
ELF2,0.3515482807875217,-0.3583194476207673,0.625,0.655,1
OLA1,0.2560488221377112,-0.3584238548473688,0.562,0.608,1
CCNH,0.36044504135301,-0.3584701128645875,0.719,0.757,1
GPRC5D-AS1,0.4541055311349329,-0.35885746554267994,0.141,0.175,1
TTC19,0.3142573177137054,-0.3592160327225772,0.281,0.329,1
CLNS1A,0.33653563184038904,-0.36056513396958634,0.188,0.237,1
TPM1,0.009745242921800427,-0.36074243820866847,0.547,0.358,1
PBX3,0.19127734669189572,-0.3607926704483939,0.281,0.19,1
NUTM2A-AS1,0.5902920610843639,-0.3609098722065224,0.375,0.393,1
SNX9,0.4054573102916703,-0.3610607119415069,0.734,0.755,1
WEE1,0.3689361113166036,-0.3620813664169662,0.156,0.201,1
CKAP4,0.4555130906218497,-0.3620813664169662,0.125,0.158,1
INTS7,0.8957050329705942,-0.36300115926985566,0.188,0.185,1
YLPM1,0.27351738500447664,-0.3630718882827827,0.406,0.465,1
P3H2,0.7902151029194029,-0.3635527536336345,0.25,0.226,1
CREB1,0.6023776765481839,-0.36385699130681803,0.312,0.327,1
FUT10,0.21388136770890617,-0.3642266382485233,0.156,0.222,1
PANK3,0.38547832494020184,-0.3652980791005094,0.266,0.309,1
RAB5B,0.4267359460855934,-0.3652980791005094,0.141,0.179,1
ZFP91,0.6774933726406611,-0.36546718125634836,0.25,0.261,1
Z94721.1,0.49200339684628625,-0.3657570245603643,0.078,0.104,1
GCLM,0.18374856245191395,-0.3657570245603645,0.109,0.178,1
TSC1,0.5015204176479446,-0.3657570245603645,0.172,0.203,1
RBM33,0.13955313714333256,-0.36586499051296056,0.516,0.612,1
DNAJC15,0.9441370366836291,-0.3661011378693042,0.203,0.198,1
TRA2A,0.048292939154680525,-0.36636872482006444,0.688,0.783,1
RO60,0.33694235780389614,-0.36636872482006444,0.188,0.24,1
MMD,0.564606013527197,-0.3663687248200649,0.109,0.132,1
RNF217-AS1,0.5138717233575532,-0.36675785362643953,0.094,0.119,1
NPLOC4,0.43562573900058144,-0.36850763557639943,0.281,0.32,1
PSMD3,0.5230270248726454,-0.36850763557639965,0.078,0.101,1
ZNF160,0.5282754161185909,-0.36850763557639965,0.156,0.183,1
LINC01515,0.9751319793111469,-0.36978946155222925,0.125,0.12,1
SGPP1,0.2810050335986709,-0.3703384670922685,0.391,0.452,1
YTHDC1,0.3340685060463325,-0.37056715775469373,0.594,0.608,1
CEP78,0.39706449922033976,-0.37064337992039054,0.094,0.13,1
THUMPD2,0.45582768219319164,-0.3709101257917038,0.188,0.224,1
ERO1A,0.5824429377491692,-0.37171006761474334,0.141,0.165,1
SEC63,0.19593510962782448,-0.37206545498958843,0.547,0.599,1
BABAM2,0.23655727149318748,-0.37212725255404877,0.578,0.64,1
TDG,0.36874994245596693,-0.37293988189166005,0.141,0.186,1
ZXDC,0.24423029967697427,-0.37308036536622335,0.219,0.283,1
PAPOLA,0.22296204061250632,-0.3731002151889533,0.719,0.778,1
PAPSS2,0.5914494934751868,-0.3736281202450007,0.219,0.18,1
ABHD17B,0.5686782627259079,-0.3737442839425462,0.125,0.15,1
AFG1L,0.5210081115196286,-0.3741541987175414,0.188,0.218,1
CCNY,0.5406882296522646,-0.37525042531999164,0.656,0.662,1
SNRPA,0.7132272459419823,-0.37672814238136754,0.094,0.105,1
PRDX4,0.7161051187287709,-0.37672814238136754,0.094,0.105,1
MAPK1,0.5491636073718106,-0.37672814238136776,0.328,0.345,1
TRIP4,0.7458464849142898,-0.37745659230388195,0.203,0.211,1
HACL1,0.4785724344643557,-0.3780936844055973,0.094,0.122,1
TMEM161B,0.5054582424409695,-0.37809368440559754,0.281,0.31,1
MINDY2,0.27986751177617974,-0.37865559095248214,0.312,0.372,1
HOOK3,0.05551224786464443,-0.3792874743296419,0.547,0.667,1
PAIP2,0.45007206043385417,-0.38000327441422854,0.172,0.21,1
AC112493.1,0.37480732840557995,-0.3806970445843132,0.078,0.114,1
HDAC2,0.10709149940270964,-0.381763732278666,0.203,0.3,1
IMMP2L,0.22298198108731274,-0.38180849962979035,0.797,0.854,1
NRCAM,0.19219304648996124,-0.3826558976223702,0.125,0.193,1
CATSPER2,0.3792332103385267,-0.38339187266237884,0.094,0.132,1
AC107223.1,0.6602857145652723,-0.38339187266237884,0.109,0.09,1
OTOGL,0.18133946474984636,-0.38444917944542123,0.047,0.1,1
AC093535.1,0.09775775029036454,-0.38469306331733777,0.062,0.139,1
FAM149B1,0.20272616613972927,-0.38490207382706787,0.141,0.202,1
CSRP2,0.14582899468785962,-0.3855057119282965,0.125,0.198,1
CNOT6,0.3448994346735997,-0.38571692560862214,0.234,0.278,1
CRTC3,0.3086813799090651,-0.3864655250439255,0.312,0.373,1
ZNF875,0.30257320393280324,-0.38761645852410376,0.156,0.209,1
ZCCHC14,0.37289634234780283,-0.38761645852410376,0.141,0.185,1
TIA1,0.284954697352591,-0.387616458524104,0.234,0.294,1
CTCF,0.3807049861969182,-0.387616458524104,0.234,0.28,1
ZNF621,0.5096543832709794,-0.387616458524104,0.094,0.12,1
RSPH3,0.7751266642136181,-0.387616458524104,0.125,0.133,1
AC034195.1,0.9183526709514853,-0.387616458524104,0.109,0.102,1
CHD2,0.021816062466541074,-0.38831935502565174,0.719,0.822,1
MEIS1,0.12550624084250578,-0.3886855175140295,0.344,0.458,1
AC061958.1,0.9465276040508397,-0.38888142576068174,0.266,0.251,1
KYAT3,0.572760602281418,-0.3895134936967015,0.234,0.257,1
WDR20,0.12083529898911745,-0.3899873629868509,0.297,0.394,1
XPO7,0.2408485676259465,-0.39140803768647825,0.359,0.43,1
SPG7,0.43635052190673546,-0.3916073187201383,0.234,0.272,1
SHPRH,0.3061926939624866,-0.3918287098110184,0.391,0.431,1
PDCD11,0.5026331910908668,-0.3918287098110187,0.109,0.137,1
MTG2,0.3751174410844041,-0.3923543775307672,0.094,0.131,1
ZNF121,0.6240177869447555,-0.3923543775307672,0.109,0.127,1
ARMCX5-GPRASP2,0.8385088117967534,-0.3923543775307672,0.109,0.114,1
AC006001.2,0.3459286490904257,-0.3930299547104681,0.156,0.201,1
ZBTB46,0.46318911426729154,-0.3930299547104681,0.156,0.192,1
XPO6,0.35919517974383053,-0.3932300649876308,0.281,0.33,1
SRGAP1,0.5339776518422483,-0.3932718755697404,0.609,0.488,1
USP46,0.6029760702262851,-0.3934455373263015,0.156,0.178,1
VGLL4,0.34805744805814104,-0.39359861653922984,0.578,0.624,1
EFHC1,0.587387575509329,-0.3945028441093439,0.141,0.161,1
FEZ2,0.24147788269118212,-0.3945729442060942,0.516,0.562,1
NUFIP2,0.05149085609479633,-0.39468603184889395,0.609,0.704,1
SIPA1L3,0.5202241454528767,-0.39550436795441635,0.234,0.265,1
ZNF76,0.4457323030537669,-0.3960286983403041,0.109,0.142,1
FAM193B,0.47957394535034015,-0.3963512685017123,0.172,0.203,1
KLHL8,0.7587755783855659,-0.3963512685017123,0.156,0.167,1
RBM10,0.4605573005535271,-0.39707678777317,0.094,0.124,1
SUMF2,0.669552318042256,-0.39707678777317,0.109,0.124,1
LINC01416,0.16225467149963238,-0.39793374950961713,0.062,0.122,1
ZGRF1,0.26820207418436937,-0.39793374950961713,0.094,0.143,1
STX3,0.409445827448352,-0.39793374950961713,0.109,0.145,1
HLCS,0.05188287713239576,-0.39817281080004613,0.312,0.449,1
CD24,0.31428325047948824,-0.39842321348068666,0.109,0.156,1
LAPTM4B,0.517075715132966,-0.39842321348068666,0.078,0.102,1
ATXN2,0.07139789403267845,-0.39940690210578644,0.672,0.784,1
TTC27,0.7993904921631652,-0.39955607183562925,0.25,0.249,1
SEC22A,0.1763321479430467,-0.39964614738530324,0.203,0.28,1
PRRC1,0.3872701573868275,-0.39964614738530324,0.25,0.288,1
SRSF9,0.8624395628174397,-0.40021649530373726,0.203,0.202,1
ANKRD26,0.15745034905436317,-0.4007618345810262,0.203,0.287,1
FUS,0.0750665169009069,-0.40111230100832684,0.625,0.734,1
CCDC84,0.33524155540928025,-0.40111230100832707,0.156,0.204,1
RPTOR,0.0835176464715661,-0.4015364359638699,0.359,0.472,1
TMX2,0.20791787141613194,-0.4017837904506978,0.078,0.133,1
EIF3G,0.8497537409247391,-0.4017837904506978,0.109,0.114,1
DNM1L,0.26215084317346166,-0.4019107938436131,0.406,0.456,1
NUDCD1,0.32842333149331543,-0.4033493847887004,0.125,0.173,1
ZNF568,0.5335746018620839,-0.40379638557953834,0.094,0.117,1
MTF1,0.6404208374569397,-0.40379638557953834,0.094,0.11,1
RHBDD1,0.4797103021568402,-0.4040295484149372,0.203,0.243,1
MMP2,0.24507185066568912,-0.4041315453071206,0.094,0.148,1
TMED9,0.756098120083589,-0.4041315453071206,0.188,0.193,1
KLHL18,0.5987201897614285,-0.40439217127493077,0.109,0.13,1
NUP93,0.2969210445970969,-0.40477117956317077,0.109,0.155,1
KDSR,0.6847512391461682,-0.40477117956317077,0.156,0.169,1
ADD3,0.4040685346401105,-0.4051677095496952,0.359,0.408,1
AL139317.5,0.34331654753886115,-0.40522585811748235,0.141,0.184,1
FARSB,0.511243183323036,-0.40522585811748235,0.172,0.202,1
AP001347.1,0.22940893554759256,-0.4052258581174828,0.094,0.148,1
EGLN1,0.6197175505773076,-0.40537292932826174,0.203,0.223,1
BTBD2,0.32560415234321755,-0.4064754857754198,0.062,0.1,1
BIN3,0.5408759296778067,-0.4064754857754198,0.125,0.15,1
CD46,0.11067644315843697,-0.4066609817629322,0.734,0.767,1
BTBD7,0.09294582532066709,-0.40687407537344883,0.438,0.554,1
NEK1,0.19171580961917525,-0.4069558237325418,0.328,0.415,1
DESI2,0.6204736273559304,-0.4077240319726785,0.188,0.206,1
OGDH,0.10111772321373573,-0.4077240319726787,0.25,0.367,1
TMCO3,0.5094228959242707,-0.4081777810064202,0.141,0.168,1
DNAJC9,0.7582163041931599,-0.4081777810064202,0.156,0.164,1
MAST2,0.23917965685157083,-0.4085557962164669,0.328,0.393,1
STARD4-AS1,0.088232663982058,-0.4085557962164672,0.062,0.14,1
LGALS3,0.6939885638828414,-0.4097781084482628,0.188,0.199,1
NPEPPS,0.02465583210317093,-0.40980254413293554,0.688,0.791,1
SESTD1,0.8341283406272058,-0.40987806999625975,0.422,0.405,1
ATAD1,0.35423352612065606,-0.41044438797836535,0.328,0.378,1
COL5A2,0.664111742416995,-0.41184945846795773,0.328,0.34,1
SNHG29,0.9084907969968629,-0.41197566415250875,0.219,0.215,1
FRS2,0.0697002854990475,-0.41270743948693445,0.453,0.57,1
NRF1,0.16954715461457945,-0.4130435361782363,0.375,0.452,1
MCU,0.40428817285502755,-0.41336187136065966,0.359,0.388,1
MED4,0.41287768804616365,-0.4134845442947832,0.188,0.23,1
NSD2,0.7305325087211785,-0.41366381674495345,0.266,0.271,1
UPF2,0.7374811362579374,-0.41448306437678595,0.359,0.348,1
TMEM161B-AS1,0.19449778303439982,-0.41485016235354755,0.234,0.304,1
IPO8,0.40809669849061875,-0.41519270287652854,0.172,0.214,1
ASXL1,0.15349479125553678,-0.4155746713830992,0.375,0.438,1
THOC7,0.28835043232496754,-0.4158133503547561,0.125,0.176,1
C11orf49,0.18468875602100177,-0.416185610720875,0.219,0.296,1
RICTOR,0.005559124459568678,-0.41624024636050116,0.609,0.832,1
EXOC2,0.04343385220190184,-0.41684716984785836,0.406,0.523,1
GPAT4,0.3589018028951591,-0.41684716984785863,0.109,0.15,1
PCMTD2,0.1665665967101142,-0.4172822407320027,0.188,0.263,1
LINC01697,0.40790947746590045,-0.41745495308172376,0.203,0.157,1
EED,0.11926520842038757,-0.41767369238028373,0.125,0.21,1
DENND4C,0.5586366606265476,-0.4177554106414225,0.734,0.685,1
COG6,0.014156717237084329,-0.41807561327462,0.266,0.442,1
FBXW7,0.19856488349279147,-0.4181924297410193,0.656,0.73,1
PRKDC,0.015214105734040301,-0.4183495860637116,0.516,0.665,1
ELOVL5,0.5534380870569338,-0.4185483180759948,0.172,0.201,1
WDR5,0.5216144543338121,-0.4189125890136425,0.078,0.101,1
UBE2J1,0.18838994145363655,-0.41979686427325347,0.141,0.207,1
KIAA0319L,0.1520245657308141,-0.41979686427325363,0.359,0.443,1
EIF2B1,0.5797706578396242,-0.4197968642732537,0.094,0.114,1
CHD8,0.4026766409577151,-0.4200379362164812,0.266,0.303,1
PAMR1,0.7750376351161752,-0.4204597152111209,0.156,0.167,1
DDHD2,0.5039946094451013,-0.42045971521112113,0.109,0.136,1
AP002495.1,0.3289939654997271,-0.42097505547053515,0.094,0.135,1
NEDD1,0.3545271708396319,-0.42097505547053515,0.094,0.134,1
IDH2,0.271666712096383,-0.4211919857830839,0.188,0.25,1
CMTR1,0.2872524270293475,-0.421387195179348,0.109,0.16,1
ATG4B,0.5733288227886292,-0.421387195179348,0.141,0.162,1
NGLY1,0.22368025925593654,-0.4220051840690242,0.25,0.314,1
GCLC,0.5041507126037228,-0.4222428016337363,0.125,0.157,1
NCOA6,0.2281696635669269,-0.4223818766847805,0.453,0.502,1
CDKL1,0.2561980590162386,-0.422622908352017,0.094,0.144,1
ZC3H15,0.3625560168647227,-0.42277729810452014,0.188,0.235,1
CUL5,0.199069958095665,-0.42340872055572104,0.469,0.535,1
SEC31A,0.032151044841677155,-0.4238575640036562,0.719,0.802,1
TRAPPC9,0.04073878799990004,-0.42462868756730815,0.547,0.694,1
RCC2,0.44463407475657085,-0.4250911639427666,0.172,0.207,1
VTA1,0.5733316503437781,-0.4250911639427666,0.203,0.224,1
TUBA1C,0.8942836024625246,-0.4250911639427668,0.219,0.215,1
PITPNB,0.2158770492418596,-0.4250911639427669,0.5,0.551,1
TRIM24,0.31875373489763736,-0.4250911639427669,0.422,0.458,1
ERLIN1,0.4904714785772219,-0.425091163942767,0.109,0.137,1
ATG2B,0.6317085082363716,-0.42685162180720426,0.25,0.267,1
RAD51B,0.1278509936652841,-0.42726553517710375,0.734,0.829,1
OSBP,0.23400979137224168,-0.4274013246299677,0.172,0.235,1
PPP6C,0.5347607621654686,-0.42817055687473893,0.156,0.182,1
AZIN1-AS1,0.6558409651814294,-0.42845017603268154,0.125,0.141,1
NID1,0.2159468619811355,-0.4285550192463382,0.188,0.265,1
PRH1,0.28570103009233855,-0.4291955622755035,0.25,0.306,1
IGDCC3,0.3490675099941016,-0.4291955622755035,0.094,0.133,1
NUP85,0.49925108314727445,-0.4291955622755035,0.125,0.152,1
GPSM2,0.06877428300982774,-0.42952341025802754,0.156,0.257,1
RAP2C,0.3338250740441494,-0.4297077920131369,0.094,0.135,1
CDK2,0.4328590828250009,-0.4297077920131369,0.094,0.126,1
ETV5,0.7972418489333319,-0.43036610598344094,0.312,0.299,1
RAPGEF1,0.06120683419878127,-0.43050650742785024,0.484,0.639,1
SQSTM1,0.7143136617892358,-0.43056110429973304,0.5,0.448,1
PCGF3,0.11925996058336417,-0.4307710730151215,0.125,0.206,1
RPRD1A,0.6555327215121325,-0.4318013855323193,0.297,0.301,1
TOP1,0.03952736231486379,-0.43194948944688305,0.781,0.822,1
SMAD4,0.27075752892852206,-0.43207276435386555,0.422,0.469,1
SEC24D,0.1604832642616551,-0.4323500222292601,0.531,0.607,1
LSM14A,0.05979615671257902,-0.4324706943083641,0.641,0.744,1
SEC22B,0.073839583854154775,-0.43247069430836427,0.172,0.278,1
ELMOD3,0.39128584648590664,-0.4324706943083645,0.125,0.163,1
LANCL1,0.49008740776059534,-0.4324706943083645,0.125,0.154,1
LUC7L,0.2860449640556071,-0.4334740756221762,0.266,0.32,1
DDX46,0.18405405995239107,-0.43394208152503255,0.234,0.318,1
MFSD8,0.40522132714120157,-0.43492217330246064,0.188,0.224,1
DERA,0.21075699892565714,-0.4350163778172277,0.234,0.305,1
CAB39L,0.5888713480236205,-0.4351448286066897,0.125,0.146,1
RHOC,0.4870533624619017,-0.43562183143493627,0.078,0.104,1
WDSUB1,0.19980179982598617,-0.43593039630423136,0.172,0.243,1
P4HB,0.21883891304493835,-0.43660515195980765,0.297,0.371,1
SERPINE2,0.8394513716890937,-0.4371639962433418,0.375,0.37,1
MSH5,0.49684473409605967,-0.4373694937212034,0.078,0.103,1
CENPJ,0.17603588897348776,-0.4373694937212038,0.078,0.137,1
ENAH,0.03645055944830777,-0.4382748561863655,0.484,0.601,1
SPIDR,0.2615965123457735,-0.43828616962256506,0.734,0.777,1
AC099499.1,0.30546195856349795,-0.4388969634677973,0.062,0.103,1
ZNF93,0.37349370190678044,-0.4388969634677973,0.078,0.113,1
BRF1,0.5194105008310487,-0.4388969634677973,0.109,0.134,1
RBM15,0.14621856432435854,-0.4398126696495326,0.094,0.164,1
NOP58,0.1052855864664844,-0.44014550966505617,0.188,0.288,1
NUP98,0.1255001185739307,-0.4401881759090414,0.422,0.49,1
L3MBTL1,0.5437618000680957,-0.4408584798010833,0.094,0.116,1
CASTOR3,0.6531005321935679,-0.4408584798010833,0.094,0.109,1
MFN1,0.3086050219928041,-0.4411851400630675,0.172,0.228,1
HNRNPDL,0.0533977159813536,-0.44143915803025047,0.531,0.637,1
TMEM181,0.24515481243155665,-0.4434696932576214,0.172,0.233,1
XRRA1,0.47196614857945596,-0.4434696932576214,0.125,0.156,1
CCT2,0.47522451541111393,-0.4434696932576214,0.141,0.172,1
RASA2,0.0656957842640822,-0.4449183278214385,0.547,0.622,1
ZNF66,0.2734753264217777,-0.4454973746046038,0.094,0.143,1
MIR181A1HG,0.9767488937461758,-0.44627649383339474,0.234,0.235,1
LIMCH1,0.71885670575086,-0.44732763780768314,0.469,0.465,1
GPC3,0.06408066849335792,-0.44770286084313815,0.469,0.609,1
TRIM4,0.270030342182221,-0.4480279752199259,0.094,0.143,1
DAGLB,0.3208183397329516,-0.4480279752199259,0.078,0.119,1
SP3,0.04165165459384195,-0.4484896059822684,0.609,0.713,1
FBXL17,0.04591187994107726,-0.44898021428995527,0.766,0.826,1
LINC01376,0.2283144214922241,-0.4490170031882472,0.188,0.251,1
PARP6,0.2687488795851076,-0.44954420766730596,0.062,0.106,1
YARS2,0.4253957840980404,-0.44954420766730596,0.078,0.108,1
IFI30,0.3336484317181287,-0.45023681211694455,0.234,0.179,1
MAP7,0.3473572806519376,-0.45089063337482227,0.453,0.489,1
COPG2,0.22679377457498032,-0.45156337530395785,0.188,0.256,1
EEFSEC,0.00800121461575479,-0.45223580367357197,0.156,0.33,1
SYNCRIP,0.2868356267788206,-0.4522791753885448,0.359,0.407,1
XRN1,0.057389972243164306,-0.45257190036487377,0.719,0.76,1
FBRSL1,0.5349168948530962,-0.45357972090246257,0.125,0.149,1
EFNA5,0.00320599286331762,-0.45432187526652124,0.266,0.491,1
AIMP1,0.20513873869469695,-0.4543854707368049,0.094,0.155,1
AC114930.1,0.3173848842684529,-0.45483850733681885,0.125,0.175,1
USP48,0.13397725545602315,-0.45497716357433643,0.516,0.593,1
DGCR8,0.08406387905754123,-0.4550443860443947,0.094,0.18,1
RASSF3,0.7251180909387794,-0.45559325234011094,0.312,0.306,1
IQCB1,0.48329315645033555,-0.4560575146259802,0.266,0.295,1
ANXA4,0.22782982459824785,-0.4566336324536251,0.547,0.604,1
ULK1,0.5268045951535106,-0.4571015588453875,0.109,0.134,1
S100P,0.2926953145775167,-0.45821043852463134,0.375,0.29,1
ZMYND8,0.4342073750471275,-0.4584497608891977,0.609,0.602,1
PID1,0.09969657377371031,-0.45845768776324974,0.297,0.397,1
ATP6AP1L,0.023286706549743387,-0.4586082900955426,0.062,0.18,1
LINC02307,0.13880826604141328,-0.4597175070523991,0.109,0.187,1
KIAA0232,0.05246889477332501,-0.4609363628894888,0.438,0.57,1
FOXP1,0.359344645772479,-0.4613612202950963,0.688,0.73,1
KCTD3,0.1461402669415453,-0.4616170399678807,0.203,0.287,1
CWF19L2,0.28143977960619654,-0.4616170399678807,0.219,0.277,1
LDLR,0.29309212589141964,-0.4616170399678807,0.141,0.195,1
DDI2,0.3112660979230645,-0.4616170399678807,0.297,0.353,1
USP3,0.3897440986037081,-0.46292798512022765,0.578,0.581,1
EIF2AK3,0.22072696191984914,-0.46341928260186593,0.203,0.277,1
KDELR2,0.5394164417269873,-0.4637370918422503,0.203,0.224,1
RSPRY1,0.22309805474526043,-0.4646195281294039,0.125,0.187,1
PHF14,0.05549820710082205,-0.4655565256559368,0.531,0.62,1
FBXW4,0.3702649661597043,-0.4659386459179746,0.312,0.343,1
CNOT11,0.09679950670196613,-0.46611843220282134,0.062,0.138,1
BCL7C,0.41698178421145715,-0.46611843220282134,0.094,0.127,1
AKAP8L,0.34276505036854454,-0.46611843220282156,0.203,0.249,1
MAP3K20,0.05190956840420425,-0.4661184322028217,0.266,0.414,1
TNPO1,0.017265940955286295,-0.4663324342859683,0.672,0.777,1
IKZF5,0.48267581743706417,-0.4667603432438403,0.094,0.12,1
CNOT6L,0.17596258425944225,-0.4670170277104706,0.406,0.463,1
EMSY,0.017642621723859813,-0.46721663961544324,0.375,0.532,1
DCAF8,0.2679961633304968,-0.4673006784714635,0.234,0.293,1
CLASP2,0.12658471049658473,-0.4674226616490866,0.594,0.657,1
DNAJA3,0.26856294842476597,-0.46761578058932374,0.062,0.106,1
PANK2,0.17824445181735213,-0.46815988583465273,0.109,0.175,1
PDSS2,0.23344200744168375,-0.46856067422045183,0.531,0.579,1
TRRAP,0.12055481907209332,-0.4688125413720847,0.312,0.402,1
MLH3,0.498599113581128,-0.4693251351031438,0.188,0.215,1
UBR5,0.01667570597651573,-0.46943654442717997,0.766,0.849,1
VPS13A,0.42499948235837415,-0.4694852833012202,0.297,0.337,1
UBE2G2,0.32559959962890217,-0.46979097141358084,0.266,0.315,1
ZNF680,0.2737092509985866,-0.46991636318636765,0.141,0.193,1
SSU72,0.3961656949895823,-0.47060582319513555,0.094,0.129,1
JADE1,0.4489209708348882,-0.47060582319513555,0.094,0.124,1
NUP160,0.12938478059297712,-0.47060582319513566,0.234,0.324,1
USP12,0.11900500471738495,-0.4708618244451886,0.297,0.401,1
GLUD1,0.36065661936323307,-0.47239687872112324,0.234,0.274,1
TANK,0.04187587947632924,-0.4727838417867811,0.516,0.687,1
CRISPLD2,0.4767070735686774,-0.47296201356188994,0.141,0.174,1
MEG3,0.22160395440780245,-0.47572962135212626,0.344,0.43,1
SRP19,0.4561132639963163,-0.47656738143385224,0.156,0.188,1
TARSL2,0.39093761227523127,-0.4769922658547965,0.078,0.112,1
EP300,0.051198664540096805,-0.4772703042793662,0.547,0.647,1
FOXJ3,0.14422532427780146,-0.4774170251809589,0.703,0.752,1
CLOCK,0.05522558880545694,-0.47791885229698133,0.266,0.392,1
DDAH1,0.7344527006451682,-0.47816821623172856,0.125,0.139,1
PRPF39,0.28803389891902464,-0.47816821623172867,0.156,0.209,1
CLIP4,0.01597363266634708,-0.4786012195987594,0.391,0.555,1
SCFD2,0.3028367839200673,-0.4792028512738412,0.453,0.501,1
RBPMS,0.17462030791865063,-0.4793553172080839,0.594,0.669,1
TGFBR3,0.003884086461762117,-0.4794335532877476,0.641,0.812,1
RNF11,0.46505186905658175,-0.47953894796514307,0.203,0.235,1
FOXK1,0.6394835550330984,-0.4795389479651433,0.172,0.187,1
AC007384.1,0.23782734581938858,-0.4795389479651435,0.062,0.11,1
TULP4,0.054676185789280324,-0.4803483140682162,0.406,0.516,1
ORC5,0.33467228574961705,-0.4805862765344704,0.188,0.236,1
KLHL28,0.5631399981445316,-0.4809083785766408,0.172,0.194,1
EP400,0.38940375063443594,-0.4815165974055856,0.328,0.361,1
DHTKD1,0.3086532234444279,-0.48151659740558594,0.094,0.138,1
NT5C2,0.04962780821241416,-0.48179492190551115,0.547,0.685,1
AATF,0.1309783400463618,-0.48186025987526415,0.203,0.294,1
FAF1,0.041391205984142886,-0.4819592194850666,0.734,0.836,1
METTL6,0.28872682960679064,-0.4820811425275964,0.078,0.122,1
RAB23,0.3500699371159476,-0.4820811425275964,0.125,0.17,1
MTF2,0.15580958435145342,-0.4822765105339737,0.266,0.343,1
WDR27,0.2248036009704869,-0.4823484815519672,0.188,0.253,1
BTG1,0.6695574533518758,-0.4823484815519672,0.219,0.231,1
MSC-AS1,0.4898176391413336,-0.48340572873316745,0.109,0.136,1
WBP11,0.761474709514542,-0.4843883476265387,0.156,0.163,1
UBE2V2,0.2888555678683467,-0.48461886532949605,0.156,0.209,1
SEC24A,0.461185175283952,-0.4854637819222485,0.266,0.294,1
PARPBP,0.09570650432201105,-0.4854637819222489,0.047,0.116,1
UQCRC2,0.16405686555214335,-0.4860860355617804,0.203,0.278,1
AC021723.2,0.7593339941126598,-0.48649170860691027,0.141,0.15,1
INO80,0.13252135743096569,-0.4871521320750183,0.359,0.443,1
AUH,0.046428865971888035,-0.48726217326655097,0.406,0.538,1
WIPI1,0.18372977001680338,-0.4876122485008252,0.109,0.171,1
SWT1,0.438864711845252,-0.4878269192907292,0.172,0.207,1
IL1R1,0.12499342202510083,-0.4881315584811955,0.203,0.299,1
MTOR,0.14373926252549798,-0.48893764596739286,0.172,0.255,1
SMIM14,0.7166656907976134,-0.48893764596739286,0.219,0.227,1
PARP8,0.7885320203421002,-0.48931996875772865,0.672,0.623,1
COPA,0.11779270071708825,-0.48940019648141886,0.453,0.551,1
R3HDM1,0.16698335614748266,-0.49048709842101196,0.438,0.496,1
KIZ,0.4640989506073154,-0.49082896118436814,0.141,0.172,1
EFCAB11,0.37358634130499707,-0.49101795640844004,0.172,0.212,1
SCCPDH,0.5011595215579867,-0.4913643833619328,0.141,0.169,1
AC002463.1,0.2364982512394341,-0.4916742738240607,0.188,0.242,1
TRNT1,0.42314997461385606,-0.49220535980130364,0.094,0.125,1
VWA8,0.22762653808817349,-0.4929878974349542,0.453,0.527,1
YAF2,0.2069300480009786,-0.49317510847053103,0.25,0.318,1
CRYBG3,0.5925308220325263,-0.4937178831349047,0.219,0.238,1
NSUN2,0.3372150464893948,-0.49371788313490494,0.125,0.169,1
NUP155,0.41417048845459603,-0.4940385176602584,0.141,0.176,1
CPT1A,0.2780814875670007,-0.49453166244061575,0.141,0.193,1
ZNF652,0.19014094151738775,-0.4959836990387393,0.281,0.359,1
ZNF704,0.10496733599263866,-0.4964410078755629,0.266,0.363,1
ANKRD13C,0.12040540880267514,-0.4972409496986021,0.234,0.33,1
ZCCHC8,0.17069365952969656,-0.4972409496986021,0.109,0.177,1
NDUFA12,0.43719477789416145,-0.4972409496986021,0.094,0.125,1
MAEA,0.538676459134326,-0.4972409496986021,0.109,0.132,1
ALDH18A1,0.4932070412411559,-0.49724094969860255,0.125,0.152,1
IP6K1,0.19229004774137445,-0.5000532216239888,0.266,0.342,1
ABHD5,0.7385243082732664,-0.5001702807372739,0.141,0.152,1
ZNF429,0.34362236096652665,-0.5004362888584089,0.141,0.184,1
PUM1,0.011954035964508664,-0.5008352090989954,0.766,0.806,1
PCNX4,0.08353298289118631,-0.501525761404517,0.406,0.509,1
EHBP1,0.07296882371819895,-0.5017451526731904,0.469,0.587,1
KDM2A,0.001654937665074596,-0.5024833066329366,0.5,0.722,1
UCHL3,0.09762067994173516,-0.5027862289442853,0.172,0.266,1
HP1BP3,0.041100109392574524,-0.503013661799049,0.656,0.741,1
CCDC85A,0.3595169658717808,-0.5034372156625079,0.25,0.186,1
SLC20A1,0.35846823196282795,-0.5042613773763742,0.156,0.201,1
LARP4,0.20800867856583763,-0.5048291067891795,0.406,0.47,1
FYN,0.19832321208442333,-0.5052160669717436,0.109,0.168,1
ACOX1,0.24404795060193116,-0.5053384173971986,0.141,0.201,1
PI4KA,0.0780583508289287,-0.5055947370284831,0.438,0.539,1
ETFA,0.01317467013325182,-0.5057978848724181,0.328,0.504,1
ZDHHC7,0.4717220629294439,-0.5060111593263343,0.109,0.138,1
LAMC1,0.002381729446036182,-0.5065939486862645,0.406,0.623,1
CBFA2T2,0.021785000288186453,-0.5069153868964483,0.5,0.644,1
SEMA5A,0.6901222084467847,-0.5070600107290478,0.172,0.193,1
STK3,0.0594846903633655,-0.5072597055235932,0.875,0.928,1
ANGPT1,0.1207055937182686,-0.5089227547462376,0.062,0.132,1
PWWP3A,0.20359874785427595,-0.5089227547462376,0.094,0.153,1
MTMR3,0.02884010574463228,-0.5096497363896823,0.438,0.571,1
TSTD3,0.3146627487919954,-0.5097535610121511,0.172,0.218,1
SFPQ,0.007544901017793973,-0.5098174493739127,0.703,0.797,1
ABCG2,0.9305348686058356,-0.5098532256207281,0.25,0.231,1
CALR,0.5316815765626552,-0.509912597008662,0.391,0.414,1
SLC16A4,0.10272086265904723,-0.50998006152928,0.094,0.173,1
LIX1-AS1,0.7775645278378553,-0.5103763518877362,0.094,0.102,1
CMSS1,0.013837362496735159,-0.5107725334200595,0.25,0.406,1
PDE7A,0.3939870175943371,-0.5109988740293859,0.266,0.303,1
FRZB,0.4406461882441201,-0.5112478076924813,0.094,0.125,1
MMS22L,0.4402880390479607,-0.5118284859216484,0.188,0.229,1
ZNF100,0.8248041415873437,-0.5118284859216484,0.172,0.173,1
ATF4,0.11110016656375105,-0.5122431130378486,0.125,0.21,1
KCNMA1,0.8337814400463444,-0.5126410429923478,0.125,0.131,1
NUP58,0.17122689811453212,-0.5127957638934437,0.422,0.476,1
APOLD1,0.656033963011998,-0.5133906896919316,0.156,0.13,1
RPAP2,0.12448000125883314,-0.5136416004507117,0.328,0.415,1
LINC00630,0.5590105106266237,-0.5137055511163351,0.219,0.237,1
PRKAA1,0.24219610627879667,-0.5147283764274433,0.141,0.198,1
C2orf76,0.27959432766279335,-0.5147283764274433,0.062,0.104,1
STT3A,0.338175037800157,-0.5147283764274433,0.094,0.134,1
HES1,0.5015565232570638,-0.5147283764274433,0.078,0.103,1
EMC3,0.5589669250718143,-0.5147283764274433,0.109,0.131,1
VSIG10,0.5770054832402174,-0.5147283764274433,0.109,0.129,1
UVRAG,0.056353326159452044,-0.5156937127236733,0.688,0.777,1
ZNF439,0.20426875652295437,-0.5160648239902572,0.125,0.186,1
GATAD2A,0.13193802639360208,-0.516846560688273,0.438,0.505,1
NCBP3,0.10011539673195165,-0.5169937970042541,0.203,0.3,1
TM9SF3,0.004706050306741265,-0.5173011725455593,0.469,0.651,1
ASCC2,0.4568897488141261,-0.5176224496966229,0.172,0.202,1
SORT1,0.18442523538457262,-0.5177925086395778,0.172,0.245,1
NUP133,0.13960112084650284,-0.5187340107662415,0.141,0.215,1
HIBADH,0.010117430938455742,-0.5189179107079678,0.547,0.73,1
ARHGEF17,0.14255930082085547,-0.5190673121517806,0.062,0.126,1
BORCS5,0.6906995099729523,-0.5194611145401651,0.156,0.167,1
DCP2,0.011898263217863381,-0.5195154236760817,0.469,0.649,1
CSNK1E,0.44653578788812864,-0.520510729021449,0.203,0.234,1
PDCD7,0.16297985107323443,-0.5205107290214492,0.047,0.102,1
ADAMTS12,0.7175395995857113,-0.5205107290214492,0.125,0.139,1
CBWD3,0.2336054696243928,-0.5205107290214497,0.062,0.11,1
TAF4,0.2771726237686182,-0.5205107290214497,0.109,0.159,1
ANKS3,0.38837914918922006,-0.5205107290214497,0.078,0.111,1
SMURF1,0.0015640198595369146,-0.5209019153147596,0.438,0.628,1
ARGLU1,0.05178230614871058,-0.5213232860921486,0.625,0.725,1
MOB1B,0.3347319347724205,-0.5216644236378196,0.203,0.252,1
DENND5A,0.03486183937022327,-0.5238478444721149,0.391,0.495,1
NAA50,0.18413828082230288,-0.5239013182222236,0.188,0.259,1
LEMD3,0.09436419750636543,-0.5240576147437878,0.234,0.331,1
MDN1,0.4974803843386786,-0.5251199822740387,0.188,0.215,1
BASP1,0.02126555568137162,-0.5251199822740388,0.375,0.54,1
PSG3,0.949364991400569,-0.5251199822740389,0.438,0.397,1
NCK1,0.17812319343550012,-0.5256312136900507,0.281,0.345,1
SLC30A6,0.1613389558625108,-0.5259318534495945,0.188,0.267,1
LAMC3,0.7098137770909038,-0.5259318534495945,0.141,0.155,1
KAT14,0.304733762763295,-0.5262699983101342,0.062,0.102,1
MRPL22,0.42113542655925695,-0.5262699983101342,0.078,0.108,1
CNOT4,0.0031311979316879287,-0.5269882930926543,0.438,0.608,1
TUT4,0.020966599884343674,-0.5280374656563331,0.594,0.74,1
AP000829.1,0.0683358027941209,-0.5283860521805817,0.125,0.228,1
RBX1,0.2359175397282215,-0.5283860521805817,0.219,0.278,1
PIR,0.6189413622127654,-0.5291410341648894,0.125,0.144,1
FAM49A,0.1578097557716463,-0.5292185504876595,0.344,0.417,1
NR2F1-AS1,0.8021770396644665,-0.5297145563512892,0.203,0.18,1
SETBP1,0.4607773649740246,-0.5298909788572735,0.453,0.363,1
HSPBAP1,0.30291209535664415,-0.5302878506329793,0.234,0.279,1
RANBP10,0.2015691585005776,-0.5320063678592786,0.125,0.188,1
UPP1,0.3492681101282945,-0.5320063678592786,0.078,0.115,1
SLC12A4,0.4475474437196135,-0.5320063678592786,0.078,0.106,1
STARD10,0.45898020400721046,-0.5320063678592786,0.078,0.105,1
MOB3B,0.3053201988941999,-0.5320063678592787,0.219,0.27,1
SERPINB2,0.11717157926923216,-0.532006367859279,0.047,0.112,1
ZNF33A,0.09171960404898136,-0.5342207889247208,0.297,0.408,1
ANKRD11,0.019036527237080905,-0.5342945444545488,0.656,0.764,1
TRIT1,0.1338921813164164,-0.5351257097034576,0.109,0.187,1
PPIB,0.702494926129019,-0.5351834117348976,0.484,0.463,1
R3HCC1L,0.28086074400948746,-0.5356820260026768,0.344,0.375,1
MED26,0.4653213055633432,-0.5369051672721179,0.094,0.122,1
CPSF7,0.25119445135761004,-0.5377200190536724,0.141,0.197,1
UBE2G1,0.13867348480488373,-0.5377200190536725,0.281,0.375,1
FBXO36,0.4651156995777663,-0.5377200190536726,0.078,0.104,1
AMMECR1,0.09055803850165538,-0.5388600389003412,0.234,0.336,1
PTDSS1,0.21156460617576903,-0.5405683813627027,0.078,0.133,1
WDR59,0.11528321742964766,-0.5409394926292865,0.234,0.325,1
NUP50-DT,0.33472242785632905,-0.541787388651864,0.141,0.188,1
TMEM43,0.2620798003338842,-0.5417873886518643,0.078,0.125,1
SLC26A2,0.11147021097885927,-0.5419904564319009,0.156,0.237,1
TCERG1,0.02825184243696775,-0.5420251236842697,0.391,0.542,1
ZNF420,0.21754851053841215,-0.5422747033131059,0.109,0.166,1
PCSK5,0.9046585503226859,-0.5424641701254983,0.203,0.204,1
DYM,0.028332398828293418,-0.5428358365208188,0.656,0.759,1
KHDC4,0.177298340674137,-0.5434111311315282,0.141,0.21,1
MLH1,0.17937115935998388,-0.5434111311315282,0.094,0.155,1
BRD8,0.35848262736367603,-0.5434111311315282,0.109,0.149,1
HNRNPD,0.006091130833617033,-0.5441100266476251,0.578,0.728,1
TFCP2,0.16396702118458276,-0.5449771503256079,0.312,0.382,1
UBA2,0.11436091264619856,-0.5450330481555183,0.219,0.309,1
TASOR2,0.005664403468259021,-0.545062520684725,0.484,0.623,1
AC011447.3,0.27994241798827907,-0.5451577355105839,0.125,0.176,1
BEX3,0.11726336752180713,-0.5453031904727366,0.125,0.21,1
ATG5,0.05550182075060682,-0.5454750728868184,0.312,0.438,1
DR1,0.2493915191750286,-0.5456813047563553,0.109,0.163,1
FAM120A,0.0235069211112425,-0.54665314382368,0.656,0.735,1
NAA25,0.05078272277633199,-0.5470416962205585,0.234,0.358,1
BMPR2,0.009616123528173965,-0.5471927716739547,0.625,0.753,1
TBX2,0.8078342925883206,-0.547536066152883,0.125,0.13,1
PKD2,0.1345232516368099,-0.5480186858479097,0.297,0.388,1
ACYP2,0.2518639975977718,-0.5486446134397218,0.344,0.409,1
AKAP9,0.03271650449030617,-0.5486446134397219,0.719,0.773,1
TFDP2,0.051439865646363915,-0.5487712503386842,0.375,0.489,1
LINC01409,0.2522106093001271,-0.54907988121822,0.094,0.144,1
SLC16A3,0.23285714216720563,-0.5490798812182205,0.094,0.147,1
TOPORS,0.4235699211034743,-0.5490798812182205,0.078,0.108,1
ANO6,0.04291029699590744,-0.5502109632368694,0.625,0.692,1
CMPK1,0.16260026833096988,-0.5503848971741332,0.141,0.212,1
TBX20,0.2931712970558836,-0.551502543485076,0.156,0.203,1
FDFT1,0.11991105822116387,-0.5524704704189942,0.188,0.273,1
DHX8,0.31058199102354,-0.5524704704189944,0.109,0.155,1
FUT8,0.07946449527238413,-0.5527123507181424,0.562,0.663,1
CDKL5,0.9633214801370724,-0.5531709778573208,0.281,0.253,1
BRAF,0.3253989178869466,-0.5541170694650268,0.797,0.791,1
CCSER2,0.01692483164332251,-0.5543568542354276,0.5,0.643,1
XPO5,0.13173557381480389,-0.5547264443593618,0.047,0.108,1
UBE3A,0.04927975227492298,-0.5547264443593621,0.562,0.656,1
LRIF1,0.39198423613812666,-0.5547264443593622,0.078,0.11,1
ZC3H3,0.4002840224269244,-0.5547264443593622,0.078,0.11,1
UBP1,0.24605124185796,-0.5555931881768945,0.156,0.214,1
BARD1,0.42610950286953403,-0.5555931881768945,0.109,0.143,1
PILRB,0.1545741054773599,-0.5569788960907409,0.172,0.249,1
GNAS,0.3774559626984005,-0.5578078610457233,0.797,0.736,1
PSMD14,0.08450640577105478,-0.5580376577497732,0.328,0.422,1
SPG21,0.1050612430987536,-0.5581902996629335,0.125,0.211,1
DNMT3A,0.1960959259126613,-0.5583576948062312,0.328,0.401,1
ZBED5,0.31533247311777296,-0.5584785792204698,0.109,0.153,1
HNRNPA0,0.5713729080286589,-0.5584785792204698,0.125,0.145,1
PSG9,0.6423319283631262,-0.5589142413227957,0.328,0.262,1
PRDM2,0.034352549264158636,-0.558995350083303,0.266,0.395,1
VEZT,0.07367356563975531,-0.5590746110574494,0.453,0.543,1
TBCEL,0.16766791102935177,-0.5592278365943031,0.094,0.159,1
REV3L,0.01490172267415118,-0.559316538678065,0.594,0.736,1
LRRFIP2,0.1204442991271934,-0.5598405760560045,0.344,0.427,1
REXO1,0.42296139840989216,-0.5603509935532403,0.078,0.108,1
KCNQ1OT1,0.1621424657237379,-0.5605755200560496,0.562,0.642,1
C11orf80,0.18098387123864423,-0.561152713518795,0.062,0.119,1
SERPINB9,0.11295691427675537,-0.5615708254014172,0.172,0.273,1
LINC01473,0.1455395681213312,-0.5620340912058,0.484,0.551,1
GLI2,0.2841704657541177,-0.5622209809062868,0.062,0.104,1
ZNF654,0.16852538348432555,-0.5629003758050624,0.234,0.307,1
XPNPEP3,0.20572863971915317,-0.5629003758050624,0.125,0.188,1
PRICKLE1,0.9070400712287731,-0.563155066429943,0.188,0.171,1
CAMSAP1,0.1808697810422822,-0.5633705387686139,0.141,0.204,1
NSD3,0.002215699993176344,-0.5638219002947795,0.547,0.687,1
CRLS1,0.3666846797445045,-0.5638552338986185,0.203,0.243,1
ZNF638,0.0024892352554724824,-0.564011423253805,0.797,0.898,1
CLMP,0.12372910265006833,-0.5640885475630537,0.234,0.331,1
HYAL4,0.04381562543428782,-0.5659536997826162,0.047,0.138,1
PEX7,0.23581796520081652,-0.5659536997826162,0.078,0.127,1
PDHA1,0.41122442854402586,-0.5659536997826162,0.094,0.126,1
AC015871.1,0.5009545503048674,-0.5659536997826162,0.109,0.135,1
ROBO1,0.05326052023481427,-0.5659536997826164,0.344,0.492,1
EIF4EBP2,0.10104519742089793,-0.5659536997826164,0.109,0.195,1
NDUFAF6,0.3243656500346925,-0.5659536997826164,0.172,0.221,1
MSH6,0.15464778242717367,-0.5659536997826167,0.094,0.162,1
COL4A1,0.07664489686688099,-0.5672113157630716,0.5,0.58,1
TET1,0.20052338788511861,-0.5691455042723259,0.172,0.243,1
BAG2,0.11929951296245565,-0.5693049092822542,0.078,0.152,1
VCAN-AS1,0.4169227264461662,-0.5693049092822542,0.078,0.111,1
AOPEP,0.0024411986839144644,-0.5697746321437199,0.688,0.82,1
FBXO22,0.28273734662104266,-0.5698954919639909,0.188,0.244,1
ACSS1,0.03935347664855315,-0.5703615707363916,0.328,0.457,1
PTBP2,0.011517827127206772,-0.5705740241187661,0.531,0.649,1
CREB3L1,0.17187129072010926,-0.5707387623479931,0.047,0.1,1
TMEM168,0.3228404264691835,-0.570879259503569,0.406,0.431,1
DAP3,0.6027228500241124,-0.5712415311423791,0.281,0.283,1
TMEM185A,0.3866694902497289,-0.5715347320459161,0.078,0.111,1
LUC7L2,0.006715764057980036,-0.5722030073798242,0.656,0.797,1
RND3,0.12317590006127982,-0.5729998434147379,0.141,0.226,1
ARNTL2,0.2604993957713089,-0.573390288624398,0.078,0.125,1
SLC37A3,0.2937851069223837,-0.573390288624398,0.109,0.155,1
PAXBP1,0.1315494320081343,-0.573509920038778,0.359,0.438,1
SDHA,0.2140476177934238,-0.5736755471603525,0.156,0.219,1
IMMT,0.06208408815796193,-0.5738265435539058,0.156,0.269,1
UQCC1,0.16747679665958712,-0.5743171727172429,0.188,0.26,1
CLCN3,0.05169687335957589,-0.5748730174711385,0.281,0.398,1
HCG17,0.4578304173995125,-0.5750750897511647,0.141,0.171,1
MRPS6,0.5992061077404642,-0.5752434616998754,0.25,0.259,1
ALKBH5,0.2749563294520784,-0.5755080064958649,0.078,0.123,1
MMS19,0.26727791368340736,-0.5759840649198811,0.125,0.176,1
LINC01184,0.6196367103886784,-0.5759840649198811,0.109,0.128,1
UBA3,0.15526115742848415,-0.5765100520585587,0.219,0.294,1
USP34,6.95725264266844e-4,-0.5777770283617005,0.781,0.901,1
POSTN,0.3031089676030426,-0.5781027824487326,0.062,0.104,1
PDS5A,0.010201003430618296,-0.578582199524285,0.75,0.807,1
IGDCC4,0.2429717443714722,-0.5793120826376352,0.094,0.146,1
AK3,0.49692464839597,-0.5796142493663322,0.266,0.286,1
FTO,0.014727635039147948,-0.579727545575248,0.656,0.747,1
BCL2L13,0.15551561772801692,-0.5800117407701111,0.203,0.279,1
KIAA1586,0.2212146354184526,-0.5802615364664998,0.078,0.13,1
NFRKB,0.35258007415057574,-0.5802615364664998,0.094,0.131,1
NMD3,0.019373811542810822,-0.5812498868791282,0.141,0.29,1
CALD1,0.0013030000452770394,-0.581439727663781,0.438,0.699,1
RNF207,0.08525005462423968,-0.5826324409292463,0.047,0.12,1
COMMD1,0.0045165016519905605,-0.5826324409292467,0.531,0.7,1
SKIL,0.4380270620002055,-0.5826324409292467,0.172,0.204,1
ERI1,0.3185008561274348,-0.5835049508082077,0.219,0.265,1
PEG3,5.872283804047514e-4,-0.5836270600936942,0.344,0.621,1
CTNNB1,0.13557283029622294,-0.5840136713276073,0.625,0.675,1
MDFIC,0.19335457000044742,-0.5842897587920206,0.188,0.256,1
AASDH,0.1752076127189986,-0.5844737877534145,0.094,0.157,1
PURB,0.540610335780905,-0.5844737877534145,0.125,0.147,1
MIPOL1,0.9568664878890591,-0.5844737877534145,0.109,0.107,1
ZFPM2,0.4829424456206415,-0.5845820291190267,0.328,0.367,1
UBE3C,0.03742998021001226,-0.5851813727599419,0.562,0.64,1
RCL1,0.2779963018362971,-0.5864541518816551,0.141,0.194,1
FAM106A,0.3090378110623998,-0.5864541518816551,0.156,0.203,1
SAR1A,0.2200729665189156,-0.5865753103987021,0.266,0.321,1
SLC25A40,0.18076397069469718,-0.5867721712901708,0.078,0.138,1
NIPAL1,0.19968842082423244,-0.5867721712901708,0.062,0.115,1
LNX2,0.5258506071489516,-0.5867721712901708,0.109,0.133,1
ADGRL2,0.17466147543223104,-0.5867721712901709,0.109,0.176,1
ENG,0.7278848126407358,-0.5872681416294009,0.328,0.267,1
THUMPD3-AS1,0.1924210806092451,-0.5873625928416437,0.172,0.239,1
TTC28-AS1,0.20235545820177905,-0.5892503196937544,0.109,0.168,1
LMCD1-AS1,0.46906735951738965,-0.5892503196937544,0.078,0.107,1
PIGL,0.1503832054262447,-0.591534069246008,0.141,0.217,1
ANAPC10,0.1339285982435078,-0.5922733983215407,0.234,0.315,1
NR2C1,0.18874793427888137,-0.5925479097943294,0.172,0.241,1
XPC,0.35636731208665656,-0.5931466626731827,0.141,0.182,1
NELFCD,0.20748811659473732,-0.5936454336516648,0.062,0.114,1
RNF170,0.15926796981354846,-0.5944288683930936,0.156,0.228,1
MAP4K3-DT,0.19286861114258597,-0.5944288683930938,0.203,0.268,1
TIMM23,0.18939589833206888,-0.5954727867026715,0.109,0.171,1
GORASP2,0.09557780944607866,-0.5956650050815966,0.188,0.286,1
DGCR2,0.17396293928267978,-0.5961367052789943,0.125,0.193,1
SMC5,0.01691781026874053,-0.596291194227141,0.562,0.675,1
NVL,0.17139261178160736,-0.5973938189983474,0.203,0.278,1
AFAP1,0.45277538277599827,-0.5973938189983474,0.328,0.273,1
SRPK2,0.004579903241397465,-0.5981164840756928,0.703,0.805,1
KIFC3,0.13961696746911056,-0.5991205637178156,0.141,0.218,1
ADAMTSL4,0.15948209215817089,-0.5991205637178156,0.156,0.229,1
MINK1,0.17065458438795048,-0.5991205637178156,0.109,0.178,1
USP3-AS1,0.2773216896616309,-0.5991205637178156,0.078,0.123,1
MTRR,0.3044014989222523,-0.5991205637178156,0.062,0.101,1
DCAF6,0.306110151746763,-0.5991205637178156,0.688,0.664,1
PRPSAP1,0.3406036790908782,-0.5991205637178156,0.078,0.115,1
ROBO2,0.8770997191675368,-0.5991205637178159,0.125,0.116,1
GATAD2B,0.058012900767534306,-0.5999610502204041,0.406,0.509,1
PHF12,0.11007160431033668,-0.6018503564733879,0.125,0.21,1
PPP1R12B,0.0047484140044707765,-0.6020982635177112,0.484,0.664,1
NFIB,0.03066656296736202,-0.6030894659207612,0.312,0.473,1
BAZ1B,0.0390470362621056,-0.6034857562792176,0.281,0.417,1
RGPD5,0.19599461782498676,-0.6037970509272887,0.078,0.134,1
PPP2R2A,0.03401393710055264,-0.6038723540585995,0.578,0.666,1
TRMT11,0.034290886737024774,-0.6070474794894447,0.266,0.389,1
RMND5A,0.14696913961916122,-0.607294495163516,0.078,0.144,1
AL139260.1,0.3044816145324059,-0.607294495163516,0.125,0.172,1
PACS1,0.010214300207667488,-0.60787657910963655,0.453,0.608,1
WRNIP1,0.22845097642148765,-0.6080352885255631,0.125,0.183,1
CD151,0.5024040427353083,-0.6084584282971517,0.094,0.118,1
QRICH1,0.23154646344302715,-0.6093307623200346,0.203,0.263,1
PRKD2,0.2455787663444603,-0.6100088798605516,0.062,0.108,1
FKBP14,0.3101866864754526,-0.6100088798605516,0.062,0.101,1
ITGA9-AS1,0.39947169080435196,-0.6100088798605519,0.141,0.176,1
RER1,0.39605652774681377,-0.6107834812433959,0.203,0.237,1
AMBRA1,0.04152331764454398,-0.6108764054675037,0.484,0.585,1
ATP5MC3,0.2940865001854104,-0.6109946640061075,0.109,0.158,1
PEX13,0.17990547697704953,-0.6113641594725627,0.094,0.155,1
SKI,0.07001176891207775,-0.611364159472563,0.156,0.257,1
IGSF1,0.11319723014310534,-0.6121767165432623,0.062,0.135,1
LIG3,0.30997237588429,-0.6121767165432623,0.062,0.1,1
SHQ1,0.34357104253562126,-0.6121767165432623,0.125,0.166,1
SSBP1,0.371330851952344,-0.6127181671185382,0.172,0.21,1
BRCA1,0.2631178742099502,-0.613620133412931,0.094,0.141,1
YWHAG,0.22902351049717656,-0.6143413006565848,0.188,0.247,1
SERTAD2,0.08938379671546777,-0.6149591572145889,0.281,0.38,1
ELP3,0.20587244788942013,-0.6154223760469162,0.141,0.203,1
MKRN1,0.3592336175338304,-0.6154223760469164,0.125,0.165,1
RAB2B,0.3819781608785427,-0.6154223760469164,0.078,0.111,1
TLE1,0.02787739785135178,-0.6160706326477531,0.172,0.308,1
SPRED2,0.0830078233321293,-0.6173662726458257,0.188,0.279,1
MCM3,0.2900396300426877,-0.6177362418851629,0.078,0.121,1
POU2F1,0.027758315391266938,-0.617876356976895,0.531,0.637,1
NAA15,0.10056106708026036,-0.6184211196767521,0.281,0.382,1
TMEM120B,0.04502943608392526,-0.6186607501134609,0.062,0.16,1
MYNN,0.264370235395583,-0.6186607501134609,0.062,0.105,1
ELL2,0.7959378773350863,-0.6189064058238292,0.562,0.53,1
NCOA2,0.03730122440252309,-0.6191110869678045,0.844,0.891,1
EXTL3,0.37806495945712937,-0.6191583169543606,0.094,0.13,1
SEPTIN11,0.02857828118684439,-0.6192197330604932,0.594,0.682,1
KALRN,0.07380567281503583,-0.6192767599609449,0.141,0.243,1
SHTN1,0.4014457206576217,-0.6197648736338396,0.406,0.414,1
UBE2D2,0.15314599722832548,-0.6199181573132998,0.453,0.497,1
GSK3B,9.793800419441064e-4,-0.6222747449702221,0.781,0.877,1
CCAR1,0.0020186219928092857,-0.6226985222450644,0.375,0.574,1
TARS,0.183389812114201,-0.6227718317824609,0.125,0.19,1
CREB5,0.4205249746930301,-0.6227718317824609,0.094,0.125,1
LIMS1,0.03990293464648339,-0.6231082867917729,0.5,0.601,1
LARGE2,0.06830305343939184,-0.6235047223447747,0.047,0.126,1
XPNPEP1,0.3248763006760813,-0.6235047223447747,0.109,0.151,1
UQCRH,0.3313999116980444,-0.6235047223447752,0.141,0.185,1
CASC9,0.3489346770996639,-0.6241245698477103,0.094,0.134,1
SCARB1,0.8701653620497243,-0.6245556110940864,0.234,0.229,1
DPH6,0.07393259242130314,-0.6246556558249532,0.453,0.551,1
TIMMDC1,0.14412678639672213,-0.6246556558249532,0.156,0.234,1
MAPK14,0.00158124734976846,-0.6259556063916139,0.359,0.564,1
ZUP1,0.20182563852532778,-0.6261888069159864,0.062,0.114,1
PIM3,0.4576854627043792,-0.6261888069159864,0.078,0.105,1
RSU1,0.028443221030572712,-0.6264325671667799,0.359,0.51,1
ZC2HC1A,0.14283997033143284,-0.6266013001399227,0.25,0.339,1
DGKD,0.7794462127020798,-0.6271636008996186,0.234,0.236,1
BTRC,0.0029687624951357664,-0.6274559107052767,0.516,0.663,1
ZNF345,0.14133505586250855,-0.6275289789035696,0.078,0.145,1
BTBD8,0.39755481274742305,-0.6275289789035696,0.109,0.143,1
DHX15,0.03963404060857681,-0.6275289789035698,0.516,0.601,1
ITCH,0.0046448389396438975,-0.62752897890357,0.781,0.841,1
BTBD11,0.5254828518068031,-0.6281633629552232,0.109,0.138,1
PCSK7,0.11177239390528203,-0.6286245580278986,0.109,0.192,1
CAMTA1,0.4043232212947099,-0.6286245580278987,0.266,0.294,1
UBE2Z,0.08435439575317032,-0.6290737858194435,0.141,0.229,1
COA1,0.07389699735847827,-0.6305074805620663,0.312,0.409,1
AK2,0.34524017616883723,-0.6315420414101931,0.109,0.148,1
GLTP,0.3939334537018516,-0.6315420414101931,0.094,0.127,1
CDK13,0.007926820461313322,-0.6315420414101932,0.609,0.758,1
AC060809.1,0.015322814402619473,-0.6315420414101935,0.047,0.168,1
ACVR2B,0.2939204408707626,-0.6315420414101935,0.062,0.102,1
CLINT1,0.01604552636216252,-0.6340060813616741,0.375,0.527,1
SMARCB1,0.23409191323063405,-0.6342112281861776,0.141,0.197,1
TMEM8A,0.34263364089035886,-0.6355439719676892,0.109,0.148,1
PPP1R15B,0.39844390446829453,-0.6361147712000172,0.188,0.221,1
ZNF224,0.18836888102812538,-0.6368754857132339,0.062,0.116,1
NDUFB5,0.3534952496010234,-0.6368754857132339,0.078,0.114,1
TMED10,0.26528945312261415,-0.6383957124512554,0.172,0.226,1
KIAA0355,0.007317147262980916,-0.6384573094899213,0.328,0.52,1
PRCC,0.30860442662730314,-0.6395348321637235,0.109,0.152,1
TMEM63A,0.10764769544168405,-0.639534832163724,0.125,0.21,1
SCAPER,0.00433767809943565,-0.6396066384022419,0.703,0.8,1
CDK8,0.10498303425111254,-0.64403298559339,0.219,0.307,1
TAF1D,0.06999938878859734,-0.64594853100328,0.328,0.437,1
TMEM184B,0.06639469824508257,-0.6464262784961721,0.141,0.24,1
LMBR1,0.14158575279933416,-0.6464262784961725,0.5,0.548,1
A2ML1-AS1,0.3639566211608671,-0.6474835852792147,0.078,0.112,1
RAB3GAP1,0.017815573079069943,-0.6481175976123755,0.516,0.641,1
GK5,0.2956538389580826,-0.6489241196384294,0.141,0.188,1
COL6A6,0.6741579719481083,-0.6492440431436521,0.094,0.108,1
DDHD1,0.19175947298666368,-0.6503632170554019,0.25,0.311,1
LINC02315,0.006362169158025753,-0.6511375214854297,0.188,0.361,1
CCDC57,0.1960249400322617,-0.6511375214854298,0.156,0.221,1
CCND3,0.1851753910813142,-0.6514415988478981,0.078,0.135,1
PPFIBP2,0.2776922092727127,-0.6520061439699087,0.141,0.192,1
SEM1,0.22762643153871415,-0.6520789724128879,0.359,0.405,1
SSH2,0.03492860401332993,-0.6526402008862865,0.625,0.729,1
MRPS16,0.29095574844305516,-0.652758527319889,0.078,0.12,1
AL117336.2,0.2960454719795889,-0.652758527319889,0.078,0.119,1
KDM5C,0.32721185017384963,-0.652758527319889,0.078,0.116,1
ECPAS,0.01455703991485751,-0.6531796906686365,0.5,0.632,1
WIPF2,0.07356684475560224,-0.6533126640814124,0.203,0.311,1
FBXO9,0.07252819789241699,-0.6536739429856839,0.234,0.341,1
PPME1,0.7153153880588943,-0.6549737984513331,0.234,0.238,1
PURA,0.3489140946359457,-0.6573583332143302,0.219,0.256,1
CSRP1,0.15760240910782045,-0.6580142527713839,0.047,0.103,1
SLC25A25,0.4041522291990602,-0.6580142527713844,0.078,0.109,1
DNM3,0.2601486713684785,-0.6587635101452172,0.062,0.107,1
TDP1,0.32956465782664446,-0.6587635101452172,0.094,0.133,1
GOLGA3,0.06893113852024708,-0.6587635101452174,0.141,0.242,1
LSG1,0.18361642999952857,-0.6593251979237311,0.094,0.154,1
LY6E,0.4156504949879667,-0.6597619150576519,0.094,0.126,1
YTHDF2,0.2986811658238578,-0.6610089503508614,0.203,0.247,1
IP6K2,0.05857259348451287,-0.661158522176291,0.156,0.264,1
WDR33,0.005656708020815177,-0.6624666146050938,0.391,0.561,1
AHR,0.002195357655198938,-0.6625039712524083,0.156,0.33,1
ZFY,0.4750183802383531,-0.6632509011375312,0.141,0.168,1
SMC6,0.12055937018241977,-0.6632509011375314,0.188,0.274,1
ZNF337,0.3323302902066378,-0.6632509011375314,0.078,0.116,1
FUBP3,0.035713231571295974,-0.6632509011375315,0.234,0.371,1
SUCO,0.019851606733109962,-0.6643319765278626,0.281,0.429,1
PRKRIP1,0.057818794735996104,-0.6648181962844917,0.203,0.313,1
NAA35,0.027529520773276004,-0.6657577567481061,0.234,0.371,1
HSPB11,0.07029219173518433,-0.6658621145940693,0.109,0.205,1
WWOX,0.053915541828991574,-0.6663351448750012,0.75,0.82,1
POLI,0.19263051165422232,-0.6674265771087242,0.188,0.251,1
TOR1AIP2,0.04112290945309444,-0.6677243777168393,0.359,0.46,1
MRE11,0.5639108960850673,-0.6684686104085507,0.25,0.26,1
ORC4,0.23313782383423579,-0.6692124593762481,0.25,0.307,1
SRSF4,0.0028379913983737747,-0.669725235298081,0.547,0.712,1
DAZAP1,0.21786327194401597,-0.6699559250154217,0.188,0.247,1
KMT2C,8.994372009576287e-5,-0.6708493827521884,0.938,0.964,1
YY1AP1,0.08683911449359503,-0.6710704055968306,0.141,0.232,1
LRIG2,0.02719784936694409,-0.6715902020502607,0.125,0.258,1
CSPP1,0.047036755285532965,-0.6717791725189166,0.281,0.402,1
CEP70,0.08604062166293446,-0.6721840259075393,0.047,0.117,1
PLCL1,2.1990310807848594e-4,-0.6725827256588369,0.328,0.148,1
GBF1,0.017652051842092096,-0.6730186773863522,0.516,0.619,1
PTBP1,0.3458700050924822,-0.6736675170828696,0.172,0.211,1
C18orf54,0.22519307142662864,-0.6736675170828699,0.062,0.11,1
ATIC,0.4543889722354018,-0.6746107633020793,0.156,0.184,1
IGF2BP3,0.001215759083794016,-0.6747730631614068,0.703,0.849,1
NUDT21,0.21792886394008107,-0.6749643217013217,0.094,0.148,1
GALNT2,0.573480261869041,-0.6757418453207282,0.234,0.251,1
PLS3,0.5053553617558642,-0.6757418453207285,0.109,0.134,1
ZNF586,0.17502736452210735,-0.6761075938436376,0.203,0.269,1
TAF1B,0.10791457961428891,-0.67662993093873125,0.234,0.321,1
ZNF587B,0.12404927139702164,-0.6774368073808426,0.125,0.203,1
AC010343.3,0.6535308413202459,-0.6774368073808426,0.094,0.109,1
CPPED1,0.11074856261945537,-0.6777392697407094,0.25,0.341,1
STT3B,0.002223223073725468,-0.6786090772168931,0.562,0.713,1
ACVR1,0.12790890800701768,-0.6788477561885498,0.141,0.219,1
KIF2A,0.04654179698383014,-0.6796639910283646,0.438,0.548,1
SURF4,0.07169496586118604,-0.6810621772539918,0.141,0.243,1
UBE2Q2,0.10032944282284255,-0.6814309172025523,0.234,0.318,1
EHMT1,8.293652031315837e-4,-0.6817176497963391,0.5,0.692,1
DNAJC21,0.2565661577096312,-0.6827207653357561,0.203,0.254,1
NCAPD3,0.33554517638499337,-0.684009461304329,0.109,0.15,1
PREP,0.07747399185187877,-0.6845517259379967,0.172,0.27,1
SLC35A3,0.1260537004442737,-0.6852213009731369,0.203,0.284,1
CASD1,0.14227319695659638,-0.6865834049681552,0.234,0.316,1
SMC5-AS1,0.15241216230909782,-0.6865834049681552,0.078,0.14,1
ZCCHC7,0.007424190378922148,-0.6868691154435692,0.734,0.82,1
ZNF438,0.1109800870861015,-0.6870371540018969,0.156,0.244,1
ADIPOR2,0.2042973074255146,-0.6870371540018969,0.188,0.25,1
PCMTD1,0.021855989104097535,-0.6874403667046021,0.5,0.598,1
MMP16,0.9589444678157081,-0.6874403667046021,0.141,0.132,1
CRADD,0.17998373729320563,-0.6874403667046022,0.234,0.296,1
CCDC85C,0.1684314788483677,-0.6881255697765609,0.047,0.1,1
PGP,0.29612391025611956,-0.6881255697765609,0.062,0.101,1
COL4A2,7.785634820928138e-4,-0.6897077006544021,0.406,0.642,1
AC093157.1,0.4840527686593833,-0.6904357304637618,0.109,0.135,1
AC114763.1,0.4783096813076732,-0.6908631323453913,0.109,0.136,1
IFT43,0.25105475236661445,-0.6920835833452439,0.172,0.225,1
R3HDM2,0.008046568189561622,-0.6934248880481892,0.656,0.751,1
PDXDC1,0.002033820763422267,-0.6942777967581557,0.484,0.663,1
ZNF507,0.1064788850548444,-0.6942777967581557,0.156,0.242,1
ANTXR2,0.18761293243728314,-0.6942777967581558,0.453,0.519,1
MAML1,0.1929427759478737,-0.6942777967581559,0.078,0.134,1
WDR25,0.21409073926203756,-0.6942777967581559,0.062,0.112,1
ZNF808,0.28744182134462887,-0.6942777967581559,0.062,0.102,1
PPP3CC,0.07128950262658104,-0.6963227227431803,0.359,0.444,1
PECAM1,0.14216791193922584,-0.696637069632078,0.109,0.061,1
UBAC2,0.0032783908337359934,-0.6973884911055287,0.562,0.722,1
BTBD3,0.09332481816109017,-0.6974497182430368,0.281,0.364,1
JARID2,0.10081345525801375,-0.6975297270631291,0.594,0.633,1
ACO2,0.23235513639362906,-0.6976843982014054,0.109,0.163,1
MTHFD2L,0.4356443715542189,-0.6986562372687302,0.094,0.123,1
KLHL5,0.31397101694877805,-0.6987628626736705,0.281,0.324,1
KLHL29,0.20023524298922643,-0.6989924906302076,0.094,0.15,1
TIMM17A,0.22354990954673354,-0.6993846871912446,0.078,0.128,1
BACH1,0.0926430883356061,-0.70027099963865,0.672,0.731,1
OGFOD1,0.26527132997235603,-0.7004038995549973,0.062,0.104,1
FAM3C,0.13556230481268083,-0.700840484530606,0.156,0.232,1
ECD,0.15920789116980713,-0.7010829746632705,0.109,0.175,1
ACAD11,0.5116679385578977,-0.7015678326886334,0.234,0.256,1
TRIM33,3.1701837848031146e-4,-0.7017132583266669,0.625,0.757,1
GRK5,0.059274232724026536,-0.7019313693015911,0.375,0.47,1
GCSH,0.2651473130395952,-0.7019313693015912,0.094,0.141,1
ARHGAP28,0.09690961731078528,-0.7033442526197736,0.312,0.42,1
SPECC1L,0.0028925331975336657,-0.7049572839158145,0.562,0.721,1
PAX8-AS1,0.17176148487868653,-0.7050710768321584,0.203,0.268,1
SPATA5,0.021609107025804368,-0.7053968887217295,0.344,0.492,1
UBE2H,0.008602326621881744,-0.7065040990914151,0.703,0.77,1
CRAMP1,0.09619460400300361,-0.7065040990914153,0.109,0.194,1
FNDC3B,6.814185866897606e-4,-0.7067027813426328,0.922,0.96,1
STAT5B,0.12556305043763796,-0.706901043664256,0.375,0.449,1
CEP152,0.14726897938347994,-0.7071447274504716,0.156,0.234,1
CTTN,0.01154867007366462,-0.7073734543698391,0.109,0.249,1
DLC1,0.14567736077302426,-0.7074586570889478,0.312,0.384,1
POLA1,0.29670537952832077,-0.7091551094785065,0.359,0.407,1
UPF3A,0.06643588685454264,-0.7095445534114662,0.203,0.305,1
SLC16A1,0.08079767504060026,-0.7095445534114664,0.078,0.162,1
FIP1L1,0.008770113190333105,-0.7103879881276194,0.359,0.528,1
PI4K2B,0.0691739552262812,-0.7107122548438007,0.125,0.223,1
POM121C,0.13025649755536864,-0.7112309300393531,0.109,0.182,1
IPO9-AS1,0.18036294332237357,-0.7112309300393531,0.094,0.153,1
PIK3C2A,0.0031114036384954687,-0.7116376913062192,0.484,0.684,1
BRD1,0.11062905024394482,-0.712073379722205,0.141,0.223,1
FAM192A,0.17719093338956782,-0.712073379722205,0.156,0.222,1
KLHL22,0.15227479910627667,-0.7125786135010994,0.188,0.26,1
FAM151B,0.198338648353845,-0.713044826153691,0.141,0.204,1
TBC1D22B,0.16861730173874465,-0.7133361325738403,0.094,0.157,1
IWS1,0.07795036090376581,-0.7138769742074992,0.281,0.375,1
CEP85L,0.08792963331382653,-0.7157842080474521,0.484,0.541,1
PCNP,0.08358865889313884,-0.7167201721654555,0.234,0.32,1
DGUOK,0.10154009076843257,-0.717117773116267,0.078,0.152,1
FANCM,0.3924779871098444,-0.717117773116267,0.109,0.143,1
CTDSPL2,0.07355466915205708,-0.7171177731162672,0.281,0.374,1
USO1,0.007591826527684081,-0.717446143446782,0.469,0.625,1
UBXN7,0.1267211828632184,-0.7175620210153553,0.203,0.286,1
GXYLT1,0.27055678168682956,-0.7181964236643752,0.188,0.235,1
CALCOCO2,0.2985655628630948,-0.7203513083680488,0.094,0.136,1
DFFA,0.3363954109987338,-0.7203513083680488,0.094,0.132,1
TAB3,0.05301592464365993,-0.7219164780804356,0.219,0.327,1
CAVIN1,0.22353053348251672,-0.7246514458016748,0.094,0.147,1
IL1RAP,0.8454032865785808,-0.7257642071687493,0.234,0.228,1
PDLIM1,0.24657782502100092,-0.727153953004845,0.141,0.193,1
ANKMY1,0.2891930285850754,-0.7273812385572467,0.141,0.187,1
PPP4R2,0.0034702792371874964,-0.7275807768403464,0.422,0.597,1
CEBPZOS,0.28774705270789985,-0.7279871583649311,0.125,0.171,1
AP3S2,0.05410418991704775,-0.7281831367719278,0.172,0.28,1
SPATS2,0.2767174181522089,-0.7284035806627822,0.188,0.234,1
SPTLC1,0.07328782233550739,-0.7296521268600411,0.219,0.317,1
AC093515.1,0.4965810771826228,-0.7296521268600411,0.172,0.2,1
TXLNG,0.2780397625090949,-0.7306501864231176,0.062,0.103,1
FRMD3,0.9824500649336412,-0.7306501864231179,0.109,0.104,1
ZNF292,0.0011489806037666976,-0.7311290098728795,0.703,0.838,1
AC004160.1,0.08856729490454382,-0.7313151760826857,0.062,0.138,1
SAP30BP,0.08528109219673256,-0.732145982348599,0.078,0.158,1
ITPRID2,0.1511888120096545,-0.7321459823485991,0.25,0.325,1
ENTPD1,0.6064766501966934,-0.7329190617852752,0.281,0.221,1
CARHSP1,0.3546374960091775,-0.7332134593050985,0.094,0.13,1
ACTN4,0.006323283056235353,-0.7338061609447932,0.312,0.49,1
SGCE,0.007493982516936444,-0.735018161359934,0.172,0.35,1
TNRC18,0.04511832996091336,-0.7357721860311937,0.422,0.508,1
ZNF525,0.2614938197898328,-0.7366240874677508,0.062,0.105,1
ERI2,0.2913564902756282,-0.7366240874677508,0.062,0.101,1
ARHGAP17,0.030671732723613926,-0.7369747242518045,0.422,0.545,1
GTF3C2,0.24430097741420287,-0.7374754861592581,0.094,0.143,1
NPRL3,0.21136545875952667,-0.7396017872676461,0.125,0.182,1
COPS4,0.2761550476401301,-0.7396017872676461,0.078,0.121,1
ARHGAP42,0.12220542805706697,-0.7397809706549334,0.5,0.558,1
PNPLA8,0.2174451200581988,-0.740309858467572,0.266,0.314,1
MTHFS,0.1302414536101103,-0.740592989670696,0.156,0.235,1
ZC3H14,0.1357938634255384,-0.7412534131388044,0.219,0.294,1
BRD7,0.10273358499358817,-0.7429031503578971,0.219,0.303,1
PSMD4,0.16477680327216623,-0.7433152900667102,0.094,0.157,1
CMAS,0.04419004670569606,-0.7436524077317306,0.094,0.196,1
POLE2,0.347130952392515,-0.7445510032393798,0.078,0.114,1
PLCL2,0.5914426632768736,-0.7454366564927764,0.75,0.641,1
OSMR,0.08574294470686233,-0.7455388122754982,0.188,0.288,1
NBPF3,0.17038513140969855,-0.7459619520470868,0.078,0.137,1
PRKCI,0.22363102474561683,-0.7465259454244371,0.188,0.243,1
DNAJC24,0.1299590175082186,-0.7478410731735643,0.094,0.163,1
PPP2R3A,0.016770896894991973,-0.7480757913130047,0.219,0.371,1
SFXN1,0.10571960343930696,-0.7480757913130047,0.156,0.243,1
CCDC6,0.17265556166204002,-0.7484981877560424,0.234,0.299,1
FN1,0.09547762055701281,-0.7485227215084069,0.453,0.569,1
FAM117B,0.0986278081707878,-0.7492692014241068,0.172,0.267,1
IDH3A,0.21457503593775792,-0.7494832987816102,0.078,0.129,1
AC009264.1,0.3857890480068856,-0.7498620085989545,0.109,0.144,1
FBXO31,0.2106774797171804,-0.75145150514539,0.109,0.167,1
AC074032.1,0.11198161421854756,-0.7543987891957267,0.094,0.17,1
MICALL1,0.1571642513999764,-0.7543987891957267,0.078,0.14,1
OFD1,0.16521268861472813,-0.7543987891957267,0.125,0.19,1
PCTP,0.282803468887418,-0.7543987891957267,0.062,0.102,1
ZNF451-AS1,0.3939271435715009,-0.7543987891957267,0.109,0.143,1
LNPEP,0.006857836541425032,-0.7558343067677865,0.5,0.64,1
SEC16A,0.0781684419471234,-0.7573400645078494,0.109,0.199,1
LEPR,0.2359550783943151,-0.7573400645078494,0.094,0.145,1
KDM5B,0.012246311516375381,-0.75779203664215,0.219,0.362,1
INTS1,0.2374337406836922,-0.759297588608566,0.078,0.126,1
FBLN1,9.496339806161115e-4,-0.7597965320826342,0.406,0.675,1
MAP4K3,0.003041539752606458,-0.7609268321932243,0.734,0.793,1
PDE4B,0.7573704851421129,-0.7613822355464555,0.516,0.533,1
HELLS,0.06501225930571727,-0.7622289036181507,0.109,0.204,1
DIAPH2,0.10417725224770394,-0.7627168775923239,0.766,0.816,1
LTBP3,0.0763866096882064,-0.7627865746884455,0.062,0.141,1
DLGAP4,0.18704478341722916,-0.7627865746884455,0.156,0.223,1
FSTL1,0.011915219769048722,-0.7638316272809651,0.188,0.359,1
GPR158,0.43555159468532273,-0.7641798099883124,0.078,0.106,1
ZBTB44,0.03635309810581222,-0.7650657142475826,0.203,0.328,1
MAN2A1,0.15382939137076743,-0.765466699565354,0.531,0.578,1
ZNF609,3.152781371850499e-4,-0.7656232268579808,0.625,0.782,1
AKIRIN1,0.1485419729197844,-0.7666147389053659,0.156,0.226,1
ALG14,0.10371036706207062,-0.7669622506596387,0.062,0.132,1
RP2,0.4113072606691606,-0.7674254694919664,0.125,0.157,1
SEMA3B,0.05917041532340499,-0.768188094085323,0.078,0.167,1
CHSY1,0.034255223248498994,-0.7690455651601281,0.516,0.616,1
NUP35,0.08467649845162181,-0.7690455651601282,0.047,0.118,1
MIER3,0.17607169324530042,-0.7690455651601282,0.078,0.135,1
LENG8,0.1297662562528074,-0.7706638435585109,0.109,0.181,1
CEP44,0.21593501322140976,-0.7714723025546681,0.141,0.197,1
AHSA1,0.27994231458882274,-0.7719571605800315,0.062,0.103,1
RHOBTB3,0.18447003416141144,-0.7738949648215239,0.641,0.661,1
SPAST,0.08177097757600738,-0.7746395816333511,0.141,0.234,1
ZNF714,0.17690739526840504,-0.7746395816333511,0.156,0.221,1
UBR1,0.006222262366374918,-0.7751047720545903,0.5,0.628,1
ZNF195,0.21566564657420942,-0.7752775188716425,0.094,0.146,1
ZKSCAN1,0.06314204070468857,-0.775507815789825,0.203,0.309,1
BCAR3,0.03114837729203879,-0.7755633991937688,0.547,0.624,1
HACE1,0.44418515036571826,-0.775998325801895,0.453,0.488,1
DDX50,0.1358675396197289,-0.7763135656241673,0.156,0.23,1
PSME4,0.008785264483258956,-0.7766287365791922,0.484,0.614,1
PUS7,0.3117718091465089,-0.7794172492325666,0.094,0.134,1
SUPT3H,9.148488414925946e-4,-0.7797999574187217,0.375,0.591,1
C22orf34,0.385150780295335,-0.7799338813028642,0.078,0.111,1
WDR43,0.03500414196403291,-0.7799338813028643,0.25,0.368,1
BRD4,0.02729495780666048,-0.7821017179855745,0.609,0.683,1
SETD5,5.51599063171037e-5,-0.7823080088332682,0.656,0.806,1
ST5,0.1328989665306517,-0.7825498295098756,0.234,0.307,1
FAM160B1,0.06398342856025901,-0.7835451348552429,0.172,0.274,1
CC2D2B,0.2115156364762345,-0.7835451348552431,0.062,0.113,1
ARFGAP1,0.2324678690598081,-0.7835451348552431,0.078,0.126,1
PUS10,0.3148166097764524,-0.7835451348552431,0.078,0.116,1
CDKL3,0.16221294031121822,-0.7835451348552436,0.047,0.1,1
ZNF862,0.20356982257053113,-0.7835451348552436,0.062,0.112,1
AC008443.1,0.23731458914463066,-0.7835451348552436,0.062,0.108,1
SEC61G,0.30855220274826756,-0.7835451348552436,0.062,0.1,1
BRWD1,0.001873854948652484,-0.7842785221662437,0.828,0.842,1
RASSF8,0.04710173944214383,-0.7856046570335374,0.219,0.333,1
NEK11,0.3897717009236956,-0.7861658350143788,0.125,0.161,1
MYCBP2-AS1,0.1708047046105367,-0.7871473715354389,0.094,0.155,1
BCR,0.17176277521913488,-0.7873872011496372,0.188,0.253,1
AL080317.2,0.151180781460971,-0.7893044041439281,0.047,0.102,1
AC011287.1,9.897632462809803e-5,-0.7895054789591835,0.438,0.713,1
AC006206.2,0.27447193125625863,-0.789942906053394,0.094,0.14,1
PPARD,0.00963573829308729,-0.7909246652208405,0.391,0.538,1
GFPT1,0.0012795257510612695,-0.7924485742366987,0.375,0.563,1
TNKS2,0.002681133081071005,-0.7929361853681491,0.469,0.638,1
MED17,0.15047575168482333,-0.7931311836844412,0.109,0.176,1
UBAP1,0.03812891432998997,-0.7940862946368291,0.328,0.443,1
CDKN1C,0.012985761115232756,-0.7949214983392873,0.469,0.637,1
POLR2J3,0.0013850893229409506,-0.7953774979426789,0.375,0.558,1
MNAT1,0.0011800086052691401,-0.7957011971611807,0.438,0.645,1
TRIO,0.007698339067857266,-0.796709594053691,0.703,0.827,1
IPO7,0.06039441105327809,-0.7967095940536911,0.297,0.385,1
ZNF721,0.007370419065550656,-0.7974395765136238,0.328,0.477,1
KREMEN1,0.17202878915219874,-0.797900427832313,0.094,0.154,1
FXYD3,0.39943195894193195,-0.797900427832313,0.078,0.109,1
RALGAPB,0.03473757729989206,-0.798471679093346,0.312,0.423,1
FAM89A,0.26192965127905965,-0.7988523876430915,0.188,0.235,1
QRSL1,0.12450712392119336,-0.7999395731059118,0.078,0.146,1
PCCA,0.003314150365253978,-0.8005293144861219,0.609,0.729,1
SLC4A7,0.14472830088812433,-0.8014670428525055,0.141,0.215,1
RFC3,0.11870998010156872,-0.801654515406975,0.141,0.224,1
XPOT,0.06506936857745389,-0.8036027871964966,0.109,0.204,1
GALNT7,0.38582130148782523,-0.8040092374149586,0.094,0.126,1
KIF9-AS1,0.050115478937759535,-0.8050248622656948,0.062,0.154,1
APLF,0.10708550968902948,-0.8055714411852419,0.125,0.209,1
DNAJB6,0.016762019397474848,-0.8062496649887956,0.297,0.443,1
STK25,0.11058724633715661,-0.8064455369653221,0.047,0.111,1
GANAB,0.06308944850686166,-0.8069617992864111,0.109,0.208,1
PRKG1,0.254539332753546,-0.8073613594050708,0.328,0.401,1
CDRT4,0.09105977746492964,-0.8073918768096109,0.125,0.212,1
ENTPD7,0.1419842705004461,-0.8073918768096111,0.062,0.124,1
TMEM189,0.25862895651159556,-0.8073918768096111,0.078,0.123,1
FKBP9,0.2722241064171533,-0.8073918768096111,0.078,0.121,1
ACBD3,0.055997056730422365,-0.8094176600222488,0.234,0.342,1
CCDC186,0.006056961035878336,-0.8108838434457534,0.188,0.359,1
PDZD8,0.19507332494390078,-0.8121142870520139,0.141,0.201,1
ZFYVE9,0.03550164642715407,-0.8121142870520142,0.109,0.225,1
NUP107,0.06436598023071083,-0.8121142870520142,0.125,0.224,1
GPR89B,0.17289564643048147,-0.8121142870520144,0.062,0.117,1
SRRT,0.190284280578853,-0.8121142870520144,0.062,0.114,1
STK35,0.22017308694915963,-0.8121142870520144,0.062,0.11,1
SPAG16,0.33308351068491215,-0.8121142870520144,0.109,0.15,1
TFPI2,0.0017068935371842649,-0.8133316579013092,0.938,0.676,1
ELOVL2,0.1869448606495329,-0.8133995388438223,0.141,0.207,1
GUCY1A2,0.5357301614508287,-0.8142886582863511,0.141,0.17,1
SREBF2,0.17834984668441659,-0.8151419797495819,0.344,0.385,1
C1orf112,0.1444567917898738,-0.8152539945825814,0.094,0.161,1
RPS6KA2,0.755980922665088,-0.8152539945825814,0.094,0.102,1
AC096711.2,0.14570811039885567,-0.8161498002871705,0.062,0.122,1
ABCA5,0.014530421166856143,-0.8165739352427139,0.141,0.285,1
EBF4,0.2960907255001941,-0.8168212897295417,0.062,0.101,1
UBR3,0.0012575799770736535,-0.8176042992689193,0.641,0.777,1
TMEM184C,0.19151578492694377,-0.8201740568459654,0.094,0.15,1
RNF214,0.19336349469760025,-0.8201740568459654,0.094,0.15,1
ZNF69,0.039661677575836767,-0.8226835287622012,0.062,0.158,1
PSG5,0.8736310378664696,-0.8226835287622012,0.281,0.26,1
LRBA,0.01266028654366227,-0.8227783961001207,0.75,0.798,1
XYLB,0.31903474305465607,-0.8241871193525889,0.094,0.132,1
ARHGEF7,0.010478048113057387,-0.8248333433458751,0.312,0.465,1
RNF146,0.11659328088964191,-0.8261894722637371,0.125,0.201,1
RAB30-DT,0.10007645257238297,-0.828189049910085,0.078,0.153,1
SRI,0.2822572350888466,-0.828189049910085,0.078,0.121,1
SPACA6,0.12681009302535917,-0.8289881056164106,0.047,0.107,1
CHUK,0.2250826123506484,-0.8289881056164106,0.062,0.109,1
TWIST2,0.21928231434269643,-0.8296869164999641,0.062,0.111,1
ERGIC1,0.18331388808448795,-0.8300044459479032,0.141,0.203,1
YIPF4,0.02017372036815277,-0.8303853890582154,0.203,0.349,1
STMP1,0.21106948607204876,-0.8317813205080908,0.141,0.196,1
FBXO8,0.3050193678943117,-0.8317813205080908,0.125,0.168,1
TSC22D2,0.0013453772327785296,-0.8318302760397769,0.547,0.716,1
MME,0.008721667121273603,-0.8319737568216865,0.344,0.497,1
ZNF138,0.10197276334028851,-0.8331759025798435,0.094,0.171,1
EXT2,0.1279582376603422,-0.833175902579844,0.156,0.23,1
BARX2,0.08614667179370179,-0.8339500882924866,0.062,0.138,1
SH3PXD2B,0.18157756681086007,-0.8349172365762689,0.141,0.208,1
MYO9A,9.616519896093413e-4,-0.8360125547493787,0.688,0.84,1
FAT1,0.4538967841198928,-0.8361597610186648,0.078,0.105,1
EZH2,0.20257918489618487,-0.8361597610186651,0.156,0.216,1
ERI3,0.03474346699833657,-0.8379929188776194,0.141,0.26,1
MRPS31,0.018167233200237363,-0.8381455769425086,0.125,0.264,1
B3GALNT2,0.2559587259985839,-0.8382778675336691,0.172,0.222,1
AL450306.1,0.06059493329483354,-0.8401286632216105,0.047,0.129,1
PREX2,0.41775770024837483,-0.8401286632216105,0.078,0.11,1
TRIM5,0.1898054788965075,-0.8401286632216106,0.172,0.238,1
GH2,0.6769088208427837,-0.8401286632216106,0.141,0.119,1
DOCK1,8.562763578231776e-4,-0.8408135410131998,0.609,0.763,1
AC024901.1,0.3911728416186749,-0.8413892094275275,0.094,0.131,1
CD2AP,0.013664417588084118,-0.8424388239088118,0.344,0.472,1
RBM14,0.14541717297776507,-0.843592518525182,0.109,0.176,1
FILIP1L,0.15418712843730745,-0.8442842927129218,0.203,0.272,1
DELE1,0.08891344840743715,-0.8447452912919808,0.062,0.137,1
JPX,0.0011475382484263932,-0.8448433570936624,0.469,0.651,1
FANCI,0.15227259227942377,-0.845164253118909,0.078,0.141,1
AL110292.1,0.24061590652983306,-0.845215546206959,0.297,0.344,1
ZNF813,0.22340661832571254,-0.8456668467630406,0.062,0.109,1
SOGA1,0.08818944368371345,-0.8476754722749587,0.125,0.211,1
SLC39A10,0.05944102994827675,-0.8478148563667428,0.172,0.281,1
STIM2,0.07462677856368218,-0.8480338613069569,0.109,0.207,1
ZNF626,0.10305825327855392,-0.8482657126599491,0.203,0.287,1
CDYL,0.008948447512923379,-0.8484921361562374,0.625,0.756,1
ZNF462,0.03496429701104696,-0.8504953787798699,0.125,0.244,1
PPFIBP1,0.005422425325158982,-0.8511838517306063,0.359,0.541,1
ATG12,0.018397461787026507,-0.8528771559635986,0.125,0.26,1
SPTBN1,0.00443296229907335,-0.8529665358127227,0.344,0.526,1
DOK6,0.5156191163020785,-0.8534254858350684,0.109,0.137,1
TPK1,0.2205603075256024,-0.8539344627466411,0.375,0.425,1
SLC30A7,0.017225881232010513,-0.8543776189598904,0.375,0.494,1
DCAF1,0.07259471836218807,-0.8551830089438999,0.125,0.217,1
ATN1,0.1602742574558539,-0.8566798394854587,0.062,0.119,1
UFL1-AS1,0.04725455866504408,-0.8585071925364653,0.031,0.111,1
USP45,0.06690899822794234,-0.8594200018303708,0.109,0.2,1
ACO1,0.1626326938956296,-0.8594200018303708,0.125,0.19,1
LINC02246,0.7828154288954454,-0.8601664164581555,0.125,0.134,1
AL117329.1,0.058689941410265206,-0.8619272535001717,0.094,0.187,1
PRMT7,0.09843103837708254,-0.8630654744987698,0.062,0.134,1
FBLN2,0.320698749744866,-0.8637154835392264,0.078,0.116,1
CDK19,0.08002592646464025,-0.8640545024670909,0.469,0.52,1
PDE3A,0.9633141436377082,-0.8644407292706684,0.156,0.155,1
NUMA1,0.10438845893342696,-0.8676093996437177,0.234,0.311,1
NBPF12,0.06515373472715044,-0.867609399643718,0.062,0.146,1
PAQR7,0.2208940582115685,-0.867609399643718,0.062,0.109,1
CREBZF,0.07750635716462834,-0.8710079761055827,0.094,0.179,1
MAPK10,0.09947539814321019,-0.8721390581242316,0.062,0.134,1
FAM168B,0.0673160940906804,-0.872704266766481,0.188,0.285,1
TTLL11,0.21150310446407045,-0.8730432856943455,0.062,0.11,1
AC010894.3,0.09902377929250433,-0.8740000858007468,0.172,0.259,1
DVL3,0.06960091982554588,-0.8743985653063568,0.141,0.235,1
TBPL1,0.09468729287789374,-0.8753658432781521,0.062,0.134,1
XRCC2,0.07876088517653017,-0.876654539246724,0.047,0.121,1
TMEM62,0.052832245722795435,-0.8784567818807096,0.094,0.194,1
APTX,0.10259055400966519,-0.8784567818807101,0.125,0.204,1
SS18L1,0.18209385361485764,-0.8784567818807103,0.062,0.115,1
ETFDH,0.29579205602271097,-0.8799296712795854,0.156,0.197,1
MTMR4,0.08511531630363608,-0.88025677592692,0.125,0.215,1
LINGO2,0.9491314263306941,-0.8805429316675188,0.234,0.221,1
SMARCA2,0.014574936606609357,-0.8811559314816655,0.547,0.634,1
AP4E1,0.02528914193058902,-0.8811559314816655,0.172,0.302,1
DENR,0.03454149550223727,-0.8821927227881545,0.141,0.259,1
SCAP,0.18031306025824764,-0.882381150273682,0.141,0.203,1
CBWD5,0.1024549596832547,-0.8845227825800639,0.094,0.17,1
USP31,0.031098937409673604,-0.8851161179949207,0.125,0.244,1
RAP2C-AS1,0.07221516341105803,-0.8852264790614031,0.375,0.455,1
CCDC138,0.1488245315638243,-0.8865391281785691,0.109,0.177,1
NDRG1,0.3806619516974746,-0.8869228747005518,0.094,0.126,1
BLCAP,0.07347260333618587,-0.8872716466207535,0.125,0.216,1
ERRFI1,0.003266244053353771,-0.8878817946699787,0.094,0.274,1
ARPC1A,0.09402894218022247,-0.8878817946699789,0.094,0.173,1
PPAT,0.10617378703104734,-0.8901167990532874,0.062,0.132,1
ZNF697,0.12177294930094715,-0.8907547362915786,0.078,0.146,1
KIAA0040,0.1866324451855927,-0.8910098322237945,0.172,0.235,1
STX5,0.06862112723198362,-0.8916048807126962,0.094,0.183,1
ITPRIPL2,0.23678734373816834,-0.8916048807126962,0.125,0.176,1
CLIP1,0.0010669643161658464,-0.8920297651336404,0.609,0.738,1
MBD2,0.003067085804467932,-0.894576447243987,0.359,0.537,1
MACROD2,0.008683510953046368,-0.894576447243987,0.141,0.295,1
MCMBP,0.07504804051487543,-0.894576447243987,0.156,0.247,1
ZNF280C,0.09526438234163305,-0.894576447243987,0.047,0.115,1
HMGN4,0.1522194798450296,-0.894576447243987,0.047,0.101,1
ECI1,0.21523186447521317,-0.894576447243987,0.062,0.11,1
PKN2-AS1,0.23217505816251366,-0.894576447243987,0.062,0.109,1
SH3YL1,0.01590623121626183,-0.8958481044800354,0.203,0.347,1
ZNF493,0.0359038849575317,-0.8975419057205483,0.094,0.202,1
SAP130,0.11284712438618495,-0.8986808455767235,0.172,0.249,1
SEMA6A-AS1,0.1456328160683115,-0.8986808455767235,0.141,0.21,1
CLDN7,0.10709755250946551,-0.8999098915470278,0.047,0.111,1
DANCR,0.11548810712374775,-0.8999098915470278,0.047,0.109,1
Z93930.2,0.12501182753690648,-0.8999098915470278,0.047,0.107,1
WNT2B,0.1345571966714445,-0.8999098915470278,0.047,0.105,1
UPF3B,0.17498186134265203,-0.8999098915470278,0.062,0.116,1
NAPEPLD,0.20694600134666546,-0.8999098915470278,0.062,0.111,1
MRPS5,0.06572340051306036,-0.9005012812010926,0.094,0.185,1
NEK7,0.0031455079660416825,-0.9009631357496118,0.719,0.812,1
SLC38A9,0.19059534783652712,-0.9012401775249976,0.469,0.52,1
LINC01483,0.14368918158450647,-0.9012401775249979,0.062,0.124,1
ISM1,0.14423025891524505,-0.9021896313538622,0.141,0.215,1
TTC7B,0.0017901874493677476,-0.9024129414759532,0.562,0.714,1
UGGT2,2.796401143965699e-4,-0.9029013118949187,0.391,0.617,1
AGO2,0.009805721961411933,-0.9030522293113321,0.219,0.38,1
EPB41,0.6690547422496753,-0.9034545985904396,0.156,0.174,1
SDHAF2,0.1514644269619533,-0.9052236914434957,0.062,0.12,1
CTNND1,9.936897020778976e-5,-0.907343743317865,0.703,0.819,1
IPP,0.07332510316092164,-0.9078732698574448,0.031,0.1,1
MARCH8,0.397937311955509,-0.9078732698574448,0.109,0.141,1
PLCB1,0.01714294666919974,-0.909117118776426,0.375,0.575,1
LINC00472,0.049288419449420126,-0.9096770146736375,0.359,0.462,1
WARS2-AS1,0.009521092793747278,-0.9099616104501588,0.156,0.299,1
AC068888.1,0.10896633752637765,-0.9105179911130086,0.047,0.111,1
IQCH-AS1,0.10978775693392809,-0.9111784145811166,0.094,0.167,1
DPP4,0.0012266912320544445,-0.9116819242466445,0.312,0.534,1
PRDM10,0.16702933774758438,-0.912278448977446,0.078,0.136,1
ZNF75A,0.17604122397387237,-0.912278448977446,0.078,0.134,1
SIPA1L1,0.0079948629449222,-0.9129549765588416,0.422,0.587,1
RAD17,0.17491722865216225,-0.9135346049478712,0.094,0.152,1
ASAP3,0.620689600148197,-0.9135346049478712,0.094,0.11,1
KPNA6,0.02794446574455133,-0.9135346049478714,0.25,0.364,1
AC024230.1,0.0016168971008448801,-0.9144760046816918,0.125,0.323,1
PLIN2,0.2529159325930434,-0.9144760046816918,0.156,0.211,1
GDA,0.08161317858699041,-0.9157929331536829,0.047,0.12,1
MBNL2,0.0013685561203012132,-0.915842605037896,0.641,0.791,1
CARNMT1,0.16760807427499622,-0.916670218094604,0.078,0.136,1
NUP54,0.07569135880322021,-0.9172965237440704,0.188,0.275,1
PLEKHH2,0.2657927318518898,-0.9177660746158764,0.078,0.122,1
AP001831.1,0.29287756073907834,-0.9186620657683,0.109,0.153,1
PLEKHA8,0.014290877767912826,-0.9192988766552181,0.125,0.264,1
STX18-AS1,0.2565105323222786,-0.9210486586051783,0.078,0.122,1
CEP128,0.13625883227753777,-0.9236693587643136,0.141,0.216,1
PDE5A,0.2603219541321762,-0.9239602540250815,0.109,0.157,1
ZADH2,0.28866277897097214,-0.9243237906380388,0.109,0.152,1
CATSPERE,0.3271415703711534,-0.9247910602909948,0.078,0.115,1
PRKAB2,0.20039179838374613,-0.9262853069713253,0.062,0.112,1
AC242426.2,0.22548435431269317,-0.9262853069713253,0.062,0.108,1
AZIN1,0.02507539034384828,-0.9265603942142004,0.5,0.582,1
RIMKLB,0.0075180093871936495,-0.9275915044719499,0.531,0.648,1
FBXL2,0.09297510942307662,-0.9308518336355367,0.062,0.136,1
STARD4,0.09171626517927385,-0.932246865210042,0.078,0.154,1
ERC1,1.2496361174397995e-4,-0.933021300271254,0.844,0.901,1
NR2F6,0.05489808561065338,-0.9341048114306245,0.078,0.171,1
MRPL42,0.07864175623649755,-0.935960368009106,0.078,0.159,1
KIF27,0.11745173318744878,-0.935960368009106,0.078,0.147,1
SLC20A2,0.019897780474243582,-0.9367019229166634,0.188,0.322,1
CAPN1,0.14781618903489407,-0.9367019229166635,0.141,0.207,1
EPHB4,0.014537079036644912,-0.9373504709342786,0.047,0.165,1
SLC19A1,0.19198221129758528,-0.9373504709342786,0.094,0.15,1
PHF2,0.04493727004649866,-0.9384307368334146,0.094,0.196,1
DNAJA2,0.16616832940047577,-0.9384307368334146,0.078,0.136,1
PMM2,0.02173896700857871,-0.9389705666024404,0.172,0.302,1
KLHL7,0.09020003282531114,-0.939664336772525,0.078,0.155,1
ACBD6,2.532944414740143e-4,-0.9416666896836727,0.547,0.744,1
LARP4B,1.0344753024397946e-4,-0.9418206017807826,0.656,0.82,1
MIR4435-2HG,0.14510572833021165,-0.9427437297044972,0.266,0.335,1
WLS,0.14892452254345753,-0.9429159815154462,0.266,0.327,1
EBI3,0.10541344176998725,-0.9430749649351768,0.125,0.207,1
AC008591.1,0.07710309076441531,-0.9436047831713512,0.094,0.18,1
TINCR,0.04808850067020156,-0.943819966263836,0.062,0.154,1
GNG12,4.812961079750661e-4,-0.9441244158061669,0.469,0.657,1
PTN,0.44435609030704337,-0.944895400559546,0.156,0.182,1
HTRA1,0.27708641541861856,-0.945325349911823,0.141,0.189,1
NAXD,0.14527429701935346,-0.9470438671381225,0.047,0.102,1
FGFR2,0.03310066522245466,-0.9486531199997796,0.109,0.225,1
SLC44A1,0.016976829472303993,-0.949985142450245,0.359,0.472,1
FAM13A,2.5213288970907195e-4,-0.9501151221930972,0.734,0.88,1
HMGA1,0.2373199221122098,-0.9507195252815208,0.078,0.125,1
RIPOR2,0.07783311003928552,-0.9513312255412207,0.062,0.139,1
SAMD8,0.041152106524420855,-0.9517203543475956,0.109,0.218,1
PGRMC2,0.052117201763771034,-0.9517203543475956,0.125,0.226,1
RASA1,0.0048121517346680085,-0.9532469643517336,0.859,0.924,1
FNTB,0.05407287566683393,-0.9534701362975557,0.078,0.171,1
LPAR1,0.6596128050568164,-0.9543858424792905,0.172,0.18,1
ANXA3,0.1346403774535445,-0.9547519622733858,0.109,0.177,1
MAPK6,0.09597254903387625,-0.9556058806415466,0.172,0.25,1
MYLK,0.17303505470372246,-0.9566725683358994,0.125,0.189,1
CNTN4,0.25218319898008,-0.9578506220947054,0.094,0.145,1
ZNF827,0.06082371652221768,-0.9580428660873794,0.047,0.127,1
LAMB1,1.5442053057899144e-4,-0.9587067846637027,0.25,0.514,1
BLZF1,0.08872522278693327,-0.9598679074957062,0.094,0.174,1
EFCAB2,0.09237786211980441,-0.9598679074957062,0.234,0.316,1
MRTFB,0.0035984517823420075,-0.9606493619018609,0.453,0.616,1
DLGAP1,0.38455141046780955,-0.962119187600221,0.188,0.14,1
COG3,0.010363661041448272,-0.9621873533986645,0.219,0.371,1
PTPN4,0.028562823425291334,-0.9641173804970641,0.172,0.296,1
SDC2,0.4627468894855306,-0.9641173804970644,0.094,0.12,1
DDB1,0.002325456606060923,-0.9656595453054697,0.344,0.514,1
TMEM40,0.03784568464883269,-0.9669434245758277,0.062,0.162,1
MRPS27,0.025049715347593576,-0.967145073194632,0.141,0.265,1
LINC00894,0.040062514676539554,-0.9678842104199834,0.266,0.373,1
NR2C2,0.006666810580556439,-0.969655564038494,0.281,0.438,1
TESK2,0.14594053518316594,-0.971373196499863,0.203,0.276,1
AC006115.2,0.014059748586656056,-0.9715239719654223,0.172,0.321,1
DHRSX,0.0038468796424099704,-0.9718117722870646,0.344,0.511,1
ABCD3,0.006734456693849952,-0.97257895924526,0.297,0.443,1
PAK4,0.04680380519032558,-0.97257895924526,0.031,0.113,1
SEPTIN9,0.026182543221551727,-0.9760900221631401,0.391,0.495,1
SRPK1,0.008875899147137439,-0.9764676274780224,0.281,0.428,1
ZNF90,0.07359043680268337,-0.9767912105321748,0.125,0.216,1
CCNDBP1,0.15473342858393305,-0.9767912105321748,0.078,0.138,1
SNHG3,0.06070386998812777,-0.9776321869715456,0.047,0.126,1
KCNH5,0.2195875232664435,-0.9797924494778347,0.078,0.127,1
NOS1AP,0.4676151643084762,-0.9797924494778347,0.078,0.103,1
CSMD1,0.015218968911441085,-0.9803458422889502,0.109,0.243,1
SHB,0.09443929566296483,-0.9809911990614604,0.109,0.188,1
KMO,0.012047190377974044,-0.9816620640076985,0.047,0.166,1
PGM1,0.13061912287812533,-0.9817535214257702,0.141,0.212,1
TRIM26,0.01795103697453243,-0.9820392884943265,0.062,0.181,1
SMAD7,0.01792251100873095,-0.9833857142018427,0.047,0.16,1
MID1,0.055719018871854285,-0.9864329683253865,0.125,0.237,1
PHC2,0.10538225638208834,-0.9865722313247602,0.109,0.186,1
AXIN2,0.07702380003707704,-0.9876858516354687,0.047,0.12,1
ING5,0.14415453598427402,-0.9876858516354687,0.062,0.121,1
AL590652.1,0.03215484534825339,-0.9883118855098565,0.062,0.165,1
CSHL1,0.4608399987725677,-0.9885963565826283,0.094,0.12,1
FAM210A,0.07438524963614958,-0.9893546719960868,0.062,0.141,1
LCMT1,0.0637543248190692,-0.9901883588386389,0.109,0.202,1
SGSM3,0.14684191055057047,-0.9914379864965759,0.047,0.101,1
TWSG1,0.14956262713671095,-0.9914379864965759,0.094,0.157,1
FNBP1L,0.0053887269514344025,-0.991805318144872,0.328,0.475,1
ZNF565,0.10602017586992347,-0.9941121207949015,0.094,0.167,1
TNS1,0.030208056350178092,-0.9958921272401873,0.125,0.241,1
VRK2,0.019865925258555454,-0.9964849750154866,0.234,0.364,1
STIM1,0.003661657923878952,-0.9968119591891137,0.297,0.462,1
DST,0.0012784264964837092,-0.9992237314631713,0.375,0.57,1
SOCS6,0.09025628492269233,-1.000155203597685,0.125,0.207,1
INTS6,0.004774325549552927,-1.000509891993052,0.359,0.52,1
CACNA1C,0.8732170184710869,-1.0005933354148566,0.141,0.143,1
FNDC3A,0.008339200577311306,-1.0033442643013657,0.797,0.848,1
BANP,0.0493383417686695,-1.0038750897347988,0.188,0.292,1
HMGB3,0.25954321206073455,-1.0038750897347988,0.094,0.14,1
PSG2,0.19804103258393632,-1.0051129233936527,0.219,0.279,1
MTMR10,0.005156913654745724,-1.005303265110518,0.438,0.566,1
PGM3,0.020129330323313717,-1.0059375561916908,0.156,0.282,1
TAPT1-AS1,0.05651246280641378,-1.0069676847901803,0.078,0.169,1
AC069277.1,2.4489290046957637e-4,-1.0080277952495496,0.344,0.6,1
PRMT3,0.06259086088196746,-1.008291055964663,0.156,0.25,1
TAFA2,0.9255104269242992,-1.008291055964663,0.156,0.151,1
LNX1,0.004970997746297551,-1.0125177046154037,0.109,0.271,1
MYO19,0.06045142425149456,-1.012517704615404,0.109,0.203,1
NEDD4,0.0029162545927312994,-1.0134602661071723,0.391,0.57,1
SLAIN2,3.344584640207907e-4,-1.0136757982283748,0.359,0.568,1
MEAK7,0.13341627552232768,-1.0141580629966596,0.078,0.141,1
TVP23C,0.012101617132063626,-1.0158827434661206,0.203,0.352,1
CLN3,0.11355516112611869,-1.0162058916455181,0.109,0.181,1
ACACA,5.320136828647705e-4,-1.0164727855582003,0.406,0.616,1
SIL1,1.6108077608366415e-4,-1.0165669716225973,0.344,0.573,1
FBXW8,0.027662872323023818,-1.0208928970253877,0.203,0.323,1
BMPR1A,0.014434636810100656,-1.0223319944423597,0.25,0.391,1
MAP3K9,0.20541393594929644,-1.02233199444236,0.078,0.129,1
ICK,0.033957668984106675,-1.024077542194189,0.156,0.268,1
ACSL4,0.014137540751466319,-1.027755666397382,0.375,0.513,1
FAM234A,0.1468437875112184,-1.0284321939787775,0.047,0.101,1
ITGB3BP,0.04956702192621243,-1.0284321939787777,0.125,0.225,1
DCAKD,0.10470542560294055,-1.0293015492572013,0.094,0.167,1
MASTL,0.191584610308614,-1.0304598753257599,0.078,0.131,1
MAML3,0.0011241679843192755,-1.032542521507948,0.656,0.789,1
AIG1,0.0038573143130733126,-1.0340885965058402,0.266,0.443,1
ZNF430,0.10189229565458247,-1.034506708388462,0.078,0.15,1
IGSF5,0.029110509554436073,-1.0365258760251137,0.031,0.124,1
BRMS1L,0.18164881871065394,-1.0369293706553178,0.062,0.114,1
REEP3,0.009199533870484663,-1.0375344010860301,0.25,0.397,1
TRIM25,0.12789053633422837,-1.040555753061267,0.188,0.259,1
MCM9,0.016883224700148382,-1.0411044106228857,0.219,0.357,1
PGAP1,0.2620053519415598,-1.041417835573258,0.328,0.355,1
RAD23B,7.078551951497833e-5,-1.0416528596091106,0.484,0.683,1
USP49,0.17179449224494084,-1.0425664781824135,0.078,0.134,1
LINC02267,0.056235453135609376,-1.046579540689037,0.203,0.308,1
LINC01456,0.05750817754394616,-1.046579540689037,0.031,0.105,1
ACOX3,0.10673195962698193,-1.046579540689037,0.094,0.166,1
ADGRL3,0.13679619792951003,-1.0482960132780585,0.109,0.178,1
AKAP8,0.044472324726147754,-1.0505814712465331,0.062,0.155,1
CPS1,0.36739982239563007,-1.0505814712465333,0.078,0.114,1
ATF7IP2,7.802859840705057e-4,-1.0516327684153224,0.344,0.525,1
AHI1,0.006528004949882666,-1.0519988469198454,0.359,0.499,1
TXNRD2,0.12771122886836783,-1.0525782813104798,0.047,0.105,1
SH2B1,0.12956752540972483,-1.0525782813104798,0.047,0.104,1
GMDS,0.026333490740873208,-1.0532432709700477,0.328,0.445,1
PARVA,9.259943637373074e-4,-1.0534332117300997,0.172,0.388,1
SIAH1,0.024985331317764273,-1.0538790613471083,0.25,0.368,1
STRADB,0.06053494916315838,-1.0545723314425675,0.047,0.126,1
ICA1L,0.10812831010860464,-1.0557980707184156,0.156,0.233,1
TBC1D2,0.12202687610309816,-1.056847876142864,0.094,0.162,1
MPHOSPH8,0.05872785898100084,-1.0568478761428641,0.203,0.294,1
SIN3A,0.0065914478006339735,-1.058552182355113,0.109,0.261,1
BCAR1,0.048086817730919225,-1.0609348336661069,0.047,0.132,1
SECISBP2L,9.566734476830987e-5,-1.0616864330792453,0.547,0.749,1
MTA3,2.9796399932996345e-4,-1.0617281771234863,0.344,0.556,1
AC007216.4,0.12080727639463917,-1.0625210845580586,0.078,0.144,1
NFU1,0.060098594239313345,-1.0636530540479785,0.078,0.166,1
MCPH1,0.001612276778688022,-1.064281542422496,0.281,0.464,1
IKZF2,0.022174010331899065,-1.0645014486862994,0.312,0.421,1
ZSWIM7,0.06062609779468134,-1.0651609664307629,0.109,0.201,1
EXTL2,0.009177929837290238,-1.0653493447088769,0.109,0.253,1
CERS5,0.042258405945466086,-1.066479098126742,0.156,0.26,1
SLC41A2,0.02783805385119948,-1.0668743029068843,0.109,0.217,1
BCL2,0.017248828671235065,-1.0677208059182557,0.469,0.579,1
ESYT2,4.9484223787519144e-5,-1.0688128304257825,0.422,0.651,1
SMYD2,0.04858640336923417,-1.069034391516733,0.156,0.259,1
CGA,0.0054006090635434515,-1.0697718952959239,1,0.765,1
ZNF600,0.051855433010401505,-1.070426282643405,0.047,0.13,1
PSG4,0.16296093821562244,-1.0724637000712598,0.219,0.276,1
FAM160B2,0.14612735431070897,-1.0751486928858078,0.062,0.12,1
ATXN7,0.007455421834394571,-1.0754344033612222,0.406,0.522,1
PLAG1,0.04154118717737413,-1.075672452209364,0.094,0.196,1
CSTF3,0.0011391067008375256,-1.075873847483075,0.281,0.481,1
SASS6,0.07025035882901448,-1.0763268840830889,0.031,0.101,1
GPR89A,0.1203570398539669,-1.0763268840830889,0.047,0.107,1
PCNX2,0.2597900739199492,-1.0782884004163753,0.062,0.104,1
AHCTF1,0.0024259166962349497,-1.0798556955633356,0.203,0.387,1
TBC1D32,0.007680967885359687,-1.0814212899013378,0.297,0.446,1
MIGA1,0.026995120194338747,-1.0822034504197582,0.188,0.303,1
AC048341.1,0.05808601821241869,-1.0822034504197582,0.031,0.105,1
DHCR24,0.14283526881981604,-1.0822034504197582,0.047,0.102,1
NUP153,3.230759849914934e-4,-1.0825817630063996,0.344,0.556,1
NCALD,0.12360430247219448,-1.0828206461685892,0.125,0.199,1
MTERF1,0.1045820611988436,-1.0835061096873946,0.109,0.184,1
CMIP,0.0019486263608190035,-1.0838203685390118,0.469,0.619,1
MYO1D,0.01122188908009232,-1.0839795124942309,0.531,0.651,1
RUFY3,0.01050379471278218,-1.084334462684455,0.25,0.389,1
INF2,0.11130713527302676,-1.0845473908880576,0.062,0.128,1
TMEM64,0.1223932959699775,-1.0845473908880576,0.062,0.125,1
ZNF91,1.3752871295746104e-4,-1.0847855445256338,0.484,0.711,1
CYP2J2,0.03795903010758802,-1.0861079048756745,0.031,0.118,1
CSF2RA,0.04852519088915717,-1.0861079048756745,0.141,0.242,1
ZRANB3,0.050291457325034906,-1.0861079048756745,0.234,0.33,1
SKA2,0.15639423459676094,-1.0861079048756745,0.078,0.136,1
L1TD1,0.007865047767022194,-1.0868875293425742,0.047,0.18,1
HEXIM1,0.05022342319987955,-1.0868875293425742,0.094,0.192,1
GDF15,0.9636277655876974,-1.0897026618207963,0.344,0.324,1
SEMA6D,0.003141894225813937,-1.0914593341947767,0.359,0.558,1
USP20,0.11761033629736417,-1.0938852554673937,0.047,0.107,1
AC107068.2,0.18272113094833248,-1.0938852554673937,0.062,0.114,1
NUCB2,0.020519311291660944,-1.0960996765328357,0.188,0.319,1
NR6A1,0.07843333410983094,-1.0962103084136374,0.219,0.304,1
WDR12,0.10993227886481181,-1.0972056137590047,0.094,0.165,1
SH3TC2,0.018753981099087942,-1.0983107038481892,0.078,0.198,1
TMEM45A,0.12814063311664609,-1.098531620323759,0.047,0.105,1
SLC25A17,0.030032337809836995,-1.0996908771485994,0.078,0.186,1
TBX3,0.0069237004713395955,-1.1016209042469989,0.109,0.264,1
KRBOX1,0.0902134518562173,-1.101620904246999,0.062,0.135,1
SND1,2.512560524798317e-4,-1.1026725590433344,0.859,0.891,1
NUDT4,0.012454845859922422,-1.1040298128729367,0.141,0.283,1
TIAM2,0.023156676320646368,-1.1047941546343327,0.188,0.311,1
ZNF282,0.05941403677145152,-1.1054732297426058,0.031,0.105,1
PTH1R,0.13547424544386602,-1.1054732297426058,0.062,0.123,1
PLCE1,0.21016246859187512,-1.1071210826240878,0.078,0.129,1
AP000446.1,0.08894474329470982,-1.1093152960369994,0.047,0.117,1
CCP110,0.1489640265572948,-1.1112324990312903,0.047,0.101,1
UBA6-AS1,0.05758038761957628,-1.1148855540799456,0.094,0.186,1
DAG1,0.021117394309300583,-1.1153322319433279,0.156,0.281,1
ERICH1,0.007310544081965665,-1.1158234179121724,0.219,0.375,1
FBXL18,0.06239822782291156,-1.1169688685804346,0.031,0.104,1
LYRM4,0.02172448988108399,-1.1169688685804349,0.109,0.23,1
ATAD5,0.07384342163175604,-1.116968868580435,0.109,0.196,1
ALDH7A1,0.06588551625304565,-1.119420347574531,0.281,0.361,1
N4BP2,3.7332943783281155e-4,-1.121414773611627,0.344,0.557,1
LINC02327,5.328134551368206e-4,-1.1219385429430997,0.172,0.396,1
GGH,0.23187489126608296,-1.12458205269031,0.078,0.124,1
MRPL13,0.1296839366045091,-1.1260998803325637,0.062,0.124,1
SGO1-AS1,0.235082733718058,-1.1263067331597711,0.172,0.225,1
RCN1,0.03242997133732994,-1.127110879001049,0.094,0.202,1
TXNRD3,0.12615734178450752,-1.1283736318526842,0.047,0.105,1
AC079142.1,0.1283646408490194,-1.1294059718186575,0.094,0.164,1
ZNF423,0.09183081447994954,-1.1296352804165957,0.078,0.155,1
PAICS,0.023650164596354332,-1.1299955488766744,0.062,0.173,1
PRKCE,0.03541965863671682,-1.1308958266225124,0.438,0.535,1
NEK9,0.030787407079831138,-1.13146843827555,0.156,0.266,1
METTL4,0.11229248911727498,-1.1340423819393766,0.047,0.108,1
SDC1,0.42196885294819786,-1.1344775184351767,0.125,0.154,1
RBBP6,0.011673713249290469,-1.1357632418667183,0.453,0.574,1
OPA3,0.1142267825430358,-1.1359270262843193,0.078,0.146,1
EPN2,1.8404153625232544e-4,-1.1379538937097708,0.266,0.493,1
INPP5B,0.07758025470643992,-1.1396889450805183,0.094,0.175,1
SPATA9,0.13738717589903432,-1.1396889450805183,0.109,0.177,1
FARP2,0.0178513760294664,-1.1396889450805185,0.109,0.236,1
PLA2R1,0.14399507279857074,-1.1396889450805185,0.094,0.158,1
MAN1C1,0.017175117290617894,-1.1409236007321575,0.484,0.582,1
AMOTL2,0.13285774541489237,-1.1453134942743963,0.047,0.103,1
ESR2,0.06070914625973249,-1.1453134942743965,0.094,0.182,1
AL139383.1,0.11565948662433344,-1.1464357775211034,0.078,0.147,1
PKIG,0.018891672008493395,-1.1486777283077731,0.078,0.199,1
TANC1,0.018056968376874382,-1.150327465526866,0.141,0.276,1
AC068756.1,0.12553734073052275,-1.1509162005037727,0.047,0.105,1
ITGAV,0.001741384931053751,-1.1511889474638228,0.406,0.573,1
COL4A5,0.9568987108372736,-1.1528884428353776,0.156,0.15,1
NCOA5,0.027904100785765378,-1.153709415395453,0.109,0.22,1
TRIM66,0.04133989557906687,-1.153709415395453,0.094,0.193,1
CEP120,0.056418775902522755,-1.15463928654649,0.062,0.147,1
WDR75,0.01569065149764132,-1.1588825103138292,0.062,0.181,1
MBD3,0.039899637714173715,-1.1620567581089731,0.094,0.194,1
UTRN,0.20856916823683558,-1.162426632496562,0.766,0.722,1
CACNA2D3,0.20081567661848868,-1.162729186478587,0.141,0.2,1
PIP5K1A,2.594394483980376e-4,-1.1627964120810261,0.344,0.547,1
TES,0.1826751753568177,-1.1657512416667148,0.078,0.131,1
RNF121,0.04409132276302395,-1.1675949416504028,0.109,0.207,1
FERMT1,0.11407631185827842,-1.1675949416504028,0.047,0.108,1
MSL2,0.021893234082169703,-1.1694362884745706,0.141,0.264,1
GABPB1,0.09091736230267133,-1.1694362884745706,0.125,0.203,1
VGLL3,8.377158885023109e-5,-1.169683685378356,0.359,0.579,1
TMEM245,0.0015969059620319693,-1.1731119466179687,0.297,0.477,1
PEG10,0.011847036753494132,-1.173209402965551,0.516,0.614,1
HSPB8,0.02591521620047196,-1.1741127756840435,0.078,0.188,1
CAMK2G,0.0024676539642835126,-1.1745477022921698,0.219,0.399,1
SH3RF1,6.272685401091393e-4,-1.1756511582577165,0.359,0.556,1
SOS2,1.9266444428691886e-4,-1.1773414865599166,0.406,0.602,1
STEAP4,0.17334771851503847,-1.1778240739672894,0.062,0.116,1
UBTD2,0.005021054100025628,-1.1786079343728209,0.094,0.256,1
CCSAP,0.015198141004048373,-1.1804352874238273,0.172,0.308,1
GM2A,0.25681804033923744,-1.1804352874238275,0.078,0.121,1
GLRX,0.06132815459802797,-1.1808004804496703,0.172,0.262,1
ADGRG6,7.533026274378117e-5,-1.1812290673838188,0.156,0.397,1
ELOVL6,0.2676133116225516,-1.181348096717733,0.094,0.138,1
NR2F2-AS1,0.006707327255559085,-1.186342571621097,0.188,0.353,1
GSTA4,0.004071488073347302,-1.1872024062831505,0.125,0.295,1
ISYNA1,0.1807163504500967,-1.1872024062831508,0.094,0.149,1
PITPNM2,0.06899549779022991,-1.1877216415023204,0.062,0.142,1
ESRRG,0.007201234793075424,-1.1878469461483268,0.453,0.597,1
DIAPH3,0.004102891037649014,-1.1879033296885546,0.109,0.277,1
ARL6IP6,0.005860881200808847,-1.1881758190728549,0.156,0.32,1
CLTB,0.1185287618206058,-1.188448257000374,0.062,0.126,1
MYO1B,0.012247959968627944,-1.1891186543362702,0.156,0.301,1
AC021231.1,0.17954289563264952,-1.18953749453108,0.109,0.165,1
KDM7A,0.002336069174175526,-1.1901005707266967,0.312,0.465,1
PRAG1,0.1495718364397933,-1.191351064903011,0.156,0.217,1
KDM4B,5.956063441277709e-4,-1.1913510649030112,0.312,0.515,1
APP,2.753202146299263e-4,-1.1917276247853157,0.578,0.732,1
TMEM39A,0.006194402988200333,-1.192800281540081,0.109,0.263,1
ZNF544,0.01278170993657353,-1.192800281540081,0.109,0.245,1
INSR,0.06468735907251809,-1.193524344311058,0.312,0.384,1
NEDD4L,0.026301386476390735,-1.19366911326817,0.219,0.345,1
KRT23,0.014033337934125485,-1.1939849223956585,0.078,0.204,1
HGSNAT,0.0070963954754541935,-1.1958055494635131,0.156,0.308,1
SUCLG2-AS1,0.0781269608553907,-1.1965201676771946,0.062,0.139,1
NDC1,0.07603445328711533,-1.1971392172644184,0.047,0.119,1
RAB11FIP3,0.04226577315455835,-1.198582634134087,0.062,0.155,1
MARCH3,0.6862945943789958,-1.1996127627325763,0.188,0.193,1
BCKDHB,0.03149745085093222,-1.200210564553653,0.359,0.442,1
KIF26B,0.009815601983662405,-1.200754921923842,0.328,0.484,1
PHLPP2,0.14679275096382274,-1.2014651426672085,0.062,0.12,1
SH3BP4,0.0676959024080402,-1.2021848708142828,0.062,0.143,1
TC2N,0.11739907339160233,-1.2021848708142828,0.062,0.126,1
KSR1,0.002344266703138309,-1.2025119013134478,0.312,0.49,1
CMTM8,6.3960591756491e-4,-1.2033836203979082,0.188,0.407,1
CAPN6,0.023290488864433075,-1.2057781355382908,0.047,0.153,1
ZFAND1,0.0804719675375131,-1.2057781355382908,0.047,0.117,1
WDHD1,0.14744756009948565,-1.2057781355382908,0.062,0.119,1
FLVCR2,0.037722402438623855,-1.2084672230659312,0.172,0.279,1
FAM104A,0.0829966478689312,-1.2093624728873298,0.078,0.154,1
WWC3,0.060743385836529135,-1.2143656313750146,0.125,0.216,1
BRDT,0.011560950091116379,-1.21472233678934,0.094,0.229,1
TMEM263,0.009250924321081327,-1.2165045421313492,0.156,0.299,1
CHST12,0.03601243022160623,-1.2165045421313492,0.031,0.117,1
ITGA5,0.08982417486449673,-1.2180303963623096,0.062,0.136,1
DOT1L,0.08078373234808081,-1.2186402864753405,0.062,0.136,1
CENPK,0.0730532191131147,-1.2191737289073337,0.062,0.139,1
ECHDC2,0.02766262872946176,-1.2196442496619166,0.203,0.313,1
DUBR,7.723327417288552e-4,-1.2200623615445385,0.094,0.298,1
SMG9,0.0738513344049113,-1.22183798643439,0.047,0.119,1
SLC35B4,0.09892470811934966,-1.22183798643439,0.109,0.183,1
TMTC4,0.11516745695118068,-1.22183798643439,0.047,0.107,1
PCGF6,0.11957829811626465,-1.22183798643439,0.047,0.106,1
RFX2,0.03420413460694107,-1.2229023133295,0.047,0.14,1
NDST1,0.06962353358578652,-1.2229023133295,0.062,0.14,1
ATP8B1,0.027043294538209594,-1.2232891466984588,0.109,0.224,1
KATNBL1,8.124904726636319e-4,-1.2240283925131616,0.484,0.694,1
TBX5,0.7655095658730857,-1.2241177262412244,0.094,0.1,1
PHKA2,0.03936566731555129,-1.22449733288488,0.094,0.194,1
TWIST1,0.19491537775018652,-1.2255188545878923,0.141,0.196,1
CBWD1,0.021329165841011414,-1.2271517863308579,0.125,0.244,1
ARHGAP32,0.001615626229839035,-1.2277666148255195,0.625,0.721,1
TET2,1.780003388362375e-4,-1.228329977528139,0.5,0.672,1
USP10,1.1380651879913495e-4,-1.2286664269328562,0.312,0.543,1
ANKRD13A,0.022521250203597454,-1.2290792349019721,0.109,0.227,1
ZNF790-AS1,0.024907015047152828,-1.2301794790284257,0.078,0.188,1
HIKESHI,0.011423534995452676,-1.230683477301111,0.047,0.167,1
FAM3B,0.059990542306394015,-1.230683477301111,0.062,0.145,1
FOCAD,7.025547951276477e-4,-1.2324460860003708,0.297,0.495,1
EXT1,0.0011169523243979458,-1.2325539308922835,0.516,0.692,1
PAM,0.17249072098261412,-1.232926423957493,0.25,0.3,1
IGSF3,0.02116361517312272,-1.2332008310036628,0.062,0.175,1
MCEE,0.07489343324013875,-1.235613365079054,0.062,0.138,1
ADHFE1,0.14599046088775172,-1.2362158687590945,0.094,0.155,1
DNAH14,0.04766170751828033,-1.2367633811151493,0.188,0.289,1
TAF5L,0.11942912422882794,-1.2377210280410451,0.047,0.106,1
STK39,0.3530858585916513,-1.2377210280410451,0.094,0.127,1
SVIL,0.05107645880088717,-1.2386233704289866,0.375,0.443,1
TSGA10,0.13095826164010135,-1.2392246186314326,0.094,0.158,1
OSTC,0.08985335751482632,-1.2422271067929562,0.094,0.169,1
MAU2,0.01949599162222052,-1.243559542852471,0.109,0.23,1
ZNF587,0.05952349218317415,-1.244025604895254,0.062,0.144,1
CDK14,0.30643969627587203,-1.245597453651676,0.078,0.117,1
USP25,1.8083452292991795e-4,-1.2464328461980676,0.641,0.782,1
ZCWPW2,0.11334716366475182,-1.2482134018586875,0.062,0.126,1
ZBTB10,0.035262695538561595,-1.2496066371585537,0.203,0.307,1
NCOA3,7.787566079021902e-5,-1.2511671511461708,0.734,0.818,1
SLF1,0.05377355953910491,-1.2516939705936494,0.062,0.148,1
PSG1,0.9319138491812918,-1.2532515039037182,0.219,0.2,1
MRI1,0.13628185265104784,-1.2534311111297067,0.047,0.103,1
AC083843.3,0.04024810096121063,-1.2551661625004544,0.062,0.156,1
COPS2,0.01575575002043604,-1.2565527027714172,0.125,0.253,1
TRIM27,0.02757513675560216,-1.2571465266286952,0.094,0.202,1
C2CD3,0.020613764722189346,-1.258630017804026,0.141,0.263,1
SPIRE2,0.0038960740081778735,-1.2586300178040262,0.062,0.216,1
UBASH3B,0.5063408255768201,-1.2590624155416816,0.453,0.419,1
KRT18,0.020034305850536626,-1.260574787868308,0.266,0.393,1
ATF1,0.06384798605831592,-1.263810256909706,0.109,0.196,1
RALGPS1,0.04667315251223502,-1.2669094955685927,0.109,0.207,1
AC139887.2,0.02747256383313002,-1.268971962025485,0.094,0.203,1
SLC2A11,0.02545210057420184,-1.2689719620254851,0.078,0.187,1
PRKD3,0.013574521039337761,-1.2713946242923406,0.188,0.323,1
LIFR-AS1,0.11125231506998584,-1.2719132373376074,0.047,0.11,1
VSIR,0.04934456607064082,-1.2777778594008258,0.094,0.186,1
SLC27A2,0.02651696909628856,-1.2792402974793118,0.047,0.147,1
SPINT1,0.02755522741998017,-1.279240297479312,0.047,0.145,1
TMED3,0.01984584171341824,-1.2836187379898865,0.062,0.176,1
EIF2AK1,0.022746341455299447,-1.2843471879124009,0.156,0.273,1
SASH1,1.142806522438846e-4,-1.2847392778838014,0.391,0.616,1
AL162718.1,0.006411961956404233,-1.2856210909010342,0.031,0.157,1
PTPN13,0.22407135091410052,-1.2860454753844266,0.062,0.108,1
NDFIP2,9.98972785571032e-4,-1.2870435349475033,0.141,0.341,1
UBAP2,1.5459791406089533e-4,-1.2879839305512883,0.344,0.55,1
PDE4D,0.043545307686763554,-1.2885832399056536,0.609,0.728,1
PCID2,0.006870741665744195,-1.2894360645852003,0.062,0.203,1
ADSS,0.025368503645190436,-1.2894360645852003,0.078,0.187,1
CTDSPL,0.002596149058148638,-1.2894360645852005,0.344,0.5,1
MECR,0.056872835662183034,-1.2894360645852005,0.047,0.125,1
DNMT1,0.025337196487910066,-1.2906308431552582,0.188,0.297,1
MAFK,0.14958850829963313,-1.2923359550909952,0.094,0.153,1
AC093827.4,0.20034604216996751,-1.2945070541326225,0.078,0.129,1
AHCYL2,0.0017785125837783229,-1.295444173386676,0.516,0.64,1
AVEN,0.07094537580677833,-1.2961934307605094,0.156,0.241,1
BACE2,0.0019622534629994562,-1.30188658449822,0.219,0.408,1
SNX25,0.011501228804605404,-1.3062705034484605,0.125,0.261,1
NLGN4X,0.006769061835630813,-1.307608810632454,0.047,0.182,1
PPARG,0.02475718583781439,-1.30841718574007,0.5,0.578,1
MDM2,0.01777472481444511,-1.309613946522831,0.344,0.453,1
MMP11,0.1512440406451626,-1.309613946522831,0.047,0.1,1
CASTOR2,0.03156514227104927,-1.313615877080327,0.047,0.142,1
GBA2,0.028127171218289348,-1.3162776768038418,0.016,0.1,1
AL050309.1,0.04772912469628947,-1.3195980350954528,0.125,0.223,1
NPAS2,0.03041511740146938,-1.3224379868804141,0.078,0.183,1
KYNU,0.46008319205181697,-1.3238558690986095,0.297,0.299,1
LINC02062,0.02681125158262966,-1.3245642879888024,0.094,0.203,1
GNGT1,0.03776407398011797,-1.3249456002788216,0.203,0.315,1
FBN1,1.8710251765053742e-4,-1.3251150400630185,0.344,0.559,1
PITPNA,9.114511578643281e-4,-1.3257442136625628,0.219,0.417,1
IL7,0.041781927598686,-1.329513503960536,0.047,0.134,1
TNK2,0.04599867220628396,-1.329513503960536,0.062,0.151,1
GCM1,0.013711640958668217,-1.3331022994452004,0.078,0.203,1
CDO1,0.013361019582231319,-1.334445799502766,0.047,0.165,1
PLEKHG3,0.061888665297834544,-1.3344457995027663,0.047,0.123,1
LIPG,0.1968433435611191,-1.3351490386299683,0.062,0.112,1
TENT5A,0.003546727531195672,-1.3359222059501117,0.312,0.47,1
RAB3IP,0.022062252467208526,-1.3360861578840217,0.047,0.151,1
OTUD7B,0.007273401969011048,-1.336086157884022,0.094,0.239,1
AMZ1,0.04486799550343159,-1.337397103036369,0.125,0.223,1
DMD,0.01995016465648508,-1.3393612899168827,0.156,0.281,1
LINC02484,0.03715681458842445,-1.3393612899168827,0.156,0.27,1
MIR924HG,0.20632592772975827,-1.3402144508174938,0.203,0.263,1
LINC02398,0.7952829808173361,-1.3413228062501688,0.125,0.13,1
STK40,0.03288559332012979,-1.3418127689109793,0.094,0.197,1
GRAMD1C,0.050994453017064435,-1.344260089329722,0.031,0.108,1
LRRN3,0.13765387671969348,-1.344260089329722,0.047,0.102,1
PAPPA,0.029141251996247307,-1.344311931066088,0.344,0.456,1
PABPN1,0.009819079767700377,-1.3455932436283973,0.156,0.292,1
EEF2K,0.009207763614763028,-1.3469744740267582,0.094,0.232,1
MAP3K4,1.9611113506621497e-4,-1.3520065066887188,0.391,0.582,1
TBC1D10A,0.04481106079484668,-1.3530362268139595,0.062,0.151,1
USP54,0.04654943264001528,-1.3540080658812843,0.031,0.11,1
ZNF432,0.07578780051610932,-1.3540080658812843,0.047,0.118,1
DUS2,0.07835637318454301,-1.3540080658812843,0.047,0.117,1
FHDC1,0.0010113870844418147,-1.3552219448261742,0.078,0.265,1
GCNT2,0.07625602764540608,-1.3563071819708723,0.188,0.268,1
HMGN3,3.419016340419022e-4,-1.35885746554268,0.25,0.459,1
PAXIP1,0.013001856467227676,-1.35885746554268,0.062,0.185,1
KCNH7,0.021868514714128214,-1.3636906192786233,0.031,0.131,1
PRKD1,0.26967669799764216,-1.3657570245603643,0.125,0.168,1
GOLGA5,0.008596331850172155,-1.3663687248200647,0.109,0.249,1
HS3ST3B1,0.013764128343186986,-1.3663687248200647,0.062,0.186,1
ZNF346,0.06239575960640546,-1.3685076355763997,0.031,0.102,1
ZNF790,0.06776294504151187,-1.3685076355763997,0.031,0.1,1
AP001011.1,0.016955688186657554,-1.3706433799203905,0.109,0.231,1
DUSP16,0.004402530110144516,-1.3709101257917038,0.156,0.317,1
ADAMTS19,4.4251273907758076e-4,-1.3718491426657875,0.188,0.404,1
ZNF567,0.024538149439560713,-1.3733086218402204,0.031,0.126,1
GSTA3,0.03303998022308807,-1.3733086218402204,0.031,0.119,1
PIEZO1,0.0648921055286105,-1.3733086218402204,0.047,0.122,1
C21orf91,0.03228274700970432,-1.3739931746601288,0.078,0.179,1
TTC39B,0.021522739129522656,-1.3780936844055973,0.047,0.151,1
AGPAT5,0.02132064875647829,-1.3784475029336465,0.141,0.268,1
AC107419.1,0.016242810224571882,-1.3808208970152507,0.125,0.258,1
MTMR1,0.00826061848793984,-1.381763732278666,0.156,0.3,1
GRAMD2B,5.478947068198873e-4,-1.3857632854486268,0.25,0.452,1
RBMS2,8.96868706265068e-4,-1.3876164585241038,0.141,0.343,1
KCNMB2-AS1,0.011942764450010026,-1.3876164585241038,0.031,0.146,1
DRG1,0.03400874054268567,-1.387616458524104,0.062,0.158,1
LMCD1,0.18512449367954714,-1.3903257457820901,0.062,0.115,1
ZNF175,0.02458246968081294,-1.3914080376864781,0.047,0.148,1
SSBP3,0.0030426537761425567,-1.3921651592157358,0.328,0.463,1
ZNF257,0.07691577089125572,-1.3923543775307672,0.047,0.117,1
MREG,0.07661973559939758,-1.39707678777317,0.047,0.117,1
ANKRD46,0.02803815345222183,-1.4017837904506978,0.031,0.123,1
ADGRG1,0.09395589418841249,-1.4017837904506978,0.047,0.112,1
AC009961.1,0.11795040083593376,-1.4017837904506978,0.047,0.106,1
ERBB2,0.008441443491921772,-1.4037963855795388,0.047,0.173,1
TSC22D1,0.01452067290319308,-1.4055143298165582,0.453,0.551,1
CTTNBP2NL,0.00665346931281753,-1.4064754857754198,0.078,0.222,1
ZNF143,0.05428346517931393,-1.4064754857754198,0.062,0.146,1
SMOC2,0.003580438824405724,-1.410792780890198,0.094,0.259,1
UMPS,0.051711200748460535,-1.411151972984893,0.047,0.127,1
B4GALT4,0.07344358929067674,-1.411151972984893,0.047,0.118,1
NT5DC3,0.01359420015689225,-1.4118188068497295,0.062,0.182,1
CARS2,0.012253780255117754,-1.4144830643767858,0.078,0.205,1
ACSF2,0.024013817692997427,-1.415813350354756,0.062,0.168,1
RAB11FIP4,0.02732913680501989,-1.4189125890136425,0.016,0.1,1
LINC02438,0.1720891657667613,-1.4195316386008658,0.078,0.135,1
SNRPD1,0.05883941619264365,-1.421387195179348,0.062,0.144,1
CCDC69,0.06478842424985022,-1.425091163942767,0.031,0.101,1
MAN1A2,1.0893951221425194e-4,-1.425246584900729,0.672,0.8,1
ST7,0.002240296378108481,-1.428555019246338,0.141,0.324,1
DPM1,0.01939745042706939,-1.430366105983441,0.094,0.209,1
PCOLCE2,0.009529621989231987,-1.4318013855323193,0.078,0.216,1
CRYBG1,2.3316947702811094e-4,-1.4340225047523478,0.484,0.623,1
CHPF,0.08163167076785346,-1.4343096939721454,0.047,0.116,1
MCCC2,0.009024009366785934,-1.435330348447605,0.109,0.247,1
TM2D3,0.0478818292153738,-1.4373694937212034,0.031,0.108,1
RMDN3,0.05823952443341004,-1.4373694937212034,0.031,0.103,1
PPP2R2B,0.026875395810821805,-1.4373694937212036,0.016,0.101,1
MAOA,0.02895847134792052,-1.4399870239963382,0.125,0.229,1
ARFGEF3,0.007255289324563571,-1.4408584798010835,0.031,0.158,1
FBXO46,0.061882275949926575,-1.4434696932576214,0.031,0.102,1
TNKS1BP1,0.06604600206656884,-1.4434696932576214,0.031,0.1,1
JAG1,0.1432804718553043,-1.4434696932576214,0.062,0.12,1
AC079062.1,2.3743529152877338e-4,-1.4446106146621909,0.094,0.32,1
RGPD1,4.1477597919356807e-4,-1.4446106146621909,0.156,0.378,1
PRKAG2,0.009039883557999628,-1.445497374604604,0.078,0.21,1
MIR100HG,0.001659905039437811,-1.4472108818459077,0.109,0.292,1
TEX10,0.0027204522841053663,-1.4490778443075345,0.156,0.325,1
ERVK13-1,0.04682836030136607,-1.449544207667306,0.031,0.109,1
CYB5A,0.05164326302413468,-1.452571900364874,0.047,0.127,1
ENPEP,9.72252344404655e-4,-1.4571015588453875,0.219,0.418,1
LINC01004,3.516236460726907e-4,-1.4581779560011097,0.234,0.45,1
ZNF10,0.029609648460766323,-1.4586082900955426,0.078,0.18,1
GSDME,0.010736323076582925,-1.4616170399678807,0.047,0.168,1
KLHL42,0.002896149299534353,-1.461617039967881,0.094,0.258,1
AFF1,0.5786734793399837,-1.4630784904128509,0.688,0.639,1
FLRT2,0.21906875395875727,-1.4631190651331127,0.078,0.126,1
ACTR3B,0.03502184193367141,-1.4646195281294043,0.078,0.175,1
VGLL1,0.006474759248189558,-1.4656189705253773,0.062,0.201,1
SMAD6,0.07544220738419681,-1.467615780589324,0.078,0.154,1
SLC44A2,0.0113139937052913,-1.4693251351031438,0.078,0.206,1
GREM2,0.088188815785563,-1.470078618716077,0.047,0.115,1
ARHGAP23,0.02915497361635799,-1.4706058231951356,0.078,0.18,1
TPD52,7.73462766385487e-4,-1.4710773692169472,0.125,0.326,1
MET,0.0017247812422927324,-1.4735896816339564,0.062,0.232,1
ARMC1,0.02133769672618512,-1.4750792997744435,0.031,0.13,1
ESAM,0.061342988626901386,-1.4750792997744435,0.031,0.103,1
TMC5,0.005301049008975135,-1.4765673814338522,0.031,0.162,1
ANGPT2,0.05858715011532066,-1.4767239323580887,0.156,0.252,1
AL589935.1,0.0358051978568506,-1.482504406441704,0.047,0.139,1
ADGRA3,0.001983041828181674,-1.4839848529963353,0.156,0.337,1
LINC01687,0.002203794450500629,-1.484618865329496,0.078,0.242,1
ABTB2,0.009306119509611474,-1.4854637819222485,0.125,0.274,1
EFEMP1,0.0011651978584661141,-1.4875011993501037,0.172,0.361,1
DHX32,7.827074647236186e-4,-1.4890070379993863,0.141,0.339,1
CBLB,0.0010721268562636308,-1.492280089543668,0.719,0.831,1
MPZL1,0.0012757795715510494,-1.4937178831349047,0.156,0.338,1
NLRP2,0.03507694711740656,-1.493717883134905,0.031,0.117,1
FAM219A,0.005173285943543036,-1.497240949698602,0.047,0.185,1
CAAP1,0.02484171367900038,-1.497240949698602,0.094,0.201,1
GADD45G,0.06146111561237113,-1.497240949698602,0.031,0.103,1
XYLT1,7.967856367875881e-5,-1.498120373706869,0.281,0.525,1
FANCL,0.015806166872754938,-1.5004362888584089,0.125,0.249,1
ESRRA,0.042425637096815606,-1.50163271881576,0.047,0.132,1
SOCS7,0.010505640071039518,-1.5103763518877362,0.031,0.147,1
PSG6,0.017878293159547108,-1.5114655894184423,0.109,0.23,1
AL365295.1,2.6768714375415524e-4,-1.5124089305244848,0.219,0.449,1
MACROD1,0.020340611981784176,-1.5147283764274433,0.016,0.107,1
TMEM214,0.04169649613281736,-1.5147283764274433,0.031,0.111,1
ZFX,5.013545791824076e-4,-1.5155182450707099,0.266,0.461,1
RBMS3-AS2,0.11706952237789779,-1.5172093659311983,0.094,0.161,1
DLG2,0.10492476087831344,-1.5176224496966229,0.125,0.196,1
ATF3,0.02844201137462906,-1.5182005683342483,0.047,0.144,1
TCF7L2,0.05641811523440399,-1.5190673121517806,0.609,0.663,1
TADA2A,0.009170073029717719,-1.5205107290214495,0.062,0.192,1
PIWIL4,0.058938229512608874,-1.5205107290214497,0.031,0.103,1
KDM6B,0.050644260210440106,-1.5233932375545707,0.047,0.127,1
RDH13,0.1627068245772769,-1.5243527953158438,0.109,0.167,1
ITPK1,0.017186493849005894,-1.5262699983101342,0.062,0.176,1
AC053527.2,0.032057654138145306,-1.5262699983101342,0.078,0.177,1
SPATA13,0.012104706691287836,-1.5265724818086506,0.141,0.275,1
MYO6,1.4138447024510687e-4,-1.5279595347965769,0.172,0.408,1
C4orf19,0.008675027914849167,-1.5305121211789483,0.078,0.214,1
CLYBL,0.008741992009512251,-1.5320063678592788,0.031,0.151,1
MIR205HG,0.005285198799328572,-1.532006367859279,0.016,0.139,1
TECPR2,0.01962200575834059,-1.532006367859279,0.062,0.171,1
SEMA4B,0.025693762274908633,-1.5344578468533752,0.094,0.201,1
SIN3B,0.002478154990021629,-1.5351257097034574,0.125,0.292,1
SLC44A5,0.0012565559010201527,-1.5354372732595523,0.047,0.218,1
MCPH1-AS1,0.05770846581202849,-1.536905167272118,0.062,0.148,1
CNKSR3,0.02676599773958147,-1.541787388651864,0.062,0.165,1
ABHD17C,0.05287214771544531,-1.542274703313106,0.047,0.127,1
TRERF1,0.0015762782207233597,-1.5444434710975015,0.062,0.237,1
HOPX,0.17585185071414147,-1.5473815937461946,0.141,0.195,1
AC093865.1,0.0450754357951348,-1.547536066152883,0.078,0.171,1
NAALADL2,1.40884452106574e-4,-1.5479326087594387,0.406,0.621,1
OPN3,0.012024369189430905,-1.552470470418994,0.031,0.145,1
ARHGAP10,1.3509548815493892e-4,-1.5530679833871084,0.328,0.543,1
MINDY4,0.05986047032289317,-1.5547264443593622,0.031,0.102,1
WWTR1,0.00106712285187957,-1.5558531098136463,0.172,0.365,1
INHBA,0.013194397243210778,-1.5596491229284077,0.062,0.187,1
NFXL1,0.008999477879296208,-1.5617537112533308,0.109,0.243,1
MGLL,0.01734920204588816,-1.5617537112533308,0.094,0.212,1
RIOX2,0.030696865784780973,-1.5659536997826162,0.047,0.14,1
ASS1,0.058830004013628354,-1.5659536997826167,0.031,0.103,1
AC104162.2,0.0056849406656403235,-1.5715347320459163,0.047,0.182,1
PFKFB4,0.05822738833499551,-1.5726483523566248,0.062,0.143,1
CRPPA,0.0059657778469867145,-1.573125355184871,0.141,0.287,1
AF117829.1,1.0610017726963032e-4,-1.5735588573037844,0.281,0.494,1
CROT,0.17663470953178448,-1.5793120826376357,0.109,0.164,1
ZNF611,0.01218594215375209,-1.5805581126913884,0.109,0.237,1
ORC2,0.0012573892719363307,-1.5811241344239697,0.125,0.306,1
AL442636.1,0.016934663658646487,-1.581249886879128,0.109,0.233,1
ZNF552,0.04244360591238543,-1.5826324409292467,0.031,0.111,1
TFEB,0.04627309724455569,-1.5826324409292467,0.031,0.109,1
TANC2,1.2450344067095856e-4,-1.5835534081107863,0.312,0.551,1
CPNE1,0.012875922280695973,-1.5859451749700826,0.062,0.181,1
LSM3,0.04287525945485965,-1.5881494458968124,0.031,0.11,1
ST8SIA6,0.059103369898514335,-1.5881494458968124,0.031,0.103,1
STK26,0.012778430536577783,-1.5888375904559549,0.078,0.202,1
SLC9A1,0.0061942862307356105,-1.589721865715566,0.078,0.219,1
SEMA3A,0.1655575871077246,-1.5918157630945826,0.062,0.117,1
PEX3,0.00473932066286608,-1.595016165385079,0.094,0.244,1
PCAT1,0.12286777114847129,-1.5970698241530537,0.078,0.143,1
ZNF354B,0.0036488353775727864,-1.5991205637178156,0.062,0.215,1
SHROOM4,0.040054215944412636,-1.5991205637178156,0.031,0.114,1
LINC02245,0.02666409814775969,-1.5991205637178159,0.078,0.185,1
PRRG1,0.0028746533734979427,-1.6011683923666744,0.156,0.327,1
SLC35D1,0.012893683756871952,-1.6013048109796915,0.156,0.285,1
RFX3-AS1,0.048646603107963204,-1.601850356473388,0.078,0.166,1
ITFG2,0.003017619861908349,-1.6023956957506766,0.031,0.175,1
TBL1X,2.3401981872276783e-4,-1.6034857562792175,0.344,0.578,1
AP1S3,0.010640154909133897,-1.604574993809924,0.062,0.188,1
BCL9L,0.010566740717282934,-1.607294495163516,0.031,0.146,1
FLNB,1.0855491038209492e-4,-1.6109125410494387,0.281,0.517,1
COX20,0.023865656385123394,-1.6113641594725627,0.047,0.146,1
NINL,0.009242721688004692,-1.6154223760469164,0.047,0.171,1
THRB,3.845701643909856e-4,-1.6192314740772127,0.25,0.475,1
GPD1L,0.017735561385729348,-1.6194692091096181,0.109,0.224,1
CNNM2,0.003164226740392781,-1.619681886200132,0.172,0.334,1
HULC,0.0041110395323066505,-1.621643580343955,0.078,0.236,1
CYP11A1,1.2558388922512243e-4,-1.6228846084126447,0.156,0.393,1
PSG11,0.038714710431854205,-1.6235047223447752,0.062,0.156,1
CEP68,0.004102462383290894,-1.6251157722507603,0.031,0.168,1
MAP3K13,8.234718650218906e-5,-1.6325132262606612,0.297,0.536,1
TMCC3,0.01701997046054707,-1.6338302180054634,0.078,0.194,1
TFDP1,0.013084688414750535,-1.6347444734485372,0.062,0.181,1
DHRS7B,0.01721786232827531,-1.636875485713234,0.078,0.193,1
AC097376.3,7.514258583051149e-4,-1.6372556926045867,0.141,0.341,1
MIR3936HG,0.009236031482770132,-1.6395348321637235,0.047,0.173,1
AL158206.1,0.058280664201582844,-1.6421892856097018,0.031,0.103,1
PCDH11Y,0.006717130863184423,-1.643514683076269,0.078,0.222,1
UBA5,0.0010665251315174486,-1.64521697830727,0.047,0.219,1
KIF21A,0.0090833299455652609,-1.6488041300312666,0.094,0.232,1
C16orf74,0.003641945397846637,-1.652758527319889,0.125,0.284,1
PDE4DIP,6.275397831983076e-5,-1.6545125640598317,0.25,0.467,1
RXYLT1,0.04177332322607071,-1.6580142527713844,0.031,0.111,1
SLC19A3,3.7370241151227294e-4,-1.6596275546346542,0.094,0.304,1
CCDC122,0.009722028569482608,-1.6601111936069644,0.047,0.169,1
THSD4,0.04767884181722981,-1.6640760055585857,0.125,0.223,1
COL27A1,0.09948346702361159,-1.6645570986381562,0.094,0.169,1
MELK,0.06312593576996471,-1.6663837906224943,0.047,0.122,1
DSC3,0.007687989676410923,-1.6710704055968306,0.031,0.153,1
POLR3B,0.005012022142064799,-1.672184025907539,0.094,0.239,1
MICAL2,0.059623297512837896,-1.6757418453207285,0.047,0.124,1
HPS3,0.01884421223383977,-1.6827207653357563,0.047,0.152,1
FGD4,0.13284933529551127,-1.6840094613043286,0.156,0.222,1
MICU3,1.877048658064742e-4,-1.6840094613043288,0.188,0.399,1
LDB2,0.49422140839610584,-1.68420762009056,0.141,0.166,1
EYS,0.2403114784322176,-1.6854808485209969,0.078,0.124,1
RAB40C,0.007430575261110512,-1.6865834049681552,0.031,0.154,1
PPM1H,0.024076414512997434,-1.6881255697765607,0.203,0.315,1
ARHGEF3,5.308142970384421e-4,-1.6891527645802884,0.219,0.42,1
SMIM13,0.007045755082730618,-1.6891527645802886,0.078,0.214,1
SLC13A4,0.0036188361075632325,-1.6923580425947902,0.047,0.195,1
CTDSP1,0.09466471038988268,-1.6928818653082807,0.141,0.212,1
AC009126.1,0.08376302797526768,-1.694277796758156,0.047,0.114,1
TAF4B,0.0023045101403140456,-1.6942777967581562,0.047,0.207,1
SLC2A1-AS1,0.005998320470191674,-1.6981096583491828,0.016,0.136,1
LINC02326,0.015184001230974319,-1.6981096583491828,0.047,0.157,1
NECTIN4,0.06969494181933868,-1.6981096583491828,0.047,0.119,1
LINC01138,0.04197147838148267,-1.6993846871912446,0.031,0.111,1
NBPF11,0.009718586210325654,-1.7019313693015912,0.047,0.167,1
THOP1,0.04193341814977559,-1.7044735638640445,0.031,0.111,1
SLC7A2,0.004615610815769148,-1.7095445534114664,0.094,0.244,1
AL035446.2,1.1387203862735141e-4,-1.7105566159158878,0.125,0.358,1
AC004951.1,0.022105369682949738,-1.7145977811377517,0.031,0.126,1
RAD9A,0.028910971997502064,-1.7145977811377517,0.031,0.12,1
SMAGP,0.007490246209087895,-1.716038315496967,0.047,0.175,1
PISD,8.56710641380117e-4,-1.716430938996706,0.109,0.3,1
RPIA,0.007254519635179656,-1.7171177731162672,0.062,0.196,1
OSMR-AS1,0.02574412577568462,-1.7171177731162672,0.125,0.234,1
MGAT3,0.04069687795457141,-1.7196333710350502,0.031,0.111,1
AL109761.1,0.01905114635360846,-1.7221445901910999,0.031,0.133,1
PTPN21,0.004128713073976439,-1.722502979223098,0.078,0.228,1
MIR4713HG,0.013136958021360414,-1.722882352948619,0.141,0.271,1
XXYLT1,0.016726194341208585,-1.7246514458016746,0.078,0.192,1
PARD6B,0.0011996345346838575,-1.7246514458016748,0.047,0.216,1
PDGFRB,0.12001740008051577,-1.728403580662782,0.047,0.105,1
FAM118A,0.0168507712218294,-1.7310777149611074,0.094,0.209,1
MTMR7,0.04621548193298544,-1.732145982348599,0.047,0.129,1
AC012409.2,0.007192645327875176,-1.7336402290289294,0.031,0.155,1
CCDC125,0.0061381761124193746,-1.734635534374297,0.094,0.236,1
LINC00624,0.04946510340262794,-1.7396017872676461,0.031,0.107,1
CDK7,0.017636973239718894,-1.7412534131388047,0.109,0.228,1
EDEM1,0.0037281533096452596,-1.7420785175598588,0.062,0.211,1
FAM107B,8.601848095437332e-4,-1.7431669333345226,0.203,0.403,1
C2CD2,0.013369649742352186,-1.7455388122754982,0.062,0.179,1
RGS6,0.12058286297566337,-1.7466298148971693,0.109,0.182,1
BBOX1-AS1,0.0036537533837974604,-1.7503782709200437,0.078,0.233,1
TRPV6,0.010790739261004514,-1.7522942008708036,0.047,0.166,1
ZDBF2,0.0018247361372381965,-1.75276215255862,0.094,0.266,1
LINC00571,0.029343929562735814,-1.7562377888595078,0.094,0.196,1
SMOC1,0.08454539197315146,-1.7617407645368948,0.047,0.114,1
NEURL1,0.025502335658479626,-1.763570435093977,0.062,0.164,1
NMT2,0.03749364735185015,-1.7661280817778338,0.062,0.153,1
CLEC1A,0.05811770393495441,-1.7690455651601282,0.031,0.103,1
PNP,0.011438166652569321,-1.7726841422234765,0.031,0.144,1
BCAR4,0.026828264323366418,-1.7748628917554423,0.047,0.143,1
MAFF,0.04633952588564918,-1.7748628917554423,0.062,0.148,1
ERV3-1,0.04298669088797093,-1.7755078157898252,0.109,0.203,1
IMPA2,0.004646919196947531,-1.7763135656241673,0.062,0.206,1
KLHL23,0.0365961257876993,-1.7787281185574675,0.031,0.114,1
PKP2,0.005151470844916893,-1.782342387773586,0.141,0.29,1
MARK1,0.015934113025864213,-1.7835451348552431,0.031,0.136,1
BMP7,0.008339584554667575,-1.7853473774892286,0.094,0.226,1
FDX1,0.006617293183450197,-1.7878134664920466,0.25,0.388,1
GJB7,0.031176985762181506,-1.7883461211190643,0.031,0.118,1
OLAH,0.029599470693747115,-1.7893044041439277,0.031,0.12,1
CDYL2,2.332760982356484e-4,-1.791118354560044,0.125,0.346,1
RRAS2,0.001760772392275647,-1.7943249736084859,0.141,0.312,1
ABCB10,0.024790469883263867,-1.7943249736084859,0.047,0.145,1
SLC22A3,0.046336149793844775,-1.79680123155751,0.062,0.153,1
DCBLD1,0.02063957051796784,-1.8050248622656948,0.047,0.148,1
ABLIM1,0.14691843246036868,-1.8149403311307777,0.047,0.101,1
EGLN3,0.1351661338338565,-1.8191690445859645,0.047,0.103,1
KRT8,0.0025278845741293506,-1.8209273568583233,0.125,0.299,1
ZIM2,0.016581148549266223,-1.8215129850542637,0.031,0.133,1
CHD3,0.02332802871582146,-1.8215129850542637,0.031,0.125,1
LINC00474,0.05142248104806606,-1.8238531235087803,0.031,0.108,1
FANCC,0.0025232868027799758,-1.8303853890582158,0.125,0.287,1
ADCY3,0.03449109935077919,-1.8308508496335998,0.031,0.115,1
CRNDE,0.05330325657767287,-1.8308508496335998,0.031,0.104,1
NET1,0.0014207364930686217,-1.8381455769425086,0.062,0.235,1
BTG3,0.003405299918070391,-1.838393611850863,0.078,0.233,1
STRBP,0.0035419889573917365,-1.8401286632216105,0.125,0.28,1
GCN1,0.010204970124725727,-1.8429004124716644,0.062,0.186,1
TCL6,0.008826124815228467,-1.8429004124716646,0.031,0.152,1
NR2F2,0.0020505514215330423,-1.8487727576308621,0.078,0.244,1
LINC01091,0.0018108155964248447,-1.8502304939832221,0.266,0.425,1
FZD6,0.011484174124586856,-1.8504953787798701,0.047,0.162,1
GASK1A,0.017438230894797437,-1.8516426512386517,0.062,0.174,1
CHML,0.013222675503460865,-1.8539344627466414,0.062,0.179,1
AGL,0.01284700981343732,-1.8576768644324577,0.156,0.274,1
SOX4,0.06027363976063116,-1.8594200018303708,0.047,0.123,1
ADM,0.03367071290118259,-1.865663755328748,0.078,0.174,1
ST7-AS2,0.008907035502040854,-1.8676093996437175,0.031,0.15,1
ITGA6,0.014210585243673553,-1.8743985653063566,0.109,0.229,1
ADAM19,0.01756899631701291,-1.8856433224739793,0.031,0.134,1
MIR181A2HG,0.020886820325891706,-1.8907547362915784,0.062,0.169,1
AP000787.1,0.03283792201162834,-1.8912330041696164,0.047,0.137,1
CGB3,0.8551206460122678,-1.892487703516034,0.234,0.207,1
AC119674.1,0.016666117801339572,-1.897003184638527,0.109,0.227,1
PCSK6,0.02581428412659791,-1.8990223522751792,0.094,0.207,1
ZNF440,0.0012901641599827364,-1.8995771283023535,0.078,0.251,1
LIMA1,1.660195992026518e-4,-1.8999098915470274,0.188,0.403,1
HSPG2,0.05732422322012555,-1.9002900984383804,0.062,0.146,1
GABPB1-AS1,1.9563542745724722e-4,-1.9012401775249979,0.062,0.273,1
PTPRF,2.1826938114266836e-4,-1.9078732698574448,0.094,0.318,1
BMP1,0.0038821610252779658,-1.9078732698574448,0.078,0.229,1
ZNF761,0.015745067375849374,-1.9078732698574448,0.031,0.134,1
SPINK5,0.01633765409745042,-1.9078732698574448,0.031,0.134,1
RASEF,0.02302318985807567,-1.9078732698574448,0.016,0.103,1
FHL2,0.0030519604104000566,-1.9097628510586628,0.078,0.232,1
LAMA5,0.01841699605072095,-1.916670218094604,0.031,0.13,1
AL078602.1,0.02979335074153071,-1.9177660746158764,0.031,0.119,1
AC013652.1,0.016114140137521184,-1.9198558556923446,0.062,0.178,1
HSD17B1,0.05769515813455137,-1.9245418686432745,0.156,0.242,1
SLC25A16,7.946587460425267e-5,-1.9254138511665801,0.078,0.313,1
AP000561.1,9.749408635130822e-5,-1.9265030886972863,0.125,0.361,1
TCF7L1,0.015583949615486205,-1.9266586269477617,0.062,0.178,1
NECTIN3,3.764626579285412e-4,-1.9302486245951445,0.188,0.398,1
VAMP7,0.013053575063836717,-1.9341048114306245,0.031,0.138,1
HSD3B1,0.06949049766790219,-1.935496702557296,0.188,0.262,1
AL139807.1,0.007346494497452654,-1.940588845000823,0.031,0.154,1
GNG12-AS1,0.00835395906485733,-1.9427437297044974,0.109,0.243,1
GRB10,0.006907850006947806,-1.9433588203302665,0.062,0.196,1
LINC02008,0.0030729257278577283,-1.9435265268158828,0.062,0.214,1
CHODL,0.001570063382533785,-1.9463657495976054,0.094,0.268,1
SYNJ2,0.0054890976889473125,-1.949617810801949,0.047,0.182,1
CCDC171,3.0504728979475077e-4,-1.9545384036850468,0.125,0.331,1
ANO2,0.06868149034437819,-1.9566725683358994,0.047,0.118,1
DYSF,0.004463541561936749,-1.9585233640238409,0.172,0.325,1
AP002336.2,0.005729355719142582,-1.9598679074957064,0.062,0.198,1
NOS3,0.018349991008883557,-1.964117380497064,0.016,0.109,1
ST3GAL6,1.1672915159186637e-4,-1.971875720118058,0.219,0.429,1
SLC39A8,0.005477411158124597,-1.97257895924526,0.062,0.203,1
ELOA-AS1,0.02359884568728396,-1.9788927331774624,0.016,0.101,1
MSRB3,0.15250956096603946,-1.9809911990614604,0.062,0.117,1
TIAM1,5.238044213183877e-4,-1.9851789960248936,0.031,0.216,1
HIC2,0.005915980694606136,-1.9851789960248936,0.016,0.136,1
LMTK2,0.0011225854482599087,-1.9851789960248938,0.047,0.217,1
DNASE1,0.0033246965115264243,-1.9901883588386389,0.062,0.21,1
C12orf75,0.06706778224436649,-1.9914379864965759,0.047,0.119,1
ITGB4,0.02216259292190823,-1.995180388182393,0.062,0.165,1
TGM2,5.8609458287102136e-5,-2.0036874464958156,0.297,0.527,1
MTCL1,0.004748607111701962,-2.003875089734799,0.016,0.141,1
LIN9,0.017289020069311628,-2.0059375561916912,0.031,0.131,1
ZNF551,0.019592595863989492,-2.010053664663923,0.016,0.105,1
TFCP2L1,0.027105842825902803,-2.0141580629966596,0.031,0.12,1
JUP,0.006374136660088763,-2.0192721946933014,0.047,0.176,1
AFF2,0.32686769663925513,-2.0195077944392144,0.062,0.1,1
CCDC68,0.10823085344516875,-2.019884674023617,0.062,0.126,1
TFAP2C,0.005026524302197441,-2.0264016587514067,0.016,0.139,1
CTNNAL1,5.840595232284046e-4,-2.027562314518665,0.047,0.233,1
ATP7B,0.004908873779367096,-2.034506708388462,0.047,0.183,1
ARL15,0.15577307176973157,-2.0358531340959787,0.734,0.705,1
AC110619.1,0.01140243076183593,-2.0425664781824135,0.016,0.12,1
DIPK1A,0.0037378873274240276,-2.0477812858987905,0.109,0.26,1
FRMD6,7.841923535368308e-5,-2.054152760393838,0.172,0.405,1
PIP5K1B,9.275472970164888e-4,-2.058552182355113,0.125,0.308,1
AL807742.1,0.012901770173335632,-2.0602544775861134,0.031,0.141,1
CECR2,7.75186739789213e-4,-2.064044682799663,0.125,0.31,1
PTK7,0.006209949838413933,-2.070426282643405,0.031,0.157,1
SLC1A2,0.08557858515874342,-2.0861079048756745,0.062,0.133,1
SLC16A12,0.001980822931706186,-2.0865952195369157,0.031,0.185,1
DNAJC6,0.002181048356184737,-2.086887529342574,0.078,0.24,1
LINC01588,0.021424653457655676,-2.088056176665196,0.016,0.103,1
RORA-AS1,0.025133863157575775,-2.088056176665196,0.016,0.1,1
WWC1,1.930865410367076e-4,-2.090708677947216,0.094,0.31,1
PHYHIPL,0.011245110252477205,-2.100849203217158,0.062,0.182,1
PPP1R3B,0.020397280123479217,-2.1054732297426058,0.016,0.104,1
PPP1R9A,2.4815049206477644e-4,-2.106114285092362,0.156,0.368,1
EFHD1,0.0011074136246664692,-2.1080357438104276,0.047,0.218,1
GNE,0.0013000007840381837,-2.1131471576280267,0.078,0.247,1
IQCJ-SCHIP1,0.001497729085461712,-2.116968868580435,0.047,0.21,1
PRTG,5.793530616341103e-4,-2.125847019926888,0.062,0.251,1
GREB1L,0.1574026421438518,-2.1340423819393766,0.062,0.117,1
AC017101.1,0.005725068580501547,-2.1359270262843193,0.016,0.136,1
AMOT,0.005148752451481911,-2.1368684260181396,0.031,0.161,1
ZNRF3,3.18095110000107e-4,-2.1461995799041893,0.172,0.377,1
PUDP,5.118868058517768e-4,-2.15463928654649,0.094,0.285,1
L2HGDH,0.02185247742554114,-2.162056758108973,0.016,0.103,1
PVT1,0.0018436110510642238,-2.1698042759885894,0.078,0.244,1
MROH1,1.7577265888467293e-4,-2.17035608132746,0.109,0.319,1
C2orf68,0.013142807748241732,-2.178607934372821,0.016,0.115,1
DUXAP8,0.01861866471021764,-2.178607934372821,0.016,0.107,1
ARHGAP29,0.0029374315039835206,-2.1799786661062353,0.047,0.197,1
ZNF730,0.0022895094688545163,-2.1840830644389717,0.047,0.2,1
LSS,0.005204999275443625,-2.1872024062831503,0.094,0.232,1
YES1,1.4825871928943405e-4,-2.188175819072855,0.094,0.31,1
TRIM16,0.01897311433228116,-2.18953749453108,0.016,0.106,1
GCFC2,2.0335049797147247e-4,-2.191351064903011,0.062,0.271,1
BPGM,0.009679669599494463,-2.1934209290183078,0.062,0.186,1
F5,0.0013110860271964783,-2.194971380581708,0.031,0.192,1
GFOD2,0.009396918864668239,-2.194971380581708,0.031,0.145,1
SYDE2,0.00706712789302796,-2.198582634134087,0.031,0.152,1
TINAGL1,0.0066332201212347406,-2.2014651426672085,0.062,0.193,1
BANK1,0.05469545160710628,-2.202184870814283,0.031,0.103,1
AL135878.1,2.2684620670053755e-4,-2.2069739043932275,0.078,0.288,1
JADE3,0.0011031568351024296,-2.207315370676689,0.078,0.252,1
WNK2,0.001218591572440964,-2.208850969587914,0.062,0.232,1
ACTR3C,0.007223099941807392,-2.20936247288733,0.031,0.151,1
PAPPA2,0.0018622675948514308,-2.213987847134854,0.297,0.459,1
ARID3B,4.295063636735862e-4,-2.2182845485766354,0.062,0.254,1
SINHCAF,0.0027365086998948434,-2.220772873768153,0.062,0.212,1
LINC02050,0.014412647785490375,-2.2324460860003708,0.016,0.112,1
ERVMER61-1,0.10860763255140644,-2.2342065438648078,0.047,0.107,1
BCORL1,0.002397448208438765,-2.2429767534925404,0.031,0.179,1
GPR78,0.14066526058650736,-2.246469963530637,0.062,0.12,1
CEMIP,0.07676235750339724,-2.2482134018586875,0.047,0.117,1
LINC01876,0.0028249981262555486,-2.2508246153152256,0.078,0.233,1
AC009879.4,0.0011537657877875548,-2.2642079674679487,0.031,0.194,1
SH3GLB2,0.0016137792216828109,-2.2860454753844266,0.016,0.165,1
AC013287.1,0.007838839544237575,-2.287402667432672,0.031,0.152,1
PSD4,0.014304437601752438,-2.2894360645852005,0.016,0.112,1
ST3GAL4,6.282848296990418e-4,-2.291466599812572,0.047,0.228,1
LINC02583,4.7725379132066684e-4,-2.3045958717562063,0.062,0.252,1
CCNE1,0.04265146071086906,-2.3062705034484603,0.031,0.11,1
AP001207.3,0.020175653600374068,-2.309613946522831,0.016,0.104,1
SLC25A37,0.029617398104618206,-2.312343739278403,0.156,0.261,1
PIK3C2B,7.911210423061261e-4,-2.3181759600262546,0.078,0.259,1
AL359220.1,0.004886477386417841,-2.319598035095453,0.016,0.139,1
NFE2L3,0.003297320130477442,-2.329513503960536,0.031,0.171,1
OCLN,0.010076698969458115,-2.3344457995027663,0.016,0.12,1
FAM156A,0.011885684087990199,-2.3344457995027663,0.016,0.117,1
FRMD6-AS2,0.005356023715048271,-2.3393612899168827,0.031,0.161,1
ACOXL,0.03854185569620075,-2.347516738660426,0.031,0.113,1
ZNF554,0.022525860173880728,-2.3491423107094684,0.016,0.102,1
LINC02428,0.01220196209249282,-2.3523879702131225,0.016,0.118,1
AC020891.2,0.04263705008218738,-2.355626344279667,0.031,0.109,1
AC022872.1,6.643852014184416e-5,-2.3576466429446326,0.188,0.429,1
LRP8,0.002780275899962493,-2.35885746554268,0.016,0.152,1
LDLRAD3,0.004651480200350143,-2.35885746554268,0.016,0.14,1
TEAD4,0.0124150492504087,-2.3636906192786236,0.016,0.116,1
GPC1,0.004781044926919383,-2.3717100676147433,0.031,0.16,1
TMEM154,0.017638576877087375,-2.387616458524104,0.016,0.108,1
HUNK,0.004168567282154747,-2.4064754857754194,0.078,0.221,1
FGFR1OP,6.010838119491681e-4,-2.4088156242299363,0.047,0.225,1
CLHC1,0.00834109629624167,-2.411151972984893,0.016,0.125,1
KCTD1,0.00014160761071693219,-2.4139506063375666,0.016,0.217,1
DAB2IP,3.761001107172635e-4,-2.415813350354756,0.047,0.238,1
COL28A1,0.006686472842106717,-2.4220051840690244,0.016,0.132,1
MFAP5,0.006456525444399241,-2.42277729810452,0.031,0.155,1
CMTM4,0.006001147529001247,-2.425091163942767,0.047,0.176,1
NOCT,0.004400655346864173,-2.431243390924362,0.031,0.162,1
PLAC4,2.472771230124442e-4,-2.443341082155161,0.203,0.415,1
SLC27A6,1.3793697856033984e-4,-2.4515633753039583,0.047,0.263,1
AC022137.4,0.006734014244038157,-2.4571015588453875,0.016,0.13,1
LCMT1-AS2,0.0011566862656286181,-2.460923269797796,0.062,0.235,1
SH3TC2-DT,0.007545398027572229,-2.4652192766480763,0.031,0.151,1
SLC7A5,0.0017468951201985731,-2.4683638724084656,0.031,0.185,1
SLC22A5,0.005836360186214282,-2.479538947965143,0.016,0.133,1
ZBTB7C,3.418567807598026e-4,-2.4813189544104293,0.062,0.261,1
LRP5,0.0037751105092972592,-2.4825044064417043,0.031,0.165,1
EPS8L1,0.006153083742837283,-2.4825044064417043,0.016,0.133,1
FRAS1,6.886024224988209e-4,-2.4870189130859686,0.172,0.358,1
AC099520.1,8.034882342389179e-5,-2.489813931798533,0.172,0.402,1
KRT7,0.0028272201764736604,-2.489891493963057,0.062,0.214,1
LINC02615,9.893674176702934e-4,-2.4909437112373922,0.078,0.254,1
ST8SIA6-AS1,2.3581869366508923e-4,-2.493717883134905,0.047,0.246,1
EPHA1-AS1,0.012704198814744928,-2.493717883134905,0.047,0.159,1
DEPDC1B,0.01078737682142308,-2.494725351779819,0.156,0.283,1
SNX19,1.5981071425472023e-4,-2.495040041505331,0.047,0.252,1
ACER2,1.8840958971325312e-4,-2.506885255106414,0.078,0.295,1
STK17A,5.200405888849083e-4,-2.507758821612602,0.047,0.23,1
EML2,0.005428744386673356,-2.5103763518877362,0.016,0.134,1
PERP,0.003075935823849748,-2.512554005193106,0.047,0.19,1
PCDH11X,1.521469338851284e-4,-2.5142015569799647,0.172,0.39,1
AC106729.1,0.002892087541741732,-2.5298579012807023,0.016,0.151,1
CD200,0.015257911752966095,-2.5348660219985195,0.031,0.133,1
PLEKHH1,0.0016561115719806018,-2.5388600389003413,0.031,0.186,1
RETREG1,0.011367930862426474,-2.5405683813627027,0.031,0.14,1
SLC13A3,9.446664494200023e-4,-2.5638552338986185,0.047,0.219,1
C1QTNF6,0.00493109005680478,-2.5659536997826162,0.016,0.139,1
TMEM108,0.001958154683051525,-2.5888375904559546,0.078,0.237,1
KCNN4,0.005522716191453914,-2.5909000569128473,0.016,0.134,1
GPR1-AS,0.006663909727124318,-2.5936454336516648,0.031,0.152,1
KAZN,0.0020341098557654373,-2.601460702172332,0.094,0.252,1
HPGD,0.007548246723365702,-2.605663409584588,0.047,0.176,1
GPT2,0.008109848348148764,-2.607294495163516,0.016,0.125,1
PGF,0.0012333635262949528,-2.6174472115244067,0.062,0.23,1
CAV1,0.022143153749625534,-2.623504722344775,0.031,0.125,1
NRXN3,0.001195533302697231,-2.6277653506647094,0.109,0.285,1
DSCAM,0.09894530562200884,-2.633144146006695,0.062,0.126,1
CATSPERB,0.009863655576788095,-2.6355439719676896,0.016,0.123,1
LHFPL6,0.013059800906880593,-2.6462635471169587,0.094,0.214,1
BET1,9.371385363603392e-4,-2.6612893848042454,0.047,0.215,1
DSG2,4.890750678166676e-4,-2.6840094613043286,0.016,0.19,1
SDK1,0.0018940343583334744,-2.6893861159824772,0.094,0.258,1
ABCB1,0.0070514228832999435,-2.692742197846931,0.047,0.172,1
GHR,1.4050408726271795e-4,-2.6963691646637327,0.078,0.295,1
LINC01088,0.008601463412584599,-2.701931369301591,0.031,0.146,1
AC008840.1,0.008597048606632351,-2.709544553411466,0.016,0.124,1
OBSL1,0.0019392572713485892,-2.7133361325738403,0.016,0.157,1
LINC01619,0.010697485024307877,-2.7133361325738403,0.016,0.119,1
TENM3-AS1,0.01221896732193873,-2.717117773116267,0.016,0.116,1
LINC01203,0.018437265734238477,-2.7208895270054754,0.016,0.106,1
CBR3-AS1,0.0011164315778757548,-2.7227717125834516,0.047,0.21,1
HOMER1,2.1190257806032422e-4,-2.7257244804669005,0.062,0.267,1
PSG8,0.002252941605565059,-2.7354644312893073,0.047,0.197,1
FIRRE,0.0031086800813414856,-2.7371207977638914,0.031,0.169,1
PTCHD1-AS,0.011019465639110706,-2.7404278365549657,0.031,0.143,1
RGPD2,0.0010617723660095344,-2.758074447339125,0.016,0.17,1
GAREM1,0.0029748187432155557,-2.7617407645368948,0.109,0.257,1
GLDN,1.3918598481181066e-4,-2.762960802699151,0.016,0.217,1
NOSTRIN,0.010096906453083483,-2.7799338813028642,0.016,0.12,1
P2RY6,6.61175792841596e-5,-2.7907406362594473,0.016,0.232,1
AC093866.1,0.005709906201126488,-2.7961138083582986,0.047,0.175,1
NHS,1.7441781925529217e-4,-2.799486678724265,0.062,0.273,1
CADPS2,0.01749834885544483,-2.8097550141780916,0.031,0.13,1
TTPA,0.005195455074947752,-2.812114287052014,0.016,0.135,1
MYO5B,5.667696807277412e-4,-2.8238531235087803,0.016,0.186,1
BAIAP2L1,0.006659001361573363,-2.8238531235087803,0.031,0.152,1
NPFFR2,0.013665627789664373,-2.826189472263737,0.016,0.113,1
CRYBG2,0.007538758360496751,-2.843592518525182,0.016,0.126,1
SH3BGRL2,2.0902227949240224e-4,-2.876654539246725,0.016,0.207,1
PRSS12,0.01122141413255662,-2.876654539246725,0.031,0.139,1
GPR157,0.002394469869317877,-2.8777812047010087,0.016,0.152,1
MAPK4,0.034984481310031665,-2.905665625905793,0.031,0.113,1
ZNF117,0.001378001864380899,-2.9120035190021714,0.203,0.372,1
QSOX1,0.0017715729463860165,-2.9184231891983545,0.062,0.218,1
AC063944.1,0.0013287759268299356,-2.9322468652100424,0.047,0.209,1
ITGB8,0.002103414618475064,-2.9373504709342786,0.031,0.178,1
ADCY5,0.009439962386370218,-2.940588845000823,0.016,0.122,1
ACKR2,0.0069470377124227906,-2.9470438671381225,0,0.103,1
EPHA6,0.036812358611613354,-2.9525538485304006,0.047,0.134,1
LINC01524,0.0035922826312451044,-2.9700456924997374,0.031,0.167,1
KANK4,0.0016908365920646393,-2.9788927331774624,0.047,0.2,1
LRP6,0.00186327729391339,-2.991437986496576,0.047,0.201,1
FANCA,0.001452887927277862,-3.000775851075912,0.016,0.163,1
PPP1R13L,7.360668719371602e-4,-3.013133057595895,0.016,0.178,1
SYT7,8.542710844471223e-4,-3.02233199444236,0.016,0.174,1
P2RY14,0.0036815136635562234,-3.0525782813104803,0.016,0.143,1
EVA1A,3.16287183964898e-4,-3.072395832493174,0.031,0.216,1
SLC26A7,0.007707164609688385,-3.07716786052246,0.016,0.129,1
CLMN,0.0033398045321659073,-3.0792681593952116,0.016,0.145,1
EDARADD,0.00235600689468967,-3.0938852554673937,0.016,0.152,1
FSTL3,0.04171581807041563,-3.106915203916512,0.047,0.13,1
GRTP1,0.00802232700683606,-3.1169688685804346,0,0.1,1
TLL1,0.0015741499576898286,-3.126952957153057,0.031,0.187,1
SERINC2,6.766340648088683e-4,-3.1396889450805183,0.016,0.179,1
AC211486.5,0.007389928162020131,-3.1396889450805183,0.016,0.126,1
SERPINE1,0.019077658810538554,-3.1481175671510995,0.016,0.105,1
DPP10,0.05577988398072409,-3.1731119466179685,0.031,0.102,1
LRP2,3.0786839787028884e-4,-3.1990334059049435,0.047,0.237,1
SLC22A11,9.404249807733957e-4,-3.2003848767680725,0.031,0.193,1
FOXO4,0.00784597811621125,-3.2111513076371425,0,0.1,1
AC079760.1,0.007599553464700047,-3.212937927111157,0.031,0.148,1
CCDC102B,0.1488111547367493,-3.233326583458821,0.062,0.117,1
MC1R,0.007320383210636173,-3.237721028041045,0,0.102,1
SLC9C1,0.00748427868173876,-3.2429767534925404,0,0.101,1
SNHG27,0.007489511042496926,-3.279240297479312,0,0.101,1
GATA2-AS1,0.006060377647324008,-3.2843471879124007,0,0.106,1
PLEKHA7,6.18915216535322e-5,-3.2894360645852005,0.031,0.25,1
ISM2,0.001752260232103564,-3.2995602818589083,0.031,0.181,1
CPAMD8,0.0053890886961745245,-3.3146146275811974,0,0.109,1
KLF5,4.4167346903438697e-4,-3.3319817595512853,0.016,0.188,1
ATP6V1C2,4.0535390470463354e-4,-3.344260089329722,0.016,0.189,1
EPS8L2,0.00435182083246703,-3.344260089329722,0,0.114,1
CMYA5,2.0580449214350056e-4,-3.3507660531891323,0.031,0.224,1
NCAM2,0.0035579361169230887,-3.351577239626522,0.016,0.143,1
GDPD5,0.0012707953883111275,-3.35885746554268,0.016,0.165,1
TPD52L1,0.005517107355730335,-3.382862928553469,0,0.108,1
AC087857.1,0.015483110529244571,-3.3923543775307667,0.016,0.11,1
AL162411.1,0.005264457979802456,-3.392354377530767,0,0.109,1
AC099329.1,5.281553835416943e-4,-3.3994322087713,0.016,0.184,1
LINC01205,3.5340305352041576e-4,-3.4088156242299363,0.031,0.214,1
LAMA3,0.01436755083529214,-3.411151972984893,0.016,0.111,1
SYDE1,0.003685119481823629,-3.4388969634677973,0,0.117,1
FANK1,0.006667388834259562,-3.448027975219926,0,0.104,1
ERVH48-1,2.0507318778848903e-4,-3.4683638724084656,0.016,0.203,1
TP63,1.3725207695057832e-4,-3.4706058231951356,0.031,0.233,1
DUSP9,5.541277339430283e-4,-3.4750792997744435,0.016,0.183,1
SHROOM2,9.164465324199106e-4,-3.477310847073026,0.016,0.172,1
ATG9B,0.008501170473661187,-3.488417099311596,0.016,0.124,1
DACT2,0.0034330392173765266,-3.5103763518877362,0,0.119,1
SYCP2L,3.0517908583211376e-4,-3.5147283764274433,0.016,0.195,1
AC026167.1,0.010852907548956072,-3.5233932375545707,0.016,0.118,1
AP002026.1,0.001515581139459656,-3.536293726262377,0.016,0.161,1
TSIX,0.004258678190065472,-3.5448304082168622,0,0.114,1
CADM1,2.0451827880986205e-4,-3.5448304082168627,0.031,0.226,1
ASXL3,0.004911855657222106,-3.5909000569128473,0,0.111,1
NAA11,1.8232367533240168e-4,-3.5922733983215407,0.031,0.225,1
TMEM266,0.002573876996126309,-3.615422376046916,0,0.125,1
ERN1,1.5271882625442408e-4,-3.6474835852792147,0.016,0.209,1
SEL1L3,0.0010374092752845157,-3.6474835852792147,0.016,0.169,1
OLR1,5.617152968267731e-4,-3.6494639494074557,0.016,0.182,1
ERBB3,0.001118821004774562,-3.690435730463762,0,0.144,1
MARC1,0.0016659826187735828,-3.701931369301591,0,0.135,1
GCNT4,0.002023423978128983,-3.701931369301591,0,0.131,1
LGR5,4.4423198733126575e-4,-3.7057429832516107,0.047,0.228,1
GRAMD2A,1.264963051190139e-4,-3.756237788859508,0.016,0.212,1
CDH1,3.9420958873270367e-4,-3.756237788859508,0.016,0.189,1
KRT19,1.9546335311887967e-4,-3.7799338813028642,0.031,0.228,1
FAM160A1,0.00426583177045304,-3.787147371535439,0,0.114,1
ZRANB2-AS2,0.00361399716527323,-3.815645978022267,0,0.118,1
RASSF6,1.8958213394219573e-4,-3.8743985653063566,0.016,0.204,1
MAP7D2,0.0014419848782717614,-3.887881794669979,0,0.138,1
CYFIP2,0.0017108258478867953,-3.887881794669979,0,0.134,1
GATA2,0.0019326010184122439,-3.8912330041696164,0,0.132,1
PSG7,0.0068436662363371105,-3.914476004681692,0,0.103,1
ARHGAP8,7.553422484889864e-4,-3.9630561851267534,0,0.152,1
LINC02669,4.921382434324494e-4,-3.9788927331774624,0,0.161,1
GALNT18,0.002167588261312993,-4.002326302639312,0.016,0.153,1
SLC6A4,0.0012464253287490562,-4.010053664663923,0,0.141,1
FAM83B,5.6335731318289626e-5,-4.065984939861631,0.016,0.228,1
SPRY4-AS1,2.324631200095633e-4,-4.101138639478714,0.016,0.2,1
AC011029.1,0.0015198454603064593,-4.24297675349254,0,0.137,1
FILNC1,0.0012483003517289174,-4.256032906317987,0,0.141,1
MIR193BHG,0.0010770530068749127,-4.276680057160748,0,0.145,1
AC105411.1,0.002920292857790936,-4.281796002383069,0,0.123,1
SLC24A3,4.7839924669606067e-4,-4.335061152483258,0.047,0.224,1
LINC02253,0.0015972491884469408,-4.366101137869304,0,0.136,1
FGF12,0.0029932418832072497,-4.448027975219926,0,0.122,1
LINC01725,0.0022437508754852664,-4.510376351887736,0,0.129,1
ANKRD30A,0.005289901140566298,-4.514728376427444,0,0.109,1
SDK2,7.434575257644722e-4,-4.557541459966417,0,0.153,1
RNF43,2.705817155843176e-4,-4.867609399643717,0,0.174,1
AC078980.1,1.9831255608462292e-4,-4.977316878251923,0,0.181,1
KLRD1,7.433510386208165e-5,-5.146015023605452,0.016,0.222,1
TMEM150C,7.070146671375719e-5,-5.162056758108973,0,0.202,1
XIST,7.915188447152888e-5,-6.529857901280702,0,0.2,1
