gene,p_val,avg_log2FC,pct.1,pct.2,p_val_adj
HRH1,4.2886327158039893e-41,3.3994068475650794,0.529,0.086,9.47058762630995e-37
PRKCB,1.0047099746612394e-38,3.310968882897496,0.494,0.081,2.218701037044415e-34
RYR1,1.064743940814707e-38,3.1595798328926112,0.448,0.064,2.3512740445011175e-34
WDFY4,1.4945986045739179e-35,2.9453752166703717,0.414,0.058,3.300522098480583e-31
TRPM2,1.554099620871206e-35,3.1216258563620993,0.414,0.058,3.4319181927698843e-31
RTN1,8.563711880416505e-34,3.154136721207125,0.414,0.064,1.8911244945523768e-29
AC025569.1,1.2806026741823067e-33,3.3435536128315624,0.345,0.042,2.827954885396788e-29
AL160272.1,3.802945230877965e-33,3.152968952261981,0.391,0.056,8.39804395334781e-29
SLCO2B1,1.0724484714274501e-32,2.5354683971411083,0.552,0.116,2.3682879594532382e-28
PIK3R5,2.187471872696228e-32,3.2791126138473676,0.379,0.054,4.83059413647508e-28
SIGLEC1,2.939421310265405e-32,2.8194105997372727,0.448,0.076,6.491124079459094e-28
FGL1,2.592621218694842e-31,3.112525699776918,0.506,0.107,5.725285437243819e-27
SRGAP3,3.857790146879886e-31,3.2752855357358923,0.483,0.098,8.519157981354851e-27
AC126177.3,4.10545552944406e-31,3.4770277446875535,0.356,0.05,9.066077445671319e-27
TMEM163,1.0676648213912242e-30,3.750879218066457,0.253,0.024,2.3577242250782403e-26
DOCK2,2.528164721536567e-30,2.6239007915468155,0.494,0.1,5.582946154569201e-26
PLD1,8.37806619728441e-30,2.2005429617248726,0.782,0.288,1.8501283583463164e-25
RTN4RL1,1.477494199490416e-29,3.7990143062743176,0.218,0.018,3.262750440734686e-25
FLI1,1.5304937389130155e-29,2.186987617037234,0.54,0.119,3.379789323641612e-25
PTPRN2,4.273981187509009e-29,4.307776372099512,0.253,0.026,9.438232656376144e-25
LNCAROD,1.1813605652219222e-28,3.000015955044827,0.483,0.106,2.608798536179571e-24
TMEM273,8.465199616898037e-28,2.975807334782812,0.379,0.064,1.8693700313995934e-23
ABCC5,9.627982688273935e-28,2.278270410063445,0.575,0.145,2.1261474170515332e-23
FAM20A,1.1607657394531696e-27,2.5647355082686234,0.506,0.113,2.5633189824344343e-23
RUNX1,8.57390523616191e-27,2.564342462166001,0.598,0.174,1.8933754933016346e-22
PLA2G7,1.0227752495792618e-26,2.3729346362038886,0.437,0.084,2.2585945836458836e-22
SYK,2.1259270063302384e-26,2.2183926674609613,0.494,0.109,4.694684608079065e-22
AC131944.1,2.9286229883132e-26,2.3482488072911165,0.425,0.081,6.46727814509204e-22
GNG7,3.7391248808125424e-26,2.7155909599176384,0.333,0.051,8.257109474298338e-22
PREX1,1.1686024346869844e-25,2.5676783301548785,0.494,0.117,2.5806247565192675e-21
CELF2,1.9722863533154923e-25,2.492516251956561,0.575,0.163,4.355399954026601e-21
RUBCNL,3.9317968894976202e-25,2.8462530850745997,0.425,0.09,8.682587071077595e-21
GRIN2C,3.955814846869613e-25,2.9612857351731945,0.276,0.036,8.735625926342167e-21
TFEC,4.658436999155089e-25,2.39940684756508,0.425,0.086,1.0287226425234183e-20
SLC38A6,6.044321646097727e-25,2.8882222729834712,0.621,0.212,1.334767549107761e-20
TBXAS1,1.0680640168216102e-24,2.9572449472429474,0.448,0.103,2.358605768347162e-20
ADAP2,1.3997898060533169e-24,2.1148392801816445,0.563,0.156,3.09115582870754e-20
PIK3CD,1.9268605645264193e-24,2.9182801578284634,0.299,0.044,4.2550861846436914e-20
NCKAP1L,2.4025684714037993e-24,2.2344480990161166,0.448,0.094,5.30559195540101e-20
LINC01645,3.973184544568596e-24,3.373871755457942,0.287,0.042,8.77398342977083e-20
PLEKHA2,4.9265336309741626e-24,2.1410438814551838,0.575,0.162,1.0879264217280242e-19
SCN1A-AS1,6.857411769624935e-24,2.0019716647516717,0.448,0.096,1.5143222410862744e-19
AC044893.1,7.026943751664825e-24,3.3719261111429724,0.207,0.021,1.5517599886801435e-19
APBB1IP,1.001977016298803e-23,2.379025347567059,0.494,0.123,2.2126658450926464e-19
MYO5A,1.0377529793158799e-23,2.5458929360425637,0.563,0.169,2.2916699042232576e-19
ST6GAL1,2.0286382477543477e-23,2.446100083013121,0.483,0.118,4.479841842515926e-19
LY86,2.0496515000736194e-23,2.9983085392441096,0.276,0.039,4.526245407612573e-19
HDAC9,4.119203408755793e-23,2.891197931169739,0.506,0.142,9.096436887555418e-19
SPIRE1,4.180953040120308e-23,2.3884634698784986,0.609,0.204,9.232798598497676e-19
MYO1F,5.1408596640297717e-23,2.2754181302896264,0.345,0.059,1.1352560396076945e-18
GAB3,5.538819153288444e-23,2.3956933447660154,0.425,0.093,1.2231374336206871e-18
MITF,8.754167030741359e-23,2.725740121572443,0.563,0.179,1.9331827053986143e-18
SCN9A,1.0895126643596154e-22,2.348698954274424,0.506,0.137,2.4059708167053388e-18
LCP2,1.2665841765345069e-22,2.3604127159492156,0.391,0.08,2.7969978370411514e-18
CEPT1,1.2696314232085232e-22,1.6959381653869605,0.805,0.392,2.8037270718713817e-18
CR1,1.7757191792098292e-22,2.3105063429761485,0.333,0.058,3.921320663449066e-18
LRRC39,1.982965040161082e-22,2.6862186366819993,0.414,0.093,4.378981698187718e-18
SPECC1,2.197960516837643e-22,2.094996513935747,0.471,0.119,4.853756209332567e-18
FKBP5,2.4426797538965705e-22,2.602018770266522,0.483,0.125,5.394169700529797e-18
FGF13,3.7229978235249086e-22,2.7892830356846576,0.46,0.12,8.221496093690055e-18
DKK2,3.767380668303834e-22,4.553030036678292,0.322,0.059,8.319506729815356e-18
ITGAM,4.044920555922169e-22,2.6010407087347303,0.31,0.051,8.932398063642926e-18
LY96,4.084491342625587e-22,2.0731135601163153,0.402,0.083,9.019782231920085e-18
MIR646HG,6.315236601520532e-22,2.8811704606447366,0.425,0.102,1.394593698713779e-17
MS4A4A,7.5438627601915585e-22,2.240977484960597,0.437,0.097,1.665911213333102e-17
AC009093.2,7.598330115489743e-22,2.55140994101013,0.31,0.052,1.6779392394036e-17
RCSD1,1.025648826383308e-21,2.310677928970748,0.402,0.088,2.2649403033022592e-17
PTPRE,1.3094950912303263e-21,2.334584846508837,0.529,0.155,2.8917580099639297e-17
MS4A6A,1.4816626846737904e-21,2.27108275058954,0.391,0.082,3.2719557065651316e-17
XKR6,2.328829951316486e-21,2.955800196089465,0.276,0.042,5.1427551814921963e-17
CPEB2,2.505028791149422e-21,2.469442617057235,0.483,0.131,5.531855079495269e-17
DENND3,2.8164555828793305e-21,2.5543815075414207,0.379,0.082,6.219578863672426e-17
CD86,3.0132874623881514e-21,2.286196237117089,0.333,0.06,6.654242703191755e-17
MBP,4.458254875090112e-21,2.4233326868105602,0.379,0.081,9.845164240661494e-17
RPH3AL,5.3315187428574105e-21,2.4489888764156396,0.31,0.054,1.177359283985202e-16
C9,5.57547592244893e-21,2.357747695927865,0.437,0.111,1.2312323479543972e-16
SH3RF3,6.1790853799229054e-21,2.2608286905878856,0.609,0.222,1.3645274244483752e-16
GRK3,6.206756957485647e-21,2.034010724101608,0.609,0.216,1.3706381389215555e-16
DTNA,7.303985277463841e-21,2.2710267377368205,0.414,0.094,1.61293906882234e-16
CD163L1,1.0296555676968638e-20,2.36208131187626,0.471,0.126,2.2737883901449843e-16
CYTH4,1.415679186890522e-20,2.633872101202103,0.322,0.06,3.12624434841034e-16
CD200R1,1.8070673746753904e-20,2.6818065782658045,0.368,0.078,3.9905468834956645e-16
HNMT,2.255238020681369e-20,2.289602838560338,0.586,0.213,4.980242121070667e-16
VAV1,2.4794885242608912e-20,2.380547820313764,0.356,0.074,5.475454508125326e-16
CTTNBP2,2.6140366631130846e-20,2.250686338109331,0.437,0.109,5.772577163152625e-16
TRPS1,2.670670002344634e-20,2.1965314243214804,0.621,0.233,5.897640566177655e-16
MBOAT1,3.940323473986595e-20,2.429066821085319,0.391,0.09,8.701416327604598e-16
INPP5D,5.0344231444814634e-20,2.2642472642834437,0.414,0.1,1.1117516629958415e-15
DPYD,7.197026861966116e-20,2.806407027778505,0.368,0.084,1.5893194419279773e-15
PDGFC,1.3306215770955168e-19,2.325406266121303,0.575,0.21,2.93841162870003e-15
ST3GAL5,1.5702409131441526e-19,2.114004628702831,0.425,0.104,3.467563008496232e-15
MKNK1,2.1128717854813272e-19,1.8527328315682974,0.586,0.202,4.665854763878415e-15
DOCK10,2.2361197500024495e-19,2.8809397586308303,0.345,0.074,4.9380232439304095e-15
MILR1,2.3861824667622545e-19,2.8916122073663835,0.253,0.04,5.269406741351086e-15
ARAP2,2.62575954105268e-19,2.312669525586198,0.448,0.124,5.798464794506633e-15
IKZF1,3.162771767142291e-19,2.421299453413922,0.345,0.073,6.984348893380321e-15
EDA,3.6735630575429037e-19,2.3009583594769856,0.448,0.121,8.112329299971994e-15
ABR,4.385804018667001e-19,2.414357189031051,0.46,0.133,9.685171014422338e-15
APBA1,4.5458408283411e-19,2.5749784121485337,0.46,0.135,1.003858030122565e-14
HPGDS,4.903945236158199e-19,2.138956263654178,0.437,0.113,1.082938226500815e-14
ABCC1,6.594385585134331e-19,2.2978688211030174,0.425,0.109,1.4562381687652144e-14
ZC3H12C,6.969867683722157e-19,2.503325799021672,0.517,0.174,1.5391558805963638e-14
IL12RB2,7.311696902626904e-19,2.2873483403726076,0.333,0.069,1.6146420270070993e-14
HCK,8.926331041659474e-19,2.393506246125396,0.333,0.069,1.9712016839296615e-14
ICA1,9.281854262759902e-19,2.051220686343027,0.471,0.134,2.049711876845269e-14
LINC01605,9.78731034760678e-19,2.4329594072761065,0.356,0.079,2.1613317440620055e-14
IL6R,1.1328862324043802e-18,2.0169372107426664,0.402,0.096,2.5017526670185927e-14
AC110995.1,1.368614398690393e-18,2.9785637266050307,0.207,0.028,3.022311176627995e-14
AL355838.1,1.406050352197308e-18,3.79172427034384,0.115,0.008,3.1049809927573153e-14
MCTP1,1.5851015320492723e-18,1.9222005271998066,0.425,0.109,3.500379713224408e-14
LINC01374,1.7340116120323912e-18,2.3902661937086105,0.345,0.074,3.8292178428511294e-14
RASSF4,3.0405706911819957e-18,2.064422599852271,0.368,0.084,6.714492257337201e-14
ATP8B4,3.137198105196689e-18,2.220796118256545,0.552,0.207,6.927874575705848e-14
CYBB,5.483243057782746e-18,1.6344871918278723,0.437,0.114,1.2108645644501638e-13
AFF3,6.098967247464017e-18,2.328022214328314,0.483,0.152,1.3468349372574788e-13
CERS6,6.312282161782896e-18,1.8984789268546498,0.586,0.215,1.3939412697865168e-13
MRC1,7.158175596079305e-18,1.7597174197676628,0.471,0.134,1.580739916882193e-13
S100Z,7.830367163055525e-18,2.3676979878377415,0.264,0.046,1.7291799806175517e-13
AC100849.1,8.480530581683556e-18,2.4327541047535166,0.345,0.078,1.8727555683531797e-13
MYO9B,1.27235382083258e-17,1.6471281979043693,0.701,0.322,2.8097389425445864e-13
PCED1B,1.604431565397597e-17,1.7858751946471525,0.563,0.191,3.5430662258675136e-13
TMEM236,1.6573297760431336e-17,2.9558001960894646,0.207,0.029,3.6598813444360517e-13
AL392172.1,1.6979605898474463e-17,2.416684838996915,0.391,0.103,3.749606370560116e-13
AP000331.1,1.7229160783703113e-17,2.4297804966085987,0.264,0.047,3.8047155758651585e-13
AC007611.1,1.7711705580573274e-17,2.7394822891627015,0.207,0.029,3.911275943357996e-13
PGBD5,1.8533817166700926e-17,2.618719875969556,0.253,0.044,4.0928228449225654e-13
DUSP27,1.8645988121965258e-17,2.529990957375224,0.241,0.04,4.1175935569735877e-13
HSD17B14,2.0334192100426044e-17,2.7331442447420753,0.23,0.036,4.4903996415370833e-13
ZNF710,2.318416009400882e-17,1.8448179958874422,0.506,0.164,5.119758073559968e-13
MGAT4A,2.6470212775569092e-17,1.977382917970129,0.483,0.148,5.845417087228922e-13
TNFAIP2,2.7204198275059654e-17,2.1639582734031855,0.379,0.095,6.007503105081423e-13
CMKLR1,3.497196616073183e-17,2.5267111718401574,0.368,0.093,7.72285928727441e-13
ASAP2,3.776633440980465e-17,1.792305369574675,0.483,0.147,8.339939627717161e-13
NAV3,5.043099130077406e-17,2.2592080531409295,0.471,0.145,1.1136675808949936e-12
TLR2,6.041125066261203e-17,2.0157025550910275,0.264,0.047,1.3340616483824615e-12
FYB1,6.614720962204924e-17,1.9311679531456063,0.529,0.185,1.4607288300837134e-12
HAVCR2,7.971377728778894e-17,2.3651369454803337,0.322,0.072,1.760319343846243e-12
SNX30,1.1227108023944214e-16,2.097174554018637,0.391,0.103,2.4792822649276006e-12
NAIP,1.2361069818023054e-16,2.0189831033675727,0.414,0.115,2.729695047914031e-12
PARP15,1.34579194759469e-16,2.621799268901528,0.264,0.05,2.9719123578733536e-12
SAMSN1,1.3668704995830115e-16,2.521890854090075,0.253,0.046,3.0184601242291643e-12
RECK,1.4150701572729643e-16,2.081924657708909,0.414,0.116,3.124899428305887e-12
MEF2C,1.544359259946128e-16,2.0938557434748146,0.54,0.204,3.4104085537390347e-12
SYNE2,1.6024859703039416e-16,-1.5489227004912518,0.471,0.875,3.538769768222194e-12
AC083855.2,1.643334925485688e-16,3.1680813014586238,0.172,0.022,3.628976515950045e-12
ZMAT1,1.793377377075946e-16,3.2924916436485674,0.138,0.014,3.9603152617968116e-12
KCNQ1,2.2434801275728994e-16,1.9643397773269822,0.437,0.126,4.954277165719234e-12
PTPRJ,2.3110763979990307e-16,2.279736616902463,0.621,0.294,5.1035500097012594e-12
MFSD1,2.422447933013536e-16,1.8340066132224413,0.483,0.153,5.3494917704737916e-12
APPL2,2.6782829339545413e-16,1.783062221358926,0.632,0.281,5.9144522030518136e-12
CD53,3.907895019882655e-16,2.0153570407699197,0.333,0.075,8.629804572406868e-12
PTPRC,5.017245776211067e-16,1.899141511419205,0.391,0.1,1.1079583847606898e-11
RASGRP3,5.041734585444205e-16,1.995509905891436,0.333,0.078,1.1133662485036437e-11
LRMDA,5.157593863246486e-16,2.5520041317272977,0.632,0.35,1.1389514528207214e-11
CYTH1,5.413243817772265e-16,2.3253418615302834,0.563,0.245,1.1954066322786493e-11
AOAH,5.83683818868841e-16,2.276787560901124,0.299,0.065,1.2889489772080615e-11
RNF130,6.807293234076191e-16,1.965004023419305,0.632,0.297,1.5032545648810453e-11
MFHAS1,9.024375945043417e-16,1.9867694404067233,0.575,0.241,1.992852939943938e-11
DTNB,9.58305020892226e-16,2.1285133120459823,0.575,0.254,2.1162249776363027e-11
CHKA,1.0654950439858883e-15,1.755550657790355,0.552,0.213,2.352932705634037e-11
TMEM51,1.107317909066712e-15,2.4818690077570524,0.356,0.094,2.44529013859202e-11
FBXO16,1.2614984132436621e-15,3.089066726952929,0.195,0.03,2.785766945965979e-11
PI4K2A,1.2886506441094975e-15,1.8769084337905766,0.425,0.126,2.8457272173870033e-11
LRMP,1.4202684985560964e-15,2.23953551078669,0.241,0.044,3.136378925361428e-11
NEK6,1.5087859019815862e-15,1.8496337753062233,0.506,0.175,3.331851907345937e-11
VSIG4,1.524017196524839e-15,1.7931757300902722,0.391,0.104,3.3654871750858017e-11
C12orf4,1.6406240915900814e-15,2.0922974673892627,0.529,0.202,3.6229901814583765e-11
SLC9A9,1.8965954673208754e-15,2.6374073732559706,0.621,0.323,4.1882517704846895e-11
RGL1,2.1498681948517256e-15,2.584576804945329,0.575,0.249,4.7475539346910654e-11
GABRA3,2.2413470892029643e-15,2.346495316526637,0.368,0.102,4.949566777086906e-11
MARCH1,2.287884466534192e-15,2.001814482745645,0.448,0.143,5.052335267447456e-11
TLR4,2.2989158071129457e-15,2.2357408365944496,0.345,0.086,5.076695776847518e-11
TTYH3,3.1634272366637198e-15,1.5634827733107048,0.425,0.121,6.985796366724493e-11
FRMD4B,3.792299079891604e-15,2.498337490685282,0.575,0.282,8.374534058124629e-11
FAM53B,4.236205589674421e-15,1.9326257731922376,0.506,0.185,9.354812803678023e-11
ADAMTS17,4.279523537960805e-15,1.967989605097379,0.345,0.089,9.450471828878846e-11
LARGE1,4.287239264624812e-15,2.263429178046105,0.471,0.168,9.467510468070973e-11
GARS-DT,4.396705836409627e-15,1.4235296417652537,0.632,0.257,9.709245498543379e-11
ARHGAP25,4.459564183430321e-15,2.3159908393774424,0.379,0.108,9.848055586269178e-11
FKBP15,4.496020933861952e-15,1.611504288173648,0.575,0.221,9.928563028247349e-11
NFATC2,4.998716597436398e-15,2.2123763691201095,0.494,0.19,1.1038665862118797e-10
KLF7,5.031299249557694e-15,2.11031014514509,0.391,0.113,1.1110618132798256e-10
SEMA4D,5.457353399819284e-15,2.302308159459998,0.379,0.109,1.2051473512820925e-10
EHD4,5.756954899550229e-15,2.1349912113329252,0.437,0.141,1.271308350467677e-10
ALPK1,6.242540479704215e-15,1.8590173829311842,0.552,0.219,1.3785402141330817e-10
CCDC170,6.3945134452529696e-15,2.252565459235808,0.218,0.038,1.4121004041152131e-10
PIAS2,6.886088413548038e-15,1.793382731316094,0.552,0.217,1.5206549043638132e-10
VNN1,7.229445726904087e-15,3.2738759654812215,0.161,0.021,1.5964784998722295e-10
C20orf194,8.547872420911431e-15,1.5008797248911878,0.655,0.303,1.8876266667098713e-10
CGA,1.0693960078124043e-14,-3.7249083618574232,0.529,0.785,2.3615472040521323e-10
INPP4B,1.1639748148475676e-14,1.6232398032607422,0.54,0.216,2.5704055836278833e-10
CD109,1.3439265347031798e-14,1.7614954668949645,0.414,0.125,2.9677929665850317e-10
PLA2G4A,1.5540636272970462e-14,1.9908243704235355,0.31,0.074,3.431838708160067e-10
PLXDC2,1.5590057727859915e-14,2.111083806795836,0.69,0.378,3.442752448043305e-10
DOP1B,1.5632813846069146e-14,1.8271553985934772,0.414,0.125,3.452194281627449e-10
ATG7,1.8392170195466967e-14,1.9160399881354881,0.874,0.759,4.06154294426497e-10
FIG4,1.8941379716088686e-14,1.9977515602069835,0.471,0.167,4.1828248827038644e-10
DNM1,2.905739567051466e-14,2.1754051733669746,0.368,0.107,6.416744685919752e-10
FBN2,3.118750719490001e-14,-1.4115637480597039,0.322,0.717,6.88713721384977e-10
INSYN2B,3.1746742932254825e-14,3.3487807744951112,0.126,0.014,7.010633241729833e-10
SLC18B1,3.2647586740766016e-14,2.5319309330699045,0.506,0.202,7.20956657996336e-10
ANK3,3.473926714873154e-14,-1.5049607050204141,0.253,0.726,7.671472364454386e-10
MIR34AHG,3.9408605933074364e-14,2.7864299706743267,0.23,0.045,8.702602448200812e-10
SPRED1,5.5439523022292464e-14,2.083092359141244,0.644,0.35,1.2242709869012845e-9
ALDH1A1,5.986866589365033e-14,2.70974696817723,0.184,0.029,1.3220797489294802e-9
CPVL,6.176244524456337e-14,1.6419771508391579,0.448,0.148,1.363900078335693e-9
ATRNL1,7.238344076498648e-14,1.7115378889537696,0.46,0.151,1.5984435224131965e-9
BATF,7.250911644588038e-14,2.8688921308663,0.161,0.023,1.6012188184743765e-9
KCNJ5,7.614511443037047e-14,2.052956433543648,0.276,0.062,1.681512561965871e-9
CD28,8.494914933070204e-14,2.0774787526777176,0.241,0.048,1.875932064669893e-9
TPM1,8.537810342978391e-14,1.4109287174602991,0.724,0.347,1.885404658039918e-9
NLN,9.345332420468888e-14,1.9232578339828488,0.414,0.135,2.0637297584121445e-9
MAP3K5,9.382154098040123e-14,1.7968717173959738,0.517,0.202,2.0718610894702003e-9
CD163,9.647584765451679e-14,1.417447403125293,0.425,0.129,2.1304761437546944e-9
IL10RA,9.86329615281112e-14,2.221069606306567,0.264,0.059,2.1781116894252794e-9
ROR1,9.899801375957973e-14,1.7739366227385491,0.46,0.168,2.1861731378527992e-9
SULT1C2,1.0157497118213598e-13,2.8030395835716746,0.218,0.042,2.243080088615109e-9
AL357522.1,1.2347681993297072e-13,2.6690139073223595,0.264,0.06,2.7267386145797924e-9
LINC01500,1.388694086933072e-13,3.4285531932245963,0.218,0.043,3.066653152174303e-9
SUSD1,1.5025544039375142e-13,1.4800253077733643,0.575,0.239,3.3180908902152126e-9
PEG10,1.7283119620427857e-13,-2.6322762200438197,0.218,0.629,3.8166313057790836e-9
MCOLN1,1.8751539377620574e-13,2.1420190048724277,0.264,0.059,4.140902440759952e-9
KIF16B,1.9474334547243568e-13,1.4559903759314472,0.644,0.309,4.300517298067797e-9
SGK3,2.1131474936115598e-13,1.3065658265881734,0.678,0.309,4.666463610142407e-9
SH3BGRL,2.191185332705934e-13,1.7115260338983567,0.494,0.185,4.838794570214514e-9
BMP2K,2.441767326762261e-13,1.9939832423156836,0.816,0.609,5.392154787689101e-9
RPS6KA2,2.649531700895389e-13,1.8394112623604988,0.333,0.091,5.850960855087287e-9
PLA2G15,2.675422003994271e-13,2.2839296301451433,0.264,0.06,5.908134411420549e-9
SUSD6,2.804893611259342e-13,1.6125523776065143,0.506,0.192,6.194046561744005e-9
KISS1,2.8620553147655565e-13,-3.801951336465588,0.414,0.696,6.320276751596778e-9
DOCK4,3.6336265489089237e-13,1.4700443668223258,0.609,0.288,8.024137507955575e-9
TSPAN7,3.6892339416280397e-13,2.776476496644903,0.218,0.044,8.1469353132972e-9
PKIB,4.0830167683115386e-13,-1.8670822608968562,0.31,0.696,9.01652592946237e-9
ITGA9,4.209979191818444e-13,1.385331662353357,0.414,0.132,9.29689704929267e-9
FCHSD2,4.24085046463249e-13,1.7310283386562861,0.874,0.767,9.365070081047928e-9
LYVE1,4.473678358663556e-13,0.7198419609513319,0.483,0.156,9.879223919436732e-9
GAS6,4.517338967859799e-13,1.6848090664273279,0.333,0.089,9.975639642724794e-9
AP1S2,5.581793587015704e-13,1.5071630279209625,0.437,0.144,1.2326274778206778e-8
PIK3R6,5.81493164997472e-13,3.2998711740141653,0.126,0.015,1.2841113562639174e-8
LAIR1,6.086751160949673e-13,2.219497757550145,0.241,0.052,1.3441372588725163e-8
AC131956.2,6.53414432090771e-13,2.8144443468439233,0.149,0.021,1.4429350903860496e-8
GRB2,6.608033036028652e-13,1.6255968363506152,0.77,0.528,1.4592519353462072e-8
MERTK,6.622631351653868e-13,1.9698988654779028,0.391,0.131,1.4624756813857236e-8
RNF135,7.326609596083904e-13,1.6279173780644811,0.448,0.16,1.6179351971032087e-8
DOCK11,9.594733073543225e-13,1.7060681857991313,0.529,0.229,2.1188049046305504e-8
MGAT5,9.898080176256805e-13,1.4685688720724752,0.793,0.568,2.1857930453227902e-8
ATXN1,1.046451284925431e-12,1.4868026007621675,0.69,0.4,2.3108783725008295e-8
GULP1,1.060084426261976e-12,-1.3921346712944211,0.333,0.745,2.3409844385143217e-8
RAB8B,1.1752037916709745e-12,1.5728583602741648,0.621,0.288,2.595202533147013e-8
PEG3,1.2468047522741439e-12,-2.280891338177705,0.253,0.629,2.753318934446992e-8
SIRPB2,1.3138946649533483e-12,2.6931380506217897,0.172,0.029,2.901473588616479e-8
ARHGEF10L,1.315153749689574e-12,1.785298001184407,0.379,0.119,2.9042540254394864e-8
FGD6,1.3362189004164502e-12,1.4411100274327362,0.609,0.282,2.950772197789647e-8
NCK2,1.3695693372907643e-12,1.6461200279589023,0.609,0.316,3.024419967539195e-8
FCGRT,1.5251582764922927e-12,1.2376211909327839,0.448,0.15,3.36800702197793e-8
PLXND1,1.7249462397549845e-12,1.558104593584138,0.471,0.18,3.809198781250932e-8
FGD2,1.7304613210000438e-12,2.077478752677717,0.23,0.049,3.821377735164397e-8
TDRD6,1.863338620094832e-12,3.229481846122767,0.115,0.013,4.1148106747554175e-8
MALAT1,1.9094691523121898e-12,0.6003529833519394,1,0.997,4.2166807290510084e-8
RGS10,2.1699911739587824e-12,1.833553169791628,0.299,0.077,4.791991509453179e-8
PHACTR1,2.2808421420922154e-12,1.651593871161881,0.322,0.088,5.0367837023822394e-8
FAM20C,2.2867427768733605e-12,2.109900230370095,0.241,0.054,5.049814074169442e-8
PARP9,2.3416935656342866e-12,1.6217992689015277,0.333,0.094,5.171161900990195e-8
BICD1,2.4131979463652976e-12,1.1438368190425887,0.425,0.147,5.329065024958487e-8
GNA15,2.5635620821918936e-12,2.8144443468439233,0.138,0.019,5.6611141461043585e-8
DOK3,2.654411079833633e-12,2.457509802128648,0.184,0.033,5.8617359875966124e-8
PLEK,2.6731106127090183e-12,1.7822040098437153,0.322,0.087,5.903030166045325e-8
ZSWIM6,2.9396712842795198e-12,1.88159466290428,0.667,0.454,6.491676097074464e-8
DISP1,2.9920862883071315e-12,2.0756708639187162,0.552,0.255,6.607424150468638e-8
NPL,3.2291067061465577e-12,2.3335771113011345,0.563,0.307,7.130836339183444e-8
PTPRO,3.522765414814369e-12,2.0107097404650163,0.276,0.07,7.779322865534572e-8
BTK,3.6263629497157047e-12,2.044564130204982,0.23,0.05,8.008097301857191e-8
TEC,3.660757154532969e-12,2.1338167368275296,0.402,0.153,8.084050024355157e-8
KLF6,3.9246686521294106e-12,1.3198723741757021,0.632,0.3,8.666845784497378e-8
HBG2,4.349526415209229e-12,-5.184285831537237,0.103,0.486,9.60505918270654e-8
EEF1A1,4.68288882553168e-12,-1.5545905664209998,0.575,0.868,1.0341223393421609e-7
PTPN18,5.227620152119751e-12,1.6684650410266433,0.425,0.15,1.1544153581926046e-7
LPCAT1,6.253765782742659e-12,1.5473402767010822,0.437,0.154,1.3810190978030614e-7
PYGL,6.344700168658362e-12,1.4856625809154986,0.517,0.208,1.4011001382448262e-7
NIPSNAP3B,6.407234627520087e-12,2.418022525732427,0.253,0.062,1.414909622795261e-7
RPS12,7.023852722329084e-12,-2.064934685196024,0.207,0.611,1.5510773966719316e-7
EPS8,7.091422071548071e-12,1.8534845824913926,0.77,0.605,1.5659987360599607e-7
KIRREL1,7.312020395833263e-12,1.5611033372139735,0.506,0.211,1.6147134640118595e-7
SLC36A1,7.548893764045408e-12,1.7347171543731896,0.322,0.094,1.6670222099141473e-7
STAB1,8.31328021733287e-12,1.6955032741204161,0.322,0.09,1.8358216703936176e-7
MS4A7,9.252898179100369e-12,1.8774541443697241,0.253,0.06,2.0433175048907343e-7
YAP1,9.340040476051532e-12,-1.1867988200067083,0.379,0.793,2.06256113832646e-7
TMC8,9.55138442080968e-12,2.0502572839426927,0.218,0.047,2.1092322216474015e-7
LDLRAD4,1.0157029047688141e-11,1.5581045935841378,0.517,0.23,2.2429767246009722e-7
TAOK3,1.0886508218246796e-11,1.2839296301451437,0.77,0.528,2.4040676098354397e-7
SLC7A8,1.142452721481008e-11,1.7055099752907594,0.402,0.139,2.52287834484651e-7
BCL11A,1.1675270698521818e-11,2.0665629751985337,0.31,0.092,2.578250028354573e-7
LINC00970,1.1954415489379619e-11,3.183678156509642,0.149,0.024,2.6398935725197014e-7
LPAR6,1.2179911210447032e-11,1.5801533422609066,0.391,0.129,2.689689792603018e-7
ITSN1,1.2442304314060318e-11,1.4713840134725595,0.805,0.621,2.74763406167394e-7
NFKBID,1.3101572612999554e-11,2.3994068475650794,0.172,0.031,2.8932202801286913e-7
TEKT3,1.3390915353098792e-11,3.261903323815145,0.103,0.011,2.957115837424806e-7
CTSZ,1.3407398595422159e-11,1.3876934270012895,0.333,0.096,2.9607558318270755e-7
LRRC8D,1.3590938132164214e-11,1.7175828075913346,0.437,0.164,3.001286867725823e-7
CD58,1.4061158397898083e-11,1.9944230129501586,0.253,0.062,3.105125609007834e-7
ZNF516,1.4299562030318506e-11,1.748777429194929,0.402,0.143,3.157772283155236e-7
TLR1,1.7219394328115406e-11,2.028843977426841,0.253,0.062,3.802558849477725e-7
F13A1,1.772217379385362e-11,2.3703777989535473,0.517,0.273,3.913587638896695e-7
ZBED3-AS1,1.857809630050931e-11,2.337122569310737,0.23,0.054,4.1026010060414706e-7
HEXA,1.8659665954717837e-11,1.6111291627026225,0.506,0.215,4.12061403278034e-7
EEPD1,1.9869709302921907e-11,1.8654282755627285,0.287,0.078,4.387827905364245e-7
HS3ST2,2.077529549922482e-11,4.316944687373107,0.115,0.015,4.587808505093817e-7
CMTM7,2.0950408867548405e-11,1.712444633341528,0.471,0.192,4.626478790220714e-7
DENND1B,2.134971115800746e-11,1.4106216350610061,0.575,0.265,4.714656715022787e-7
OSTF1,2.235298313386307e-11,1.3167817906258112,0.621,0.316,4.936209265450982e-7
DDX60L,2.4228945809774837e-11,1.2730413140024075,0.598,0.291,5.350478103172577e-7
CNRIP1,2.6201271783336732e-11,1.772133541985959,0.264,0.067,5.786026847914251e-7
MIR99AHG,2.6874687981074316e-11,1.4628800175803076,0.529,0.229,5.934737346860641e-7
MED13L,2.821051856291624e-11,0.8064293537798037,0.943,0.92,6.229728814248793e-7
ZNF154,2.8633129660619323e-11,2.683199813565671,0.149,0.025,6.323054022954565e-7
ZNF536,3.169513385170149e-11,3.2897823563905817,0.103,0.012,6.99923640847124e-7
RPL41,3.396518570322973e-11,-1.454303710184264,0.437,0.757,7.500531958844221e-7
AL136114.1,3.6506386238971994e-11,3.0259484520376354,0.149,0.025,8.061705273152186e-7
NPC1,3.7404257124702515e-11,1.5097942433883966,0.54,0.246,8.259982100848057e-7
RIN3,3.7945647119516415e-11,1.8108865274307342,0.517,0.243,8.37953725340281e-7
IFI16,4.074283441667417e-11,1.0841734052517258,0.506,0.196,8.997240124234158e-7
PAGE4,4.137672703297101e-11,-2.3783714945526446,0.126,0.512,9.137222630690988e-7
CLCN6,4.584402875548782e-11,1.809443665785557,0.368,0.124,1.0123736870074376e-6
ITIH5,4.6503107847355837e-11,-1.8363005772240044,0.207,0.586,1.026928130593159e-6
UHRF1BP1,4.7131027061265334e-11,1.5225109922543985,0.506,0.217,1.0407944705939225e-6
TDRP,5.320514540088489e-11,-2.0164973955312964,0.103,0.477,1.174929225887741e-6
RHOBTB1,5.571010860746883e-11,-2.1886559434151587,0.333,0.688,1.2302463283787343e-6
HBA2,6.035984862472891e-11,-5.909614684380427,0.011,0.367,1.3329265371798884e-6
MT-ND4,6.521219160224396e-11,-2.1862610240403617,0.471,0.719,1.4400808271523533e-6
PIK3AP1,6.906609390049132e-11,1.7636083814274894,0.379,0.134,1.5251865516045497e-6
VPS8,7.03332179722346e-11,1.2514243990034444,0.759,0.608,1.5531684524808567e-6
TBC1D14,7.296570831118198e-11,1.4996056767428807,0.552,0.279,1.6113017366358317e-6
AC022509.2,7.405458101003438e-11,2.8848336747353214,0.126,0.019,1.6353473124445893e-6
APC,7.812994981322978e-11,1.202514798522498,0.609,0.291,1.7253436817255532e-6
AP1B1,8.007844827678096e-11,1.5132748121233586,0.494,0.21,1.768372373296154e-6
COLGALT1,8.033267591811911e-11,1.5820331696824845,0.345,0.111,1.7739864822998244e-6
ANKS1A,8.322425515978814e-11,1.3718260386537091,0.759,0.569,1.8378412266936015e-6
GNG2,9.290061707444142e-11,1.935638901524611,0.402,0.155,2.0515243268548897e-6
DUSP22,9.375396570052129e-11,1.70974696817723,0.287,0.081,2.0703688245646115e-6
TUSC3,9.380915578323017e-11,-1.233535682057898,0.448,0.781,2.071587587161072e-6
C2CD5,1.009086548957752e-10,1.5629055798479592,0.586,0.301,2.228365826063404e-6
RGCC,1.0378290615261184e-10,2.8969065070358964,0.184,0.038,2.291837916568127e-6
FGD3,1.0570797009571242e-10,2.1344346374897936,0.23,0.057,2.334349103623617e-6
AP000915.2,1.0705093550961269e-10,2.4868696888154194,0.172,0.034,2.364005808858777e-6
ABCC4,1.0927918581796259e-10,1.3414151248059039,0.402,0.146,2.413212260418068e-6
NEXMIF,1.163969343784058e-10,2.984369348286236,0.172,0.035,2.570393501878335e-6
CD84,1.1677001532897903e-10,1.6569030698574434,0.264,0.07,2.578632248509844e-6
ATRN,1.3312716003778566e-10,1.4892596026258569,0.563,0.279,2.9398470751144206e-6
MT-ATP6,1.35334950593679e-10,-2.022076469454046,0.54,0.766,2.9886017139602133e-6
LRIG1,1.3702501609654496e-10,2.5032426585496195,0.149,0.026,3.0259234304600026e-6
PDK3,1.371484618037324e-10,1.529990957375224,0.379,0.135,3.0286494820118223e-6
ITPR2,1.4858779321330787e-10,1.8806261570182203,0.851,0.705,3.2812642375294778e-6
CYFIP1,1.4909143230697492e-10,1.319860048347583,0.655,0.383,3.292386099634927e-6
DRAM2,1.5128447306935494e-10,1.4188592102312523,0.517,0.229,3.3408150187905654e-6
RPL34,1.635188109006197e-10,-1.9004949409922838,0.161,0.526,3.6109859011183845e-6
ARHGAP4,1.7189939506717264e-10,1.7643208674180868,0.264,0.072,3.7960543412683733e-6
MT-CO3,1.721180196438527e-10,-2.083382778633589,0.529,0.749,3.800882227795199e-6
MT-CO1,1.7727840672183508e-10,-2.172673875870343,0.621,0.81,3.914839055638284e-6
EPS15,2.0055037508190366e-10,1.6164839630359746,0.874,0.719,4.4287539329336785e-6
MYO1E,2.1435562766949025e-10,1.3811334485097044,0.747,0.521,4.7336153258253534e-6
AC087273.2,2.1645311281919814e-10,3.1430670943052945,0.126,0.02,4.7799340903863524e-6
MT-ND5,2.2267996747784956e-10,-2.560595084503001,0.218,0.551,4.917441721813352e-6
ITPKB,2.2583484650749263e-10,1.6357733029367933,0.356,0.119,4.98711091542496e-6
ESRRG,2.3432193972073657e-10,-1.081383353530737,0.207,0.61,5.174531394853026e-6
SIGLEC11,2.3837535428277216e-10,2.5629055798479587,0.138,0.023,5.264042948626457e-6
S100PBP,2.491840199293047e-10,1.4076273543700482,0.483,0.208,5.5027307120988355e-6
ETNK1,2.7469998503155407e-10,1.14177724617209,0.862,0.622,6.066199769451809e-6
SIPA1L3,3.0360665088222645e-10,1.2106452041099118,0.552,0.25,6.704545671432206e-6
CD4,3.195418915245146e-10,1.5249377296489388,0.299,0.089,7.056443590535856e-6
SNX24,3.25478476233092e-10,1.277479418025468,0.828,0.661,7.187541190655371e-6
LHX2,3.415517456564889e-10,2.729555449257411,0.115,0.016,7.5424871993322445e-6
MT-ND2,3.441297768086524e-10,-2.288754540797576,0.391,0.654,7.599417861265471e-6
CSF1R,3.4639582116365386e-10,1.0380896514904534,0.494,0.198,7.649458918756968e-6
NRK,3.5969003619632927e-10,-2.098777522530507,0.195,0.551,7.943035069323539e-6
HSF4,3.6151135365345043e-10,2.7149086732930092,0.138,0.023,7.983255222729145e-6
TGM2,3.663137342935304e-10,-1.9491329775696022,0.184,0.535,8.089306194404031e-6
DMXL2,3.781296142168132e-10,1.4352075689929265,0.655,0.424,8.350236270749886e-6
SAMHD1,3.850642440424715e-10,1.5469640359789376,0.345,0.115,8.503373701189898e-6
LINS1,3.9993477869407457e-10,1.8466247525930735,0.391,0.156,8.831759717901248e-6
ABHD3,4.225869089209733e-10,1.6137086815752313,0.54,0.289,9.331986709701854e-6
RAB39A,4.364947655140899e-10,2.2839296301451437,0.172,0.035,9.639113906847647e-6
KDM5D,4.506902729879127e-10,1.7820228691515458,0.345,0.12,9.952593298392077e-6
PRKCA,4.5879251542328663e-10,1.3895290947383476,0.805,0.695,1.0131515118092438e-5
LINC01482,4.6135588877631185e-10,2.2589256240152498,0.172,0.035,1.0188122091847294e-5
LINC02649,4.971885889989778e-10,2.6931380506217897,0.149,0.028,1.0979415610864427e-5
NEK3,5.020064379026655e-10,1.6375665847598442,0.345,0.119,1.1085808168204563e-5
EZR,5.109853789779496e-10,-1.0927515487426445,0.448,0.797,1.128409012397006e-5
GAPLINC,5.219531973825205e-10,3.03017303789936,0.103,0.014,1.1526292457798199e-5
WIPF1,5.246702092336315e-10,1.1454879206746877,0.678,0.408,1.1586292230506285e-5
ITGAL,5.441594463833496e-10,2.357586671870453,0.161,0.032,1.2016673054483508e-5
THSD7A,5.68623583783039e-10,-1.0286658988803103,0.379,0.738,1.255691460068085e-5
UBL3,6.074887347183713e-10,1.3994068475650798,0.517,0.242,1.3415173728785792e-5
RPS6KA3,6.138561204283404e-10,1.307810206807727,0.494,0.219,1.355578470741904e-5
RIN2,6.311269835797066e-10,1.1017262989243946,0.759,0.537,1.393717717839066e-5
CHD9,6.347709117058974e-10,1.0477158722929552,0.874,0.744,1.4017646043201332e-5
RPS8,6.456771777220572e-10,-1.251092615840259,0.368,0.701,1.425848911563619e-5
MT-ND1,6.525455286739341e-10,-2.082547787698357,0.379,0.648,1.4410162909706486e-5
WWP1,6.551341091579044e-10,1.8274701870229642,0.793,0.684,1.4467326532534002e-5
MAP3K3,6.564857601831529e-10,1.4514290599133621,0.414,0.159,1.4497175042124565e-5
SLC4A8,6.955784830090877e-10,2.3241187202608424,0.218,0.054,1.5360459640289685e-5
ARRB2,6.959771857767315e-10,1.5920519255074757,0.253,0.069,1.536926419350756e-5
PLEKHG5,6.987633168683844e-10,2.102789841206905,0.207,0.05,1.5430790326404533e-5
SYTL4,7.337383763223423e-10,1.9973084039937339,0.218,0.055,1.6203144564326283e-5
ARHGAP15,7.571441918821783e-10,2.6242449298379236,0.276,0.086,1.6720015189334144e-5
NUP42,7.619731243737336e-10,1.5771402161035473,0.414,0.167,1.6826652505545158e-5
RBMS3,7.624112857605821e-10,-0.9440382806657341,0.391,0.765,1.6836328423450934e-5
TNS3,7.701251512035109e-10,0.9033831757488808,0.897,0.849,1.700667371402713e-5
DIRC3,8.164044330219551e-10,2.3241187202608424,0.184,0.041,1.8028659094423835e-5
SRGAP2C,8.311062304224083e-10,1.5658679937038205,0.471,0.212,1.835331888641804e-5
KATNAL2,8.486605950985949e-10,2.1344346374897936,0.207,0.051,1.874097192156227e-5
RPS2,8.647864955927567e-10,-1.3839127168853802,0.333,0.684,1.9097080182174845e-5
TMEM63C,8.657529316663168e-10,2.194292417660468,0.184,0.041,1.9118421989987274e-5
SP100,8.836752110781247e-10,1.3753836183585633,0.575,0.283,1.9514199686238227e-5
SLC7A7,9.15428800480628e-10,2.102789841206905,0.207,0.051,2.0215414201013706e-5
IRF8,9.773068798967715e-10,2.67148639300188,0.138,0.025,2.1581867828760407e-5
AP002784.1,9.850002557869143e-10,3.3487807744951112,0.103,0.014,2.175176064854243e-5
CSH1,1.066938962101336e-9,-4.068270199162425,0.529,0.698,2.3561213100083803e-5
MAML2,1.1106163431223587e-9,0.8233585470521754,0.966,0.916,2.4525740705171047e-5
KCNAB2,1.1264306787390628e-9,2.4851367215909637,0.184,0.042,2.4874968678594724e-5
PRELID3A,1.150998531144913e-9,2.896906507035896,0.115,0.017,2.5417500563273114e-5
LGMN,1.2673743879789976e-9,1.6536883009920689,0.529,0.263,2.7987428609740203e-5
ANKRD36,1.2695210374113526e-9,1.2522019226228507,0.448,0.184,2.80348330691549e-5
LTBP1,1.3180377836188914e-9,-0.9056548729855376,0.264,0.659,2.9106228375655977e-5
CAPZB,1.3264796148162211e-9,1.3224524697877804,0.736,0.617,2.929264933398661e-5
ITSN2,1.4590007121444352e-9,1.063978317751327,0.632,0.348,3.2219112726285565e-5
RELT,1.5082721630230824e-9,2.4545484017575405,0.172,0.038,3.330717417603873e-5
AP2A2,1.5101543703797355e-9,1.2877948569471687,0.609,0.319,3.33487389610957e-5
RPL28,1.5867965609473713e-9,-1.8372419573532253,0.264,0.595,3.50412284554008e-5
MAF,1.675436647412273e-9,0.755260697978126,0.552,0.251,3.699866748480522e-5
ZFAT,1.7213905677120108e-9,-1.4525361383631994,0.322,0.673,3.801346790678433e-5
RRAGB,1.751585668591507e-9,1.460807392229223,0.368,0.133,3.8680266319506245e-5
EGFR,1.7759765554167418e-9,-1.4226785990443518,0.414,0.716,3.921889027326791e-5
MT-ND3,1.8712081628258478e-9,-2.446944828234397,0.448,0.667,4.13218898596832e-5
FBLN1,1.899073682868254e-9,-1.6937224000966382,0.356,0.68,4.1937244138779656e-5
LRRK1,1.902609412477539e-9,1.3208620709301382,0.529,0.258,4.201532365574149e-5
SASH3,1.9642144457432686e-9,3.012383724455832,0.115,0.018,4.33757476053486e-5
SUSD4,1.9877980923444086e-9,3.1363724417312855,0.103,0.015,4.389654527324157e-5
CSH2,2.00408685791453e-9,-3.9053211442339464,0.276,0.556,4.425625008332656e-5
CUEDC1,2.021870626185424e-9,1.7009154012135093,0.356,0.132,4.464896903805271e-5
RPS18,2.0691956648076465e-9,-1.705897306445447,0.322,0.64,4.5694047865947256e-5
LPGAT1,2.0987143242692106e-9,1.50273609427444,0.46,0.204,4.634590842283698e-5
LINC02008,2.175531330410817e-9,1.7305954940703905,0.448,0.198,4.804225836946207e-5
STAMBPL1,2.1930712186950347e-9,2.0536320107233497,0.195,0.047,4.8429591722442454e-5
YPEL2,2.2365121023287384e-9,1.5831188007374677,0.322,0.108,4.938889675572553e-5
TGFA,2.2443840776440263e-9,2.9705635487612057,0.103,0.015,4.956273358661303e-5
MT-CYB,2.303209625664334e-9,-2.1075531411548036,0.414,0.678,5.086177816354548e-5
AKAP13,2.334076679568459e-9,0.7761093405630077,0.931,0.9,5.154341531491028e-5
NRIP1,2.3958204505022465e-9,1.1223122210715004,0.851,0.758,5.290690300844111e-5
PARP4,2.456338008270328e-9,1.3107146112331964,0.471,0.206,5.424331223663365e-5
GPR137B,2.4625513528590356e-9,1.3544861010641154,0.483,0.218,5.4380521525186085e-5
TXK,2.5618891538209796e-9,1.8305640122072004,0.218,0.057,5.657419818382869e-5
LRRN2,2.6086599768731773e-9,2.637566584759844,0.172,0.039,5.760703826929038e-5
STX16,2.670418501012801e-9,1.013647140808482,0.632,0.315,5.897085175786569e-5
TM6SF1,2.7335478801599226e-9,2.1430670943052945,0.172,0.038,6.036493783757157e-5
CHROMR,2.8022828822285598e-9,1.768929687591555,0.241,0.068,6.188281288825328e-5
RAB20,2.823626752964841e-9,1.4428461088299769,0.368,0.139,6.235414958572259e-5
DHRS3,2.8459070197148296e-9,1.6109109527587913,0.345,0.127,6.284616471636258e-5
GDAP1,3.0267760771779977e-9,2.426373895165349,0.184,0.044,6.684029611232172e-5
CARD18,3.283774686145764e-9,-0.785771996983303,0.414,0.802,7.251559639415691e-5
MED12L,3.2926122388015583e-9,-1.4637802699452778,0.149,0.508,7.27107560694548e-5
CCDC88A,3.3338819486652397e-9,1.125467385977124,0.644,0.35,7.362211507237449e-5
TMEM72-AS1,3.409589514884019e-9,2.468669510002193,0.149,0.03,7.529396525718379e-5
RPL13A,3.4700976231484715e-9,-1.4300154686129394,0.368,0.699,7.663016581198769e-5
CD36,3.5009415626243765e-9,1.902204358554557,0.713,0.527,7.731129252743411e-5
GPATCH2L,3.5111984570178904e-9,1.2247283161521327,0.586,0.303,7.753779552632607e-5
MT-CO2,3.5510050995702216e-9,-2.0269116738393773,0.54,0.743,7.84168456138092e-5
LINC01090,3.6755148185915825e-9,-1.7019468678087868,0.161,0.504,8.116639373895792e-5
DOK5,3.83922817612031e-9,2.1807665610897393,0.23,0.066,8.47816758132648e-5
NXN,3.920700897138487e-9,1.3318161530263553,0.425,0.179,8.658083791150921e-5
FAM49B,4.002359361534628e-9,1.1277130551978538,0.77,0.608,8.838410178076918e-5
ZFHX3,4.145529932954372e-9,1.069728649737746,0.874,0.762,9.154573750943139e-5
SRGAP2B,4.15496770364608e-9,1.2657914098240801,0.483,0.223,9.175415179961639e-5
ABLIM3,4.156110272845295e-9,1.387434205899004,0.241,0.067,9.177938315524264e-5
OTULINL,4.343019430280724e-9,1.960522606331868,0.241,0.071,9.590689807888922e-5
TNFRSF11A,4.509058568091953e-9,1.7319821866519507,0.218,0.058,9.957354035917459e-5
PDZD2,4.543278503833754e-9,-1.1782156438095583,0.241,0.615,1.0032921920016078e-4
CYSLTR1,4.7185930902271805e-9,2.305430699356066,0.184,0.044,1.0420069121148682e-4
SNX29,4.745392072632273e-9,1.3804154143811367,0.701,0.579,1.047924931399385e-4
DAPP1,4.801531811707887e-9,2.5920519255074757,0.149,0.031,1.0603222699794528e-4
HMGA1P4,4.848941637543639e-9,1.7034130344551792,0.241,0.069,1.0707917818187618e-4
SLC11A2,4.928509443862469e-9,1.1428764759472327,0.552,0.269,1.0883627404881492e-4
CARD8,5.05717765927456e-9,1.4382465894284402,0.471,0.221,1.116776542497601e-4
PDE9A,5.1680591725645e-9,1.4709601085901136,0.276,0.085,1.1412625070774185e-4
CBL,5.216092353798574e-9,1.2839296301451437,0.46,0.203,1.151869674489339e-4
APBB2,5.247171346087541e-9,-1.038189790919926,0.552,0.813,1.1587328483565118e-4
LPP,5.2684679702587946e-9,0.8661864990052806,0.885,0.815,1.1634357818722497e-4
RPLP1,5.342695131957856e-9,-1.3554806545983888,0.448,0.729,1.1798273659902533e-4
ADAMTS9,5.53924031924041e-9,1.2541967124753142,0.483,0.217,1.2232304396978598e-4
LINC01094,5.5409608274914996e-9,1.6676029585146528,0.241,0.069,1.223610379534948e-4
WDR91,5.64591268400028e-9,1.7040982375271383,0.391,0.163,1.2467868980077818e-4
DENND1A,5.8718735525183735e-9,0.8579394600617709,0.897,0.836,1.2966858366026323e-4
KCTD7,5.878641572761994e-9,1.6799590146569032,0.276,0.087,1.298180418513031e-4
WDR44,5.885312114416069e-9,1.513463190401473,0.437,0.187,1.2996534742265004e-4
CAPRIN2,5.954983648896197e-9,1.7284711237340709,0.391,0.162,1.3150390391857472e-4
TOX,5.989733772894572e-9,1.3736108466877421,0.368,0.139,1.3227129090683085e-4
DNM2,6.466372903201253e-9,0.9812634374184143,0.609,0.309,1.4279691282139328e-4
VAC14,6.495176136949732e-9,1.5689065888596145,0.379,0.149,1.4343297463226094e-4
MORC4,6.557979670436315e-9,-1.3005189987839763,0.241,0.597,1.4481986506224514e-4
BLVRA,6.681034565892138e-9,1.742294561088088,0.276,0.089,1.4753728631859608e-4
GAS7,6.975503028984483e-9,1.0574211003364635,0.563,0.287,1.5404003338906434e-4
SNX8,6.987826396960089e-9,1.4473600707880072,0.402,0.169,1.5431217032406966e-4
ERVW-1,7.064824709345254e-9,-1.8740557579856434,0.126,0.437,1.5601252405647126e-4
RASSF1,7.073547535896984e-9,1.7440550189525257,0.276,0.088,1.562051502352131e-4
TPT1,7.222794322548393e-9,-1.9376067928594733,0.494,0.718,1.5950096702483616e-4
USP32,7.367103554069086e-9,1.0570146501180018,0.655,0.41,1.626877477845076e-4
SORBS1,7.4399414799289905e-9,-1.6032956728147438,0.218,0.561,1.642962277012719e-4
LINC00882,7.674936595537133e-9,-1.8339690963981727,0.184,0.538,0.00016948562483924651
SH3PXD2A,7.826960968897564e-9,1.1093041985331151,0.644,0.352,1.7284277907616492e-4
AP3B1,7.837623651645506e-9,0.7869308542820693,0.874,0.772,1.730782430992877e-4
CPEB3,7.916666870486562e-9,1.2736212748563398,0.425,0.182,1.7482375450095475e-4
STK10,8.11072315739628e-9,1.4307710184744147,0.483,0.227,1.7910909948478203e-4
CYB5R4,8.37605463357291e-9,1.412345903272578,0.448,0.203,1.8496841447319056e-4
FMO5,8.425645409398158e-9,2.229481846122767,0.161,0.035,1.8606352757573953e-4
AC011287.1,8.795983454979591e-9,-0.6096835673046037,0.345,0.721,1.942417026363143e-4
GAB2,8.811467870365875e-9,1.0080683859699027,0.851,0.725,1.945836449812896e-4
SNX2,8.843631631849577e-9,1.1106811208037142,0.678,0.482,1.952939173261342e-4
AC007262.2,8.91652876460599e-9,2.4416350829543774,0.241,0.074,1.969037047087941e-4
RRAGD,9.148850039908832e-9,1.9281011286394907,0.195,0.05,2.0203405543130673e-4
PARP12,9.19632895999153e-9,1.9571845189600054,0.299,0.105,2.0308253242349295e-4
ANKRD44,9.30741428704851e-9,1.1899534819361302,0.494,0.231,2.0553562970089225e-4
NAA20,9.334213922343018e-9,1.457122345421367,0.379,0.152,2.0612744604710088e-4
TANGO2,9.354333886248793e-9,1.7382087610168384,0.31,0.111,2.065717552100321e-4
APH1B,9.647779861765733e-9,1.582920913755347,0.322,0.117,2.1305192268737268e-4
VPS13C,9.717075240350164e-9,0.8218007211008116,0.77,0.639,2.145821725326527e-4
TMCC1,9.82048523577932e-9,0.927126493979322,0.874,0.782,2.1686577546171473e-4
AC011933.4,9.880587832473324e-9,1.6690139073223595,0.276,0.09,2.1819302110450843e-4
ARID5A,9.934281751379551e-9,2.3214043355638063,0.161,0.036,2.1937874391571465e-4
RABGAP1L,9.948052575788368e-9,1.188295211591616,0.897,0.851,2.1968284503113455e-4
MICOS10,1.0232702150584315e-8,1.7213349424524418,0.379,0.156,2.2596876159135343e-4
TCF12,1.0605553469646722e-8,1.1539160623112727,0.931,0.939,2.3420243727020857e-4
CERT1,1.0739213062472522e-8,1.1790167791397794,0.736,0.53,2.371540420585807e-4
PLPP3,1.0768840062831439e-8,-0.6822350953509209,0.345,0.698,2.3780829510750665e-4
RNF216,1.100921565701039e-8,1.1437780967546995,0.621,0.362,2.4311650935376043e-4
LRRC37B,1.1295623213934686e-8,1.4246736061755099,0.322,0.114,2.494412474333197e-4
TMEM65,1.1570810039126464e-8,1.4536970030660328,0.31,0.108,2.555181980940297e-4
FBN1,1.1718956948121416e-8,-1.3400694516105982,0.207,0.568,2.5878972628536523e-4
OSBPL3,1.2168279320198541e-8,1.4702470881155285,0.483,0.23,2.687121122279444e-4
LRRC8C,1.2334867580381086e-8,1.7025514667730262,0.23,0.065,2.723908807775555e-4
GSAP,1.25747108480663e-8,1.86214108887522,0.276,0.092,2.776873396578481e-4
CTSB,1.2816980331762037e-8,1.1382820317399172,0.506,0.24,2.8303737666630105e-4
SLC8A1,1.3009761951618982e-8,1.4817285106014768,0.506,0.256,2.87294573177602e-4
APIP,1.3078672742569829e-8,1.390418064337825,0.437,0.192,2.8881633017416953e-4
UBA6-AS1,1.3217696194497196e-8,1.1762569071558908,0.414,0.172,2.9188638506308156e-4
CLCN4,1.340667094268596e-8,2.514884064985016,0.126,0.023,2.9605951442733406e-4
SLC2A3,1.3734855559258846e-8,1.7816544117262538,0.368,0.144,3.033068153151131e-4
SLC39A11,1.4048297558473702e-8,1.3977380272044613,0.506,0.272,3.1022855498377477e-4
RBPJ,1.423948212164661e-8,2.285527543961817,0.747,0.734,3.1445048369232206e-4
MEF2A,1.4401629605287568e-8,0.9928808481417533,0.77,0.581,3.180311865735654e-4
AC087672.2,1.5377728416839706e-8,2.7671386320655667,0.138,0.028,3.3958637662907126e-4
XRCC4,1.552500482442319e-8,1.3941638555770235,0.483,0.233,3.428386815377373e-4
ADAMTS6,1.6552517993901774e-8,-1.080026989510527,0.23,0.606,3.655292548593329e-4
TNFRSF10D,1.660224470314609e-8,2.31194400631474,0.138,0.028,3.6662736977957514e-4
CDK6,1.6916554417868764e-8,-1.0469245834004162,0.287,0.648,3.735682712097959e-4
TBC1D22A,1.7710743453545578e-8,0.9727210114645879,0.805,0.682,3.91106347684647e-4
RPL3,1.800033458225941e-8,-1.5174372220728627,0.287,0.608,3.9750138858003455e-4
CBFA2T3,1.8262506037716072e-8,2.729555449257411,0.103,0.016,4.0329092083088403e-4
CCDC85A,1.8357293563498228e-8,1.49858757092577,0.414,0.177,4.053841137627314e-4
LRRC63,1.861049780959619e-8,2.8688921308663,0.126,0.024,4.109756231293127e-4
SPI1,1.9305652252678176e-8,1.5395845056133401,0.23,0.066,4.2632671869589217e-4
LIMD1,1.9647440600126316e-8,1.374864663302288,0.494,0.245,4.338744307725894e-4
STK4,1.973995421599348e-8,1.2311184827598742,0.529,0.267,4.35917408951784e-4
RNF213,2.02808096170504e-8,1.1293614506372158,0.713,0.477,4.47861118773324e-4
OSBPL1A,2.0428751888203153e-8,1.8198578430302879,0.391,0.17,4.5112812794719024e-4
RPL14,2.067596160064011e-8,-1.554314501487172,0.253,0.565,4.5658726002693553e-4
GGA2,2.122753114659882e-8,1.313335897441412,0.437,0.198,4.6876757031034174e-4
NDRG3,2.1436276611463545e-8,1.4508060000717238,0.264,0.083,4.733772964109495e-4
UBE2W,2.233636191495101e-8,1.2447912362381854,0.724,0.532,4.932538801678631e-4
CEP170,2.2358217154766135e-8,1.1987585460654702,0.644,0.411,4.937365094287005e-4
ERBIN,2.2543877277134526e-8,1.0148066826340618,0.747,0.588,4.978364419109618e-4
ASTN2,2.2604941900404765e-8,1.8358179976364903,0.31,0.116,4.991849319866384e-4
DERA,2.2800179756466778e-8,1.1876616704281402,0.575,0.29,5.034963695620558e-4
FRMD6,2.297931457790508e-8,-2.1748713021254367,0.103,0.411,5.07452203823878e-4
RPE,2.3547168329447575e-8,1.4336225629029926,0.391,0.164,5.199921182191908e-4
RPS24,2.417279987455607e-8,-1.3363718316506843,0.356,0.648,5.338079396298217e-4
COP1,2.4948636417347033e-8,0.7354748810256952,0.897,0.825,5.509407380042745e-4
YEATS2,2.6492905662502952e-8,1.094552266036659,0.552,0.278,5.850428357450527e-4
KLHL18,2.6595471063822287e-8,1.4221269240651633,0.322,0.12,5.873077875023875e-4
ZMIZ1,2.7102547016553144e-8,1.2379434248709635,0.471,0.219,5.985055457665431e-4
NBL1,2.8457939443058843e-8,1.954622004892184,0.172,0.042,6.284366767210684e-4
TLR6,2.90696771545465e-8,2.1899534819361297,0.149,0.033,6.419456806038504e-4
AMOTL1,2.9083013784307998e-8,-1.1530994414400095,0.299,0.639,6.422401933988735e-4
POU2F2,2.9179224290612946e-8,1.4050534107062216,0.264,0.084,6.443648100096056e-4
RPL37A,2.925030732752995e-8,-1.4298628509209652,0.31,0.608,6.45934536713844e-4
RPL23A,3.2054175164622405e-8,-1.816911059361684,0.218,0.525,7.078523501603566e-4
MBNL3,3.225100647327497e-8,-1.320837410722486,0.368,0.667,7.121989759493312e-4
CRIM1,3.242073444447931e-8,-0.9758939415798225,0.621,0.871,7.159470787374367e-4
TSPAN33,3.260627731513802e-8,2.4851367215909637,0.126,0.025,7.200444219501929e-4
SUSD3,3.281064642030544e-8,2.7213349424524425,0.103,0.017,7.24557504899605e-4
CHD7,3.300946362316094e-8,1.020271895271241,0.54,0.272,7.289479851902631e-4
NAV2,3.3340172125810434e-8,1.66731248495157,0.713,0.552,7.362510210542718e-4
ATP11A,3.3519189786069724e-8,1.164190385871048,0.575,0.3,7.402042680457777e-4
USP24,3.408258062952125e-8,0.9288346713225821,0.69,0.412,7.526456280417178e-4
PRKY,3.5379380168908836e-8,1.3994068475650798,0.356,0.138,7.812828522700138e-4
STON2,3.703057699859114e-8,1.040325754260251,0.437,0.193,8.177462318598882e-4
GMDS-DT,3.8508907578782316e-8,1.0387463581890028,0.644,0.382,8.503922060622499e-4
PLCB1,3.882963850467183e-8,-1.2727921715506865,0.218,0.584,8.574749070986681e-4
MTSS2,3.9065668684339856e-8,1.670303371171844,0.299,0.107,8.62687161556277e-4
MTRNR2L12,3.988783413981291e-8,-1.6217714408329333,0.207,0.514,8.808430413094886e-4
FAM168A,4.026263690134101e-8,1.2406224037279676,0.575,0.333,8.891198106923136e-4
MB21D2,4.026438924896184e-8,-0.942699129259913,0.218,0.547,8.891585077848243e-4
LINC00278,4.051818770676561e-8,1.8744846166505291,0.598,0.413,8.94763139128505e-4
ANKFY1,4.2126000528288245e-8,1.114525739433037,0.506,0.249,9.302684696661893e-4
RPS14,4.289192073030413e-8,-1.5997088771753094,0.287,0.589,9.471822854873061e-4
PTK2B,4.297463323382686e-8,1.412345903272578,0.287,0.099,9.490088257025985e-4
SMAP2,4.373901030504027e-8,1.2580509983195383,0.414,0.184,9.658885645662043e-4
SLC17A5,4.9451168820935516e-8,1.3431386279183344,0.345,0.132,0.001092030161072719
ADPGK,5.1166331990951e-8,1.268597976389153,0.414,0.181,0.0011299061093561708
RPL23,5.2399506093611806e-8,-1.5792195016423536,0.264,0.572,0.0011571382930652295
CPQ,5.473211910942076e-8,1.3386528164859832,0.575,0.331,0.0012086493862933387
ELK3,5.479974107871989e-8,1.2399742199404096,0.345,0.133,0.0012101426822413712
AL603839.3,5.528404301374507e-8,2.1649415939280567,0.161,0.039,0.0012208375218725324
ZEB2,5.6392464228370904e-8,1.2839296301451437,0.736,0.561,0.0012453147875551146
PIK3CG,5.677992765345104e-8,1.9749090190371694,0.172,0.044,0.0012538711423711593
GIMAP8,5.810727087077362e-8,2.3487807744951112,0.126,0.025,0.0012831828626392939
MPP7,5.983012884662588e-8,-2.1309994895339877,0.126,0.425,0.0013212287353200395
EXPH5,6.32714432753323e-8,-1.364358805944842,0.161,0.48,0.001397223281849163
VAV2,6.347477315415538e-8,1.912848050904918,0.356,0.144,0.0014017134155632131
FAM221A,6.423400782074422e-8,2.4325737115002792,0.115,0.021,0.0014184795947054948
PEPD,6.451989076364037e-8,1.413714684248963,0.299,0.106,0.0014247927477334702
SEMA6D,6.594314488250564e-8,-1.630744872612428,0.253,0.566,0.001456222468440372
SLA,6.601463478916172e-8,1.9493739269300319,0.195,0.053,0.0014578011800490582
PBX1,6.723803523623527e-8,-1.2068955394998695,0.379,0.695,0.0014848175321217835
HBG1,6.915876217719653e-8,-4.873312648883562,0.023,0.294,0.001527232945159031
WDR70,6.93211988760494e-8,0.8275278236978348,0.828,0.709,0.001530820034779799
ASAP1,7.242653773474947e-8,0.7625625551457285,0.943,0.892,0.0015993952327964726
SPATA6,7.26978194168239e-8,1.0774787526777172,0.437,0.189,0.0016053859461817224
CXorf21,7.334448176154309e-8,2.5514099410101294,0.126,0.026,0.001619666190740156
DLG5,7.344019611817938e-8,-1.1508589593036607,0.287,0.618,0.0016217798508777552
TSHZ3,7.368585423702846e-8,1.7914738241942847,0.414,0.192,0.0016272047191162994
HBA1,7.467215431371204e-8,-5.484902452269823,0.034,0.308,0.001648985183709703
GLIPR1,7.582246491951275e-8,1.5199021397516403,0.253,0.083,0.0016743874928176002
ATP6V1B2,7.850612359279655e-8,1.3994068475650798,0.368,0.154,0.001733650727299726
RNF144B,7.938771355337073e-8,1.5637936654659619,0.356,0.148,0.0017531188783990858
RPS28,8.060531817577829e-8,-1.638874148066762,0.207,0.521,0.001780007241275712
SRGAP2,8.203172075233904e-8,0.9188323856020535,0.655,0.378,0.001811506489373903
RCN3,8.286874906630194e-8,1.9023920461196262,0.23,0.072,0.0018299905856311459
PIP4P2,8.586000156737798e-8,1.402689431554381,0.379,0.164,0.001896046414612408
C5orf17,8.877528876872864e-8,-1.0695458466545165,0.356,0.682,0.0019604247018798347
NEBL,9.42186037697215e-8,-1.0650603609695157,0.333,0.657,0.00208062942704676
FNBP1,9.516900323594945e-8,1.0915914890038734,0.598,0.346,0.0021016170984594715
MSRA,9.855933721142408e-8,1.298744508559881,0.379,0.156,0.0021764858436398777
FER,9.893934043180346e-8,0.8203209131805926,0.828,0.651,0.002184877454755516
GIT2,9.954912836790982e-8,1.1150619354858737,0.494,0.247,0.0021983434017485526
LGALS9,1.0149922563472664e-7,1.9090812209819985,0.184,0.05,0.002241407399691668
JAK3,1.0332875925251874e-7,1.9354597478052893,0.218,0.068,0.0022818089905733713
CELF1,1.0605437343031362e-7,0.7916164173896618,0.828,0.685,0.0023419987284616158
LPCAT2,1.070164928625046e-7,0.9731420928629817,0.402,0.174,0.002363245211882689
NME7,1.0854672694273435e-7,1.1947164279620908,0.345,0.136,0.0023970373710764025
GALC,1.1039083817876869e-7,1.6741230584465088,0.241,0.079,0.002437760879501749
TMTC2,1.1193055528748388e-7,-1.1544238879412034,0.149,0.466,0.0024717624524135066
MGST2,1.1263439135301018e-7,1.4600426453038742,0.448,0.219,0.0024873052642485237
SEMA6A,1.1572031887087623e-7,-0.6953922252306171,0.345,0.668,0.00255545180162556
KLHL6,1.1660785285549958e-7,2.2294818461227677,0.161,0.04,0.0025750512146079972
TANGO6,1.1770244531013205e-7,1.2113800397474566,0.379,0.158,0.002599223099783646
HSP90AA1,1.1829667025074185e-7,-1.291090067328434,0.425,0.679,0.0026123453691471324
PRLR,1.2012741052832516e-7,-0.8767175577091579,0.494,0.787,0.0026527736066970045
LYST,1.2146231351876898e-7,1.3119440063147403,0.575,0.345,0.0026822522694349756
AC069277.1,1.2243250205872068e-7,-1.101736010681854,0.264,0.607,0.0027036769429627286
A2M,1.2367987866103133e-7,1.098452881771459,0.391,0.162,0.002731222760471555
SZT2,1.269901020664799e-7,1.408230697952086,0.345,0.141,0.002804322423934076
LINC01949,1.280596150513774e-7,-1.1607415294544583,0.333,0.638,0.002827940479179567
NEURL2,1.284346230248077e-7,1.9919030209716435,0.195,0.056,0.002836221780256828
PTMA,1.3228004229115636e-7,-1.0446417383728326,0.379,0.653,0.002921140173915606
CRYL1,1.3413471772136683e-7,1.9913221089280027,0.253,0.088,0.0029620969714409437
MGLL,1.36686547975658e-7,1.4387449955155804,0.425,0.198,0.0030184490389464557
TACC2,1.3859794906419558e-7,-1.2289482486694572,0.299,0.594,0.003060658509184631
DOCK8,1.3877820678788202e-7,1.2713124757126442,0.667,0.523,0.0030646391404967987
UBXN11,1.395402229251661e-7,2.592051925507475,0.115,0.022,0.003081466742856443
ADGRE5,1.4101929145207596e-7,2.1384467699691445,0.195,0.056,0.0031141290131361933
CCDC112,1.4103268907182156e-7,2.1214221002653146,0.161,0.04,0.0031144248727730355
TMLHE,1.4541483892258043e-7,1.1735254401487518,0.425,0.194,0.0032111958879273437
DHX35,1.47717450467043e-7,1.326157865534441,0.322,0.124,0.0032620444586637107
DDX3Y,1.5107435126007183e-7,1.3241187202608424,0.391,0.173,0.003336174898876166
CABLES1,1.5124927094763545e-7,1.7505170200543732,0.391,0.175,0.0033400376503366336
JAK2,1.5718056658793417e-7,1.3279199958163466,0.609,0.444,0.00347101845196135
TIMD4,1.6095374834675767e-7,2.422126924065163,0.115,0.022,0.0035543416247414495
LMO7,1.6194114112227708e-7,-1.2321560660182158,0.345,0.641,0.003576146219403245
DTNBP1,1.681510389259607e-7,1.2434887041166465,0.494,0.251,0.0037132793926019903
WDR7,1.693141094961001e-7,1.361687181615921,0.563,0.358,0.0037389634800023787
LRRK2,1.7115566713655324e-7,2.755550657790355,0.138,0.032,0.003779630597376505
RPS23,1.711741712284558e-7,-1.6512719238060245,0.31,0.587,0.0037800392232379895
AGO4,1.7141453814382786e-7,1.267378453881296,0.494,0.261,0.0037853472458301506
PPP1R9A,1.7654451029708918e-7,-1.6829035059196573,0.092,0.374,0.00389863242089062
EIF4G3,1.7703391013380496e-7,1.163971892663369,0.782,0.711,0.003909439837484815
ZNF337,1.7934224412586407e-7,1.4837990348554522,0.287,0.106,0.003960414777031456
AC021504.1,1.846346410587762e-7,2.4686695100021927,0.138,0.032,0.004077286778500955
RANBP3,1.893760454195897e-7,1.3810283182502252,0.345,0.142,0.0041819912110008
GRHL2,1.9056893080531602e-7,-1.5308573976699442,0.218,0.521,0.004208333698973794
ZNF717,1.922615501647853e-7,1.360932699750444,0.31,0.119,0.004245711812288954
PSG3,1.9671141625492044e-7,-2.4266981656588493,0.126,0.411,0.004343978205157408
IL1RAPL2,1.9882461377471447e-7,-2.071072597972028,0.115,0.402,0.00439064394598702
SLFN11,2.1061072784013378e-7,1.9399752289277827,0.184,0.052,0.004650916702893674
PARD3,2.1585092426260285e-7,-0.5747167380097369,0.494,0.801,0.004766635960491059
PER3,2.2060778679495692e-7,1.5476578061490223,0.241,0.081,0.004871681755793033
MT-ND4L,2.2165389200523735e-7,-3.6163883115398887,0.092,0.345,0.004894782897151656
EFNA5,2.2228363616834336e-7,-1.0227372769531908,0.184,0.498,0.004908689537505526
ALOX5,2.2600494244520657e-7,1.274515599737271,0.31,0.117,0.004990867144017497
ARHGEF11,2.2793536249751335e-7,1.1143940726357915,0.552,0.31,0.005033496610032587
CDS2,2.291079018022295e-7,1.2030096347615764,0.414,0.188,0.005059389795498634
EFEMP1,2.294895198082573e-7,-2.2244746424483792,0.092,0.368,0.005067817065925745
RPS16,2.3908658952256773e-7,-1.1947741831854553,0.264,0.575,0.005279749156426863
DENND2A,2.437959411910987e-7,1.295070187750344,0.414,0.198,0.005383745769323033
NRP1,2.4594439394482104e-7,1.8732143533528673,0.713,0.586,0.005431190051483483
SHANK2,2.495389360827056e-7,-1.335174970468985,0.31,0.61,0.005510568325514388
GAPDH,2.536995858400622e-7,-1.0550755551004842,0.23,0.522,0.005602447954106094
HPN,2.551786756365651e-7,2.592051925507475,0.103,0.019,0.005635110694082267
ADAM9,2.557620527963295e-7,1.067062136732379,0.77,0.594,0.005647993411901344
QSER1,2.576239370277445e-7,1.2456015114860441,0.471,0.243,0.005689109401383682
CAMK1D,2.606118745640689e-7,1.3230559614349648,0.333,0.139,0.0057550920259983335
PEAK1,2.6385084511965687e-7,1.1944753962948542,0.759,0.6,0.005826618212777383
TFPI2,2.668512817389596e-7,-3.1419352191667693,0.552,0.691,0.005892876854641445
AL356124.1,2.7520781088754313e-7,1.332735807919792,0.448,0.226,0.006077414087829615
SKAP2,2.755690374716229e-7,1.379336929964115,0.46,0.23,0.006085391054485848
AKR1A1,2.82820365116951e-7,1.3214043355638063,0.333,0.138,0.006245522122877629
ATF7,2.912077178072991e-7,1.3612717186783088,0.517,0.281,0.0064307400323385866
ARSB,2.967712516943713e-7,1.1647011647897803,0.437,0.212,0.006553599551166802
SLC38A1,2.9742295886353824e-7,-1.2902417607237353,0.287,0.589,0.006567991200583515
TGFBR3,3.0181816264563185e-7,-0.6468960196451956,0.575,0.818,0.006665050485703488
GPC3,3.0358299891542857e-7,-1.046784499814933,0.299,0.619,0.006704023365049409
PCDH11X,3.0867787539366264e-7,-2.0576429938884893,0.115,0.395,0.0068165335223182525
LINC01266,3.115543318522833e-7,2.547929372275168,0.126,0.028,0.006880054310293972
CHCHD6,3.122759220218474e-7,1.5920519255074754,0.287,0.109,0.006895989186008456
COL14A1,3.1639120777130166e-7,-1.2050390885716031,0.172,0.487,0.006986867041213655
LINC01229,3.1981540698607253e-7,2.5118815768234923,0.115,0.023,0.0070624836324734395
DOCK9,3.204863120348203e-7,-1.0596096667560495,0.172,0.48,0.007077299228664936
DYRK4,3.236193959860189e-7,2.1637785990719376,0.207,0.065,0.007146487121559255
SLC16A1-AS1,3.248772039864763e-7,1.3324566036404528,0.345,0.146,0.007174263295633356
FIGN,3.260415624863745e-7,-1.142048334964341,0.149,0.456,0.007199975824386608
CGAS,3.2887943939242454e-7,1.7893533658810932,0.184,0.052,0.007262644660102911
RPLP2,3.3549230559381583e-7,-1.164722149738911,0.437,0.68,0.007408676584428235
CD46,3.385101101761521e-7,-0.8971617973281664,0.529,0.777,0.0074753187630199665
CCDC149,3.504147316039371e-7,1.5197010812827916,0.333,0.14,0.0077382085180097435
INPP5B,3.51384950479e-7,1.1391710750839594,0.379,0.162,0.007759633861427757
TTC39C,3.696363624795005e-7,1.5654167990040087,0.276,0.103,0.00816267979263481
FOXO1,3.710210711249575e-7,1.5818848993504766,0.368,0.161,0.008193258313652436
LNPK,3.7323801611670947e-7,1.1140046287028313,0.414,0.193,0.008242215109905296
MAP3K8,3.8423978118631967e-7,1.2550169382299048,0.586,0.371,0.008485167087937498
RPS6KA5,3.907734830242468e-7,-1.1194429811426123,0.299,0.585,0.00862945082562444
SLC38A7,3.914537297583838e-7,1.70974696817723,0.241,0.083,0.00864447271425439
PATL1,3.9698893789431154e-7,1.3438145216017625,0.31,0.123,0.008766706715520082
MRVI1-AS1,4.1113038807088245e-7,2.139539720809969,0.149,0.038,0.009078992359769297
TCAF1,4.1370957565380764e-7,-1.386027456235602,0.241,0.529,0.009135948559163035
SDCCAG8,4.2045369711296984e-7,0.8098802967202009,0.805,0.711,0.009284878993345713
ADAMTS19,4.244437995142255e-7,-1.4933191435322966,0.126,0.41,0.009372992424672643
SPATA1,4.396385793160956e-7,1.7364418348426505,0.207,0.065,0.00970853874703734
SCAMP1,4.4516869770277084e-7,1.2794616951994495,0.425,0.206,0.009830660351370289
CTDSPL,4.639464843856938e-7,-1.4604862685062694,0.23,0.507,0.010245330214689275
SMYD3,4.788518575638338e-7,1.013381170654043,0.77,0.609,0.01057448557058214
NCK1-DT,4.799692391729667e-7,1.6217992689015275,0.207,0.064,0.010599160708656625
COLEC12,4.874979699786815e-7,1.5753863209680148,0.782,0.74,0.010765417671039224
PHLPP1,4.938609976724151e-7,-0.9306312493559599,0.414,0.697,0.010905932411599943
PFKFB3,5.028798034356054e-7,1.3994068475650796,0.264,0.094,0.011105094699268474
COL24A1,5.090473046713368e-7,2.0070894247863196,0.126,0.028,0.01124129162905713
FAM184A,5.122118259341134e-7,-0.8811622175612251,0.207,0.528,0.011311173752103026
FAM157C,5.235573090300747e-7,2.2701238306201135,0.138,0.033,0.01156171605531114
PAQR3,5.26042797585895e-7,1.5950419681132872,0.379,0.18,0.011616603099089318
DNAJC10,5.312001751162716e-7,1.155626998811231,0.414,0.188,0.011730493467092625
MLXIP,5.395423297493046e-7,1.180238327102918,0.379,0.163,0.011914713267853894
PTPRB,5.4241825254158e-7,1.36072637940102,0.149,0.037,0.011978222270875711
TMEM144,5.439459506891647e-7,1.4518742674592153,0.322,0.131,0.012011958429068824
KIAA1841,5.507417250228922e-7,1.57158782294776,0.287,0.111,0.012162029513680528
RBM45,5.750067479147271e-7,1.6504686117327978,0.195,0.059,0.012697874014200918
AL137009.1,5.835743457943612e-7,-1.3846826587151524,0.207,0.489,0.012887072278176879
SVEP1,5.88988041017851e-7,-1.2985084691604658,0.299,0.583,0.013006622909797204
AZIN1,6.081604367903062e-7,-1.3619151127230351,0.333,0.591,0.013430006925640331
ATP10A,6.106497643080316e-7,2.725635079886067,0.103,0.02,0.013484978745214262
ARHGAP35,6.1814780473721e-7,1.0257475895185655,0.448,0.215,0.013650557972011809
TMEM164,6.190360761687215e-7,1.0454498984850797,0.379,0.166,0.013670173670033876
PIK3R1,6.220645175415006e-7,0.9554400911295227,0.667,0.473,0.013737050740868959
TM9SF4,6.320294799713405e-7,1.3189169297047119,0.425,0.208,0.013957107006207111
PHLDB2,6.405145322521383e-7,-0.9199879805767607,0.368,0.702,0.01414448241572397
TPST2,6.452582670146598e-7,1.3623175288298595,0.425,0.209,0.014249238310484733
TRIM65,6.4607741114224e-7,2.5734362473401284,0.103,0.02,0.014267327470254085
PRKCA-AS1,6.481991638426317e-7,1.6624412533988733,0.195,0.059,0.014314182135136836
AC011933.2,6.57477425860612e-7,2.5369103713150145,0.103,0.02,0.014519073995279894
RAP2B,6.630160155816672e-7,0.9003050834977613,0.46,0.217,0.014641382672089956
LINC00865,6.690665910763463e-7,2.5012864615842934,0.103,0.02,0.014774997530738954
GLI3,6.729004219825818e-7,-0.5004816676447161,0.425,0.773,0.014859660018641354
EPS15L1,6.784598974855561e-7,1.0556377041381348,0.471,0.239,0.014982429916173535
IGF1,6.788137455976207e-7,0.9353536711874048,0.368,0.155,0.014990243944032257
AL512603.2,6.896982083445746e-7,1.8633539473248697,0.138,0.033,0.01523060553487324
DIP2B,6.929329059223285e-7,0.8499430280653095,0.828,0.778,0.015302037361482779
AKT3,6.930961330622562e-7,-0.7427434877756279,0.322,0.674,0.015305641906413803
TCP11L1,6.978613521669136e-7,1.1651728135841155,0.333,0.137,0.015410872239901952
PCF11,7.007202139155894e-7,1.0240824956996246,0.471,0.235,0.015474004483897961
SH3KBP1,7.017421219539063e-7,1.0857126643769328,0.552,0.314,0.015496571279108112
IPO8,7.173152986781338e-7,1.1859254801360275,0.425,0.202,0.01584047374070923
LINC02798,7.176810302275011e-7,2.2409774849605966,0.161,0.044,0.015848550190513906
NCF2,7.273241617751303e-7,1.6464997095298521,0.207,0.065,0.016061499464480204
RAP2A,7.345841167992349e-7,0.8833917005614148,0.402,0.176,0.016221821051277504
MECP2,7.378798418662438e-7,1.242902361885089,0.448,0.229,0.01629460054793226
OSBPL11,7.395893630530814e-7,1.1718061352258706,0.471,0.248,0.016332351904301195
KIAA1217,7.554676068351328e-7,-1.4119748271045256,0.23,0.518,0.016682991161740237
PICALM,7.568302086896268e-7,0.6816968942711514,0.931,0.891,0.01671308149849303
CSF3R,7.609525369130166e-7,-1.3857731312091626,0.207,0.501,0.016804114872650145
LMF1,7.910984931157919e-7,1.4529878877699238,0.23,0.077,0.017469828023476033
BIN2,7.987449062746175e-7,1.4855634913147944,0.391,0.185,0.01763868376526238
RPL5,8.029892474531311e-7,-1.1178688456445018,0.333,0.596,0.017732411551507496
ZNF780B,8.187181911899217e-7,1.4465408231561743,0.299,0.119,0.018079753816047043
PSMG2,8.229639508669175e-7,1.0968440775446484,0.391,0.176,0.018173512926994137
PPARGC1B,8.287234645174717e-7,1.5783769886103993,0.241,0.085,0.018300700266939328
SMIM35,8.290568665761083e-7,2.7693564573153857,0.115,0.025,0.0183080627846002
AC119673.2,8.601441929133035e-7,1.2186548156384114,0.402,0.186,0.018994564212104482
CHSY3,8.751733486938731e-7,1.5495825879591227,0.437,0.225,0.0193264530592068
LCP1,9.041862566080396e-7,1.0749499263669786,0.345,0.147,0.01996714510467534
ULK4,9.825923965310146e-7,1.7035171964017892,0.563,0.308,0.021698587892594396
NCOR2,1.0245651557344528e-6,1.122413984141366,0.471,0.252,0.02262547233408392
MPC1,1.0529526705629006e-6,1.8448179958874422,0.23,0.08,0.023252353824040534
ADAM12,1.0727401669547844e-6,-1.1075272527686217,0.529,0.798,0.023689321106862504
WDR73,1.0780299962083947e-6,1.2883755351763357,0.264,0.097,0.02380613640626998
LGR4,1.0931299983305516e-6,-1.1963354919093194,0.299,0.587,0.02413958975313357
RPL19,1.0968215711145697e-6,-1.2430059253399763,0.264,0.539,0.02422111075492304
LRRC2,1.1038316497777002e-6,2.140672579164911,0.115,0.025,0.02437591432204095
PTBP3,1.131270338887552e-6,0.794444473372323,0.747,0.558,0.02498184289365381
INPP4A,1.1443513824031346e-6,0.6921329383356785,0.586,0.328,0.02527071157760842
SH3GL1,1.1517040118263573e-6,1.4102678401968465,0.368,0.167,0.025433079693161446
COL3A1,1.173513776180597e-6,-1.7949646087346942,0.264,0.542,0.025914704719396123
MANBA,1.1909565698349939e-6,1.4312838633670752,0.483,0.284,0.02629989393166617
FOXN2,1.1950806181902012e-6,0.9629668715540118,0.517,0.284,0.026390965291494213
OXCT1,1.2201817389004918e-6,1.4866396856198918,0.287,0.115,0.02694527334013956
KCNK13,1.2679106442504245e-6,2.255016938229905,0.126,0.03,0.027999270756982123
SH3TC1,1.2708241086189252e-6,1.5742406493910153,0.218,0.074,0.028063608790631727
ZC3HAV1,1.2713477850445548e-6,0.9186331971158948,0.437,0.213,0.028075173137138903
MCTP2,1.2997504771748925e-6,0.6547417285679766,0.816,0.673,0.02870238978745315
FBXO42,1.3036317361974085e-6,0.9233285629957756,0.563,0.334,0.028788099630447372
ATP1B1,1.3275555873987058e-6,1.126045303569391,0.437,0.221,0.02931641003652562
BCAT1,1.3398219511909384e-6,1.2677703308471413,0.54,0.31,0.029587288148149492
VPS41,1.3444450667350548e-6,0.8135540690983689,0.724,0.531,0.029689380408710213
MYH10,1.4029054686611648e-6,-0.39156886517316924,0.379,0.683,0.0309803614644445
WWP2,1.4065781659936274e-6,1.063324658367857,0.483,0.252,0.031061465639637274
ALG13,1.4162858320175359e-6,1.0064093894021096,0.552,0.327,0.03127584002844325
TTTY14,1.4269523422046224e-6,0.7484144765087263,0.494,0.265,0.031511388572904676
SPOP,1.4331931200267077e-6,0.9435729740363866,0.506,0.264,0.031649203669549784
TFRC,1.4857966783880464e-6,-0.9984565004251045,0.322,0.612,0.03281084804884323
CNTLN,1.5440087071304658e-6,0.6841802383678537,0.552,0.29,0.034096344279562076
LAMB1,1.54718056953554e-6,-1.3866086022820863,0.253,0.517,0.03416638851705333
PELI1,1.5514125557100393e-6,1.2751405631144679,0.448,0.238,0.0342598434677448
AC098829.1,1.553918190060527e-6,1.048077836237158,0.264,0.097,0.034315175391106616
SHOC1,1.5610878633400142e-6,1.2008253874997004,0.414,0.201,0.03447350328613753
DEF6,1.573978260511292e-6,1.5216625976160778,0.276,0.111,0.03475816192687086
KANK1,1.580262452629814e-6,-1.6631404735852617,0.31,0.591,0.03489693574142418
NNT,1.6111944320786056e-6,1.309117962235977,0.368,0.175,0.035580006643591844
CHFR,1.624618403452568e-6,0.8952754214569685,0.448,0.221,0.03587644820344306
ANKRD24,1.6248023335149126e-6,2.335276510145364,0.103,0.021,0.035880509931009816
RPL8,1.6312624823726155e-6,-1.2316302561534476,0.207,0.497,0.03602316939823447
TUBGCP3,1.6344541713044282e-6,1.1158250643272,0.414,0.209,0.03609365146491569
RNASEH2B,1.6464235019815602e-6,0.9399752289277823,0.437,0.208,0.03635797019425879
NHSL1,1.6466922761354016e-6,-0.9348847573301937,0.609,0.839,0.036363905533898074
STX7,1.6530112058090723e-6,1.4706981417508704,0.644,0.525,0.03650344645788174
ULK2,1.666431640869604e-6,1.1311340648093142,0.425,0.211,0.036799809925323466
DLK1,1.685375526280225e-6,-2.5510615665850436,0.057,0.298,0.03721814774684621
LRRC28,1.6860082436155869e-6,1.179911987035727,0.494,0.268,0.03723212004376301
HSD17B1,1.7304337733493473e-6,-3.7152031050010335,0.023,0.249,0.03821316901687364
COMMD10,1.743751409567475e-6,0.6831406394289186,0.805,0.727,0.03850726237747855
ELMO1,1.8198559280182922e-6,0.6440973443336095,0.897,0.751,0.040187878458427945
RPS4X,1.8450937135554394e-6,-1.470009042624776,0.195,0.464,0.040745204476444766
NEU3,1.8523212601713415e-6,1.7671386320655667,0.184,0.057,0.04090481038836374
RPL31,1.879270089760139e-6,-1.4941206061667462,0.333,0.577,0.04149992139217315
MNDA,1.9090419149704313e-6,1.8003691616322008,0.149,0.04,0.04215737260829203
TNFRSF14,1.920211668521729e-6,2.2774163231864692,0.138,0.036,0.04240403427596534
GALNT10,1.9554393476114198e-6,0.8720096343777378,0.379,0.168,0.04318196711330298
RPL10A,1.982259413782572e-6,-1.7393572223907718,0.149,0.406,0.04377423463456054
DENND2D,2.053446860124676e-6,1.7693564573153853,0.184,0.057,0.04534626701213322
TLR5,2.0634802141776108e-6,2.0774787526777176,0.161,0.047,0.04556783356968418
RNF138,2.0800628393563995e-6,1.1839008118138716,0.356,0.159,0.04593402768150737
DENND5B,2.1031344921584862e-6,1.1770144262286317,0.46,0.237,0.04644351899033585
AC006230.1,2.1211921909979598e-6,1.0294226113332139,0.368,0.164,0.04684228715380795
LINC02306,2.1436049630717916e-6,2.051483544144773,0.115,0.026,0.047337228399514375
PGGT1B,2.149259001591531e-6,1.1370120759873363,0.379,0.176,0.04746208653214578
GRIP1,2.203554433267251e-6,-0.3170833790646701,0.368,0.68,0.048661092549840704
SECISBP2L,2.208352082627989e-6,-1.258019580457168,0.575,0.75,0.04876703904067388
AL078600.1,2.2221959722062825e-6,1.4622336850205184,0.276,0.111,0.04907275365423133
TMEM106A,2.2504345372366342e-6,1.3225912505142485,0.276,0.109,0.04969634588579659
ENOX2,2.2623166470371185e-6,1.4470248677978197,0.402,0.204,0.04995873851652069
TMEM131L,2.2808168733347736e-6,1.093246068536034,0.264,0.102,0.0503672790138518
MTSS1,2.3029441195236274e-6,2.1568758467507436,0.621,0.549,0.050855914991440265
TPD52L2,2.4384099474543667e-6,1.0518138692843702,0.356,0.157,0.05384740686963478
CORO7,2.4390993275423415e-6,1.3196796550943455,0.23,0.081,0.05386263045011753
NFATC3,2.4624640777736098e-6,1.0149174149133424,0.529,0.301,0.05437859422947462
ATP2B4,2.6116443652413637e-6,0.8922784868964859,0.586,0.357,0.05767294251762504
WDR41,2.653096303553236e-6,1.331943879786341,0.333,0.15,0.05858832567136611
NFATC1,2.6558682805724325e-6,1.8758448915080668,0.149,0.041,0.058649539239881025
HERC3,2.6805187248600257e-6,1.1276981081654525,0.46,0.243,0.05919389500108395
TTC21B,2.688270372015903e-6,1.840675888417103,0.46,0.253,0.059365074625227186
GLB1,2.6997288848966393e-6,1.005328966921882,0.368,0.167,0.059618112965172484
RPS3,2.748386603200448e-6,-1.1378892195257622,0.345,0.6,0.06069262135847549
KIF13B,2.773837795691819e-6,1.1548832563633238,0.402,0.196,0.06125466004226243
SIPA1L2,2.7999543980721768e-6,1.1126351980913336,0.471,0.253,0.06183139297262788
PBX3,2.823791646251539e-6,1.3259237188097708,0.379,0.185,0.062357790924172735
MAP3K14,2.867403339555331e-6,1.56846510518986,0.23,0.083,0.06332086794740038
TENT2,2.911742948169372e-6,0.7262616235323687,0.839,0.813,0.06430001952442424
SFT2D1,2.9331516158231183e-6,1.3299217472437959,0.322,0.142,0.06477278713222193
ATP6V1C1,2.934529730090017e-6,1.2317099470148845,0.425,0.228,0.06480322002957783
INTS10,2.9365410374852028e-6,0.9979584130341912,0.46,0.234,0.06484763573078574
MT-ATP8,2.9525670512802734e-6,-1.9533388393120705,0.149,0.389,0.06520153819342228
GASK1B,2.9544151625473694e-6,1.0418548429469963,0.322,0.138,0.06524235003453356
PRKCZ,2.9619131100995517e-6,-1.3195774081806642,0.172,0.454,0.0654079272103284
ZHX3,2.9654873052038747e-6,1.3006728939797203,0.356,0.162,0.06548685616081716
TRIB1,3.022709185767711e-6,1.6989671294239876,0.184,0.058,0.06675048694930837
PIGB,3.036105544949985e-6,1.538113118396672,0.253,0.097,0.06704631874913052
CEP63,3.040192595892196e-6,1.040231709408949,0.437,0.23,0.06713657309508736
RPL26,3.0513962473918927e-6,-1.4825568068979857,0.195,0.442,0.06738398333115517
AL008633.1,3.0822042774581216e-6,1.4421564950244168,0.402,0.199,0.0680643170591077
KIF26B,3.1022583836594828e-6,-0.9306136682710042,0.218,0.491,0.06850717188635236
ARHGAP24,3.1231618246013807e-6,-0.29502163254215086,0.425,0.743,0.06896878257267229
SLC25A13,3.249558445580777e-6,0.9491761213438048,0.644,0.449,0.0717599991537603
HTR7,3.271623199718794e-6,2.3994068475650794,0.103,0.022,0.07224725511939013
CNTRL,3.3150124357775707e-6,1.5514099410101296,0.345,0.161,0.0732054196192761
HVCN1,3.377257175351044e-6,2.0774787526777176,0.126,0.032,0.0745799702032771
PHKB,3.4255437037524455e-6,0.6958589880978033,0.793,0.66,0.07564628160996525
FAM228B,3.429710921147381e-6,1.167950343800395,0.379,0.179,0.07573830627169761
IFNGR2,3.439275264883384e-6,1.018585063624149,0.425,0.212,0.07594951567441977
INTS4,3.4639644296782644e-6,0.9997993888558417,0.402,0.194,0.07649472650058511
SLC25A44,3.4705972629109237e-6,2.261903323815145,0.103,0.022,0.07664119935686192
BICRAL,3.5453060603810692e-6,1.2756714791428347,0.414,0.216,0.07829099373139516
ALOX12-AS1,3.5800623876640678e-6,1.4963685774521676,0.218,0.078,0.07905851770678561
FRAS1,3.5954794662769454e-6,-1.5084263779632128,0.115,0.363,0.07939897305379379
FAM118B,3.7575602149147656e-6,1.455990375931447,0.23,0.084,0.08297820222596276
RPS19,3.8005062932198535e-6,-1.0198301512176717,0.276,0.547,0.08392658047317403
RPL30,3.819621005137162e-6,-1.6276261111319363,0.253,0.497,0.08434869065644396
ABCA1,3.925401834077499e-6,1.7774501393617217,0.563,0.426,0.0866846487019334
GOLGB1,3.948721362794165e-6,-0.9275744750485682,0.391,0.651,0.08719961385458354
HIBCH,4.010560704121204e-6,0.8611198082165428,0.54,0.312,0.08856521202910854
RPLP0,4.06789098747521e-6,-0.957094395869709,0.276,0.556,0.08983123667641507
NCF4,4.100248972043929e-6,1.4400488320624256,0.172,0.052,0.09054579804964609
RPS29,4.104858793744388e-6,-1.659898981197302,0.23,0.48,0.09064759674225732
TCTEX1D1,4.123702497962572e-6,1.9664474402889733,0.103,0.022,0.09106372226250747
EXOC4,4.172460424745405e-6,0.6339616234037937,0.908,0.85,0.09214044355965277
MEF2C-AS2,4.178662565188214e-6,1.6931380506217897,0.161,0.048,0.09227740542705133
SGMS1,4.306188104353161e-6,1.0753954381772282,0.747,0.726,0.09509355190843084
ATP6V0A1,4.345432218859239e-6,0.9913221089280029,0.563,0.343,0.09596017968906859
FBXO17,4.3578845738118795e-6,1.5533195310187613,0.276,0.114,0.09623516504348774
ACAP2,4.364830696761097e-6,0.8686158213178542,0.782,0.703,0.0963885562765753
PPM1M,4.391094467896578e-6,2.492516251956561,0.103,0.023,0.09696853913456013
ASXL1,4.421171940416626e-6,0.74445682790677,0.655,0.426,0.09763273996022036
VCAN,4.4284783038005366e-6,-1.5571325248061796,0.172,0.435,0.09779408638282724
SGTB,4.4897941784244826e-6,1.7192871138035837,0.184,0.06,0.09914812484214784
PLAC8,4.527143165221065e-6,2.161247110370315,0.138,0.038,0.09997290251757678
CDK19,4.560815237636706e-6,0.6901663480701468,0.724,0.508,0.10071648289273137
TMC6,4.573721596904384e-6,1.6624412533988733,0.184,0.059,0.1010014940244395
MEIS2,4.64773027195838e-6,-0.7527133429979186,0.184,0.471,0.10263582759565691
PIKFYVE,4.748473765865577e-6,0.8009173559082019,0.655,0.444,0.10486054617160953
AC022872.1,4.762796580278065e-6,-0.466686208525091,0.161,0.434,0.10517683688228051
ZNRF3,4.8199993193303905e-6,-1.8473337509280638,0.138,0.381,0.10644004496877302
FBXW4,4.848636768702381e-6,0.8325916935541827,0.563,0.332,0.10707244576325468
MTFMT,4.9047961283674534e-6,1.1809833284315776,0.264,0.103,0.10831261290273847
ZFYVE26,4.9215430259063396e-6,1.1754051733669746,0.299,0.127,0.1086824346410897
RYBP,4.9339711112996324e-6,-1.4472918703603594,0.609,0.786,0.10895688405082979
ATP11C,5.0809410496495075e-6,1.188609564707239,0.356,0.166,0.11220242119941007
SGPP1,5.338580841915215e-6,0.74347782548978,0.667,0.44,0.11789188073201369
RPL15,5.362310704346601e-6,-1.2522428519295155,0.218,0.47,0.11841590728408599
CPB2-AS1,5.403609683797184e-6,2.0025166949964954,0.138,0.038,0.11932791264729321
HNRNPA1,5.505178015004637e-6,-1.4695064684342511,0.253,0.484,0.12157084610534741
RPL10,5.57765507864635e-6,-1.098232694104685,0.471,0.679,0.12317135710174736
GIMAP5,5.5800510210808606e-6,2.1977729863954294,0.126,0.033,0.12322426669852865
BBS9,5.595068345781804e-6,0.9348410774563457,0.621,0.439,0.12355589427989958
DENND4A,5.6044622470787286e-6,0.942100746867891,0.701,0.553,0.12376333980223957
TRAFD1,5.654932579819039e-6,1.5155998650696025,0.207,0.072,0.12487787616014384
OSGIN2,5.72082337979898e-6,1.628888693687847,0.172,0.054,0.12633294269610088
FSD1L,5.728318244254239e-6,1.4438009669235328,0.241,0.093,0.12649845178786637
NSUN3,5.800746482824998e-6,1.1675540969795657,0.31,0.137,0.12809788458022445
DISC1,5.865584669817818e-6,1.451293589230048,0.655,0.601,0.12952970626358687
CLCN5,5.976376841772127e-6,0.9812634374184143,0.483,0.265,0.13197632979685386
THSD1,6.093896134937629e-6,1.7700502274854695,0.149,0.043,0.13457150834782766
CEP120,6.240719306019899e-6,1.213133852035284,0.31,0.137,0.13781380443483743
LINC00342,6.2479538032248605e-6,1.1984549505021431,0.322,0.144,0.1379735638366146
FLT1,6.34174215981532e-6,-0.5781743592273361,0.402,0.733,0.1400446921152017
EPAS1,6.342770952757092e-6,-0.5917951312617007,0.678,0.874,0.14006741094973485
AF127577.2,6.375794376267842e-6,1.6857110327217202,0.195,0.067,0.14079666721112274
DNAJC5,6.546740679449373e-6,1.2705976999102626,0.46,0.263,0.1445716744242805
AC005562.1,6.549048080353086e-6,1.5148840649850157,0.23,0.087,0.1446226287584372
KLRD1,6.625080469373919e-6,-5.021255200907642,0.023,0.224,0.14630165200518425
ZSCAN30,6.799606645556742e-6,1.4400488320624256,0.241,0.094,0.15015571355382953
PHYKPL,6.836202437176855e-6,1.0200912705201974,0.483,0.273,0.15096385842017648
P2RX4,6.8574276555768504e-6,1.3441244120638902,0.333,0.16,0.15143257491810358
TRIM3,6.9020022607031435e-6,2.1623676502642306,0.126,0.033,0.15241691592310752
SH2B3,6.921774274649699e-6,1.1263883531586636,0.241,0.09,0.1528535413070893
AC004889.1,6.976812616036494e-6,1.2517632934987735,0.276,0.113,0.1540689529999339
SUFU,7.136343526093197e-6,1.0635843110193368,0.437,0.23,0.15759187408671607
RERG,7.260992867623805e-6,-0.3615744125110633,0.253,0.528,0.16034450549573648
TFCP2,7.331699895342919e-6,0.8342076016653532,0.575,0.371,0.16190592878885768
MAEA,7.368336101212388e-6,1.3848585389959245,0.287,0.124,0.16271496612307318
DYSF,7.555180173836746e-6,-1.6135139108591705,0.092,0.331,0.16684104377883685
SLC43A2,7.733201047777258e-6,-1.2819037777979485,0.333,0.568,0.1707722787380652
TSPAN14,7.824927003685646e-6,1.2212142301391669,0.379,0.188,0.1727978630223901
ANKRD36C,8.116058122002045e-6,1.224704705860895,0.379,0.185,0.17922691150817116
PFKP,8.136806790582583e-6,1.1632086267036017,0.207,0.072,0.1796851043564352
RPS15,8.243272017875344e-6,-1.1037461485015356,0.264,0.529,0.18203617597074123
CDC42SE2,8.30501850386466e-6,1.0090259284876617,0.575,0.406,0.1833997236208433
RPS6,8.363514198552548e-6,-1.179819283606932,0.31,0.565,0.1846914840466359
AC078881.1,8.381016263939365e-6,-0.8342128291946225,0.241,0.531,0.18507798215657298
HMGXB3,8.578754746943666e-6,0.9979584130341912,0.448,0.24,0.18944464107675696
RPS27A,8.599671536020197e-6,-1.0946555831027813,0.264,0.525,0.189906546529934
RABEP1,8.661841660189644e-6,1.0157864302714756,0.655,0.571,0.1912794493819679
H3F3A,8.663254142066753e-6,-1.5486027353690315,0.299,0.52,0.19131064121926009
ZNF532,8.73592989845015e-6,0.9856580442548084,0.414,0.208,0.19291553994747465
CLN6,8.805836578574628e-6,1.2294818461227672,0.253,0.1,0.1944592891646635
TTC13,8.913714804223925e-6,1.213133852035284,0.31,0.136,0.19684156402167693
PIGX,8.95088873428172e-6,1.4164132728707695,0.241,0.095,0.1976624759191432
AL034397.3,9.042454536480063e-6,1.4925162519565611,0.172,0.055,0.19968452352908925
DDX3X,9.107613365953208e-6,0.8122400759171933,0.609,0.391,0.20112342596034471
SLIT2,9.118725253528899e-6,-0.2816858344101689,0.126,0.401,0.2013688097736787
ARHGEF9,9.195068102184437e-6,1.756833623673828,0.264,0.117,0.20305468890053893
MPPED2,9.249198280786915e-6,1.5180513440636987,0.253,0.103,0.20425004563461743
NCKAP1,9.318982463147278e-6,-0.551205125472757,0.379,0.678,0.20579108973368132
JARID2,9.401464865864705e-6,0.6447633530201021,0.793,0.624,0.20761254863289028
RPL27A,9.455615151313551e-6,-1.057010433268022,0.402,0.657,0.20880834938645715
CLIC4,9.705346598402456e-6,-0.9621995720143188,0.46,0.73,0.21432316893252143
GTPBP10,9.790464963020854e-6,0.9755991386585037,0.368,0.178,0.2162028377783895
AL592183.1,9.825577829464378e-6,1.0536320107233499,0.356,0.168,0.21697823520806186
CYP19A1,9.829858941262007e-6,-2.1884864415441667,0.322,0.552,0.21707277499988892
BICC1,9.993622146048843e-6,1.3051527100414835,0.448,0.243,0.2206891578511966
ACYP2,1.0021277412964243e-5,1.19513034133199,0.586,0.398,0.22129986911048938
PLEKHM3,1.0107862090451653e-5,1.204819791888498,0.379,0.192,0.22321191854344385
PDPR,1.0387750522052966e-5,1.2210696063065671,0.322,0.147,0.22939269477849564
DNAJC13,1.048274698063911e-5,0.8987525662012694,0.644,0.471,0.23149050157345347
SLC2A1,1.0632086551017066e-5,-1.2325969201212301,0.23,0.48,0.23478836730610989
LINC00649,1.07025597233448e-5,1.186413124230881,0.287,0.12,0.2363446263706232
FNIP2,1.0861293471750825e-5,1.1047860986734528,0.46,0.258,0.23984994373667348
ASAH1,1.1047412011862717e-5,1.1685352952714567,0.425,0.236,0.24395999945796437
TNPO1,1.1393407615406073e-5,-0.8584095396252691,0.621,0.781,0.25160062037101233
SNX10,1.150837409345436e-5,0.9834495554333463,0.345,0.164,0.25413942510575266
P4HA1,1.17903647030246e-5,0.922085070031893,0.54,0.318,0.26036662373689223
ABHD6,1.1885839331208787e-5,1.9322808371377818,0.149,0.045,0.26247498995108365
ZNF512,1.1922797638654932e-5,1.1836781565096426,0.287,0.124,0.26329114025441686
MAFB,1.1957961790251888e-5,0.8758448915080668,0.218,0.078,0.26406767021413247
APP,1.21712522230615e-5,-0.8594089820212419,0.494,0.738,0.2687777628418671
MAP4K4,1.23485404572121e-5,0.7179266338658142,0.724,0.583,0.2726928189166148
KIAA1671,1.2413442916335078e-5,1.437208880277464,0.207,0.075,0.2741260599214275
RAP1A,1.2430603896479526e-5,1.0014833691500833,0.632,0.476,0.2745050258459574
SIRPA,1.2532952119983996e-5,1.1700683606157682,0.299,0.132,0.2767651816656066
TRAF3IP2-AS1,1.2557726625195092e-5,0.9058673746075183,0.437,0.236,0.2773122770641832
MEF2C-AS1,1.290329935109018e-5,0.9843693482862357,0.184,0.061,0.28494355957012446
ARHGEF6,1.2936720120977204e-5,1.2158069092256907,0.23,0.087,0.28568159043153957
HSP90B1,1.3012499089965819e-5,-1.1344234439457601,0.356,0.589,0.28735501740371516
CELF6,1.3137109184721966e-5,2.3770390345366255,0.115,0.029,0.29010678212621516
NBEA,1.3362882394321423e-5,0.784198059975803,0.356,0.166,0.29509253191379997
TPP2,1.3434863909428262e-5,0.5743103431202086,0.724,0.531,0.2966820997119043
VTI1A,1.3549967635268563e-5,0.7129063203818611,0.828,0.798,0.2992239352896357
SENP7,1.3575058896232114e-5,0.8452762125153656,0.655,0.478,0.29977802560549377
LILRB5,1.3878679416852097e-5,1.6385945114445057,0.149,0.045,0.3064828775623449
TRAPPC11,1.4132859243911817e-5,0.9029810214455806,0.425,0.221,0.31209593068330466
TGFBRAP1,1.4135187214736944e-5,1.3142394643024027,0.299,0.137,0.31214733926303595
TNFRSF25,1.4232236014184906e-5,1.5414258524375075,0.218,0.084,0.31429046790124526
PDE3B,1.4235743298217071e-5,1.0555195001015774,0.494,0.292,0.31436791925452756
RPL13,1.4538847307483862e-5,-0.7816265440103108,0.402,0.641,0.3210613650911661
CLN8,1.4549595459804605e-5,1.4370211393648575,0.264,0.114,0.3212987165388651
ENTPD4,1.4587233799942918e-5,1.0839050218371504,0.368,0.181,0.32212988400413944
VPS39,1.4660114037095473e-5,1.1281985102855858,0.391,0.209,0.3237392982811793
WWC1,1.4715129222000964e-5,-1.8336801745676046,0.092,0.313,0.3249541986094473
NFIB,1.4792528987443188e-5,-0.921859308773901,0.207,0.48,0.3266634176297079
PPIA,1.4814254075244924e-5,-1.3038756203448378,0.172,0.406,0.32714317274363364
CDC14B,1.4904891350527481e-05,1.0160074894017175,0.437,0.242,0.32914471569369835
RPL11,1.5029710637168385e-5,-1.0426047349117389,0.379,0.624,0.3319011000005894
STX2,1.5119800008924263e-5,1.1073802383915796,0.31,0.141,0.3338905435970745
PPIB,1.5159885699305584e-5,-0.9689805584149427,0.218,0.475,0.3347757558977652
NAA16,1.5473838752221552e-5,0.9058673746075183,0.437,0.235,0.34170878116530856
ABHD12,1.5633540146409917e-5,1.3490089948611477,0.483,0.291,0.3452354670531702
DPP4,1.579831524741034e-5,-0.5780997900141732,0.241,0.54,0.34887419560856253
RPS25,1.5867159327357845e-5,-1.2870936796181387,0.276,0.515,0.3503944794260433
STARD13,1.592971058278129e-5,1.2005304724266384,0.77,0.718,0.35177579879955917
LAMTOR5-AS1,1.6044968944995085e-5,1.0578117192216405,0.379,0.192,0.35432104921232643
CERK,1.6401903179092575e-5,1.5629055798479587,0.184,0.064,0.36220322790390136
RPL38,1.6420307419348965e-5,-1.6691647553908426,0.149,0.377,0.3626096487414832
PXN,1.6623075919556682e-5,1.0749499263669786,0.391,0.205,0.3670873855315702
TECPR1,1.6746331631716116e-5,1.715880512360334,0.23,0.093,0.369809241423187
CALM1,1.7017776639610316e-5,-1.5460369888128318,0.276,0.482,0.3758035615325146
NPM1,1.703812423868824e-5,-1.3731826563318479,0.23,0.469,0.37625289756295244
RPL4,1.7052553467129727e-5,-1.1887159940494045,0.195,0.431,0.37657153821462575
HIP1,1.728360073908979e-5,0.8559364757623869,0.448,0.236,0.38167375512131985
SMAD3,1.7392414276804168e-5,0.7827354871165854,0.414,0.209,0.3840766844746665
NOTCH2,1.742495373355429e-5,0.8843884671894681,0.46,0.25,0.3847952532980794
ROBO1,1.7584700178823808e-5,-0.8571855270056333,0.241,0.499,0.3883229340489662
MGMT,1.7698693485528045e-5,0.6942188145258241,0.483,0.263,0.39084024824091584
KANTR,1.7880757460300173e-5,0.9194139064454661,0.425,0.223,0.3948607669958087
TRANK1,1.7938760243382716e-5,1.3814849395678173,0.299,0.136,0.3961416424546205
GDF15,1.7966906921399017e-5,-3.328809453413775,0.126,0.334,0.39676320554525446
CSNK1G1,1.7977624434081002e-5,0.86335394732487,0.552,0.364,0.39699988037781075
PARP14,1.8172508989729597e-5,0.7902780357131712,0.494,0.282,0.4013035160201987
SMPDL3A,1.8189597671109654e-5,1.3885185314223434,0.253,0.104,0.40168088537111446
XAF1,1.8355758242622172e-5,1.3524433685944928,0.241,0.099,0.4053502092718254
RNF115,1.85958659801317e-5,0.820180716393068,0.54,0.328,0.41065250843924833
ENTR1,1.875545819129435e-5,1.8259399856817526,0.172,0.059,0.4141767832383531
FAR2,1.8981505169231143e-5,1.135614922658545,0.402,0.228,0.41916857865213136
PDE10A,1.926458665205244e-5,-0.5673807021171944,0.23,0.514,0.4254198670372741
PPP1R12A,1.9294882321422964e-5,0.7161082622453816,0.828,0.766,0.4260888863039833
NUDCD3,1.9383625095935182e-5,1.0897223484324645,0.448,0.264,0.42804859299353665
PPP2R5A,1.951721812082222e-5,0.9634342017517714,0.414,0.217,0.43099872776211706
PARL,2.004172904249228e-5,1.1322529752218817,0.368,0.191,0.442581502445357
HS6ST2,2.0095536667266595e-5,-2.1113573203528113,0.069,0.282,0.4437697362232482
STPG4,2.0149157654682654e-5,1.9399752289277825,0.103,0.025,0.44495384848835706
EVI5,2.037959048663358e-5,0.3959694024294842,0.954,0.908,0.45004249671632934
CRYBG1,2.0399531888593383e-5,-0.8085908676115624,0.402,0.629,0.4504828626958077
KIF1B,2.0867895222683624e-5,0.8302610523066982,0.563,0.349,0.4608257302025225
JAZF1,2.0885945001031387e-5,0.9694190068202643,0.437,0.24,0.46122432345777614
S100A11,2.0905961801965915e-5,-0.9571536140305446,0.253,0.499,0.4616663544728133
NECTIN3,2.1515399898757856e-5,-1.433483166599662,0.172,0.401,0.4751245759642697
PSD3,2.1815375149183084e-5,1.2227356322909961,0.713,0.623,0.48174892941941005
ATP6V0A2,2.1976249103172434e-5,1.6399466156117868,0.241,0.101,0.48530150894535684
GK,2.2531439747812144e-5,1.5167637982032385,0.184,0.065,0.4975617839509356
PRKACB,2.278389584287889e-5,1.0622580157389478,0.368,0.186,0.5031367718982945
HACD4,2.279332635954027e-5,1.4472353726556948,0.207,0.078,0.5033450259977278
TJP1,2.2910463646855574e-5,-0.5490260102866228,0.287,0.545,0.5059317687135116
PIP4K2A,2.372468466608743e-5,0.7876774372811381,0.655,0.512,0.5239122114812087
FGD5,2.382963523736698e-5,0.951594312194616,0.299,0.132,0.526229834946775
HSD17B11,2.383113145726886e-5,1.0814918151843405,0.299,0.136,0.5262628759708683
STAT3,2.3935588726309636e-5,0.853712989932576,0.517,0.302,0.5285696058430956
AL136962.1,2.3995294476071772e-5,-1.2380569705617768,0.253,0.513,0.5298880879150929
TRAF3IP1,2.409063380576038e-5,1.2649805273441532,0.276,0.122,0.5319934663326065
SNHG14,2.451320334001956e-5,0.8193002754973243,0.586,0.388,0.5413250693576519
UBE3D,2.4584925453576972e-5,0.9362854697787213,0.414,0.224,0.5429089087913402
CXCL14,2.4654717081802464e-5,-3.2254588893835106,0.149,0.363,0.5444501173174439
LIFR,2.478510082515388e-5,-1.157412688810372,0.414,0.69,0.5473293815218732
SNX1,2.4797153132673635e-5,0.7111565384319014,0.494,0.284,0.5475955326288319
OXNAD1,2.495880573837781e-5,1.073687173515343,0.322,0.153,0.5511653071205972
CAST,2.50781702747515e-5,-0.717308415962661,0.621,0.792,0.5538012341773374
NLRC5,2.5675017749825536e-5,1.8869568466282916,0.149,0.047,0.5669814169693973
YTHDC2,2.578809732104864e-5,0.9464934405017504,0.575,0.405,0.5694785531407172
FMNL2,2.655486834408189e-5,0.4922338136156257,0.943,0.827,0.5864111576423604
ARHGAP31,2.658769084616402e-5,0.8526275407318115,0.402,0.209,0.5871359769558401
PDIA3,2.667264079142847e-5,-1.0569855977534597,0.322,0.562,0.5890119265971149
DST,2.6864165366992952e-5,-0.8422661978129541,0.31,0.575,0.5932413637993054
GAB1,2.711281488778628e-5,-0.5919800221302121,0.483,0.734,0.5987322911669845
FAM78A,2.7135367569920854e-5,1.8286582060636247,0.149,0.047,0.5992303220465622
HPS4,2.716183751625876e-5,1.2294818461227672,0.31,0.147,0.5998148578715422
MEST,2.7165926354104798e-5,-0.7168983153816769,0.23,0.468,0.5999051516776963
TGFBR1,2.721597431418645e-5,1.141609090097433,0.598,0.435,0.6010103607801793
AMDHD2,2.7401150037951726e-5,1.579227885149892,0.161,0.053,0.605099596288088
NEDD4,2.746215493324574e-5,-0.8665878012203285,0.333,0.575,0.6064467673908657
ZBTB20-AS5,2.746442846277391e-5,1.8633539473248697,0.103,0.026,0.6064969737434363
EIF4G2,2.8021981021930755e-5,-1.0825026392829225,0.368,0.583,0.6188094069072969
VPS13B,2.8452163297715866e-5,0.40188613162753883,0.931,0.865,0.6283091221034595
RAB3IL1,2.8842402529445986e-5,1.7749159826572858,0.126,0.036,0.6369267750577557
SLC38A2,2.886444317130999e-5,-0.6698558148720342,0.287,0.537,0.6374134985520385
MBNL1,2.8883339883225678e-5,0.511927558402782,0.885,0.797,0.6378307946412727
RNLS,2.8984977316614944e-5,1.5920519255074759,0.149,0.047,0.6400752540828079
PIK3C3,2.9117385811015838e-5,0.6631775101338571,0.632,0.432,0.6429992308646627
RPL7A,2.931529435468956e-5,-0.9791047756886502,0.322,0.556,0.6473696452346095
SUGP2,2.9352828921246306e-5,0.9341145775065399,0.471,0.274,0.6481985210678822
FBXW2,2.945913503919508e-5,0.904956639749366,0.368,0.18,0.650546079070545
SARM1,2.970225904676961e-5,1.4686695100021931,0.161,0.053,0.6559149865298133
TIMP2,2.988731792893471e-5,0.43127862243469356,0.609,0.359,0.6600016418246651
COL1A1,3.006695636323506e-5,-1.419717555991539,0.172,0.413,0.6639685973693199
MARCH2,3.0248687869234557e-5,1.447662016172301,0.172,0.059,0.6679817742163067
HDHD2,3.0319262650866065e-5,1.0013757735919258,0.391,0.204,0.6695402771190753
CD5L,3.04536508673993e-5,1.6989671294239874,0.149,0.047,0.6725079721047788
MYO15B,3.091111650178137e-5,1.529042127981675,0.23,0.093,0.682610185708838
RPS13,3.1056367030779916e-5,-1.1725181300533323,0.207,0.444,0.6858177531407129
VOPP1,3.123669448648623e-5,1.7649756705796238,0.241,0.103,0.6897999243450755
RPS11,3.144230107523355e-5,-1.0626665865712521,0.299,0.535,0.6943403346443825
AIFM1,3.154002584244745e-5,1.2978688211030176,0.23,0.093,0.6964983906787671
EZH1,3.1905693330715594e-5,1.0407202026675995,0.287,0.128,0.7045734258221925
PAK2,3.2344547086135645e-5,0.5947194671751102,0.69,0.474,0.7142646333031334
HMG20A,3.245130358492163e-5,0.9615980406275779,0.414,0.223,0.7166221370658243
SPTLC3,3.2964950714430885e-5,-1.2440280558755406,0.414,0.62,0.7279650066267772
SCLY,3.296812547448881e-5,1.7879721354827325,0.149,0.048,0.7280351148531364
PTPDC1,3.318631144182099e-5,1.2225290854810007,0.218,0.086,0.732853315569733
S100P,3.31940831309321e-5,-2.0221530973367434,0.092,0.302,0.7330249377803735
RTCA,3.329655466559312e-5,0.9664474402889736,0.322,0.151,0.7352878166802929
RPL7,3.35581593154242e-5,-1.460536553270949,0.218,0.445,0.7410648321625126
RENBP,3.3721640422699685e-5,2.0489096004809464,0.103,0.026,0.7446749854544772
GNAI3,3.3885189055638506e-5,0.8356920805479628,0.437,0.245,0.7482866299156652
ZBTB1,3.4638663365922004e-5,0.7415814734843674,0.529,0.32,0.7649256031096556
LINC01194,3.5297528510908964e-5,-0.3614793952198321,0.379,0.683,0.7794753221064027
FAM102B,3.531576159090863e-5,1.2508103555632792,0.333,0.169,0.7798779632120352
TRAF5,3.595231094491559e-5,1.1687278150436713,0.264,0.117,0.793934882596571
TET3,3.6097655007389666e-5,0.8880525717335038,0.54,0.347,0.797144515528186
TRIM66,3.6349128856615896e-5,0.9489453824323352,0.368,0.181,0.8026978125406489
LINC02256,3.643263647666873e-5,1.4359327235901937,0.195,0.073,0.8045419113142757
IGF1R,3.6598146642774066e-5,-0.35328685825718575,0.437,0.758,0.8081968723123797
AC124248.1,3.666240556869789e-5,2.033757375248399,0.115,0.032,0.8096159021735555
ENPEP,3.686772667994151e-5,-1.3239696818531712,0.195,0.422,0.8141500082731484
B3GNT2,3.707114235825247e-5,1.1744404825648054,0.31,0.146,0.8186420366972893
LINC02055,3.7113560462462385e-5,-0.5392691007079331,0.322,0.575,0.8195787556925569
PALM2-AKAP2,3.7122451303556844e-5,-0.4875652425558926,0.356,0.671,0.8197750921364457
WDFY2,3.723076956537868e-5,1.1699808343741056,0.575,0.447,0.8221670843122574
LARS2,3.728211557295171e-5,1.0058846689410355,0.402,0.223,0.8233009581974926
SPATA7,3.753753540631715e-5,1.6882672407667787,0.207,0.082,0.8289413943777016
CYP27A1,3.8113582530516486e-5,1.6624412533988733,0.126,0.036,0.8416622430213956
LCLAT1,3.846530567877596e-5,0.7173031884333917,0.483,0.271,0.8494293453044095
HECTD2,3.865939933530016e-5,1.1229615224717255,0.333,0.169,0.8537155155214334
XRRA1,3.8706398900285435e-5,1.0418548429469958,0.31,0.148,0.8547534069150032
AXL,3.907817800973686e-5,1.6989671294239874,0.184,0.068,0.8629634049890191
SLFN12,3.973870900424029e-5,1.6093299169393114,0.126,0.036,0.8775499109406384
ARHGEF2,4.042827905393644e-5,1.2855158810370952,0.276,0.126,0.8927776863480784
COBLL1,4.0646184261466325e-5,-0.7815069047751968,0.529,0.733,0.8975896870459609
XIST,4.086821774608518e-5,-3.5259452838909757,0.023,0.201,0.9024928524867991
DENND6A,4.124890325134905e-5,0.945375216670372,0.46,0.269,0.9108995304995411
TMC1,4.1351614228811935e-5,-0.2847132124233721,0.218,0.475,0.9131676970148539
SLX4IP,4.151109833551555e-5,0.9279804666529785,0.529,0.333,0.9166895845431898
IKBKB,4.186617486393452e-5,1.0867169595330552,0.356,0.184,0.924530739520266
CD63,4.1985735213346094e-5,-1.0977796930676353,0.264,0.492,0.9271709907163218
TCF25,4.229921816127103e-5,-0.8126010916235629,0.402,0.635,0.9340936346553481
FOXN3,4.314418489858264e-5,0.9169179680937163,0.805,0.755,0.9527530351154005
RNF149,4.32193834461724e-5,0.7921751830028907,0.678,0.511,0.9544136446418251
CDK17,4.353233015185933e-5,0.8718886869058053,0.69,0.534,0.9613244467435096
KMT2A,4.400241311343509e-5,0.6177874463354819,0.609,0.403,0.9717052887839871
AGAP1,4.4002502376339655e-5,-0.6452173483493018,0.517,0.786,0.9717072599767086
SMAP1,4.411853185020613e-5,0.9890178518643014,0.437,0.25,0.974269538848102
RTN4,4.42657240861005e-5,0.6916484324813033,0.747,0.684,0.9775199849933572
RAB32,4.479988120695919e-5,1.3241187202608424,0.149,0.048,0.9893157766932799
PSME4,4.499376722166094e-5,0.5552379460178741,0.77,0.602,0.9935973615559385
PRG2,0.0025497434879945924,2.6703681691705015,0.115,0.044,1
AC009495.1,9.545755983569499e-5,2.5715878229477602,0.103,0.029,1
ATP8A1,0.0019331769661514455,2.3881795921418254,0.103,0.038,1
C5,6.310823866610341e-5,2.3241187202608424,0.103,0.028,1
FLT4,0.0062302854079759745,2.3082589595068845,0.103,0.042,1
SLCO4A1,6.551874246869973e-4,2.2149822764276523,0.103,0.034,1
NOTUM,3.242923285171214e-4,2.1950483490588937,0.172,0.07,1
HAPLN3,1.1272365719401187e-4,2.166746090774805,0.103,0.029,1
ANKH,0.007435141071605386,2.157633947081619,0.54,0.521,1
AL035587.1,1.1296287741353954e-4,2.077478752677717,0.103,0.029,1
AC008083.3,2.231969408501588e-4,2.033757375248399,0.103,0.031,1
AC010359.3,9.298979900496637e-5,1.9620015352577815,0.115,0.034,1
NLRC4,4.126827452289239e-4,1.958834256179098,0.115,0.038,1
OSBPL6,2.5486359569392054e-4,1.9571845189600054,0.126,0.043,1
PIGO,1.515194087727772e-4,1.9399752289277825,0.103,0.029,1
SCARF1,1.5287661975950728e-4,1.9139800203948378,0.103,0.029,1
HFE,9.330923341431619e-5,1.9100220068261544,0.115,0.034,1
GNB5,0.0034634169588925964,1.907553751235405,0.103,0.04,1
RNF125,4.1576900047624553e-4,1.9019071880942633,0.115,0.039,1
IRAK2,1.6634208070263515e-4,1.890393200077222,0.115,0.035,1
AC104170.1,0.006673203989069799,1.8815585427024606,0.115,0.049,1
CA2,0.0033595185313446212,1.872159844700211,0.103,0.039,1
TESC,3.327068503493197e-4,1.8710278752102907,0.103,0.032,1
ESR1,6.200078632715204e-4,1.860248036457048,0.115,0.039,1
CLEC7A,0.001700847635777746,1.85508633134127,0.115,0.043,1
AL627309.5,7.254390618163011e-4,1.8364706531739228,0.103,0.034,1
AC010737.1,8.93331763263553e-5,1.8323662548411859,0.103,0.028,1
SLC15A3,5.701035876682618e-5,1.7985028029749022,0.138,0.044,1
AC006547.1,6.17162898172274e-5,1.7985028029749022,0.138,0.044,1
PIK3IP1,5.6431656565820126e-5,1.7846970034498715,0.138,0.044,1
SCAMP5,0.0020398501912913735,1.7779184708188094,0.103,0.037,1
ADAMTS20,0.01922074823683838,1.7527153570922174,0.115,0.056,1
AC009690.2,2.5923521026883546e-4,1.751708591495961,0.126,0.042,1
RASGRF1,0.01686579491636341,1.745402702414272,0.103,0.047,1
FCSK,5.382824671683158e-4,1.7440550189525257,0.103,0.033,1
IFFO1,5.483407145640906e-4,1.7440550189525257,0.149,0.059,1
PRTFDC1,0.0032322248334336213,1.7411953648132852,0.115,0.046,1
POU5F2,1.8829970603435265e-4,1.7295554492574108,0.115,0.035,1
PCYT2,5.382824671683158e-4,1.7213349424524425,0.103,0.033,1
AC008937.2,0.0010211396888634506,1.7213349424524425,0.126,0.048,1
C14orf93,6.122563203299728e-4,1.717582807591334,0.115,0.039,1
EPM2A,6.046445922835642e-4,1.701969617585511,0.207,0.096,1
NOL3,1.4489573810808081e-4,1.6989671294239876,0.161,0.06,1
AC010618.3,8.084965670837122e-5,1.6989671294239872,0.126,0.039,1
FO393401.1,1.127196176153159e-4,1.6915875990583902,0.138,0.046,1
AC078883.1,0.010405630041514386,1.6904556295684703,0.103,0.045,1
MDM1,6.600670194626434e-5,1.681550076346578,0.161,0.056,1
ENC1,1.095433027434328e-4,1.6769408230939886,0.195,0.082,1
PLEKHG2,0.026690082570188307,1.6769408230939882,0.103,0.05,1
SMIM3,2.0372144723471532e-4,1.6676029585146521,0.126,0.041,1
RBMX2,0.0011582937045798152,1.6676029585146521,0.126,0.048,1
AC025171.2,2.3333402461464263e-4,1.6624412533988735,0.184,0.076,1
IDNK,6.702871613852113e-5,1.6624412533988733,0.126,0.038,1
TBC1D13,3.225136630183218e-4,1.6624412533988733,0.126,0.043,1
HMOX1,0.11898473936278683,1.6603212015245044,0.115,0.074,1
CEP76,3.172003670195969e-4,1.6569030698574432,0.126,0.043,1
CELF4,4.6221096062967407e-4,1.649385100573427,0.103,0.032,1
C8orf31,3.301470613950853e-4,1.6445193454016107,0.115,0.037,1
TMEM37,0.002629226318740871,1.6300197757064958,0.103,0.038,1
MEF2B,0.0012931704020714464,1.6128104856742733,0.103,0.035,1
AC022098.1,9.177497807033929e-4,1.610910952758791,0.103,0.034,1
ZNF630,2.0124997392875632e-4,1.6079934693764972,0.126,0.041,1
UNC93B1,0.0012085243931408498,1.6079934693764972,0.115,0.041,1
C16orf70,6.87020943587439e-4,1.6063361515137229,0.195,0.09,1
LOXL3,8.631587868759017e-4,1.602940241650212,0.149,0.06,1
ZNF317,3.759794897812239e-4,1.6010407087347303,0.184,0.079,1
EGLN3,0.020503904797694497,1.6000006786229666,0.172,0.098,1
MARCO,9.883749353142553e-4,1.5920519255074757,0.103,0.035,1
PRR5L,1.1977020541605641e-4,1.579227885149892,0.138,0.046,1
ZKSCAN7-AS1,0.0032768976727030456,1.5783769886103989,0.126,0.053,1
WDR47,0.0036220759713674103,1.5756574872568068,0.161,0.076,1
DIO2,0.01080486893025944,1.5739273775715572,0.149,0.075,1
ZNF573,5.699330966381531e-4,1.5734362473401284,0.207,0.098,1
CHST15,3.7079344923377487e-4,1.558104593584138,0.103,0.032,1
PDK4,1.0637050943134437e-4,1.555057718025274,0.23,0.102,1
IFI44,9.019256046399932e-4,1.555057718025274,0.103,0.034,1
SMCO4,4.750722835413079e-5,1.5459555109180216,0.172,0.061,1
SLC27A1,5.088100198590871e-4,1.544355183476179,0.149,0.058,1
MAPRE2,0.0010049755706411203,1.5364595995441583,0.207,0.1,1
MSANTD4,0.022964928301936076,1.5299909573752242,0.103,0.05,1
AC024145.1,7.98137715204802e-5,1.5270546706610402,0.218,0.093,1
CASP10,6.128520037933551e-5,1.524937729648939,0.161,0.056,1
IL13RA1,2.563635683873073e-4,1.5249377296489388,0.184,0.076,1
RHBDF2,2.573510038430864e-4,1.5135778674843912,0.172,0.069,1
AC116362.1,0.035202419975020986,1.5095897653155026,0.103,0.052,1
C1RL,0.004496183148971879,1.5086359173198383,0.103,0.04,1
FBXO10,0.03482688601454679,1.5063220514815914,0.126,0.069,1
UGCG,4.9028517342144044e-5,1.5042934197329147,0.264,0.118,1
TOP3B,0.001851593167325116,1.5012864615842934,0.115,0.043,1
AC009542.1,8.13881865260178e-4,1.4999337235190442,0.126,0.046,1
PLB1,0.004568887621007803,1.4999337235190442,0.115,0.047,1
PPP1R3E,0.004568887621007803,1.4999337235190442,0.115,0.047,1
FAM13A-AS1,5.822547773118327e-4,1.497103521452213,0.172,0.073,1
MAMDC2,9.122343644991438e-4,1.4949845075473107,0.172,0.074,1
TRIM14,7.926965508792997e-4,1.4925162519565613,0.184,0.082,1
LRRC8B,0.005380214934167777,1.4925162519565613,0.149,0.072,1
DKK3,0.005679649570236231,1.4925162519565611,0.103,0.041,1
LENG8-AS1,0.01173123711548605,1.4925162519565611,0.103,0.045,1
SLC6A16,0.0029452842375162947,1.4874630242302755,0.138,0.06,1
HS3ST1,6.302005835709477e-4,1.4829302031273635,0.149,0.058,1
TCF7L2,0.05203617167849827,1.4802254940444535,0.701,0.66,1
DENND4B,0.004868096394881678,1.4800253077733645,0.161,0.078,1
ZNF45,0.013126658408598838,1.4765747080875395,0.103,0.046,1
DNAJC24,1.0012323491458104e-4,1.4704899456265623,0.299,0.154,1
TBX18,0.004954460848074272,1.4704899456265617,0.103,0.041,1
ZNF546,0.010018839940448415,1.4686695100021931,0.115,0.052,1
TSPAN15,0.006212494257318838,1.4652947832215366,0.115,0.049,1
AC012459.1,0.0034912188781602623,1.4639470997597903,0.149,0.067,1
APOL6,3.405974267519598e-4,1.4564879427723472,0.207,0.092,1
ZNF724,0.0020843333297376134,1.4518742674592149,0.126,0.05,1
ANGEL1,3.291691980582984e-4,1.4494475300646756,0.184,0.077,1
LACC1,0.002438513111494212,1.4494475300646754,0.115,0.044,1
AC010210.1,4.6944735476407826e-4,1.4483164480460262,0.138,0.051,1
C3orf70,0.0012971352616045185,1.4452105371782045,0.172,0.078,1
KCTD18,1.4987223790383813e-4,1.445210537178204,0.161,0.059,1
AADAT,0.015028169993967977,1.442475569456966,0.103,0.047,1
CEP164,4.531376560220888e-5,1.4341722657257558,0.195,0.074,1
GOLGA8A,9.917623904811713e-4,1.4341722657257558,0.172,0.076,1
EFNA1,0.0039278622713985216,1.4341722657257558,0.138,0.062,1
MAST3,0.0024605915910889367,1.4325737115002792,0.115,0.044,1
SGSM1,0.002593754853763392,1.4297804966085987,0.115,0.045,1
ITGAE,0.0034821710275360312,1.4297804966085983,0.115,0.046,1
RASGRF2,0.0024181934320597104,1.42623063564079,0.161,0.075,1
SYT1,2.243923966561031e-4,1.4262156441871956,0.448,0.305,1
COL27A1,0.028117462466967693,1.423945523878508,0.241,0.163,1
ABCG1,2.1962694089982306e-4,1.422126924065163,0.138,0.048,1
VIPAS39,0.013129499229861966,1.4185156705127842,0.138,0.069,1
KRBA2,0.008216937847353471,1.4158949703536483,0.103,0.043,1
MEGF8,0.011256971439926365,1.4158949703536483,0.103,0.045,1
SAP30L-AS1,1.5826743862063338e-4,1.4145137399552878,0.195,0.08,1
LINC01089,0.0030667647050944204,1.4123459032725778,0.126,0.052,1
PCLO,0.2215135095048689,1.4118977917482767,0.103,0.072,1
ARSG,0.0024774819846794037,1.4084519871680867,0.149,0.066,1
GIN1,0.023580510360544517,1.3994068475650798,0.115,0.057,1
ST6GALNAC3,0.007487473322335372,1.3994068475650796,0.126,0.056,1
ASCL2,2.568576098492829e-4,1.3994068475650794,0.115,0.036,1
ZNF514,0.0037843019479936206,1.3994068475650794,0.126,0.053,1
SLC29A3,0.021323896528824698,1.3994068475650794,0.103,0.048,1
TRAF6,1.789763774700106e-4,1.3919123110181555,0.207,0.088,1
LINC00106,7.561802062068934e-5,1.3915873431057806,0.207,0.084,1
ADCK1,2.37117933198262e-4,1.3912329161193797,0.184,0.075,1
AC244131.2,0.016862782035731827,1.3899465183160133,0.126,0.063,1
SAAL1,0.02043919179711191,1.387434205899004,0.115,0.056,1
HS1BP3,7.666410824951382e-4,1.3865828072074962,0.138,0.052,1
AL158212.2,0.014613491473719934,1.3865828072074962,0.103,0.046,1
ZBTB2,0.004372711109241409,1.384456506099108,0.115,0.047,1
LINC00641,0.0031697522807453606,1.3831050352359795,0.115,0.045,1
CCDC191,0.005978815483702071,1.3814849395678173,0.149,0.071,1
FPGT,0.0024337957864911707,1.380213282331769,0.195,0.099,1
ZNF346,0.001460543479297294,1.377927120154628,0.195,0.095,1
ARHGAP27,9.403363846503483e-4,1.377039034536625,0.149,0.06,1
RFTN2,0.0423293988621622,1.377039034536625,0.103,0.053,1
CA8,6.5113433141396e-5,1.3749378519711801,0.322,0.166,1
ASMTL-AS1,0.005039974388862928,1.3738717554579418,0.126,0.055,1
PCDH12,0.005267117815055947,1.3719261111429724,0.115,0.048,1
TDRD7,0.01205712674353968,1.3669853698727026,0.149,0.077,1
NPHP4,0.03902521803854826,1.3659838460276292,0.115,0.061,1
RILPL2,0.003726228861686222,1.3637829378343587,0.103,0.039,1
ACAT1,1.1722776562670995e-4,1.3550127282066264,0.184,0.071,1
GPR78,0.2498964794515643,1.3540415433561583,0.149,0.117,1
AC068587.4,0.0018418383156524579,1.352443368594493,0.207,0.103,1
ERVK13-1,0.0014914642045429226,1.3516537161167117,0.207,0.101,1
C3orf62,0.01050030988080803,1.3510438260036808,0.103,0.044,1
CALML4,3.038726375365683e-4,1.3501633285452308,0.172,0.069,1
MICAL1,7.764175269950547e-4,1.3487807744951117,0.138,0.052,1
C4orf33,0.0015243637876822843,1.3487807744951117,0.172,0.078,1
DNAH1,0.007700057918614181,1.346295511105518,0.103,0.042,1
RCBTB1,0.010786731631429626,1.3462955111055175,0.149,0.076,1
FAM198B-AS1,9.807006244699114e-5,1.345768883963006,0.23,0.099,1
AC087500.1,0.0034940139942329783,1.3405131585115106,0.115,0.046,1
AL356356.1,0.008156052020758996,1.3405131585115106,0.115,0.05,1
CREBL2,0.008023833913032796,1.3290175196736818,0.195,0.108,1
CCDC134,0.005062505942038307,1.3261578655344413,0.115,0.047,1
SOBP,0.017996699665951982,1.3255866142734085,0.207,0.127,1
INKA2,0.001386200569574727,1.3119440063147403,0.149,0.062,1
SERAC1,0.004491051832184704,1.3119440063147403,0.126,0.054,1
IMPA1,0.016037025771146934,1.3119440063147403,0.138,0.071,1
HK2,0.03718029266352432,1.3085534171139657,0.126,0.069,1
ZNF561,0.0031272548381984402,1.306297443173598,0.138,0.059,1
SMYD4,4.5889747084913463e-4,1.3058949616419353,0.218,0.102,1
BCLAF3,1.4389492897074144e-4,1.3057477403508346,0.287,0.144,1
SNX16,0.007002190738684848,1.3042496145247395,0.103,0.042,1
DFFB,0.010591115963132256,1.3042496145247395,0.103,0.044,1
GARNL3,3.718527484090623e-4,1.302109646210165,0.264,0.135,1
HEXD,0.003194124250365144,1.3013747646045526,0.149,0.067,1
JKAMP,4.0302892429086915e-4,1.301104773953276,0.276,0.144,1
SLC9A8,1.3371584259575824e-4,1.298802906626674,0.31,0.162,1
TAZ,0.009936268633525015,1.2978688211030174,0.115,0.051,1
KRBOX4,1.2018966728311696e-4,1.2973859106245709,0.241,0.11,1
Z94721.1,2.65528282385933e-4,1.293872433392722,0.218,0.098,1
AC024257.3,0.002748462572945804,1.2932074437331549,0.149,0.066,1
PIP5K1C,0.0014841756229382686,1.292491643648568,0.207,0.102,1
ACOT11,0.0016539192483262623,1.2908823907869107,0.138,0.056,1
ALDH3B1,0.011682661177028032,1.2889828578714293,0.103,0.045,1
MTHFR,4.579821918699873e-5,1.2883755351763357,0.23,0.095,1
HS2ST1,2.5145731036327557e-4,1.2843631974033696,0.563,0.484,1
FPGS,0.002686533481147495,1.2839296301451437,0.138,0.058,1
ZCCHC4,0.004633139351095019,1.282140795395331,0.207,0.109,1
PRKN,4.666958391593897e-4,1.2814655901936627,0.402,0.263,1
SLC15A4,2.016116626887963e-4,1.2791126138473676,0.207,0.088,1
NBPF26,8.414375715984559e-4,1.278391446603714,0.184,0.082,1
NOTCH1,0.0029811357316070117,1.2783914466037136,0.103,0.038,1
SERGEF,0.001429284930620707,1.2779433350794125,0.23,0.12,1
C12orf75,0.006604444583169549,1.2770102162053532,0.207,0.113,1
ZNF569,0.014988383299874038,1.2760244320597973,0.149,0.079,1
KIF15,0.07776915430130253,1.275078712562878,0.126,0.077,1
TTC38,2.90000792187915e-4,1.2747111001157654,0.184,0.075,1
RIPOR1,0.004209535019824183,1.273875965481221,0.115,0.046,1
STIMATE,5.623376238178893e-4,1.2722949296617405,0.161,0.065,1
ELOA,8.974405339939297e-5,1.2719171124431639,0.218,0.09,1
TATDN2,0.0038947063924658497,1.2701238306201135,0.172,0.084,1
PIGK,2.1310243235343103e-4,1.2701238306201132,0.253,0.12,1
SORBS3,7.908415438160257e-4,1.2684759777386307,0.207,0.097,1
PTAFR,1.4236578902666048e-4,1.2677011683532577,0.149,0.052,1
DTWD2,3.9739397559742767e-4,1.2677011683532577,0.218,0.102,1
ACSF3,9.122567723826001e-4,1.2677011683532577,0.161,0.067,1
WDR81,0.025973662844967018,1.2669565515414298,0.115,0.057,1
ARHGAP18,8.22574059005069e-5,1.2669044733881571,0.54,0.401,1
DBT,0.0016097909193478332,1.266595019139867,0.241,0.131,1
REPS2,0.0023670187713108718,1.266595019139867,0.172,0.079,1
CD44,0.0017868481758427407,1.2645643052782127,0.184,0.087,1
ZNF267,9.092660050804264e-5,1.264247264283444,0.299,0.148,1
LRRC6,0.015016936009993178,1.2642472642834437,0.115,0.054,1
POLB,0.0061913826025195365,1.2632701595790508,0.184,0.098,1
ARHGEF1,4.4438516769989634e-4,1.2632701595790505,0.207,0.093,1
ALDH2,0.019248442917595192,1.2619033238151451,0.138,0.071,1
ELMOD3,2.0988802301168818e-4,1.2611038252959923,0.299,0.155,1
RNASET2,0.0025899778039534666,1.258050998319538,0.195,0.098,1
MYCNUT,4.0672608577457553e-4,1.2547486047331973,0.149,0.057,1
IQSEC2,0.007643055228026834,1.2543565147617968,0.115,0.05,1
GRAMD4,9.551392904368272e-5,1.2525654592358082,0.207,0.083,1
MOB3A,1.8547263784349455e-4,1.2519192352425226,0.264,0.127,1
STAT6,0.007081299142799897,1.2517632934987735,0.207,0.114,1
TRIM34,0.0014193147181197077,1.2515081524527665,0.184,0.084,1
BPHL,0.0023693137923375207,1.2510150076724087,0.149,0.065,1
ZNF780A,0.026481334028215273,1.2496597280603976,0.126,0.066,1
PALD1,5.776519746213327e-5,1.2484649494903404,0.161,0.054,1
SPAG1,0.047830945441980056,1.2484649494903404,0.115,0.063,1
CXorf38,0.003108114731376571,1.244128622087169,0.184,0.09,1
TMEM126B,0.0046862459279371545,1.2418655705785997,0.126,0.054,1
TSC22D3,0.04375424012591441,1.2418655705785997,0.103,0.053,1
WASHC3,6.363228570733528e-5,1.2415546784233424,0.299,0.144,1
NOTCH2NLA,0.005263063244880887,1.2409774849605966,0.138,0.062,1
CSK,2.3864174532591798e-4,1.240208252715826,0.161,0.06,1
TMEM104,0.010476832432824903,1.240208252715826,0.126,0.059,1
ZNF746,1.5695034629532295e-4,1.2356604210518916,0.23,0.101,1
ZNF397,5.358687011746352e-4,1.2352182156719116,0.23,0.111,1
LINC00960,0.009975834111967974,1.2294818461227677,0.103,0.044,1
RCAN1,0.0018810777189146367,1.2294818461227675,0.184,0.088,1
PGPEP1,8.878761749209992e-4,1.2294818461227672,0.161,0.066,1
AC023051.1,0.0010184343614108716,1.2294818461227672,0.172,0.075,1
AP000779.1,0.01976474910529955,1.2294818461227672,0.126,0.064,1
PAXBP1-AS1,0.023214897233231765,1.2294818461227672,0.115,0.057,1
PTGES,0.23684459076258457,1.2294818461227672,0.103,0.072,1
DRG2,0.001668668256205135,1.218834601923259,0.149,0.063,1
CHIC1,1.8316590527278054e-4,1.217656410725978,0.207,0.088,1
ZC3H3,5.039238050840102e-5,1.2172035163443307,0.241,0.102,1
STIL,0.0328902610442285,1.2167145500488894,0.149,0.084,1
CENPP,1.0809075438213544e-4,1.2161850235093095,0.586,0.447,1
NPIPA1,0.01884781250021886,1.216185023509309,0.115,0.055,1
SGO2,0.22201340129160876,1.21560967154121,0.103,0.071,1
MTMR9,6.790395293880346e-5,1.213133852035284,0.299,0.145,1
TRMU,0.0059611830458264625,1.2117798443893082,0.161,0.079,1
ACOT13,0.008838168375494443,1.2077867750234483,0.161,0.082,1
DTD1,0.017823201927384926,1.2060989186848166,0.195,0.117,1
AC012358.3,0.006337624092186378,1.2050288023982283,0.126,0.056,1
KCNK6,1.6646786396159663e-4,1.204390865159937,0.184,0.072,1
NPEPL1,0.026052157993120183,1.204390865159937,0.149,0.084,1
ZNF529-AS1,0.001101214784073019,1.2011372204288056,0.218,0.107,1
ZRSR2,0.00284661973545033,1.1997345027287154,0.149,0.066,1
ACACB,0.04262112925973501,1.1992672330757594,0.138,0.08,1
RNF13,5.275802349129852e-5,1.1989008529430318,0.713,0.663,1
LRP12,0.002685528908147539,1.1918114281567123,0.161,0.074,1
CDK10,0.0014258586372527542,1.1864131242308817,0.195,0.093,1
SRD5A1,0.01476321153080406,1.186413124230881,0.103,0.046,1
PSTPIP2,6.771137335987648e-5,1.1843939565942294,0.299,0.143,1
CCDC43,0.003515269505888611,1.1843939565942292,0.138,0.059,1
EPSTI1,0.001411186614804813,1.1830889406383158,0.23,0.117,1
PRKCD,0.012405587723493802,1.1821761313444106,0.103,0.045,1
AC092821.3,1.2565191217490308e-4,1.1809833284315776,0.241,0.106,1
PPP1R18,0.0021010017261848565,1.1809833284315774,0.138,0.057,1
NOL4L,1.0066947275149615e-4,1.1770144262286317,0.23,0.097,1
ZFYVE27,0.035398885689509274,1.1770144262286317,0.161,0.094,1
MAFG,0.004576152090427076,1.1744404825648056,0.172,0.084,1
SYNE3,0.030190757007492908,1.1733387680852334,0.115,0.058,1
ZNF790,0.001471942042547834,1.1723379390191588,0.195,0.093,1
AC114930.1,0.949998862933019,1.1721156268157926,0.161,0.174,1
OSGEP,0.0016559879900864439,1.1716009300422674,0.184,0.086,1
CDR2,9.957169229103892e-5,1.17033836137281,0.414,0.247,1
HTRA4,0.012028024575758313,1.1699250014423124,0.161,0.084,1
IL17RA,0.003242807754959078,1.1694570750505497,0.218,0.116,1
FERMT3,0.004375300757091229,1.1691092281432853,0.126,0.053,1
TTL,0.006430512239381779,1.1684524127252074,0.23,0.132,1
AL359644.1,0.0011813845044182244,1.1680813014586242,0.184,0.083,1
EXD3,9.656426715341172e-4,1.1667460907748048,0.161,0.066,1
DENND11,0.0013097809390927274,1.1667460907748048,0.149,0.061,1
QSOX1,0.18379470157785838,1.165877607730083,0.264,0.211,1
CNPY3,3.680311538142623e-4,1.1653515087030517,0.207,0.09,1
SEC23B,0.005962504961452571,1.1651728135841155,0.253,0.152,1
GREB1L,0.2146328565213521,1.1638453673256062,0.149,0.113,1
CCDC200,1.9898040082488727e-4,1.1635185837444086,0.195,0.08,1
AC007566.1,6.739200930337531e-4,1.1623676502642302,0.195,0.087,1
SNX18,5.4125268950958734e-5,1.1607690960387531,0.31,0.149,1
OLFML2B,4.895799171234383e-5,1.1590925182313696,0.172,0.059,1
FTCDNL1,0.0020703428421713966,1.1590925182313696,0.161,0.071,1
C19orf48,0.0020577008473137326,1.1583987480612852,0.184,0.087,1
KIAA0930,0.0029552941903613662,1.1565503236689163,0.138,0.058,1
ZNF484,0.04283993109752921,1.1565503236689163,0.126,0.07,1
ERAP1,0.008135379521976816,1.1559528107008021,0.241,0.144,1
ZMYM6,5.297909925570329e-5,1.1554812646789907,0.31,0.151,1
AAGAB,7.830667009120697e-4,1.1552809042813503,0.287,0.157,1
ZBTB34,0.009858557528984633,1.1550996498001909,0.172,0.09,1
NOTCH2NLC,0.021201589785740195,1.1547844788451664,0.172,0.099,1
POLE,0.014448486656621308,1.1537821199909146,0.207,0.123,1
SINHCAF,4.90136704131669e-4,1.1526479814441164,0.345,0.201,1
RIT1,0.0010631717704980977,1.1514793341214944,0.195,0.09,1
ZMIZ2,0.007213862583363243,1.1514793341214942,0.161,0.08,1
ZNF557,0.014464021442643884,1.1514793341214942,0.126,0.061,1
DHRS12,0.022870077897883513,1.1514793341214942,0.138,0.072,1
FAM234B,0.09772370176056701,1.1514793341214942,0.103,0.06,1
MIATNB,2.873009200334182e-4,1.151479334121494,0.218,0.096,1
AL136171.2,0.006062193676509473,1.151479334121494,0.184,0.095,1
RSAD2,7.504977350805256e-4,1.1514793341214937,0.126,0.045,1
ZNF594,0.004965254105801321,1.1514793341214937,0.126,0.054,1
CSAD,1.737821373381109e-4,1.1494285945567324,0.287,0.147,1
C19orf25,0.010650234701284254,1.1481817440209192,0.184,0.099,1
ECM2,0.019569812030467072,1.1474884739254598,0.149,0.08,1
TGIF2,0.032337150671664816,1.1464261063952086,0.126,0.068,1
DGKE,0.0034093778268847624,1.1456502553192962,0.115,0.045,1
ST8SIA1,0.016228488245827673,1.145165560189292,0.126,0.062,1
ZNF571,0.00825128069455022,1.1445929485362547,0.115,0.05,1
MTIF2,2.829273872553313e-4,1.1439061144166938,0.207,0.089,1
RACGAP1,0.013658520685087648,1.143067094305294,0.172,0.094,1
TMTC4,3.91181185933154e-4,1.1398446336380912,0.218,0.1,1
FSTL3,0.015615257148156956,1.1395397208099691,0.207,0.123,1
ENTPD3-AS1,0.036048552644712926,1.1388792973418607,0.103,0.052,1
CCNE1,0.06709181803425991,1.138573349924557,0.161,0.105,1
DCAF17,0.007209695477854769,1.1354619367841257,0.23,0.132,1
AGAP9,0.041357242043161345,1.1340622810440846,0.115,0.061,1
ST3GAL2,1.3669360146440713e-4,1.1326203068701783,0.253,0.117,1
CAB39,6.696234391702247e-5,1.1317689081786708,0.609,0.494,1
JDP2,9.553597821528776e-4,1.1316345227246227,0.172,0.074,1
CRTC1,3.0764464138540636e-4,1.1313717606729194,0.253,0.122,1
IFT27,0.04829695726983102,1.1309180116391775,0.103,0.054,1
RASA3,0.05394894287078141,1.1303737011098425,0.149,0.092,1
TP53INP1,5.658435060086353e-4,1.1299461725718527,0.23,0.109,1
PPP1R21,6.240495515194194e-5,1.127973558285615,0.575,0.449,1
ZNF782,5.592728600545192e-4,1.1276022321035537,0.31,0.163,1
AC015871.1,1.0121220617921647e-4,1.1263883531586636,0.276,0.127,1
ZNF169,0.004792260781743892,1.1263883531586636,0.149,0.069,1
SH2B2,0.024616546533050402,1.1263883531586636,0.103,0.049,1
TTC23,5.010302920629742e-4,1.1251451863080317,0.299,0.161,1
TEX2,0.0014591144400458247,1.1243998000652098,0.218,0.108,1
PLEKHM1,0.004013550076943188,1.1241288459765386,0.195,0.101,1
MFAP3,1.4484650400333328e-4,1.1229615224717253,0.253,0.115,1
NACC2,1.832386044675103e-4,1.1220689037017881,0.218,0.094,1
OAF,0.01975613979700764,1.1214221002653146,0.103,0.047,1
KCTD9,0.028316886548609508,1.1214221002653146,0.195,0.122,1
SDK2,0.6068155934626358,1.120957389344598,0.161,0.147,1
KLHL12,0.0060472887288908084,1.1205474745696034,0.161,0.078,1
GPR137C,0.016618494126195597,1.1205474745696034,0.126,0.062,1
PACC1,0.0016372809533705805,1.1192989283723445,0.149,0.062,1
PYGB,0.007983843854733828,1.1192989283723445,0.138,0.064,1
TMEM189,0.001313055714645725,1.1178364902938582,0.23,0.116,1
SNRNP48,2.3936078914027847e-4,1.1140046287028313,0.23,0.102,1
PCSK6,0.8220399099893758,1.1133983269326602,0.184,0.204,1
C1S,0.14570323455403691,1.1127295998607696,0.161,0.112,1
KPNA5,1.1141454406278347e-4,1.1118302574684944,0.299,0.147,1
GYS1,0.1086467087499925,1.1118302574684944,0.115,0.071,1
AL117336.2,0.006812470027075105,1.1111618789340063,0.207,0.114,1
GYG1,0.006048310004006222,1.111161878934006,0.126,0.055,1
CCAR2,0.001185263409016578,1.1106456166129168,0.207,0.099,1
DDX55,0.0015985947854693467,1.1106456166129168,0.207,0.101,1
AC007038.1,0.00465226212955104,1.109900230370095,0.161,0.076,1
ZSCAN16-AS1,0.01260410891370004,1.109900230370095,0.149,0.075,1
GALNT3,0.04476908999117946,1.1091876124050555,0.126,0.069,1
RMDN1,0.0038149976226920343,1.1085056482983418,0.299,0.189,1
ZNF789,1.6090403714693865e-4,1.1081755499006336,0.207,0.085,1
AKNA,0.005396785891349121,1.106625098337234,0.172,0.086,1
USE1,0.018361025956174643,1.106625098337234,0.103,0.047,1
AC242426.2,6.04267638716317e-4,1.105493128847314,0.218,0.101,1
CKLF,6.233767317576381e-5,1.103950964038908,0.276,0.125,1
POFUT2,0.049552662049150493,1.103165396341367,0.126,0.071,1
ACBD5,0.0022807900528182775,1.102789841206905,0.195,0.095,1
ERCC3,5.690067135301427e-5,1.1017262989243948,0.276,0.126,1
SLC25A51,0.0012484602401812836,1.1017262989243948,0.172,0.075,1
PML,0.032005859574259984,1.1017262989243946,0.172,0.102,1
ZNF675,0.09588459144539213,1.1017262989243946,0.149,0.099,1
CRLF3,3.365918862485107e-4,1.1005623657907586,0.402,0.245,1
POLA2,0.033032516319967384,1.1004399011210286,0.149,0.086,1
TATDN3,0.01126342469042136,1.0998465657061716,0.126,0.059,1
SLC9A6,0.012180326467228463,1.0998465657061716,0.126,0.059,1
RNFT2,0.015274098139611376,1.0998465657061716,0.126,0.061,1
NADSYN1,0.0011273356100205065,1.099283122996066,0.195,0.09,1
HABP4,0.02574074160073273,1.0982373128445149,0.115,0.057,1
C12orf45,0.007857003778590346,1.0982373128445144,0.161,0.08,1
FAM111A,0.010773101221440295,1.0968440775446484,0.207,0.119,1
C12orf76,0.03259493582342135,1.0968440775446484,0.126,0.067,1
ABHD2,0.0034829121946994717,1.0964203163311779,0.195,0.099,1
ADAT1,0.0021197364230173175,1.0956260993879767,0.161,0.071,1
RGL2,1.1957616772870905e-4,1.0956260993879765,0.241,0.106,1
AP002495.1,0.013223908896838558,1.0950728126924556,0.218,0.13,1
SFMBT2,6.327717869310618e-4,1.0940770230765722,0.609,0.505,1
AC025159.1,0.0015018508228868863,1.0919783223728325,0.161,0.069,1
CYLD,4.934527277302863e-5,1.0912845522027481,0.322,0.156,1
AC087071.2,0.015795197311527686,1.0906541414254503,0.115,0.053,1
IGHMBP2,0.030080068540189322,1.0906541414254503,0.103,0.05,1
RFTN1,4.95188743755046e-4,1.0903600439744499,0.287,0.153,1
DRAM1,1.7913739013079405e-4,1.0898095545884368,0.31,0.161,1
ATP2B1-AS1,0.011872903819184013,1.0895515849782922,0.115,0.052,1
GPATCH1,0.002458716110401141,1.0878206968991764,0.149,0.064,1
EPOR,0.005374077627432105,1.0878206968991764,0.138,0.062,1
ZNF25,0.01263149791840991,1.087128922711437,0.138,0.068,1
ME2,3.4567332256430936e-4,1.0869184485640226,0.31,0.161,1
ATF6B,0.0033155244796859197,1.086523892280724,0.161,0.074,1
RNF34,0.011939550732177154,1.086248962305449,0.218,0.127,1
CMTM3,0.10116321933573041,1.0859902525332346,0.115,0.07,1
C5orf51,0.004127011614207121,1.084365138262957,0.184,0.091,1
MITD1,0.026390836394908787,1.0837650155251488,0.172,0.1,1
KIAA0753,0.002844848029040567,1.083038278019618,0.218,0.114,1
NHLRC3,1.1751424639697012e-4,1.0800120194232392,0.368,0.211,1
ADAT2,0.04281177886037573,1.0774787526777176,0.138,0.079,1
SEPSECS,9.670389995289117e-4,1.0774787526777174,0.218,0.104,1
AC011346.1,0.07982925656286,1.0774787526777174,0.126,0.077,1
EHBP1L1,1.949092399917986e-4,1.0774787526777172,0.207,0.086,1
MFAP5,0.47088716766302047,1.0774787526777172,0.172,0.15,1
P3H2,2.003429119289381e-4,1.0762967001405628,0.379,0.219,1
ARL13B,7.342628997260012e-4,1.0747070034276638,0.287,0.151,1
AFAP1,9.341620921115175e-5,1.074689138452016,0.471,0.265,1
ZNF493,1.3051940401180776e-4,1.0742763206393735,0.356,0.191,1
EHHADH,0.004658614854613611,1.0706250816366545,0.184,0.092,1
METAP1D,0.021966867458767827,1.0706250816366545,0.161,0.089,1
KLF8,0.01686550119028502,1.0699055329729168,0.149,0.078,1
CTDP1,0.02283992640839231,1.0690171739295211,0.149,0.081,1
CCNB1IP1,0.049054373165339296,1.0684899694504626,0.126,0.071,1
CUL9,0.013652694812258361,1.0678927038485195,0.138,0.068,1
FXYD6,0.018581639099957626,1.0678927038485195,0.126,0.063,1
FAM219B,0.018079797587822802,1.0672104172238903,0.138,0.07,1
HIRA,0.02694732703844668,1.0672104172238903,0.126,0.065,1
BAIAP2L1,0.9466795914472161,1.0672104172238899,0.138,0.149,1
SLC15A2,0.006148763997760288,1.0664235641687214,0.126,0.055,1
GALNS,0.0452334743351241,1.0664235641687214,0.115,0.062,1
ANKRD42,0.07703936197305523,1.0664235641687214,0.103,0.058,1
PLK4,0.08782424141003156,1.0664235641687214,0.103,0.059,1
POC1B,5.893583431018297e-4,1.0655061110116415,0.264,0.133,1
SOX4,0.3685304115201423,1.0655061110116415,0.149,0.119,1
AC092535.4,0.009891023339721765,1.0638038157806409,0.149,0.073,1
MLH3,5.839482990087561e-4,1.0636729531526872,0.356,0.207,1
WHAMM,9.576779519797692e-4,1.0631234597006474,0.253,0.129,1
COX15,0.0032105260945002236,1.0631234597006474,0.184,0.089,1
ARAP1,0.009420171103878128,1.0621035267908017,0.207,0.118,1
AC004951.1,1.8631958773037156e-4,1.0609275764138697,0.253,0.117,1
VPS13B-DT,0.0046263175123761515,1.0595568446804546,0.161,0.076,1
C2CD3,6.134009157707805e-5,1.0586197254264014,0.425,0.251,1
ZNF75A,0.01477921722268105,1.0583699297300129,0.218,0.129,1
SAMD9L,0.015588992092582696,1.0583699297300129,0.126,0.061,1
PRMT7,0.001778164235314808,1.0577154978562875,0.241,0.126,1
RAP1GAP2,2.7361108832894344e-4,1.0574872774902515,0.299,0.154,1
PACS2,0.003954476298183086,1.057014650118002,0.264,0.152,1
AC087854.1,0.0021958031070664855,1.0570146501180018,0.322,0.196,1
FAM160A2,0.023958761674969076,1.0554524463477186,0.126,0.064,1
PLA2G6,0.04048699850266042,1.0554524463477186,0.115,0.06,1
NCOA7,3.246986828766371e-4,1.054707445019059,0.299,0.153,1
PARVB,0.01623604033644871,1.0536320107233497,0.138,0.069,1
ARMC2,0.007755185078355482,1.0530552787385,0.253,0.152,1
NBPF12,0.002019059927109309,1.0528166984434482,0.253,0.138,1
TICAM2,8.899017260251323e-4,1.0522414611786943,0.184,0.08,1
VASP,0.002231639450890776,1.0522414611786943,0.23,0.12,1
ARHGAP19,0.004591814387770676,1.0522414611786943,0.149,0.068,1
SLC25A33,0.007976325673511619,1.0514835441447732,0.184,0.097,1
ANKUB1,0.014725826621818502,1.0503247011739905,0.379,0.3,1
TMLHE-AS1,6.839430903290329e-4,1.0489096004809464,0.241,0.119,1
BMT2,9.732108412609525e-5,1.0481073232235754,0.575,0.412,1
ADAMTSL4-AS1,0.006678294022697355,1.048077836237158,0.241,0.142,1
CMTM4,0.014992859575552462,1.0468904328442943,0.264,0.167,1
AL162253.2,0.002926604248852213,1.0457698929503791,0.241,0.134,1
ELAVL1,5.341300450029371e-4,1.0445641302049824,0.31,0.169,1
CIPC,0.02573572625918379,1.0445641302049822,0.126,0.065,1
PANX1,0.0599436808700842,1.043926192966691,0.126,0.072,1
METTL3,0.2437647117588759,1.043926192966691,0.115,0.081,1
ZMAT3,0.0035581449679698627,1.0435314207543795,0.172,0.082,1
RCBTB2,0.014936442814866651,1.0418548429469958,0.172,0.093,1
SNHG1,0.09700481436908973,1.0418548429469956,0.126,0.078,1
SHMT1,0.00868459957859716,1.039510902478697,0.138,0.065,1
MGME1,8.023154079284572e-4,1.03795038849108,0.276,0.147,1
ZNF264,0.008641469247976647,1.037638488145926,0.207,0.116,1
ARMC9,0.01443400579289862,1.0373506399724077,0.241,0.149,1
ZNF41,0.003427951164359464,1.0368367681803714,0.149,0.066,1
ZNF189,0.038896029918631864,1.0368367681803714,0.126,0.069,1
NIPAL3,0.0662786272191458,1.0368367681803714,0.115,0.065,1
AKAP7,0.0018615727529717558,1.0354712261561416,0.276,0.154,1
GPR89B,0.005138270234087979,1.0342255547238333,0.207,0.111,1
GALNT7,9.561080095046737e-5,1.0330846333192638,0.264,0.119,1
MTHFD1,0.06773887302734245,1.0326245168934571,0.149,0.092,1
ZNF559,0.007690951768359403,1.030173037899361,0.207,0.115,1
ATP2B1,0.018141288702656827,1.0301730378993605,0.529,0.55,1
SFXN2,0.15405267776342882,1.0301730378993605,0.126,0.086,1
PNPLA6,0.04096897703145932,1.03017303789936,0.115,0.06,1
EFCAB13,8.354240845588364e-5,1.0282747546769473,0.356,0.188,1
CDS1,0.007487304692036886,1.028151040314149,0.345,0.229,1
TEFM,0.10842566776575424,1.0278479849531168,0.149,0.097,1
RNFT1,0.009344570171073882,1.027438070178122,0.161,0.081,1
AC087286.2,0.011242957256746686,1.027438070178122,0.161,0.083,1
FAM210A,0.0038548068697109527,1.0271736708296517,0.241,0.133,1
AC009554.1,0.019572098043367493,1.026852679607749,0.138,0.071,1
SOCS6,1.6405979917920579e-4,1.0257051029536666,0.356,0.197,1
TM2D2,0.0028398743102868353,1.025282541552289,0.172,0.08,1
GALM,1.4975978720732123e-4,1.024367416218155,0.23,0.099,1
CARS,7.796082440252161e-5,1.0237681659329494,0.276,0.126,1
CYBRD1,0.001387047708200903,1.0237681659329494,0.23,0.114,1
ANAPC7,4.2738531315449535e-4,1.0224373891197553,0.299,0.158,1
AK9,0.01922625371887802,1.0208952243113503,0.161,0.088,1
ADAM19,0.1088935540015349,1.0204085671838177,0.184,0.128,1
ZNF433-AS1,1.7656402037878683e-4,1.0194731492421518,0.299,0.151,1
SAMD4A,2.21722925274977e-4,1.017936807023312,0.494,0.321,1
HSPG2,0.10498020614199985,1.0163473926474156,0.195,0.141,1
FGGY,6.248203250655435e-4,1.0147429973297548,0.299,0.16,1
NEB,0.20406945295238507,1.0147429973297548,0.115,0.08,1
LMLN,0.006162574310832241,1.0123837244558325,0.138,0.062,1
VCPIP1,0.06150908494817934,1.0116766942819715,0.195,0.128,1
GAN,0.012939794581149746,1.0113895622199447,0.218,0.13,1
SLC22A23,0.0017371585385979906,1.0113363958865051,0.494,0.376,1
ZNF143,0.002438492574019162,1.0111362578490213,0.253,0.138,1
C5orf66,0.016163910781537713,1.010079467392131,0.161,0.086,1
GCNT1,0.017739873469058042,1.0098400358023538,0.172,0.096,1
PGS1,0.0017397470488388703,1.0093072500361382,0.264,0.143,1
MICU1,1.5651959713984195e-4,1.008616894532913,0.471,0.307,1
ASPN,0.004937616046035192,1.0070894247863196,0.161,0.077,1
ZNF787,0.03530043427470556,1.0070894247863196,0.126,0.068,1
FAM122B,0.20403619349219607,1.0070894247863196,0.138,0.097,1
NPIPB4,0.006459220168119739,1.0070894247863194,0.218,0.123,1
C2orf69,0.036726828624141214,1.0070894247863191,0.115,0.059,1
GSTCD,0.001525028906129805,1.005454642695374,0.379,0.242,1
ARRB1,6.417691333349066e-5,1.0052338682078377,0.437,0.254,1
PITPNM2,0.09759057430531823,1.0051279084530333,0.195,0.137,1
CRCP,0.006987894702763271,1.0045472302238663,0.218,0.121,1
CEP89,0.002664206585700467,1.0043440480475019,0.218,0.113,1
MED24,0.05388589412602587,1.0038217109524084,0.161,0.1,1
THAP4,0.01357665214802192,1.0025166949964954,0.149,0.076,1
ASB7,0.0031368286099139097,1.0021906253734802,0.23,0.123,1
RCC2,0.0028741956179361306,1.0018144827456452,0.322,0.2,1
TRPM4,0.06542677007387829,1.0018144827456448,0.115,0.065,1
ZNF510,0.14451271738737836,1.0018144827456448,0.103,0.064,1
EPN1,0.02687866038916244,1.000857471074805,0.172,0.1,1
NUAK1,4.94761481410497e-4,1.0004563324538722,0.207,0.092,1
GFOD1,0.02851920466496236,0.9998759345537449,0.161,0.093,1
CCPG1,6.679545278411448e-5,0.998527411282895,0.287,0.133,1
IQCE,0.00953644847379203,0.998527411282895,0.149,0.073,1
PIGU,9.298953239076045e-4,0.997958413034191,0.253,0.129,1
EXOG,0.05036593329392642,0.9973084039937339,0.161,0.098,1
MAP2K6,0.08426238684708424,0.9967177407138808,0.172,0.112,1
DDB2,0.015878307956174363,0.9962826698297365,0.161,0.086,1
HAUS2,0.01919749958983378,0.99568466151407,0.115,0.054,1
KLHDC1,3.7337789777926227e-4,0.9952929973224725,0.253,0.121,1
PLEKHO2,0.00630333850412598,0.9950165924857446,0.161,0.078,1
CEP192,1.0766298125429978e-4,0.9947112925076949,0.517,0.334,1
PPM1L,0.007970173842290623,0.9937103949851191,0.471,0.362,1
SHCBP1,0.0024392088178351416,0.9934144878892428,0.149,0.064,1
SETDB2,7.915959079126997e-5,0.9925898550912042,0.299,0.143,1
TBC1D31,0.0789724762603955,0.9900159114273781,0.115,0.067,1
UVSSA,4.2196999527629016e-4,0.9884737466189726,0.23,0.105,1
CD302,0.0036344713803982856,0.9884737466189726,0.195,0.099,1
XRCC2,0.020616086071394948,0.9875932491605224,0.195,0.115,1
NUP85,0.011146218121686024,0.9872809437061392,0.241,0.147,1
PRH1,4.2344742304822793e-4,0.987280943706139,0.448,0.297,1
BBS4,0.008316502160114926,0.9866253222266037,0.184,0.097,1
ZNF318,0.162544506466891,0.9866253222266037,0.138,0.094,1
MIER3,8.30811258291805e-4,0.9861043996569838,0.253,0.127,1
KHDRBS2,0.0033015612653692476,0.9843693482862359,0.115,0.045,1
ELF4,0.07978766124946894,0.9843693482862359,0.149,0.094,1
POLL,0.15686447643824558,0.9843693482862359,0.115,0.076,1
AC079781.5,0.0027525134514753964,0.98256710565225025,0.218,0.113,1
RAPH1,1.290304474019923e-4,0.9810336357229794,0.609,0.486,1
GNPTAB,5.726524481099613e-5,0.9807380978393672,0.414,0.224,1
TPCN1,0.001066957541018445,0.9806936901428375,0.345,0.202,1
UBE2F,1.201218194163924e-4,0.9806172134251281,0.425,0.247,1
TRAF3,5.7686334379720896e-5,0.9801815513228025,0.448,0.269,1
SLC25A25,0.006734362340274524,0.9787447990923577,0.195,0.103,1
TDP1,0.005131840012681878,0.9779430791268027,0.23,0.127,1
ARHGAP6,0.00530435573763348,0.9769147861104335,0.414,0.275,1
VPS26B,0.04081110487710372,0.9768748117393118,0.149,0.087,1
ZNF433,7.289274651732541e-4,0.9761954168405358,0.218,0.101,1
MOSMO,0.02122786168014388,0.9759882074985794,0.333,0.232,1
ECD,6.920717477020515e-5,0.9758650160510716,0.333,0.166,1
SP110,0.0010027332894604803,0.9753805650589813,0.241,0.12,1
GPR155,0.07426810561568699,0.9753805650589813,0.115,0.066,1
TBP,0.002295560046919383,0.9749090190371699,0.195,0.094,1
CCDC30,0.008785440245720226,0.9731420928629819,0.161,0.081,1
ARHGEF18,0.007673534033975905,0.9731420928629817,0.195,0.106,1
SF3A1,0.02110944433712858,0.9731420928629815,0.149,0.079,1
AGK,0.007006275791399328,0.9723240066256427,0.276,0.169,1
PLPP1,0.003916952504989233,0.9718006747831801,0.276,0.162,1
HPS1,6.83945137482362e-4,0.9715453079286522,0.207,0.093,1
HELB,0.003061421477700179,0.9711698505313766,0.172,0.08,1
SLC8B1,0.14619242436305044,0.9711698505313766,0.126,0.084,1
SP140L,7.279378041632055e-4,0.971002124548407,0.322,0.185,1
LTA4H,0.1155108031269509,0.9705635487612052,0.103,0.062,1
LINC-PINT,0.13937901195096516,0.9705635487612052,0.103,0.064,1
OBI1,0.004338193043516703,0.9700952173041177,0.195,0.099,1
STX8,6.316812999430787e-5,0.9699803667654362,0.517,0.341,1
DNTTIP1,0.005088859311955738,0.968357030297605,0.149,0.068,1
JPT1,0.741630307371012,0.9675610605996818,0.103,0.095,1
AXIN1,0.01859815386909636,0.9664474402889738,0.161,0.087,1
HRH2,0.09656970524541214,0.9664474402889733,0.115,0.069,1
ZNF26,1.0418097856687674e-4,0.9657055040211999,0.322,0.163,1
NBPF1,0.0010224962431676355,0.9651757830529251,0.207,0.096,1
ACOT9,0.002823806318123419,0.9651757830529251,0.195,0.096,1
E2F3,5.2418624725286624e-5,0.9641685578820992,0.425,0.243,1
CD47,4.105689487040748e-4,0.9641510688675838,0.46,0.306,1
MAPK13,0.03957198740201864,0.9640207028944334,0.103,0.052,1
ASAP3,0.31295549043690735,0.9640207028944334,0.138,0.108,1
STRADA,2.169643241883328e-4,0.9634819818124124,0.356,0.197,1
D2HGDH,0.012403520697833199,0.9627670938010249,0.23,0.138,1
TGFB1,2.354957068503523e-4,0.9620015352577815,0.333,0.174,1
OCRL,0.031580495245159164,0.9620015352577813,0.184,0.11,1
PRDM15,0.10190072016690702,0.9620015352577811,0.103,0.06,1
AC104123.1,5.323038133050532e-4,0.9608338338254467,0.299,0.16,1
RGPD8,0.01711699838630981,0.9602952133073783,0.138,0.069,1
ZNF888,0.14656534147087258,0.9602952133073783,0.103,0.064,1
AC093821.1,0.15137815122846518,0.9602952133073783,0.103,0.065,1
BTBD2,0.042703380984480614,0.9597837100079629,0.161,0.096,1
SLC16A7,0.7022298430186715,0.9588342561790977,0.115,0.104,1
MYO18A,0.06734372473965522,0.9571845189600054,0.172,0.109,1
CIP2A,0.07047225939710439,0.9558001960894649,0.149,0.092,1
LRRC69,0.041514961364602095,0.9554882282991071,0.138,0.078,1
C5orf30,0.1700852583017844,0.9554882282991071,0.103,0.065,1
RBBP5,0.05558125991231974,0.9546220048921841,0.149,0.089,1
MAPK3,0.05564155222501225,0.9519478705938584,0.103,0.054,1
EEF1AKMT1,0.06289534075417548,0.9519478705938584,0.103,0.056,1
ZNF124,0.004585239508072774,0.951594312194616,0.264,0.151,1
STARD13-AS,0.002420554494799242,0.9514252496713205,0.322,0.186,1
GANC,0.14850009433829012,0.9509463467487855,0.149,0.104,1
BACE1,0.08281029036572453,0.9509463467487853,0.103,0.058,1
ZNF330,0.0013346415993635524,0.95009944620149,0.241,0.122,1
KLF2,1.9242959072787475e-4,0.9497232054793447,0.23,0.1,1
ASL,0.018115045630104184,0.9493739269300319,0.138,0.07,1
AL450384.2,0.01806215752789419,0.9468946428675733,0.172,0.095,1
ARRDC4,0.03134447770960307,0.9462342193994648,0.149,0.083,1
PPP5C,0.0173652497933675,0.9452309543792772,0.207,0.122,1
TRMT1L,0.004790310744750829,0.9442122218142535,0.253,0.144,1
ZNF235,0.006528617283509044,0.9433420800261809,0.276,0.164,1
ACSL1,0.0027318715343563555,0.9399752289277827,0.184,0.088,1
ARNTL,0.004244500095981544,0.9399752289277827,0.195,0.099,1
POLG2,0.015181213816804333,0.9399752289277827,0.184,0.102,1
DNAJC25,0.3218256888067331,0.9399752289277827,0.138,0.107,1
IRAK3,2.2093534184276374e-4,0.9399752289277826,0.287,0.142,1
ABCD4,0.002298846158359538,0.9399752289277825,0.23,0.119,1
TRIM52,0.021498457020858463,0.9399752289277825,0.115,0.055,1
SNRNP35,0.02375714405842211,0.9399752289277825,0.149,0.081,1
C3orf38,0.031206021994819647,0.9399752289277825,0.161,0.093,1
TMEM128,0.07991590659051898,0.9399752289277825,0.103,0.058,1
GTF2H2C,0.0975604719953291,0.9399752289277825,0.103,0.06,1
AC053513.1,0.10436987790259848,0.9399752289277825,0.207,0.148,1
PTGR2,0.11322708006180737,0.9399752289277825,0.103,0.062,1
PPP1R3B,0.11641009425784113,0.9399752289277825,0.149,0.099,1
SYNJ2BP,0.16068320857552673,0.9399752289277825,0.115,0.076,1
SMIM8,0.005079004914556005,0.9399752289277823,0.264,0.153,1
STAT5A,0.032680692561122444,0.9399752289277821,0.126,0.066,1
LHFPL2,0.009791324351392456,0.9383367335320285,0.356,0.246,1
CKAP5,1.2623875640131897e-4,0.9369633383956771,0.483,0.303,1
ZFY,2.378804337315433e-4,0.9369283533689183,0.31,0.16,1
NPIPB5,2.572902019548905e-4,0.9358176034541263,0.437,0.27,1
CUL4B,0.0013947279815164058,0.9345207988356743,0.23,0.114,1
TVP23B,0.027553519082275567,0.9337432752162678,0.172,0.101,1
CDC16,5.982559580417857e-4,0.9322808371377814,0.391,0.234,1
INO80D,6.69879120711029e-4,0.9320001116546407,0.46,0.315,1
ADCY6,0.24440293279185962,0.9318012974820822,0.115,0.081,1
ALG13-AS1,0.11262089270476822,0.9306373643484465,0.115,0.07,1
SIK2,7.026470806838644e-5,0.9292145340899983,0.471,0.283,1
ITGB5,3.1155353375200814e-4,0.9290869127850463,0.494,0.321,1
IGFBP4,0.019231317806981594,0.9281011286394905,0.184,0.102,1
LCORL,0.0011632576105037706,0.9276838230276848,0.586,0.513,1
CRAMP1,1.0198118682520935e-4,0.926919076102336,0.356,0.183,1
DNHD1,0.02289544941755259,0.9262351723014799,0.161,0.089,1
VPS53,0.0011358074322927202,0.9259000437160596,0.483,0.359,1
MAN1A1,0.0010126866248793668,0.9254756592326674,0.655,0.566,1
NSL1,8.544673526232612e-5,0.9252034782978181,0.391,0.218,1
MSH2,3.590915304374045e-4,0.9241647140803204,0.287,0.144,1
BCAT2,0.03370327557869449,0.9236734165986817,0.149,0.084,1
MPHOSPH6,0.003235708512251112,0.9231506062864234,0.264,0.147,1
PPP3R1,0.003867579175687558,0.923002150324069,0.575,0.511,1
UBQLN2,0.08061029157577393,0.9225931506995462,0.126,0.075,1
IQSEC1,0.0018179121214405521,0.9218734225524716,0.402,0.263,1
FAM122C,0.043648338768888253,0.9213595507604353,0.126,0.069,1
ZNF234,0.011446285546265415,0.9199374756912371,0.138,0.066,1
GATB,0.002119136631858139,0.9194139064454663,0.195,0.093,1
RAD51D,0.014048420282693883,0.9182801578284634,0.172,0.093,1
DNPEP,0.06871431992996906,0.9182801578284634,0.115,0.065,1
KIF9-AS1,1.1905997994122329e-4,0.9170140804844711,0.299,0.144,1
ZNF394,0.019828157555279734,0.9170140804844711,0.161,0.087,1
ARSK,0.1559727896148507,0.915591070300823,0.115,0.074,1
ANKS3,0.009171545170683896,0.9152073237788403,0.195,0.106,1
YIPF1,0.04637831495730362,0.9152073237788403,0.161,0.097,1
DEPDC5,0.0039863041403254635,0.9146085087693554,0.299,0.18,1
ARL3,0.03179111780452056,0.9139800203948383,0.138,0.075,1
ZCCHC9,0.09264731566132607,0.9139800203948383,0.149,0.094,1
ZNF268,0.09890738919449213,0.9139800203948383,0.126,0.077,1
OAS1,0.037138296908903745,0.9139800203948378,0.103,0.051,1
NBPF14,0.06747321422565625,0.9139800203948378,0.103,0.056,1
PIGF,0.00489910998247605,0.9132225013220969,0.276,0.164,1
RPS6KC1,2.769837436650845e-4,0.9117086553900253,0.632,0.544,1
LACTB,0.02745789977049292,0.9111203662555973,0.149,0.081,1
RAB11FIP2,2.055377354541827e-4,0.910581443932973,0.368,0.201,1
ITGA4,0.12313295697953038,0.9104712346176995,0.115,0.071,1
STRN4,0.049862023034423435,0.9100220068261544,0.126,0.07,1
PVR,0.12193343029610391,0.9100220068261544,0.103,0.062,1
ZNF345,0.002922195764155644,0.9096926619917398,0.253,0.138,1
SEC61A2,0.025574218973270498,0.9094408607796707,0.161,0.09,1
TNFRSF10B,0.0662009539244553,0.9094408607796707,0.138,0.082,1
PLOD1,0.35803059325440995,0.9094408607796707,0.115,0.087,1
KAT14,0.05229470665654761,0.9090812209819985,0.161,0.097,1
GCA,0.007224579550265793,0.9088367171188778,0.195,0.103,1
AL390728.6,0.012340277701419338,0.907553751235405,0.184,0.099,1
ZC3H4,0.006506483416346799,0.9075537512354048,0.218,0.12,1
EEF2K,6.974043104922448e-4,0.9069709618754747,0.368,0.221,1
STARD3NL,4.4120099907106003e-4,0.9065199317423027,0.276,0.138,1
GOSR2,6.780710283745293e-4,0.9065199317423027,0.287,0.148,1
LINC01572,0.0059903409889206245,0.9062719252595748,0.345,0.227,1
IRF3,0.009672425058243369,0.9058673746075181,0.184,0.097,1
MAP3K1,3.449179070334923e-4,0.9055922349021188,0.575,0.446,1
IFNAR2,0.012104249389859451,0.9050115566729517,0.322,0.219,1
INTS6L,0.010221651877381435,0.9039959318222157,0.23,0.134,1
LINC01184,0.0011074393794886907,0.9004468647411448,0.241,0.122,1
VAPB,3.9295437964007116e-4,0.9001742208698078,0.379,0.226,1
ZNF384,0.027448593810732173,0.8995609604818742,0.149,0.082,1
ARHGAP11B,0.10766966112339642,0.8982759376473943,0.138,0.088,1
CEP128,0.01240941385461305,0.8973728703956675,0.31,0.209,1
AC109587.1,0.06281344973911113,0.8969065070358968,0.138,0.081,1
PEX2,0.032551014519252026,0.8969065070358964,0.172,0.101,1
IER5,0.036134048832171535,0.8969065070358964,0.115,0.059,1
METTL4,0.3040546816527639,0.8969065070358964,0.138,0.105,1
AL139260.1,0.002553345238056056,0.8959424608651164,0.287,0.165,1
GFM2,0.001226881184103009,0.8955811095693291,0.276,0.145,1
AC015923.1,0.1467380796662707,0.8947864551615274,0.126,0.083,1
C11orf65,0.07237391607020009,0.8944126515473387,0.138,0.083,1
TCHP,8.061291737962808e-4,0.8941715393146579,0.276,0.142,1
MFSD14C,1.0597405877321698e-4,0.8940804629571332,0.54,0.344,1
PCYT1A,0.001289351906731853,0.8916122073663835,0.276,0.148,1
AP000873.2,0.009980626804800623,0.8916122073663835,0.161,0.081,1
BTN2A1,0.11269769972791902,0.8916122073663835,0.126,0.08,1
COG2,0.027933415843767177,0.8916122073663832,0.195,0.12,1
BLNK,0.003745285349973467,0.8910656284468359,0.23,0.123,1
FAM174A,0.12569904456176845,0.8908574623630914,0.149,0.1,1
DGLUCY,0.0013141848525893272,0.8902221937306827,0.368,0.226,1
KAT2B,5.193258952056521e-5,0.8900787846807747,0.391,0.21,1
STIM1,3.3819507010977797e-4,0.8895458020846424,0.598,0.449,1
BRCA1,0.025436488255325157,0.8892121152458956,0.218,0.136,1
AP003086.1,9.905624733641547e-4,0.8891111462819403,0.414,0.264,1
AGPS,2.376763349222105e-4,0.8889462121846441,0.517,0.359,1
CNTN4,0.9852358497774149,0.8887325755901965,0.138,0.143,1
TRIM8,0.014522491225746984,0.8884449282877003,0.184,0.101,1
NFKB1,7.440956727947949e-4,0.8876933288745621,0.506,0.333,1
SFT2D2,0.013752957825708395,0.8876541937977,0.23,0.136,1
DCLRE1C,0.01997277769088018,0.887507809033647,0.207,0.124,1
TMX3,1.1448341689217613e-4,0.8875078090336468,0.425,0.245,1
DAB1,0.5071220285773368,0.887294912251605,0.103,0.086,1
ZNF277,1.1162505294265845e-4,0.8872006892792377,0.414,0.242,1
TK2,0.020161556404494005,0.885783128564186,0.172,0.095,1
DHDDS,0.016030812336657395,0.8855274449054062,0.218,0.131,1
OR2A1-AS1,0.012646205261040612,0.8848336747353214,0.149,0.075,1
MTHFSD,0.03861743165424274,0.8848336747353214,0.138,0.076,1
RILPL1,6.289525791144074e-5,0.8842326770007858,0.425,0.236,1
CLIP2,0.0053956883242673075,0.8840498143297904,0.195,0.1,1
FOXK1,3.730641929885634e-4,0.8821311543554982,0.333,0.179,1
TMEM138,0.11161671630105079,0.8815585427024604,0.103,0.061,1
AC006206.2,0.4382704769948116,0.8809397586308305,0.161,0.137,1
CRISPLD2,0.8539741710079101,0.8808317441778251,0.172,0.173,1
YTHDF1,0.09317622083710622,0.8806780452440106,0.184,0.124,1
GORAB,0.2226573350629168,0.8806780452440104,0.103,0.07,1
CLPB,0.003853444475021695,0.8803322825003805,0.241,0.132,1
SEC14L1,7.470690560304816e-5,0.8796903714593617,0.345,0.176,1
CCDC32,0.0020402566702832467,0.8796903714593617,0.345,0.209,1
DLEU2,8.076356145987811e-5,0.8790973051861768,0.655,0.538,1
ZNF438,0.0011248253257936474,0.8768102278042971,0.379,0.235,1
CD276,0.0023560427711757773,0.875844891508067,0.207,0.101,1
BAX,0.04068759885541723,0.8758448915080668,0.126,0.068,1
AC092683.1,0.12056847541369677,0.8758448915080668,0.103,0.062,1
FAM217B,0.13288139068261845,0.8758448915080668,0.103,0.063,1
NCALD,0.4269307617848732,0.8751847702241229,0.218,0.196,1
GRAMD1A,0.0011318713927286645,0.8743868873002059,0.31,0.171,1
SLC12A6,0.0011621790992312657,0.8738228939228554,0.253,0.129,1
ANKAR,0.026819664311908162,0.8729965291990364,0.264,0.181,1
AC073167.1,0.006638025579871413,0.8716692155368735,0.149,0.07,1
ANKRD49,0.10740643703778444,0.8710278752102907,0.115,0.07,1
METTL17,0.047384925462176396,0.8701537794302112,0.115,0.061,1
NMRK1,0.0038780559930119275,0.8699394594356272,0.333,0.214,1
CKMT2-AS1,0.004808240377454738,0.8691873114383556,0.31,0.186,1
DNAAF5,0.19206002608259135,0.8688921308663002,0.138,0.099,1
NBDY,0.08092082293755207,0.8688921308662998,0.322,0.255,1
CCDC7,0.0032277003653280924,0.8680253870487675,0.241,0.131,1
ANGEL2,0.003633307055502912,0.8680253870487675,0.264,0.151,1
CHID1,0.042871655697593145,0.8680253870487675,0.149,0.086,1
MKRN2,0.05716912141531128,0.8680253870487675,0.138,0.081,1
N4BP2L1,0.014053803059366026,0.867686368120903,0.184,0.101,1
AHDC1,0.0010278197928485268,0.8657631241289034,0.276,0.145,1
FANCM,0.0025758905382397192,0.8657631241289034,0.253,0.136,1
ZNF623,0.0781459974505799,0.8654282755627283,0.115,0.066,1
ATPSCKMT,0.15163348746650387,0.8654282755627283,0.103,0.065,1
ITGB2,0.0017344515394802332,0.8648178693590429,0.149,0.062,1
SLC6A6,0.004862471798847762,0.8644850293435191,0.184,0.092,1
GAK,7.230944248001831e-5,0.863946308261498,0.368,0.188,1
MACROD1,0.0306133037611291,0.8633539473248701,0.172,0.101,1
KDM2B,3.0565022377781776e-4,0.8626003849985757,0.299,0.151,1
METTL22,0.01955079593351715,0.8619727169265095,0.172,0.095,1
SH3PXD2B,3.2954699137826285e-4,0.8618696930366602,0.356,0.198,1
CDK7,0.2640970412537296,0.8615783224350184,0.264,0.222,1
MON1B,0.09781630076707101,0.861441826381093,0.115,0.069,1
CBFB,2.2559358682991797e-4,0.8606673636045691,0.471,0.295,1
CEP250,0.015980220730218354,0.860248036457048,0.161,0.084,1
ERMP1,0.06355067372370059,0.8594318016172338,0.161,0.099,1
RAP1GDS1,6.493880688364693e-5,0.8592142169639461,0.506,0.309,1
TTC14,0.0034306956582063133,0.8592142169639461,0.391,0.262,1
MBD1,0.0022219583172451516,0.8588384662023769,0.23,0.117,1
UBXN2B,0.017968085965681925,0.8585254153080404,0.264,0.168,1
FASTKD2,0.05707153069187031,0.8580336153916064,0.207,0.138,1
CTSC,9.190896450076661e-5,0.857851134359123,0.586,0.449,1
TLN2,0.005675945434110381,0.8578369423573041,0.253,0.145,1
SIDT2,0.016833124481096737,0.8575130687358095,0.161,0.085,1
GTF2H2,0.0344677378649732,0.8575130687358095,0.161,0.093,1
LINC01176,0.0019173460447877535,0.8568796131643204,0.23,0.116,1
ZNF700,0.004932695053004031,0.8562645225385508,0.287,0.173,1
ISM2,0.9073159802580372,0.8556926331114407,0.161,0.176,1
NISCH,0.010186284347132597,0.8550863313412693,0.287,0.178,1
ADAL,0.05302941765179457,0.8550863313412691,0.115,0.062,1
SPATA5L1,0.16756924237003154,0.8550863313412691,0.103,0.066,1
FOXO3,1.4009780610869086e-4,0.8542621696274026,0.736,0.664,1
FCGR2A,0.0012806378427173506,0.8538744916724612,0.207,0.094,1
MED25,0.016849539419731264,0.8529184946585593,0.184,0.102,1
HADH,0.01843718083370413,0.8529184946585593,0.172,0.095,1
SRI,0.4903654302629991,0.8522463795563076,0.138,0.119,1
PTPRF,0.8702164332636424,0.8519190522625864,0.276,0.313,1
PTRH2,0.001488833318280026,0.8515064410654687,0.241,0.122,1
P2RX7,0.032638616877030346,0.8509702228690377,0.103,0.05,1
DOT1L,0.003026809908322219,0.8505136015514454,0.241,0.129,1
AL031428.1,0.12676599518881848,0.8499430280653095,0.172,0.12,1
PPWD1,0.00588539068097246,0.8495481477998397,0.368,0.248,1
TM7SF3,0.0010159001707361875,0.8492097650046,0.299,0.16,1
BCOR,0.006103908821899061,0.8492097650045998,0.195,0.1,1
PSMG4,0.022615380901154922,0.8492097650045998,0.184,0.106,1
MPV17,0.03204385792463514,0.8492097650045998,0.138,0.074,1
MTERF4,0.056877652863649,0.8492097650045998,0.138,0.08,1
TUBGCP5,0.002171901653236849,0.8486600621818363,0.276,0.153,1
UFSP2,0.010480287749734817,0.8485061829175564,0.218,0.124,1
SGO1,0.05039712801163329,0.8476112107791227,0.103,0.053,1
TMEM192,0.046772432054901315,0.8461532065712616,0.172,0.105,1
NDST1,0.11061429343758725,0.8459553195891409,0.195,0.135,1
ASCC1,0.002788577764471801,0.8458085177532588,0.264,0.145,1
ZMYND8,0.013497624212636165,0.8456569184213386,0.644,0.6,1
ZNF862,0.11751693998005423,0.8448179958874427,0.161,0.108,1
CEP104,0.004934869325158182,0.8448179958874422,0.253,0.141,1
SBNO2,0.017785263259922343,0.8448179958874422,0.161,0.086,1
MTA1,0.04144832343403886,0.8448179958874422,0.126,0.068,1
UBOX5,0.062222117331507266,0.8448179958874422,0.115,0.064,1
MFAP1,0.06714555286308505,0.8448179958874422,0.138,0.082,1
AC245060.5,0.13354384783823176,0.8448179958874422,0.103,0.063,1
PKP4,3.4646753962291616e-4,0.8442795763846864,0.299,0.154,1
MSL1,0.0016701156539228803,0.8430134990406941,0.299,0.168,1
NDRG1,0.08057186637573865,0.8427730699024178,0.184,0.123,1
UBR7,0.10334365096721475,0.8424587230135199,0.115,0.069,1
MCCC1,1.1719049009271489e-4,0.8421893373268279,0.322,0.157,1
ZDHHC6,0.05978727009451485,0.8408197622682207,0.184,0.119,1
ZNF138,9.242578090921574e-4,0.8401746219373409,0.299,0.162,1
LINC00963,0.046662273649367064,0.8399794389510613,0.161,0.096,1
PPTC7,0.05842723778149622,0.8397111054543538,0.184,0.117,1
NCAPG2,0.05320649196700576,0.8394112623604988,0.195,0.125,1
NELFCD,0.01270212676470988,0.8375279599569643,0.195,0.108,1
NSUN7,0.005031631220146805,0.837164423344007,0.253,0.143,1
CNIH3,0.055347286579249026,0.8358179976364903,0.138,0.08,1
ANKRD10-IT1,0.06975591461852328,0.8358179976364903,0.161,0.101,1
TBC1D16,0.05774402710403774,0.8355059623717533,0.172,0.108,1
SH2D4A,0.0011792380259382802,0.8353230765198392,0.368,0.21,1
USP36,7.294406293269222e-5,0.8350546265192095,0.368,0.191,1
GAA,0.054643032713810956,0.8346222287815539,0.184,0.117,1
LDB1,0.05213734368431083,0.8346222287815537,0.161,0.097,1
PRDM10,0.0013223757383577263,0.8330600250112707,0.253,0.128,1
RNF215,0.060943222821568055,0.8330600250112705,0.126,0.072,1
ZMYM1,0.0019044326277268535,0.8327761696161806,0.287,0.16,1
TTF2,0.03133127218256176,0.8325916935541828,0.172,0.1,1
RNF185,0.001680651507075445,0.8322336602874518,0.287,0.158,1
THUMPD2,0.016190559462254193,0.8320845059796538,0.322,0.218,1
ERCC8,0.0016419340451055073,0.8317223382757593,0.322,0.182,1
KRCC1,0.002977046885818992,0.8317223382757593,0.322,0.196,1
HIVEP1,0.011811624415582181,0.8317223382757593,0.402,0.277,1
RNF4,8.022371484322003e-5,0.8317223382757588,0.333,0.166,1
INSIG2,0.0076625742908130595,0.8309324696324925,0.207,0.112,1
TPST1,2.083572093266978e-4,0.8305640122072004,0.425,0.255,1
SSBP4,0.33928527311920414,0.8295512392341315,0.115,0.088,1
SLC7A6,0.00225281233413033,0.8290276699883603,0.368,0.231,1
KIAA0825,8.12847643654806e-4,0.8288282650065795,0.253,0.125,1
IAH1,0.0324294808092978,0.8286582060636243,0.161,0.092,1
PYROXD1,0.09527329419981223,0.8283835378017972,0.195,0.133,1
WDR60,0.018129051482180896,0.8275717808295362,0.299,0.197,1
NAGLU,0.01804797460875784,0.8271553985934776,0.184,0.103,1
RMND1,0.02609423834539978,0.8269352910271202,0.23,0.145,1
NUDT5,6.929301258576598e-4,0.8265171791444987,0.287,0.149,1
DLGAP4-AS1,0.062260253890620176,0.8265171791444987,0.103,0.055,1
KCNE3,0.06983246853598572,0.8265171791444987,0.103,0.056,1
MPHOSPH10,0.0821332783382574,0.8265171791444987,0.161,0.103,1
ANKRD23,0.08361671210479969,0.8265171791444987,0.103,0.058,1
AC092279.1,0.08361671210479969,0.8265171791444987,0.103,0.058,1
CYB561A3,0.04439230577220534,0.824498011507846,0.126,0.069,1
OTUD3,0.0548689675016242,0.824498011507846,0.126,0.071,1
CENPE,0.3687529610111879,0.8242921328002705,0.149,0.121,1
GIPC2,0.002244233657736449,0.8240945168776428,0.207,0.1,1
VPS52,0.07101953872311131,0.8237221604319345,0.126,0.074,1
TRAPPC10,8.961396975096011e-5,0.8223756204801427,0.494,0.314,1
NDE1,0.031010304366731304,0.8219780195293311,0.138,0.074,1
TMUB2,0.06316995703421031,0.8219780195293311,0.149,0.09,1
GTF3C5,0.09890647423623324,0.8219780195293311,0.138,0.087,1
MUS81,0.10602003201524283,0.8215337716302429,0.149,0.097,1
BLVRB,0.016116124063575356,0.8211389994179319,0.253,0.16,1
MAPK8IP3,9.098982242158364e-5,0.8206229217730476,0.356,0.179,1
DCUN1D4,0.016393207479804134,0.8203209131805929,0.276,0.177,1
APTX,0.02352144959937161,0.8201807163930679,0.299,0.197,1
DNA2,0.02959541416173441,0.8201807163930677,0.161,0.09,1
ZNF430,0.023281300044820364,0.8187444842775489,0.23,0.143,1
TBC1D10A,0.005761237144671191,0.8185959901143904,0.253,0.143,1
MAPKBP1,0.07981942247191064,0.8185959901143904,0.195,0.136,1
RUBCN,8.386462779489089e-4,0.8182062656401223,0.287,0.151,1
ITGA5,0.08358554191314982,0.8176973246390113,0.195,0.13,1
PCBD2,0.008345549909208267,0.8170602950509349,0.299,0.186,1
SARNP,0.006272115068585511,0.8166724477360408,0.368,0.242,1
SSBP2,9.433809674576494e-4,0.8148831894452963,0.644,0.535,1
RGS2,1.9895989747786507e-4,0.8144443468439237,0.23,0.098,1
ATG16L1,0.01951114321845557,0.8144443468439237,0.172,0.095,1
STK35,0.02167954404504228,0.8144443468439237,0.184,0.105,1
ALPK3,0.03228866007502323,0.8144443468439237,0.161,0.092,1
GRK2,0.04965263925043369,0.8144443468439237,0.138,0.078,1
EPHX1,0.07051173328338475,0.8144443468439237,0.138,0.083,1
PRR3,0.07946663430183094,0.8144443468439237,0.103,0.057,1
NDC80,0.09634245865796079,0.8144443468439237,0.115,0.068,1
ZNF624,0.11409190530073895,0.8144443468439237,0.103,0.061,1
NAA40,0.1848691239282173,0.8144443468439237,0.126,0.085,1
ANKMY2,9.247566153982766e-4,0.8144443468439233,0.287,0.153,1
ALKBH1,0.03204680412373418,0.8144443468439233,0.184,0.109,1
TMEM140,0.21995427337211068,0.8144443468439233,0.103,0.07,1
HSPBAP1,0.001163478071396085,0.8126239112195546,0.425,0.27,1
RUFY1,6.219476368206661e-5,0.811584692704683,0.379,0.196,1
ALS2,0.0034218946502981504,0.8112840059505952,0.299,0.178,1
TTN-AS1,0.0014555804869350035,0.8092266375729043,0.437,0.288,1
PAX8-AS1,0.0013076478056836816,0.8087306956495299,0.402,0.26,1
NEPRO,0.06622956356012662,0.8087306956495297,0.172,0.109,1
AC027018.1,0.23355215105811095,0.8087306956495297,0.138,0.102,1
RNF169,0.0015156054626481413,0.8080180776844903,0.391,0.245,1
TRAPPC13,0.05852050859543107,0.8075906758028608,0.241,0.168,1
NUFIP1,0.19915034691719605,0.807389589309973,0.126,0.088,1
CYFIP2,0.7719589406464686,0.807176346379884,0.115,0.131,1
GNG10,0.02126840721646157,0.8067086980643183,0.23,0.142,1
BLOC1S5,0.03332002043002448,0.8064515560903929,0.149,0.083,1
ACOX1,5.728077567127266e-4,0.8058823333404994,0.345,0.192,1
SART3,0.007346365548065997,0.8052258168145452,0.241,0.139,1
FKTN,0.04832531295713976,0.8052258168145452,0.195,0.124,1
SLC23A2,2.890901345629342e-4,0.8050193340546548,0.46,0.273,1
KDM3A,1.180359936281939e-4,0.8049840175948573,0.333,0.167,1
ALG9,0.01585546907135997,0.8048582980147254,0.218,0.129,1
RHOB,0.10698010359738867,0.8048582980147254,0.172,0.114,1
GTF2IRD1,0.025115293433448,0.8044602582713012,0.195,0.114,1
MARS,0.08990944212045311,0.8044602582713012,0.184,0.122,1
VPS9D1,0.08846945123043118,0.804460258271301,0.115,0.067,1
TRIQK,0.05011744393841287,0.804027730898585,0.264,0.184,1
ARHGEF40,0.04612078619428367,0.8035560307011873,0.115,0.06,1
PPCDC,0.18978108940926014,0.8032170914206693,0.195,0.146,1
TMEM131,6.500070372344979e-5,0.8024717051778476,0.759,0.719,1
OGFRL1,0.01409620031490756,0.802269632897821,0.345,0.229,1
BAG5,0.08331759385189097,0.8018443100642902,0.149,0.094,1
XYLB,0.02936680069173757,0.8016203064863396,0.207,0.127,1
TTTY10,0.18709694193603968,0.801147524230466,0.115,0.077,1
CTBS,0.005639869409130098,0.8011475242304655,0.23,0.126,1
MBNL2,0.4671737480833386,0.8006487025303703,0.713,0.789,1
SPATS2L,6.903103227836601e-5,0.800148946553714,0.598,0.426,1
ZCCHC10,0.013234286953703982,0.7994940053779522,0.218,0.126,1
LINC01355,0.13498840384032304,0.799494005377952,0.138,0.092,1
C2orf49,0.15616990119630045,0.7985028029749022,0.126,0.082,1
PLEKHG6,0.43827198036122494,0.7985028029749022,0.103,0.081,1
ZNF251,0.005630065333732249,0.7979562240553546,0.264,0.151,1
ZFP14,0.01566400042127608,0.7973708334849823,0.149,0.076,1
ARRDC1,0.04086348084818151,0.7973708334849823,0.138,0.076,1
NOP14,0.06169105901622553,0.7973708334849823,0.138,0.081,1
SEPTIN10,1.2087417523054199e-4,0.79737083348498194,0.391,0.212,1
UPF3B,0.07853948334749462,0.7973708334849818,0.172,0.112,1
PDK1,0.004240977327469434,0.7968717173959736,0.276,0.155,1
ETS1,0.005989156071261997,0.7967423451104643,0.195,0.101,1
NUP93,0.03229231625128524,0.7963425404686126,0.23,0.15,1
DIP2A,5.9200070879833384e-5,0.7957077842623377,0.575,0.407,1
EGLN1,1.9549998309245544e-4,0.7957077842623376,0.391,0.214,1
WDFY3,6.5888713036598e-5,0.7948465453246771,0.862,0.9,1
ANKMY1,0.005231998053722131,0.7940628468459028,0.299,0.18,1
NBPF11,0.04170115129689318,0.7938634694214712,0.241,0.16,1
PCBP1-AS1,0.0012683437286201559,0.7935050091515603,0.391,0.239,1
ZFP30,0.08333944489469494,0.7933827313160937,0.149,0.094,1
TARSL2,0.12218962906620488,0.7927492757446049,0.161,0.108,1
ZNF449,0.037540157904428,0.7927492757446046,0.115,0.059,1
TMEM209,0.011111226332662382,0.7923505759933067,0.23,0.133,1
EXT2,2.568535895028184e-4,0.7920765338154692,0.391,0.22,1
ATE1,1.0592414886432723e-4,0.7911745675210763,0.621,0.441,1
ATP9A,0.03396034592517266,0.7896124938639881,0.184,0.11,1
HACD2,0.045940411673405915,0.7894979897136929,0.276,0.193,1
AUP1,0.1217946804905219,0.7893533658810932,0.149,0.099,1
STARD3,0.025345177332661454,0.7889092547367857,0.149,0.08,1
RAB22A,0.002971253030959256,0.7882920589879552,0.322,0.193,1
METTL6,0.059037869867291495,0.7873761036457532,0.184,0.118,1
ERI3,0.008898375758949,0.7869636104218167,0.368,0.251,1
KDM4A,0.003868156422031821,0.7869636104218165,0.253,0.139,1
AMPD3,0.3512812444256942,0.7860997211499621,0.126,0.096,1
ITPA,0.015230403526802279,0.7858751946471523,0.218,0.128,1
COG7,0.003647369503650147,0.7857126283006075,0.264,0.149,1
PFKFB4,0.026589026052661332,0.7855894841717381,0.218,0.137,1
NAPB,8.450719263949408e-4,0.785298001184407,0.391,0.231,1
DGKG,0.1550017755879623,0.7846970034498719,0.103,0.066,1
WASHC2C,0.1999183434403752,0.7846970034498717,0.172,0.129,1
CROCC,0.0020869201413058042,0.7846970034498715,0.253,0.134,1
DUSP11,0.10201494171928017,0.7846970034498715,0.115,0.069,1
ZNF567,0.06909592047790696,0.7834174512232992,0.184,0.12,1
PIEZO1,0.11390700599603225,0.7834174512232992,0.172,0.117,1
SHLD2,0.001628974970383661,0.7833387466030624,0.425,0.27,1
SRFBP1,0.001156909957576099,0.7823117259031147,0.31,0.172,1
RNPC3,0.001361967019648091,0.7822455244557751,0.368,0.223,1
ATP6V1A,2.1368597791354989e-4,0.7822040098437154,0.425,0.247,1
TUBD1,0.1265850489253711,0.7820228691515458,0.103,0.062,1
MAP7D1,0.1266728050884889,0.7814292896159607,0.149,0.1,1
CARF,0.013152697391365606,0.7810213453064732,0.241,0.144,1
NLK,0.0020660347374468384,0.7801744447591773,0.586,0.529,1
MED28,0.002277028694176924,0.7797982040370324,0.253,0.133,1
AC026202.2,0.02242514001664567,0.7797982040370324,0.207,0.123,1
ZHX2,0.0025912655751559872,0.7793536823755617,0.299,0.172,1
CBWD2,0.038204705433567805,0.7792549183816235,0.218,0.141,1
DOCK5,0.0300146932329573,0.7791472947306308,0.402,0.626,1
PDZD8,7.748904950913092e-4,0.7785476901531518,0.345,0.192,1
C16orf72,0.001456997093871592,0.7776075786635521,0.276,0.147,1
PANK2,0.0017562841658054344,0.7760632551160676,0.299,0.167,1
STARD9,0.015957995996894073,0.7749159826572862,0.253,0.156,1
C1orf159,0.027243465951720038,0.7749159826572862,0.172,0.098,1
PPM1F,0.2951710222343709,0.7749159826572862,0.115,0.085,1
CCM2,5.034862439355609e-4,0.774915982657286,0.414,0.246,1
PAAF1,0.016456209581196795,0.7749159826572858,0.195,0.111,1
FZR1,0.23890042022094216,0.7749159826572858,0.103,0.071,1
FASTKD1,5.520438725247349e-4,0.7721335419859592,0.356,0.2,1
ODF2L,1.592831311807401e-4,0.7717234718593016,0.414,0.237,1
TPT1-AS1,7.891371654090809e-5,0.7713756249520376,0.425,0.236,1
MLYCD,0.06486111788308899,0.7713756249520376,0.115,0.064,1
PARP16,0.0979275289108842,0.7713756249520376,0.103,0.059,1
C5orf56,0.010911095440307036,0.7708174144436657,0.184,0.097,1
ZNF282,0.4288268259314546,0.7708174144436657,0.126,0.101,1
ACAA1,0.04673834241078703,0.7700502274854701,0.195,0.123,1
FBXO30,0.0813898945331776,0.7700502274854699,0.138,0.083,1
TCF4,0.0028193131215389967,0.7693564573153857,0.621,0.544,1
ARID3A,0.001937691688182616,0.7680416019735519,0.793,0.658,1
MAPKAPK5,0.008863946568203872,0.7679699170444225,0.253,0.149,1
ZNF708,5.933800166205259e-5,0.767138632065567,0.402,0.211,1
BORCS5,0.08292271998683831,0.7671386320655669,0.23,0.164,1
ZNF680,0.0022692107227898516,0.7671386320655667,0.322,0.185,1
TIGAR,0.028537673385227783,0.7655347463629771,0.218,0.136,1
PYM1,0.08151555671287648,0.7646913116468239,0.161,0.103,1
TAB2,0.008431468609734654,0.7645394410176096,0.655,0.584,1
ZNF280D,7.725576927755944e-5,0.7644159724012054,0.575,0.404,1
CDC14A,0.013143304183466768,0.7642726659165743,0.391,0.276,1
LINC01237,0.10836929178386177,0.7638182737739556,0.115,0.069,1
UHRF2,1.3905282744926172e-4,0.7633233526573043,0.483,0.295,1
GGA1,0.002766586675905637,0.7627822270214306,0.299,0.172,1
CWF19L2,0.0023168246550232733,0.7621881097124998,0.414,0.269,1
NIPAL2,0.0021159898925163768,0.7619769269497882,0.172,0.077,1
ABHD13,0.036725403424243616,0.7619769269497882,0.172,0.101,1
SDAD1,0.003066560616826514,0.761976926949788,0.299,0.173,1
SPAST,0.00109366116373827,0.761451259230039,0.379,0.224,1
ADPRHL2,0.12811065335038307,0.7608063832418499,0.103,0.062,1
RHOQ,0.0020830324394663998,0.7606216473377769,0.391,0.239,1
ZNF93,0.0018729478944111587,0.7603676740881309,0.218,0.107,1
MID1,0.025028372678646663,0.7602013020599363,0.322,0.229,1
LGALS3,0.977897450872921,0.7601746843158025,0.184,0.199,1
CATSPER2,0.015414862814474318,0.759996562821547,0.218,0.126,1
UBL7-AS1,0.08819167533753343,0.7599965628215468,0.126,0.076,1
PTPRG,0.022429630497278665,0.7587765246592912,0.828,0.794,1
GABPB1-AS1,4.5643094908799745e-4,0.7582165563762611,0.425,0.258,1
EXTL3,0.06282174519082584,0.7581761271971784,0.195,0.126,1
FBXO33,0.011686990150219807,0.7555506577903552,0.218,0.123,1
FEM1B,0.016587918564638763,0.7555506577903552,0.218,0.129,1
EFTUD2,0.060756598446214685,0.7555506577903552,0.218,0.147,1
CDK5RAP1,0.006061833086301691,0.755550657790355,0.218,0.117,1
GPRC5D-AS1,0.019011438617584135,0.755550657790355,0.264,0.169,1
DPH6-DT,0.03888188928823806,0.755550657790355,0.172,0.104,1
RBL2,0.0012928146098971306,0.7555506577903548,0.402,0.248,1
COPS4,0.030498071613165888,0.7555506577903548,0.195,0.116,1
CTSO,0.018172594358042096,0.7555506577903546,0.161,0.085,1
CHMP1A,0.12995276929369398,0.7555506577903546,0.115,0.071,1
MZF1,0.17234034370783977,0.7555506577903546,0.138,0.094,1
SIMC1,0.02598529037051031,0.7535621046969012,0.207,0.127,1
NFRKB,0.05892354835497707,0.7530438021797803,0.195,0.127,1
FKBP9,0.5247420267138414,0.7530438021797803,0.138,0.119,1
UBP1,8.027208896122714e-4,0.7528052810515375,0.356,0.205,1
CCNYL1,7.725448923984554e-4,0.7526681492572338,0.299,0.158,1
RTN4IP1,0.013170109311605359,0.7521600685895806,0.172,0.09,1
CREBZF,0.044319225723028856,0.7519484211101592,0.253,0.172,1
AGGF1,0.02076786882949452,0.7511184114750946,0.218,0.132,1
CAT,5.246487684282054e-4,0.7511184114750944,0.322,0.174,1
DAGLB,0.01166042286497829,0.7507496715265336,0.207,0.114,1
FBLIM1,0.1035054321500953,0.7503140094242082,0.161,0.105,1
AIMP2,0.04336640996904338,0.750314009424208,0.115,0.06,1
KIF1C,0.14672436017527377,0.750314009424208,0.103,0.064,1
AKIRIN2,0.0011195229638076944,0.7499768129657629,0.299,0.161,1
SH3BP5,0.0118513144357598,0.7498545524009331,0.379,0.256,1
FAM185A,0.26826694485367114,0.74979138850167,0.149,0.112,1
LASP1,0.00966784399066726,0.7494889050031535,0.264,0.158,1
RAD51-AS1,0.025788941282575632,0.7483551563861508,0.161,0.088,1
ATG16L2,0.03612179496991528,0.7483551563861508,0.161,0.092,1
ZNF621,0.011427617649318912,0.7480431211214138,0.207,0.115,1
TTN,0.0011643704757658923,0.747876729904934,0.264,0.137,1
C22orf34,0.5517295353167943,0.747876729904934,0.126,0.109,1
NR6A1,0.06184236780353627,0.7475064441414545,0.368,0.298,1
C3AR1,0.0019161201215846869,0.7473301509853867,0.138,0.054,1
MARCH5,0.016879883045305952,0.7473301509853867,0.31,0.209,1
RHOT1,1.7214145916343292e-4,0.7473301509853865,0.483,0.301,1
ZDHHC14,0.0019546433581246465,0.7471811199392452,0.655,0.588,1
CEP57L1,0.02378224178881065,0.746920352646915,0.287,0.187,1
PDE4D,0.005939172894497251,0.7468976495458999,0.759,0.723,1
EIF4ENIF1,0.004616922296718218,0.7459646089611571,0.241,0.131,1
GOLGA1,0.024058690950603603,0.7459646089611571,0.218,0.132,1
MYLK-AS1,0.07387540757424449,0.7459646089611569,0.115,0.065,1
PPP2R3C,0.007893351770793037,0.7440550189525257,0.264,0.156,1
MYO7A,0.016577217303792344,0.7440550189525257,0.195,0.11,1
SLC30A4,0.045367985349135415,0.7440550189525257,0.103,0.052,1
AIMP1,0.07693939304701145,0.7440550189525257,0.218,0.15,1
AC016831.7,7.069116412518875e-5,0.7434525152724851,0.299,0.138,1
RSBN1,0.008257022752760228,0.7434525152724851,0.287,0.179,1
EBF4,0.37952834112666356,0.743059713607158,0.069,0.101,1
HERC5,0.01571773804365931,0.7427833617164774,0.172,0.092,1
TRIM38,0.03711068623229028,0.741195364813285,0.276,0.191,1
AACS,0.0639247177790043,0.7411953648132847,0.149,0.09,1
GDI1,0.12916744824989881,0.7411953648132847,0.138,0.09,1
ST7L,0.027998759463151758,0.740953281577397,0.345,0.252,1
SENP1,0.007883853224628385,0.7406664207043758,0.241,0.137,1
GLE1,0.023752460583760262,0.7404437654001468,0.184,0.105,1
KNL1,0.1421402228366795,0.7404437654001466,0.172,0.121,1
LZTR1,0.0740542779701663,0.7398973934788695,0.115,0.065,1
PSMF1,0.009409065397108108,0.7394822891627012,0.345,0.232,1
PRORP,0.00782661277208389,0.7392778786906534,0.391,0.275,1
EFR3A,5.184774940051374e-4,0.7392309996377144,0.586,0.444,1
PPP1R12C,0.10421763966866084,0.7391562195396864,0.126,0.078,1
STYX,0.14795458433642475,0.7391562195396864,0.195,0.141,1
NMNAT1,0.18184352121129618,0.7391562195396864,0.115,0.076,1
DDAH1,0.16112464012146,0.7388467279497644,0.08,0.142,1
TRIM23,0.31787403338909825,0.738093460713809,0.161,0.128,1
POM121C,0.03276964650492995,0.7376287497930925,0.264,0.176,1
ADARB1,0.15298782949577144,0.7373681238252825,0.195,0.141,1
HTT,4.4772236796492183e-4,0.7371386206764745,0.575,0.449,1
MTMR14,0.005041459388375183,0.7364418348426505,0.241,0.132,1
DYNC2LI1,0.01534029703685515,0.7364418348426502,0.184,0.1,1
TXLNG,0.060923855819941086,0.7364418348426502,0.161,0.099,1
SLC7A1,0.07241166297850095,0.7364418348426502,0.126,0.074,1
AC008735.2,0.1045692578698624,0.7364418348426502,0.138,0.087,1
FAR1,3.2135632051669057e-4,0.7362320950674914,0.69,0.576,1
TRAK1,2.674447773815781e-4,0.7357874029689249,0.598,0.447,1
SPTLC2,4.8410332795734905e-5,0.7350098793495187,0.414,0.217,1
NCAPG,0.3417781539079997,0.7344450247787035,0.103,0.077,1
DERL2,0.47758075563689517,0.7340709303799033,0.115,0.095,1
KLHL7,0.060012064540172515,0.7338258866356391,0.218,0.149,1
MTMR12,1.8136444621172845e-4,0.7335243514603562,0.368,0.192,1
AP5Z1,0.08216167571086569,0.733524351460356,0.126,0.075,1
RSPRY1,0.03403789044732314,0.733281493949322,0.264,0.181,1
NFIC,0.0019738574194378172,0.7329945332241814,0.276,0.149,1
SPG11,1.745595192590263e-4,0.7329144613473252,0.552,0.368,1
AARS2,0.07653865233130344,0.7326502556802765,0.103,0.057,1
SUDS3,0.07875173788064628,0.732229583555736,0.218,0.15,1
ATPAF1,0.09093618951469211,0.732229583555736,0.207,0.146,1
UNC5C,0.21626991015483232,0.7321992148646033,0.402,0.381,1
C1orf52,0.02083744536232108,0.7317039158359873,0.218,0.13,1
CNOT11,0.08586711136197112,0.7317039158359873,0.195,0.132,1
SLC8A1-AS1,0.06803046155987597,0.7310283386562859,0.115,0.064,1
TPGS2,0.08553024314977246,0.7310283386562859,0.207,0.145,1
NRP2,0.005115641365437865,0.7308637789388852,0.598,0.537,1
AC090517.5,0.021312415185829683,0.7305218632988324,0.23,0.142,1
TEP1,0.042029235409056905,0.7301280609104484,0.172,0.103,1
ATL3,0.003389806824206213,0.7299108366322555,0.264,0.146,1
KIFAP3,6.185607659604067e-5,0.7297575215374364,0.391,0.202,1
DDX39A,0.06690853080827427,0.7295554492574103,0.115,0.064,1
SCML2,0.10620902420867682,0.7295554492574103,0.103,0.06,1
EMILIN2,5.674751193639292e-4,0.7293407784675063,0.333,0.177,1
WBP2,0.07201934545955783,0.7288686151378498,0.138,0.082,1
AC079447.1,0.35187455272281626,0.7288686151378498,0.103,0.076,1
TRIM26,0.030322469598654252,0.728646474088694,0.264,0.173,1
ZC3H7B,0.01441922938610997,0.7282119491998449,0.218,0.126,1
TBC1D12,5.049765546093715e-4,0.7279921501469203,0.586,0.432,1
BECN1,0.27363392312679513,0.7269815055935842,0.126,0.093,1
RNF114,0.10197004144212457,0.726981505593584,0.241,0.179,1
LRRC40,0.006850698938941452,0.7262171638321882,0.299,0.185,1
MSANTD2,0.03328706708594468,0.7251770087468362,0.322,0.23,1
GPAT4,0.026675435653959433,0.7248071343592473,0.23,0.145,1
PMPCA,0.17265832669449072,0.724807134359247,0.115,0.075,1
BRWD3,0.0013921293256230738,0.7243436923247804,0.425,0.272,1
STK17B,0.13719039495972488,0.7238417980630167,0.172,0.12,1
ZNF592,4.4225107068214206e-4,0.7234498146233306,0.322,0.167,1
RPF2,0.005579313509696175,0.7232964587857285,0.218,0.116,1
FAM193B,0.028208045836280716,0.7231638398546343,0.287,0.198,1
TRMT2B,0.06618162491437272,0.7229459923584272,0.138,0.081,1
ISY1,0.07032702749282009,0.7229459923584272,0.138,0.082,1
CTNNBL1,7.140186708291844e-4,0.7225218574028842,0.437,0.266,1
SELENOT,0.02472151103097048,0.7218473541221474,0.299,0.205,1
WNT2B,0.014429162480071254,0.721334942452442,0.184,0.099,1
Z93930.2,0.03906117418711433,0.721334942452442,0.172,0.102,1
BICD2,0.08021175338834396,0.721334942452442,0.172,0.111,1
NLRP2,0.08440951039627599,0.721334942452442,0.172,0.112,1
RNF145,0.002069450256475564,0.7211486560501056,0.506,0.365,1
PIGN,9.663754199129026e-4,0.7208930079901444,0.552,0.408,1
TM2D1,2.0658832094779762e-4,0.7208449797916319,0.402,0.224,1
GOLIM4,4.4119363584492526e-4,0.7207852396296786,0.333,0.175,1
SPTY2D1,0.02313214426555936,0.7202619077872159,0.184,0.105,1
MBD6,0.045058558159904075,0.7199267480596334,0.161,0.094,1
MAK,0.06231152524828503,0.7199267480596334,0.149,0.09,1
FMO4,0.1425883347616251,0.7192871138035835,0.103,0.063,1
DNMBP,0.003616028536658663,0.7192871138035832,0.391,0.254,1
LAMA4,0.24376383873712176,0.7189217357996323,0.103,0.071,1
TMEM268,0.633494800254295,0.7186853640384929,0.103,0.09,1
ZNF718,0.1518722819207749,0.7184752883132015,0.322,0.263,1
DHX57,0.008989934214969707,0.71822903158462,0.253,0.149,1
RORA-AS1,0.040132560065489126,0.7175828075913349,0.161,0.094,1
COX18,0.14997485425215493,0.7175828075913344,0.115,0.073,1
NHEJ1,0.17291224196615035,0.7175828075913344,0.103,0.066,1
ABHD8,0.1928181271968563,0.7161422732321197,0.115,0.076,1
RAB12,0.0013996641212629386,0.715710393258564,0.345,0.197,1
DNAJC16,0.04220009074331029,0.7153802193148207,0.264,0.183,1
CLK3,0.08680469142575041,0.7149086732930092,0.138,0.084,1
NECAP2,0.00633045585588771,0.7149086732930088,0.207,0.109,1
SPIN1,3.017438679769959e-4,0.7144454544606818,0.724,0.646,1
RREB1,1.4116045738541365e-4,0.714202681088615,0.77,0.71,1
IGBP1,0.023678263437535672,0.714180223370495,0.195,0.114,1
EIF2B3,0.03117122039758953,0.714042449886086,0.264,0.174,1
FAN1,8.745282859280816e-4,0.7136437060564316,0.345,0.192,1
CAMK2D,7.307962812400969e-4,0.7134102482366788,0.437,0.278,1
HPCAL1,7.719502135853018e-4,0.7132655124765559,0.287,0.149,1
FGD4,0.10783732469847644,0.7131809886436883,0.276,0.217,1
MARCH8,0.013920157081176795,0.7129063203818613,0.23,0.136,1
SGSM2,0.02370487922137982,0.7129063203818613,0.172,0.096,1
TMEM182,0.11142240268653192,0.7129063203818613,0.126,0.079,1
ILRUN,0.0020470315862568707,0.7125278092840874,0.471,0.32,1
COX10-AS1,0.003986332692004855,0.712194288595973,0.356,0.224,1
NARF,0.12027365833044466,0.7120826292142457,0.138,0.09,1
CEP83,0.0011430502984653037,0.7120826292142454,0.368,0.213,1
PARPBP,0.26306549442750254,0.7113508538798201,0.149,0.112,1
AC048341.1,0.4056701754243985,0.7113508538798201,0.126,0.102,1
DPP8,0.007073776458966017,0.7113508538798199,0.425,0.308,1
CPLANE1,0.0015846828241882574,0.7108217157697662,0.517,0.354,1
SELENOI,0.007367333796980585,0.7106964220060945,0.368,0.248,1
SYNRG,5.962018429758512e-5,0.7104366563706861,0.517,0.312,1
SAFB2,0.008342147435017655,0.710107687029188,0.264,0.157,1
PRDM4,0.04491603945331608,0.710107687029188,0.184,0.113,1
AFAP1L1,0.4604780581740529,0.710107687029188,0.103,0.083,1
NAGK,0.001796669916302375,0.7101076870291878,0.345,0.204,1
SWT1,0.0014501340391707182,0.7088655904902256,0.345,0.199,1
ARHGDIB,6.150961790093979e-4,0.7082449430119986,0.218,0.097,1
RBM19,0.02575442305477034,0.7082449430119986,0.207,0.125,1
HERC6,0.11511621700887387,0.7082449430119984,0.103,0.061,1
DMXL1,7.348707193450276e-5,0.7075896193391866,0.667,0.533,1
NDUFS4,4.886774601903577e-4,0.7075291429274114,0.517,0.333,1
AC105052.4,0.05084761778705227,0.7069158825394783,0.149,0.087,1
BIVM,0.3157695229890681,0.7069158825394783,0.115,0.086,1
SNX7,0.15643777993061522,0.7066410573094084,0.195,0.142,1
RPS27L,0.0012977058777746727,0.7063846009864707,0.253,0.129,1
MACO1,0.0017737165393766872,0.7063846009864706,0.333,0.194,1
NDUFB6,0.03005081640981951,0.7059198900657542,0.161,0.09,1
MGRN1,0.0013206890474420265,0.7055099752907594,0.322,0.179,1
AC005670.3,0.008728220272750206,0.7049783674578494,0.299,0.189,1
RNF121,0.068130218236234,0.7048198556694254,0.276,0.2,1
TMEM185A,0.05652249499128236,0.7048198556694252,0.172,0.107,1
PTPN9,0.00400559394888812,0.7041785560693292,0.391,0.255,1
RELCH,0.0012229093545028935,0.7036375609579888,0.586,0.483,1
CARNMT1,0.14086641668947264,0.7035985781556333,0.184,0.131,1
KLF13,0.015209141631344214,0.7034130344551792,0.218,0.126,1
ZZEF1,2.537143142298197e-4,0.7031875957421824,0.529,0.347,1
POLK,8.785945595233832e-5,0.7015205726408072,0.563,0.359,1
CLEC2D,3.517846928804997e-4,0.7009862970606395,0.425,0.251,1
ZNF131,2.869982470936281e-4,0.7002007293630981,0.563,0.375,1
SLC25A32,0.008728259157666219,0.6989671294239876,0.253,0.147,1
NCKAP5L,0.024793734656337284,0.6989671294239876,0.184,0.106,1
CPSF7,0.04138564855923239,0.6989671294239876,0.276,0.191,1
ELAC2,0.08497961405722051,0.6989671294239876,0.138,0.084,1
ZNF490,0.15900875709553194,0.6989671294239876,0.126,0.083,1
AL732509.1,0.6115085466857817,0.6989671294239876,0.103,0.089,1
ZNF654,0.017436876017127102,0.6989671294239874,0.402,0.3,1
IGF2BP1,0.10617395208466218,0.6989671294239874,0.241,0.177,1
LEPROTL1,0.042706158509783314,0.6989671294239872,0.172,0.104,1
CHTF18,0.18951974019844323,0.6989671294239872,0.103,0.067,1
ZFC3H1,8.412056156832198e-4,0.698139183897167,0.655,0.54,1
AGTPBP1,0.009829907424503882,0.6978234947696584,0.437,0.332,1
BABAM2,2.0433122800576418e-4,0.6972159315060897,0.724,0.634,1
PGK1,0.004532138131186592,0.6963272475512836,0.322,0.192,1
RAB5C,4.90498667002585e-4,0.6961243796551622,0.345,0.188,1
UTP18,0.0017162228703730823,0.6955032741204161,0.31,0.173,1
VPS35L,1.363329919595537e-4,0.694862731091251,0.529,0.351,1
SSH1,0.016807724682020127,0.6944445707332935,0.333,0.222,1
ADAMTS2,0.048305338814634044,0.6943505013536175,0.172,0.104,1
BRD9,0.04676806297634258,0.6941501131262116,0.207,0.133,1
RRP1B,0.06705405495541521,0.6936921873833128,0.184,0.115,1
DCAF5,0.0013982998123045973,0.6934289458825575,0.506,0.359,1
SNAPC1,0.020903274903294272,0.6928149024423926,0.172,0.094,1
MADD,0.06957542627745948,0.6928149024423926,0.161,0.099,1
TTC9C,0.5309879928985042,0.6928149024423926,0.126,0.107,1
ANAPC1,0.0025379729396909642,0.6921885967929254,0.379,0.236,1
FHIT,0.0017050450101389605,0.6918053068402781,0.759,0.692,1
GAS2L3,0.14443021076289617,0.6915875990583903,0.218,0.166,1
TAF12,0.1807450959719032,0.6915875990583902,0.126,0.085,1
TGDS,0.20616275559090447,0.6915875990583902,0.126,0.088,1
ZBTB41,0.02934134968686904,0.69133380452156,0.241,0.154,1
LINC02246,0.0064025602886439124,0.6910619313386415,0.23,0.13,1
GDPD1,0.019197446349874185,0.6910619313386412,0.138,0.069,1
RECQL5,0.06462570140614601,0.6910619313386412,0.138,0.081,1
RNF2,0.011036300831337767,0.6908696617253911,0.322,0.209,1
RLIM,0.029727102249766418,0.6906678062055005,0.31,0.211,1
PHACTR4,0.0012182521119530017,0.6906381452295254,0.529,0.385,1
CARS2,0.008344277055578272,0.6904556295684701,0.31,0.196,1
WDR11,0.00851112876227294,0.6900450537346818,0.414,0.288,1
SLC66A2,0.019643635960026606,0.6897485993946091,0.207,0.122,1
FRMD4A,0.004779716207175504,0.6894443553054809,0.575,0.468,1
DPP9,0.0060780162178060955,0.6889134647600648,0.23,0.125,1
FMNL3,0.18705467954106256,0.6889134647600648,0.161,0.114,1
DLEU7,0.03585894652144959,0.6879119409149919,0.161,0.092,1
AL360091.3,0.12553338080339413,0.6879119409149919,0.103,0.062,1
NUP210,0.046097761071456404,0.6873324289405844,0.161,0.094,1
EPG5,0.04732636001379396,0.687125516779471,0.356,0.267,1
HEATR3,0.23897151495564017,0.6866887996455509,0.138,0.099,1
VPS50,0.0015141595291534133,0.6863395210962382,0.46,0.308,1
SNTB1,2.759001502113846e-4,0.6859697888951144,0.368,0.199,1
PHLPP2,0.09671266705374877,0.6851613298989572,0.172,0.115,1
RBM12B,0.030239565661822735,0.685161329898957,0.264,0.175,1
DCTN4,6.547591523193162e-5,0.6846764718735939,0.563,0.359,1
TBC1D4,0.00430368932496414,0.6846029033230322,0.506,0.369,1
PRELID2,0.003465033435193546,0.6831998135656709,0.126,0.051,1
PPIL3,0.09755428490172684,0.6831998135656709,0.138,0.086,1
COTL1,0.0018230529967656604,0.6831998135656708,0.437,0.282,1
LHFPL6,0.1764520465302811,0.6825465669885652,0.264,0.208,1
PITPNC1,0.005102356913494616,0.6822497344790535,0.322,0.199,1
KDM4C,1.3337342927219152e-4,0.6816507330002852,0.724,0.615,1
EIF1B-AS1,0.42673518398589894,0.681550076346578,0.115,0.09,1
IL4R,0.044527543508795044,0.6813192636045626,0.207,0.132,1
TECPR2,0.014653820101841908,0.6805886001091328,0.264,0.163,1
RNF213-AS1,0.044733630154182906,0.6805886001091328,0.172,0.103,1
AC005699.1,0.2940282684430435,0.6796757908152273,0.138,0.105,1
INTS9,0.00752437799116624,0.6792847635622876,0.264,0.153,1
FBXL5,0.0031292278291161013,0.679152980502969,0.506,0.364,1
CCDC102B,0.009318941233540365,0.6790151513318474,0.207,0.111,1
CTTNBP2NL,0.012815271882492983,0.6789293761874423,0.322,0.212,1
PIAS1,3.312692759111308e-4,0.6787263369863629,0.793,0.755,1
ZNF84,0.00992733572617959,0.6776461250102059,0.276,0.166,1
STK32B,6.987445667305546e-4,0.6775481457890817,0.241,0.115,1
TIAM2,0.004512392046633103,0.6772284703964846,0.437,0.301,1
DLEU1,0.016367271904504422,0.6770615961919526,0.552,0.459,1
SH3BP5-AS1,0.1191664616847345,0.6769408230939891,0.103,0.061,1
MRPS5,0.010233179510792981,0.6769408230939886,0.287,0.177,1
MAN2A1,0.6112348194030329,0.6767082991123603,0.552,0.577,1
PKN1,0.2786200127669527,0.6757908070578931,0.138,0.103,1
MICAL2,0.01461762525083349,0.6756166421466068,0.207,0.118,1
ZNF335,0.24414851651967287,0.6753803091063717,0.126,0.09,1
LENG8,0.02901895371359291,0.6748929944451301,0.264,0.175,1
PPM1K,0.06480754254031493,0.6745140856994487,0.207,0.137,1
FMN1,7.598042179502734e-4,0.6743989027656423,0.713,0.648,1
GXYLT1,0.032400878832446106,0.6737565666267076,0.322,0.229,1
IL7,0.06947509342569774,0.6735818110040739,0.195,0.129,1
ALKBH8,0.312888389684992,0.6735818110040737,0.103,0.075,1
CCDC152,0.027029224918834163,0.673088497598382,0.149,0.08,1
IDH3A,0.051727613129711775,0.6727831976203325,0.195,0.124,1
RELL1,0.05616664917251019,0.6726703857157603,0.287,0.203,1
BTBD10,0.0052554659466894586,0.6725204594952411,0.448,0.321,1
ZNF90,7.680351559379467e-5,0.6720420236811492,0.391,0.205,1
ATG4B,0.03602478920856138,0.6714863930018806,0.241,0.158,1
SAE1,0.003252222457971975,0.6714863930018805,0.356,0.223,1
M6PR,0.019486109890497535,0.6714863930018802,0.264,0.169,1
IL16,0.03653681887462713,0.6714863930018802,0.115,0.058,1
RFC2,0.2643115013308479,0.6714863930018802,0.103,0.072,1
RAB28,3.018039573824491e-4,0.6704785724642917,0.609,0.438,1
IFNGR1,0.001911940114732309,0.6704785724642917,0.391,0.239,1
TTLL11,0.11246846391002878,0.6700544375087487,0.161,0.106,1
AL035458.2,0.10849663172488391,0.6690139073223595,0.103,0.06,1
CCDC97,0.19495263558003426,0.6690139073223595,0.103,0.067,1
MTFR1L,0.2868213069520986,0.6690139073223595,0.103,0.073,1
SFMBT1,0.02077309839045443,0.6687275162463049,0.391,0.288,1
DNAJC17,0.03011646590208719,0.6676029585146526,0.195,0.117,1
CCNT2-AS1,0.09217525944086251,0.6676029585146521,0.115,0.068,1
CCNL2,0.003683041953388235,0.6672582696966495,0.379,0.24,1
DCAF12,7.297674092249964e-4,0.6669567345213665,0.241,0.115,1
TUBGCP2,0.060702216303934554,0.6669567345213665,0.207,0.137,1
FAM174B,0.05575479778924856,0.6666907264002315,0.149,0.088,1
MPPE1,0.13831474313265268,0.6660525069512526,0.103,0.063,1
LINC01138,0.305700003440329,0.6660525069512526,0.138,0.107,1
UNK,0.0029691060620048245,0.6660525069512524,0.356,0.218,1
AP006621.3,0.040808634365050105,0.665218338069447,0.138,0.076,1
NOL8,0.03403350675307881,0.6649308054245713,0.241,0.157,1
TMEM62,8.021655105587023e-4,0.6643407863143551,0.333,0.184,1
SS18L1,0.03666503365361682,0.6643407863143551,0.184,0.11,1
DCTN2,0.06056697037034013,0.6640816117801294,0.195,0.126,1
USP3-AS1,0.13188340803645587,0.6640816117801294,0.172,0.119,1
PLXNB2,0.0170850836447739,0.6638846702685421,0.23,0.137,1
ATG4C,6.616796071206969e-4,0.6638291275231162,0.46,0.295,1
FAM199X,0.050235186375748114,0.663729949367446,0.23,0.154,1
ATXN3,0.10214229787688654,0.6634163768161179,0.253,0.188,1
TXNRD3,0.07567786115727475,0.6624412533988737,0.161,0.1,1
RRM2,0.45823835710140604,0.6624412533988737,0.115,0.093,1
ZNF133,0.024166065441472477,0.6624412533988733,0.253,0.16,1
SLC24A1,0.08054630215195765,0.6624412533988733,0.126,0.074,1
EPB41L1,0.18572407595448545,0.6624412533988733,0.103,0.066,1
ARHGAP12,8.224923619139806e-4,0.6621890560307131,0.632,0.498,1
AMD1,0.0021513545347065146,0.6620492699591877,0.517,0.341,1
PHRF1,0.07188159117055036,0.6606390107648883,0.184,0.119,1
USP9Y,9.371911640897811e-4,0.6604527003054197,0.609,0.46,1
YARS2,0.30476269991556176,0.6603212015245044,0.138,0.106,1
ACADM,0.031165343928166535,0.6601162004526295,0.253,0.166,1
TDRD3,0.22230699644000257,0.6600703489361267,0.368,0.326,1
CUL4A,3.3525439560804713e-4,0.6595587448657522,0.506,0.324,1
AC023509.6,0.016494193242684592,0.6591661213660129,0.207,0.118,1
ZNF333,0.06151479389610431,0.6591661213660127,0.115,0.063,1
EFHC1,0.03753300473535149,0.658839016718678,0.241,0.157,1
C7orf50,0.05619538914823006,0.658839016718678,0.23,0.154,1
CMTR2,0.48105539460779756,0.6586496742364996,0.138,0.113,1
MDFIC,0.001707584600365952,0.6583748664562046,0.402,0.247,1
MTMR2,0.021471255514961044,0.6579398611639329,0.31,0.204,1
PRR12,0.053657353313559156,0.6579398611639324,0.161,0.096,1
SMARCAL1,0.004264991939406197,0.6574750005055241,0.276,0.153,1
ZBED4,0.12412645674271335,0.6572979501229135,0.184,0.126,1
TTC4,0.0627077661259425,0.6569030698574436,0.138,0.08,1
ZNF197,0.060616384809237596,0.6564425127774305,0.161,0.098,1
KIF4A,0.3158996257860695,0.6564425127774305,0.103,0.074,1
ARRDC3-AS1,0.050292934147467036,0.6556944209582884,0.287,0.194,1
WDR25,0.06288397430783083,0.65524575199467,0.172,0.107,1
ZNF426,0.11496158305526723,0.65524575199467,0.103,0.06,1
AC010894.3,0.028083587649688015,0.654573010065534,0.368,0.251,1
MDH1,0.0013952144568027934,0.6541419301803866,0.322,0.18,1
RMI1,0.09213299526844705,0.6539796746506772,0.149,0.094,1
FAM222B,0.018192573979299766,0.6538421244726749,0.322,0.219,1
ANKRD13D,0.13883191766956418,0.6534524701716189,0.195,0.14,1
AC006001.2,0.0011584766430055102,0.6529809241498072,0.345,0.193,1
ZCCHC2,0.04001755905392217,0.6525566644670293,0.276,0.183,1
TMEM9B-AS1,0.18157975866969875,0.6521729179450464,0.126,0.084,1
NKAP,0.19369654420943952,0.6521729179450464,0.126,0.086,1
VKORC1L1,0.11667683543955817,0.6521729179450463,0.299,0.229,1
ESF1,0.12201325127648424,0.6518720116886865,0.322,0.249,1
ROR2,0.3943148815195145,0.6518720116886861,0.161,0.131,1
ANLN,0.7437686853227496,0.651661414645631,0.115,0.105,1
RAD52,0.009225307125256979,0.6515057757177178,0.23,0.129,1
NCKAP5,0.02228050657045202,0.6513360069435883,0.287,0.19,1
AP1AR,0.11246104399569407,0.6504686117327978,0.207,0.146,1
MLH1,0.23406279789333057,0.6504686117327978,0.195,0.151,1
RAD9A,0.09222525996949656,0.6498725798958183,0.172,0.114,1
EOGT,0.13725953765207635,0.649385100573427,0.103,0.063,1
RFT1,0.20136876279456536,0.649385100573427,0.103,0.068,1
TTLL4,0.22651173477033057,0.649385100573427,0.103,0.069,1
MATR3.1,0.09332137070568737,0.6486354538738432,0.218,0.154,1
MAN1B1,0.11986675682604338,0.648635453873843,0.126,0.079,1
RB1,3.2027847118194417e-4,0.6484343954049943,0.552,0.378,1
LYPLAL1,0.009038484046050732,0.6468855834929752,0.552,0.465,1
HECA,0.010454011747311472,0.6468443983478553,0.23,0.13,1
AP4S1,0.09630941370704817,0.6463630453852993,0.23,0.163,1
SEPTIN6,0.005808969573367364,0.6460468151482048,0.287,0.17,1
TOM1L2,0.046406102808045496,0.6456102301725962,0.322,0.234,1
UBE2E2,0.0026430222344718153,0.6455128686423697,0.759,0.67,1
DELE1,0.010409378726815207,0.6445193454016114,0.23,0.13,1
MIPEP,0.07341455736233049,0.6445193454016114,0.207,0.139,1
ZNF585B,0.15644833227863222,0.6445193454016114,0.184,0.132,1
ATF6,0.01954039713361849,0.6445193454016113,0.54,0.477,1
ADIPOR2,9.73654612168914e-4,0.6445193454016112,0.402,0.241,1
LIN54,0.009833765027795179,0.6445193454016112,0.287,0.173,1
PLEKHO1,0.06010268427097667,0.6445193454016112,0.126,0.071,1
CAMTA2,0.1103542756314326,0.6445193454016112,0.103,0.06,1
LINC01409,0.01984179866609924,0.6445193454016109,0.23,0.138,1
EPM2AIP1,0.05976233952440892,0.6445193454016109,0.218,0.144,1
KIAA1328,0.08973782785426072,0.6437451596889684,0.54,0.485,1
ZNF254,0.0014698472898556998,0.6433829175831888,0.379,0.229,1
CMPK1,0.1907104013916687,0.6431499147901134,0.264,0.208,1
USP45,0.014013335581673971,0.6430759285319425,0.299,0.192,1
ARMCX4,0.03417194344595289,0.6430759285319425,0.253,0.167,1
ZNF44,0.021485329576584958,0.6429010670032285,0.276,0.179,1
FAM91A1,0.0020132928885284018,0.6425416959611687,0.414,0.26,1
WASHC5,0.0019666728538550718,0.6419771508391581,0.356,0.212,1
RAD51C,0.5490723865110225,0.6413796378710441,0.115,0.096,1
DGCR2,0.06154330546260313,0.6413796378710439,0.264,0.187,1
SLC35D2,0.15921058512233205,0.640961525988422,0.138,0.093,1
SESN3,0.00150381910291735,0.6408208027108144,0.425,0.258,1
COA1,0.0026335502992110666,0.6401640363100944,0.54,0.399,1
ZNF587,0.13481224221780158,0.6400734403704191,0.195,0.139,1
RAD18,0.022317223489055793,0.6399466156117868,0.264,0.167,1
CHST11,0.018378943482465798,0.6388544330812576,0.655,0.59,1
VPS29,0.001046376595687597,0.638246748386081,0.333,0.182,1
TMBIM4,0.0014840520568915176,0.6377619792263023,0.494,0.322,1
AC139887.2,0.009493008243015334,0.6376851543133022,0.31,0.194,1
MAN2A2,0.04157761165876203,0.6369061612917357,0.149,0.084,1
CRIPT,0.1184886167875471,0.6369061612917357,0.126,0.079,1
DHX33,0.30051744110238976,0.6369061612917357,0.115,0.084,1
E2F4,0.41435310270176484,0.6369061612917357,0.115,0.09,1
IQCK,0.10921570815499243,0.6361071055854111,0.161,0.106,1
ZNF720,0.00770134139483783,0.6358470433871604,0.333,0.211,1
SLFN5,0.028319714206233464,0.6356411940551583,0.126,0.064,1
MEMO1,0.23856598717186464,0.6356411940551583,0.115,0.08,1
PPARG,0.0010141647608119858,0.6351392906036324,0.701,0.57,1
AC010168.1,0.41594724739569383,0.6351206473993618,0.115,0.092,1
ZNF814,0.0022513201134634923,0.6338721012021029,0.299,0.166,1
NIPA2,0.1201863929919495,0.6338721012021027,0.207,0.145,1
SERPINB6,0.0036321745928565,0.6335353769524963,0.437,0.29,1
PRMT9,0.1982214210556914,0.6332293321823861,0.218,0.169,1
ATP2A2,0.005083378383282078,0.6330122451872446,0.471,0.331,1
ANKRD13C,1.8544712388731844e-4,0.6329499566894743,0.517,0.318,1
INTS8,0.02097206412504305,0.632001305555183,0.287,0.186,1
AC025171.1,0.06093919261322605,0.6318529335654501,0.184,0.117,1
GNPAT,0.12381298167188913,0.6318529335654501,0.172,0.118,1
KANSL1L,2.933932287899082e-4,0.631414357778249,0.483,0.29,1
LIN7C,0.20403758332830654,0.6312225227881534,0.138,0.097,1
PBRM1,0.001511258511367496,0.6305608878116914,0.747,0.649,1
TAF5L,0.01667099334534432,0.6305260733221112,0.184,0.1,1
VTA1,0.001469318268894426,0.6302543793399733,0.368,0.216,1
PSMA3-AS1,0.003675510734183242,0.630204748466656,0.402,0.269,1
PDE6D,0.021391386270567823,0.630019775706496,0.195,0.112,1
MRPL33,0.05386354519225473,0.630019775706496,0.184,0.114,1
MRPL13,0.14542124127332567,0.630019775706496,0.172,0.119,1
SCRN1,0.2661344986679456,0.630019775706496,0.149,0.112,1
PDHX,0.005363773096557444,0.6294754651771611,0.402,0.271,1
TADA1,0.12585403222607733,0.6293329415869353,0.138,0.089,1
TNFAIP3,0.20139318385867933,0.6288886936878471,0.126,0.087,1
SASS6,0.342396701539053,0.6288886936878471,0.126,0.097,1
DCP1B,0.5193630842865546,0.6288886936878471,0.115,0.096,1
ING5,0.1190554120912714,0.6285778015325896,0.172,0.117,1
SLC7A6OS,0.15178293854456726,0.6285778015325896,0.172,0.123,1
ABHD17B,0.06123206344628352,0.628031222613042,0.218,0.145,1
ARHGEF10,0.06246111303218073,0.628031222613042,0.207,0.136,1
C1orf112,0.028402673057832888,0.6279173780644811,0.241,0.155,1
SOAT1,0.03662328126805355,0.6279173780644811,0.253,0.166,1
CCDC130,0.0634302062576039,0.6268173436681521,0.149,0.089,1
AC131571.1,0.07818653773816846,0.6268173436681521,0.161,0.101,1
WAC-AS1,0.11703384004182399,0.6268173436681521,0.161,0.107,1
TNFSF13B,0.15771618472033863,0.6268173436681521,0.138,0.093,1
C19orf12,0.2862927027114051,0.6268173436681521,0.126,0.093,1
RRN3,0.5196006388058272,0.6268173436681521,0.115,0.095,1
COA5,0.10381025246185137,0.6268173436681517,0.126,0.077,1
ACAP3,0.19339268377860372,0.6268173436681517,0.115,0.076,1
E2F6,0.2082009000475789,0.6268173436681517,0.115,0.077,1
SAT2,0.27934063469347625,0.6268173436681517,0.103,0.072,1
NBN,0.011636282440961968,0.6257827828200255,0.287,0.179,1
GNB1,0.0019513342872915906,0.625490117225982,0.69,0.606,1
NCAPD2,0.0509673709390206,0.6254105224539062,0.195,0.122,1
GTF2F2,0.010928832662357436,0.624392645549694,0.494,0.37,1
RPS4Y1,0.0014258027531982537,0.6229128892122362,0.402,0.241,1
USF3,0.04474785189909808,0.6229128892122362,0.218,0.141,1
AVEN,0.2837505759524508,0.6220540044969433,0.276,0.236,1
UHRF1BP1L,7.247095635076161e-4,0.6215488227519725,0.46,0.283,1
MOB1B,6.040674272688598e-5,0.6207632221490029,0.437,0.242,1
IFT172,0.143118843147104,0.6204337268772981,0.115,0.072,1
DARS2,0.20353545593248926,0.6204337268772981,0.103,0.068,1
TMEM91,0.24699266252336036,0.6204337268772981,0.103,0.07,1
VAV3,0.022306559145505188,0.6203822222883493,0.724,0.682,1
PPIP5K2,2.279010720064427e-4,0.6200323427273398,0.621,0.472,1
RNF141,0.07436840892657683,0.61979691599038,0.149,0.09,1
WASHC1,0.09274840847318985,0.61979691599038,0.149,0.094,1
PLRG1,0.1339982875287696,0.61979691599038,0.138,0.09,1
STAT1,0.03660780912580815,0.6190189731077451,0.218,0.138,1
HS6ST1,0.04056475973471559,0.6180471340404201,0.195,0.12,1
CDC37,0.09113370264656308,0.6180471340404199,0.218,0.153,1
ZC3HC1,0.20322168033645766,0.6180471340404199,0.115,0.077,1
HAUS1,0.33604684943219876,0.6180471340404199,0.103,0.076,1
CENPC,0.003335214796054823,0.6171429064703058,0.425,0.279,1
GID8,0.7996734737548442,0.616798587843161,0.126,0.123,1
FLCN,0.14348239374393876,0.6165049692320146,0.149,0.101,1
HIF1AN,0.3325351334721935,0.6165049692320146,0.138,0.106,1
MIR29B2CHG,0.12274076137642358,0.6162994717541528,0.23,0.168,1
PKP2,0.8265485166963304,0.6161290814101625,0.276,0.285,1
TAF4,0.05647831708563842,0.6160307884419154,0.23,0.154,1
HM13,0.003521626308741042,0.6157247544918433,0.494,0.363,1
OSBPL9,8.090469592382855e-4,0.6153729997420946,0.747,0.655,1
TACC1,0.01743515700812039,0.6152096464947279,0.667,0.553,1
TOPBP1,0.3541898625978711,0.615135538620517,0.253,0.219,1
LRRC37A3,0.025824708871178662,0.6151355386205166,0.195,0.113,1
GSR,0.17761427621231157,0.6151355386205166,0.207,0.155,1
AAMDC,0.12765492217750332,0.6146297734826853,0.172,0.118,1
PWWP2A,0.05891272718990145,0.6139113594712149,0.276,0.196,1
LANCL2,0.09788571894116141,0.6136819414790182,0.195,0.132,1
GLS,5.172021008268469e-4,0.6129556917577217,0.586,0.426,1
CSGALNACT2,0.005314612032768642,0.6128104856742729,0.276,0.155,1
KIF20B,0.14922987625979692,0.6128104856742729,0.184,0.132,1
AL365356.1,0.25844697185897625,0.6128104856742729,0.126,0.092,1
CAPZA2,3.7702039592603983e-4,0.6121361715508078,0.552,0.37,1
MPP1,0.006362626435396865,0.6120065318831207,0.345,0.219,1
PCNT,0.10101547526005665,0.6120065318831205,0.218,0.155,1
FBXO11,4.23459503104114e-4,0.6119706515334192,0.828,0.763,1
PHF11,0.06954355261968552,0.6118151803289051,0.195,0.127,1
OSBPL8,8.059149893664255e-4,0.6115438525455983,0.678,0.6,1
MTUS1,0.0031482118284063745,0.6109706484261588,0.632,0.54,1
IFT140,0.12021159522262263,0.6109109527587915,0.115,0.07,1
ZBTB18,0.1897055124466017,0.6109109527587915,0.103,0.066,1
NT5DC1,0.049175609448763764,0.6102261678477336,0.437,0.352,1
ITGB1BP1,0.02112903333809536,0.6100858483377372,0.23,0.138,1
DCTN5,0.02106602936243613,0.6099294162377313,0.264,0.166,1
PTPRA,1.1939926810371491e-4,0.6095472066514304,0.736,0.619,1
TBC1D9B,0.05844905901141849,0.6093299169393112,0.218,0.144,1
KMT2B,0.10987388259825348,0.6093299169393109,0.126,0.077,1
CA5B,0.03112658092184264,0.6087693204524092,0.264,0.174,1
HAUS6,0.09034634630794243,0.6079934693764975,0.218,0.152,1
ERGIC1,0.019938276357341217,0.607993469376497,0.299,0.196,1
PAPOLG,0.028843495963157263,0.607592776403254,0.195,0.115,1
FBXL17,0.0012351343814636987,0.6070174714984702,0.862,0.822,1
ITFG2,0.18292725361632328,0.6058577250325063,0.218,0.168,1
NCEH1,1.220987305054799e-4,0.6057268624045521,0.379,0.197,1
RALGAPA2,9.77313471639596e-4,0.6050707211647459,0.713,0.712,1
ABAT,0.07209698728772276,0.6049909812149736,0.149,0.091,1
LRP11,0.463692156148456,0.6049909812149736,0.115,0.093,1
TMEM117,0.013208521822124569,0.6043365917473327,0.713,0.658,1
VPS33A,0.03415748938528364,0.6042266394535778,0.172,0.099,1
GMEB1,0.209724131519119,0.6042266394535778,0.149,0.107,1
TCF20,0.027896589764609597,0.6042266394535775,0.356,0.259,1
NAAA,0.19962967593005893,0.603547564345305,0.149,0.106,1
NUBPL,0.003368553603060749,0.6035475643453048,0.448,0.303,1
USPL1,0.011743375800080474,0.6031354246364917,0.264,0.158,1
SETDB1,0.25076872190542926,0.6031354246364917,0.207,0.164,1
HDGFL3,0.28096021181454023,0.6029402416502121,0.126,0.092,1
IDE,0.03607634769312714,0.6028263971016508,0.333,0.237,1
CEP95,0.0037690127494264614,0.6023938697289344,0.345,0.21,1
TSC22D1,0.11792668134532835,0.6021903722970591,0.598,0.546,1
INF2,0.2778049257064057,0.6018997114638225,0.161,0.124,1
B4GALT4,0.6923927411428772,0.6018997114638225,0.126,0.115,1
CD99,1.6494022746893405e-4,0.6015746996259822,0.483,0.284,1
ZFPM2-AS1,0.015207644989473787,0.6015746996259822,0.31,0.205,1
SNX5,0.028082167587090263,0.601450623509725,0.356,0.254,1
KLC4,0.26364718367075246,0.601450623509725,0.103,0.071,1
TMEM220,0.19011336665754774,0.6006650558121835,0.115,0.076,1
RNF40,0.2047451220762173,0.6006650558121835,0.115,0.077,1
VRK3,0.06004601317777196,0.6000006786229664,0.138,0.079,1
RHOT2,0.18029221625643904,0.6000006786229664,0.126,0.084,1
PTPN23,0.20343273623235802,0.6000006786229664,0.126,0.087,1
TXNDC15,0.2965251284714306,0.6000006786229664,0.115,0.083,1
GABPB1,0.030335587644233025,0.5998014251124102,0.287,0.196,1
GALK2,0.008875460571534528,0.5995205964113255,0.506,0.364,1
HARS,0.14955415640576586,0.5994314558730731,0.138,0.091,1
ZNF839,0.49941924143742356,0.5994314558730731,0.115,0.095,1
ZNF562,0.006893307763191462,0.5991763599408568,0.276,0.161,1
NDUFAF7,0.31615181946075294,0.5989383110927156,0.126,0.094,1
CTSA,0.05124757486410116,0.5985069476447751,0.161,0.095,1
KCTD13,0.14133502868239922,0.5985069476447751,0.149,0.1,1
CASC4,0.019480289221310322,0.59812643991716,0.402,0.302,1
MAPKAPK2,0.10529977353238318,0.5981264399171597,0.161,0.105,1
PRPF38B,0.08575211134015275,0.5977882950566198,0.276,0.202,1
SCAI,0.014939184605200079,0.5976329577707753,0.276,0.171,1
UFM1,0.0014946512935410125,0.5969674159215921,0.368,0.215,1
OPA3,0.2668143894291594,0.5960208277104215,0.184,0.142,1
CRYBG3,0.08273544174686137,0.5957369723153314,0.31,0.234,1
AC104162.2,0.015714000814143106,0.5949992095578125,0.276,0.173,1
HIPK3,0.001870783105257505,0.594784303295611,0.69,0.619,1
MAD1L1,0.0026743778803149628,0.5920519255074757,0.368,0.219,1
AGO1,0.05920203129177801,0.5920519255074757,0.184,0.115,1
DYRK2,0.07033683941077236,0.5920519255074757,0.149,0.09,1
BORA,0.09752380693331213,0.5920519255074757,0.126,0.076,1
RAE1,0.11437609101928012,0.5920519255074757,0.149,0.096,1
PRR11,0.14277232935496476,0.5920519255074757,0.126,0.081,1
ZBTB37,0.14443344924646334,0.5920519255074757,0.195,0.139,1
SH3BP1,0.15667506694731195,0.5920519255074757,0.103,0.064,1
SFXN4,0.17087713211056246,0.5920519255074757,0.115,0.074,1
MTRR,0.21713246228044975,0.5920519255074757,0.138,0.097,1
CBX6,0.2311954700677911,0.5920519255074757,0.103,0.069,1
AC011092.2,0.25949894365790777,0.5920519255074757,0.126,0.089,1
DDX56,0.3794593292983853,0.5920519255074757,0.103,0.078,1
BORCS7,0.5536416726535158,0.5920519255074757,0.103,0.087,1
ABRAXAS2,0.6286131526383189,0.5920519255074757,0.126,0.11,1
GLCE,0.0020161409198509337,0.5920519255074754,0.414,0.255,1
BTF3L4,0.007172596390166132,0.5920519255074754,0.299,0.178,1
DECR1,0.03169911872034587,0.5920519255074754,0.264,0.174,1
LSG1,0.04346314274780041,0.5920519255074754,0.23,0.148,1
DNAJC9,0.08743564962750149,0.5920519255074754,0.23,0.161,1
ABL1,0.002860069257557641,0.5914120075369536,0.667,0.613,1
CLSTN1,0.004117188119061823,0.5898134533114763,0.368,0.228,1
TRIO,3.1429865937393286e-4,0.5895468110720148,0.897,0.819,1
CDK8,0.0035913137325266123,0.589152035001681,0.448,0.297,1
CIT,0.03484932122012614,0.5889325836632968,0.172,0.101,1
PFDN1,0.13858796702260226,0.5889325836632968,0.241,0.184,1
SNX6,0.019313899241575238,0.5887315672158641,0.621,0.569,1
POLR1D,0.07129095919744344,0.5886210201072024,0.23,0.159,1
ATG3,0.001957015819537082,0.5885028584264045,0.287,0.155,1
LYN,1.4440574374406328e-4,0.5883431958535166,0.724,0.567,1
CLCN7,0.02139186107086749,0.5871531260946363,0.207,0.12,1
DNAJC1,0.04522154649516627,0.5862983982771781,0.54,0.488,1
NARS2,6.896309709838388e-4,0.5861189697537346,0.402,0.235,1
NUMB,2.5234577939611396e-4,0.5857820545313913,0.793,0.654,1
DLD,0.09168545973522828,0.5854188331750287,0.241,0.175,1
AREL1,0.019008533064336666,0.5851982544664129,0.276,0.175,1
KMT2D,0.01085753968999321,0.5844387413976002,0.264,0.156,1
TBC1D5,2.727670577437957e-4,0.5843438303722119,0.92,0.883,1
GNB4,0.014076474340033984,0.5842954818730411,0.345,0.231,1
ATR,0.06601168014263775,0.5842465230186751,0.425,0.35,1
FGFR1OP2,0.030434637807259884,0.5839392797201559,0.299,0.205,1
EXOC6,0.00456126576233763,0.5831828706848918,0.529,0.384,1
SLC12A9,0.05084670913881488,0.5831188007374677,0.207,0.131,1
KLC1,1.4289176678635698e-4,0.5830755706815536,0.667,0.481,1
BRAT1,0.1633507627163271,0.5827140609281396,0.115,0.074,1
FARS2,0.0012970521521012811,0.5819842290972773,0.759,0.701,1
MED26,0.23704068883308624,0.5817835900536488,0.161,0.119,1
SOD2,0.055752656173608375,0.5817835900536483,0.276,0.198,1
AC009226.1,0.2863223414024045,0.581245170550893,0.115,0.083,1
TFB1M,0.11993414762489055,0.5810529265582183,0.218,0.156,1
H2AFY,0.016223177551486646,0.5807366122796415,0.598,0.538,1
POT1,0.005255362468305434,0.58064716223522606,0.322,0.194,1
ACVR1,0.1401221593133128,0.5803890079818955,0.276,0.214,1
RBM47,0.004410382424410193,0.5798117923496353,0.793,0.784,1
HCG18,0.040756640907053165,0.5795393141939269,0.322,0.228,1
RASSF3,0.005531379393399359,0.5793855136713147,0.448,0.299,1
PFDN2,0.1746248105596215,0.5780676960717746,0.172,0.125,1
ERO1B,0.45309463288181406,0.5774051495430743,0.207,0.184,1
MEAF6,0.13063158411230144,0.5774051495430741,0.138,0.089,1
MYCBP2-AS1,0.04754572489857156,0.5768655216927998,0.23,0.149,1
SAP30BP,0.013183474526865198,0.5762846096491592,0.253,0.15,1
ZBED5,0.08203006883722798,0.5762846096491592,0.218,0.149,1
EMC1,0.10879505897881096,0.576284609649159,0.138,0.086,1
IRAK1BP1,0.37705979662328004,0.576284609649159,0.103,0.077,1
ARHGAP29,0.9414576118562064,0.575948617323558,0.184,0.193,1
AC004943.2,0.26298975713386613,0.5749784121485344,0.149,0.113,1
RBSN,0.038367391000260126,0.5749784121485342,0.184,0.109,1
UXS1,0.10674019353558127,0.574978412148534,0.253,0.191,1
IFT88,0.10891058931112377,0.5749784121485338,0.299,0.225,1
RIPK2,0.028640452087841665,0.5743932590109686,0.23,0.143,1
DIMT1,0.29464345529787467,0.5742406493910153,0.172,0.136,1
CALCOCO1,0.2944156221307641,0.5739803525854574,0.149,0.113,1
CDK18,0.21431559937476777,0.5734362473401284,0.103,0.068,1
LMBR1L,0.30179545964897014,0.5734362473401284,0.103,0.074,1
CSNK1G3,0.015237951187386602,0.572966084376577,0.379,0.26,1
RIC1,0.005341819048907685,0.5726264269198255,0.655,0.574,1
PMS1,0.052141766721675205,0.5723695596457758,0.345,0.261,1
EFL1,0.0397012538434917,0.57158782294776,0.287,0.196,1
NAXD,0.5924962967545822,0.5715878229477598,0.115,0.099,1
MIS18BP1,0.10448365835799545,0.570584732317474,0.391,0.311,1
ZNF496,0.29363226345739263,0.5705187639578342,0.149,0.113,1
CISD2,0.11763660992608097,0.5701371490790348,0.126,0.078,1
SNIP1,0.13719294570864418,0.5701371490790348,0.138,0.089,1
MIA2,0.02382576489509086,0.5698219781240101,0.333,0.232,1
PIGG,0.419498660791477,0.5688196192697588,0.172,0.141,1
HCFC2,0.01858158959527694,0.5682051835531081,0.264,0.163,1
CDV3,2.0612617722690942e-4,0.5680064515408247,0.471,0.274,1
PABPN1,0.0030420653834258194,0.5674545617667217,0.437,0.281,1
DCAF10,0.009823055637552997,0.5668635934166425,0.448,0.322,1
ZYG11B,9.809704062348507e-4,0.5665168334003381,0.494,0.31,1
B4GALT5,0.019306732951983683,0.5665168334003381,0.471,0.364,1
ATF2,0.006166851036412973,0.5665168334003379,0.494,0.359,1
DYNC1LI1,0.014529713880943353,0.5665168334003379,0.23,0.133,1
PARP6,0.2858899160679269,0.5665168334003376,0.138,0.103,1
G2E3-AS1,0.4878460908533745,0.5665168334003376,0.115,0.094,1
BAZ1A,0.06088818204831537,0.566139115099741,0.368,0.291,1
PRKAR1A,0.003067719106488281,0.566056716974531,0.402,0.256,1
PILRB,0.028662552102598722,0.565928338576396,0.345,0.241,1
TUBB6,0.1953000742561268,0.5658679937038205,0.218,0.169,1
AKAP10,0.0042828902150896415,0.5658450312736987,0.621,0.517,1
MAVS,0.0552041090630165,0.5655797141462844,0.241,0.162,1
TYMP,0.18442667514723393,0.5654167990040087,0.161,0.114,1
RPTOR,0.010186503547723123,0.5649680463048514,0.563,0.464,1
MAML1,0.039797252277992995,0.5642177173107503,0.207,0.129,1
VAMP7,0.05833576582878826,0.5642177173107503,0.207,0.131,1
MMP24OS,0.10124499765214026,0.5642177173107503,0.172,0.115,1
NUF2,0.15598623215119267,0.5642177173107503,0.149,0.102,1
DNAJC11,0.09570595061712865,0.5639008851933263,0.23,0.165,1
MSN,2.292167020781359e-4,0.5634827733107045,0.368,0.193,1
ICE2,0.3788477948767328,0.5634118774635741,0.333,0.289,1
GNS,0.008406105378398487,0.5629055798479592,0.333,0.21,1
KMT5A,0.0870734759865174,0.5623045821134236,0.207,0.14,1
RAB4A,0.11552421560742969,0.5623045821134236,0.207,0.145,1
CCZ1B,0.11671329373808415,0.5620571852096381,0.161,0.107,1
EIF2S3,0.18474082906339834,0.5620571852096381,0.241,0.191,1
XRN2,9.749858051132241e-5,0.5617363010800038,0.69,0.51,1
OTULIN,0.08217321120979983,0.5611579175616916,0.264,0.192,1
WARS2-AS1,0.03195425424673481,0.5610250298868511,0.391,0.29,1
PHKA2,0.02454691236481397,0.560903226936811,0.287,0.186,1
ATG14,0.01585716146271503,0.5606877545981404,0.241,0.144,1
PPME1,8.559091279362591e-4,0.5604203164583645,0.391,0.231,1
KNTC1,0.10637461646246091,0.5598715197583259,0.241,0.172,1
CCS,0.2195902668651364,0.5598715197583259,0.149,0.108,1
MEF2D,0.37811437095270095,0.5598715197583259,0.149,0.121,1
ATP9B,0.027418868391656095,0.5598325200951244,0.586,0.587,1
ENPP2,5.095973969978479e-4,0.5596843309890529,0.552,0.365,1
STYXL1,0.03258151453816118,0.5594472600755476,0.23,0.144,1
NBPF15,0.015115591792305509,0.5593033431677634,0.276,0.17,1
BARX2,0.8775168639305067,0.559187291601849,0.126,0.136,1
RNPEP,0.013309829347711837,0.5581045935841378,0.241,0.141,1
L3HYPDH,0.13225900479670097,0.5581045935841376,0.126,0.08,1
TSN,0.3409379090795351,0.5581045935841376,0.103,0.076,1
TPRG1,0.17724765215027524,0.5566465893762769,0.149,0.104,1
ZNF148,0.0013969122132595872,0.5565449231177597,0.77,0.749,1
RAB10,1.2524298545296483e-4,0.5562418495669483,0.782,0.647,1
KLHL2,0.02297390676296425,0.5559416320981949,0.253,0.158,1
FOXK2,0.002098307291757995,0.5557925818058507,0.552,0.404,1
ZNF738,0.31425085805684677,0.555710078443755,0.126,0.094,1
ANKLE2,0.015964158283721653,0.5555260494823617,0.345,0.227,1
ZNF439,0.03164444793129265,0.5553113786924575,0.276,0.179,1
RAPGEF6,0.009900085554744406,0.5551202603485044,0.632,0.577,1
KDM6B,0.2914807574106441,0.5550577180252743,0.161,0.123,1
DAB2,0.004086672923612904,0.5548387006172755,0.678,0.65,1
CNOT1,0.028039007237140746,0.5547741750435062,0.667,0.662,1
FAM204A,0.0798582997765888,0.5539167966207044,0.299,0.224,1
PJA2,8.707793846910885e-4,0.553638041902247,0.563,0.399,1
RIC8B,0.012432602460963777,0.553638041902247,0.356,0.23,1
SUGP1,0.10933246109565704,0.5529521058185352,0.138,0.086,1
CLEC16A,0.009331865944609382,0.5525235613208381,0.448,0.327,1
JAM3,0.016717730483418857,0.5524512222107927,0.333,0.226,1
IRF2,0.09288688989938314,0.5519373382161088,0.276,0.206,1
ACVR2A,0.10574207532420342,0.551666854026727,0.333,0.26,1
RFX1,0.15754712200447682,0.5514099410101299,0.172,0.121,1
ID2,0.151477292806905,0.5514099410101296,0.161,0.112,1
FNIP1,0.004451181191103196,0.5508292627809627,0.759,0.711,1
XPC,0.038190166097308915,0.5507839071357414,0.264,0.176,1
CLPTM1L,0.2300359240548756,0.5497411206495109,0.115,0.078,1
TRNT1,0.44334057397447485,0.5493022780481382,0.149,0.123,1
HEATR5B,5.708146613333517e-4,0.5490345752409581,0.483,0.295,1
UST,0.0702268300912157,0.5487844716033063,0.276,0.197,1
RLF,0.002426779326027256,0.5487603625961806,0.494,0.333,1
IBTK,0.04442929890492841,0.5487407542341453,0.448,0.347,1
GATA2,0.10462993194556139,0.5485502868708889,0.184,0.125,1
AC084198.2,0.29931399109156454,0.5485502868708889,0.126,0.093,1
GSS,0.4425788931775588,0.5485502868708889,0.115,0.091,1
FAM110B,0.12778728739041614,0.5482256845428488,0.31,0.233,1
METTL8,0.25155200562837016,0.5480742284468731,0.195,0.151,1
MTF2,0.11979201951210305,0.5471225826070314,0.391,0.338,1
GGA3,0.1136270077098305,0.5469640359789376,0.172,0.115,1
TENT4B,0.012408340299897807,0.5467658771927062,0.379,0.265,1
ZNRF2,0.053674390763295304,0.5467485636402667,0.483,0.402,1
TBC1D8B,0.9392626684504805,0.5464092599517634,0.115,0.117,1
CABIN1,0.27975535753192277,0.5461715640881581,0.276,0.234,1
VSIG10,0.06663489879349792,0.5459555109180216,0.195,0.125,1
LRSAM1,0.082947244442747,0.5459555109180216,0.195,0.13,1
TAF1A,0.18732951356352584,0.5459555109180214,0.115,0.075,1
VPS4A,0.31486104636464995,0.5459555109180214,0.103,0.074,1
PHF2,0.04411224888211765,0.5459555109180212,0.276,0.188,1
MAGI1,0.20044161734317806,0.545696289815736,0.621,0.597,1
FAM89A,0.10881258380289033,0.5454112003886865,0.299,0.23,1
RNF220,0.15933743293141775,0.5452577140285344,0.115,0.074,1
ZNF566,0.319891473352433,0.544746210729119,0.126,0.095,1
ERCC6L2,0.005031928552841628,0.5446389830326936,0.448,0.299,1
WDR19,0.07782274724010474,0.5443551834761791,0.161,0.099,1
POLR3E,0.2135960726774843,0.5443551834761791,0.161,0.116,1
LRRFIP1,0.06332768406224525,0.5440076926475254,0.563,0.499,1
R3HCC1L,0.010263066093641382,0.5439792956543273,0.494,0.369,1
GUF1,0.05383798317865415,0.5435904365508306,0.207,0.133,1
TMEM267,0.2568098934639261,0.5432695524211959,0.195,0.151,1
RSRC1,0.00233861256582148,0.5430489859755543,0.724,0.635,1
ABCB7,0.09282766915101552,0.5427710227362572,0.287,0.218,1
FOSL2,0.35851157777263176,0.5414258524375077,0.172,0.139,1
NDUFAF2,0.005640511358256754,0.5414258524375075,0.368,0.234,1
PRKD3,0.00820963926576912,0.5414258524375075,0.448,0.312,1
METTL16,0.023417214751263588,0.5414258524375075,0.264,0.166,1
EXOSC7,0.048055577839791704,0.5414258524375075,0.184,0.112,1
CUTC,0.20438096894690858,0.5414258524375075,0.149,0.106,1
AKAP1,0.2450936980927703,0.5414258524375075,0.103,0.07,1
HACL1,0.5638232642355412,0.5414258524375075,0.138,0.12,1
SEPTIN9,0.026754252179899653,0.5410573950122154,0.621,0.485,1
IST1,0.004573311281652876,0.5403677702185447,0.402,0.258,1
KLHL22,0.015319333720805505,0.5403677702185447,0.368,0.253,1
OSTM1,0.02126659528212948,0.5395845056133401,0.253,0.155,1
TRNAU1AP,0.49822221148663,0.5395845056133401,0.184,0.157,1
CDC123,0.02680214518661709,0.5388099042304961,0.31,0.208,1
CCDC90B,0.21561349281449038,0.5385024572307415,0.149,0.107,1
LINC01091,0.06818102500662936,0.5383374703201296,0.471,0.418,1
GYPC,0.002743411555892613,0.5381131183966721,0.241,0.124,1
CARM1,0.01962223041907849,0.5381131183966721,0.276,0.172,1
NUP50-DT,0.03662393174889074,0.5376041414850992,0.276,0.182,1
CYSTM1,0.06722665635080442,0.5373978506374053,0.276,0.197,1
EFCAB2,0.06184020826816591,0.5373978506374052,0.391,0.31,1
RAD51AP1,0.1017239778711409,0.5369103713150145,0.103,0.059,1
IFRD1,0.032671868971387096,0.5366195346965741,0.368,0.269,1
CMC1,0.015394043869046565,0.536078287254139,0.414,0.29,1
NUP43,0.1061738747532901,0.5359088474699418,0.172,0.113,1
ASPSCR1,0.22894551894022747,0.5359088474699418,0.149,0.107,1
TTC27,0.12846993709686963,0.5352207029107996,0.31,0.246,1
SEC24C,0.20905708617514213,0.5352207029107992,0.149,0.106,1
RALGAPA1,0.004152631579700891,0.5349794831737088,0.69,0.638,1
CCNT2,0.017617498720234787,0.5346579195836361,0.517,0.447,1
CTBP2,0.005975722483054826,0.5345540451251491,0.621,0.515,1
LMAN2L,0.1531114851474267,0.5343364276511884,0.138,0.091,1
PTPN6,0.1713064388961339,0.5343364276511884,0.126,0.083,1
KCTD10,0.42774308571953457,0.5343364276511884,0.115,0.091,1
ZYX,0.45319630155511215,0.5343364276511884,0.103,0.081,1
MYCBP2,2.0825291401995092e-4,0.5341229480649909,0.885,0.802,1
TXNL1,0.04926157990469156,0.5337079392766707,0.322,0.235,1
SREK1,0.013319575538792813,0.5332382772340262,0.609,0.507,1
NMI,0.4362449654196023,0.5331582364539069,0.103,0.081,1
MACF1,2.437913902128361e-4,0.5331070325696445,0.943,0.916,1
RESF1,0.0019842254086601735,0.5330314116952748,0.414,0.258,1
LITAF,0.018261253578618956,0.5327998474219091,0.287,0.183,1
SDCBP2-AS1,0.2115912344241978,0.5324089790800739,0.184,0.137,1
FBXW5,0.26845659578420983,0.5324089790800739,0.172,0.132,1
STX12,0.20785479574015717,0.5323172600145362,0.31,0.264,1
DCUN1D5,0.08652291273324006,0.532242530272172,0.23,0.157,1
PDCD10,0.02256952113057071,0.5319309330699046,0.345,0.24,1
ROCK1,7.208517593738048e-5,0.5316362676998017,0.77,0.639,1
STXBP2,0.07432607090580405,0.5315103835724249,0.161,0.099,1
INTS12,0.08560080037116861,0.5315103835724249,0.184,0.12,1
RECQL,0.1285204779723846,0.5315103835724249,0.172,0.118,1
EMB,0.323285266989681,0.5315103835724249,0.115,0.084,1
LRRC37A2,0.44655533928162483,0.5315103835724249,0.126,0.102,1
RAD17,0.04175875119151019,0.5315103835724246,0.23,0.146,1
TSTD3,0.1237810265458938,0.5309903997711971,0.276,0.214,1
CWF19L1,0.02635346636976144,0.5304128597150899,0.195,0.113,1
MED6,0.14045185943408395,0.529990957375224,0.218,0.159,1
GUSB,0.06901311010316719,0.5296294249736606,0.195,0.127,1
THUMPD3-AS1,0.00984351094451372,0.5290421279816753,0.356,0.231,1
DSC2,0.15183387314956504,0.5290421279816753,0.253,0.197,1
RXRA,0.5486937179656062,0.5290421279816753,0.172,0.153,1
SMIM7,0.016100797640182258,0.5285855066640828,0.264,0.161,1
CCNY,5.273144505176986e-4,0.5276278200067431,0.724,0.659,1
XPO7,5.4089210187033736e-5,0.5275631990557617,0.632,0.418,1
CCDC82,0.09117017328521002,0.5272816701172376,0.23,0.163,1
CORO1C,0.042692516839066906,0.5271623947634522,0.379,0.276,1
LYRM4,0.0596843403376746,0.5271252888867027,0.31,0.222,1
TM9SF2,0.0021845792498712624,0.526867756747338,0.54,0.389,1
ADCY3,0.14113602237131234,0.5265780880301945,0.161,0.11,1
HBP1,0.0066296854361293095,0.526578088030194,0.345,0.211,1
MED14,0.013167085089248598,0.5263640224402342,0.356,0.239,1
SLC25A26,0.013478226129170547,0.5261993782128498,0.391,0.26,1
MDN1,0.0037209607688780872,0.5257376714719779,0.345,0.208,1
CCDC92,0.21130165746105445,0.5249377296489386,0.23,0.176,1
SMNDC1,0.263909503110422,0.5249377296489386,0.172,0.132,1
ERVK3-1,0.3147933206253663,0.5249377296489386,0.115,0.084,1
MCUB,0.0016819183142584764,0.5243073188716414,0.368,0.211,1
PRKAG2,0.08134281561961745,0.5242251116838992,0.276,0.203,1
SUGT1,0.0017846434238781362,0.524051825389668,0.356,0.204,1
RCL1,0.4629441910929481,0.524051825389668,0.218,0.191,1
CREB1,0.0037468683772927205,0.5240144047912534,0.483,0.319,1
BNC2,0.0025131806803249924,0.5238479858051632,0.678,0.6,1
PRCP,0.09463766093497925,0.5236267844965916,0.184,0.119,1
C6orf89,0.1528940636154403,0.5236267844965916,0.207,0.148,1
SHLD1,0.5178513447326671,0.52288990100008,0.115,0.096,1
LDHA,0.37163917312327627,0.5228899010000798,0.207,0.172,1
CCDC93,0.0683490784036013,0.5225975911944223,0.322,0.233,1
TMEM241,0.1451292869151238,0.5225975911944223,0.276,0.214,1
ZNF506,0.009275868295063184,0.5214537988544586,0.391,0.26,1
ERCC5,0.11106241793681822,0.5208449750150554,0.207,0.144,1
MAPK1,0.01622074794815492,0.5206672922707103,0.448,0.34,1
SCLT1,0.19535826560707442,0.5206298881654751,0.494,0.474,1
MAN2B1,0.1517593010064015,0.5202612424394655,0.126,0.082,1
OGFR,0.3293911511224898,0.5202612424394655,0.126,0.094,1
APTR,0.453247459433877,0.5202612424394655,0.115,0.09,1
GBA2,0.7800472608864016,0.5202612424394655,0.103,0.096,1
TMED7,0.14523280315665288,0.520261242439465,0.184,0.129,1
GATAD2A,0.02175167712454826,0.5196304457695022,0.575,0.499,1
RCHY1,0.07087290535740899,0.5192955830721615,0.253,0.175,1
PIGL,0.008077620532307398,0.5187477935297407,0.333,0.209,1
SEL1L,0.004970447392993289,0.518645983781215,0.425,0.279,1
FAM114A2,0.3425296384133087,0.5183948837821668,0.126,0.096,1
POM121,0.014228429883872842,0.5182616647931167,0.391,0.27,1
ZNF33B,0.016836979215566834,0.5178273404857487,0.356,0.24,1
AC023424.3,0.01534895457039581,0.51755280289388494,0.264,0.163,1
CCDC84,0.01187052855758288,0.517462609086792,0.31,0.197,1
CPNE1,0.12452919693552843,0.5167637982032383,0.241,0.174,1
MIRLET7BHG,0.18200501830237348,0.5167637982032383,0.138,0.094,1
PREPL,0.06949507702982385,0.5159208562915045,0.241,0.164,1
SYNE1,0.004416615298723757,0.5155998650696025,0.299,0.172,1
AGPAT4,0.12668951031555076,0.5151649909017613,0.414,0.333,1
ELOC,0.007075538743987269,0.5151345546185802,0.287,0.168,1
NSF,0.0642048453789779,0.5151345546185802,0.253,0.175,1
N4BP1,0.020947045665659646,0.5149631622761284,0.552,0.459,1
ARL8B,0.010773576151758835,0.5148175706176686,0.598,0.494,1
DIS3,0.4715980025835306,0.5145425582865604,0.161,0.138,1
XPO6,0.002029543809652534,0.51421132305588,0.494,0.32,1
SLC2A13,0.004748227385256911,0.5136754160858605,0.471,0.328,1
ZNFX1,0.37005317159388484,0.5129080407877389,0.149,0.118,1
WBP11,0.01304055000470961,0.5125540051931059,0.264,0.158,1
UEVLD,0.2883547833969945,0.5125540051931059,0.218,0.178,1
SCMH1,0.17251978357722425,0.512260187254976,0.621,0.629,1
VPS37B,0.03641388157180217,0.5118815768234923,0.276,0.184,1
METTL2A,0.18044845054846412,0.5118815768234923,0.103,0.065,1
CNOT8,0.21847745370464466,0.5118815768234923,0.172,0.127,1
LIMK1,0.22147875864426475,0.5118815768234923,0.103,0.068,1
LPCAT3,0.09483024060567444,0.5118815768234921,0.287,0.217,1
SNX3,0.003285765298856245,0.5111319301239082,0.471,0.325,1
SPG7,0.02271191700370804,0.5110522033939887,0.379,0.265,1
POLR3C,0.16160242092397537,0.5109535002132373,0.172,0.121,1
CHKB,0.06803324913933584,0.5106635986668202,0.172,0.107,1
PCGF3,0.13619509715370148,0.5101103119712993,0.264,0.2,1
CC2D2A,0.09593490138067827,0.5097942433883964,0.218,0.153,1
PPP2R5C,0.02053029804752507,0.5097598242584578,0.563,0.45,1
SWAP70,0.007274183374196918,0.5095023636833378,0.632,0.539,1
NUP133,0.045543500096651555,0.5090991361521653,0.299,0.208,1
GABPB2,0.20286108186999885,0.5086359173198383,0.161,0.116,1
ANKRD13A,0.438037338150435,0.508635917319838,0.253,0.222,1
BBS2,0.18280261524985217,0.5086359173198378,0.126,0.084,1
MRNIP,0.3117287696168685,0.5086359173198378,0.103,0.074,1
CCDC66,0.03260167780169818,0.5083051377606934,0.356,0.258,1
RHOU,0.060034347161182826,0.5081131070075797,0.23,0.153,1
COG5,1.7387758391834625e-4,0.5079699043630738,0.828,0.749,1
EXOSC1,0.23639610547300063,0.5073895284380914,0.126,0.088,1
CDK11A,0.37100192018391864,0.5073895284380914,0.115,0.087,1
IPO11,0.0690138088560667,0.507015821651676,0.31,0.224,1
ATL2,0.016784255444125047,0.5065742929440558,0.414,0.281,1
LINC00662,0.32826941120544134,0.5063220514815923,0.115,0.085,1
DBF4,0.12613317552769357,0.5063220514815914,0.172,0.117,1
KATNAL1,0.6099174970929175,0.5063220514815914,0.126,0.111,1
FARP1,0.003009862679290685,0.5061266834752141,0.586,0.444,1
TWF1,0.40865191555151037,0.5056916407042944,0.161,0.131,1
NUP50,0.0032101521798193135,0.5053975432532938,0.31,0.175,1
DAPK3,0.4096456382011824,0.5053975432532938,0.126,0.1,1
USP49,0.27650683853305535,0.5051162887361946,0.172,0.13,1
ARID2,0.011988706912085952,0.504428870848518,0.782,0.775,1
PXDC1,0.018983673534908208,0.5042934197329145,0.322,0.215,1
CEP162,0.09207499498082676,0.5042217526088397,0.253,0.182,1
ZNHIT6,0.0739402194175787,0.5036568095617617,0.218,0.148,1
MTAP,0.20010499700036416,0.5029260350344917,0.483,0.417,1
MAP2K7,0.1470911319643282,0.5026761181767831,0.172,0.119,1
KLHL23,0.40002502289789466,0.5026761181767831,0.138,0.11,1
NUP155,0.23536820736372463,0.5025003405291835,0.218,0.173,1
ELMO2,0.18856984715760133,0.5021664219902808,0.103,0.066,1
RBAK,0.23736214502381447,0.5021664219902808,0.103,0.069,1
CNOT10,0.1119832459279681,0.5021664219902806,0.299,0.224,1
KIAA1109,0.011500461877240279,0.5020390260750678,0.69,0.63,1
RAB1A,0.00268555946253005,0.5019667962751578,0.782,0.726,1
TRIM27,0.06084847402953982,0.5018541165358974,0.276,0.194,1
PSEN1,0.007841386249226895,0.5017054234112217,0.46,0.318,1
INO80E,0.21324259251366517,0.5012864615842929,0.115,0.077,1
MNT,0.3418029877190832,0.5012864615842929,0.103,0.075,1
TMEM184C,0.3175326454544079,0.5009040374492804,0.184,0.146,1
PDCD6IP,0.028042945285584504,0.5000499246419687,0.621,0.611,1
RCC1,0.35444680384227806,0.4999337235190442,0.115,0.086,1
CLTC,0.007103442081166731,0.49990523118593244,0.77,0.762,1
PLEKHF2,0.16474492674795252,0.49965832120058096,0.218,0.161,1
TXNL4A,0.0590626904954105,0.49940263754180103,0.253,0.171,1
DHX34,0.37234467577372693,0.49940263754180103,0.126,0.097,1
HSDL2,0.10947576078548515,0.49916462796592675,0.345,0.269,1
CCDC85C,0.8142958966871997,0.49894252111599435,0.103,0.097,1
CCNK,0.192620715849019,0.4985400395843309,0.241,0.188,1
ZNF706,0.059426404201387416,0.49835713054562136,0.264,0.182,1
ATP6V0E1,0.10723697673058644,0.4981850020432532,0.264,0.197,1
ARIH2,0.08649082990787339,0.49807577729846186,0.356,0.28,1
MIOS,0.09032816055936148,0.4980227282631047,0.276,0.202,1
NSMCE2,2.3777198607770127e-4,0.4976845611104017,0.816,0.799,1
ADAR,0.03598489748319381,0.4972155884923817,0.333,0.235,1
MAP2K1,0.05363905121480184,0.49710352145221304,0.31,0.227,1
SOCS7,0.2734285980013445,0.49710352145221304,0.184,0.141,1
CCDC91,0.021029792573637487,0.49679724928443747,0.69,0.633,1
TCAIM,0.00501537196531924,0.49679724928443736,0.368,0.229,1
NRF1,0.0022309845098311136,0.4967040489199947,0.598,0.443,1
BTBD8,0.08815283176182011,0.49670404891999453,0.207,0.138,1
SRBD1,0.053877631855071204,0.49652931446318455,0.575,0.527,1
CMTR1,0.13961756304155554,0.49636857745216756,0.218,0.155,1
SLC22A3,0.4027703544384734,0.49599682069152284,0.115,0.152,1
DNMT3A,0.0013075000054669386,0.4959148284184261,0.575,0.39,1
HDAC8,0.04025995194758508,0.4958596950309315,0.621,0.559,1
RARS2,0.048278693374036556,0.49579883594586266,0.54,0.431,1
IRAK4,0.01317154825686783,0.4957258084324514,0.287,0.176,1
CDC40,0.211772169144299,0.4957258084324514,0.23,0.181,1
NGLY1,0.04802764108185395,0.4957258084324512,0.414,0.307,1
SENP2,0.03570996276730197,0.49552500182889947,0.299,0.199,1
ORC4,0.017167784697293756,0.4940683715693018,0.414,0.3,1
GBF1,0.08107966692323054,0.4931937326174678,0.655,0.614,1
SFXN5,0.03375971381229006,0.49251625195656135,0.23,0.144,1
HADHB,0.16652794043653127,0.4925162519565611,0.345,0.295,1
CTNS,0.22745196586079988,0.4925162519565611,0.115,0.078,1
PNKP,0.240313614943625,0.4925162519565611,0.149,0.109,1
MTRF1,0.24364925740479765,0.4925162519565611,0.103,0.07,1
TIMM44,0.24913399607096032,0.4925162519565611,0.115,0.08,1
CC2D1B,0.2750493433187847,0.4925162519565611,0.103,0.071,1
CLPTM1,0.34537620194841084,0.4925162519565611,0.138,0.106,1
MED23,0.0863583289394217,0.492516251956561,0.345,0.264,1
PAIP1,0.06492250440625129,0.4925162519565609,0.23,0.155,1
ZNF75D,0.23859218007930436,0.4925162519565609,0.207,0.162,1
ELF2,0.02745601941460182,0.49195717617320767,0.69,0.652,1
PTPN11,0.6277546650403143,0.4908298753286744,0.31,0.297,1
NPTN,0.011005542087971495,0.49070268158463015,0.391,0.267,1
NFYC,0.03406036290804718,0.4903805076125701,0.333,0.238,1
SLC25A24,0.002178557921367724,0.4901723114882619,0.368,0.214,1
AFG1L,0.09832456534221402,0.4901723114882619,0.287,0.214,1
KDM1A,0.10351757786315743,0.4900522120050801,0.299,0.219,1
WDR20,0.15481767221804113,0.4900522120050801,0.437,0.388,1
ELL,0.031189122667412975,0.48977087521774365,0.299,0.199,1
RHEB,0.071130317981413907,0.4895599086251489,0.414,0.329,1
PRR5,0.011408313349380084,0.488958432543372,0.264,0.155,1
NAPG,0.032381838543966895,0.4886741856621669,0.391,0.28,1
KANSL3,0.06214915048607829,0.4882479203197577,0.345,0.255,1
AP1G1,0.017119076089738502,0.4881009614685673,0.563,0.447,1
CCDC14,0.03617520203324551,0.48786988710019624,0.402,0.302,1
ANKRD27,0.03487751721338012,0.48746302423027577,0.322,0.219,1
PEX1,0.2893583746610591,0.48746302423027554,0.161,0.123,1
GTDC1,0.2186325830309499,0.4874296180723109,0.494,0.472,1
XPA,0.03736857092835735,0.4871828076535203,0.195,0.117,1
WASHC4,0.008030842514856187,0.48695136543903694,0.678,0.596,1
RTTN,0.3748623607968649,0.48669892536124687,0.31,0.283,1
RALBP1,0.7509319527151714,0.4864224940438868,0.264,0.261,1
BNIP3,0.19920228378001348,0.4861184807584107,0.138,0.095,1
GALNT2,1.5464402515955711e-4,0.48601028809715097,0.437,0.242,1
MFN2,0.28575509073583594,0.4856625809154984,0.126,0.092,1
PRR14L,0.011350590459090088,0.4855634913147944,0.483,0.34,1
FBXW7,6.689723117110994e-4,0.4853095180651481,0.77,0.725,1
TRAPPC9,2.4762393250815526e-4,0.4852846827254853,0.759,0.686,1
INIP,0.5602755631275913,0.48513672159096366,0.103,0.087,1
PPP1R10,0.032715530947075,0.4846861375341368,0.368,0.267,1
NFE2L1,0.05763791500156405,0.48452346120303047,0.218,0.142,1
GRIPAP1,0.1914321687507692,0.48452346120303025,0.126,0.084,1
PCNX1,0.10332743174373973,0.4839921796500225,0.586,0.547,1
USP40,0.011825712639406537,0.4839287561198372,0.46,0.338,1
IRS2,0.720565337795682,0.4837990348554524,0.126,0.118,1
ZNF652,0.034150690812794295,0.48332289787393923,0.448,0.352,1
RNF170,0.05193344855800258,0.4826852425968673,0.31,0.222,1
MARK4,0.042904128562912085,0.4824274343329775,0.184,0.11,1
AC087857.1,0.4976967460402163,0.4824274343329775,0.126,0.106,1
NDUFV3,0.09119245806550799,0.48224791650273424,0.241,0.17,1
NF2,0.09762085408692739,0.4818690077570529,0.172,0.112,1
NPAS3,0.029863536996962644,0.48165030161839556,0.31,0.21,1
DDX39B,0.040447964665669744,0.481521244698628,0.437,0.333,1
PPP3CA,0.0036213992502251717,0.4814709052498958,0.816,0.815,1
ZNF69,0.1672518317319067,0.48146106344756556,0.207,0.152,1
SLC12A4,0.3013652348263463,0.4805436102904852,0.138,0.103,1
UBE2J2,0.4067305338941972,0.4805436102904852,0.138,0.109,1
SESTD1,0.01753795885812461,0.48010208158286477,0.506,0.4,1
COG4,0.32023592370686355,0.4800253077733645,0.184,0.146,1
PACRGL,0.23905789990253296,0.4799162151769276,0.241,0.192,1
RGS12,0.007665600380239817,0.4797489558826835,0.276,0.159,1
AC245297.3,0.1636748580966505,0.4797489558826835,0.241,0.181,1
CRKL,0.09782043981592384,0.4794600991311151,0.207,0.142,1
MTMR6,0.08850278092868541,0.4781609589794913,0.195,0.129,1
MTHFS,0.6449181461259972,0.47795395775366933,0.253,0.231,1
DNAJC7,0.03574749234090898,0.47779474624979557,0.333,0.233,1
TJAP1,0.49360841061465416,0.47779474624979557,0.115,0.094,1
EIF2AK4,0.18121790967338097,0.47763201487058204,0.299,0.247,1
WDR36,0.06889799902729976,0.4775659104905894,0.264,0.185,1
ADAMTS5,0.5033634755909293,0.47729551501779194,0.149,0.181,1
RBM15,0.1444638272827076,0.4772089991687125,0.218,0.159,1
SCYL2,0.0698990416188038,0.4767918996635446,0.46,0.364,1
PPARA,0.028022374906907933,0.47657470808753954,0.264,0.169,1
SACM1L,0.023851431274949802,0.47627561094935034,0.402,0.293,1
METTL14,0.05343633202328868,0.4758855774124404,0.218,0.141,1
TMED10,0.026599355774764646,0.4757822361967601,0.322,0.219,1
MAST2,0.006750593280708478,0.47513417372832484,0.54,0.384,1
LRRC4,0.25248235277312914,0.4751341737283248,0.103,0.07,1
ATM,0.0116050992122073,0.4747519724807219,0.598,0.508,1
BAZ2A,0.04541366696380903,0.47473242072074706,0.356,0.254,1
SNAP29,0.0654708214314147,0.47459434395929856,0.172,0.106,1
MCTS1,0.2868309674872295,0.47459434395929856,0.138,0.101,1
SLF1,0.5770201589291772,0.4741377226417065,0.161,0.145,1
ATF7IP,0.02236484507352193,0.47374644793672127,0.678,0.657,1
ARMC8,0.004505781426428567,0.47367481758174484,0.54,0.365,1
NAA15,0.024254316066809754,0.4736572247052454,0.506,0.373,1
DSE,0.019318343901574487,0.4734074290088566,0.368,0.257,1
YY1AP1,0.027588972217012897,0.4734074290088566,0.333,0.224,1
TMEM181,0.017657877297440262,0.47340742900885635,0.345,0.226,1
GCLC,0.0054702424851548045,0.4716288854827375,0.264,0.15,1
PLSCR1,0.033342849238066755,0.4715103938362589,0.333,0.23,1
SREK1IP1,0.08927015273205484,0.4712997660468652,0.276,0.199,1
C1orf198,0.7504185062234306,0.4712997660468652,0.092,0.108,1
RFX3,0.02378078092463085,0.471205745711149,0.529,0.422,1
PRKRIP1,0.10825899596636399,0.4711182150441857,0.391,0.306,1
DYNC2H1,0.04416885843141599,0.4704899456265623,0.333,0.236,1
DCAKD,0.09863414246022306,0.4704899456265623,0.23,0.161,1
MTHFD1L,0.06231468323888535,0.4702470881155283,0.54,0.513,1
RAB18,0.0025289215734327045,0.47006140112886496,0.448,0.279,1
STAM2,0.08941531340995457,0.4696158498464821,0.333,0.26,1
PI4KB,0.06020701775323332,0.46961584984648197,0.23,0.153,1
VPS26C,0.11027539894334672,0.46961584984648197,0.23,0.164,1
GSK3B,1.3307912520469641e-4,0.46895448680132,0.874,0.874,1
MKRN1,0.014856403893807256,0.4686695100021936,0.264,0.159,1
TMEM44,0.22320302879727183,0.46866951000219315,0.115,0.077,1
PTCD2,0.3585278011356897,0.46866951000219315,0.138,0.107,1
RAD51B,0.0019754390180338377,0.4683873092226052,0.885,0.823,1
RAB3GAP2,0.022518966433371555,0.4682687057098838,0.632,0.55,1
DROSHA,0.11937353085763103,0.4677237905052737,0.356,0.283,1
TBCD,0.15447058347440618,0.46722223179265154,0.333,0.276,1
MRPS6,0.10302941032972432,0.4672222317926512,0.333,0.255,1
RAB27A,0.14883599701276415,0.46709365507665446,0.23,0.17,1
AC007098.1,0.2579877279114517,0.46709365507665446,0.126,0.089,1
KLHL9,0.3967402913212575,0.46709365507665446,0.126,0.098,1
KAT8,0.14629059977706171,0.4665210434236169,0.115,0.071,1
LATS1,0.07583993569753165,0.4663526714749059,0.368,0.282,1
BNIP2,0.09080279969673324,0.4661556654196658,0.333,0.254,1
SOGA1,0.007296338669473761,0.46604404059536986,0.333,0.203,1
ABCB10,0.13726932404932965,0.4658342093040557,0.195,0.139,1
GPR107,0.008810944259460898,0.4658342093040556,0.425,0.28,1
CAPZA1,0.004496141510241539,0.4654184869764582,0.678,0.538,1
ADAM28,0.584343047462061,0.46529478322153706,0.149,0.127,1
ANK2,1.6264002227607636e-4,0.4652947832215369,0.356,0.178,1
CLOCK,0.030407032667344024,0.4652947832215369,0.494,0.383,1
TMEM120B,0.10984115594199895,0.4652947832215366,0.218,0.154,1
GKAP1,0.23658048227887585,0.4652947832215366,0.126,0.088,1
F11R,0.8454218158593609,0.4647330954430233,0.149,0.147,1
GNL2,0.06409566473442128,0.46450187578696456,0.184,0.114,1
RGL3,0.1895432094707592,0.4639470997597903,0.172,0.124,1
SLC26A11,0.2405825171226862,0.4639470997597903,0.103,0.069,1
UBE2E1,0.10900803656116095,0.46346771944606263,0.563,0.515,1
TNFRSF1A,0.06931082578303276,0.463221945162523,0.218,0.144,1
LTBR,0.27917358734454933,0.4632219451625228,0.126,0.091,1
WDSUB1,0.0444706844713882,0.4630493430158926,0.333,0.236,1
NOCT,0.20753236679914502,0.4629719763425457,0.207,0.155,1
STXBP5,0.0459405827357757,0.4629473605437978,0.609,0.54,1
SFI1,0.12912892164212053,0.4627689085625093,0.161,0.107,1
AL158152.1,0.0486676062002682,0.4627689085625091,0.287,0.197,1
ASH2L,0.04867787392362977,0.4627689085625091,0.264,0.179,1
UBN2,0.023834703195994268,0.46245901810038137,0.414,0.3,1
UBE2L3,0.05261249603653836,0.4614893563359366,0.345,0.251,1
GPD2,0.014956447824071172,0.4613777401476573,0.379,0.248,1
LRIG3,0.1983859257895105,0.4608073922292233,0.115,0.077,1
AC018462.1,0.651749082286885,0.4608073922292233,0.115,0.101,1
ALG8,0.19205530967769213,0.46080739222922307,0.207,0.154,1
OXA1L,0.2721410895087092,0.46080739222922285,0.115,0.081,1
INPPL1,0.38808636378773775,0.46080739222922285,0.172,0.138,1
TSTD2,0.4455306192761652,0.46080739222922285,0.195,0.167,1
LEMD2,0.5768516722489128,0.46080739222922285,0.103,0.086,1
PRKD1,0.7131586340253429,0.4603249661953382,0.172,0.166,1
ATP6V1D,0.3197067574400719,0.45972631683889165,0.218,0.177,1
ZNF704,0.6922288279468749,0.4596976267584325,0.345,0.361,1
AP4E1,0.006193191092866268,0.45924009708226277,0.437,0.291,1
PDCD6,0.137107631688894,0.4591130936893475,0.287,0.223,1
BTBD9,0.12252012727998254,0.4590898979300856,0.701,0.716,1
BCL2L1,0.020646676204840873,0.45878539464401147,0.264,0.165,1
PKD2,0.2874428309287795,0.45785860215635077,0.414,0.383,1
G2E3,0.20456798623259304,0.4577948727781953,0.299,0.243,1
ITFG1,0.0046021506044496355,0.4575441132063802,0.828,0.82,1
CDRT4,0.23134161245699458,0.4575098021286479,0.264,0.207,1
TTC17,0.002104951039118428,0.4574888669566409,0.828,0.796,1
WDR12,0.21801442889893896,0.4573268234942609,0.207,0.16,1
PMP22,0.0010707562396099289,0.457105616679756,0.46,0.28,1
SPATS2,0.04117193615768959,0.45689234222583974,0.322,0.228,1
ZNF519,0.15990984611241818,0.4568923422258395,0.149,0.101,1
BAIAP2,0.19985354015911808,0.4568923422258395,0.161,0.115,1
CHD6,0.2917948521313461,0.4567000726125893,0.563,0.559,1
DDX10,0.029073115527645355,0.4564232493779778,0.529,0.444,1
TOR1AIP1,0.3006887315244759,0.4563339156499149,0.172,0.136,1
PTAR1,0.06410437007608245,0.4557577019464432,0.414,0.321,1
LUC7L,0.011657172469313798,0.4555896829582038,0.448,0.312,1
KLHL20,0.06232778572161033,0.4554626572006144,0.31,0.221,1
HPS3,0.1252200614445844,0.45536325353909524,0.207,0.145,1
UNC13B,0.056416308357047334,0.4552177105335855,0.241,0.158,1
ZRANB2-AS2,0.17854374737145404,0.4545484017575403,0.161,0.112,1
ATP6V1H,0.08393670024718149,0.4540054228121441,0.448,0.362,1
ARMH3,0.28571846043763566,0.4539919853306826,0.506,0.505,1
NCOA5,0.06793794232822054,0.453963011187168,0.299,0.212,1
PLEKHA1,0.11756336488405818,0.4539308537531527,0.494,0.424,1
LIMA1,0.9532148775932908,0.453611890825019,0.391,0.396,1
DENND5A,0.02726320540620067,0.4532242208101589,0.586,0.487,1
SSH2,0.0020630151960397657,0.4531420136224169,0.782,0.723,1
TMEM9B,0.1437176250301754,0.4529878877699236,0.126,0.08,1
HEATR1,0.15450281942481897,0.4527363499712065,0.241,0.184,1
NSFL1C,0.0365644645562414,0.45238813925125165,0.253,0.162,1
DNAJC3,0.018337445269589938,0.45238813925125154,0.483,0.356,1
TANC2,0.02203408589825237,0.4522203785951242,0.356,0.552,1
HELQ,0.06111872080646223,0.45187426745921533,0.149,0.087,1
CSE1L,0.5434948883386219,0.45161236402908866,0.299,0.274,1
ITGB3BP,0.06505379358520842,0.45157070195764526,0.31,0.217,1
KIAA0556,0.045542951299475845,0.45142905991336213,0.264,0.175,1
ING3,0.09539153622052934,0.451039615980402,0.161,0.102,1
GCN1,0.663734513376635,0.451039615980402,0.195,0.181,1
BCL2L11,0.8601903007119086,0.451039615980402,0.103,0.101,1
GTF2E2,0.24212202300179295,0.450632170920253,0.299,0.248,1
PLXNA2,0.13259881733624457,0.45011766789861296,0.253,0.188,1
AKAP8L,0.13658514898029106,0.4498719145480674,0.31,0.245,1
MXRA7,0.27680141875219644,0.4494475300646754,0.103,0.071,1
GALNT1,0.020927130901989666,0.4489088089826542,0.667,0.608,1
ZNF564,0.13894579035226218,0.448794874527243,0.138,0.089,1
PTPA,0.44967436475593,0.448794874527243,0.115,0.091,1
MTX2,0.07736283507108695,0.4485868435188238,0.437,0.345,1
PRPF40B,0.03645597671895074,0.4485385548959586,0.264,0.17,1
PTS,0.09804526517539996,0.4485385548959586,0.241,0.17,1
PLAG1,0.026143424700815848,0.4479506995231166,0.287,0.188,1
ARMCX5-GPRASP2,0.16099312869157387,0.44766201617230106,0.161,0.112,1
STRN3,0.0039784342701836796,0.44751626731721006,0.839,0.754,1
LETMD1,0.12148586782761882,0.4472353726556948,0.218,0.155,1
ETV6,8.267869550280719e-4,0.44665059223793546,0.747,0.627,1
IL10RB,0.31469702398391713,0.44662148598591167,0.241,0.196,1
MFSD11,0.2267955191229706,0.4464688844371245,0.264,0.214,1
CNST,0.011724442156383944,0.44634607052363506,0.345,0.224,1
DDX46,0.030646703018060932,0.44597366601953115,0.425,0.31,1
SUMF1,0.02617334829837425,0.4455069915182775,0.655,0.589,1
PLEKHG3,0.14059957096747727,0.4452105371782049,0.172,0.118,1
INTS2,0.14686920331909964,0.4452105371782049,0.172,0.119,1
JADE1,0.2860360287185291,0.4452105371782049,0.161,0.121,1
PLGRKT,0.040260077377875986,0.44521053717820447,0.287,0.19,1
TTF1,0.21986655931982882,0.44521053717820447,0.138,0.096,1
MED17,0.8500030896660323,0.44521053717820447,0.184,0.174,1
EEA1,0.0050026534400562555,0.4449384075837186,0.793,0.664,1
KCMF1,0.012474787423280446,0.4446499406913026,0.552,0.426,1
ST3GAL3,0.06858241189276652,0.44433271844659583,0.345,0.251,1
HERC4,0.04065202133658725,0.44415323039516186,0.77,0.79,1
NCK1,0.030428641121513347,0.44388147670568456,0.46,0.337,1
CCNT1,0.15648818223686964,0.44380096692353277,0.276,0.214,1
MAP7,0.32135157670485975,0.4427632167594617,0.517,0.486,1
RRP36,0.04486263052492525,0.442475569456966,0.184,0.11,1
TMPO,0.09478536242070595,0.4424755694569654,0.31,0.225,1
TFE3,0.3808065340853136,0.4416350829543769,0.115,0.087,1
C18orf25,0.11790741501666219,0.44144206736229186,0.299,0.229,1
ZNF81,0.05670966992774641,0.4409859513164791,0.207,0.132,1
MAIP1,0.39416223043838183,0.4409859513164789,0.103,0.078,1
TTC5,0.41938083954761773,0.4409859513164789,0.103,0.079,1
HELZ,0.0011248542363267787,0.4407739866596929,0.782,0.723,1
SPICE1,0.2744153829119365,0.44056417232183964,0.172,0.132,1
SLC1A3,0.0017917989534930925,0.44048554919634575,0.621,0.438,1
KLHDC10,0.022040408551700676,0.4404695041869657,0.529,0.401,1
TTC28-AS1,0.17077393311619343,0.4400488320624256,0.218,0.163,1
CHEK1,0.716681034409912,0.4400488320624256,0.092,0.107,1
WBP4,0.3008602434739145,0.43963669235361214,0.195,0.154,1
PKN2,0.010877231334715652,0.43945619035496053,0.805,0.777,1
FRYL,0.008522934303184623,0.43945280022544586,0.782,0.716,1
RMDN2,0.5815080356009703,0.4394049154969988,0.115,0.099,1
PWWP3A,0.23872638963015333,0.43915302635783604,0.195,0.149,1
EXOC2,0.21690368589624598,0.43833235947340393,0.552,0.517,1
DCAF7,0.004204685401062004,0.4382465894284402,0.379,0.227,1
ZNF678,0.10770522110257515,0.438176417729655,0.264,0.194,1
ZNF398,0.17187463406646022,0.43788099537971537,0.184,0.13,1
CUL5,0.004488241432522037,0.4373293307088335,0.667,0.526,1
CSNK2A2,0.011137858044303223,0.437286731236169,0.356,0.227,1
CNDP2,0.09167534110678877,0.4372088802774641,0.241,0.169,1
KIF13A,0.008284824126804733,0.43698252901464196,0.667,0.575,1
OS9,0.3279616918563065,0.4366179266621524,0.195,0.158,1
ZNF37A,0.04782175869876577,0.43593272359019375,0.299,0.203,1
GPR89A,0.1762246357731738,0.43593272359019375,0.149,0.102,1
ZFP90,0.29856046711640943,0.43593272359019375,0.138,0.103,1
AC090825.1,0.1168712701804779,0.4359327235901935,0.184,0.125,1
UMAD1,0.027422428236006813,0.43579366194461977,0.598,0.539,1
PHIP,0.0029770452218812354,0.43549240768844233,0.759,0.717,1
ZBTB20,0.0020089822053799785,0.43503075729580076,0.632,0.501,1
AC021851.1,0.1402666289187483,0.4345106485209955,0.126,0.08,1
ADAM17,0.004153427535660027,0.43430163801126537,0.506,0.342,1
CNPY2,0.0837803442015412,0.4340206026464164,0.241,0.167,1
DIS3L2,0.17413083433745769,0.4339870792752244,0.494,0.486,1
ABI1,0.002995561795388336,0.4336225629029928,0.678,0.57,1
RGPD5,0.25519261269683285,0.4330152402078995,0.172,0.13,1
NUTM2A-AS1,0.01858632068750189,0.4330152402078994,0.517,0.386,1
ARID4A,0.06068374588993732,0.43273502363114424,0.356,0.263,1
GTF2IRD2B,0.4410587552064708,0.4325737115002788,0.103,0.08,1
ERMARD,0.12660874870797728,0.4322382400324518,0.23,0.167,1
QKI,1.7808739887344548e-4,0.4320859504025374,0.931,0.914,1
SPIDR,6.351011785644393e-4,0.43199734816678137,0.851,0.772,1
POLQ,0.3816719060592594,0.43197471002151033,0.138,0.108,1
L3MBTL1,0.10601930937049237,0.43158725331422954,0.172,0.113,1
ETS2,0.008487433866283022,0.4309615814399248,0.253,0.142,1
HERC1,7.888748238254293e-5,0.4307400543698713,0.805,0.715,1
AC074032.1,0.07297693787866817,0.42978049660859874,0.241,0.164,1
RPA3,0.20023045369440337,0.42978049660859874,0.161,0.113,1
HDAC7,0.23497720479714365,0.42978049660859874,0.161,0.117,1
GNA13,0.006866642883105029,0.4297804966085985,0.402,0.264,1
SLC25A48,0.4240914459839455,0.4297804966085985,0.08,0.112,1
OXSR1,0.3412870284055362,0.4297804966085984,0.322,0.275,1
SNHG12,0.18171942341562208,0.4297804966085983,0.126,0.083,1
ZNF146,0.2747194507305394,0.42901330965040296,0.299,0.248,1
FBRSL1,0.04166086913086885,0.4283859145368456,0.23,0.144,1
CLDND1,0.1139151093839269,0.4283859145368456,0.207,0.144,1
DIS3L,0.23304579764625316,0.42816584054650386,0.172,0.127,1
CD151,0.9820802878454676,0.42816584054650386,0.115,0.118,1
MOB3B,0.4738914468934298,0.42794908406067356,0.31,0.266,1
TGFB2,0.653472078148565,0.4274212237346766,0.115,0.102,1
UBE2N,0.3905871450105465,0.42711377673492157,0.31,0.276,1
TXNDC11,0.39947753310998696,0.42671419356081497,0.264,0.233,1
AP3S2,0.012968164550816879,0.42671419356081486,0.402,0.27,1
FOSB,0.153469479118352,0.42642706149878856,0.333,0.276,1
FBXW8,0.06447073227960906,0.4262623393917859,0.402,0.315,1
C8orf76,0.09821853410249536,0.4261737571278652,0.184,0.12,1
RABL3,0.13877718264564362,0.42540205609802406,0.149,0.098,1
NAT10,0.26757129877199665,0.42540205609802406,0.138,0.1,1
RSPH3,0.4405108856492888,0.42540205609802406,0.161,0.132,1
KIAA0586,0.015098054589483647,0.42511696667097487,0.345,0.224,1
PDE7A,0.06415934560957069,0.42503265524057426,0.402,0.297,1
KPNA3,0.07954375842946235,0.4245951796559128,0.402,0.311,1
TMCO3,0.6350270141752732,0.423889532764423,0.184,0.167,1
TNPO2,0.10587226455791483,0.42333268681056024,0.195,0.131,1
NAA38,0.2897126961105612,0.42312291653888723,0.184,0.144,1
PPFIBP2,0.07766683433271235,0.4227142210571486,0.264,0.186,1
CYTOR,0.14490577849211067,0.42265957869218096,0.264,0.191,1
TBC1D9,0.02609616956672105,0.42241682561158,0.483,0.361,1
SLC37A1,0.20485518235539774,0.4221269240651635,0.172,0.125,1
MBTPS2,0.2695500806835204,0.4221269240651635,0.172,0.132,1
LINC00667,0.1492539745390893,0.42212692406516306,0.126,0.081,1
LARP1,0.004168508311216946,0.4218575383784709,0.586,0.424,1
MORC3,0.0160041717090166,0.4216949147668644,0.425,0.295,1
CDK5RAP2,0.02154771632600613,0.42165965441220743,0.379,0.255,1
CCDC146,0.03734576121563121,0.4215684974892384,0.276,0.185,1
CEMIP2,0.33543504198248353,0.42143315389507874,0.655,0.667,1
DSTYK,0.05083473173908232,0.42121121788342797,0.23,0.148,1
RABGGTB,0.1347386768959018,0.42078049835764686,0.184,0.126,1
DHX8,0.5548770179707616,0.4203664662007258,0.172,0.153,1
INVS,0.001855839094831232,0.4203664662007256,0.736,0.643,1
ERLIN2,0.34789814132995683,0.4203664662007256,0.126,0.095,1
EBLN3P,0.4162808338737605,0.4203664662007256,0.115,0.089,1
CEP68,0.25917716088343695,0.41958472950270975,0.207,0.162,1
PLEKHA8,0.25582799661489447,0.4193815473263457,0.31,0.257,1
FGFR1OP,0.10091461340481686,0.41903565431401213,0.287,0.216,1
HIST1H1D,0.17875907574905356,0.4188592102312523,0.115,0.075,1
CERS4,0.4153776124161367,0.4188592102312523,0.115,0.089,1
ZNF586,0.059800648661031845,0.41831531011514445,0.356,0.263,1
DNAJC2,0.12493028389341178,0.4183153101151442,0.218,0.156,1
ANAPC10,0.060599753331064835,0.41783956566206487,0.402,0.308,1
STX18,0.028729833281908118,0.417554194275339,0.437,0.333,1
JAK1,0.001249283427671291,0.4175541942753389,0.471,0.277,1
TMEM214,0.22933112334459504,0.4175541942753389,0.149,0.107,1
HIST1H1E,0.2945178160150721,0.4175541942753389,0.126,0.092,1
AKNAD1,0.887974059670674,0.4166848389969151,0.138,0.135,1
MIR22HG,0.14878897827596585,0.41641327287076946,0.161,0.108,1
TTC33,0.16052961383498945,0.41641327287076946,0.149,0.101,1
ANKRD28,0.026819503056925268,0.41633724351495693,0.425,0.301,1
SHQ1,0.3154338723169766,0.4162020901080581,0.207,0.163,1
SZRD1,0.3562339945166156,0.4162020901080581,0.207,0.171,1
DGKD,0.0979034868918515,0.416033166152489,0.322,0.231,1
HSCB,0.25795271487123095,0.41589497035364875,0.115,0.08,1
SUPT20H,0.0682760526029037,0.4158949703536486,0.46,0.359,1
MIGA1,0.007563586927120169,0.41509794528454624,0.437,0.293,1
ZC3H14,0.10827954219133197,0.4148003016884557,0.368,0.288,1
FRA10AC1,0.0959709474194728,0.41451373995528806,0.264,0.191,1
TIMM23,0.13376993391983572,0.41451373995528784,0.23,0.166,1
PPT1,0.14689882066844256,0.4145137399552876,0.126,0.08,1
TCF3,0.36487832596198966,0.4145137399552876,0.115,0.086,1
MAN2C1,0.49543553193738415,0.4145137399552876,0.115,0.093,1
AC068724.3,0.569767732176981,0.4145137399552876,0.103,0.086,1
GLMN,0.608305084070865,0.4141033587717815,0.241,0.23,1
TRERF1,0.826842566794312,0.4139714753216197,0.23,0.231,1
UBASH3B,0.008616641930435709,0.4138339182003593,0.563,0.413,1
AKAP6,0.3184207953378136,0.41371468424896307,0.207,0.166,1
RSRC2,0.018285824743581088,0.41362070678478047,0.425,0.297,1
PRKACA,0.26865947750303176,0.4133460385229535,0.126,0.09,1
MCF2L2,0.3694540147983928,0.4133460385229535,0.115,0.087,1
CFLAR,0.2589536732521499,0.4131338306765918,0.517,0.487,1
KMT5B,0.13150611405062615,0.41277210565112465,0.402,0.325,1
TOGARAM1,0.005442273495520906,0.4118362971065975,0.402,0.258,1
CDC42EP3,0.35055842744224136,0.4114796798656548,0.126,0.095,1
SMURF2,0.572688342947929,0.4111429556160483,0.471,0.505,1
NDUFB9,0.02511032529862461,0.4110886526127151,0.276,0.174,1
KANK2,0.03939916013835171,0.41026784019684626,0.23,0.143,1
POGZ,0.00897276788767165,0.4088055455673294,0.529,0.384,1
GTF2H1,0.1427233616148976,0.4087649022633135,0.253,0.187,1
TTLL5,0.11522328564239313,0.4086582190376237,0.506,0.428,1
CPEB4,0.006675725250641931,0.408620025726414,0.655,0.582,1
Z83843.1,0.030140715969850497,0.4084519871680867,0.356,0.247,1
GDAP2,0.08830405691934608,0.4084519871680867,0.322,0.241,1
COX11,0.2720729395412143,0.4084519871680867,0.103,0.071,1
ZNF846,0.3771642247291006,0.4084519871680867,0.161,0.129,1
CCDC18,0.9274181304731053,0.40815932157404333,0.149,0.155,1
PEX3,0.12462637737644554,0.4080199778697877,0.31,0.235,1
AC079142.1,0.21926411570535248,0.4080199778697877,0.207,0.159,1
PNKD,0.45348536179496307,0.4080199778697877,0.161,0.135,1
TIAM1,0.5665036476815912,0.4069405202504872,0.172,0.211,1
KLHL29,0.7287358764289646,0.4067363893635687,0.161,0.147,1
AL049828.1,0.889516271831501,0.4067363893635687,0.161,0.173,1
MCMBP,0.03765194735961228,0.4063596082068466,0.345,0.239,1
NLRP1,0.13770223791463254,0.40635960820684636,0.126,0.08,1
FRK,0.32593344502483085,0.40586186970237925,0.115,0.084,1
PLS3,0.5842997131583031,0.40586186970237925,0.149,0.133,1
COG6,0.11177340211457737,0.40563880127659424,0.506,0.432,1
MSL2,0.04187125642339101,0.4051737907839662,0.356,0.255,1
POC5,0.18751254215714339,0.4050534107062216,0.149,0.103,1
PIK3R3,0.5789070821746279,0.40442492233170446,0.115,0.099,1
AP3M1,0.6714027457682104,0.40442492233170446,0.138,0.123,1
GLTP,0.6856935334155314,0.4041603775357143,0.138,0.125,1
DAZAP1,0.1374841073037537,0.4040382962967255,0.31,0.242,1
RNF14,0.29241964785174585,0.40392232868757283,0.172,0.133,1
ZDHHC5,0.3957259894552126,0.40392232868757283,0.161,0.129,1
AC034195.1,0.07505501107123166,0.4033325507788801,0.161,0.099,1
TSEN2,0.1798940038473188,0.40316876636127863,0.207,0.151,1
BIN1,0.018825342350176966,0.4030181011174585,0.218,0.123,1
HDAC5,0.2425983022819526,0.40287903947188464,0.207,0.157,1
PPP1R13B,0.1758209550772078,0.40241559743741817,0.207,0.152,1
BRCA2,0.0418627086800408,0.4019853916668561,0.253,0.162,1
TRAPPC12,0.04181267764872186,0.40160775575835084,0.345,0.246,1
ARHGAP26,0.008310600439846955,0.4010107332676691,0.655,0.575,1
MLLT10,0.011974920215256075,0.40063834148611255,0.851,0.867,1
MKRN3,0.19541780456433763,0.39940684756508005,0.184,0.135,1
SNRNP40,0.16940187622597863,0.3994068475650798,0.172,0.121,1
RAI1,0.21716672047050747,0.3994068475650798,0.138,0.096,1
TOP3A,0.226069708818451,0.3994068475650798,0.172,0.127,1
DDX52,0.32862736919078483,0.3994068475650798,0.207,0.17,1
KIAA1191,0.33288720490769913,0.3994068475650798,0.103,0.074,1
SPNS1,0.40259822889439484,0.3994068475650798,0.103,0.078,1
WIPI1,0.4389214382962913,0.3994068475650798,0.195,0.168,1
ARFGAP1,0.6347834771191077,0.3994068475650798,0.138,0.124,1
KLF10,0.8193552722158277,0.3994068475650798,0.092,0.101,1
CCDC50,0.006119705107167887,0.39940684756507977,0.483,0.338,1
CLTA,0.03212766701834866,0.39940684756507966,0.529,0.413,1
NT5C3A,0.13271490026867439,0.3994068475650796,0.276,0.212,1
DGKZ,0.021648866781221212,0.3994068475650794,0.287,0.177,1
TMCO4,0.4601614825401346,0.39940684756507916,0.172,0.143,1
SUCLG2,0.049453796151632125,0.39818058736299994,0.667,0.625,1
SNX4,0.024954051559020442,0.3979986531722713,0.46,0.336,1
CMC2,0.058142629472440054,0.3967572691511303,0.287,0.198,1
FAM149B1,0.08578836493914291,0.3965918319580255,0.276,0.196,1
SLC38A10,0.05507142998892296,0.3965011163896688,0.276,0.189,1
FGFR1,0.03339230166952619,0.39640435940355634,0.379,0.266,1
ASPH,0.07183157401234304,0.3963535235875255,0.655,0.608,1
KIZ,0.22719011029688144,0.3960711350018231,0.218,0.168,1
CCDC171,0.6925759744010722,0.39602948736275945,0.299,0.326,1
GPALPP1,0.3345032863811421,0.39594299226150853,0.207,0.169,1
RAB7A,0.12292068990205235,0.39586524828127223,0.713,0.726,1
RAP1B,0.0022006465803639202,0.39567412868874985,0.805,0.749,1
SLC33A1,0.13313187289428105,0.3953140929311967,0.207,0.145,1
CRTAP,0.36671853049727887,0.3953140929311967,0.172,0.136,1
SFSWAP,0.03117635333800958,0.3951863812468844,0.46,0.357,1
SCGB2B2,0.9550694912893434,0.39511948916198136,0.126,0.127,1
CHCHD3,0.03174646154841557,0.3949373306969807,0.69,0.625,1
TMEM50B,0.18879349594672057,0.394905455330139,0.184,0.133,1
NEDD9,9.764082976694664e-4,0.3949054553301389,0.46,0.3,1
GNAQ,9.918303308683648e-5,0.3948947289330824,0.931,0.856,1
EPN2,0.4276147803864123,0.3948600582961702,0.506,0.485,1
EXOC3,0.36576357703441037,0.39440616650671334,0.161,0.128,1
KIF14,0.16879346956333607,0.3937822983712014,0.115,0.074,1
CBWD3,0.3697805231855116,0.3934081069436366,0.138,0.107,1
NPRL3,0.2335696432169185,0.39320169803837124,0.23,0.178,1
CCR1,0.08245880403288652,0.3929805784056466,0.126,0.073,1
WDR5,0.8810383649312695,0.3929805784056466,0.103,0.1,1
RC3H1,0.16533336509161684,0.3925920260087682,0.609,0.613,1
RALB,0.2670115083993976,0.39248743362528926,0.207,0.162,1
DOCK6,0.2602732315516234,0.39248743362528904,0.115,0.08,1
DNAJC15,0.06309935599755111,0.3919123110181555,0.276,0.194,1
WDR37,0.11937374274397326,0.3915873431057806,0.345,0.271,1
KIDINS220,0.00743286105686171,0.3912329161193795,0.621,0.49,1
IMMT,0.23743235853201355,0.3912329161193794,0.31,0.263,1
MIR193BHG,0.1408107776753503,0.39123291611937927,0.195,0.137,1
TRAPPC8,0.01406740248772317,0.39114974688977755,0.632,0.507,1
CIAO1,0.18750023849304878,0.39084483406165527,0.195,0.143,1
NEDD1,0.42338882599220695,0.39084483406165527,0.161,0.131,1
WWC3,0.08398837023078776,0.390418064337825,0.287,0.209,1
TEAD1,5.233970982444367e-4,0.3902144232843585,0.391,0.684,1
AC018362.1,0.47917040246595843,0.38994651831601335,0.161,0.133,1
WDPCP,0.02748537036737664,0.38988407344657305,0.621,0.568,1
STXBP4,0.06976212478699238,0.3897781463673029,0.23,0.152,1
ATG13,0.11990148166287996,0.3897781463673029,0.241,0.174,1
TNRC18,0.03514029420019441,0.3896197946443466,0.598,0.501,1
STXBP6,0.22663421736892045,0.38923504250778873,0.368,0.316,1
KDM2A,0.015097241754751427,0.38906099995322774,0.736,0.714,1
IPO9,0.16410008149769467,0.3890401320068202,0.368,0.296,1
LONRF1,0.27602414144460885,0.38883760585489213,0.138,0.101,1
MBTPS1,0.06582474747124605,0.3887122467688433,0.356,0.264,1
DYNC1LI2,0.12874229509282525,0.38862700881183676,0.368,0.296,1
SETBP1,0.9331823305412015,0.3883854414738277,0.333,0.367,1
WBP1L,0.050380966741789004,0.3881795921418256,0.368,0.267,1
BCL2L2-PABPN1,0.18689113065415008,0.3881795921418254,0.161,0.113,1
CCNL1,0.0283993518674211,0.3880856146776431,0.655,0.592,1
MRPL3,0.07188367311625642,0.38727309192922443,0.299,0.213,1
ZNF808,0.416201020370355,0.38658280720749616,0.126,0.1,1
ERLIN1,0.6462999312327373,0.3865828072074957,0.149,0.136,1
ERO1A,0.18230434995478878,0.38611002495162206,0.218,0.161,1
ZNF429,0.7190387624767965,0.38611002495162206,0.161,0.184,1
GOLGA4,0.0052188127601393575,0.386039623827251,0.897,0.904,1
NUS1,0.022928419593613532,0.38580924416435725,0.31,0.2,1
INTU,0.07722568966940102,0.38560104804004935,0.23,0.155,1
NEXN,0.1235851756282792,0.38560104804004913,0.126,0.078,1
AF165147.1,0.04424710521630456,0.3855505343921428,0.161,0.28,1
TRPM7,0.011155470159730313,0.3845445155571736,0.759,0.709,1
KIF3B,0.6543595457650838,0.3844565060991081,0.103,0.09,1
VPS54,0.15053915205384755,0.38417590801577894,0.54,0.52,1
ILKAP,0.1999830882026084,0.38403162167816385,0.287,0.228,1
TAF1B,0.2607251275241009,0.383943730177275,0.368,0.316,1
LAPTM5,0.001733129317922153,0.383809992514061,0.195,0.088,1
RFFL,0.5364701906589779,0.383581880403397,0.23,0.206,1
SMG6,0.07762979980309445,0.38342606217119096,0.563,0.501,1
PPP6C,0.14475655658186679,0.3833945295764485,0.241,0.178,1
VPS37A,0.03993728095005756,0.3832379106715684,0.425,0.327,1
TRMT13,0.14219213741526926,0.3831050352359793,0.218,0.157,1
PRPF18,0.2097674889704027,0.3828048802279498,0.23,0.176,1
BACH1,0.3884079817410708,0.38272810641844934,0.678,0.731,1
ZNF141,0.02701646959871876,0.38259855987852553,0.31,0.201,1
FAM227B,0.12584869849571442,0.38259855987852553,0.149,0.097,1
OGDH,0.004348465574718196,0.38251783385993393,0.529,0.355,1
LGALS8,0.16577105798314373,0.3824480204052436,0.299,0.229,1
QRSL1,0.11028189881081256,0.38233333420613835,0.207,0.141,1
TMEM161B-AS1,0.0032790250797797927,0.3820167106910104,0.46,0.295,1
DYM,0.09057742262390682,0.3818429950491835,0.736,0.757,1
SMG7,0.1263161265865906,0.38148493956781726,0.448,0.374,1
FOXP1,0.010809748674578243,0.3812729188398454,0.782,0.726,1
MAP3K7,0.017785066830787472,0.38099704810530843,0.517,0.4,1
CASC3,0.3965076322864791,0.380547820313764,0.161,0.13,1
ULK1,0.42582711383190097,0.380547820313764,0.161,0.132,1
TTC7A,0.01160716151760911,0.3805478203137638,0.356,0.225,1
WASF2,0.11562163916488337,0.3803634197049915,0.644,0.599,1
ZC3H6,0.5204609615627438,0.38021328233176876,0.264,0.236,1
SRPK2,0.002181460630862478,0.380163630961472,0.851,0.8,1
ASB3,0.32812866811257996,0.3801328354005361,0.437,0.406,1
EXOC7,0.4399042737619665,0.37950729012737483,0.161,0.132,1
TMEM161B,0.4746241954950232,0.37950729012737483,0.345,0.307,1
CEP135,0.7840075986992195,0.3795072901273746,0.207,0.199,1
FANCD2,0.22595475967412149,0.3787473769989864,0.126,0.087,1
EXOSC8,0.5519040480663697,0.3787473769989864,0.115,0.096,1
ZDHHC21,0.034504514539731,0.3785705580784235,0.632,0.555,1
HEG1,0.0847837282162354,0.3782501959685163,0.31,0.225,1
OPN3,0.724534723269123,0.37792712015462837,0.149,0.141,1
CNOT9,0.10760676421609718,0.3778045930798686,0.264,0.191,1
TBL1XR1,9.114949594716473e-5,0.3772743396787819,0.885,0.833,1
CHM,0.12096878721227836,0.37703903453662524,0.368,0.288,1
APOLD1,0.898844922334509,0.37703903453662524,0.126,0.131,1
AGAP3,0.449092416685933,0.377039034536625,0.138,0.111,1
ZBTB40,0.7156415140143294,0.377039034536625,0.195,0.188,1
SLC35A3,0.07208099249613403,0.3765668712069684,0.368,0.277,1
AGPAT3,0.064305551762612,0.3765229568917414,0.333,0.244,1
RFWD3,0.7718450173941638,0.3762172201931899,0.172,0.169,1
PSMD4,0.10867271374066241,0.37607434373445603,0.218,0.151,1
LMBRD2,0.14349455884408113,0.37607434373445603,0.218,0.157,1
TES,0.2263185922806183,0.37607434373445603,0.172,0.127,1
ABCB8,0.35888433474967746,0.37556010561071185,0.138,0.106,1
PPP2R5E,0.019863767320143274,0.3754768307663418,0.701,0.639,1
CBFA2T2,0.055471210085711924,0.3754768307663418,0.667,0.638,1
PAFAH1B2,0.0566557071465375,0.37541590099857824,0.345,0.247,1
PTER,0.371153859993344,0.3750226889381205,0.184,0.149,1
ELP1,0.8289379709744558,0.3750226889381205,0.149,0.143,1
SLC25A53,0.424143291036754,0.3750226889381203,0.103,0.079,1
LEPR,0.6007359217371562,0.37474479333081034,0.161,0.143,1
WARS,0.3832416585139579,0.3745749945851444,0.115,0.087,1
CLHC1,0.9435074934710902,0.3745749945851444,0.115,0.121,1
PPA2,0.015089589939306742,0.3743780530735572,0.609,0.48,1
CHTOP,0.01619418038002537,0.374378053073557,0.276,0.166,1
GSN,0.1440288567935543,0.37387175545794205,0.276,0.204,1
MSH5,0.27707388145181155,0.3738717554579418,0.138,0.1,1
MRTFA,7.339265737158069e-4,0.3737911512150577,0.77,0.633,1
CNBP,0.42793295492614863,0.3734635803127979,0.23,0.199,1
PLEKHM2,0.03142076546065945,0.37325455970911103,0.333,0.227,1
LINC00624,0.1620416639862133,0.37312752276623096,0.149,0.102,1
ARF6,0.10701847945686092,0.37260678822136484,0.184,0.121,1
MTM1,0.17752513011858634,0.37240096825655455,0.276,0.215,1
ZNF224,0.10373679643816938,0.3715008509951949,0.172,0.112,1
NDUFB5,0.43262837533203835,0.3715008509951949,0.138,0.111,1
SDHAF2,0.5404260717035452,0.3715008509951949,0.138,0.117,1
SCFD2,0.1817180867616812,0.3712832466506916,0.517,0.498,1
DDX31,0.17802212338092813,0.37120995573442794,0.184,0.131,1
ZMPSTE24,0.3198046602280907,0.37120995573442794,0.172,0.133,1
UCHL5,0.3840883146487696,0.3712099557344277,0.264,0.23,1
TMEM259,0.2372832315095563,0.3708376953683088,0.218,0.168,1
EFCAB11,0.0887474044453814,0.3689415668380285,0.287,0.208,1
KCNQ1OT1,0.2813575621159387,0.3689143104349921,0.529,0.645,1
ZNF714,0.14080238574511145,0.36888490278818376,0.287,0.216,1
CPM,0.05983239174572763,0.3688185277316566,0.356,0.252,1
DNM1L,0.07506769932121235,0.3686083601967394,0.529,0.451,1
WARS2,0.7889037703285423,0.3685275346811079,0.161,0.153,1
HSF1,0.41810602672860103,0.36792861609191174,0.149,0.12,1
NCOA1,0.012262368392357312,0.36772377995618033,0.713,0.686,1
VPS13A,0.09175652759564543,0.36772377995618033,0.425,0.331,1
AC008840.1,0.6401435341713217,0.3669853698727026,0.138,0.119,1
AC012063.1,0.13780541062134677,0.36698536987270236,0.103,0.062,1
ALKBH3,0.2972907714951169,0.36698536987270236,0.115,0.082,1
AP3D1,0.16338574187785063,0.3669853698727019,0.276,0.209,1
TASOR,0.18892811903059625,0.36663181147345975,0.437,0.377,1
NUP54,0.07418229463575839,0.3657391347996849,0.356,0.269,1
UBA5,0.6487509781534144,0.36568622972107856,0.23,0.213,1
TSHZ2,0.39291819330850813,0.36554339569879557,0.103,0.139,1
NOD1,0.2527370938811526,0.36545951564174173,0.184,0.139,1
ZNF121,0.7263279623633188,0.36476070475818867,0.138,0.126,1
ZNF644,0.022405135956940075,0.3645726211856791,0.747,0.674,1
SGPL1,0.10101057004410754,0.3645480903534284,0.218,0.148,1
RIOK3,0.02976946744531792,0.36411493531387873,0.414,0.294,1
PCBP2,0.09987367156597163,0.36394585297663395,0.655,0.574,1
SLF2,0.016269839364890182,0.3637829378343583,0.552,0.423,1
LINC01876,0.4745587767388076,0.36323323501159477,0.195,0.23,1
LINC01278,0.04307087805174707,0.36320303762923467,0.529,0.425,1
STAMBP,0.11669266708579701,0.3631314611735301,0.241,0.17,1
MTDH,0.0034461770368660115,0.36298343931520577,0.448,0.276,1
RANGAP1,0.22705642385371597,0.36274837698623186,0.161,0.115,1
MRPL52,0.3434307223229168,0.36231752882985946,0.115,0.084,1
FN1,0.16289928320566383,0.3620730844065507,0.46,0.57,1
DHX30,0.20670891364099558,0.3619321421464168,0.184,0.134,1
THAP6,0.34824894328502803,0.3619321421464168,0.172,0.137,1
SDHA,0.13702953323378872,0.3616519255696613,0.287,0.214,1
AC106791.1,0.46298917011707796,0.36127171867830876,0.115,0.091,1
IVNS1ABP,0.21202369573929375,0.3608536067956867,0.23,0.175,1
TMX4,0.6687089733888849,0.3604878582727773,0.092,0.109,1
A2ML1-AS1,0.8817647806672396,0.3604878582727773,0.115,0.111,1
UBE2G2,0.0903821385677802,0.3600659559329118,0.402,0.309,1
NFX1,0.0310924737714703,0.3600382945157854,0.448,0.327,1
COPG2,0.20782630502347418,0.3591823699555816,0.31,0.251,1
ARID1B,0.07489239859919718,0.35890613170018026,0.897,0.928,1
SNRPC,0.36868859553308725,0.3583795793050246,0.126,0.096,1
LARS,0.03870148661096038,0.3578059430983068,0.379,0.268,1
VAPA,0.597236505091199,0.35758667187045257,0.529,0.549,1
TET1,0.690652677556127,0.35748945849883895,0.218,0.241,1
OSBPL2,0.1672009148945453,0.35709604270711504,0.207,0.149,1
LANCL1,0.2843131555584302,0.356914765451001,0.195,0.151,1
POLR2J3,0.036443969785669265,0.35676251015658594,0.621,0.549,1
SLC35F5,0.24838306996720808,0.35659376402610643,0.471,0.448,1
NSMAF,0.16602179322001245,0.3563381256731937,0.276,0.212,1
LINC01203,0.4571768338897142,0.35501272820662666,0.126,0.102,1
DRG1,0.6501777615484219,0.35501272820662666,0.172,0.154,1
CLASRP,0.04152652451630704,0.35501272820662644,0.299,0.198,1
MOSPD2,0.1681625874528975,0.35501272820662644,0.253,0.191,1
GEMIN5,0.265631617445859,0.35501272820662644,0.103,0.07,1
PDE7B,0.36789365544776703,0.35501272820662644,0.115,0.088,1
KDM5C,0.49642080726650784,0.35501272820662644,0.138,0.114,1
SSR3,0.08430012490846689,0.3550127282066262,0.253,0.174,1
LINC01128,0.4514236031505917,0.355012728206626,0.115,0.09,1
STAM,0.12130989061835684,0.3539468286081666,0.299,0.228,1
PPP2CB,0.15751329450878548,0.3539468286081666,0.322,0.251,1
USP13,0.16071051236478925,0.35360315795195474,0.241,0.179,1
NUDCD1,0.7345130856170861,0.35339444980824375,0.184,0.171,1
UBA2,0.054563363567091724,0.3533322445677085,0.402,0.302,1
SLC45A4,0.0019568911192988183,0.35293241776557904,0.356,0.198,1
ATP6V0D1,0.12269486379785156,0.3529324177655786,0.195,0.133,1
ZNF529,0.5239196975992726,0.3529324177655786,0.172,0.149,1
ESRRA,0.37262978523076773,0.35271361211703844,0.161,0.128,1
ATP1B3,0.21359435984367617,0.35258599081208614,0.402,0.35,1
MMP2,0.27046221062456133,0.3525859908120861,0.103,0.148,1
HIST2H2AC,0.12763858346708867,0.35244336859449277,0.161,0.106,1
ADIPOR1,0.20087789353641627,0.3521011327867227,0.149,0.104,1
CHMP4A,0.2807539727492,0.3521011327867227,0.138,0.101,1
PPP2R1B,0.3697287064750495,0.3521011327867227,0.138,0.107,1
CHUK,0.5422369071451274,0.3521011327867227,0.126,0.106,1
MCU,0.0536461869133912,0.35196585264776226,0.494,0.382,1
ALG5,0.1276329572173932,0.3518933863624476,0.253,0.185,1
USF2,0.2963042468712874,0.3516537161167115,0.126,0.092,1
OMG,0.47860158076791903,0.3516537161167115,0.115,0.092,1
ZFAND6,0.002227702039451045,0.3514427186697703,0.77,0.656,1
TASP1,0.715943794343665,0.3512968342247521,0.437,0.444,1
IFT52,0.47114237846501095,0.3510438260036808,0.103,0.081,1
LINC00513,0.005081144971990927,0.35104382600368056,0.276,0.153,1
MAPKAP1,0.10745129993385155,0.350768612817121,0.701,0.664,1
ASXL3,0.8853560737702202,0.35064753564522455,0.103,0.107,1
NSRP1,0.07607865074427338,0.350251354112901,0.609,0.568,1
GNL3L,0.37013163789936726,0.3501633285452308,0.161,0.128,1
INPP5F,0.13907317968334765,0.3501633285452306,0.276,0.207,1
PAN3,0.003442459128285507,0.34986994876976296,0.908,0.868,1
CSRP1,0.24982334917796584,0.349558298114518,0.138,0.099,1
PRKAB2,0.9192954466566498,0.349558298114518,0.103,0.111,1
FAM20B,0.13687305099726343,0.34932161612877044,0.218,0.155,1
MARF1,0.20454896703749958,0.34932161612877044,0.207,0.154,1
PRAG1,0.3120638029301641,0.34932161612877044,0.253,0.213,1
ADNP2,0.38261712885166893,0.34878077449511147,0.218,0.181,1
ZNF431,0.28991148856249244,0.3480347458440539,0.322,0.278,1
STAU2,0.05367951533160809,0.34784404244616035,0.655,0.619,1
NOM1,0.46175862240964727,0.3477447277425867,0.115,0.091,1
MRPS27,0.3129925231182043,0.34742955678756204,0.299,0.259,1
SENP5,0.025483780095192116,0.34718716443482056,0.54,0.414,1
GPR34,0.013610674918317625,0.3462955111055175,0.161,0.081,1
C2orf42,0.36836463968599514,0.3462955111055175,0.103,0.076,1
ZNF552,0.5566359977009103,0.3462955111055175,0.126,0.107,1
UQCRC2,0.2690877556722521,0.3462955111055174,0.322,0.273,1
NDUFAF6,0.04432435179166638,0.34629551110551726,0.31,0.215,1
IFNAR1,0.18867991342927742,0.34629551110551726,0.264,0.203,1
ARPC3,0.016225650542425345,0.34629551110551715,0.391,0.266,1
AL589935.1,0.7460905384665958,0.34567486362729016,0.149,0.136,1
SCAF4,0.07337960195138434,0.34561403020437653,0.391,0.302,1
PCM1,0.029303575628342345,0.3452666884821457,0.724,0.704,1
PPIP5K1,0.5128468578232783,0.34495906354270334,0.115,0.094,1
TNK2,0.1355097237605846,0.3446410441341876,0.207,0.145,1
CTPS2,0.38406420213402676,0.3446410441341876,0.172,0.139,1
BCAS3,0.012001043272185485,0.34385549503414725,0.77,0.709,1
FAM13B,0.13889300279664504,0.34375041464354816,0.644,0.58,1
APAF1,0.009455714073821144,0.34372271498740137,0.276,0.158,1
DNASE1,0.26540804069278406,0.3431386279183344,0.253,0.203,1
COQ8A,0.2791275389313892,0.3431386279183344,0.115,0.081,1
ADSL,0.4631285701019265,0.3431386279183344,0.103,0.081,1
PRRC2B,0.011869171815900099,0.34266804321518485,0.69,0.618,1
RALGAPB,0.04820150873443398,0.34249080795195364,0.529,0.414,1
INPP5A,0.09835199009818749,0.34237590252870076,0.276,0.196,1
KLF3,0.08056312102710997,0.3423176553582592,0.345,0.258,1
EIF2A,0.3653157427744108,0.342073672499128,0.276,0.234,1
TGFBR2,0.06667826907318501,0.34172857142323587,0.54,0.425,1
CHMP4B,0.14169887774618828,0.3415084638568784,0.253,0.187,1
USP4,0.12839869745324606,0.34133779130954967,0.299,0.228,1
ECT2,0.3806546507415805,0.34133779130954967,0.184,0.149,1
LIN52,0.18855745943892802,0.3405131585115112,0.31,0.249,1
TBRG1,0.1316957837123763,0.3405131585115111,0.241,0.174,1
ZNF410,0.18940256809222916,0.3405131585115111,0.241,0.185,1
PHTF1,0.04975919842364414,0.34051315851151087,0.23,0.147,1
FAM126A,0.019107729326855078,0.33951853934706344,0.517,0.364,1
SLC12A2,0.14884896182377524,0.33871091587752566,0.138,0.09,1
CASP2,0.3842087839572831,0.33871091587752566,0.149,0.118,1
EYA2,0.08894840960531894,0.3386613446905196,0.494,0.42,1
ZNF518A,0.11087261988144254,0.3384669141545761,0.678,0.673,1
GON4L,0.23081048086590988,0.3384536363332169,0.322,0.267,1
PAG1,0.05277140765949654,0.33841621767593133,0.448,0.33,1
TRIM13,0.4930265777997125,0.33800630290093636,0.184,0.157,1
AL645568.1,0.39266729875856476,0.33789245835237525,0.23,0.197,1
RALA,0.24482023743837733,0.33763064997838976,0.322,0.268,1
GPBP1L1,0.3063335554441735,0.337345879432828,0.506,0.494,1
DUS2,0.1069805971356663,0.33712256931073714,0.172,0.112,1
ZNF432,0.3172980234947683,0.33712256931073714,0.149,0.114,1
RAPGEF1,0.4960954731218394,0.3366146675132402,0.644,0.633,1
AC073529.1,0.5164295304882277,0.3363970500392792,0.115,0.095,1
FCHO2,0.07402023120443187,0.33630220141225137,0.632,0.583,1
PHF20L1,0.15783746171316618,0.33621302107788553,0.448,0.373,1
RTN3,0.5012207740394674,0.3359644578198794,0.322,0.298,1
DSEL,0.43112315534024204,0.3357121722476899,0.08,0.11,1
SLC35A1,0.25622498219903994,0.3352765101453643,0.184,0.141,1
TOLLIP,0.2725367380827646,0.3352765101453641,0.115,0.08,1
PTDSS2,0.3633003339757912,0.3352765101453641,0.115,0.086,1
BAHD1,0.44140473017582976,0.3352765101453641,0.103,0.08,1
CSNK1D,0.20172373846429745,0.3349749749700812,0.241,0.181,1
NSD1,0.057275156153462244,0.33467350280497016,0.736,0.675,1
THOC1,0.10680059501559577,0.33425416803982877,0.345,0.265,1
ZNF236,0.24792364753096402,0.3337399299160847,0.345,0.292,1
GIGYF2,0.02335619638267171,0.33366687929182337,0.793,0.745,1
ARNT,0.21206138532897423,0.33363907741405896,0.437,0.378,1
NEDD4L,0.1134245849828476,0.33354433556498,0.425,0.337,1
GPATCH2,0.11402729676342309,0.3335189119086224,0.563,0.531,1
LPIN1,0.27555812417842895,0.3333176571073073,0.172,0.13,1
UBE3B,0.42984083746980933,0.3333176571073073,0.172,0.142,1
C18orf54,0.8371507688574605,0.3333176571073073,0.115,0.108,1
RNF19A,0.009398271361882747,0.33331765710730715,0.46,0.322,1
DDAH2,0.2879963959469432,0.3333176571073069,0.103,0.071,1
FBXW11,0.20227374659004677,0.33292620545902624,0.586,0.566,1
FBH1,0.291040555817041,0.33273580791979196,0.299,0.246,1
AC066613.2,0.48097432168947446,0.332051579763315,0.138,0.113,1
ERCC4,0.3113748992630942,0.33166224092924557,0.126,0.092,1
C5orf22,0.39702752415990283,0.33166224092924557,0.126,0.097,1
CCDC174,0.6190710403769604,0.33166224092924557,0.103,0.088,1
SNRK,0.027856617787065545,0.3315537553826373,0.402,0.288,1
TMEM87B,0.15633046772505144,0.33128769329850905,0.368,0.296,1
ANKRD12,0.04473937253463323,0.3310480549010526,0.759,0.806,1
CREG1,0.0031401032802317423,0.3309271096823132,0.299,0.163,1
ATAD5,0.062431837544518407,0.3309271096823132,0.276,0.189,1
TPM3,0.0011717939805757282,0.33092710968231315,0.483,0.298,1
UGDH,0.8728373300893856,0.3302448230576842,0.103,0.1,1
RDX,0.09318011048319706,0.3301142092292583,0.701,0.638,1
TLE4,0.06550107630535346,0.3300857870611732,0.713,0.631,1
NDC1,0.7321455849169392,0.32992174724379586,0.126,0.117,1
GNG12-AS1,0.565104687227634,0.32992174724379564,0.264,0.237,1
KPNA1,0.104075759100521,0.32948814275431526,0.483,0.403,1
TYW5,0.4571238239119329,0.3290175196736822,0.172,0.145,1
LINC02245,0.10850871823034484,0.32901751967368187,0.253,0.178,1
PCNX2,0.4380911136427986,0.3281998970726594,0.126,0.102,1
CHPT1,0.13475818803263462,0.32774586243763326,0.356,0.275,1
C21orf58,0.514922394497789,0.3269983520370294,0.126,0.105,1
NUP107,0.27875740429043944,0.3265660406795854,0.264,0.218,1
ZFP2,0.6596925165254273,0.3261578655344408,0.103,0.09,1
FLNB,0.003973104651244277,0.3251322996385364,0.287,0.52,1
AARS,0.9148427763471043,0.32505950610499834,0.103,0.101,1
ZHX1,0.20916164320515307,0.32473016127058374,0.184,0.134,1
LNX2,0.2896909390232674,0.32473016127058374,0.172,0.13,1
DAP3,0.2291034367582619,0.32463907916310764,0.333,0.281,1
TGS1,0.28946335946549784,0.3245716146424895,0.218,0.174,1
HCLS1,0.5012274711971778,0.3245716146424895,0.207,0.179,1
NUP214,0.04999124973593987,0.32431593098370975,0.46,0.355,1
BTBD7,0.6208708109205404,0.3242362849466339,0.529,0.551,1
POLR2E,0.3363554220521618,0.32411872026084243,0.138,0.103,1
SUMO1,0.10143577124197417,0.323563089581574,0.218,0.147,1
AC009120.2,0.10827442643254137,0.323563089581574,0.218,0.149,1
R3HDM1,0.12548864387103453,0.3235630895815738,0.552,0.491,1
ZNF217,0.05111829245501475,0.32341353326143896,0.414,0.305,1
ACTR3,0.0318703967710961,0.32330386847928827,0.644,0.569,1
FLVCR1,0.6315270478300218,0.32330386847928816,0.115,0.1,1
SPOPL,0.2270026819890387,0.3228652926920865,0.287,0.234,1
ACAD10,0.11321404613561807,0.3219627621397314,0.184,0.121,1
NCOA2,0.016263159021359972,0.3218754504296615,0.92,0.888,1
POU6F2,0.35552094027802655,0.32140433556380654,0.138,0.184,1
KAT6A,0.019898842399903364,0.3212946123983059,0.805,0.743,1
CDC42SE1,0.3376988968716882,0.32106539628328856,0.23,0.188,1
ANP32A,0.3505922454524583,0.3210005020997594,0.31,0.272,1
BIRC2,0.07835857845299177,0.32074990369008116,0.276,0.193,1
CHD8,0.0782961182973665,0.32062973418096263,0.391,0.298,1
MCCC2,0.21130491147717084,0.32045550617025764,0.299,0.24,1
ZFP36L1,0.06189214931109127,0.32023663413147196,0.69,0.679,1
PXK,0.5571169338854629,0.3195073003912091,0.264,0.231,1
FAM120B,0.08502914511008937,0.3194515429836814,0.621,0.55,1
TRRAP,0.1866545852531034,0.31934245863590077,0.448,0.397,1
HIF1A-AS3,0.07949304020295579,0.3193424586359006,0.195,0.127,1
HMBOX1,0.0703171167632509,0.31877963656422975,0.598,0.564,1
SNAP23,0.08811293654683945,0.3184868521815123,0.368,0.281,1
BRCC3,0.9069032944825555,0.3184868521815123,0.172,0.171,1
ISCA1,0.5698711468726392,0.31848685218151207,0.115,0.096,1
SDCBP,7.881579011453552e-4,0.3182775789116694,0.529,0.342,1
ICE1,0.18011384728855032,0.3181975706831888,0.425,0.359,1
TSC22D4,0.27449199795380036,0.3180185207244244,0.138,0.099,1
BFAR,0.38678480741356347,0.3180185207244244,0.138,0.107,1
CIAO2A,0.7581458765530168,0.3180185207244244,0.115,0.106,1
NHS,0.26922129614616225,0.3177798220076509,0.207,0.269,1
GRB10,0.9962062122056198,0.3177418508528532,0.184,0.192,1
ZNF701,0.7046890992940338,0.3176127564014326,0.126,0.113,1
ARMH4,0.1973586947373015,0.3174295453984701,0.264,0.204,1
VRK1,0.17304138569106736,0.3170964940803429,0.23,0.17,1
SGK1,0.08250222578284373,0.31641748289404825,0.172,0.109,1
VPS36,0.1532896481527504,0.3157206970602239,0.356,0.283,1
CRBN,0.18396087078793955,0.3153425827766052,0.241,0.181,1
FANCA,0.8218553147971304,0.3152117201486513,0.161,0.158,1
TRIR,0.08639319084696537,0.31487333735341183,0.253,0.176,1
RBM41,0.22787509458989028,0.31451794997856664,0.264,0.208,1
CLASP2,0.2846039806221733,0.31433653595243777,0.644,0.656,1
MFN1,0.11981948242417952,0.3143032791886624,0.299,0.222,1
PTN,0.5603001874457862,0.3141790106980489,0.149,0.183,1
NUP205,0.09259482816238036,0.31406717820771024,0.333,0.248,1
ZMYND11,0.03531131695001883,0.312919789267657,0.552,0.435,1
UBE2E3,0.0342591102053363,0.312760241154555,0.552,0.429,1
MAP3K9,0.21997414712615743,0.31194400631474073,0.172,0.125,1
PPM1G,0.10877525740920388,0.3119440063147405,0.23,0.159,1
MRPL42,0.4387008906097855,0.3119440063147405,0.184,0.155,1
BTBD1,0.19325403622618714,0.3119440063147403,0.264,0.202,1
CD274,0.2177956043467113,0.3119440063147403,0.126,0.086,1
KLHL28,0.2489984681679881,0.3119440063147403,0.241,0.191,1
PRPSAP1,0.30885614195098665,0.3119440063147403,0.149,0.112,1
AC092944.1,0.3364016459746303,0.3119440063147403,0.126,0.094,1
SMPD4,0.3969566817989197,0.3119440063147403,0.172,0.139,1
AL162411.1,0.5095287423019006,0.3119440063147403,0.126,0.105,1
GNPDA1,0.5320790860943032,0.3119440063147403,0.103,0.084,1
AP5M1,0.5876194463479903,0.3119440063147403,0.161,0.143,1
NDUFA9,0.6237677281810404,0.3119440063147403,0.149,0.131,1
WDR89,0.7606849709622204,0.3119440063147403,0.126,0.115,1
MYSM1,0.05270987495686024,0.3119440063147402,0.448,0.33,1
PPM1A,0.14639151363928357,0.3119440063147402,0.391,0.316,1
SEC13,0.04748530428580084,0.31194400631474006,0.287,0.193,1
LDLRAD3,0.3412946056908958,0.31194400631474006,0.172,0.135,1
AC097376.3,0.5015703589775425,0.3107492277446829,0.345,0.333,1
MTREX,0.221719643792271,0.31063899035882697,0.425,0.367,1
ECHDC1,0.04181080130216396,0.31050634297614876,0.448,0.331,1
INO80,0.015172085114500484,0.30985010893572407,0.586,0.433,1
SEC61A1,0.3015130372817934,0.30958858531661027,0.287,0.236,1
LINC02211,0.05216763140446528,0.30926656346605,0.368,0.271,1
EEFSEC,0.1664877179160677,0.30916424622375416,0.402,0.321,1
PHF12,0.28715490022350865,0.309117962235977,0.253,0.205,1
SPATA5,0.1964099037225538,0.3090701108606297,0.517,0.485,1
CACNB4,0.014818699146807883,0.30855341711396567,0.195,0.107,1
TP53BP2,0.10138820415868413,0.3084123153444869,0.23,0.157,1
ZFAND3,0.004882805300325727,0.3082396571299344,0.954,0.947,1
GTF3C3,0.5105265555796782,0.30809168081913385,0.184,0.158,1
AC006059.1,0.1612241942270686,0.30790849307958323,0.207,0.148,1
CADPS2,0.4966772470975943,0.30696059880048443,0.149,0.125,1
PRMT2,0.1372807402192941,0.3067310104318241,0.414,0.348,1
P3H1,0.6951925066033486,0.30664970664522695,0.126,0.113,1
MBD4,0.44918201975938316,0.3062974431735981,0.138,0.11,1
HSD17B4,0.3280776353029632,0.30563811723305156,0.494,0.469,1
NSUN6,0.0470043565722757,0.30543069935606604,0.333,0.231,1
APOOL,0.07226208155037077,0.3048892487807897,0.241,0.161,1
ELMOD2,0.4161418465157405,0.3048892487807897,0.207,0.17,1
IQCG,0.4151105574400517,0.3048892487807895,0.115,0.088,1
FAM120C,0.7396735052561145,0.3048892487807895,0.103,0.093,1
CEP57,0.1122331637823466,0.3045833013634862,0.356,0.275,1
RIPK1,0.20629993294430585,0.3044753354108902,0.287,0.224,1
UBE2Z,0.19076708274433707,0.3042496145247393,0.287,0.223,1
PTPN2,0.6731235177313453,0.3040449914422194,0.425,0.433,1
TBPL1,0.40687459940400833,0.30388423652078833,0.161,0.131,1
EP400,0.14847535729048342,0.3037546085013934,0.425,0.357,1
ST8SIA4,0.2155717458345418,0.30362074260820016,0.195,0.249,1
CCDC12,0.0839173776788679,0.3034824275665442,0.287,0.203,1
RMND5A,0.2720338124363902,0.3034824275665442,0.184,0.14,1
FBXL4,0.3118134259353707,0.30336016009404515,0.425,0.366,1
EGR1,0.17338877631299926,0.30326611524274294,0.241,0.18,1
MAPK6,0.19703233148146088,0.3030384530928485,0.31,0.244,1
TPX2,0.2557192165402155,0.3030384530928485,0.126,0.089,1
EEF1AKMT2,0.0752016272270804,0.30287992388650364,0.276,0.191,1
ZNF875,0.09020258018859824,0.30287992388650364,0.287,0.204,1
WDR48,0.3212333683010214,0.3025453083124907,0.218,0.174,1
DCUN1D1,0.4159300163186154,0.3025453083124905,0.264,0.229,1
CRTC3,0.5276032717829041,0.30241336857661855,0.391,0.37,1
KIAA0319L,0.06431215834713946,0.3020587332519292,0.529,0.436,1
RRP15,0.2576074196697331,0.3019943459071355,0.161,0.118,1
CDC7,0.7842765550442343,0.3019943459071355,0.126,0.117,1
QRICH1,0.13668898082758857,0.30137476460455304,0.333,0.257,1
MIR222HG,0.6234647994568633,0.30137476460455304,0.172,0.157,1
SDHC,0.3078699442206265,0.3013747646045528,0.207,0.163,1
DOCK7,0.10932658676171379,0.3009169841657163,0.632,0.616,1
TRIM25,0.07816245453468672,0.30058911134716426,0.345,0.252,1
MCM3AP,0.18098558605094023,0.3005211830546224,0.31,0.248,1
LINC02109,1.6682444873614897e-4,0.3002805989767996,0.241,0.516,1
PMM2,0.4201265725035384,0.30011164322730444,0.322,0.296,1
CTBP1,0.09926654046787615,0.2998711740141653,0.218,0.147,1
SLC2A9,0.21448478568319262,0.2998711740141653,0.253,0.194,1
AL390774.2,0.33283813879075946,0.2998711740141653,0.138,0.104,1
SUPV3L1,0.6841052894211345,0.2998711740141653,0.092,0.109,1
CLASP1,0.044051103874397805,0.29951761561492257,0.713,0.644,1
CENPJ,0.31842839169027337,0.29927017627962993,0.172,0.133,1
CARMN,0.4244119303308211,0.29927017627962993,0.115,0.089,1
ZNF480,0.6107643109840055,0.29894666578586726,0.115,0.098,1
ARPC2,0.0067737572525179155,0.29890324708024685,0.782,0.666,1
VTI1B,0.23922883577561763,0.2984291998402584,0.218,0.168,1
LRCH3,0.018906507927560934,0.2982690694176636,0.644,0.54,1
TESK2,0.047522744605276834,0.29807789219111436,0.368,0.27,1
ZNF766,0.5437412954895189,0.2978688211030174,0.115,0.095,1
INTS13,0.7386354203916152,0.2978688211030174,0.103,0.093,1
PTPRM,0.009958421541567362,0.29760456704222027,0.782,0.726,1
ATXN7L1,0.15597782544778496,0.29700140726660373,0.586,0.551,1
PTPN1,0.5982433226971382,0.29689838285125114,0.506,0.512,1
PHF21A,0.31510958745220297,0.2967211835905157,0.54,0.545,1
POFUT1,0.5721060377984344,0.2965960419813043,0.103,0.086,1
POLA1,0.01892895188537615,0.2965226466646814,0.506,0.4,1
TIPRL,0.44648618097242365,0.29611903915305726,0.138,0.111,1
RANBP10,0.40064332786070456,0.2957155445228541,0.218,0.185,1
TAMM41,0.0714590692729016,0.2956114351927792,0.299,0.208,1
KLHL24,0.11519918331991996,0.29543491914930087,0.322,0.247,1
CYP20A1,0.04369138946749447,0.2950701877503442,0.379,0.266,1
ELP3,0.09969443997277884,0.2950701877503441,0.276,0.197,1
KAT5,0.41612670016411035,0.2950701877503441,0.103,0.078,1
PSMD6,0.46589647799774925,0.2950701877503441,0.138,0.112,1
TINCR,0.9416939021058093,0.2950701877503439,0.149,0.151,1
MTOR,0.21747044767229953,0.29464011022714454,0.31,0.249,1
ANKIB1,0.030108036690112965,0.2939604697034063,0.713,0.658,1
RAB35,0.5978517801824597,0.29387243339272207,0.126,0.108,1
CDKL3,0.6079706456546526,0.29387243339272207,0.115,0.097,1
C2orf76,0.9590282766040361,0.29387243339272207,0.103,0.103,1
ZNF544,0.22479788956799066,0.29371065093772897,0.299,0.237,1
EMC2,0.6973438085444398,0.29349833899392186,0.23,0.222,1
MED27,0.11777269837331084,0.2926756726099613,0.483,0.388,1
RYK,0.8568229591241485,0.2924320096693966,0.506,0.542,1
TNKS,0.026376663550663683,0.2922508935368884,0.816,0.788,1
AC024901.1,0.9457109148357982,0.29218977197369694,0.126,0.13,1
PRPSAP2,0.13721483749537314,0.29211283439317137,0.184,0.125,1
STX17,0.2781082512347987,0.29187838326063464,0.31,0.263,1
DUSP1,0.0628708703717057,0.2916035580305647,0.241,0.158,1
NIPSNAP2,0.13259183758818924,0.29151612461695087,0.276,0.205,1
NFATC2IP,0.13551822033171226,0.29151612461695087,0.287,0.215,1
PPP4R3B,0.038270405462276766,0.2911405450402411,0.563,0.451,1
STAT2,0.19834381283253322,0.2908823907869107,0.195,0.141,1
TTLL3,0.2192264618294227,0.2908823907869107,0.207,0.154,1
CYREN,0.2553745398362065,0.2908823907869107,0.149,0.108,1
ZNF66,0.2851835378385154,0.2908823907869107,0.184,0.139,1
TMEM63B,0.3663439063832823,0.2908823907869107,0.149,0.116,1
GLOD4,0.5142687665094734,0.29088239078691025,0.115,0.093,1
AC009271.1,0.5471346785975264,0.28973402246957947,0.184,0.227,1
AC005261.1,0.48455654409885973,0.28898285787142886,0.115,0.092,1
PRPF4,0.530127181318596,0.28898285787142886,0.103,0.084,1
CAPN2,0.42394034159374583,0.2885610788767896,0.149,0.12,1
FBXO34,0.18168435588824539,0.28856107887678945,0.414,0.346,1
PID1,0.04304632568371379,0.28796514338030055,0.241,0.401,1
C2,0.011877363055446831,0.28740182205194853,0.23,0.127,1
FAM160B2,0.371325115467558,0.28719734397905494,0.149,0.117,1
AC009961.1,0.6970907123800067,0.28719734397905494,0.115,0.103,1
STX5,0.24150992016480577,0.2870156100188863,0.23,0.178,1
AC061958.1,0.3779888058738652,0.2869673407835274,0.195,0.254,1
PRPF8,0.06157452603391646,0.2867067148157174,0.287,0.196,1
MTFR1,0.6655111123266196,0.28645403156069027,0.23,0.211,1
ROBO2,0.16846654012143208,0.2862827460491194,0.069,0.118,1
JMJD1C,0.0020910620885308,0.28586538169977116,0.943,0.931,1
RABGEF1,0.20521063119276453,0.2855764081936934,0.621,0.582,1
RFX7,0.0692202101374793,0.2850958213337669,0.598,0.526,1
SF3B3,0.09793904256892393,0.28474586498495835,0.322,0.235,1
AUTS2,0.9104014571159025,0.2847317066882298,0.632,0.721,1
DAP,0.6617348742192071,0.2844959481272492,0.322,0.301,1
MAT2A,0.2606925877752946,0.2839296301451437,0.23,0.179,1
ETV3,0.3787458468822878,0.2839296301451437,0.126,0.096,1
VMA21,0.4338357364852018,0.2839296301451437,0.115,0.089,1
WDR92,0.661281559594157,0.2839296301451437,0.103,0.09,1
NOC3L,0.7958188845000276,0.2839296301451437,0.126,0.116,1
LAPTM4B,0.8425683947472042,0.2839296301451437,0.092,0.101,1
ARHGAP5,0.9548899922950158,0.28333945012427714,0.586,0.618,1
UFL1,0.35863031026287906,0.2832531025637479,0.31,0.265,1
LINC02398,0.2883015151232285,0.28302027301393995,0.092,0.131,1
KLF4,0.6915061387013183,0.2829732528871247,0.172,0.158,1
CCN1,0.7075185472991379,0.28286294245079113,0.138,0.126,1
UCK2,0.14954633962469516,0.282723867399747,0.184,0.126,1
LY6E,0.8496275478222979,0.282723867399747,0.115,0.126,1
PAK1,0.47330374833084216,0.2825430898741812,0.322,0.287,1
FBXO7,0.26373341237978465,0.28214079539533077,0.253,0.202,1
SLC4A7,0.4528364851162953,0.28208120575277496,0.241,0.211,1
CAPRIN1,0.12908879283547167,0.281519111554463,0.483,0.398,1
ZNF362,0.19613467217680952,0.2814096381666287,0.195,0.143,1
ABHD16A,0.5419223373827522,0.28140963816662845,0.103,0.084,1
NDUFV2,0.0875607536636522,0.28140963816662834,0.368,0.273,1
XPO1,0.023746125149015057,0.28136597768753224,0.793,0.769,1
PCNX4,0.05401254094886798,0.28068662368102215,0.598,0.501,1
COMMD1,0.19505722762754873,0.28053273833764525,0.69,0.694,1
VAMP4,0.8454040931419061,0.2804657748415722,0.126,0.12,1
PCMTD1,0.15605502601012447,0.28037706730375184,0.632,0.593,1
NAA35,0.4021144228207986,0.2791689702231202,0.391,0.365,1
DCP1A,0.013599230508240155,0.27873696092482136,0.448,0.299,1
APLP2,0.8394240689653297,0.2783914466037135,0.494,0.569,1
C11orf49,0.5660524188096182,0.2777774031635485,0.31,0.293,1
KRIT1,0.1385124537607376,0.2775033609857107,0.414,0.337,1
STK38L,0.08398690732374521,0.27741632318646925,0.276,0.194,1
INO80C,0.3613352461386917,0.27741632318646925,0.161,0.126,1
RPRD1A,0.2490004280186727,0.27701021620535315,0.368,0.298,1
TOX4,0.7958605267993873,0.2766469542014476,0.149,0.142,1
UTY,0.013065525549088072,0.2762670241304698,0.747,0.628,1
LCOR,0.127085052213297,0.27621830359686117,0.747,0.755,1
TRMT11,0.29778858041053896,0.275732477178524,0.425,0.383,1
RAB5B,0.4654859953983114,0.27507871256287797,0.207,0.176,1
EDEM2,0.3366048199276607,0.2747111001157654,0.172,0.134,1
CAMKMT,0.04928939965982174,0.2742896414814423,0.517,0.398,1
FRRS1,0.8321627788264303,0.27387596548122084,0.149,0.156,1
TRAPPC3,0.6980704459598761,0.2738759654812206,0.103,0.091,1
MTG1,0.1786381136650738,0.2735629145868843,0.23,0.17,1
CD37,0.018317400966227235,0.273298078415257,0.138,0.067,1
FBXO46,0.8551585245550697,0.273298078415257,0.092,0.1,1
NEK4,0.6865412875889887,0.27287444163614794,0.126,0.113,1
VDAC3,0.7641333298409041,0.27287444163614794,0.126,0.117,1
GSPT1,0.059915079460101224,0.2726497052791409,0.391,0.29,1
BRK1,0.3977342908756158,0.2725505680146534,0.149,0.118,1
RBM10,0.442534705615548,0.2725505680146534,0.149,0.121,1
IER3IP1,0.49605366375110227,0.2725505680146534,0.149,0.122,1
MAU2,0.3837227786547045,0.27255056801465316,0.264,0.224,1
SCARB1,0.01706446485300878,0.2722949296617405,0.345,0.224,1
PLCL2,0.022184546613389845,0.27202754108885174,0.736,0.64,1
RBM14,0.07603028179443318,0.27191711244316386,0.253,0.17,1
SCAMP2,0.1680007060253275,0.27191711244316386,0.218,0.158,1
SBF2,0.004387681970972575,0.2718246207267765,0.931,0.888,1
ABI2,0.0117406641613754,0.27181879268022746,0.54,0.385,1
PRPF3,0.2166948807957881,0.2716513003667069,0.264,0.206,1
DAZAP2,0.1341066567722421,0.27154590568931103,0.264,0.193,1
MAP4K5,0.5228263767990852,0.27134870266840844,0.517,0.48,1
TAF1,0.2065003375514085,0.27118113740315564,0.299,0.241,1
CBR4,0.28841172806586307,0.27067353344287665,0.425,0.396,1
TRPC4AP,0.5792389534303206,0.2705164541198529,0.575,0.586,1
SCAMP4,0.317804573116868,0.27012383062011347,0.149,0.112,1
NUP37,0.6408594008565016,0.27012383062011347,0.149,0.132,1
WDR43,0.12160299413191958,0.2701238306201132,0.46,0.36,1
UPF1,0.36441406197540405,0.270123830620113,0.161,0.126,1
GTF3C6,0.5310592170871428,0.270123830620113,0.103,0.083,1
IPP,0.5912241362321049,0.270123830620113,0.115,0.097,1
NEMF,0.13489382454732735,0.26926533905006844,0.575,0.535,1
SCAF8,0.10011197471168853,0.2681352775266594,0.759,0.698,1
COPS2,0.37359032477176035,0.2679559939374032,0.287,0.247,1
EYA3,0.21655465032517804,0.2677925157456258,0.379,0.312,1
FECH,0.21548133521567236,0.26770116835325775,0.138,0.097,1
COX10,0.540734067693332,0.2675498869562867,0.23,0.211,1
SDC2,0.5833175568312385,0.2671825553079905,0.138,0.118,1
NBPF9,0.3473576162684749,0.26695655154142983,0.138,0.104,1
DHX38,0.41589694483382555,0.2663814289342965,0.115,0.088,1
TMBIM1,0.5508833654518555,0.2660077221478816,0.172,0.145,1
BRI3,0.051365461611170976,0.26498052734415367,0.345,0.242,1
TMA16,0.6219211983492872,0.2647573208702978,0.184,0.164,1
NFIA,0.18622975850914072,0.26459743298440785,0.644,0.635,1
KHDC4,0.03917204867188689,0.2642472642834439,0.31,0.203,1
LIPE-AS1,0.4023741460077499,0.2642472642834437,0.138,0.108,1
STXBP3,0.07482058232293393,0.26403007270743895,0.414,0.31,1
CACNA2D1,0.7115784248922599,0.2637962106481022,0.138,0.157,1
THADA,0.11305551211673057,0.2637636658406727,0.598,0.508,1
ANKRD36B,0.11367720814561895,0.2636300685346131,0.207,0.139,1
HNRNPM,0.10052782177624875,0.26358098475334146,0.575,0.505,1
STARD7,0.26944009330563634,0.26327015957905053,0.207,0.16,1
ANKRA2,0.4192504445629846,0.2632701595790503,0.126,0.098,1
SPPL3,0.14235450398496036,0.26315988287034897,0.862,0.832,1
KRT7,0.2631316243652074,0.26314115747399847,0.149,0.212,1
ANKRD6,0.2003418115711862,0.2628680146173141,0.218,0.165,1
FAM151B,0.7892972409369172,0.2628680146173141,0.207,0.202,1
USP8,0.14591163424440773,0.26280191932279373,0.494,0.412,1
PKNOX1,0.3829996617647804,0.26225218007144246,0.322,0.281,1
ACP6,0.4886804180414689,0.26190332381514514,0.103,0.081,1
MORC2,0.5378436955559398,0.26190332381514514,0.172,0.15,1
RBL1,0.370440927129538,0.2619033238151449,0.218,0.176,1
RPA1,0.7514262133367716,0.2619033238151445,0.184,0.174,1
SRGAP1,0.38313184431570857,0.2616707998335165,0.517,0.491,1
REL,0.1869465861672644,0.26084601703210253,0.241,0.181,1
EIF3H,0.9973095389402667,0.2605250258101998,0.494,0.554,1
ZSWIM8,0.3640802722935015,0.2603428098275278,0.195,0.156,1
LMCD1,0.39709916971776604,0.2602083617550306,0.08,0.114,1
TBC1D23,0.5996672629244257,0.26020836175503037,0.368,0.342,1
AAK1,0.12973922145179603,0.26012478028902564,0.851,0.854,1
AC022784.1,0.9686180753340901,0.26004856241861696,0.264,0.269,1
DGKH,0.32106371666443934,0.2599758752440304,0.322,0.283,1
CAMKK2,0.8012597338427255,0.25985549516628614,0.126,0.119,1
SMARCC1,0.13076792644716978,0.25985549516628603,0.667,0.637,1
EDRF1,0.2975632890449297,0.25931707566353035,0.184,0.141,1
UQCC1,0.43351781329260397,0.25931707566353035,0.287,0.256,1
ENTPD6,0.6266980512507802,0.2589256240152493,0.103,0.088,1
HNRNPUL1,0.18072162308478812,0.2589256240152491,0.287,0.222,1
RPS6KB1,0.25735555031172663,0.2589256240152491,0.276,0.226,1
INTS11,0.8556085881009042,0.25839453803800616,0.115,0.109,1
TLK2,0.138753706181545,0.2582408391041914,0.506,0.448,1
LINC01515,0.25776703234477705,0.2582061351593985,0.161,0.119,1
KDM3B,0.12931208641324185,0.25805099831953815,0.391,0.308,1
PRKCI,0.14391517796003217,0.2578105691812618,0.31,0.238,1
STIP1,0.3160888940030963,0.2578105691812618,0.184,0.142,1
PMF1,0.4365568223034484,0.2578105691812618,0.184,0.153,1
CPSF6,0.058826733679616786,0.2577708905541909,0.632,0.565,1
GCFC2,0.8904496645860132,0.2577155268517115,0.253,0.264,1
NR3C2,0.20346337413812465,0.2569934096913383,0.276,0.216,1
MICAL3,0.05643672491409927,0.25697754709681175,0.287,0.423,1
STX18-AS1,0.09290653654295036,0.2564488937230367,0.184,0.118,1
JOSD1,0.3509864376401904,0.2564488937230367,0.126,0.094,1
ZNF595,0.38871227723804563,0.2564488937230367,0.172,0.137,1
CIZ1,0.4029571717492637,0.2564488937230367,0.126,0.097,1
VPS45,0.599024093308162,0.2564488937230367,0.276,0.258,1
SETD1B,0.783585559337693,0.2564488937230367,0.103,0.095,1
ARHGAP17,0.028280860642296513,0.2564488937230366,0.609,0.538,1
RAB21,0.19144016189434637,0.2558159939362299,0.322,0.259,1
LIMK2,0.23010211254191876,0.2554220644690921,0.368,0.299,1
ESD,0.14250068850202396,0.2552121212161851,0.207,0.144,1
LIPA,0.16252339007687466,0.2552121212161851,0.207,0.147,1
STAG1,0.20615279812848208,0.2548217816464633,0.943,0.928,1
RPP30,0.43061926276174795,0.2547486047331975,0.149,0.12,1
HUWE1,0.11416727079314683,0.2545510266996521,0.724,0.654,1
CHEK2,0.4876687071650575,0.25435651476179677,0.126,0.102,1
MON2,0.10572026332562617,0.2542981662939763,0.805,0.835,1
SP3,0.056653587899528436,0.2542728826907671,0.782,0.706,1
MAP4,0.06774314367111776,0.2541822867510919,0.736,0.668,1
GMDS,0.7845975762157436,0.2541439003570364,0.425,0.442,1
CSRNP2,0.46484657843933475,0.2537293923694448,0.103,0.08,1
MXI1,0.6881527625364645,0.2537293923694448,0.126,0.11,1
SLMAP,0.20150881734206685,0.25357265435626536,0.586,0.552,1
PCSK7,0.09826873853446358,0.2534275417477996,0.264,0.185,1
MYLIP,0.5976469954330792,0.25298859900739723,0.31,0.286,1
FAM106A,0.17189646853785664,0.25294081894675635,0.264,0.199,1
XIAP,0.2790931887720477,0.25278921961483647,0.368,0.314,1
MAML3,0.11120598561004144,0.2525997801084272,0.782,0.784,1
IFT122,0.9273267260811331,0.2525654592358082,0.103,0.107,1
POLR3A,0.9536742556340044,0.2525654592358082,0.103,0.108,1
TMEM39A,0.3723068741972861,0.2519192352425226,0.299,0.256,1
POGK,0.6780457144328602,0.25150815245276625,0.103,0.09,1
NEK11,0.14493511237453444,0.2510150076724087,0.218,0.157,1
GCC2,0.12333410510532196,0.2510150076724086,0.425,0.339,1
KIF3A,0.25934485178974054,0.25072957982680677,0.184,0.137,1
SYN3,0.3468588394218143,0.25065940130115083,0.218,0.27,1
SLC25A17,0.3771373994593559,0.25041250399236814,0.218,0.181,1
TADA2A,0.47600171398578445,0.25041250399236814,0.218,0.186,1
AC093535.1,0.976361749636899,0.25041250399236814,0.138,0.137,1
RTL8C,0.3618872416155933,-0.25020861149832996,0.069,0.1,1
HDAC3,0.821115492250109,-0.25020861149832996,0.103,0.109,1
KLHDC2,0.717259022397011,-0.2516448436138492,0.149,0.162,1
AKT2,0.6771682533118994,-0.2526698490146133,0.138,0.152,1
CENPK,0.9540745948320779,-0.25266984901461353,0.138,0.137,1
EMC3,0.6499062889584818,-0.25330025979191095,0.115,0.131,1
TAX1BP1,0.3407074906937718,-0.2534825586638713,0.69,0.716,1
TRA2A,0.11779568823447932,-0.25411567680312475,0.701,0.783,1
HNRNPA2B1,0.1344972022577937,-0.254485993860037,0.908,0.919,1
LRRC41,0.3401299780999094,-0.2552291809628877,0.126,0.167,1
UBR5,0.17968973765609464,-0.25524895921648016,0.805,0.848,1
FBXO9,0.3928675552199667,-0.25566568668189626,0.299,0.339,1
TNKS2,0.08165473671645355,-0.25582570569368906,0.506,0.638,1
POLR3B,0.37809772694898547,-0.25594498104747476,0.195,0.236,1
SERP1,0.25335760013136804,-0.25633975325978575,0.207,0.264,1
ACBD6,0.9047324879400164,-0.25660540451558256,0.747,0.737,1
PRRC1,0.11366291959687111,-0.2566387512175592,0.207,0.29,1
TSPAN4,0.8277817321631271,-0.2567626036484967,0.126,0.132,1
SLC38A9,0.6825389665046149,-0.2571089141811106,0.517,0.519,1
COMMD2,0.5403585046711206,-0.2572166382835226,0.08,0.1,1
ZNF551,0.7044581176157398,-0.2572166382835226,0.092,0.103,1
CRK,0.6021008493394897,-0.2579641486841264,0.299,0.31,1
SHB,0.3687625554570184,-0.2588046351867148,0.149,0.187,1
EIF4B,0.6193744608653929,-0.25906432289165326,0.425,0.436,1
RICTOR,0.033053451935481606,-0.25975659499749326,0.759,0.827,1
TSHZ1,0.7299469501970579,-0.2599944868342744,0.23,0.242,1
AC093827.4,0.18416622765770743,-0.2601026065211305,0.08,0.129,1
GPX8,0.4938188795097711,-0.2601026065211305,0.08,0.103,1
SPTAN1,0.7242505000949292,-0.2602323394505728,0.333,0.291,1
MATN2,0.18819225196070857,-0.2605177108372989,0.092,0.148,1
ICK,0.8745273302065503,-0.260589044864898,0.264,0.265,1
TAF15,0.24203684498519604,-0.2614706303684545,0.586,0.652,1
IER3,0.19298213376049467,-0.2616586322418679,0.057,0.101,1
ZBTB43,0.6723661418676299,-0.2616586322418679,0.172,0.187,1
DFFA,0.6387110425128337,-0.2620972080290698,0.115,0.131,1
KRT8,0.5391733238890346,-0.2626539375872356,0.276,0.294,1
YIPF4,0.42544043941544946,-0.2630835163486962,0.31,0.346,1
SMYD2,0.8819103391133367,-0.2630835163486962,0.276,0.254,1
LMAN1,0.6574281348353672,-0.26355816515734964,0.391,0.406,1
KNOP1,0.5474138394172887,-0.26355816515734976,0.08,0.1,1
FBXO8,0.46093855365692293,-0.26450699455089843,0.207,0.164,1
STMP1,0.5588083699035149,-0.26450699455089843,0.172,0.195,1
MTMR4,0.821420273326914,-0.2647823443066515,0.23,0.211,1
ATXN7L3B,0.48115356651434965,-0.2649134447693604,0.115,0.141,1
SEH1L,0.7934277559301338,-0.26528284562681037,0.115,0.121,1
SEPTIN7,0.12370215693014504,-0.26528284562681076,0.598,0.683,1
ANAPC5,0.4029639052611723,-0.2652828456268108,0.264,0.302,1
SEC16A,0.8415238648364509,-0.26555497522129623,0.195,0.196,1
EBF1,0.12338562816330863,-0.2656369768151393,0.172,0.243,1
NHLRC2,0.8918060594412441,-0.2664756485396439,0.379,0.336,1
BPTF,0.3346547372900054,-0.2665523448019034,0.655,0.73,1
BTG2,0.8378658053473378,-0.2680178133480493,0.138,0.127,1
PIP5K1A,0.25418176139535753,-0.26810686584898147,0.471,0.543,1
PTPN3,0.06249650067045871,-0.26829608416401285,0.218,0.321,1
MAPK8,0.2869668453397069,-0.26897166134371403,0.437,0.503,1
DDX1,0.9680575064683544,-0.2689716613437141,0.276,0.259,1
SIK3,0.22394343116585097,-0.2712804569728682,0.701,0.81,1
FMR1,0.021522518661253313,-0.27131338247067865,0.437,0.582,1
RASSF8,0.8030187374381232,-0.27197040497354963,0.333,0.329,1
GTF2A1,0.3091744823150523,-0.2730184944064158,0.161,0.21,1
KLHDC4,0.3793940329751835,-0.2730184944064158,0.08,0.112,1
DUXAP8,0.4621893524312366,-0.2730184944064158,0.08,0.105,1
LRRC59,0.6257090719157186,-0.2730184944064158,0.092,0.107,1
NAALAD2,0.15348177502623858,-0.27301849440641623,0.057,0.109,1
CHPF,0.7443678656784554,-0.27301849440641623,0.103,0.114,1
UAP1,0.9524528098400361,-0.27301849440641623,0.126,0.12,1
ZNF451,0.21369036663245766,-0.2742478894879596,0.529,0.619,1
SERTAD2,0.5869325359966243,-0.2749031387513588,0.368,0.377,1
COX7A2,0.3783749444208111,-0.27490313875135897,0.115,0.148,1
MTR,0.35174641648058985,-0.2750092426743962,0.46,0.52,1
YWHAZ,0.02491622443173468,-0.2750092426743963,0.69,0.796,1
FLNA,0.9146784743725389,-0.2750376620430679,0.184,0.175,1
ACTR1A,0.9773049035726288,-0.27558785401854946,0.115,0.113,1
GNAI1,0.0010531766883218603,-0.27581910332433035,0.368,0.618,1
IQCB1,0.8549296367225663,-0.2758445384851793,0.322,0.292,1
CUL2,0.5108690259752482,-0.2759418896131822,0.253,0.275,1
HMGN1,0.9501835497816735,-0.27615820193698315,0.322,0.299,1
ZRANB2,0.48672056101086697,-0.27624780754186207,0.552,0.574,1
GLDC,0.24595396182397367,-0.276614317982796,0.195,0.254,1
UBE2J1,0.453612267788483,-0.27705400764157284,0.172,0.206,1
ZNF813,0.41461545837003005,-0.278665057547558,0.08,0.109,1
DYNLRB1,0.6132061395428824,-0.278665057547558,0.092,0.108,1
VPS37C,0.7531693709283823,-0.278665057547558,0.103,0.112,1
CROT,0.7291402349752373,-0.2790065642460138,0.184,0.161,1
DEPDC1B,0.05678027705870861,-0.2790984945467291,0.184,0.283,1
TNS1,0.13464841746278627,-0.27939203919100275,0.172,0.24,1
ZC3H15,0.6425038060658426,-0.28007325194036636,0.218,0.234,1
MED1,0.5900472135959711,-0.2800732519403666,0.149,0.169,1
TAF2,0.2725123284207861,-0.281545473324205,0.31,0.363,1
CPD,0.556922356864723,-0.28169638547841314,0.218,0.24,1
CHODL,0.0013216733735098055,-0.28195161917642364,0.103,0.27,1
POLD3,0.43511595314460766,-0.2824171924086656,0.126,0.157,1
KLF5,0.3179344116125048,-0.2832685911001729,0.138,0.184,1
MAPK14,0.5708134286216748,-0.2833655540144764,0.552,0.557,1
NCOA3,0.029428551412141197,-0.2847213574676537,0.782,0.817,1
TXNDC12,0.7628656296528085,-0.2858197766295052,0.103,0.112,1
RAB11FIP1,0.12832222605527896,-0.2861595940944821,0.172,0.252,1
ZNF91,0.2423820754699638,-0.28810830448652114,0.644,0.706,1
RIOX2,0.5283242589209596,-0.2881707196389631,0.115,0.138,1
DCAF1,0.9415164643477221,-0.2883664587398518,0.23,0.214,1
MTPN,0.7346662723237948,-0.2888434615680986,0.264,0.272,1
B3GNT5,0.8773363455730135,-0.28930357799390527,0.172,0.173,1
ACER2,0.028555801160109827,-0.2893510655283772,0.184,0.292,1
LAMP1,0.6500349991362937,-0.28942625092802876,0.241,0.206,1
MTA3,0.13015540184321733,-0.2897302215105114,0.448,0.554,1
SLC9A3R1,0.6301105155123081,-0.28989231297081197,0.092,0.107,1
DNAH14,0.7778916154838366,-0.29028466952500875,0.287,0.286,1
DSG2,0.0994780789744222,-0.29042477101003183,0.115,0.187,1
WLS,0.30877940874407345,-0.290525212757619,0.276,0.327,1
NEAT1,0.01806560688160264,-0.2908281999622093,0.977,0.971,1
NDUFB1,0.7553217098832485,-0.2909086533023051,0.103,0.112,1
FGD5-AS1,0.5531828600619944,-0.2912074407199392,0.149,0.172,1
ACO1,0.49828873448643834,-0.29268552786249225,0.161,0.19,1
VEZF1,0.7962589027738527,-0.29308411746052165,0.138,0.144,1
TOP1,0.0022299620182207845,-0.2937914018246408,0.667,0.828,1
GATA3,0.013624186944208713,-0.29417557994327287,0.23,0.393,1
SMARCA2,0.846979468061994,-0.29525630613821496,0.667,0.63,1
BDNF-AS,0.8443816125599011,-0.2959796428497272,0.103,0.108,1
AKAP9,0.2185169079520953,-0.2966223044966988,0.759,0.772,1
ZCWPW2,0.5393561669868157,-0.2967582154756867,0.103,0.125,1
BANK1,0.9885339258471229,-0.29732890181259375,0.103,0.101,1
LINC02268,0.3866050170181413,-0.2974485332269736,0.126,0.162,1
FNTB,0.7724384990369212,-0.2977651567421016,0.161,0.168,1
COG3,0.9323225945932757,-0.29866973320753165,0.391,0.364,1
CAV1,0.8257088187113627,-0.30103287057601213,0.115,0.122,1
FLII,0.5308698717633571,-0.30103287057601236,0.092,0.113,1
MYLK,0.9652354984858863,-0.30103287057601236,0.195,0.187,1
DIAPH2,0.984481079445265,-0.3020263482056922,0.816,0.814,1
CDKAL1,0.3982374997421435,-0.30224521942121196,0.805,0.842,1
DSP,0.036338814178124124,-0.3025117995019259,0.253,0.394,1
NR2F2-AS1,0.009662109306595492,-0.30257338865179484,0.195,0.355,1
PDXDC1,0.22576841768282663,-0.30294499151978954,0.644,0.657,1
BRD4,0.09272153416140802,-0.30397614607674545,0.609,0.684,1
PRRC2C,0.04491936621035097,-0.30440115088131203,0.747,0.887,1
ZNF420,0.8306612227207011,-0.3044967258795839,0.161,0.164,1
LSM7,0.322086783982309,-0.3049908841446958,0.218,0.267,1
SPCS2,0.8224071346545981,-0.3052948974301719,0.241,0.242,1
FARP2,0.37633607153591875,-0.30564949864638224,0.195,0.234,1
SNX27,0.9590532315382643,-0.30564949864638247,0.333,0.312,1
POLE2,0.5143228814908211,-0.3060684604733108,0.092,0.113,1
PRDX4,0.6561440178686825,-0.30657105411744245,0.092,0.106,1
ARL5A,0.6223002835453149,-0.3068619493782101,0.31,0.321,1
DAG1,0.7873775089126045,-0.30774309216556506,0.276,0.277,1
PAPOLA,0.09326028756880239,-0.30779419538688335,0.713,0.779,1
DR1,0.34407363646035777,-0.30795228451580314,0.126,0.163,1
AC008014.1,0.018946733383334597,-0.3084831750612194,0.345,0.482,1
ABLIM1,0.3473232870452132,-0.3097676805536209,0.069,0.1,1
TRIP11,0.45616846287202706,-0.31044690098388505,0.379,0.403,1
AP000787.1,0.7872114962281077,-0.311399586134272,0.126,0.135,1
NCBP3,0.6049396523750072,-0.31178211166770464,0.276,0.297,1
ANXA2,0.011704964276155316,-0.3126386009886133,0.448,0.617,1
ACACA,0.011231322474563805,-0.3130690764903433,0.448,0.617,1
PRKX,0.6067206070057551,-0.31378136331800066,0.115,0.132,1
SSBP1,0.6432350204574496,-0.3148386701010426,0.195,0.209,1
BTBD11,0.07253167465872723,-0.31483867010104305,0.069,0.14,1
FRG1,0.7949898382069357,-0.31483867010104305,0.115,0.121,1
RB1CC1,0.505370250524104,-0.3150567481062785,0.483,0.498,1
LARP4B,0.4313023616914342,-0.31554512324870476,0.77,0.817,1
ATP7B,0.3160132630559003,-0.3160872162983017,0.138,0.181,1
LRP6,0.6060241838790905,-0.31726133236789855,0.172,0.197,1
TANK,0.0348806663951283,-0.3172901490951392,0.552,0.687,1
NUP153,0.17199658274736793,-0.3173522451564404,0.506,0.551,1
DCAF13,0.23579397701443622,-0.3175840468398601,0.069,0.111,1
ACSL4,0.7924671774377589,-0.3191044434980307,0.563,0.505,1
PCAT1,0.3068693443849201,-0.3201136121417172,0.103,0.142,1
LINC01619,0.19225584484698469,-0.3207152364377124,0.069,0.118,1
SELENOW,0.7563764126956063,-0.3207152364377124,0.126,0.136,1
SETD7,0.716139952742078,-0.32087161766824757,0.23,0.239,1
YWHAE,0.14156707164442975,-0.3214113240245291,0.483,0.583,1
BET1,0.163706108386437,-0.3214390812378496,0.149,0.212,1
PHF3,0.030672205955265062,-0.32185909777881544,0.506,0.638,1
FAM135A,0.6817797708708816,-0.321877124368857,0.471,0.48,1
CLMN,0.888304105208073,-0.32245185421091804,0.138,0.141,1
YIPF2,0.5767858368559486,-0.32305917690601094,0.092,0.11,1
AC021723.2,0.35546415607181736,-0.3230591769060114,0.115,0.151,1
ETV5,0.5174906811950022,-0.3238586754251639,0.287,0.3,1
LIN28B,3.7091304528831406e-4,-0.32394657969633944,0.517,0.737,1
TBC1D8,0.1477006695470915,-0.3242091929421068,0.195,0.268,1
YWHAQ,0.505951435059763,-0.32510700555487015,0.264,0.286,1
ERGIC2,0.34649443103157973,-0.32524342416788743,0.207,0.247,1
P4HB,0.0998965051386888,-0.32561488180976783,0.287,0.373,1
HLTF,0.6736325442680127,-0.32578896966158366,0.172,0.185,1
ZNF626,0.19323624730731861,-0.326036876705907,0.218,0.288,1
TCEA1,0.3418911390308043,-0.3261785187501901,0.276,0.317,1
SEC31A,0.013153711307858404,-0.3262260900576398,0.644,0.807,1
AHCYL1,0.34721560497372234,-0.3269115024016178,0.253,0.301,1
GADD45GIP1,0.49432761036686657,-0.3285136069981194,0.08,0.102,1
ZNF280C,0.522730702525943,-0.3285136069981194,0.092,0.113,1
PGLS,0.6211626617394821,-0.3285136069981194,0.092,0.107,1
CNIH1,0.7207661377226674,-0.3285136069981194,0.103,0.113,1
MBTD1,0.24182132343998913,-0.3285136069981195,0.356,0.433,1
PPFIA1,0.324373597452574,-0.3285136069981195,0.54,0.587,1
NEDD8,0.8950969806234281,-0.3285136069981196,0.172,0.172,1
ZNF761,0.42299518156680166,-0.3285136069981198,0.103,0.132,1
VRK2,0.5057306843978221,-0.32911838380047354,0.333,0.361,1
TFAP2C,0.23293471326399465,-0.33060598595935975,0.092,0.137,1
BRMS1L,0.7358921472216495,-0.33098609267764045,0.103,0.113,1
EPB41L3,0.6846878637909304,-0.3312972866048366,0.54,0.517,1
ZNF445,0.5640324507309569,-0.3315349589733563,0.092,0.11,1
LSM6,0.6889633422300196,-0.3315349589733563,0.092,0.103,1
SPPL2A,0.09575593309831902,-0.332540671834502,0.368,0.465,1
DLGAP1,0.328993240013951,-0.3327247405306835,0.103,0.143,1
FILIP1,0.2714951795370127,-0.33315356748112546,0.126,0.17,1
PDGFRA,0.05661764623169063,-0.333545684094503,0.115,0.196,1
CIR1,0.527672698733362,-0.3336084741208831,0.264,0.286,1
ARID5B,0.030369594663735865,-0.3338152024575872,0.621,0.763,1
HLA-E,0.5953166426034331,-0.33433484572684,0.241,0.203,1
GASK1A,0.3750406223336766,-0.33441903907055903,0.218,0.168,1
TCP1,0.5873733392846439,-0.3353027726607589,0.149,0.168,1
OAZ2,0.46369224736865494,-0.33591838821987086,0.092,0.118,1
HNRNPDL,0.14918954837353,-0.3364169222115758,0.586,0.636,1
NIN,0.14505998329153294,-0.33702032709837093,0.379,0.481,1
RNF11,0.9563324592069902,-0.3375587466011265,0.241,0.234,1
LRBA,0.10876394612634963,-0.3385888751996158,0.724,0.8,1
METAP2,0.5185224802675248,-0.3388019134517586,0.241,0.266,1
UBXN4,0.10192211656846874,-0.33888414406769396,0.483,0.579,1
DHX40,0.2901008641260137,-0.3393609892351117,0.08,0.119,1
TMEM50A,0.5771549574390831,-0.33967879847549565,0.149,0.169,1
ARCN1,0.8288496015123836,-0.33967879847549565,0.184,0.185,1
MAP4K3-DT,0.14596916538197824,-0.33967879847549587,0.195,0.27,1
GRAMD1B,0.43985077538912104,-0.33988379954737036,0.529,0.535,1
ZNF292,0.735358226857602,-0.33999367551818027,0.816,0.834,1
CCAR1,0.1050704107658248,-0.3400157923966486,0.483,0.571,1
MEG8,6.155125663835989e-4,-0.34019098843270834,0.218,0.431,1
PHACTR2,8.26364168616787e-4,-0.3404541105717045,0.736,0.849,1
FBXO31,0.47850280381665056,-0.34056123476264966,0.138,0.167,1
TBC1D2B,0.08228487368592463,-0.3407376572686343,0.356,0.444,1
AC007364.1,0.8647218939659288,-0.34083387863398706,0.138,0.142,1
CENPF,0.3439811627205323,-0.34116098328132205,0.103,0.142,1
MMP16,0.4229110013795749,-0.3416251335437954,0.103,0.134,1
RRAS2,0.40194108251620714,-0.3420601388360671,0.276,0.308,1
DOK6,0.5234968362976486,-0.34309693014255627,0.115,0.137,1
GPD1L,0.32232963747609483,-0.3430969301425564,0.184,0.222,1
LINC00630,0.3645054790878497,-0.3430969301425564,0.195,0.239,1
GARS,0.9485214329643156,-0.3435574872225693,0.184,0.173,1
VAMP2,0.06783711433909502,-0.3439850157605595,0.08,0.153,1
RXYLT1,0.23700838346614644,-0.34475424800533006,0.069,0.11,1
ZSWIM7,0.5088864868719476,-0.34475424800533006,0.172,0.199,1
ZNF33A,0.10950578544509466,-0.34542698993446586,0.31,0.408,1
KRR1,0.9277595876236597,-0.3454269899344662,0.172,0.161,1
LINC01004,0.5336422215678673,-0.34581284781378274,0.402,0.444,1
NDUFS1,0.6468504618921431,-0.34629148314372826,0.31,0.317,1
ARPP19,0.36013074436687886,-0.34701907585019276,0.161,0.199,1
MNAT1,0.020616633147344146,-0.3476672000754152,0.494,0.645,1
KPNA6,0.38945213429657854,-0.3478270820549536,0.322,0.362,1
CSPP1,0.27363166225498414,-0.34782708205495366,0.345,0.4,1
HEATR5A,0.7343665837119557,-0.348127988311314,0.425,0.417,1
AC027097.2,0.28550902398532796,-0.348338585354369,0.103,0.145,1
ADGRL3,0.2136103029476214,-0.34907772076784527,0.126,0.178,1
SUCLG1,0.7322964710470365,-0.34918066624265087,0.172,0.181,1
PIK3C2A,0.04666668365968289,-0.3496494339278574,0.54,0.684,1
DDX27,0.3969597887392996,-0.35012742010418174,0.08,0.109,1
MED13,0.12309407665144854,-0.3501274201041821,0.713,0.778,1
SUB1,0.7683190320931019,-0.35030041549270874,0.287,0.287,1
STAU1,0.2170419521545118,-0.35033368145858135,0.356,0.424,1
ALAS1,0.7643131874448704,-0.350614899426573,0.115,0.123,1
SHISA5,0.4578444792254518,-0.3510210064076893,0.103,0.13,1
NOP56,0.8497639230156587,-0.3510210064076893,0.126,0.129,1
ZNF850,0.6624570489336268,-0.351364546126157,0.126,0.14,1
LMCD1-AS1,0.2838957224263052,-0.35213721152401867,0.069,0.107,1
SRSF4,0.08542032776342397,-0.35220552256552795,0.655,0.709,1
TARS,0.3315784132382232,-0.352509088067098,0.149,0.19,1
LCMT1,0.7998777440916657,-0.3529339724880425,0.195,0.199,1
MLLT1,0.6706664560260286,-0.3537559741289278,0.253,0.263,1
RAB14,0.9561976077961705,-0.3539956364118002,0.333,0.311,1
BCAR1,0.2976643295653352,-0.35548065459838885,0.092,0.131,1
MPC2,0.4430758780720486,-0.35548065459838885,0.092,0.119,1
TSNAX,0.46828952336801233,-0.35548065459838885,0.138,0.167,1
MRPS10,0.5338055137340014,-0.35548065459838885,0.08,0.1,1
ADSS,0.5363847133999777,-0.35548065459838885,0.161,0.185,1
HADHA,0.5399780900712384,-0.35548065459838885,0.241,0.259,1
TKT,0.5539495010437919,-0.35548065459838885,0.195,0.209,1
PNRC2,0.5911208538270434,-0.35548065459838885,0.138,0.157,1
DEGS1,0.7411556771397863,-0.35548065459838907,0.195,0.203,1
TTC28,0.18630460169466156,-0.35591677764913743,0.644,0.718,1
EIF3A,0.06284189670480145,-0.35688610530953,0.494,0.595,1
RBM17,0.516714387450518,-0.3576163989423802,0.23,0.255,1
H19,5.20260686189153e-5,-0.35769762782126824,0.46,0.74,1
ERVH48-1,0.20053356592328594,-0.35780196650850993,0.138,0.2,1
UBN1,0.5544149971414809,-0.3584461130749499,0.161,0.182,1
PDE5A,0.8013403096400545,-0.3584461130749499,0.149,0.156,1
THOC7,0.35277441084187544,-0.3586203621289561,0.138,0.176,1
EMSY,0.20880574785608771,-0.3587153981976899,0.46,0.53,1
ZADH2,0.21069822497300694,-0.35881636716164556,0.103,0.153,1
UTRN,0.4016040263385037,-0.360398722959238,0.667,0.727,1
SRSF9,0.45592273110005976,-0.36056057196274227,0.172,0.203,1
NSA2,0.9857230809299298,-0.36056057196274227,0.195,0.187,1
WDR61,0.6186457716766796,-0.3608140989014297,0.103,0.119,1
PLTP,0.0013470588089023999,-0.36113670512837526,0.402,0.216,1
ADAMTS9-AS2,0.49802755345333904,-0.3616328815799841,0.08,0.105,1
LAPTM4A,0.46582137341992297,-0.3618784257965397,0.184,0.211,1
ITGA1,0.03185853214167193,-0.3630340490300238,0.23,0.36,1
ANTXR1,0.8474589126298269,-0.3630938387082641,0.218,0.218,1
SNRPD1,0.6249740305616917,-0.3630938387082643,0.126,0.142,1
LINC01456,0.7929095707616161,-0.36367780756500867,0.115,0.102,1
PYGO1,0.1256639722823545,-0.3643588059448417,0.057,0.112,1
SARAF,0.24355129261088096,-0.3643588059448417,0.184,0.24,1
AC009264.1,0.3171233004011101,-0.36474357592735673,0.103,0.144,1
MREG,0.4671058989080926,-0.3651632079957281,0.092,0.116,1
ENOPH1,0.49293236967598597,-0.3661278987978971,0.092,0.115,1
ZNF24,0.5075558546067863,-0.36688541787063844,0.126,0.15,1
ALG11,0.35745947986422555,-0.3673060899951781,0.08,0.112,1
LAMP2,0.7722226221580586,-0.36757372658640874,0.207,0.211,1
CTTN,0.038893413904032746,-0.3687774772118466,0.138,0.249,1
SMU1,0.37627951914893687,-0.3687774772118466,0.149,0.186,1
SRSF10,0.47823513891162256,-0.36877747721184684,0.333,0.357,1
NDEL1,0.1521746651855235,-0.3696595897681505,0.218,0.294,1
ANKRD26,0.23619685948191468,-0.37043099606436036,0.23,0.286,1
KIF27,0.39786578874834727,-0.3706670584130647,0.115,0.146,1
TMEM230,0.513696189602409,-0.3706670584130647,0.126,0.15,1
MXD4,0.6674873545665675,-0.3706670584130647,0.126,0.139,1
HDGF,0.7981108541463832,-0.3706670584130647,0.138,0.144,1
SNHG27,0.19225942950689043,-0.3714221984674104,0.057,0.1,1
MORF4L2,0.04086245868273063,-0.3719025364245326,0.333,0.463,1
BRDT,0.06368674462837469,-0.371968777386958,0.138,0.228,1
SLC19A1,0.38205957583194977,-0.3720826219355189,0.115,0.15,1
FSCN1,0.93571904186999455,-0.3720826219355189,0.126,0.119,1
ZNF354B,0.6207040299104416,-0.37238271450880833,0.195,0.211,1
FAM13A,0.06749152285159753,-0.372823553644023,0.793,0.879,1
NBEAL1,0.026758496343920284,-0.3728307365738184,0.69,0.782,1
WWTR1,0.04079103801202212,-0.37289420385845073,0.241,0.364,1
PRDM6,0.46896534952936464,-0.3731826563318479,0.172,0.197,1
SERINC1,0.6235079576768896,-0.37494096860420645,0.264,0.276,1
CBX5,0.36460214919805595,-0.37538021203609384,0.184,0.222,1
MYO19,0.619295634642534,-0.3756938754878978,0.184,0.201,1
LINC00894,0.4535342843203137,-0.37573949358218883,0.333,0.371,1
DICER1,0.1261609792017821,-0.37637799549165474,0.471,0.554,1
YPEL5,0.5303456246288969,-0.37669714050808456,0.184,0.206,1
GATA2-AS1,0.30825856582492484,-0.3766971405080848,0.069,0.104,1
SMIM14,0.4183247853717082,-0.3766971405080848,0.195,0.228,1
STXBP1,0.992905592419409,-0.3766971405080848,0.103,0.101,1
SORBS2,0.021089596878364623,-0.3775174750871749,0.126,0.249,1
SDHB,0.6129560265131998,-0.3775744254490059,0.115,0.131,1
ARNTL2,0.13556166781881074,-0.3782007310984725,0.069,0.126,1
SNRPD2,0.5764615065706035,-0.3782007310984725,0.115,0.134,1
ORC2,0.3533395846082385,-0.3788635820363395,0.264,0.301,1
KRAS,0.19288387892004843,-0.3792367778509971,0.218,0.271,1
AC007216.4,0.1763330987285867,-0.3799336983229278,0.092,0.144,1
SLC5A3,0.2005074147195779,-0.3799336983229278,0.195,0.257,1
SNRPB,0.5164521528562532,-0.38020308400962,0.126,0.149,1
TMEM87A,0.4353448896382331,-0.3802030840096202,0.368,0.39,1
GDPD5,0.528856829921645,-0.38070323830164265,0.138,0.161,1
AGFG1,0.13193355667513196,-0.3807951595653256,0.736,0.804,1
CMTM6,0.6486872645207871,-0.38104807129782015,0.253,0.266,1
GANAB,0.14028898844473137,-0.3819528659595799,0.138,0.208,1
KIF2A,0.1365161168658061,-0.3827809698994056,0.471,0.548,1
ETFDH,0.5238054503054015,-0.383201412156839,0.172,0.197,1
HLA-B,0.4759379797095498,-0.38340939817909625,0.184,0.201,1
RAD23A,0.8603364909844206,-0.3837005282458472,0.149,0.151,1
PSMA6,0.2913124553690503,-0.3841371132214557,0.195,0.239,1
GRHL1,0.22759938595218376,-0.38486446137948316,0.264,0.332,1
PDZRN4,0.0011745160273523693,-0.3853065098719135,0.103,0.278,1
USP48,0.011432925417682148,-0.3856952676453966,0.437,0.598,1
RORA,0.03497111910746608,-0.3864002938241584,0.149,0.249,1
AFF2,0.18473708022272836,-0.38680226562097564,0.057,0.101,1
SREBF2,0.17086561875565728,-0.38759942910072215,0.31,0.387,1
CAPN6,0.1360485100774436,-0.3888392515448196,0.092,0.153,1
LONP1,0.5110003917578296,-0.3890890472412085,0.103,0.126,1
RSPO2,0.11334101534481479,-0.3891900162051641,0.057,0.116,1
GM2A,0.2526704618826275,-0.3894279865217265,0.08,0.121,1
CLIP1,0.020682616042946387,-0.38959005977257266,0.655,0.737,1
ABHD17A,0.6239280792995628,-0.3906700830606886,0.092,0.106,1
ZRANB1,0.650224844358289,-0.39067008306068884,0.23,0.241,1
RIMKLB,0.06969083660114114,-0.3911812239131179,0.529,0.65,1
NOP58,0.7391893290546802,-0.3912306795475906,0.287,0.284,1
TMEM59,0.5139817319554798,-0.39136519029692063,0.218,0.239,1
MVB12B,0.23571618483704448,-0.3914599517039553,0.253,0.3,1
SOX5,0.9246254942639103,-0.3917624391053147,0.46,0.469,1
PLAC1,0.020350739132923845,-0.39256997333360905,0.103,0.215,1
ZDBF2,0.2477430272177517,-0.39291116318650854,0.207,0.263,1
ATP5MPL,0.39095885938512587,-0.3931510725644438,0.115,0.145,1
SLC49A4,0.9948563490233979,-0.3937342152728237,0.391,0.364,1
CHD4,0.19690439955729522,-0.3939548024130246,0.253,0.323,1
GSE1,0.015656341187924677,-0.39404917083781843,0.598,0.733,1
PTPN13,0.42040208562823816,-0.39414227496749366,0.08,0.108,1
DUT,0.8074612127556353,-0.3957733605464222,0.161,0.166,1
STK25,0.3806779226146485,-0.396452435654695,0.08,0.11,1
H6PD,0.5651406900258158,-0.396452435654695,0.092,0.109,1
MECR,0.22971136553336097,-0.3976061302710652,0.08,0.125,1
MGAT1,0.73833670253475,-0.3976061302710654,0.184,0.192,1
APMAP,0.46452986563325394,-0.39825467828868044,0.149,0.177,1
MYO9A,0.020530052241848847,-0.39907313581383064,0.736,0.84,1
NUDC,0.7116120481787049,-0.39933494418781645,0.126,0.136,1
SERINC5,0.13536422961025563,-0.399680458508924,0.506,0.608,1
EIF3M,0.6585760438953367,-0.4005685441269269,0.207,0.218,1
DNAJB6,0.40781281968529093,-0.40199061919612483,0.414,0.44,1
PPP4R3A,0.27388239450100516,-0.40231620641319404,0.448,0.499,1
TIMM17A,0.3181234669921212,-0.40278636937674506,0.092,0.128,1
MRS2,0.4679241072961782,-0.40278636937674506,0.092,0.116,1
SOX6,0.01728147564170947,-0.4033305772447182,0.241,0.39,1
USP22,0.44905680351497035,-0.40352488745833903,0.322,0.345,1
KLHL42,0.20849016225657135,-0.4042630276846686,0.195,0.255,1
CREB3L2,0.13280850061716343,-0.40479808406887485,0.644,0.712,1
SMC5,0.08174734973372029,-0.40508274079813494,0.586,0.675,1
CCT5,0.19429237644284794,-0.40523368979548846,0.138,0.191,1
SYCP2L,0.12232963861752663,-0.4057061237058548,0.126,0.192,1
RCN1,0.05262824444265177,-0.4079480744925241,0.115,0.203,1
NUDT4,0.18182170267057185,-0.40794807449252435,0.207,0.282,1
CS,0.280330024911969,-0.40794807449252435,0.092,0.131,1
GLCCI1,0.01213863671027344,-0.40794807449252446,0.494,0.655,1
FYN,0.19818754243849881,-0.4095573273541817,0.115,0.168,1
EML4,0.009883344223158392,-0.4096519334095543,0.793,0.882,1
FYTTD1,0.5299884685755685,-0.4113789798927976,0.138,0.158,1
OTUD5,0.5902137356251654,-0.4113789798927976,0.149,0.167,1
SDF4,0.24559319882829228,-0.41190608806120776,0.092,0.136,1
YARS,0.3514162604623281,-0.41190608806120776,0.115,0.15,1
KDELR2,0.6236735079242456,-0.4122354328956226,0.207,0.224,1
ANXA1,0.0012931008693727872,-0.41300720898453397,0.448,0.624,1
EIF1AX,0.318089599969071,-0.4130913777684839,0.23,0.275,1
ARPC5,0.6209933008389718,-0.41341905200411067,0.356,0.357,1
L2HGDH,0.5192171236430927,-0.41366172568691795,0.08,0.101,1
ZNF682,0.569080127961097,-0.41366172568691795,0.092,0.109,1
DIAPH1,0.26760654966596353,-0.4156561696277875,0.276,0.327,1
SCN7A,0.20910132278376858,-0.4160607202798441,0.069,0.113,1
TSC22D2,0.001698144303340423,-0.4164272054496993,0.552,0.718,1
LDAH,0.1400631950699419,-0.41651008799594835,0.287,0.359,1
SRRM1,0.42804867337526675,-0.41671828412025647,0.345,0.371,1
PPP4R2,0.054224901339909544,-0.4168811992625322,0.506,0.595,1
CDK2,0.5080342232084121,-0.4172859390718604,0.103,0.126,1
NARS,0.8627780829633833,-0.41757677569030127,0.161,0.161,1
HIBADH,0.011820879363457359,-0.41805526898327894,0.54,0.733,1
HOOK3,0.06391768523768804,-0.4182164099463515,0.563,0.668,1
DDX5,0.022348612500014048,-0.41882325821334243,0.667,0.783,1
NUDT9,0.3137081998101752,-0.4193528377647735,0.08,0.115,1
AC009126.1,0.9956751354016153,-0.4197896871370408,0.115,0.112,1
SMARCE1,0.45310791502612474,-0.420772114850108,0.207,0.235,1
ZNF800,0.3679114977717145,-0.4211368462490648,0.276,0.314,1
NPAT,0.717696273672826,-0.4213271042937241,0.23,0.233,1
PSG7,0.09573135440964606,-0.4216230113896007,0.046,0.102,1
TBL1X,0.013990111680460214,-0.42167879035463285,0.437,0.576,1
GATAD1,0.6958731321468103,-0.42218999706830296,0.195,0.203,1
AC104041.1,1.8489091467232592e-4,-0.4222840252826354,0.46,0.739,1
ESYT2,0.04484542991353892,-0.42337811506213047,0.552,0.648,1
NFIL3,0.3462261811944044,-0.42371539035084105,0.103,0.139,1
AASDHPPT,0.3600925462677384,-0.42371539035084105,0.115,0.15,1
IDI1,0.8333771287057578,-0.42371539035084105,0.126,0.13,1
EIF4EBP2,0.4149905485100771,-0.4250215878514658,0.161,0.194,1
GSTK1,0.41597011648147986,-0.4250215878514658,0.115,0.144,1
AC092142.1,0.44150658834428375,-0.4250215878514658,0.103,0.132,1
DHX36,0.07732432276614266,-0.42502158785146593,0.391,0.483,1
AL117329.1,0.38588690483559496,-0.4254072836272931,0.149,0.185,1
ELOVL2,0.2860195886064422,-0.4263266038073791,0.161,0.207,1
NDUFB4,0.7595656932090084,-0.42656375265987156,0.115,0.122,1
BRWD1,0.0431419536207815,-0.42692460684906886,0.759,0.845,1
MMUT,0.16828175014285532,-0.4271416397258352,0.057,0.103,1
GSTA4,0.44153528750307985,-0.4271416397258354,0.264,0.291,1
CSNK1G2,0.7024553215440417,-0.4284121770522398,0.103,0.114,1
IGF2R,0.4356256675033907,-0.42841217705224,0.241,0.272,1
MYO6,0.03648610060969329,-0.42882680416844043,0.287,0.405,1
HLA-A,0.2181335184584573,-0.42887391334707226,0.115,0.159,1
UTP6,0.6070565496663746,-0.42925858073793677,0.126,0.142,1
RBBP4,0.3705651441806998,-0.42939505096845854,0.276,0.308,1
ALDH7A1,0.025167826916628836,-0.42974399809386893,0.253,0.364,1
EEF1B2,0.10617971484530399,-0.43031588752097893,0.172,0.251,1
STRAP,0.3541049045057619,-0.43031588752097916,0.138,0.174,1
C2orf68,0.34331436655423136,-0.430668150992608,0.08,0.113,1
ZNF462,0.08176354086092197,-0.4308624664405265,0.161,0.244,1
FAT4,0.373309598669919,-0.431180380730241,0.092,0.126,1
POMP,0.5577319462457649,-0.43153489481014007,0.23,0.249,1
H2AFZ,0.3326574560574967,-0.4315348948101403,0.08,0.113,1
CEBPZOS,0.26685818859899846,-0.4317948164468919,0.126,0.171,1
PTPN21,0.34179551612396414,-0.4323822928027199,0.184,0.224,1
PFKL,0.45256460091361744,-0.4334831665996619,0.172,0.201,1
SPART,0.2996031074748753,-0.4342061408272144,0.287,0.329,1
NEURL1,0.08946650892170274,-0.4344202858537156,0.092,0.164,1
NDUFV1,0.4364531441533567,-0.43542881091463137,0.126,0.155,1
DENR,0.27107207043515125,-0.43559082956165307,0.207,0.257,1
RALGPS1,0.423515216352697,-0.43559082956165307,0.172,0.205,1
DBNL,0.30706428280279413,-0.436292700186486,0.08,0.116,1
PPM1H,0.6893007621324424,-0.4366435074929902,0.356,0.309,1
PFN1,0.010793002833969435,-0.4370031074496534,0.31,0.435,1
BCKDHB,0.14427771057574523,-0.4373991826868972,0.368,0.442,1
ANAPC16,0.2946468509053457,-0.4380777406769121,0.195,0.239,1
IGDCC4,0.2674012071522537,-0.4385363943259475,0.103,0.147,1
COX5A,0.7586795253378397,-0.4385363943259475,0.138,0.146,1
TUT4,0.007826242766996895,-0.43862567277152714,0.609,0.741,1
UBXN7,0.5324434240119855,-0.43889666278602646,0.264,0.284,1
TFG,0.019804537460336686,-0.4397969405318643,0.425,0.575,1
PNRC1,0.16534193237417077,-0.44003025419629926,0.195,0.26,1
HSD17B2,0.14178846910148646,-0.440281472875928,0.149,0.218,1
HMGCR,0.23807525665411927,-0.4406966568322366,0.103,0.15,1
SNRPE,0.05390498144409946,-0.441895406415862,0.034,0.1,1
CEP85,0.4860008658615575,-0.441895406415862,0.08,0.102,1
HMG20B,0.9167141700064798,-0.441895406415862,0.161,0.157,1
AGO2,0.24801590359728323,-0.4427134926532009,0.333,0.376,1
MALSU1,0.205469985941514,-0.443185254549066,0.103,0.155,1
STAT5B,0.20011839649819296,-0.4432368244956637,0.402,0.448,1
ATF4,0.49967242906375464,-0.4435719842232455,0.184,0.208,1
RDH11,0.6008518650713051,-0.4435719842232455,0.103,0.119,1
CALD1,2.0322515088523773e-4,-0.44394510541828636,0.425,0.703,1
SSBP3,0.08870323897947273,-0.44395861025822453,0.391,0.461,1
SCRN3,0.5983478500229396,-0.44494228197472596,0.115,0.131,1
CMYA5,0.015648758822188462,-0.44524661591549974,0.103,0.223,1
PLIN2,0.8358977480031048,-0.44524661591549974,0.207,0.209,1
HINT1,0.1655380138246917,-0.44524661591549997,0.103,0.157,1
ACSL3,0.37729098865890065,-0.44534506315296607,0.264,0.296,1
USP25,0.01183237881943725,-0.4454586477722342,0.69,0.781,1
TYW3,0.32925448699852794,-0.4460832033792954,0.069,0.101,1
PSMA7,0.6617527500064357,-0.4460832033792954,0.23,0.24,1
PSMD2,0.3593944265852627,-0.44608320337929586,0.103,0.136,1
TTI1,0.38742591598805454,-0.44608320337929586,0.115,0.147,1
PSMB2,0.4147563264270142,-0.4466804689812389,0.195,0.227,1
BRD7,0.3232208598956731,-0.4469193060053567,0.264,0.302,1
KIF5B,0.010656142347952289,-0.4472967419683495,0.379,0.521,1
ADH5,0.21350686950588305,-0.44747643867916187,0.138,0.19,1
SYNJ2,0.12930097860764875,-0.4480626617838912,0.115,0.18,1
AC107419.1,0.018794228063300975,-0.4488683298058338,0.138,0.259,1
PITPNA,0.33672439265124016,-0.4489753427525791,0.379,0.412,1
YY1,0.3793490952320266,-0.449288869873424,0.356,0.388,1
INTS3,0.12470430664290193,-0.4495005639370304,0.08,0.14,1
RAB9A,0.2753303448048594,-0.4495005639370304,0.092,0.132,1
TOB2,0.2982084138152632,-0.4495005639370304,0.092,0.13,1
DENND10,0.5459167499436393,-0.4495005639370304,0.115,0.135,1
VDAC1,0.08853332669503002,-0.44989625649049514,0.149,0.23,1
PMPCB,0.16517364484024238,-0.45025887935048914,0.092,0.147,1
ATP6AP2,0.5067013245989458,-0.45052786323136274,0.264,0.217,1
PLD3,0.8468016915296247,-0.45183571849352455,0.322,0.308,1
ERCC1,0.3236673458704769,-0.45359074004823663,0.08,0.115,1
GRAMD1C,0.4154086804365381,-0.45359074004823663,0.08,0.107,1
ZRANB3,0.139234237211009,-0.45404448908197836,0.253,0.33,1
CLN5,0.5740803671361456,-0.4540444890819786,0.103,0.122,1
MAP3K20,0.006446159103115908,-0.45404448908197864,0.264,0.416,1
MCUR1,0.36539354835055,-0.4544225042920256,0.103,0.137,1
C5orf24,0.552000620979668,-0.4544225042920256,0.115,0.135,1
HNRNPA3,0.0910373201217417,-0.4549115534631111,0.483,0.572,1
FADS2,0.9679387636381278,-0.4550163281493034,0.138,0.133,1
PTOV1,0.5784352790129691,-0.455253789270881,0.149,0.167,1
NASP,0.10421098147712611,-0.4564556522612776,0.322,0.403,1
USP31,0.47012636077605474,-0.45696847678919217,0.218,0.241,1
CEBPZ,0.35464872811827425,-0.45857414756249226,0.161,0.199,1
SEPHS1,0.38115778980492543,-0.4585741475624925,0.08,0.109,1
ADAMTSL4,0.4082952181150435,-0.4585741475624925,0.195,0.228,1
SCAP,0.7465621501691118,-0.4585741475624925,0.195,0.202,1
C11orf54,0.22419128526958357,-0.4585741475624927,0.138,0.19,1
POGLUT3,0.36456039058247064,-0.4602885803737444,0.207,0.246,1
EPRS,0.23669740100310802,-0.4610594109520867,0.161,0.212,1
PPP1R12B,0.023425009107794513,-0.46158603809459764,0.54,0.663,1
IDS,0.6464143505272141,-0.4618868816033279,0.149,0.162,1
KCTD3,0.20735518657051452,-0.46188688160332814,0.23,0.287,1
RO60,0.6427224416314296,-0.46289359701936816,0.23,0.239,1
CHN1,0.09286658442990563,-0.46364157476360035,0.161,0.24,1
SNRPA,0.2560743442892255,-0.46409115253005817,0.069,0.107,1
AOPEP,0.028644802437217124,-0.4642230379895972,0.736,0.819,1
GK5,0.46719672579152455,-0.4644150261515527,0.161,0.187,1
PTCD3,0.2801907912311261,-0.4647792970892004,0.218,0.266,1
PAICS,0.25943197006592117,-0.4651920263270002,0.126,0.171,1
DSTN,0.01221351656861119,-0.4655221247247084,0.276,0.418,1
LAMA5,0.19873997832871246,-0.4675910209199263,0.08,0.129,1
MFSD8,0.22409291987496105,-0.46848961642757514,0.172,0.225,1
RNASEK,0.6284056395390933,-0.46848961642757536,0.207,0.218,1
LDLR,0.027382405192032958,-0.4690096002288029,0.103,0.198,1
CHORDC1,0.5635595252557615,-0.4690096002288029,0.195,0.212,1
PRKD2,0.5997941256411219,-0.4695871402849101,0.092,0.107,1
AC211486.5,0.516214835928346,-0.47023235274686703,0.103,0.124,1
RAB11B,0.3400426168268972,-0.47095787201832495,0.069,0.1,1
CKAP4,0.407442569443122,-0.47160671171484236,0.126,0.158,1
GPC1,0.40094629618301514,-0.47177968636176004,0.126,0.157,1
AC008771.1,0.4884401553030134,-0.47243680094423834,0.241,0.262,1
HOOK2,0.5071796276640933,-0.4727183298827624,0.149,0.172,1
PIR,0.29784517078869993,-0.4731322432526617,0.103,0.145,1
SAMD5,0.026613928224153118,-0.4734219119698059,0.126,0.23,1
ZFPM2,9.459315338065322e-4,-0.473421911969806,0.172,0.375,1
PPP2R3A,0.07422004826654251,-0.47363597755976583,0.264,0.37,1
GATA4,0.042635417113591895,-0.4750622703510615,0.092,0.182,1
TPD52,0.013819986263108059,-0.476989718922176,0.195,0.325,1
IL1RAPL1,0.3891619680550361,-0.476989718922176,0.115,0.086,1
SGTA,0.2877225365203235,-0.47711009899991996,0.069,0.104,1
CCT2,0.8436648149041298,-0.4771100989999202,0.172,0.171,1
STARD4,0.3109854452342937,-0.4775822623295767,0.115,0.154,1
GLI2,0.47447957574167304,-0.4775822623295767,0.08,0.104,1
STRBP,0.3340062948934292,-0.4780791094746496,0.241,0.276,1
MSMO1,0.14291751761995322,-0.478337402383922,0.057,0.109,1
ZKSCAN1,0.3575595524798757,-0.47997218447486767,0.276,0.307,1
ATP5MC2,0.6195431468142815,-0.4800432199529041,0.195,0.209,1
ZBTB46,0.3079824439304532,-0.4805167004431694,0.149,0.192,1
MAGOH,0.36153974881576906,-0.4805167004431694,0.08,0.111,1
FAM83B,0.06367128025500136,-0.481707113110017,0.138,0.225,1
FEZ2,0.04523056311886422,-0.48207132887042464,0.471,0.565,1
NEK7,0.01930605900160317,-0.4821115125635098,0.701,0.814,1
XRCC6,0.1803608758319539,-0.4823302708151005,0.218,0.279,1
UQCRH,0.5098551949330892,-0.4832362017967615,0.161,0.185,1
CLK2,0.13925798036480588,-0.48323620179676174,0.057,0.108,1
OSTC,0.7417451685865556,-0.48323620179676174,0.161,0.167,1
TGOLN2,0.8781089752430744,-0.4842989606226391,0.23,0.222,1
UQCRFS1,0.34535734011024327,-0.4859505864937974,0.08,0.112,1
AKAP8,0.4422668873897979,-0.4873058661058085,0.126,0.153,1
LIPG,0.5474165520607083,-0.48754490099010783,0.092,0.111,1
TASOR2,0.012927794858277388,-0.4876184422181543,0.506,0.624,1
TARID,0.24442107967338705,-0.48785494129450624,0.115,0.158,1
AC011029.1,0.5989651541187659,-0.48865987375178355,0.115,0.133,1
TPR,0.053027248591306975,-0.4890043274357784,0.379,0.495,1
UFC1,0.33841908110423385,-0.4893364013331798,0.069,0.1,1
HNRNPD,0.009007338080675435,-0.48960104318311687,0.609,0.728,1
MRTFB,1.6052482380101866e-4,-0.4901301812931708,0.391,0.621,1
MINDY2,0.3829292512614818,-0.4906099294790426,0.356,0.371,1
COL21A1,2.0518117303384656e-4,-0.4908325074932751,0.287,0.545,1
FXYD5,0.31680347278218757,-0.49136408268016174,0.069,0.102,1
DANCR,0.39430908316014757,-0.49136408268016174,0.08,0.108,1
NAPEPLD,0.5446039086998727,-0.49136408268016174,0.092,0.11,1
SLC39A8,0.8224264974014028,-0.49136408268016196,0.195,0.199,1
STRADB,0.9798552374145335,-0.4913640826801622,0.126,0.124,1
LINC00470,1.0724295616765399e-4,-0.49225727381878104,0.483,0.734,1
KHDRBS1,0.10609472897992929,-0.4927371626742527,0.46,0.525,1
MBIP,0.5671221219321928,-0.49298417834832353,0.103,0.121,1
C11orf80,0.6245201940657423,-0.49298417834832353,0.103,0.118,1
IER2,0.34354834663399825,-0.493269888823738,0.264,0.297,1
GOPC,0.22754328961286502,-0.4934541881393806,0.264,0.317,1
LMAN2,0.5006412928056742,-0.4946024567467062,0.138,0.161,1
RAD23B,0.0038203223191195833,-0.49527155857869953,0.54,0.683,1
TMEM8A,0.5028049156814767,-0.4954109157428639,0.126,0.148,1
XYLT1,6.127048184537769e-4,-0.49585986394654546,0.31,0.527,1
PPP1R15B,0.35052217912177036,-0.49598810920560954,0.184,0.222,1
HMGA1,0.5130070649375067,-0.4963431904382385,0.103,0.125,1
LINC02327,0.007867158233061838,-0.4964208528095807,0.23,0.396,1
ELOVL5,0.4551498775934874,-0.4965126302224354,0.172,0.202,1
SEPTIN11,0.06171570707326117,-0.4974300833795159,0.609,0.682,1
PDHA1,0.48917564979011396,-0.49783357800971917,0.103,0.126,1
BUB3,0.24971475240407165,-0.4987135384157071,0.092,0.135,1
SAT1,0.35805360223850924,-0.49880846609452556,0.632,0.636,1
NFKBIA,0.17324536016380546,-0.4994464289780205,0.126,0.181,1
VPS51,0.250655531446167,-0.49944642897802094,0.103,0.148,1
PURB,0.2388230577437698,-0.5000662764809558,0.103,0.148,1
ATP13A3,0.025810053941935703,-0.5001292969042876,0.333,0.462,1
CDKL5,0.5135214827709607,-0.5004289905094883,0.23,0.255,1
AMMECR1,0.04671824440749601,-0.500597362458199,0.23,0.338,1
TSG101,0.13386733725157043,-0.5014599604156689,0.195,0.262,1
EI24,0.3179448113072957,-0.5014599604156689,0.069,0.101,1
RABAC1,0.06383097235090968,-0.5014599604156691,0.08,0.157,1
NOL11,0.43950603436618124,-0.5021305135492318,0.092,0.117,1
ST7,0.19130962770026205,-0.5027844115076182,0.264,0.32,1
SHROOM2,0.0689518063527013,-0.5028964785477872,0.092,0.17,1
WDHD1,0.42819796107473007,-0.5031053075328646,0.092,0.119,1
SH3BGRL3,0.31595277991591253,-0.5040446640766678,0.08,0.114,1
ACO2,0.4777989732642797,-0.5040446640766678,0.138,0.162,1
PIK3C2B,0.44682494305431225,-0.5045662646611447,0.23,0.254,1
TPP1,0.8543472141370734,-0.504652157260276,0.161,0.145,1
TSPAN18,0.18776102560832142,-0.5074837480434389,0.057,0.102,1
PDXK,0.36179252253121447,-0.5074837480434389,0.218,0.256,1
TALDO1,0.39147200389266845,-0.5074837480434389,0.115,0.146,1
DCTN1,0.6073614133481319,-0.5074837480434389,0.115,0.13,1
ENG,0.5146881754656708,-0.507483748043439,0.253,0.27,1
CLNS1A,0.2955588740848313,-0.5074837480434391,0.195,0.237,1
CDC42,0.0919592817060226,-0.5082718906693712,0.471,0.54,1
MIR181A1HG,0.4752185713077801,-0.5088974620623822,0.207,0.236,1
ADK,0.006287154404594854,-0.5093257360424628,0.736,0.817,1
HIVEP3,0.8897357838181964,-0.5098276885117381,0.207,0.191,1
ACSS1,0.006946822340167192,-0.5101529348194231,0.299,0.46,1
OCA2,0.38939716017644155,-0.5101529348194231,0.08,0.109,1
SLC16A4,0.16020200896979497,-0.5106861800817826,0.115,0.173,1
CDON,0.19007779371515168,-0.5114856786009354,0.057,0.101,1
GPC6,0.9029098334092946,-0.511623478404363,0.126,0.129,1
KIAA0355,0.03855235006951921,-0.5118489406048408,0.414,0.518,1
ZNF83,6.323937505702112e-4,-0.512663987149119,0.494,0.7,1
RND3,0.029582516188894938,-0.5128171923464795,0.126,0.228,1
GPR1-AS,0.07313227383876321,-0.5131303111845811,0.08,0.151,1
AC007384.1,0.37132628763940817,-0.5134824886648821,0.08,0.109,1
GRHPR,0.441117643396646,-0.5134824886648821,0.08,0.105,1
CD99L2,0.1421921896007337,-0.5143374190845014,0.253,0.321,1
AP001347.1,0.9669299416554465,-0.5150569677482397,0.149,0.147,1
BCL2,0.004657602623434873,-0.5154191945578028,0.414,0.583,1
MFSD4B,0.06838754633272917,-0.5154339141521469,0.667,0.794,1
DHTKD1,0.3215643414540472,-0.5154765387969698,0.103,0.138,1
SNHG5,0.33787958227371045,-0.5154765387969698,0.103,0.138,1
SEMA6A-AS1,0.1716639993802389,-0.5158230489561684,0.149,0.21,1
CHML,0.3206390707159588,-0.515945326791635,0.138,0.176,1
GTF2H3,0.31486022417482046,-0.5170697968726365,0.092,0.127,1
BBX,0.0057766634572057746,-0.5174219850995578,0.713,0.843,1
RAB11FIP3,0.19238732018215957,-0.5185389365524347,0.103,0.154,1
AEBP2,3.166202062534356e-4,-0.5187042865246375,0.517,0.729,1
RNF217,0.008325262566925302,-0.5189793868812684,0.391,0.556,1
TARDBP,0.4143108846220196,-0.5194563897095148,0.207,0.234,1
PABPC4,0.4129177667778156,-0.5200837848230724,0.172,0.203,1
SUN1,0.34924823604817895,-0.5208864526459276,0.253,0.284,1
ANGPTL1,0.24555641232163664,-0.5211586849405152,0.08,0.122,1
XRCC5,0.03339717312946366,-0.5217256706192177,0.609,0.684,1
MTG2,0.15744136687391974,-0.5218390410205087,0.08,0.132,1
HSBP1,0.5472158957921521,-0.5218390410205087,0.092,0.111,1
STMN1,0.5681422708946202,-0.5222052537502044,0.115,0.134,1
EIF5B,0.07085703120894865,-0.5222052537502045,0.276,0.359,1
FDPS,0.27582209920155276,-0.5224340895094106,0.138,0.181,1
NDFIP2,0.050727881076176776,-0.5234252919124603,0.241,0.338,1
ERBB3,0.1954690093586704,-0.5234252919124605,0.092,0.141,1
RHOC,0.28473622961432093,-0.5234252919124605,0.069,0.105,1
SIAH1,0.528558188333952,-0.5234252919124605,0.356,0.365,1
RBX1,0.18659190137658227,-0.5240349243072866,0.218,0.278,1
CARHSP1,0.18237473142626634,-0.5248658262716752,0.08,0.131,1
BCAR4,0.18935503116602062,-0.5254056560407014,0.092,0.142,1
MAGI3,0.06073495450233814,-0.5260651737851645,0.552,0.65,1
CEBPB,0.7661802750342688,-0.5270792281186755,0.31,0.3,1
SDHD,0.3181468903784464,-0.5287002339531348,0.08,0.114,1
ANTXR2,0.24770420778192695,-0.5297529118844715,0.471,0.519,1
TXNIP,0.9065932445412973,-0.5298038284364148,0.299,0.282,1
OCIAD1,0.05157194686950328,-0.5307239333183277,0.287,0.392,1
ADGRD1,0.1297214544583745,-0.5313304899978064,0.08,0.137,1
TERF2IP,0.38818576449574693,-0.5329063449233455,0.138,0.169,1
TUG1,0.07906807144975547,-0.5338178958569012,0.322,0.404,1
THSD4,0.00880923854359702,-0.5347052167784632,0.103,0.225,1
AP2S1,0.3438936312802699,-0.5347052167784634,0.115,0.149,1
DDOST,0.557796338764653,-0.5352669045569769,0.115,0.133,1
PRICKLE1,0.27527988607136483,-0.5369955301599836,0.126,0.174,1
REEP3,0.07769503107465786,-0.5374870926875439,0.299,0.397,1
KHSRP,0.15243653513002,-0.5375409818996186,0.161,0.224,1
PITX2,0.04446986339332178,-0.5377663149794816,0.126,0.226,1
UFD1,0.19923622534829444,-0.5377663149794816,0.092,0.139,1
RNF103,0.38358287039597105,-0.5377663149794816,0.103,0.134,1
ZBTB44,0.07744112381065069,-0.5387444962464758,0.241,0.328,1
COX16,0.3625370440210762,-0.5391926077707767,0.08,0.111,1
INSIG1,0.3877635606442416,-0.5391926077707767,0.08,0.108,1
GNE,0.25375471053476817,-0.5391926077707769,0.195,0.244,1
RUNX1T1,0.12777241973949038,-0.5400516104998696,0.172,0.239,1
MEG3,0.0013021018509959208,-0.5407074930544735,0.23,0.437,1
BTBD3,0.08813446451481642,-0.5409734931233074,0.276,0.365,1
TOR1AIP2,0.0765098797169993,-0.5422051272218048,0.391,0.46,1
RER1,0.216964746586991,-0.54310765777416,0.184,0.238,1
PAM,0.19017091603998723,-0.5431076577741603,0.241,0.301,1
KPNA2,0.577197445605751,-0.5431076577741603,0.126,0.145,1
HMGB2,0.4607296047924612,-0.5437974474315224,0.126,0.153,1
NFAT5,2.4612621828510586e-4,-0.5438405483364739,0.828,0.91,1
GLUD1,0.3296721259525613,-0.5440096240685528,0.241,0.275,1
AMFR,0.33183584681539413,-0.5447822894664143,0.253,0.285,1
H2AFV,0.4233897434916527,-0.5449584534621015,0.172,0.202,1
FANK1,0.7317836272312792,-0.545451598242459,0.092,0.101,1
GLRX,0.2010965460518626,-0.5470121122300762,0.207,0.261,1
CASD1,0.5111616030646018,-0.5470121122300763,0.299,0.314,1
CEP85L,0.021772074534727046,-0.5476118607487485,0.402,0.546,1
TERF1,0.16274533557640636,-0.5476118607487486,0.103,0.16,1
NPFFR2,0.5567613202345698,-0.5476118607487486,0.092,0.111,1
GGT7,0.09528898190044408,-0.5481257325407847,0.046,0.101,1
LMNA,0.5382267205226355,-0.5486529370198431,0.333,0.33,1
ANXA6,0.4204493794053836,-0.5487064107699517,0.207,0.235,1
SH3D19,0.0012867771110435958,-0.5491529273445126,0.287,0.489,1
CD164,0.2952796729192533,-0.549367829079747,0.368,0.389,1
USP53,1.7371066892806565e-4,-0.5494609432246043,0.287,0.522,1
MCM3,0.24961414571381893,-0.5501280854519326,0.08,0.121,1
PLIN3,0.3114438161002018,-0.551205125472757,0.115,0.151,1
HMGN3,0.10366064078554468,-0.5521020450172743,0.379,0.455,1
SUMO2,0.3291159131068563,-0.5523379838276989,0.161,0.199,1
CCNG2,0.5200606550202287,-0.5525716375719769,0.195,0.215,1
NAMPT,0.9583139421194439,-0.5529267188046061,0.184,0.172,1
PLEKHG1,2.061468221006986e-4,-0.5529512442156324,0.276,0.544,1
STK17A,0.40143317513105314,-0.5529984072958072,0.195,0.225,1
TMEM263,0.32811687332588324,-0.5532373432090548,0.264,0.296,1
SLC27A6,0.04427471629263618,-0.5537549019736687,0.161,0.26,1
GOLM1,0.20659593518462105,-0.5547894628217951,0.08,0.126,1
CSNK1E,0.15208805979825818,-0.5547894628217953,0.172,0.236,1
KCNN4,0.048129975391288715,-0.5547894628217955,0.057,0.133,1
COX5B,0.21974795894924745,-0.5547894628217955,0.103,0.151,1
PDCD11,0.3369254074463283,-0.5547894628217955,0.103,0.138,1
ADCY5,0.5974782662618427,-0.5547894628217955,0.103,0.119,1
BACE2,0.0051582129884424925,-0.5547894628217956,0.241,0.409,1
SLIRP,0.14097267237935718,-0.554789462821796,0.092,0.148,1
TENM3-AS1,0.3297833674863979,-0.554789462821796,0.08,0.114,1
EEF1D,0.3037662646068679,-0.556289925818087,0.264,0.303,1
CACNA2D3,0.6644712910728778,-0.5568411745317368,0.184,0.199,1
ENAH,2.7454709926250326e-4,-0.5570689624916147,0.391,0.607,1
PAWR,0.0018921391705558031,-0.5574213182933467,0.207,0.392,1
FLVCR2,0.5579223810876313,-0.5575244305430342,0.264,0.276,1
ABCE1,0.13329462626406832,-0.5576951939972066,0.126,0.19,1
CTNNB1,0.021978518304935076,-0.5580434887820365,0.552,0.679,1
MLLT3,0.5998745417145053,-0.5586169675440463,0.345,0.292,1
LIN9,0.4352677928755148,-0.5590140486835211,0.103,0.129,1
ARHGAP42,8.492331947872448e-4,-0.5595083085262696,0.356,0.566,1
FHL2,0.19617243005822926,-0.5605950845030012,0.172,0.23,1
LRP8,0.23158407406984197,-0.5614225551542424,0.103,0.15,1
GNA11,0.3292011180897933,-0.5614225551542424,0.069,0.1,1
AC106729.1,0.2247404313931121,-0.5614225551542427,0.103,0.149,1
CMTM8,0.010555454368839869,-0.5621190046202846,0.264,0.406,1
MTMR1,0.05980842678592027,-0.5622762208838182,0.207,0.299,1
AC017101.1,0.39306670243293235,-0.562525111601401,0.103,0.133,1
PTTG1IP,0.03853408509711408,-0.5629788606351424,0.241,0.344,1
TMEM245,0.05591414262499968,-0.5630227642592808,0.391,0.475,1
STOX2,0.1112674850753046,-0.563489157772181,0.115,0.178,1
PAPSS2,0.1694116660060379,-0.5638103633932091,0.126,0.184,1
CADM2,0.6748801218291225,-0.5645539335373384,0.092,0.105,1
UBE2I,0.4246409505128713,-0.5663774370970074,0.161,0.189,1
RAB8A,0.4166717222146132,-0.5663774370970076,0.08,0.106,1
XPR1,0.02192827118579139,-0.5676198392511982,0.379,0.505,1
RYR2,0.29046287118870484,-0.5690384185600753,0.126,0.174,1
SERPINE1,0.08000598414165123,-0.5692599456301286,0.046,0.105,1
LINC02315,0.028610362936850264,-0.5696054599512363,0.23,0.361,1
RAD50,0.06922770457223909,-0.5706579458931467,0.276,0.363,1
ENO1,0.25968552343210327,-0.5706579458931467,0.264,0.309,1
SLC35B4,0.38056977642668294,-0.5711220339437566,0.149,0.182,1
EPHB4,0.0866752339202661,-0.5713153599126746,0.092,0.164,1
STARD4-AS1,0.4609844453758775,-0.5716140854631546,0.115,0.139,1
NUCKS1,0.024129801938790895,-0.5736261048346509,0.471,0.586,1
ENOX1,0.11612679107417706,-0.5740513649824285,0.115,0.18,1
ECHDC2,0.23666941157664442,-0.5740513649824286,0.264,0.311,1
PLEKHA5,9.674340470210368e-5,-0.5749065087712709,0.517,0.747,1
TAPT1,0.20611035860256313,-0.5757897614343477,0.207,0.257,1
PLA2G12A,0.24808519118731026,-0.5757897614343479,0.103,0.147,1
NIPAL1,0.3078690957218963,-0.5757897614343479,0.08,0.115,1
FKBP3,0.4993311490365875,-0.5761104672355772,0.138,0.158,1
GPX4,0.6179138481320084,-0.5778730759348367,0.195,0.209,1
SPATA9,0.8399828250371494,-0.577873075934837,0.195,0.174,1
DNM3OS,0.5011789321119646,-0.5790778317801206,0.126,0.15,1
GTPBP4,0.21844447012589643,-0.5796335337992744,0.115,0.163,1
KYNU,0.07163416797024055,-0.5797286325133186,0.425,0.292,1
AXIN2,0.2632048303779994,-0.5804152704972898,0.08,0.119,1
ETF1,0.23289489730489837,-0.5809231722947867,0.287,0.327,1
AC093865.1,0.25214364404189754,-0.5818159454042922,0.126,0.17,1
BCORL1,0.47973057298284116,-0.5819085891699936,0.149,0.175,1
CST3,0.013380844225442383,-0.5831480179755111,0.103,0.21,1
ATP5PD,0.2810603971372835,-0.5831480179755113,0.103,0.144,1
GFPT1,0.03383090330146637,-0.5847958101435754,0.46,0.562,1
TMA7,0.24553890841350345,-0.5854862600447119,0.138,0.184,1
GXYLT2,0.2573028779116416,-0.5854862600447119,0.092,0.133,1
LINC00486,0.028406417508958934,-0.5865705855680519,0.356,0.458,1
TMEM243,0.16326617871288604,-0.5870040876869651,0.08,0.131,1
ATP6AP1L,0.41714973402925226,-0.5885203201343452,0.149,0.177,1
PCDH11Y,0.010100036821723895,-0.5900890256444761,0.103,0.222,1
TUFM,0.3377990147342684,-0.5905394877709975,0.08,0.112,1
FAM98A,0.42875549135150143,-0.5905394877709975,0.092,0.117,1
CTDNEP1,0.49216131266724583,-0.5905394877709975,0.092,0.113,1
LINC02669,0.05591204017245206,-0.5908997562310763,0.08,0.16,1
RAI14,6.033834304974267e-4,-0.592029105911484,0.425,0.645,1
CNTN6,0.062412488930757244,-0.5923726456299518,0.08,0.151,1
ARL6IP4,0.2694157574569696,-0.5930594797495128,0.103,0.144,1
STT3B,0.0036326814553795756,-0.5933808642553839,0.598,0.713,1
TM9SF3,5.363048594093737e-4,-0.5934910367497062,0.46,0.654,1
MSI2,0.08645001446312561,-0.5945554560282973,0.598,0.657,1
HIST1H1C,0.7195744990801438,-0.5945693648071504,0.138,0.145,1
FRMD6-AS2,0.05203283314883657,-0.5955750776682958,0.08,0.161,1
FAM120AOS,0.2938295305062432,-0.5979386989889424,0.161,0.201,1
NAALADL2,0.0018785850196830285,-0.598255289274015,0.448,0.621,1
ARL6IP5,0.5114679950151411,-0.5984446858563437,0.195,0.214,1
NSUN4,0.30843235013239884,-0.6005931524349202,0.069,0.101,1
CCT3,0.3273470000741048,-0.6005931524349202,0.172,0.21,1
CYB5B,0.3572762080200536,-0.6005931524349202,0.207,0.241,1
PRKAG1,0.3447804274981584,-0.6005931524349206,0.08,0.111,1
COL15A1,0.0577022748233967,-0.6011496404035903,0.161,0.249,1
DEK,0.34885935293822257,-0.6017198178892045,0.333,0.353,1
SERBP1,0.35433551138644065,-0.6017790917050633,0.31,0.335,1
ABCA5,0.29422857920368595,-0.6020951776001521,0.241,0.282,1
MYL12A,0.08849101592320696,-0.6029640568976671,0.126,0.202,1
CALM3,0.05853463713073739,-0.6034081680419745,0.08,0.156,1
S100A4,0.2261246464038828,-0.6046859070688035,0.069,0.109,1
ZNF554,0.3284631911965328,-0.6055938334932867,0.069,0.1,1
LNX1,0.05910497740443196,-0.6055938334932869,0.172,0.27,1
LSM3,0.22623907375496893,-0.6062177016287986,0.069,0.109,1
DNAJC21,0.11780913315588445,-0.6064617505240584,0.184,0.255,1
IGF2,0.04211281316122962,-0.6070194215943536,0.103,0.191,1
KIFC3,0.3490053347920927,-0.6076942088100643,0.184,0.217,1
MYOF,0.00894339214940497,-0.6077695643849902,0.494,0.633,1
ACTN1,0.08577903263991346,-0.6088743275187215,0.207,0.291,1
DACT2,0.1712836107530024,-0.6095819356621748,0.069,0.117,1
EDARADD,0.1193506830139854,-0.609581935662175,0.092,0.15,1
PABPC1,0.005461641910059894,-0.6096513978563137,0.621,0.751,1
RPS17,0.041235355762917016,-0.6104558990636644,0.207,0.31,1
SPTBN1,2.754389216722669e-4,-0.6139770496200851,0.299,0.53,1
BRAP,0.290836710905121,-0.6140554122414827,0.092,0.129,1
ZNF302,0.2424073655745709,-0.6143989519599509,0.126,0.171,1
PCDH18,0.4151593048467082,-0.6155434939008915,0.092,0.119,1
SEMA7A,0.46699210400504193,-0.6155434939008915,0.08,0.103,1
VSIR,0.09734173721396315,-0.6155434939008919,0.115,0.186,1
HIF3A,0.13880701842760526,-0.616894964764021,0.057,0.108,1
SRSF5,0.0054388447933243584,-0.6183736959677231,0.448,0.585,1
TBC1D15,0.448299949241729,-0.6190388197557385,0.322,0.332,1
JUNB,0.6782241686796933,-0.6197867176682315,0.184,0.192,1
SPON1,0.07628372023796466,-0.6217607199358369,0.161,0.244,1
MAPK9,0.05666063239614557,-0.6219036586803326,0.149,0.24,1
MIR503HG,0.007972361430870507,-0.6221178593475,0.287,0.449,1
H1F0,0.4435130978449403,-0.6229609654633745,0.092,0.117,1
GNG12,0.012748252958750685,-0.6229609654633746,0.529,0.656,1
CAP2,0.0012875688548909543,-0.6229609654633748,0.149,0.337,1
SEC22B,0.08855866161309085,-0.6229609654633748,0.195,0.278,1
TBC1D1,0.08913455846227444,-0.6247056085517281,0.529,0.607,1
ARHGAP32,0.005263060562289868,-0.6248354070967727,0.598,0.723,1
ORC3,0.14920596051831597,-0.6249773110618795,0.195,0.256,1
XAGE2,0.05264480093593787,-0.6254250054148558,0.092,0.176,1
HULC,0.31556621401401197,-0.626128244542058,0.195,0.232,1
SMC6,0.3270651259006151,-0.626128244542058,0.241,0.272,1
HNRNPR,0.007759815605374218,-0.6265883609678649,0.437,0.572,1
CALM2,0.2692269579719842,-0.6267250654006453,0.368,0.408,1
HNRNPF,0.1822470588740103,-0.6269908424995276,0.195,0.253,1
ANKDD1A,0.09568192101714597,-0.6290015676206746,0.08,0.145,1
LNPEP,0.03781880833860155,-0.6291333205925367,0.529,0.64,1
PPP1R13L,0.07353804175154781,-0.6292885854353862,0.103,0.175,1
NUP35,0.16173163101721694,-0.630340495828972,0.069,0.118,1
GPR180,0.2595157374904309,-0.630340495828972,0.08,0.119,1
HEBP2,0.3221627780668182,-0.6303404958289724,0.115,0.15,1
RBM3,0.12145419386733809,-0.6308661635487212,0.241,0.313,1
AK3,0.06072982086259941,-0.6313554062056076,0.195,0.289,1
THUMPD1,0.2512393822965087,-0.6318118830456405,0.092,0.133,1
ANXA3,0.1968036862338771,-0.6320713839080885,0.126,0.177,1
ZFYVE21,0.3114483357229989,-0.6324420184742601,0.069,0.101,1
KANSL2,0.22575102994311097,-0.6330146301272976,0.103,0.149,1
TP53BP1,0.1693072909354521,-0.6384146178698875,0.184,0.244,1
LIX1-AS1,0.6913272224761926,-0.6406088312827993,0.092,0.102,1
AC099520.1,0.005945929865965974,-0.6407041562054208,0.23,0.402,1
BAG2,0.3201921891575254,-0.6416204206949754,0.115,0.151,1
JUP,0.14349595087909278,-0.6418611708066544,0.115,0.174,1
MMS22L,0.9455034403208861,-0.6420697884110794,0.241,0.227,1
NUP58,0.01308148933494291,-0.6430429385598762,0.356,0.48,1
LINC00472,7.677019919393698e-4,-0.6431645361865561,0.264,0.468,1
ZDHHC20,2.3882721309000197e-4,-0.6432138296021545,0.425,0.624,1
EPB41L5,0.03952388460287941,-0.6438052192562193,0.195,0.307,1
PGAP1,0.47517074616172883,-0.6467349340796411,0.345,0.355,1
CHCHD10,0.7246261913941752,-0.6481066136375524,0.126,0.133,1
SMAD7,0.16085800510744658,-0.6486258488567223,0.103,0.158,1
PSMC1,0.2993880463640394,-0.6486258488567223,0.115,0.153,1
FERMT2,1.29230357280192e-4,-0.64968770196309,0.264,0.525,1
COX17,0.2436411379814258,-0.6498366714547692,0.08,0.121,1
METRNL,0.45102763441937105,-0.6498366714547692,0.092,0.115,1
SKA2,0.4962582154748049,-0.6529141875650026,0.115,0.135,1
EXOC6B,0.007173748097276036,-0.6532804785928596,0.828,0.901,1
IQCJ-SCHIP1,0.1903406617180943,-0.653370183472783,0.149,0.207,1
CCT7,0.44020142221075836,-0.6546698251907128,0.092,0.116,1
PAIP2,0.2176562483647911,-0.6552373684871309,0.161,0.211,1
GUK1,0.0592649963859997,-0.65587558793611,0.069,0.144,1
CHST12,0.09516595025336362,-0.65587558793611,0.057,0.117,1
RSL24D1,0.3352189801565011,-0.65587558793611,0.08,0.111,1
PTPN14,1.9447911833101708e-4,-0.6567097568179152,0.31,0.542,1
MXD1,0.46542335563058046,-0.6574243750315967,0.138,0.161,1
CREB3L1,0.19221357473150147,-0.6594868414884889,0.057,0.1,1
KREMEN1,0.10785383101942547,-0.6594868414884894,0.092,0.155,1
ACOXL,0.025232489451086883,-0.6600416175156629,0.034,0.114,1
RAB38,0.07972435366804288,-0.6605169700869782,0.092,0.161,1
SLC41A2,0.6515899484335376,-0.6606885866982423,0.207,0.214,1
ALDH18A1,0.11784020112481865,-0.6607977866408357,0.092,0.154,1
MC1R,0.19210713126500067,-0.6612890841224743,0.057,0.1,1
LINC02050,0.3506335061878621,-0.6612890841224743,0.08,0.111,1
ECI1,0.3585846221183933,-0.6612890841224743,0.08,0.109,1
ITGB8,0.003133577131943027,-0.6617046667383075,0.057,0.179,1
C15orf41,0.11538838548424385,-0.6626028147103452,0.241,0.316,1
EIF1,0.13210934084343676,-0.6638709843397339,0.31,0.374,1
LAMC1,0.0010466683162873034,-0.6648087127061176,0.448,0.624,1
HNRNPK,0.0011782058459002143,-0.6658846126866395,0.356,0.516,1
PRDX6,0.031196342017746216,-0.6666823428926927,0.218,0.33,1
ATP5IF1,0.22744602681107373,-0.6666823428926929,0.126,0.172,1
RASA1,0.034317860649636114,-0.6668931377475551,0.874,0.924,1
ATP10D,0.0032672611779365583,-0.6670810426439905,0.471,0.618,1
TRIM24,0.0016927412336343053,-0.6671044921395642,0.287,0.465,1
SRSF3,0.11405502053564268,-0.6681171466319288,0.253,0.322,1
USP10,0.008931644121954475,-0.6682195780310907,0.414,0.541,1
SSX2IP,0.3008173857574146,-0.6686385398580192,0.08,0.115,1
HGF,3.4019303671297736e-4,-0.669545077422232,0.253,0.462,1
ITGBL1,0.12945374772845405,-0.669755176942316,0.115,0.181,1
LINC02307,0.09031879552952436,-0.6700280012700748,0.115,0.188,1
RNASE1,0.010470183648074933,-0.6705920879437739,0.253,0.137,1
MMD,0.24485356219099236,-0.6709824803263178,0.092,0.133,1
RBM8A,0.011334512037612867,-0.670982480326318,0.103,0.215,1
C1QTNF6,0.734935813596871,-0.6709824803263182,0.126,0.135,1
LINC02326,0.10738896591161257,-0.6725429943139352,0.092,0.156,1
NECTIN4,0.16432867726419909,-0.6725429943139352,0.069,0.119,1
GNAS,7.098037218340728e-4,-0.6727704283069118,0.621,0.744,1
SLC16A1,0.011560662369882879,-0.6728214799900993,0.057,0.164,1
IARS2,0.0879286485893984,-0.6731277521578749,0.161,0.239,1
MESD,0.09977604064276785,-0.6732209525223176,0.195,0.267,1
ECH1,0.22858928346297505,-0.6749404938950017,0.115,0.16,1
CDH11,1.4683904345127145e-4,-0.675804863783162,0.172,0.405,1
NLGN4X,0.2895943127676623,-0.6758812797391578,0.138,0.18,1
EIF2S2,0.13851201309276137,-0.6763028122595821,0.23,0.294,1
USP6NL,0.03608723991618915,-0.6768461856100758,0.264,0.376,1
CISD1,0.3095504972806434,-0.6774087494857515,0.069,0.101,1
UBE2B,0.030658344212020627,-0.6776462106073289,0.345,0.449,1
NDUFS5,0.062034460940884245,-0.6782305638291866,0.069,0.143,1
SNRPF,0.10614245376219897,-0.6782305638291866,0.092,0.155,1
UMPS,0.19309064887974534,-0.6785956644361932,0.08,0.127,1
PARD3B,1.968856843220087e-4,-0.678774063457169,0.333,0.564,1
VGLL1,0.12422437780093584,-0.6799509440482046,0.138,0.199,1
EIF4A1,0.1329433677506779,-0.6800779362617355,0.356,0.415,1
ACP1,0.2319136229136567,-0.6803203449056547,0.115,0.159,1
AC093157.1,0.34623284743147403,-0.6803203449056547,0.103,0.136,1
UCHL3,0.04584122078355568,-0.6806575413640992,0.172,0.267,1
DLG2,0.05783534542452565,-0.680721483526587,0.115,0.197,1
PRKCH,9.441215607727755e-4,-0.6815131478184877,0.299,0.497,1
DSCAM,0.004406228688570143,-0.6815131478184877,0.023,0.129,1
OGN,0.9344326769579329,-0.6823872435985676,0.138,0.134,1
EIF2B1,0.1794804500315035,-0.6827421937887923,0.069,0.115,1
TECR,0.07562407723907952,-0.6835825171059517,0.149,0.23,1
COL6A6,0.14234533600872135,-0.6845156359800115,0.057,0.109,1
PRKG1,0.0010085555982708551,-0.6851011640995714,0.207,0.408,1
PGRMC2,0.1330245423700902,-0.6856967208113374,0.161,0.225,1
COPS8,0.19776649703376156,-0.6880559936852593,0.08,0.126,1
SERINC3,0.13464705478624064,-0.6880559936852595,0.184,0.252,1
PKNOX2,0.1620229374524031,-0.6880559936852597,0.08,0.134,1
POLG,0.18915855425369957,-0.6880559936852597,0.057,0.1,1
RFC3,0.43921804426998257,-0.6895706342872582,0.195,0.222,1
DNAJA1,0.13287584182550866,-0.6896870792641878,0.195,0.261,1
S100A6,0.0010028833812126946,-0.6897522843461583,0.172,0.344,1
CANX,0.04411713602645729,-0.6909462017454825,0.31,0.414,1
CBX3,0.0863181219217448,-0.6917410404931157,0.195,0.273,1
RBBP7,0.13663138719705564,-0.6917410404931157,0.195,0.26,1
CCDC80,0.9421031529533089,-0.6930394011995156,0.138,0.135,1
P2RY6,0.019584570120556123,-0.6935800401568968,0.126,0.229,1
MLF2,0.2842536436442921,-0.6941050383580647,0.069,0.103,1
CSF2RB,0.22742764652092523,-0.6957503854752605,0.08,0.123,1
FCER1G,0.6500697870084511,-0.6957503854752605,0.103,0.084,1
MORF4L1,0.007802665822317128,-0.69760578296281,0.483,0.613,1
SF3A3,0.2709471518637461,-0.7001288259858347,0.069,0.104,1
EIF3K,0.13913567699576257,-0.701255491440119,0.126,0.188,1
YIPF6,0.17208747484030373,-0.7021311788969824,0.172,0.228,1
FNDC3A,0.26252895958763084,-0.7022107604972945,0.805,0.849,1
B2M,0.0028281197781035695,-0.70272456311992,0.391,0.529,1
TBC1D32,0.025619273678669504,-0.7031879048485594,0.333,0.447,1
ELK4,0.07992925787332734,-0.7042844554771461,0.115,0.187,1
ZFAS1,0.17772855929663472,-0.7044637502068725,0.161,0.217,1
TCF7L1,0.2229215325184254,-0.7072155719687145,0.126,0.176,1
YWHAH,0.1599634034879754,-0.7072155719687148,0.08,0.132,1
CREM,0.23715818842587721,-0.7074213185521908,0.322,0.35,1
IMPA2,0.11734092832863632,-0.7078871656068288,0.138,0.204,1
MIA3,0.10838342320821238,-0.7091176092130893,0.161,0.227,1
AC116049.2,0.33771345858833174,-0.710026393520865,0.103,0.139,1
GORASP2,0.041478778431976955,-0.7108589432095145,0.184,0.288,1
PUDP,0.09837381341896406,-0.7110171421285711,0.207,0.282,1
LDB2,0.11064091729250022,-0.7112372161189127,0.103,0.168,1
PLCB4,0.031215828047603627,-0.7118422465496252,0.034,0.108,1
ARHGEF12,5.0823368997132896e-5,-0.7122195133125655,0.494,0.729,1
ACOX3,0.18509826095777226,-0.7125981779480517,0.115,0.166,1
SSPN,0.29415618390038395,-0.7125981779480517,0.08,0.115,1
C21orf91,0.18785073684312897,-0.7132932851842826,0.126,0.178,1
SLC4A2,0.18900210487143135,-0.7132932851842826,0.092,0.14,1
GPT2,0.22620378273067973,-0.7132932851842826,0.08,0.124,1
TAGLN2,0.006274159385545605,-0.7146824957306136,0.103,0.236,1
ATP5F1A,0.15634840334672012,-0.7148087212909451,0.195,0.252,1
CFD,0.0032328956089226132,-0.7153765996847719,0.034,0.148,1
PSG8,0.10102776751061145,-0.7180507339830973,0.126,0.195,1
CATSPERE,0.1790422632434053,-0.7185903618333715,0.069,0.116,1
TRIM28,0.335735779090896,-0.7185903618333715,0.115,0.148,1
CNNM2,0.018059103464842737,-0.7186690407001809,0.218,0.334,1
PARD6B,0.024782793881532615,-0.7189878532371505,0.115,0.215,1
POLDIP3,0.14457614215980402,-0.7195342251584278,0.069,0.12,1
PLAAT3,0.2698087113880666,-0.7195342251584278,0.069,0.105,1
PSD4,0.34030591997218235,-0.7195342251584278,0.08,0.111,1
CYB5A,0.19303940929340713,-0.7206869979252262,0.08,0.127,1
RPSA,3.793196848257664e-4,-0.7214680151816811,0.287,0.48,1
BCL9L,0.24956656278550454,-0.7216085533962859,0.103,0.144,1
NUCB2,0.037895883105919057,-0.7220566649205875,0.218,0.319,1
GPSM2,0.10872375195433591,-0.7224966390142893,0.184,0.257,1
TWIST1,0.16362406194891158,-0.7232658712590605,0.138,0.197,1
SIPA1L1,0.004680532430009088,-0.7233314684327903,0.425,0.589,1
TPM4,0.0019421667822552054,-0.7238178877344728,0.437,0.612,1
EIF2AK1,0.05719512044825683,-0.7247144642641079,0.184,0.273,1
MAN1A2,0.0011365625175984602,-0.7251486008429022,0.655,0.803,1
AC015631.1,0.19091873286169167,-0.7252888998842348,0.08,0.129,1
CCSAP,0.36200130356925153,-0.7261801083295756,0.276,0.304,1
SSR1,0.14615062676773094,-0.7271255583638521,0.138,0.197,1
LINC02615,0.29610525892967715,-0.7272976252781106,0.207,0.251,1
RFLNB,0.31832514190196665,-0.7298761693798865,0.08,0.113,1
HMGCS1,0.12385077981967042,-0.7298761693798868,0.103,0.166,1
SLC7A2,0.11140898964898578,-0.7298761693798869,0.172,0.242,1
ATP8B1,0.09723328139281641,-0.731837685713173,0.149,0.224,1
ACTB,0.009290339879576538,-0.7326627901342275,0.632,0.73,1
SLC6A4,0.064256081140399,-0.7330434484585702,0.069,0.14,1
ARL5B,0.29569867181444115,-0.7339922778521184,0.103,0.139,1
TMBIM6,0.014330559204291363,-0.7343255022538517,0.23,0.358,1
N4BP2,0.009356393041399392,-0.7343775616148277,0.448,0.555,1
COPS5,0.2964874207583429,-0.7344488991697107,0.092,0.127,1
MAPK10,0.41832954030860386,-0.7344488991697109,0.103,0.133,1
SH3YL1,0.013825515646369597,-0.7350194726558466,0.218,0.348,1
PSIP1,0.007361639253573223,-0.7354861377224704,0.126,0.252,1
PIWIL4,0.2949995981761453,-0.7357527357165563,0.069,0.102,1
AC099329.1,0.03479769845224249,-0.7371319853826859,0.092,0.182,1
EIF3E,0.0017794759920987252,-0.7380966761848552,0.414,0.562,1
CAMSAP2,5.090860396100285e-4,-0.7382829625871914,0.54,0.705,1
CCNH,0.01627533653186206,-0.7385933864809958,0.667,0.76,1
CLIP4,2.9962238205641026e-4,-0.7393210151643358,0.345,0.559,1
COPB1,0.03425191609028224,-0.7398679410370481,0.299,0.394,1
NAP1L1,5.90263531502421e-4,-0.7401445048337137,0.425,0.612,1
ARL6IP1,0.45581007486625885,-0.7401445048337139,0.184,0.207,1
AL139383.1,0.23314745685623617,-0.7412809326521361,0.103,0.147,1
SNHG16,0.13494783987825934,-0.7416054619619938,0.057,0.108,1
CCNC,0.128785748808961,-0.7416054619619941,0.207,0.267,1
SLC25A37,0.3573016630102065,-0.742932322205333,0.31,0.255,1
SLK,0.03660265242585473,-0.7435511062769632,0.241,0.333,1
CTNNAL1,0.15742698223917465,-0.7441427384529351,0.172,0.23,1
UQCRQ,0.41842682186230773,-0.7447878787838151,0.115,0.141,1
LARP1B,0.0016106065313596367,-0.7467880271791444,0.379,0.553,1
TRPV6,0.00393664628679539,-0.7471283336016519,0.046,0.167,1
CCP110,0.3155807798205063,-0.7474345407641918,0.069,0.1,1
YBX3,0.006382344460185229,-0.7484918475472335,0.126,0.26,1
HLA-C,0.399280150883964,-0.749372345005684,0.138,0.166,1
ERN1,0.11854208889005377,-0.7503402719396022,0.138,0.206,1
ABCG2,0.1743951862916205,-0.7510407793779292,0.172,0.234,1
NFXL1,0.10639708768882898,-0.7514093309295282,0.172,0.242,1
EIF3F,0.34345870231311376,-0.7514093309295282,0.184,0.215,1
AGL,0.09147803574206982,-0.7516096913271684,0.207,0.273,1
PPAT,0.15744931140600604,-0.7525962458799702,0.08,0.132,1
PGD,0.16832060671243287,-0.7525962458799702,0.08,0.13,1
SPATA13,0.16040627579100689,-0.7531084756176037,0.218,0.273,1
ADAMTS12,0.20272965714429406,-0.7532401624453973,0.092,0.141,1
TLK1,7.90208279683337e-4,-0.7540300310886638,0.77,0.839,1
SYDE2,0.12838669238346692,-0.7558713779128312,0.092,0.15,1
MAGI2-AS3,0.18031430886533223,-0.7558713779128312,0.08,0.129,1
FRY,0.20704897979193798,-0.757097638114911,0.126,0.177,1
ARL1,0.23679855602930502,-0.757097638114911,0.092,0.133,1
RPL21,0.024759455410589156,-0.7581978822413648,0.287,0.405,1
NET1,0.03918508210688177,-0.7584453215766576,0.138,0.233,1
MTMR10,0.005410319290368898,-0.7590225150394034,0.437,0.568,1
SLC24A2,0.14505065548484153,-0.7595470360562294,0.115,0.17,1
ELL2,0.030830320496054373,-0.7610820372176977,0.414,0.537,1
PPP2R2B,0.09890993398244001,-0.7612403402892218,0.046,0.1,1
PLEKHA7,0.0017162700651701273,-0.7614404922097553,0.092,0.249,1
EVA1A,0.007356393171969732,-0.7624808348118144,0.092,0.216,1
PRDX5,0.17428489057773322,-0.7624808348118144,0.115,0.168,1
NONO,0.2055122789077265,-0.7624808348118144,0.149,0.198,1
PLSCR4,0.18204207046864082,-0.7640399434371371,0.149,0.204,1
BZW2,6.020057771905606e-5,-0.7641090138790402,0.368,0.606,1
C1orf21,0.0010178691572058,-0.7652606872506232,0.299,0.479,1
SRPK1,0.03787304088160277,-0.7656226790716667,0.345,0.427,1
GADD45G,0.041015642896780787,-0.7660585056865328,0.034,0.103,1
AL355612.1,0.3331723093624819,-0.7668703768620881,0.069,0.1,1
CPPED1,0.0336440821392512,-0.7671747108028625,0.241,0.343,1
AC004160.1,0.12707206081641073,-0.7671747108028626,0.08,0.138,1
IGFBP3,0.02311371317556497,-0.7678440195789071,0.241,0.37,1
C11orf58,1.908796365080087e-4,-0.769005101781663,0.368,0.578,1
EGFL7,0.7385510437764579,-0.7705181538772323,0.092,0.1,1
PDCD4,7.751200127296761e-5,-0.7728283145644335,0.517,0.739,1
IRF2BP2,0.329724117828228,-0.773187340653217,0.161,0.193,1
OPHN1,0.07377745856274734,-0.7732367234953343,0.621,0.676,1
PLCE1,0.4449546838606492,-0.7738538664404895,0.103,0.128,1
PI4K2B,0.19323586335515683,-0.7752251565547603,0.172,0.222,1
PNPLA8,0.031717078191559424,-0.7762318050716263,0.218,0.317,1
JUN,0.5085384823041378,-0.7762318050716263,0.23,0.244,1
KATNBL1,0.26385157480450583,-0.7768652606431157,0.655,0.689,1
RAB3IP,0.3273555457238697,-0.7771818841582436,0.115,0.149,1
SELENOS,0.045441298357292735,-0.7790801673806569,0.103,0.185,1
NOP53,0.12226828012731884,-0.7797366839066113,0.103,0.166,1
ARF1,0.18050380974367558,-0.7808706998751469,0.253,0.301,1
CMSS1,0.04165305060598592,-0.7824907955433088,0.31,0.405,1
IGSF3,0.04835019980365971,-0.7827964836556696,0.092,0.175,1
ATP5PF,0.2339783581862015,-0.7838149764906905,0.08,0.121,1
SEC61B,0.24714509620762184,-0.7838149764906905,0.115,0.157,1
NDUFA12,0.3118567861256818,-0.7838149764906905,0.092,0.125,1
MACROD2,0.07368409444798571,-0.7848135541674421,0.207,0.294,1
EPHA1-AS1,0.04563480909920346,-0.7868199662063331,0.08,0.158,1
MIR4713HG,0.07927677639805306,-0.7877202439521711,0.195,0.27,1
CNKSR3,0.20247382483086013,-0.7879452256354169,0.115,0.164,1
ACTR3B,0.1317519630130018,-0.7888966831920876,0.115,0.175,1
CD2AP,5.55299890359521e-4,-0.7892547164588186,0.287,0.477,1
NDUFS2,0.09356120504312333,-0.7904177113149378,0.046,0.101,1
AL365295.1,0.017469641257759287,-0.7924810205411262,0.322,0.447,1
SAV1,0.26918030053367875,-0.7926119247278494,0.092,0.13,1
KCNIP4,8.804540371052029e-4,-0.7931014392443578,0.161,0.352,1
LATS2,0.002646432401753637,-0.7943648958316004,0.253,0.431,1
SLC44A1,0.004444567360552384,-0.7989686926528328,0.322,0.475,1
LINGO2,0.037720728353798624,-0.8001882176268981,0.126,0.226,1
MRPS9,0.1675999690593808,-0.8013555577998255,0.08,0.13,1
SERPINE2,0.002446526595718905,-0.8017330245427717,0.207,0.378,1
RPL9,0.021467523066403857,-0.802397454273549,0.253,0.371,1
RPL24,0.00816806006410247,-0.8047880559619788,0.264,0.405,1
SMIM13,0.031931909896039966,-0.804838227061109,0.115,0.214,1
AP2A1,0.10911990936016457,-0.8051642966841239,0.149,0.216,1
NDUFB2,0.17086968615017428,-0.8061420636079539,0.092,0.142,1
KRBOX1,0.22705340753209718,-0.8100465180638698,0.092,0.135,1
ITPRIPL2,0.11624682968832803,-0.8100465180638701,0.115,0.177,1
RAC1,0.005257111774131164,-0.811605345920432,0.333,0.486,1
RDH13,0.1655901271601152,-0.8119947898533917,0.115,0.168,1
SLC7A5,0.6354224848437097,-0.8123383295718598,0.172,0.18,1
TOP2A,0.6886752772067689,-0.8126436295499092,0.149,0.159,1
TSPAN13,0.07327357085776377,-0.8126436295499093,0.115,0.191,1
PCBP1,0.16255449490155957,-0.8128289587351971,0.115,0.168,1
NMD3,0.05203326556004474,-0.8142181692815281,0.207,0.289,1
NOS3,0.12705506128362623,-0.8143724434666599,0.057,0.108,1
COPB2,0.028965744160929875,-0.8145385664492707,0.207,0.314,1
ITPRID2,0.06803811556962476,-0.8150689601802754,0.253,0.326,1
RNF207,0.13863609366303223,-0.8156060434057708,0.069,0.12,1
RRM2B,0.15173508040063133,-0.8156060434057708,0.057,0.105,1
PRDX1,0.02094199950400451,-0.8157692349721332,0.184,0.294,1
NDUFA1,0.16481769447303923,-0.8165305516340688,0.103,0.156,1
INSR,0.02455469831217686,-0.8166526122154598,0.276,0.387,1
GUCY1A1,0.006332396695007628,-0.8171185667393716,0.069,0.183,1
SLC35D1,0.13197086334045643,-0.8178238686555894,0.218,0.283,1
TMEM154,0.13917512866977463,-0.8197616728970818,0.057,0.107,1
TSPAN5,0.5182335423239917,-0.8203311203253905,0.161,0.184,1
DNMT1,0.0654888182548435,-0.8209714801301484,0.218,0.297,1
H3F3B,0.011558579169857551,-0.8219943713683182,0.379,0.506,1
ARL4C,0.17306210762106558,-0.8241561174793062,0.092,0.141,1
RSPO3,0.025895879574003418,-0.8266612319147666,0.092,0.187,1
LINC01483,0.025300394850080617,-0.8269006237747517,0.046,0.126,1
IL6ST,0.5915847450378378,-0.8273546282236459,0.701,0.712,1
ADGRG6,3.295564994155662e-4,-0.8274869660063091,0.184,0.399,1
RNF217-AS1,0.24780250175048607,-0.8276620609808414,0.08,0.12,1
PKIG,0.09150355024759288,-0.8282798734408814,0.126,0.198,1
HAND2,0.027953848845966606,-0.8294118429308013,0.069,0.154,1
LEPROT,0.1279199356854215,-0.8294118429308013,0.172,0.233,1
RPL17,0.004807819181371059,-0.830500258705465,0.299,0.448,1
FRZB,0.05935632135806268,-0.8311595052170686,0.057,0.127,1
CCDC186,0.009408344275315818,-0.8312721849563288,0.23,0.359,1
CYP11A1,0.014155832721974956,-0.8316175581767091,0.253,0.392,1
RPS26,0.007007549017105512,-0.8320089544168403,0.195,0.338,1
RANBP17,5.9672260017260104e-5,-0.8320325430899367,0.402,0.607,1
NRBF2,0.09492048375519112,-0.8321572196696185,0.057,0.115,1
LINC00910,0.26166735628645715,-0.8321572196696185,0.069,0.105,1
DLC1,2.042347895769909e-4,-0.8330140796109968,0.172,0.391,1
ZNF175,0.13943778205672763,-0.8332539092251952,0.092,0.147,1
DUBR,0.004149105514454305,-0.8342128291946226,0.149,0.298,1
SKP1,0.1380475262544066,-0.8353184838975232,0.264,0.313,1
GNA12,0.001978372396839037,-0.8359335623261921,0.471,0.616,1
ANKS1B,0.18118686361140995,-0.8366898429792531,0.126,0.181,1
PDE4DIP,0.0010645640962897007,-0.8369967732503638,0.287,0.468,1
EIF4A3,0.3017478514704689,-0.8400590871303093,0.092,0.126,1
AC024230.1,0.0010055876980362844,-0.8402435631923078,0.138,0.325,1
RAD21,0.005969441590333607,-0.8402884321814068,0.253,0.391,1
ITGA9-AS1,0.3895508729518374,-0.8430867798278778,0.149,0.176,1
ENTPD7,0.06558667872827956,-0.8437671359078713,0.057,0.125,1
ZIM2,0.08405755838598385,-0.8437671359078713,0.069,0.132,1
SGCE,0.005362656676714099,-0.8439114126259164,0.207,0.35,1
NDUFC2,0.10503563477190986,-0.8442960800167802,0.069,0.128,1
ARID3B,0.14682576900130123,-0.8449003501998089,0.195,0.251,1
NRBP1,0.11690625081843702,-0.8450651072422866,0.103,0.164,1
AGPAT5,0.419236791385324,-0.8478041547930609,0.241,0.265,1
OLAH,0.07829325677713724,-0.8485206658785058,0.057,0.12,1
MTMR7,0.2850963580430494,-0.8485206658785058,0.092,0.128,1
PSMD7,0.05079800839544604,-0.8516810067718343,0.103,0.184,1
HYAL4,0.12271448868929345,-0.8527329171654201,0.08,0.137,1
METTL21A,0.22497851062835553,-0.8539341620648702,0.069,0.108,1
L1TD1,0.18154402989369522,-0.85562172225365,0.126,0.178,1
KIAA0040,0.05217681300459493,-0.8557341561110805,0.149,0.236,1
FAM177A1,0.059697180775664674,-0.8560938855833062,0.08,0.155,1
PRKCE,0.017482200740416055,-0.8561787524935868,0.414,0.537,1
OSMR,0.02476705345780085,-0.857484626624176,0.184,0.289,1
TLE1,0.022932152157458308,-0.8576558074690581,0.195,0.309,1
MYDGF,0.0476047131632558,-0.8579809951275721,0.103,0.188,1
RBMS3-AS2,0.13240304426542446,-0.8586094835020894,0.103,0.161,1
AL158206.1,0.288836710217771,-0.8593274208350885,0.069,0.102,1
PISD,0.038680881501524225,-0.8597261205863863,0.207,0.297,1
YWHAB,0.10404438671772342,-0.8597638297239889,0.299,0.356,1
EXTL2,0.09149828533725729,-0.8605503547397051,0.184,0.252,1
LINC02062,0.16524706464609648,-0.8611207026581393,0.149,0.202,1
RPL22,0.004190126947817634,-0.8614266500754431,0.241,0.387,1
LINC02438,0.15135469734720694,-0.8617478250504911,0.08,0.136,1
SGO1-AS1,0.008600339372379136,-0.862165755250659,0.103,0.229,1
AC107068.2,0.2990534980715825,-0.8626879978050996,0.08,0.114,1
HNRNPA0,0.08242893932695584,-0.8636275582687141,0.08,0.147,1
ZNF568,0.1463938028948471,-0.8647005929339402,0.069,0.119,1
CSNK2B,0.1760485125333975,-0.8647005929339402,0.057,0.101,1
NCL,0.2257374870408466,-0.8662081989193777,0.287,0.32,1
KCTD12,0.8213943265898341,-0.8662081989193777,0.253,0.233,1
PPP1CB,0.0010696931371734634,-0.8669972689948088,0.356,0.52,1
ARHGDIA,0.2195346681742485,-0.8673796931298217,0.08,0.121,1
RPL18,0.001499641057646441,-0.8685879805043774,0.299,0.481,1
CPNE3,0.05136098966189536,-0.8700538274281473,0.126,0.21,1
CCDC68,0.7168537400577324,-0.8711220948156382,0.115,0.124,1
BSG,0.008153948351642586,-0.8713890381119667,0.161,0.297,1
AMOT,0.023980887773745112,-0.8716969882446004,0.069,0.161,1
EML1,0.0817726628373579,-0.8716969882446004,0.103,0.173,1
NPAS2,0.08864247485787237,-0.8731332203601191,0.115,0.183,1
PCYOX1,0.16472697722484775,-0.873611646841336,0.08,0.13,1
HELLS,0.11566007868612942,-0.8742660787150616,0.138,0.204,1
FGFR2,0.017927440394632524,-0.8746927222316676,0.115,0.226,1
CCT8,0.11974196037219774,-0.8767175577091579,0.115,0.176,1
HOMER1,0.017168708618539585,-0.8772649661926327,0.149,0.265,1
XPOT,0.06153067013290061,-0.8774333577937448,0.126,0.205,1
LMO4,1.4559991989219272e-4,-0.8783214434117479,0.333,0.554,1
SMOC1,0.049437941626491705,-0.8785778997346854,0.046,0.114,1
RAN,0.11397277168555853,-0.8790426106554019,0.126,0.191,1
AL359220.1,0.12018787182387004,-0.8792537934181133,0.08,0.138,1
TJP2,0.0015503457488829629,-0.8808839574795695,0.138,0.302,1
PDCD5,0.08606509038427743,-0.8818792628249366,0.069,0.132,1
GABARAPL1,0.018172055386050396,-0.8820961931374858,0.138,0.249,1
ICA1L,0.054624762191774194,-0.8822914025337496,0.149,0.235,1
KALRN,0.013903145486963881,-0.8829093914234261,0.126,0.245,1
MYL12B,0.010717813414290293,-0.8830329574413075,0.161,0.285,1
LGALS1,0.02231993224727108,-0.883441928080349,0.126,0.229,1
DHX32,0.06246916200495472,-0.8836068028030666,0.264,0.336,1
CEP152,0.26699019129070906,-0.8859953712971687,0.195,0.233,1
AC079062.1,0.006231614132265686,-0.8871509140428777,0.184,0.319,1
ISM1,0.0722542901365931,-0.8872704001392305,0.138,0.216,1
TMSB4X,0.2773322081618521,-0.8877016932475719,0.368,0.272,1
TCF21,0.41697120480106925,-0.8881697425315056,0.103,0.13,1
SLC26A7,0.011576336470419515,-0.8885739153989449,0.034,0.129,1
AZIN1-AS1,0.252118893502095,-0.8893543833870834,0.103,0.143,1
LPAR1,0.06459679662811842,-0.88968985485491,0.103,0.183,1
MIR100HG,0.019691341416157547,-0.8897844609102828,0.172,0.291,1
ARL15,0.7811911272393728,-0.891022666101331,0.782,0.703,1
CTDSP1,0.18867292591540666,-0.8916752803695233,0.161,0.212,1
UFL1-AS1,0.12083513353446722,-0.8952139013265472,0.057,0.111,1
CAMK2G,0.01526102231147232,-0.8966640891258759,0.299,0.397,1
BMP5,2.428641381483668e-4,-0.8978714664169403,0.126,0.332,1
PSMD8,0.17072500080842976,-0.8982737010756052,0.092,0.141,1
KHNYN,0.151117062815434,-0.8982737010756057,0.057,0.104,1
IGSF6,0.8427279292855819,-0.8993847485243482,0.103,0.093,1
MICU3,0.07071883484373445,-0.9017626871554854,0.31,0.396,1
MGST3,0.004806339152059695,-0.9043739006120233,0.368,0.512,1
TGFBI,0.800273278593347,-0.9064015819590058,0.218,0.21,1
SERPINH1,0.02527584401672487,-0.9066548418632618,0.092,0.192,1
HNRNPAB,0.1197236769987693,-0.9069803964265046,0.115,0.177,1
CYP51A1,0.07697517247176655,-0.9074143549320746,0.092,0.161,1
CBWD1,0.012108230477630284,-0.907593005794898,0.126,0.246,1
TLN1,0.1030712448351725,-0.9076904423964876,0.184,0.249,1
NDUFB7,0.03328304653196934,-0.9080216776271675,0.057,0.136,1
NAF1,0.11305008169945181,-0.9089321825743277,0.08,0.138,1
CHMP2A,0.2528501196799198,-0.9089321825743277,0.08,0.118,1
SUPT16H,0.05054107146419353,-0.9112059340944487,0.138,0.222,1
ACADSB,0.20650663420110754,-0.9121793031008236,0.069,0.11,1
BANF1,0.2311745358616153,-0.9121793031008236,0.069,0.107,1
AL807742.1,0.10622443633687181,-0.9121793031008238,0.08,0.14,1
LDHB,0.006525526359923019,-0.9124675826583597,0.195,0.334,1
TENT5A,0.0014883735044450824,-0.9126057784572,0.276,0.473,1
COL5A1,0.017918935891297134,-0.9127558046233357,0.161,0.273,1
LAMTOR5,0.1315061082475818,-0.9134761077192759,0.069,0.121,1
COX4I1,0.027864566181229226,-0.9141739046087626,0.172,0.273,1
LINC00648,0.07705189684324557,-0.9144839282568644,0.057,0.12,1
PPP4C,0.1265082734705394,-0.9144839282568644,0.08,0.136,1
KCNH5,0.021244426258752704,-0.9152896780912068,0.046,0.13,1
MSRB3,0.44504161636402295,-0.9161423347595776,0.092,0.116,1
LRP5,0.06863684293013096,-0.916497459694513,0.092,0.164,1
TMED8,0.2048436564666791,-0.9173595422065035,0.069,0.111,1
NDUFB11,0.08793382118605322,-0.9180057661997898,0.057,0.116,1
CNTN5,9.638073502418252e-4,-0.9217412013228039,0.103,0.267,1
PLAC9,0.18939379300326298,-0.9225212473222824,0.069,0.113,1
THOP1,0.11659497853875704,-0.9225212473222828,0.057,0.111,1
AL354733.3,0.13866270994741467,-0.9225212473222828,0.08,0.133,1
TFAP2A,0.017753394085766868,-0.9236479127765669,0.207,0.322,1
OPTN,0.04592160799728299,-0.9246412991966522,0.138,0.228,1
AC022031.2,0.05118729520979848,-0.925365865478627,0.126,0.21,1
LUM,0.01024642209162518,-0.926312826484657,0.115,0.229,1
FAT1,0.07103701059591412,-0.9265231778797789,0.046,0.107,1
IPO7,0.009473711120842051,-0.9285199879437256,0.264,0.387,1
QPRT,0.1598206154382571,-0.9285199879437258,0.126,0.179,1
RPP38,0.15463378750127216,-0.928519987943726,0.057,0.103,1
ERI2,0.16337491779112076,-0.928519987943726,0.057,0.102,1
PARP1,0.1326128483447638,-0.9300157838692068,0.218,0.275,1
AC108690.1,0.018835682328459027,-0.9301516884466605,0.184,0.297,1
NDUFA11,0.03102344264234633,-0.9305140380758132,0.057,0.14,1
HMGB1,0.002535675687668367,-0.931387274111183,0.471,0.595,1
TPTE,0.3015558681942609,-0.9315100305495374,0.069,0.101,1
ARHGAP8,0.2008686444124092,-0.9323244223526412,0.103,0.149,1
LAMB2,0.22904995457003255,-0.9327895827761097,0.069,0.107,1
ITGAV,5.443899112152736e-4,-0.9341269777348835,0.379,0.576,1
FURIN,0.06565796109702782,-0.9344938889883587,0.08,0.153,1
TOMM6,0.07631440542403796,-0.9344938889883587,0.046,0.105,1
RPIA,0.09224961631196689,-0.9353452876798662,0.126,0.194,1
RSL1D1,0.05021955875278325,-0.935577400147729,0.08,0.16,1
YIPF5,0.15442266308803618,-0.9359835071288454,0.08,0.13,1
SLC40A1,1.863981313575793e-4,-0.9369831341921118,0.356,0.586,1
ENPP1,0.00287518629731709,-0.9370018340630244,0.161,0.324,1
OLFML3,0.04592881493555446,-0.9378964732091986,0.057,0.132,1
HACD3,0.008690792841296485,-0.9386609499775354,0.149,0.276,1
SPIRE2,0.115290871765474,-0.9393950658866788,0.149,0.214,1
MYL6,0.0018692438944049726,-0.9404431553195448,0.299,0.462,1
LIFR-AS1,0.9679771738979823,-0.9404431553195454,0.115,0.108,1
SLC30A5,0.024015475195776997,-0.9426678204340591,0.138,0.24,1
PCOLCE2,0.0055993790973109395,-0.9429853498819984,0.092,0.217,1
NMT2,0.10612811840765889,-0.9434086137961064,0.092,0.153,1
GNG5,0.21011641178757168,-0.9434086137961064,0.115,0.16,1
TBX20,0.10190496420499719,-0.9436778989188459,0.138,0.204,1
EML2,0.07875184116540551,-0.9448890603507372,0.069,0.133,1
PANCR,0.0730847084471188,-0.9463679892766503,0.046,0.107,1
DHCR24,0.16450198999660376,-0.9463679892766508,0.057,0.102,1
DIPK1A,0.009759695195815446,-0.9496264774848809,0.138,0.261,1
ACADVL,0.0855936817213801,-0.9500019837443898,0.126,0.196,1
CYP2J2,0.04218458065872479,-0.9503044038358204,0.046,0.118,1
C1QB,0.7412572641625885,-0.95173316853877,0.103,0.087,1
FREM1,0.1008495794864533,-0.955629559134221,0.126,0.196,1
RBBP6,9.672449005014356e-4,-0.9581451570530042,0.402,0.578,1
BABAM1,0.06218142980139105,-0.9581451570530044,0.046,0.109,1
SEC62,0.01766095374186617,-0.9599485260889289,0.322,0.425,1
RPL27,0.036660485681153716,-0.960849365981382,0.184,0.283,1
ABHD5,0.17705626058455876,-0.961074488091676,0.103,0.154,1
MRPL19,0.11405565968059808,-0.9616596412292409,0.103,0.163,1
ATF3,0.1586554473982366,-0.9616596412292409,0.092,0.143,1
ILF2,0.059366398952485425,-0.9631632318196286,0.046,0.11,1
PSME2,0.11560459749492473,-0.9631632318196286,0.057,0.111,1
AURKAIP1,0.13469945233940736,-0.9631632318196286,0.057,0.107,1
SLC13A4,0.038519499804476894,-0.9639978832984417,0.103,0.194,1
DNTTIP2,0.15713785235681396,-0.9639978832984419,0.057,0.103,1
HMGN2,0.029156571056265745,-0.9669153666807362,0.264,0.358,1
SEMA5A,0.10661430079636548,-0.9679642180834499,0.126,0.195,1
TCEAL4,0.16434969551785603,-0.9681639128779951,0.069,0.115,1
CD24,0.3515052678573131,-0.9689317122792409,0.126,0.156,1
PTMS,0.11336836167543657,-0.9704085767188324,0.149,0.214,1
SMOC2,0.001693376148237563,-0.971280559242138,0.103,0.26,1
KCNMA1,0.24116039365380584,-0.9735452503467498,0.092,0.132,1
STEAP4,0.4393222338708251,-0.974051547962365,0.092,0.115,1
SH3TC2-DT,0.06838118143277166,-0.974717458447711,0.08,0.15,1
BEX4,0.15524984452360255,-0.9756325837818451,0.057,0.103,1
BMP7,0.011826924658586565,-0.9783744820558,0.115,0.227,1
COL5A2,8.983628094414264e-4,-0.9784195726166918,0.172,0.347,1
PRTG,0.008791900315687436,-0.9788478626720528,0.126,0.25,1
PARP8,0.0019412133577254584,-0.9806934084583918,0.494,0.631,1
SAR1B,0.10278087391182408,-0.9825686309922212,0.103,0.166,1
ERCC6,0.03185566493450958,-0.9830627892573336,0.115,0.207,1
RAP2C-AS1,2.976414216691211e-4,-0.9835118772114311,0.253,0.462,1
COL28A1,0.09218572527164427,-0.9835118772114311,0.069,0.131,1
OST4,0.17744266989149507,-0.9852570026702452,0.08,0.127,1
AIG1,0.0011409167725621738,-0.9853505839008356,0.264,0.445,1
SH3GLB2,0.11700935773439256,-0.9860241896284405,0.103,0.162,1
XBP1,0.13333632985937088,-0.9863528591915183,0.172,0.231,1
EEF2,0.0018131550392730435,-0.9874766891630525,0.195,0.362,1
ANXA5,1.714801477472524e-4,-0.9881881649712776,0.356,0.559,1
CDYL2,0.00311877938663704,-0.9883233057180286,0.184,0.346,1
RHOBTB3,0.0032154471864901204,-0.9885000091343668,0.552,0.666,1
SBDS,0.21191407936046172,-0.9886104377800553,0.08,0.121,1
TUBB,0.03471677082121671,-0.9889795236237657,0.218,0.315,1
GPR157,0.18572670379445871,-0.9894714912469094,0.103,0.15,1
MAP3K13,0.004702052786530938,-0.9904549234873684,0.391,0.535,1
RPL29,0.003987548779887314,-0.9918020887658405,0.149,0.303,1
GOLGA8B,0.09393837310074278,-0.9929105752136804,0.08,0.142,1
ITGA6,0.09127428931096704,-0.9929105752136808,0.161,0.228,1
SLC19A3,0.01298152170598078,-0.995362054207777,0.184,0.302,1
SPARC,0.0033200597856337297,-0.9968469897728509,0.195,0.344,1
DANT2,0.15685628064921295,-0.9974833050035048,0.08,0.131,1
ZNF770,0.060607778734191736,-0.9978093746265198,0.057,0.125,1
PRDX3,0.07626116962346913,-0.9978093746265198,0.057,0.12,1
C1orf122,0.08360990798424418,-0.9986242264080745,0.046,0.103,1
FBXO36,0.13711788781844766,-0.9986242264080745,0.057,0.106,1
OAZ1,0.03931636165430023,-1.0000491105149023,0.184,0.275,1
PDGFRB,0.27042081587968225,-1.0005237593235559,0.069,0.105,1
DMD,0.07591774817178976,-1.0017479384728576,0.207,0.28,1
JUND,0.04269369487854672,-1.0019218165086494,0.161,0.25,1
ADAMTS1,0.07354511906816108,-1.0031789106675078,0.172,0.25,1
PTPRD,0.00916276056810582,-1.0039095741629378,0.103,0.221,1
TMEM150C,4.908732255185312e-4,-1.0057346155712648,0.046,0.202,1
AHNAK,0.005442901173181934,-1.0080969790283567,0.207,0.35,1
AMOTL2,0.07919405800509598,-1.0099840885726223,0.046,0.104,1
ZNF777,0.13014163275446058,-1.0099840885726223,0.057,0.107,1
LRFN5,0.1518448539761089,-1.0118687329175649,0.08,0.132,1
MTBP,0.16158167872436183,-1.0184456673208184,0.08,0.129,1
RPL6,1.5390083392300696e-4,-1.0223014247363176,0.322,0.517,1
RNH1,0.13578023208729456,-1.0226579186077327,0.08,0.132,1
NAA11,0.009001692704566966,-1.024059273784345,0.103,0.224,1
SERF2,1.430000431042969e-4,-1.0241051968172745,0.345,0.546,1
STS,6.821147326898585e-5,-1.0244594110885017,0.253,0.488,1
CD59,0.05522708699315399,-1.0251793786860215,0.299,0.375,1
P2RY14,0.10080689147239878,-1.0268579071370183,0.08,0.141,1
IKBIP,0.08096013396342275,-1.0268579071370185,0.069,0.132,1
RPAIN,0.08496620778033269,-1.0268579071370185,0.057,0.117,1
CCNI,0.0041665459617477585,-1.0277405593767797,0.333,0.458,1
SRP14,0.025258529166325858,-1.0287206511542077,0.115,0.213,1
VCAN-AS1,0.1996946857009634,-1.030209116636656,0.069,0.112,1
B3GALNT2,0.15622040189887815,-1.0305809931797356,0.172,0.223,1
RPS27,2.0377937492603186e-4,-1.0310457041004517,0.356,0.557,1
FERMT1,0.06491084955476792,-1.0324389394003184,0.046,0.108,1
CLIC1,0.06839854744605212,-1.0387909366329982,0.103,0.176,1
TFCP2L1,0.22917585571781643,-1.0393850050131817,0.08,0.119,1
BZW1,0.0698229361519951,-1.0398468891345873,0.172,0.246,1
MIF,0.008268012078848391,-1.0402162899920373,0.115,0.234,1
GRN,0.021133981089852334,-1.0416929482999602,0.103,0.205,1
AC044810.2,0.024146974204838086,-1.0427826921437353,0.161,0.269,1
UQCR10,0.015713788851443734,-1.0435366482836486,0.034,0.122,1
ST13,0.027688389669329926,-1.0435366482836486,0.218,0.316,1
TUBA1B,0.16467176064239017,-1.0435366482836486,0.264,0.315,1
CLIC3,0.022922977111497617,-1.0446417383728324,0.069,0.164,1
PNP,0.0506030715187098,-1.045377995107816,0.069,0.143,1
PDE3A,0.152449000999449,-1.0454487692274261,0.103,0.157,1
CHCHD2,0.01656486381901852,-1.0462977879607058,0.08,0.178,1
TMEM266,0.03043209240284024,-1.0476763786445726,0.046,0.125,1
FHDC1,0.027366353314031693,-1.0478294741019125,0.161,0.263,1
PHF10,0.019341318196223103,-1.0480521294061418,0.092,0.192,1
AFF1,0.7089108897622582,-1.0489989974305955,0.724,0.637,1
TMEM64,0.055420454079658024,-1.0506260730699681,0.057,0.126,1
AP2M1,0.08759838047401723,-1.0508879765000942,0.161,0.228,1
ST3GAL4,0.023753492458250338,-1.0518042642672494,0.126,0.226,1
AASS,0.03663388140085752,-1.0524382766004103,0.115,0.203,1
FDX1,0.003610636505010388,-1.0546395649653868,0.23,0.391,1
AHR,3.744266962801876e-4,-1.0547989618467266,0.149,0.333,1
RPL36,0.004953854627571076,-1.0554951125917036,0.172,0.313,1
DDR2,0.043079048431831773,-1.0600247710722175,0.057,0.133,1
UBC,0.061552207892640445,-1.0600247710722177,0.253,0.321,1
WNK2,0.05201579278264412,-1.0631441129163965,0.149,0.23,1
ACTR3C,0.11076152824770646,-1.0636633481355657,0.092,0.15,1
TFDP2,3.1953527261717907e-4,-1.0643488442241487,0.31,0.493,1
CALR,0.002325113089842941,-1.0681987025179178,0.264,0.42,1
RPS10,0.007279814358888737,-1.0703420620577309,0.103,0.229,1
RPL39,0.0024371758875982464,-1.0773393563743867,0.184,0.336,1
BAMBI,0.07660697422589237,-1.0781265774475282,0.057,0.119,1
SF3B2,0.014407909937376395,-1.0790257330022737,0.092,0.197,1
ATAD2,0.0654926645938598,-1.0795649574678625,0.092,0.164,1
ZNF703,0.1559457278617775,-1.08037341646402,0.069,0.117,1
MMP11,0.3064058821686476,-1.08037341646402,0.069,0.1,1
VGLL3,0.0024995559985764517,-1.0807237637400537,0.402,0.58,1
CDO1,0.1132331488308619,-1.0825477876983571,0.103,0.163,1
RGPD1,0.001703596995108692,-1.0844089296991768,0.218,0.378,1
TPI1,0.011887998982738745,-1.084408929699177,0.103,0.213,1
CASTOR2,0.09242300605363571,-1.084408929699177,0.08,0.142,1
CASC9,0.037453008186977804,-1.085028777202112,0.057,0.137,1
PIM3,0.13373427092500215,-1.0870930142703883,0.057,0.106,1
TMEM106B,0.004587895623476883,-1.090376384649298,0.195,0.33,1
SLC13A3,0.010651766258765993,-1.094581993108586,0.103,0.218,1
EDF1,0.07523880049379941,-1.094581993108586,0.138,0.21,1
EPB41,0.31627131754175875,-1.096004068177784,0.138,0.175,1
SQSTM1,3.336825500965678e-4,-1.096533206287838,0.276,0.458,1
RPS9,3.179914072807689e-4,-1.0968399285956552,0.299,0.487,1
YBX1,0.020101007370182156,-1.097018978554419,0.23,0.331,1
RPL12,0.006888317937630921,-1.0971532514421227,0.23,0.359,1
C16orf74,0.009448776074508444,-1.0977796930676358,0.161,0.284,1
EBI3,0.05428937687029221,-1.0984449893860382,0.126,0.208,1
MGP,0.025724725874858047,-1.1004390395181258,0.034,0.112,1
AC068888.1,0.05482819634239342,-1.1030934929641036,0.046,0.112,1
HSPD1,0.006870187730209099,-1.103459241487013,0.23,0.355,1
BCCIP,0.06395270404530949,-1.1061211856616717,0.069,0.136,1
AL110292.1,0.0010166373755856374,-1.1095197621235364,0.172,0.351,1
SLIT3,0.06753494852886961,-1.1109425923819845,0.092,0.165,1
CCND3,0.0673390625708554,-1.1123458062023,0.069,0.136,1
SLC1A2,0.15398521528919476,-1.1123458062023,0.08,0.133,1
COX6B1,0.07403616645808925,-1.1144725550945942,0.103,0.173,1
ESAM,0.15723934133384102,-1.1151663252646786,0.057,0.102,1
DCN,5.0746049602724284e-5,-1.1174518750618532,0.184,0.426,1
RIOK1,0.09403675150646526,-1.117868845644502,0.046,0.1,1
ZNF117,0.3899828799535965,-1.1195478624658304,0.356,0.367,1
SLC25A3,0.004060496564613141,-1.1271389669307545,0.149,0.286,1
FBLN2,0.040924836589615196,-1.1280701584953166,0.046,0.118,1
STK26,0.0195691338758195,-1.1283307844631265,0.103,0.203,1
LRRC1,4.6879256437922495e-5,-1.1283708765872627,0.23,0.473,1
PLEKHH1,0.29803909264905865,-1.1293728177629523,0.149,0.182,1
CASTOR3,0.10711608014385333,-1.1293728177629525,0.057,0.111,1
LINC02484,0.008901490650163274,-1.1317843967150962,0.138,0.272,1
DYNLL2,0.07903097086080085,-1.1319746129512325,0.069,0.132,1
PSMB4,0.03987045005063475,-1.1326833798733182,0.092,0.174,1
PGAM1,0.04100160049676116,-1.1330882332619412,0.057,0.132,1
AC079380.1,0.06357680013461235,-1.1330882332619412,0.08,0.151,1
TRIM5,0.10371158302637767,-1.1342009946290157,0.172,0.239,1
MARC1,0.07286345394701749,-1.1358685290557236,0.069,0.133,1
SYT7,0.011428857710413427,-1.13664605267513,0.069,0.174,1
ESR2,0.02691320578449522,-1.1383410147352444,0.092,0.184,1
MRC2,0.275688521310969,-1.138558173618907,0.115,0.149,1
HSP90AB1,5.349134803040054e-5,-1.1405681983827665,0.276,0.496,1
ST7-AS2,0.03837995990241677,-1.1414745846919594,0.069,0.149,1
DAD1,0.056445245343687715,-1.1414745846919594,0.092,0.165,1
FBLN5,0.03147620349613525,-1.1419663846083936,0.034,0.108,1
DDB1,4.896093122203077e-5,-1.1436249726901582,0.31,0.517,1
SLC2A1-AS1,0.01681627445550683,-1.1436249726901582,0.046,0.136,1
ANGPT1,0.07555349588527413,-1.1436249726901582,0.069,0.133,1
C4orf19,0.024965650298162587,-1.1439079557975853,0.115,0.214,1
PERP,0.10756082676304486,-1.144177411923747,0.126,0.188,1
AC079760.1,0.1429295585206408,-1.1461255083275386,0.092,0.147,1
LRPAP1,0.011533057326713954,-1.1463850558753987,0.115,0.227,1
GJA1,0.007460308555548695,-1.1470337205331,0.126,0.253,1
NIBAN2,3.1784476250546834e-4,-1.1472387216049744,0.172,0.357,1
OTUD7B,0.001949932501096226,-1.1485893268021288,0.092,0.241,1
PGP,0.0816446507547549,-1.1490297771309628,0.046,0.102,1
OBSL1,0.048180140622033484,-1.1513399378181637,0.08,0.156,1
CFAP97,0.09208494213771316,-1.1513399378181637,0.08,0.141,1
MAP7D2,0.006310373134138026,-1.1517673396997932,0.034,0.138,1
SSB,0.03613204838570823,-1.1551820041125576,0.092,0.178,1
PPA1,0.065483897710603,-1.1551820041125576,0.103,0.175,1
LINC01687,0.013932238313500827,-1.1551820041125578,0.126,0.241,1
SRPRA,0.042038148392780555,-1.1551820041125578,0.034,0.101,1
ZCRB1,0.10012830167376131,-1.1551820041125578,0.057,0.112,1
CTSD,0.186788791824873,-1.157372885385368,0.115,0.162,1
GNAI2,0.10415026557612374,-1.1597790182226544,0.195,0.255,1
TBX5,0.17692240205733198,-1.1613081069093991,0.057,0.102,1
AC078980.1,0.03606775397078191,-1.161629813910596,0.092,0.179,1
UBA52,0.0016298702751351842,-1.162835576655993,0.161,0.316,1
HSD3B1,0.010797659126110382,-1.164126789097237,0.149,0.265,1
MT-ND6,0.01283318268978243,-1.1653777712184463,0.057,0.157,1
LGR5,3.008633791616055e-4,-1.1663010960761317,0.057,0.23,1
ADHFE1,0.08723827554033659,-1.1734828208555013,0.092,0.156,1
AP000561.1,0.0012941394658557352,-1.174033783260857,0.195,0.361,1
F3,0.07945321708968014,-1.1740600143182474,0.103,0.173,1
SNRPG,0.04447397983217779,-1.1765105135530696,0.092,0.172,1
CANT1,0.05749904654724747,-1.1795318655283067,0.046,0.109,1
TMEM14C,0.11009097682723022,-1.180537578389452,0.057,0.11,1
RPL37,5.202821880039688e-5,-1.1817339422036683,0.333,0.55,1
GCLM,0.03196553850421165,-1.1828206854348378,0.092,0.18,1
RPS7,8.536370550041265e-5,-1.1833547449628055,0.207,0.432,1
CNN3,0.004077993902097242,-1.1838849001715628,0.126,0.259,1
CAVIN1,0.017899916375593232,-1.1855556531560763,0.057,0.15,1
NFE2L3,0.025412398652378706,-1.1855556531560767,0.08,0.17,1
RAD1,0.028572517051831507,-1.1855556531560767,0.046,0.125,1
PDLIM1,0.026396567190578157,-1.1880581603592468,0.103,0.196,1
DZIP1,0.051455561201633394,-1.188891365719333,0.08,0.155,1
UQCR11,0.05300867650623244,-1.1893077880171843,0.069,0.141,1
OCLN,0.06961035296136847,-1.1905563342144432,0.057,0.12,1
GRAMD2A,0.003697776701513632,-1.1911802023499547,0.08,0.212,1
NME2,0.0195182396805337,-1.1915543937775193,0.069,0.161,1
FAM171B,0.09627153552873965,-1.192219383437087,0.08,0.141,1
RPL36A,8.40686253797481e-5,-1.1926941884572981,0.23,0.432,1
FAU,4.8309228027827717e-4,-1.196443969298813,0.161,0.345,1
ANGPT2,0.020778951154823762,-1.1964870136214896,0.149,0.253,1
RGPD2,0.013599927437545194,-1.1967829085793307,0.069,0.169,1
ABTB2,0.008351032166757049,-1.1975282948221526,0.149,0.275,1
PFDN5,0.11737642851270305,-1.1986456525965203,0.161,0.217,1
RPL35,6.787754504451507e-4,-1.202070739939093,0.241,0.416,1
THEM4,0.07113535112434242,-1.2034775611533393,0.046,0.105,1
RACK1,5.8446236080001274e-5,-1.2044465445099832,0.253,0.477,1
COL6A3,3.9992674904766763e-4,-1.2066362075304127,0.149,0.343,1
HIC2,0.06703492471454006,-1.2068661594014887,0.069,0.135,1
EHD1,0.044718441667372606,-1.210387506136012,0.046,0.115,1
LRRN3,0.08260316372738287,-1.210387506136012,0.046,0.102,1
DUSP9,0.007598489101479658,-1.2107662159533565,0.069,0.182,1
CCNDBP1,0.05532407542907038,-1.2110907452632143,0.069,0.139,1
ADM,0.07038158488950234,-1.2113719449602136,0.103,0.174,1
RPS20,7.158559988921732e-4,-1.211793641764762,0.253,0.43,1
AC020891.2,0.11742787061726104,-1.2120278645172675,0.057,0.109,1
C16orf87,0.04316534071521379,-1.2153029965501285,0.046,0.116,1
RPS21,0.0304772958609061,-1.2164802263509769,0.184,0.28,1
DVL3,0.0038766920600079857,-1.2175660480586976,0.103,0.238,1
IRS1,0.0193150430121705,-1.2197126638881381,0.126,0.227,1
ERV3-1,0.09287202698843304,-1.2218310395476262,0.138,0.203,1
TAF4B,0.0152061170459755,-1.2239367448839327,0.103,0.206,1
CREB5,0.17414753150593515,-1.2241088939254694,0.08,0.126,1
MZT2B,0.08045577640238442,-1.2250840173427138,0.08,0.144,1
RPS3A,2.036489527924348e-4,-1.2254588893835106,0.31,0.497,1
OSMR-AS1,0.007231549793116256,-1.2255077785561852,0.115,0.236,1
AC124947.1,0.035366464643616063,-1.2299497725145296,0.034,0.106,1
HSPA5,0.002838121615980306,-1.2299497725145299,0.207,0.353,1
H2AFJ,0.08866658825098998,-1.22994977251453,0.08,0.141,1
MDM2,7.414447078359707e-4,-1.2310703124084452,0.287,0.457,1
GJB7,0.03893244058481225,-1.2347991721759257,0.046,0.118,1
SLC2A11,0.10093453046787308,-1.2361817262260446,0.126,0.186,1
AC009879.4,0.016271794959392884,-1.2372177729785692,0.092,0.193,1
XAGE3,0.054312865427519945,-1.2377753362863357,0.103,0.18,1
CEBPA,0.0918738138512247,-1.238666989615639,0.046,0.1,1
GSTA3,0.03665456027254514,-1.2396323259118693,0.046,0.119,1
DYNLL1,0.04383785920686581,-1.2444493422096448,0.092,0.171,1
COX6A1,0.031350862920346466,-1.244449342209645,0.115,0.205,1
PSMA2,0.03478277448776816,-1.244449342209645,0.069,0.149,1
ATP6V1G1,0.04361059529512181,-1.2444493422096452,0.115,0.196,1
CC2D2B,0.020315719644383976,-1.2444493422096454,0.034,0.115,1
PSMC5,0.07999147402632825,-1.2502086114983304,0.046,0.102,1
KRT18,8.553373327456816e-5,-1.2542525172400039,0.184,0.398,1
CECR2,5.502865107332941e-4,-1.2546516640259542,0.138,0.312,1
ST8SIA6-AS1,0.001384880469259574,-1.2570180157127007,0.092,0.247,1
MDK,0.02577313526637901,-1.2588046351867153,0.069,0.155,1
CCDC122,0.02554973235821966,-1.2603908860786666,0.08,0.169,1
NDUFA6,0.02743576910697944,-1.2608437804603136,0.046,0.126,1
NACA,0.010330228799423379,-1.2610005184734927,0.218,0.33,1
CUTA,0.04242160078160715,-1.2616586322418684,0.034,0.101,1
STARD10,0.06464526008122583,-1.2616586322418684,0.046,0.107,1
SIAH2,0.011218240934094383,-1.2635581651573495,0.138,0.249,1
LAMA3,0.20573718615704656,-1.26355816515735,0.069,0.11,1
TMEM41B,0.002462095828047644,-1.265455200329947,0.138,0.282,1
PLEC,0.008676993757048083,-1.265455200329947,0.115,0.229,1
PIP5K1B,0.0010893043572985073,-1.266144413308964,0.149,0.309,1
EEF1G,2.07450899246841e-4,-1.267349744319724,0.241,0.434,1
IFI6,0.0019551705355208694,-1.2673497443197241,0.138,0.29,1
LINC01088,0.1418358196408133,-1.2678660066408132,0.092,0.145,1
OTOGL,0.09356679616021647,-1.2698719390895516,0.046,0.1,1
RPS5,0.0055747769727738285,-1.2717880508001553,0.149,0.282,1
PSMA4,0.01876353886340899,-1.2730184944064158,0.08,0.177,1
LINC01446,0.002384246647369936,-1.2730184944064162,0.149,0.288,1
TRAPPC5,0.0870401394144222,-1.2730184944064162,0.057,0.114,1
PSMB1,0.0012978075139887736,-1.274506576065825,0.149,0.309,1
SEL1L3,0.003121750339029381,-1.2770540076415728,0.046,0.17,1
PSME1,0.04163786932578428,-1.2777254970839436,0.046,0.117,1
ASS1,0.01617332217888895,-1.2786650575475575,0.023,0.104,1
AL162718.1,0.16003101225676974,-1.279433333969844,0.103,0.155,1
LCMT1-AS2,0.002115708060951963,-1.281480073154612,0.092,0.235,1
ANAPC11,0.08593700832991515,-1.2824171924086656,0.057,0.115,1
PHLDA2,0.0034535410588741795,-1.2840891071176141,0.126,0.266,1
RPS15A,3.993040890136443e-4,-1.286159594094482,0.184,0.368,1
EIF3G,0.042014954992080814,-1.2870936796181391,0.046,0.117,1
SPRY4-AS1,0.06749662235366698,-1.2893035779939053,0.126,0.197,1
WDR83OS,0.0766370080447115,-1.2898923129708124,0.046,0.103,1
BTG1,0.003356414926383018,-1.2917550569880016,0.103,0.237,1
AC083843.3,0.023945441922329034,-1.2940801099342458,0.069,0.157,1
GINM1,0.053070478726173743,-1.2954733452341118,0.103,0.178,1
ESRP1,0.002768205242436387,-1.2958214439306708,0.103,0.242,1
NRXN3,1.1520453472488143e-4,-1.298639150032026,0.092,0.288,1
RPL18A,7.280830907546199e-5,-1.3010328705760124,0.23,0.45,1
ST8SIA6,0.03756692803008998,-1.3010328705760128,0.034,0.103,1
AC013652.1,0.019157496356600353,-1.3022386333214093,0.08,0.179,1
COL4A5,0.1969015793196312,-1.3036727524487166,0.103,0.152,1
SLC35C2,0.04350966356303758,-1.306571054117443,0.046,0.115,1
IMPDH2,0.07113116428430563,-1.306571054117443,0.046,0.105,1
MET,0.004393322370788547,-1.3082523770890933,0.103,0.233,1
GNGT1,0.0010314246516441275,-1.308719063721145,0.149,0.319,1
PAPPA,1.6493357176172014e-4,-1.3089777838802372,0.264,0.461,1
LAMTOR1,0.03439880773550995,-1.3102514006053911,0.046,0.12,1
YES1,1.143310567793473e-4,-1.310710784478366,0.115,0.312,1
RASSF6,0.010895573552144606,-1.3113995861342722,0.092,0.203,1
HIGD2A,0.08307349411968973,-1.3120880590850086,0.046,0.101,1
CFL1,0.013815522103164883,-1.3143296931894701,0.195,0.301,1
PRSS12,0.030486367252412206,-1.3171268466963133,0.057,0.139,1
GSTP1,9.65052513747541e-5,-1.3219280948873626,0.138,0.337,1
COL1A2,0.005382285031043959,-1.3243197231119284,0.368,0.497,1
TUBB4B,0.017507864945156156,-1.3285136069981196,0.126,0.23,1
ABI3BP,0.04005530089117146,-1.3285136069981196,0.08,0.161,1
SOD1,0.020104149671068765,-1.3309860926776405,0.092,0.188,1
SLC25A5,0.06358089343744233,-1.3334543482683898,0.115,0.186,1
SLC22A5,0.01843085148711923,-1.3375587466011267,0.046,0.133,1
MAGED2,0.02817902857979827,-1.3386854120554106,0.057,0.139,1
TRAPPC1,0.03498540421906037,-1.3393609892351122,0.034,0.105,1
EPS8L1,0.13160095710472416,-1.3405612347626497,0.08,0.132,1
TMC5,0.0013115827571570499,-1.3435574872225693,0.034,0.164,1
COL6A2,2.4223654801172847e-4,-1.34433078886288,0.195,0.393,1
CD14,0.004668911028068701,-1.3467559063783048,0.287,0.147,1
PARK7,0.009338631095083412,-1.350614899426573,0.092,0.204,1
ADGRA3,6.187245493622729e-4,-1.351021006407689,0.172,0.339,1
BMP1,0.017920432452276536,-1.3554806545983888,0.126,0.229,1
USP43,9.094222146147577e-4,-1.3621443848793997,0.149,0.311,1
ATP5MG,0.012258574725309177,-1.363093838708264,0.126,0.235,1
ATP5F1B,0.006109469360673387,-1.3636778075650084,0.103,0.224,1
EVA1B,0.08894511596472557,-1.367573726586409,0.103,0.166,1
S100A10,0.009878969031051324,-1.3696595897681505,0.103,0.217,1
COX7C,0.031133849457756844,-1.3696595897681505,0.138,0.224,1
CEMIP,0.45426770297835845,-1.3714221984674102,0.092,0.115,1
MT2A,0.017698490288625662,-1.3720826219355189,0.034,0.117,1
KCTD1,0.001104770264007499,-1.3725541679573305,0.069,0.217,1
GDA,0.12417705832458185,-1.3766971405080846,0.069,0.12,1
NRCAM,0.006553769318706108,-1.3786702819702785,0.08,0.196,1
HSPA8,0.01301825271665819,-1.3888392515448196,0.161,0.271,1
PEBP1,0.009829067190352323,-1.3911812239131178,0.138,0.252,1
BTF3,0.003816878008433188,-1.3950090187850264,0.103,0.238,1
EFHD1,0.008528443889863005,-1.4027863693767453,0.103,0.217,1
GABRE,0.0010417018613624537,-1.4031095175561434,0.103,0.258,1
HS3ST3B1,0.010607491038094703,-1.4057996079139479,0.08,0.186,1
TBX3,0.0033828066666465174,-1.4079480744925243,0.126,0.265,1
HEXIM1,0.026861108626509828,-1.4079480744925246,0.103,0.192,1
RIPOR2,0.028074222955886165,-1.4122354328956228,0.057,0.14,1
GABARAPL2,0.025998497493371898,-1.4130913777684846,0.034,0.11,1
NOSTRIN,0.016043954952338173,-1.4152900498336924,0.034,0.12,1
MAP1LC3B,0.016843393622498044,-1.4165100879959485,0.08,0.178,1
NDUFA13,0.004034967169478576,-1.417012156920761,0.138,0.269,1
TMED9,0.012403623060045397,-1.4172859390718606,0.092,0.198,1
SLC22A11,0.008705646951761563,-1.4189470734417815,0.08,0.193,1
SMC2,0.05125837135665408,-1.4207721148501085,0.057,0.125,1
FTH1,0.0011131390551307502,-1.4255518929634428,0.391,0.534,1
AC006115.2,0.0013285908431010058,-1.4324281793198241,0.172,0.323,1
BRIX1,0.042503512116322355,-1.433483166599662,0.034,0.1,1
NBPF3,0.026481586401681124,-1.4334831665996624,0.057,0.139,1
ACTG1,5.0596972026010885e-5,-1.4375597306030634,0.368,0.569,1
EGFL6,0.0017716328885253425,-1.4393468718834197,0.149,0.304,1
ZBTB7C,4.5159449400448444e-4,-1.4406966568322366,0.092,0.262,1
HSD11B2,0.01951503465818753,-1.4406966568322366,0.023,0.1,1
FIRRE,0.01331611994173106,-1.4435719842232455,0.069,0.169,1
ELOB,0.024308749463118704,-1.4474764386791619,0.08,0.168,1
AL590652.1,0.02710668829805467,-1.4492160928642586,0.08,0.166,1
LINC01205,0.010737955375818327,-1.4573891823698886,0.103,0.213,1
RAB11FIP4,0.04119960899775307,-1.458574147562492,0.034,0.1,1
SPCS1,0.022004179953901973,-1.4585741475624925,0.046,0.129,1
FADS1,0.09122809363764618,-1.4621232146435634,0.069,0.126,1
ATP6V1C2,0.016847355783373767,-1.4635404004558417,0.092,0.188,1
EPS8L2,0.04681152784107016,-1.4635404004558419,0.046,0.113,1
CCND2,0.0037799168310278033,-1.4706245706327858,0.115,0.251,1
STRA6,0.0273338472743008,-1.470957872018325,0.08,0.165,1
NALCN,0.04340081989010193,-1.470957872018325,0.046,0.114,1
TBX2,0.036226954793112456,-1.4771100989999202,0.057,0.133,1
CRYBG2,0.0498408104297081,-1.4797387575605345,0.057,0.126,1
FAM107B,0.01164741136088812,-1.480848621539972,0.287,0.402,1
BTG3,0.004149727049023729,-1.4814885395104944,0.103,0.234,1
MAP1B,0.02322151035156565,-1.481707113110017,0.08,0.172,1
UQCRC1,0.012191753793082363,-1.4867251878766417,0.057,0.155,1
COX7B,0.008429157535581539,-1.4913640826801622,0.034,0.131,1
RPL32,5.398626342383959e-5,-1.492039343652419,0.23,0.438,1
PSMB3,0.04218245690762645,-1.4954109157428639,0.057,0.129,1
IGSF5,0.19716641090063097,-1.497430083379516,0.08,0.123,1
ADD3,4.139946918477669e-4,-1.4980064697399151,0.253,0.414,1
SET,1.9371140755294636e-4,-1.4991364053299188,0.172,0.355,1
MIR205HG,0.01222957522073549,-1.500597362458199,0.046,0.139,1
KMO,0.02760786048072534,-1.5024656732768142,0.08,0.166,1
SNRPB2,0.050295459182771125,-1.5034706855368158,0.057,0.126,1
MCFD2,0.01871258717383206,-1.5044749981711005,0.08,0.173,1
TRMT112,0.029717779063738695,-1.5074837480434389,0.046,0.123,1
UBL5,0.06247805381866188,-1.5074837480434389,0.057,0.121,1
COBL,1.0230230949726732e-4,-1.5097361997748178,0.126,0.317,1
ABHD17C,0.04597673387110963,-1.5109146534437121,0.057,0.127,1
AC105383.1,0.1314835820905093,-1.5109146534437121,0.057,0.105,1
RPL36AL,0.014197640575342292,-1.5140265939102109,0.092,0.194,1
SERPINB2,0.04613109830447924,-1.5177520834972658,0.046,0.113,1
PLEKHA6,9.797731567640978e-5,-1.5320259323062304,0.115,0.318,1
MAOA,0.008392474204994648,-1.5330813337089189,0.115,0.231,1
MARCKS,0.019374268975934486,-1.534705216778463,0.299,0.38,1
DSC3,0.026146673054265504,-1.539192607770777,0.069,0.153,1
ATP5MC3,0.03513044039372449,-1.5401723667496137,0.08,0.16,1
PRDM5,0.048484276801814885,-1.5401723667496137,0.08,0.153,1
CRNDE,0.032541501225155464,-1.5454515982424595,0.034,0.105,1
MAFF,0.032540235274930385,-1.548960384019598,0.069,0.149,1
AC105411.1,0.005095052404916743,-1.55220166833264,0.023,0.123,1
ABCB1,0.011406073218686568,-1.5532373432090547,0.069,0.173,1
MDH2,0.024614837455013805,-1.5547894628217955,0.046,0.125,1
SLC25A6,0.001346391795470703,-1.5572367832405383,0.161,0.31,1
PAPPA2,1.92745104930283e-4,-1.5579686848345924,0.287,0.462,1
SLC19A2,0.0013699482385496082,-1.562525111601401,0.103,0.254,1
HOPX,0.0032109589175155604,-1.569366594681435,0.069,0.199,1
RETREG1,0.05016413417678086,-1.5721367063856926,0.069,0.139,1
RPL35A,2.9170313979584605e-4,-1.5748830333290251,0.149,0.329,1
NDUFS6,0.01881655246960959,-1.5750077422404474,0.08,0.173,1
NDUFA4,0.024142576099062396,-1.581684689884856,0.057,0.14,1
SH3BGRL2,0.003526670001386737,-1.5847267469758992,0.08,0.206,1
PDPN,0.02506312178927603,-1.586435089438261,0.046,0.126,1
AKR1B1,7.250759832387743e-4,-1.5885203201343452,0.115,0.278,1
SDK1,0.021949469672059293,-1.5949465892937784,0.161,0.257,1
ITGB4,0.0061528384344472185,-1.5980862968243454,0.057,0.167,1
SAP18,0.012721028013394432,-1.6005931524349202,0.069,0.167,1
ATG9B,0.3397188247300259,-1.6095819356621748,0.092,0.121,1
PCDH10,0.02291833872773612,-1.613417192792504,0.126,0.218,1
PRELID1,0.03641823324136568,-1.622960965463375,0.046,0.117,1
PHYHIPL,0.013028564466914007,-1.6252954239677044,0.08,0.182,1
HSPB1,0.01778038665188603,-1.6282780293720802,0.184,0.283,1
COX6C,0.0015133210466174883,-1.6298803794031655,0.138,0.284,1
MCPH1-AS1,0.11417709368841787,-1.630340495828972,0.092,0.148,1
TCEAL9,0.002184150659021195,-1.6350169830384456,0.08,0.217,1
HSPB8,0.009569025460207636,-1.6350169830384456,0.08,0.189,1
GALNT18,0.0028259017713205092,-1.6371592816663507,0.034,0.154,1
LINC02253,0.031166761438400182,-1.6376824711701403,0.057,0.135,1
CPS1,0.30278335555325636,-1.6390133707487409,0.08,0.114,1
IFITM3,0.006102219685353671,-1.6406088312827993,0.161,0.279,1
LRP2,1.2072445015196048e-4,-1.643620436029468,0.057,0.239,1
ZNF827,0.021286388297102114,-1.644987271793374,0.046,0.129,1
GHR,0.0031760163604375932,-1.648508618527897,0.161,0.294,1
KDELR1,8.812819237086615e-4,-1.6516974933829263,0.103,0.26,1
MRFAP1,0.013981107663991422,-1.6522552722574133,0.057,0.15,1
SNHG29,0.0017204121011088458,-1.6537044888944825,0.08,0.221,1
SMAGP,0.008925821068960857,-1.6558755879361098,0.069,0.175,1
MARCH3,0.021280382217014587,-1.6605169700869782,0.103,0.197,1
EIF5A,0.013806170822303997,-1.6636029499607208,0.057,0.151,1
ATP6V0C,0.015871669017229785,-1.6666823428926927,0.115,0.212,1
HES1,0.012985278120677311,-1.6666823428926931,0.023,0.106,1
TSIX,0.020690050829536507,-1.6666823428926931,0.034,0.114,1
TTPA,0.015086451933609649,-1.6738421344655592,0.046,0.135,1
GAREM1,0.0017199683458848569,-1.6782305638291861,0.115,0.259,1
FAM3B,0.00813264389177733,-1.6915876846555133,0.046,0.147,1
PLAC4,7.966322356747383e-5,-1.711453327544469,0.207,0.418,1
FZD6,0.006889657883693184,-1.7195342251584278,0.057,0.163,1
FGF12,0.06366247536124955,-1.720686997925226,0.057,0.121,1
TMCC3,5.536865972228542e-4,-1.727584357871897,0.046,0.197,1
ATP6V0B,0.024404228058796194,-1.7298761693798865,0.034,0.109,1
IFI30,0.23012162583377843,-1.7339922778521184,0.138,0.182,1
PTGDS,0.226582628936776,-1.7401445048337134,0.092,0.131,1
GGCT,0.025009847075205843,-1.7503402719396024,0.046,0.124,1
IGDCC3,0.006260451112279026,-1.754398488513956,0.034,0.136,1
AC110619.1,0.03121477549281877,-1.7584453215766578,0.046,0.12,1
PSG11,0.004684799193620136,-1.7584453215766582,0.046,0.158,1
AP001207.3,0.013593501886690604,-1.7604644892133097,0.023,0.105,1
CPAMD8,0.025832550743361635,-1.7604644892133097,0.034,0.108,1
VAMP8,0.011056413835404065,-1.7780126904241569,0.08,0.181,1
SERINC2,0.003120862637074904,-1.7790801673806569,0.057,0.179,1
FKBP8,0.013181865292570212,-1.7824907955433087,0.046,0.137,1
TMEM40,0.00695166013434457,-1.7960532459843703,0.057,0.164,1
HAPLN1,0.004743723939105382,-1.805164296684124,0.103,0.224,1
APOE,0.0876801298474772,-1.8086532827640038,0.08,0.141,1
AP002026.1,0.007739767740521724,-1.812211102177193,0.057,0.161,1
NDUFB10,0.00783110202588334,-1.8178238686555899,0.034,0.132,1
NID1,1.5482840957460454e-4,-1.8191920006129223,0.092,0.271,1
PSMB6,0.0073770181844295185,-1.8229855737713683,0.046,0.148,1
PCOLCE,0.006995204476547558,-1.8245948266330254,0.034,0.136,1
GCNT4,0.008289575154528385,-1.8255595174351948,0.034,0.131,1
COL6A1,1.682264962537697e-4,-1.8340044225433552,0.138,0.323,1
GGH,0.010058958951607232,-1.8523122450408804,0.034,0.127,1
FXYD3,0.0223028275921261,-1.8532585848851686,0.034,0.111,1
MYO5B,0.00438633243195555,-1.857980995127572,0.069,0.186,1
TP63,3.3979848902678916e-4,-1.8583581210063083,0.069,0.234,1
ADGRG1,0.019811252997057736,-1.8626879978050992,0.034,0.113,1
CSRP2,0.001861366955902262,-1.8652963786293326,0.069,0.202,1
MTCL1,0.00453022206446051,-1.8736116468413366,0.034,0.142,1
ISYNA1,0.006048500024312159,-1.8736116468413366,0.046,0.152,1
LINC02583,2.201427446922001e-4,-1.88262852019877,0.08,0.253,1
AL450306.1,0.00795194662293717,-1.8952139013265468,0.034,0.13,1
FAM210B,0.02530284390409348,-1.8952139013265468,0.034,0.108,1
ATP5MF,0.01628517028123577,-1.9007168770039344,0.046,0.132,1
ARFGEF3,0.00901759878799462,-1.9017626871554854,0.057,0.158,1
SLC26A2,0.0021357899502710926,-1.9029684499008823,0.103,0.241,1
UQCRB,0.0025421617406986632,-1.908426417436496,0.069,0.197,1
ATP5F1E,0.004798458153720141,-1.9098421132515362,0.092,0.209,1
SIGLEC6,8.212404828289375e-4,-1.9116602546905157,0.092,0.245,1
CSHL1,0.10450403783759069,-1.915742714691221,0.069,0.121,1
TOMM7,0.008925726324864682,-1.9261234840024786,0.046,0.143,1
PSG6,0.0025576829884101527,-1.9274311614460893,0.103,0.231,1
POSTN,0.03077154617831825,-1.9285199879437254,0.034,0.106,1
SLC39A7,0.0160270376724307,-1.9285199879437256,0.023,0.101,1
UBB,9.094491724706485e-4,-1.9344938889883587,0.092,0.242,1
CD81,1.5644703828694316e-4,-1.9353452876798665,0.08,0.259,1
KRT23,7.2812215751119e-4,-1.9483375391264197,0.057,0.207,1
ISCU,0.013042200984689471,-1.9522685907163342,0.023,0.105,1
PRDX2,0.02126295521630809,-1.9522685907163349,0.057,0.141,1
PSG4,6.639587211228421e-4,-1.971179192999982,0.115,0.282,1
MAFK,0.004558456534073198,-1.978526657051025,0.046,0.156,1
GRTP1,0.017085169355488254,-1.981414936375851,0.023,0.1,1
VIM,7.33788784394184e-4,-1.9860241896284407,0.126,0.283,1
SPINT2,2.0150738670500262e-4,-1.9910009852050492,0.069,0.239,1
FIS1,0.012171010950910721,-1.9929105752136804,0.023,0.106,1
FAM118A,0.0010040856058177302,-1.9971979336167789,0.069,0.211,1
NR2F1,0.016403576503417155,-2.0057346155712645,0.069,0.158,1
GABARAP,0.004859972850130111,-2.006207397827138,0.092,0.208,1
SPINT1,0.007407770080424089,-2.006585512110757,0.046,0.147,1
ACTA2,0.06892400410938235,-2.012810132651386,0.046,0.104,1
PSMC3,0.007482483514247271,-2.018445667320818,0.034,0.131,1
BEX3,4.1734164451523844e-4,-2.023125188260688,0.057,0.215,1
PSG2,7.261740322769729e-4,-2.030307563874122,0.126,0.284,1
AP1S3,0.0015907873596132896,-2.065479201164326,0.057,0.19,1
FOXO4,0.0064045603558244785,-2.076326583401318,0.011,0.101,1
ATP5F1D,0.0018781590232452427,-2.0763265834013183,0.034,0.157,1
AC093866.1,2.5473769752213494e-4,-2.078126577447528,0.023,0.178,1
DBI,0.006258657516541981,-2.086019979605162,0.046,0.149,1
LARGE2,0.0013578184220380562,-2.1004390395181254,0.011,0.129,1
MFAP4,0.0212390973576982,-2.103093492964103,0.034,0.113,1
ERVMER61-1,0.11430383444814257,-2.1048604191382916,0.057,0.107,1
KANK4,0.0017220768278723706,-2.108387792633616,0.069,0.201,1
EID1,0.004753947454524219,-2.111027674506321,0.057,0.168,1
HSPE1,6.864891400391442e-4,-2.1151663252646786,0.046,0.19,1
SDC1,0.03674618556767346,-2.1328408363581555,0.08,0.156,1
BPGM,0.003886327841473871,-2.1350905861730887,0.069,0.187,1
ERRFI1,4.98367714120062e-4,-2.137534138293133,0.115,0.276,1
RNF43,0.0016226274157165887,-2.1449136686587305,0.046,0.174,1
IFITM2,0.0073915775195873765,-2.1628355766559926,0.023,0.115,1
AP000446.1,0.014802282620111391,-2.1628355766559926,0.034,0.118,1
TINAGL1,0.0011360269427533188,-2.1726165974485783,0.057,0.195,1
PSG5,3.875489742988171e-4,-2.1809242044244304,0.103,0.268,1
AC063944.1,5.243893769254431e-4,-2.1921154990056553,0.057,0.21,1
PTCHD1-AS,0.00975656918893606,-2.193880517807008,0.046,0.144,1
FTL,0.1412466502021729,-2.218978654693527,0.437,0.462,1
SLC16A12,0.003920256182845561,-2.2226449718912966,0.069,0.185,1
EMP2,0.008412520088702378,-2.2347991721759253,0.023,0.112,1
AC005532.1,0.016675942455385225,-2.249250328473466,0.023,0.1,1
CD200,0.006305339390975053,-2.2530796473530854,0.034,0.134,1
SH3TC2,0.01467440654517562,-2.2599029946161577,0.103,0.198,1
PA2G4,1.8788351501454887e-4,-2.261183357969446,0.034,0.196,1
HIST1H4C,0.004270791509879484,-2.2712494015533604,0.057,0.171,1
SYF2,0.0022460396573657994,-2.282417192408665,0.011,0.119,1
DNAJC6,0.00017734278813011074,-2.2824171924086656,0.069,0.243,1
INHBA,7.946150640470073e-4,-2.286393172179812,0.046,0.189,1
AL442636.1,4.593870892615956e-4,-2.307952284515803,0.08,0.236,1
GLDN,2.940863466093856e-4,-2.343285357628084,0.057,0.218,1
LINC01725,0.008599846707230022,-2.3753802120360943,0.034,0.129,1
PSG9,9.387610698799109e-5,-2.3788635820363395,0.08,0.273,1
POLR2L,0.0011216999377293777,-2.391756040989938,0.023,0.149,1
CADM1,0.001786480440262409,-2.412235432895623,0.092,0.225,1
SLC27A2,0.0026461466835174963,-2.425869982489787,0.034,0.149,1
F5,2.109955632781762e-4,-2.431674144367788,0.034,0.194,1
ETFB,0.003292331402714815,-2.4460832033792954,0.023,0.129,1
PPDPF,0.0013642201767157711,-2.4709578720183245,0.023,0.145,1
PSG1,0.0014359614004288799,-2.493269888823738,0.069,0.207,1
TNKS1BP1,0.00548197241285665,-2.4954109157428634,0.011,0.102,1
KCNH7,0.0148199491826091,-2.5098862382587437,0.046,0.132,1
AC008591.1,3.78559311125793e-4,-2.5177520834972658,0.034,0.184,1
SEMA3B,0.0020635269220852185,-2.5262535520632783,0.046,0.169,1
SLC24A3,3.9734474768476127e-4,-2.538779878532978,0.069,0.225,1
RGS6,0.004932823196427648,-2.551683551953974,0.069,0.185,1
ATP5PO,0.0017916812462584447,-2.5625251116014005,0.023,0.139,1
GREM2,0.0419998204470986,-2.565327822615723,0.046,0.115,1
TMED4,3.7389715708281674e-4,-2.5663774370970067,0.034,0.181,1
MTRNR2L8,0.003953198385572131,-2.609021774505501,0.034,0.141,1
CDH1,0.001154238172853089,-2.624809389855744,0.057,0.19,1
STC1,0.008786637254427684,-2.644987271793374,0.046,0.142,1
AP000943.2,0.005986206853724558,-2.672055514991544,0.011,0.1,1
LINC01524,8.370548521898944e-4,-2.749069734613198,0.034,0.168,1
GH2,0.1005817285301572,-2.7590225150394034,0.069,0.122,1
COX8A,2.3303598677733024e-4,-2.7655000791106077,0.023,0.174,1
SERPINF1,4.5012731442710467e-4,-2.7665050913706093,0.046,0.193,1
OLR1,7.655297785629274e-4,-2.7824907955433087,0.046,0.183,1
TEAD4,0.002259228788588838,-2.824594826633025,0.011,0.117,1
LINC00474,0.009847013700936512,-2.8743887516491844,0.023,0.109,1
MAPK4,0.007272087703413328,-2.949321306665998,0.023,0.114,1
TCL6,0.004303855538216091,-3.0462977879607056,0.046,0.153,1
S100A9,7.904110860777104e-4,-3.2573755166539153,0.046,0.181,1
ANKRD30A,0.003495104552042971,-3.386318058520982,0.011,0.11,1
CGB3,0.007058127980421159,-3.5535423556636987,0.103,0.213,1
HBB,0.003534981279814025,-4.547986577002612,0.011,0.11,1
