gene,p_val,avg_log2FC,pct.1,pct.2,p_val_adj
LINC01229,6.577132266091265e-30,4.391857306352953,0.31,0.021,1.4524281183209342e-25
XIST,1.1880499281140832e-27,2.4052941420187004,0.833,0.179,2.62357065625433e-23
TSIX,1.0787551082414945e-19,2.451246092900434,0.548,0.1,2.3822149055296925e-15
PLD1,2.250187693525621e-18,2.182961073397809,0.857,0.298,4.969089483612629e-14
TDRD6,6.947845660253915e-18,4.1370434073241285,0.19,0.014,1.534292757153872e-13
BATF,3.0221445057339023e-16,3.6104975928282936,0.238,0.024,6.6738017120121766e-12
BCL11A,3.3608502933904146e-16,2.9453647434231542,0.476,0.094,7.421765702894053e-12
KCNAB2,1.1270242471655026e-15,3.190783606339977,0.31,0.043,2.4888076450155795e-11
ADD2,1.5309489667695577e-15,3.6369698041894845,0.167,0.012,3.380794603317214e-11
FBXO17,2.798707145638584e-15,2.0437396874847282,0.524,0.113,6.180384989713684e-11
MAFTRR,3.090558747461459e-15,4.1223966313597264,0.143,0.009,6.82488088201914e-11
CACNB4,7.780748646587577e-15,2.8083737345577102,0.476,0.103,1.7182227236259346e-10
AC103794.1,8.852370286685943e-14,4.163038615857072,0.119,0.007,1.954868930408857e-9
LINC00639,9.970147488158524e-14,4.069929211465591,0.167,0.014,2.2017076698100467e-9
UTY,1.0291804285469689e-13,-6.325604923996712,0,0.648,2.2727391403602715e-9
TATDN2,1.240792841512887e-13,2.5097701017450076,0.405,0.081,2.740042831912908e-9
LOXL3,6.638559172039824e-13,2.506340361537002,0.333,0.058,1.4659930219615544e-8
AC092546.1,2.2500343955777575e-12,3.970393537914677,0.119,0.008,4.968750955754362e-8
LINC01621,2.303392676102639e-12,4.06992921146559,0.119,0.008,5.0865820466374576e-8
AC084064.1,2.303392676102639e-12,4.06992921146559,0.119,0.008,5.0865820466374576e-8
GAB3,5.238584564196962e-12,2.573022887409631,0.429,0.101,1.1568366293116151e-7
PGBD5,5.60852553438885e-12,2.91936953489021,0.286,0.048,1.2385306937590896e-7
LNCAROD,6.332368312039711e-12,2.5193716443973795,0.452,0.116,1.3983768943477293e-7
ENTPD3-AS1,1.1018605183703877e-11,2.978006722024552,0.286,0.049,2.433238582717327e-7
DNM1,1.134001761348288e-11,2.0124789392816913,0.452,0.111,2.5042160895854245e-7
TMEM273,1.1952512685924848e-11,2.3694894933244988,0.357,0.072,2.6394733764327844e-7
CGA,1.2700987094870388e-11,-3.6971696326818257,0.333,0.783,2.8047589801602277e-7
ZBED3-AS1,1.300191421526879e-11,2.8904181611940807,0.31,0.056,2.8712127161578067e-7
TFPI2,1.447863587650178e-11,-5.6282328235456625,0.19,0.696,3.197317160607888e-7
PDGFC,1.456219484486671e-11,1.5935475238983563,0.643,0.217,3.2157694875919155e-7
MPPED2,1.5114750481791644e-11,2.1861751146550072,0.429,0.103,3.337790348894049e-7
SHANK3,1.7576982962885597e-11,2.4040467153608676,0.238,0.034,3.8815251476940265e-7
CD58,2.0050181808615712e-11,2.3150417093021227,0.333,0.064,4.4276816487966076e-7
TNFAIP2,2.1081993919259838e-11,2.015481427443215,0.429,0.1,4.65553671719015e-7
KISS1,2.1509798039261803e-11,-6.135864037931567,0.214,0.693,4.750008701010184e-7
CSH1,2.961031284666358e-11,-6.497385206685067,0.214,0.701,6.538845385928718e-7
TSHZ3,3.236914000079976e-11,1.6565027620927326,0.619,0.192,7.148077186376612e-7
FHAD1,3.5457122158899967e-11,3.572429551994774,0.214,0.03,7.82999628634988e-7
VAV1,5.4733883159162475e-11,2.7671099395259335,0.357,0.08,1.2086883418037848e-6
CHSY3,7.251999362548106e-11,2.017497773041719,0.619,0.226,1.6014590192314983e-6
FMO4,7.282383748797941e-11,2.495613954943943,0.31,0.06,1.6081688032470492e-6
ZNF516,8.880247670988784e-11,2.091052503031345,0.5,0.147,1.961025093184453e-6
AC079210.1,9.437414074519064e-11,3.6776117886868307,0.143,0.014,2.0840641500760448e-6
AC105285.1,9.928006510603456e-11,3.5780761151359166,0.143,0.014,2.1924016777365612e-6
AC087284.1,1.1272566296480859e-10,3.7480011165782288,0.119,0.01,2.489320815251868e-6
SPIRE1,1.1659110337760578e-10,1.9755875618297463,0.619,0.213,2.5746813358876683e-6
LINC01482,1.3685080780072177e-10,2.578076115135916,0.238,0.037,3.0220763886633388e-6
AC131944.1,2.117698069824188e-10,2.2262324423442665,0.381,0.09,4.676512647592754e-6
AC004889.1,2.3546262445640957e-10,2.100916903949275,0.429,0.114,5.199721135870893e-6
PIK3R5,2.4859683008584816e-10,2.4112570245614258,0.31,0.064,5.4897637987857845e-6
HPN,2.516446427134676e-10,3.6776117886868307,0.167,0.02,5.557068645041505e-6
AC048380.1,3.2994154113452436e-10,3.6776117886868307,0.119,0.01,7.286099052873702e-6
CD300A,4.725114936992541e-10,3.08641733425416,0.19,0.026,1.043447131536063e-5
ITGA11,7.991460349529099e-10,3.262574289407987,0.214,0.033,1.7647541889865112e-5
LDLRAD4,8.233678866393594e-10,2.0591616326563544,0.595,0.235,1.8182433040656972e-5
AL160272.1,8.26909725908171e-10,2.638879394198116,0.31,0.066,1.826064747723014e-5
LINC01645,8.625504217628081e-10,2.4944894848629415,0.262,0.048,1.904770096378809e-5
AC100800.1,1.0246380245583719e-9,2.8151153124367654,0.214,0.033,2.2627081496322527e-5
SHOC1,1.0650867645445412e-9,1.889309609227042,0.571,0.203,2.3520311021437102e-5
RYR3,1.077087374318534e-9,5.659464441976571,0.214,0.036,2.3785320487076185e-5
KLHL6,1.182805493717318e-9,3.033270740886743,0.238,0.041,2.6119893717759532e-5
DISP1,1.25694221045307e-9,1.5812856716118064,0.667,0.26,2.7757054833435144e-5
NOP2,1.2754837068047843e-9,2.6045483264971074,0.238,0.041,2.816650669737005e-5
LINC00539,1.2958577879387755e-9,3.3806300509296987,0.167,0.021,2.861642753105198e-5
NUAK2,1.8546788629185607e-9,3.440572591385982,0.143,0.016,4.095687332983058e-5
NOL3,1.9603866503610576e-9,2.8660568780999407,0.286,0.06,4.329121839992324e-5
INSYN2B,2.2139520412753903e-9,3.1223966313597264,0.143,0.016,4.889070292748444e-5
GRIN2C,2.2836574316844142e-9,2.8556100906648245,0.238,0.043,5.043000706388692e-5
WDFY4,2.284611100992887e-9,2.5720773745144734,0.31,0.069,5.045106694322593e-5
NFATC1,2.308083888085251e-9,2.4849667107444344,0.238,0.042,5.0969416500586596e-5
CSH2,2.4421448758236646e-9,-6.551893735928611,0.071,0.553,5.392988529281398e-5
CEPT1,2.6516360987431348e-9,1.487194811636552,0.81,0.401,5.8556079968544644e-5
DOCK4,3.024640751227541e-9,1.628626695935079,0.69,0.293,6.679314170935779e-5
MERTK,3.1401657846568764e-9,1.9771720705457385,0.452,0.136,6.93442810225778e-5
TRPM2,3.28328618481923e-9,2.3150417093021227,0.31,0.069,7.250480881936306e-5
DOCK10,3.3256587803745737e-9,2.3556836937994685,0.333,0.081,7.344052284701171e-5
AC012291.3,3.46675141446407e-9,3.3257681158951806,0.19,0.029,7.655627148561007e-5
HS3ST2,3.56961581177295e-9,3.211948216338019,0.143,0.016,7.882782597138205e-5
NOTCH2,3.599428344508755e-9,1.3435218089979617,0.667,0.25,7.948617613178684e-5
DIABLO,3.766604728090456e-9,3.2923216328020386,0.143,0.016,8.317793221042153e-5
LANCL1-AS1,4.401644247585644e-9,2.426073021690866,0.238,0.043,9.720150991943376e-5
MAPRE2,4.5558607551809794e-9,1.9919266994643179,0.381,0.099,1.0060707305666157e-4
COX18,5.0265803051059174e-9,2.2561480202485535,0.31,0.07,1.1100197287765397e-4
SCUBE3,5.043822189182371e-9,3.5463672554085783,0.119,0.012,1.113827254037143e-4
PRKCB,5.12640087495586e-9,2.436603689183036,0.357,0.094,1.1320631052165025e-4
DUSP27,5.185958992896155e-9,2.7707211930783116,0.238,0.045,1.1452153244012579e-4
AL392172.1,5.311981485754681e-9,2.25230595395416,0.405,0.11,1.1730448714992061e-4
ATXN1,5.338500072434773e-9,1.724934940058845,0.738,0.406,1.1789009709957709e-4
CEP170,5.620938755459961e-9,1.5045316300746698,0.762,0.414,1.2412719053682232e-4
TCTEX1D1,5.769391608308935e-9,3.216477874818533,0.167,0.023,1.2740547488628622e-4
MAMDC2,5.9605071635902835e-9,2.9943965802982335,0.31,0.073,1.3162587969356424e-4
TMEM51,7.132316148305469e-9,1.8895875940779403,0.381,0.099,1.5750293750302967e-4
TFRC,9.477063491665993e-9,-2.85982234195174,0.143,0.609,2.0928199308646012e-4
STIMATE,1.032739851264639e-8,2.7390123333509737,0.286,0.064,2.2805994135477025e-4
PTPRC,1.0503569004870923e-8,2.1630386158570722,0.381,0.107,2.319503143345646e-4
AC016042.1,1.2007863474194926e-8,2.9614047546874223,0.19,0.03,2.6516964910064655e-4
ZEB2,1.2116676456212643e-8,1.613353627560965,0.81,0.564,2.675725661825438e-4
AL357522.1,1.2463507518749293e-8,2.7845269926033427,0.286,0.065,2.752316365365406e-4
JMJD7,1.276967183920545e-8,3.1223966313597264,0.143,0.018,2.8199266322517395e-4
PIK3R6,1.30324148977348e-8,3.0828682671730894,0.143,0.018,2.8779481818667755e-4
AC025442.2,1.3300292095623929e-8,3.0443941193584534,0.143,0.018,2.9371035034766324e-4
APC,1.5467350153507e-8,1.636969804189485,0.667,0.297,3.415654934398951e-4
SP110,1.6496564886285293e-8,2.0075573511780824,0.405,0.12,3.6429364238383814e-4
HECTD2,1.6533427827314964e-8,1.7023584510225163,0.5,0.169,3.6510768671059636e-4
LILRB5,1.7354883672909914e-8,2.3150417093021227,0.238,0.046,3.8324789614886966e-4
VAC14,1.7662778153709983e-8,1.585218184379936,0.476,0.153,3.9004712996837756e-4
LPGAT1,1.7692340436711023e-8,1.4395066917875217,0.571,0.207,3.906999538638895e-4
PHF11,1.814776961840418e-8,1.6220194627235132,0.429,0.124,4.007571964832195e-4
SORD,2.1233170509610947e-8,3.1630386158570722,0.143,0.018,4.6889210436373857e-4
SP100,2.2018916050680013e-8,1.463537032597345,0.667,0.288,4.8624372314716674e-4
PRXL2C,2.288575869690247e-8,2.431855374284872,0.214,0.038,5.053862093036972e-4
SH3RF3,2.3505709720835387e-8,1.8273456012221778,0.571,0.232,5.190765877652079e-4
USP9Y,2.5551245437015823e-8,-4.536707332113935,0.024,0.477,5.642481529856204e-4
RUBCNL,2.913266994689424e-8,2.272663107031571,0.357,0.1,6.433367504372655e-4
LYST,2.988546046946649e-8,1.449554790587365,0.738,0.347,6.599606235472285e-4
LRRC39,2.9963604742517237e-8,2.4029309418784233,0.357,0.102,6.616862835290081e-4
ANKRD36C,3.012065641410176e-8,1.6497775804901051,0.524,0.186,6.651544555926092e-4
CCDC144A,3.089919654277639e-8,1.376442253966266,0.714,0.328,6.82346957254131e-4
C12orf4,3.150203892317736e-8,1.6681015694043582,0.548,0.209,6.956595255405258e-4
SHANK2,3.170965711824133e-8,-2.9126450117038383,0.167,0.606,7.002443581421233e-4
CHST15,3.283487182330259e-8,2.3474631869945,0.19,0.031,7.250924744739911e-4
DTNA,3.675085209086056e-8,2.469465617204247,0.357,0.103,8.115690667224737e-4
ARHGAP25,3.993983858310137e-8,2.131009761664435,0.381,0.114,8.819914554306276e-4
ZNF25,4.209927625718026e-8,2.1726887858907915,0.286,0.066,9.296783175873117e-4
FBXO10,4.2696158310076115e-8,2.2505014571074122,0.286,0.066,9.428592639614109e-4
PLXND1,4.4678927071576043e-8,1.471504450937872,0.524,0.186,9.866447465216137e-4
GRIP1,4.855535349402473e-8,-2.340673564340919,0.238,0.675,0.0010722478712085481
CD86,5.513892822237889e-8,2.3088894823205273,0.286,0.068,0.001217632951934793
NCKAP1L,5.798546002943658e-8,1.4704962279361018,0.381,0.104,0.001280492913830048
SRGAP3,5.8796932105284473e-8,1.726267594630947,0.381,0.11,0.001298412651680997
SLC37A2,5.960716740011677e-8,3.0443941193584534,0.143,0.019,0.0013163050776967787
LINC01374,6.07736093559266e-8,2.462940404414436,0.31,0.081,0.0013420636154069271
FGD5,6.382342303784361e-8,1.6193523907144352,0.429,0.133,0.0014094126509447003
AC025809.1,6.476254381935562e-8,2.7036069972197754,0.167,0.026,0.0014301512551628303
NOL4L,6.934452092115874e-8,1.8660568780999407,0.357,0.098,0.0015313350555019485
ST3GAL5,7.001997319816073e-8,2.1545770371088766,0.381,0.113,0.0015462510681349836
GAS7,7.196628454271022e-8,1.8121921747640002,0.619,0.292,0.0015892314615566698
ANKFY1,7.791844648598094e-8,1.4545503689424344,0.619,0.253,0.001720673053749917
AC009975.1,8.371273325693748e-8,3.2973397075686637,0.119,0.014,0.0018486282885129505
BMERB1,8.44964562081073e-8,2.4454383465577973,0.19,0.033,0.0018659352424436335
AL450998.3,8.647585052528636e-8,3.3150417093021223,0.119,0.014,0.0019096462071498987
DYRK4,8.689798989540073e-8,1.9435934785709612,0.286,0.067,0.0019189683108601344
FGL1,8.907560831565608e-8,2.0854894963928086,0.381,0.119,0.0019670566584346332
LINC00278,9.208271448054727e-8,-6.2565002756567125,0,0.431,0.002033462583873925
ROR1,9.210522649901043e-8,2.2729909053533253,0.476,0.175,0.0020339597167776473
PDE9A,9.612560212949591e-8,1.9347696281839553,0.333,0.088,0.002122741671825658
AC126177.3,9.97881115552521e-8,2.1837971760238695,0.262,0.06,0.0022036208674746324
CD109,1.0167558254008226e-7,2.40997681497426,0.405,0.132,0.0022453018892326366
ITGAL,1.1020054726399218e-7,2.84111052096971,0.19,0.034,0.0024335586852307395
GIMAP8,1.1241403718622528e-7,2.8526984952449217,0.167,0.027,0.002482439183183413
AC010210.1,1.1272154150415647e-7,2.4219569132186347,0.238,0.051,0.002489229801036287
RAB43,1.1478143153659908e-7,2.3694894933244988,0.238,0.051,0.0025347183526227175
RPH3AL,1.1535181985344068e-7,2.713907917909821,0.262,0.061,0.0025473142378235306
ADAMTS17,1.2938569735182326e-7,2.4653379039955023,0.333,0.095,0.0028572243546203134
OSBPL6,1.2978975673134668e-7,2.806894805631797,0.214,0.043,0.0028661471978983287
ZNF804A,1.335412629661574e-7,3.7919444641658258,0.143,0.02,0.002948991710081654
GPR137B,1.3551248409914254e-7,1.4445524422985268,0.571,0.222,0.0029925221863613648
ETNK1,1.38418796719755e-7,1.032839892730371,0.857,0.628,0.0030567022879623494
IL6R,1.4248105111670824e-7,1.9134247257856005,0.357,0.105,0.003146409051810268
CMTM7,1.5388933745079283e-7,1.7730130045863017,0.5,0.198,0.003398338238925858
GATA6-AS1,1.5755086204131494e-7,3.2625742894079868,0.119,0.014,0.0034791956864583576
TACC2,1.5897885781333445e-7,-1.8391589398471735,0.167,0.59,0.0035107301170918645
HOXC4,1.6880681802445555e-7,2.5974414400028474,0.19,0.035,0.003727760962434052
NEBL,1.7002884306861462e-7,-1.5721740698495426,0.19,0.652,0.0037547469414842168
S100Z,1.9020879340241214e-7,2.250911371882407,0.238,0.052,0.004200380784705467
CUEDC1,2.0219325247660535e-7,2.043866914879395,0.405,0.136,0.004465033594440876
KATNAL2,2.1044064080982678e-7,2.852698495244922,0.238,0.054,0.004647160671003405
CCSER1,2.1088742332429773e-7,-3.5354577044559976,0.095,0.519,0.004657026969270467
SCN9A,2.1581455989191872e-7,1.8233286192844491,0.429,0.148,0.004765832926093241
CHM,2.1664100696417258e-7,1.520465391965821,0.619,0.284,0.004784083356789823
WDR44,2.2275435855237227e-7,1.6998645955339586,0.5,0.191,0.004919084499912037
INKA2,2.3342848024161447e-7,2.1837971760238695,0.262,0.062,0.005154801129175573
WIPF1,2.3674855826808567e-7,1.0328398927303708,0.786,0.413,0.005228118412234136
SOCS4,2.528123007680702e-7,1.8933404797422675,0.333,0.093,0.005582854037861294
MED13L,2.569840334944177e-7,0.858287558234966,1,0.919,0.005674978411657226
RAI1,2.7400435453547216e-7,1.7845269926033425,0.333,0.093,0.006050838161206832
ZKSCAN7-AS1,2.742559571821785e-7,2.1630386158570727,0.238,0.052,0.006056394302454048
ARMCX5,2.811221288232536e-7,3.1630386158570727,0.119,0.015,0.00620801997080391
AL162253.2,2.8429175594216854e-7,1.844962846465317,0.405,0.133,0.006278014846470907
NFATC2,2.9423306621970326e-7,1.6649841803590815,0.5,0.197,0.006497548801329707
CYP19A1,3.160340380777694e-7,-2.4987394819149147,0.143,0.551,0.006978979662871382
ZNF665,3.165964449243525e-7,3.0587019560423365,0.143,0.021,0.006991399293264476
ABCC5,3.216967186798689e-7,1.8325864486631718,0.452,0.158,0.007104028638607545
CD28,3.248416950070287e-7,2.2625742894079868,0.238,0.053,0.007173479150840214
CAMK2D,3.267147624409054e-7,1.0106010411436013,0.643,0.278,0.007214842098982513
PDZD2,3.303906237150419e-7,-2.3140291437089306,0.19,0.607,0.00729601614349927
CTTNBP2,3.412483027594535e-7,1.9599467504795607,0.381,0.118,0.007535786269837011
STARD3NL,3.440631991515926e-7,1.3150417093021223,0.429,0.138,0.00759794762686462
RARG,3.541450735766796e-7,2.8660568780999407,0.143,0.021,0.007820585659793816
FAM20A,3.5671578717377373e-7,2.281358583045834,0.381,0.125,0.007877354728158445
PNPLA7,3.6019905530611905e-7,2.832890014164742,0.143,0.021,0.007954275738325026
TLR2,3.621938269935958e-7,2.0646349117960776,0.238,0.053,0.007998326281499575
PRR5L,3.6346175844612815e-7,3.0387104808548706,0.214,0.046,0.008026326011765847
DOCK2,3.8170792989919927e-7,1.9606305689747794,0.357,0.112,0.008429256215964017
C9,3.8694366065289346e-7,2.9255393021304164,0.357,0.12,0.008544876858197846
RYR1,3.8727334040812704e-7,2.5256086952417802,0.286,0.077,0.00855215717623267
LINC00882,4.1300839794077294e-7,-2.3960667266676774,0.095,0.531,0.009120464451726089
TMEM255B,4.2812197485140455e-7,3.385431037193521,0.119,0.015,0.009454217570643566
AC100849.2,4.50918082049943e-7,3.2048587915516995,0.119,0.015,0.009957624005908891
MED12L,4.546391446788068e-7,-2.2628313666327142,0.071,0.501,0.01003979623194209
AC087273.2,4.5585289138282935e-7,3.1344694636603014,0.143,0.022,0.01006659940040702
LCP2,4.6913869134552596e-7,2.213370291407217,0.31,0.089,0.01035998972098325
USP35,4.6941471453563036e-7,3.025535092107138,0.143,0.022,0.010366085141090326
MPV17L,4.706274266532382e-7,3.1630386158570727,0.119,0.015,0.01039286546278346
PTGIS,4.852575882369131e-7,2.9614047546874223,0.143,0.022,0.010715943321035752
AC099489.1,4.854294003213018e-7,3.0699292114655905,0.119,0.015,0.010719737447295308
SLC43A2,4.981636200146546e-7,-2.50144422450761,0.143,0.567,0.011000947220783618
BIRC7,5.013630676721729e-7,2.9824663702152514,0.119,0.015,0.011071600623404594
C20orf96,5.164846699143283e-7,2.8660568780999407,0.143,0.022,0.01140553096571811
C20orf194,5.190828436792924e-7,1.5016454518910654,0.643,0.312,0.011462906436969815
ST6GAL1,5.312683631289815e-7,2.0802121847274515,0.381,0.129,0.0117319992629773
GPD2,5.386132212725448e-7,1.4311738933837317,0.571,0.247,0.011894195765361607
PFKFB3,5.81765866983349e-7,1.8940054694018356,0.333,0.097,0.012847135640593295
RPP38,5.869542037228733e-7,1.815687924089803,0.333,0.096,0.012961709680812212
MFSD1,5.944874545255829e-7,1.5116018372479014,0.452,0.161,0.013128066458288446
EBPL,5.984027025922431e-7,1.9764173255424464,0.31,0.086,0.013214526881344505
RECK,6.499685073130596e-7,1.796466605914868,0.381,0.124,0.014353254546994295
SORBS1,6.756397063162563e-7,-2.7196044335047684,0.167,0.554,0.014920151634581888
SNAI3-AS1,6.958672354555899e-7,2.9614047546874223,0.143,0.022,0.015366836160565792
LINC01949,7.10587744843112e-7,-2.948155027697081,0.238,0.633,0.01569190916937044
PCED1B,7.189309821138508e-7,1.457675019076695,0.5,0.201,0.015876152878020168
PRKACB,7.378981869034693e-7,1.3701832634945834,0.5,0.187,0.016295005661389313
ANKUB1,7.532663911833984e-7,1.393403359748627,0.643,0.296,0.016634381716502986
RCN3,7.761703118387045e-7,1.9151111024134868,0.286,0.075,0.01714016899633411
GDAP1,7.814034024231903e-7,2.278515833277009,0.214,0.046,0.01725573133571131
ADPRM,7.874143853667685e-7,3.0699292114655905,0.119,0.016,0.017388471872054348
AC087239.1,7.998436437435452e-7,3.025535092107138,0.119,0.016,0.017662947184788707
RNASEH2B-AS1,7.998436437435452e-7,3.025535092107138,0.119,0.016,0.017662947184788707
SIGLEC1,8.088106717904855e-7,1.9120770423238536,0.31,0.088,0.01786096606514929
MILR1,8.254663227675364e-7,1.9867158432166097,0.214,0.046,0.018228772805675506
ARHGAP35,8.261148860027187e-7,1.2871523121286528,0.548,0.219,0.018243095027598036
TRPS1,8.482651030666199e-7,1.862311919951328,0.548,0.243,0.018732238271020166
SHLD2,9.023361701968347e-7,1.1612803035847135,0.619,0.269,0.0199262896464567
PKP4,9.337185466462079e-7,1.5970176787893766,0.429,0.154,0.02061930666558821
CERS6,9.398971933070544e-7,1.8229631742594505,0.524,0.225,0.020755749719799682
ZNF236,9.775665610131306e-7,1.326777817353091,0.619,0.287,0.021587602366852962
PSG3,9.78814353802104e-7,-5.779475889482168,0.024,0.407,0.02161515737501186
TGM2,9.954175462625797e-7,-3.2624803672900944,0.143,0.527,0.021981805674116547
HCK,9.964116300965844e-7,2.115732901078716,0.286,0.077,0.02200375802742287
ITIH5,1.0476200407321715e-6,-1.7235115314672709,0.167,0.577,0.02313459335948854
MAST4,1.0510948143008873e-6,-1.922251640213053,0.31,0.692,0.023211326784206496
SCN1A-AS1,1.0591023450144827e-6,2.2568606382135936,0.333,0.107,0.02338815708495482
NCOA7,1.117928055235553e-6,1.5432343659236152,0.429,0.154,0.02468720524376672
CYTH1,1.1642969019112138e-6,1.7359104292514977,0.548,0.253,0.025711168484905334
PRICKLE2,1.1700213578901032e-6,1.413846719357607,0.619,0.293,0.025837581646287147
PRKCA,1.1837589994478903e-6,1.4544447659675388,0.833,0.697,0.02614094998480776
NRK,1.2021578349581444e-6,-1.8502582067563855,0.119,0.544,0.026547251469380705
PDE10A,1.2194666401017882e-6,-1.5806330157422679,0.095,0.51,0.026929481813367788
AC087190.1,1.245424011627844e-6,3.0699292114655905,0.119,0.016,0.02750269844877768
MT-ND2,1.2482875173995087e-6,-2.365603465561995,0.286,0.65,0.02756593324673335
CELF6,1.2838106119902177e-6,2.2951421518644177,0.167,0.03,0.028350389744579978
RNASET2,1.2947227319635161e-6,1.51227405674017,0.333,0.097,0.028591362089950327
PIAS2,1.3271302281780371e-6,1.6221793978759291,0.524,0.225,0.029307016828855594
PML,1.337226895625638e-6,1.7360284749121524,0.333,0.1,0.029529981536100963
EFCAB7,1.3434985544350609e-6,2.092649287965674,0.262,0.067,0.02966847857758945
HSPG2,1.3494419402211644e-6,1.6138472461577384,0.405,0.137,0.029799726365903972
OPHN1,1.41316731340596e-6,-1.9292654884627662,0.286,0.682,0.031206973781943814
EXPH5,1.4158731765267158e-6,-3.762169634573543,0.095,0.474,0.03126672735723946
UACA,1.5004433995674408e-6,2.4582196517144923,0.548,0.244,0.033134291592647795
SLC12A6,1.5326828752644132e-6,1.7439991860207327,0.381,0.129,0.033846235934464036
AC027020.2,1.586707401872019e-6,2.46259889771598,0.167,0.031,0.0350392595555398
SLC38A1,1.6439671507248179e-6,-2.1547615934076134,0.19,0.584,0.03630372658945615
TMEM91,1.6561829748942188e-6,1.9662379084233654,0.262,0.068,0.036573488634589035
AC025508.1,1.7575508677978967e-6,1.7447259845453678,0.19,0.039,0.038811995813580955
VAV2,1.8009923769429741e-6,0.9588978990768472,0.429,0.148,0.0397713146600317
LPAR6,1.809182763747604e-6,1.3012885542347923,0.405,0.135,0.03995218297183834
MKNK1,1.8427782713783633e-6,1.5812856716118062,0.5,0.213,0.0406940725668484
TSPAN15,1.8724148097831208e-6,2.1630386158570727,0.214,0.048,0.04134853624444066
AXL,1.933710798422993e-6,2.0011509334801785,0.262,0.069,0.04270213556157495
ARRDC2,2.0934110098045485e-6,2.8220016980220053,0.119,0.017,0.04622879532951384
AC009093.2,2.096111842286401e-6,2.366572009942205,0.238,0.06,0.04628843781321059
MYO5A,2.13723116869682e-6,1.6914175882118612,0.452,0.181,0.04719647589833188
GMIP,2.2077016598227877e-6,2.677611788686831,0.143,0.024,0.048752675753866624
SH2B3,2.3151481170214156e-6,1.816588201835641,0.31,0.092,0.05112541586818392
CMKLR1,2.389049382312113e-6,1.46259889771598,0.333,0.1,0.05275737750959839
CYBRD1,2.390224792308976e-6,1.5307704003575595,0.357,0.114,0.05278333408855912
GABRA3,2.4635187271962665e-6,2.211948216338019,0.333,0.109,0.054401884052675153
ERVW-1,2.4676669832886712e-6,-1.79779078686225,0.048,0.432,0.054493489991963726
TLR4,2.505354169398841e-6,1.6702698133456624,0.31,0.093,0.055325736122834604
E2F3,2.5150193607556995e-6,1.0563630821862962,0.571,0.245,0.05553917254356811
EPG5,2.5226336301322875e-6,1.1379140217014563,0.595,0.264,0.055707318454211306
NAV3,2.5749366401702287e-6,2.239370261050665,0.405,0.155,0.05686232582487916
TMEM219,2.5850939985090033e-6,1.7454271729144024,0.286,0.079,0.05708663076907432
PIEZO1,2.616898066228241e-6,1.489984785511059,0.357,0.114,0.057788959996518244
ZNHIT6,2.6338752945743017e-6,1.589216672741117,0.405,0.145,0.058163868130084305
PGM2L1,2.6983476994037365e-6,2.148683322880002,0.19,0.04,0.05958761224593272
NBEA,2.714894275648767e-6,1.2716194290109937,0.452,0.168,0.05995301028915172
VPS45,2.726918586888065e-6,1.3053003148239222,0.571,0.252,0.060218543154249134
FMNL2,2.7360115015775954e-6,0.8333815325911562,0.952,0.829,0.060419341989338037
KLF7,2.760062555957125e-6,1.8460654029124748,0.357,0.12,0.060950461423201194
CBR4,2.806058518887626e-6,1.473877532082629,0.69,0.391,0.061966190272595444
CLCN6,2.8319812916554194e-6,1.6451903109944532,0.381,0.13,0.06253864286362663
CNRIP1,2.934450795381447e-6,2.1391918739027047,0.262,0.072,0.06480147691440849
NPTN,2.9457987492544244e-6,1.256595436918565,0.571,0.266,0.06505207377978546
AC104316.1,2.9979109022021665e-6,2.677611788686831,0.143,0.024,0.06620286645333044
TSPAN14,3.0044754033408164e-6,1.4260730216908664,0.476,0.19,0.06634783033197525
AP1AR,3.0046530232530237e-6,1.4888924139582351,0.405,0.143,0.06635175271249652
HBG2,3.0057883324237677e-6,-5.8500683065931,0.119,0.476,0.06637682374491406
GSN,3.12650588325346e-6,1.32257538198753,0.5,0.2,0.06904262941988616
STK38L,3.1720926342229347e-6,1.3174725355568846,0.476,0.191,0.07004932164154506
SYK,3.2816052304359532e-6,1.7864752643928643,0.357,0.122,0.07246768830371715
ASTN2,3.402400014361617e-6,1.8933404797422675,0.357,0.12,0.07513519951714759
GNAI1,3.4121729694729262e-6,-1.7083122247769535,0.238,0.615,0.07535101568487063
SELENOI,3.41886116261023e-6,1.1340872421609434,0.571,0.246,0.07549871105392171
PDE4A,3.4477484371663385e-6,1.9406461945206241,0.238,0.06,0.07613662873794426
CARD18,3.4503810658454056e-6,-1.411241602108164,0.452,0.792,0.07619476507706409
RUNX1,3.4715009481510706e-6,2.105514914736097,0.452,0.187,0.07666115543802009
PAPPA,3.4766967760779993e-6,-4.422811634189498,0.095,0.46,0.07677589490613046
ANK3,3.5835315059283527e-6,-1.997120942886293,0.405,0.711,0.07913512624541581
HMG20A,3.5927517177055626e-6,1.432325231003205,0.524,0.225,0.07933873618209193
PEAK1,3.6208396932408615e-6,1.238602416698444,0.81,0.603,0.07995900294583794
MT-CO3,3.7073939567077133e-6,-2.054133780200238,0.524,0.744,0.08187038074597644
COBLL1,3.758207116816365e-6,-0.6937043331626946,0.405,0.731,0.08299248776065579
MFHAS1,3.770547308131854e-6,1.6328121787158287,0.548,0.249,0.08326499620547573
OSBPL1A,3.8062822185111606e-6,2.0926492879656746,0.429,0.174,0.08405413023138196
LMCD1,3.823979334642444e-6,2.8302339317191043,0.333,0.108,0.0844449356469091
ATP2C1,4.010421551521259e-6,1.370811247920744,0.643,0.345,0.08856213912224395
TENM3,4.0146600932508554e-06,-1.5868531527534047,0.286,0.644,0.08865573883925865
PHLDB2,4.104898823275968e-6,-2.1514507599617,0.333,0.694,0.0906484807144032
NXN,4.211587327919371e-6,1.564673410533428,0.476,0.183,0.09300448296244347
NLK,4.252433875083652e-6,1.1674170563676467,0.81,0.525,0.09390649726347228
GLI2,4.36279863571179e-6,2.1223966313597264,0.31,0.098,0.09634368227242346
FAM217A,4.417099125794295e-6,2.2244391605212157,0.214,0.051,0.09754279999491541
ASAP2,4.684943453577948e-6,1.682099179679145,0.405,0.156,0.10345760628536183
SRGAP2C,4.69499343828975e-6,1.430890037988642,0.5,0.217,0.10367954009775254
MTMR9,4.733373157199333e-6,1.4052395182737007,0.405,0.146,0.10452707943043288
TBCE.1,4.7439075612669765e-6,2.332963617299385,0.19,0.042,0.10475971067545864
BBS4,4.76150815934721e-6,1.8175420498313055,0.31,0.096,0.10514838468286444
MAP3K14,4.82423597272149e-6,2.0624346749186664,0.286,0.086,0.10653360298560866
LINC00205,4.83857949236226e-6,1.9000042100232788,0.262,0.072,0.10685035092983579
ARMC2,4.892581764586527e-6,1.5981138683724614,0.405,0.151,0.10804288310736428
PPM1L,4.947110540641828e-6,1.1981424168129884,0.667,0.36,0.1092470420689935
AC009690.2,5.077588907651999e-6,2.7224660244710917,0.19,0.043,0.1121283958476791
LPCAT2,5.079944053022899e-6,1.6104975928282936,0.452,0.178,0.11218040452290469
KLF3-AS1,5.108766589423958e-6,2.1895108272182635,0.19,0.042,0.11281689259424926
AL136962.1,5.29698014501455e-6,-2.0428110134079076,0.119,0.509,0.1169732125423563
TNFSF8,5.451814059938146e-6,2.5780761151359166,0.143,0.026,0.12039240988561407
IQCG,5.558846743042517e-6,2.0182670916430983,0.286,0.085,0.1227560126266079
PTPRE,5.632212642134927e-6,1.8042452272178477,0.429,0.166,0.1243761517762656
AC079793.1,5.802314486987566e-6,2.9000042100232792,0.143,0.026,0.1281325108161464
NOTCH2NLA,5.855297057728446e-6,1.9443983293817322,0.238,0.062,0.12930252492581729
ZNF780B,6.0779846581473195e-6,1.5679872975123323,0.357,0.122,0.13422013520586726
APAF1,6.257748501461458e-6,1.1851614267552129,0.429,0.158,0.13818986015777338
EMC1,6.380418377903597e-6,1.7766217945179965,0.286,0.084,0.14089877903924514
ATP8B2,6.4509323613501045e-6,2.147097071988051,0.19,0.043,0.14245593933569436
WASHC2C,6.7412974205103404e-6,1.66296501272243,0.357,0.125,0.14886807093712984
AP000331.1,6.776155488765711e-6,2.3420087569023917,0.214,0.054,0.1496378416584132
STX19,6.777595336521182e-6,2.7845269926033427,0.119,0.019,0.14966963781639725
CELF2,6.8753535402865e-6,1.6017273832005614,0.429,0.176,0.15182843223014678
MARCO,7.177386097296532e-6,2.767109939525933,0.167,0.035,0.15849821718659932
RHOBTB3,7.282304038856181e-6,-2.516333209788824,0.357,0.667,0.16081512009006105
ZNF891,7.5150902014698676e-06,1.952471629917414,0.262,0.074,0.1659557369190591
MT-CO2,7.584527808587692e-6,-1.9220738626918783,0.524,0.739,0.167489127597042
SKI,8.041023803369382e-6,1.3066294694859224,0.548,0.247,0.17756992864980606
TMEM63C,8.06659388395214e-6,2.452545233052058,0.19,0.044,0.1781345927393151
ZMYM1,8.074593013270128e-6,1.2933466382028036,0.429,0.16,0.17831123751204422
YTHDC2,8.171041796461554e-6,1.0045347934945854,0.714,0.406,0.1804411159912605
PLA2G4C,8.182547908086388e-6,2.7969107170591747,0.143,0.027,0.1806952054542717
TRPM4,8.204722627760832e-6,1.9614047546874218,0.238,0.063,0.18118488978884245
LINC01605,8.249425619487608e-6,1.9995398835741929,0.286,0.087,0.18217206595514485
AC110296.1,8.385215181879072e-6,2.709672997919129,0.167,0.035,0.18517070686143555
KIRREL1,8.489842143883237e-6,1.181185962567332,0.524,0.218,0.18748118406337352
MT-ND5,8.524390755917192e-6,-2.596738629224765,0.214,0.543,0.18824412106291935
AC010359.3,8.59735066581283e-6,2.376442253966266,0.167,0.035,0.18985529475314472
RGS10,8.761895847874401e-6,1.437660995966078,0.286,0.083,0.1934889460086104
CD200R1,8.796633201592195e-6,2.0173611606614377,0.286,0.087,0.19425605099076043
WDR47,8.797807455297361e-6,1.9458078996364032,0.262,0.075,0.19428198203533162
ZFP14,8.974748885816186e-6,1.882930696664337,0.262,0.075,0.19818937964547884
LINS1,9.07342380953703e-6,1.8142063372680493,0.405,0.161,0.20036841798600621
MT-CYB,9.165490740706993e-6,-1.9079046360345604,0.357,0.673,0.20240153202703254
SECISBP2L,9.17907482426847e-6,-0.8326018447641836,0.429,0.749,0.20270150934432063
NUTM2A-AS1,9.313295610946656e-6,1.0539168934769598,0.69,0.385,0.20566550697653502
SAMD8,9.43542679644444e-6,1.114129015376126,0.5,0.208,0.20836252994588259
SUFU,9.549419671968116e-6,1.5780761151359162,0.5,0.233,0.2108798346160719
APPL2,9.579039291019397e-6,1.1029176234195015,0.595,0.29,0.21153392466358134
ZC3H12C,9.651360067231739e-6,2.921905124580491,0.429,0.184,0.21313098436467848
PLAC4,9.668545990768557e-6,-3.887898349368153,0.071,0.416,0.21351050111414205
FAM106A,9.690476342728339e-6,1.3385006821261114,0.476,0.196,0.2139947890764699
FKTN,9.81609308727879e-6,1.631515374097377,0.357,0.122,0.21676878364637753
ZNF185,9.919683955452088e-6,2.4052395182737007,0.19,0.045,0.21905638078824846
H2AFY2,9.995413307761434e-6,2.6776117886868307,0.119,0.019,0.22072871207529574
SEMA6A,1.0322119820429168e-5,-1.965144785912031,0.333,0.66,0.22794337199453732
MAN1A2,1.0325279471329923e-5,-1.5127154581338265,0.524,0.802,0.2280131465653787
TTC27,1.053150799106213e-5,1.1385162967230036,0.548,0.242,0.232567290966625
ADAP2,1.0791720309603343e-5,1.67563142455859,0.429,0.169,0.23831355959697062
KCNE3,1.0860005711613812e-5,2.1995644918821866,0.214,0.055,0.23982150612956782
FAM168A,1.0877654938473795e-5,1.3820483977988682,0.643,0.338,0.2402112540063168
MIR99AHG,1.0947826608188152e-5,1.13891689152488,0.524,0.236,0.24176085498861896
UAP1L1,1.1000869671823295e-5,2.3150417093021223,0.167,0.035,0.24293220496287382
SMAP2,1.129352678105251e-5,1.1240134588750097,0.476,0.188,0.24939495190598257
AC006305.1,1.1320383097066355e-5,2.3975038694940958,0.19,0.045,0.24998801993251632
NBPF14,1.1682115190374657e-5,2.1499824630316264,0.214,0.055,0.25797614974904354
LRRC34,1.1692391799048663e-5,3.0587019560423365,0.119,0.02,0.25820308809839165
CYP4V2,1.1786753623694135e-5,2.037507733773214,0.214,0.054,0.2602868802720376
ZSWIM6,1.1878041574315986e-5,1.4360818480448638,0.69,0.459,0.2623027920856199
TUBGCP3,1.1953671114069052e-5,1.580423869992339,0.476,0.212,0.2639729192119869
ZNF79,1.208500278500818e-5,2.0549788699996197,0.19,0.044,0.2668731165013356
ZNF26,1.2114938226683984e-5,1.6032295923642548,0.405,0.165,0.2675341808598624
ANTXR1,1.2371221513163058e-5,1.2788869445435918,0.476,0.213,0.2731936846751798
AC106818.2,1.2375737588738292e-5,2.148683322880002,0.19,0.045,0.2732934131721077
ZC3HAV1,1.2381690082617081e-5,1.1913673389155668,0.5,0.217,0.273424862094433
AC068587.4,1.2456986815541007e-5,1.885053868557307,0.31,0.103,0.27508763984759205
ARHGEF6,1.2572499935405315e-5,1.8322596033874445,0.286,0.089,0.27763851607355555
RCBTB2,1.315891845891864e-5,1.9902020189948568,0.286,0.093,0.29058839632830036
ANKRD10-IT1,1.3213617736916358e-5,1.6198962908305432,0.31,0.099,0.29179632048432397
MT-ATP6,1.334283438289151e-5,-1.7160680811106386,0.595,0.759,0.29464981167739324
PAPPA2,1.3388640431291188e-5,-6.535110393483693,0.119,0.461,0.2956613466442033
PRELID3A,1.3576113231674998e-5,2.7480011165782288,0.119,0.02,0.29980130849507897
THUMPD3-AS1,1.3622686787326123e-5,1.409678583440198,0.524,0.23,0.3008297923245228
CEP192,1.4031638484758428e-5,0.7820629526518618,0.69,0.334,0.30986067265892037
PAX8,1.4249660147687232e-5,2.2119482163380186,0.214,0.056,0.31467524504137717
ZHX3,1.4318967678284932e-5,1.2528352862077181,0.429,0.165,0.3162057632395662
LARGE1,1.4363545104022968e-5,0.8539918122664424,0.452,0.176,0.3171901665321392
TBCE,1.4576777821460997e-5,2.7036069972197754,0.143,0.028,0.3218989846313232
RBPJ,1.4919978355912288e-5,2.123383906723829,0.833,0.732,0.32947788203361106
KANK1,1.4972142287724919e-5,-2.436950496851121,0.238,0.586,0.3306298181398294
EIF4G3,1.5037643160530918e-5,0.9904591609687823,0.881,0.71,0.3320762739140043
VGLL3,1.5131460370470349e-5,-2.061744048240058,0.214,0.58,0.3341480393610967
PIK3CG,1.5546044473032743e-5,2.3017448866886645,0.19,0.046,0.34330330009798204
AC012459.1,1.5591381742350896e-5,1.9794386775176835,0.238,0.067,0.3443044830163348
BCL2,1.5618886679031564e-5,-1.9436447077226986,0.214,0.583,0.34491187453305405
EGFR,1.570249534777391e-5,-1.4359307428579628,0.405,0.709,0.3467582047648913
RNF34,1.5913732330003068e-5,1.3932668766076248,0.357,0.127,0.3514229510434578
HDAC8,1.6060367135538095e-5,1.0854012044628063,0.81,0.556,0.35466108745408775
PTPRJ,1.6239900232901026e-5,1.5065228541108822,0.595,0.302,0.35862571684315336
IFNAR2,1.6605347785048262e-5,1.2892254174979854,0.5,0.218,0.3666958951372208
TCHP,1.6659781707439696e-5,1.5166755704717731,0.381,0.143,0.3678979594453908
PLXNA2,1.7308678623508958e-5,1.4527678883562862,0.452,0.186,0.3822275500429483
ADCY9,1.7352344898211867e-5,1.3513512730034354,0.452,0.185,0.38319183238721266
ALCAM,1.7377574719896822e-5,1.5021896973135804,0.405,0.161,0.38374898253948153
LINC00342,1.750017339866262e-5,1.6643759615301366,0.381,0.147,0.38645632916266665
PRMT7,1.7586069174426337e-5,1.4022262797364982,0.357,0.127,0.3883531655788568
CXorf21,1.761840371910496e-5,2.3381253224151637,0.143,0.028,0.38906720932899486
SPRED1,1.7737353475771205e-5,1.5003225797580737,0.619,0.357,0.39169397680545553
STAM2,1.7758782012859936e-5,1.13670446804361,0.548,0.257,0.39216718318998595
ALDH1L2,1.8245933159236358e-5,2.0124789392816913,0.19,0.046,0.4029249419554165
SYNE2,1.8307542390075584e-5,-1.1633908712652308,0.619,0.862,0.4042854586000391
LPIN3,1.8439646700727512e-5,2.7845269926033427,0.119,0.02,0.4072027180921657
FBN2,1.868417729933743e-5,-1.4270077639295025,0.405,0.706,0.4126026873012684
NIPSNAP3B,1.8775617685126015e-5,1.9161238753865557,0.238,0.067,0.4146219653406378
NUDCD3,1.8902035146723425e-5,1.2073734150929507,0.548,0.266,0.4174136421450934
CCNC,1.908738665485916e-5,1.108438173769807,0.571,0.257,0.4215067594992548
AGO4,1.9347570162235458e-5,1.33911584428098,0.548,0.265,0.42725239189264563
CASP10,1.941943652645306e-5,2.0873743459250003,0.214,0.057,0.42883941681366294
AC092422.1,1.9485804916257403e-5,1.469591484857519,0.262,0.078,0.43030502996571224
GARS-DT,1.9642759222287018e-5,1.3237800463798222,0.548,0.268,0.4337710519057642
MRC1,1.972662331921475e-5,1.74844922810253,0.381,0.144,0.4356230227582193
IL17RA,2.0051773383331502e-5,1.4275164385605348,0.333,0.116,0.4428033116241096
SEC14L2,2.01826885669455e-5,2.5307704003575595,0.143,0.028,0.4456943116238575
SULT1C2,2.0297632767154465e-5,2.3245020385511888,0.19,0.047,0.44823262439707207
AL138787.2,2.045251792437772e-5,2.181185962567332,0.167,0.037,0.45165295332403316
AC069547.2,2.0633596389786498e-5,2.484966710744435,0.143,0.028,0.4556517090756552
PRKCH,2.078237539330448e-5,-1.91484524858125,0.143,0.495,0.4589371958103428
ZNF569,2.0975917583305793e-5,1.722466024471091,0.262,0.078,0.46321118799214184
RNLS,2.1309055814842882e-5,2.7451186080451073,0.19,0.048,0.4705678795591754
TMC1,2.137013925724446e-5,-2.1676222155728917,0.119,0.472,0.4719167852177294
CYSLTR1,2.14015726360557e-5,2.3498071274627987,0.19,0.047,0.472610928522018
TUSC3,2.1654653107832867e-5,-1.2720065154210127,0.524,0.771,0.4781997045802732
ARSB,2.1941289293713194e-5,1.3111372548462061,0.5,0.216,0.48452949147306845
ATP6V1C1,2.1948396970030402e-5,1.3609779934689814,0.5,0.231,0.4846864502891814
CDON,2.1967457480745315e-5,1.8618690811365075,0.286,0.095,0.4851073635472988
RPS25,2.2194259402188875e-5,-2.2223924213364477,0.19,0.511,0.4901158303785369
TTC39C,2.27039105930422e-5,1.9655925516508554,0.31,0.106,0.5013704576261508
RGL1,2.2834189098834666e-5,1.0753224702358097,0.524,0.258,0.504247397869566
AC124254.2,2.2881287214769373e-5,3.1630386158570727,0.119,0.021,0.505287465563752
MT-ND4L,2.290326177888995e-5,-4.4093458187846135,0.024,0.34,0.5057727298632267
MT-CO1,2.3027128960426635e-5,-1.9238075572749271,0.667,0.804,0.5085080888331014
CASK,2.310649467016269e-5,1.1751114481576472,0.595,0.307,0.5102607218012026
SCAMP5,2.3134397174344986e-5,2.2625742894079868,0.167,0.037,0.5108768928010603
LRRC8C,2.32185172776695e-5,2.15618494481601,0.238,0.069,0.5127345170427756
JAK1,2.338965166172525e-5,0.9756772045526124,0.595,0.279,0.5165136776458786
AL136114.1,2.3727240433759394e-5,2.1223966313597264,0.143,0.028,0.5239686504987087
LENG8,2.3990258781666362e-5,1.318385152376493,0.429,0.173,0.5297768846755383
LMOD1,2.4173199056008812e-5,1.9406461945206246,0.238,0.068,0.5338167547538426
CC2D2A,2.421820100274605e-5,1.701859334933508,0.381,0.151,0.5348105327436411
KIF1B,2.4737673482244678e-5,1.1729088598811335,0.667,0.352,0.5462820435084093
AC068533.3,2.529868061772328e-5,2.25230595395416,0.19,0.047,0.5586707640811832
RASSF4,2.5493870544721855e-5,1.700695401799872,0.286,0.093,0.5629811432390928
KLHL2,2.5524068757450408e-5,1.4292825781667564,0.405,0.157,0.5636480103707774
SSH1,2.5691140302639947e-5,1.3885983162722035,0.476,0.221,0.5673374513031979
SMAD3,2.624722393636863e-5,1.4972450405228714,0.476,0.212,0.5796174461868284
LCLAT1,2.628809753658053e-5,1.498142099492168,0.548,0.275,0.5805200579003078
ABHD6,2.6662364094608737e-5,1.9824663702152514,0.19,0.047,0.5887849863012448
PLEKHA2,2.6839097459680932e-5,1.2119482163380189,0.429,0.175,0.592687789202134
SLC15A4,2.747502638858267e-5,1.4711609112194046,0.286,0.089,0.6067310077390712
UBXN7,2.7480907304474218e-5,1.0237146564827686,0.571,0.276,0.6068608760047042
MEF2A,2.7674175983363505e-5,1.185406428885527,0.786,0.585,0.6111288282406163
FKBP15,2.784865558782349e-5,1.3914548248212903,0.5,0.231,0.6149818613459062
MT-ND1,2.8031813929640862e-5,-2.3336434957435617,0.405,0.641,0.6190265470082592
ANKS6,2.8291573130133478e-5,1.6503903199518064,0.286,0.092,0.6247628094327375
RRN3,2.8815677993928518e-5,1.6058211056188203,0.286,0.091,0.6363366171399235
CSF3R,2.884597201940314e-5,-1.5074996165701577,0.143,0.495,0.6370056001044796
ZNF583,2.896939527462204e-5,2.275513345115485,0.167,0.038,0.6397311558494785
MYSM1,2.9044344081702575e-5,1.0443941193584534,0.619,0.329,0.641386250356238
GRHL2,2.922321449863016e-5,-1.1439197463716237,0.143,0.516,0.6453362457732498
SLC38A6,2.937865356236599e-5,1.7033122990181808,0.452,0.225,0.6487688066177282
UGCG,2.9497967071876926e-5,1.5329882256073781,0.333,0.12,0.6514036068482582
YAE1,3.144272609364372e-5,2.0255350921071376,0.214,0.058,0.6943497203259343
CCL2,3.144509446450896e-5,2.4650671533067303,0.119,0.021,0.6944020210597512
SLC39A11,3.17732255072593e-5,1.152103138175917,0.571,0.276,0.7016481388768071
CD163,3.18035101311897e-5,1.5433353207566498,0.357,0.138,0.7023169142270621
AC023509.6,3.2720087077933783e-5,1.3484278777966694,0.333,0.117,0.7225576829420117
ADAM33,3.2835570126988595e-5,2.3150417093021223,0.19,0.048,0.7251078951142892
GAMT,3.4150506928290885e-5,2.7123772068475076,0.119,0.021,0.7541456444974476
RAB8B,3.431491511424017e-5,0.8766212825853277,0.595,0.297,0.7577762704677656
CRYBG1,3.432609068526891e-5,-1.3891210948816872,0.31,0.626,0.7580230606027933
P4HA1,3.453101527149713e-5,1.1642617571265133,0.595,0.322,0.7625484102404712
COL24A1,3.468158992709866e-5,3.768759676745026,0.143,0.03,0.7658735503601197
ZMIZ1,3.4834412062109266e-5,1.2845396209047784,0.476,0.225,0.769248321567559
CLMAT3,3.490746680806818e-5,2.610497592828294,0.119,0.021,0.7708615895225697
HPGDS,3.495105717137044e-5,1.8203519608029126,0.333,0.123,0.7718241955153734
PTMA,3.537317122853628e-5,-1.6961855461211317,0.333,0.647,0.7811457402397667
SRC,3.558005737583497e-5,2.025535092107137,0.19,0.048,0.7857144070305636
SLC27A1,3.576013069442629e-5,1.9331710739584778,0.214,0.058,0.7896909661250158
SLC11A2,3.599304396500059e-5,1.3491035453757554,0.524,0.276,0.794834389879108
TSPAN7,3.6268810990872025e-5,2.6450071232549033,0.19,0.049,0.800924153111427
SMIM15-AS1,3.6716665944720686e-5,2.1630386158570727,0.167,0.038,0.8108141340572669
SRSF5,3.686195354513245e-5,-1.636739470714155,0.286,0.585,0.8140225201371599
LRRC8D,3.7365536332191053e-5,1.1799690118069497,0.429,0.171,0.825143138823775
CABLES1,3.748387996262791e-5,1.218686645406987,0.429,0.179,0.8277565212147121
TFEC,3.75584452322043e-5,1.8082616413957031,0.286,0.097,0.8294031460627674
KIAA1549L,3.77297417120962e-5,4.195460093549451,0.119,0.022,0.8331858862282203
CYHR1,3.806155494637657e-5,1.5956701751506546,0.238,0.068,0.8405133178808338
ITSN2,3.8340505176353205e-5,1.0138721745815575,0.643,0.355,0.8466733758094078
AC022872.1,3.937358248188135e-5,-3.933187087433962,0.119,0.428,0.8694868219473858
IKZF1,3.9660774704250894e-5,1.8220016980220055,0.262,0.081,0.8758288877939725
PIGX,3.971010549460957e-5,1.9054793400894297,0.286,0.098,0.8769182596374632
CCDC92,3.979688412729733e-5,0.9931136144147601,0.429,0.173,0.878834592183107
CCDC191,4.1082973378786025e-5,1.9000042100232786,0.238,0.071,0.9072353011237317
AC087672.2,4.130856677837555e-5,2.636969804189485,0.143,0.03,0.9122170801668673
STON1-GTF2A1L,4.15986130611035e-5,2.257897802198514,0.19,0.049,0.9186221722283486
EDA,4.160910004958699e-5,1.1103315655262278,0.357,0.131,0.9188537563950295
P3H1,4.2074620192760006e-5,1.883702397694178,0.31,0.11,0.9291338377167192
MORC4,4.2327888127409204e-5,-1.3408189167203566,0.262,0.588,0.9347267535175775
PRICKLE2-AS3,4.247190847982689e-5,2.7687596767450264,0.119,0.022,0.9379071549600172
LINC01266,4.2676613922339326e-5,2.1404371869199394,0.143,0.03,0.9424276652470194
GRK3,4.337429431565446e-5,1.6687214795759169,0.476,0.228,0.9578345413725974
AC104123.1,4.460823986456174e-5,1.8096577079270249,0.381,0.161,0.985083760929117
PPCDC,4.4960946436078085e-5,1.1666498694094511,0.381,0.143,0.9928725801479124
ZFPM2-AS1,4.501858122620015e-5,2.051729032652365,0.429,0.205,0.994145329218178
DLG5,4.5182781919547274e-5,-1.2751591683410055,0.286,0.61,0.9977713731293625
AC002465.1,7.987932792143026e-4,3.1157329010787156,0.119,0.029,1
LINC00970,4.1379142124000815e-4,3.042023214895706,0.119,0.028,1
AC044893.1,3.462523270736655e-4,3.0038400210078184,0.119,0.027,1
PRPS2,1.0204702748829847e-4,2.982466370215252,0.119,0.024,1
AL807761.4,2.7385207938475495e-4,2.9489138105042247,0.119,0.026,1
CCDC170,1.2482059805172328e-4,2.922030516353278,0.167,0.044,1
AC103923.1,5.45584579747604e-5,2.8660568780999407,0.119,0.022,1
CRYGS,4.697630681622181e-5,2.8526984952449217,0.143,0.03,1
DIRC3,0.0025946657199705956,2.8296148821318807,0.143,0.046,1
CCDC40,9.257110165211948e-5,2.7687596767450264,0.119,0.023,1
LMCD1-AS1,0.0010452752602008535,2.767696917919148,0.262,0.102,1
AC110995.1,0.0027130538860689122,2.762500686273343,0.119,0.034,1
AC008554.1,5.656183988012557e-5,2.737732781124402,0.119,0.022,1
CD9,2.1116766146974473e-4,2.7155796388858513,0.143,0.035,1
ZNF773,1.8483016162047108e-4,2.7073591320808825,0.119,0.025,1
AC005909.2,8.996725093476444e-4,2.7006954017998717,0.119,0.03,1
AC244131.2,4.640297312770078e-5,2.638879394198116,0.214,0.063,1
AIM2,4.346928369980805e-4,2.633065349733569,0.19,0.06,1
ABHD14B,6.0590171074444386e-5,2.610497592828294,0.119,0.022,1
SMO,6.231986252272968e-5,2.6045483264971074,0.167,0.04,1
AC097662.1,3.3555275390524946e-4,2.6023236613825937,0.119,0.027,1
CEMIP,0.025521258518825873,2.5927228911003173,0.214,0.112,1
FOXP4,3.487577292052713e-4,2.591881914660947,0.119,0.027,1
NANP,7.889714303609866e-5,2.5780761151359166,0.119,0.023,1
TMEM98,1.2521345455629112e-4,2.5780761151359166,0.167,0.043,1
LINC00886,0.0013016391738613197,2.570696584770319,0.143,0.042,1
CPNE2,1.3802626466974437e-4,2.5674288709364075,0.143,0.033,1
CISD3,6.992841011444255e-5,2.5542293731815486,0.143,0.031,1
ZNF528-AS1,5.672451821995512e-5,2.552080906602972,0.167,0.04,1
AL353622.1,6.19650604139595e-5,2.5463672554085783,0.119,0.022,1
LRRC29,1.0163353670957076e-4,2.5463672554085783,0.119,0.023,1
LRRC63,3.419146998473354e-4,2.5307704003575595,0.119,0.027,1
PITRM1-AS1,6.196505422178047e-5,2.515340359787954,0.119,0.022,1
SNHG19,5.612878700536896e-4,2.5031140574546944,0.143,0.038,1
ABCA8,0.007240499498829563,2.501454833533004,0.119,0.038,1
PBLD,3.299237259478528e-4,2.484966710744435,0.143,0.036,1
LINC02798,0.02744848652313066,2.484966710744435,0.119,0.048,1
AC025165.2,5.9708604017046135e-5,2.4849667107444344,0.143,0.031,1
AL157838.1,1.6369424821139933e-4,2.4849667107444344,0.119,0.024,1
MRVI1-AS1,5.294344290367113e-5,2.455219367350383,0.167,0.04,1
AL591002.1,1.6537398819386893e-4,2.455219367350383,0.119,0.024,1
MYBBP1A,2.523131594745647e-4,2.455219367350383,0.119,0.026,1
PICK1,1.5092940772089218e-4,2.440572591385982,0.143,0.033,1
TNFRSF11A,9.252613221951883e-4,2.438954312987599,0.19,0.062,1
TIMM10B,3.107282546244998e-4,2.426073021690866,0.119,0.026,1
AL357093.2,3.107282546244998e-4,2.426073021690866,0.119,0.026,1
IMPDH1,3.2294859532033e-4,2.426073021690866,0.143,0.036,1
AL078459.1,0.13410555545034292,2.4188775202866624,0.119,0.064,1
ST6GAL2,0.001201407188991352,2.418877520286662,0.143,0.042,1
AL354740.1,7.60470865486043e-4,2.414577382853037,0.143,0.039,1
SETD9,8.744351140818886e-4,2.409678583440198,0.119,0.029,1
NAPA-AS1,3.797701847899794e-4,2.3975038694940953,0.119,0.027,1
MBP,7.6650822858333493e-05,2.378051506827923,0.262,0.091,1
AL117190.2,6.327305924249527e-5,2.376442253966266,0.143,0.031,1
AC083855.2,3.569304328243555e-4,2.376442253966266,0.119,0.027,1
KCTD15,3.161267341723447e-4,2.3694894933244988,0.119,0.026,1
AC105916.1,0.008169969046479503,2.3639513097830687,0.119,0.039,1
AC002074.1,2.39064237411789e-4,2.3578547928410956,0.19,0.058,1
UBE2D4,0.0045008617834473045,2.355683693799468,0.119,0.036,1
ZNF273,1.7172862652876597e-4,2.3498071274627987,0.19,0.054,1
TMEM237,0.0024047186865985156,2.3474631869945,0.143,0.044,1
HSF4,3.86202711712185e-4,2.3420087569023917,0.119,0.027,1
ZNF23,5.553781376426296e-4,2.3420087569023917,0.119,0.028,1
SPRYD4,5.3425980667899924e-5,2.3381253224151637,0.143,0.03,1
AC025180.1,0.003328111576647899,2.335219591239753,0.119,0.035,1
SNAPIN,8.470440746464169e-5,2.332963617299385,0.167,0.041,1
DPYSL3,0.013594126075043898,2.3311613746654,0.143,0.056,1
PHACTR1,1.4878854460398307e-4,2.3189567593055056,0.262,0.095,1
IL10RA,0.0011383996065269634,2.315041709302123,0.19,0.065,1
AC010618.3,5.3656884419198314e-5,2.3150417093021223,0.167,0.04,1
CCDC36,1.563768032836464e-4,2.3150417093021223,0.143,0.033,1
ZFHX2-AS1,6.650156605023137e-4,2.3150417093021223,0.119,0.028,1
EFCAB6,0.004355735789564495,2.3150417093021223,0.119,0.036,1
LINC01094,5.2305535160940636e-5,2.310041028243756,0.238,0.073,1
STOX1,6.499914752793593e-5,2.2951421518644177,0.143,0.031,1
LY86,3.0472192369322806e-4,2.2923216328020386,0.167,0.047,1
SLC9A9,8.456512015066528e-4,2.2845865191880947,0.476,0.333,1
COL6A6,5.9995817312827766e-5,2.2802762911414463,0.286,0.103,1
DOK3,5.199528495271142e-4,2.279852280839822,0.143,0.038,1
NPIPB3,1.4061627962362163e-4,2.2699538197735842,0.143,0.033,1
CYTL1,2.595203774409501e-4,2.2699538197735842,0.119,0.026,1
OOEP,0.0016487624417674078,2.2699538197735842,0.119,0.031,1
MBOAT2,0.18756892493348518,2.2688715278691967,0.167,0.112,1
AC090809.1,0.002945897268481153,2.2574309861320274,0.167,0.058,1
CADM3-AS1,6.512353652505391e-5,2.256148020248554,0.143,0.031,1
SLC7A7,1.6823266589230195e-4,2.242891923546287,0.19,0.055,1
AC055733.2,3.11787107997746e-4,2.237039197300849,0.143,0.036,1
NUDT12,6.814135408103196e-4,2.237039197300849,0.119,0.028,1
AC092745.5,0.0012613703878705238,2.237039197300849,0.119,0.03,1
SLC22A3,0.0014835205459309388,2.234630690830128,0.31,0.147,1
SLFN12,6.149110342841039e-4,2.2286269574846487,0.143,0.038,1
AC110611.1,1.4368021707703973e-4,2.2262324423442665,0.143,0.033,1
TLR7,0.0020325855819142693,2.2244391605212157,0.143,0.044,1
GINS4,0.008558190794902089,2.2181801700495334,0.119,0.039,1
CCDC112,0.002095874423265384,2.216477874818533,0.143,0.044,1
RAB39A,8.783312253733952e-4,2.2119482163380186,0.143,0.039,1
TCEA3,0.0030454810013535853,2.2069819634446697,0.143,0.046,1
ALG1,2.7837908740679197e-4,2.2048587915516995,0.143,0.035,1
PRKCA-AS1,6.484887174469249e-4,2.202032747472936,0.19,0.063,1
LRMDA,3.915766133528056e-4,2.198282096205847,0.524,0.359,1
RASGRP3,6.176502693027843e-5,2.197618847567217,0.262,0.086,1
C15orf61,1.3619565526884394e-4,2.19546009354945,0.167,0.043,1
AC096741.1,1.9473187165607473e-4,2.185406428885527,0.19,0.056,1
LYL1,4.620062707975537e-5,2.1837971760238704,0.143,0.03,1
PFN2,8.264749767846157e-4,2.181185962567332,0.143,0.039,1
ARHGAP15,7.326337985818534e-4,2.180455668934482,0.238,0.091,1
AL035587.1,0.0013078668669539947,2.1630386158570727,0.119,0.03,1
ZNF112,0.00871565197030943,2.1630386158570727,0.119,0.039,1
ALDH16A1,2.8119825245120905e-4,2.1630386158570722,0.143,0.035,1
AC103591.3,1.75778768697592e-4,2.1425745132973573,0.143,0.033,1
UBE2R2-AS1,2.840429905070884e-4,2.1425745132973573,0.143,0.035,1
KCTD5,0.0036018809291166022,2.1425745132973573,0.119,0.035,1
ZNF177,0.0013184813616515714,2.1391918739027047,0.119,0.03,1
ENPP1,0.09211746575602259,2.1366161320238364,0.405,0.314,1
RAB40B,2.4816526033351e-4,2.1223966313597264,0.143,0.035,1
PTPRO,8.156868099035067e-4,2.1223966313597264,0.214,0.076,1
ATP9A,0.0013649269128936734,2.1173959503013595,0.262,0.11,1
AGR2,5.1582620804974236e-5,2.1157329010787156,0.119,0.022,1
RMDN2-AS1,8.38722338917684e-4,2.1157329010787156,0.119,0.029,1
AL080250.1,9.74650807366181e-4,2.1157329010787156,0.119,0.029,1
CDIP1,0.002018836510791382,2.1157329010787156,0.119,0.032,1
TNFRSF14,6.709539738448619e-4,2.10992727939751,0.143,0.038,1
AC027698.1,0.004199779411698999,2.10992727939751,0.119,0.035,1
PCK2,2.5070846520047795e-4,2.102497073922022,0.143,0.035,1
SEZ6L2,0.001936229207299945,2.102497073922022,0.119,0.032,1
ASPN,0.09592185789195105,2.092649287965675,0.143,0.079,1
IRF8,6.006714138663196e-4,2.0926492879656746,0.119,0.028,1
GEMIN7-AS1,0.0015468464547168433,2.0926492879656746,0.119,0.031,1
GLB1L,0.0017639442990083397,2.0926492879656746,0.119,0.031,1
ZNF18,0.0017777150766543695,2.0926492879656746,0.119,0.031,1
HAVCR2,0.001103612233442128,2.0896654295268533,0.214,0.08,1
IFI27L1,2.88409098056389e-4,2.0850361038557996,0.167,0.046,1
LINC00113,0.001292078633382582,2.0850361038557996,0.143,0.041,1
SMARCD3,6.035802677429566e-4,2.0828682671730894,0.143,0.038,1
OR2A1-AS1,7.748542454648364e-5,2.078974351068598,0.238,0.074,1
AP002812.2,0.0038154857327722994,2.078974351068598,0.143,0.047,1
PTPRT,0.020372708655910236,2.075896053227404,0.19,0.088,1
PPIE,2.788059568326012e-4,2.074033609798328,0.19,0.057,1
TMC8,0.008790155245295788,2.074033609798328,0.143,0.053,1
GNG7,4.8001898873255066e-4,2.072583664911569,0.19,0.061,1
AC092535.4,5.0504671392172736e-5,2.0721851854059588,0.238,0.073,1
AC006160.1,0.0011647820376481856,2.0699292114655905,0.119,0.03,1
AC090114.2,0.0023359031548388772,2.0699292114655905,0.119,0.032,1
ARRDC1-AS1,0.002651447487959591,2.0699292114655905,0.119,0.033,1
UBE2D3-AS1,0.022298786855621474,2.0699292114655905,0.119,0.045,1
AC127164.1,5.272602649185922e-4,2.063502942306158,0.143,0.037,1
ELP5,7.899301199112302e-4,2.063502942306158,0.143,0.039,1
ZBTB49,6.562240082525769e-5,2.0617552800198906,0.19,0.051,1
HRH1,6.967766097655209e-5,2.058701956042337,0.286,0.102,1
FAM198B-AS1,0.0024578322250456653,2.050980108664601,0.238,0.102,1
TAL1,0.0011552563766924469,2.047561398437136,0.119,0.03,1
LAT2,0.0015591320638531116,2.047561398437136,0.119,0.031,1
SIAE,0.0020498970216058943,2.047561398437136,0.119,0.032,1
KDELR3,0.0023534610492799125,2.047561398437136,0.119,0.032,1
ZNF692,0.0026710295976464585,2.047561398437136,0.119,0.033,1
SNX33,0.0030201711358535752,2.047561398437136,0.119,0.033,1
AC051619.5,2.4816519009987807e-4,2.0443941193584534,0.143,0.035,1
LINC02603,0.004699709627459525,2.0443941193584534,0.119,0.036,1
TMEM144,6.102733258012735e-4,2.043866914879395,0.31,0.136,1
IRAK1,1.3724785344724222e-4,2.0420232148957065,0.167,0.043,1
TMEM163,0.002374422782873749,2.042023214895706,0.119,0.032,1
EPHA6,0.001584496867251328,2.040403259162419,0.286,0.128,1
AC098829.1,3.1442458182048756e-4,2.037883484534783,0.262,0.101,1
ZNF624,5.096590149719555e-4,2.036506209928141,0.19,0.06,1
MEF2C-AS2,9.528882502442444e-4,2.036506209928141,0.167,0.051,1
COL5A3,0.0025096719013130383,2.033755598912106,0.167,0.056,1
LINC02269,4.5495372317889474e-5,2.033270740886743,0.214,0.06,1
TCEA2,0.0030420697314471425,2.025535092107138,0.119,0.033,1
BPNT1,4.728557971642885e-5,2.0255350921071376,0.214,0.06,1
AC010226.1,0.0037300643377853084,2.0255350921071376,0.119,0.035,1
LINC01798,0.006483926233155483,2.0255350921071376,0.119,0.038,1
NOTCH1,0.009740213731012795,2.009233279778037,0.119,0.039,1
ADAMTS10,0.009846280467009139,2.009233279778037,0.119,0.039,1
TMEM101,0.0013166811655043332,2.006919413939791,0.143,0.041,1
CELF4,0.002997042996967042,2.006919413939791,0.119,0.033,1
NCF4,0.0017737014725068931,2.0054973388705926,0.167,0.055,1
NIPAL3,0.007225098635896476,2.0054973388705926,0.167,0.065,1
TNFRSF25,4.3019677613452794e-4,2.0049737696248213,0.238,0.087,1
LNP1,9.828575994054191e-4,2.0038400210078184,0.119,0.029,1
RNF24,1.9774743254100395e-4,2.0011509334801785,0.214,0.067,1
TMEM218,3.0993976738769545e-4,1.9931136144147605,0.167,0.046,1
SEMA4D,6.703403317576714e-4,1.9912289700698171,0.286,0.117,1
AC016493.1,8.115104053103306e-4,1.9885408846249364,0.143,0.039,1
GFPT2,0.00523594153387133,1.9885408846249364,0.119,0.036,1
AC026470.2,9.035432910505351e-5,1.9885408846249357,0.214,0.063,1
ITPR1,0.04319048793012382,1.9883309922784704,0.31,0.188,1
AC008937.2,6.15871872434799e-4,1.9824663702152514,0.167,0.049,1
NUDT13,0.0030862766625741394,1.9824663702152514,0.119,0.033,1
AL355488.1,0.003901615193659999,1.9824663702152514,0.119,0.035,1
VPS25,0.004365087436679601,1.9824663702152514,0.119,0.035,1
AC104170.1,0.04396005754789966,1.9824663702152514,0.119,0.051,1
ADAMTS7,0.00997061253567006,1.9786140447196452,0.143,0.053,1
MAP3K12,0.024738160628249194,1.977172070545739,0.119,0.046,1
ADAMTS9-AS2,0.03544800674241955,1.9752923373275157,0.19,0.102,1
FBXO16,3.046905367815473e-4,1.9703935379146769,0.143,0.035,1
TRMT5,0.001056210051002558,1.9703935379146769,0.143,0.04,1
AC022098.1,0.004705969670063573,1.9703935379146769,0.119,0.036,1
AC023790.2,0.005877347630417065,1.9703935379146769,0.119,0.037,1
PKDCC,0.005908090550029004,1.9703935379146769,0.119,0.037,1
IRAK2,0.006451273396838584,1.9703935379146769,0.119,0.037,1
FRMD8,3.070326433225839e-4,1.9671184058818159,0.19,0.057,1
SLC6A15,0.03163661887016875,1.9639159738434713,0.167,0.08,1
FGF13,7.432983529651674e-5,1.961404754687422,0.333,0.131,1
RFXAP,1.1822607842298118e-4,1.9614047546874218,0.19,0.053,1
AC005920.2,0.1310141644390447,1.9614047546874216,0.143,0.081,1
KCNJ5,2.2641914613121247e-4,1.9577197078795658,0.214,0.069,1
C12orf73,0.03271905882209862,1.9544519940456553,0.119,0.049,1
RNF125,0.001063886459543361,1.9544519940456548,0.143,0.04,1
ADAM32,0.0032206912263850113,1.9544519940456548,0.143,0.046,1
GTF2E1,0.003875592958906216,1.9544519940456548,0.143,0.047,1
TESC,1.330447274490477e-4,1.9524716299174143,0.143,0.032,1
SACS,5.6841815413099455e-5,1.9509881387420833,0.214,0.06,1
PLXNA4,0.2305539314411918,1.9480257248862218,0.119,0.071,1
LRRN2,0.017637693864352454,1.9458078996364034,0.119,0.043,1
CD163L1,8.193946112377564e-5,1.9414708273186632,0.333,0.137,1
CNTN6,9.559718255114591e-4,1.9406461945206246,0.31,0.144,1
PIK3IP1,0.0032204587672976515,1.9406461945206241,0.143,0.046,1
AP4B1,0.003956290466737951,1.9406461945206241,0.119,0.035,1
CFAP410,0.005485562385439155,1.9406461945206241,0.119,0.036,1
PLAGL2,0.006093907229427144,1.9406461945206241,0.119,0.037,1
NCK1-DT,0.0015310560796636247,1.9374789154419414,0.19,0.068,1
SPON2,3.3973654729855797e-4,1.9365300860483927,0.167,0.046,1
PHKA1,3.610562833001741e-4,1.9347696281839557,0.143,0.036,1
SLC12A7,0.008811613747512263,1.9347696281839557,0.119,0.039,1
MAMDC2-AS1,8.666689729935508e-4,1.934769628183955,0.19,0.064,1
NIPAL2,8.57020982522825e-4,1.9319943242677156,0.214,0.078,1
AC245060.5,6.794625755938585e-5,1.9303778590667977,0.214,0.062,1
TBCCD1,3.2303925254884464e-4,1.9303778590667977,0.167,0.046,1
NUDT19,0.027179081121084556,1.9303778590667977,0.119,0.046,1
IQSEC2,0.007246910140036413,1.9242517562699555,0.143,0.051,1
TCEAL3,0.0027356315340212913,1.9201820919609092,0.167,0.057,1
FAM184B,0.0044555737283334985,1.9201820919609092,0.119,0.035,1
TMEM53,0.00496761061173064,1.9201820919609092,0.119,0.036,1
CIC,0.0061205452017045695,1.9201820919609092,0.119,0.037,1
DUSP22,0.0024398046733649092,1.9201820919609087,0.214,0.087,1
LILRB3,0.005993070569642502,1.917282201455114,0.119,0.037,1
CDK2AP2,0.014600676462655074,1.917282201455114,0.119,0.042,1
AC025280.3,0.0016201358709932597,1.9151111024134875,0.143,0.042,1
AC107021.1,0.03483251246228709,1.9134247257856,0.167,0.078,1
MIR646HG,5.612283848872382e-5,1.911390970325085,0.31,0.112,1
CPEB2,0.0010353305767959683,1.9105889606644446,0.31,0.143,1
IFT81,3.5874036086229537e-4,1.9066988625972865,0.238,0.084,1
TMC3-AS1,1.952935320757773e-4,1.9034432939900494,0.31,0.119,1
DDAH1,0.7129551731692145,1.9014534266603484,0.119,0.139,1
CCL3,6.350800726749783e-4,1.9000042100232784,0.119,0.028,1
AC025569.1,0.0013227885296537235,1.9000042100232784,0.167,0.054,1
SNHG18,0.005001072185481656,1.9000042100232784,0.119,0.036,1
AC009226.1,3.1234768359898177e-4,1.8945497799311708,0.238,0.081,1
SH3BGRL,7.07643338797269e-5,1.8940793760661734,0.429,0.194,1
AC243964.3,0.00880096623857487,1.8891158938805428,0.143,0.052,1
AC093110.1,4.2634928120886535e-4,1.8850538685573075,0.167,0.047,1
RILPL2,0.011416187253912235,1.8829306966643369,0.119,0.04,1
ZFAND4,0.004066700537688686,1.8816256807084242,0.167,0.061,1
DDIT4,0.004039532256486752,1.8801046525855738,0.119,0.035,1
AC114956.3,0.005034725190356924,1.8801046525855738,0.119,0.036,1
DHRS1,0.006160448080398317,1.8801046525855738,0.119,0.037,1
PRELID2,0.0011136510348736563,1.876157468068911,0.167,0.052,1
MCOLN1,1.537904615257953e-4,1.874469117916141,0.214,0.065,1
LY96,0.0056508458746798934,1.8722210535097406,0.214,0.095,1
KCNMB3,2.979667146913437e-4,1.870256866629227,0.167,0.045,1
MRPL58,0.00626422457511723,1.870256866629227,0.143,0.049,1
GNB5,0.01220254906835602,1.870256866629227,0.119,0.041,1
AP005899.1,0.02903267639758827,1.870256866629227,0.119,0.047,1
RFT1,0.0015305435148531942,1.8702568666292265,0.19,0.066,1
AGPAT4,1.4333581391606564e-4,1.86632108376699,0.595,0.331,1
WDFY3-AS1,0.0015568040502140657,1.8660568780999407,0.143,0.041,1
ZC4H2,0.0035283755465568443,1.8660568780999407,0.119,0.034,1
COPZ2,2.9586919305135163e-4,1.8604758458366415,0.19,0.057,1
RNF166,0.001882373472324201,1.8604758458366413,0.167,0.055,1
TRIM3,0.005068570684048366,1.8604758458366413,0.119,0.036,1
ENGASE,0.008355027300315577,1.8604758458366413,0.119,0.038,1
CDADC1,1.8967002170282998e-4,1.8569354881313926,0.19,0.055,1
SAP30L-AS1,2.5755571275340103e-4,1.8556100906648252,0.238,0.081,1
TTC32,0.004917914606951004,1.855610090664825,0.143,0.048,1
NOTCH2NLC,5.5875087268160264e-5,1.8539918122664423,0.286,0.098,1
TBXAS1,5.824069434340354e-5,1.8531376049853043,0.31,0.115,1
EPB41L2,1.8866818014364345e-4,1.8498475350511197,0.667,0.425,1
ZNF596,0.002665608906130296,1.8493781369533107,0.143,0.044,1
ARID5A,0.010673773498175299,1.8493781369533107,0.119,0.04,1
AC010978.1,0.011671397066329954,1.8493781369533107,0.119,0.04,1
CREB3L1,0.00582266320078436,1.8486573300230584,0.214,0.096,1
LINC00632,2.708932183084353e-4,1.8475367901291428,0.167,0.045,1
GNPDA2,6.72054974978899e-4,1.8475367901291428,0.167,0.049,1
PKN1,9.335195411836695e-5,1.84111052096971,0.286,0.101,1
DARS2,0.0013910344544506238,1.84111052096971,0.19,0.066,1
NME7,0.0016133074696661432,1.8392501789441824,0.31,0.141,1
ICA1,6.088839922386264e-5,1.8332626591470254,0.357,0.145,1
ARL10,0.002413225274251903,1.8328900141647422,0.143,0.044,1
TICAM2,2.3235504186210038e-4,1.8328900141647415,0.238,0.081,1
IFT140,3.057665682534379e-4,1.831524472140512,0.214,0.069,1
PLEKHG5,1.633534256892801e-4,1.8296148821318807,0.19,0.054,1
SAAL1,0.002668464554867133,1.8296148821318807,0.167,0.056,1
AC092683.1,0.005320070288524977,1.8254572566582246,0.167,0.062,1
TRIB1,0.11189497356932357,1.8254572566582246,0.119,0.062,1
MCM2,7.536933450498106e-4,1.8220016980220053,0.167,0.049,1
FIGNL1,0.006940371782016099,1.8220016980220053,0.119,0.037,1
RABL2A,0.006984718444731383,1.8220016980220053,0.119,0.037,1
SNHG15,0.0076962704331417844,1.8220016980220053,0.119,0.038,1
COQ2,0.01059925561046038,1.8220016980220053,0.143,0.053,1
MIR222HG,0.0025342520839854756,1.8205697425288738,0.31,0.155,1
MRM2,0.0024086714528180897,1.8182101188596311,0.167,0.056,1
AC092910.3,0.07273432128509524,1.8182101188596311,0.119,0.056,1
HDAC9,0.0012812759451006255,1.818098752535836,0.333,0.155,1
TTC21B-AS1,6.558923411925903e-4,1.816588201835641,0.143,0.038,1
AC002558.3,0.0024321932879590503,1.816588201835641,0.143,0.044,1
B9D1,0.0032552625829199394,1.816588201835641,0.143,0.045,1
SMAD9,0.007531828228076295,1.816588201835641,0.119,0.038,1
RASSF2,0.01889055080682979,1.816588201835641,0.119,0.044,1
MTERF2,0.02338104788592772,1.816588201835641,0.119,0.045,1
DENND2D,5.208863028130195e-5,1.8151153124367654,0.214,0.06,1
PLB1,5.560178109351687e-4,1.8125413687729393,0.167,0.048,1
N4BP2L1,0.04437838337351431,1.811194943065423,0.19,0.103,1
TMEM220,7.398015312911317e-4,1.8103669975386025,0.214,0.074,1
BMP2,0.007223089647279922,1.8094016612423718,0.143,0.05,1
TLR5,0.007247404439335848,1.806894805631797,0.143,0.05,1
WASHC1,9.036931477936426e-4,1.8054866112389887,0.238,0.093,1
CDC42EP5,0.002365243446709505,1.804846976982939,0.167,0.055,1
POLR3GL,0.005706952389230158,1.8031426707706895,0.119,0.036,1
IL12RB2,1.1306104264343027e-4,1.8023934133968567,0.238,0.077,1
MAST3,0.0033045399181452443,1.8004685364723647,0.143,0.045,1
RELT,0.015111975821108185,1.8004685364723647,0.119,0.042,1
MEIS3,0.01907189883315065,1.8004685364723647,0.119,0.044,1
ASB13,0.021864308729711585,1.8004685364723647,0.119,0.045,1
AL359706.1,0.0064435522029806765,1.7984661835612168,0.143,0.049,1
AC132807.2,0.02128570991482083,1.7984661835612168,0.119,0.044,1
FLRT2,0.004078070424348036,1.795667550208543,0.262,0.122,1
HLA-DMA,8.075576819268847e-5,1.7956675502085426,0.19,0.051,1
DCTD,0.0024765854762212832,1.7956675502085426,0.167,0.056,1
EPOR,8.068430779622979e-4,1.7946512098770504,0.19,0.062,1
PDGFB,0.004555706601498011,1.7930890061067668,0.167,0.061,1
ACVRL1,0.001569760503943287,1.7845269926033431,0.143,0.041,1
MEGF8,0.003329418738920426,1.7845269926033431,0.143,0.045,1
AP000442.1,1.0006491426307585e-4,1.7845269926033427,0.214,0.063,1
PTPRN2,2.0901022711483912e-4,1.7845269926033427,0.143,0.034,1
FUT11,3.076805378215591e-4,1.7845269926033427,0.214,0.069,1
SCPEP1,3.471658235138767e-4,1.7845269926033427,0.167,0.046,1
SLC46A3,4.924366945098396e-4,1.7845269926033427,0.167,0.047,1
WDR18,0.011136878371701176,1.7845269926033427,0.119,0.04,1
GYG1,0.07479796745661137,1.7845269926033427,0.119,0.057,1
AC242426.2,8.652781266349358e-5,1.7789888090619126,0.286,0.103,1
PAM16,1.8170071465549545e-4,1.7760154927478253,0.238,0.079,1
PEX6,3.6875739719410513e-4,1.773471804094347,0.19,0.057,1
LINC01503,0.005193338880731674,1.773471804094347,0.167,0.062,1
FGD2,1.9213650797584382e-4,1.7687596767450258,0.19,0.054,1
KCP,0.0071191921256763,1.7661484632884883,0.119,0.037,1
NDST2,0.013328563889437674,1.7661484632884883,0.119,0.041,1
AC104806.2,0.004019883266334975,1.7661484632884878,0.19,0.074,1
AL590006.1,0.21647923810909286,1.7591416741834291,0.119,0.072,1
TXNL4B,0.0033544569622193034,1.7531628216940076,0.143,0.045,1
ARHGAP30,0.02526717565457244,1.7531628216940076,0.119,0.046,1
DENND3,9.329552079782264e-4,1.7507782012488025,0.238,0.092,1
FAM157C,0.005858733266804289,1.7480011165782288,0.119,0.036,1
MLLT3,0.005625941990309155,1.7459145150114432,0.452,0.291,1
TMEM70,0.001428420240592722,1.743499724343288,0.167,0.053,1
PCNX2,0.002446675878320912,1.7424629330367987,0.238,0.1,1
RRAGD,0.012674052012026229,1.7408056151740245,0.143,0.054,1
MDM1,0.020344236799023818,1.7408056151740245,0.143,0.059,1
TUT1,0.004833650058803253,1.7377327811244019,0.143,0.047,1
NECAP1,0.02912633227238027,1.7377327811244019,0.119,0.047,1
BBS1,0.0026160062156615916,1.7360284749121524,0.167,0.056,1
LINC01515,8.015507708178885e-5,1.7354324430751729,0.31,0.116,1
AC009554.1,4.64287130535196e-5,1.7349449637527825,0.238,0.07,1
FAM20C,0.004582080460969621,1.7349449637527825,0.167,0.06,1
PVR,0.12677224477775942,1.7349449637527825,0.119,0.063,1
CIAPIN1,0.0011294266109263412,1.7341953170531985,0.214,0.077,1
TIPARP,6.631567660450629e-5,1.7332257638978301,0.262,0.085,1
EPHA7,0.0018949544874345026,1.73240426152721,0.19,0.068,1
SLCO2B1,5.28850571692437e-5,1.7300792085809662,0.333,0.131,1
ZNF571,0.0077116429467272846,1.7300792085809662,0.143,0.051,1
RRNAD1,0.008403961222867642,1.7300792085809662,0.143,0.051,1
GBGT1,0.012339313996446449,1.7300792085809662,0.119,0.04,1
IRF9,0.012410782585040966,1.7300792085809662,0.119,0.04,1
MVD,0.013481172589265447,1.7300792085809662,0.119,0.041,1
DHX37,0.017113918893873672,1.7300792085809662,0.119,0.043,1
PPP1R9B,0.017113918893873672,1.7300792085809662,0.119,0.043,1
C2orf27A,0.01735029398174737,1.7300792085809662,0.119,0.043,1
CNIH3,0.0016513248850836143,1.7265213891677773,0.214,0.079,1
RPGRIP1L,0.0032077412450157283,1.7259748102482297,0.19,0.072,1
ADAM28,0.0012764986112843459,1.7244060001657717,0.286,0.125,1
AC011092.3,0.06618826329901581,1.7241543746238608,0.119,0.055,1
AC009041.2,0.0014513522885908942,1.7224660244710917,0.143,0.041,1
ZNF286A,0.002707248851358817,1.7212010572345133,0.19,0.071,1
DNPEP,1.3912870886559594e-4,1.7194319643814575,0.214,0.064,1
ELMO1-AS1,0.004119595432862454,1.7194319643814575,0.167,0.059,1
TMC6,8.526124516954268e-4,1.7155796388858513,0.19,0.062,1
RANBP3L,0.022181569795510843,1.7148928047662901,0.119,0.045,1
ADAMTS2,1.1874696290455107e-4,1.7139079179098209,0.286,0.103,1
SYNGAP1,0.009501919649879098,1.7123772068475076,0.119,0.039,1
DNMBP-AS1,0.010451738648800207,1.7123772068475076,0.119,0.039,1
PLEKHH3,0.015899739397090534,1.7123772068475076,0.119,0.042,1
AC090531.1,5.646810903817965e-4,1.7123772068475072,0.167,0.048,1
GET1,5.767829922385301e-4,1.7123772068475072,0.214,0.073,1
RAB32,0.007389535932454136,1.7123772068475072,0.143,0.051,1
ZNF557,0.03384265710284761,1.7088627226712703,0.143,0.062,1
UBTD1,0.020953596600855755,1.7073591320808825,0.119,0.044,1
RBMS3-AS3,9.863521204370742e-4,1.7059935900566532,0.19,0.063,1
PEPD,0.0018157661090529448,1.7047479186243448,0.262,0.111,1
LAIR1,3.933091383772319e-4,1.7036069972197754,0.19,0.058,1
P4HA2,7.307555338197041e-4,1.7036069972197754,0.167,0.049,1
FAM78A,0.007213959476093945,1.7036069972197754,0.143,0.05,1
RASA3,1.9156299674873573e-4,1.7006954017998717,0.262,0.091,1
ZNF441,0.0014707972791899416,1.7006954017998717,0.167,0.053,1
LINC00662,0.0025473002132560905,1.6983703488536281,0.214,0.083,1
APBB1IP,1.5854925310556642e-4,1.6973750435082606,0.333,0.135,1
ZSCAN30,0.009342178604771281,1.697064151353003,0.214,0.098,1
DTNB,0.0070275597018173725,1.6969123446457672,0.405,0.266,1
AC073342.1,0.013481172589265447,1.694889780118666,0.119,0.041,1
AL445123.2,0.007381721124892153,1.6931526395826086,0.214,0.095,1
AC007611.1,0.005133698529839944,1.6924087906149117,0.119,0.036,1
TNFRSF10B,0.0019453431390259678,1.692408790614911,0.214,0.082,1
LETM1,0.0013726896412632693,1.6905508443943291,0.167,0.052,1
UTP25,0.04810797412912255,1.6905508443943291,0.119,0.052,1
ST6GALNAC3,0.0021639446096656263,1.6895514019983562,0.167,0.057,1
IKZF4,0.0024366629880659134,1.68910742752466,0.167,0.056,1
DNM3,7.886752452416453e-4,1.6870104866890805,0.262,0.102,1
AC007038.1,0.0011888638670345085,1.6855605418023218,0.214,0.077,1
OLFML2B,7.110963127294997e-4,1.684991319052428,0.19,0.062,1
LINC02595,0.1382663839475626,1.6844981742720708,0.143,0.083,1
ANKH,0.15667600025386144,1.68281069536115,0.548,0.521,1
ZNF607,0.005876560698697562,1.6776117886868311,0.143,0.048,1
DFFB,0.024273415445906166,1.6776117886868311,0.119,0.045,1
AC008969.1,0.031587625696739056,1.6776117886868311,0.119,0.047,1
AC107214.1,0.03758272593955396,1.6776117886868311,0.119,0.049,1
RAE1,3.2075753087398607e-4,1.677611788686831,0.262,0.095,1
ZNF529-AS1,0.0012334167046795463,1.677611788686831,0.262,0.109,1
NEXMIF,0.009635246206913155,1.6776117886868307,0.119,0.039,1
ZNF382,0.01469650914803952,1.6776117886868307,0.119,0.041,1
PHLDB1,0.01632160939149747,1.6776117886868307,0.167,0.071,1
BAHD1,0.0318186979544179,1.6776117886868307,0.167,0.079,1
KHDRBS2,3.300125226329376e-4,1.6776117886868305,0.167,0.046,1
ZNF510,0.007117877240074306,1.6776117886868303,0.167,0.064,1
F3,0.002467845309067825,1.6760971480848323,0.333,0.166,1
FBXL2,0.002055320199009854,1.6741808832865572,0.286,0.13,1
AC011997.1,0.004316116493322565,1.6690497751834066,0.167,0.059,1
FXYD6,0.037924486801868024,1.6682739241074946,0.143,0.064,1
AC106895.2,0.001473388067409846,1.6673434532330038,0.143,0.041,1
CHKA,7.373415907553674e-5,1.6669171878905942,0.452,0.223,1
MBOAT1,6.463340281491521e-4,1.6666127897375735,0.262,0.1,1
RNF144B,1.2215177294153047e-4,1.6658824961047234,0.357,0.153,1
CYTH4,0.0025914429185637925,1.6647877483292468,0.19,0.069,1
SLC15A3,0.0037897506587053825,1.6629650127224291,0.143,0.046,1
DNAAF4,0.005007986752934897,1.6629650127224291,0.143,0.047,1
GPC6,0.005429957788270128,1.6621080509859822,0.262,0.126,1
ATP1B1,1.0877937894333209e-4,1.6605382753278892,0.452,0.225,1
VEGFA,0.001123143474804369,1.6605382753278892,0.238,0.09,1
PIK3CD,0.011332838689608502,1.6605382753278892,0.143,0.053,1
ABHD17B,0.7351616002535385,1.6593264356590811,0.167,0.148,1
SAMD9L,0.005712960796976752,1.658996110519484,0.167,0.062,1
SGCB,3.018153178438656e-4,1.6571476861271153,0.19,0.056,1
SPATA5L1,0.008729258431622597,1.6571476861271153,0.167,0.065,1
EVC,2.1876567047491744e-4,1.6556970122583903,0.238,0.079,1
AC100849.1,5.461015902431259e-4,1.6554553750346632,0.238,0.087,1
GLS,5.1967239379800425e-5,1.6549722219688987,0.738,0.426,1
DGKE,3.390944623879197e-4,1.654891712186747,0.167,0.046,1
SH3D21,0.04194905196398059,1.6540249683692148,0.167,0.082,1
ATP7A,0.0025892994322733284,1.6520766965796931,0.167,0.056,1
FRMD4B,4.58387086589004e-4,1.6516663153961868,0.476,0.291,1
ATP11C,2.0354617422169299e-4,1.6514278568831755,0.381,0.17,1
CTHRC1,0.0011274546453985213,1.649267162992869,0.238,0.091,1
NIFK-AS1,0.0038177325403203964,1.6484654430273142,0.143,0.046,1
AC087294.1,0.004660980600570649,1.6484654430273142,0.143,0.047,1
OAF,0.005410538275812504,1.6484654430273142,0.143,0.048,1
OGFOD3,0.008203378029768955,1.6484654430273142,0.143,0.051,1
RBBP5,0.0036758048221615432,1.648465443027314,0.214,0.089,1
AC093157.1,0.007007407090819886,1.6450071232549033,0.262,0.131,1
POFUT2,5.135065698137601e-5,1.643664456763493,0.238,0.07,1
COL18A1,0.032262142824305666,1.643664456763493,0.143,0.063,1
TMOD2,0.01070295219145123,1.6436644567634926,0.119,0.039,1
IDNK,0.012554741383910372,1.6436644567634926,0.119,0.04,1
ACOT8,0.013790689980500965,1.6436644567634926,0.119,0.041,1
ZNF354C,0.0038697597935397504,1.640617581204629,0.19,0.073,1
AL356022.1,9.786509924529939e-4,1.6394766598000596,0.143,0.039,1
AC010201.3,0.05209134321022089,1.6394766598000596,0.119,0.052,1
DYNC2LI1,0.0032368654674973583,1.6394766598000594,0.238,0.101,1
PRKX,3.4949618157463535e-4,1.63784125999423,0.31,0.127,1
GATB,0.09226745893658987,1.6369698041894847,0.167,0.096,1
MSRB3,0.0014211760032767254,1.634745139074971,0.262,0.112,1
MIPOL1,7.571162069558211e-4,1.634659643502284,0.262,0.103,1
PDK3,0.023924645456689472,1.6341101500502442,0.262,0.143,1
ZNF776,0.008836392456989129,1.634110150050244,0.143,0.051,1
OSBPL5,0.018486452321340698,1.634110150050244,0.119,0.043,1
TMEM167B,0.0025790565354322824,1.6325238991582927,0.167,0.056,1
RBM45,0.006645220548275142,1.6325238991582927,0.167,0.063,1
SAMSN1,0.05740318079131606,1.63081757720789,0.119,0.054,1
NPL,8.754721065010211e-4,1.630266263893408,0.476,0.315,1
PER3,0.0030709628582420486,1.6299150466555343,0.214,0.086,1
STK32B,0.01358739052171478,1.6284940221221396,0.238,0.119,1
TSPAN18,5.578943714211182e-5,1.626985715616863,0.286,0.096,1
RCBTB1,1.3202002163346355e-4,1.6269857156168626,0.238,0.075,1
AC064807.1,9.49308569826851e-4,1.6269857156168626,0.167,0.05,1
XKR6,0.0010203252766852711,1.6269857156168626,0.167,0.051,1
AC127502.2,0.0033360552397332403,1.6269857156168626,0.167,0.057,1
SNAI2,0.007383172042163859,1.6269857156168626,0.143,0.05,1
AC096576.3,0.014023476140209603,1.6269857156168626,0.143,0.055,1
PARP15,0.02149009473162917,1.6269857156168626,0.143,0.058,1
STAB1,4.1691967914928675e-4,1.6253818299142733,0.262,0.097,1
AC007384.1,1.4839499756987495e-4,1.6207805660901544,0.286,0.104,1
FAM241A,0.03446074717800174,1.6207805660901544,0.167,0.079,1
AC005332.6,0.044836480013513404,1.6198962908305434,0.119,0.051,1
POLR1C,0.009214087378652664,1.6187180996332624,0.19,0.08,1
YEATS4,0.0013092102819238938,1.61707024675178,0.19,0.064,1
F13A1,0.009652806510923111,1.6130599318489525,0.405,0.282,1
RASSF1,2.4345815890168502e-4,1.6128415332965929,0.262,0.093,1
KIF7,0.017545943435420763,1.610497592828294,0.119,0.043,1
SEC14L1,1.0224788757080753e-4,1.6104975928282939,0.405,0.179,1
PARD6G,0.002602959290641531,1.6104975928282936,0.167,0.056,1
ZSCAN26,0.00416334721345222,1.6104975928282936,0.167,0.059,1
ERVFRD-1,0.0028179134647879646,1.6072224607954326,0.119,0.033,1
HDHD5,0.011142329225575408,1.6072224607954326,0.167,0.068,1
BCOR,0.0036183661861834593,1.6066452673326872,0.238,0.102,1
CRMP1,0.0031455771422738204,1.605821105618821,0.143,0.045,1
ACVR1B,0.005115143994950961,1.605821105618821,0.143,0.047,1
PUS1,0.0066369015245393665,1.605821105618821,0.143,0.049,1
COLGALT1,7.17892920591784e-4,1.6058211056188205,0.286,0.118,1
MAN2B1,0.010244582997696957,1.6058211056188203,0.19,0.081,1
WDR92,0.19652780625705962,1.6058211056188203,0.143,0.089,1
CATSPERE,0.029068920992824907,1.6052609444621466,0.214,0.112,1
DLAT,0.07080495243806599,1.6045483264971074,0.143,0.071,1
KDM1B,0.0011184015635630471,1.6039547469615216,0.238,0.091,1
ARAP2,0.009502641175921438,1.6029507837749457,0.262,0.136,1
ZMIZ2,0.008609206830374557,1.602323661382594,0.19,0.081,1
JAK3,5.282204058675041e-4,1.6023236613825937,0.214,0.071,1
LINC02277,0.01563637216470285,1.6023236613825937,0.143,0.056,1
LINC00665,0.001734708956116402,1.6023236613825933,0.167,0.053,1
ZNF514,0.014255489366145678,1.6023236613825933,0.143,0.055,1
IFITM10,0.025770549766356083,1.6023236613825933,0.119,0.046,1
LINC02268,0.0035849489288473624,1.601862368000282,0.31,0.157,1
AC008735.2,0.0032948751901292067,1.600443928164371,0.214,0.087,1
GPR135,0.02644672997172633,1.5996092766855576,0.143,0.061,1
SH3GL3,0.1836965923233592,1.5982539970735465,0.119,0.071,1
TMEM45A,9.846699611710636e-5,1.5974414400028474,0.286,0.099,1
IQCH,0.0011744586257279458,1.5956701751506546,0.19,0.064,1
SULF2,0.009734133656720864,1.5941957804991929,0.119,0.039,1
HINFP,0.025447799794151914,1.5941957804991929,0.119,0.045,1
NIPA1,0.009067546908810346,1.5918819146609469,0.143,0.051,1
ARHGEF10L,0.004643701513280344,1.5912515038836497,0.262,0.128,1
ARHGAP4,0.0011293997143921174,1.5909574064326488,0.214,0.078,1
AFAP1L2,0.021909963266982007,1.5901489474364916,0.119,0.044,1
P2RX7,0.04981377469834424,1.5901489474364916,0.119,0.051,1
TTC8,0.001878025825148588,1.5888025217289745,0.262,0.112,1
ELMO2,0.009887074787814797,1.5877262851696354,0.167,0.065,1
BGN,9.329110236909481e-5,1.5868463247636484,0.214,0.061,1
INO80E,0.0010001903367492652,1.5868463247636484,0.214,0.075,1
LINC01697,0.035418736427076165,1.5860186167427295,0.262,0.156,1
PI4K2A,0.056173377633878405,1.5857910802639217,0.238,0.138,1
UNC5C,6.42719266778536e-4,1.5829336787852188,0.571,0.378,1
TMEM65,7.115894380044628e-5,1.5820891776425396,0.31,0.113,1
AC090825.1,0.02080972135623489,1.5817800838993352,0.238,0.125,1
CTNS,1.574365011155445e-4,1.5780761151359166,0.238,0.076,1
CNEP1R1,6.297966273638998e-4,1.5780761151359166,0.214,0.072,1
GPR155,0.010096498248050338,1.5780761151359166,0.167,0.066,1
AC013640.1,0.011671413839735092,1.5780761151359166,0.119,0.04,1
ALK,0.017736758891388635,1.5780761151359166,0.119,0.043,1
RHBDL2,0.02066096779465895,1.5780761151359166,0.119,0.044,1
SNHG10,0.02732898233965146,1.5780761151359166,0.119,0.046,1
UBE2Q1,0.029159395314517004,1.5780761151359166,0.119,0.046,1
GLB1L3,0.0709923345102222,1.5780761151359166,0.119,0.055,1
DENND5B,6.622574522018203e-5,1.5780761151359162,0.476,0.242,1
APOO,0.005680704822212525,1.5780761151359162,0.143,0.048,1
PGPEP1,0.014088198991185645,1.5780761151359162,0.167,0.069,1
NEU3,0.030391839382172107,1.5780761151359162,0.143,0.061,1
PDGFRA,0.005429205805504269,1.576009216443003,0.333,0.189,1
OTULINL,0.0010892228976570552,1.5727426708328758,0.214,0.075,1
DAB1,3.747313012897081e-4,1.5724295519947742,0.238,0.083,1
RTN1,0.005527482930438512,1.5716783439377655,0.19,0.077,1
ECE1,1.4681450602506242e-4,1.5706965847703187,0.333,0.135,1
NCF2,3.8019984966145974e-4,1.5706965847703187,0.214,0.069,1
CCDC7,1.2461125702789759e-4,1.5704021872504952,0.333,0.132,1
ZNF347,3.181995220091327e-4,1.5700833243823857,0.238,0.081,1
BBIP1,0.007656932996579809,1.5700833243823857,0.19,0.079,1
AC011632.1,0.012300791391312444,1.5693588980348077,0.143,0.054,1
PYGO1,0.22695571360641545,1.568945103383788,0.167,0.108,1
MARK4,0.0012855923588609844,1.5679872975123323,0.262,0.11,1
PLBD2,0.0022489736947051064,1.5661034734698402,0.167,0.055,1
PRICKLE1,5.211929590469796e-4,1.5653736724050127,0.357,0.167,1
SRD5A1,0.004362705838940971,1.5644011782388398,0.143,0.046,1
AC025539.1,0.00518766804627034,1.5644011782388398,0.143,0.047,1
C11orf65,0.05734279743562883,1.5633546094291506,0.167,0.083,1
AL603839.3,0.017832796431393443,1.562134571266895,0.119,0.043,1
FBF1,0.023899251038510635,1.562134571266895,0.119,0.045,1
PEX10,0.03321427736473269,1.562134571266895,0.119,0.047,1
RAB23,0.0017248213187596939,1.5621345712668946,0.333,0.165,1
METTL14,2.948810535658419e-4,1.561445440591796,0.333,0.14,1
CD276,0.01636495766090747,1.5612022965715198,0.214,0.104,1
AP5Z1,0.08697461710020876,1.5606940369076798,0.143,0.075,1
DOCK11,1.9660455993336952e-4,1.5589672921882114,0.476,0.237,1
AC011043.1,6.664937216615271e-4,1.5589672921882114,0.214,0.072,1
FBXL12,0.001506213099812632,1.5589672921882114,0.19,0.065,1
AKAP6,4.245997336281044e-4,1.5587270232159036,0.357,0.163,1
METTL22,3.348564411664692e-4,1.5576120125762005,0.262,0.095,1
STAMBPL1,0.0012231858765617864,1.5568596292262202,0.167,0.052,1
ZNF180,0.02573782175920884,1.5568596292262202,0.143,0.06,1
ITGB1BP1,0.0034937857321305946,1.555356038635833,0.286,0.139,1
LIPE-AS1,8.228884437210479e-4,1.5542293731815486,0.262,0.106,1
AC133550.2,0.0018946130176838876,1.5542293731815486,0.167,0.054,1
SPART-AS1,0.010428698554610212,1.5542293731815486,0.143,0.052,1
AC097515.1,0.010619461000486092,1.5526535182560093,0.167,0.068,1
SELENBP1,6.615978501139802e-5,1.552080906602972,0.214,0.06,1
NUAK1,0.0012273147354535609,1.552080906602972,0.238,0.094,1
LINC01673,0.003960352288769271,1.550854646400892,0.143,0.046,1
NEK4,2.949746816833359e-4,1.5500617389663198,0.286,0.11,1
TUBE1,1.354568427692442e-4,1.5495069629391454,0.214,0.063,1
ZBTB18,0.0016236045313503685,1.5495069629391454,0.19,0.065,1
C12orf76,0.012603324445430848,1.5495069629391454,0.167,0.068,1
ERAP2,0.024021212549403793,1.5463672554085783,0.119,0.045,1
SLC25A14,0.024021212549403793,1.5463672554085783,0.119,0.045,1
SLFNL1-AS1,0.025704692752256484,1.5463672554085783,0.119,0.045,1
MRPS14,0.03337232448578301,1.5463672554085783,0.119,0.047,1
HAUS3,0.035456583548037095,1.5463672554085783,0.119,0.048,1
EDNRB,0.08995538890067092,1.5445235554248897,0.143,0.073,1
LINC00467,7.626551431200575e-4,1.5441287832125783,0.238,0.088,1
FGD3,0.0073437120801348186,1.5435188930995478,0.167,0.062,1
TTC9,0.08598223866754037,1.5435188930995478,0.143,0.074,1
CD53,3.649969436845506e-4,1.5430696653080032,0.238,0.083,1
INTS6L,9.258184190831999e-4,1.5428866866736164,0.31,0.135,1
AL589843.1,0.060166293315847406,1.5415502391108022,0.167,0.086,1
AL354733.3,3.935369181301565e-4,1.5401082649368956,0.31,0.127,1
TMEM134,0.006640565154571362,1.5359506394632394,0.167,0.062,1
ADARB1,7.071319529153513e-5,1.5335105627024719,0.357,0.139,1
PLAG1,1.776066406455251e-4,1.5335105627024719,0.405,0.188,1
CD5L,0.007091770795362849,1.53077040035756,0.143,0.05,1
LGMN,0.04376786303885191,1.5307704003575597,0.357,0.273,1
AC012358.3,0.0030163018367632996,1.5307704003575595,0.167,0.056,1
ZFPM1,0.022528824603516708,1.5307704003575595,0.119,0.044,1
RABIF,0.10625469859416271,1.5307704003575595,0.119,0.061,1
AC131571.1,0.05482370891910277,1.5307704003575593,0.19,0.102,1
NAV2,4.516560469458196e-4,1.5283230799388168,0.667,0.557,1
WASHC3,5.080328067437402e-4,1.526897391210353,0.333,0.147,1
HAAO,7.293713778526222e-4,1.5256086952417802,0.19,0.06,1
ALDH3A2,0.004746772276289853,1.5256086952417802,0.167,0.06,1
GAR1,0.030941041068543285,1.5256086952417802,0.143,0.061,1
AL049869.3,0.004472200613865081,1.5191824260823479,0.167,0.059,1
HELB,3.4465908861141804e-4,1.5153403597879538,0.238,0.081,1
PACC1,0.0012209059541407258,1.5153403597879538,0.19,0.063,1
RNF123,0.03136891958838748,1.5153403597879538,0.119,0.047,1
MVK,0.033530960649546984,1.5153403597879538,0.119,0.047,1
SNAPC4,0.035789769019621345,1.5153403597879538,0.119,0.048,1
DNAJB2,0.04023594609971107,1.5153403597879538,0.119,0.049,1
HAND2-AS1,7.889841331232401e-4,1.5129810869140314,0.31,0.135,1
AL357146.1,0.037860370276695705,1.51227405674017,0.143,0.064,1
MED21,9.710810130228329e-4,1.5109619192773796,0.238,0.089,1
PTCD1,0.008755558141455086,1.5109619192773796,0.143,0.051,1
ASXL3,0.37389887164136987,1.5109619192773793,0.143,0.106,1
PRSS23,0.0016317888359647923,1.5097701017450076,0.167,0.053,1
L3HYPDH,0.03386249955310682,1.5097701017450076,0.167,0.08,1
NAALAD2,0.056585849985745715,1.5088925499899155,0.19,0.105,1
HACD4,0.0020569143774195366,1.5076867872445185,0.214,0.081,1
PARVB,0.002649344832669186,1.5076867872445185,0.19,0.07,1
AL049646.1,0.03836168933365911,1.5051445926820652,0.143,0.064,1
ARHGEF1,0.0017321965820373659,1.504419073410607,0.238,0.095,1
CCDC30,0.038386942982787664,1.504419073410607,0.167,0.083,1
VPS52,0.024278228092499545,1.503114057454694,0.167,0.074,1
GUCY1B1,0.022289498633322514,1.5022447021762706,0.19,0.093,1
FLI1,1.28108335633889e-4,1.5014548335330038,0.333,0.133,1
YPEL2,5.971708020036109e-4,1.5014548335330038,0.286,0.114,1
C10orf88,0.0012418532483235048,1.5014548335330038,0.214,0.077,1
AC120193.1,0.019550608504061803,1.5014548335330038,0.143,0.057,1
CLIP2,6.0234308785468e-4,1.50096718943815,0.262,0.101,1
GANC,0.6513189902154419,1.50096718943815,0.119,0.106,1
SMAD6,0.022885505100042437,1.5005973624581992,0.262,0.149,1
MED31,0.024266637293666835,1.5000736031346436,0.119,0.045,1
NBPF10,0.03595727720635037,1.5000736031346436,0.119,0.048,1
SCRN2,0.042775621696025605,1.5000736031346436,0.119,0.049,1
MIER3,4.3742392708204117e-4,1.500073603134643,0.31,0.129,1
ZNF140,0.0022010498162093354,1.4992745474283182,0.286,0.127,1
PRXL2A,0.001654885890122088,1.4989059017023085,0.214,0.079,1
LRRC32,0.008586699028668909,1.4979057664519333,0.143,0.051,1
AC008957.2,0.05506460929963724,1.4979057664519333,0.119,0.052,1
ZMAT3,5.684241846839603e-5,1.497905766451933,0.262,0.082,1
SLC4A7,0.09124719435925863,1.4979057664519326,0.31,0.211,1
MADD,0.0032287991494620526,1.49703954304501,0.238,0.099,1
TCP11L2,0.0032671516518678508,1.49703954304501,0.214,0.087,1
CGAS,0.0027847436312499296,1.496282023972269,0.167,0.056,1
INSL6,0.008431113151839779,1.496282023972269,0.143,0.051,1
ARAP3,0.062078648885196895,1.496282023972269,0.119,0.054,1
LINC02246,0.21651940841728914,1.4953086549658934,0.19,0.133,1
PLCG1-AS1,0.04797055434802857,1.4950203754083575,0.143,0.066,1
KLHL18,6.361777215390864e-5,1.4935798410491428,0.333,0.125,1
CCDC117,4.912096426500461e-4,1.4925003834298423,0.238,0.083,1
PIK3R4,0.015986162521054684,1.488728629540634,0.286,0.15,1
CHROMR,6.861367565791876e-4,1.4849667107444349,0.214,0.072,1
SLC27A4,0.008869675699777781,1.4849667107444349,0.143,0.051,1
SLC35A5,0.015943706505680798,1.4849667107444349,0.19,0.086,1
ZNF350-AS1,0.05757700370100534,1.4849667107444349,0.143,0.069,1
MTX3,0.22912433898976525,1.4849667107444349,0.119,0.074,1
AC017002.5,0.019728050375329292,1.4849667107444344,0.119,0.043,1
MAK16,0.02414368180395391,1.4849667107444344,0.119,0.045,1
LSM14B,0.04060331845068164,1.4849667107444344,0.119,0.049,1
MITF,1.1861591123363784e-4,1.4840742300225678,0.405,0.191,1
KIF16B,0.0015608081137309488,1.482498455153685,0.5,0.321,1
RALGPS2,7.804096948439901e-4,1.480389144637891,0.619,0.409,1
SLC17A5,0.003813587727935334,1.4774721741975103,0.286,0.138,1
CTDP1,0.010947112801182985,1.476792779298735,0.19,0.082,1
LINC01237,0.01465114677652521,1.476792779298735,0.167,0.069,1
GTF2H5,0.16720172300145772,1.4749826221718125,0.119,0.067,1
TBL2,0.0036921164270619163,1.4737394553211804,0.167,0.057,1
RNF126,0.018261250185714006,1.4737394553211804,0.143,0.056,1
IKBKB,1.2179850515490066e-4,1.472994069078359,0.405,0.187,1
WWP1,0.07232848901517931,1.472336861596336,0.69,0.689,1
AC007923.4,0.005840225561921713,1.4721426703868516,0.143,0.048,1
NAIP,3.163744835501894e-4,1.4721426703868512,0.31,0.124,1
GOLGA1,1.7165609609091342e-4,1.4707993788178408,0.333,0.131,1
PRKCD,0.028150780835807084,1.4700163692784636,0.119,0.046,1
RXRB,0.04060331786115818,1.4700163692784636,0.119,0.049,1
EPB41L1,0.04583867839889579,1.4670448027471727,0.143,0.066,1
CYBC1,0.008838373582101778,1.4650671533067299,0.167,0.064,1
MRPS10,0.002366351539688495,1.464307240178342,0.238,0.096,1
ZFP30,0.009581271887177696,1.464307240178342,0.214,0.094,1
ATP8B4,2.1957274901260968e-4,1.4637279143700956,0.429,0.218,1
SLC25A48,2.5631568572330297e-4,1.4633644562592236,0.286,0.107,1
ZNF546,0.0598022565288749,1.4625988977159805,0.119,0.053,1
DTD1,7.2521828964019e-4,1.46259889771598,0.286,0.117,1
PITRM1,7.933254971831899e-4,1.46259889771598,0.238,0.087,1
ZNF322,0.0026333264029884886,1.46259889771598,0.214,0.083,1
ELP1,0.0015517460319635524,1.4605825521174758,0.31,0.14,1
CLHC1,1.633529796314097e-4,1.4601348577644995,0.31,0.117,1
DOK5,0.21284921433493376,1.4601348577644995,0.119,0.072,1
NPIPA1,0.017592692090125667,1.4594316186372973,0.143,0.056,1
MATN2,0.001513058227287449,1.4590986249737556,0.31,0.141,1
LINC01242,0.004916710896133602,1.4567698189137828,0.19,0.075,1
PWWP3A,5.638092585132632e-4,1.4565582955586809,0.333,0.147,1
SULT1A1,0.0298785955867006,1.455219367350383,0.119,0.046,1
UBAP1L,0.20805629916263768,1.4552193673503826,0.119,0.07,1
NMNAT1,9.476558336919795e-4,1.4525452330520574,0.214,0.074,1
KRBOX4,0.0020441168265045505,1.4515437092069845,0.262,0.113,1
SGPL1,0.0022513187583796863,1.4501079535327834,0.31,0.148,1
KCNQ1,0.0010259245522190397,1.449971289388231,0.31,0.136,1
ANKRD40,0.236775592544135,1.4493428010137133,0.119,0.074,1
MYO1F,0.06559587577495869,1.4478773920092145,0.143,0.071,1
HIVEP1,0.005550057924917206,1.4476411750556148,0.452,0.279,1
AC007364.1,4.886595523251844e-4,1.4468315818576638,0.333,0.138,1
ZNF724,0.01025709747029626,1.4468315818576638,0.143,0.052,1
IPCEF1,0.04502516395180879,1.4468315818576638,0.119,0.05,1
AC007098.1,0.0044121094403122224,1.4468315818576636,0.214,0.088,1
TBC1D14,2.4890520179391676e-4,1.4458815027710465,0.524,0.287,1
EIPR1,0.0015853822446658752,1.4458283168374768,0.333,0.161,1
ZNF3,0.0023350080985966313,1.444552442298527,0.214,0.081,1
TTC21B,1.3403213151086204e-4,1.4435700889132668,0.5,0.257,1
FAM92A,7.044893536735875e-4,1.4431465350498074,0.286,0.113,1
ZNF827,0.06196264070881683,1.442474628630356,0.214,0.123,1
HYMAI,0.0011846088509016965,1.441639279080334,0.333,0.151,1
SNX30,6.21539364357308e-4,1.4405725913859815,0.286,0.113,1
TANGO2,7.01199144363847e-4,1.4405725913859815,0.286,0.116,1
PIH1D1,0.003547286906963809,1.4405725913859815,0.19,0.071,1
SPTY2D1OS,0.003950110970268529,1.4405725913859815,0.167,0.058,1
SIRT7,0.024528123073431975,1.4405725913859815,0.143,0.059,1
TCEANC2,0.08984132498660516,1.4405725913859815,0.119,0.058,1
COQ8B,0.0321304246414824,1.440572591385981,0.119,0.047,1
MCTP1,0.0042940260877587805,1.4392484104385994,0.262,0.12,1
FYN,0.00424652714845238,1.4381001057064604,0.31,0.163,1
AC087286.2,5.168449349547314e-4,1.4366036891830358,0.238,0.083,1
TRMT2B,0.010565909411609665,1.4366036891830358,0.19,0.081,1
ZNF333,0.0011081457914313643,1.4357231917245854,0.19,0.062,1
ZNF41,0.0540614956247295,1.4357231917245854,0.143,0.068,1
AC090517.5,0.0075059004801674165,1.4353359430198345,0.286,0.143,1
CRYL1,0.0014361665412495998,1.434340637674467,0.238,0.093,1
AC026704.1,0.008869620760849762,1.4343406376744667,0.143,0.051,1
PRDM10,5.791163741787349e-4,1.4336862058007414,0.31,0.13,1
LINC02256,0.0011746289311929958,1.4318553742848725,0.214,0.075,1
RCSD1,0.0029464590863798523,1.4318553742848725,0.238,0.099,1
COA5,0.0297841973804974,1.4318553742848725,0.167,0.077,1
CNPY3,2.7130032609039826e-4,1.4305189267220584,0.262,0.091,1
BCAT2,5.660065018365601e-4,1.4286984910976899,0.238,0.083,1
NBPF26,0.002973701872234146,1.4286984910976899,0.214,0.083,1
PTPN23,0.00367048647560193,1.4286984910976899,0.214,0.086,1
ZNFX1,7.28420507672962e-4,1.4277713091628919,0.286,0.116,1
AC006547.1,0.03213043252963961,1.4260730216908661,0.119,0.047,1
CAMK2A,0.04354835968609981,1.4260730216908661,0.119,0.049,1
ZNF329,0.05144865132707506,1.4260730216908661,0.119,0.051,1
PLA2G7,7.395925112850735e-5,1.4251425508163758,0.286,0.096,1
INSIG2,4.93433992252074e-4,1.4242707790568805,0.286,0.112,1
SIRT2,0.002862648349346484,1.4238551964410475,0.238,0.098,1
C16orf70,0.027620312853178005,1.4238551964410475,0.19,0.093,1
SPIN3,0.0034937817609574876,1.4231905131577447,0.19,0.071,1
HAUS1,0.005571333576037823,1.4231905131577447,0.19,0.074,1
REXO5,0.012088760815655594,1.4219569132186347,0.143,0.053,1
MARCH1,1.5362997337256526e-4,1.4216888788396214,0.357,0.152,1
AHDC1,0.002370850793141364,1.4208363733247191,0.31,0.147,1
LARS2,8.627633515684065e-5,1.4206244771591199,0.476,0.225,1
MYO15B,4.558457458832975e-4,1.4203137524021814,0.262,0.096,1
AL731577.2,0.0026872175000870278,1.4194928732671537,0.405,0.223,1
C12orf40,0.004072918247893619,1.4188775202866624,0.167,0.058,1
DHRS4-AS1,0.005061302726398873,1.4188775202866624,0.167,0.06,1
CEP126,0.015585229315021086,1.4188775202866624,0.143,0.055,1
TSHZ1,0.0037979160066550456,1.417967972053811,0.405,0.238,1
AJ006995.1,0.00291412137113145,1.4176114429426703,0.214,0.084,1
RIT1,0.007531154340691664,1.4172221041086006,0.214,0.093,1
RNF130,0.0031607647076982346,1.4167258494316135,0.476,0.308,1
GOT1,0.011518428233402671,1.416486972861668,0.167,0.066,1
HNRNPLL,4.2172827194775204e-4,1.4158046862370393,0.476,0.254,1
DIAPH2-AS1,0.019532301992919193,1.415804686237039,0.286,0.152,1
BTBD11,0.01120393603777339,1.4149279344380175,0.262,0.134,1
TTL,0.0034983839336248904,1.4137597602520149,0.286,0.133,1
ZNF490,4.6422969447773555e-4,1.4130168688654199,0.238,0.082,1
IGIP,0.04393876274735225,1.4117177287137959,0.119,0.049,1
PANCR,0.017378498691385916,1.409678583440198,0.214,0.102,1
SUPT4H1,0.056509552867685,1.4096785834401975,0.119,0.052,1
AC092821.3,0.006502795038329227,1.4088637316586434,0.238,0.11,1
BMP2K,0.017225509142021377,1.408481665886799,0.69,0.617,1
SEPSECS,0.1765997689851194,1.4081511136936038,0.167,0.108,1
MAEL,0.006425585896279878,1.4075226253190865,0.214,0.094,1
HMGCL,0.15954943385677725,1.4069641987431614,0.119,0.066,1
MXRA8,0.004284079642378204,1.4052395182737007,0.19,0.072,1
ZNF738,0.007613948218474808,1.404593294280415,0.214,0.093,1
CPEB3,3.140796198559481e-4,1.4028176693905632,0.405,0.188,1
PIK3R3,0.00958905706757274,1.402504550552462,0.214,0.097,1
PCGF5,7.900108578093829e-4,1.3988304857171256,0.429,0.227,1
BTN2A1,0.009576582345736351,1.3975038694940958,0.19,0.08,1
SEC31B,0.08222226970523719,1.3975038694940958,0.119,0.056,1
TMEM67,6.38626351109354e-5,1.3975038694940953,0.262,0.082,1
ITPKB,7.455432330188051e-5,1.3975038694940953,0.333,0.125,1
ATRNL1,1.2563861692534224e-4,1.3975038694940953,0.381,0.16,1
MZF1,0.0017544080219123678,1.3975038694940953,0.238,0.093,1
ZNF681,0.029711613798566894,1.3975038694940953,0.143,0.061,1
RABL2B,0.03270675664432938,1.3975038694940953,0.143,0.062,1
GALNS,0.034346718794857706,1.3975038694940953,0.143,0.062,1
EBLN2,0.0466343424248315,1.3975038694940953,0.119,0.05,1
CHCHD6,6.656700055425481e-4,1.397503869494095,0.286,0.113,1
SLC16A7,0.015370625901456257,1.3938188226862396,0.214,0.102,1
ABHD18,0.0016403949890956638,1.3934683562589387,0.452,0.252,1
PPTC7,1.4883567499110494e-4,1.3925204619798397,0.31,0.115,1
FSD1L,6.501617940953927e-5,1.3922095698245822,0.286,0.096,1
XPA,1.5365439011558735e-4,1.3922095698245822,0.31,0.116,1
ZNF496,6.032843775890463e-4,1.3922095698245822,0.286,0.111,1
DCLK2,0.026964247120269,1.3922095698245822,0.167,0.075,1
FAM120C,0.006403080763368366,1.390449111960145,0.214,0.091,1
TGFB2,0.0504818039586469,1.390449111960145,0.19,0.101,1
STK11,4.4197504578982955e-4,1.389809477704095,0.238,0.081,1
RRP12,0.005115371989473434,1.3890422907458992,0.19,0.074,1
EPSTI1,0.004031012289212759,1.3887513954851318,0.262,0.119,1
NOMO1,0.0025586265317367692,1.3881051714918455,0.19,0.068,1
DTD2,0.02173895400310338,1.3881051714918455,0.167,0.073,1
PLA2G6,0.03141196771140785,1.386934627783908,0.143,0.061,1
SMTN,0.0916940955029903,1.386934627783908,0.119,0.058,1
SYT1,0.008650416085403102,1.3867674847563343,0.452,0.308,1
ABLIM3,0.021807897449755677,1.3862327571590751,0.167,0.073,1
ZNF142,0.020509012618075372,1.3854310371935208,0.143,0.057,1
MRPL32,0.08608221600748349,1.3854310371935208,0.119,0.057,1
AL078600.1,6.451626252906494e-4,1.3854310371935203,0.286,0.114,1
GDI1,0.0011816100818176271,1.3834286842823724,0.238,0.089,1
EBLN3P,0.004590630905884007,1.3834286842823724,0.214,0.088,1
APBA1,0.07042888654720951,1.3834286842823724,0.238,0.147,1
JAG1,9.275034649158293e-5,1.3821559051606598,0.31,0.114,1
SUGP1,0.003920789907710586,1.3821559051606598,0.214,0.086,1
SNHG3,0.004927826689990454,1.381678902332413,0.262,0.121,1
TTC5,0.0080264721547394155,1.3806300509296991,0.19,0.078,1
INPP4B,6.775730154664796e-5,1.3799312400461456,0.476,0.225,1
KIAA1671,0.009050676693215876,1.3794322965720773,0.19,0.079,1
AAGAB,0.020572605788811624,1.3791720467218385,0.286,0.16,1
AC004540.1,0.0092024295506652,1.3787673069125095,0.143,0.051,1
KNOP1,0.03680394799023506,1.3780515068279229,0.19,0.097,1
IFFO1,0.031304420907074124,1.3764422539662657,0.143,0.061,1
ENTR1,0.03454682588220708,1.3764422539662657,0.143,0.062,1
ARHGAP27,0.03589122240894269,1.3764422539662657,0.143,0.063,1
LINC00667,0.0020096996462348475,1.3745427210507843,0.214,0.08,1
GK,0.19813374043599352,1.3745427210507843,0.119,0.069,1
FCHSD2,0.13498439687697952,1.3708998151830694,0.738,0.772,1
SNX8,0.012164370123586368,1.3703847431458973,0.31,0.177,1
DECR1,3.633336366061411e-4,1.3694894933244992,0.381,0.173,1
ZNF710,0.005595160241183966,1.369489493324499,0.333,0.176,1
PTGR1,0.002313801354056625,1.3694894933244988,0.238,0.095,1
C19orf12,0.007183619483770971,1.3694894933244988,0.214,0.092,1
GNAS-AS1,0.026487843969763742,1.3694894933244988,0.119,0.045,1
PROSER3,0.04172105077615125,1.3694894933244988,0.119,0.049,1
AC073046.3,0.052337679871028116,1.3694894933244988,0.119,0.051,1
C5orf30,0.0103797937403611,1.3669695013459835,0.167,0.065,1
CEP250,0.018273818153236497,1.3669695013459835,0.19,0.086,1
AC004797.1,0.038500130170820386,1.3660256380209272,0.143,0.063,1
IRF2BPL,5.435206792866047e-4,1.3639513097830687,0.214,0.07,1
TSN,0.0057864772126747155,1.3639513097830687,0.19,0.074,1
LPP,6.382893421948061e-5,1.3618033001793663,0.929,0.816,1
AC092279.1,0.023256110731812395,1.3615842952391528,0.143,0.058,1
AC024145.1,6.57758734118281e-5,1.3615842952391526,0.286,0.095,1
BIN1,3.397063695947162e-4,1.3610702403465273,0.31,0.123,1
EPM2A,0.0029321642624194517,1.3584343048155032,0.238,0.098,1
GTF2IRD1,1.207060191773669e-4,1.3581104311940086,0.31,0.114,1
ABR,1.4788918965553597e-4,1.3556836937994685,0.357,0.144,1
AC109587.1,0.002351064679331484,1.3556836937994685,0.214,0.081,1
ZNF713,0.2936981090041887,1.3556836937994685,0.119,0.078,1
H6PD,4.564712628648004e-5,1.3556836937994683,0.31,0.104,1
TMEM18,0.013597414619704703,1.355683693799468,0.167,0.068,1
METTL7B,0.013679025275888969,1.355683693799468,0.119,0.04,1
DTX2,0.055347268940341934,1.355683693799468,0.119,0.052,1
ARMCX4,3.0052825217413394e-4,1.354263019099841,0.381,0.166,1
AC107068.2,0.007676637233667191,1.3532610315326126,0.238,0.11,1
ZNF398,0.010433070161958586,1.3532610315326126,0.262,0.13,1
MTHFR,0.0029192476063446397,1.3525164147207853,0.238,0.098,1
TAGLN,0.022639416443036273,1.3525164147207853,0.167,0.073,1
WDR86,8.353659354715095e-4,1.3519412921136515,0.214,0.073,1
DHX33,0.002962648333008166,1.3519412921136515,0.214,0.082,1
LRRC8B,0.023477087184955378,1.3519412921136515,0.167,0.073,1
OSBP2,0.04372153112363596,1.3519412921136515,0.143,0.065,1
NAPA,6.715530425632658e-5,1.351110964009644,0.333,0.123,1
CDK18,0.18707550235124892,1.351110964009644,0.119,0.069,1
RBM19,0.2037445270225492,1.351110964009644,0.19,0.128,1
UBE3D,0.002407072543974212,1.3503171840496533,0.405,0.229,1
PRUNE1,0.0760365789232126,1.3498071274627992,0.119,0.055,1
AC008543.1,0.08321814444770473,1.3498071274627992,0.119,0.056,1
ZNF675,0.002537557159089096,1.349807127462799,0.238,0.098,1
GJC1,5.540533277212541e-4,1.3488300227584058,0.19,0.058,1
LINC02802,7.627147088347497e-4,1.3488300227584058,0.238,0.086,1
ACOT13,0.014168714731412915,1.3488300227584058,0.19,0.083,1
HIP1,4.1203536482854465e-4,1.3469664766983593,0.476,0.24,1
HSPA14.1,0.04421347274150892,1.3454153583456416,0.143,0.065,1
NELFA,8.714249877248638e-5,1.3444854871946044,0.381,0.154,1
HDAC3,0.0063161210887015505,1.343954401217361,0.238,0.106,1
HINT3,0.019397258713870616,1.3420087569023917,0.167,0.071,1
SPSB1,0.03431731838487813,1.3420087569023917,0.143,0.063,1
AC087500.1,0.034658080623169094,1.3420087569023917,0.119,0.047,1
PPP2R5D,0.05233766655509092,1.3420087569023917,0.119,0.051,1
AL354822.1,0.05256172258689265,1.3420087569023917,0.119,0.051,1
POLDIP2,0.05534724505193983,1.3420087569023917,0.119,0.052,1
CLSTN1,7.087881355082311e-5,1.341273250875302,0.476,0.229,1
ETS1,1.3559108634707607e-4,1.34057680140926,0.286,0.101,1
CYFIP1,3.230399918081998e-4,1.3401326902649529,0.619,0.391,1
HMGA1P4,9.194615673298411e-4,1.3392892555487999,0.214,0.073,1
TTC4,0.010502140791563778,1.3392892555487999,0.19,0.08,1
ENDOV,0.026112871725502466,1.3381253224151637,0.143,0.059,1
MEF2C,8.078711957400109e-4,1.3374790984218778,0.429,0.215,1
MTHFD2L,0.13769693627950189,1.3374790984218778,0.19,0.12,1
DTWD1,6.312071417292289e-4,1.336868071755301,0.429,0.209,1
TTI2,0.008579265599148388,1.335219591239753,0.167,0.063,1
SH3BP1,0.14352941544794087,1.335219591239753,0.119,0.064,1
AL592183.1,3.7251495957375385e-4,1.334407034169054,0.381,0.172,1
SLC66A2,0.0015949003343215626,1.3329636172993848,0.286,0.122,1
ALG13-AS1,0.017302339606224706,1.3329636172993848,0.167,0.07,1
AC025682.1,0.25139312073783865,1.3329636172993848,0.119,0.074,1
ZNF264,8.679900178825429e-4,1.3311613746653992,0.286,0.116,1
NFIX,0.008712171508750817,1.3311613746653992,0.214,0.095,1
UST,0.012162369677362506,1.3295412789972376,0.333,0.198,1
FO393401.1,0.04011754298867459,1.328462225064444,0.119,0.048,1
NPC1,0.02360493430628621,1.3279230005988547,0.405,0.256,1
HPS3,0.0023247673212151865,1.3271145416026973,0.31,0.145,1
ACSL1,0.001071575921396221,1.326537348139952,0.238,0.089,1
FCGR1B,0.026559078212497693,1.326537348139952,0.119,0.045,1
NIPSNAP3A,0.07691970074962157,1.326537348139952,0.119,0.055,1
DDX11,0.0907752853133279,1.326537348139952,0.119,0.057,1
MAP3K5,0.01811084593340319,1.3260848089138795,0.333,0.214,1
SLC12A2,9.135292992447631e-4,1.325768115895181,0.238,0.089,1
FNIP2,0.0024411494129890662,1.3252788179285138,0.429,0.264,1
TGFBR1,2.22543591274035e-4,1.325193326577747,0.643,0.438,1
FAM171A1,0.0017730142983929476,1.3250953739660454,0.167,0.053,1
MRFAP1L1,0.00588158248457098,1.3250953739660454,0.167,0.06,1
TCTN1,0.05063641280410908,1.3250953739660454,0.143,0.066,1
B3GNTL1,0.055453664559104075,1.3250953739660454,0.143,0.068,1
AGAP5,0.004707162298172171,1.3239748340721298,0.19,0.072,1
TAF1A,0.027247998304819762,1.3239748340721298,0.167,0.075,1
AC104365.1,0.028461689805813883,1.3239748340721298,0.167,0.075,1
AC006001.2,0.002004532222804601,1.323356977514126,0.381,0.196,1
AF127577.2,0.0034067516753993003,1.3230790283675407,0.19,0.07,1
ERG,0.16865069941415134,1.3230790283675407,0.119,0.065,1
NACC2,0.002555430033000708,1.3212202842312468,0.238,0.096,1
PTK7,0.039613210263342045,1.3212202842312468,0.262,0.15,1
RMDN2,0.002511105919659081,1.3207780788512669,0.238,0.097,1
FREM1,0.0017422107377018032,1.3202219484078026,0.357,0.189,1
KLF2,0.01866553062124986,1.3197641195445253,0.214,0.103,1
HABP4,0.0037544640854329276,1.3150417093021227,0.167,0.057,1
MRPS22,0.009760962937235239,1.3150417093021227,0.167,0.064,1
OSGIN2,0.022460758076621984,1.3150417093021227,0.143,0.057,1
ABRAXAS1,0.08775978553488797,1.3150417093021227,0.119,0.057,1
WDR4,0.1032863262701443,1.3150417093021227,0.119,0.059,1
AL513164.1,0.15225013802721177,1.3150417093021227,0.119,0.065,1
PTGES2,0.17858841765535582,1.3150417093021227,0.119,0.068,1
SLC36A1,8.71893311017318e-4,1.3150417093021225,0.262,0.101,1
BBS2,0.003244585162367924,1.3150417093021223,0.214,0.083,1
SSX2IP,0.02802732589258651,1.3150417093021223,0.214,0.111,1
COL10A1,0.029899281079083972,1.3150417093021223,0.167,0.077,1
NLRC5,0.04986359407953704,1.3150417093021223,0.119,0.051,1
SETD1A,0.05301204271339811,1.3150417093021223,0.119,0.051,1
PC,0.07456654429525629,1.3150417093021223,0.143,0.072,1
KCNIP4,0.3819332788196793,1.313860624470796,0.357,0.343,1
SORBS2,0.18952513261867443,1.3129523605793954,0.31,0.242,1
STAT6,7.618159947556472e-4,1.309708264999082,0.286,0.114,1
TEX2,0.00954347031930419,1.309328058107729,0.238,0.111,1
SMYD3,8.715622898914322e-4,1.3091297290644375,0.69,0.615,1
NBPF1,0.0029771086757592736,1.3088894823205273,0.238,0.098,1
ACOT9,0.012758480146050051,1.3088894823205273,0.214,0.098,1
PIGC,0.4818233346224947,1.3083779790211114,0.119,0.09,1
MCC,0.003984110315947155,1.3081120689584496,0.405,0.243,1
SMC5-AS1,0.016457574056802596,1.3070489185485918,0.262,0.136,1
FAXDC2,0.05511533759878311,1.3070489185485918,0.143,0.068,1
ALKBH3,0.15490101223865754,1.3070489185485918,0.143,0.082,1
KDM4A,9.472013890273017e-5,1.3061635579556694,0.357,0.139,1
SDHAF4,0.004744143346894978,1.3061635579556694,0.19,0.072,1
AC092574.2,0.023008416541668457,1.3061635579556694,0.167,0.073,1
PREX1,0.009220622856186994,1.3058231792727437,0.262,0.131,1
CBWD6,0.014722171102493544,1.3050576207295004,0.167,0.068,1
PART1,0.04231176676115165,1.3050576207295004,0.119,0.049,1
ULK2,0.0021563733918980696,1.3036369460298731,0.405,0.216,1
CAPN15,0.03107444866606149,1.3036369460298731,0.143,0.061,1
ZBTB37,0.0014719358030092706,1.3017448866886645,0.31,0.138,1
USP45,2.6704871586455035e-4,1.3007997867263437,0.405,0.192,1
AC003681.1,0.007008371136994717,1.3005421396070074,0.214,0.091,1
ETAA1,0.017132749552397252,1.3005421396070074,0.19,0.086,1
AC025171.1,0.0039519865528384115,1.3000913678361508,0.262,0.116,1
SCYL3,5.522146506659599e-4,1.2982659965512957,0.333,0.142,1
WDR12,0.0022433280884215255,1.2977222331020961,0.333,0.158,1
SOCS2,0.18441298205078377,1.2973397075686632,0.119,0.068,1
ABHD2,0.016764969730377166,1.2966631799872679,0.214,0.101,1
AC048341.1,0.04627706570099048,1.2966631799872679,0.19,0.101,1
POLD4,0.011132443787410448,1.2951421518644177,0.167,0.065,1
GATA6,0.0013672856211799998,1.2939800937742927,0.333,0.151,1
GIN1,0.023895704466859322,1.292321632802039,0.143,0.058,1
BTBD1,7.436255118806756e-4,1.2923216328020386,0.405,0.2,1
RHBDF2,0.07210791618326375,1.2911949673477552,0.143,0.072,1
ZNF263,0.009849864567151775,1.2911949673477547,0.19,0.079,1
FAM102A,0.039580823644771175,1.2911949673477547,0.167,0.08,1
RNFT1,0.04932154523239509,1.2911949673477547,0.167,0.083,1
USP28,0.004329831001290138,1.2885694979409315,0.19,0.071,1
LIX1L,0.05301208565716206,1.2885694979409315,0.119,0.051,1
AC007780.1,0.06219372443153874,1.2885694979409315,0.119,0.053,1
TTLL11,0.0014829542066624507,1.2866970836081608,0.262,0.105,1
PRR16,0.3386632432796549,1.2861868466299375,0.143,0.105,1
GPN2,0.012025017634728692,1.2852943659080704,0.167,0.066,1
CETN3,0.013770681188102703,1.2852943659080704,0.167,0.068,1
C9orf147,0.06385457166415724,1.2852943659080704,0.143,0.069,1
AC011933.4,4.380928223582685e-4,1.2845396209047784,0.262,0.095,1
AL136171.2,0.010592615719210493,1.2845396209047784,0.214,0.097,1
GYG2,0.2501556708402883,1.283332849574784,0.119,0.073,1
PTPRS,6.001939325583031e-4,1.2824107050621556,0.286,0.111,1
TRAPPC6B,0.0042810192967975705,1.2824107050621556,0.286,0.137,1
SLC18B1,0.005643756232596596,1.281591515578359,0.381,0.212,1
ATF6B,0.006750766303532584,1.2798522808398225,0.19,0.075,1
RNF146,0.008313326816094297,1.2798522808398225,0.357,0.195,1
DCAF17,0.196620343549929,1.2798522808398225,0.19,0.136,1
IRAK3,5.318999839161281e-4,1.2795526245834978,0.333,0.144,1
LRRK1,6.67364477340888e-4,1.2793411399873937,0.476,0.265,1
AL645568.1,0.027377124262004022,1.2781151403037652,0.31,0.196,1
PTRH2,4.248711742128027e-4,1.278115140303765,0.31,0.123,1
TMEM63B,7.474449180264679e-4,1.278115140303765,0.286,0.114,1
SKIL,0.002294600012518886,1.2779523905669024,0.381,0.199,1
LRRC37A2,0.014658625135554399,1.2755133451154852,0.214,0.1,1
DENND11,0.0398926261764783,1.2755133451154852,0.143,0.063,1
ADPGK,1.0616864474831839e-4,1.2740699282458166,0.429,0.187,1
AC006230.1,7.164395990620677e-5,1.273348761002162,0.405,0.169,1
LRP12,0.0010616289590722903,1.2719729874102366,0.214,0.074,1
GTF2H2,0.0019504134647727628,1.2719729874102366,0.238,0.093,1
SYTL4,0.11349040524526383,1.271187419712695,0.119,0.061,1
SPATA1,0.003136069726692278,1.2711874197126947,0.19,0.069,1
ZNF618,0.020733947394239113,1.2711874197126947,0.214,0.104,1
DDR2,0.002137435699136547,1.2704364071809575,0.286,0.126,1
STX4,0.021440469191107717,1.2699538197735847,0.143,0.057,1
METTL21A,0.06495054286024853,1.2699538197735845,0.19,0.105,1
NT5C3A,0.018663146006962426,1.2696175664121068,0.357,0.212,1
FKBP10,0.005702881742512492,1.2690293115452862,0.214,0.088,1
AGAP4,0.003966440750195949,1.2677359945237656,0.214,0.085,1
HLTF,0.007058338501260974,1.2671820705235306,0.333,0.181,1
LHFPL2,0.004765196565856827,1.2667865406949015,0.429,0.247,1
FPGT,0.004042573725415757,1.2665431916109324,0.238,0.1,1
CRISPLD2,0.0815333904775785,1.2657981902822733,0.262,0.171,1
ZFP64,0.05271471472505717,1.265798190282273,0.214,0.117,1
PMF1,0.01435667595917604,1.265288674105023,0.286,0.152,1
AC084198.2,0.008145879093252833,1.2649182298762862,0.214,0.092,1
SENP2,0.001229824219581776,1.263565491811037,0.405,0.199,1
DCUN1D4,7.621809570459279e-4,1.2625742894079868,0.381,0.177,1
CCNB1IP1,0.020230630488074216,1.2625742894079868,0.167,0.071,1
COPS7B,0.029434634788711004,1.2625742894079868,0.167,0.075,1
TRIP10,0.07630778714942567,1.2625742894079868,0.143,0.071,1
SLC25A28,0.10666052087060308,1.2625742894079868,0.143,0.077,1
CPSF4,0.3842188701725206,1.2625742894079868,0.119,0.083,1
IGF1,4.5894526749607785e-4,1.2620789434663346,0.357,0.161,1
FBXL18,6.175927265131112e-4,1.2605939252797462,0.262,0.098,1
INPP5D,0.0904453851846041,1.2603358172119874,0.19,0.112,1
WDR35,0.006982146022761335,1.2600003457441606,0.19,0.075,1
TIMP3,0.7522605259264725,1.2597918487366595,0.524,0.583,1
MBTPS2,0.010502272074806248,1.259546596710419,0.262,0.131,1
TSFM,0.10482510489748682,1.258898631264589,0.119,0.059,1
MR1,0.11303758636932834,1.258898631264589,0.119,0.06,1
MOB3A,8.079267003815543e-4,1.2582869310048883,0.31,0.13,1
LANCL2,8.781861036401652e-4,1.2582869310048883,0.31,0.131,1
CAMK1D,1.6001708967285138e-4,1.2578978021985137,0.357,0.144,1
EVA1C,0.014472143474105338,1.2578978021985137,0.167,0.069,1
ANKRD6,0.0038877856673993215,1.256148020248554,0.333,0.164,1
RCAN3,0.08665552386440147,1.256148020248554,0.119,0.057,1
B4GALT6,0.3114298238777704,1.256148020248554,0.119,0.081,1
ZNF595,0.004573093606066891,1.255016938229905,0.286,0.135,1
ZNF227,0.016955767678071818,1.2540122759045627,0.167,0.07,1
MDC1,0.11717954880423453,1.2540122759045627,0.143,0.079,1
RDH11,0.04020874476145074,1.2523059539541601,0.214,0.116,1
EML1,0.0616622909535508,1.2517157739332934,0.262,0.168,1
TPD52L2,1.7704332380112422e-4,1.250911371882407,0.381,0.162,1
SLC35D2,0.008097725596057495,1.250911371882407,0.214,0.092,1
AC025159.1,0.07194401001006451,1.250911371882407,0.143,0.071,1
DIXDC1,0.2710948307697471,1.250911371882407,0.119,0.076,1
ZMYM4-AS1,0.060183783713232374,1.2497502490504035,0.119,0.052,1
SMIM10L1,0.06607539975947467,1.2497502490504035,0.119,0.053,1
HDAC4,0.004026933955872714,1.2497502490504033,0.452,0.298,1
NQO2,0.06304004761954624,1.2487684898829565,0.19,0.105,1
GTF3C3,4.432532561728532e-4,1.2484740923631326,0.357,0.155,1
CTSZ,0.005108130979498358,1.2479275134435857,0.238,0.104,1
ZNF211,0.02709940943196961,1.2479275134435857,0.143,0.059,1
PAK1IP1,0.027242687806682243,1.2479275134435857,0.143,0.059,1
AC073343.2,0.10896526823691116,1.2479275134435857,0.119,0.06,1
FANCE,0.11662858991466671,1.2479275134435857,0.119,0.061,1
GGA3,0.0034854465397556452,1.2479275134435854,0.262,0.115,1
AC068888.1,0.006036558171438481,1.2479275134435854,0.238,0.106,1
RNF185,1.6987638056575755e-4,1.247430803147445,0.381,0.159,1
IPO9-AS1,7.795357619495781e-4,1.247430803147445,0.333,0.147,1
LAP3,0.15331407212114062,1.2469774343569684,0.19,0.118,1
BTK,0.019775550945282456,1.2465619714193559,0.143,0.056,1
RBAK,0.06422158911341619,1.2465619714193559,0.143,0.069,1
MIEF1,0.17203483068722628,1.2465619714193559,0.119,0.067,1
SURF6,0.0060248610245878746,1.2455007760490453,0.19,0.074,1
DHX16,0.01009537419873464,1.2455007760490453,0.19,0.079,1
FAM53C,0.02380993257920975,1.2455007760490453,0.167,0.073,1
NCK2,1.1986845522707739e-4,1.2452396784027098,0.571,0.324,1
GABPB1,7.229861932285211e-4,1.2446523814107244,0.405,0.196,1
ANGPTL1,9.437152872246598e-4,1.24395861124064,0.286,0.116,1
CCR1,0.005380823983049897,1.243380724174676,0.19,0.073,1
ZNF746,0.025694729515869475,1.2428919235462872,0.214,0.105,1
LTV1,5.346126919014977e-4,1.242473083351477,0.286,0.11,1
ZNF512,6.779141939881784e-4,1.241792727271484,0.31,0.127,1
STXBP4,0.005499958922185444,1.2402064763795324,0.31,0.152,1
TBC1D23,2.7242524855694274e-4,1.2370391973008497,0.595,0.338,1
MUS81,0.0120363110040498,1.2370391973008497,0.214,0.097,1
LACTB,0.013624618624110189,1.2370391973008497,0.19,0.082,1
KCTD7,0.03533990900725976,1.2370391973008497,0.19,0.094,1
LINC02302,0.21312271965265836,1.2370391973008497,0.119,0.07,1
TCF7L1,0.004160200456734213,1.2370391973008494,0.333,0.17,1
HCG18,4.526303801578298e-4,1.2370391973008492,0.452,0.227,1
METTL5,0.007243140507360425,1.2370391973008492,0.19,0.075,1
AC092969.1,0.00961686895574385,1.2370391973008492,0.167,0.064,1
MNDA,0.022687305766888315,1.2370391973008492,0.119,0.044,1
KDM4A-AS1,0.048296387249210274,1.2370391973008492,0.119,0.05,1
ECM2,0.04917937396136595,1.2370391973008492,0.167,0.081,1
DEPDC4,0.05295313781403102,1.2370391973008492,0.143,0.066,1
GDPD4,0.14039228111245727,1.2370391973008492,0.119,0.062,1
WFS1,0.14681230534969952,1.2370391973008492,0.119,0.064,1
TWIST2,0.006867920663441078,1.2334279437484703,0.238,0.107,1
COLEC12,0.02644885066018429,1.2328655346767134,0.81,0.74,1
LINGO2,0.1904311693539151,1.2325981800357704,0.286,0.22,1
AC022137.4,3.7821887130571236e-4,1.2323012782941858,0.31,0.122,1
MAN1A1,2.4245088697042057e-4,1.2310570392857236,0.714,0.567,1
PLRG1,0.0013329386028936765,1.2301528117156098,0.238,0.089,1
ZNF138,4.932854025981715e-5,1.2298257070682745,0.405,0.163,1
ZNF664,0.002757207902080654,1.2294659775960484,0.214,0.081,1
AC005261.1,0.006892218328359996,1.2294659775960484,0.214,0.09,1
CACNA1C,0.1300515502539094,1.2294659775960484,0.214,0.141,1
SMCO4,0.043431254076490775,1.2286269574846491,0.143,0.064,1
POLD2,0.03881941846260772,1.2275788680517832,0.143,0.063,1
SCRN1,5.827937351072227e-4,1.227578868051783,0.286,0.11,1
TMEM106A,7.030259963214592e-4,1.2269503796772654,0.286,0.113,1
ZBED4,0.03108228353996742,1.2269503796772654,0.238,0.127,1
GRIN2D,0.08262078355484907,1.2262324423442665,0.119,0.056,1
AL513188.1,0.10563768795847235,1.2262324423442665,0.119,0.059,1
ZNF682,0.02235895865206538,1.2254044968174465,0.214,0.106,1
VPS50,0.0011372505854921283,1.2246952072058688,0.5,0.31,1
RGS12,0.002463477209675427,1.2244391605212157,0.333,0.161,1
SGSM2,0.012121604716327429,1.223299140674547,0.214,0.097,1
ARL17A,0.01237101820399303,1.223299140674547,0.214,0.097,1
COX15,0.031114589807808415,1.223299140674547,0.19,0.091,1
FRA10AC1,0.004664025112073939,1.221932304910641,0.357,0.191,1
AC068724.3,0.06142316151581898,1.221932304910641,0.167,0.085,1
MRPL45,0.06659187928972733,1.221932304910641,0.167,0.086,1
TMEM9B-AS1,0.17107882619733447,1.221932304910641,0.143,0.085,1
GPR173,0.0061865350298505335,1.2208592702454146,0.214,0.088,1
FEZ1,0.0196645673795414,1.2202634845500224,0.167,0.071,1
NOC2L,0.03588162564269907,1.2202634845500224,0.167,0.078,1
GPR137C,0.14453550170900892,1.2202634845500224,0.119,0.064,1
AC138305.1,0.12101294795218692,1.2198844762617824,0.119,0.061,1
IFT172,0.022048918859872934,1.2181801700495334,0.167,0.072,1
CFLAR-AS1,0.055489957103166995,1.2181801700495334,0.143,0.067,1
MANBAL,0.0681360910573326,1.2181801700495334,0.143,0.07,1
SLC6A16,0.1282411179014853,1.2181801700495334,0.119,0.062,1
YTHDF1,0.001837250448577857,1.2181801700495332,0.286,0.123,1
PKN2-AS1,0.1966857435643253,1.217194385903978,0.167,0.106,1
ZNF66,3.9274388848526467e-4,1.216099859608486,0.333,0.137,1
KANK3,0.08769228027700272,1.2155060357512082,0.119,0.057,1
C5orf66,0.004458048256950514,1.213862874934755,0.214,0.086,1
NEK6,6.314458300375838e-5,1.2128368489752235,0.429,0.185,1
SMIM4,4.469532202597036e-4,1.211948216338019,0.262,0.094,1
WASHC5,1.3683726128982138e-4,1.2119482163380189,0.452,0.213,1
KPNA5,3.042575688406552e-4,1.2119482163380186,0.357,0.149,1
ARL3,0.0069538859788175625,1.2119482163380186,0.19,0.075,1
RNF214,0.008440144664828024,1.2119482163380186,0.286,0.145,1
KIAA0753,0.012794246321606277,1.2101725914481676,0.238,0.116,1
BLVRA,0.04361445002681485,1.2101725914481676,0.19,0.096,1
DNAJC24,1.5019321185208589e-4,1.2096887091558939,0.381,0.156,1
SGTB,0.14866191391425557,1.2088423054701973,0.119,0.064,1
PATL1,0.010429173145721659,1.208842305470197,0.262,0.129,1
EEPD1,0.3906289832059655,1.208842305470197,0.119,0.087,1
AC053513.1,7.085956586758346e-4,1.2069819634446692,0.333,0.146,1
SFXN2,0.0041698130528287705,1.2069819634446692,0.214,0.085,1
CCZ1,0.012958353278604496,1.2069819634446692,0.19,0.081,1
AL358232.2,0.0750266271275512,1.2069819634446692,0.143,0.071,1
MICOS10,1.9592508007956915e-4,1.2059565937917773,0.381,0.161,1
NAGLU,0.005879761152230982,1.2057430668113107,0.238,0.104,1
ME3,0.006495830332247572,1.2057430668113107,0.214,0.09,1
RMI1,0.0097728876136647,1.2057430668113107,0.214,0.094,1
PTCH1,0.023462665980768592,1.2048587915516995,0.143,0.057,1
ABHD15-AS1,0.03719569238512875,1.2048587915516995,0.143,0.062,1
BX284613.2,0.08223308998635738,1.2048587915516995,0.143,0.072,1
LINC01138,0.0014128953746053653,1.2048587915516993,0.262,0.105,1
NRP1,0.0096722834832614,1.2045421680365718,0.643,0.591,1
AC025171.2,0.040438429997393575,1.2036806003544185,0.167,0.079,1
MTRR,0.042138772714129025,1.2029313429805852,0.19,0.097,1
TIGAR,0.0013229726602280384,1.201512763671708,0.31,0.136,1
MGMT,0.010360699560336268,1.201106656690592,0.429,0.269,1
HS3ST3A1,0.012072180229211395,1.1995644918821862,0.143,0.053,1
DGUOK,9.29215133293296e-4,1.197618847567217,0.333,0.146,1
CLPB,0.004499919213496819,1.1973901206478497,0.286,0.134,1
MPDU1,0.04121271066568846,1.1954600935494497,0.167,0.079,1
CEP164,0.11598385284557015,1.1954600935494497,0.143,0.078,1
CAPN2,0.004329317127739681,1.194947863811816,0.262,0.118,1
ZNF426,0.03253581408966625,1.1942895498415123,0.143,0.061,1
SLC25A1,0.10638088163810852,1.1942895498415123,0.119,0.059,1
PHGDH,0.001046544863448495,1.1934122649005912,0.238,0.087,1
ERI2,0.003325278490715454,1.1934122649005912,0.238,0.097,1
NEB,0.14257247043592267,1.1921849615165887,0.143,0.08,1
PIR,0.16736887782977078,1.1921849615165887,0.214,0.142,1
ZFPM2,0.085199690657761007,1.1912839340858927,0.429,0.364,1
PAPSS1,1.338810711744494e-4,1.1910529920266693,0.405,0.172,1
FLVCR1,0.013514220083459823,1.1910529920266693,0.214,0.098,1
UPRT,0.009695660877612367,1.1903459618528078,0.167,0.064,1
EHMT2,0.021505342951134578,1.1903459618528078,0.167,0.071,1
TFB2M,0.06093089864895529,1.1903459618528078,0.143,0.068,1
SIMC1,6.761076346065382e-4,1.1898624039327823,0.31,0.127,1
TRUB1,0.04253210266843242,1.1895108272182635,0.19,0.097,1
CTIF,0.0035129189375689993,1.189168347681726,0.381,0.206,1
ORC4,0.033066577660236865,1.188815250790494,0.405,0.302,1
PCDH7,0.007440620848370412,1.1887252595207218,0.143,0.049,1
ERBB4,0.016358603223749088,1.1887252595207218,0.167,0.069,1
TRIM8,0.005326830307092702,1.1872861621037494,0.238,0.102,1
SP2,0.07094828983058711,1.1872861621037494,0.119,0.054,1
GGA2,3.347331870276554e-4,1.1864131242308813,0.429,0.204,1
RAB20,0.0023144206912303965,1.1863083951799198,0.31,0.146,1
ZNRF1,6.81072548875456e-4,1.1861751146550072,0.5,0.27,1
TMUB2,0.00757008254044324,1.1848429861754206,0.214,0.09,1
MTSS1,0.09183735990916424,1.1846614275568679,0.524,0.553,1
CAMTA2,0.03122866096005582,1.18379717602387,0.143,0.06,1
ATP6V1B2,0.01757201589103229,1.181980179510533,0.286,0.161,1
BAG5,0.009592626399451819,1.1811859625673318,0.214,0.094,1
CDH8,0.013169584907896093,1.1811859625673318,0.143,0.053,1
BRAT1,0.0258195664195214,1.1811859625673318,0.167,0.073,1
ACSF3,0.06827947910152499,1.1811859625673318,0.143,0.07,1
DMPK,0.08001384851542141,1.1811859625673318,0.143,0.072,1
ZNF7,0.08613756673315985,1.1811859625673318,0.143,0.073,1
DCP1B,0.11628368017267475,1.1811859625673318,0.167,0.095,1
AC018797.3,0.1956240464726349,1.1811859625673318,0.119,0.069,1
NIPSNAP2,0.03106853023298122,1.1805563771151022,0.333,0.205,1
ALG14,0.029945681454337344,1.180112129216014,0.238,0.128,1
EIF2AK4,0.0017437570650774845,1.1796215000526766,0.429,0.245,1
MAP3K8,0.00911633428846029,1.1791582812203494,0.524,0.378,1
CRY2,0.049512187715604186,1.1791582812203494,0.167,0.082,1
BCL9,0.07210373789958664,1.1791582812203494,0.143,0.071,1
CCDC59,0.3198166586778051,1.1791582812203494,0.119,0.078,1
HSD17B11,5.093074906799094e-4,1.1783053725103831,0.333,0.139,1
LINC00106,0.0213722033143179,1.1775381855521876,0.19,0.087,1
PDZRN3,0.2312395894502359,1.1754171146811023,0.381,0.359,1
AFAP1,3.3815484969033666e-4,1.1754071732874907,0.524,0.269,1
URB2,0.03421747890733624,1.1733805600785314,0.143,0.061,1
TUBD1,0.13816568202661203,1.1733805600785314,0.119,0.063,1
ITPR2,0.036938985326499724,1.1728978919439226,0.69,0.712,1
ADCY3,0.0025227236868642752,1.1726887858907917,0.262,0.109,1
EBF4,0.012263066731192325,1.1726887858907917,0.214,0.097,1
CALML4,0.08061387910753545,1.1720837554600796,0.143,0.072,1
TMEM131L,0.0011468343048108313,1.1720837554600794,0.262,0.106,1
AL158152.1,0.0026891248965022095,1.1717208589568733,0.381,0.197,1
AL139260.1,9.814529041779708e-4,1.1713859585705926,0.357,0.166,1
KLHL7,0.07524165246491842,1.170651799966948,0.238,0.15,1
MGAT5,0.03971326234592121,1.1704944207761194,0.571,0.578,1
MEG3,0.19122116770566203,1.1703057233877372,0.429,0.427,1
TRPC1,0.006137369714643486,1.1700363419818922,0.31,0.153,1
BLZF1,0.0010103477627512515,1.1696112697805585,0.357,0.167,1
AIFM1,0.04173296369132407,1.1696112697805585,0.19,0.097,1
PPIC,0.5280423068668606,1.1690624034848422,0.119,0.092,1
ING5,0.0043223859113188014,1.1682003209728513,0.262,0.116,1
FBLN2,5.439138218213019e-4,1.1670516783636957,0.286,0.111,1
MSL2,4.747353734650318e-4,1.1668401860169286,0.476,0.255,1
LRRC41,0.00297787793137219,1.1666498694094511,0.333,0.161,1
ALPK1,0.008500415942705909,1.1665616824207696,0.381,0.231,1
ARMC9,0.01238571344928112,1.1664776998238433,0.286,0.15,1
PRMT9,0.0108356068517696,1.1661783233876402,0.31,0.168,1
IFRD1,4.646408237276889e-4,1.16617832338764,0.5,0.268,1
CDH11,0.2342299030606781,1.164129225742112,0.405,0.394,1
DISC1,0.010407971199632857,1.1634163341576695,0.667,0.602,1
RBSN,0.009354526012177938,1.1630386158570727,0.238,0.11,1
PALD1,0.023123397526762807,1.1630386158570727,0.143,0.057,1
FAM161A,0.06741678345593805,1.1630386158570727,0.119,0.053,1
ZNF585A,0.08950597269559395,1.1630386158570727,0.143,0.073,1
PXDC1,0.2323017977835639,1.1630386158570727,0.286,0.218,1
AC138150.1,0.01709241219893243,1.1630386158570722,0.19,0.084,1
EMC7,0.03523714637123994,1.1630386158570722,0.167,0.077,1
MLYCD,0.04572268727459689,1.1630386158570722,0.143,0.064,1
ZNF85,0.3262852990028016,1.1630386158570722,0.119,0.081,1
ITGB5,7.639879436498535e-4,1.159552440078825,0.548,0.324,1
EFNB2,0.011800075162610335,1.158801622970602,0.214,0.095,1
TBC1D16,0.008953751532597034,1.1578953125811127,0.238,0.108,1
RRP1B,0.015873310762056062,1.1578953125811127,0.238,0.116,1
RNF17,0.15376053630409708,1.1578953125811127,0.143,0.084,1
METAP1D,0.2212718710823334,1.1564957699903005,0.143,0.091,1
LINC01184,0.0068167502443563085,1.15618494481601,0.262,0.124,1
GAS2L3,6.822585292704477e-4,1.1558431144528685,0.357,0.164,1
ELP6,0.02674883887640027,1.1558431144528685,0.19,0.09,1
SOCS2-AS1,0.08130349311865366,1.1558431144528685,0.143,0.073,1
RNF216,9.069141109736707e-5,1.1557214655602723,0.619,0.368,1
FBXO3,0.010507225093988264,1.1550458251035418,0.286,0.144,1
MRAS,0.10734761750509224,1.1550458251035418,0.143,0.077,1
ZNF875,0.005210018625808561,1.1540498326298176,0.381,0.204,1
AC011603.2,0.01219434943702377,1.1540498326298176,0.167,0.065,1
EVI5L,0.01995701651868268,1.1540498326298176,0.167,0.07,1
RABGAP1L,0.0577625630112336,1.152994558212661,0.762,0.855,1
GPATCH11,0.03667617419382173,1.1527702804032458,0.143,0.062,1
PARP12,0.0026695413129122648,1.1527702804032456,0.262,0.111,1
CSGALNACT2,0.00795621891994559,1.1527702804032454,0.31,0.157,1
TFB1M,0.001749193861325986,1.1522587771038295,0.333,0.155,1
TMEM164,9.244453298594218e-5,1.151983427348077,0.405,0.171,1
ZUP1,0.03021800591225798,1.151983427348077,0.214,0.11,1
ABCC1,0.018621155815240268,1.1510659741909963,0.238,0.121,1
MLX,0.07458880773340625,1.1510659741909963,0.119,0.054,1
CCN2,0.2680392173141095,1.1510659741909963,0.143,0.096,1
CYTOR,0.0016223309661736191,1.1503647858219619,0.381,0.19,1
OSTF1,0.0011904811689460277,1.149982463031626,0.524,0.326,1
RNF14,0.0380763464051513,1.14957635605051,0.238,0.133,1
ACADM,0.003382824273861904,1.149363678959996,0.333,0.166,1
ANKAR,0.004091873209184203,1.149232816332042,0.357,0.181,1
ALOX12-AS1,0.013462251726821164,1.1486833228800024,0.19,0.082,1
SRA1,0.07879184641195536,1.1486833228800024,0.167,0.089,1
AC023424.3,0.025801278516468257,1.1474417608060543,0.286,0.165,1
AGAP3,0.033617678112101104,1.1464874395932245,0.214,0.11,1
UPF3B,0.04224758102441835,1.1464874395932245,0.214,0.112,1
Z93930.2,0.16338416632242586,1.1464874395932245,0.167,0.104,1
RAB3IP,0.16123522536111226,1.1459651024981308,0.214,0.146,1
AL356124.1,0.0013633228903110238,1.1454802444727679,0.429,0.232,1
FAM122C,0.018755915923407147,1.1451167078598101,0.167,0.07,1
KIAA1191,0.09398858497954254,1.1451167078598101,0.143,0.074,1
CDKL3,0.11784718967464879,1.1451167078598101,0.167,0.097,1
PALM,0.021154845973843046,1.1434984294614274,0.19,0.086,1
CSK,0.04077210877065742,1.1425745132973573,0.143,0.063,1
AC005037.1,0.054954810288608366,1.1425745132973573,0.143,0.066,1
LTO1,0.06557814066301751,1.1425745132973573,0.143,0.069,1
SNX29,0.014488439010111319,1.1417351026488498,0.643,0.583,1
MOV10,0.08675627423800546,1.141558888446621,0.167,0.091,1
HDHD2,8.156044758050566e-4,1.1410123095270737,0.429,0.207,1
TRIM2,0.0056250192108754805,1.1391918739027047,0.214,0.088,1
AGBL5,0.08126756630509756,1.1391918739027047,0.119,0.055,1
CENPT,0.08617227734113804,1.1391918739027047,0.119,0.056,1
ZNF528,0.09341430465268043,1.1391918739027047,0.119,0.057,1
ANGEL1,0.13799327067450085,1.1391918739027047,0.143,0.081,1
SPON1,0.013569099129715522,1.1377653796433642,0.381,0.237,1
ERCC6,1.364306147180706e-4,1.1375035237499347,0.452,0.197,1
SGSM3,0.12041064565556957,1.137043407324128,0.167,0.098,1
RNASEH2B,0.005635416425623414,1.1362385565133573,0.381,0.214,1
HS3ST1,0.03167080696736704,1.1362385565133573,0.143,0.061,1
MOB2,0.07103236591019939,1.1362385565133573,0.143,0.07,1
LEMD3,9.021148350266348e-5,1.1355578794349654,0.571,0.323,1
ACACB,0.012555763798820403,1.1344694636603014,0.19,0.08,1
AL139807.1,0.04929841468444261,1.1324502960236495,0.262,0.147,1
GEMIN8,0.058078891740524566,1.1324502960236495,0.143,0.067,1
RPA3,0.003492541203756676,1.1324502960236493,0.262,0.112,1
DNAJC17,0.017932118906494505,1.1324502960236493,0.238,0.117,1
NPEPL1,0.01857197697752582,1.131329756129734,0.19,0.085,1
ADCY6,0.046928921789230436,1.131329756129734,0.167,0.081,1
ISY1,0.0530874931717464,1.131329756129734,0.167,0.082,1
GRIPAP1,0.061450544924853655,1.131329756129734,0.167,0.085,1
CASP8,0.10445495614933348,1.131329756129734,0.143,0.076,1
JAZF1,1.2019724990066097e-4,1.1307698123847316,0.5,0.243,1
NARF,0.006601806155869757,1.1306171381646952,0.214,0.089,1
MSRB2,0.01249777029567443,1.1306171381646952,0.214,0.096,1
AXIN1,0.0216950762289196,1.1306171381646952,0.19,0.088,1
DIO3OS,5.779438706783991e-4,1.1301239933843377,0.262,0.096,1
NIPA2,8.023922028928128e-4,1.1294860561460458,0.333,0.144,1
AC083870.1,0.013886768841290682,1.1282731976963958,0.357,0.216,1
GNAI3,0.0011627774840175802,1.127414706126351,0.452,0.249,1
AC116049.2,0.00696672344934857,1.127414706126351,0.286,0.134,1
DTX4,0.007387062136830908,1.127414706126351,0.214,0.09,1
MPP6,0.011465899666871492,1.127414706126351,0.167,0.066,1
NEU1,0.019324295993053537,1.127414706126351,0.167,0.07,1
TSC22D3,0.07066787585001699,1.127414706126351,0.119,0.054,1
POLR2D,0.07894456890651483,1.127414706126351,0.119,0.055,1
TMEM126B,0.08617181889284495,1.127414706126351,0.119,0.056,1
AC005355.1,0.08723149311876953,1.127414706126351,0.143,0.073,1
ANKRD23,0.10617433150491792,1.127414706126351,0.119,0.058,1
ZNF432,7.349172495233284e-4,1.1274147061263509,0.286,0.112,1
PRPF38B,2.7791905190959474e-4,1.1260078849121058,0.429,0.2,1
CYBB,0.01035313914907095,1.1260078849121056,0.262,0.126,1
EPS15,0.053890225838308325,1.1259424847425124,0.762,0.725,1
CEP63,2.154365213591658e-4,1.125346325785122,0.476,0.234,1
ASB7,0.00891797004137325,1.1250707656580519,0.262,0.124,1
TERF2,0.04066315825791387,1.1250707656580519,0.238,0.132,1
CD47,0.025833487248984863,1.1239690511784801,0.452,0.31,1
ATPSCKMT,0.04871570766688451,1.122396631359727,0.143,0.065,1
POLR2G,0.11816669226873877,1.122396631359727,0.119,0.06,1
SCML2,0.12186871249645204,1.122396631359727,0.119,0.061,1
ZCCHC3,0.12662880867070844,1.122396631359727,0.119,0.061,1
DRG2,0.16491660762143,1.122396631359727,0.119,0.065,1
SKAP2,0.003278907201571439,1.1223966313597267,0.405,0.237,1
ZNF197,0.014467122618913496,1.121561979880913,0.214,0.098,1
ZNF280D,4.953960305499922e-5,1.1208003282798233,0.643,0.406,1
ARRB2,0.0012377549037877287,1.1203942784485785,0.214,0.074,1
NOSIP,0.005780186629120986,1.1203942784485785,0.214,0.087,1
TLR1,0.01737937570382038,1.1203942784485785,0.167,0.069,1
CWF19L1,0.12208875948522759,1.1193172384277545,0.19,0.115,1
C8orf37-AS1,0.3059205988173333,1.1193172384277545,0.119,0.077,1
CHCHD1,0.015318934188574966,1.1186444964986193,0.167,0.068,1
AC024257.3,0.0158617207093949,1.1186444964986193,0.167,0.068,1
NUDC,0.004822671453097804,1.118644496498619,0.286,0.132,1
RFFL,0.009116041545653545,1.118320695567872,0.357,0.204,1
ETS2,0.07253939580658135,1.1168968342123518,0.238,0.145,1
SLC25A51,0.009279823815258149,1.1157329010787156,0.19,0.077,1
TOLLIP,0.011375507151376942,1.1157329010787156,0.19,0.079,1
LMO7-AS1,0.03150917363501993,1.1157329010787156,0.167,0.075,1
BIVM,0.06362039398699115,1.1157329010787156,0.167,0.085,1
MED10,0.44019953548282215,1.1157329010787156,0.119,0.086,1
CEP44,0.04108445145064903,1.1149020948128023,0.31,0.193,1
BICD1,0.0020789559128376383,1.113539354904441,0.333,0.155,1
ANKRD44,4.970067151186737e-4,1.1129979333574769,0.452,0.238,1
DTNBP1,0.004908272614265795,1.1124125427871046,0.429,0.258,1
ADAM17,0.0040964787944005885,1.1112649661330216,0.548,0.344,1
KSR1,0.00100300808862677,1.1107713062400992,0.69,0.48,1
VLDLR-AS1,0.09723268070367395,1.1099272793975103,0.143,0.074,1
ARMC10,0.021174872462780592,1.1099272793975101,0.262,0.139,1
SLC5A3,1.5928626483378567e-4,1.108905178723594,0.5,0.249,1
LEMD2,0.06341052613561829,1.1079972522991106,0.167,0.085,1
NDUFAF2,0.002918123993915097,1.107580288411558,0.429,0.236,1
DPYD,0.27064503342749857,1.107296063930076,0.143,0.096,1
ALG9,0.11137523066470159,1.106455087490705,0.214,0.131,1
TCTN3,0.014131481614202471,1.1051945412847881,0.214,0.097,1
MGAT4A,0.008736820583560805,1.104144926803504,0.31,0.16,1
EIF3C,0.10279230328996355,1.104144926803504,0.119,0.058,1
BAIAP2,0.10667506809162187,1.104144926803504,0.19,0.115,1
LINC-PINT,0.045163711910913715,1.102497073922022,0.143,0.064,1
GPATCH1,0.056205923029582175,1.102497073922022,0.143,0.066,1
MTRF1L,0.07240267214153079,1.102497073922022,0.143,0.07,1
GPRC5D-AS1,0.0016962111568569844,1.1024970739220215,0.357,0.17,1
PPP6C,0.021938376411318246,1.1020479859679244,0.31,0.178,1
PAG1,0.017493307476917953,1.1019420417754118,0.5,0.331,1
ME2,0.0024137018610320537,1.1016380711929292,0.333,0.164,1
BAX,0.017660245895910122,1.1012624182703825,0.167,0.069,1
LRMP,0.05477262580941722,1.1012624182703825,0.119,0.052,1
DENND4B,0.1386188118675284,1.1003028605091099,0.143,0.081,1
MSRA,0.011618379774225153,1.1000288183312719,0.31,0.163,1
HADH,0.0419897493599164,1.098908278437357,0.19,0.096,1
MS4A7,0.0025069927244440577,1.098385657514819,0.19,0.066,1
RABGGTB,0.00282916929239334,1.0979435876351875,0.286,0.125,1
TPM2,0.06814864271440293,1.0979435876351875,0.167,0.086,1
PMS1,7.643286161088374e-5,1.0964709989180828,0.524,0.259,1
GNA14,0.029426878920108507,1.0926492879656748,0.214,0.107,1
POLG2,0.0014692687134388288,1.0926492879656746,0.262,0.103,1
VMA21,0.006205953880226704,1.0926492879656746,0.214,0.087,1
KHNYN,0.016723259785873752,1.0926492879656746,0.214,0.099,1
SCD5,0.023040701314982284,1.0926492879656746,0.167,0.073,1
RINT1,0.033169203119427254,1.0926492879656746,0.214,0.11,1
MSH5,0.05256774265295936,1.0926492879656746,0.19,0.1,1
CCDC200,0.0558191676665304,1.0926492879656746,0.167,0.083,1
MPC1,0.0628400268446473,1.0926492879656746,0.167,0.085,1
RGPD8,0.07837362323729404,1.0926492879656746,0.143,0.071,1
RUVBL1,0.08869714354626072,1.0926492879656746,0.19,0.109,1
APTR,0.08970614765308436,1.0926492879656746,0.167,0.09,1
ZNF627,0.09873630800892641,1.0926492879656746,0.143,0.074,1
OTUB1,0.10227133193814833,1.0926492879656746,0.167,0.092,1
ZBTB17,0.11505729173802016,1.0926492879656746,0.119,0.06,1
CFL2,0.12310097436331766,1.0926492879656746,0.119,0.061,1
NLRP1,0.13123320512518036,1.0926492879656746,0.143,0.08,1
RDX,0.6795459504811361,1.0926492879656746,0.548,0.643,1
RABEP1,0.0031802648925981464,1.0913657513677648,0.667,0.573,1
HIBCH,1.3413738960125587e-4,1.091302862258158,0.571,0.317,1
ATF7,6.596089462131117e-5,1.0909746562734204,0.571,0.285,1
AP1B1,0.003719119171358089,1.0905040161341177,0.405,0.219,1
FGFR1OP2,0.0016162590734894843,1.0900094060929706,0.405,0.205,1
ABCB7,0.002814739054966398,1.0900094060929706,0.405,0.217,1
TPCN1,0.003772369751753936,1.0900094060929706,0.381,0.205,1
PAQR3,0.00462748472320339,1.0899039112268571,0.357,0.186,1
TBC1D9,0.004694353765521737,1.0892183825654012,0.524,0.363,1
LSM8,4.5803804119208666e-4,1.089218382565401,0.381,0.17,1
MAFB,0.013194796629659293,1.0886137747305178,0.19,0.082,1
ZFYVE26,0.10830705604601625,1.0880765581758503,0.214,0.133,1
PARG,0.0021414452553914155,1.0878362892035423,0.571,0.351,1
WDR7,0.0012467954261461093,1.0872072028974267,0.571,0.363,1
EXOG,0.003984935905770468,1.0864173342541603,0.238,0.098,1
EPHX1,0.05728327339955286,1.085795616924612,0.167,0.083,1
FIG4,0.00334999665213058,1.0844287811607063,0.357,0.177,1
HRH2,0.20727018638918598,1.0840872744622505,0.119,0.07,1
AOAH,0.023275371252070652,1.0835182762135462,0.167,0.074,1
PSMD6-AS2,0.07837344439008564,1.0828682671730894,0.143,0.071,1
MANEA,0.18802706722293278,1.0828682671730894,0.119,0.068,1
FAM219B,0.24048747252377645,1.0828682671730894,0.119,0.072,1
ZNF330,0.002536103056417384,1.0828682671730891,0.286,0.124,1
PLEK,0.010803458195694818,1.0818425330090917,0.214,0.095,1
STX2,0.011624287233332363,1.0818425330090917,0.286,0.146,1
DBNL,0.0033108387682022054,1.081244524693425,0.262,0.111,1
CES2,0.09444526005068486,1.081244524693425,0.119,0.057,1
ZCCHC9,0.03671132163297705,1.080212184727452,0.19,0.095,1
AL365356.1,0.029745293400813718,1.0789743510685978,0.19,0.091,1
KANK2,0.009114358693928815,1.0782581956600528,0.286,0.144,1
RAP2A,0.003143385206881033,1.0780025120012733,0.357,0.183,1
KIAA1586,0.02813232824827619,1.0780025120012733,0.238,0.126,1
ZNF451-AS1,0.0072095824201687695,1.0774628841509983,0.286,0.138,1
ZNF260,0.024894686231380594,1.0774628841509983,0.19,0.088,1
SLC8B1,0.16946979201937962,1.0774628841509983,0.143,0.085,1
SNHG12,0.3960912849180972,1.0774628841509983,0.119,0.085,1
SPECC1,7.239662160450009e-4,1.0772192473960684,0.31,0.131,1
STK39,0.002062330544920425,1.076254849715006,0.286,0.123,1
MAD1L1,0.019787611736302085,1.0761611651771057,0.357,0.223,1
GATA4,0.021666973251604337,1.075952999093361,0.31,0.175,1
ZNF573,0.0046130295375053955,1.0755757746067331,0.238,0.1,1
ATAD3B,0.12094369124083741,1.0755757746067331,0.143,0.078,1
KMT2B,0.12460749688995583,1.0755757746067331,0.143,0.078,1
VPS13B-DT,0.3113813780189174,1.0755757746067331,0.119,0.079,1
TBC1D9B,8.681224942534023e-4,1.075575774606733,0.333,0.143,1
PGS1,0.07526958214421632,1.075575774606733,0.238,0.147,1
FAM110B,0.008328834723793496,1.0747412840556216,0.405,0.233,1
DEF6,0.0046980332833585344,1.0744446925880842,0.262,0.115,1
ZNF417,0.06213370291397909,1.0731531123398774,0.143,0.068,1
EXD3,0.07056723585812069,1.0731531123398774,0.143,0.069,1
SLFN11,0.08918704699002952,1.0731531123398774,0.119,0.056,1
CTTNBP2NL,6.700012038017256e-4,1.0731531123398772,0.429,0.212,1
ZNF621,0.14269696455821473,1.0731531123398772,0.19,0.117,1
GTF2H3,0.17490064271698363,1.0731531123398772,0.19,0.124,1
ARHGAP28,0.5854452623406291,1.0728221240870028,0.381,0.417,1
NPIPB5,2.651472020180023e-4,1.0725836649115688,0.524,0.272,1
ANKRA2,0.014279256013917293,1.0721851854059588,0.214,0.097,1
SPI1,0.08351187880667699,1.0721851854059588,0.143,0.072,1
RABEP2,0.1057895452754883,1.0721851854059588,0.167,0.094,1
TBP,0.13223383551622828,1.0721851854059588,0.167,0.097,1
CYSLTR2,0.04877997011868445,1.0713387817202624,0.167,0.081,1
LINC01695,0.1454467184936335,1.0706427457997805,0.31,0.237,1
MKRN2,0.013789991567682765,1.069929211465591,0.19,0.081,1
AC005726.1,0.21988199702068062,1.069929211465591,0.143,0.089,1
H1F0,0.26520874990672727,1.069929211465591,0.167,0.114,1
SAMD4A,0.018899637007173904,1.0694338655239386,0.476,0.325,1
ATP2B1,0.002348127926953874,1.0683860569266672,0.714,0.545,1
SLC25A33,0.004090162386641097,1.0678813828167324,0.238,0.098,1
WASHC2A,0.005104571993470236,1.0675583070028443,0.31,0.144,1
ARHGEF10,0.006145508814497722,1.0675583070028443,0.286,0.136,1
ATP1A1-AS1,0.021589610289147167,1.067114195858537,0.167,0.071,1
FBXL13,0.07398908485875251,1.067114195858537,0.143,0.07,1
C3orf35,0.09321520454868874,1.067114195858537,0.143,0.073,1
SNHG8,0.11934232529243445,1.067114195858537,0.143,0.078,1
SCAMP3,0.12430661769462253,1.067114195858537,0.143,0.078,1
INTS10,3.4453887182601137e-4,1.0662979610187224,0.476,0.239,1
FGGY,2.9148998091231516e-4,1.066014161462208,0.381,0.161,1
AC090578.1,0.16390590318160125,1.066014161462208,0.167,0.099,1
CIZ1,0.013339772405390261,1.06542781923065,0.214,0.096,1
A2M,5.217109845222443e-4,1.065140972616545,0.381,0.168,1
CCDC85A,0.011179624070775017,1.0650065328965457,0.333,0.184,1
DDX60L,5.245209634391023e-5,1.064957554096626,0.571,0.299,1
SYN3,0.7311010173875101,1.064634911796078,0.238,0.268,1
ITGA4,0.020608900062691247,1.064304662271713,0.167,0.071,1
SOBP,0.010371127651409925,1.0635029423061582,0.262,0.128,1
TRIM73,0.09401294674177149,1.0635029423061582,0.143,0.073,1
AL033504.1,0.13074967152917488,1.0633911098158193,0.262,0.178,1
AC005670.3,5.9692350586991686e-5,1.063084830423536,0.452,0.188,1
SERGEF,0.026277540026336053,1.0629019445716226,0.238,0.122,1
BLNK,0.027450658633373072,1.0629019445716226,0.238,0.125,1
HPS1,0.042435300898930495,1.0617552800198906,0.19,0.096,1
AC079781.5,0.015448306375817306,1.0612851170563395,0.238,0.115,1
EEF2K,0.005845411227796951,1.0609404282383363,0.405,0.224,1
AC016831.7,0.08292903173939761,1.06016143521677,0.238,0.144,1
SPOPL,0.0012795764429044453,1.059784654060048,0.429,0.232,1
PREX2,0.2339148446466302,1.0597190128633722,0.167,0.108,1
MLXIP,1.2056572393335399e-4,1.058701956042337,0.405,0.167,1
ALS2,9.610242682609949e-4,1.058701956042337,0.381,0.179,1
AC002069.2,0.02219655794751968,1.058701956042337,0.119,0.044,1
AC010976.1,0.0388751230256716,1.058701956042337,0.167,0.078,1
PLXNA3,0.1326516290829486,1.058701956042337,0.143,0.079,1
PLA2R1,0.16005309858736125,1.058701956042337,0.238,0.154,1
DYRK2,0.22359561342802095,1.058701956042337,0.143,0.091,1
PTGES,0.24828850401944885,1.058701956042337,0.119,0.072,1
AC074032.1,0.003665310208779488,1.0587019560423365,0.333,0.164,1
CLN6,0.07536910646034543,1.0587019560423365,0.19,0.105,1
FERMT3,0.08345711077011785,1.0587019560423365,0.119,0.055,1
ZNF460,0.11664887917728083,1.0587019560423365,0.119,0.06,1
SETDB2,0.003682256666131431,1.0567297137107319,0.31,0.147,1
SELENOW,0.014166072329035077,1.0567297137107319,0.262,0.132,1
CNST,0.04866036029777743,1.0564669516590282,0.357,0.226,1
ANKRD36,2.3494051842406192e-4,1.056307440901954,0.429,0.19,1
ALMS1,4.7189041199889896e-4,1.0562490877140525,0.524,0.288,1
ZNF493,0.003218620807026536,1.055655080483473,0.381,0.195,1
PIGB,0.020548959312658013,1.055655080483473,0.214,0.102,1
LINC02307,0.22501223205093934,1.055302235470185,0.262,0.183,1
PI4KB,0.005967834905758069,1.0549788699996192,0.31,0.153,1
MTO1,0.06240646140030517,1.05391689347696,0.143,0.068,1
TGIF2,0.06816605150468469,1.05391689347696,0.143,0.069,1
MCM3AP-AS1,0.16722632213906852,1.05391689347696,0.119,0.065,1
YKT6,0.17975958980579834,1.05391689347696,0.119,0.066,1
ZNF234,0.19514478133432758,1.05391689347696,0.119,0.068,1
AL513318.2,0.17840875458797523,1.0520073034683284,0.143,0.085,1
ZDHHC6,0.006215582432618478,1.050980108664601,0.262,0.119,1
TXNDC12,0.0911013706040097,1.050980108664601,0.19,0.11,1
TAPT1-AS1,0.010300389006167034,1.05073564623228,0.31,0.163,1
EMC1-AS1,0.26185431143465593,1.0503384831077103,0.119,0.073,1
SPATA6,5.981944226013756e-5,1.0501002377036697,0.452,0.195,1
SNHG14,9.681263814473476e-5,1.0497513295279606,0.667,0.391,1
UGDH,0.13178751415971146,1.0495805660737891,0.167,0.099,1
GPR89A,0.0056518661725121115,1.049580566073789,0.238,0.102,1
ATP2B4,8.357686175546388e-5,1.0489279105363565,0.643,0.361,1
GNPTAB,5.812956909428315e-5,1.0482551686072212,0.5,0.226,1
CD99,1.8097706334333356e-4,1.0480053729108323,0.571,0.287,1
HEBP1,0.08472711901958378,1.0475613984371366,0.119,0.055,1
ZNF283,0.43460885056185616,1.0475613984371361,0.119,0.087,1
SPTLC1,0.001884461935092323,1.0458550764867334,0.524,0.309,1
TBRG1,0.0021812140158753153,1.0443941193584534,0.357,0.173,1
KXD1,0.05101970965243806,1.0443941193584534,0.143,0.065,1
IFT57,0.13347765685335672,1.0443941193584534,0.119,0.062,1
LINC00265,0.18478931448591304,1.0443941193584534,0.119,0.067,1
UFSP2,0.19502127549233855,1.0443941193584532,0.19,0.127,1
CNIH4,0.3174757446334096,1.0443941193584532,0.167,0.118,1
TOM1L1,0.16567266553159352,1.0435315214009835,0.167,0.103,1
CD36,0.005697318199275817,1.0433830934400623,0.667,0.533,1
SMIM8,0.0061086927357656235,1.042896252768575,0.31,0.154,1
ELP3,9.382533018094725e-4,1.0420232148957065,0.405,0.196,1
UBXN2B,0.001630890268943613,1.0420232148957065,0.357,0.169,1
TIA1,0.0016705282777965123,1.0420232148957063,0.5,0.287,1
ZNF81,0.04124189785641211,1.0420232148957063,0.238,0.133,1
AP001347.1,0.07429803358851615,1.0407481860536447,0.238,0.145,1
ARHGAP12,0.0022141200576497725,1.0401818680715387,0.69,0.5,1
ZW10,0.0940136209243952,1.0401818680715387,0.167,0.091,1
ZNF789,0.22802623623329596,1.0401818680715387,0.143,0.089,1
DELE1,0.004568945706730773,1.03965620035179,0.286,0.131,1
ZNF585B,0.015241730814828559,1.03965620035179,0.262,0.132,1
AC026202.2,0.02666973483043155,1.03965620035179,0.238,0.124,1
PRR5,6.53908382310194e-4,1.039407266688695,0.357,0.155,1
SNX1,0.0016699887739536616,1.039049898581619,0.5,0.289,1
AC011287.2,0.04558757445643615,1.0387104808548706,0.167,0.08,1
COX10,2.0285425205404664e-4,1.0382015039432981,0.452,0.206,1
EXTL3,0.10191910015065861,1.0382015039432981,0.214,0.127,1
TSC22D4,0.052458808018657405,1.037507733773214,0.19,0.099,1
FLCN,0.057824140919174094,1.037507733773214,0.19,0.101,1
CLASRP,0.0029771171120277513,1.036985112850676,0.381,0.199,1
LLPH,0.07754188765950953,1.0365062099281408,0.119,0.054,1
DCAF11,0.10389475624971102,1.0365062099281408,0.119,0.058,1
METTL16,0.004150668906086698,1.0359266979537332,0.333,0.166,1
PREPL,0.001428564978719127,1.0354053361311988,0.357,0.163,1
NTMT1,0.053040729332787466,1.0349337901093874,0.143,0.065,1
COL1A1,0.3705936532462365,1.0348993767265748,0.405,0.402,1
D2HGDH,0.02440121121094428,1.0343053017348696,0.262,0.139,1
GTDC1,7.654418961765559e-5,1.0342223143011622,0.69,0.468,1
TBC1D4,0.014554351668152969,1.0341895574176758,0.524,0.372,1
GTF2IRD2B,0.04489648543104339,1.0337555989121063,0.167,0.079,1
POTEF,0.20771976837516792,1.0337555989121063,0.119,0.07,1
TMEM184C,0.1707733023876167,1.0337555989121061,0.214,0.146,1
SNX2,0.0017600149363552412,1.0336629729905376,0.643,0.488,1
SLC2A13,0.01203140574324717,1.0332061054600665,0.5,0.331,1
DNM3OS,0.003420078131629035,1.032839892730371,0.31,0.145,1
TRAF7,0.058204063984755264,1.0328398927303706,0.167,0.083,1
ZNF565,0.08533771578886606,1.0328398927303706,0.262,0.162,1
PITX2,0.006970716792456769,1.0324545060469281,0.381,0.218,1
MIRLET7BHG,0.10299454926158078,1.0315089931517707,0.167,0.094,1
ANKRD13C,1.917109117854757e-4,1.0315089931517705,0.571,0.321,1
CHFR,5.088022663143839e-5,1.0302267874318594,0.5,0.225,1
NDST1,0.006416607515615569,1.029913532617712,0.286,0.135,1
VCPIP1,0.012222216953055615,1.029913532617712,0.262,0.128,1
CEP290,6.108397045358928e-4,1.0299135326177118,0.452,0.221,1
ZNF277,5.398307466062904e-4,1.0295149430196828,0.476,0.245,1
LRRC28,0.0015357383791308424,1.028817676096439,0.5,0.273,1
DENND1B,0.02600190768253427,1.0285189505459589,0.405,0.276,1
EHD4,0.04393727082995555,1.0285189505459589,0.262,0.152,1
PLXDC2,0.0017417902999287554,1.0264155895655875,0.595,0.388,1
ZSWIM8,6.353787241955661e-4,1.0255350921071378,0.357,0.153,1
CBWD5,0.036691702183677,1.0255350921071378,0.286,0.165,1
THY1,0.001625527546116204,1.0255350921071376,0.167,0.052,1
CA5B,0.0061705545054392425,1.0255350921071376,0.333,0.174,1
ATP8A1,0.011518462314572339,1.0255350921071376,0.119,0.039,1
LLGL2,0.030246439400699543,1.0255350921071376,0.19,0.09,1
BICD2,0.03886979354573971,1.0255350921071376,0.214,0.112,1
COMMD3,0.07207639948047251,1.0255350921071376,0.143,0.069,1
SMPDL3A,0.08880432196243924,1.0255350921071376,0.19,0.109,1
FBXL19,0.11785269708376306,1.0255350921071376,0.119,0.06,1
ZSCAN18,0.13841295863283468,1.0255350921071376,0.143,0.08,1
METTL17,0.14144208369832748,1.0255350921071376,0.119,0.062,1
RTL1,0.18565991327533343,1.0255350921071376,0.119,0.068,1
SENP1,0.07501147552672627,1.0255350921071373,0.238,0.14,1
MECP2,0.006542401269095834,1.0234212528412199,0.405,0.236,1
ENPP2,6.542407967053491e-4,1.0226363669187863,0.595,0.369,1
COL15A1,0.06505137518898277,1.02214715699037,0.357,0.242,1
ITSN1,0.005990734531382663,1.0213255720617638,0.714,0.628,1
TOP3A,0.0031230623886909885,1.0208586048976642,0.286,0.126,1
MYO9B,5.060590116821049e-4,1.0207737180134122,0.548,0.335,1
ADAMTS9,0.0011155298112955983,1.0206495641031397,0.429,0.224,1
RAP2B,5.213718058644193e-4,1.020625177983331,0.452,0.223,1
ZCCHC4,0.002874458523515319,1.020499502209839,0.262,0.11,1
CD4,0.003141670036711888,1.020499502209839,0.238,0.095,1
RNF2,0.0011436989260346845,1.0202984437409905,0.429,0.209,1
ZFP36L2,0.030464575732711857,1.0200806620150293,0.286,0.156,1
NDUFB5,0.03468492278455163,1.0200806620150291,0.214,0.11,1
VDAC3,0.047355032183506326,1.0200806620150291,0.214,0.115,1
SLC38A7,0.023759907599608786,1.0189922462403653,0.19,0.088,1
NBR2,0.055578021411914015,1.0189922462403653,0.19,0.099,1
MRPL14,0.019897638634305048,1.0182670916430983,0.19,0.085,1
GABBR1,0.03901765897941948,1.0182670916430983,0.167,0.078,1
SEC61A2,0.09649606317511468,1.0182670916430983,0.167,0.091,1
HS2ST1,3.2544966847532946e-4,1.017589706410967,0.69,0.483,1
CCPG1,0.049326297923649225,1.0173611606614374,0.238,0.138,1
FKBP11,0.06904566173320728,1.0161972275278015,0.143,0.069,1
PALLD,0.1414622216155815,1.016168850642426,0.619,0.666,1
RXYLT1,0.008299684149728294,1.0146467759644016,0.238,0.105,1
MBD1,0.06717936663307551,1.0146467759644016,0.214,0.12,1
AP1S2,0.005176707549754245,1.0146467759644013,0.31,0.154,1
CPQ,6.519925024243908e-4,1.0142129479530466,0.571,0.337,1
CEP120,0.002771383297107634,1.0140088387261097,0.31,0.141,1
RAB35,0.009102645669511314,1.013660991818846,0.238,0.106,1
STX7,0.06668487287198831,1.0129789202400445,0.571,0.53,1
AARS,0.016761921860027642,1.0124789392816913,0.214,0.098,1
ZNF566,0.03986109809794125,1.0124789392816913,0.19,0.095,1
QTRT2,0.05116232536523151,1.0124789392816913,0.19,0.098,1
LINC01409,6.955268884511456e-4,1.012478939281691,0.333,0.138,1
PIKFYVE,8.263276693234127e-4,1.012478939281691,0.619,0.45,1
RIOX2,0.5007639682017383,1.0124789392816909,0.167,0.136,1
TRIM4,0.022643788122666313,1.011550862671436,0.262,0.138,1
SRGAP2B,7.13811609505483e-5,1.0112609611250196,0.5,0.229,1
HARS,0.2402948757637429,1.0110355224120222,0.143,0.092,1
ASCC1,0.00145768260518178,1.0101871277737018,0.333,0.146,1
PPP1R21,0.0031733756346965184,1.01013411967049,0.571,0.452,1
ZWILCH,0.11927569032215116,1.0092332797780372,0.143,0.077,1
AP006621.3,0.29869988456080415,1.0092332797780372,0.119,0.078,1
ZNF608,0.08433676282162773,1.0092332797780368,0.214,0.128,1
PRKAG2,0.06271653316692309,1.008710469465779,0.31,0.204,1
AC008825.1,0.03889015340222185,1.0086612735427414,0.357,0.24,1
ADAMTS12,0.001968717621578721,1.0077603903791614,0.31,0.135,1
ZRSR2,0.06552914284518621,1.0069194139397908,0.143,0.068,1
ANKRD49,0.07773566809239042,1.0069194139397908,0.143,0.07,1
DIO3,0.09651290673402772,1.0069194139397908,0.119,0.057,1
MRPL42,0.051314092151705945,1.0063755138236823,0.262,0.154,1
GYPC,7.409823088705742e-4,1.0059949057114923,0.31,0.125,1
GPR180,0.04559489526550059,1.0054973388705926,0.214,0.115,1
RORA,0.06532783310901616,1.0054973388705926,0.357,0.242,1
GDAP2,0.015867328628469023,1.0053258038794994,0.381,0.242,1
UHRF1BP1,0.03685055702902287,1.0053258038794994,0.357,0.227,1
DNAJC11,3.444912908143215e-4,1.004973769624821,0.381,0.163,1
MIR29B2CHG,0.004779287930717069,1.004973769624821,0.333,0.167,1
EMC2,0.001431972350394663,1.0047015886899722,0.429,0.218,1
TSEN15,6.995235089500887e-4,1.0038400210078187,0.333,0.139,1
GUCY1A1,0.016896724755595307,1.0038400210078187,0.31,0.175,1
SYNPO2,0.0066857834270628805,1.0038400210078184,0.19,0.075,1
NUP43,0.04778861337210056,1.0038400210078184,0.214,0.114,1
OGG1,0.1008998495611991,1.0038400210078184,0.119,0.057,1
DNAJC19,0.12313717979918493,1.0038400210078184,0.119,0.06,1
C17orf80,0.1375287531416344,1.0038400210078184,0.119,0.062,1
MMP2,0.4390746384669757,1.0014494735828245,0.19,0.145,1
PAXX,0.10271555253272922,1.0011509334801785,0.143,0.074,1
FASTKD1,0.0017980605790822092,1.0011509334801783,0.405,0.203,1
MXI1,0.08060010992366795,1.0011509334801783,0.19,0.109,1
TSC1,0.003040401902421788,1.0001000447308672,0.381,0.198,1
ABHD3,0.005634497973917479,0.9995398835741931,0.476,0.296,1
TM7SF3,0.037629453804473745,0.998184603962182,0.286,0.164,1
MAPKAPK5,0.018340278060312267,0.9971266769213833,0.286,0.151,1
MRPS6,0.016306599400703115,0.9968903051602438,0.405,0.255,1
MYO1E,0.10453285267186488,0.9963776317366537,0.524,0.531,1
ABLIM1,0.5803877329796214,0.9960310977970543,0.119,0.098,1
STK10,0.012956239686146611,0.9958642254307949,0.381,0.235,1
ERCC8,4.74375584029924e-4,0.9945081964865133,0.405,0.184,1
MRPL3,0.6907499014690482,0.9943015066522213,0.238,0.216,1
XPO6,3.482938443497775e-4,0.9938262323797995,0.571,0.323,1
MICU1,5.307980651296434e-5,0.9931136144147603,0.595,0.308,1
DLEU7,0.2625605778714739,0.9931136144147601,0.143,0.094,1
TMEM268,0.4860290642775445,0.9931136144147601,0.119,0.09,1
C1orf52,0.01539754936584133,0.9931136144147599,0.262,0.131,1
PLPP1,9.763750924184601e-4,0.9918317884389299,0.357,0.163,1
KIAA0825,0.039912004134986176,0.991720379114894,0.238,0.128,1
PIP4P2,0.0064416878481752165,0.9915877601837999,0.333,0.17,1
SH3GL1,0.0024737138692272555,0.9914272377868734,0.357,0.172,1
TTC28-AS1,0.031420398238409315,0.9914272377868734,0.286,0.163,1
PCDH18,0.2915151848332635,0.9912289700698171,0.167,0.117,1
AL109824.1,0.07421630737724326,0.9906495744632795,0.214,0.123,1
AFF3,0.06519621400031649,0.9904881450079368,0.262,0.165,1
COL5A1,0.005585572680456663,0.9904688931591965,0.452,0.264,1
MCTS1,0.019919787490304243,0.9902020189948568,0.214,0.1,1
PPP3R1,5.708242279871217e-4,0.9890657491269923,0.714,0.51,1
MAPK1,0.00795336229270829,0.9889379384435669,0.524,0.341,1
ADD3,0.07247847683787122,0.9886677093835678,0.5,0.405,1
VPS29,0.014663993854166599,0.988540884624936,0.333,0.186,1
MYCBP,0.05929710501861909,0.988540884624936,0.143,0.066,1
MRPL47,0.08165694356583489,0.988540884624936,0.143,0.071,1
KCNS3,0.017100883921049154,0.9885408846249357,0.167,0.07,1
PHB2,0.17135742906051202,0.9877801701117197,0.167,0.102,1
DENND6A,1.7814062745098217e-4,0.9870609442925018,0.548,0.271,1
PPP1R7,0.2501563976169135,0.9867158432166097,0.143,0.094,1
FAM114A2,0.04399657503861345,0.9867158432166092,0.19,0.096,1
SNCA,0.18502621722361345,0.9861608537729935,0.167,0.105,1
AC005699.1,0.005861550770533196,0.9851208236612294,0.238,0.103,1
TXLNA,0.028562265408009227,0.9843963973136516,0.214,0.105,1
CCZ1B,0.029319983806413284,0.9843963973136516,0.214,0.107,1
CEP70,0.48232946094422957,0.9839826026626317,0.143,0.114,1
ARHGAP1,0.0018643145258761557,0.9824663702152516,0.31,0.135,1
LPIN1,0.10365606985562842,0.9824663702152516,0.214,0.13,1
IFT80,0.018904240072891668,0.9824663702152514,0.333,0.19,1
SNHG25,0.04423836191322077,0.9824663702152514,0.19,0.095,1
SNIP1,0.09175679620832893,0.9824663702152514,0.167,0.09,1
SH3BP5-AS1,0.13708157429033158,0.9824663702152514,0.119,0.062,1
RFX1,0.02614471641722519,0.9808352846363237,0.238,0.121,1
PMP22,2.9237038243533586e-4,0.9805135776351266,0.548,0.282,1
CCAR2,0.06357549868049667,0.980346318340882,0.19,0.102,1
NRP2,1.084399168815895e-4,0.9802348229166691,0.738,0.535,1
RARB,0.04302557406719732,0.9799080756154923,0.286,0.176,1
MARCH2,0.04101419436184932,0.9794386775176838,0.143,0.062,1
GRIK1,0.04375870628645027,0.9794386775176838,0.143,0.063,1
RAD52,0.014480619455422434,0.9794386775176835,0.262,0.13,1
HEXA,0.07817564774106567,0.9788130508639552,0.333,0.225,1
RTL8C,0.04665947343092414,0.9786140447196452,0.19,0.097,1
MRC2,0.0010375773853049366,0.9783921087079945,0.333,0.143,1
AP002336.2,0.009265105500328469,0.9771720705457385,0.357,0.19,1
RBM18,0.03814040847222565,0.9771720705457385,0.167,0.077,1
HPS4,5.173353068952443e-4,0.9771720705457383,0.357,0.149,1
AL356599.1,0.004853704398321588,0.9759530632565774,0.262,0.115,1
MAP3K3,0.001732200222305313,0.9757315361865238,0.357,0.166,1
NUP62,0.024789497494872803,0.975411612681301,0.19,0.087,1
FSIP2-AS1,0.0857913158627846,0.975411612681301,0.143,0.072,1
NNT,0.0012821885952306654,0.9745321886730345,0.381,0.179,1
RBM28,0.009304582368531322,0.9740047914670555,0.286,0.141,1
C5orf15,0.027667483106876826,0.9740047914670555,0.262,0.14,1
ABAT,0.2698032288045868,0.9740047914670553,0.143,0.093,1
XPO5,0.1864603948143235,0.9728547754309602,0.167,0.105,1
CTNNBL1,0.0024516888496760084,0.97285477543096,0.476,0.269,1
TMED8,0.008103055047133436,0.9718971285050642,0.238,0.106,1
ZNF561,0.13752822805188814,0.9718971285050642,0.119,0.062,1
TNRC6C,0.01905997018678626,0.9710873080847615,0.214,0.1,1
SRCAP,0.0355990576686073,0.9710873080847615,0.238,0.126,1
VOPP1,0.09007205171222349,0.9710873080847615,0.19,0.107,1
BNC2,3.046703676622391e-4,0.9707093374408855,0.762,0.6,1
LMBR1L,0.09699905422342092,0.9703935379146769,0.143,0.073,1
GREB1,0.007916221722887699,0.9703935379146766,0.214,0.09,1
ARHGDIB,0.15647100346693144,0.9703935379146766,0.167,0.101,1
PDE7B,0.025710205466791727,0.9699837395762052,0.19,0.087,1
UHRF1BP1L,5.1401625851033675e-5,0.9699062232534348,0.571,0.285,1
SLC1A5,0.04177765565219452,0.9692668724603926,0.167,0.078,1
PPP1R12C,0.1318561916195028,0.9692668724603926,0.143,0.079,1
MTCP1,0.14407446991767098,0.9692668724603926,0.143,0.08,1
THAP9-AS1,0.1894475217901491,0.9692668724603926,0.143,0.086,1
ZNF823,0.36722316052644655,0.9692668724603926,0.119,0.082,1
MGME1,0.03956844859233684,0.9688032070085824,0.262,0.15,1
FRRS1,0.052596744182050154,0.9688032070085824,0.262,0.153,1
SIK2,0.004990614089516524,0.9687169601072928,0.476,0.287,1
IK,0.07322888772144419,0.9671184058818159,0.19,0.103,1
GRB10,0.0807433481956674,0.9671184058818156,0.286,0.189,1
CRCP,0.07299253814962144,0.9662379084233654,0.214,0.124,1
ZIM2,0.22198238827752625,0.9662379084233654,0.19,0.128,1
DCLRE1C,0.029292849700865372,0.9658921456797358,0.238,0.125,1
MCUR1,0.11698701934915681,0.9655925516508554,0.214,0.133,1
SH3BP4,0.13992413923176625,0.9650992382451633,0.214,0.138,1
SLC9A8,0.004846947225023993,0.9648937407673017,0.333,0.165,1
TRANK1,0.023774461658553167,0.9647098994110939,0.262,0.141,1
ZNF44,0.0012286529898898901,0.9645444622179893,0.381,0.179,1
CYSTM1,0.0030437537521196788,0.9640207028944334,0.381,0.196,1
CDKL1,0.06978785605385561,0.9639159738434716,0.238,0.14,1
FKBP5,0.007124265888462579,0.9634295901649125,0.286,0.138,1
USP24,0.0014632354331221386,0.9623700909836521,0.643,0.42,1
DNAJC25,0.008594270003687433,0.9614047546874223,0.238,0.105,1
CCDC90B,0.0852522198542702,0.9614047546874223,0.19,0.107,1
CGNL1,0.16905142746677856,0.9614047546874223,0.143,0.082,1
ZNF532,8.331328154675316e-4,0.961404754687422,0.429,0.213,1
PDK4,0.07440891284519288,0.961404754687422,0.19,0.106,1
SPPL2B,0.04827080144705593,0.9614047546874218,0.19,0.096,1
NOLC1,0.054497072059909904,0.9614047546874218,0.167,0.081,1
SNRNP35,0.1614296810426008,0.9614047546874218,0.143,0.082,1
TIMM44,0.3578007670753169,0.9614047546874218,0.119,0.08,1
NDUFA12,0.0021208084280232528,0.9614047546874216,0.286,0.12,1
MAML1,0.01512235811121116,0.9614047546874216,0.262,0.129,1
KANSL1L,1.1589586235910145e-4,0.959912054046354,0.571,0.293,1
MAPK8IP3,0.011588808555737075,0.9584208962486007,0.333,0.184,1
NUP85,0.005275208315336355,0.9572290787162288,0.31,0.148,1
PRH1,0.014338774768568133,0.9572290787162286,0.452,0.301,1
ECI2,0.006359761817365417,0.9565877383896462,0.262,0.118,1
ARMCX5-GPRASP2,0.10508354253892961,0.9565877383896462,0.19,0.112,1
PSD3,0.009914291319697776,0.9558150729917847,0.714,0.625,1
TSPAN5,0.003380484382808764,0.9556084630782335,0.357,0.179,1
ITGB3BP,0.11369451080684867,0.9551457642157397,0.31,0.22,1
MED25,0.07514425133644896,0.9551457642157395,0.19,0.104,1
CYLD,0.0031140764022353886,0.9548170946526622,0.333,0.16,1
BICRAL,0.04195172300184885,0.9544519940456552,0.357,0.222,1
NADSYN1,0.5732786410873589,0.9544519940456548,0.119,0.094,1
SERPINE2,0.1878387546697356,0.9541731854563462,0.429,0.369,1
NSUN7,0.08141450357012531,0.9540440497361675,0.238,0.146,1
KCNK6,0.03345948901503357,0.9535852502281226,0.167,0.075,1
KIFAP3,0.0017721854395742218,0.9527787496718234,0.405,0.206,1
COL1A2,0.42101912363681915,0.952778749671823,0.5,0.491,1
RIOK2,0.21118603685576906,0.9524716299174143,0.119,0.069,1
PXN,0.009022020688552188,0.951786752125825,0.381,0.209,1
RBM10,0.18865930737441153,0.951786752125825,0.19,0.121,1
CHAT,0.00390542556466469,0.9509881387420833,0.262,0.112,1
HAUS4,0.15830877274347394,0.9509881387420833,0.119,0.064,1
SARNP,0.0097716076764442,0.9506302830932467,0.405,0.245,1
SLC35E2A,0.036405632027936535,0.9500448925228744,0.214,0.109,1
LRRC37A3,0.28351135001813793,0.9500448925228744,0.167,0.116,1
PELI1,0.0022062419392221114,0.9497817710483368,0.452,0.243,1
AC011346.1,0.11611514826617826,0.9489138105042252,0.143,0.078,1
PRIMPOL,0.01002915033075606,0.948913810504225,0.286,0.141,1
VPS8,0.03953653471809448,0.9486835135860432,0.69,0.614,1
CAAP1,0.006934734521529707,0.9483956941255594,0.357,0.194,1
ZNF37A,0.03572897396326172,0.9483956941255594,0.333,0.205,1
DNM2,0.005446095510665368,0.9480257248862222,0.5,0.318,1
KCTD10,0.03118618995627204,0.9475325801058645,0.19,0.09,1
CXorf38,0.03805745508868217,0.9475325801058645,0.19,0.093,1
ATG3,0.06800410118548994,0.9475325801058645,0.262,0.158,1
SYNRG,0.0017611785369173575,0.9470016895604482,0.548,0.316,1
XAF1,0.18247441693663347,0.9470016895604481,0.167,0.104,1
LONP1,0.3574960639846584,0.9470016895604481,0.167,0.124,1
NAA50,0.20375965789501232,0.9468424604845302,0.31,0.255,1
FYB1,0.04575199641164837,0.9458078996364037,0.31,0.198,1
GPI,0.008510318353615763,0.9458078996364034,0.333,0.173,1
COQ8A,0.050146679138175304,0.9458078996364034,0.167,0.08,1
ZSCAN16-AS1,0.12072710912770392,0.9458078996364034,0.143,0.077,1
C2CD5,9.516244322135041e-4,0.9454778767501677,0.548,0.309,1
GIT2,0.003004744322960001,0.9453075718904876,0.452,0.254,1
FBXW8,2.7526408971327966e-4,0.9450693815548099,0.548,0.314,1
SMYD4,0.007977785728585299,0.9443983293817322,0.238,0.104,1
SH3RF1,2.4036678210930955e-4,0.9439243909047452,0.738,0.545,1
COL27A1,0.10530137020579548,0.943785902051192,0.262,0.165,1
NEK5,0.04609884949758366,0.9435934785709614,0.143,0.063,1
TADA3,0.08988144834913502,0.9435934785709614,0.143,0.072,1
SART3,0.009516222899023591,0.9435934785709612,0.286,0.14,1
ST3GAL2,0.022527587318370908,0.9435934785709612,0.238,0.12,1
CDC37,0.0544776831649685,0.9430729319151647,0.262,0.154,1
PARP4,0.02195474301534954,0.9429380060286142,0.357,0.215,1
EDC3,0.020842665324811577,0.9427086609775168,0.214,0.1,1
NCOR2,6.20807998815199e-4,0.9425210421410617,0.5,0.256,1
MIGA1,0.02204679343095406,0.9423647117469237,0.452,0.296,1
GALNT2,0.09543899073107134,0.942232445412576,0.357,0.248,1
NSUN6,0.0037662567785688356,0.9420682695898226,0.429,0.231,1
PDGFRB,0.1664300779517576,0.9419348904891967,0.167,0.102,1
ZNF160,0.0012608435936163893,0.9417313356330019,0.381,0.178,1
MINDY3,0.6328861290111629,0.9415833137746783,0.571,0.565,1
POLK,2.6762333083052187e-4,0.9414708273186632,0.619,0.363,1
USP49,0.09692856467538168,0.940646194520625,0.214,0.13,1
NOD1,0.00780124528050494,0.9406461945206248,0.286,0.138,1
STAT2,0.07943467312060874,0.9406461945206248,0.238,0.141,1
MCF2L2,0.07358873218132639,0.9406461945206246,0.167,0.086,1
REXO4,0.10457599157847608,0.9406461945206246,0.167,0.092,1
RAD51D,0.2946825686417154,0.9406461945206246,0.143,0.095,1
TBX4,0.11585495762609266,0.9406461945206241,0.119,0.059,1
ZNF845,0.1441937195702455,0.9406461945206241,0.119,0.062,1
LINC00909,0.16448668994146343,0.9406461945206241,0.119,0.064,1
CIPC,0.18713451903376604,0.9406461945206241,0.119,0.066,1
NUP210,0.12700522419807456,0.9387737801878542,0.167,0.096,1
PODN,0.07845074793906777,0.9380722508567985,0.143,0.07,1
CHERP,0.1640185130726677,0.9380722508567985,0.143,0.082,1
NAA40,0.1907277542420496,0.9380722508567985,0.143,0.086,1
PTDSS2,0.4407114293521722,0.9380722508567985,0.119,0.086,1
GASK1B,0.004286457714399368,0.9380722508567982,0.31,0.142,1
XPNPEP1,0.004679201728444119,0.9365300860483925,0.31,0.146,1
HIKESHI,0.010513115473368691,0.9358049314511254,0.31,0.16,1
RUSC2,0.014512367018733516,0.9358049314511254,0.262,0.133,1
CFAP44,0.11831275625447052,0.9358049314511254,0.238,0.157,1
UQCC1,0.0011407370086853874,0.9356799416272752,0.476,0.253,1
SLC7A6OS,0.009012190697749955,0.9355028912446648,0.262,0.122,1
TMEM192,0.07708752430255092,0.9355028912446648,0.19,0.106,1
CERK,0.20246939462420427,0.9347696281839553,0.119,0.068,1
RABEPK,0.24356152247956608,0.9347696281839553,0.119,0.072,1
DBT,0.01807518113959539,0.934769628183955,0.262,0.133,1
PPP2R5A,0.015596063901707785,0.934476427280418,0.381,0.223,1
TMX1,0.002224125443530717,0.9342199253611916,0.333,0.152,1
ZNF84,0.016394442231348103,0.9337925234795619,0.31,0.167,1
GNL1,0.04170297942311888,0.9337925234795619,0.19,0.094,1
HMGN4,0.136158378856496,0.9337925234795619,0.167,0.097,1
DDB2,0.21031156557514277,0.9337925234795619,0.143,0.088,1
SLC22A23,0.14566879414421577,0.9336126026660984,0.452,0.38,1
EIF1B-AS1,0.2373825739312734,0.9331710739584778,0.143,0.09,1
PRMT2,5.619644803266198e-5,0.9329380993853613,0.643,0.344,1
CLDND1,0.03937851504211508,0.932425687715656,0.262,0.144,1
KDM2B,0.047926295502188125,0.9321846157724283,0.262,0.156,1
C18orf25,7.342968748429492e-4,0.9316062074091075,0.452,0.227,1
PEX3,0.5079152272981625,0.9314367178599356,0.262,0.238,1
SDCCAG8,1.3946111574116105e-4,0.9308164348539992,0.833,0.712,1
PRPF39,0.03280501571930323,0.9303778590667977,0.333,0.204,1
CCNA2,0.07814395503237095,0.9303778590667977,0.119,0.054,1
BRPF3,0.080757598148275,0.9303778590667977,0.167,0.087,1
DNAJB1,0.15511870362539634,0.9303778590667977,0.143,0.081,1
RPF1,0.3829775284248928,0.9303778590667977,0.119,0.082,1
CSNK1G2,0.5502719606014612,0.9303778590667977,0.143,0.113,1
ZNF592,0.00679707173076613,0.9303778590667973,0.333,0.171,1
LRIG3,0.11888370832051758,0.9303778590667973,0.143,0.077,1
VCAN-AS1,0.2319376193845613,0.9303778590667973,0.167,0.108,1
AC018462.1,0.3500354917029906,0.9303778590667973,0.143,0.101,1
ACVR2A,0.005035375655883027,0.9297515534173308,0.452,0.259,1
STXBP6,0.018829178141927028,0.9295484856372939,0.452,0.316,1
ADAMTS5,0.008477238394727471,0.9293197768478345,0.333,0.176,1
TRAF3IP2-AS1,0.03499047810675379,0.9287632030047024,0.381,0.242,1
AK2,0.004011806472406187,0.9283329330817731,0.31,0.144,1
ESF1,0.005630678287625667,0.9283329330817731,0.429,0.249,1
DSEL,0.002094382317899241,0.9280185861928754,0.262,0.105,1
POGZ,6.556391110512569e-4,0.9274849464453857,0.643,0.385,1
ATP6AP1L,0.04659891427578073,0.9273115560190137,0.286,0.173,1
PLK2,0.30623862748816133,0.9269712576235483,0.119,0.078,1
SUMO1,0.014361362642800768,0.9265459974757702,0.286,0.147,1
ALG2,0.08639752268146511,0.9259994185562235,0.143,0.071,1
AC083798.2,0.103453044238658,0.9259994185562235,0.143,0.074,1
BCAS2,0.2196966855525899,0.9259994185562235,0.119,0.07,1
TRMT10C,0.2570382027028547,0.9259994185562235,0.119,0.073,1
TOR1AIP1,0.0641260051184986,0.9259994185562233,0.238,0.135,1
ZRANB1,0.029328171407334805,0.925999418556223,0.381,0.237,1
CDC123,2.627079260169146e-4,0.9252709686337086,0.452,0.207,1
FAM98A,0.01590709829323858,0.9252709686337086,0.238,0.113,1
AC027097.2,0.029869648673168478,0.9249711255398536,0.262,0.14,1
MAP1B,0.013206512662264528,0.924878878662308,0.31,0.165,1
FAM204A,0.0071583270252358,0.924251756269956,0.405,0.223,1
COX19,0.4001708917785685,0.9242517562699555,0.143,0.103,1
SUSD6,0.011617463065215237,0.9233115835153476,0.357,0.203,1
AC108519.1,0.07098612305214172,0.9227242865233625,0.143,0.069,1
OSGEP,0.08517193274100227,0.9227242865233625,0.167,0.088,1
DSCR8,0.12997230491399517,0.9227242865233625,0.143,0.078,1
SUSD1,0.07233591974469147,0.9227242865233621,0.357,0.251,1
SLC30A5,0.002104345773082183,0.922441599143034,0.429,0.231,1
AP2A2,0.04099814199125203,0.9215373715729199,0.429,0.33,1
OSTM1,0.009514599547792298,0.9213778608158456,0.31,0.156,1
RARS2,0.0446181632739308,0.9212519437273179,0.524,0.434,1
TRIM56,0.020621642196066204,0.9211984322924018,0.333,0.191,1
ZNF28,0.13410014680725654,0.9201820919609092,0.119,0.061,1
MDFI,0.1561176881830823,0.9201820919609092,0.119,0.063,1
BPHL,0.19897356641029743,0.9201820919609092,0.119,0.068,1
TNK2,0.03327907920648777,0.9201820919609089,0.262,0.145,1
NUFIP1,0.21241077215422496,0.9201820919609087,0.143,0.088,1
FRS2,6.467780132938031e-4,0.9199343126488547,0.714,0.562,1
GFM2,0.041671069574252255,0.9189126725733427,0.262,0.148,1
RAP2C,0.017185824997809573,0.9186198881906256,0.262,0.131,1
MAP3K1,0.0159786821155267,0.918234947100365,0.548,0.449,1
PIM1,0.3545412624766116,0.9181515567335379,0.119,0.081,1
TSTD3,0.008683832827190143,0.917644369159009,0.381,0.213,1
LZTS2,0.1069168171595791,0.9172822014551145,0.143,0.074,1
THAP4,0.1299524295986462,0.9172822014551145,0.143,0.078,1
EIF2D,0.2634208154921061,0.9172822014551145,0.119,0.073,1
POLE,0.00964421865870921,0.9172822014551143,0.262,0.123,1
SMAP1,0.007977412589037235,0.9170106353289685,0.429,0.255,1
RPS6KC1,1.2938788173625962e-4,0.9165581386841373,0.762,0.543,1
POT1,0.002717135376968936,0.9164923328118477,0.381,0.196,1
PAPOLG,0.1410980062712725,0.915111102413487,0.19,0.117,1
SNHG7,0.1603748680609849,0.915111102413487,0.143,0.082,1
PCYT1A,0.017363571032881876,0.9151111024134868,0.286,0.15,1
INPP4A,7.804836485676707e-4,0.9144509811295433,0.571,0.334,1
CYB5A,0.025964858116883562,0.9139434009811525,0.238,0.122,1
ITM2C,0.054009052898153914,0.9134247257856001,0.167,0.081,1
PIK3AP1,0.07491773838194138,0.9131316440088914,0.238,0.143,1
PARP11,0.007192018428195981,0.9127152617728325,0.333,0.169,1
DHX29,0.012101808598003645,0.9120770423238536,0.405,0.252,1
KIAA0586,0.0018487011212007254,0.9116860150709142,0.429,0.225,1
TES,0.22401029562270072,0.9113195232511127,0.19,0.128,1
TEC,0.1543768525462366,0.910975327844282,0.238,0.162,1
VPS13C,9.911056637915724e-4,0.9103305700931528,0.786,0.642,1
ZDHHC18,0.19384859787189135,0.9100578746872015,0.119,0.067,1
GIPC2,0.06589566645325368,0.9092820236112895,0.19,0.103,1
GRB2,1.6987699523203528e-4,0.9090493496262855,0.738,0.534,1
SOX6,0.4932381430585505,0.9087346151278148,0.381,0.383,1
PFDN4,0.0777291407073046,0.9086173403279867,0.143,0.07,1
LAMTOR3,0.0723192622425082,0.9075378827086862,0.167,0.085,1
SESN3,0.0037407613484236554,0.9071538637966394,0.476,0.261,1
MFN1,7.147398341844078e-4,0.9069569706650455,0.452,0.221,1
NR2C1,0.013239446835598136,0.906698862597287,0.405,0.235,1
CSNK1G3,0.01445058992738347,0.9066988625972868,0.405,0.262,1
DRAM2,0.08281063814769886,0.9060279976510486,0.333,0.24,1
FAM102B,0.05208541055400631,0.9057405795724232,0.286,0.174,1
RPP30,0.007260934609377128,0.905022284789903,0.262,0.118,1
AKAP11,0.027501895858951957,0.905022284789903,0.357,0.214,1
NPIPB4,0.34766073351709603,0.905022284789903,0.167,0.126,1
APLF,0.040986638405490085,0.9044638582139785,0.333,0.203,1
ENOX2,0.04610144491917656,0.9044638582139785,0.333,0.21,1
TNFRSF1A,0.0041887062655842884,0.9035445677285272,0.31,0.144,1
GLB1,0.04761996396740239,0.903347653097649,0.286,0.173,1
MGRN1,0.004521365024047669,0.9031714891019618,0.357,0.182,1
TRIT1,0.06420955102009318,0.9031714891019618,0.286,0.182,1
PRPF3,0.0022117127255452383,0.9030129598956167,0.405,0.204,1
CDS2,0.026276284199440825,0.9027391777445175,0.333,0.195,1
CNTRL,1.4782254631128656e-4,0.9026201582302903,0.405,0.164,1
C15orf41,0.031142056717543356,0.9023634828972007,0.452,0.31,1
MALT1,2.1862345166722116e-4,0.9021526766018553,0.5,0.234,1
NAA16,7.294749121416022e-4,0.9021526766018553,0.476,0.239,1
PTPN18,0.07308130172031481,0.9000042100232788,0.262,0.16,1
FAM227B,0.12969727998808586,0.9000042100232788,0.167,0.098,1
PPM1F,0.1884893665112611,0.9000042100232788,0.143,0.085,1
MNT,0.2915120325744323,0.9000042100232788,0.119,0.075,1
TTC38,0.3369892630878299,0.9000042100232788,0.119,0.079,1
BCCIP,0.4909087312518174,0.9000042100232788,0.167,0.132,1
ARHGAP31,0.0031275541835968056,0.9000042100232786,0.405,0.214,1
DPY19L4,0.015279292932792657,0.9000042100232786,0.333,0.187,1
VTA1,0.02771939065407893,0.9000042100232786,0.357,0.22,1
SPTLC2,0.03156639019847224,0.9000042100232786,0.357,0.223,1
ITGA9,1.218026340049179e-4,0.8983804675436147,0.357,0.14,1
ANAPC16,0.0012860674155296588,0.8976940493360777,0.452,0.232,1
SCAMP1,0.0034112835573839742,0.8975017028201084,0.405,0.212,1
EXT1,0.43237804441104893,0.897344863572789,0.548,0.689,1
UBE2D1,0.13604733324237822,0.8966684974600221,0.238,0.157,1
MPHOSPH6,0.1028443330914145,0.8960022794657825,0.238,0.15,1
IGF2BP2,0.037993122132012516,0.8958927936160759,0.619,0.553,1
RSPH3,0.28651732851721756,0.8957168516201801,0.19,0.132,1
RRP7A,0.07215407498015786,0.8950035289649119,0.214,0.12,1
RAB18,0.08003167149595009,0.8945497799311706,0.381,0.284,1
ARRDC4,0.18544026155220497,0.8940054694018356,0.143,0.085,1
NFIC,0.002239878058726951,0.8933404797422675,0.333,0.15,1
AP3M2,0.04072565183860881,0.8933404797422675,0.19,0.093,1
INTS14,0.3356360576032782,0.8933404797422675,0.143,0.098,1
FAM118B,0.5107185604655624,0.8933404797422675,0.119,0.09,1
PPFIBP2,0.0897967815896606,0.8930847960834882,0.286,0.188,1
ZNF736,0.050581823526834796,0.8925096734763545,0.357,0.225,1
ANGEL2,0.06931500257803493,0.892509673476354,0.262,0.154,1
UBN2,0.006658227374368833,0.8919037112521617,0.476,0.301,1
FNBP1,0.015405689935529321,0.8914421965198547,0.548,0.354,1
ACAP3,0.12229270854332505,0.8914421965198547,0.143,0.077,1
DKC1,0.1393127983943866,0.8914421965198547,0.143,0.079,1
ZNF22,0.1862835446024605,0.8914421965198547,0.119,0.066,1
C2orf42,0.29820129359399233,0.8914421965198547,0.119,0.076,1
IP6K2,0.01148623805793858,0.8914421965198545,0.429,0.256,1
TBX2,0.012592571480992614,0.8905438807742125,0.262,0.127,1
CHRM5,0.2006812341178142,0.8900201214506565,0.119,0.068,1
CTSB,1.172418766635944e-4,0.8898324049659873,0.524,0.246,1
TGFBI,9.978994370205088e-4,0.8896770718613838,0.429,0.205,1
AC105383.1,0.3498615481011129,0.8894349683130913,0.143,0.102,1
AC022031.2,0.003708414442954332,0.8893783531834503,0.381,0.203,1
IQCK,0.03045827990714457,0.8891158938805428,0.214,0.106,1
NUP133,0.002846940817975081,0.8891158938805426,0.405,0.208,1
ADSS,0.0016498015110775407,0.8880315683572026,0.381,0.179,1
TRMT13,0.009515131226401422,0.8880315683572026,0.31,0.156,1
ALDH18A1,0.04061961178432336,0.8880315683572026,0.262,0.148,1
VPS53,0.00253331265186567,0.8877882603136393,0.571,0.36,1
SHQ1,0.06828930456194349,0.8867073874098206,0.262,0.163,1
AL157938.2,0.006816718017536112,0.885053868557307,0.262,0.117,1
FZD3,0.03621599981733154,0.885053868557307,0.167,0.076,1
SRP68,0.0382235124822203,0.885053868557307,0.238,0.127,1
TDRD7,0.045646202429155694,0.885053868557307,0.167,0.079,1
ABHD16A,0.06351706721790827,0.885053868557307,0.167,0.083,1
TCF3,0.07504504342331479,0.885053868557307,0.167,0.086,1
ATP6V1A,0.001428327989208317,0.8845741694536727,0.476,0.25,1
PSMF1,0.04229137020589926,0.8845031164830907,0.357,0.234,1
PITPNB,0.0011396329351107872,0.8842712837586824,0.714,0.546,1
SNTB1,0.006718878485254493,0.8842712837586824,0.381,0.203,1
AMMECR1L,0.1357772008947222,0.8829306966643373,0.143,0.078,1
ZNF639,0.22973172523158897,0.8829306966643373,0.119,0.07,1
CTBS,0.013629464367678265,0.8829306966643371,0.262,0.128,1
TTC9C,0.08364860545184513,0.8820823020260162,0.19,0.106,1
NAB1,0.009918849339910848,0.881625680708424,0.262,0.123,1
C9orf85,0.0076031591730127334,0.8813403657582429,0.429,0.255,1
MSMO1,0.007608923549296429,0.8801046525855738,0.238,0.104,1
AP1M1,0.11143675322447721,0.8801046525855734,0.167,0.093,1
DPH5,0.13506350978754755,0.8801046525855734,0.167,0.097,1
AK9,0.22923395362999502,0.8801046525855734,0.143,0.09,1
ZCCHC14,0.010486696765714884,0.879116843549455,0.333,0.18,1
RMDN1,0.04514775174351525,0.879116843549455,0.31,0.191,1
PTPN13,0.006647540247441085,0.878942594495449,0.238,0.104,1
FCGR2A,0.013891190301555004,0.878942594495449,0.214,0.096,1
C7orf50,0.026584454521374715,0.878942594495449,0.286,0.155,1
UBE3B,0.07669408028253331,0.8786937037778666,0.238,0.141,1
SMAD5,0.024267234078644947,0.8784586797420141,0.405,0.278,1
MTHFD1L,0.2830685202210856,0.8782530651131633,0.548,0.514,1
AGK,0.01889803164598917,0.8780258409277837,0.31,0.171,1
PLEKHO1,0.0254080494452405,0.877636396994824,0.167,0.071,1
ZMAT2,0.051731633402094856,0.877636396994824,0.167,0.08,1
TRAPPC3,0.23969871076919821,0.877636396994824,0.143,0.09,1
TCP11L1,0.0960211607136958,0.8776363969948238,0.238,0.144,1
ELK3,0.002447851342842465,0.8768145826513889,0.31,0.139,1
N4BP1,0.001099483268095472,0.8767588833659781,0.643,0.459,1
LTBP1,0.8485659622762748,0.8767423576180375,0.524,0.644,1
AC007262.2,0.13680158655303853,0.8761574680689108,0.143,0.08,1
HEATR3,0.15060584976217295,0.8761574680689108,0.167,0.099,1
MAPKAPK2,0.19851228405528898,0.8761574680689108,0.167,0.106,1
DROSHA,0.0028103096917139665,0.8757879726024554,0.5,0.282,1
RB1,0.005990433816069571,0.8753130460132621,0.548,0.382,1
RUNX1T1,0.08620757520618634,0.8751182495540389,0.333,0.233,1
ZBTB40,0.017281588070230183,0.8749132290604484,0.333,0.185,1
RNF41,0.11899293782657436,0.8744691179161412,0.143,0.076,1
MPV17,0.29962992470239097,0.8744691179161412,0.119,0.076,1
TSEN2,0.002103790243280255,0.8739419134370825,0.333,0.149,1
HEATR1,0.037171316993239265,0.8732041506795634,0.31,0.183,1
NCKAP5L,0.010060567329891903,0.872935966825108,0.238,0.106,1
KDM5C,0.04585925172447572,0.872935966825108,0.214,0.113,1
MTREX,0.03662938507711682,0.8728193806970483,0.476,0.367,1
SPICE1,0.018140515744938742,0.8725234736011718,0.262,0.131,1
DHX30,0.05343765754657,0.8725234736011718,0.238,0.134,1
PGAM1,0.20607572152034814,0.8725234736011718,0.19,0.128,1
SLC25A13,0.0027805660459924585,0.8724557621027486,0.643,0.454,1
ZNF420,0.03274948150450869,0.871989833853682,0.286,0.161,1
MAPK6,0.0029149175695650496,0.8713477514002118,0.452,0.242,1
CEP104,0.03418341495066765,0.8702568666292267,0.262,0.143,1
ANKS1B,0.82271801397351485,0.8702568666292267,0.19,0.178,1
MFAP1,0.06410785288913728,0.8702568666292265,0.167,0.083,1
COA4,0.06923374278345153,0.8702568666292265,0.167,0.084,1
RALGDS,0.08361114753840908,0.8702568666292265,0.167,0.087,1
SFXN3,0.13765040250595206,0.8702568666292265,0.119,0.061,1
CRIPT,0.1445076868457951,0.8702568666292265,0.143,0.08,1
LEO1,0.16276769656149864,0.8702568666292265,0.119,0.064,1
MS4A4A,0.48404907189333635,0.8702568666292265,0.143,0.112,1
PPARA,0.006837051886800271,0.8687080795337401,0.333,0.17,1
NUP93,0.002055018248792145,0.8685259785501105,0.333,0.149,1
ECD,0.019467365924985238,0.8685259785501105,0.31,0.17,1
ERBIN,0.007151998255454513,0.8680775685699795,0.667,0.593,1
ZNF253,0.10912041164336722,0.8679938151206579,0.214,0.128,1
COL5A2,0.18525555261531962,0.867424420573814,0.381,0.339,1
UQCRC2,4.142854528090018e-4,0.8674103776277647,0.524,0.27,1
FGFR1,6.172035078240698e-4,0.8673155913171041,0.5,0.266,1
HELQ,0.21822986065617955,0.8669891527953153,0.143,0.089,1
ACVR2B,0.3488587280439008,0.8669891527953153,0.143,0.099,1
ARSG,0.06782623302193515,0.8660568780999411,0.143,0.068,1
MRPS11,0.09204324418941437,0.8660568780999411,0.143,0.072,1
INTS7,0.03855836888216106,0.8660568780999409,0.31,0.182,1
GNPAT,0.31281640691503415,0.8653580672163876,0.167,0.119,1
GALNT10,0.00295132678426661,0.8653580672163874,0.357,0.174,1
SDHC,0.013014458672251492,0.8650704199138917,0.31,0.162,1
TPGS2,0.014187817336926346,0.8643803002925574,0.286,0.145,1
ANKS3,0.035894525715385386,0.8643803002925572,0.214,0.107,1
AC015849.3,0.09668370341990573,0.8643803002925572,0.19,0.108,1
PRPF40B,0.01955308400443646,0.8637288236317286,0.31,0.171,1
KDM6A,4.80120121532024e-5,0.8635117301032342,0.833,0.746,1
KATNAL1,0.011126400956304527,0.8634783339981649,0.238,0.109,1
ANAPC7,0.0014912252563593338,0.8629148912880582,0.357,0.16,1
SRP9,0.024950351379281713,0.8629148912880582,0.286,0.157,1
UBE2E3,0.010732732912494661,0.8626139641100048,0.571,0.431,1
ARHGEF18,0.03443867720028959,0.8622492880278609,0.214,0.107,1
DRAM1,0.0043566268228832465,0.8614509692538854,0.333,0.164,1
M6PR,0.017913106872288007,0.8614509692538854,0.31,0.17,1
KLF3,0.0014507202347367135,0.8604758458366413,0.476,0.257,1
NDUFAF5,0.01254063110450033,0.8604758458366413,0.262,0.124,1
EHBP1L1,0.03180094158838807,0.8604758458366413,0.19,0.089,1
PTPDC1,0.09351614164236678,0.8604758458366413,0.167,0.09,1
MED30,0.14604889065896237,0.8604758458366413,0.119,0.062,1
NSUN4,0.14731900367329318,0.8604758458366413,0.167,0.098,1
LDB1,0.35126067210313316,0.8604758458366413,0.143,0.099,1
RAB27A,0.20869891291115542,0.8594501116726436,0.238,0.172,1
PAX8-AS1,0.0010159938043327757,0.8592578676799695,0.5,0.261,1
ZMYM5,0.00788069701033035,0.8592578676799694,0.31,0.153,1
GARNL3,0.007994225186676897,0.8592578676799694,0.286,0.137,1
SOCS6,0.05857417687664116,0.8587815472967658,0.31,0.201,1
ZNF782,0.005701288537582076,0.8581840343286518,0.333,0.166,1
SPOP,0.0900966893126416,0.8581840343286515,0.381,0.273,1
THUMPD2,0.057506396158770096,0.8580409169195873,0.333,0.22,1
NAE1,0.011976059531783831,0.8576934051653142,0.286,0.142,1
MALSU1,0.04535292727563688,0.85658192973215,0.262,0.15,1
PSMG2,0.016569316148490214,0.8563772776230205,0.333,0.182,1
TBC1D8B,0.05553082772016768,0.8556100906648254,0.214,0.115,1
NRF1,0.010391721421596433,0.8553544523119123,0.643,0.446,1
ELAVL1,0.020484979561817353,0.8547531289283781,0.31,0.172,1
CCDC82,0.03676929177649634,0.8547531289283781,0.286,0.164,1
PIGG,0.010631345287393009,0.8544895507709098,0.286,0.139,1
CARNMT1,0.017690059283565453,0.8544895507709098,0.262,0.131,1
SLC37A1,0.3913145007335126,0.8544895507709098,0.167,0.126,1
GNB4,0.008953803974326087,0.8542005204101538,0.405,0.232,1
FAM76A,0.044636890881635,0.8539918122664423,0.19,0.095,1
STON1,0.3027212025121715,0.8539918122664423,0.143,0.097,1
DESI2,0.005236349744955376,0.8537105577493437,0.381,0.201,1
CCNY,0.002711857241934406,0.8536421527783302,0.714,0.661,1
ARHGAP6,8.007794437481213e-4,0.8533830480648303,0.5,0.276,1
SNRNP48,0.03201251753650172,0.8526984952449217,0.214,0.106,1
ANK2,7.528613679697792e-5,0.8520400811279693,0.429,0.181,1
ACTR3,0.051232493572582485,0.8508773525521032,0.595,0.572,1
MIER2,0.18040110385779137,0.8507606910034293,0.119,0.065,1
ALG5,0.0381613169808403,0.850251174826179,0.31,0.186,1
STX18-AS1,0.38390537357681764,0.8500160741916023,0.167,0.12,1
GALT,0.15808004571891887,0.8493781369533107,0.143,0.081,1
GALNT7,0.03107513544812941,0.8493781369533104,0.238,0.123,1
SCFD2,0.01550221189713254,0.8485979854994536,0.69,0.495,1
NAPG,1.4897727154245972e-4,0.8485759712162758,0.571,0.279,1
NIT2,0.21786959762215757,0.8483420902007861,0.143,0.088,1
SUPT5H,0.0015414976704854928,0.8475367901291428,0.381,0.178,1
HIST1H4E,0.01689645479089221,0.8475367901291428,0.19,0.081,1
MINDY4,0.05552191328734215,0.8468928735637165,0.19,0.098,1
COX16,0.010293526308050638,0.8463662464212054,0.238,0.106,1
CERT1,0.05402334892047796,0.8453392344248971,0.619,0.537,1
PIGF,0.016591072221470354,0.8447217745220887,0.31,0.166,1
CPNE1,0.02347412986129542,0.844509097431575,0.31,0.174,1
ABI2,0.009611640880159866,0.8444436646338277,0.571,0.388,1
ZCCHC24,0.0521650658548176,0.8443200774455999,0.262,0.154,1
SDC2,0.01769443490714939,0.8439988002945367,0.238,0.116,1
ABCC4,1.492098218726882e-4,0.8436217401257599,0.381,0.153,1
ATXN2L,0.019730105976647098,0.8436217401257599,0.381,0.228,1
PCBD2,0.055267275549198976,0.8436217401257599,0.31,0.189,1
TPST1,2.7209245006017075e-4,0.842220713437646,0.524,0.257,1
ABCA1,0.05532970980772538,0.8416550369380116,0.548,0.43,1
GABARAPL2,0.029179770892111993,0.8411105209697105,0.214,0.104,1
AC007952.4,0.03915120100893801,0.8411105209697105,0.19,0.094,1
UNK,8.209019850507622e-4,0.8411105209697103,0.452,0.22,1
KIF13B,0.011514246863661665,0.8411105209697102,0.357,0.202,1
UXS1,9.787780860703308e-4,0.8411105209697101,0.405,0.189,1
LAMC3,0.002243878020874719,0.8411105209697101,0.333,0.151,1
SPATA7,0.07585313914966693,0.8411105209697101,0.167,0.086,1
PLOD1,0.07921469405465346,0.8411105209697101,0.167,0.086,1
NUP107,0.09888782976735178,0.8411105209697101,0.31,0.219,1
AC027288.3,0.1388747111621234,0.8411105209697101,0.119,0.062,1
TXK,0.14688385826300737,0.8411105209697101,0.119,0.063,1
HSD17B7,0.19153846105657976,0.8411105209697101,0.119,0.066,1
ERMARD,0.016520627919448694,0.8411105209697098,0.31,0.167,1
TNFRSF1B,0.02347024582414295,0.8411105209697098,0.238,0.12,1
FBXL4,0.003044979404707904,0.8399087757599567,0.571,0.364,1
ELOVL5,0.026527133485285046,0.8388926957198914,0.333,0.197,1
TARDBP,4.2475631567203326e-4,0.8387080307544057,0.476,0.228,1
TAF2,0.03437730427880519,0.8384898208105745,0.476,0.358,1
TNS3,0.005705710679372365,0.8384185064286023,0.881,0.851,1
AC092131.1,0.4873146359209952,0.8382280124365886,0.143,0.113,1
HNMT,0.04136146088676643,0.8382280124365885,0.357,0.227,1
ATG7,0.596022649255994,0.8380764608800766,0.667,0.767,1
ZNF700,0.026171630847642867,0.8377199317689359,0.31,0.175,1
CHD9,7.22374751243433e-5,0.8375745019424667,0.833,0.748,1
CCDC50,0.0024886957120435977,0.8372684546753161,0.548,0.34,1
TRAF3IP1,0.013845273610888158,0.8363095347058889,0.262,0.126,1
ZNF121,0.18528181650687398,0.8363095347058889,0.19,0.125,1
GCNT1,0.05166352091838916,0.835873872603563,0.19,0.098,1
TWSG1,0.02016094306108054,0.8347127497715592,0.286,0.152,1
ADGRA2,0.024649578938679726,0.8347127497715592,0.262,0.137,1
CERS4,0.02818379420500575,0.8347127497715592,0.19,0.088,1
PLEKHM1,0.07656622730123681,0.8347127497715592,0.19,0.103,1
CAMKMT,0.19743579405154768,0.8343811719624954,0.429,0.402,1
MARCH8,0.02234170538690035,0.8343372923742838,0.262,0.138,1
ADGRL2,0.0054988523214355425,0.8340900932919376,0.333,0.17,1
FOPNL,0.22849435277638233,0.8339150195655063,0.143,0.089,1
FLYWCH1,0.23355605530843487,0.8339150195655063,0.143,0.089,1
CCDC149,0.09178215993996365,0.8339150195655061,0.238,0.147,1
HERC3,0.036423756119444345,0.8336835030696409,0.381,0.25,1
AC079380.1,0.21115754301827283,0.8335373012649092,0.214,0.147,1
AC079160.1,0.17911109927124189,0.8334365930842886,0.143,0.083,1
NKIRAS1,0.13673420499718775,0.8328900141647417,0.143,0.078,1
AKT2,0.006446682743447732,0.8328900141647415,0.31,0.148,1
ORC5,0.01938448972032031,0.8325864486631717,0.381,0.231,1
OGN,0.2883071829910799,0.8324802158262701,0.19,0.133,1
INTS8,0.0027968497738475855,0.8320274162072716,0.381,0.187,1
SLC35A3,5.239075572401311e-4,0.8318327073816995,0.524,0.276,1
TP53I11,0.2099705160675215,0.831524472140512,0.119,0.068,1
ZNF433-AS1,0.1421880483742661,0.8309625655936272,0.238,0.156,1
CEP89,0.01908828464285465,0.8306561633325438,0.238,0.115,1
MECR,0.18305906746888392,0.8306561633325438,0.19,0.121,1
SSBP2,0.11929086822240974,0.8305412792595228,0.548,0.54,1
ZNF141,0.0022364608270106314,0.8301602214091695,0.405,0.201,1
EXOC1,0.004981572156127852,0.8299567124950222,0.643,0.518,1
IPMK,0.008515229848817812,0.829894176497459,0.5,0.303,1
AC009120.2,0.019220102724566354,0.829614882131881,0.286,0.149,1
MDFIC,0.0068718661005968025,0.8292781578822743,0.452,0.249,1
DNMBP,2.8052668523946604e-4,0.8292201099195695,0.524,0.254,1
TENT4B,0.032740656920281684,0.8289211119617961,0.429,0.266,1
LINC00648,0.017075225358585393,0.8287972595308588,0.238,0.115,1
GALC,0.06987685726254472,0.828343224895832,0.167,0.085,1
ANKRD52,0.29775367581563994,0.828343224895832,0.143,0.096,1
RLF,4.751569050929948e-4,0.8281843465254397,0.595,0.334,1
MLH3,0.001491294592359313,0.8280543681442638,0.429,0.209,1
TMEM50B,0.05276784920696406,0.8278544242674433,0.238,0.133,1
WSB2,0.09355071769759747,0.8267552279926402,0.167,0.089,1
ZNF800,0.0011787316839594341,0.8263890152629446,0.524,0.307,1
PLEKHM2,0.15760820123152636,0.826226283883731,0.31,0.23,1
NBN,0.013010085865730417,0.8260036285795018,0.333,0.18,1
CDC14B,1.37429297373082e-4,0.8255975215983855,0.524,0.245,1
LRCH2,0.003796891661600328,0.8255975215983855,0.333,0.157,1
AC004951.1,0.16820578310702974,0.8254572566582246,0.19,0.122,1
NSF,0.07849438535156217,0.8251689771006885,0.286,0.176,1
MEX3C,0.12679531647796033,0.8247160827190418,0.143,0.077,1
STRADB,0.06483983591513479,0.8247160827190416,0.214,0.122,1
IBTK,0.02919825487508433,0.8241604520397726,0.476,0.349,1
SMIM14,0.04392266856016158,0.8241124446178131,0.357,0.224,1
SPACA6,0.025648489348259626,0.8239012309374871,0.214,0.103,1
ING3,0.07389005136992859,0.8239012309374871,0.19,0.103,1
CHUK,0.20148724272106217,0.8239012309374871,0.167,0.106,1
FILIP1,0.11670416422006656,0.8237686241961932,0.262,0.166,1
OFD1,0.04033631314284607,0.8230011404179784,0.31,0.186,1
UCHL5,0.008937881600116902,0.8227612110908181,0.405,0.228,1
ATP6V1H,0.0048838701421941196,0.8224432267296258,0.548,0.362,1
LMBRD1,0.03613122381181139,0.8220016980220055,0.5,0.351,1
ATP6V1D,0.003879662402927292,0.8220016980220053,0.357,0.175,1
NME4,0.15954782220478497,0.8220016980220053,0.119,0.063,1
METTL2A,0.18593239037293852,0.8220016980220053,0.119,0.066,1
CRNKL1,0.19665513566988785,0.8220016980220053,0.119,0.067,1
ZNF780A,0.209970705133158,0.8220016980220053,0.119,0.068,1
PRKG1,0.6660841615612938,0.8215660922953916,0.357,0.4,1
MSN,0.005535470567481273,0.8213472661482801,0.381,0.197,1
ZNF248,0.057261265611316774,0.8213472661482801,0.357,0.245,1
AGO3,3.4247715528959135e-4,0.8205422188475725,0.714,0.574,1
NF2,0.12040096359495493,0.8202770175525447,0.19,0.113,1
SEH1L,0.1586249412721663,0.8202770175525447,0.19,0.12,1
ATF6,0.05691430182351959,0.8202770175525446,0.548,0.478,1
NBDY,0.027814253975833304,0.820104662849408,0.405,0.255,1
NOM1,0.1016879412138012,0.8196307935592588,0.167,0.09,1
MFAP3L,0.16501591342960797,0.8196307935592588,0.143,0.082,1
PBX2,0.27174512457905153,0.8196307935592588,0.143,0.093,1
SLC35F5,5.565054284698621e-4,0.8192431980594421,0.69,0.443,1
TUBGCP2,0.009787038768782593,0.8190842146397115,0.286,0.137,1
DCAF12,0.02095507549604209,0.8190842146397115,0.238,0.119,1
MFF,0.039810380381879854,0.8182101188596311,0.405,0.279,1
TNFSF13B,0.5653740506325828,0.8182101188596311,0.119,0.094,1
RPF2,0.06406325199666282,0.8172637790153421,0.214,0.119,1
DIS3L,0.10474696871344995,0.8172637790153421,0.214,0.127,1
KIAA0513,0.08850229934519464,0.8165882018356414,0.143,0.071,1
MANF,0.13512092891196736,0.8165882018356414,0.143,0.078,1
STARD3,0.16739530567588315,0.8165882018356414,0.143,0.082,1
LYRM7,0.24064939248910658,0.8165882018356414,0.119,0.071,1
MGP,0.0017577470573005517,0.8165882018356412,0.262,0.105,1
PRCC,0.04527554363799083,0.8165882018356412,0.262,0.148,1
IL7,0.7992870098525047,0.8165882018356412,0.143,0.131,1
POLR2B,0.022104514234235484,0.8151153124367656,0.357,0.213,1
MEF2D,0.07305689904579879,0.8151153124367654,0.214,0.121,1
METTL6,0.15464600446582275,0.8151153124367654,0.19,0.119,1
SELENOO,0.19317311577393623,0.8151153124367654,0.19,0.125,1
NUTM2B-AS1,6.461644716976424e-5,0.815024920842432,0.714,0.424,1
TM2D1,0.0030317577799664854,0.8149006416468614,0.429,0.228,1
GOLGA8B,0.06307348605890722,0.8147190220783092,0.238,0.137,1
RFX2,0.06401287004504165,0.8147190220783092,0.238,0.135,1
TSG101,0.021566574562262523,0.8145633663581506,0.405,0.256,1
SYNE1,0.011474761250605484,0.813673338262859,0.333,0.174,1
DPY19L3,0.10292165365120362,0.8135894582058055,0.357,0.242,1
HPSE2,0.004074886533988114,0.8133988398477441,0.143,0.046,1
NFATC3,0.06386641410036446,0.8125413687729393,0.452,0.308,1
ZBTB4,0.07076186169796327,0.8125413687729393,0.214,0.12,1
UBA1,0.0947867157100067,0.8125413687729393,0.214,0.127,1
PHC1,0.11600611597430704,0.8125413687729393,0.167,0.093,1
EOGT,0.15807199590936932,0.8125413687729393,0.119,0.063,1
ASB8,0.18254610910998742,0.8125413687729393,0.119,0.065,1
CEP97,0.21391638245121522,0.8125413687729393,0.143,0.087,1
SIRT5,0.871869849585875,0.8125413687729393,0.095,0.106,1
ZMYND11,0.04668209798857947,0.8111037054343478,0.524,0.438,1
ZER1,0.03840284114390159,0.8106567244279963,0.262,0.146,1
SLC31A1,0.039726108790436344,0.8106567244279963,0.262,0.146,1
MTMR2,0.007319915054842127,0.8103669975386023,0.381,0.205,1
EYA3,0.0164971446464893,0.8102495572649496,0.476,0.312,1
MAP7D1,0.1726685994546579,0.8094016612423718,0.167,0.101,1
ZEB1,0.011442200555663182,0.809009677802686,0.167,0.065,1
UQCC2,0.1258861178037414,0.8085058555377826,0.143,0.077,1
TXNDC9,0.3531288026411934,0.8085058555377826,0.119,0.08,1
SH2D4A,0.21406564163366376,0.8085058555377824,0.286,0.215,1
CRTC1,0.013165037537678963,0.8078343660954115,0.262,0.125,1
MED28,0.06404525012455882,0.8078343660954115,0.238,0.136,1
LRRC37B,0.07350436024409537,0.8078343660954115,0.214,0.121,1
RBM12,0.13487410258323487,0.8078343660954115,0.214,0.136,1
KLHDC10,0.0020764015385893583,0.8074492263294122,0.643,0.402,1
PPP2CB,0.0032750336881880145,0.807312312519645,0.452,0.249,1
GNG2,0.007770955303450212,0.8071994609049996,0.333,0.163,1
KIF26B,0.32724059130572136,0.8070766082961287,0.357,0.482,1
ATG4B,0.030141836397844818,0.8068948056317973,0.286,0.159,1
NFX1,0.028343831260971366,0.8068948056317969,0.476,0.33,1
CDC40,0.07097204146144129,0.8062687717574089,0.286,0.181,1
TNS1,0.14230800949152692,0.8061678239883524,0.31,0.236,1
ATP11B,6.291337746632849e-4,0.806104071141797,0.619,0.368,1
MOSMO,0.028465709487031154,0.8060280618142648,0.381,0.233,1
ZDHHC13,0.2658372157472739,0.8060280618142648,0.19,0.134,1
PITHD1,0.06500280075014116,0.8054866112389889,0.167,0.083,1
TRPV1,0.07571474517246059,0.8054866112389889,0.167,0.086,1
NTAN1,0.1004386418578736,0.8054866112389889,0.167,0.09,1
CISD2,0.14393506575737725,0.8054866112389889,0.143,0.079,1
EMG1,0.19904890998909444,0.8054866112389889,0.143,0.086,1
TMTC3,0.005892810381780953,0.8048469769829387,0.381,0.199,1
HAND2,0.004416240090751102,0.8038634777009421,0.31,0.147,1
IARS2,0.05630938736268464,0.8038634777009421,0.357,0.233,1
GPATCH2L,9.360220810488292e-4,0.80363581555104735,0.548,0.311,1
NFKB1,3.1522920209631704e-4,0.8035413705219874,0.595,0.335,1
PLEKHA1,0.0027795775408902693,0.8034772863447026,0.619,0.423,1
CHSY1,0.19892811689445009,0.8032925689516015,0.619,0.613,1
MED14,2.532721187734486e-4,0.8031426707706898,0.5,0.238,1
CAPRIN2,0.002380590377336347,0.8031426707706897,0.357,0.169,1
CDK9,0.20005604056642076,0.8031426707706895,0.119,0.067,1
CC2D1B,0.25477361412788785,0.8031426707706895,0.119,0.072,1
TTC23,0.03915927003246792,0.8019721270627518,0.286,0.165,1
AL008633.1,0.004579407559511327,0.8018941245734307,0.381,0.205,1
PCF11,0.03169693813700981,0.8017021364114749,0.381,0.242,1
MCEE,0.053664906190015904,0.8017021364114747,0.238,0.133,1
TRAK2,0.002318147536798663,0.801270256437919,0.405,0.208,1
RRM2B,0.06594363849616672,0.801270256437919,0.19,0.101,1
SENP6,1.3766401176689398e-4,0.8010065543942768,0.929,0.825,1
CHD7,9.060090749593796e-4,0.8006794722196351,0.524,0.279,1
MRPS18C,0.1468856327338216,0.8004685364723643,0.143,0.079,1
MAGI1,0.07983394055772447,0.8003695895884129,0.667,0.597,1
WWC2,0.009433003503252425,0.7999857875835068,0.619,0.526,1
LPXN,0.1492885330069094,0.7997400865498498,0.19,0.118,1
VAMP4,0.15878991287346886,0.7997400865498498,0.19,0.119,1
INO80D,0.0033743975122721304,0.7996023130654412,0.524,0.317,1
FAM199X,0.024688531210322898,0.7994002690848727,0.286,0.154,1
LINC00630,0.10216919349841914,0.7989850452970336,0.333,0.234,1
SPATS2L,0.0011111752814725168,0.7988253756559114,0.667,0.428,1
ITGB2,0.049352885615378386,0.7984661835612163,0.143,0.064,1
NSL1,0.10770192881176885,0.7984661835612163,0.333,0.224,1
SNX18,0.1234945505189439,0.7984661835612161,0.238,0.155,1
DCAF5,0.004235292177955185,0.7977993496963798,0.571,0.362,1
INPP5B,0.008464408994840989,0.7976424923936005,0.333,0.169,1
COASY,0.09627366808918365,0.7969107170591752,0.167,0.09,1
PTCD3,0.010020225585834385,0.796910717059175,0.452,0.259,1
SACM1L,0.03164239701972084,0.7967164016112568,0.452,0.295,1
ELMOD3,0.07153863432702576,0.7956675502085433,0.262,0.159,1
FAM156A,0.2476545535582371,0.7946512098770504,0.167,0.112,1
SFMBT2,0.16076351061792146,0.7946512098770498,0.548,0.509,1
TMEM120B,0.06204455621625828,0.7943524224594161,0.262,0.155,1
AC107419.1,0.059889784588772525,0.7942702667667376,0.357,0.251,1
SPAG17,0.10953704002553857,0.7938048061913534,0.119,0.058,1
AL118511.1,0.2814486065390081,0.7938048061913534,0.119,0.074,1
PDE6D,0.29438424131982405,0.7938048061913534,0.167,0.115,1
MRPL13,0.3306590012220748,0.7938048061913534,0.167,0.121,1
ZNF587,0.03030685339620039,0.7930890061067668,0.262,0.139,1
CCNDBP1,0.05980741306501092,0.7930890061067668,0.238,0.133,1
KIAA1958,4.249955941732839e-4,0.7928743353168626,0.357,0.146,1
MAPKBP1,0.5332445564643098,0.7924757457188336,0.167,0.138,1
MAGI2-AS3,0.035036747734664794,0.7919444641658255,0.238,0.124,1
C16orf58,0.2680472733655946,0.7914797532451097,0.143,0.093,1
TOGARAM1,0.2034738217969084,0.7914797532451096,0.333,0.263,1
TRAPPC13,0.044736666589361464,0.7910698384701147,0.286,0.169,1
ZNF701,0.12165584520771071,0.7900865179452432,0.19,0.112,1
WDPCP,0.09106970366191844,0.7897384192486843,0.595,0.569,1
CHIC2,3.033512390284343e-4,0.7891584413349885,0.571,0.298,1
RSPO2,0.002241914167007454,0.7889728976345347,0.262,0.11,1
TRERF1,0.2385867001532984,0.7877012403984863,0.286,0.23,1
LPCAT1,0.006081795403894857,0.7876129724770853,0.333,0.163,1
CEP350,0.0019501164209910333,0.7870513940188892,0.762,0.641,1
UBE2G1,0.031465826630875035,0.785683461635921,0.5,0.369,1
DNAJC13,0.005233595867909095,0.7854080277701979,0.643,0.475,1
LAMP2,0.04341835958646764,0.7845269926033428,0.333,0.208,1
SDF4,0.05000620443259651,0.7845269926033427,0.238,0.132,1
CDK5RAP1,0.07143942502894739,0.7845269926033427,0.214,0.119,1
TGFBRAP1,0.08273057788695021,0.7845269926033427,0.238,0.142,1
KLHL28,0.133665840807311,0.7845269926033427,0.286,0.191,1
KRCC1,0.17433142032825447,0.7845269926033427,0.286,0.2,1
NBPF12,0.18412796278923907,0.7845269926033427,0.214,0.141,1
ZNF274,0.2484302785125238,0.7845269926033427,0.119,0.071,1
CHMP1A,0.26251646377360466,0.7845269926033427,0.119,0.072,1
C12orf65,0.3171727182117463,0.7845269926033427,0.119,0.077,1
LRP4,0.32453106126713716,0.7845269926033427,0.119,0.078,1
AKNA,0.5000002993075934,0.7845269926033427,0.119,0.089,1
DENND2A,0.0017218079410253868,0.7845269926033426,0.405,0.203,1
PCMTD2,0.00233570083438602,0.7845269926033425,0.476,0.256,1
PSTPIP2,0.20840783820693964,0.7845269926033425,0.214,0.148,1
UNC13B,0.307832263059641,0.7845269926033425,0.214,0.161,1
ABTB2,0.9451215923310253,0.7836602487858103,0.262,0.269,1
CABIN1,0.011274301787599496,0.7822168319161416,0.405,0.232,1
PKNOX2,0.044527326115905534,0.7820070006248274,0.238,0.129,1
TUBB6,0.231196824610861,0.7820070006248274,0.238,0.17,1
ATE1,0.014820527250500651,0.781755243353289,0.619,0.445,1
HPCAL1,0.05236834921733829,0.7817552433532888,0.262,0.153,1
MIR181A1HG,0.04078699779809462,0.7816842428345173,0.357,0.232,1
ELK4,0.08170719842156768,0.7812666634397558,0.286,0.182,1
ADIPOR2,0.0872958123657974,0.7808325090456012,0.357,0.246,1
AP000943.2,0.29160348389037244,0.7789888090619126,0.143,0.095,1
LASP1,0.029413345900409976,0.7786979138011452,0.286,0.16,1
ARL5A,0.002572619533700388,0.7786979138011451,0.548,0.315,1
SLC39A7,0.05122554173323417,0.7783747656217472,0.19,0.095,1
CSNK1D,0.015305408804084129,0.7780136856446684,0.333,0.181,1
RAD51-AS1,0.10210061588820228,0.7776075786635523,0.167,0.09,1
SYT17,0.33335842909255287,0.7776075786635523,0.119,0.079,1
ATG16L2,0.5533181395372795,0.7776075786635523,0.119,0.095,1
DR1,0.030420954966774168,0.7776075786635521,0.286,0.158,1
TRIM13,0.026314814380937305,0.777147462237745,0.286,0.155,1
TTYH3,0.052483838646415516,0.777147462237745,0.238,0.132,1
TUBGCP5,0.1293485174627136,0.777147462237745,0.238,0.156,1
DNMT3A,0.004642868535405773,0.7767794747237262,0.595,0.394,1
TNRC6B,2.1014823384663613e-4,0.7767145454930448,0.738,0.545,1
AC023051.1,0.32938166519970535,0.7766217945179967,0.119,0.078,1
LINC01088,0.7177193288749812,0.7766217945179963,0.119,0.143,1
DCAF10,0.015504486017518058,0.776429524904746,0.5,0.324,1
CORO1C,0.009182185047235437,0.7763899431650043,0.452,0.277,1
ATRN,0.026195855305114892,0.7755568390987901,0.452,0.289,1
GLIPR1,0.029808730663206485,0.7753084625739641,0.19,0.088,1
AL157392.3,0.021682572220907977,0.7753084625739639,0.262,0.132,1
EIF4EBP1,0.16302832364526035,0.7753084625739639,0.119,0.063,1
ARHGAP23,0.4479771632457787,0.7753084625739637,0.214,0.175,1
PSMA3-AS1,1.148592047925582e-4,0.7746522446682271,0.571,0.268,1
PLSCR4,0.060920767519168445,0.7739963251111732,0.31,0.199,1
GTF2E2,0.00939168089959829,0.7738954408734557,0.429,0.247,1
STK4,0.031535074680342196,0.7737777515116504,0.405,0.276,1
ASB3,0.004927979895212639,0.7734718040943469,0.595,0.404,1
APTX,0.006487841220883271,0.7734718040943469,0.381,0.198,1
CHIC1,0.034626815337019605,0.7734718040943469,0.19,0.091,1
TMEM62,0.1161112306876554,0.7734718040943469,0.286,0.188,1
ITGA9-AS1,0.14933646307128934,0.7734718040943469,0.262,0.173,1
PRKD2,0.21279516821428693,0.7734718040943469,0.167,0.105,1
NOS1AP,0.0186675869284684,0.7734718040943467,0.214,0.1,1
AIMP1,0.019593654476251558,0.7734718040943467,0.286,0.15,1
XPOT,0.013638644128349524,0.7728922921199395,0.357,0.198,1
OSBPL3,0.05842042802150233,0.7728922921199395,0.357,0.239,1
PTH1R,0.06323094943080262,0.7726853799588262,0.214,0.119,1
ZNF251,0.2582071349332507,0.772685379958826,0.214,0.155,1
AL390728.6,0.07167987173594596,0.7722486628249055,0.19,0.101,1
GIPC1,0.07236493894956124,0.7722486628249055,0.19,0.101,1
RAB11A,0.0023706416042241834,0.7721239107784027,0.643,0.379,1
HS6ST1,0.03120847750604289,0.7717784998613548,0.238,0.121,1
GAS5,0.036399459945670246,0.7715296520744694,0.31,0.182,1
ZNF641,0.07595679314456559,0.7707211930783124,0.167,0.085,1
AC005562.1,0.11068292234607595,0.7707211930783124,0.167,0.091,1
INTS13,0.11468469069709959,0.7707211930783124,0.167,0.092,1
AACS,0.2594914725245475,0.7707211930783124,0.143,0.091,1
ZNF766,0.29136278270990457,0.7707211930783124,0.143,0.095,1
CASC3,0.016451057666356905,0.770721193078312,0.262,0.128,1
BAG4,0.090906375492609,0.770721193078312,0.214,0.125,1
SCRN3,0.23408383311403577,0.770721193078312,0.19,0.129,1
MYCBP2-AS1,0.05458324234275888,0.7698054868965769,0.262,0.15,1
SMAD7,0.14435835117883203,0.7698054868965769,0.238,0.154,1
CD84,0.1295038348553118,0.7694726468810531,0.143,0.078,1
RFTN1,0.011772395014601407,0.7691953388473518,0.31,0.155,1
ARL13B,0.1285048490067943,0.768759676745026,0.238,0.156,1
CAMTA1,0.01168439174225475,0.7681240815922729,0.452,0.289,1
NID1,0.12693324438854445,0.7680925345176977,0.357,0.26,1
COX10-AS1,0.0011119757656191005,0.767975816339495,0.452,0.225,1
GALM,0.1825208535944714,0.7679758163394945,0.167,0.103,1
ZNF195,0.08424189980136809,0.7675539139996292,0.238,0.142,1
ZNF655,0.002662729996008712,0.7674084590374766,0.5,0.283,1
QSER1,0.06256238938293712,0.7674084590374766,0.381,0.25,1
IQSEC1,6.439129171858359e-4,0.7672902876780386,0.524,0.264,1
POM121C,0.07490193672127589,0.7672902876780385,0.286,0.178,1
RWDD1,0.07841290105070887,0.7661484632884878,0.214,0.121,1
MON1B,0.2304033669941008,0.7661484632884878,0.119,0.07,1
KLC4,0.25609249264357714,0.7661484632884878,0.119,0.072,1
ABHD12,0.045314440904916875,0.7651616677364116,0.429,0.297,1
TRAPPC11,0.01948049161190166,0.7644892393667977,0.381,0.226,1
CDK17,4.706894184400417e-5,0.7642605305773382,0.762,0.536,1
GLOD4,0.117847307756586,0.7638675220372497,0.167,0.093,1
RMC1,0.2569864943255918,0.7638675220372497,0.143,0.091,1
PUS7,0.048000303003306315,0.763341662712715,0.238,0.13,1
TLE3,0.253747002726097,0.7631080089684368,0.238,0.167,1
SLC24A2,0.19900707742683366,0.763056531027239,0.238,0.166,1
AP001011.1,0.010631420961436721,0.7625006862733438,0.405,0.223,1
NEPRO,0.042135291593216453,0.7625006862733437,0.214,0.11,1
ACAP2,0.0034586593914132323,0.7620255685213504,0.738,0.706,1
ANKRD28,0.024548068791086838,0.7617880683083045,0.476,0.302,1
DDX31,0.05247898393809774,0.7615901813261838,0.238,0.131,1
SLC8A1-AS1,0.1756454659871556,0.7609401722857267,0.119,0.065,1
SIRPA,0.27558942212527654,0.7609401722857267,0.19,0.138,1
SLIRP,0.004523753493346217,0.7609401722857265,0.31,0.141,1
MANBA,0.00502833047696074,0.7606011533578622,0.5,0.288,1
YWHAQ,0.2680612633744157,0.760452857624485,0.357,0.284,1
CCDC88A,4.8329723646636715e-4,0.7600739488788038,0.619,0.357,1
CEP112,0.0027367388570338743,0.7598015366723883,0.571,0.358,1
GPR158,0.1791521294054362,0.7595229864734485,0.167,0.104,1
ELMSAN1,0.011541747416559042,0.7595229864734483,0.405,0.23,1
PKD1,0.08441850087495151,0.7595229864734483,0.214,0.123,1
PSMA2,0.036401335350571475,0.7591416741834291,0.262,0.142,1
ZHX1,0.13135578697787081,0.7591416741834291,0.214,0.135,1
MAVS,0.0389216776049948,0.7588621092099956,0.286,0.163,1
PITPNC1,0.039379733541839074,0.7586483607777372,0.333,0.201,1
ZCCHC2,0.017733016158320913,0.7583430607996875,0.333,0.184,1
BECN1,0.11831108364576655,0.7570462561812357,0.167,0.093,1
CNOT3,0.28744986014694746,0.7570462561812357,0.143,0.094,1
OGA,0.005114009752949362,0.7559861005615347,0.714,0.604,1
RTCA,0.08452008817407777,0.7552326858093046,0.262,0.156,1
ZNF445,0.23100439602003825,0.7540249042059983,0.167,0.108,1
YIPF5,0.10294026368782037,0.7525165977007218,0.214,0.126,1
SOAT1,0.007300316500893299,0.7522505895795863,0.333,0.166,1
SLC16A1-AS1,0.1320625701362814,0.7522505895795863,0.238,0.153,1
FN1,0.8700049212867185,0.7521111842218033,0.476,0.567,1
ABCD4,0.18564099369509898,0.7516123701306077,0.19,0.122,1
DANCR,0.20514389746103093,0.7516123701306077,0.167,0.106,1
TERF1,0.13034803022175107,0.7516123701306074,0.238,0.156,1
SMURF2,0.008410359718470829,0.75128370056753,0.643,0.5,1
AF165147.1,0.35056458085209735,0.7510989783576034,0.31,0.274,1
LBR,0.05140398525110238,0.7510098664505667,0.286,0.169,1
COX20,0.03199564161241059,0.7507782012488025,0.262,0.14,1
TCAIM,0.05595835210825236,0.7507782012488022,0.357,0.233,1
PDLIM5,0.031279683466758676,0.7505280446072677,0.786,0.729,1
FAM222B,0.019902132089251946,0.7502570905185966,0.381,0.22,1
TRIM14,0.07765467080765288,0.7502570905185966,0.167,0.085,1
MEGF9,0.20787804337653368,0.7502570905185966,0.119,0.069,1
LINC02211,0.14753829427061435,0.7500386162180521,0.357,0.274,1
LAMA4,0.23668844809390047,0.7492898125468008,0.119,0.071,1
STAMBP,0.022772567154462218,0.7490623119485391,0.31,0.171,1
SCAI,0.003299834233957719,0.7489030828726211,0.357,0.172,1
FGFR2,0.11219825598522852,0.7480011165782288,0.31,0.219,1
B3GAT3,0.20234533735548085,0.7480011165782288,0.119,0.067,1
NKAPD1,0.22069709968586557,0.7480011165782288,0.119,0.069,1
EGLN2,0.30591446571351427,0.7480011165782288,0.119,0.075,1
SASS6,0.31665003812012316,0.7480011165782288,0.143,0.097,1
PGGT1B,0.002590832596859687,0.7480011165782285,0.381,0.181,1
SIPA1L2,0.0871867970031787,0.7480011165782285,0.381,0.26,1
HIVEP3,0.009213027783176841,0.7476091331385428,0.357,0.188,1
RIC8B,0.02093090454945467,0.7472799493345746,0.381,0.233,1
MMS19,0.024578456133081485,0.7468744511239442,0.31,0.172,1
EBF1,0.05070666360378363,0.7463154977704164,0.357,0.237,1
ZNF224,0.26808431545905753,0.7461988739442429,0.167,0.113,1
MOB4,0.012552072867530207,0.7457486648468499,0.405,0.229,1
FGF2,0.07674906764428385,0.7454271729144026,0.143,0.069,1
MAP3K20-AS1,0.13607748467464678,0.7454271729144026,0.143,0.078,1
COG1,0.18626335416428139,0.7454271729144026,0.143,0.083,1
TXNDC15,0.18744429605202043,0.7454271729144026,0.143,0.083,1
RBFA,0.19220191913974977,0.7454271729144026,0.143,0.084,1
CLK3,0.20555231788964348,0.7454271729144026,0.143,0.086,1
XXYLT1,0.017466284967690083,0.7454271729144024,0.333,0.185,1
ASAP1,1.046934329669863e-4,0.7451861009711744,0.976,0.893,1
TSPAN3,0.006817344444878685,0.7449986284167052,0.357,0.182,1
MFSD11,0.06632340747150177,0.7447259845453678,0.333,0.214,1
ZC3H8,0.06934072817279568,0.7447259845453678,0.214,0.119,1
SFXN5,0.20857793328776333,0.7443988798980328,0.214,0.146,1
STMP1,0.02291916126320323,0.7442095374158544,0.333,0.191,1
FBXO8,0.22888342079707227,0.7442095374158544,0.238,0.165,1
PSMD9,0.08954289762224249,0.7434997243432879,0.167,0.087,1
ETHE1,0.10677713661954696,0.7434997243432879,0.167,0.09,1
SAMHD1,0.0032951629835954177,0.7434997243432877,0.286,0.122,1
SEC23IP,0.102775051193211,0.742857813302269,0.31,0.212,1
ANXA11,0.00526233301351676,0.7420023759567854,0.524,0.323,1
RNF19A,0.06239164535480734,0.7417421261065466,0.429,0.326,1
OPA3,0.011970229607608504,0.7415748474187958,0.286,0.14,1
TBC1D22B,0.41922924516994,0.7415748474187958,0.19,0.154,1
RNF213,0.03356792952922513,0.74122514555285135,0.595,0.485,1
USPL1,0.014862657976267141,0.7408056151740248,0.31,0.159,1
MTPAP,0.10136221913741822,0.7408056151740245,0.19,0.108,1
PRDM4,0.13787407268690932,0.7408056151740245,0.19,0.115,1
CISD1,0.6844312599862261,0.7408056151740245,0.119,0.099,1
FARP1,0.03295060462151702,0.7406727030139153,0.571,0.448,1
ZC3H6,0.05829096638918933,0.740391583017104,0.357,0.234,1
KPNA4,6.528509540567411e-4,0.7403475440347933,0.643,0.398,1
DEAF1,0.20533784178654305,0.7398271851325289,0.19,0.125,1
ZNF75A,0.018178658622178274,0.7390123333509737,0.262,0.13,1
RNF135,0.12140638365739388,0.7390123333509737,0.262,0.171,1
ASL,0.25807852079157007,0.7390123333509737,0.119,0.072,1
ARSK,0.29499061084002115,0.7377327811244019,0.119,0.075,1
IRF2,0.008598174070898147,0.7377327811244017,0.381,0.205,1
ASAP3,0.010005321518972208,0.7377327811244017,0.238,0.106,1
SLC35A1,0.07399844670564774,0.7377327811244017,0.238,0.14,1
YWHAH,0.11021834558455727,0.7377327811244017,0.214,0.128,1
OXCT1,0.16728965593844541,0.7372212778249858,0.19,0.122,1
SCP2,0.008076395883124825,0.7367738611549746,0.405,0.225,1
NDUFB6,0.1111269922459145,0.7367738611549743,0.167,0.091,1
NEXN,0.35773866152433653,0.7367738611549743,0.119,0.079,1
PNPT1,0.01686525592566039,0.7367738611549741,0.31,0.164,1
TDG,0.017416539829997895,0.7360284749121526,0.333,0.181,1
LZIC,0.13800173694121978,0.7360284749121524,0.167,0.096,1
ZNF397,0.05694792217498244,0.7354324430751729,0.214,0.114,1
MALRD1,0.18186163691582302,0.7354324430751729,0.143,0.083,1
UBE2W,0.07618436741179578,0.7353569073260058,0.571,0.54,1
BCL2L14,0.37346117401741047,0.7349449637527825,0.119,0.081,1
MBIP,0.6138247945761941,0.7349449637527825,0.143,0.12,1
SOCS7,0.0821769313222521,0.7345388567716662,0.238,0.141,1
ATG4C,0.036362145855335426,0.7340922710875897,0.429,0.299,1
IDH1,0.003933932004227008,0.7336458236011587,0.452,0.247,1
PLAGL1,0.05795647709826908,0.7333995668725777,0.595,0.495,1
AP001831.1,0.2553332759299664,0.7325100348357285,0.214,0.15,1
GMCL1,0.09316456505115638,0.7323073094730834,0.333,0.215,1
DAP3,0.0010880535074912173,0.7318614139229758,0.524,0.278,1
RRP15,0.06865207875017927,0.7300792085809666,0.214,0.118,1
BLOC1S5,0.19823918359685933,0.7300792085809666,0.143,0.085,1
ELAC2,0.20312713809040817,0.7300792085809666,0.143,0.085,1
MMAB,0.3653272654505793,0.7300792085809666,0.119,0.08,1
CDC14A,0.10251099350972348,0.7300792085809664,0.381,0.279,1
TAPBP,0.24712424098932917,0.7300792085809664,0.214,0.153,1
ZNF107,0.3245212148896613,0.7300792085809664,0.19,0.143,1
TMLHE-AS1,0.08013696351886035,0.7300792085809662,0.214,0.122,1
RRAGB,0.0923847493951472,0.7300792085809662,0.238,0.141,1
KLHDC1,0.09285852288068959,0.7300792085809662,0.214,0.125,1
TMEM214,0.09960185102599592,0.7300792085809662,0.19,0.107,1
ADGRE5,0.13596415374108692,0.7300792085809662,0.119,0.061,1
PROSER2,0.17268942268029785,0.7300792085809662,0.143,0.082,1
QDPR,0.19142894962302312,0.7300792085809662,0.119,0.066,1
ZNF605,0.27172539506337984,0.7300792085809662,0.119,0.073,1
MITD1,0.36902381258348177,0.7300792085809662,0.143,0.102,1
SETD1B,0.5609859228007069,0.7300792085809662,0.119,0.095,1
AKIRIN2,0.10264486110267293,0.730079208580966,0.262,0.165,1
AP4S1,0.35841953338736304,0.730079208580966,0.214,0.165,1
AP2B1,0.011290359239086124,0.7277578966708452,0.571,0.382,1
FBXL7,0.003452286972145002,0.727716845123874,0.476,0.263,1
BIN2,0.054618452287154444,0.7275370140185131,0.31,0.192,1
SCAF4,0.015596660841011767,0.7267434960177098,0.476,0.302,1
GPR107,0.037814943538036924,0.7263988620930177,0.429,0.283,1
LINC00476,0.29890371849963215,0.7256333035497742,0.167,0.117,1
ERH,0.09087884447758823,0.725633303549774,0.214,0.124,1
RRP36,0.2571511825810011,0.7247457642779258,0.167,0.112,1
PWWP2A,0.004778907865455555,0.7247457642779256,0.381,0.195,1
CDC42EP3,0.13217836140499467,0.7241543746238608,0.167,0.095,1
GNA11,0.1491887644709049,0.7234154782999553,0.167,0.097,1
ELP2,0.06332035698442694,0.7227278803645205,0.405,0.281,1
C2orf49,0.18449465506483534,0.7224660244710912,0.143,0.083,1
ZNF765,0.009320706979897059,0.722466024471091,0.31,0.151,1
TTC13,0.08317795990547407,0.722466024471091,0.238,0.142,1
MTERF1,0.14163104950651872,0.7220864178274355,0.262,0.18,1
DYNC1LI1,0.06302992094642154,0.7218820556143468,0.238,0.135,1
ZDHHC21,0.020463834757324998,0.7218244940191552,0.667,0.556,1
WDR11,0.004334397374653856,0.721486598064914,0.5,0.289,1
ZDHHC7,0.024999192891156492,0.7212010572345133,0.262,0.134,1
ZNF846,0.04559688209695801,0.7212010572345133,0.238,0.128,1
ZBED1,0.24859765127123676,0.7212010572345133,0.119,0.071,1
COX11,0.25299752530229364,0.7212010572345133,0.119,0.071,1
ASXL1,0.0335770157462181,0.7203966551836269,0.595,0.433,1
SLC39A10,0.500449989104133,0.7191199965910997,0.31,0.277,1
WDR27,0.04987359430515995,0.7186744453087166,0.381,0.248,1
NAPB,0.04544594090185086,0.7185098198688294,0.357,0.236,1
NOL10,0.004902675084986467,0.7182537731841765,0.524,0.316,1
CAPZB,0.14086689921220458,0.7181966039170302,0.643,0.621,1
GAN,0.4948308622398444,0.7178008788025299,0.167,0.133,1
RBM41,0.10934621846225065,0.7174127967448058,0.31,0.208,1
WDR60,0.1493600484684258,0.7174127967448058,0.286,0.2,1
KPNA1,0.016073750177878342,0.7173579674795874,0.595,0.402,1
LIMD1,0.07618021117252617,0.717183524588441,0.357,0.254,1
CLCN5,0.04089175343899834,0.7167823859675085,0.405,0.272,1
LIX1-AS1,0.3810741953874264,0.7167823859675084,0.143,0.101,1
AREL1,0.03786357481312633,0.7167823859675082,0.31,0.177,1
PAICS,0.19962230906127132,0.7167823859675082,0.238,0.167,1
DGKH,0.055075693778961154,0.7158372860051874,0.405,0.282,1
RAPH1,0.02032471755992124,0.7157949825747189,0.595,0.489,1
WARS,0.02246308698299255,0.7155796388858513,0.19,0.086,1
ANKRD46,0.024838516100121732,0.7155796388858513,0.238,0.117,1
TCF12,0.002412349183245036,0.7152807330422304,0.905,0.939,1
PPIL3,0.22007372355110502,0.7148928047662904,0.143,0.087,1
SUPT7L,0.2687985794540608,0.7148928047662904,0.143,0.091,1
SYNC,0.40488766918093366,0.7148928047662904,0.119,0.083,1
STX16,0.006767797778927567,0.7144485568672021,0.524,0.325,1
RAB30-DT,0.02082501607592544,0.7137312144934826,0.286,0.147,1
BRDT,0.6425521299385966,0.7135910857923975,0.238,0.224,1
GLMN,0.17233422936357842,0.7131771486705469,0.31,0.229,1
ATRX,8.574201035043855e-4,0.7127515924836783,0.881,0.77,1
C2orf76,0.6633017312420693,0.7123772068475076,0.119,0.103,1
METTL9,0.18480959510373468,0.7123772068475074,0.238,0.16,1
ATP5MD,0.07839771982712021,0.7123772068475072,0.19,0.102,1
PYM1,0.0866565203039045,0.7123772068475072,0.19,0.104,1
VPS4A,0.2930587788988568,0.7123772068475072,0.119,0.074,1
AAMDC,0.3264780657604009,0.7123772068475072,0.167,0.119,1
KLF10,0.36800963895841116,0.7123772068475072,0.143,0.1,1
SREBF1,0.43828540836647784,0.7123772068475072,0.143,0.107,1
ADGRD1,0.054976479965513185,0.7114977828392406,0.238,0.132,1
B3GALNT2,0.32272677210096795,0.7111210508770818,0.286,0.219,1
ARHGEF11,3.282166284185451e-4,0.7109117978430085,0.595,0.315,1
C1S,0.04837379993013486,0.7107786526220301,0.214,0.112,1
KCNMB2-AS1,0.8152011079809649,0.7105264111595659,0.119,0.142,1
STX17,0.11923381351909013,0.7104236587617524,0.357,0.263,1
EXOSC9,0.2899873476200435,0.7101796511432612,0.143,0.094,1
ORC3,0.04276731280569855,0.7096729979191294,0.381,0.25,1
EIF2A,0.06427781273289308,0.7093206484141689,0.357,0.233,1
TIAM2,0.06638781135371452,0.7091398708886033,0.429,0.305,1
AC079142.1,0.812900824386197,0.7088627226712704,0.167,0.161,1
YPEL5,0.006870297657111464,0.7088627226712703,0.381,0.201,1
UBLCP1,0.1328694631787367,0.7079854377303496,0.214,0.133,1
TGFBR2,0.008944408158410778,0.7076138676762984,0.595,0.426,1
PMS2,0.22454180523509537,0.707359132080883,0.143,0.087,1
PDSS1,0.4227361498057657,0.707359132080883,0.119,0.085,1
DDX58,0.03221881789429795,0.7073591320808827,0.262,0.139,1
ZMYM6,0.31622364219187565,0.7073591320808827,0.214,0.157,1
STARD13,0.8563981377359569,0.7070756113880394,0.595,0.724,1
ADAR,0.005424238186710932,0.7070324718188988,0.429,0.236,1
MGST2,0.10441596997099611,0.7067581343463473,0.333,0.227,1
KAT2B,0.07298483649239704,0.7065244806020697,0.333,0.216,1
YIPF1,0.06123363861759353,0.7065244806020692,0.19,0.098,1
CBWD3,0.09873440999086404,0.7065244806020692,0.19,0.107,1
MTG2,0.23185901101604822,0.7059935900566532,0.19,0.129,1
CRISPLD1,0.24507838934627504,0.7059935900566532,0.143,0.091,1
IMPAD1,0.005998627137838453,0.7049882276181358,0.381,0.197,1
ALDH9A1,0.042930335188347386,0.7036069972197754,0.214,0.109,1
DERL1,0.16317671666250094,0.7036069972197754,0.19,0.118,1
AK6,0.24794524785999947,0.7036069972197754,0.119,0.071,1
GABPB2,0.577952182916726,0.7036069972197754,0.143,0.117,1
ZNF790,0.6230529012849464,0.7036069972197754,0.119,0.097,1
SCARB2,0.002871998125155145,0.7036069972197752,0.571,0.339,1
RCHY1,0.2777871115939786,0.7036069972197752,0.238,0.177,1
LDB2,0.037775008717828594,0.7023874747119179,0.286,0.162,1
CDR2,0.0017951880316188656,0.7017345828870045,0.476,0.25,1
IFNGR2,0.0011576111325840705,0.7014227499578993,0.452,0.216,1
LINC01446,0.19681768111730213,0.7010376376076418,0.357,0.28,1
PHTF2,0.008901351333889765,0.700695401799872,0.571,0.367,1
MRPL22,0.09301987627780375,0.7006954017998717,0.19,0.105,1
IMPACT,0.2240713153281286,0.7006954017998717,0.167,0.107,1
KAT14,0.34460769389500295,0.7006954017998717,0.143,0.099,1
ADAM9,0.006996044518749063,0.7004235900838448,0.69,0.6,1
HCFC2,0.234690658275274,0.7003318651869141,0.238,0.166,1
SCAP,0.03329948967174112,0.6998645955339586,0.333,0.198,1
PAIP1,0.029741947703906122,0.6998645955339582,0.286,0.155,1
CCDC12,0.04439019822988325,0.6994712226505702,0.333,0.204,1
TMEM131,0.03380276540876566,0.6993210540220608,0.786,0.719,1
NHLRC2,0.005292775248164503,0.6992418046583732,0.548,0.333,1
WDR91,0.11639986029162855,0.6989854394793975,0.262,0.172,1
TBX20,0.4599874418415578,0.6986970830959688,0.238,0.2,1
ARFGAP3,0.08977309633830265,0.6983703488536279,0.31,0.199,1
EPS15L1,0.00964000710055082,0.6979158851419197,0.429,0.245,1
SLC36A4,0.0404330227111509,0.6975663950624755,0.381,0.248,1
EIF3G,0.5580291817268079,0.6964708159381465,0.143,0.113,1
LPAR1,0.07043109924009658,0.6961318766576287,0.286,0.177,1
MOSPD1,0.14667765652848144,0.6948897801186664,0.119,0.062,1
MPHOSPH10,0.20822454546291624,0.6948897801186664,0.167,0.105,1
UBE2J2,0.4711332229919906,0.6948897801186664,0.143,0.11,1
GGA1,0.06639014033636167,0.6948897801186662,0.286,0.175,1
ZNF133,0.341069375268628,0.6948897801186662,0.214,0.163,1
STX18,0.013346586256473307,0.694042133184241,0.5,0.334,1
PROS1,0.023643622474274335,0.6938038221894164,0.333,0.19,1
CSRNP3,0.3540721253759503,0.6935533325558523,0.119,0.083,1
FH,0.09908091463037769,0.6931526395826086,0.19,0.107,1
PHRF1,0.18069095583272185,0.6931526395826086,0.19,0.121,1
LYPLAL1,0.031975895113965445,0.6930612690489396,0.595,0.466,1
PLAC1,0.4255939666664044,0.692989889845746,0.238,0.209,1
SFSWAP,0.0023623778755194635,0.6926045031623034,0.595,0.356,1
RHPN2,0.28478142452008315,0.6924087906149112,0.119,0.074,1
ACLY,0.03090129387020333,0.692408790614911,0.286,0.156,1
PIAS1,0.005917115323700341,0.6921629744546829,0.81,0.756,1
STAM,0.04723187070382087,0.6921113583819459,0.357,0.229,1
CLCN7,0.03328618473669447,0.6917328969314833,0.238,0.122,1
IGF2BP1,0.014233463932827237,0.6912350725508056,0.333,0.177,1
DNHD1,0.11026316420372038,0.6905508443943291,0.167,0.091,1
AP001442.1,0.46489975463014527,0.6905508443943291,0.119,0.088,1
MOB1A,0.03312876751420275,0.6905508443943289,0.286,0.16,1
FNTA,0.07346932139790169,0.6900310479408988,0.405,0.271,1
GLE1,0.10179733897371056,0.68910742752466,0.19,0.107,1
SNAP29,0.23038689135372828,0.68910742752466,0.167,0.107,1
PEX2,0.41832727494095856,0.68910742752466,0.143,0.104,1
PELI2,0.0548127615300277,0.688695287815847,0.167,0.082,1
LINC01416,0.06875594742947665,0.6879537329082897,0.214,0.117,1
ZCRB1,0.4691499734337081,0.6879537329082894,0.143,0.109,1
SOX5,0.6987180595912901,0.6879127902899911,0.429,0.469,1
PTPN9,0.012789306094583109,0.6876189620422121,0.429,0.257,1
BRD7,0.06308575005937532,0.6876189620422121,0.429,0.298,1
LINC02228,0.04525301559872109,0.6870104866890805,0.19,0.094,1
GTF2H1,0.09770473660558077,0.686733178655379,0.286,0.188,1
TPST2,0.00599976322800516,0.6866005719140854,0.405,0.214,1
VTI1A,0.07453641275460436,0.6863371167627885,0.81,0.799,1
NFYA,0.0967203333050341,0.6862249189915386,0.214,0.124,1
DUS1L,0.26520426710583833,0.6862249189915386,0.119,0.072,1
MAP3K11,0.2952003781168656,0.6862249189915386,0.119,0.074,1
GTF3C2,0.5595346284493611,0.6862249189915386,0.167,0.14,1
LSG1,0.1191143138632924,0.6855605418023218,0.238,0.15,1
MAN2C1,0.5587143902373611,0.6849913190524282,0.119,0.094,1
MARF1,0.06398118156593596,0.6849913190524279,0.262,0.154,1
RBM15,0.1610652809206401,0.6849913190524279,0.238,0.16,1
ACO2,0.0339256671658509,0.6844981742720708,0.286,0.158,1
TTF1,0.32987801428622754,0.6840668108241301,0.143,0.097,1
KANTR,0.0705750274039032,0.6840668108241299,0.357,0.229,1
DIP2B,0.050198928873620735,0.6840285303586979,0.786,0.78,1
PCBP1-AS1,0.010565930651928132,0.6835692439832302,0.429,0.241,1
EIF2S3,0.012725362285562078,0.6833481582359751,0.357,0.19,1
STARD9,0.08983646617062832,0.6833481582359751,0.262,0.158,1
RCAN1,0.10590105553388549,0.6833481582359751,0.167,0.09,1
GPR89B,0.13805816994342227,0.6833481582359751,0.19,0.113,1
SRP54,0.0735031432917083,0.6829518134420294,0.405,0.288,1
FAM49B,0.06859258489655315,0.6829334289550253,0.619,0.615,1
CUL4B,0.3494628168666202,0.6827734938026095,0.167,0.119,1
YEATS2,0.015513751357972994,0.6824503456232119,0.476,0.286,1
AC118549.1,0.007653956947207369,0.6823653186574652,0.714,0.612,1
RPS6KA3,8.05881232761721e-4,0.6814334996392392,0.476,0.226,1
DPH6-DT,0.0849031860503903,0.6812968354946867,0.19,0.105,1
ZNF124,0.26941015038314525,0.6812968354946867,0.214,0.155,1
TULP3,0.5786341270129343,0.6812968354946867,0.19,0.156,1
METTL25,0.029734253712917096,0.6798537394735006,0.357,0.216,1
NUP54,0.2653459599359751,0.6795213786954623,0.333,0.271,1
DMXL2,0.045686426183807055,0.6792748379094751,0.548,0.432,1
TMCO3,0.10903033402009252,0.6776117886868309,0.262,0.165,1
NDUFA10,0.0064908587599366895,0.6776117886868308,0.5,0.296,1
MSC-AS1,0.02364677391737821,0.6776117886868307,0.262,0.132,1
HMOX1,0.09896331282921447,0.6776117886868307,0.143,0.074,1
RNF7,0.10492847106051516,0.6776117886868307,0.19,0.107,1
UFD1,0.14668046359680462,0.6776117886868307,0.214,0.136,1
BTD,0.16729359437725377,0.6776117886868307,0.19,0.119,1
AC011029.1,0.24602703329745587,0.6776117886868307,0.19,0.131,1
RNF103,0.2821858308412177,0.6776117886868307,0.19,0.131,1
DMWD,0.3117782267872796,0.6776117886868307,0.119,0.075,1
MIPEP,0.6402424051160995,0.6776117886868307,0.167,0.142,1
SEC13,0.028722723911503097,0.6776117886868305,0.333,0.194,1
SLF2,0.03448232475154091,0.6776117886868305,0.595,0.425,1
ZNF587B,0.03523248441398472,0.6776117886868305,0.333,0.198,1
VPS26C,0.19166764952397497,0.6776117886868305,0.238,0.165,1
STX8,0.025547442875239985,0.6764140343292087,0.5,0.346,1
ZNF217,0.25127263015002294,0.6760025358251734,0.381,0.308,1
DGCR2,0.058313849114240444,0.6745840959892626,0.31,0.188,1
XRCC4,0.04035963458567543,0.6743950760032876,0.381,0.241,1
KCTD3,0.0640417406304704,0.6726341125324454,0.405,0.282,1
NECAP2,0.12225680149067246,0.6724684854108709,0.19,0.112,1
DYNC2H1,0.07052954740838671,0.6722914567535672,0.357,0.238,1
SP140L,0.12725636687001127,0.6721982925004664,0.286,0.189,1
CPVL,0.02943888615295339,0.6721018072945524,0.286,0.159,1
IFT122,0.09265928623439287,0.6718981374924371,0.19,0.105,1
SHPK,0.1106053916255968,0.6718981374924371,0.19,0.108,1
TMEM87A,0.006691447442909653,0.6717685444053624,0.595,0.384,1
MINK1,0.2288650667634113,0.6715627440140255,0.238,0.174,1
C12orf75,0.049041479204183384,0.6711855195273977,0.214,0.115,1
BRCC3,0.05430048925159349,0.6711855195273977,0.286,0.169,1
SPEN,0.012845074798646959,0.6708480864675296,0.524,0.352,1
SBNO2,0.23241162819648092,0.6702698133456626,0.143,0.088,1
DHX38,0.23376651967145454,0.6702698133456626,0.143,0.088,1
ZBTB41,0.47224022665040943,0.6702698133456624,0.19,0.157,1
AC006059.1,0.22365713288390876,0.6697065906014847,0.214,0.149,1
EPC1,0.07904749901325839,0.6696510735044893,0.69,0.586,1
MIA2,0.0028457162367496046,0.6690497751834066,0.452,0.232,1
TAF11,0.07339368194752473,0.6690497751834066,0.238,0.137,1
COPS8,0.08710226350208791,0.6690497751834066,0.214,0.122,1
SLFN5,0.18853339506028674,0.6690497751834066,0.119,0.065,1
ZNF155,0.28916953007328916,0.6690497751834066,0.119,0.074,1
RAB1B,0.2912954192319887,0.6690497751834066,0.119,0.074,1
MCM3AP,0.07811857880957336,0.6686786639168231,0.357,0.249,1
PDIA5,0.25189168293473013,0.6686786639168231,0.286,0.216,1
KCTD9,0.3780738629703265,0.6682739241074946,0.167,0.124,1
CSNK1G1,0.004053522792518601,0.6675930328618396,0.595,0.367,1
HTT,0.07929136310042824,0.6675440922766326,0.548,0.452,1
C1orf198,0.09289232430993469,0.6673434532330038,0.19,0.105,1
GLCE,0.12337274970536055,0.6668050337302479,0.357,0.26,1
NUDT9,0.13147529139260528,0.6662070254145811,0.19,0.112,1
KIN,0.020369259076113796,0.6657701760423143,0.286,0.147,1
CCM2,0.10489286420361829,0.6657701760423143,0.357,0.251,1
COL4A1,0.7874615311243318,0.6654766005830395,0.5,0.579,1
PIK3C3,0.004479087783722391,0.6647877483292471,0.667,0.436,1
GNPDA1,0.07038313262788397,0.664787748329247,0.167,0.083,1
SLC25A29,0.11836063477649594,0.664787748329247,0.167,0.092,1
CYP20A1,0.8042952995207951,0.664787748329247,0.286,0.271,1
STAT3,0.0030320624000021467,0.6644604210355256,0.548,0.306,1
RHBDD1,0.0022612759065762825,0.6643759615301367,0.452,0.237,1
MFSD14C,0.0072238206085789665,0.6641159462026076,0.548,0.348,1
CCDC14,0.0038778883012460926,0.6640369312210239,0.524,0.301,1
PLOD2,0.27221020039469884,0.663752940126443,0.381,0.296,1
PTPRG,0.6199375660223159,0.6636616691455854,0.69,0.798,1
TRAF5,0.35351182827935196,0.6636275592511294,0.167,0.122,1
PARD3B,0.9842823086766865,0.6633339884382228,0.476,0.555,1
TADA1,0.25518430556425664,0.6629650127224296,0.143,0.09,1
CREB1,0.005158171083107241,0.6627732797111976,0.548,0.321,1
VPS39,0.08529070598497765,0.6622365627999147,0.333,0.214,1
MINPP1,0.21616639031041174,0.6622365627999147,0.167,0.105,1
KCNQ1OT1,0.8168689531375495,0.6619912319971963,0.524,0.642,1
RPGR,0.07941370518551394,0.661844472828514,0.238,0.14,1
RPS6KA2,0.6851466396114334,0.6615994706981996,0.119,0.102,1
PDCD10,0.08930674086224517,0.6612173504361621,0.357,0.242,1
EDEM3,0.016722124255459332,0.661085891595952,0.476,0.3,1
GPR34,0.059523476000683466,0.6605382753278894,0.167,0.082,1
RPAIN,0.13094552899627146,0.6605382753278892,0.19,0.112,1
MICOS13,0.21949776833158477,0.6605382753278892,0.119,0.068,1
CDC34,0.2512017501656047,0.6605382753278892,0.119,0.071,1
ZNF395,0.28387655903147363,0.6605382753278892,0.119,0.073,1
MAGOHB,0.2845767733362808,0.6605382753278892,0.119,0.073,1
SLC38A10,0.39613491372626985,0.6605382753278892,0.238,0.192,1
AC092142.1,0.24044356769049025,0.660538275327889,0.19,0.129,1
NECTIN2,0.03772238150536611,0.6593264356590811,0.262,0.141,1
LIPA,0.42314169115983613,0.6593264356590811,0.19,0.149,1
AC099499.1,0.06269808783416234,0.6589961105194839,0.19,0.099,1
FBXW4,0.01104920237260129,0.6585998201610274,0.524,0.338,1
RWDD3,0.3256589109255035,0.6584182234535199,0.143,0.097,1
ALG10B,0.3554039537754209,0.6584182234535199,0.143,0.099,1
POLB,0.3768491729762894,0.6584182234535199,0.143,0.101,1
PDLIM7,0.48218035094201617,0.6584182234535199,0.119,0.089,1
ARRB1,0.03399598389286946,0.6581990854503812,0.405,0.259,1
UBL3,0.08509279333278279,0.6580444198393314,0.357,0.253,1
GAK,0.013303550555810782,0.6577122312491257,0.357,0.193,1
NAA30,0.13609291547697633,0.6571476861271153,0.19,0.113,1
TPT1-AS1,0.0037989528188924204,0.6571476861271152,0.452,0.24,1
CNOT9,0.03287092143225469,0.6565501731590009,0.333,0.191,1
LRRFIP1,0.001472529908590772,0.6560033711427595,0.714,0.498,1
RNF13,0.22443304622126595,0.6559022077131706,0.643,0.666,1
SPATA22,0.0548847724285627,0.6556970122583903,0.143,0.065,1
POLH,0.09499144499460635,0.6556970122583903,0.143,0.072,1
SSBP4,0.23308848469834548,0.6556970122583903,0.143,0.088,1
CDK11A,0.478514136409717,0.6556970122583903,0.119,0.088,1
FBXO28,0.0023515832150979013,0.6553818413033653,0.452,0.23,1
ROR2,0.12459737364238886,0.6551171508997443,0.214,0.13,1
KLHDC4,0.10966837215157825,0.654891712186747,0.19,0.108,1
C2orf68,0.11754141961708231,0.654891712186747,0.19,0.11,1
ARL14EP,0.191246071586962,0.654891712186747,0.167,0.103,1
LSM3,0.4429886618070277,0.654891712186747,0.143,0.107,1
RNF121,0.09192535163538701,0.6548917121867468,0.31,0.201,1
ZNF462,0.13127785933663821,0.654697396738829,0.333,0.238,1
ENAH,0.49202815125734,0.6545871212343037,0.548,0.599,1
VKORC1L1,0.004303698611823686,0.6541874431755006,0.429,0.228,1
CEBPZOS,0.05014504060774742,0.6537650467324629,0.286,0.166,1
LEPR,0.012690035060476654,0.6535663147201798,0.286,0.14,1
ERLEC1,0.027590878747240043,0.653177570376635,0.381,0.228,1
PRORP,0.1589272853063659,0.6528933934828441,0.357,0.279,1
STXBP3,0.004719789395353829,0.6520766965796931,0.524,0.31,1
HSF1,0.17481472306738316,0.6520766965796931,0.19,0.12,1
ZBTB8A,0.21889605551384822,0.6520766965796931,0.119,0.068,1
TYK2,0.2556308160937156,0.6520766965796931,0.119,0.071,1
TK2,0.33907696500739254,0.6520766965796931,0.143,0.098,1
PDHB,0.601821995866662,0.6520766965796931,0.119,0.095,1
PIK3CA,0.05918184393740158,0.6516165801538861,0.595,0.472,1
ADD1,0.014564553641701896,0.65156024945018,0.619,0.444,1
CDC42BPA,0.007842403243035057,0.6515494921006345,0.667,0.567,1
BRWD3,0.08671469948728382,0.6513537223521408,0.381,0.277,1
EPS8,0.28380627520887575,0.6512276028933102,0.571,0.613,1
NAA20,0.015288154022670775,0.6503903199518064,0.31,0.159,1
PPM1K,0.35448573370334086,0.6501310522647237,0.19,0.139,1
ERCC3,0.05552547673053417,0.6497775804901051,0.238,0.13,1
AC018362.1,0.06256538988396868,0.6497775804901051,0.238,0.132,1
ZNF721,0.014575041001264203,0.6492671629928692,0.643,0.468,1
VPS37C,0.8287979843752448,0.649267162992869,0.119,0.112,1
NDE1,0.12070821574576149,0.6484654430273142,0.143,0.075,1
GRAMD4,0.48768733531389163,0.6484654430273142,0.119,0.088,1
B3GNT2,0.1266594466836323,0.648465443027314,0.238,0.152,1
RANBP3,0.05668175029711564,0.6478644452927789,0.262,0.149,1
TGFB1,0.016809675778067072,0.6478644452927786,0.333,0.178,1
CDRT4,0.04977676147380372,0.6460629528120099,0.333,0.207,1
HSPBAP1,0.20086097936525318,0.6459801796377198,0.357,0.275,1
ANKS1A,0.0945359553683207,0.6448632063471187,0.643,0.576,1
RUBCN,0.031846814619701236,0.6448632063471182,0.286,0.155,1
ZNF254,0.01559757280258312,0.6443940117933961,0.405,0.232,1
NEDD9,0.06460806448773565,0.644394011793396,0.452,0.304,1
MMP16,0.11914890037568848,0.6442430391016625,0.214,0.131,1
TMEM209,0.1670052482275909,0.643664456763493,0.214,0.136,1
LRRC4,0.24794638899053117,0.643664456763493,0.119,0.071,1
MTERF4,0.40126340619880013,0.643664456763493,0.119,0.082,1
ZFHX3,0.004609505129230359,0.6427152111710355,0.786,0.767,1
COA1,0.05520270307248488,0.6426163673306267,0.524,0.403,1
C16orf72,0.05975524851439154,0.6423746086302891,0.262,0.15,1
NFE2L1,0.39603086308084134,0.6423746086302891,0.19,0.144,1
CAB39,0.021927819286922993,0.6420676718291636,0.619,0.497,1
PLEKHA3,0.08285019909746684,0.6419878789561091,0.214,0.12,1
ZBTB25,0.4166152717294521,0.6419878789561091,0.167,0.124,1
OTULIN,0.005651162603242577,0.641692214431888,0.381,0.191,1
ACPP,0.13493001333405305,0.6412699416231105,0.143,0.077,1
SPG7,0.012341691207921675,0.640982866696108,0.452,0.266,1
GON4L,0.03768810920540094,0.640982866696108,0.405,0.266,1
TMED2,0.08394615130550834,0.6408712418718125,0.286,0.18,1
NDUFB8,0.1830908355402688,0.6406175812046291,0.19,0.12,1
OGFRL1,0.11177754681414157,0.6404419960962899,0.333,0.232,1
SETD7,0.06755576292939179,0.6400222052937562,0.357,0.236,1
TTI1,0.04294801517022343,0.6394766598000596,0.262,0.142,1
SFT2D1,0.05523804823298786,0.6394766598000596,0.262,0.147,1
CTPS1,0.16940699270402845,0.6394766598000596,0.167,0.099,1
CASC9,0.5400793975321325,0.6394766598000596,0.167,0.132,1
ATF2,0.017504948349925272,0.6391707123827557,0.548,0.361,1
CEMIP2,0.9723028279338097,0.6381262732220633,0.548,0.669,1
MTFMT,0.11476239822246515,0.6380834245001932,0.19,0.109,1
NAAA,0.2272060619222829,0.6380834245001932,0.167,0.107,1
ZNF680,0.33538781573229776,0.6380834245001932,0.238,0.19,1
WDSUB1,0.07540110364375427,0.6378412599942301,0.357,0.238,1
DOCK7,0.0015583518810594929,0.6376856042740717,0.762,0.614,1
TRAPPC10,0.04660973505576818,0.637577126884578,0.452,0.319,1
NUS1,0.2911491772652786,0.6374972013954638,0.262,0.204,1
ARPC4,0.08165236840543219,0.6369698041894849,0.214,0.12,1
SMC1A,0.010629956652615697,0.6369698041894847,0.381,0.208,1
P2RX4,0.20642280256857998,0.6369698041894847,0.238,0.166,1
NPLOC4,0.03456072865557333,0.6366466560100873,0.476,0.315,1
HBP1,0.020014789372403884,0.6364928013612383,0.381,0.214,1
PILRB,0.00549821678462817,0.6360592992423251,0.452,0.241,1
RAB9A,0.051943014088315524,0.6360592992423251,0.238,0.128,1
GUSB,0.11410161464498021,0.6360592992423251,0.214,0.128,1
DENND10,0.13242543565092565,0.6360592992423251,0.214,0.132,1
PCSK6,0.21435198546934944,0.6360592992423251,0.286,0.201,1
PLXNB2,0.03517405025814456,0.6353009838288664,0.262,0.139,1
GTF3C4,0.2852794343387785,0.6353009838288664,0.119,0.073,1
PMPCA,0.3209471599068608,0.6353009838288664,0.119,0.076,1
UBFD1,0.33577128650549554,0.6353009838288664,0.119,0.077,1
RNF40,0.3436565089596492,0.6353009838288664,0.119,0.078,1
MBOAT7,0.34925180056231575,0.6353009838288664,0.119,0.078,1
LRRC42,0.365270190159445,0.6353009838288664,0.119,0.079,1
ATP6AP2,0.19203849373675147,0.6350319999479922,0.31,0.217,1
PRKCI,0.03806096225466864,0.6349674512783371,0.381,0.238,1
CCDC66,0.02522784233195587,0.6346596435022838,0.429,0.258,1
RNF181,0.16551085758882578,0.6341101500502444,0.143,0.08,1
FTCDNL1,0.29123423880576055,0.6341101500502444,0.119,0.074,1
ZNF839,0.5952879033269824,0.6341101500502444,0.119,0.096,1
MACO1,0.03729137690676787,0.6341101500502442,0.333,0.198,1
AL359644.1,0.21281509136449933,0.6332176693283773,0.143,0.086,1
CASC4,0.022595759416631354,0.6328503376800814,0.476,0.303,1
UFM1,0.018725600557806123,0.631731427267513,0.381,0.218,1
CRTC3,0.021667611671154812,0.6316208843940476,0.548,0.367,1
CLN5,0.07144161268003382,0.6315153740973769,0.214,0.119,1
SMG6,0.0019852887456229757,0.6312807323076606,0.714,0.499,1
CBWD2,0.04297033398151691,0.6311373588873299,0.262,0.142,1
VAMP2,0.11322171312971517,0.6308175772078899,0.238,0.148,1
ZMYM2,0.0015819269975143107,0.6301988462120489,0.786,0.616,1
HADHB,0.12205057074479282,0.6301988462120488,0.405,0.295,1
HELZ,0.004180975090187949,0.6301549826331735,0.857,0.722,1
RAP1GAP2,0.33747682683344643,0.630098327484198,0.214,0.159,1
B3GNT5,0.2371643240422883,0.6299150466555343,0.238,0.172,1
ATP6V1E1,0.0473878098519635,0.6297521499082388,0.31,0.187,1
FBXO7,0.10814545127279149,0.6296064157759984,0.31,0.201,1
TFCP2,0.04229285816917959,0.6293566200796095,0.5,0.377,1
TMEM241,0.04193494122079481,0.6292487671254317,0.357,0.214,1
USP32,0.08232687749063239,0.6269857156168628,0.524,0.419,1
RPL7L1,0.09604576993006103,0.6269857156168628,0.262,0.161,1
ZNF148,0.0036421935960796194,0.6269857156168627,0.857,0.748,1
RYR2,0.41612620085258145,0.6269857156168627,0.214,0.171,1
ROMO1,0.1834650757629893,0.6269857156168626,0.119,0.065,1
MRPL18,0.23919998568410009,0.6269857156168626,0.119,0.07,1
UTP4,0.3421063327723767,0.6269857156168626,0.119,0.078,1
CLYBL,0.3687069615482235,0.6269857156168626,0.19,0.146,1
SNHG1,0.3709470842526435,0.6269857156168626,0.119,0.08,1
FLII,0.49486804303940196,0.6269857156168626,0.143,0.111,1
THADA,0.02682384713826837,0.6253283977540888,0.643,0.509,1
PPP3CC,0.10558317213322385,0.6249143655971678,0.524,0.44,1
PPWD1,0.060464799972799195,0.6247262084347378,0.381,0.251,1
ATP1B3,0.15570363919424596,0.6246187010729465,0.429,0.351,1
ILKAP,0.07286657243659758,0.6245004522272681,0.357,0.228,1
CHPT1,0.0030856129719052886,0.6238798047490409,0.5,0.273,1
AQR,0.0496173501417221,0.6236729815760269,0.429,0.31,1
QRSL1,0.09711337661822486,0.6228459852559389,0.238,0.142,1
BLCAP,0.037648845062082506,0.6220194627235132,0.357,0.21,1
TRIQK,0.16640257376760972,0.6220194627235132,0.262,0.186,1
PDZD8,0.016960880743620507,0.6217585539533135,0.357,0.195,1
RAB22A,0.03644456418048685,0.6214687106492969,0.333,0.196,1
PARL,0.0798009186779309,0.6214687106492969,0.31,0.196,1
PRDX4,0.4068622445998931,0.6214687106492969,0.143,0.104,1
OGFOD1,0.19271837966740388,0.6207805660901546,0.167,0.102,1
NBPF9,0.42325689804819844,0.6207805660901546,0.143,0.105,1
PROSER2-AS1,0.18272122310775224,0.6198962908305434,0.143,0.082,1
CWC25,0.2540153252052134,0.6198962908305434,0.143,0.089,1
TAF8,0.3192463853482689,0.6198962908305434,0.143,0.095,1
VPS26B,0.49962880135843857,0.6198962908305434,0.119,0.089,1
ZNF708,0.03635408232720219,0.6195427324313008,0.357,0.217,1
FAM91A1,0.0371946867970013,0.6193523907144354,0.405,0.264,1
NUB1,0.1266150321178489,0.6193523907144352,0.238,0.15,1
FAM177A1,0.12687023663066554,0.6193523907144352,0.238,0.149,1
DOP1A,0.7524304797829211,0.619267802456026,0.333,0.385,1
MXRA7,0.26611515338628355,0.6187180996332624,0.119,0.072,1
APIP,0.05550960702864639,0.618718099633262,0.333,0.2,1
USP13,0.09610230956812034,0.618718099633262,0.286,0.179,1
ABCE1,0.1002626212169442,0.618233241607899,0.286,0.184,1
DTWD2,0.09200277763129856,0.6179688422594292,0.19,0.105,1
AGTPBP1,0.011876144311511098,0.61707024675178,0.5,0.333,1
DSCAM,0.32699613815219264,0.6170702467517799,0.071,0.125,1
CEP68,0.04708530550364031,0.6170702467517797,0.286,0.161,1
CTBP2,0.056247333055782604,0.6166278605754034,0.595,0.518,1
KIDINS220,0.15623067470741364,0.6163645998602901,0.548,0.494,1
SS18L1,0.539453685443331,0.6159727228944445,0.143,0.113,1
ZFAND1,0.5563593280872715,0.6159727228944445,0.143,0.114,1
MYO7A,0.8643189464703727,0.6159727228944445,0.119,0.114,1
MED4,0.06559149580109554,0.6151892881530157,0.357,0.225,1
PPARGC1B,0.5249497722104886,0.6146019911610305,0.119,0.091,1
CARMN,0.249105830035847,0.6146019911610301,0.143,0.089,1
THOC2,0.0724651391097252,0.6143778135456481,0.571,0.497,1
PHYKPL,0.010436566664026899,0.6136537853819817,0.476,0.279,1
RASGEF1B,0.1481661987788476,0.6136537853819817,0.31,0.215,1
EXOSC10,0.06582494644112309,0.613481451267115,0.238,0.133,1
HGSNAT,0.015985416501718083,0.6133269623189683,0.476,0.299,1
FRZB,0.09110361984942862,0.6128415332965929,0.214,0.122,1
SAMD5,0.07915978899816382,0.6121379512095492,0.333,0.223,1
WWP2,0.23864119082943253,0.6117592413922048,0.333,0.26,1
DNAJC10,0.07659535331058524,0.6113607068479887,0.31,0.196,1
SLC25A12,0.421717275825358,0.6113607068479887,0.238,0.198,1
TTC14,0.17383644052026545,0.6111535123853479,0.357,0.266,1
MYO18A,0.2698949472970689,0.6104975928282936,0.167,0.111,1
KLHL12,0.39465759275905093,0.6104975928282936,0.119,0.081,1
TRMU,0.4037702021355902,0.6104975928282936,0.119,0.082,1
ZNF90,0.12149396364502717,0.6097849748632546,0.31,0.211,1
URI1,0.027256832458056705,0.6093270491203562,0.714,0.565,1
AKR1A1,0.044343391804467155,0.609327049120356,0.262,0.144,1
HERC2,0.0724060567079702,0.6090849861934645,0.619,0.519,1
LUZP1,0.07732553920862147,0.6088590974325399,0.381,0.263,1
PCMT1,0.01019993645181859,0.6087729123588328,0.381,0.203,1
SNX5,0.01048819607941294,0.608677157203925,0.452,0.254,1
MFAP2,0.3418412516191598,0.6084497641794351,0.119,0.078,1
LINC00963,0.3418541556506601,0.6084497641794351,0.143,0.098,1
SGTA,0.39159730537405724,0.6084497641794351,0.143,0.102,1
TCF4,0.0209552655822024,0.6082838513460758,0.667,0.544,1
AP003086.1,0.3823294661020487,0.6078557773292593,0.333,0.27,1
HMBOX1,0.042451240641501006,0.6067764273892245,0.643,0.564,1
SERPINE1,0.5053755213752081,0.6066452673326872,0.071,0.103,1
GHITM,0.06777166488755407,0.6064048381944107,0.238,0.134,1
TTLL3,0.07588712182749949,0.6064048381944107,0.262,0.154,1
AC096711.2,0.16649866470335115,0.6064048381944107,0.19,0.119,1
TXNDC5,0.27014121792473256,0.6064048381944107,0.19,0.133,1
MIA3,0.17421934354414517,0.6058211056188205,0.31,0.222,1
ACTR3B,0.2832343230593289,0.6053834611316513,0.238,0.171,1
CNTLN,0.0014369868576526636,0.6051478613857391,0.548,0.297,1
PABPC4L,0.05159259154837193,0.6050431627361852,0.19,0.094,1
ZFP36,0.12052982345817988,0.6050431627361852,0.167,0.092,1
MAGOH,0.24466878601645395,0.6050431627361852,0.167,0.108,1
AC027018.1,0.3862936287584696,0.6050431627361852,0.143,0.103,1
PYROXD1,0.15181244632509588,0.6045483264971074,0.214,0.135,1
IGF1R,0.662885311807798,0.6043742066288587,0.667,0.745,1
CWC22,0.1436066744406769,0.6037627587995658,0.286,0.195,1
AL158077.2,0.07417418179900688,0.6023236613825937,0.167,0.085,1
GYS1,0.26611597423374656,0.6023236613825937,0.119,0.072,1
HAGH,0.3741718556476042,0.6023236613825937,0.119,0.08,1
ZNF317,0.41963220713053334,0.6023236613825937,0.119,0.083,1
AFTPH,0.009108262795032594,0.6023236613825935,0.5,0.297,1
SORBS3,0.19240996570671665,0.6023236613825933,0.167,0.101,1
G2E3-AS1,0.2888522350380682,0.6023236613825933,0.143,0.094,1
DENND4A,0.10095614234830257,0.6015675979322096,0.619,0.559,1
SFT2D2,0.08215935055769595,0.600443928164371,0.238,0.138,1
CENPP,0.4071512838671044,0.6001886194130576,0.476,0.453,1
RIN3,0.10198735358009083,0.599959233034366,0.357,0.253,1
CCDC32,0.13936210261708493,0.5998804854542645,0.31,0.213,1
SGMS2,0.5565353232114668,0.5996092766855576,0.119,0.091,1
CARD8,0.017716492801710334,0.5991377306637461,0.405,0.228,1
TIMM9,0.2883751562990304,0.5988346753027138,0.143,0.093,1
ZNF423,0.7819673880969418,0.5984679039670944,0.167,0.152,1
ABL1,0.19892481189344338,0.5983054401387123,0.643,0.615,1
RAP1A,0.008462194714589005,0.5982539970735467,0.667,0.479,1
HIF3A,0.20757829772097064,0.5982539970735465,0.167,0.105,1
OSBPL2,0.2526007196102897,0.5982539970735465,0.214,0.15,1
RNF144A,0.66139291029229,0.5974414400028476,0.167,0.145,1
SNRNP40,0.19521819049167663,0.5974414400028474,0.19,0.122,1
ARFGAP1,0.20672682949566995,0.5974414400028474,0.19,0.123,1
PUS10,0.2938599816479232,0.5974414400028474,0.167,0.114,1
SNX24,0.06757163489551134,0.5973419746616457,0.667,0.668,1
MTPN,0.006516641990707084,0.5970933413062884,0.476,0.267,1
LYRM4,0.021062086178952825,0.5970176787893765,0.381,0.222,1
MFSD14A,0.1191305572657692,0.5970176787893765,0.357,0.246,1
C3orf70,0.3947282868954034,0.5962234618461757,0.119,0.081,1
PAIP2,0.023787615042466764,0.5959031121077907,0.357,0.205,1
CMC1,0.003699574840931396,0.5956701751506545,0.524,0.291,1
UBAP2L,0.06163848645478395,0.5953541065677517,0.429,0.296,1
NBPF15,0.14052593186377674,0.5953541065677517,0.262,0.173,1
CDC27,0.0047049831283792086,0.594520018064529,0.643,0.44,1
GOLT1B,0.19583331375705196,0.5941957804991933,0.214,0.14,1
ENTPD5,0.3749801220446854,0.5941957804991933,0.119,0.08,1
NOP14,0.4137963087093425,0.5941957804991933,0.119,0.082,1
ZNF568,0.15206630852141081,0.5941957804991929,0.19,0.115,1
BRD1,0.1676042450667643,0.5933428717892268,0.31,0.219,1
PPP1R2,0.9079669160515437,0.5929493916174462,0.143,0.148,1
DPYSL2,0.024303375975624975,0.5927868985113575,0.381,0.218,1
RESF1,0.010233474911006811,0.5927228911003176,0.452,0.261,1
METRNL,0.05571978670943641,0.5925756848310315,0.214,0.112,1
EXOC3,0.12063141295923191,0.5925756848310315,0.214,0.128,1
COX17,0.3308178017223074,0.5925756848310315,0.167,0.118,1
ARIH2,0.36114443519266,0.5923957864529831,0.333,0.282,1
GOPC,0.05910585262286222,0.5921056750399746,0.429,0.312,1
ARL6IP6,0.5317223140456274,0.591881914660947,0.333,0.314,1
HPRT1,0.14439024814232984,0.5918819146609469,0.143,0.078,1
SIDT2,0.23529753849873097,0.5918819146609469,0.143,0.087,1
MTHFD1,0.30151958470764684,0.5918819146609469,0.143,0.094,1
DCTN5,0.24633843124716184,0.5918819146609466,0.238,0.169,1
NDC1,0.022487219095762522,0.5912515038836497,0.238,0.114,1
ARHGEF2,0.06034208596633987,0.5912515038836497,0.238,0.13,1
DNAJB11,0.07926075573341149,0.5912515038836497,0.238,0.137,1
SGMS1,0.009235284681409722,0.5909313200374924,0.762,0.726,1
MLF2,0.18100792860930295,0.5901489474364916,0.167,0.1,1
TXLNG,0.6986943043668075,0.5901489474364916,0.119,0.101,1
SIN3A,0.06724155018201163,0.5901489474364912,0.381,0.253,1
CDC16,0.14903762339063653,0.5901489474364912,0.333,0.239,1
PLAC9,0.2517428437738221,0.5901489474364912,0.167,0.11,1
GRSF1,0.0930271721828089,0.589216672741117,0.262,0.159,1
FXR1,0.09299048540044767,0.5891555610164061,0.643,0.555,1
SLC39A9,0.021518252492242654,0.5890472329569194,0.405,0.24,1
CLEC16A,0.01580800702903293,0.5888025217289747,0.5,0.329,1
TMEM68,0.13133988222492365,0.5888025217289745,0.19,0.111,1
GNL2,0.1610600660335061,0.5888025217289745,0.19,0.116,1
EMILIN1,0.2141809444403017,0.5888025217289745,0.143,0.086,1
FAR2,0.1596124583989969,0.5886712303751152,0.31,0.234,1
GDI2,0.0649982990764697,0.5884180593573752,0.5,0.401,1
EFHC1,0.17383530112499368,0.5884180593573751,0.238,0.159,1
SEPTIN11,0.3343039495821974,0.5881297797998392,0.595,0.681,1
DERA,0.11509419099913902,0.5880110931936362,0.405,0.3,1
MPP1,0.041787984869906675,0.5877262851696358,0.357,0.222,1
MS4A6A,0.003218548141272749,0.5877262851696357,0.238,0.093,1
RAB28,0.035405810335299465,0.5877262851696357,0.571,0.443,1
BCAR1,0.11853052453374165,0.5877262851696354,0.214,0.128,1
PSMD5,0.3749380591053346,0.5877262851696354,0.167,0.122,1
MSANTD2,0.07604253501069655,0.5872652865905768,0.357,0.231,1
LINC00649,0.24101349741035166,0.5868463247636484,0.19,0.126,1
CEP162,0.3176615988936253,0.5865876149914337,0.238,0.184,1
OARD1,0.39383001971054643,0.5861134342013345,0.119,0.081,1
AC007216.4,0.6279604390232285,0.5861134342013345,0.167,0.141,1
LDLRAP1,0.2922262562585204,0.5849625007211565,0.143,0.093,1
TM2D2,0.4162814468130384,0.5849625007211565,0.119,0.083,1
RAB11FIP2,0.0016017782373366565,0.5849625007211563,0.429,0.204,1
METTL8,0.1357692609285177,0.5845023842953492,0.238,0.152,1
TOM1L2,0.06383655137901653,0.5843623779833477,0.357,0.235,1
ZNF525,0.195611405023271,0.5840999027636862,0.167,0.102,1
TEP1,0.2206663620253853,0.5840999027636862,0.167,0.105,1
SUCLG2,0.03256557297751991,0.5840253814671028,0.762,0.624,1
SHB,0.023298593006379393,0.5837448652226083,0.333,0.182,1
ZDHHC3,0.07316618113420878,0.5837448652226083,0.31,0.192,1
NCOA5,0.0764113651910874,0.5837448652226083,0.333,0.214,1
EFCAB13,0.074368994116277,0.5834293496301228,0.31,0.194,1
TAF5L,0.08325882088305663,0.5834293496301228,0.19,0.102,1
VPS13B,0.002936358104471438,0.5833757188410651,0.881,0.868,1
DMXL1,0.03799010901678858,0.5833455523983223,0.619,0.537,1
ATP5ME,0.874963811402435,0.5828931314336923,0.119,0.113,1
EMC3,0.24328073094442726,0.5824545556464908,0.19,0.129,1
EFCAB11,0.20674578409231645,0.5822639120993499,0.286,0.209,1
RNF145,0.028431182567460554,0.5816427301561088,0.524,0.368,1
CREBZF,0.45716712721537944,0.581515199102687,0.214,0.175,1
MEIS2,0.20568606755523136,0.5812503629310598,0.524,0.456,1
ELOVL2,0.03921527065881223,0.5806779103241962,0.333,0.202,1
DEGS1,0.3052214050110234,0.5806093818814384,0.262,0.201,1
ZMYM4,0.19705723050016824,0.579388252598707,0.762,0.777,1
GALK2,0.006654277537732427,0.5792788622175734,0.571,0.366,1
KIAA1109,0.015103113619642582,0.5786927832542557,0.738,0.631,1
PDCD2,0.24319861677026025,0.5780761151359166,0.143,0.088,1
VCPKMT,0.30309531791036953,0.5780761151359166,0.143,0.094,1
ARPC5L,0.3858230925117172,0.5780761151359166,0.143,0.101,1
ZNF586,0.0074088650279932455,0.5780761151359164,0.476,0.262,1
PHC2,0.018980633073510413,0.5780761151359164,0.333,0.18,1
DNM1L,0.019166382375513207,0.5780761151359164,0.595,0.451,1
MSL1,0.1537879000936649,0.5780761151359164,0.262,0.172,1
EDEM1,0.04885784140194667,0.5780761151359162,0.333,0.204,1
PLEKHM3,0.09316867675409558,0.5780761151359162,0.31,0.198,1
GSAP,0.16472285130414782,0.5780761151359162,0.167,0.099,1
MAP2K2,0.1692327628827822,0.5780761151359162,0.214,0.138,1
HACL1,0.1842754005842772,0.5780761151359162,0.19,0.12,1
PRPSAP2,0.22929865509377073,0.5780761151359162,0.19,0.126,1
GLA,0.33653869525118746,0.5780761151359162,0.119,0.077,1
EXOSC7,0.5403071234439297,0.5780761151359162,0.143,0.115,1
AP3S1,0.18140064592380375,0.5768435691054681,0.429,0.326,1
TPM1,0.0021949094705911135,0.5760526995996192,0.619,0.359,1
XYLT1,0.9895827401352698,0.575830674930272,0.405,0.519,1
CKMT2-AS1,0.029681691445054354,0.5755472888251774,0.333,0.188,1
LINC01278,0.012458579009491941,0.5752500710571529,0.619,0.425,1
KLF6,0.006622789601254543,0.5751348398237938,0.524,0.31,1
URB1,0.07624618209296583,0.5743816315781749,0.262,0.154,1
FAM20B,0.16293851671983545,0.5743816315781749,0.238,0.156,1
PRAG1,0.1758022915807656,0.5743816315781749,0.31,0.213,1
AC114930.1,0.4026815430790198,0.5735033853460922,0.214,0.172,1
COL3A1,0.47255571326154205,0.5733537048935129,0.5,0.53,1
ARAP1,0.19325137782155902,0.573275128872095,0.19,0.121,1
MRPS16,0.33737567917364913,0.5727426708328758,0.167,0.117,1
ILRUN,0.12136494472785005,0.572258788540602,0.429,0.325,1
PPP1R12A,0.009635156121856574,0.5721303514736601,0.833,0.767,1
GATC,0.15471031479803804,0.5720773745144734,0.167,0.097,1
RORA-AS1,0.5967284890917325,0.5720773745144734,0.119,0.096,1
MRPL1,0.09483857629901817,0.5720773745144732,0.357,0.236,1
FOXK1,0.0504025998246944,0.5720773745144729,0.31,0.183,1
VSIG4,0.02156337960292502,0.5718171246642342,0.238,0.114,1
ST3GAL4,0.7185651250538273,0.5718171246642342,0.238,0.221,1
CBFB,0.06931211255704853,0.5716783439377657,0.429,0.3,1
C1QBP,0.4855002878581567,0.5712224440948539,0.119,0.088,1
NDRG3,0.5311360390110922,0.5712224440948539,0.119,0.091,1
FARSB,0.16808986473378143,0.5705028954311155,0.286,0.199,1
ZNF654,0.030272257025419268,0.5703404663563111,0.452,0.301,1
FOXO3,0.36591892071171545,0.5702139973629458,0.667,0.667,1
FTO,0.01164566780148049,0.5700833243823857,0.786,0.743,1
SNHG5,0.31400683762887016,0.5700833243823857,0.19,0.136,1
CYB5D2,0.40131446577776103,0.5700833243823857,0.119,0.081,1
LITAF,0.002800244590637417,0.569736814223187,0.381,0.183,1
PLSCR1,0.0027440642502778254,0.5688575851065378,0.452,0.23,1
LURAP1L,0.3750442314097578,0.5684900663067184,0.167,0.121,1
TLE4,0.04765479263983166,0.5680558465770629,0.667,0.634,1
GRK5,0.04089042572870337,0.5675068734257291,0.595,0.464,1
MRI1,0.16682492049355213,0.5674288709364075,0.167,0.099,1
TXNDC16,0.6371281831477167,0.5674288709364075,0.119,0.097,1
MALAT1,7.00293409522406e-5,0.566240625633923,1,0.997,1
SLC33A1,0.11356267503523551,0.5661034734698402,0.238,0.146,1
RXRA,0.14091558539303023,0.5661034734698402,0.238,0.152,1
PIP5K1C,0.23475745318602453,0.5661034734698402,0.167,0.106,1
PCTP,0.3728879630330338,0.5661034734698402,0.143,0.1,1
ICE1,0.17762395074856824,0.5657977853574797,0.476,0.359,1
NSD2,0.03162423724061696,0.5650199623104699,0.429,0.267,1
ATF7IP,0.06739085908539423,0.5648705763366488,0.69,0.657,1
TUBGCP4,0.31813634943117436,0.5644011782388398,0.143,0.095,1
DERL2,0.31894688248881425,0.5644011782388398,0.143,0.095,1
UBE2L3,0.3606517906422342,0.5641176575459965,0.31,0.254,1
STRADA,0.10668958714314829,0.5640009299241935,0.31,0.201,1
B4GALT4,0.1472484593503005,0.5637208221588463,0.19,0.114,1
KMT2D,0.18180771183132702,0.5633546094291506,0.238,0.159,1
RFX3,0.050125378896096424,0.5624079384000458,0.548,0.424,1
TAMM41,0.11460735993398491,0.5621345712668946,0.31,0.209,1
EMP3,0.14770029994460737,0.5621345712668946,0.167,0.096,1
GATM,0.22351091196195302,0.5621345712668946,0.143,0.087,1
RELCH,0.04890959931216491,0.5618354741287054,0.571,0.486,1
ODF2L,0.07525549925756513,0.5615249388720687,0.357,0.242,1
NFYC,0.3071197587345335,0.5614454405917956,0.31,0.241,1
WDFY3,0.02722065175981931,0.5611260462059786,0.881,0.899,1
MED23,0.05348016478135066,0.5608668251036933,0.405,0.265,1
IPO8,0.02944431638178354,0.5604667155425378,0.357,0.209,1
PPP3CB,0.0024025304308814164,0.560292283900102,0.667,0.411,1
HSF2,0.18888392681419516,0.560154207138654,0.167,0.1,1
LINC02614,0.5955014996371026,0.560154207138654,0.119,0.096,1
PPP2R3C,0.09198053293707359,0.5596975858210618,0.262,0.159,1
HBS1L,0.22777273575745616,0.5596975858210618,0.357,0.276,1
USP42,0.29979523416420134,0.5596975858210618,0.214,0.155,1
WNT2,0.35175146049955625,0.5595797715185269,0.238,0.181,1
DNAJC16,0.05627945872260421,0.5589672921882116,0.31,0.184,1
MARS,0.3928109069063002,0.5589672921882114,0.167,0.124,1
MAP4K4,0.14828388596196923,0.5586707159633233,0.595,0.59,1
MTMR12,0.26930449657373096,0.5584090816798397,0.262,0.198,1
TNRC18,0.014295615964369193,0.5581046942307418,0.667,0.501,1
RNF111,0.01796361018871213,0.5580697349192287,0.714,0.643,1
EPB41L5,0.14685488063858057,0.5577813529180687,0.405,0.299,1
MCMBP,0.11896207879604619,0.5576120125762007,0.357,0.241,1
HSPA1B,0.2459901573326936,0.5576120125762007,0.143,0.088,1
ADAMTS15,0.36953127479610304,0.5576120125762007,0.119,0.08,1
ADCY10,0.4227973316783582,0.5576120125762007,0.119,0.083,1
ZBTB34,0.5725332272847998,0.5576120125762007,0.119,0.094,1
GBA2,0.6128902032935206,0.5576120125762007,0.119,0.096,1
WDR37,0.1238244257659029,0.5570702570156142,0.381,0.272,1
ELMO1,0.006621250354650168,0.5569858579420135,0.857,0.755,1
RFLNA,0.11741469273281463,0.5568596292262202,0.167,0.092,1
HDGFL3,0.1207993620206747,0.5568596292262202,0.167,0.092,1
JPT1,0.1287496192802201,0.5568596292262202,0.167,0.094,1
PID1,0.9083030273555645,0.5555944845032934,0.357,0.394,1
TLK2,0.012738722352937062,0.5547550409012972,0.643,0.446,1
CPSF6,0.022684476831293827,0.5546171423119274,0.69,0.566,1
BABAM1,0.23017229017267113,0.5542293731815486,0.167,0.105,1
KITLG,0.29225137529485334,0.5542293731815486,0.143,0.095,1
ZNF625,0.38560463410329393,0.5542293731815486,0.119,0.08,1
FER,0.001325927329937811,0.5542293731815485,0.833,0.656,1
IGF2R,0.04241449738442208,0.5542293731815484,0.405,0.268,1
WDR41,0.0888102419164929,0.5542293731815484,0.262,0.156,1
ZCCHC10,0.2542176491635622,0.5542293731815482,0.19,0.129,1
COL21A1,0.904163647974531,0.5534323774661007,0.452,0.535,1
MTCH1,0.0733906247457079,0.5524112317425693,0.262,0.153,1
AC008771.1,0.25235345271322557,0.5522598233317793,0.333,0.259,1
PIGU,0.14946848234302657,0.5520809066029719,0.214,0.133,1
SLC12A9,0.8528923995550676,0.5520809066029719,0.119,0.135,1
TBC1D15,0.013019469911912808,0.5516039037747252,0.524,0.327,1
LAMTOR5-AS1,0.042547902669335357,0.5516039037747251,0.333,0.197,1
MAK,0.27697726147847546,0.5508546464008921,0.143,0.091,1
GPR137,0.2961086989892922,0.5508546464008921,0.143,0.093,1
ATG16L1,0.348510839660816,0.5508546464008921,0.143,0.097,1
ARGLU1,0.09105322817246117,0.5507844234681765,0.762,0.721,1
CHMP3,0.15249599848090142,0.5504998707834914,0.286,0.198,1
DIS3L2,0.09239267461835642,0.5504502091583547,0.571,0.484,1
RAP1GDS1,0.06828188420760302,0.5502929586223783,0.452,0.315,1
TGFBR3,0.9892106667007591,0.5499742601105215,0.714,0.809,1
RFX7,0.045209905447438255,0.5497803041754479,0.667,0.526,1
RGPD5,0.13712350185611577,0.5495069629391454,0.214,0.13,1
TRAPPC8,0.03412905053790126,0.549329061090361,0.619,0.51,1
TLN2,0.23470213410320423,0.5489832036155895,0.214,0.148,1
TBC1D5,0.012990545105121513,0.5486596271591813,0.857,0.886,1
RIN2,0.2294247971862799,0.5484879305528688,0.595,0.546,1
ACSS2,0.517288771494816,0.5483287717418639,0.214,0.185,1
SENP7,0.03500991936542933,0.5481106937366288,0.619,0.483,1
MTG1,0.13583436321002196,0.5474877953024933,0.262,0.171,1
GRAMD1A,0.1526525535493133,0.547289989716266,0.262,0.175,1
USP7,0.009992545936567695,0.5469705148950552,0.476,0.278,1
PPM1A,0.027414984191623915,0.5469080970422371,0.476,0.316,1
PCDH10,0.4073745515569511,0.5469080970422368,0.262,0.213,1
NUMB,0.04195391912584356,0.5463672554085783,0.714,0.659,1
AGO1,0.3394216530506029,0.5463672554085779,0.167,0.117,1
LMBR1,0.16545783430333805,0.5456546374435389,0.619,0.544,1
SPARC,0.27495128670709573,0.5454228978171649,0.405,0.336,1
CPNE8,0.39658582223687505,0.5453874964297418,0.452,0.45,1
BCL2L1,0.023456698588581397,0.5453874964297416,0.31,0.166,1
PHF14,0.007012428598906507,0.5448565798350591,0.762,0.614,1
MEG8,0.46079099445824445,0.5443801962514336,0.429,0.422,1
DOCK6,0.16715714722457772,0.5441287832125785,0.143,0.08,1
NRAS,0.4806092673456651,0.5441287832125785,0.119,0.087,1
EVC2,0.5218849318611877,0.5441287832125785,0.119,0.09,1
NUP42,0.040314391621299885,0.5441287832125783,0.31,0.175,1
IGDCC4,0.2138901081519451,0.5441287832125783,0.214,0.143,1
SERPINB6,0.03945439497746354,0.5436660843500851,0.452,0.293,1
PDSS2,0.024284801767262887,0.5434035374811368,0.714,0.575,1
TBK1,0.18495721848431934,0.5434035374811367,0.452,0.362,1
ASXL2,0.010139672414410474,0.543170500187715,0.643,0.468,1
OSBPL8,0.039904900442209346,0.5429092607047215,0.69,0.602,1
SHC1,0.25812240686458154,0.542452205405195,0.167,0.108,1
CEBPA,0.3279541494380889,0.542452205405195,0.143,0.096,1
EPN1,0.6974807511817009,0.542452205405195,0.119,0.103,1
ITPK1,0.07581824414398498,0.5424522054051948,0.286,0.17,1
NOP58,0.0803063117559093,0.5424522054051948,0.405,0.282,1
SLC7A8,0.47283467641171106,0.5424522054051948,0.19,0.15,1
RYK,0.048684614065457085,0.542073892818554,0.667,0.537,1
UGGT1,0.027921514023917196,0.5418937788292701,0.405,0.243,1
TAB2,0.29623753133186104,0.541072955739065,0.524,0.589,1
CHST11,0.35361683942921435,0.54085791163648,0.548,0.594,1
TANGO6,0.1211056675799351,0.5407775737129408,0.262,0.166,1
PLCE1,0.2097982479349165,0.5407775737129408,0.19,0.125,1
RREB1,0.39197165425070574,0.5406761433307224,0.69,0.713,1
NCBP1,0.18558045720326044,0.5401082649368958,0.262,0.179,1
COP1,0.009071359142288096,0.5397613381489097,0.881,0.827,1
GIGYF1,0.0745191097725967,0.539522874366523,0.31,0.193,1
ZNF100,0.667319506959503,0.539522874366523,0.19,0.172,1
SPEF2,0.40124559462185994,0.5392568662453885,0.071,0.114,1
NBPF11,0.35509876436094323,0.5385477509492786,0.214,0.162,1
PPRC1,0.4349537107217985,0.5385477509492786,0.119,0.083,1
SPG11,0.013196072678910726,0.5383370000847028,0.571,0.372,1
ZBTB10,0.8467074515326752,0.5378389840271931,0.262,0.304,1
CPLANE1,0.13634451449374596,0.5375970457808459,0.452,0.359,1
ANKRD17,0.011823683616064375,0.5375638285791342,0.952,0.893,1
INTU,0.03802131367100531,0.5374341306385702,0.286,0.156,1
ITFG2,0.1388332317129115,0.5374341306385702,0.262,0.169,1
CSRP2,0.15927350385995792,0.5371305651370004,0.286,0.194,1
FAM160B1,0.0975864445351984,0.5365994791597573,0.381,0.268,1
ZNF486,0.6117630601024759,0.536599479159757,0.119,0.097,1
IP6K1,0.015306187364327522,0.5364224939370745,0.524,0.335,1
NANS,0.2555252700561146,0.5359506394632394,0.167,0.109,1
TRMT44,0.41111363274776996,0.5359506394632394,0.167,0.124,1
SETX,0.06006773141996587,0.5358695550152269,0.714,0.58,1
ARID2,0.00699034741466145,0.5357210316068692,0.881,0.772,1
STK38,0.0022114890192221643,0.5355514984893592,0.619,0.357,1
NR3C1,0.05780601826927391,0.5354317777274226,0.762,0.737,1
CS,0.251347635591239,0.5354317777274225,0.19,0.128,1
AC087854.1,0.09824717798024664,0.5350073932440305,0.31,0.199,1
EFTUD2,0.25228336985495325,0.5350073932440305,0.214,0.148,1
TYMP,0.33907712499404585,0.5350073932440305,0.167,0.115,1
STC1,0.06499248253374024,0.534498296594312,0.238,0.136,1
HMGCR,0.05293705459430758,0.5343547377065985,0.262,0.145,1
ARHGAP5,0.10781372689839828,0.5342218255464888,0.714,0.615,1
MCCC1,0.02283324824704267,0.5340984180753139,0.31,0.162,1
VPS54,0.015036455661379641,0.5340399655889949,0.667,0.518,1
TET1,0.06882902946664142,0.5339835309527456,0.357,0.238,1
ARMC8,0.04447127732990444,0.5333581948467154,0.524,0.37,1
DIP2A,0.31587654540891674,0.5329882256073782,0.476,0.413,1
RHOQ,0.026239001263023205,0.5327108109269947,0.405,0.242,1
KPNA3,0.014812634606855526,0.5321398309690573,0.5,0.311,1
IKBIP,0.11799572699173046,0.53077040035756,0.214,0.128,1
GSTK1,0.8726870604871373,0.53077040035756,0.143,0.143,1
SLC10A7,0.040342567787733714,0.5307704003575598,0.5,0.339,1
RBM23,0.06883802107654508,0.5307704003575597,0.31,0.188,1
PLEKHB2,0.19229182011499457,0.5307704003575597,0.333,0.241,1
MXD1,0.21342884555476338,0.5307704003575597,0.238,0.158,1
ACYP2,0.06416554135913104,0.5307704003575596,0.548,0.404,1
HSPD1,0.2400264067884997,0.5307704003575596,0.429,0.347,1
CD302,0.19596840434567914,0.5307704003575595,0.167,0.102,1
WDR25,0.2582690207103196,0.5307704003575595,0.167,0.109,1
DGKZ,0.3173287359542791,0.5307704003575595,0.238,0.181,1
VAPB,0.3584314697871822,0.5307704003575595,0.286,0.232,1
CHMP1B,0.3708816957579403,0.5307704003575595,0.119,0.079,1
MRPS15,0.3733010908678591,0.5307704003575595,0.119,0.079,1
NLN,0.42256799353306074,0.5307704003575595,0.19,0.147,1
TAF4,0.52616524405085,0.5307704003575595,0.19,0.156,1
CAPZA2,0.0013150055970092105,0.5296885142619477,0.667,0.372,1
GPR78,0.6456371637013496,0.5289815656077466,0.143,0.118,1
SAMD4B,0.06151033651049141,0.5286565610916418,0.405,0.266,1
SH3KBP1,0.48460755947455897,0.5285559792921175,0.381,0.323,1
POLR2A,0.05434488493993101,0.5283230799388168,0.333,0.206,1
CCT4,0.2899556162242952,0.5283230799388168,0.286,0.206,1
SSBP1,0.6302393667754587,0.5280354326363208,0.238,0.208,1
NDUFA5,0.3384990642566383,0.5274500420659483,0.214,0.161,1
GALNT1,0.13033364402846503,0.5274158513337385,0.69,0.609,1
ANO10,0.47354388585375506,0.5272623255812792,0.5,0.443,1
SMARCAL1,0.17120015707984695,0.5271949461337324,0.238,0.157,1
SETBP1,0.08272615484361902,0.5270307703109789,0.476,0.363,1
ANKRD36B,0.200406874108761,0.5265458144958344,0.214,0.141,1
RAD9A,0.15832964257785676,0.5256086952417802,0.19,0.115,1
DUSP3,0.2920771145856053,0.5256086952417802,0.167,0.112,1
TTF2,0.20087586481223565,0.5249647786763543,0.167,0.102,1
LCORL,0.021618571477842786,0.5249647786763539,0.667,0.513,1
MFN2,0.5678260041520016,0.5241373080251126,0.119,0.093,1
IFT52,0.40131268963464756,0.5230347515779545,0.119,0.081,1
HAUS6,0.79167110663828,0.5230347515779545,0.167,0.155,1
LINC00472,0.44931536565967756,0.522831740947789,0.452,0.459,1
RAB5C,0.03501384378687626,0.5225810025442126,0.333,0.192,1
RUFY1,0.17533179597959725,0.5225810025442126,0.286,0.202,1
Z83843.1,0.14546582845803982,0.5219330370983823,0.357,0.25,1
XPNPEP3,0.21461538896589671,0.521492586769549,0.262,0.184,1
CACNA2D1,0.09507595792390217,0.5214925867695488,0.262,0.154,1
UFL1-AS1,0.7976953305553475,0.5214925867695488,0.119,0.108,1
GREM2,0.0750813710824181,0.5210625092463492,0.024,0.114,1
IDS,0.1954877121364253,0.5208321633014406,0.238,0.16,1
ANAPC5,0.08611806556591238,0.520465391965821,0.429,0.298,1
SUGT1,0.06202045926185579,0.5204653919658209,0.333,0.208,1
PAK4,0.2577181073594997,0.5204653919658209,0.167,0.109,1
DENR,0.10943449940280371,0.520232040563632,0.357,0.253,1
TBC1D19,0.20163045733014054,0.5198615011906207,0.262,0.184,1
STARD13-AS,0.25888228926912227,0.5198615011906207,0.262,0.19,1
LDAH,0.22524135683898666,0.5197900045461137,0.429,0.354,1
TP53BP1,0.2846628207219441,0.5197321289051116,0.31,0.24,1
KAT6A,0.018593058685235038,0.5196634045968507,0.738,0.746,1
FAM114A1,0.1173869053756156,0.5196441623771803,0.333,0.224,1
ZC3H18,0.09881610537768808,0.5191824260823479,0.262,0.158,1
TXNRD3,0.4034137917121672,0.5191824260823479,0.143,0.102,1
PRKAR1A,0.007026764724052916,0.5182948868104993,0.476,0.258,1
RCOR3,0.19751528560536993,0.5182948868104993,0.548,0.498,1
PNKD,0.3032167613107684,0.5181335746796343,0.19,0.135,1
SUGP2,0.10022331755186147,0.5177981032118074,0.405,0.28,1
SPART,0.007711312006158702,0.5177404519084412,0.548,0.322,1
AC117834.1,0.5043481283618751,0.5175345732008654,0.119,0.089,1
DNAAF5,0.6766794773022047,0.5175345732008654,0.119,0.1,1
MTMR6,0.2806893538365698,0.5168759586991785,0.19,0.131,1
HERC1,0.01936406933894407,0.5167362912378288,0.762,0.718,1
MTHFS,0.965681798518396,0.516675570471773,0.238,0.232,1
NFIA,0.018305075074154572,0.5163373158368099,0.738,0.633,1
PROCR,0.24239516057470542,0.5153403597879538,0.119,0.07,1
RHOT2,0.46749267729440536,0.5153403597879538,0.119,0.086,1
ZDHHC16,0.4752578515719965,0.5153403597879538,0.119,0.086,1
LINC01176,0.6628915298704542,0.5153403597879538,0.143,0.121,1
CDK8,0.16953974842183864,0.5153403597879537,0.405,0.301,1
SH3PXD2A,0.00256401903952611,0.5147823651799963,0.595,0.36,1
MAP4,0.028646378652959048,0.5143077031370618,0.738,0.669,1
PANK2,0.03337370355856044,0.5142445032666807,0.31,0.17,1
NADK2,0.15685336184433435,0.5137257037258587,0.31,0.212,1
METTL4,0.4419733398445746,0.5134231567936629,0.143,0.105,1
SCAMP4,0.5445839604278253,0.5134231567936629,0.143,0.113,1
MRPL19,0.19568896752450116,0.5129810869140314,0.238,0.158,1
KMT2E,0.018131820153086897,0.5123784825692405,0.738,0.684,1
TMEM181,0.12262934145956259,0.51227405674017,0.333,0.229,1
CSAD,0.14834471955798165,0.5115084981969265,0.238,0.152,1
LIG3,0.358999403167447,0.5109619192773796,0.143,0.098,1
TEFM,0.6567247526817099,0.5109619192773796,0.119,0.099,1
PPIH,0.7158148147345098,0.5109619192773796,0.119,0.103,1
FBXW2,0.2524121053576864,0.5109619192773793,0.262,0.187,1
IGSF1,0.9256995125860744,0.5109619192773793,0.119,0.133,1
ZNF326,0.03580128624728044,0.5095963772531498,0.429,0.261,1
MLH1,0.14275632963933865,0.5076867872445185,0.238,0.151,1
SIRT1,0.20402469719632596,0.5076867872445185,0.214,0.142,1
ATP6AP1,0.21779147926125894,0.5076867872445185,0.167,0.103,1
STK35,0.24405071835451542,0.5076867872445185,0.167,0.107,1
TICRR,0.2715578840319101,0.5076867872445185,0.119,0.072,1
LTBP2,0.30240549645841025,0.5076867872445185,0.119,0.074,1
TMEM44,0.3618699669732174,0.5076867872445185,0.119,0.078,1
AC105052.4,0.5153282605527385,0.5076867872445185,0.119,0.089,1
ALPK3,0.5772229527299348,0.5076867872445185,0.119,0.094,1
SRRT,0.8741867707695012,0.5076867872445185,0.119,0.112,1
SH3PXD2B,0.08595342272052545,0.5076867872445183,0.333,0.203,1
MAPK10,0.7736685771560436,0.5076867872445181,0.143,0.131,1
TRIM37,0.2387240116499535,0.5065967267159774,0.31,0.236,1
G3BP2,0.023936335354228882,0.5064820313992346,0.381,0.217,1
AC012409.2,0.9456081653642943,0.5061609330135581,0.143,0.151,1
CACUL1,0.19969806886673047,0.5060121555522641,0.476,0.398,1
PMPCB,0.20706121087482499,0.5056064768034711,0.214,0.142,1
NEK3,0.24885590069349256,0.5056064768034711,0.19,0.128,1
CRYZL1,0.2647736190395574,0.5053986106492481,0.31,0.237,1
DCUN1D2,0.44036446460906686,0.5048271331052774,0.238,0.196,1
ELP4,0.2555515547885314,0.504775191824615,0.5,0.46,1
PARP14,0.03411325243455606,0.5046366908845685,0.452,0.288,1
FBXO42,0.05336003395912432,0.5044190734106073,0.5,0.341,1
BST2,0.27662068286239483,0.5044190734106073,0.119,0.072,1
OMG,0.2910750689051323,0.5044190734106073,0.143,0.092,1
TRMT61B,0.33682028544067494,0.5044190734106073,0.143,0.096,1
MYNN,0.7245870139048634,0.5044190734106073,0.119,0.103,1
ZC3H7A,0.24338070198153788,0.5038751732944993,0.357,0.278,1
PDZRN4,0.3702837948652824,0.5027805441801605,0.31,0.27,1
TMEM167A,0.06765193150149175,0.5026068698801651,0.333,0.206,1
CPSF2,0.0712439394013134,0.5026068698801651,0.333,0.207,1
ABL2,0.07337202418296795,0.5025250821287395,0.429,0.302,1
ZRANB2,0.05038675544065994,0.5024734290956379,0.69,0.57,1
R3HCC1L,0.07474966158671241,0.5021272619026176,0.524,0.371,1
SCML1,0.426766460682543,0.501973136050125,0.143,0.104,1
RGL2,0.5251518648005671,0.501973136050125,0.143,0.112,1
ZNF14,0.8174574384251307,0.501973136050125,0.119,0.111,1
MCL1,0.16492720954578266,0.501761953287413,0.381,0.281,1
AP002495.1,0.28625768424948717,0.5014548335330038,0.19,0.132,1
GXYLT2,0.13049213280386296,0.5000736031346433,0.214,0.13,1
SELENOF,0.10238554414503837,0.5000736031346432,0.548,0.391,1
SENP5,0.1348964064790997,0.5000736031346431,0.5,0.418,1
PUF60,0.37572930021732553,0.5000736031346431,0.119,0.079,1
LINC00624,0.41815243560874377,0.5000736031346431,0.143,0.104,1
NT5DC1,0.31661832929977973,0.4993834835133091,0.405,0.355,1
CARF,0.12282732632262741,0.49890590170230853,0.238,0.147,1
TECPR2,0.12504701690080444,0.49890590170230853,0.262,0.165,1
ULK1,0.14444792474488596,0.49855577549238994,0.214,0.131,1
RHOB,0.1584559801373028,0.49855577549238994,0.19,0.115,1
THAP12,0.21888245801046263,0.49855577549238994,0.19,0.124,1
ARMH4,0.19207605809638958,0.49828808924226875,0.286,0.205,1
CFLAR,0.07361785179083842,0.49828808924226864,0.595,0.486,1
CXXC5,0.2753877586836701,0.4979057664519333,0.143,0.09,1
UEVLD,0.19041302995242587,0.4979057664519331,0.262,0.178,1
AP3B1,0.02280092454786874,0.49749965947081665,0.833,0.776,1
RAB10,0.07252468567717488,0.49747828858549414,0.667,0.653,1
SRFBP1,0.08902868205116309,0.49703954304500986,0.286,0.175,1
TNFRSF21,0.13759362658639013,0.49628202397226895,0.262,0.171,1
POLR3A,0.470130827983425,0.49628202397226895,0.143,0.107,1
PDLIM2,0.628115047099547,0.49628202397226895,0.119,0.096,1
L2HGDH,0.9295744481017012,0.49628202397226895,0.095,0.1,1
SPATS2,0.06716373431496318,0.4962820239722687,0.357,0.23,1
GTF2F2,0.038394008792721084,0.49540845746608175,0.548,0.372,1
MBD5,0.0017219192086009626,0.4953215643532698,0.976,0.875,1
HERC4,0.01206723025352273,0.49517209431068365,0.857,0.787,1
LUC7L,0.06068094540905725,0.49502037540835786,0.452,0.315,1
TOB2,0.4506893746060793,0.49401185034744177,0.167,0.127,1
ANAPC1,0.054188473555527326,0.493579841049143,0.381,0.239,1
TTC1,0.17928640470766774,0.4934448646687395,0.286,0.2,1
CEP295,0.16791739954761162,0.49294476816795885,0.286,0.195,1
SFMBT1,0.13204014877395942,0.4925003834298423,0.405,0.29,1
GTF2A2,0.34425587555917414,0.49250038342984226,0.119,0.077,1
TP53,0.3683822269861249,0.49250038342984226,0.119,0.079,1
DNAJC3,0.029222956526426407,0.49191947138620185,0.5,0.358,1
MOB1B,0.029803188017412746,0.49191947138620185,0.405,0.247,1
SAR1B,0.3653264850637206,0.49191947138620185,0.214,0.162,1
SLC25A36,0.0657069800181524,0.49155652010478623,0.619,0.482,1
BAG1,0.27957694733097327,0.4914217328817343,0.143,0.091,1
RTN4IP1,0.30353917223730265,0.4914217328817343,0.143,0.093,1
FOCAD,0.2438194786355128,0.49109281354127626,0.548,0.488,1
XPC,0.1693458061689426,0.49099049837220465,0.262,0.179,1
CHMP4A,0.1943594478564622,0.4906132738855771,0.167,0.101,1
WDR19,0.3953583773342399,0.4906132738855771,0.143,0.101,1
JPX,0.1255008735649291,0.4903155347366739,0.643,0.645,1
SDK1,0.5254217290992704,0.4899847855110595,0.286,0.251,1
PEX14,0.022868121883835444,0.4899847855110593,0.548,0.364,1
AGO2,0.14555749400871767,0.489848932124181,0.476,0.372,1
TENT2,0.01915858741366459,0.4896788380937558,0.881,0.813,1
PPAT,0.7582542233451233,0.4894821918669279,0.143,0.129,1
FUT10,0.18400137453346946,0.4892668481780602,0.31,0.218,1
RPAP3,0.15447483698615752,0.48907110907717133,0.238,0.151,1
WDR70,0.02914088748289503,0.48880877703882897,0.714,0.715,1
LAPTM5,0.26987440367027216,0.4887286295406339,0.143,0.091,1
DYNC1LI2,0.07903659543515068,0.4884389026512399,0.429,0.297,1
WDR75,0.08328111690479907,0.4881906116187211,0.286,0.174,1
APMAP,0.15882236803688782,0.4881906116187211,0.262,0.174,1
PTS,0.2873211557382304,0.4881906116187211,0.238,0.172,1
NHLRC3,0.05199521435823445,0.48734151793233815,0.357,0.215,1
AGPS,0.43611132731846597,0.48734151793233815,0.429,0.365,1
DLEU1,0.28608946251704437,0.4872805765826815,0.5,0.462,1
EMILIN2,0.0562261447752881,0.4872226846848027,0.31,0.181,1
CCDC93,0.09024797094153925,0.4872226846848027,0.357,0.234,1
SNX19,0.10910816903868018,0.4872226846848027,0.357,0.242,1
PGM3,0.12654467600972283,0.48663746372894845,0.381,0.275,1
IPO9,0.19910796135434294,0.48663746372894845,0.381,0.298,1
TMCC1,0.007478378202618432,0.4866011224303861,0.857,0.784,1
ZNF704,0.22041387981784488,0.4857720108160777,0.405,0.359,1
VAPA,0.04678367387598634,0.48496671074443487,0.643,0.546,1
RNF114,0.048257893283201354,0.48496671074443487,0.31,0.179,1
DOP1B,0.08193778651915723,0.48496671074443487,0.238,0.136,1
MAT2A,0.0980691894127011,0.48496671074443487,0.286,0.179,1
HSDL2,0.032304789486957614,0.48496671074443465,0.429,0.268,1
AC119673.2,0.14126713903382068,0.48496671074443465,0.286,0.194,1
ZCCHC8,0.14705378637200728,0.48496671074443465,0.262,0.173,1
ELL,0.18891987916659603,0.48496671074443465,0.286,0.202,1
EIF4EBP2,0.1325843616392318,0.4849667107444344,0.286,0.19,1
ANKIB1,0.06186858374105963,0.4837649655346815,0.714,0.66,1
ATXN10,0.003763899017818298,0.48366051324380976,0.738,0.553,1
FAM133B,0.07216878812021114,0.4835585163516265,0.476,0.335,1
SDCBP,0.6346481629366534,0.4831997845702468,0.357,0.35,1
RTN4,0.017384289606630025,0.48277981470511744,0.762,0.685,1
GLRX3,0.048244133338798435,0.482714259013056,0.381,0.237,1
EYS,0.05754023395817923,0.482714259013056,0.214,0.121,1
TAF3,0.0644656586957833,0.4825096649489128,0.571,0.461,1
RNGTT,0.27638073563757726,0.4823779875648512,0.714,0.692,1
AC046134.2,0.05894318714972833,0.48231713233048534,0.31,0.184,1
SNTB2,0.6538551801483968,0.4819642225829115,0.19,0.173,1
RAB3GAP2,0.07232745896094712,0.4818607998766131,0.619,0.552,1
TMEM263,0.07523088184369553,0.4818607998766131,0.429,0.291,1
ERCC6L2,0.08771686061407867,0.4818607998766131,0.429,0.303,1
AC021723.2,0.24733854402964697,0.4818607998766131,0.214,0.148,1
ZNF429,0.19610270916791217,0.4817499980608917,0.262,0.181,1
PPIP5K2,0.006140763395397852,0.4815681342825698,0.69,0.474,1
MPHOSPH8,0.4869453685569235,0.48150285544086335,0.333,0.29,1
USF3,0.2135341469555266,0.4812145758833273,0.214,0.143,1
RBMS3,0.3180252594502981,0.4809251506070522,0.524,0.753,1
SRGAP2,0.00511650095176795,0.4807789137810013,0.619,0.385,1
THAP6,0.6008147256345107,0.48046531850949403,0.167,0.138,1
USP39,0.7068284313280593,0.48046531850949403,0.143,0.125,1
ENOX1,0.26063031962700267,0.48017847189538887,0.238,0.176,1
CAMKK2,0.18529895954382453,0.47996602968606794,0.19,0.118,1
ARHGAP20,0.16106208063818292,0.47934216155055687,0.143,0.08,1
PLA2G4A,0.1961630262520548,0.47934216155055687,0.143,0.083,1
AC002463.1,0.011182051222064284,0.47934216155055664,0.429,0.236,1
URGCP,0.26435930848405376,0.47934216155055664,0.262,0.191,1
SLC8A1,0.047692085605989,0.47919823028482283,0.405,0.264,1
SRP19,0.21456642217512745,0.47896797012299164,0.262,0.186,1
PNN,0.0036096820351929483,0.47883192457233315,0.5,0.258,1
TOMM70,0.07331880605425216,0.47854044158500186,0.286,0.169,1
AKAP10,0.025860434855078517,0.4780472968046444,0.667,0.518,1
PRIM2,0.22676238974925397,0.4775745765144,0.548,0.508,1
ATL3,0.1426243068927517,0.4774721741975103,0.238,0.149,1
FOXN3,0.4566436405170512,0.4772144350202483,0.667,0.76,1
PRKD1,0.1115302338033633,0.47653808867385394,0.262,0.164,1
PIK3R1,0.30291427610642097,0.4764414936458049,0.548,0.48,1
DUSP6,0.5880597352324363,0.4759779275171798,0.143,0.116,1
MSH3,0.07094163192132423,0.4757950648461846,0.571,0.459,1
CD248,0.11691628707248519,0.47498262217181253,0.167,0.09,1
PPP5C,0.23071236845413884,0.47498262217181253,0.19,0.124,1
AC009271.1,0.04294556937707115,0.474186871991192,0.357,0.222,1
BLOC1S6,0.2671727544792633,0.4737394553211809,0.214,0.15,1
GSR,0.3160522775592542,0.4737394553211809,0.214,0.156,1
SRSF1,0.5301204003424975,0.47373945532118067,0.286,0.245,1
ATP1A1,0.05426566239078554,0.4731509604972388,0.333,0.198,1
EXOC4,0.010964945783049128,0.47287942844570363,0.905,0.851,1
SEC22A,0.5320915810324367,0.47287942844570363,0.31,0.276,1
FBXO38,0.07263042693835016,0.4727231149896878,0.405,0.263,1
ANKLE2,0.13219026402149162,0.4724973587822181,0.333,0.23,1
ZNF318,0.3254779477939256,0.4721426703868512,0.143,0.095,1
IRF3,0.6942576474730696,0.4721426703868512,0.119,0.101,1
GOLIM4,0.05349846604862378,0.47176721298957536,0.31,0.18,1
SPTBN1,0.24887792479552934,0.47158281355927023,0.524,0.519,1
NUP37,0.2909116548624248,0.4715044509378723,0.19,0.132,1
ZNF302,0.13558471423327356,0.4711609112194046,0.262,0.167,1
METAP1,0.20309925741487994,0.4709462404295002,0.262,0.185,1
DEDD,0.46330316095288715,0.47001636927846313,0.119,0.085,1
BCAT1,0.1350989744195501,0.4696536552499306,0.429,0.318,1
ZNF345,0.3790705704720801,0.46866489841533454,0.19,0.142,1
HIGD2A,0.359082088538474,0.468158423057881,0.143,0.098,1
SLC35E3,0.718358285434247,0.468158423057881,0.119,0.103,1
APOOL,0.21344402176608046,0.46773000581913093,0.238,0.163,1
AP3S2,0.11927026139496615,0.4670448027471724,0.381,0.274,1
FDPS,0.043957489326625104,0.4670448027471723,0.31,0.176,1
SEC16A,0.16713478070327592,0.4670448027471723,0.286,0.194,1
HACD2,0.04321386471532847,0.46652104342361667,0.333,0.194,1
CASP8AP2,0.3549538450854212,0.46652104342361667,0.262,0.199,1
SMIM13,0.35968060445948713,0.46652104342361667,0.262,0.208,1
WDTC1,0.14274859027733497,0.4663028664793991,0.238,0.149,1
NDUFA3,0.48834302460111245,0.46577314551112403,0.119,0.087,1
JUNB,0.15567035137950277,0.4657731455111238,0.286,0.19,1
VPS35L,0.20867442955928475,0.46521247640339164,0.452,0.357,1
NRIP1,0.10940842660945484,0.4646180653526326,0.762,0.762,1
RNPEP,0.42489353668467067,0.4646180653526324,0.19,0.145,1
AC061958.1,0.554589079028338,0.46450260818471933,0.286,0.251,1
PACSIN2,0.05622813484463957,0.4644496934039217,0.619,0.467,1
DNAJC9,0.2067277961741894,0.4643072401783419,0.238,0.162,1
CUX1,0.3113027199443037,0.4642562155787542,0.833,0.854,1
TMED3,0.9716658899961073,0.46407934427061126,0.167,0.172,1
ARIH1,0.010817576950406893,0.4625988977159804,0.905,0.815,1
PRPF4,0.4408581547998276,0.46259889771598006,0.119,0.084,1
NDUFAF6,0.04072251428704011,0.46154236523310477,0.357,0.216,1
SHPRH,0.09277340283985876,0.46154236523310466,0.548,0.427,1
ZFAS1,0.25354409890947005,0.4614311962836457,0.286,0.213,1
PSMA3,0.08176793050393422,0.4605825521174758,0.381,0.246,1
TMEM8A,0.2433619773485711,0.4605825521174758,0.214,0.146,1
CCNG2,0.2661858434766179,0.46038107246616145,0.286,0.212,1
ATP6V0A1,0.5027778538552349,0.46013485776449936,0.381,0.352,1
SOD2,0.15987206052185732,0.46013485776449925,0.286,0.199,1
TAOK3,0.405842282097301,0.4600645184241042,0.524,0.54,1
MPZL1,0.04745097374341856,0.45960264525606054,0.5,0.328,1
ZNF652,0.22873280602294332,0.4594316186372973,0.429,0.355,1
PPP6R1,0.3279461780422777,0.4594316186372973,0.143,0.095,1
ZNF266,0.4324036040081906,0.4594316186372973,0.143,0.103,1
TMCC3,0.21377092524834723,0.45909862497375564,0.262,0.189,1
MRPS35,0.2928916956528917,0.4589044141582388,0.214,0.153,1
PPP4R3B,0.09015528081213416,0.4585690206798274,0.571,0.453,1
PCID2,0.17552392075503043,0.45816665140071966,0.286,0.197,1
NUF2,0.2091534306096231,0.45816665140071944,0.167,0.103,1
RAF1,0.233732375345993,0.4579337520474188,0.524,0.431,1
PTPRK,0.9303727277262862,0.45728914412592614,0.643,0.791,1
CELF1,0.29037642267740327,0.4571955391866468,0.69,0.692,1
NELFCD,0.5233515996859315,0.4570607141745504,0.143,0.111,1
RSPO3,0.8866862578731592,0.4570607141745501,0.19,0.182,1
SHOC2,0.019168787647201715,0.4568204051807594,0.643,0.457,1
SUPT20H,0.03678945778461993,0.4565582955586809,0.548,0.359,1
CTPS2,0.6815749956095096,0.4565582955586809,0.119,0.141,1
SUMF1,0.24830795116500323,0.45655829555868066,0.595,0.592,1
DENND1A,0.4713025614104231,0.45653933979104755,0.786,0.84,1
TMEM87B,0.020382829196208124,0.45627127774396925,0.476,0.295,1
ACSF2,0.9272847394570685,0.45627127774396903,0.167,0.165,1
FLNB,0.565713358764979,0.45613974699301063,0.452,0.511,1
ST3GAL3,0.005112835198512697,0.4557856853324884,0.476,0.25,1
KAT6B,0.05446146276260039,0.4556227491622905,0.69,0.579,1
GBE1,0.17871232000948756,0.4556227491622905,0.619,0.579,1
ABHD5,0.8732892794019212,0.4552193673503828,0.143,0.152,1
H2AFY,0.03961362284285432,0.45521936735038276,0.667,0.538,1
TIMM23,0.14097887434427797,0.4552193673503826,0.262,0.167,1
UBN1,0.34181851779784683,0.4552193673503826,0.238,0.18,1
JDP2,0.3514552257945463,0.4552193673503826,0.119,0.078,1
BDH2,0.3913684851883445,0.4552193673503826,0.119,0.08,1
TNIK,0.5021122551138215,0.4545503689424344,0.238,0.187,1
CREG1,0.41796843076978957,0.4544447659675388,0.214,0.169,1
UTP20,0.15496526570405933,0.4540873978604627,0.262,0.171,1
ZNF814,0.28510037404454186,0.4540873978604627,0.238,0.171,1
MAPKAP1,0.11168155659249154,0.45404213754953426,0.667,0.666,1
VHL,0.16543696697455162,0.45374798013371453,0.214,0.134,1
COMMD2,0.3705025395282511,0.453117844705095,0.143,0.098,1
ZFYVE21,0.3740202826706681,0.453117844705095,0.143,0.098,1
ZNF551,0.4126831779268796,0.453117844705095,0.143,0.102,1
WDR1,0.25633995798215287,0.45311784470509475,0.238,0.171,1
AC020916.1,0.14010330830859244,0.4525452330520574,0.214,0.131,1
MARCH6,0.09539439690276127,0.4522780920382604,0.643,0.6,1
TADA2A,0.23899912153386027,0.4522780920382603,0.262,0.186,1
TRAK1,0.11497210301193472,0.45177804609386196,0.548,0.451,1
WDR89,0.32382474854048754,0.4515437092069847,0.167,0.114,1
KBTBD2,0.23824086149797696,0.4515437092069845,0.286,0.206,1
XRRA1,0.3118948345767113,0.4515437092069843,0.214,0.154,1
VPS41,0.23581026746947123,0.4506968086596888,0.548,0.54,1
C2,0.28851257433119765,0.45069680865968875,0.19,0.131,1
JAK2,0.05768262069573055,0.4506412915626935,0.571,0.449,1
SPIN1,0.007061680966114262,0.4504583348437682,0.738,0.648,1
EFL1,0.2914825042724039,0.4503205679375435,0.262,0.199,1
TERF2IP,0.738523690945684,0.44997128938823105,0.19,0.167,1
CREBBP,0.006065852099852031,0.4490984627895899,0.833,0.675,1
ZNF431,0.022213973185826262,0.4490044975672369,0.452,0.276,1
DDX18,0.19608307318795393,0.4487930981909496,0.262,0.181,1
MAP7,0.7880048316929592,0.4486662734323178,0.381,0.49,1
AMD1,0.06095162230723109,0.44844083471932084,0.476,0.346,1
GNB1,0.044554379277691784,0.4481958325890063,0.738,0.607,1
HIPK2,0.04578453623475392,0.4481299425640636,0.405,0.257,1
GTF3C1,0.22610036772562295,0.4478773920092145,0.238,0.163,1
RIPK2,0.11971152926319831,0.44731416926503664,0.238,0.145,1
EIF4E2,0.12727846713774857,0.44731416926503664,0.262,0.164,1
SLX4IP,0.17074582408699074,0.4468315818576639,0.429,0.34,1
AC106799.2,0.03818674122126314,0.4468315818576638,0.143,0.061,1
PLS3,0.871223898059322,0.4468315818576636,0.143,0.133,1
FAM185A,0.3098180402390513,0.44604772145213234,0.167,0.113,1
PFKP,0.33744723068039767,0.44604772145213234,0.119,0.078,1
TMEM161B-AS1,0.09183190054758758,0.44572507915158405,0.405,0.3,1
AC091045.1,0.3749577661369317,0.44543834655779735,0.167,0.12,1
AP3M1,0.6672047761514046,0.44543834655779735,0.143,0.123,1
BUB3,0.1493104786068362,0.4449510318965557,0.214,0.131,1
DHX35,0.2966842968116958,0.4449510318965557,0.19,0.132,1
SPTAN1,0.07745963784355765,0.4448095842724522,0.429,0.29,1
MAST2,0.17268149435541336,0.44474223313493655,0.476,0.389,1
GGCX,0.4630839006174831,0.4442203684011259,0.19,0.152,1
NREP,0.2768059205018485,0.44407428009753347,0.333,0.252,1
BAG2,0.26011536689558745,0.4439394424843801,0.214,0.148,1
RHOT1,0.02465672438339497,0.4436986923727009,0.5,0.305,1
NDUFS4,0.03007639886424073,0.44330755910722,0.524,0.338,1
TM9SF4,0.15549154860144604,0.4431465350498076,0.31,0.216,1
REL,0.21256787332662036,0.4431465350498076,0.262,0.182,1
USP16,0.07777629227226436,0.4426559058864703,0.381,0.247,1
HIPK1,0.2180622140392136,0.4425611444794353,0.333,0.25,1
AP000829.1,0.3462735534070626,0.44239532699279915,0.286,0.223,1
LINC02109,0.5212834849974027,0.44218724744807636,0.5,0.504,1
DARS,0.5286161470239963,0.4416392790803342,0.452,0.444,1
TAPT1,0.046631583965888415,0.4405725913859815,0.405,0.251,1
YLPM1,0.0656931365273682,0.4405725913859815,0.548,0.461,1
CCNK,0.07601498519205964,0.4405725913859815,0.31,0.188,1
STT3A,0.15011142298287322,0.4405725913859815,0.214,0.131,1
TENT4A,0.1880866884764557,0.4405725913859815,0.31,0.221,1
MVP,0.21708209080652285,0.4405725913859815,0.19,0.123,1
ATP6V0A2,0.2369618888987829,0.4405725913859815,0.167,0.106,1
NUP188,0.29597913969757655,0.4405725913859815,0.19,0.132,1
MKRN3,0.3245534824112539,0.4405725913859815,0.19,0.136,1
DAPK3,0.40058590772400815,0.4405725913859815,0.143,0.1,1
CTDSP2,0.6240122713912998,0.4405725913859815,0.19,0.163,1
IL10RB,0.28020058315870666,0.44057259138598126,0.262,0.196,1
ZNF609,0.016245527707415518,0.4402083204483338,0.857,0.775,1
CALD1,0.7968602995401222,0.43991696990644624,0.548,0.693,1
HSPA4,0.023389099845630732,0.43858677546213776,0.429,0.253,1
SEC24D,0.1983536516629324,0.4381458539914413,0.643,0.603,1
ERGIC1,0.04950498825305932,0.43800323177384803,0.333,0.198,1
GCC2,0.20706165232567122,0.4379254437792809,0.405,0.342,1
DIDO1,0.13199683808009222,0.43775482673850186,0.476,0.364,1
FUCA2,0.053691000203303654,0.4372135792960665,0.262,0.144,1
FAM13B,0.1671745879176039,0.4369340143226332,0.667,0.581,1
CRTAP,0.08489380760248086,0.4366036891830358,0.238,0.136,1
ZNF717,0.12316202173988379,0.43620739882457915,0.214,0.125,1
SMG1,0.01714150059857962,0.4360375934171343,0.833,0.72,1
AC009264.1,0.7297596822522012,0.4359780173087311,0.119,0.143,1
NR6A1,0.2539106611023127,0.4358540424834517,0.381,0.3,1
TMEM168,0.3298286998769393,0.43561316731721955,0.476,0.43,1
PSMD6,0.5472698162536792,0.43511816129387304,0.143,0.113,1
DCAF13,0.8244800567710888,0.43511816129387304,0.119,0.108,1
PTBP2,0.05344510188380152,0.43475526479066723,0.714,0.643,1
CHMP4B,0.9242804823583621,0.4347552647906672,0.19,0.19,1
CSF1R,0.04092959932509081,0.43467681268260305,0.357,0.208,1
CNOT2,0.0382271679378332,0.43448526150706623,0.81,0.734,1
RMDN3,0.39141081883913376,0.4343406376744672,0.143,0.1,1
MOGS,0.4409323529742929,0.4343406376744672,0.143,0.104,1
TM2D3,0.45524662606889876,0.4343406376744672,0.143,0.105,1
PANK3,0.5585867172220365,0.43411034075628463,0.333,0.307,1
RC3H1,0.12199078503161978,0.4339638073103317,0.667,0.611,1
HSPA1A,0.32772318311319376,0.4333045909219422,0.119,0.076,1
DCBLD1,0.3994552940964923,0.4333045909219422,0.19,0.144,1
NCBP2,0.41224727917309806,0.4333045909219422,0.119,0.081,1
FCGRT,0.019115406032109074,0.4329894199669174,0.31,0.161,1
ADAMTS1,0.10932312870007466,0.43254166385980053,0.357,0.244,1
EML4,0.3765899723186462,0.4324574693599743,0.833,0.879,1
STX6,0.11340632627981474,0.4313980292054713,0.333,0.221,1
FARP2,0.5461089140293742,0.4313980292054713,0.262,0.231,1
IRAK4,0.2137303511058323,0.4312347268066452,0.262,0.18,1
NGLY1,0.36133553490639514,0.431234726806645,0.381,0.31,1
PDHA1,0.22878343410874316,0.4308900379886422,0.19,0.123,1
GAA,0.37141962569684095,0.4308900379886422,0.167,0.119,1
FBXW7,0.15685386137375337,0.43011823374881486,0.81,0.726,1
FIP1L1,0.033417356100668046,0.42947159815273117,0.69,0.518,1
C11orf49,0.9452270890668545,0.42856257371656403,0.286,0.294,1
ZNF808,0.9211144309740414,0.4281354881477588,0.095,0.101,1
KIAA0040,0.9320814841901626,0.427877518537614,0.238,0.232,1
INPPL1,0.19744205058507364,0.4275164385605348,0.214,0.138,1
SDCBP2-AS1,0.3597530991031518,0.4275164385605348,0.19,0.138,1
SLC20A2,0.028336741416368657,0.42738515915365727,0.476,0.314,1
SGK3,0.21742026453559538,0.42689765448890493,0.429,0.324,1
PARVA,0.26982464073536444,0.4266502151536119,0.452,0.379,1
PRDM2,0.0745145418007588,0.4264629919705455,0.524,0.388,1
PLCXD1,0.49303091897975976,0.42607302169086614,0.119,0.087,1
PRPF38A,0.5060252892959735,0.42607302169086614,0.119,0.088,1
CLCC1,0.5139157072351549,0.42607302169086614,0.119,0.088,1
POGK,0.5405087651464859,0.42607302169086614,0.119,0.09,1
RIF1,0.13540062787311277,0.4258154205758369,0.643,0.556,1
PIGN,0.19564682786024254,0.42572118775645845,0.5,0.413,1
MIR503HG,0.7073102247950763,0.42532376431703306,0.452,0.442,1
LTN1,0.14430283172554892,0.42504289309237686,0.429,0.317,1
DAAM1,0.23871858537331592,0.42491932707449587,0.524,0.442,1
CIRBP,0.15200879403910478,0.4247620765385194,0.357,0.26,1
SLC25A32,0.2875390862901841,0.4247620765385194,0.214,0.15,1
NOC3L,0.3435110607084964,0.4242707790568807,0.167,0.115,1
TYW1,0.05067692212119509,0.4237479687446226,0.5,0.349,1
GOLGA2,0.09612746293562212,0.42319051315774503,0.405,0.279,1
ERI3,0.3156494677290066,0.4231905131577449,0.333,0.255,1
NCOA1,0.00815065554319793,0.42281495802328317,0.833,0.684,1
ELF2,0.06609904285443657,0.4226506833887189,0.69,0.653,1
TTC7A,0.22311454177529436,0.4222814425284922,0.31,0.229,1
PKIG,0.2983027983092091,0.4222814425284922,0.262,0.194,1
SCARA3,0.575057106646287,0.4219569132186347,0.119,0.093,1
SCAF8,0.9107185837185285,0.42164077537560557,0.667,0.702,1
CR1,0.22766471732227192,0.42127203542704494,0.119,0.069,1
NOL9,0.4200533977322385,0.42127203542704494,0.167,0.124,1
DPP9,0.47889113723678567,0.42127203542704494,0.167,0.129,1
CHD6,0.107621049121921,0.42110676879751685,0.69,0.557,1
MCTP2,0.12350253755469204,0.42077364881694246,0.714,0.678,1
WNK1,0.013895027640962777,0.42075115047323763,0.786,0.739,1
WDR36,0.260730572963109,0.4203137524021814,0.262,0.187,1
GNA13,0.04387632419335163,0.41962022045281466,0.429,0.266,1
ROCK1,0.051120767038465055,0.4191808305034611,0.69,0.644,1
FADS1,0.09525717333773276,0.41887752028666236,0.214,0.122,1
LOXL1,0.24260352130767338,0.41887752028666236,0.167,0.107,1
FXYD5,0.38550454200313505,0.41887752028666236,0.143,0.099,1
METTL2B,0.40440761568546996,0.41887752028666236,0.19,0.143,1
CBWD1,0.1792667094503984,0.41887752028666214,0.333,0.238,1
STAG2,0.29428665773531876,0.4182795119709957,0.643,0.642,1
GOLGA3,0.10325268511677525,0.4177446619317198,0.357,0.236,1
MBTD1,0.309704788439174,0.41737601620571013,0.476,0.428,1
HSPH1,0.11365698127694387,0.4172221041086006,0.238,0.146,1
BTG2,0.12017171454057123,0.4172221041086006,0.214,0.125,1
BACH2,0.10497792763364669,0.41692132332133625,0.167,0.09,1
CTSC,0.017355703298131898,0.41675613238500286,0.643,0.451,1
CHD3,0.3893079553192847,0.416486972861668,0.167,0.121,1
C19orf25,0.4229613285581579,0.41580468623703926,0.143,0.102,1
BTAF1,0.14949955159328987,0.41553186190928043,0.643,0.486,1
SLC25A24,0.10564352628821709,0.4154816104231509,0.333,0.219,1
IRS1,0.4954642265985185,0.415169743789665,0.262,0.221,1
ATP5F1C,0.2553373041130931,0.41496777523558115,0.333,0.262,1
WDFY2,0.3775838463124947,0.414728048096857,0.5,0.451,1
ANKRD13D,0.21779427073864133,0.4145773828530368,0.214,0.141,1
BIRC2,0.3105249193581325,0.4145773828530368,0.262,0.195,1
NINL,0.23475950122285474,0.4139169593849288,0.238,0.165,1
ZSCAN5A,0.6603345329979271,0.4139169593849288,0.19,0.168,1
RMND5B,0.3371939920175815,0.4135043481878107,0.167,0.115,1
SLC2A9,0.09382318929838643,0.4130168688654199,0.31,0.195,1
ANGPT1,0.7971816407118649,0.4130168688654199,0.143,0.13,1
ROBO1,0.9828033006825654,0.4129339100637014,0.429,0.489,1
TMEM135,0.099165192406822,0.41255821521638497,0.571,0.476,1
PVT1,0.17701564669373918,0.4120936753063833,0.333,0.237,1
PUM3,0.2597291567118542,0.4117177287137964,0.452,0.386,1
NDUFA2,0.43857472015390786,0.4117177287137963,0.119,0.083,1
RSBN1L,0.21226520150141062,0.41125702456142565,0.429,0.326,1
ZNF714,0.026777429705749787,0.4109661293006579,0.381,0.215,1
CAPN7,0.10469812157067887,0.41069779580395055,0.595,0.464,1
DIPK2A,0.19198680198642903,0.4106678086900994,0.381,0.288,1
POLR1D,0.2167728581762859,0.4106193692843534,0.238,0.161,1
DIS3,0.19555922384322766,0.41029002444993834,0.214,0.138,1
DNAJC1,0.14148270973241664,0.4091856745417307,0.619,0.488,1
ANKRD11,0.004744773808491566,0.4089557080088634,0.881,0.758,1
LARP1,0.027344788874755888,0.4089332742120243,0.619,0.427,1
AVL9,0.06269047296420167,0.4086767814133526,0.643,0.581,1
PPP2R5C,0.2210737476075003,0.4086158246143201,0.524,0.454,1
RAD51B,0.07152199068578141,0.40836922466852843,0.786,0.827,1
NOL11,0.3353931725059882,0.408151113693604,0.167,0.115,1
SAFB2,0.20597002931054728,0.4081511136936036,0.238,0.16,1
BBS9,0.06877826237659122,0.40794949325572566,0.595,0.444,1
RUFY2,0.06569097835585459,0.4076423162836791,0.405,0.257,1
SMU1,0.12373687677692916,0.4073292993501689,0.286,0.182,1
SWT1,0.12857928081545125,0.40696419874316137,0.31,0.204,1
AL049828.1,1,0.40696419874316137,0.167,0.173,1
TET3,0.20786119594942612,0.40675787839373767,0.429,0.354,1
TRAPPC12,0.042953032194591845,0.4060153693496127,0.405,0.247,1
VAV3,0.6366461616025056,0.4059066262244475,0.595,0.686,1
GSTA4,0.15203691988912907,0.4053831629236816,0.405,0.287,1
RAD54L2,0.33949883538474535,0.40523951827370097,0.333,0.271,1
MTDH,0.009277591439326537,0.40523951827370075,0.5,0.279,1
STYXL1,0.25673663491284293,0.40523951827370075,0.214,0.147,1
CTR9,0.2870182264050077,0.40523951827370075,0.214,0.15,1
FAAP20,0.43770426439997556,0.4045932942804149,0.119,0.083,1
DCTN6,0.46176625489468714,0.4045932942804149,0.119,0.085,1
HDDC2,0.4860886738416633,0.4045932942804149,0.119,0.086,1
FAM200B,0.5176235203741578,0.4045932942804149,0.119,0.088,1
ROBO2,0.05788837581757685,0.40436405855404256,0.214,0.114,1
ZNF626,0.36543364210416757,0.40404671536086756,0.357,0.283,1
EFCAB2,0.20181018311361645,0.4039473596195734,0.405,0.312,1
LYSMD3,0.4399854877769203,0.40357838390377987,0.143,0.103,1
FRMD4A,0.4798814598356394,0.4030795094422617,0.5,0.473,1
UBXN4,0.06900807371786279,0.403014853159187,0.714,0.572,1
ATP2A2,0.12492338012870594,0.40298940857782517,0.452,0.334,1
EIF2B1,0.3046279108613698,0.4028176693905636,0.167,0.112,1
HFM1,0.5580303230192678,0.4028176693905636,0.119,0.091,1
A2ML1-AS1,0.8710809644544192,0.4028176693905636,0.119,0.111,1
KLHL24,0.1276503066376752,0.4028176693905632,0.357,0.248,1
LCP1,0.03677237037941618,0.4022262797364984,0.286,0.153,1
MAU2,0.06982953372206577,0.4022262797364984,0.357,0.223,1
RNF170,0.12256403816628077,0.4022262797364984,0.333,0.223,1
CMTM4,0.4319139524247333,0.4022262797364984,0.214,0.171,1
PWP1,0.7165759019025933,0.40222627973649816,0.143,0.125,1
ETF1,0.0386468108268824,0.4020573557809294,0.5,0.322,1
RALBP1,0.11930936559031642,0.40190009953142636,0.381,0.258,1
EZH1,0.3170549319853352,0.40175334249545314,0.19,0.134,1
TWF1,0.8556682148273421,0.40175334249545314,0.143,0.132,1
UBE2N,0.15283707813811298,0.4013665091264944,0.381,0.275,1
NDUFV1,0.16326486360615208,0.4013665091264942,0.238,0.152,1
ZNF69,0.3009573823895334,0.40104422719934396,0.214,0.153,1
PCOLCE2,0.5979068400982566,0.40090244595596036,0.238,0.211,1
COL6A2,0.3806485369574411,0.3996423273310996,0.405,0.384,1
EXOC6,0.22815852870238326,0.3996270413870655,0.452,0.389,1
SEC22B,0.1400048280782845,0.3993499286594685,0.381,0.272,1
CAND1,0.31977443804238725,0.3990762893128491,0.381,0.314,1
SNRK,0.030923073067389905,0.3988733001055932,0.452,0.289,1
TBC1D12,0.7515101014831502,0.39846856029626465,0.476,0.438,1
UBE2E1,0.04270425020055023,0.3982755705239363,0.667,0.514,1
SCMH1,0.08423923147218101,0.3979602019479678,0.667,0.628,1
SH2B1,0.42011025461369367,0.3975038694940958,0.143,0.102,1
CUL2,0.2302670884908189,0.39750386949409555,0.357,0.272,1
DMTF1,0.06628642568443552,0.3975038694940955,0.667,0.533,1
RASSF3,0.1262578535334778,0.39750386949409544,0.405,0.304,1
MEF2C-AS1,0.05794719888757178,0.39750386949409533,0.143,0.065,1
RPRD2,0.13928509853114568,0.39750386949409533,0.452,0.342,1
SSR3,0.20050327327744294,0.39750386949409533,0.262,0.176,1
AL117336.2,0.35900856547581034,0.39750386949409533,0.167,0.117,1
NMRK1,0.3695381720338314,0.39750386949409533,0.286,0.218,1
ACTR6,0.560344584520873,0.39750386949409533,0.167,0.133,1
LINC01355,0.5923394463612501,0.39750386949409533,0.119,0.093,1
POLG,0.6587353025656193,0.39750386949409533,0.119,0.097,1
ODF2,0.7834786355941168,0.39750386949409533,0.143,0.131,1
GPBP1L1,0.01369126702356861,0.39658172498146715,0.714,0.49,1
DNAJB14,0.10374202818261494,0.3965174113080458,0.571,0.454,1
PXK,0.03510861839653778,0.39566016951040706,0.381,0.23,1
MTMR3,0.0779137970932069,0.39531076792017916,0.667,0.565,1
SURF4,0.18371121350625558,0.3952723221955128,0.333,0.238,1
CEP95,0.09542627742591604,0.3950100140055377,0.333,0.213,1
PHF10,0.24185885499441456,0.39447617679652724,0.262,0.186,1
CLOCK,0.04925444988674092,0.3942435403305088,0.548,0.384,1
SLF1,0.2422341848067844,0.39397217852384214,0.214,0.144,1
R3HDM1,0.21032817528003947,0.39372024539810124,0.571,0.492,1
OLA1,0.23435052245481341,0.39344075464341627,0.619,0.607,1
MTSS2,0.15704616369260196,0.3932668766076248,0.19,0.114,1
PIGK,0.43423523762015603,0.3932668766076248,0.167,0.125,1
PTPRF,0.16674254795018048,0.3929968522675239,0.214,0.313,1
LPCAT3,0.19769040549393457,0.39279686681656756,0.31,0.219,1
INPP5F,0.23382120287666708,0.39279686681656756,0.286,0.208,1
ZC3H7B,0.4995103361350544,0.39279686681656756,0.167,0.13,1
UBE2Z,0.2333147438895515,0.3925204619798397,0.31,0.224,1
FST,0.11808944402355898,0.39220956982458244,0.143,0.074,1
LYN,0.02311112844865279,0.3917090106195763,0.69,0.572,1
ODR4,0.2037494154792749,0.3914548248212907,0.357,0.268,1
ZNF506,0.1336407241922707,0.39145482482129035,0.381,0.264,1
FEM1C,0.4658565813010649,0.39145482482129035,0.143,0.105,1
TOM1,0.2300804007061054,0.3914548248212901,0.262,0.184,1
ZCCHC17,0.5733587208170003,0.3914548248212901,0.214,0.182,1
PYGL,0.021421230555151403,0.3912772951292078,0.381,0.218,1
ALOX5,0.46969761134235927,0.3909905625354213,0.167,0.125,1
ENTPD1-AS1,0.6974343498403578,0.39091835738333813,0.405,0.423,1
TXNDC11,0.047658168607802025,0.39081955618888187,0.381,0.231,1
ACAA2,0.42325544601126647,0.390449111960145,0.119,0.082,1
TGDS,0.5274189825051308,0.390449111960145,0.119,0.089,1
WASHC4,0.09165340244653132,0.3901140300771177,0.667,0.598,1
ANKRD50,0.2974240930101975,0.3899465183160131,0.286,0.214,1
CAT,0.33564251387599026,0.38904229074589947,0.238,0.179,1
PDCD11,0.5526853549035766,0.38904229074589924,0.167,0.136,1
AC015871.1,0.5542235450494276,0.38904229074589924,0.167,0.133,1
FAM210A,0.5839041726046692,0.38904229074589924,0.167,0.138,1
LINC00486,0.1007234743061156,0.3888259784220983,0.595,0.45,1
NFE2L2,0.5904691281452605,0.3884397870658588,0.429,0.419,1
AL589935.1,0.3020212832672021,0.3884397870658587,0.19,0.135,1
ENTPD4,0.2662720894736736,0.38843978706585847,0.262,0.188,1
KDM3B,0.07953797040260638,0.38810517149184587,0.452,0.309,1
HDAC1,0.6481031468071575,0.38810517149184554,0.143,0.121,1
WBP11,0.22513015094004296,0.3877449030317668,0.238,0.161,1
SEMA5A,0.04861076768912468,0.3876368400347583,0.31,0.189,1
DDX1,0.19094047770258438,0.38743617308389733,0.357,0.258,1
CNN3,0.7825335467375208,0.3873559141180126,0.286,0.253,1
BAZ1A,0.2909216650940973,0.387297798343633,0.357,0.293,1
RHOC,0.4224039054431861,0.3869346277839081,0.143,0.102,1
ZNF337,0.5666807671238177,0.3869346277839081,0.143,0.114,1
ARMH3,0.2857587070587457,0.38671058942009284,0.548,0.505,1
ZXDC,0.12473722254933793,0.3864768473450714,0.405,0.279,1
TMX3,0.16163391805145683,0.3863804910223847,0.357,0.25,1
PPA2,0.3720579182169063,0.3862900399226131,0.524,0.485,1
ARPP19,0.10177373426886428,0.38623275715907535,0.31,0.195,1
CKAP2,0.9734283803576045,0.3859776161130677,0.119,0.125,1
EI24,0.3875370540130478,0.3854310371935208,0.143,0.099,1
QPRT,0.7627340269538572,0.38543103719352034,0.19,0.176,1
RCC2,0.11811074241616101,0.3850774787942779,0.31,0.203,1
PON2,0.10198768404863041,0.38464717678798943,0.381,0.253,1
ATP9B,0.06858925125521803,0.38461618541196596,0.667,0.585,1
DDX52,0.47634541395238095,0.3845065289652223,0.214,0.171,1
WTAP,0.15296359131552606,0.38430437173923604,0.476,0.366,1
HSPB11,0.3411180562635,0.3843043717392358,0.262,0.201,1
EGLN1,0.21387823601822034,0.3841660699569427,0.31,0.22,1
B4GALT5,0.23620352512487441,0.3841660699569427,0.452,0.367,1
ZNF106,0.029762114060144448,0.3838805856301205,0.5,0.314,1
PRKN,0.30680424489644975,0.38380729471385633,0.333,0.268,1
CHML,0.29990036753961397,0.38342868428237264,0.238,0.173,1
PHTF1,0.4780041965380344,0.3834286842823724,0.19,0.149,1
DNAJC5,0.9874976768593333,0.3834286842823724,0.262,0.272,1
POLI,0.740289280938315,0.3827285168136969,0.262,0.249,1
BTF3L4,0.3643915431084644,0.38242854903199697,0.238,0.182,1
SBNO1,0.07649304200034066,0.38187321778033134,0.452,0.308,1
TRPM7,0.24141874348975428,0.3815509527920967,0.738,0.711,1
PHACTR4,0.13081576750081164,0.38153712108902915,0.524,0.388,1
BPTF,0.2945578982408183,0.38112353307608393,0.833,0.724,1
SMG5,0.343434560234362,0.38063005092969915,0.19,0.136,1
FARS2,0.36294970536049986,0.38053364309506243,0.643,0.705,1
LNPK,0.37021883773076497,0.38013673752400723,0.262,0.202,1
LGALS3,0.47463479114226975,0.3797473986899378,0.238,0.198,1
THEM4,0.4182473376740182,0.37943229657207755,0.143,0.102,1
LSM6,0.7283175535339921,0.37943229657207755,0.119,0.102,1
PSMD14,0.640302838699008,0.37943229657207733,0.429,0.419,1
BRD8,0.2531044325874498,0.3783442912106403,0.214,0.146,1
PACS2,0.3343581472163174,0.3783442912106403,0.214,0.156,1
CDC42SE2,0.1357672555578594,0.3782615417746783,0.5,0.412,1
TARBP1,0.1513347382964168,0.37823553578931646,0.5,0.385,1
RAB1A,0.11329884110827453,0.3781255386453036,0.738,0.728,1
RTRAF,0.1106213512551105,0.3780515068279229,0.262,0.161,1
ZBTB20,0.36942593968682946,0.37774963515305215,0.476,0.508,1
PPIL4,0.23925632629501775,0.3776726975725264,0.31,0.229,1
THOC1,0.1303986233332504,0.3773516110974694,0.381,0.266,1
ATP6V0B,0.2416934098009222,0.37644225396626574,0.167,0.105,1
AC022217.3,0.27835120184433515,0.37644225396626574,0.143,0.091,1
C18orf54,0.4974712679117886,0.37644225396626574,0.143,0.108,1
HEATR6,0.5194817710347703,0.37644225396626574,0.119,0.088,1
OCRL,0.553632602914663,0.37644225396626574,0.143,0.113,1
UBP1,0.08974473641265537,0.3764422539662655,0.333,0.209,1
MAGT1,0.225388417665108,0.3764422539662655,0.262,0.185,1
PTBP1,0.2387220624617661,0.3764422539662655,0.286,0.208,1
ANAPC4,0.148375559378909,0.3755334696584901,0.357,0.251,1
FAM3C,0.6865549200984284,0.37534221956993674,0.262,0.229,1
CSNK1E,0.08822418526213109,0.37412094205614443,0.357,0.23,1
GOLM1,0.4304949614948179,0.3741209420561442,0.167,0.123,1
TBC1D22A,0.4830728639493023,0.374062223114323,0.619,0.69,1
PRKD3,0.07353729689184314,0.37398451054241216,0.476,0.315,1
SEL1L,0.06456611443511953,0.37371761662973013,0.429,0.282,1
MKNK2,0.08116709099820645,0.3729616852313038,0.262,0.151,1
TMA16,0.23536507803962695,0.3729616852313038,0.238,0.164,1
PDCD6,0.9120233027492316,0.37275720715840976,0.214,0.226,1
CDS1,0.9196294485300684,0.3726456858781868,0.238,0.234,1
GGNBP2,0.19623358416991624,0.37226657799507257,0.405,0.299,1
GUF1,0.17665333965937166,0.37226657799507246,0.214,0.135,1
SLC4A2,0.3513378675321566,0.37226657799507246,0.19,0.137,1
GPT2,0.39601274063710157,0.37226657799507246,0.167,0.121,1
OSBPL11,0.06491998362326791,0.37190404625779905,0.405,0.255,1
BRI3,0.0385861804749389,0.37059968579243463,0.405,0.243,1
ELOVL6,0.5878489720062847,0.369489493324499,0.167,0.136,1
PIP4K2A,0.0859732949969893,0.36948949332449893,0.571,0.517,1
GNS,0.17562617507784511,0.36948949332449876,0.31,0.214,1
LBH,0.40806104168145707,0.36948949332449876,0.119,0.081,1
ZFP2,0.5442829168673586,0.36948949332449876,0.119,0.09,1
PTPA,0.5740273561029282,0.36948949332449876,0.119,0.091,1
POLR2J3,0.46632838295842133,0.36920641767542256,0.571,0.552,1
AC013287.1,0.6923399989920456,0.36810295305353624,0.167,0.148,1
CPED1,0.07102174768032694,0.3678584077455707,0.31,0.188,1
SELENOT,0.0818789707586587,0.36785840774557066,0.333,0.207,1
NUP214,0.09068395099083625,0.3677006585746858,0.476,0.357,1
GOLGA7,0.4238480599335405,0.3675091291962582,0.143,0.102,1
POLR2E,0.46110615842022473,0.3675091291962582,0.143,0.104,1
ZKSCAN8,0.7532021246916538,0.3675091291962582,0.119,0.104,1
WDR20,0.07162400586849449,0.367509129196258,0.548,0.387,1
GARS,0.2969741498092274,0.3675091291962578,0.238,0.172,1
UBA5,0.18463664291807924,0.36717933263729763,0.31,0.212,1
AKAP13,0.34024320586088613,0.36671774407444535,0.881,0.902,1
RABGAP1,0.02989679567458053,0.3662291641609119,0.857,0.771,1
AEBP1,0.13140066694521318,0.36602563802092725,0.167,0.092,1
ADI1,0.29454020022570143,0.36602563802092725,0.214,0.153,1
JMJD1C,0.10515806509302209,0.3653189906117702,0.929,0.932,1
BCAP29,0.0567280815153879,0.3650823918017181,0.405,0.26,1
PHF21A,0.06062694017383851,0.3650215583788047,0.643,0.543,1
MRPL33,0.17232266331582913,0.36487286525412843,0.19,0.116,1
MIER1,0.1494996534435743,0.3639513097830687,0.524,0.423,1
VAMP3,0.16219636679032223,0.36395130978306867,0.214,0.132,1
IPPK,0.21036783134404835,0.36395130978306867,0.214,0.139,1
MEAK7,0.3710173343747373,0.36395130978306867,0.19,0.138,1
GPAT4,0.4652233606815122,0.36395130978306867,0.19,0.148,1
FAM117B,0.048511310824294385,0.36343319340440305,0.405,0.261,1
SAP30BP,0.5171577241336374,0.36319774745677513,0.19,0.154,1
DDX50,0.2477221536038453,0.3629761863658243,0.31,0.225,1
LTBP4,0.33458149236570006,0.3625700793847084,0.119,0.076,1
TWIST1,0.9399228279096998,0.36229399192029454,0.19,0.194,1
ZNF43,0.17971262514103056,0.36187995976337395,0.333,0.237,1
ZFYVE1,0.40975744724337126,0.3615842952391528,0.143,0.1,1
AC021231.1,0.3892263481264675,0.36119017010601184,0.214,0.162,1
ANKRD27,0.1251231678090693,0.3605412574487705,0.333,0.221,1
BRD9,0.34467527941449067,0.36027096329512,0.19,0.135,1
SINHCAF,0.12501001569464532,0.3600291640754325,0.31,0.205,1
NMT1,0.18396064888620478,0.35961474538938343,0.357,0.264,1
NSUN3,0.40712005429697384,0.3594358286605761,0.19,0.144,1
JAM3,0.001270478173054395,0.359435828660576,0.452,0.226,1
DAP,0.21864171596075774,0.3589850568897198,0.381,0.3,1
TMEM165,0.10035694545580218,0.3589588258323294,0.667,0.609,1
RNF168,0.3658300591308939,0.35885794159461226,0.214,0.162,1
ZNF235,0.2622352259758091,0.35885794159461204,0.238,0.168,1
USP40,0.20189568227805846,0.35843430481550326,0.452,0.341,1
SLC16A10,0.2661569241344667,0.35840404980515483,0.381,0.307,1
PPP4R2,0.41995683142788687,0.3578935921752349,0.619,0.59,1
GOLGA5,0.12743112714221413,0.35785479284109556,0.357,0.242,1
NUP205,0.05654844418277847,0.3577461602563605,0.405,0.248,1
CSTF3,0.36451308261190135,0.3575168516584228,0.524,0.474,1
FANCC,0.500462280272452,0.3571057688686664,0.333,0.28,1
ASH1L,0.05942436739880953,0.355991337481387,0.833,0.869,1
NFU1,0.11911427714799297,0.3556836937994685,0.262,0.161,1
CHTOP,0.15654302057318611,0.3556836937994685,0.262,0.169,1
PPP1R3B,0.4097579542066502,0.3556836937994685,0.143,0.1,1
CTSO,0.5143377493991683,0.3556836937994685,0.119,0.088,1
MTERF3,0.6808610980692835,0.3556836937994685,0.119,0.098,1
MIATNB,0.9276587891113682,0.3556836937994685,0.095,0.102,1
WDR26,0.19764383729636986,0.3556836937994684,0.643,0.597,1
HMGCS1,0.047232296790538225,0.3556836937994683,0.286,0.161,1
GPATCH8,0.14286106182407027,0.3556836937994683,0.762,0.743,1
TAF7,0.21706514397448257,0.35568369379946807,0.19,0.121,1
IKZF5,0.6483297100618803,0.35568369379946807,0.143,0.119,1
TXNRD1,0.012416194586920521,0.35333019402649635,0.524,0.32,1
PHF12,0.2493697958377681,0.35293831706065104,0.286,0.205,1
PCSK7,0.2568979327546031,0.3527424184873458,0.262,0.187,1
PSMD7,0.3454694040734867,0.3525164147207853,0.238,0.179,1
TMEM259,0.27177676948260143,0.3522527883991948,0.238,0.169,1
ZNF562,0.4114334118914758,0.3522527883991948,0.214,0.165,1
ZBTB7A,0.08959244884379136,0.35210380352366755,0.405,0.274,1
LSM7,0.06877353324427798,0.3517633244281255,0.405,0.262,1
IGDCC3,0.8118681247637597,0.3515675853272362,0.143,0.131,1
MMADHC,0.4539103684307339,0.3511109640096439,0.167,0.125,1
KDM5A,0.06335454249903197,0.3506451728194396,0.667,0.526,1
NCK1,0.05689771924912662,0.3505403905235087,0.5,0.339,1
GPX8,0.4082180331575885,0.3505403905235087,0.143,0.101,1
MRS2,0.5866187203110648,0.3505403905235087,0.143,0.114,1
TIMM17A,0.7436928353090952,0.3505403905235087,0.143,0.126,1
CHURC1,0.21127733411344615,0.3505403905235085,0.286,0.201,1
ATP6V0E1,0.11224019943267144,0.3501981547157387,0.31,0.197,1
DNTTIP2,0.39956616172488507,0.3498071274627992,0.143,0.1,1
TVP23B,0.4418935721162046,0.3498071274627992,0.143,0.103,1
CHKB,0.8366852818822577,0.3498071274627992,0.119,0.11,1
MTCL1,0.7401483187104703,0.34935607382745704,0.119,0.137,1
MAX,0.5149211750890716,0.34918993171396817,0.286,0.239,1
ZNRF2,0.49968159271950113,0.3491408479326965,0.429,0.405,1
FAM172A,0.041687123787534995,0.3490372321003621,0.786,0.726,1
AVEN,0.18226954736572584,0.3488300227584058,0.333,0.236,1
WDR76,0.25596497398241386,0.3488300227584058,0.119,0.07,1
MRPL57,0.4291755668511326,0.3488300227584058,0.119,0.082,1
TRAF6,0.5962208052858453,0.3488300227584058,0.119,0.093,1
CLNS1A,0.17284240915151014,0.3488300227584056,0.333,0.233,1
ATP11A,0.10095097566582366,0.34811047409466755,0.452,0.309,1
MACF1,0.32559426218323984,0.34797559866420524,0.952,0.917,1
G3BP1,0.24309894387375802,0.34797559866420513,0.429,0.346,1
EVI5,0.02861600047151264,0.3476847480854508,0.929,0.91,1
TTC3,0.06748648091288906,0.3472959083067495,0.786,0.765,1
TSHZ2,0.775670469781601,0.3471216802960442,0.119,0.138,1
MORF4L2,0.3655992524339759,0.347081975460801,0.476,0.457,1
PPP3CA,0.009598324781887593,0.3470188326723409,0.881,0.814,1
FAM111A,0.21730910823881444,0.3465526820473399,0.19,0.121,1
EIF4ENIF1,0.3466322295224767,0.3465526820473399,0.19,0.135,1
ARHGEF9,0.41841397100723926,0.3465526820473399,0.167,0.122,1
IPO5,0.0879648075229591,0.346202640788583,0.286,0.172,1
PPIG,0.14592489896838262,0.3456649379744774,0.548,0.45,1
SPTY2D1,0.8272005532682802,0.34541535834564163,0.119,0.108,1
CBL,0.16523926162533842,0.3454153583456412,0.31,0.213,1
PPFIBP1,0.34465171839004843,0.3450364495999598,0.524,0.535,1
SNX3,0.1349549372124628,0.3448136085805506,0.452,0.329,1
EFR3A,0.38992021196471843,0.3446668784114007,0.5,0.45,1
TTLL5,0.43317233671480126,0.3446668784114007,0.476,0.431,1
IGFBP4,0.09538134736111015,0.34448548719460437,0.19,0.104,1
POC1B,0.3530296827942481,0.34448548719460437,0.19,0.138,1
STOM,0.057892958207509344,0.3439544012173614,0.381,0.236,1
HPGD,0.04247322876984896,0.3439544012173613,0.048,0.174,1
AC073475.1,0.21102136271995198,0.3439544012173612,0.119,0.067,1
ZNF282,0.5226871343889677,0.3439544012173612,0.071,0.103,1
SNHG16,0.7774262790256763,0.3439544012173612,0.119,0.105,1
TMEM117,0.9236243370804008,0.34380070228354653,0.548,0.663,1
ZNF430,0.26311311252837866,0.3433704323606168,0.214,0.146,1
YIPF4,0.457479940699362,0.34294770587200685,0.405,0.343,1
ATL2,0.21720896005154364,0.34200875690239174,0.381,0.285,1
ZYX,0.4207611985261458,0.34200875690239174,0.119,0.081,1
PRRC2A,0.4706241061437089,0.34200875690239174,0.167,0.127,1
SDF2,0.6010841672640117,0.34200875690239174,0.119,0.093,1
ERLIN2,0.6465725587557336,0.34200875690239174,0.119,0.096,1
USP4,0.24650353985983464,0.34120837128358894,0.31,0.229,1
LRRC40,0.4548438492829642,0.34103691783506696,0.238,0.189,1
POLD3,0.19463343959993326,0.34077198439554035,0.238,0.154,1
ARRDC3-AS1,0.9869474401669404,0.34057680140926005,0.19,0.199,1
UPF3A,0.10457723105570248,0.3403084679125523,0.429,0.299,1
KIAA0355,0.07337812533456538,0.3399831091348031,0.667,0.51,1
RELL1,0.3832104130424649,0.3397421499304465,0.262,0.205,1
LINC00174,0.5168784199994851,0.3397421499304465,0.262,0.222,1
DOCK5,0.6909103252617154,0.3393583319434832,0.476,0.619,1
IFT88,0.4147219866494494,0.33928925554879963,0.286,0.228,1
UBTD2,0.3432381436626649,0.33891881132006296,0.31,0.249,1
SLC9A1,0.09832821593317352,0.3388098752350721,0.333,0.212,1
PRKAA1,0.19593644380115896,0.3381253224151637,0.286,0.195,1
SEC61G,0.3666122607402597,0.3381253224151637,0.143,0.097,1
ZNF862,0.8510129390703784,0.3381253224151637,0.119,0.11,1
FAM192A,0.06432488069679329,0.3377617858022057,0.357,0.217,1
INTS3,0.35346503674221286,0.33747909842187784,0.19,0.136,1
MTMR14,0.5885186122965431,0.33747909842187784,0.167,0.137,1
KLHL22,0.06061248018496708,0.337252988392281,0.405,0.255,1
VMP1,0.1390877027504008,0.33701361639224814,0.667,0.591,1
MEIS1,0.47462322221292136,0.33682466654815235,0.476,0.453,1
VPS37B,0.4527734442251399,0.3367834884561889,0.238,0.187,1
RBBP4,0.5270347579352359,0.3360326062180955,0.333,0.306,1
CDK13,0.17144386959663946,0.3359204389780386,0.833,0.752,1
PSME4,0.475957698898768,0.33585472003754707,0.619,0.609,1
SMG7,0.13875568164787336,0.3358354696016731,0.476,0.375,1
ASCC2,0.21438740433459139,0.33521959123975265,0.286,0.199,1
ZFP91,0.22433589411416882,0.33521959123975265,0.357,0.258,1
TMEM127,0.5579721836534596,0.33521959123975265,0.119,0.09,1
PIP4K2B,0.6062243155523603,0.33521959123975265,0.119,0.094,1
IAH1,0.6172287858230591,0.33521959123975265,0.119,0.094,1
SUPT6H,0.6908099220606334,0.33521959123975265,0.238,0.219,1
EIF5,0.6282267230543015,0.3344070341690536,0.31,0.28,1
SCFD1,0.11758606365458535,0.33415053224982716,0.786,0.712,1
HUWE1,0.20796053704568457,0.33398862270014945,0.643,0.657,1
DHRS7B,0.24574993444784723,0.3338655835937774,0.262,0.187,1
LANCL1,0.306960562348651,0.33337353207438003,0.214,0.152,1
KIF13A,0.39616548012792985,0.3333158807710138,0.571,0.579,1
FAP,0.8300486458622038,0.3331890560123818,0.167,0.152,1
PGD,0.7480147510041807,0.33296361729938484,0.143,0.127,1
ANP32A,0.05788311454895222,0.332571633859699,0.429,0.27,1
RASGRF2,0.33466455471473516,0.332571633859699,0.119,0.078,1
UVSSA,0.8569796130109489,0.33231970073395845,0.119,0.111,1
UTP23,0.9553868232037045,0.33231970073395845,0.095,0.1,1
SQLE,0.28219071802235696,0.332319700733958,0.286,0.212,1
TRA2B,0.25543568200349137,0.3323197007339579,0.643,0.633,1
PPP2R1A,0.10595728330598186,0.33183695184510054,0.262,0.157,1
SNRPA1,0.3270157837960463,0.33183695184510054,0.238,0.175,1
L3MBTL3,0.4319542553586815,0.33183695184510054,0.19,0.146,1
PKD2,0.20843031109738513,0.33094810021148313,0.476,0.383,1
UBA3,0.151548008037896,0.3308090251604391,0.405,0.289,1
CLEC2D,0.035164647793642284,0.3303896736355585,0.429,0.255,1
AXIN2,0.3609520832670694,0.33014860169233096,0.167,0.116,1
TRNT1,0.7159285880730544,0.33014860169233096,0.143,0.124,1
SLC49A4,0.9363319507499528,0.33014860169233073,0.381,0.365,1
SYDE2,0.2665700765959714,0.32968848526652383,0.214,0.146,1
TASP1,0.831413307011061,0.3293613806191891,0.429,0.444,1
GLYR1,0.06092776456233983,0.32913653918790886,0.405,0.255,1
OSBPL9,0.003994549963442719,0.3288036105466071,0.833,0.655,1
FUBP1,0.1327352815480873,0.3287686924136347,0.571,0.483,1
UBTF,0.26262089005930145,0.328462225064444,0.19,0.126,1
NTPCR,0.5930200554456235,0.328462225064444,0.119,0.093,1
JADE1,0.6253304402796024,0.328462225064444,0.095,0.123,1
LRCH3,0.15427496670508373,0.3282029573773613,0.619,0.543,1
GSK3B,0.11878543072492262,0.3273619809379906,0.857,0.874,1
SLMAP,0.10432426705869276,0.32719079196823886,0.667,0.551,1
EIF4E,0.4168808127187698,0.32711454160269726,0.31,0.252,1
C1orf43,0.4556463424511576,0.32711454160269726,0.19,0.147,1
AKAP8,0.5037943839511515,0.32711454160269726,0.19,0.151,1
TACC3,0.5743562596362826,0.32653734813995205,0.119,0.092,1
RTF1,0.13808195147842353,0.32653734813995183,0.381,0.269,1
KMT5B,0.07533182539646438,0.3265373481399517,0.476,0.325,1
GCNT2,0.2734986784154061,0.32638938700543035,0.333,0.264,1
PAN3,0.05974677771936206,0.3260903851179775,0.905,0.869,1
MARK1,0.8665835401479536,0.3260128271231255,0.119,0.132,1
AP1G1,0.6759980101783918,0.32562645994328854,0.452,0.452,1
ZC3H4,0.4494157520088917,0.3250953739660454,0.167,0.124,1
CYB5R4,0.2746934835096338,0.32450203855118853,0.286,0.213,1
LINC00535,0.06413919884703484,0.3239748340721298,0.143,0.067,1
BLVRB,0.3860388702044088,0.3235032880503186,0.214,0.163,1
CIR1,0.274648323316827,0.32341489032712745,0.357,0.283,1
RALGAPB,0.1437911245428224,0.3230790283675409,0.548,0.416,1
ATP6V0D1,0.18577819824323552,0.32307902836754065,0.214,0.135,1
ZNF529,0.4876904413213007,0.32307902836754065,0.19,0.149,1
PHF3,0.7948771792540292,0.3229469073874688,0.548,0.634,1
PAMR1,0.24467998912972327,0.32276907132673327,0.238,0.165,1
MAF,6.860776941202051e-4,0.32274784382901894,0.524,0.258,1
FAM89A,0.0988965801920236,0.32269528184555774,0.357,0.23,1
CCDC91,0.55045244036384,0.3222526241972201,0.548,0.637,1
LUC7L2,0.04627954148084126,0.322183778546142,0.857,0.791,1
SF3B6,0.5171215065490835,0.3217363618761304,0.119,0.088,1
RNF141,0.5959339031992243,0.3217363618761304,0.119,0.093,1
CUTA,0.6605195017035881,0.3207780788512671,0.119,0.097,1
STARD10,0.8916983448783914,0.3207780788512671,0.095,0.104,1
MAP1LC3B,0.32098829329060813,0.32077807885126686,0.238,0.172,1
TRIP12,0.23365867724976494,0.3204990869452151,0.81,0.808,1
CHN1,0.15726564244886074,0.3200597840687469,0.333,0.234,1
RNF38,0.20340067995929587,0.3200597840687469,0.619,0.517,1
TESK2,0.5055841829103414,0.3199074644739385,0.333,0.273,1
COL4A2,0.7611758265634261,0.31964094387393716,0.524,0.637,1
POLR3C,0.413421892158402,0.31950135749282227,0.167,0.122,1
DCBLD2,0.04117046685186613,0.31950135749282205,0.357,0.207,1
MRE11,0.33190523270181366,0.3185306953820025,0.333,0.258,1
ITGA5,0.8375688986230058,0.3181276891758653,0.119,0.133,1
C11orf54,0.9498524191290596,0.3181276891758653,0.19,0.188,1
FLOT1,0.14291014935389024,0.31790704299651185,0.286,0.184,1
RAB12,0.24893632649443262,0.3177158436004479,0.286,0.202,1
SCN7A,0.5401899517754511,0.3177158436004477,0.143,0.11,1
PRRC2B,0.4591915415987832,0.3175485649126973,0.643,0.621,1
FOXO1,0.022272958976016353,0.3168644449089404,0.31,0.167,1
OXSR1,0.35329045550490445,0.3167851476301732,0.333,0.275,1
TOX,0.7151997648328889,0.31671246228663597,0.167,0.149,1
C11orf58,0.9948526540757607,0.3165547613976922,0.524,0.569,1
IFI16,0.003488557937864641,0.3162945926122044,0.429,0.205,1
CHCHD3,0.11586686843448266,0.3156583774204617,0.643,0.628,1
CCSER2,0.09553002473476085,0.31559841200665273,0.667,0.638,1
GTPBP10,0.2546821403534841,0.3150417093021227,0.262,0.184,1
FBXO36,0.443798447311968,0.3150417093021227,0.143,0.103,1
UPF1,0.4804523300123203,0.3150417093021227,0.167,0.127,1
ZNF577,0.7633238185177946,0.3150417093021227,0.119,0.104,1
STK25,0.8258782572834947,0.3150417093021227,0.119,0.108,1
ABCB8,0.841476764293106,0.3150417093021227,0.095,0.108,1
HECA,0.33307313958629864,0.3150417093021223,0.19,0.133,1
ESRRA,0.4900025315699546,0.3150417093021223,0.167,0.129,1
DCXR,0.501269636024412,0.3150417093021223,0.119,0.087,1
WHAMM,0.5653823645380749,0.3150417093021223,0.167,0.134,1
IPP,0.664712609197145,0.3150417093021223,0.119,0.097,1
MBNL1,0.05537790439305633,0.31459896108907603,0.833,0.801,1
ZNF131,0.22767552464738494,0.3138635181048414,0.476,0.381,1
RFC1,0.6383903009633638,0.31330037530569743,0.31,0.268,1
UPF2,0.01593797433836399,0.31237252252613806,0.571,0.343,1
FILNC1,0.11496693978422189,0.312372522526138,0.048,0.139,1
IRF2BP2,0.48769552476107386,0.312372522526138,0.238,0.191,1
EYA2,0.27819090556591736,0.3119623163701504,0.476,0.423,1
CNPY2,0.15694862043543656,0.31196231637015037,0.262,0.168,1
HCLS1,0.3582400631616151,0.31196231637015037,0.238,0.179,1
KRR1,0.11331516401543448,0.311705996738866,0.262,0.159,1
PSMA5,0.25728100873133164,0.311705996738866,0.238,0.166,1
BCAS3,0.27758829337607616,0.31121354508520227,0.714,0.712,1
SLC25A16,0.1995061403070862,0.3105958042709305,0.405,0.303,1
PCSK5,0.11763644704297006,0.3102787632761612,0.31,0.201,1
ATF4,0.08021079015992695,0.3100410282437558,0.333,0.204,1
COPS4,0.6541192917564438,0.3100410282437558,0.143,0.119,1
DPY19L1,0.7618621976435157,0.3095872792100145,0.262,0.247,1
ZFP36L1,0.033081710165236866,0.30951005954287136,0.833,0.676,1
COL14A1,0.9496526956390048,0.3093729592154302,0.405,0.475,1
CSPP1,0.093980614142443325,0.3093280581077289,0.524,0.395,1
TTC17,0.038967173470642553,0.3092732288425104,0.881,0.796,1
LINC01572,0.6055361896369885,0.3089825024076601,0.262,0.232,1
STARD7,0.2215293877743703,0.3083779790211114,0.238,0.161,1
CDC42EP4,0.6787958931078792,0.3083779790211114,0.119,0.098,1
LSM12,0.7236989816985834,0.3083779790211114,0.19,0.17,1
PRDM6,0.1761895500947672,0.3075471727551981,0.286,0.194,1
KYAT3,0.42293141032989695,0.3074285251922473,0.31,0.255,1
MORC2,0.4925578186608274,0.30704891854859184,0.19,0.15,1
CASP3,0.6395291524157948,0.30704891854859184,0.167,0.141,1
MTM1,0.5154210037812155,0.3070489185485916,0.262,0.217,1
RHEB,0.08725863062443441,0.30647969579869827,0.476,0.33,1
CENPC,0.0871675007244483,0.30635598143590015,0.429,0.282,1
MAP2K1,0.40027480209668115,0.3061635579556694,0.286,0.229,1
CRAMP1,0.6967108737670404,0.3058231792727437,0.214,0.19,1
TP53INP1,0.6979562458669678,0.3050576207295004,0.095,0.115,1
SEMA4B,0.054174740097089315,0.30505762072950016,0.333,0.194,1
MAP2K5,0.7090541105149668,0.30505762072950016,0.595,0.626,1
DDX46,0.29999564204180873,0.30468916330420837,0.381,0.314,1
CEP83,0.1215464454988826,0.30453405148372914,0.333,0.217,1
OCA2,0.23775985190422017,0.3043944651026138,0.167,0.107,1
FBXO11,0.12295607291493531,0.304275278433052,0.786,0.766,1
MDM4,0.25802864438292816,0.3039011516969219,0.595,0.52,1
SLC29A1,0.9004644975870352,0.3036369460298731,0.095,0.102,1
RILPL1,0.13075646222809492,0.30306906763604635,0.357,0.242,1
JKAMP,0.29839689560952004,0.30306906763604635,0.214,0.149,1
SLC1A2,0.24556902439879605,0.30306906763604613,0.071,0.132,1
SH3GLB1,0.039608813516325274,0.3029486373141026,0.524,0.345,1
ATM,0.3553278801160508,0.30201502900588295,0.548,0.511,1
ADCY5,0.6330886855997249,0.3017448866886647,0.095,0.119,1
ACTR10,0.2379974553002603,0.3017448866886645,0.333,0.241,1
KLHL20,0.352678506102394,0.3017448866886645,0.286,0.224,1
STRIP1,0.7693963897718681,0.3017448866886645,0.119,0.104,1
SLC7A6,0.016704581131036025,0.3010832517122026,0.429,0.233,1
RER1,0.10649358214096771,0.3009665240903996,0.357,0.233,1
SMARCA1,0.683905969915128,0.30079978672634367,0.333,0.305,1
AHCYL1,0.37083176050660144,0.30068641632505233,0.381,0.297,1
IDH3A,0.48366570428137867,0.300091367836151,0.167,0.127,1
CCT2,0.16295260812052512,0.29971005554613184,0.262,0.169,1
EIF3B,0.4081135117224527,0.29971005554613184,0.238,0.186,1
GAPVD1,0.35737877182086975,0.29958556723464824,0.548,0.55,1
RMND1,0.28920015922293546,0.2991001654331007,0.214,0.148,1
GNAQ,0.038366750225021236,0.29897566458809544,0.929,0.858,1
CRBN,0.24028214279986712,0.2984397419649927,0.262,0.182,1
SEC23A,0.5825731085223382,0.2981858134171421,0.333,0.307,1
AC068756.1,0.9051448994818048,0.29796819594318125,0.095,0.103,1
VPS37A,0.28563848901185407,0.2979681959431809,0.405,0.33,1
DDX17,0.018472582886944967,0.2978396192271837,0.976,0.953,1
BMPR2,0.47762672372321757,0.2976672896868209,0.738,0.749,1
TMEM39A,0.42907478246344755,0.29733970756866346,0.31,0.257,1
HIF1A-AS3,0.2680470562861104,0.2969399029268116,0.19,0.129,1
CNOT7,0.38696846544735347,0.2969399029268116,0.214,0.16,1
NEK11,0.35965639415316847,0.2964602835603969,0.214,0.158,1
UBE2E2,0.5639832444140155,0.2959024654740514,0.524,0.678,1
CNOT1,0.28160143721833614,0.29574115334318624,0.619,0.663,1
PTK2B,0.1006413562001356,0.2951421518644177,0.19,0.105,1
KRAS,0.2475328555399095,0.2951421518644177,0.357,0.266,1
TTN-AS1,0.6953702862920953,0.2951421518644175,0.31,0.294,1
RNF4,0.1731759111566665,0.2951421518644173,0.262,0.171,1
NDUFS2,0.6899006230573674,0.2951421518644173,0.119,0.098,1
BABAM2,0.3240306187479642,0.29486382736449207,0.643,0.638,1
PDE4D,0.774239674330369,0.29297994677234307,0.69,0.725,1
SLC1A3,0.18026022605962375,0.2928636122369749,0.524,0.445,1
UBE4A,0.11679184987212408,0.2926738962736677,0.333,0.217,1
IER3,0.38200880074271987,0.29232163280203904,0.143,0.098,1
BCL2L11,0.40873386368401804,0.29232163280203904,0.143,0.1,1
PPP2R1B,0.5050609722159574,0.29232163280203904,0.143,0.107,1
REXO1,0.7997819763027316,0.29232163280203904,0.119,0.107,1
AC099520.1,0.3834915926869961,0.2920500666758934,0.286,0.397,1
NDUFV3,0.1827419316427965,0.2918520819302328,0.262,0.172,1
UBAP1,0.08333577925973303,0.2917719299792752,0.571,0.436,1
SMC6,0.028985260703230174,0.29119496734775485,0.452,0.267,1
VEZF1,0.24439366128898635,0.29119496734775474,0.214,0.142,1
BROX,0.7101627187965327,0.29119496734775474,0.167,0.147,1
ENTPD1,0.22767677749790863,0.2909875196457812,0.31,0.221,1
SUB1,0.19253741928241289,0.2908522437350517,0.381,0.285,1
ANKRD12,0.32144459955421784,0.2905616044748227,0.738,0.805,1
TEAD4,0.5567904826725908,0.2902098563221873,0.143,0.112,1
NR2C2,0.28622416506235143,0.2902098563221868,0.476,0.432,1
PPM1B,0.29458468819343664,0.2900275021487927,0.405,0.322,1
ATP5PB,0.3473425181912949,0.28976230085376464,0.214,0.155,1
PRKRIP1,0.35008060168160277,0.2896191124222155,0.381,0.308,1
SIPA1L3,0.5211884885336036,0.2896191124222155,0.31,0.263,1
TRIO,0.27271434189153904,0.2891294106408999,0.857,0.822,1
GMDS-DT,0.9430623965579124,0.28886760622608953,0.381,0.394,1
RBM12B,0.553264198840808,0.28856949794093145,0.214,0.178,1
MAP4K3-DT,0.5425129909848864,0.28804497692410524,0.31,0.265,1
ATG5,0.1093855003935127,0.2878793783195973,0.548,0.431,1
TTC37,0.2444600546156927,0.28739895423299366,0.643,0.577,1
ABI3BP,0.013606438442324684,0.28733272543407956,0.31,0.154,1
RTCB,0.7435033353649629,0.28725855278858425,0.167,0.149,1
PHC3,0.21398711185867894,0.2871895886622351,0.643,0.617,1
OSBP,0.11043727205366066,0.28702733313252593,0.357,0.23,1
DONSON,0.48445938383827003,0.28669708360816104,0.143,0.106,1
NMRAL1,0.49430394834218744,0.28669708360816104,0.143,0.106,1
PRKAG1,0.5288949404853416,0.28669708360816104,0.143,0.109,1
WAC-AS1,0.5299199648534815,0.28669708360816104,0.143,0.109,1
DLEU2,0.313318332127841,0.2863589545980375,0.571,0.543,1
NOL8,0.2265615688709433,0.28618684662993754,0.238,0.159,1
KHDRBS1,0.3441871888760828,0.2861124521454093,0.571,0.521,1
AP4E1,0.8718849695947484,0.28604950596241574,0.31,0.298,1
SAP130,0.36018412666173094,0.28581099797836806,0.31,0.245,1
CA8,0.14604453294026395,0.28572113563190105,0.262,0.171,1
AC066613.2,0.7694124182947102,0.2852943659080709,0.095,0.115,1
HPF1,0.36753245701818,0.28529436590807045,0.167,0.116,1
KLHL23,0.5337554844664798,0.28529436590807045,0.143,0.111,1
PAK2,0.5850365474880257,0.2848677223914646,0.5,0.484,1
MDN1,0.44591242281280036,0.2847171724453248,0.262,0.213,1
CLTC,0.06418488573001153,0.28404581971081155,0.786,0.762,1
DENND5A,0.23896677922659115,0.28369758097374076,0.571,0.49,1
RBL2,0.3958147348248701,0.283332849574784,0.31,0.254,1
RAB40C,0.7493350643511657,0.283332849574784,0.167,0.15,1
YARS,0.7699604653691053,0.283332849574784,0.167,0.148,1
RAP1B,0.07094460385139112,0.2831526140769063,0.81,0.75,1
XPO1,0.18641184644629047,0.28249301543393046,0.881,0.767,1
CLTA,0.090975086776746,0.28235309059594776,0.571,0.415,1
SZRD1,0.18050788069290677,0.2820266520741592,0.262,0.171,1
ZNF281,0.5316275884170276,0.2820266520741592,0.119,0.088,1
TSC2,0.6393198171965935,0.2820266520741592,0.119,0.095,1
SNRPC,0.6656101147564721,0.2820266520741592,0.119,0.097,1
TNRC6A,0.08832903831239729,0.281863460507797,0.81,0.702,1
LAMA2,0.5674085940158546,0.28180840611936286,0.5,0.507,1
SMARCC1,0.21352008182436483,0.2817158268998689,0.714,0.636,1
FAM228B,0.4223054988957443,0.2810943773787846,0.238,0.187,1
MTX2,0.22553670302195788,0.28072163611824646,0.452,0.347,1
ICE2,0.09371459810075883,0.2806082122382486,0.429,0.288,1
C21orf58,0.8816158358511642,0.280395566495232,0.095,0.106,1
TMEM43,0.7122542767716427,0.28039556649523156,0.143,0.123,1
NUP35,0.9142174521443109,0.28039556649523156,0.119,0.115,1
PDE3B,0.1938522431927458,0.2803955664952312,0.405,0.299,1
NR2F1-AS1,0.09560442518963873,0.2801079191927354,0.286,0.178,1
SEPTIN10,0.3495513347779561,0.28010791919273537,0.286,0.219,1
SDHB,0.5137798658109963,0.2798522808398225,0.167,0.13,1
FAM118A,0.15293573708650968,0.2798522808398223,0.31,0.203,1
PSMC6,0.853719818885518,0.27811514030376516,0.214,0.206,1
CDC73,0.3177592675431285,0.27795239056690224,0.571,0.539,1
IREB2,0.5758406882153184,0.2778784194826762,0.429,0.392,1
CLCN3,0.5512592660655686,0.277743167879147,0.452,0.393,1
TAF1,0.08054728258850119,0.2775670038834597,0.381,0.24,1
RBMX,0.09911709767425232,0.2768136561912435,0.5,0.349,1
FGD5-AS1,0.1626447720336086,0.2755133451154852,0.262,0.169,1
REPS2,0.3994844034774695,0.2755133451154852,0.119,0.082,1
GMFB,0.4567228743535788,0.2755133451154852,0.167,0.124,1
TMEM267,0.5173493451895466,0.2755133451154852,0.19,0.152,1
EMC10,0.5949639144760235,0.2755133451154852,0.119,0.093,1
ZNF346,0.6969779124562229,0.2755133451154852,0.119,0.099,1
NAXD,0.7060668828742753,0.2755133451154852,0.119,0.099,1
ACAD10,0.7260937664689242,0.2755133451154852,0.143,0.124,1
UBE3C,0.14185565329416105,0.27551334511548514,0.738,0.635,1
NDUFA9,0.31307114354036975,0.27551334511548475,0.19,0.131,1
DFFA,0.515812849662489,0.27551334511548475,0.167,0.13,1
TBPL1,0.5445607203038512,0.27551334511548475,0.167,0.131,1
GOSR2,0.5475466509373554,0.27551334511548475,0.19,0.154,1
PCCB,0.7326721284751483,0.27551334511548475,0.167,0.148,1
DLK1,0.5499251676785999,0.2750379142194741,0.333,0.286,1
RICTOR,0.9616455498498706,0.2748294413146293,0.738,0.826,1
CPEB4,0.9679350668221403,0.27470124543691277,0.524,0.587,1
FNDC3B,0.9942701796478299,0.27451390271951226,0.952,0.959,1
PTPN11,0.28699869515190823,0.27388960263582107,0.381,0.296,1
ESCO1,0.3789836870740212,0.27388960263582107,0.381,0.313,1
ZKSCAN1,0.6314741451717985,0.27388960263582107,0.333,0.305,1
NAMPT,0.02961213004438581,0.2736577885370033,0.31,0.17,1
KCMF1,0.45368600636894,0.2733487610021622,0.5,0.431,1
TSPAN13,0.944824284003618,0.2729162336294457,0.19,0.188,1
UMAD1,0.2798399394255749,0.27282676139518414,0.595,0.54,1
PDPK1,0.5121608915935608,0.27251709265556534,0.238,0.196,1
LIMK2,0.8217704800093476,0.27251709265556534,0.31,0.302,1
NSUN2,0.2724961103984394,0.27197298741023657,0.238,0.166,1
TRNAU1AP,0.3670827114538225,0.27197298741023657,0.214,0.157,1
DSTYK,0.49764048120835286,0.27197298741023657,0.19,0.151,1
FADS2,0.5329975066712637,0.27197298741023657,0.167,0.132,1
CTBP1,0.5022897870712701,0.2716194290109937,0.19,0.149,1
ADAMTSL4-AS1,0.6935397279312985,0.2716194290109937,0.167,0.146,1
PLD3,0.04182196696152291,0.27148534331538265,0.476,0.305,1
SORT1,0.8649785235436882,0.27141477690186444,0.238,0.243,1
ERGIC2,0.5785428073988848,0.2711874197126949,0.286,0.245,1
ADAM10,0.029191741996152716,0.2710524433322915,0.833,0.751,1
NPHP3,0.17048528093381699,0.2708419053915875,0.452,0.322,1
COG5,0.07828882861215901,0.2708077381417453,0.786,0.752,1
TTC28,0.786134589984673,0.2707555397391388,0.667,0.716,1
AL031428.1,0.9812910720788293,0.27064758994366933,0.119,0.123,1
COQ10B,0.5407703604239181,0.2699538197735847,0.143,0.11,1
IARS,0.16253836837314342,0.26995381977358446,0.381,0.264,1
EIF3J,0.29414244967538755,0.2696764050932008,0.333,0.255,1
PFDN1,0.6497721921161367,0.26952705004975375,0.214,0.186,1
PPIP5K1,0.623125639008851,0.2690293115452862,0.119,0.094,1
SERPINH1,0.47607746815206253,0.2686488038176713,0.238,0.186,1
AP3D1,0.29356288185802415,0.26773599452376584,0.286,0.21,1
STX12,0.5470218060010386,0.26773599452376584,0.31,0.265,1
BSDC1,0.5156431193098309,0.2677359945237656,0.19,0.151,1
ZNF644,0.37043334268080075,0.2672990790022893,0.667,0.678,1
ASAH1,0.12083914153025327,0.2671820705235306,0.357,0.242,1
AKAP7,0.8294441877200752,0.26654319161093265,0.167,0.159,1
TBC1D32,0.7839705596744394,0.26599580620490115,0.429,0.442,1
ZNF559,0.9902424502860679,0.26579819028227325,0.119,0.12,1
FRY,0.15405255827964368,0.26537727268894795,0.262,0.173,1
FUS,0.09887410962375207,0.26526037292622606,0.833,0.728,1
ANTXR2,0.8686489838897753,0.26501333485940426,0.476,0.517,1
PTPRA,0.09797287127424942,0.2648614766636791,0.714,0.623,1
TGFB3,0.4388729377943706,0.2644156362321546,0.119,0.083,1
CNBP,0.5335495967555988,0.26441563623215436,0.238,0.199,1
CFAP97,0.3685880167044097,0.26386298537655906,0.19,0.137,1
WRNIP1,0.22408071970428714,0.26356549181103706,0.262,0.18,1
SDHA,0.3274373678852501,0.26257428940798677,0.286,0.215,1
LRRC75A,0.49794981506159525,0.26257428940798677,0.119,0.086,1
C5orf51,0.6341866904136528,0.26257428940798677,0.119,0.095,1
PRR12,0.6909049105995474,0.26257428940798677,0.119,0.098,1
PPP2R2D,0.38141164608606437,0.26193037284255993,0.333,0.264,1
DDX3X,0.26965251416362246,0.26187817598512597,0.476,0.399,1
DIAPH2,0.31261923078080445,0.2618649058987321,0.643,0.818,1
SMIM7,0.6613067898330405,0.2614037457000493,0.19,0.165,1
IST1,0.5322650375958722,0.2612190097959759,0.31,0.263,1
FBXO31,0.24112621350251076,0.260593925279746,0.238,0.164,1
NMT2,0.2798205658628427,0.260593925279746,0.214,0.149,1
MAPK8,0.6288624110800148,0.26014591812114585,0.476,0.501,1
CTNNBIP1,0.2138567341681267,0.26000034574416064,0.214,0.139,1
FEZ2,0.24825635405043214,0.2600003457441606,0.619,0.559,1
WWTR1,0.6445078751907165,0.2600003457441605,0.357,0.359,1
PACS1,0.5588483920902645,0.25964970896010636,0.571,0.603,1
PTP4A2,0.18923091371816864,0.25946837854016536,0.452,0.341,1
INO80,0.7963166384964802,0.25918847456860516,0.452,0.44,1
TTC33,0.7427874040399862,0.2588986312645889,0.119,0.103,1
ITGA1,0.3873311109650546,0.25883942312878383,0.405,0.353,1
WSB1,0.06186551777147317,0.25861627583930336,0.976,0.952,1
RPS6KB1,0.2609574038343623,0.258554517955649,0.31,0.226,1
RIPK1,0.5907397400562898,0.258554517955649,0.262,0.226,1
TCEA1,0.5361805701423799,0.258458180935755,0.357,0.314,1
PTDSS1,0.5287382888005145,0.2582869310048883,0.167,0.13,1
COL4A5,0.04260829382959815,0.25813931806764545,0.262,0.147,1
C2CD3,0.30603001827884324,0.25789780219851366,0.333,0.257,1
OPA1,0.4425595646255489,0.2575562146413623,0.5,0.478,1
NAA15,0.23785180568806083,0.2573507673302111,0.476,0.376,1
RALA,0.8536453074298165,0.25698460771234977,0.286,0.27,1
KIAA1328,0.36735296512100124,0.2561480202485541,0.5,0.488,1
ID2,0.31483273898970415,0.256148020248554,0.167,0.113,1
MPC2,0.37227514604151113,0.256148020248554,0.167,0.116,1
BUD23,0.6696112624233873,0.256148020248554,0.119,0.097,1
ELOA-AS1,0.6787966455567553,0.256148020248554,0.119,0.098,1
CCT7,0.9412953518982914,0.256148020248554,0.119,0.115,1
IFNAR1,0.1472354533631312,0.25614802024855376,0.31,0.203,1
LEPROT,0.8528368184162923,0.25614802024855376,0.238,0.23,1
UIMC1,0.5503219676767176,0.25531191762249283,0.333,0.297,1
PSEN1,0.2518155447818278,0.2546690913226408,0.405,0.323,1
CDC42SE1,0.4575264435730538,0.2546690913226408,0.238,0.189,1
IFT74,0.5125078995687411,0.2546690913226408,0.214,0.175,1
TPP2,0.6377114814049586,0.25460996568828514,0.548,0.54,1
RRAGC,0.3929175853910356,0.25401227590456266,0.19,0.138,1
CEP78,0.5027131448972669,0.25401227590456266,0.167,0.128,1
HAT1,0.5157674423474359,0.25401227590456266,0.167,0.129,1
CLASP1,0.1352873298367538,0.2537455300332494,0.69,0.646,1
IQGAP1,0.032386912616976175,0.2535723091295117,0.81,0.77,1
NBR1,0.8037415892355254,0.2534026435097365,0.214,0.193,1
EPHA3,0.1934599644896132,0.25315886266412624,0.262,0.18,1
COPG2,0.209674098551882,0.2531139601589205,0.357,0.251,1
SRSF2,0.16199213352433495,0.25294558821020996,0.524,0.419,1
PKN2,0.005109333464396974,0.25278070689242815,0.929,0.775,1
RABGEF1,0.2566826507994825,0.2527171148482804,0.643,0.583,1
RBM27,0.23065271625361553,0.25265481021045755,0.405,0.301,1
PRLR,0.7592967029172648,0.25260400065305877,0.714,0.775,1
LINC00513,0.3335461084119913,0.2523059539541599,0.214,0.157,1
PRKRA,0.49649365137974427,0.2523059539541599,0.19,0.149,1
HNRNPH3,0.1068931120747169,0.2519723442773608,0.452,0.31,1
CCND2,0.10780082302647502,0.2517675344514041,0.357,0.242,1
SYPL1,0.5241249462924843,0.2513470339847328,0.167,0.129,1
ZNF257,0.9400809806079,0.2513470339847328,0.119,0.115,1
PLCG2,0.055739430827380504,0.2508065705572924,0.929,0.846,1
ASPH,0.1946866630485294,0.2502413792818321,0.643,0.609,1
VASP,0.2972884089757552,-0.25071018745319895,0.071,0.126,1
FAM76B,0.7260092977366068,-0.25199888342177124,0.119,0.135,1
TRAPPC1,0.5201857301027722,-0.2538011260557571,0.071,0.102,1
PNKP,0.7099111914315882,-0.2538011260557571,0.095,0.111,1
LRRC58,0.98875838630571,-0.25500137158329483,0.19,0.18,1
ST3GAL6,0.09223062448784976,-0.25508030010813265,0.262,0.425,1
INTS6,0.5218794880912551,-0.25508030010813265,0.452,0.516,1
SNX4,0.3865549237045598,-0.25515133208869367,0.286,0.343,1
PKM,0.7086673350133219,-0.255601120101967,0.286,0.242,1
SPAG7,0.5721892581687233,-0.2565002756567121,0.095,0.124,1
FRG1,0.9012630797009615,-0.2565002756567121,0.119,0.121,1
CDV3,0.8952968758478986,-0.2572097396694799,0.31,0.282,1
ATP7B,0.6946924701778097,-0.2577254944487286,0.214,0.178,1
AGFG1,0.6460984632286679,-0.2578289863994352,0.762,0.802,1
SERBP1,0.522000511666327,-0.25825787389345345,0.429,0.332,1
PDPR,0.7639318305919585,-0.258425152581204,0.143,0.155,1
LRP6,0.4139938843606166,-0.2588776918072766,0.262,0.194,1
CAP1,0.745206365011181,-0.2588776918072766,0.31,0.268,1
ALKBH1,0.6869153776632155,-0.25919438482597545,0.095,0.113,1
AC024230.1,0.1102281600535024,-0.2595239302739887,0.19,0.32,1
PFKFB4,0.7397094924861158,-0.2598671267551107,0.167,0.14,1
TDP1,0.7564068132607135,-0.2609876666490263,0.119,0.132,1
SND1,0.47304526574775024,-0.26133902930076003,0.857,0.891,1
NUCKS1,0.7395915596693543,-0.26154761039402885,0.571,0.581,1
MARCH3,0.9952784965611896,-0.2616767973241252,0.19,0.193,1
SF3B2,0.8883227371748249,-0.26188347235361564,0.214,0.192,1
DDX60,0.689775124407868,-0.2622672188755981,0.119,0.139,1
PBX3,0.3904363933797657,-0.26226721887559834,0.262,0.192,1
POMP,0.7971516078079477,-0.26226721887559856,0.286,0.248,1
ARPC5,0.9868509986620269,-0.26242068890828274,0.381,0.356,1
TMTC2,0.01892874321550005,-0.2627535114727759,0.238,0.457,1
APPL1,0.8343734861367051,-0.2627787221750142,0.262,0.266,1
PNPLA8,0.9930115964220009,-0.26287292668978113,0.333,0.312,1
PRKDC,0.8151109386737341,-0.26322613884502544,0.667,0.66,1
USP33,0.10238498458439226,-0.26322613884502555,0.381,0.533,1
VDAC2,0.9525482745169757,-0.26322613884502566,0.167,0.163,1
EHBP1,0.9112323875835439,-0.2636734168026892,0.619,0.583,1
PPP4R3A,0.7661624732720771,-0.2643826078776038,0.5,0.497,1
BCL2L2-PABPN1,0.386032372518681,-0.26456755692482714,0.071,0.116,1
WDR82,0.6971507787530908,-0.26456755692482714,0.19,0.21,1
ZBTB46,0.9026416102047883,-0.26456755692482714,0.19,0.19,1
GOLPH3,0.11540856158166495,-0.2650550362472177,0.5,0.657,1
PAXBP1,0.3809544129987674,-0.26563979409115757,0.381,0.436,1
CMSS1,0.9736956408530534,-0.2659865238025629,0.405,0.4,1
GFOD1,0.6689070467919621,-0.2665773483446632,0.119,0.096,1
LINC00470,0.11954006703713821,-0.2669073280969956,0.524,0.727,1
STX5,0.5279336358392701,-0.266949224887743,0.143,0.181,1
CUL5,0.42013573002482457,-0.2682500384345202,0.476,0.534,1
AF117829.1,0.9418128132784452,-0.2691572586989682,0.5,0.486,1
UBE2R2,0.17917581676583416,-0.2692355883470753,0.429,0.594,1
CMIP,0.6317950129017467,-0.26951593803041074,0.571,0.615,1
DRG1,0.7608834715244788,-0.26992079141903336,0.143,0.155,1
OST4,0.8637002905753155,-0.26992079141903336,0.119,0.125,1
AKIRIN1,0.7726941630605492,-0.2699207914190336,0.214,0.224,1
HNRNPA3,0.9943858593631263,-0.26992079141903375,0.619,0.567,1
SMG9,0.37090488005010946,-0.2699207914190338,0.071,0.117,1
ZNF280C,0.4076767609044878,-0.2699207914190338,0.071,0.113,1
PCGF6,0.48804218806697325,-0.2699207914190338,0.071,0.105,1
ZNF761,0.4959128060381328,-0.2699207914190338,0.095,0.131,1
GADD45GIP1,0.521719881164673,-0.2699207914190338,0.071,0.102,1
SPINK5,0.6112861733728678,-0.2699207914190338,0.167,0.13,1
USP1,0.7265746602092795,-0.2699207914190338,0.095,0.11,1
CARS,0.73842275725708,-0.2699207914190338,0.119,0.133,1
STRBP,0.8098780588738913,-0.2699207914190338,0.262,0.275,1
HSD17B2,0.27057009279829675,-0.2708746394146983,0.31,0.213,1
LMNA,0.8671039387863142,-0.2711346703639236,0.381,0.329,1
USP3,0.34072250025265294,-0.2712234506866698,0.476,0.584,1
COPB2,0.8762065732217206,-0.27140428259436467,0.31,0.309,1
ST7,0.4327561704357923,-0.27224210332915477,0.262,0.319,1
CCDC84,0.9905425615153246,-0.2725899781950183,0.214,0.202,1
DICER1,0.3965283344811411,-0.27306049894960105,0.476,0.552,1
ERP44,0.5762338950814061,-0.27306049894960105,0.476,0.51,1
HDAC5,0.455523509768365,-0.27325650398229007,0.119,0.161,1
TSTD2,0.8917771822227263,-0.27325650398229007,0.167,0.168,1
BCAP31,0.6081146643380844,-0.27373240536905286,0.119,0.146,1
HOOK3,0.6404785508226496,-0.27407072864923115,0.69,0.662,1
PTBP3,0.3406613890913252,-0.27502768185212256,0.476,0.568,1
NAPEPLD,0.7272350106335448,-0.2752542357220742,0.095,0.11,1
PLEKHG1,0.13705674356984276,-0.2753752215111418,0.381,0.535,1
XPR1,0.31197834639475663,-0.27553439788256046,0.405,0.502,1
AL135878.1,0.36894848182331474,-0.27718879188307277,0.214,0.282,1
SH3TC2,0.0403681942068249,-0.27769215710254347,0.071,0.197,1
RPN2,0.8242313571237379,-0.2784448637255722,0.452,0.393,1
JTB,0.8437344127538005,-0.27879894276548667,0.119,0.125,1
SIAH2,0.5597741681641893,-0.27943101070150655,0.214,0.245,1
SARS,0.4439185323529728,-0.2799048799916557,0.119,0.162,1
CAB39L,0.8891400415969043,-0.2799048799916557,0.143,0.146,1
RB1CC1,0.3434357783826617,-0.2802257998107722,0.429,0.499,1
DHX40,0.6282475302139681,-0.2805680356185425,0.095,0.117,1
MGST3,0.4381133140268344,-0.2811262461269142,0.452,0.507,1
GNG5,0.7610505073137424,-0.28174622681582373,0.143,0.158,1
BSG,0.40226892325916436,-0.28189343308510983,0.238,0.292,1
DBF4,0.6128279759699136,-0.28321761403249157,0.095,0.12,1
PFDN2,0.8111486666813151,-0.28321761403249157,0.119,0.128,1
EGFL7,0.9077466210266527,-0.28321761403249157,0.095,0.1,1
NFKBIA,0.7992322593474692,-0.2832176140324918,0.167,0.179,1
VSIR,0.9711460766036715,-0.284687502127946,0.19,0.182,1
AC024901.1,0.01760206661294879,-0.28510719523370975,0.262,0.127,1
SPP1,0.570451576878643,-0.2852818292228343,0.405,0.431,1
WARS2-AS1,0.7653960076648357,-0.28530595462520547,0.286,0.295,1
SERPINF1,0.7307434269338764,-0.28626878550651735,0.214,0.186,1
POLA1,0.6026896145230003,-0.28632854794064655,0.476,0.404,1
IQCH-AS1,0.6576785901701651,-0.2865227587561634,0.143,0.165,1
TET2,0.8217281994464771,-0.28736017459512975,0.643,0.667,1
RPS7,0.508994332882105,-0.28908820215699155,0.405,0.423,1
LDHA,0.5917265354046889,-0.2905521241911646,0.143,0.174,1
RPN1,0.7294576873274192,-0.2905521241911646,0.167,0.183,1
SCCPDH,0.8449490763188974,-0.2905521241911646,0.19,0.167,1
SUN1,0.984087022344563,-0.2926408679191175,0.31,0.282,1
NCKAP1,0.1296586343620803,-0.29285760269619265,0.476,0.669,1
CRYBG3,0.7017565474208398,-0.2928913140686724,0.286,0.236,1
AC099329.1,0.19148789284060705,-0.2940064099433468,0.095,0.18,1
HNRNPUL1,0.5670909319152821,-0.2940064099433468,0.19,0.225,1
CWC27,0.6267262096192999,-0.294293009627941,0.405,0.416,1
PTK2,0.11647716748884279,-0.29437383514357274,0.762,0.87,1
PPP4R1,0.7448989956064035,-0.2955183770845138,0.524,0.502,1
COX5B,0.5587550726719082,-0.2963930027802246,0.119,0.149,1
VAMP7,0.712825561347342,-0.2963930027802246,0.119,0.135,1
CLTB,0.8643156484339343,-0.2963930027802246,0.119,0.124,1
BHLHE41,0.8796230290868119,-0.2963930027802246,0.119,0.108,1
SFPQ,0.2504859460797889,-0.29639300278022485,0.69,0.796,1
PUM2,0.4108125418248167,-0.29692822632221527,0.905,0.879,1
MTA3,0.2215443062981885,-0.29718765718802675,0.476,0.551,1
SH3BP5,0.637715176326107,-0.2975848203125965,0.31,0.26,1
DGKD,0.6722223308320752,-0.2978495349997411,0.286,0.234,1
ATG2B,0.9709174602929709,-0.29814066506649195,0.286,0.266,1
TINAGL1,0.6983048218332477,-0.2985772500421007,0.167,0.189,1
DLG2,0.6327018275126495,-0.2993045982001282,0.167,0.194,1
YES1,0.5479238242899005,-0.30052877734942984,0.262,0.304,1
AC006378.1,0.2638289543269044,-0.30075819534162695,0.119,0.071,1
ACSL3,0.9658020908845196,-0.30075819534162695,0.31,0.295,1
TRRAP,0.6099269573067272,-0.30115437687394997,0.381,0.4,1
ETV5,0.30471374146100244,-0.3016296511463721,0.214,0.301,1
MDH1,0.7164975911570487,-0.3016296511463721,0.167,0.187,1
AATF,0.8397493741654926,-0.30255179565900026,0.286,0.291,1
HMGN1,0.907230323629495,-0.30255179565900026,0.31,0.3,1
BDP1,0.4418700788924993,-0.3029358486469968,0.429,0.485,1
MMP14,0.7470613296325481,-0.30293584864699685,0.143,0.158,1
HSPA8,0.9409316229533364,-0.30327938836546464,0.286,0.265,1
BTBD7,0.19137986871753698,-0.3035291840618535,0.429,0.553,1
ACAD11,0.6450596625652623,-0.30366100324426426,0.31,0.254,1
NASP,0.7876138739409789,-0.3047625406313346,0.405,0.399,1
UBE2A,0.9771004468281415,-0.3051102198813338,0.19,0.181,1
FUT8,0.12383004508085643,-0.30564494747859283,0.476,0.664,1
WARS2,0.3131591642589567,-0.3061961778105835,0.095,0.155,1
AC011447.3,0.5905352114557473,-0.3068473604173907,0.143,0.175,1
MAP3K20,0.40689896968220507,-0.3068473604173911,0.333,0.411,1
PHLDA2,0.44212372602553346,-0.3074481912892205,0.214,0.261,1
BIN3,0.828690166508655,-0.30759120938508877,0.143,0.149,1
SNRPF,0.9135275651084808,-0.3094491556056709,0.167,0.152,1
SMOC2,0.19504619175242638,-0.3094491556056713,0.167,0.255,1
CTTN,0.24958494864982536,-0.3094491556056713,0.167,0.246,1
SASH1,0.17195231429427515,-0.3106302404369975,0.476,0.612,1
AMOTL1,0.07918718449113156,-0.3110079834622331,0.429,0.628,1
HAPLN1,0.447014605164193,-0.3112044728204935,0.286,0.217,1
TMEM230,0.8286897814331443,-0.3113047121841528,0.143,0.149,1
NCALD,0.8577318347740677,-0.311304712184153,0.19,0.197,1
DENND4C,0.48493537337409603,-0.3118840845227251,0.643,0.687,1
ENO1,0.47825638245332175,-0.31204626709171046,0.262,0.308,1
UCKL1,0.5595718896804084,-0.31204626709171057,0.095,0.123,1
SNAPC3,0.6516566654645295,-0.31204626709171057,0.19,0.213,1
GTF2I,0.3563759642515107,-0.312512668143502,0.833,0.858,1
MZT2B,0.942935052117359,-0.3126948151093254,0.143,0.141,1
PREP,0.9888752352054554,-0.3126948151093254,0.286,0.266,1
LINC00571,0.43191536935669644,-0.3131578852596304,0.262,0.191,1
GNAI2,0.4386449770865366,-0.3132668213446209,0.333,0.25,1
EFHD2,0.6629250712102175,-0.3137750810084614,0.095,0.115,1
KLHL8,0.92567171903588,-0.3137750810084614,0.167,0.166,1
SGO1-AS1,0.05915096050425503,-0.31412059532956915,0.095,0.226,1
PSMD4,0.7616253798190169,-0.31500868094757184,0.143,0.155,1
LNX1,0.7934762253368579,-0.31624122697802004,0.262,0.265,1
CCDC171,0.6940962276016073,-0.31701103385871965,0.31,0.325,1
PSMB2,0.7499373646896258,-0.3176965159884473,0.214,0.226,1
STAT1,0.6427339251527256,-0.3187031645053131,0.119,0.142,1
COPG1,0.7028364368490525,-0.3187031645053131,0.143,0.16,1
COX7A2,0.859679784242952,-0.3187031645053131,0.143,0.147,1
SNRPD2,0.9420785147401981,-0.3187031645053131,0.143,0.133,1
CAMSAP2,0.2769424474315308,-0.3196253090179418,0.643,0.699,1
MNAT1,0.27361359982663197,-0.31964492271155953,0.524,0.641,1
AP000561.1,0.3935127933579833,-0.31964492271155953,0.286,0.355,1
PTN,0.17888066888318696,-0.3202397447345926,0.095,0.183,1
ECPAS,0.4476115081416454,-0.320501924218275,0.595,0.628,1
CTNND1,0.43285642843575955,-0.3223882113131692,0.762,0.816,1
TMEM245,0.822662522963469,-0.32238821131316936,0.476,0.471,1
TNKS2,0.4010876963942985,-0.32648096594705234,0.571,0.634,1
AL050309.1,0.8623146668923077,-0.32667556971626754,0.214,0.22,1
FBXW5,0.45863902671957996,-0.32667556971626777,0.095,0.135,1
DYRK1A,0.22129861226704226,-0.3272715344035555,0.786,0.838,1
CTCF,0.3713121717756238,-0.3275315145891291,0.214,0.28,1
UCHL3,0.6013512961051952,-0.3278981927054476,0.238,0.264,1
PNP,0.6598623374051393,-0.3297301866543374,0.119,0.14,1
MINDY2,0.9836027156925032,-0.33020771577246844,0.405,0.369,1
SREK1,0.34731874145604397,-0.33064531198847136,0.452,0.512,1
DDX21,0.4730881983600409,-0.33155985721141956,0.214,0.256,1
MYH10,0.08216839703902902,-0.33183305709761823,0.476,0.674,1
DDX59,0.4271687485181851,-0.3320169125109462,0.119,0.167,1
TXNIP,0.15918310788965534,-0.3322050696733765,0.429,0.28,1
RPLP0,0.07361224205415455,-0.3323432919528486,0.405,0.546,1
MAPRE1,0.7227114782981625,-0.3326565467669962,0.095,0.11,1
PITPNA,0.924697683515662,-0.33284601357938887,0.429,0.41,1
JMY,0.3343298800816191,-0.33338721026242624,0.095,0.152,1
ATP5MPL,0.6186910497017544,-0.33338721026242624,0.119,0.145,1
DEK,0.8370775092658423,-0.3335460011976906,0.357,0.352,1
FBXW11,0.2765385568285011,-0.3337094442006059,0.476,0.569,1
AK3,0.2594810453352807,-0.3344610436137443,0.214,0.287,1
SPECC1L,0.2046820226174103,-0.33448939819046686,0.595,0.719,1
MCPH1,0.3736325627497776,-0.33477193576900166,0.381,0.459,1
COPE,0.8015414296769672,-0.33521225167075297,0.19,0.199,1
ANXA5,0.07669544818760084,-0.33588405379739233,0.405,0.553,1
PIBF1,0.39563377584053716,-0.3360269500684343,0.595,0.666,1
PITPNM2,0.4241583339551262,-0.3370349872775704,0.095,0.14,1
FOSL2,0.9368015604859604,-0.3370349872775704,0.143,0.141,1
PLCL1,2.746502169563733e-4,-0.33822680480994255,0.357,0.149,1
RBBP7,0.359969190057484,-0.3388554229019396,0.19,0.259,1
PCCA,0.6162374279949778,-0.3393369186647758,0.667,0.726,1
RO60,0.4728876047324078,-0.3394617246721108,0.19,0.239,1
TANK,0.2641684727583034,-0.3397819322066379,0.548,0.684,1
H2AFJ,0.9643020353693628,-0.34067356434091867,0.143,0.138,1
ETFA,0.5988720393514836,-0.34115801533300916,0.476,0.499,1
PSMD3,0.5108199839373042,-0.34158177654648014,0.071,0.101,1
LARP7,0.7550585738506237,-0.34158177654648014,0.167,0.178,1
MED17,0.7942392464500617,-0.34158177654648014,0.167,0.174,1
CPD,0.8310212820272369,-0.34158177654648036,0.238,0.239,1
LIPG,0.42841785841983915,-0.3422877687508743,0.071,0.111,1
COX8A,0.36580944499231843,-0.34285231387288495,0.119,0.169,1
FAM168B,0.48106849715437594,-0.34285231387288495,0.238,0.283,1
TUBB4B,0.7556139122711696,-0.34430298774160994,0.262,0.225,1
TRIR,0.5402033817922904,-0.3451082878132532,0.143,0.18,1
H3F3B,0.9238379338922308,-0.3455669206328569,0.524,0.5,1
ITCH,0.0785476268228643,-0.34659055963879504,0.714,0.842,1
UBR1,0.02887647458844878,-0.34671754067490984,0.429,0.628,1
ENPEP,0.06449853470361597,-0.3472741717824088,0.262,0.415,1
ESR2,0.7454090392859496,-0.34792330342030686,0.167,0.18,1
CPAMD8,0.782091934793666,-0.34792330342030686,0.095,0.105,1
TEX14,0.8114173498427302,-0.34792330342030686,0.143,0.152,1
IER2,0.9106604344428403,-0.34792330342030686,0.31,0.296,1
RCN1,0.573700911753755,-0.3479233034203071,0.167,0.199,1
STAU1,0.5317279292705284,-0.3489353659247285,0.381,0.422,1
AC022784.1,0.44312317300173515,-0.3494113850797158,0.214,0.27,1
ZC3H15,0.6732445705530117,-0.35022241950989486,0.214,0.234,1
SMCHD1,0.06772875892261902,-0.35058510314382135,0.571,0.748,1
BTBD3,0.39174707341333326,-0.35108364431363487,0.31,0.363,1
ARHGAP24,0.03054115389405082,-0.3516984902767526,0.548,0.733,1
AUH,0.27900807189708543,-0.3517531305722084,0.452,0.535,1
XPO4,0.7656268574031032,-0.3519141636163412,0.333,0.337,1
KLF13,0.7719433617601157,-0.35213555470722113,0.119,0.13,1
EIF4A3,0.8478246514663588,-0.35213555470722113,0.119,0.124,1
PPIB,0.20403608705140241,-0.35234584477987535,0.357,0.466,1
PSMB1,0.9480323964468809,-0.35238295161100686,0.333,0.301,1
KNTC1,0.5507883493987875,-0.3529765311465922,0.143,0.175,1
CCDC18,0.7615098697964467,-0.3535369098838337,0.143,0.155,1
TRIM33,0.05986910975870666,-0.35358520820629297,0.643,0.755,1
AC007319.1,0.006050533063003137,-0.3535998601867014,0.595,0.822,1
SERF2,0.29411595464478363,-0.3539631392446151,0.476,0.539,1
PIN4,0.7075670864135724,-0.35633554323650696,0.119,0.135,1
CTNNA1,0.04741357227174062,-0.3564645799559605,0.571,0.809,1
ECHDC2,0.5835954810521631,-0.356754870384028,0.286,0.309,1
RPL26,0.20435741764504253,-0.35678886454138037,0.333,0.433,1
TAF15,0.053988924105076684,-0.35715362947384593,0.476,0.653,1
STK24,0.3876706217275729,-0.357267215881665,0.381,0.448,1
CYREN,0.4228244835208023,-0.3580121210438909,0.071,0.111,1
KARS,0.6622628761677367,-0.3580121210438909,0.095,0.114,1
ACTR1A,0.6773886839305081,-0.3580121210438909,0.095,0.113,1
RPL8,0.12445832964576944,-0.3585705476198154,0.357,0.486,1
PLCB4,0.8119780112503147,-0.35873005837688954,0.095,0.105,1
ZNF706,0.6710233859029959,-0.35912875812818745,0.167,0.187,1
FAM193A,0.6939436965430092,-0.3592682770143163,0.381,0.376,1
PRSS12,0.4580070746858489,-0.3593824187953707,0.095,0.137,1
CCNL2,0.549176107695577,-0.3593824187953707,0.214,0.247,1
GNE,0.6216829032844402,-0.35955800390371007,0.214,0.242,1
FAM120A,0.0698599050815488,-0.3595580039037102,0.619,0.735,1
ACACA,0.09051153098976158,-0.3602563969036122,0.476,0.612,1
RABL3,0.51235779017726,-0.36052334019994037,0.071,0.101,1
SMYD2,0.8801368857435145,-0.3605233401999405,0.262,0.255,1
TKT,0.19756147580928352,-0.36166336004660926,0.119,0.211,1
CWF19L2,0.2529716885607226,-0.3623143957259287,0.19,0.277,1
UBA6-AS1,0.9916707288758418,-0.3626126889226675,0.19,0.182,1
ARID3A,0.20976286166590846,-0.3635971814892175,0.595,0.666,1
MICAL2,0.7547438558648696,-0.3636562296849033,0.143,0.121,1
KCNN4,0.04504734761404644,-0.36469901617113365,0.024,0.132,1
LTBP3,0.6608947930645985,-0.36469901617113365,0.119,0.139,1
OSBPL10,0.1119646017504219,-0.36493390627925426,0.476,0.666,1
HIVEP2,0.9453609469269401,-0.3661361066783365,0.405,0.398,1
YBX1,0.792914819824374,-0.36621445227779603,0.381,0.325,1
ENG,0.8054410962902672,-0.36645358621517266,0.31,0.268,1
ISYNA1,0.3312376273144054,-0.3667823306716227,0.095,0.148,1
SIAH1,0.3760835169597025,-0.3667823306716227,0.31,0.366,1
WASL,0.12319110781949785,-0.3667823306716229,0.476,0.597,1
SMARCA5,0.7412842528878403,-0.3686180543458064,0.31,0.315,1
KREMEN1,0.3210666773090247,-0.36945646496994833,0.095,0.154,1
NOL7,0.7817931527147663,-0.36945646496994833,0.143,0.152,1
YWHAZ,0.36901788145423553,-0.36990167251580164,0.762,0.792,1
ARCN1,0.6704941323811842,-0.36990167251580175,0.167,0.185,1
PPARG,0.18378453648484547,-0.3700142936142745,0.429,0.579,1
CCAR1,0.07030071337900572,-0.37301428438313716,0.429,0.57,1
SHROOM2,0.41499288512543114,-0.3730142843831372,0.119,0.168,1
TOMM20,0.766496655030271,-0.3730142843831372,0.214,0.223,1
PSME2,0.4421466151008358,-0.37301428438313744,0.071,0.109,1
AURKAIP1,0.4758736978575772,-0.37301428438313744,0.071,0.105,1
SRSF9,0.5148091433615765,-0.37301428438313744,0.167,0.203,1
CTDNEP1,0.6852389567323807,-0.37301428438313744,0.095,0.112,1
PFKL,0.7614938388920038,-0.37301428438313744,0.19,0.2,1
TNFAIP8,0.12755915235734458,-0.3732846291868681,0.619,0.724,1
ARF4,0.8013804763299386,-0.3756302325901488,0.357,0.342,1
KAT7,0.5561371572747941,-0.37656335146420794,0.143,0.173,1
TFCP2L1,0.36736186541165694,-0.37715401474406063,0.071,0.119,1
CRKL,0.3644148398282894,-0.3771540147440611,0.095,0.146,1
PPIA,0.344914875682188,-0.3772721183862938,0.548,0.392,1
RANGAP1,0.6158159972472913,-0.37798053727648684,0.095,0.118,1
TCEAL4,0.6694224006595633,-0.37798053727648684,0.095,0.114,1
HACD3,0.22761758312394845,-0.378334616316401,0.19,0.272,1
PLIN3,0.8078485398404378,-0.38010370916945657,0.143,0.15,1
TYW5,0.571225521377021,-0.3812819003667376,0.119,0.147,1
FLOT2,0.680905816940619,-0.3812819003667376,0.119,0.137,1
TMEM106B,0.24879603905909423,-0.38128190036673776,0.238,0.326,1
SLC30A9,0.16926652489874341,-0.3815989413615065,0.357,0.481,1
BARX2,0.9809716132074288,-0.38231202896522687,0.143,0.136,1
COG2,0.5487982727513802,-0.3829297532482201,0.095,0.124,1
INTS2,0.5712554288612519,-0.3829297532482201,0.095,0.122,1
OAT,0.6607961365757107,-0.3829297532482201,0.095,0.114,1
PABPC4,0.9770569356983372,-0.3829297532482201,0.214,0.201,1
SMARCA4,0.6277235151413194,-0.3838558440305644,0.31,0.321,1
RIC1,0.10813686523752555,-0.3843407020559274,0.452,0.58,1
PPFIA1,0.45230100372076976,-0.3843978735885941,0.571,0.585,1
SRSF10,0.8856663050615452,-0.38474887720107176,0.381,0.355,1
S100A10,0.931780345132776,-0.3853980088389697,0.214,0.212,1
SEC63,0.1775024375347481,-0.3864545413218454,0.5,0.6,1
DAZAP2,0.7918865178806778,-0.38676743945046765,0.19,0.197,1
ADH5,0.8932659804493317,-0.38676743945046765,0.19,0.188,1
POLE2,0.40087686263733,-0.3878620487904505,0.071,0.113,1
FBLIM1,0.7386025939147349,-0.3878620487904505,0.095,0.108,1
TNPO3,0.541191433283538,-0.3878620487904507,0.357,0.379,1
THOC7,0.19654494954567953,-0.3884774017709418,0.095,0.176,1
CCN1,0.8430764084371075,-0.3884774017709418,0.143,0.126,1
CREM,0.5329622614685958,-0.3887570209288842,0.31,0.349,1
DLG1,0.3946268563336106,-0.38921221406182904,0.905,0.873,1
COMT,0.6595797609553137,-0.38950240717170614,0.214,0.235,1
TFAP2C,0.4414047975637456,-0.38950240717170637,0.095,0.136,1
AKAP17A,0.6070758334217967,-0.38950240717170637,0.119,0.144,1
STK40,0.8291424163436648,-0.390321887478255,0.19,0.194,1
SUPT3H,0.06829086134667887,-0.3907492577075191,0.405,0.588,1
GUCY1A2,0.4671981857131624,-0.3911890654491987,0.214,0.168,1
RPL22,0.6339902249459308,-0.391322842796075,0.357,0.381,1
ERCC1,0.6672115152179647,-0.39277753920456737,0.095,0.114,1
YPEL3,0.6707062075382233,-0.39277753920456737,0.095,0.113,1
CIAO1,0.5793699281109275,-0.3935951618055893,0.119,0.146,1
NEDD1,0.7250175287110391,-0.3935951618055893,0.119,0.133,1
ATG13,0.7523474024350336,-0.39461653886834847,0.167,0.177,1
PAGE4,6.106028493602691e-4,-0.3952691716948431,0.19,0.501,1
PIK3C2A,0.030869629676222053,-0.39611469851447856,0.5,0.682,1
SKP2,0.7461254815153038,-0.3963887927569463,0.31,0.311,1
YTHDC1,0.13283194279271288,-0.3969969437186307,0.452,0.611,1
MRTFB,0.01600981351632158,-0.3971559797151414,0.381,0.616,1
PNRC2,0.7332442206466188,-0.39767633861740626,0.143,0.156,1
CAV1,0.5997538159175153,-0.3976763386174065,0.095,0.122,1
LUM,0.17071504248480368,-0.3995560718356291,0.333,0.221,1
BEX3,0.9425474650424716,-0.39955607183562925,0.214,0.207,1
DCUN1D5,0.44853398282986273,-0.40116532469728616,0.119,0.162,1
GTF2B,0.6110089939903551,-0.40116532469728616,0.143,0.167,1
ARPC1B,0.9209622194809011,-0.4013395527079914,0.333,0.314,1
UQCRB,0.42195826369677525,-0.40174600292645346,0.143,0.192,1
PINX1,0.46088377257578267,-0.40174600292645346,0.095,0.133,1
EPAS1,0.048056871343095206,-0.4030806765506123,0.786,0.867,1
PPIL2,0.7271692532825269,-0.40310001057242895,0.19,0.202,1
WDR73,0.4629294266213688,-0.4037765381538243,0.071,0.105,1
TECR,0.3092217469710976,-0.40432982484934543,0.167,0.228,1
COX6A1,0.3429408594830652,-0.40432982484934543,0.143,0.202,1
HUNK,0.8744085494670826,-0.404452748637678,0.238,0.215,1
NR2F2,0.8416067661243374,-0.40638303396830566,0.238,0.239,1
TRAPPC9,0.1790231837535321,-0.40641579010805273,0.571,0.692,1
TFAM,0.6176641752969831,-0.4074243151689685,0.095,0.117,1
MTFR1,0.8495747660278711,-0.4074243151689687,0.214,0.212,1
RNF217-AS1,0.6273666533980049,-0.40811808533905314,0.095,0.119,1
TOPBP1,0.7783829886497728,-0.40874849611635033,0.214,0.221,1
LYPLA1,0.2898482313620183,-0.4090931355295873,0.476,0.548,1
ABHD13,0.4615040892835702,-0.4098510525635084,0.071,0.105,1
GEN1,0.6421426206277121,-0.40985105256350884,0.167,0.187,1
PSMD8,0.6558513866816723,-0.40985105256350884,0.119,0.139,1
CENPJ,0.6988278942313805,-0.40985105256350884,0.119,0.135,1
CD99L2,0.11790785554436756,-0.4111974782710254,0.19,0.321,1
SF1,0.3042767510841893,-0.4114315110464414,0.405,0.474,1
AKAP9,0.04362316908624671,-0.4115819406426247,0.643,0.774,1
CST3,0.658522049536024,-0.4115819406426249,0.19,0.205,1
CAST,0.3139786862008119,-0.41168677623769234,0.762,0.785,1
CEP85L,0.13806078169837366,-0.4119194329047379,0.381,0.543,1
HSPA5,0.6098463537118697,-0.4122737148303643,0.333,0.347,1
JPT2,0.6203989890336749,-0.41227371483036457,0.19,0.215,1
BRMS1L,0.6742176370332778,-0.41227371483036457,0.095,0.113,1
PPP2R3A,0.23780159734700015,-0.412484188977778,0.286,0.367,1
NUP98,0.16808745015590215,-0.41264607127607283,0.381,0.49,1
REEP3,0.07221027485121123,-0.4128787452610767,0.262,0.395,1
CTDSPL,0.29232512572072933,-0.4130379216324954,0.405,0.497,1
PERP,0.45100017845853085,-0.4131536752363514,0.143,0.186,1
CNTN5,0.5770466545612134,-0.41343514924775837,0.214,0.26,1
PSPC1,0.29734731197584874,-0.4142223495871914,0.714,0.801,1
RRBP1,0.09310055442147404,-0.41439021217867633,0.643,0.78,1
DNAJA1,0.8480138653167264,-0.4154976157046508,0.262,0.258,1
RNPS1,0.41293401251235956,-0.4159000972363138,0.143,0.191,1
HSD17B12,0.5579681200487687,-0.41710686856630774,0.095,0.123,1
MAP3K4,0.17673891523945015,-0.41791082235746035,0.476,0.578,1
ZNF703,0.3780101169467807,-0.41791082235746035,0.071,0.115,1
MTIF3,0.38941541359054244,-0.41791082235746035,0.095,0.142,1
SH3YL1,0.13479867480806162,-0.41812231470422756,0.238,0.344,1
UBE2D2,0.2764708178635892,-0.4183572698438913,0.429,0.497,1
MCFD2,0.8444503004791323,-0.4189151349917455,0.167,0.169,1
MIR4435-2HG,0.3157898029821665,-0.4193453407623075,0.262,0.334,1
OSMR-AS1,0.7863324304704684,-0.4206578075200915,0.214,0.231,1
ACOX3,0.639529604844945,-0.4219238848640834,0.143,0.164,1
FLT1,0.03613749190449582,-0.42192388486408383,0.524,0.722,1
GSTA3,0.17389772723943311,-0.42192388486408383,0.048,0.117,1
TPI1,0.28944157640332313,-0.42192388486408383,0.143,0.209,1
MIR3936HG,0.39024544043483084,-0.42192388486408383,0.119,0.17,1
PEX1,0.5298940295793585,-0.42192388486408383,0.095,0.125,1
UQCRH,0.6965711373318814,-0.42192388486408383,0.167,0.184,1
APP,0.11532475290689266,-0.42220673851480606,0.619,0.729,1
JARID2,0.1606341859707459,-0.42331042513504613,0.524,0.634,1
ARHGAP32,0.17837541349816394,-0.4234644029398661,0.619,0.72,1
ISM1,0.4189930094948407,-0.4244527111748224,0.167,0.214,1
TOR1AIP2,0.5164912323650714,-0.424593071640068,0.429,0.458,1
RAD23A,0.3091535767411634,-0.4253547902643571,0.095,0.152,1
ABHD17C,0.5370317241630786,-0.4253547902643571,0.095,0.125,1
NCAPD2,0.5335007331487895,-0.4259258154215799,0.095,0.126,1
NET1,0.6919488661062956,-0.4259258154215799,0.214,0.229,1
DHX15,0.10077777746697951,-0.42592581542158015,0.476,0.601,1
TMEM154,0.23460697223733185,-0.426724871127905,0.048,0.106,1
PEX26,0.509982950165706,-0.426724871127905,0.095,0.128,1
RAPGEF2,0.07911917983114121,-0.4267787241315466,0.69,0.814,1
COPS3,0.47513043223336243,-0.4279226254855266,0.071,0.104,1
SNHG29,0.39539968923500074,-0.4284667307308556,0.167,0.216,1
YAP1,0.02615849690286715,-0.4291606361801088,0.595,0.778,1
MESD,0.5871256759064276,-0.4293034152296813,0.238,0.264,1
KRTCAP2,0.8151531781951005,-0.42991667561761426,0.119,0.126,1
AC008014.1,0.29238969381385127,-0.4302631857768131,0.381,0.478,1
ZNF331,0.4197814788534495,-0.4315099336932816,0.357,0.4,1
TNIP1,0.5599374344376409,-0.43150993369328194,0.095,0.123,1
TEX10,0.8160244845578049,-0.43179091432342087,0.333,0.319,1
SMARCB1,0.35711463268007476,-0.4325711290635925,0.143,0.196,1
HMGN2,0.9533541316025008,-0.43281220100681983,0.381,0.353,1
PFN1,0.7047623384580357,-0.43326885845809304,0.429,0.43,1
GNG12,0.07626474389285232,-0.4346263275949873,0.548,0.653,1
KRT7,0.19991354057663416,-0.4353861446706464,0.119,0.211,1
SSR4,0.8892231478183403,-0.43559882176116016,0.143,0.128,1
OPN3,0.9092705188620779,-0.43559882176116016,0.143,0.141,1
GFPT1,0.04204333562973755,-0.43559882176116027,0.381,0.561,1
BET1,0.49560103226412444,-0.43588234245400326,0.167,0.21,1
LHPP,0.5161261209254817,-0.43627917784115366,0.095,0.127,1
TMEM30A,0.5222483377220876,-0.4362791778411539,0.19,0.225,1
TRIM27,0.5270984935476306,-0.4368742263300551,0.167,0.199,1
LIN54,0.7187534553085699,-0.4368742263300551,0.167,0.179,1
ANKDD1A,0.37727639061117063,-0.4378654287331054,0.095,0.143,1
RAB11FIP1,0.8716511773140778,-0.43847506112793133,0.286,0.247,1
SF3A3,0.4816878276309203,-0.43984579286134595,0.071,0.103,1
NISCH,0.47162607054707967,-0.4398457928613462,0.143,0.183,1
NIN,0.08800729494334786,-0.4402415396861809,0.333,0.48,1
HEATR5A,0.7980332622735399,-0.44061997857398866,0.452,0.417,1
DUBR,0.26709456069662346,-0.4410327078117886,0.214,0.293,1
ECT2,0.8959867836684856,-0.4410327078117886,0.167,0.15,1
DCP2,0.14798780412031987,-0.441625799306632,0.548,0.645,1
COG4,0.5490133516570164,-0.4418234423017884,0.119,0.148,1
NDUFA11,0.6800504638375591,-0.4418234423017884,0.119,0.137,1
HGF,0.5094910192919002,-0.4420654172623908,0.381,0.454,1
AP1S3,0.2957637905548463,-0.44212745558726474,0.119,0.186,1
PEG3,0.06797578888458472,-0.44215278713620354,0.429,0.616,1
NPRL3,0.48610618049984256,-0.4428112513379072,0.143,0.181,1
NEDD8,0.806073826185713,-0.4428112513379072,0.167,0.172,1
NUP160,0.4520716377917309,-0.44281125133790733,0.286,0.322,1
AP2M1,0.9395478132601495,-0.4439501911940824,0.238,0.225,1
DAPK1,0.7343474850256152,-0.4443451795718789,0.643,0.662,1
UBA6,0.14380699644330194,-0.4451135122359735,0.524,0.634,1
APLP2,0.4163494333135483,-0.44577062681845137,0.5,0.567,1
ISCU,0.49897627577913967,-0.44577062681845137,0.071,0.102,1
CCNE1,0.7783527345363563,-0.44577062681845137,0.095,0.107,1
PRDX2,0.9928751994617335,-0.44577062681845137,0.143,0.137,1
P2RY6,0.10441604594399907,-0.44940462128619063,0.119,0.227,1
RASAL2,0.4126097353331967,-0.44947233278461374,0.762,0.844,1
ATAD2,0.6856471953528454,-0.45006436522858495,0.143,0.161,1
ADGRG1,0.4218034458658625,-0.45049303706085464,0.071,0.111,1
TMEM189,0.5639430501846849,-0.45049303706085464,0.095,0.122,1
ITPRID2,0.6933178706796406,-0.4507411572851979,0.31,0.323,1
ZNF718,0.9291451607513189,-0.45082976131046104,0.286,0.265,1
LINC01588,0.5077526476049754,-0.45167122825813566,0.071,0.101,1
PAPOLA,0.18686781541612926,-0.45363274459142183,0.714,0.778,1
GPHN,0.25809745458778954,-0.4540247280311079,0.405,0.509,1
COX4I1,0.8677399387571905,-0.4540938905249915,0.31,0.268,1
SHTN1,0.7763303918287856,-0.45441660499695297,0.429,0.414,1
RPL19,0.06303631124180192,-0.45491229681799417,0.405,0.53,1
STK3,0.5309298263247622,-0.4554264958140173,0.929,0.927,1
COX6C,0.8452901527169464,-0.4554764445751103,0.286,0.277,1
PURA,0.4795202972237574,-0.45559159762947865,0.214,0.255,1
IGFBP3,0.6131078417003681,-0.4557294448324891,0.405,0.363,1
NEDD4L,0.838657832182093,-0.45624395804795975,0.333,0.341,1
CDC5L,0.694942862721691,-0.4562439580479598,0.19,0.203,1
ZNF438,0.3749618071966564,-0.45664526404244987,0.19,0.242,1
EPB41L3,0.11533968789046743,-0.4571288327678768,0.381,0.522,1
PARPBP,0.39860435064042266,-0.45754779459480455,0.071,0.115,1
TAF13,0.4668391027522263,-0.457547794594805,0.071,0.105,1
DHCR24,0.5114863284974516,-0.457547794594805,0.071,0.1,1
UBE2B,0.24709069869812844,-0.4589546158090507,0.381,0.446,1
DNAJB6,0.2895498504802483,-0.45950134268056003,0.357,0.44,1
CRNDE,0.24937077593566853,-0.45989173506310443,0.048,0.103,1
MBD2,0.35022281716981307,-0.46080224001026426,0.452,0.533,1
ERBB3,0.4043317202330897,-0.46145224905072135,0.095,0.14,1
SKA2,0.6952552734033024,-0.46145224905072135,0.119,0.135,1
EGFL6,0.8703093695269322,-0.46250164539628047,0.333,0.297,1
HS6ST2,0.02734236457771895,-0.4637732942045897,0.119,0.275,1
FMR1,0.137634931379822,-0.46390108004524894,0.429,0.579,1
SLIT3,0.9671325074779409,-0.4641621724413326,0.167,0.162,1
R3HDM2,0.1813560434022054,-0.4645682222725775,0.714,0.749,1
SUMF2,0.5378321558777867,-0.46456822227257755,0.095,0.124,1
IER3IP1,0.5397617206178731,-0.46456822227257755,0.095,0.124,1
BRK1,0.5910219441981364,-0.46456822227257755,0.095,0.12,1
LSM14A,0.14793195028740003,-0.4648600000146761,0.667,0.742,1
SKP1,0.7049903011565744,-0.4648600000146761,0.31,0.311,1
MTMR4,0.8892152376763818,-0.46564526229340153,0.238,0.211,1
RBM3,0.5530111028746969,-0.46612368877461874,0.286,0.31,1
SYNJ2,0.1774322952169527,-0.4666418051532846,0.095,0.179,1
ATF1,0.8129764187353969,-0.4666418051532846,0.19,0.193,1
RPS5,0.2694640294232939,-0.4667781206483441,0.214,0.277,1
ARL6IP5,0.6274193808457806,-0.46711265863033913,0.19,0.214,1
BCLAF1,0.3011302782776863,-0.4675049191729792,0.476,0.523,1
TMED4,0.7660172699971436,-0.46922959964244026,0.167,0.175,1
AMBRA1,0.29679231845791937,-0.46922959964244043,0.548,0.583,1
CAVIN1,0.5800993788517363,-0.4692295996424405,0.119,0.146,1
PDE4B,0.10524271151831521,-0.4696377747875846,0.381,0.536,1
ERC1,0.3427376584334483,-0.4697706441043932,0.857,0.9,1
CDC42,0.29331177027608996,-0.4707800512058404,0.476,0.538,1
EIF3F,0.6268636790225341,-0.47134343890835817,0.19,0.214,1
BNIP3L,0.6880710427640999,-0.4714440207078825,0.357,0.298,1
BARD1,0.9094614126651617,-0.47181276065644306,0.143,0.142,1
TCP1,0.5863986494906376,-0.4725499579340515,0.143,0.168,1
DDOST,0.7249749662099058,-0.47310260878964705,0.119,0.132,1
SYDE1,0.3875009830048548,-0.47387596449880576,0.071,0.114,1
GNL3L,0.4750701613346718,-0.47387596449880576,0.095,0.13,1
CYB5R3,0.5563402973184037,-0.47387596449880576,0.095,0.122,1
ARHGDIA,0.5790787605275759,-0.47387596449880576,0.095,0.12,1
AC119674.1,0.04890135077109999,-0.4741200959895121,0.095,0.226,1
YWHAB,0.9155562420055166,-0.47427928992521984,0.381,0.352,1
SLC13A4,0.43033740646353486,-0.4750352213236462,0.143,0.191,1
ANXA2,0.14374342255391054,-0.47570877987777793,0.524,0.611,1
CLK4,0.5230857434721847,-0.4758626919748874,0.143,0.175,1
AUTS2,0.06270573345426125,-0.4785074132304512,0.548,0.721,1
GPBP1,0.052773212177865424,-0.47916783669855956,0.548,0.732,1
NECTIN4,0.35859303392247593,-0.4808175739176521,0.071,0.117,1
HDLBP,0.1270979913881565,-0.4810740302405904,0.619,0.728,1
HMG20B,0.7034874070389538,-0.4824654267991346,0.143,0.158,1
YIPF6,0.34592788549782794,-0.4831240413008213,0.167,0.227,1
FAM98B,0.49182044208215686,-0.48312404130082154,0.095,0.129,1
AL450306.1,0.5093088697690016,-0.48312404130082154,0.095,0.127,1
CHPF,0.662789833491224,-0.48312404130082154,0.095,0.114,1
USP46,0.5127301812124782,-0.48370008245077356,0.143,0.178,1
SPINT2,0.18824430437068138,-0.48465964021204644,0.143,0.233,1
MCM9,0.4031670238927233,-0.48465964021204644,0.31,0.353,1
SERTAD2,0.585158027521888,-0.48496656395342075,0.357,0.377,1
NABP1,0.8455517913489463,-0.4856185601814734,0.333,0.297,1
HINT1,0.2962396454612678,-0.4857554967333191,0.095,0.156,1
COPS6,0.43796083458793555,-0.4865768432063371,0.071,0.107,1
RNF213-AS1,0.44121655372659563,-0.4865768432063371,0.071,0.107,1
DMD,0.6723575863584024,-0.48903808072262056,0.262,0.277,1
BBOX1-AS1,0.5424315051815878,-0.48961658572571654,0.19,0.229,1
WEE1,0.34743798109872837,-0.4897665306451353,0.143,0.201,1
CKAP4,0.9886469704353945,-0.4897665306451353,0.167,0.156,1
KPNB1,0.24681052868423545,-0.49055060405622175,0.405,0.483,1
EXOC2,0.11273155659959769,-0.4906765761183748,0.405,0.522,1
PLTP,0.331880456759692,-0.491523344112215,0.31,0.223,1
CLPTM1,0.4320136942123453,-0.49231321275548146,0.071,0.108,1
CCND1,0.9235771354656828,-0.49231321275548146,0.119,0.108,1
GK5,0.4333950438484178,-0.4923132127554817,0.143,0.187,1
OXR1,0.028084185348550034,-0.49551564479382554,0.357,0.548,1
SCAPER,0.15834648230935056,-0.496315143312978,0.714,0.799,1
HLA-B,0.7498546498041946,-0.4966005711585799,0.238,0.199,1
CDK2,0.5235888079801732,-0.49688594254530605,0.095,0.125,1
LHFPL6,0.35197640280802206,-0.4978727380973824,0.286,0.208,1
CREB3L2,0.0252799713167065,-0.4981235107454828,0.548,0.713,1
SRRM2,0.08471027743260941,-0.49875774954273466,0.548,0.68,1
ATP5F1D,0.5199218470874192,-0.49884125575297933,0.119,0.152,1
AC011287.1,0.013766925296361759,-0.5000098354611922,0.429,0.71,1
NPAS2,0.3123033988373473,-0.502297301328104,0.119,0.181,1
CEBPB,0.6036991120603914,-0.5031199677120646,0.286,0.301,1
NID2,0.8870262622037931,-0.503717976027731,0.119,0.121,1
ATP5MG,0.3219139717875518,-0.5037179760277313,0.167,0.232,1
PLEKHA8,0.45217484515710676,-0.5045915425339182,0.214,0.26,1
SMS,0.23400934000040016,-0.5048535093731619,0.262,0.348,1
NDUFS5,0.20198973475964463,-0.5053398930517212,0.071,0.141,1
PPP1R15B,0.5405220809790598,-0.5059881496525584,0.19,0.221,1
LMAN1,0.20439698974134296,-0.5068127824505966,0.333,0.407,1
TFDP2,0.2709714790290052,-0.5070912681267611,0.381,0.488,1
HLA-A,0.7048909524216396,-0.5082547566245035,0.19,0.156,1
SLC19A1,0.34269240598049755,-0.5085782671182657,0.095,0.149,1
DBI,0.5898737674430757,-0.5085782671182657,0.119,0.145,1
FSCN1,0.9158314802762881,-0.5085782671182657,0.119,0.119,1
SMARCA2,0.52067889536540235,-0.5086793492721616,0.595,0.632,1
OBI1,0.4693289286268684,-0.5093867261144229,0.071,0.104,1
DUSP9,0.3348722859946675,-0.5105178081330723,0.119,0.179,1
ZNF91,0.1785969680852995,-0.5106764855464405,0.643,0.705,1
RP2,0.27369374057843215,-0.5118093883812787,0.095,0.157,1
VTI1B,0.5622577985604003,-0.5118093883812787,0.143,0.171,1
PSMB6,0.5988168264503084,-0.5118093883812787,0.119,0.144,1
GCLC,0.7658102314871871,-0.5122127701931865,0.143,0.156,1
TDP2,0.2493107721016864,-0.5150332892555651,0.071,0.133,1
VPS28,0.4827672066564435,-0.5150332892555651,0.071,0.103,1
NDUFA13,0.7475129188401859,-0.5150332892555651,0.262,0.263,1
TMEM40,0.05126478060893366,-0.5150332892555654,0.048,0.162,1
ENOSF1,0.3663456443584409,-0.5158679407343784,0.5,0.52,1
USP47,0.05030426181683969,-0.5172857409869438,0.714,0.808,1
DVL3,0.6111499397285935,-0.517285740986944,0.214,0.232,1
SON,0.06778341760042035,-0.5182500019391081,0.714,0.811,1
KDM5B,0.7945645306706743,-0.5184106494578854,0.381,0.357,1
MRPS21,0.5169613748535608,-0.5187854241166727,0.119,0.151,1
PRDX6,0.3342921889535588,-0.5187854241166729,0.262,0.326,1
RGL3,0.5093123122160689,-0.519534681490506,0.095,0.127,1
RAD21,0.244402256228121,-0.5201474209522072,0.31,0.386,1
EZR,4.300785565716126e-4,-0.52141623358907,0.5,0.787,1
CD164,0.36919611285222087,-0.5214595584149981,0.333,0.389,1
AL139383.1,0.6236698550763562,-0.5217801216961502,0.119,0.145,1
SETD3,0.09283312160700348,-0.5225278258024895,0.333,0.464,1
TMA7,0.4781894222250812,-0.5225278258024895,0.143,0.183,1
NFE2L3,0.6066310586345643,-0.5225278258024895,0.143,0.166,1
ATAD1,0.3866099645435142,-0.5229015325889048,0.333,0.377,1
FAM135A,0.33852365856054145,-0.523010009978398,0.405,0.481,1
EIF4H,0.10152250754333271,-0.5230616630114999,0.19,0.305,1
RPS20,0.04526074528687321,-0.52556139514205,0.262,0.425,1
LRIF1,0.408474119524516,-0.5262605446788196,0.071,0.11,1
WIPI1,0.1999266383181709,-0.5278573296131488,0.095,0.171,1
RPL38,0.27745132805189643,-0.528330111869023,0.31,0.368,1
SEC62,0.7865292211568387,-0.5284955490621277,0.452,0.419,1
BCKDHB,0.028106385630005944,-0.5290537595704998,0.262,0.443,1
USP53,0.06212546125483865,-0.5295461189544568,0.357,0.515,1
MED13,0.03141170550617526,-0.529546118954457,0.619,0.779,1
TLL1,0.025888733629223223,-0.5316618802313069,0.048,0.184,1
WDR83OS,0.25839734407541287,-0.531841576942119,0.048,0.102,1
POLR3E,0.3341659047301428,-0.531841576942119,0.071,0.119,1
ADIPOR1,0.4421377508513671,-0.531841576942119,0.071,0.107,1
MOB3B,0.2661437309161633,-0.5321692015695947,0.19,0.27,1
AL807742.1,0.67882544431442,-0.5322699941808691,0.119,0.138,1
STARD4,0.4948852659757462,-0.5336971335206009,0.119,0.153,1
RAB5B,0.16487532710594802,-0.534226854488876,0.095,0.179,1
RCOR1,0.03199403268738915,-0.5342904079366468,0.524,0.703,1
PARP1,0.8646021679798797,-0.5359206557293886,0.286,0.272,1
TAX1BP1,0.008269356835263603,-0.536013228159777,0.548,0.718,1
SSB,0.7746207673896806,-0.5374011022840195,0.167,0.174,1
CEP128,0.38327654237295794,-0.5374011022840196,0.167,0.214,1
EIF1,0.9898697611216406,-0.5374011022840198,0.429,0.369,1
HDGF,0.36222049585449373,-0.5374011022840199,0.095,0.145,1
MXD4,0.6301750408635092,-0.5374011022840199,0.119,0.139,1
TANC2,0.010773229125365623,-0.538325610512318,0.333,0.548,1
TIMP2,0.8785372513182369,-0.5388323474816514,0.429,0.369,1
CASP4,0.42986868054779886,-0.5396189275338386,0.167,0.209,1
TBL1X,0.053453355475248196,-0.5401386648528503,0.405,0.574,1
CALM3,0.9574987274576263,-0.5401728515340734,0.167,0.152,1
PDS5A,0.005248215452516978,-0.5410284977885096,0.595,0.81,1
GFM1,0.5252259887639731,-0.5410955858417612,0.119,0.15,1
PGM2,0.5407948688398099,-0.5410955858417612,0.119,0.148,1
CUL1,0.09303470618514711,-0.5412010036227362,0.5,0.62,1
TMEM185A,0.4041591680902264,-0.5429392858254496,0.071,0.111,1
RPS4X,0.17519877143877655,-0.5430972076734415,0.381,0.453,1
GSTO1,0.2776031138020494,-0.5437287222560307,0.095,0.158,1
SCLT1,0.673657224623798,-0.5447806326496173,0.452,0.476,1
LAMA5,0.4959401011482561,-0.5462520198662855,0.095,0.128,1
BRD4,0.10371333183656654,-0.5474983259232297,0.595,0.683,1
MTMR1,0.3457393002812516,-0.5477219079617396,0.238,0.296,1
CBLB,0.9017729811260445,-0.5478006097196517,0.81,0.828,1
RIMKLB,0.01481194702900327,-0.5479556157781382,0.5,0.648,1
DYNLRB1,0.4266055704534181,-0.5484562907930153,0.071,0.108,1
RFWD3,0.36282057626788167,-0.5500287106117687,0.119,0.17,1
RPL29,0.19222770889715884,-0.5506571989862861,0.214,0.298,1
FBLN5,0.4653708947380303,-0.5506571989862867,0.071,0.105,1
RSF1,0.06185416482775659,-0.5507904795111991,0.476,0.616,1
LSS,0.7097963978707946,-0.5515994184869955,0.214,0.228,1
NFAT5,0.015196468449081782,-0.5518824789887513,0.857,0.907,1
MSH2,0.514799824109073,-0.5521226079907855,0.119,0.151,1
SNX9,0.0068359255228207525,-0.553006186940161,0.571,0.759,1
PSMG4,0.20392879088968446,-0.5539522785478677,0.048,0.111,1
TRIM16,0.4713426478409261,-0.5539522785478677,0.071,0.104,1
PURB,0.3368327220019576,-0.5557796315988743,0.095,0.147,1
NOSTRIN,0.35392932257653487,-0.5557796315988743,0.071,0.117,1
BCAR3,0.2026180953206706,-0.5564435501751972,0.548,0.623,1
RFX3-AS1,0.9039659920997932,-0.5566924408927798,0.167,0.163,1
SLC45A4,0.6967346780884087,-0.5574388555205647,0.19,0.206,1
PABPC1,0.335009164296735,-0.5577186614749162,0.69,0.746,1
SHISA5,0.26606714610960797,-0.5594274086140185,0.071,0.13,1
NOP56,0.26617857917575555,-0.5594274086140185,0.071,0.13,1
TMEM94,0.37065543066008694,-0.5594274086140185,0.071,0.114,1
GRHL1,0.047599240412777515,-0.5603774877006356,0.167,0.332,1
RBPMS,0.1537960159082861,-0.5612478442383875,0.571,0.669,1
TALDO1,0.5683395702333556,-0.5630659856773668,0.119,0.145,1
FOLR2,0.1488249870751497,-0.5633963108169642,0.19,0.108,1
ATP5PF,0.5794441089582363,-0.5637926011754208,0.095,0.12,1
Z94721.1,0.23970022993870013,-0.564881838706127,0.048,0.105,1
SEC24A,0.4686494667536453,-0.566137630203571,0.262,0.293,1
SNX7,0.3456669244686478,-0.5666954090780578,0.095,0.146,1
NUP50-DT,0.43497726867266306,-0.5666954090780578,0.143,0.187,1
BANK1,0.8492341108953206,-0.5666954090780578,0.095,0.101,1
RPL36AL,0.6317842756045917,-0.5681446257151277,0.167,0.19,1
PPDPF,0.9165072828028812,-0.5687652731933546,0.143,0.139,1
CEBPZ,0.5164399887150032,-0.5703157247567547,0.167,0.198,1
KLHL42,0.19729679863729668,-0.570315724756755,0.167,0.255,1
MTAP,0.2873740145337776,-0.5712193859456418,0.357,0.421,1
RANBP10,0.40349214566288105,-0.5718645118522412,0.143,0.187,1
PPM1H,0.5442701164423707,-0.5718645118522412,0.286,0.312,1
CDKN1C,0.04861512307276345,-0.5722461491641296,0.476,0.635,1
SLAIN2,0.08668729584114614,-0.5724835614394649,0.429,0.564,1
LINC02055,0.0030212777752465056,-0.5730250120147411,0.31,0.569,1
SEC23B,0.450952774335601,-0.5739269783091339,0.119,0.157,1
PHF20,0.22923245507214518,-0.5746481455527879,0.286,0.358,1
BBX,0.03374311437617571,-0.5750806729255042,0.714,0.84,1
AC063944.1,0.1755233146796483,-0.5764338339197084,0.119,0.205,1
INTS4,0.18664501721576923,-0.5784283705440743,0.119,0.205,1
CDK7,0.7472876935583148,-0.5794651618505635,0.214,0.224,1
RAC1,0.2920375767054213,-0.579583604857148,0.429,0.481,1
GSE1,0.09299114397344005,-0.5800967455493401,0.643,0.728,1
AC108690.1,0.1460281104945564,-0.5811224797133379,0.19,0.295,1
CSNK2A2,0.28421164933316845,-0.5811224797133379,0.167,0.234,1
DNMT1,0.9336615353842589,-0.5823182485682745,0.333,0.293,1
RPS17,0.3801402012772632,-0.5832741505683864,0.262,0.306,1
PA2G4,0.614910552620431,-0.583513027138332,0.167,0.189,1
GPNMB,0.5121775773860011,-0.5864956518121893,0.119,0.156,1
CMAS,0.5544337986439978,-0.5864956518121893,0.167,0.194,1
IMMP2L,0.05364023784373829,-0.5877549091319632,0.762,0.854,1
RBM25,0.09544364731078002,-0.5878358237997726,0.548,0.629,1
LAMB1,0.015836781391157226,-0.5880892298674518,0.31,0.51,1
ZNF292,0.16763286396395402,-0.5887583297102197,0.714,0.836,1
RPL15,0.10269295681467175,-0.5888773197751053,0.357,0.461,1
REEP5,0.5610801027060306,-0.5893806307156464,0.262,0.279,1
CHD1,0.1381654571424585,-0.5899617767621306,0.524,0.615,1
CDK5RAP2,0.27307627571967896,-0.5900666809643866,0.19,0.263,1
MIS18BP1,0.64771404159105594,-0.5906609940689351,0.31,0.315,1
USP25,0.2066900613352587,-0.5909580588369749,0.786,0.777,1
HELLS,0.5047743700349042,-0.5928200711568641,0.167,0.202,1
SBDS,0.5676281002786727,-0.5939846306503873,0.095,0.12,1
MICAL3,0.06193468940801844,-0.5948989826663461,0.286,0.42,1
CALR,0.3063535706914866,-0.5951616203472316,0.357,0.414,1
RPS12,0.0049652238569795415,-0.5959532846391324,0.381,0.598,1
C1orf56,0.41547271895026505,-0.5971823306094364,0.071,0.109,1
ITGB8,0.7913767492976813,-0.5975917800348864,0.167,0.173,1
UPP1,0.18310705013941145,-0.5982466575045469,0.048,0.115,1
PARD3,0.10410905955674246,-0.5993919782662835,0.667,0.789,1
LINC02267,0.15405618094648027,-0.5997559681609923,0.19,0.307,1
KIAA2026,0.05359842259918338,-0.6010810298128604,0.429,0.583,1
MTF1,0.40545054533428776,-0.6024961305059047,0.071,0.11,1
WBP4,0.4553108656866428,-0.6024961305059047,0.119,0.157,1
ALDH7A1,0.342017025778766,-0.6033119038049313,0.31,0.36,1
EEF1G,0.15656266609266636,-0.6039098445248481,0.333,0.427,1
SRSF3,0.34117071430810764,-0.6039098445248481,0.262,0.321,1
EID1,0.6250293780581413,-0.605145708919854,0.143,0.163,1
LATS1,0.34390409338897227,-0.6060278214761579,0.238,0.287,1
HMGN3,0.14252015283579267,-0.6069093950085624,0.357,0.454,1
ZBTB44,0.13939105921661193,-0.6077904301754177,0.214,0.326,1
DNAJC21,0.43122580908127245,-0.6082707681325397,0.214,0.253,1
UBAC1,0.24876260476070286,-0.6085451751787097,0.095,0.164,1
SLC16A1,0.6547179010071187,-0.6085451751787097,0.143,0.16,1
RPL31,0.13109558993003806,-0.6086923964698103,0.452,0.569,1
PRMT3,0.6555898300827947,-0.6095508880398552,0.238,0.247,1
TMEM63A,0.27329746694074414,-0.6104303120481216,0.143,0.209,1
EZH2,0.2165710281394651,-0.6104303120481219,0.143,0.216,1
MGLL,0.4479664560419026,-0.6109577092541008,0.167,0.209,1
PSMA7,0.573844039142819,-0.611309200312214,0.214,0.24,1
TBC1D8,0.04054173857323017,-0.6123631599652417,0.119,0.268,1
TSGA10,0.46502120429052035,-0.6145689628064794,0.119,0.157,1
CAMK2G,0.2229234018663141,-0.6149787611449511,0.333,0.394,1
TTC7B,0.003677841269859999,-0.6157929531193622,0.524,0.713,1
CTNNAL1,0.31575160469727487,-0.6165713157176276,0.167,0.229,1
KLHDC2,0.40709902689670113,-0.6165713157176276,0.119,0.162,1
RPS29,0.13547169274395693,-0.61677728260225,0.381,0.471,1
POSTN,0.2411327224734986,-0.6175714509680028,0.048,0.104,1
ATAD2B,0.03209178647591116,-0.6184628789109708,0.5,0.667,1
CRYBG2,0.14129052118003232,-0.6200687599538544,0.048,0.124,1
ERGIC3,0.4584785104546106,-0.6205677034279227,0.143,0.18,1
ARFGEF3,0.29069877680662276,-0.6209417978267227,0.095,0.155,1
NAALADL2,0.06604888806613596,-0.6210281135294493,0.452,0.617,1
CPPED1,0.46938859403991867,-0.6224568722367924,0.31,0.339,1
TLE5,0.2745768736184113,-0.623557746033734,0.167,0.23,1
ALG6,0.3550225576166903,-0.6235577460337343,0.071,0.116,1
MICALL1,0.38833954781374613,-0.6235577460337343,0.095,0.139,1
CATSPER2,0.45042568274373074,-0.6235577460337343,0.095,0.131,1
ZCWPW2,0.5138121567329011,-0.6235577460337343,0.095,0.125,1
RBM33,0.022360103447536188,-0.6235577460337345,0.429,0.612,1
SIL1,0.044506029555112035,-0.62499899994070085,0.429,0.568,1
UQCRC1,0.3028088952393809,-0.6270383147686962,0.095,0.152,1
TGOLN2,0.6910339786448738,-0.6277334220049278,0.214,0.223,1
PRKAB2,0.39564443123499177,-0.6287754553047535,0.071,0.111,1
NME2,0.4580709486145798,-0.629519304272451,0.119,0.157,1
RPL24,0.54440247639199435,-0.6302627699116249,0.381,0.399,1
MEST,0.0910975099046204,-0.6303064912553933,0.31,0.461,1
LY6E,0.807667754898828,-0.6305105066755012,0.119,0.125,1
HLCS,0.11465645911238725,-0.6313772504930335,0.333,0.447,1
DSG2,0.25642198731748045,-0.6313772504930335,0.119,0.186,1
COG3,0.3052000078036663,-0.6316660494212103,0.31,0.367,1
RPSA,0.07361524987588701,-0.6318970469464635,0.333,0.475,1
PRKCSH,0.42124969508271104,-0.631897046946464,0.095,0.135,1
RPL17,0.1031757376044939,-0.6321837510493326,0.333,0.443,1
LAMC1,0.008060525437692645,-0.6328206673627021,0.381,0.621,1
PTPN3,0.09331580669246467,-0.6328206673627024,0.19,0.319,1
ARHGEF12,0.015342936163712862,-0.6329564440359838,0.5,0.724,1
HSPA9,0.22445375850192428,-0.6330304986540165,0.19,0.271,1
GNAS,0.08078057758105008,-0.6330945089049709,0.69,0.74,1
SLC25A6,0.5433227765251181,-0.6345847681827582,0.286,0.304,1
PLEC,0.706409527538062,-0.6349176081982819,0.214,0.224,1
GJA1,0.9576768942170052,-0.6353275229732769,0.262,0.247,1
ITPRIPL2,0.32396176779605923,-0.635456329280303,0.119,0.175,1
IKZF2,0.240601677102827,-0.6354563292803033,0.333,0.419,1
PARP8,0.373890071873865,-0.6357627532343504,0.524,0.627,1
EGR1,0.9118300383885654,-0.6360486902169313,0.19,0.183,1
PTPN1,0.13360794204370968,-0.6363675530850407,0.405,0.514,1
UVRAG,0.048071795358239085,-0.637323719058993,0.667,0.777,1
GLO1,0.6739163980032268,-0.6374299206152918,0.19,0.203,1
SELENOP,0.506986493705668,-0.638120040236626,0.429,0.334,1
PALM2-AKAP2,0.0683085456693996,-0.6382218332237835,0.5,0.66,1
CASP2,0.3195156974741516,-0.6391546010847526,0.071,0.12,1
LNPEP,0.4014526532445518,-0.6393328986862759,0.595,0.636,1
TPM4,0.036547041822085916,-0.6394267306792386,0.452,0.607,1
SCAMP2,0.4034544528081501,-0.6408772222337609,0.119,0.162,1
MYOF,0.06368673610183577,-0.6410337222112301,0.476,0.631,1
CYBA,0.502560288949917,-0.6420244946925422,0.19,0.139,1
EEF1D,0.21209353018092528,-0.6428434168016562,0.214,0.303,1
LINC00894,0.847080084842141,-0.6433791869464781,0.405,0.369,1
SERPINB1,0.3826943144086693,-0.6443163062005315,0.095,0.139,1
PPP1CA,0.43388202711730656,-0.6443163062005319,0.071,0.107,1
WWOX,0.013914905755792337,-0.6446383004080707,0.667,0.821,1
ATAD5,0.35506893935570877,-0.646604482795802,0.143,0.194,1
TAF1B,0.1415038593252727,-0.6472575815126539,0.214,0.321,1
ST13,0.6287882886492895,-0.6484324146727636,0.31,0.312,1
MYL12B,0.40453624839368435,-0.650192872537201,0.238,0.281,1
DAD1,0.39529556253002435,-0.6511699772415942,0.119,0.163,1
RPS26,0.32941331061969503,-0.6515118076047357,0.286,0.332,1
AKAP12,0.7484237604069293,-0.6517914267626781,0.167,0.174,1
UBE2Q2,0.17404196139266748,-0.652024401335795,0.214,0.318,1
AKT3,0.03265203604224802,-0.6528783197039556,0.476,0.662,1
LAMP1,0.176087352429014,-0.6534473179526596,0.119,0.209,1
PLAAT3,0.4660157527421246,-0.6545846416543584,0.071,0.104,1
TXN,0.4023347630810475,-0.6560455987826388,0.119,0.164,1
MCCC2,0.22774652612025145,-0.6566295676393832,0.167,0.244,1
SCGB2B2,0.48186693773779304,-0.6566295676393832,0.095,0.128,1
RAPGEF1,0.03659578884325619,-0.6584772444634603,0.524,0.636,1
DPP10,0.727736000953912,-0.6592280156044596,0.119,0.099,1
TAB3,0.03589240780060459,-0.6593516345618116,0.167,0.327,1
SLC35E1,0.3811204518598654,-0.6596915320874475,0.071,0.113,1
DDI2,0.19381348990301409,-0.6596915320874477,0.262,0.353,1
RPL4,0.11130225158836518,-0.6600836220588482,0.31,0.423,1
GHR,0.13742334002279621,-0.660570206236595,0.19,0.29,1
PDCD5,0.2583826720316672,-0.6607107444512001,0.071,0.131,1
RRAS2,0.6565501987555518,-0.6611901247649278,0.31,0.306,1
AGBL4,0.6307153603151667,-0.6647804087602471,0.119,0.14,1
AMMECR1,0.3829536379965099,-0.6647804087602474,0.286,0.334,1
UBASH3B,0.24518867743221825,-0.6652126769405265,0.333,0.422,1
C1orf21,0.5876861395854693,-0.6652528813503188,0.452,0.472,1
SERPINB9,0.8609168949556095,-0.6662310826289725,0.286,0.269,1
NORAD,0.3660515841184951,-0.667318131562147,0.143,0.194,1
LMO4,0.03683954046593533,-0.6673181315621471,0.381,0.548,1
MAN2A1,0.09861067559441748,-0.6680717296726784,0.429,0.579,1
ANLN,0.7655044829571815,-0.6681630481548995,0.095,0.106,1
GPD1L,0.20419460539099674,-0.6688386253346006,0.143,0.222,1
RPS27A,0.013296111201949984,-0.6691671701511924,0.31,0.517,1
RPIA,0.5495708894099159,-0.6723802246184081,0.167,0.192,1
LGALS1,0.6816380544516318,-0.6723802246184083,0.214,0.225,1
RPS27,0.061636919882460575,-0.6730926826207108,0.429,0.55,1
AP001207.3,0.24833833734805444,-0.6749046260339546,0.048,0.103,1
SLC16A3,0.5481509174293717,-0.6749046260339546,0.119,0.146,1
VIM,0.6901049114772624,-0.6751928479989306,0.333,0.275,1
DLGAP1,0.23569777658553234,-0.6752782360427471,0.214,0.14,1
DOCK9,0.3943994096339802,-0.6755221740383424,0.429,0.467,1
ITGAV,0.011459617774526299,-0.6768120519962377,0.381,0.572,1
PSMB3,0.27997910524226216,-0.6769209716324593,0.071,0.127,1
MBNL3,0.011239541864322031,-0.6776019164409894,0.452,0.658,1
SLC25A37,0.0780453617370652,-0.6776534900746443,0.405,0.254,1
ATF7IP2,0.04360697682468835,-0.6786829652713903,0.381,0.522,1
CCS,0.19779758049343207,-0.6799402159312531,0.048,0.112,1
LONRF1,0.24336635700292444,-0.6799402159312531,0.048,0.104,1
SLC23A2,0.3849953233138126,-0.6799402159312532,0.238,0.282,1
DOCK1,0.010382089251734696,-0.6808771138860605,0.595,0.761,1
ZNF440,0.4727675164656187,-0.683287537713364,0.214,0.246,1
RPL27,0.2276783791083918,-0.6836218431350636,0.214,0.28,1
TRAM2,0.10552979319743865,-0.6849582906978777,0.333,0.442,1
NUSAP1,0.7900974618967915,-0.6849582906978777,0.095,0.103,1
OLR1,0.4933356108812459,-0.6869606436090254,0.143,0.178,1
SPATA13,0.014604139984688489,-0.6876880834534498,0.095,0.275,1
TLK1,0.08742013682495132,-0.6885968677612255,0.786,0.837,1
NBEAL1,0.005980235475112568,-0.6901311002586121,0.643,0.781,1
TMEM248,0.3131212007409491,-0.6916220209788886,0.119,0.174,1
PIP5K1A,0.10078256018719738,-0.6923605390604818,0.452,0.542,1
PPP4C,0.4224684940054941,-0.6929510814514082,0.095,0.134,1
BMP7,0.3200346150941557,-0.6958466068406137,0.167,0.223,1
STOX2,0.9566440144476134,-0.6963630539701271,0.19,0.174,1
KIF21A,0.15519878763052852,-0.6982551133113353,0.143,0.23,1
NDUFB1,0.37743559157305245,-0.699908632163849,0.071,0.113,1
AL078602.1,0.345177909873587,-0.7015602580350073,0.071,0.117,1
KIF5B,0.15784923513213817,-0.7016923064576787,0.452,0.516,1
LINC02327,0.029883523529153484,-0.7018903564327156,0.214,0.392,1
ACTA2,0.845805005693894,-0.7020318040568188,0.095,0.102,1
ZNF730,0.5219219794638887,-0.7026602924313365,0.167,0.195,1
ANKRD30A,0.8538973222635595,-0.7026602924313365,0.119,0.105,1
ATP6V1C2,0.07178449040389197,-0.7048578481355823,0.071,0.186,1
SUDS3,0.1455871014094869,-0.7048578481355823,0.071,0.155,1
VRK1,0.33403550621449,-0.7048578481355823,0.119,0.174,1
EPS8L2,0.3960421606841648,-0.7048578481355823,0.071,0.111,1
BDNF-AS,0.4163488423649541,-0.7048578481355823,0.071,0.108,1
ZNF12,0.24881792983146278,-0.7048578481355827,0.048,0.101,1
COX5A,0.33618524961356117,-0.7048578481355827,0.095,0.147,1
IGF2BP3,0.023259791818770935,-0.7066303565263782,0.857,0.844,1
BRCA2,0.36346879994916004,-0.7097901436778129,0.119,0.167,1
PTPN14,0.030279316516798972,-0.7097901436778132,0.357,0.535,1
RPL18,0.13664850840690695,-0.7102376991462351,0.381,0.475,1
PSMA4,0.32504637168557793,-0.7104933828050148,0.119,0.174,1
JUN,0.7235017054663987,-0.7104933828050151,0.238,0.243,1
PLCL2,0.3300799110140138,-0.7105513666095682,0.548,0.646,1
POU6F2,0.1670128903229994,-0.7109259750244148,0.095,0.184,1
UBQLN1,0.2838111103266085,-0.7110205872840737,0.333,0.375,1
TMCO1,0.37012779298415094,-0.7114305020590685,0.119,0.166,1
AL357153.2,0.5264653347977739,-0.7114305020590685,0.119,0.148,1
H19,0.12616622907669958,-0.7117312828463331,0.643,0.729,1
AHNAK,0.32170481084168245,-0.7142382130475398,0.286,0.345,1
CHEK1,0.42841581799627004,-0.7147056340919296,0.071,0.107,1
SLC25A5,0.43828440605407143,-0.7147056340919296,0.143,0.183,1
SIK3,0.002014678085397495,-0.7148267926089764,0.571,0.811,1
CAPRIN1,0.08712616264307413,-0.7152828275546752,0.286,0.404,1
IGFBP5,0.34009273388766,-0.7161069892685417,0.119,0.075,1
EED,0.26161439396268144,-0.7171571130860259,0.143,0.209,1
SEC61B,0.2701748494465713,-0.7179733479258408,0.095,0.156,1
CCDC186,0.14287459169578157,-0.7183812922353281,0.262,0.356,1
SRRM1,0.3257425594309073,-0.7196044335047689,0.333,0.371,1
AL137009.1,6.031252612721237e-4,-0.7206908003037594,0.214,0.482,1
ST8SIA6-AS1,0.22471300637636607,-0.7209375878034441,0.167,0.241,1
XBP1,0.16463858579316742,-0.7228610828354731,0.143,0.23,1
CLEC1A,0.49757575126976494,-0.7244866548845148,0.071,0.101,1
CLIP4,0.053923684522130935,-0.7254147314947698,0.381,0.553,1
MYO1D,0.08962715093477044,-0.7262579197367078,0.5,0.65,1
ERVMER61-1,0.2377374719029842,-0.7262579197367078,0.048,0.106,1
ECH1,0.42695031426137703,-0.7277323143881693,0.119,0.158,1
TBC1D10A,0.3010266563770225,-0.7283805709890063,0.095,0.149,1
CSF2RA,0.35706528118767317,-0.7283805709890063,0.19,0.24,1
HSP90AA1,0.0020094697923537103,-0.728459929334464,0.429,0.673,1
TMEM123,0.4057558672985846,-0.731779147450871,0.167,0.209,1
NDUFB10,0.4788864206523843,-0.7322640054762344,0.095,0.128,1
GINM1,0.49008305744187525,-0.7328179294764692,0.143,0.175,1
PPA1,0.5115095009103157,-0.7328179294764692,0.143,0.172,1
UBAC2,0.048133565877058956,-0.7328808619304428,0.619,0.719,1
PARD6B,0.38021477648804636,-0.7331255731583879,0.167,0.212,1
RFC3,0.3165884744887335,-0.7334568083890673,0.167,0.222,1
NFYB,0.3507848943360509,-0.73420180971772675,0.071,0.116,1
EVL,0.18597325307010604,-0.7363051706980976,0.381,0.448,1
ABCG2,0.01337642978363994,-0.7369655941662063,0.071,0.235,1
GPC1,0.2638979743649024,-0.7374257105920132,0.095,0.157,1
TCF21,0.913002373170552,-0.7374257105920132,0.143,0.128,1
LETMD1,0.24153499049046986,-0.7399996542558394,0.095,0.159,1
CSMD1,0.23232366493628062,-0.7399996542558396,0.167,0.24,1
NEAT1,0.9774094313539347,-0.7403615040297176,0.952,0.971,1
MKRN1,0.379335851778973,-0.7406424232755562,0.119,0.165,1
MYO6,0.057025889563120956,-0.740811525431395,0.262,0.403,1
TMSB10,0.08820877844441449,-0.7413837241606963,0.381,0.508,1
AHR,0.7947941904803315,-0.7416307398347678,0.333,0.324,1
SPRED2,0.19554559297132346,-0.7425690138679727,0.19,0.278,1
TRIM25,0.8303157181277996,-0.742649232669789,0.31,0.255,1
CFL1,0.7183247753510897,-0.743851979751446,0.31,0.296,1
SEM1,0.15464933526428465,-0.7458753952877433,0.31,0.405,1
TOP2A,0.9765527404737668,-0.7464144938192678,0.167,0.158,1
IFI6,0.03778391005516382,-0.7472425689522202,0.143,0.286,1
AASDHPPT,0.30019819951683463,-0.7476940460458401,0.095,0.149,1
NFIL3,0.37979542184264875,-0.7476940460458401,0.095,0.139,1
LINC01524,0.4263441633136003,-0.7476940460458401,0.119,0.163,1
RPL30,0.10091698379961497,-0.7485077160739526,0.381,0.488,1
HIST1H2BC,0.46020087488993006,-0.7486529660152672,0.071,0.104,1
PPP1R12B,0.029736276796359547,-0.7497586207181679,0.548,0.66,1
RPS13,0.06310871563685616,-0.7500217469916525,0.31,0.436,1
PSMB5,0.3134033464684706,-0.7515259076368674,0.095,0.147,1
STYX,0.3329690689426443,-0.7515259076368674,0.095,0.145,1
AC008840.1,0.5539847481621212,-0.7515259076368674,0.095,0.121,1
FERMT2,0.04597500400024353,-0.7524493169205496,0.357,0.517,1
SAT1,0.05199041642915612,-0.7534380285806441,0.5,0.639,1
ATP6V1G1,0.22046585174548552,-0.7534380285806441,0.119,0.194,1
CD55,0.2520347444614231,-0.7539999351275289,0.262,0.329,1
OBSL1,0.27293112502725275,-0.7553476185892753,0.095,0.154,1
GLIS3,0.07106797175091073,-0.7553476185892756,0.238,0.383,1
AL110292.1,0.11761814749759363,-0.756245375333173,0.214,0.346,1
SLTM,0.013470586174709972,-0.756619275825324,0.429,0.603,1
VCP,0.2734240174589066,-0.7566192758253241,0.286,0.34,1
MSI2,0.8138471300030196,-0.7570292488433965,0.667,0.654,1
ACO1,0.37568991261335544,-0.7575269166485226,0.143,0.189,1
ACTB,0.9899694036728895,-0.7582453631838493,0.81,0.724,1
SWAP70,0.034093161028200085,-0.7587362168374253,0.381,0.547,1
EDF1,0.42666708024522415,-0.7587362168374254,0.167,0.207,1
ZNF697,0.32754632008306983,-0.7591592325392948,0.095,0.145,1
RRM1,0.38754217950690956,-0.7591592325392948,0.095,0.138,1
ERI1,0.22143663026665597,-0.7612340579796824,0.19,0.265,1
PDAP1,0.3122086457250649,-0.7629608026991508,0.071,0.121,1
CDC7,0.32501946155569383,-0.7629608026991508,0.071,0.119,1
ATMIN,0.3727596046467375,-0.7629608026991508,0.095,0.139,1
NPM1,0.1166795628974179,-0.7644202818735837,0.381,0.46,1
CCNH,0.1070082577628762,-0.7647966821081523,0.667,0.758,1
RNF43,0.20795046544139698,-0.7664081043176194,0.095,0.17,1
IPO7,0.24247698178555793,-0.7665156998757774,0.333,0.383,1
CCNYL1,0.5973191944968836,-0.7683742988855149,0.143,0.165,1
PSAP,0.18064772636076043,-0.7697245049184519,0.405,0.483,1
CSF2RB,0.30697782362019393,-0.7705340224039516,0.071,0.122,1
RPL10A,0.3191151587875828,-0.7708487121294634,0.357,0.395,1
EIF2S2,0.21696027967166312,-0.7716956126767592,0.214,0.293,1
RAB14,0.4009034008347868,-0.7716956126767592,0.286,0.313,1
KAZN,0.7586535059489922,-0.7735993231454982,0.238,0.247,1
ACADVL,0.20759498589491857,-0.7737675576557335,0.119,0.194,1
TMEM41B,0.2525432804125986,-0.77430577629316,0.214,0.277,1
MELK,0.3199862781906395,-0.7755608394787843,0.071,0.121,1
POLQ,0.40699155079279825,-0.7755608394787843,0.071,0.11,1
TAF4B,0.17561171168075337,-0.776700859325453,0.119,0.203,1
HNRNPA1,0.0640499656678921,-0.776766602224181,0.357,0.476,1
NFRKB,0.2410619975930257,-0.7771281346257446,0.071,0.131,1
FAM160B2,0.3198055100813513,-0.7771281346257446,0.071,0.12,1
TIMP1,0.9775100542123778,-0.7771281346257446,0.143,0.135,1
RPL28,0.06067873617945901,-0.7818198299504665,0.476,0.582,1
USP43,0.03573924099456374,-0.7818198299504666,0.143,0.307,1
AC034195.1,0.10018967612685561,-0.7818198299504666,0.024,0.104,1
STXBP2,0.2359023629512763,-0.7818198299504666,0.048,0.103,1
GPX4,0.24495336954138383,-0.7818198299504666,0.143,0.21,1
DSC2,0.17039776848850666,-0.7841599684049829,0.119,0.201,1
LIMA1,0.01453307463849919,-0.7844939642487923,0.19,0.4,1
SRSF4,0.004480627837784323,-0.7860960688452934,0.548,0.71,1
KLHL29,0.31033779781134746,-0.7864963171599397,0.095,0.149,1
ADGRA3,0.09159062729676969,-0.7880517836619811,0.214,0.334,1
MFAP5,0.07021554134405969,-0.7888288884698298,0.048,0.153,1
SH3D19,0.0031631156220995457,-0.7893957008908719,0.238,0.485,1
ANAPC11,0.36816007679706575,-0.7911576945298027,0.071,0.113,1
EEF1B2,0.18664702476243777,-0.7911576945298029,0.167,0.249,1
CD24,0.461423197587255,-0.7924867550023225,0.119,0.155,1
MFAP4,0.9410389688736995,-0.7924867550023225,0.119,0.109,1
TMBIM6,0.2993870138473184,-0.7927992972567705,0.31,0.353,1
RPL27A,0.01164917364162073,-0.7928188288997238,0.476,0.65,1
RAI14,0.010705995949531843,-0.7957197134513965,0.429,0.64,1
ADAMTSL4,0.17217851058797073,-0.7958040593861677,0.143,0.228,1
AC093865.1,0.5825370000926027,-0.7958040593861677,0.143,0.169,1
ACTN1,0.1504326185325458,-0.7969633162110088,0.19,0.29,1
THSD7A,9.912208595400224e-4,-0.797349528244071,0.476,0.727,1
SET,0.369543965796694,-0.7976584234472399,0.31,0.347,1
APOLD1,0.24563769547430642,-0.7977907868622498,0.071,0.132,1
NACA,0.36393744713207393,-0.7982578548124436,0.286,0.325,1
GLI3,9.078695530734931e-4,-0.7985847124298718,0.476,0.763,1
HP1BP3,0.007527986376225042,-0.799012029915611,0.619,0.741,1
RANBP17,0.06386569737199586,-0.7991445057579384,0.5,0.6,1
SYT7,0.18990164546490315,-0.8004355081178134,0.095,0.171,1
ARL6IP1,0.44592809886381723,-0.8021159917567313,0.167,0.207,1
PRKCE,0.04834457457266348,-0.8058899382099216,0.405,0.534,1
NUP50,0.14487146401158396,-0.8065877350994088,0.095,0.183,1
GASK1A,0.34970561013126616,-0.807354922057604,0.119,0.171,1
ZSWIM7,0.29801313033390187,-0.8083407062031598,0.143,0.199,1
SEMA6D,0.04628974535277161,-0.8086864358031485,0.357,0.556,1
UAP1,0.302729527123447,-0.8096540381471922,0.071,0.122,1
FANK1,0.4920089890770785,-0.8096540381471922,0.071,0.101,1
ARNTL2,0.5077889373347725,-0.8114906966268096,0.095,0.124,1
PGP,0.24606667937838425,-0.8127138378962506,0.048,0.101,1
N4BP2,0.025156891858104855,-0.8131353704166748,0.381,0.554,1
ACER3,0.009558395443245478,-0.8150631219862791,0.333,0.568,1
MRPL20,0.3121227351798103,-0.8151570138245794,0.095,0.147,1
ACSS1,0.1384057122317114,-0.8162028239761302,0.381,0.455,1
BZW1,0.4573964223778475,-0.8169866843816613,0.214,0.243,1
HMGA1,0.13635528935684937,-0.8188140374326682,0.048,0.125,1
B2M,0.36502843447500277,-0.8226719819827295,0.524,0.523,1
PGM1,0.07578308909044279,-0.8233723193949722,0.095,0.212,1
ACAA1,0.2624320774718395,-0.8233723193949722,0.071,0.128,1
ATP5F1E,0.44109393578444656,-0.8242822500721814,0.167,0.205,1
LRRFIP2,0.04345921327570635,-0.8248885518423528,0.286,0.427,1
SNX6,0.033563795657110575,-0.8250975623520825,0.429,0.574,1
FOS,0.395921639166079,-0.8261003915111607,0.429,0.44,1
TGIF1,0.18030770750657477,-0.8279162445399206,0.095,0.173,1
AKR1B1,0.09491683412563105,-0.8294277114575201,0.167,0.273,1
ANXA1,9.267595079668004e-4,-0.8312119513778058,0.333,0.623,1
LINC02484,0.4143675534738912,-0.8316919468805215,0.214,0.267,1
DIPK1A,0.3871416166780051,-0.8321443678451517,0.214,0.256,1
SNHG32,0.3207897455064814,-0.8324459030204343,0.071,0.119,1
ZNF93,0.37173081776137196,-0.8324459030204343,0.071,0.113,1
RPL39,0.1296184284148147,-0.8359591645535509,0.238,0.331,1
ZBTB38,9.258802205100573e-4,-0.83617709761049,0.238,0.5,1
HNRNPK,0.04458607703727314,-0.83617709761049,0.381,0.512,1
CHEK2,0.09630149421393161,-0.8369613841429269,0.024,0.105,1
COMMD7,0.21600060752372616,-0.8369613841429273,0.071,0.136,1
GSDME,0.1057563906788999,-0.8369613841429275,0.071,0.166,1
ACSS3,0.805702254031555,-0.8369613841429278,0.095,0.102,1
ZDHHC20,0.006143230248906065,-0.8381243789990465,0.405,0.62,1
CD63,0.38502370469904545,-0.8382803192104623,0.476,0.482,1
PLIN2,0.42468841130923757,-0.8385998795386813,0.167,0.21,1
SEL1L3,0.3825226723889717,-0.8389637370540755,0.119,0.165,1
SNRPG,0.19612464057868356,-0.8399638723044509,0.095,0.17,1
TLN1,0.4376019666927632,-0.8402365161757883,0.214,0.247,1
MED6,0.21710406395568446,-0.8405636208231235,0.095,0.163,1
NDUFB7,0.41933689349948905,-0.8405636208231235,0.095,0.133,1
NAF1,0.20919104541525266,-0.8414627763778681,0.071,0.137,1
TUBA1B,0.25169199041757584,-0.8416581708443265,0.238,0.315,1
TC2N,0.14117640350980004,-0.8441568855471311,0.048,0.126,1
SLC38A9,0.12139538083268647,-0.8445346038477284,0.405,0.521,1
RPS15,0.011709861801838499,-0.8447387347346468,0.333,0.521,1
CXCL14,0.885083335588031,-0.8449122232821287,0.357,0.354,1
CARMIL1,0.047762075148037146,-0.8457079622087152,0.476,0.609,1
RBX1,0.10712873950505954,-0.8459501673701824,0.167,0.278,1
LAMTOR5,0.31176971576771795,-0.8459501673701824,0.071,0.12,1
LRP5,0.38812897014860753,-0.8489340258090035,0.119,0.162,1
NCSTN,0.23133286819785612,-0.8489340258090037,0.048,0.103,1
SLC27A2,0.3419000330483703,-0.849785424500511,0.095,0.145,1
RPL21,0.1646206487706148,-0.8500175369683738,0.333,0.401,1
PSMC1,0.14887946786966444,-0.8513166771199976,0.071,0.153,1
ELL2,0.2820702463820843,-0.8528578881280533,0.5,0.532,1
EIF3A,0.010531015750141684,-0.8535125604067754,0.429,0.594,1
APBB2,0.009137509061095596,-0.8562090375943263,0.667,0.804,1
HERPUD1,0.2706631886661843,-0.8571079572547036,0.143,0.205,1
LINC02615,0.30790478193295034,-0.8574254867026432,0.19,0.25,1
GUK1,0.34651307605931675,-0.858441111553379,0.095,0.142,1
RPL5,0.012809990657665098,-0.8587291992251633,0.381,0.589,1
CNOT11,0.2096847838259716,-0.8593291971713821,0.071,0.137,1
SMNDC1,0.2154963044242821,-0.8593291971713821,0.071,0.136,1
SESN1,0.05230726077266515,-0.8624197759102777,0.476,0.589,1
XAGE3,0.15087701449899543,-0.8637614434866427,0.095,0.179,1
ARL1,0.23110790597615605,-0.8637614434866427,0.071,0.132,1
SLC25A43,0.24859248762040329,-0.8637614434866427,0.071,0.129,1
RASEF,0.4874741818430725,-0.8637614434866427,0.071,0.101,1
RBMS2,0.11238052488436338,-0.863761443486643,0.238,0.338,1
DDX24,0.33628960457944373,-0.8681801147536476,0.167,0.216,1
RPS15A,0.200389797225862,-0.8698046408299445,0.31,0.36,1
MYL6,0.05282072862117761,-0.8725852938736488,0.333,0.458,1
GRHPR,0.22232755136093185,-0.8725852938736489,0.048,0.105,1
TAFA2,0.7631260101008717,-0.8760997780498858,0.143,0.152,1
EML2,0.23508489759768292,-0.8769770629908065,0.071,0.132,1
SYCP2L,0.11069319106066983,-0.8769770629908067,0.095,0.191,1
MFSD12,0.3711490278433629,-0.8784380201190869,0.119,0.163,1
RPL14,0.00927152651710903,-0.8797003586363639,0.381,0.555,1
RPL41,0.010627360658130303,-0.8808827987000061,0.595,0.746,1
CAPNS1,0.13058198824154907,-0.8813555035013807,0.048,0.127,1
LRPAP1,0.09703144358773425,-0.8813555035013809,0.119,0.224,1
MYO10,0.13348927215266465,-0.881355503501381,0.357,0.464,1
RPS27L,0.4056425783100501,-0.8831031657876482,0.095,0.135,1
MAFF,0.5335918618071898,-0.8842670989212842,0.119,0.146,1
CD59,0.43328341877835486,-0.8850979051871978,0.357,0.372,1
DSTN,0.040041907953418304,-0.8852363263953528,0.262,0.415,1
PUDP,0.13711376580282578,-0.8863432182044328,0.19,0.281,1
CREB5,0.2906551933102862,-0.8871728300966948,0.071,0.125,1
SLK,0.12948517562335465,-0.8873961056586803,0.238,0.331,1
VAMP8,0.283043326671829,-0.8875874572128954,0.119,0.178,1
SOS2,0.026667096839182586,-0.8883896229499303,0.452,0.599,1
PHLPP1,0.005115653418024646,-0.8918098611385474,0.452,0.689,1
NPAT,0.22339770105635037,-0.8922438196441171,0.167,0.234,1
DCAF1,0.20140684314171622,-0.8925537101062448,0.143,0.216,1
PTTG1IP,0.10358652626711412,-0.8927443788491233,0.238,0.341,1
HDAC2,0.17618946710473912,-0.8929667938716696,0.214,0.299,1
TPR,0.024034467320544182,-0.8935449125092952,0.333,0.493,1
CLIC4,0.004493781209561133,-0.8940783549412882,0.524,0.722,1
THUMPD1,0.2302997807842378,-0.8944116563268274,0.071,0.132,1
AC093515.1,0.9514219397463628,-0.8950304403984576,0.214,0.198,1
AC093535.1,0.3964041374051317,-0.895855073196496,0.095,0.138,1
RPS28,0.009900400083641845,-0.8967034678348169,0.31,0.511,1
RPS11,0.02613704535156992,-0.9021367741551626,0.405,0.527,1
CLK1,0.07312874594062757,-0.9026590167096034,0.19,0.316,1
GNA12,0.37000811040826087,-0.9029589429171676,0.595,0.61,1
PTPN21,0.17498470558705134,-0.9030505746007,0.143,0.224,1
CCDC68,0.5324459547893496,-0.904895060308013,0.095,0.124,1
GAREM1,0.05114397251936378,-0.9048950603080133,0.119,0.255,1
LINC01194,0.002858306414128542,-0.9050805384094983,0.405,0.675,1
NEDD4,0.0026221168095173506,-0.9063094308336626,0.286,0.57,1
DNAJA2,0.2151467012619254,-0.9073507120343254,0.071,0.135,1
BEX4,0.23642877653750746,-0.9073507120343254,0.048,0.102,1
RETREG1,0.21092501991039384,-0.9073507120343256,0.071,0.138,1
RPL10,0.034224097576742614,-0.9093698796709777,0.595,0.671,1
ESYT2,0.0013141804530155444,-0.9100318037572371,0.405,0.649,1
SIN3B,0.1930580120212176,-0.9104700538785042,0.214,0.288,1
SLC44A5,0.22740496046630648,-0.9107816174345991,0.143,0.214,1
CCDC80,0.4218687307741901,-0.9122495114471645,0.095,0.136,1
TBC1D1,0.009178942381614184,-0.9122495114471646,0.405,0.608,1
PDCD7,0.24089537969346017,-0.913064363228719,0.048,0.102,1
PSMC5,0.24331684944458853,-0.913064363228719,0.048,0.101,1
RPL23A,0.004847013862430783,-0.914204383075388,0.31,0.516,1
HTRA1,0.1363861372608861,-0.9142043830753881,0.095,0.189,1
RPS6,0.0012952120669514086,-0.9144892473355472,0.286,0.559,1
TRIOBP,0.04729005691701777,-0.9149638961442008,0.143,0.284,1
ADAMTS19,0.00870852890307115,-0.9152879568347099,0.19,0.401,1
RPL37,0.01157775782209145,-0.9163869063278487,0.381,0.544,1
SMC4,0.3158390514994294,-0.9173348006069477,0.19,0.242,1
RPL35,0.05128225158035667,-0.9174640106774193,0.286,0.411,1
SH3GLB2,0.11798334390446051,-0.9176190474881527,0.071,0.162,1
NRBP1,0.21272940764164175,-0.9176190474881527,0.095,0.163,1
MPRIP,0.06019186893752134,-0.9187554753065749,0.262,0.385,1
WDR6,0.2038756193990261,-0.918755475306575,0.048,0.108,1
EEF2,0.3929920127109244,-0.9190543865354259,0.333,0.355,1
VDAC1,0.16012654751258243,-0.9201747523919088,0.143,0.229,1
GPR157,0.026531324332387914,-0.9210256489314022,0.024,0.15,1
ORMDL1,0.15870370762107794,-0.9213349414700265,0.214,0.297,1
HEXB,0.29370608299251494,-0.9213349414700265,0.214,0.268,1
ZBTB7C,0.10383427884134734,-0.9226364989676223,0.143,0.257,1
SERPINB2,0.1929588168540913,-0.9244242253932673,0.048,0.112,1
HMGB1,0.02565074428386186,-0.92490908341863,0.429,0.593,1
WNK2,0.27360666231052116,-0.9259663902016722,0.167,0.228,1
SLC19A3,0.06266072145554441,-0.9268468876601228,0.167,0.3,1
SMC2,0.14038078684566183,-0.9286612182797374,0.048,0.124,1
FBLN1,0.0022129734519590895,-0.9291806938794052,0.405,0.671,1
C1orf122,0.2392234658315761,-0.930070788534409,0.048,0.102,1
STX3,0.1723591816517798,-0.9311974539886934,0.071,0.146,1
RPLP2,5.906899641888436e-4,-0.9312624270815857,0.429,0.675,1
ARF6,0.2718144368363695,-0.9328858041414629,0.071,0.125,1
C1QTNF6,0.6634039246545274,-0.9328858041414629,0.119,0.135,1
ETFB,0.27546580694186085,-0.941298043957663,0.071,0.125,1
AC010343.3,0.9572734744125938,-0.9412980439576633,0.119,0.108,1
ANXA7,0.18802738954630036,-0.9440912588493435,0.119,0.194,1
ZBTB8OS,0.041715658316464586,-0.9468790762209629,0.071,0.2,1
EFHD1,0.22769992037767273,-0.947735783515074,0.143,0.214,1
ATP5MC2,0.3815272647347291,-0.94966151689229,0.167,0.209,1
PDE4DIP,0.01824950934253204,-0.9509776444345835,0.286,0.464,1
ELOB,0.34685151755742727,-0.9552103508129173,0.119,0.165,1
SLC3A2,0.14556375369926255,-0.9556058806415466,0.119,0.208,1
ZNF611,0.22909031024635002,-0.9559024568664349,0.167,0.234,1
PFDN5,0.49412985743226584,-0.9561330851206051,0.19,0.215,1
NCOA3,0.013548584532585837,-0.9562965461129251,0.714,0.818,1
INSR,0.267411320189823,-0.9572556178606393,0.333,0.383,1
EXOC6B,0.010203040972197664,-0.9606858766892441,0.833,0.9,1
RPS23,0.004827549977044163,-0.9616571315922421,0.357,0.579,1
LARP1B,0.008158139998077107,-0.9617984960567019,0.357,0.55,1
LRRC59,0.20191524254377496,-0.9634937900718592,0.048,0.108,1
FERMT1,0.20876343481360132,-0.9634937900718592,0.048,0.107,1
NUCB2,0.2630935239950904,-0.9634937900718593,0.262,0.316,1
STK26,0.045786403991739735,-0.9641819346310017,0.071,0.201,1
TMEM170A,0.13619217813173198,-0.9662444010878937,0.071,0.153,1
SLC35C2,0.17630217246076418,-0.9689897778267116,0.048,0.113,1
DMAC2L,0.1838561134205658,-0.9689897778267116,0.048,0.112,1
IMPDH2,0.22852291683000509,-0.9689897778267116,0.048,0.103,1
CLIC1,0.4721375475410564,-0.9697732125681404,0.143,0.174,1
KIF20B,0.39247127608191473,-0.9711823239035611,0.095,0.136,1
SHROOM4,0.1899761359355918,-0.9744649078928624,0.048,0.112,1
RPS16,5.197176741576502e-4,-0.9749202321954865,0.286,0.567,1
CMYA5,0.0279978628153594,-0.9777400399257234,0.071,0.221,1
TMEM266,0.14434403646973681,-0.9785576625267454,0.048,0.123,1
NIPAL1,0.35050938616551114,-0.9785576625267454,0.071,0.114,1
ATXN7,0.004190078407772466,-0.9787353452710909,0.286,0.524,1
NHSL1,5.438479996636253e-4,-0.9789554528374476,0.619,0.833,1
CAP2,0.08112797280978891,-0.9799193379849708,0.214,0.331,1
RPS8,0.001791160680306165,-0.9820304409654044,0.476,0.691,1
BCL9L,0.17054986506795294,-0.9826388393385623,0.071,0.144,1
L1TD1,0.27832203237359326,-0.9838027724721985,0.119,0.177,1
MAN1C1,0.28871796763078245,-0.9843295278024181,0.5,0.581,1
SEMA6A-AS1,0.23933773571128694,-0.9846751064950812,0.143,0.209,1
PDCD4,2.0866301428654627e-4,-0.9847224273656353,0.524,0.733,1
GCLM,0.15641535391905942,-0.9853532240355987,0.095,0.178,1
TUT7,0.0035608756479899263,-0.9868710516778518,0.381,0.575,1
ERLIN1,0.19779964406870612,-0.9907667202219628,0.071,0.138,1
MAP3K9,0.25183974734350506,-0.9907667202219628,0.071,0.128,1
HMGB2,0.4665181606596897,-0.990766720221963,0.119,0.153,1
LRP8,0.15720735545761635,-0.9907667202219632,0.071,0.149,1
PAQR7,0.19632245703513462,-0.9907667202219632,0.048,0.109,1
LINC00910,0.2232111873050378,-0.9907667202219632,0.048,0.104,1
NDUFA6,0.05551239740333392,-0.9948135532846649,0.024,0.124,1
ARL5B,0.19207963284083948,-0.9948135532846649,0.071,0.139,1
TPK1,0.4674778246879727,-0.9953186101919372,0.405,0.424,1
HSP90AB1,0.09441139469782243,-0.9956215594894258,0.405,0.488,1
HULC,0.1484643400324992,-0.9969879245190019,0.143,0.232,1
CD46,9.38783703463552e-5,-1.0017769113418267,0.548,0.771,1
CANX,0.05307444866956948,-1.0031096948397562,0.286,0.412,1
ERBB2,0.31027333360181886,-1.0042122512869145,0.119,0.17,1
CD2AP,0.0205135407054007,-1.0068863855852397,0.31,0.472,1
TRMT112,0.3061845815842872,-1.0148791763387703,0.071,0.12,1
YY1,0.04876708765026231,-1.0160173973373683,0.262,0.39,1
AC078980.1,0.0371436496006079,-1.016472434414438,0.048,0.178,1
PEG10,5.825337774667435e-5,-1.0172101773158715,0.262,0.618,1
CNIH1,0.17002095505518894,-1.0175336297847486,0.048,0.114,1
UQCRFS1,0.17992001627595353,-1.0175336297847486,0.048,0.112,1
PGLS,0.2012047625184898,-1.0175336297847486,0.048,0.108,1
CCT5,0.20531042572683325,-1.0175336297847486,0.119,0.19,1
PIM3,0.2168638482369773,-1.0175336297847486,0.048,0.105,1
LGR5,0.052737191018181355,-1.0184478272938824,0.095,0.225,1
XYLB,0.22412680280788416,-1.0188590272513158,0.071,0.132,1
COTL1,0.2759380875481751,-1.0216950710993191,0.238,0.29,1
RBM22,0.1825636144356601,-1.0228279294542615,0.048,0.112,1
CEP152,0.23928443143644706,-1.0228279294542615,0.167,0.233,1
CSNK2B,0.24583397311770994,-1.0228279294542615,0.048,0.1,1
PRDX5,0.3393484801843929,-1.0228279294542615,0.119,0.166,1
RPL11,0.002925259736575874,-1.0235651267318706,0.429,0.617,1
ERVH48-1,0.08895059653395371,-1.0250909809628304,0.095,0.199,1
RPLP1,0.0010940647019872076,-1.0260882586178481,0.571,0.719,1
C16orf74,0.22794424141578037,-1.0281028714949358,0.214,0.28,1
FAT1,0.4422134905554911,-1.0307331275396074,0.071,0.105,1
ADAMTS6,0.004395302660126567,-1.0315326893578025,0.357,0.594,1
COX7C,0.09994126671002324,-1.0316088149964715,0.119,0.223,1
RPL37A,0.001930785003149139,-1.031858913816702,0.405,0.599,1
KRT23,0.08884839784017565,-1.034669542098778,0.095,0.203,1
SVEP1,0.011683657316020847,-1.0351821965457084,0.357,0.575,1
MAOA,0.018600543858837547,-1.0403365793090034,0.071,0.229,1
RBBP6,0.013271587167349101,-1.041532528392131,0.381,0.574,1
UBC,0.22914476301439,-1.0419516525051518,0.262,0.319,1
STIM2,0.26964294869907274,-1.042510295315961,0.143,0.205,1
NARS,0.11025977360338252,-1.0448542357842605,0.071,0.163,1
ATP6V0C,0.2350814045421087,-1.0464147497718774,0.143,0.209,1
RPL7,0.04026843223647118,-1.0470644660813897,0.31,0.438,1
TMPO,0.22824021734841454,-1.0490118612579167,0.167,0.23,1
DUSP16,0.05967423753550357,-1.049411002231797,0.19,0.314,1
AGPAT5,0.5567306694781062,-1.0527811515558891,0.238,0.264,1
ENOPH1,0.1652676242038177,-1.0541921003635966,0.048,0.115,1
MIR193BHG,0.5819601021722134,-1.0541921003635966,0.119,0.14,1
CLIP1,1.7891659149474996e-4,-1.0560903835860098,0.476,0.74,1
EIF3K,0.21697627735636937,-1.0567752613775991,0.119,0.187,1
MET,0.15843591020789316,-1.0577675545874239,0.143,0.229,1
PKIB,5.084277046078964e-4,-1.0616309899030547,0.381,0.685,1
TRIM5,0.14324768277718627,-1.0641303374197157,0.143,0.238,1
HMGB3,0.19691973070526092,-1.0665493068835796,0.071,0.14,1
ARL15,0.5858585016506198,-1.0669270251841763,0.786,0.704,1
TBX3,0.013338983778063293,-1.0696221409332023,0.095,0.263,1
KRBOX1,0.21695144145386508,-1.0696221409332023,0.071,0.134,1
AC009126.1,0.36445355077344777,-1.0696221409332023,0.071,0.113,1
RPL3,0.003167500046930491,-1.0703528044286326,0.357,0.599,1
DDB1,0.00374077492397962,-1.0734540025242296,0.286,0.513,1
SLC2A1-AS1,0.10551582276037257,-1.0734540025242296,0.048,0.134,1
SNX10,0.1654550843494498,-1.0747290313662914,0.095,0.174,1
LMO7,7.598928674701503e-5,-1.0753115265961237,0.31,0.634,1
ZNF410,0.10802239252004227,-1.0757482437300443,0.095,0.189,1
CHCHD10,0.2192623456142878,-1.0757482437300443,0.071,0.135,1
MAP2K6,0.34264463075097656,-1.0772757134766375,0.071,0.115,1
PEBP1,0.26174108427102666,-1.0818484432664621,0.19,0.248,1
CRIM1,1.253875979682885e-4,-1.0821837228255489,0.762,0.862,1
PRTG,0.10578652596261613,-1.082355630840991,0.143,0.247,1
LIMCH1,0.3800978052960895,-1.084543713940677,0.405,0.467,1
LINC01687,0.07599368590159061,-1.084888897586513,0.119,0.239,1
CTSD,0.6106956083620464,-1.0870567342692232,0.143,0.16,1
BZW2,1.3147737640473902e-4,-1.0878387643324274,0.262,0.602,1
RPS21,0.02221119684382128,-1.0883891703287376,0.119,0.279,1
FRMD6,0.0015559405213069507,-1.0893114389460816,0.143,0.402,1
MLLT1,0.06657514695661305,-1.0899421253127985,0.143,0.265,1
MTMR10,0.006915873227401809,-1.0905725360900957,0.405,0.566,1
GCSH,0.08683993483621236,-1.0924621172913138,0.048,0.141,1
GABARAP,0.25880004727025663,-1.0924621172913138,0.143,0.204,1
AC104041.1,0.001022369481978123,-1.0929341261425352,0.452,0.732,1
HLA-E,0.3798703298701768,-1.0943492268355792,0.167,0.206,1
EIF4G2,0.008305978568514292,-1.0947843633313796,0.405,0.577,1
TCF25,0.0013888057642897792,-1.0962338711805224,0.405,0.629,1
SLC2A1,7.226030838732905e-4,-1.0967251128994353,0.167,0.475,1
MIR4713HG,0.03629234587565507,-1.0982266971236656,0.119,0.27,1
MAP3K13,4.175341012764701e-4,-1.0990259109211087,0.238,0.535,1
LINC02315,0.012120456996314009,-1.099394541774275,0.167,0.359,1
PDIA3,0.0013413949564959852,-1.0999957899767214,0.31,0.557,1
ZNF10,0.1407414841814023,-1.0999957899767214,0.095,0.179,1
BRWD1,1.1684815309370483e-4,-1.101691510982326,0.619,0.846,1
DIAPH1,0.04668446321516034,-1.1024982971798916,0.19,0.328,1
TCAF1,7.940501294422269e-4,-1.102882913295443,0.262,0.522,1
S100A6,0.053951233545234595,-1.104996471035088,0.214,0.339,1
SLC35E2B,0.152623146435229,-1.1049964710350881,0.048,0.118,1
AGL,0.24495018693933007,-1.106243937641899,0.214,0.272,1
GSTP1,0.040860352120341746,-1.1065556358263002,0.19,0.331,1
FANCI,0.09237197531344529,-1.1074903265236455,0.048,0.141,1
MTMR7,0.2525793826248805,-1.1074903265236458,0.071,0.128,1
ZFAT,5.47551501329291e-5,-1.1078755897088042,0.357,0.664,1
KRT8,0.11913824904794465,-1.1079299715189386,0.19,0.295,1
HS3ST3B1,0.1335075814239221,-1.1085578034801453,0.095,0.183,1
MID1,0.09254358401542845,-1.1087356395408807,0.119,0.236,1
WDR48,0.1409263035851513,-1.1119684316427974,0.095,0.178,1
KLF5,0.12734621506043284,-1.112465141938938,0.095,0.184,1
SDK2,0.2975397020217848,-1.1128198303343046,0.095,0.149,1
KIAA1217,2.4717046601006924e-4,-1.1164992058389245,0.19,0.512,1
RHOU,0.23330825277480902,-1.117917697973984,0.095,0.157,1
RPS24,0.0015456674794795658,-1.1184830173546063,0.452,0.639,1
TRIM28,0.15162067726461362,-1.118659634241757,0.071,0.148,1
ILF2,0.19638551039606902,-1.1198953474144262,0.048,0.108,1
LINC02438,0.4312454432482986,-1.120512807317234,0.095,0.134,1
GRAMD2A,0.0716079420975249,-1.1205128073172343,0.095,0.208,1
CDH1,0.3624508311380268,-1.1205128073172343,0.143,0.184,1
HNRNPA0,0.07598667883791232,-1.122363603005176,0.048,0.146,1
AC079062.1,0.15131450174914365,-1.12293260125388,0.238,0.314,1
ACSL4,0.012626430105691411,-1.1230360313747898,0.31,0.512,1
HIST1H1C,0.29937349941255303,-1.1238425319310892,0.095,0.146,1
RBM8A,0.12283537670675751,-1.1276385450458501,0.119,0.212,1
RYBP,0.02434196557364001,-1.1322945843031595,0.667,0.781,1
FURIN,0.27251877953394227,-1.132684408682896,0.095,0.15,1
HIST2H2AC,0.1905883571605488,-1.1346419327836124,0.048,0.11,1
MCPH1-AS1,0.330345852280748,-1.1370851087119416,0.095,0.146,1
CECR2,0.03707865034179157,-1.1370851087119418,0.167,0.307,1
FNDC3A,0.036626419787489116,-1.1371436941230437,0.786,0.848,1
EDARADD,0.14997882762310744,-1.1385490307461146,0.071,0.149,1
PRDX1,0.259265667729052,-1.141023058236776,0.238,0.29,1
CNKSR3,0.10748790312181454,-1.1419590830804127,0.071,0.164,1
RPL13A,5.968325043493423e-4,-1.1435948169805845,0.5,0.688,1
KRT19,0.05277410357250664,-1.1443899093351748,0.095,0.224,1
LINC02253,0.4217659645120934,-1.1443899093351748,0.095,0.132,1
TUBB,0.29150737094526935,-1.145361094185643,0.262,0.312,1
GM2A,0.29770686260419793,-1.1480284863985228,0.071,0.121,1
GPSM2,0.13857860524324622,-1.148755101896577,0.167,0.255,1
USP54,0.192861434029169,-1.1492393089965707,0.048,0.109,1
BCAR4,0.181013914995509,-1.1502072359304891,0.071,0.141,1
CYTH3,0.01357699009719921,-1.1511001309247273,0.357,0.534,1
PIK3CB,0.0026218153333655595,-1.1568270125733975,0.476,0.644,1
EIF3L,0.09945957033426805,-1.1588894790302897,0.143,0.242,1
TFAP2A,0.01705517143981208,-1.15888947903029,0.143,0.321,1
AC124947.1,0.22526742181827836,-1.15888947903029,0.048,0.104,1
TPD52L1,0.09007129228692679,-1.1636904652941107,0.024,0.106,1
OAZ2,0.15235160923204938,-1.1636904652941111,0.048,0.118,1
GJB7,0.15864021444824739,-1.1636904652941111,0.048,0.116,1
ACTR3C,0.1453963942110947,-1.1660849804344937,0.071,0.149,1
LINC01090,0.0052606479293083545,-1.1704952094428904,0.262,0.494,1
AC087857.1,0.08597012000754548,-1.17324477200736,0.024,0.108,1
RPL23,0.002392726970758185,-1.174583286135435,0.333,0.563,1
SLC39A8,0.18062486604620193,-1.1764155316153033,0.119,0.2,1
KRT18,0.009562639333242836,-1.1829512116773868,0.19,0.393,1
SERINC2,0.03619808920674305,-1.1846270404438977,0.048,0.177,1
PPP1R9A,0.0018610765496963632,-1.189386079798175,0.119,0.366,1
TPD52,0.0069247982782795195,-1.19122546114998,0.119,0.324,1
RPL36A,0.0222200350834897,-1.193105194368203,0.286,0.426,1
SLC2A3,0.6706425368229649,-1.1945133887610113,0.143,0.155,1
RPL6,0.0029197536163539923,-1.194794862772418,0.286,0.514,1
HSP90B1,0.006291106025800337,-1.194953167773985,0.381,0.583,1
AC009961.1,0.09104541475179975,-1.19685732922931,0.024,0.106,1
RPL18A,4.2087354839113377e-4,-1.1972645825957096,0.167,0.447,1
MDM2,0.03125719258002214,-1.197843113374866,0.31,0.452,1
TMEM150C,0.17600881406290025,-1.2029338117363113,0.119,0.197,1
NLGN4X,0.010560785804126175,-1.2035333940851318,0.024,0.181,1
CTDSP1,0.5286790446488825,-1.2071256646831374,0.19,0.211,1
VGLL1,0.15729520946441775,-1.2075242542811664,0.119,0.198,1
RPS3A,0.00961082271425778,-1.211583590334135,0.333,0.492,1
RPS19,4.660752725913059e-4,-1.2124973548308025,0.262,0.541,1
ADK,6.109658737143893e-4,-1.2126959227260836,0.667,0.817,1
RPL35A,0.12176439578162176,-1.2144818049936075,0.238,0.323,1
ATF3,0.0832868253785699,-1.2189368627002288,0.048,0.142,1
MB21D2,4.1701039308224817e-4,-1.2209124810040137,0.238,0.539,1
NAA11,0.1755640882065546,-1.221011190938087,0.143,0.221,1
IFITM3,0.4906783610534909,-1.2220290678422998,0.262,0.274,1
ARL4C,0.18044436237630454,-1.2223924213364477,0.071,0.14,1
MYO1C,0.051443076106804896,-1.2237723306151445,0.071,0.191,1
LGR4,0.0020659099944051406,-1.2261348230222646,0.333,0.579,1
ANP32B,0.09331340990323929,-1.2292788069216878,0.167,0.266,1
FAM210B,0.20531873491053187,-1.229278806921688,0.048,0.106,1
STS,0.0029480922048902283,-1.2297525206152853,0.238,0.483,1
ARHGAP29,0.04816959778476707,-1.2306521483303814,0.071,0.195,1
LRRC1,0.0012200854794504929,-1.2370240394542344,0.214,0.467,1
AC008591.1,0.07041924637331833,-1.237840820425112,0.071,0.18,1
DSP,0.0054671391655462045,-1.2386493297627517,0.167,0.393,1
RPS14,3.752649606948965e-4,-1.2411965023824028,0.31,0.581,1
ZNRF3,0.027912756682408453,-1.2435453759947361,0.214,0.374,1
LRP2,0.03773288850667548,-1.2443141352829679,0.095,0.234,1
RPL13,0.0015264928131139162,-1.2453335877156047,0.452,0.634,1
ITGA6,0.1447770714352435,-1.2497429094814034,0.143,0.227,1
EIF2AK1,0.0268870925321612,-1.2514352205738553,0.119,0.272,1
MAP7D2,0.039268526254482176,-1.2531255488760555,0.024,0.136,1
RNASEK,0.098446235533704,-1.2545728270855976,0.119,0.22,1
SH3BGRL3,0.35617939553219485,-1.2598671267551107,0.071,0.113,1
FAU,0.004628359973113027,-1.2645675569248267,0.143,0.341,1
XRCC2,0.14169525842206251,-1.2654611432283338,0.048,0.12,1
RDH13,0.18985276817877228,-1.2660990804666252,0.095,0.167,1
RNASE1,0.3126472637920834,-1.2660990804666254,0.214,0.141,1
FGD4,0.19685466444718305,-1.2678642051250961,0.143,0.221,1
IL1RAPL2,0.001801719896214511,-1.268488835925902,0.143,0.394,1
FLVCR2,0.07288453630037639,-1.2699207914190338,0.167,0.278,1
NDUFB11,0.16128480618821045,-1.2699207914190338,0.048,0.115,1
ESAM,0.23132166467654636,-1.2699207914190338,0.048,0.102,1
GATA3,0.002369101046959198,-1.269920791419034,0.143,0.391,1
RPS2,3.7989443384716623e-4,-1.271134670363924,0.452,0.673,1
RPL34,5.496806675106061e-4,-1.279352017351861,0.262,0.515,1
CCDC125,0.0641233248956875,-1.2815621978544298,0.119,0.233,1
CBR3-AS1,0.06619432061713268,-1.2851071952337096,0.095,0.207,1
ACER2,0.01123036740500623,-1.2928913140686722,0.119,0.291,1
SLC44A1,0.006259688674650853,-1.2971214527027393,0.286,0.472,1
DOK6,0.9866527802916114,-1.2974015278411406,0.143,0.136,1
HSD17B1,0.21313061334234168,-1.2998862128183215,0.167,0.24,1
KCTD1,0.0575779482824679,-1.3001354044660414,0.095,0.213,1
LINC01876,0.07970756814933688,-1.301629651146372,0.119,0.231,1
GGT7,0.098455397933608,-1.3029358486469973,0.024,0.1,1
DGCR8,0.06304281387518464,-1.3126948151093254,0.071,0.18,1
TDRP,0.0010385330422469001,-1.3133430717101626,0.214,0.466,1
ESRRG,9.41643452962196e-5,-1.3144394581976786,0.262,0.599,1
SMAGP,0.0799913957191353,-1.31593318917587,0.071,0.173,1
GRAMD2B,0.052449713627513675,-1.3173188416347728,0.333,0.448,1
AP002026.1,0.05190736085519505,-1.318088073879544,0.048,0.159,1
BTF3,0.12050657658651874,-1.3223882113131693,0.143,0.234,1
SRP14,0.19763763404213358,-1.3260638694565674,0.143,0.21,1
HES1,0.21934587300912783,-1.3266755697162678,0.048,0.104,1
PIK3C2B,0.07754885258382345,-1.328101862507563,0.143,0.256,1
ARHGAP8,0.1430569074743874,-1.328814480472602,0.071,0.149,1
HNRNPAB,0.1416242271312367,-1.3300963064484326,0.095,0.176,1
LIFR,0.0057888761975560775,-1.331638500694773,0.429,0.683,1
RSL1D1,0.053230309130760024,-1.3320169125109462,0.048,0.158,1
FAM13A,1.4705050354464624e-4,-1.3322790919946286,0.69,0.879,1
SEMA3A,0.6162842640504026,-1.3333872102624262,0.095,0.116,1
RASA1,0.0033006980994289455,-1.3379876313172483,0.857,0.923,1
MFSD4B,9.500263218371518e-4,-1.3387127266241952,0.595,0.792,1
DOT1L,0.09242519286824578,-1.3394617246721108,0.048,0.136,1
AC078881.1,0.006755350615260447,-1.3408754386910542,0.31,0.523,1
YBX3,0.03515690434520522,-1.3424894173696786,0.119,0.257,1
MVB12B,0.023890684843204685,-1.3444677447840876,0.143,0.301,1
LINC02669,0.052541629093831824,-1.3447560243416237,0.048,0.158,1
NCL,0.04443447134894623,-1.3456205175508864,0.19,0.321,1
F5,0.10456547493909835,-1.3461142811884328,0.095,0.189,1
SLC22A11,0.10785899502794462,-1.3461142811884328,0.095,0.19,1
KANK4,0.08331974200398172,-1.3479233034203069,0.095,0.197,1
EEF1A1,0.0013456188706006836,-1.3498993276175837,0.833,0.855,1
OAZ1,0.13117602732235742,-1.350732837007131,0.19,0.273,1
AGAP1,7.205336670135598e-5,-1.35266122242697,0.524,0.78,1
SPATA9,0.44901494984220386,-1.3549369051813613,0.143,0.175,1
RACK1,0.003267128453704933,-1.3581318020793312,0.262,0.471,1
ASPM,0.205444722244503,-1.3646990161711339,0.071,0.138,1
GCM1,0.03551661550748463,-1.3676742596279385,0.071,0.202,1
FANCA,0.10545423234955663,-1.3699016725158017,0.071,0.16,1
ITGB4,0.044478639833620624,-1.3705247323574394,0.048,0.164,1
SPAG16,0.13958936064291447,-1.373014284383137,0.071,0.15,1
RNH1,0.10156452492253999,-1.3730142843831374,0.048,0.132,1
MYL9,0.2197432533728954,-1.3730142843831374,0.048,0.104,1
AL590652.1,0.0952258801324173,-1.3761201952509587,0.071,0.164,1
SLC6A4,0.1842040407323254,-1.3761201952509587,0.071,0.138,1
JUND,0.075976402737605,-1.3783346163164008,0.143,0.248,1
RHOBTB1,5.109112699669705e-4,-1.3813361360029497,0.452,0.677,1
BACE2,0.01626698151186282,-1.38539800883897,0.238,0.405,1
MIR924HG,0.26539744849077324,-1.3883713251530572,0.19,0.262,1
HSPB1,0.13948935350479794,-1.388916778975766,0.19,0.281,1
ADGRG6,0.0015536805284712863,-1.389187098452084,0.143,0.394,1
TMSB4X,0.692648456906289,-1.3893160967122375,0.286,0.276,1
RPL7A,2.2501256855538796e-4,-1.3895024071717061,0.238,0.552,1
AFF1,0.32046569426639626,-1.3905805740561201,0.595,0.642,1
MARCKS,0.2740796570451269,-1.3932235726107753,0.357,0.376,1
JUP,0.07323091689350097,-1.3946165388683485,0.071,0.174,1
CDO1,0.19379298255234811,-1.3952290181986637,0.095,0.162,1
CC2D2B,0.17229400472373615,-1.3976763386174063,0.048,0.113,1
RPS18,4.359562098371088e-4,-1.4034561172661355,0.381,0.631,1
PPP1R14B,0.14270215232743735,-1.4068169924738754,0.071,0.149,1
AL365295.1,3.514800443657899e-4,-1.4075399667014277,0.167,0.447,1
FAM234A,0.09635708925096394,-1.4159000972363143,0.024,0.101,1
SIPA1L1,7.817850139882617e-4,-1.4179108223574604,0.31,0.587,1
RPL12,0.0243926843250715,-1.4182199161006648,0.214,0.356,1
ESRP1,0.026755953639262305,-1.4184848008973125,0.095,0.239,1
RPL32,0.0019890964408218873,-1.4185804417897134,0.214,0.434,1
XAGE2,0.0754718098174671,-1.4195173871569886,0.071,0.174,1
P2RY14,0.08546382202213457,-1.4219238848640836,0.048,0.14,1
MICU3,0.05311229147062514,-1.425354790264357,0.262,0.395,1
PLEKHH1,0.123535122225219,-1.425354790264357,0.095,0.182,1
GLRX,0.25723383997471655,-1.4284667307308556,0.214,0.26,1
FAM83B,0.04044687320176474,-1.432405368732406,0.095,0.224,1
HSPB8,0.023123361931405684,-1.4338965265301598,0.048,0.187,1
TCEAL9,0.055240793067887685,-1.4338965265301598,0.095,0.214,1
CASTOR2,0.0792788774246995,-1.4338965265301598,0.048,0.141,1
LARGE2,0.12265389976407398,-1.4338965265301598,0.048,0.125,1
EVA1B,0.18489856878538646,-1.4338965265301598,0.095,0.164,1
CPS1,0.394162992482263,-1.437865428733105,0.071,0.113,1
UBA52,0.02935289125922342,-1.4436189559634027,0.167,0.312,1
H3F3A,0.00813723479547071,-1.4452975344905887,0.357,0.513,1
KIF2A,0.014345983808782036,-1.447382276631434,0.429,0.547,1
KATNBL1,0.009085722135727125,-1.4482580326775463,0.548,0.691,1
SLC41A2,0.10318581132199048,-1.4540247280311078,0.119,0.216,1
STAT5B,0.012772105137146064,-1.4542859911685277,0.286,0.45,1
CD14,0.2405301044017534,-1.454457849012476,0.238,0.151,1
CIT,0.21639105926526433,-1.457547794594805,0.048,0.105,1
RPL9,0.034402840775612856,-1.460059013750855,0.238,0.368,1
OSMR,0.015101955492410002,-1.4604771256334768,0.119,0.288,1
AC069277.1,9.111516871897676e-5,-1.4623049417159137,0.286,0.599,1
POGLUT3,0.021191465683628643,-1.4625658693614296,0.095,0.248,1
LIFR-AS1,0.19651150337072815,-1.463400520840243,0.048,0.11,1
FTL,0.24109753281532337,-1.4665677999189262,0.619,0.457,1
LINC01091,0.0016278315363368815,-1.4687006555335311,0.167,0.426,1
ENY2,0.05130100669977665,-1.4692295996424405,0.048,0.156,1
PTGDS,0.713761010291452,-1.470683196783939,0.119,0.13,1
HEXIM1,0.09392709035694373,-1.4738759644988055,0.095,0.19,1
MAFK,0.05864827929229517,-1.4837000824507736,0.048,0.154,1
GMEB1,0.07166776811009652,-1.4865768432063375,0.024,0.111,1
RPS3,6.758651135568376e-5,-1.4931308353565038,0.286,0.595,1
DYSF,0.0054589718321877406,-1.4956769238639989,0.119,0.324,1
CCP110,0.09762455652360008,-1.4980268639498755,0.024,0.1,1
SQSTM1,0.011690157629699497,-1.4983622574282869,0.286,0.453,1
CACNA2D3,0.16861993745544138,-1.5057212557398763,0.119,0.2,1
FTH1,0.05825102853718107,-1.5059251374868001,0.452,0.53,1
GGH,0.12321937654823018,-1.511271370459366,0.048,0.124,1
ACTG1,0.0019274836534323631,-1.5126160392498695,0.357,0.564,1
RAB8A,0.08206299269913907,-1.5150332892555656,0.024,0.106,1
TENT5A,0.004471097990155577,-1.517970572335118,0.262,0.469,1
FAM107B,0.11206112162204343,-1.5179963115353203,0.31,0.399,1
PSMB4,0.07430940471174971,-1.5262605446788193,0.071,0.172,1
ADAM19,0.23875372376156578,-1.5262605446788193,0.071,0.132,1
ZNF777,0.08123793635082538,-1.5318415769421194,0.024,0.107,1
ASS1,0.09302521065333243,-1.5318415769421194,0.024,0.102,1
PAWR,0.010481756634483327,-1.5339823920565554,0.214,0.388,1
ATG9B,0.14681252527381228,-1.5351798623673414,0.048,0.122,1
GAPDH,4.346956054631959e-4,-1.5369571278103238,0.214,0.515,1
BTG1,0.058487176582697906,-1.5447806326496174,0.119,0.233,1
MTRNR2L12,8.134707705079788e-5,-1.5472758502191355,0.19,0.507,1
GRAMD1B,2.771076671215464e-4,-1.5501495950260078,0.238,0.541,1
PISD,0.009921698576745437,-1.555323010281282,0.119,0.297,1
AP005262.2,2.6042382160055156e-4,-1.5582125074551596,0.167,0.46,1
SOX4,0.05611633470455789,-1.5594274086140185,0.024,0.123,1
LINC02245,0.2092679903523647,-1.5648818387061267,0.119,0.183,1
TAGLN2,0.19955060045854206,-1.56624223017033,0.167,0.232,1
RGS6,0.26818743090491404,-1.566436467133382,0.119,0.181,1
RPS6KA5,8.394193302268239e-5,-1.568765273193355,0.238,0.579,1
FAM160A1,0.07385308483717136,-1.5703157247567545,0.024,0.112,1
MYO1B,0.019455041414148312,-1.5753135185800962,0.143,0.3,1
NIBAN2,0.04044528081645971,-1.5762203511745476,0.238,0.351,1
MRFAP1,0.06273495361318447,-1.5775292149893296,0.048,0.148,1
SEPHS1,0.07355122532202556,-1.581122479713338,0.024,0.11,1
FIGN,7.423430753905032e-4,-1.5833873075582,0.167,0.448,1
KALRN,0.08501754075316015,-1.6009798980585246,0.143,0.242,1
WWC1,0.028125821656521326,-1.6046161823802743,0.167,0.306,1
ECI1,0.0733651701363101,-1.607790430175418,0.024,0.11,1
TMTC4,0.08058844352145492,-1.607790430175418,0.024,0.107,1
AL158206.1,0.09254885617955969,-1.607790430175418,0.024,0.102,1
LINC02008,0.030695382165955437,-1.61072333429771,0.071,0.212,1
ZNF439,0.04900157189147507,-1.615695628260764,0.071,0.186,1
BCORL1,0.06656216580831487,-1.618321097667587,0.071,0.176,1
UBB,0.05460143846526766,-1.6339743619790728,0.119,0.238,1
ZNF117,0.23862427273984305,-1.639774981675215,0.286,0.368,1
SPIRE2,0.048913216979374494,-1.6443163062005317,0.095,0.214,1
TPT1,2.705698465388663e-4,-1.6465372352585168,0.524,0.712,1
MIR100HG,0.0613516548058399,-1.656443785005569,0.167,0.288,1
PLEKHA7,0.02155738543873981,-1.6596915320874475,0.095,0.246,1
CFD,0.30427979865373195,-1.6607107444512004,0.095,0.144,1
ANXA3,0.06235260618810902,-1.667318131562147,0.071,0.177,1
ATP10D,1.1166285027548167e-4,-1.6682929914146936,0.333,0.617,1
THOP1,0.07336761632968002,-1.6698513983076695,0.024,0.11,1
ZNF83,1.6058537643863423e-4,-1.67624916950582,0.476,0.696,1
TJP2,0.0019231873718769876,-1.679940215931253,0.071,0.3,1
NCAPG2,0.04304122532398244,-1.6849582906978773,0.024,0.131,1
MYLIP,0.005081926714623845,-1.7048578481355823,0.095,0.292,1
CYP11A1,5.071044551542696e-4,-1.7048578481355825,0.119,0.391,1
AZIN1-AS1,0.07161209027718933,-1.7048578481355827,0.048,0.143,1
FAM171B,0.0790087068913986,-1.7114305020590685,0.048,0.14,1
HIST1H2AC,0.04680516519895041,-1.7127414472114157,0.071,0.19,1
MT2A,0.15939519500118388,-1.7179733479258408,0.048,0.115,1
ZNF554,0.09590431892071533,-1.7244866548845152,0.024,0.1,1
TP63,0.015530030571245051,-1.7252363015840992,0.071,0.23,1
LCMT1-AS2,0.002028914115263333,-1.7286583061021732,0.024,0.233,1
GDPD5,0.09063420437225422,-1.729352410056331,0.071,0.162,1
EHD1,0.06461378874483924,-1.7293524100563311,0.024,0.114,1
AC020891.2,0.08146836439723075,-1.7309706884547134,0.024,0.108,1
LDLRAD3,0.08181271070048722,-1.7342018097177267,0.048,0.138,1
ERV3-1,0.12775472827656476,-1.7406424232755562,0.119,0.202,1
GABRE,0.00755775334298872,-1.7486529660152668,0.071,0.255,1
ANO2,0.062282144795047796,-1.7502497509495965,0.024,0.118,1
TINCR,0.052773878061235825,-1.750249750949597,0.048,0.154,1
COX6B1,0.07138697005525114,-1.75104748115565,0.071,0.172,1
AC013652.1,0.07104644642663326,-1.758207272728516,0.071,0.177,1
CADPS2,0.23827780594686512,-1.7676987217058138,0.071,0.128,1
ZBTB21,0.05342280422436885,-1.7724211319482173,0.024,0.121,1
CADM1,0.04185391901714435,-1.7775552834196535,0.095,0.222,1
ZNF354B,0.02124769997062966,-1.7888288884698298,0.071,0.213,1
S100A11,1.6963866262969737e-4,-1.7989745509895336,0.19,0.495,1
PAK1,0.018411035867307,-1.8030753899905174,0.143,0.292,1
FGF12,0.14266068556824682,-1.8165294842381141,0.048,0.12,1
AL117329.1,0.0217671034384113,-1.8403387443452477,0.048,0.187,1
IGSF3,0.028975602143517423,-1.8429601247643708,0.048,0.174,1
ADHFE1,0.05007351883049922,-1.8459501673701824,0.048,0.155,1
AC093866.1,0.14052225475490665,-1.8477412228961705,0.095,0.172,1
AC079760.1,0.15101103282069375,-1.8477412228961705,0.071,0.146,1
EPS8L1,0.09823331561600687,-1.8578487506167511,0.048,0.131,1
TMC5,0.01771312518470872,-1.8608081260972948,0.024,0.161,1
MAPK4,0.17660461706563346,-1.8637614434866427,0.048,0.112,1
ST5,0.006541159263378191,-1.8657269683695328,0.119,0.308,1
HIST1H4C,0.0836416413014475,-1.8690622273099518,0.071,0.168,1
EPHA1-AS1,0.21183212288951153,-1.8690622273099518,0.095,0.156,1
DACT2,0.05927247816618173,-1.8813555035013811,0.024,0.117,1
GADD45G,0.09119289217192901,-1.8813555035013811,0.024,0.102,1
SPRY4-AS1,0.07678647104934404,-1.885720696062783,0.095,0.196,1
AZIN1,1.1201498390543712e-4,-1.9041834329556424,0.31,0.585,1
DNAH14,0.022109573642342867,-1.9140144423153362,0.143,0.289,1
WDHD1,0.054666672404922095,-1.91591272553775,0.024,0.12,1
NOS3,0.07763725804663649,-1.9286612182797378,0.024,0.107,1
KYNU,0.03871153146466255,-1.932885804141463,0.167,0.301,1
FHDC1,0.004982946552586439,-1.9340905599867466,0.071,0.263,1
KNL1,0.11560170160854896,-1.9384994106049898,0.048,0.125,1
ATIC,0.019830036205856823,-1.946879076220963,0.048,0.186,1
CDYL2,0.002024349706178327,-1.9609886756363986,0.119,0.343,1
CROT,0.17279880227932845,-1.962943037997643,0.095,0.164,1
TMEM108,0.027196997610103166,-1.9641819346310017,0.095,0.235,1
GPR1-AS,0.05702619013630011,-1.9689897778267114,0.048,0.15,1
MT-ND3,8.964782705437578e-5,-1.9728436341677777,0.429,0.662,1
SPCS1,0.04365772854656398,-1.9744649078928629,0.024,0.127,1
MIF,0.026569821002160366,-1.979374822016669,0.095,0.231,1
PCBP1,0.03331973103091537,-1.9799193379849707,0.048,0.169,1
PCDH11X,8.126915417377182e-5,-1.9802705295740681,0.071,0.39,1
COBL,0.006123859456044743,-1.9804141742240489,0.119,0.313,1
ADAM12,0.00148654017555208,-1.9904037628530586,0.548,0.791,1
DIAPH3,0.018468406303354248,-1.9918469861210988,0.119,0.275,1
AC110619.1,0.056094979904968256,-2.0068863855852404,0.024,0.119,1
MT-ND4,7.634260528981912e-5,-2.009485393835568,0.548,0.711,1
CAPN6,0.05309427098882041,-2.0095555723612244,0.048,0.152,1
CATSPERB,0.28032267358619967,-2.010888316142736,0.071,0.12,1
MMP11,0.09636864926961826,-2.0188590272513163,0.024,0.1,1
GLDC,0.006018372535266135,-2.019852276888406,0.071,0.255,1
LINC01456,0.08404241197307712,-2.022827929454262,0.024,0.105,1
FRAS1,0.0019579859410035517,-2.023760204149636,0.119,0.357,1
PRKCZ,2.1647573698597416e-4,-2.034669542098778,0.167,0.447,1
BPGM,0.022314996656219707,-2.057291339022483,0.048,0.184,1
CYP2J2,0.05843206061809638,-2.061927749143202,0.024,0.117,1
GULP1,7.973333379587102e-4,-2.0644721855009633,0.476,0.732,1
AC105411.1,0.1336033253005227,-2.0670619006146387,0.048,0.12,1
AP000446.1,0.05977783220744328,-2.0848888975865134,0.024,0.116,1
LINC01619,0.05810703890127966,-2.0886804767488876,0.024,0.117,1
TENM3-AS1,0.06335246330040845,-2.0924621172913143,0.024,0.114,1
CALM1,4.724535654710653e-4,-2.0976819241384748,0.238,0.478,1
MT-ND6,0.04948292073038646,-2.1024982971798916,0.048,0.155,1
KLHL5,0.011418275268573256,-2.1326844086828958,0.167,0.326,1
PLGRKT,0.013556617354423933,-2.1370851087119416,0.048,0.197,1
NEURL1,0.04042328960009999,-2.1462103449595435,0.048,0.163,1
BMP1,0.02939193541285128,-2.163690465294111,0.095,0.227,1
SH3TC2-DT,0.1268295738356033,-2.1642894667728796,0.071,0.149,1
MPP7,6.221421169864394e-5,-2.179399761870123,0.095,0.418,1
KCNH5,0.04185401148565712,-2.1803692064407416,0.024,0.128,1
NRXN3,0.01235000773661762,-2.184627040443898,0.119,0.283,1
LINC01205,0.02213549408805027,-2.19685732922931,0.071,0.211,1
MYO5B,0.020566670168999147,-2.1991974676838266,0.048,0.183,1
LAMA3,0.17811409249817495,-2.1991974676838266,0.048,0.11,1
DNAJC6,0.02169047325658478,-2.2038663877486737,0.095,0.238,1
STK17A,0.01256508419571314,-2.2067768084268398,0.071,0.228,1
APOE,0.17419940948186038,-2.2210111909380874,0.071,0.139,1
PIP5K1B,0.002549213297074642,-2.2463523202806295,0.095,0.307,1
RASSF6,0.02807759879748745,-2.2463523202806295,0.071,0.201,1
NECTIN3,0.0016974938846674615,-2.2593866288186497,0.167,0.396,1
SLC7A5,0.021293450211186962,-2.260987666649026,0.048,0.182,1
EFEMP1,4.61658485403403e-4,-2.2723475288135737,0.095,0.361,1
LINC01725,0.11160134948659126,-2.296393002780225,0.048,0.126,1
NRCAM,0.0345054222565745,-2.3126948151093254,0.071,0.194,1
RIPOR2,0.07743553420867116,-2.3458125568244994,0.048,0.138,1
MYLK,0.03906215635898096,-2.3510836443136345,0.071,0.19,1
AL162718.1,0.051556050324940386,-2.3529765311465924,0.048,0.155,1
SLC13A3,0.018878275137680093,-2.356335543236507,0.071,0.216,1
SLC7A2,0.016699256685667203,-2.356754870384028,0.095,0.242,1
AC006206.2,0.028318943762399646,-2.3573836326693733,0.024,0.141,1
STEAP4,0.05955192151367512,-2.376120195250959,0.024,0.116,1
SLC24A3,0.07182719681769627,-2.3847813407206306,0.119,0.22,1
PPP1R13L,0.009775174513619514,-2.3884774017709423,0.024,0.175,1
THRB,5.4507990573413665e-5,-2.391550235820565,0.167,0.474,1
SLC2A11,0.01807399017622192,-2.3956371933438083,0.048,0.187,1
GLDN,0.008809305622263452,-2.4025585599971526,0.048,0.214,1
PGF,0.012837750434125229,-2.409851052563509,0.071,0.228,1
GNGT1,8.890019697368097e-4,-2.414390212178676,0.071,0.316,1
SLC27A6,0.004782951689839303,-2.4148936827965546,0.071,0.26,1
AC211433.1,9.482197608471225e-4,-2.4408349564523,0.262,0.497,1
MT-ATP8,3.512364864267086e-4,-2.464462106643028,0.119,0.384,1
SLC16A12,0.021425732134613754,-2.4677745364420534,0.048,0.183,1
ADM,0.02660612747795073,-2.471167403883933,0.048,0.174,1
AC211486.5,0.04472799084244154,-2.515033289255566,0.024,0.125,1
MTRNR2L8,0.030247737870073482,-2.5290537595705,0.024,0.138,1
ERRFI1,0.003186140772717207,-2.5473545763134435,0.071,0.273,1
PLEKHA6,7.280265590238476e-4,-2.551893735928611,0.071,0.314,1
C21orf91,0.00850578907872845,-2.570315724756755,0.024,0.179,1
S100P,0.01636416439902411,-2.591848886306396,0.143,0.296,1
C4orf19,0.08157807812116853,-2.6339743619790728,0.119,0.211,1
DSC3,0.019874455811885485,-2.6417377620987557,0.024,0.152,1
GATA2-AS1,0.027093742987873305,-2.659691532087448,0,0.105,1
SEMA3B,0.0331699376857438,-2.669851398307669,0.048,0.166,1
DEPDC1B,9.494121577232469e-4,-2.6811963719016783,0.048,0.284,1
MYADM,0.025023909419947706,-2.6899589717562447,0,0.107,1
AL109761.1,0.03649262428509748,-2.692452827244802,0.024,0.132,1
SPTLC3,1.4455286132170747e-4,-2.695149648151093,0.357,0.616,1
KMO,0.014953375917716156,-2.698916748287797,0.024,0.165,1
SIGLEC6,0.003123498775019303,-2.7462544699667504,0.048,0.242,1
PAM,0.02302929474821301,-2.762011348870286,0.167,0.301,1
AL162411.1,0.024631998370435892,-2.7676987217058144,0,0.108,1
KDM5D,0.011459622512276169,-2.805052136188184,0,0.133,1
S100A9,0.022681677057420333,-2.911638070437424,0.048,0.178,1
FDX1,5.167395767890617e-4,-2.9281322741708284,0.143,0.389,1
PTCHD1-AS,0.07523437116304102,-2.967068562801761,0.048,0.141,1
LINC01483,0.047832235481153444,-2.9769219536883846,0.024,0.124,1
EBI3,0.0038433860998933708,-3.0405540983506345,0.024,0.208,1
GCNT4,0.01292527626525679,-3.077275713476638,0,0.129,1
IFITM2,0.020696151037852096,-3.0886804767488876,0,0.114,1
LINC01203,0.026733165411997845,-3.0999957899767216,0,0.105,1
LINC02163,0.010614535839035953,-3.103747924837829,0.048,0.203,1
RPS4Y1,6.593757506129149e-4,-3.144389909335175,0.024,0.254,1
C22orf34,0.02137385700191224,-3.1803692064407416,0,0.113,1
TTPA,0.011167599203996546,-3.1909903221973144,0,0.134,1
NPFFR2,0.021721659100657036,-3.205031260675011,0,0.112,1
PHYHIPL,0.019914208358538764,-3.2212414878562696,0.048,0.181,1
SDC1,0.017270002447497212,-3.2292788069216884,0.024,0.156,1
ADGRL3,0.0229283524543867,-3.2514352205738555,0.048,0.179,1
PSG7,0.02941812390331461,-3.2898203488567392,0,0.102,1
OTOGL,0.031347488917343666,-3.379219433909846,0,0.1,1
COL28A1,0.012339740208595176,-3.3884774017709423,0,0.131,1
IFI30,0.019723603674646276,-3.4027616277771893,0.048,0.183,1
PRKY,0.006566401180204239,-3.409851052563509,0,0.151,1
PPP2R2B,0.03133404363693941,-3.412878745261077,0,0.1,1
PSG5,5.063002145968333e-4,-3.4860019497773753,0.024,0.266,1
OLAH,0.017092832231497188,-3.4980268639498755,0,0.12,1
CD200,0.01176254257650993,-3.500875226258906,0,0.132,1
ZFY,0.003498783510730457,-3.52626054467882,0,0.171,1
CCDC102B,0.14379381767423785,-3.611309200312214,0.048,0.117,1
GDA,0.016823195778586215,-3.636566806595597,0,0.121,1
AC093827.4,0.012772818312165582,-3.687460797901048,0,0.13,1
PSG8,0.011917222260801394,-3.7007346814511686,0.048,0.195,1
DDX3Y,0.0020387577097822273,-3.7269215838015692,0,0.187,1
KCNH7,0.012362751834163547,-3.7558246214175224,0,0.131,1
AC009879.4,0.013522551214512008,-3.762960802699151,0.048,0.192,1
PCDH11Y,0.005384678877174674,-3.769274576631353,0.048,0.221,1
EGLN3,0.02804426897093189,-3.791157694529803,0,0.104,1
LINC00474,0.02510882716447872,-3.7958040593861684,0,0.107,1
HSD3B1,0.0013033131507521542,-3.8068946588407826,0.048,0.264,1
CSHL1,0.016293393912436862,-3.845950167370183,0,0.122,1
AC093817.2,3.671998159493573e-4,-3.8615470224212003,0.024,0.272,1
AC044810.2,4.073661361990602e-4,-3.862285540502794,0.024,0.27,1
AC026167.1,0.018827786613118357,-3.900895689897027,0,0.117,1
AC106729.1,0.006831718111429828,-3.911638070437424,0,0.15,1
TRPV6,0.0041868449615037415,-3.947575189643824,0,0.165,1
GDF15,0.0020159685884274703,-3.964181934631002,0.119,0.33,1
HLA-C,0.003847270465134565,-4.09434922683558,0,0.168,1
CCSAP,2.1927773881164967e-4,-4.160691721664275,0.048,0.309,1
HBG1,0.02024693841108983,-4.166802560673554,0.143,0.285,1
FRMD6-AS2,0.004884810445026045,-4.30782358355663,0,0.161,1
ACOXL,0.021414523113813713,-4.315933189175871,0,0.113,1
PSG9,0.0010167499855609908,-4.39231742277876,0.048,0.269,1
ABCB1,0.003414192180566464,-4.396147249930662,0,0.172,1
GH2,0.016033229977853326,-4.4894478790610926,0,0.122,1
KLRD1,0.0020583766787082266,-4.5213593677805,0.024,0.22,1
ANGPT2,0.0017904955298496934,-4.5313773146562495,0.048,0.253,1
TCL6,0.006508238953848806,-4.552580243217744,0,0.152,1
PSG11,0.005598259173468111,-4.598512616587407,0,0.156,1
PSG4,2.5133664490383515e-4,-4.743050259785891,0.024,0.28,1
PSG2,2.0524000390610272e-4,-5.047876200216848,0.024,0.282,1
HBB,0.024704116934349943,-5.049336171710196,0,0.108,1
TTTY14,7.167634354056656e-5,-5.1945133887610115,0,0.281,1
HOPX,0.0014527817692834217,-5.2607076132577,0,0.198,1
SLC26A7,0.013648201190939457,-5.26490271665241,0,0.128,1
CGB3,0.0026990052394203047,-5.280319387979248,0.024,0.212,1
HBA2,1.1390658466183692e-4,-5.338969123894305,0.071,0.357,1
PSG1,0.0011295686247816369,-5.5065551353312605,0,0.205,1
INHBA,0.002106996749014292,-5.536013228159778,0,0.187,1
HBA1,0.0018517534480396317,-5.537678516964403,0.095,0.3,1
CHODL,3.5712335451507473e-4,-5.581795221642474,0.024,0.268,1
PSG6,4.675515349465875e-4,-5.903588793238127,0,0.231,1
