"cell","orig.ident","nCount_RNA_raw","nFeature_RNA_raw","sample_id","gestational_week","tile","sample","sample_stage","x_pixel","y_pixel","x_um","y_um","x","y","n_genes","n_counts","leiden","predicted.celltype","predicted.celltype.score","week","spatial_x_use","spatial_y_use","celltype_author","predicted.id","prediction.score.max","celltype_final_conservative","celltype_final_source","celltype_final_refined","celltype_refined_source","lineage_EVT","lineage_vCTB","lineage_STB","lineage_Endothelial","lineage_Fibroblast","lineage_Macrophage","lineage_NK","celltype_lineage_rescue","lineage_score_max","lineage_label_max","niche_cluster","dataset","permissiveness_global","permissiveness_global_pct","label"
"W8-2_W8-2_tile_0_cell_119","W8-2",519,197,"W8-2",8,"tile_W8-2_0","W8-2","8w_2d",439,15467,62.32922,2196.00466,62.32922,2196.00466,197,519,7,"EVT3",0.378572534476073,8,62.32922,2196.00466,"EVT3","EVT3",0.378572534476073,"EVT3","author","EVT3","author",3.27291770589533,6.86593500478368,1.01320338620417,-0.102883565758814,-4.74045787902228,-0.702719825202999,-0.0904229330143925,NA,6.86593500478368,"vCTB","N2","starmap",4.5516679448327,0.979569500182415,"EVT3"
"W8-2_W8-2_tile_0_cell_160","W8-2",175,100,"W8-2",8,"tile_W8-2_0","W8-2","8w_2d",1305,15952,185.2839,2264.86496,185.2839,2264.86496,100,175,1,"EVT2",0.608370620180704,8,185.2839,2264.86496,"EVT2","EVT2",0.608370620180704,"EVT2","author","EVT2","author",4.51687391996747,3.01540770024638,-0.518925433782638,-0.0776145707122554,-4.78701274949311,-0.889728093575548,-0.101382372409073,NA,4.51687391996747,"EVT","N7","starmap",3.49023660250402,0.947555636628968,"EVT2"
"W8-2_W8-2_tile_0_cell_244","W8-2",321,167,"W8-2",8,"tile_W8-2_0","W8-2","8w_2d",966,14887,137.15268,2113.65626,137.15268,2113.65626,167,321,6,"EVT3",0.983639681041698,8,137.15268,2113.65626,"EVT3","EVT3",0.983639681041698,"EVT3","author","EVT3","author",4.55211266506545,9.31314203819131,0.862218382721139,0.103240340426953,-4.78198732238352,-0.826878474816394,-0.083609976605811,NA,9.31314203819131,"vCTB","N7","starmap",5.2914488879905,0.991152863918278,"EVT3"
"W8-2_W8-2_tile_0_cell_25","W8-2",410,159,"W8-2",8,"tile_W8-2_0","W8-2","8w_2d",1168,15222.5,165.83264,2161.29055,165.83264,2161.29055,159,410,6,"EVT3",0.945737112926773,8,165.83264,2161.29055,"EVT3","EVT3",0.945737112926773,"EVT3","author","EVT3","author",2.71940521335703,5.75866907029179,0.386069094601959,0.0655663634249461,-4.97528083933374,-0.828593449040826,-0.0854103606164279,NA,5.75866907029179,"vCTB","N7","starmap",4.00991033359384,0.963608172199927,"EVT3"
"W8-2_W8-2_tile_0_cell_283","W8-2",154,61,"W8-2",8,"tile_W8-2_0","W8-2","8w_2d",901.5,16352,127.99497,2321.65696,127.99497,2321.65696,61,154,1,"EVT3",0.416535148915265,8,127.99497,2321.65696,"EVT3","EVT3",0.416535148915265,"EVT3","author","EVT3","author",2.64089640724183,5.65336720255051,0.340119612175412,0.0372553892960591,-5.05327343999579,-0.83508849754912,-0.087021497811551,NA,5.65336720255051,"vCTB","N7","starmap",3.96672431942194,0.961692812842028,"EVT3"
"W8-2_W8-2_tile_0_cell_315","W8-2",118,75,"W8-2",8,"tile_W8-2_0","W8-2","8w_2d",1627,15468.5,231.00146,2196.21763,231.00146,2196.21763,75,118,1,"EVT2",0.579852923250868,8,231.00146,2196.21763,"EVT2","EVT2",0.579852923250868,"EVT2","author","EVT2","author",2.43353352515917,4.81208678685336,1.04018553571401,-0.0827746876036682,-4.80716616696257,-0.842021617628406,-0.0853078314668834,NA,4.81208678685336,"vCTB","N7","starmap",3.86736994959208,0.955946734768333,"EVT2"
"W8-2_W8-2_tile_0_cell_325","W8-2",176,113,"W8-2",8,"tile_W8-2_0","W8-2","8w_2d",519.5,16524,73.75861,2346.07752,73.75861,2346.07752,113,176,1,"EVT3",0.993046645381714,8,73.75861,2346.07752,"EVT3","EVT3",0.993046645381714,"EVT3","author","EVT3","author",3.18725128915316,6.60765888889407,-0.0412647978084274,0.0119393637938081,-5.15733236033831,-0.841172657833831,-0.0886208866621368,NA,6.60765888889407,"vCTB","N7","starmap",3.96619726505664,0.961601605253557,"EVT3"
"W8-2_W8-2_tile_0_cell_348","W8-2",241,107,"W8-2",8,"tile_W8-2_0","W8-2","8w_2d",900,15985,127.782,2269.5503,127.782,2269.5503,107,241,1,"EVT3",0.688119052356657,8,127.782,2269.5503,"EVT3","EVT3",0.688119052356657,"EVT3","author","EVT3","author",3.33960767210905,7.08900707109913,0.0587216971461096,0.0750342991056459,-5.12310966162466,-0.847657271031765,-0.0856151552995405,NA,7.08900707109913,"vCTB","N7","starmap",4.32492490979295,0.974644290404962,"EVT3"
"W8-2_W8-2_tile_0_cell_362","W8-2",206,131,"W8-2",8,"tile_W8-2_0","W8-2","8w_2d",1043,14780.5,148.08514,2098.53539,148.08514,2098.53539,131,206,1,"EVT3",0.930103715739146,8,148.08514,2098.53539,"EVT3","EVT3",0.930103715739146,"EVT3","author","EVT3","author",3.00402355604284,6.34273783641234,-0.0182094859666598,0.0130824126428316,-5.15590338936161,-0.844402832996328,-0.0884083061038462,NA,6.34273783641234,"vCTB","N7","starmap",3.7783376687779,0.952116016052536,"EVT3"
"W8-2_W8-2_tile_0_cell_375","W8-2",247,137,"W8-2",8,"tile_W8-2_0","W8-2","8w_2d",69,16088,9.79662,2284.17424,9.79662,2284.17424,137,247,7,"EVT2",0.307575823869529,8,9.79662,2284.17424,"EVT2","EVT2",0.307575823869529,"EVT2","author","EVT2","author",2.71555748112661,5.14576070294112,1.3456954147689,-0.0250045715634319,-4.93385761646405,-0.828780012879122,-0.0831861951937403,NA,5.14576070294112,"vCTB","N1","starmap",4.08338586951118,0.966253192265596,"EVT2"
"W8-2_W8-2_tile_0_cell_383","W8-2",296,143,"W8-2",8,"tile_W8-2_0","W8-2","8w_2d",1492.5,16378.5,211.90515,2325.41943,211.90515,2325.41943,143,296,1,"EVT3",0.558470033117386,8,211.90515,2325.41943,"EVT3","EVT3",0.558470033117386,"EVT3","author","EVT3","author",2.25508128421035,3.95248218142464,0.508518546082968,-0.137363700334397,-4.82107144207813,-0.74570430475767,-0.0880044159283542,NA,3.95248218142464,"vCTB","N7","starmap",3.67391128396937,0.949562203575337,"EVT3"
"W8-2_W8-2_tile_0_cell_386","W8-2",201,102,"W8-2",8,"tile_W8-2_0","W8-2","8w_2d",738,16245,104.78124,2306.4651,104.78124,2306.4651,102,201,1,"EVT3",0.671320248012631,8,104.78124,2306.4651,"EVT3","EVT3",0.671320248012631,"EVT3","author","EVT3","author",2.40635539872535,6.25437355507278,0.333816039587743,0.252059257868949,-5.01620095326392,-0.831675142278817,-0.0865067148262611,NA,6.25437355507278,"vCTB","N7","starmap",6.54100845845715,0.999087924115286,"EVT3"
"W8-2_W8-2_tile_0_cell_412","W8-2",144,98,"W8-2",8,"tile_W8-2_0","W8-2","8w_2d",1685,16342,239.2363,2320.23716,239.2363,2320.23716,98,144,6,"EVT3",0.628030929539928,8,239.2363,2320.23716,"EVT3","EVT3",0.628030929539928,"EVT3","author","EVT3","author",2.49799997940095,5.6865814928961,0.513297251877117,0.103635352596883,-4.99984876930727,-0.841636808276379,-0.0873424968242858,NA,5.6865814928961,"vCTB","N7","starmap",4.79019478398695,0.983491426486684,"EVT3"
"W8-2_W8-2_tile_0_cell_453","W8-2",209,104,"W8-2",8,"tile_W8-2_0","W8-2","8w_2d",1099,15272,156.03602,2168.31856,156.03602,2168.31856,104,209,1,"EVT3",0.895237524239629,8,156.03602,2168.31856,"EVT3","EVT3",0.895237524239629,"EVT3","author","EVT3","author",2.8282374849164,5.94161864341327,0.272782857528162,0.194317987840039,-5.0782763837969,-0.845086341384558,-0.089765338734443,NA,5.94161864341327,"vCTB","N7","starmap",3.73784626361942,0.950930317402408,"EVT3"
"W8-2_W8-2_tile_0_cell_472","W8-2",787,263,"W8-2",8,"tile_W8-2_0","W8-2","8w_2d",1708,15326,242.50184,2175.98548,242.50184,2175.98548,263,787,6,"EVT3",0.709008107172342,8,242.50184,2175.98548,"EVT3","EVT3",0.709008107172342,"EVT3","author","EVT3","author",3.46435757834597,12.3156338739762,-0.143002766076317,-0.099595110299109,-4.83390172521572,-0.875601516320167,-0.102933054500203,NA,12.3156338739762,"vCTB","N7","starmap",4.8695038340938,0.98522437066764,"EVT3"
"W8-2_W8-2_tile_0_cell_517","W8-2",255,127,"W8-2",8,"tile_W8-2_0","W8-2","8w_2d",1139,16452,161.71522,2335.85496,161.71522,2335.85496,127,255,1,"EVT3",0.582283354630512,8,161.71522,2335.85496,"EVT3","EVT3",0.582283354630512,"EVT3","author","EVT3","author",3.06818651735796,6.46637850752989,0.0367874946470848,0.0276367798899101,-5.09749482984313,-0.840750882253048,-0.086956622796614,NA,6.46637850752989,"vCTB","N7","starmap",4.29311128067215,0.973367384166363,"EVT3"
"W8-2_W8-2_tile_0_cell_520","W8-2",116,84,"W8-2",8,"tile_W8-2_0","W8-2","8w_2d",1094.5,14940,155.39711,2121.1812,155.39711,2121.1812,84,116,1,"EVT2",0.606141666460017,8,155.39711,2121.1812,"EVT2","EVT2",0.606141666460017,"EVT2","author","EVT2","author",3.27334196490801,4.71838217586747,0.872359695653761,-0.064983922198503,-4.78463538000872,-0.870534001891371,-0.0904668225505576,NA,4.71838217586747,"vCTB","N7","starmap",3.70316886485962,0.950200656694637,"EVT2"
"W8-2_W8-2_tile_0_cell_560","W8-2",307,143,"W8-2",8,"tile_W8-2_0","W8-2","8w_2d",1468,15452,208.42664,2193.87496,208.42664,2193.87496,143,307,1,"EVT3",0.806294332827965,8,208.42664,2193.87496,"EVT3","EVT3",0.806294332827965,"EVT3","author","EVT3","author",3.62099672425928,4.70053067849906,0.76230096247647,-0.089926782053713,-4.7992742717711,-0.780874022586097,-0.0907187043274703,NA,4.70053067849906,"vCTB","N7","starmap",4.35866302069967,0.975738781466618,"EVT3"
"W8-2_W8-2_tile_0_cell_578","W8-2",473,190,"W8-2",8,"tile_W8-2_0","W8-2","8w_2d",1295,15272,183.8641,2168.31856,183.8641,2168.31856,190,473,6,"EVT3",1,8,183.8641,2168.31856,"EVT3","EVT3",1,"EVT3","author","EVT3","author",4.47934720141807,8.80443807367727,0.660187180448986,0.112520670057365,-4.79888501028513,-0.807649067475288,-0.0840561007703282,NA,8.80443807367727,"vCTB","N7","starmap",5.08298200404178,0.98859905144108,"EVT3"
"W8-2_W8-2_tile_0_cell_628","W8-2",252,86,"W8-2",8,"tile_W8-2_0","W8-2","8w_2d",995,16348,141.2701,2321.08904,141.2701,2321.08904,86,252,1,"EVT3",0.544190642924111,8,141.2701,2321.08904,"EVT3","EVT3",0.544190642924111,"EVT3","author","EVT3","author",3.07090440203537,6.96927509709711,0.198825680929601,0.0319309053328032,-5.11892385361884,-0.842625713399338,-0.0859681145857765,NA,6.96927509709711,"vCTB","N7","starmap",4.22343759987339,0.969992703392922,"EVT3"
"W8-2_W8-2_tile_0_cell_629","W8-2",506,168,"W8-2",8,"tile_W8-2_0","W8-2","8w_2d",354,15666,50.26092,2224.25868,50.26092,2224.25868,168,506,7,"EVT3",0.761235024530775,8,50.26092,2224.25868,"EVT3","EVT3",0.761235024530775,"EVT3","author","EVT3","author",3.18972259359503,9.69562704690729,0.269462876895392,-0.0194571733406262,-4.67828594647516,-0.859850772702971,-0.095095771856045,NA,9.69562704690729,"vCTB","N2","starmap",4.36641609601746,0.976103611820503,"EVT3"
"W8-2_W8-2_tile_0_cell_631","W8-2",443,116,"W8-2",8,"tile_W8-2_0","W8-2","8w_2d",207,15884,29.38986,2255.21032,29.38986,2255.21032,116,443,7,"EVT2",0.488594899943128,8,29.38986,2255.21032,"EVT2","EVT2",0.488594899943128,"EVT2","author","EVT2","author",2.55552875621863,4.94470821682081,1.24938912350738,-0.0830688341556429,-4.79256852564071,-0.844571404070324,-0.0875499349935913,NA,4.94470821682081,"vCTB","N1","starmap",3.64078099456488,0.948832542867567,"EVT2"
"W8-2_W8-2_tile_0_cell_635","W8-2",271,109,"W8-2",8,"tile_W8-2_0","W8-2","8w_2d",890,16447,126.3622,2335.14506,126.3622,2335.14506,109,271,1,"EVT3",0.541340575317508,8,126.3622,2335.14506,"EVT3","EVT3",0.541340575317508,"EVT3","author","EVT3","author",2.4846825738364,5.48526127634436,0.391967155348202,0.0304615928109205,-5.02493166740731,-0.853063185215517,-0.088372517044728,NA,5.48526127634436,"vCTB","N7","starmap",4.29405425450911,0.973458591754834,"EVT3"
"W8-2_W8-2_tile_0_cell_637","W8-2",362,152,"W8-2",8,"tile_W8-2_0","W8-2","8w_2d",1202.5,16039,170.73095,2277.21722,170.73095,2277.21722,152,362,6,"EVT2",0.757283510080222,8,170.73095,2277.21722,"EVT2","EVT2",0.757283510080222,"EVT2","author","EVT2","author",4.76918438319202,5.62209893632456,-0.991900225770696,-0.205750326312157,-4.67429947311177,-0.904121718864258,-0.103922352692081,NA,5.62209893632456,"vCTB","N7","starmap",2.98463802350997,0.939620576431959,"EVT2"
"W8-2_W8-2_tile_0_cell_676","W8-2",250,119,"W8-2",8,"tile_W8-2_0","W8-2","8w_2d",976.5,16540.5,138.64347,2348.42019,138.64347,2348.42019,119,250,1,"EVT3",0.902576021097311,8,138.64347,2348.42019,"EVT3","EVT3",0.902576021097311,"EVT3","author","EVT3","author",2.53109412253779,5.25141715910855,0.470457269026712,-0.0554418532272498,-4.93280003229586,-0.830140963044416,-0.0788353458024302,NA,5.25141715910855,"vCTB","N7","starmap",3.82481451758532,0.95375775264502,"EVT3"
"W8-2_W8-2_tile_0_cell_752","W8-2",245,107,"W8-2",8,"tile_W8-2_0","W8-2","8w_2d",1223,15905,173.64154,2258.1919,173.64154,2258.1919,107,245,6,"EVT2",0.730521707947557,8,173.64154,2258.1919,"EVT2","EVT2",0.730521707947557,"EVT2","author","EVT2","author",3.16132133544416,2.4332085038397,-0.738953219287169,-0.0933773077484588,-4.58702099826211,-0.832127361385541,-0.100509210199333,NA,3.16132133544416,"EVT","N7","starmap",2.17228229684155,0.916089018606348,"EVT2"
"W8-2_W8-2_tile_0_cell_766","W8-2",366,152,"W8-2",8,"tile_W8-2_0","W8-2","8w_2d",1665,14901,236.3967,2115.64398,236.3967,2115.64398,152,366,1,"EVT3",0.853775898773473,8,236.3967,2115.64398,"EVT3","EVT3",0.853775898773473,"EVT3","author","EVT3","author",3.29439449700845,6.39690400364283,0.131005226258886,0.0569135307729433,-5.0086827576489,-0.82453900726468,-0.0827752182870138,NA,6.39690400364283,"vCTB","N7","starmap",4.45913486025735,0.978383801532287,"EVT3"
"W8-2_W8-2_tile_0_cell_769","W8-2",155,87,"W8-2",8,"tile_W8-2_0","W8-2","8w_2d",1284,14860,182.30232,2109.8228,182.30232,2109.8228,87,155,1,"EVT3",0.689750397047754,8,182.30232,2109.8228,"EVT3","EVT3",0.689750397047754,"EVT3","author","EVT3","author",2.85729513428173,6.12148185649373,0.250502168099335,0.0757188102144139,-5.09986216113118,-0.844431912632394,-0.0897381976480947,NA,6.12148185649373,"vCTB","N7","starmap",3.89334789546666,0.957497263772346,"EVT3"
"W8-2_W8-2_tile_0_cell_810","W8-2",153,96,"W8-2",8,"tile_W8-2_0","W8-2","8w_2d",1436,16567,203.88328,2352.18266,203.88328,2352.18266,96,153,1,"EVT3",0.460659355175,8,203.88328,2352.18266,"EVT3","EVT3",0.460659355175,"EVT3","author","EVT3","author",2.80022577970079,5.54156097239916,0.3279623059283,0.024639630434027,-5.05751299652164,-0.834172200934877,-0.0906907748908485,NA,5.54156097239916,"vCTB","N7","starmap",4.21064752483355,0.96981028821598,"EVT3"
"W8-2_W8-2_tile_0_cell_811","W8-2",239,130,"W8-2",8,"tile_W8-2_0","W8-2","8w_2d",1554,16568,220.63692,2352.32464,220.63692,2352.32464,130,239,6,"EVT3",0.799830429791755,8,220.63692,2352.32464,"EVT3","EVT3",0.799830429791755,"EVT3","author","EVT3","author",3.06148764333473,6.10175335771886,0.146453050096407,0.0146061583476707,-5.10029042514798,-0.829768492921876,-0.0892291967095812,NA,6.10175335771886,"vCTB","N7","starmap",4.12977561524118,0.967712513681138,"EVT3"
"W8-2_W8-2_tile_0_cell_812","W8-2",488,186,"W8-2",8,"tile_W8-2_0","W8-2","8w_2d",1078,16558,153.05444,2350.90484,153.05444,2350.90484,186,488,6,"EVT3",0.967903429887417,8,153.05444,2350.90484,"EVT3","EVT3",0.967903429887417,"EVT3","author","EVT3","author",4.01931828649565,7.67545585191443,0.0642406375985577,0.04456339732293,-4.95231500905734,-0.828229446596138,-0.0825823576939175,NA,7.67545585191443,"vCTB","N7","starmap",4.82135221807995,0.984221087194455,"EVT3"
"W8-2_W8-2_tile_0_cell_821","W8-2",367,155,"W8-2",8,"tile_W8-2_0","W8-2","8w_2d",815,16561,115.7137,2351.33078,115.7137,2351.33078,155,367,1,"EVT3",0.475618865608846,8,115.7137,2351.33078,"EVT3","EVT3",0.475618865608846,"EVT3","author","EVT3","author",5.40521871239767,4.94989341929433,0.634101348949847,-0.0359505902991541,-4.94383836597714,-0.855165260521829,-0.0899857283360537,NA,5.40521871239767,"EVT","N7","starmap",5.32958425671481,0.991335279095221,"EVT3"
"W8-2_W8-2_tile_0_cell_823","W8-2",211,108,"W8-2",8,"tile_W8-2_0","W8-2","8w_2d",889,16514,126.22022,2344.65772,126.22022,2344.65772,108,211,1,"EVT3",0.782871614558734,8,126.22022,2344.65772,"EVT3","EVT3",0.782871614558734,"EVT3","author","EVT3","author",2.56645044918231,5.56945506365284,0.490762873980687,0.022969246450029,-5.02408179066981,-0.841629907538772,-0.0892409238204898,NA,5.56945506365284,"vCTB","N7","starmap",3.81186279251404,0.953210507114192,"EVT3"
"W8-2_W8-2_tile_0_cell_824","W8-2",283,142,"W8-2",8,"tile_W8-2_0","W8-2","8w_2d",655,16478,92.9969,2339.54644,92.9969,2339.54644,142,283,1,"EVT3",0.687889076844384,8,92.9969,2339.54644,"EVT3","EVT3",0.687889076844384,"EVT3","author","EVT3","author",3.50272907694573,4.78561684863963,1.39955101899038,-0.142954627487014,-4.93751526434875,-0.801454584281754,-0.0941000014943121,NA,4.78561684863963,"vCTB","N7","starmap",4.31698840855101,0.974188252462605,"EVT3"
"W8-2_W8-2_tile_0_cell_825","W8-2",826,256,"W8-2",8,"tile_W8-2_0","W8-2","8w_2d",1248,16454,177.19104,2336.13892,177.19104,2336.13892,256,826,6,"EVT3",0.768168756291201,8,177.19104,2336.13892,"EVT3","EVT3",0.768168756291201,"EVT3","author","EVT3","author",2.90788046614315,8.89470795286926,0.299723548584266,-0.00486536023758954,-4.64300026340386,-0.85503999145841,-0.094776252736446,NA,8.89470795286926,"vCTB","N7","starmap",4.11162424521148,0.96716526815031,"EVT3"
"W8-2_W8-2_tile_0_cell_826","W8-2",319,146,"W8-2",8,"tile_W8-2_0","W8-2","8w_2d",1804,16470,256.13192,2338.4106,256.13192,2338.4106,146,319,1,"EVT3",0.840339468450388,8,256.13192,2338.4106,"EVT3","EVT3",0.840339468450388,"EVT3","author","EVT3","author",2.70734554415758,5.70766405264747,0.620104900644007,0.0221782151601596,-4.99890735918779,-0.844242632375269,-0.0888903817362983,NA,5.70766405264747,"vCTB","N7","starmap",3.88299273497203,0.956858810653046,"EVT3"
"W8-2_W8-2_tile_0_cell_827","W8-2",223,132,"W8-2",8,"tile_W8-2_0","W8-2","8w_2d",481,16446,68.29238,2335.00308,68.29238,2335.00308,132,223,6,"EVT3",0.650070390171003,8,68.29238,2335.00308,"EVT3","EVT3",0.650070390171003,"EVT3","author","EVT3","author",4.17306340591099,7.53235384873595,0.428217420535097,0.0434979001585766,-4.88703155547802,-0.816772149150621,-0.0853345324440514,NA,7.53235384873595,"vCTB","N7","starmap",5.26239810025877,0.990788033564393,"EVT3"
"W8-2_W8-2_tile_0_cell_828","W8-2",282,92,"W8-2",8,"tile_W8-2_0","W8-2","8w_2d",960.5,16409.5,136.37179,2329.82081,136.37179,2329.82081,92,282,1,"EVT3",0.625206206160122,8,136.37179,2329.82081,"EVT3","EVT3",0.625206206160122,"EVT3","author","EVT3","author",3.34992663527135,6.91951551577515,0.00977821291680547,0.0413281713551783,-5.13989770643869,-0.842490392781884,-0.0871738181368826,NA,6.91951551577515,"vCTB","N7","starmap",4.23396935733509,0.970813571689164,"EVT3"
"W8-2_W8-2_tile_0_cell_830","W8-2",300,124,"W8-2",8,"tile_W8-2_0","W8-2","8w_2d",1066.5,16403,151.42167,2328.89794,151.42167,2328.89794,124,300,1,"EVT3",0.982406740059897,8,151.42167,2328.89794,"EVT3","EVT3",0.982406740059897,"EVT3","author","EVT3","author",3.20780526515899,6.56083821817586,0.0360099687148258,0.0342403539328369,-5.09105474256668,-0.833911038509493,-0.0866416267168361,NA,6.56083821817586,"vCTB","N7","starmap",4.10123850860182,0.966709230207953,"EVT3"
"W8-2_W8-2_tile_0_cell_831","W8-2",419,174,"W8-2",8,"tile_W8-2_0","W8-2","8w_2d",606,16388,86.03988,2326.76824,86.03988,2326.76824,174,419,6,"EVT3",0.930470304107597,8,86.03988,2326.76824,"EVT3","EVT3",0.930470304107597,"EVT3","author","EVT3","author",4.51464710262079,9.65177874647638,0.838714962692444,0.12428013053295,-4.77339633074131,-0.832622457079752,-0.0848978350581871,NA,9.65177874647638,"vCTB","N7","starmap",5.20170578886062,0.98996716526815,"EVT3"
"W8-2_W8-2_tile_0_cell_833","W8-2",523,227,"W8-2",8,"tile_W8-2_0","W8-2","8w_2d",1364,16347,193.66072,2320.94706,193.66072,2320.94706,227,523,6,"EVT3",0.855335265003068,8,193.66072,2320.94706,"EVT3","EVT3",0.855335265003068,"EVT3","author","EVT3","author",4.41667830750266,10.3055064568834,0.69925248735144,0.136199677053973,-4.74096925502999,-0.841821614806533,-0.0885185132354982,NA,10.3055064568834,"vCTB","N7","starmap",5.01944801436842,0.987869390733309,"EVT3"
"W8-2_W8-2_tile_0_cell_837","W8-2",242,133,"W8-2",8,"tile_W8-2_0","W8-2","8w_2d",1564,16289.5,222.05672,2312.78321,222.05672,2312.78321,133,242,6,"EVT3",0.585807545734175,8,222.05672,2312.78321,"EVT3","EVT3",0.585807545734175,"EVT3","author","EVT3","author",5.64391040386709,5.64665950152944,1.57885250092831,-0.106063192884884,-4.91168329395932,-0.935921574387151,-0.0915945116107851,NA,5.64665950152944,"vCTB","N7","starmap",7.46593520852169,0.999908792411529,"EVT3"
"W8-2_W8-2_tile_0_cell_841","W8-2",180,57,"W8-2",8,"tile_W8-2_0","W8-2","8w_2d",1340,16235,190.2532,2305.0453,190.2532,2305.0453,57,180,1,"EVT2",0.461851647892502,8,190.2532,2305.0453,"EVT2","EVT2",0.461851647892502,"EVT2","author","EVT2","author",2.336226698656,5.22454792532151,0.844922659903544,0.00624830518919794,-4.92714505095389,-0.837556641747869,-0.0853097582436314,NA,5.22454792532151,"vCTB","N7","starmap",3.84553940746251,0.954852243706676,"EVT2"
"W8-2_W8-2_tile_0_cell_842","W8-2",674,255,"W8-2",8,"tile_W8-2_0","W8-2","8w_2d",1712,16191,243.06976,2298.79818,243.06976,2298.79818,255,674,6,"EVT3",0.59003624344164,8,243.06976,2298.79818,"EVT3","EVT3",0.59003624344164,"EVT3","author","EVT3","author",4.27097589527227,5.8433060287672,1.65584188374314,-0.0922861104319699,-4.7934281088202,-0.816467354809261,-0.0913020709692926,NA,5.8433060287672,"vCTB","N7","starmap",4.80263839442775,0.983582634075155,"EVT3"
"W8-2_W8-2_tile_0_cell_844","W8-2",279,127,"W8-2",8,"tile_W8-2_0","W8-2","8w_2d",653,16211,92.71294,2301.63778,92.71294,2301.63778,127,279,1,"EVT3",0.872946665269115,8,92.71294,2301.63778,"EVT3","EVT3",0.872946665269115,"EVT3","author","EVT3","author",3.15516745949403,6.1705867050612,0.179470353856556,0.0251771379099149,-5.09326684314041,-0.82830381539426,-0.088359468108893,NA,6.1705867050612,"vCTB","N7","starmap",4.05146346602015,0.965523531557826,"EVT3"
"W8-2_W8-2_tile_0_cell_847","W8-2",289,127,"W8-2",8,"tile_W8-2_0","W8-2","8w_2d",697,16143,98.96006,2291.98314,98.96006,2291.98314,127,289,6,"EVT3",0.952331081720614,8,98.96006,2291.98314,"EVT3","EVT3",0.952331081720614,"EVT3","author","EVT3","author",3.29459300175409,6.69951689381186,0.0516084240108078,0.0407677400600014,-5.06688459804291,-0.830690620777803,-0.085627988929726,NA,6.69951689381186,"vCTB","N7","starmap",4.23233494954773,0.970631156512222,"EVT3"
"W8-2_W8-2_tile_0_cell_854","W8-2",394,177,"W8-2",8,"tile_W8-2_0","W8-2","8w_2d",1368.5,16097,194.29963,2285.45206,194.29963,2285.45206,177,394,6,"EVT3",0.918663592041741,8,194.29963,2285.45206,"EVT3","EVT3",0.918663592041741,"EVT3","author","EVT3","author",3.28799277831165,7.09492652948986,1.0242906763459,-0.0940385144096981,-4.69785635180483,-0.721482202912601,-0.0901014998754823,NA,7.09492652948986,"vCTB","N7","starmap",4.4358128066223,0.977562933236045,"EVT3"
"W8-2_W8-2_tile_0_cell_855","W8-2",226,107,"W8-2",8,"tile_W8-2_0","W8-2","8w_2d",562,16091,79.79276,2284.60018,79.79276,2284.60018,107,226,1,"EVT3",0.565436107529799,8,79.79276,2284.60018,"EVT3","EVT3",0.565436107529799,"EVT3","author","EVT3","author",2.56662250321256,5.53019788513963,0.554805438467214,0.0402116228248993,-4.98050048990609,-0.837118505336762,-0.0882118134840871,NA,5.53019788513963,"vCTB","N1","starmap",4.01021196694086,0.963699379788398,"EVT3"
"W8-2_W8-2_tile_0_cell_859","W8-2",294,133,"W8-2",8,"tile_W8-2_0","W8-2","8w_2d",610,16052.5,86.6078,2279.13395,86.6078,2279.13395,133,294,6,"EVT3",1,8,86.6078,2279.13395,"EVT3","EVT3",1,"EVT3","author","EVT3","author",3.08465454415153,5.32764111135701,0.632677973676595,-0.0524406938770526,-4.83439217856946,-0.827576227071649,-0.0952649604043048,NA,5.32764111135701,"vCTB","N7","starmap",3.84371850783392,0.954669828529734,"EVT3"
"W8-2_W8-2_tile_0_cell_860","W8-2",690,261,"W8-2",8,"tile_W8-2_0","W8-2","8w_2d",1514,16082,214.95772,2283.32236,214.95772,2283.32236,261,690,6,"EVT3",0.544640345946593,8,214.95772,2283.32236,"EVT3","EVT3",0.544640345946593,"EVT3","author","EVT3","author",4.01444044229452,8.49905728010601,1.2792944673412,-0.105237248206833,-4.63965122111273,-0.753202788822624,-0.0903464958148725,NA,8.49905728010601,"vCTB","N7","starmap",5.39167326460773,0.991882524626049,"EVT3"
"W8-2_W8-2_tile_0_cell_862","W8-2",416,163,"W8-2",8,"tile_W8-2_0","W8-2","8w_2d",1102.5,16048,156.53295,2278.49504,156.53295,2278.49504,163,416,6,"EVT3",0.611335098908109,8,156.53295,2278.49504,"EVT3","EVT3",0.611335098908109,"EVT3","author","EVT3","author",4.44626399536803,5.99362819470213,1.36358999880463,-0.0973144854714539,-4.90921752267016,-0.904179459839209,-0.093036371158186,NA,5.99362819470213,"vCTB","N7","starmap",5.06003645190387,0.988234221087194,"EVT3"
"W8-2_W8-2_tile_0_cell_865","W8-2",279,102,"W8-2",8,"tile_W8-2_0","W8-2","8w_2d",575,15976,81.6385,2268.27248,81.6385,2268.27248,102,279,1,"EVT3",0.780960576422273,8,81.6385,2268.27248,"EVT3","EVT3",0.780960576422273,"EVT3","author","EVT3","author",2.78025427429378,7.70318588409864,0.182570054174593,0.0244126109815145,-5.11512205580728,-0.850722030279078,-0.0863760978293563,NA,7.70318588409864,"vCTB","N1","starmap",4.01449479263641,0.96379058737687,"EVT3"
"W8-2_W8-2_tile_0_cell_866","W8-2",526,229,"W8-2",8,"tile_W8-2_0","W8-2","8w_2d",1716.5,16003,243.70867,2272.10594,243.70867,2272.10594,229,526,6,"EVT3",0.813426006278373,8,243.70867,2272.10594,"EVT3","EVT3",0.813426006278373,"EVT3","author","EVT3","author",3.10926201637239,7.08537999497302,0.222168472612888,-0.0460372927681416,-4.9347080735992,-0.825492965028241,-0.0786675473024305,NA,7.08537999497302,"vCTB","N7","starmap",4.11049933657294,0.967074060561839,"EVT3"
"W8-2_W8-2_tile_0_cell_867","W8-2",160,81,"W8-2",8,"tile_W8-2_0","W8-2","8w_2d",679.5,16006,96.47541,2272.53188,96.47541,2272.53188,81,160,1,"EVT2",0.493898498021579,8,96.47541,2272.53188,"EVT2","EVT2",0.493898498021579,"EVT2","author","EVT2","author",2.46418008135902,5.51157712536979,0.648221324010212,0.028701979378257,-4.98346522673653,-0.834656413590894,-0.0861369657401111,NA,5.51157712536979,"vCTB","N7","starmap",3.93416276856087,0.960142283838015,"EVT2"
"W8-2_W8-2_tile_0_cell_87","W8-2",233,106,"W8-2",8,"tile_W8-2_0","W8-2","8w_2d",726,16530,103.07748,2346.9294,103.07748,2346.9294,106,233,1,"EVT3",0.820347588562913,8,103.07748,2346.9294,"EVT3","EVT3",0.820347588562913,"EVT3","author","EVT3","author",3.10053890800795,6.48133830434479,0.102073949665588,0.0312878139248568,-5.10658169047765,-0.837512166694757,-0.0864035350659105,NA,6.48133830434479,"vCTB","N7","starmap",4.34789559865014,0.975465158701204,"EVT3"
"W8-2_W8-2_tile_0_cell_870","W8-2",962,289,"W8-2",8,"tile_W8-2_0","W8-2","8w_2d",1509,15951,214.24782,2264.72298,214.24782,2264.72298,289,962,6,"EVT3",0.846850674578157,8,214.24782,2264.72298,"EVT3","EVT3",0.846850674578157,"EVT3","author","EVT3","author",3.5099919571653,9.69946611933464,1.09951166217129,0.0159202422619014,-4.64292767770146,-0.879829599616402,-0.0954179199906025,NA,9.69946611933464,"vCTB","N7","starmap",4.50082960731269,0.978748631886173,"EVT3"
"W8-2_W8-2_tile_0_cell_871","W8-2",289,143,"W8-2",8,"tile_W8-2_0","W8-2","8w_2d",1786,15982,253.57628,2269.12436,253.57628,2269.12436,143,289,1,"EVT3",0.893981874963611,8,253.57628,2269.12436,"EVT3","EVT3",0.893981874963611,"EVT3","author","EVT3","author",3.17156949146351,6.08900654912166,0.30937004674362,0.0286693419601489,-5.04215672380656,-0.836628796262677,-0.0896748098960178,NA,6.08900654912166,"vCTB","N7","starmap",3.67459248145099,0.949653411163809,"EVT3"
"W8-2_W8-2_tile_0_cell_873","W8-2",203,101,"W8-2",8,"tile_W8-2_0","W8-2","8w_2d",1619,15952,229.86562,2264.86496,229.86562,2264.86496,101,203,1,"EVT3",0.781961334381053,8,229.86562,2264.86496,"EVT3","EVT3",0.781961334381053,"EVT3","author","EVT3","author",2.92102462012033,5.35620223602148,0.310096707590791,0.0124178667325865,-5.0924511659611,-0.837460870673369,-0.0878476459149951,NA,5.35620223602148,"vCTB","N7","starmap",4.32930827109559,0.974917913170376,"EVT3"
"W8-2_W8-2_tile_0_cell_874","W8-2",307,139,"W8-2",8,"tile_W8-2_0","W8-2","8w_2d",78,15913,11.07444,2259.32774,11.07444,2259.32774,139,307,7,"EVT3",0.337928017271693,8,11.07444,2259.32774,"EVT3","EVT3",0.337928017271693,"EVT3","author","EVT3","author",5.20508708853605,5.09896374994323,0.537820573145286,-0.0863937655378932,-4.89282617766202,-0.877672631211472,-0.0912063164671697,NA,5.20508708853605,"EVT","N2","starmap",5.88561155160072,0.996807734403502,"EVT3"
"W8-2_W8-2_tile_0_cell_875","W8-2",363,181,"W8-2",8,"tile_W8-2_0","W8-2","8w_2d",1130,15930,160.4374,2261.7414,160.4374,2261.7414,181,363,6,"EVT3",0.700410652371148,8,160.4374,2261.7414,"EVT3","EVT3",0.700410652371148,"EVT3","author","EVT3","author",4.45337810755592,5.89477624091784,1.60266507987064,-0.108325162250551,-4.79417612202536,-0.814483844807989,-0.0916103955458611,NA,5.89477624091784,"vCTB","N7","starmap",5.06609691338672,0.988507843852609,"EVT3"
"W8-2_W8-2_tile_0_cell_879","W8-2",146,99,"W8-2",8,"tile_W8-2_0","W8-2","8w_2d",1666,15888,236.53868,2255.77824,236.53868,2255.77824,99,146,1,"EVT3",0.970742340665138,8,236.53868,2255.77824,"EVT3","EVT3",0.970742340665138,"EVT3","author","EVT3","author",2.88649002309188,6.7652536202684,0.169051363992172,0.0373136998249625,-5.12698004767258,-0.846496858874912,-0.0882392637987741,NA,6.7652536202684,"vCTB","N7","starmap",3.92423878196615,0.959321415541773,"EVT3"
"W8-2_W8-2_tile_0_cell_884","W8-2",251,118,"W8-2",8,"tile_W8-2_0","W8-2","8w_2d",176,15784,24.98848,2241.01232,24.98848,2241.01232,118,251,7,"maternal macrophages",0.279035092116529,8,24.98848,2241.01232,"maternal macrophages","maternal macrophages",0.279035092116529,"maternal macrophages","author","maternal macrophages","author",-1.89968477985471,-2.48493886387359,-0.916773139509114,-0.216178142000144,-3.77186000710521,1.41284620313612,0.3243870659291,NA,1.41284620313612,"Macrophage","N2","starmap",2.13850792718897,0.913900036483035,"maternal macrophages"
"W8-2_W8-2_tile_0_cell_891","W8-2",903,199,"W8-2",8,"tile_W8-2_0","W8-2","8w_2d",1350,15696,191.673,2228.51808,191.673,2228.51808,199,903,7,"STB",0.464454938299729,8,191.673,2228.51808,"STB","STB",0.464454938299729,"STB","author","STB","author",3.0264729769873,4.62876385569458,1.26870577964225,-0.100109912220761,-4.90385821763716,-0.778427161837439,-0.0883687206102507,NA,4.62876385569458,"vCTB","N7","starmap",4.37212930447487,0.976468442174389,"STB"
"W8-2_W8-2_tile_0_cell_892","W8-2",631,144,"W8-2",8,"tile_W8-2_0","W8-2","8w_2d",1340,15613,190.2532,2216.73374,190.2532,2216.73374,144,631,11,"EVT3",0.277015634159089,8,190.2532,2216.73374,"EVT3","EVT3",0.277015634159089,"EVT3","author","EVT3","author",2.49113864624702,5.48514335761266,0.366664382134564,0.0177605558791227,-5.01665639331577,-0.841523226552991,-0.0889941708732477,NA,5.48514335761266,"vCTB","N7","starmap",3.99067244285482,0.962878511492156,"EVT3"
"W8-2_W8-2_tile_0_cell_901","W8-2",162,81,"W8-2",8,"tile_W8-2_0","W8-2","8w_2d",919,15547,130.47962,2207.36306,130.47962,2207.36306,81,162,11,"EVT3",0.630983806859658,8,130.47962,2207.36306,"EVT3","EVT3",0.630983806859658,"EVT3","author","EVT3","author",2.86671488368858,5.79066162875264,0.259524814666651,0.0257690146565602,-5.0886185382996,-0.849723742340205,-0.0905099742384719,NA,5.79066162875264,"vCTB","N7","starmap",3.92921510219644,0.959868661072601,"EVT3"
"W8-2_W8-2_tile_0_cell_914","W8-2",257,133,"W8-2",8,"tile_W8-2_0","W8-2","8w_2d",1020,15387,144.8196,2184.64626,144.8196,2184.64626,133,257,1,"EVT3",0.901685089394088,8,144.8196,2184.64626,"EVT3","EVT3",0.901685089394088,"EVT3","author","EVT3","author",3.28084534549066,6.44186800534527,0.0945805781639348,0.0481674144131031,-5.02429113727886,-0.828617402068803,-0.085447444969503,NA,6.44186800534527,"vCTB","N7","starmap",4.25913744957501,0.971634439985407,"EVT3"
"W8-2_W8-2_tile_0_cell_916","W8-2",859,254,"W8-2",8,"tile_W8-2_0","W8-2","8w_2d",1577,15361,223.90246,2180.95478,223.90246,2180.95478,254,859,6,"EVT3",0.699233140938558,8,223.90246,2180.95478,"EVT3","EVT3",0.699233140938558,"EVT3","author","EVT3","author",3.54154915866119,7.28837661641437,1.31924862834368,-0.113130723822876,-4.71287912027549,-0.754851744714607,-0.0933225208599956,NA,7.28837661641437,"vCTB","N7","starmap",4.81665594683135,0.98394746442904,"EVT3"
"W8-2_W8-2_tile_0_cell_917","W8-2",131,87,"W8-2",8,"tile_W8-2_0","W8-2","8w_2d",860,15328,122.1028,2176.26944,122.1028,2176.26944,87,131,1,"EVT3",0.589701777258423,8,122.1028,2176.26944,"EVT3","EVT3",0.589701777258423,"EVT3","author","EVT3","author",2.8963641021208,5.69536836898548,0.363909292755154,0.0159599181522162,-5.09075806324902,-0.861463216892256,-0.0920272216236255,NA,5.69536836898548,"vCTB","N7","starmap",4.20512534129241,0.969445457862094,"EVT3"
"W8-2_W8-2_tile_0_cell_921","W8-2",582,204,"W8-2",8,"tile_W8-2_0","W8-2","8w_2d",1576,15280,223.76048,2169.4544,223.76048,2169.4544,204,582,6,"EVT3",0.913761208111428,8,223.76048,2169.4544,"EVT3","EVT3",0.913761208111428,"EVT3","author","EVT3","author",3.9678615448936,7.83330557690252,0.821389743439505,0.00150693829009385,-4.91411388354521,-0.821548854023409,-0.0870130744094649,NA,7.83330557690252,"vCTB","N7","starmap",5.24810883672121,0.990423203210507,"EVT3"
"W8-2_W8-2_tile_0_cell_922","W8-2",363,159,"W8-2",8,"tile_W8-2_0","W8-2","8w_2d",991,15284,140.70218,2170.02232,140.70218,2170.02232,159,363,6,"EVT3",0.975442861838516,8,140.70218,2170.02232,"EVT3","EVT3",0.975442861838516,"EVT3","author","EVT3","author",4.64043963141068,7.31147873888668,0.581770856837934,0.0365514572234672,-4.88194499568083,-0.810314023593174,-0.086312986725024,NA,7.31147873888668,"vCTB","N7","starmap",5.63594842499083,0.993889091572419,"EVT3"
"W8-2_W8-2_tile_0_cell_923","W8-2",518,221,"W8-2",8,"tile_W8-2_0","W8-2","8w_2d",941.5,15259,133.67417,2166.47282,133.67417,2166.47282,221,518,6,"EVT3",0.853323799056248,8,133.67417,2166.47282,"EVT3","EVT3",0.853323799056248,"EVT3","author","EVT3","author",3.69789277950214,10.3833275506937,0.647000195918629,0.0340672156590987,-4.64400784386937,-0.838067040719592,-0.0925550726836889,NA,10.3833275506937,"vCTB","N7","starmap",4.40537397886406,0.976924480116746,"EVT3"
"W8-2_W8-2_tile_0_cell_924","W8-2",526,177,"W8-2",8,"tile_W8-2_0","W8-2","8w_2d",1461,15268,207.43278,2167.75064,207.43278,2167.75064,177,526,6,"EVT3",0.86339364943435,8,207.43278,2167.75064,"EVT3","EVT3",0.86339364943435,"EVT3","author","EVT3","author",3.33549461960107,5.69498517769977,0.475541379010205,-0.0789551982429149,-4.83605878892117,-0.734185012033188,-0.072150637873653,NA,5.69498517769977,"vCTB","N7","starmap",4.69589622594049,0.982123312659613,"EVT3"
"W8-2_W8-2_tile_0_cell_925","W8-2",316,159,"W8-2",8,"tile_W8-2_0","W8-2","8w_2d",439,15245,62.32922,2164.4851,62.32922,2164.4851,159,316,7,"EVT3",0.186484817367121,8,62.32922,2164.4851,"EVT3","EVT3",0.186484817367121,"EVT3","author","EVT3","author",-1.8965935352263,-2.60138945744145,-0.87241727149046,-0.306291728239714,-3.97311939231388,0.56793903322713,0.528292091042581,NA,0.56793903322713,"Macrophage","N2","starmap",2.84588602634634,0.936793141189347,"EVT3"
"W8-2_W8-2_tile_0_cell_926","W8-2",225,99,"W8-2",8,"tile_W8-2_0","W8-2","8w_2d",1801,15252,255.70598,2165.47896,255.70598,2165.47896,99,225,1,"EVT3",0.849877100284517,8,255.70598,2165.47896,"EVT3","EVT3",0.849877100284517,"EVT3","author","EVT3","author",3.28896117695909,6.12186565815561,0.463535766936512,0.0135978760857557,-5.08094393286983,-0.836688781240665,-0.0839789604841897,NA,6.12186565815561,"vCTB","N7","starmap",4.62540390869852,0.981028821597957,"EVT3"
"W8-2_W8-2_tile_0_cell_928","W8-2",258,94,"W8-2",8,"tile_W8-2_0","W8-2","8w_2d",1394,15226,197.92012,2161.78748,197.92012,2161.78748,94,258,1,"EVT3",0.571147113745987,8,197.92012,2161.78748,"EVT3","EVT3",0.571147113745987,"EVT3","author","EVT3","author",2.85637862873333,5.92848872217169,0.274991453702051,0.0600544602542405,-5.05316875023613,-0.84806899699227,-0.0898096799589395,NA,5.92848872217169,"vCTB","N7","starmap",3.80940923351188,0.95311929952572,"EVT3"
"W8-2_W8-2_tile_0_cell_930","W8-2",288,159,"W8-2",8,"tile_W8-2_0","W8-2","8w_2d",780,15209.5,110.7444,2159.44481,110.7444,2159.44481,159,288,1,"EVT3",0.888121506643895,8,110.7444,2159.44481,"EVT3","EVT3",0.888121506643895,"EVT3","author","EVT3","author",2.5437993447172,4.98400447354783,0.920430846404764,-0.119895133965922,-4.86679000475297,-0.719050445713827,-0.0825790253409864,NA,4.98400447354783,"vCTB","N7","starmap",4.15028915254752,0.968168551623495,"EVT3"
"W8-2_W8-2_tile_0_cell_933","W8-2",630,231,"W8-2",8,"tile_W8-2_0","W8-2","8w_2d",1312,15153,186.27776,2151.42294,186.27776,2151.42294,231,630,6,"EVT3",0.877821208247556,8,186.27776,2151.42294,"EVT3","EVT3",0.877821208247556,"EVT3","author","EVT3","author",5.21582856337945,11.7899357452486,0.649279778233596,0.211593598822877,-4.73436316493147,-0.856414572653865,-0.0816103183779485,NA,11.7899357452486,"vCTB","N7","starmap",5.66600172788177,0.994162714337833,"EVT3"
"W8-2_W8-2_tile_0_cell_934","W8-2",269,118,"W8-2",8,"tile_W8-2_0","W8-2","8w_2d",1717,15185,243.77966,2155.9663,243.77966,2155.9663,118,269,1,"EVT3",0.918528720173226,8,243.77966,2155.9663,"EVT3","EVT3",0.918528720173226,"EVT3","author","EVT3","author",3.15372603489413,6.77673830237928,0.123591905222342,0.0108511342844078,-5.13896066878344,-0.833823412608956,-0.0871547043736483,NA,6.77673830237928,"vCTB","N7","starmap",4.96662710514522,0.986866107260124,"EVT3"
"W8-2_W8-2_tile_0_cell_936","W8-2",220,107,"W8-2",8,"tile_W8-2_0","W8-2","8w_2d",1566,15171.5,222.34068,2154.04957,222.34068,2154.04957,107,220,1,"EVT2",0.519574662148286,8,222.34068,2154.04957,"EVT2","EVT2",0.519574662148286,"EVT2","author","EVT2","author",2.46770986447953,5.45015738458318,0.632256526597757,0.0302232561502334,-4.97783090223113,-0.835165215820307,-0.0875196492594094,NA,5.45015738458318,"vCTB","N7","starmap",3.90573450465615,0.958500547245531,"EVT2"
"W8-2_W8-2_tile_0_cell_937","W8-2",246,116,"W8-2",8,"tile_W8-2_0","W8-2","8w_2d",1799,15159,255.42202,2152.27482,255.42202,2152.27482,116,246,1,"EVT3",0.811837961064691,8,255.42202,2152.27482,"EVT3","EVT3",0.811837961064691,"EVT3","author","EVT3","author",2.35071058289848,5.00822190983798,0.324863983455769,0.00735752525204847,-5.01903504932657,-0.900104104903809,-0.0910713198655212,NA,5.00822190983798,"vCTB","N7","starmap",4.64413089153773,0.981393651951842,"EVT3"
"W8-2_W8-2_tile_0_cell_946","W8-2",291,124,"W8-2",8,"tile_W8-2_0","W8-2","8w_2d",961,15109,136.44278,2145.17582,136.44278,2145.17582,124,291,1,"EVT3",0.901225194797253,8,136.44278,2145.17582,"EVT3","EVT3",0.901225194797253,"EVT3","author","EVT3","author",3.00365135570114,6.27634163273473,0.0497480863413852,0.00815122876424906,-5.13030150392154,-0.836359609757081,-0.0882680754872323,NA,6.27634163273473,"vCTB","N7","starmap",3.95503147988536,0.960963152134258,"EVT3"
"W8-2_W8-2_tile_0_cell_949","W8-2",385,129,"W8-2",8,"tile_W8-2_0","W8-2","8w_2d",1772,15098,251.58856,2143.61404,251.58856,2143.61404,129,385,1,"EVT3",0.927574518154301,8,251.58856,2143.61404,"EVT3","EVT3",0.927574518154301,"EVT3","author","EVT3","author",3.30289341014064,6.48383224747762,0.0838526994131564,0.0542276120526526,-5.04496480496437,-0.828916880313137,-0.0857314391055558,NA,6.48383224747762,"vCTB","N7","starmap",4.26842766515602,0.971999270339292,"EVT3"
"W8-2_W8-2_tile_0_cell_950","W8-2",286,148,"W8-2",8,"tile_W8-2_0","W8-2","8w_2d",723,15108.5,102.65154,2145.10483,102.65154,2145.10483,148,286,6,"EVT3",1,8,102.65154,2145.10483,"EVT3","EVT3",1,"EVT3","author","EVT3","author",3.5167286519114,6.73485547727776,0.241989373513534,0.00557967407289475,-4.98601463583965,-0.823253937180464,-0.0801040394616969,NA,6.73485547727776,"vCTB","N7","starmap",4.70827382311758,0.982488143013499,"EVT3"
"W8-2_W8-2_tile_0_cell_953","W8-2",293,130,"W8-2",8,"tile_W8-2_0","W8-2","8w_2d",625,15085,88.7375,2141.7683,88.7375,2141.7683,130,293,2,"EVT3",0.461352476238748,8,88.7375,2141.7683,"EVT3","EVT3",0.461352476238748,"EVT3","author","EVT3","author",2.60949469523433,5.67064603216217,0.524608407232893,0.106568846855505,-5.00583136499413,-0.841424599804209,-0.0872276073807123,NA,5.67064603216217,"vCTB","N1","starmap",4.94725262053295,0.986683692083181,"EVT3"
"W8-2_W8-2_tile_0_cell_955","W8-2",590,228,"W8-2",8,"tile_W8-2_0","W8-2","8w_2d",1199,15056,170.23402,2137.65088,170.23402,2137.65088,228,590,6,"EVT3",0.736357365388311,8,170.23402,2137.65088,"EVT3","EVT3",0.736357365388311,"EVT3","author","EVT3","author",3.95764197072492,8.7120538767063,1.00851699058761,-0.0695271511427253,-4.5958580383524,-0.764491770857901,-0.0933694307400824,NA,8.7120538767063,"vCTB","N7","starmap",4.82957424226344,0.984494709959869,"EVT3"
"W8-2_W8-2_tile_0_cell_959","W8-2",309,130,"W8-2",8,"tile_W8-2_0","W8-2","8w_2d",1473,15029,209.13654,2133.81742,209.13654,2133.81742,130,309,1,"EVT3",0.422471592373956,8,209.13654,2133.81742,"EVT3","EVT3",0.422471592373956,"EVT3","author","EVT3","author",2.80811235592249,4.82488827340455,1.56813163945022,-0.116327464777499,-4.86340568343592,-0.793933320583562,-0.0937607034681701,NA,4.82488827340455,"vCTB","N7","starmap",3.96116416757985,0.961236774899672,"EVT3"
"W8-2_W8-2_tile_0_cell_961","W8-2",213,123,"W8-2",8,"tile_W8-2_0","W8-2","8w_2d",959,15019,136.15882,2132.39762,136.15882,2132.39762,123,213,1,"EVT3",0.984184485720662,8,136.15882,2132.39762,"EVT3","EVT3",0.984184485720662,"EVT3","author","EVT3","author",3.11744479610804,6.47727778934914,0.0382141936167411,0.0313279655254048,-5.10157668324723,-0.837315882090142,-0.0875310841993825,NA,6.47727778934914,"vCTB","N7","starmap",3.97549380586886,0.962057643195914,"EVT3"
"W8-2_W8-2_tile_0_cell_965","W8-2",290,168,"W8-2",8,"tile_W8-2_0","W8-2","8w_2d",894,14968,126.93012,2125.15664,126.93012,2125.15664,168,290,6,"EVT3",0.963051964559711,8,126.93012,2125.15664,"EVT3","EVT3",0.963051964559711,"EVT3","author","EVT3","author",4.10366574913462,9.81345901794455,1.23392863236857,0.051791554260719,-4.75827413450022,-0.842161046078745,-0.0873487446346129,NA,9.81345901794455,"vCTB","N7","starmap",5.17732273727881,0.989328712148851,"EVT3"
"W8-2_W8-2_tile_0_cell_967","W8-2",289,111,"W8-2",8,"tile_W8-2_0","W8-2","8w_2d",1404,14960,199.33992,2124.0208,199.33992,2124.0208,111,289,1,"EVT3",0.514745381781409,8,199.33992,2124.0208,"EVT3","EVT3",0.514745381781409,"EVT3","author","EVT3","author",2.91894270652215,5.35327995251317,0.308862879225855,0.0119375014328234,-5.09144682095717,-0.837586127839135,-0.0877877702988579,NA,5.35327995251317,"vCTB","N7","starmap",4.33428775143794,0.975100328347319,"EVT3"
"W8-2_W8-2_tile_0_cell_969","W8-2",168,95,"W8-2",8,"tile_W8-2_0","W8-2","8w_2d",1766,14945,250.73668,2121.8911,250.73668,2121.8911,95,168,1,"EVT3",0.740668413739704,8,250.73668,2121.8911,"EVT3","EVT3",0.740668413739704,"EVT3","author","EVT3","author",3.16094961083784,5.26705134992465,0.157875373418837,0.0644953239593666,-5.18312109395788,-0.84163420769831,-0.0945962914676346,NA,5.26705134992465,"vCTB","N1","starmap",3.81801290956243,0.953392922291135,"EVT3"
"W8-2_W8-2_tile_0_cell_974","W8-2",249,129,"W8-2",8,"tile_W8-2_0","W8-2","8w_2d",1208,14857,171.51184,2109.39686,171.51184,2109.39686,129,249,1,"EVT3",0.920144053773803,8,171.51184,2109.39686,"EVT3","EVT3",0.920144053773803,"EVT3","author","EVT3","author",3.10614917707123,6.36888372470517,0.0190169568030609,0.00915924965280762,-5.12276917999013,-0.842286370055964,-0.0881304309921257,NA,6.36888372470517,"vCTB","N7","starmap",4.02016268916293,0.964246625319227,"EVT3"
"W8-2_W8-2_tile_0_cell_976","W8-2",217,104,"W8-2",8,"tile_W8-2_0","W8-2","8w_2d",1372,14830,194.79656,2105.5634,194.79656,2105.5634,104,217,1,"EVT3",0.799259889724183,8,194.79656,2105.5634,"EVT3","EVT3",0.799259889724183,"EVT3","author","EVT3","author",2.84996719686573,5.75272731237522,0.273734584624337,0.0315457791443602,-5.09123360592157,-0.849830889893667,-0.0906229258867125,NA,5.75272731237522,"vCTB","N7","starmap",3.92510281875483,0.959686245895659,"EVT3"
"W8-2_W8-2_tile_0_cell_977","W8-2",277,123,"W8-2",8,"tile_W8-2_0","W8-2","8w_2d",1569,14831,222.76662,2105.70538,222.76662,2105.70538,123,277,1,"EVT3",0.7885790198026,8,222.76662,2105.70538,"EVT3","EVT3",0.7885790198026,"EVT3","author","EVT3","author",3.0658139793316,6.44473983744562,0.106389172505475,0.0321482854894729,-5.09885163192857,-0.837570246978616,-0.0864977201513096,NA,6.44473983744562,"vCTB","N7","starmap",4.31996053657534,0.974370667639548,"EVT3"
"W8-2_W8-2_tile_10_cell_444","W8-2",221,138,"W8-2",8,"tile_W8-2_10","W8-2","8w_2d",6548,9428,929.68504,1338.58744,929.68504,1338.58744,138,221,0,"vCTB2",0.350477742809484,8,929.68504,1338.58744,"vCTB2","vCTB2",0.350477742809484,"vCTB2","author","vCTB2","author",-1.91004808256425,-2.45852982616848,-0.93247847122388,-0.235011960745528,-3.8279801863096,0.861448749955605,0.312936383560137,NA,0.861448749955605,"Macrophage","N5","starmap",1.84182435256705,0.895567311200292,"vCTB2"
"W8-2_W8-2_tile_10_cell_919","W8-2",162,97,"W8-2",8,"tile_W8-2_10","W8-2","8w_2d",6288.5,10002.5,892.84123,1420.15495,892.84123,1420.15495,97,162,11,"EVT2",0.364285070663604,8,892.84123,1420.15495,"EVT2","EVT2",0.364285070663604,"EVT2","author","EVT2","author",2.43553555603098,5.51734843968642,0.761058005276059,0.020430879190585,-4.99685515278856,-0.839123415388348,-0.0857866270201919,NA,5.51734843968642,"vCTB","N5","starmap",4.01924294921067,0.964155417730755,"EVT2"
"W8-2_W8-2_tile_10_cell_920","W8-2",184,100,"W8-2",8,"tile_W8-2_10","W8-2","8w_2d",5626.5,9995,798.85047,1419.0901,798.85047,1419.0901,100,184,11,"EVT2",0.441009995172786,8,798.85047,1419.0901,"EVT2","EVT2",0.441009995172786,"EVT2","author","EVT2","author",2.36769930500675,5.06540951661886,0.318571865836215,0.0117207651235487,-5.02188688301128,-0.896446956375524,-0.0907614520823678,NA,5.06540951661886,"vCTB","N2","starmap",4.56842634658234,0.979843122947829,"EVT2"
"W8-2_W8-2_tile_10_cell_928","W8-2",224,104,"W8-2",8,"tile_W8-2_10","W8-2","8w_2d",5680,9953,806.4464,1413.12694,806.4464,1413.12694,104,224,11,"EVT2",0.350372583280011,8,806.4464,1413.12694,"EVT2","EVT2",0.350372583280011,"EVT2","author","EVT2","author",2.47452205619439,5.56294940244554,0.381497616885665,0.0230041783471311,-5.00702598353303,-0.837882342390602,-0.0895143091886698,NA,5.56294940244554,"vCTB","N2","starmap",3.89037688732096,0.95713243341846,"EVT2"
"W8-2_W8-2_tile_10_cell_930","W8-2",616,274,"W8-2",8,"tile_W8-2_10","W8-2","8w_2d",6083,9935,863.66434,1410.5713,863.66434,1410.5713,274,616,5,"unknown3",0.510968960978928,8,863.66434,1410.5713,"unknown3","unknown3",0.510968960978928,"unknown3","author","unknown3","author",-2.06766535674299,-2.4572523477358,-0.932251022679105,-0.260651302377853,-3.83255796770696,2.4131478006636,0.70062042364625,NA,2.4131478006636,"Macrophage","N5","starmap",0.956825800423746,0.794874133527909,"unknown3"
"W8-2_W8-2_tile_10_cell_936","W8-2",155,92,"W8-2",8,"tile_W8-2_10","W8-2","8w_2d",6323,9862,897.73954,1400.20676,897.73954,1400.20676,92,155,0,"vCTB2",0.437074161495401,8,897.73954,1400.20676,"vCTB2","vCTB2",0.437074161495401,"vCTB2","author","vCTB2","author",-1.74533639622587,5.84430026044893,13.5287683338288,-0.179117156402269,-4.07831911333757,-0.801683637112361,-0.139274389989728,NA,13.5287683338288,"STB","N5","starmap",0.915559338436924,0.787577526450201,"vCTB2"
"W8-2_W8-2_tile_10_cell_951","W8-2",632,275,"W8-2",8,"tile_W8-2_10","W8-2","8w_2d",6489,9554,921.30822,1356.47692,921.30822,1356.47692,275,632,5,"unknown3",0.383264869060242,8,921.30822,1356.47692,"unknown3","unknown3",0.383264869060242,"unknown3","author","unknown3","author",-2.03045966277449,-2.46860267951963,-0.936215723407665,-0.257793246279004,-3.85699653741492,2.26196969066006,0.696059813085866,NA,2.26196969066006,"Macrophage","N5","starmap",1.12292364307457,0.818679314118935,"unknown3"
"W8-2_W8-2_tile_10_cell_959","W8-2",303,164,"W8-2",8,"tile_W8-2_10","W8-2","8w_2d",5691,9432,808.00818,1339.15536,808.00818,1339.15536,164,303,5,"vCTBp",0.362330595843915,8,808.00818,1339.15536,"vCTBp","vCTBp",0.362330595843915,"vCTBp","author","vCTBp","author",-1.99553045147759,-2.46916204404444,-0.924231371072709,-0.270502993497291,-3.91009275250001,1.97395819987609,0.661538648431239,NA,1.97395819987609,"Macrophage","N5","starmap",1.574837648825,0.872765414082452,"vCTBp"
"W8-2_W8-2_tile_11_cell_170","W8-2",393,191,"W8-2",8,"tile_W8-2_11","W8-2","8w_2d",4719,9803,670.00362,1391.82994,670.00362,1391.82994,191,393,6,"EVT2",0.772209848829543,8,670.00362,1391.82994,"EVT2","EVT2",0.772209848829543,"EVT2","author","EVT2","author",3.44948844027637,7.09724041025751,-1.03860280354626,-0.211285211397977,-4.4880679371272,-0.913448853940577,-0.104374443780389,NA,7.09724041025751,"vCTB","N1","starmap",0.998552810192435,0.799890550893834,"EVT2"
"W8-2_W8-2_tile_11_cell_344","W8-2",257,142,"W8-2",8,"tile_W8-2_11","W8-2","8w_2d",4735,9569,672.2753,1358.60662,672.2753,1358.60662,142,257,1,"EVT3",0.530777391275634,8,672.2753,1358.60662,"EVT3","EVT3",0.530777391275634,"EVT3","author","EVT3","author",3.11978578702269,4.64658301764301,1.1819231675158,-0.108266762525495,-4.88676717247896,-0.778468942267359,-0.088066573112275,NA,4.64658301764301,"vCTB","N3","starmap",4.45388721480053,0.978201386355345,"EVT3"
"W8-2_W8-2_tile_11_cell_405","W8-2",147,89,"W8-2",8,"tile_W8-2_11","W8-2","8w_2d",4631,10540,657.50938,1496.4692,657.50938,1496.4692,89,147,9,"Hofbauer cells",0.645011694350501,8,657.50938,1496.4692,"Hofbauer cells","Hofbauer cells",0.645011694350501,"Hofbauer cells","author","Hofbauer cells","author",-2.08942314081074,-2.45590031107506,-0.943813264820922,-0.257233156951051,-3.72331568610175,2.67264795446668,0.727445345497523,NA,2.67264795446668,"Macrophage","N4","starmap",0.722986161915511,0.754560379423568,"Hofbauer cells"
"W8-2_W8-2_tile_11_cell_546","W8-2",283,159,"W8-2",8,"tile_W8-2_11","W8-2","8w_2d",3838,10252,544.91924,1455.57896,544.91924,1455.57896,159,283,9,"Hofbauer cells",0.670708818911378,8,544.91924,1455.57896,"Hofbauer cells","Hofbauer cells",0.670708818911378,"Hofbauer cells","author","Hofbauer cells","author",-2.13248296688539,-2.50223165653706,-0.934564456400103,-0.255297985520128,-3.88695345148336,2.62778511406309,0.751388607440891,NA,2.62778511406309,"Macrophage","N8","starmap",0.752246475624383,0.760215249908792,"Hofbauer cells"
"W8-2_W8-2_tile_11_cell_623","W8-2",172,112,"W8-2",8,"tile_W8-2_11","W8-2","8w_2d",4714,9893,669.29372,1404.60814,669.29372,1404.60814,112,172,11,"EVT2",0.425104400793773,8,669.29372,1404.60814,"EVT2","EVT2",0.425104400793773,"EVT2","author","EVT2","author",2.63662197202873,5.62020113726512,0.320397533058151,0.0351195586464327,-5.04935650782829,-0.836010251097296,-0.0873497049658942,NA,5.62020113726512,"vCTB","N1","starmap",3.99629683983648,0.962969719080628,"EVT2"
"W8-2_W8-2_tile_11_cell_662","W8-2",617,280,"W8-2",8,"tile_W8-2_11","W8-2","8w_2d",4606,10429,653.95988,1480.70942,653.95988,1480.70942,280,617,9,"Hofbauer cells",0.608725005549387,8,653.95988,1480.70942,"Hofbauer cells","Hofbauer cells",0.608725005549387,"Hofbauer cells","author","Hofbauer cells","author",-0.729630104601021,-2.37790086359082,-0.940542091905153,-0.0291374646882258,5.78576016094984,6.58383557643352,0.419942755227414,NA,6.58383557643352,"Macrophage","N5","starmap",1.47115386735704,0.862823786939073,"Hofbauer cells"
"W8-2_W8-2_tile_11_cell_781","W8-2",160,108,"W8-2",8,"tile_W8-2_11","W8-2","8w_2d",4905,9684.5,696.4119,1375.00531,696.4119,1375.00531,108,160,6,"EVT2",0.923762308424613,8,696.4119,1375.00531,"EVT2","EVT2",0.923762308424613,"EVT2","author","EVT2","author",1.71806363639285,4.69957028875699,-1.0341009592074,-0.271218827380515,-4.25847322987632,-0.870702548949843,-0.118507344493524,NA,4.69957028875699,"vCTB","N3","starmap",1.51384602876527,0.866928128420285,"EVT2"
"W8-2_W8-2_tile_11_cell_864","W8-2",292,172,"W8-2",8,"tile_W8-2_11","W8-2","8w_2d",4332.5,11002,615.12835,1562.06396,615.12835,1562.06396,172,292,9,"Hofbauer cells",0.699786782350541,8,615.12835,1562.06396,"Hofbauer cells","Hofbauer cells",0.699786782350541,"Hofbauer cells","author","Hofbauer cells","author",-2.05702728681378,-2.43676542591675,-0.93665927765183,-0.255606417911101,-3.75411776583854,2.63249071771612,0.684583524884611,NA,2.63249071771612,"Macrophage","N8","starmap",0.866164945111289,0.779095220722364,"Hofbauer cells"
"W8-2_W8-2_tile_11_cell_877","W8-2",170,91,"W8-2",8,"tile_W8-2_11","W8-2","8w_2d",4980,10589,707.0604,1503.42622,707.0604,1503.42622,91,170,2,"STB",0.426985350340294,8,707.0604,1503.42622,"STB","STB",0.426985350340294,"STB","author","STB","author",-1.75081160650352,6.61162318269372,14.7876515766723,-0.164400830325201,-4.05482726950229,-0.779359192767169,-0.139558583149513,NA,14.7876515766723,"STB","N4","starmap",1.12844319593223,0.819317767238234,"STB"
"W8-2_W8-2_tile_11_cell_883","W8-2",276,189,"W8-2",8,"tile_W8-2_11","W8-2","8w_2d",3807,10440,540.51786,1482.2712,540.51786,1482.2712,189,276,3,"Fibroblast2",0.768729689675303,8,540.51786,1482.2712,"Fibroblast2","Fibroblast2",0.768729689675303,"Fibroblast2","author","Fibroblast2","author",-0.19298580658127,-2.18798882272415,-0.922933233501116,-0.275084332868344,76.0402203239344,-0.651677294254211,-0.151605071531476,NA,76.0402203239344,"Fibroblast","N8","starmap",1.0572104770967,0.809102517329442,"Fibroblast2"
"W8-2_W8-2_tile_11_cell_893","W8-2",351,171,"W8-2",8,"tile_W8-2_11","W8-2","8w_2d",4635,10334,658.0773,1467.22132,658.0773,1467.22132,171,351,5,"STB",0.370175948259876,8,658.0773,1467.22132,"STB","STB",0.370175948259876,"STB","author","STB","author",-1.82825069933857,-2.629580663617,-0.899809835105187,-0.263563550327377,-3.98424757605738,0.0111400308140809,0.174565626917226,NA,0.174565626917226,"NK","N4","starmap",3.10348518577289,0.942630426851514,"STB"
"W8-2_W8-2_tile_11_cell_907","W8-2",475,238,"W8-2",8,"tile_W8-2_11","W8-2","8w_2d",3844,10074,545.77112,1430.30652,545.77112,1430.30652,238,475,5,"unknown3",0.459474461659002,8,545.77112,1430.30652,"unknown3","unknown3",0.459474461659002,"unknown3","author","unknown3","author",-0.995090089619816,-2.60366512451131,-0.941291810983457,-0.269260028917728,13.7818478057533,0.030536701833088,-0.119653336533227,NA,13.7818478057533,"Fibroblast","N8","starmap",1.21502316445596,0.832907697920467,"unknown3"
"W8-2_W8-2_tile_11_cell_922","W8-2",230,133,"W8-2",8,"tile_W8-2_11","W8-2","8w_2d",4726,9693,670.99748,1376.21214,670.99748,1376.21214,133,230,6,"EVT2",0.836640312872387,8,670.99748,1376.21214,"EVT2","EVT2",0.836640312872387,"EVT2","author","EVT2","author",1.49822859624366,1.59800958736895,-0.893367645639972,-0.20063956771014,-4.04165281570518,-0.861775113281382,-0.103771789660523,NA,1.59800958736895,"vCTB","N3","starmap",1.36365563806134,0.851514045968625,"EVT2"
"W8-2_W8-2_tile_11_cell_924","W8-2",477,197,"W8-2",8,"tile_W8-2_11","W8-2","8w_2d",4795,9650,680.7941,1370.107,680.7941,1370.107,197,477,6,"EVT2",0.528462734654649,8,680.7941,1370.107,"EVT2","EVT2",0.528462734654649,"EVT2","author","EVT2","author",6.17850530982598,4.13634536213773,-0.723946367215811,-0.142757043287749,-4.59924521464532,-0.932116063707299,-0.0996450431002839,NA,6.17850530982598,"EVT","N3","starmap",4.61459619165916,0.980663991244072,"EVT2"
"W8-2_W8-2_tile_11_cell_925","W8-2",566,278,"W8-2",8,"tile_W8-2_11","W8-2","8w_2d",4986,9652,707.91228,1370.39096,707.91228,1370.39096,278,566,6,"EVT2",0.27726076893453,8,707.91228,1370.39096,"EVT2","EVT2",0.27726076893453,"EVT2","author","EVT2","author",1.71439091610517,3.46816141458553,-1.01232293028834,-0.219786696295119,-3.4036155669935,-0.810362371173051,-0.108236955208053,NA,3.46816141458553,"vCTB","N3","starmap",1.53539565958916,0.869208318132069,"EVT2"
"W8-2_W8-2_tile_11_cell_927","W8-2",444,218,"W8-2",8,"tile_W8-2_11","W8-2","8w_2d",4546,9619,645.44108,1365.70562,645.44108,1365.70562,218,444,6,"EVT2",0.465393419766359,8,645.44108,1365.70562,"EVT2","EVT2",0.465393419766359,"EVT2","author","EVT2","author",1.89078242605582,4.14325325866643,-0.998046539069702,-0.216706951266753,-3.99620231283015,-0.846759628748994,-0.102279051260565,NA,4.14325325866643,"vCTB","N1","starmap",1.05442394759141,0.808464064210142,"EVT2"
"W8-2_W8-2_tile_11_cell_932","W8-2",362,176,"W8-2",8,"tile_W8-2_11","W8-2","8w_2d",4645,9552,659.4971,1356.19296,659.4971,1356.19296,176,362,6,"EVT2",0.778927133947378,8,659.4971,1356.19296,"EVT2","EVT2",0.778927133947378,"EVT2","author","EVT2","author",3.73987471438833,7.62612921256693,-1.07317414953719,-0.205022534751571,-4.618281188261,-0.90582443990682,-0.103520160257254,NA,7.62612921256693,"vCTB","N3","starmap",1.29312368106262,0.842666909886903,"EVT2"
"W8-2_W8-2_tile_11_cell_935","W8-2",374,199,"W8-2",8,"tile_W8-2_11","W8-2","8w_2d",4570,9517,648.8486,1351.22366,648.8486,1351.22366,199,374,6,"EVT2",0.542376690694007,8,648.8486,1351.22366,"EVT2","EVT2",0.542376690694007,"EVT2","author","EVT2","author",4.85479447925345,3.92881416919945,-0.538299322551045,-0.12098039381973,-4.60415250245071,-0.876701399431268,-0.0986025166567452,NA,4.85479447925345,"EVT","N3","starmap",3.51091466289054,0.94773805180591,"EVT2"
"W8-2_W8-2_tile_11_cell_937","W8-2",412,214,"W8-2",8,"tile_W8-2_11","W8-2","8w_2d",4870,9482.5,691.4426,1346.32535,691.4426,1346.32535,214,412,6,"EVT2",0.474990282356045,8,691.4426,1346.32535,"EVT2","EVT2",0.474990282356045,"EVT2","author","EVT2","author",6.81472393786787,4.43774801519377,-0.623620201944015,-0.0813630338585979,-4.59448253869694,-0.919726107075394,-0.0962004569298573,NA,6.81472393786787,"EVT","N3","starmap",5.08370364281013,0.988690259029551,"EVT2"
"W8-2_W8-2_tile_11_cell_941","W8-2",497,249,"W8-2",8,"tile_W8-2_11","W8-2","8w_2d",4666,9385,662.47868,1332.4823,662.47868,1332.4823,249,497,6,"EVT2",0.396217239233126,8,662.47868,1332.4823,"EVT2","EVT2",0.396217239233126,"EVT2","author","EVT2","author",2.28199749557823,5.56704546312701,-0.95762395684156,-0.181803462145907,-4.20346831965432,-0.89347054642775,-0.105111181720481,NA,5.56704546312701,"vCTB","N3","starmap",0.957479984675662,0.795056548704852,"EVT2"
"W8-2_W8-2_tile_11_cell_942","W8-2",159,109,"W8-2",8,"tile_W8-2_11","W8-2","8w_2d",4935,9408,700.6713,1335.74784,700.6713,1335.74784,109,159,6,"EVT2",0.889837108200686,8,700.6713,1335.74784,"EVT2","EVT2",0.889837108200686,"EVT2","author","EVT2","author",-0.0424673716526862,2.2094575968015,-1.10521367538268,-0.21732990426989,-4.11737920449653,-0.848516747307128,-0.117127357037689,NA,2.2094575968015,"vCTB","N3","starmap",0.865592824498748,0.778912805545421,"EVT2"
"W8-2_W8-2_tile_11_cell_945","W8-2",127,91,"W8-2",8,"tile_W8-2_11","W8-2","8w_2d",4495,9374,638.2001,1330.92052,638.2001,1330.92052,91,127,11,"EVT3",0.443613688720737,8,638.2001,1330.92052,"EVT3","EVT3",0.443613688720737,"EVT3","author","EVT3","author",2.4453776247253,5.46268877010122,0.323965734298807,0.0237428052330474,-5.00952289744949,-0.84588879064878,-0.0891379931188794,NA,5.46268877010122,"vCTB","N3","starmap",4.0913562834927,0.966344399854068,"EVT3"
"W8-2_W8-2_tile_11_cell_950","W8-2",299,200,"W8-2",8,"tile_W8-2_11","W8-2","8w_2d",5111,9288,725.65978,1318.71024,725.65978,1318.71024,200,299,6,"EVT2",0.349962377397353,8,725.65978,1318.71024,"EVT2","EVT2",0.349962377397353,"EVT2","author","EVT2","author",1.53179592949667,1.63925533938214,-0.925498307720463,-0.2068795762078,-4.03015330841816,-0.85341857573341,-0.104197163514615,NA,1.63925533938214,"vCTB","N3","starmap",1.4148709194574,0.857351331630792,"EVT2"
"W8-2_W8-2_tile_11_cell_955","W8-2",169,119,"W8-2",8,"tile_W8-2_11","W8-2","8w_2d",4863,9267,690.44874,1315.72866,690.44874,1315.72866,119,169,1,"EVT2",0.848646471815514,8,690.44874,1315.72866,"EVT2","EVT2",0.848646471815514,"EVT2","author","EVT2","author",2.86036704685651,4.3591520988545,-1.03397119095641,-0.196131488852703,-4.61543807253127,-0.85951271761212,-0.109950155429341,NA,4.3591520988545,"vCTB","N3","starmap",1.25376767991966,0.837285662167092,"EVT2"
"W8-2_W8-2_tile_12_cell_101","W8-2",339,173,"W8-2",8,"tile_W8-2_12","W8-2","8w_2d",3087,10130,438.29226,1438.2574,438.29226,1438.2574,173,339,9,"Hofbauer cells",0.631802725598592,8,438.29226,1438.2574,"Hofbauer cells","Hofbauer cells",0.631802725598592,"Hofbauer cells","author","Hofbauer cells","author",-2.0452712920996,-2.42100240955841,-0.925747233545146,-0.25590049473371,-3.84553213833785,2.53006292160578,0.687660589824734,NA,2.53006292160578,"Macrophage","N8","starmap",0.771233765947511,0.763589930682233,"Hofbauer cells"
"W8-2_W8-2_tile_12_cell_144","W8-2",124,80,"W8-2",8,"tile_W8-2_12","W8-2","8w_2d",2544,10741,361.19712,1525.00718,361.19712,1525.00718,80,124,4,"Fibroblast2",0.47801318114203,8,361.19712,1525.00718,"Fibroblast2","Fibroblast2",0.47801318114203,"Fibroblast2","author","Fibroblast2","author",-0.985889718894357,-1.99674114343959,-1.0331642977705,-0.25032741029054,31.6387653001996,-0.582288280078229,-0.12880067514751,NA,31.6387653001996,"Fibroblast","N5","starmap",1.36154624231849,0.851058008026268,"Fibroblast2"
"W8-2_W8-2_tile_12_cell_293","W8-2",176,118,"W8-2",8,"tile_W8-2_12","W8-2","8w_2d",3334.5,10206.5,473.43231,1449.11887,473.43231,1449.11887,118,176,4,"Fibroblast2",0.62126256738482,8,473.43231,1449.11887,"Fibroblast2","Fibroblast2",0.62126256738482,"Fibroblast2","author","Fibroblast2","author",-0.219785975024666,-1.87535450048029,-0.896475060018351,-0.208764296405254,76.5830110941398,-0.59672897056866,-0.139275163908564,NA,76.5830110941398,"Fibroblast","N8","starmap",1.05954159113731,0.809558555271799,"Fibroblast2"
"W8-2_W8-2_tile_12_cell_479","W8-2",93,71,"W8-2",8,"tile_W8-2_12","W8-2","8w_2d",2630,10016,373.4074,1422.07168,373.4074,1422.07168,71,93,4,"Fibroblast2",0.323635112665258,8,373.4074,1422.07168,"Fibroblast2","Fibroblast2",0.323635112665258,"Fibroblast2","author","Fibroblast2","author",-0.888330376048564,-2.38050637389226,-0.978794584234908,-0.24626360385213,27.6390136621338,-0.451445625402304,-0.159250704849738,NA,27.6390136621338,"Fibroblast","N8","starmap",1.11273429085849,0.816763954761036,"Fibroblast2"
"W8-2_W8-2_tile_12_cell_525","W8-2",150,119,"W8-2",8,"tile_W8-2_12","W8-2","8w_2d",2135,10934,303.1273,1552.40932,303.1273,1552.40932,119,150,4,"Fibroblast2",0.718642009269897,8,303.1273,1552.40932,"Fibroblast2","Fibroblast2",0.718642009269897,"Fibroblast2","author","Fibroblast2","author",-0.756727239979447,-2.26344614675894,-0.956782277048728,-0.23782737037746,41.8321362926724,-0.645970238065051,-0.13310587569529,NA,41.8321362926724,"Fibroblast","N5","starmap",1.2667641318248,0.838836191171105,"Fibroblast2"
"W8-2_W8-2_tile_12_cell_535","W8-2",167,92,"W8-2",8,"tile_W8-2_12","W8-2","8w_2d",2395,10717,340.0421,1521.59966,340.0421,1521.59966,92,167,9,"Hofbauer cells",0.630838667743908,8,340.0421,1521.59966,"Hofbauer cells","Hofbauer cells",0.630838667743908,"Hofbauer cells","author","Hofbauer cells","author",-2.19720647641309,-2.4571191533515,-0.92975741409564,-0.2639003285634,-4.09328068731929,2.14890598495681,0.591444662958246,NA,2.14890598495681,"Macrophage","N5","starmap",1.82854725429953,0.894564027727107,"Hofbauer cells"
"W8-2_W8-2_tile_12_cell_537","W8-2",83,69,"W8-2",8,"tile_W8-2_12","W8-2","8w_2d",2128,10686,302.13344,1517.19828,302.13344,1517.19828,69,83,4,"Fibroblast2",0.35260176884347,8,302.13344,1517.19828,"Fibroblast2","Fibroblast2",0.35260176884347,"Fibroblast2","author","Fibroblast2","author",-0.967523998579414,-2.37248042672911,-0.972570005447346,-0.228528422247019,23.0703462529229,-0.09201133385567,-0.155064648784357,NA,23.0703462529229,"Fibroblast","N5","starmap",2.15108524565509,0.914629697190806,"Fibroblast2"
"W8-2_W8-2_tile_12_cell_538","W8-2",356,208,"W8-2",8,"tile_W8-2_12","W8-2","8w_2d",3636,10695.5,516.23928,1518.54709,516.23928,1518.54709,208,356,3,"Fibroblast2",0.738649731811093,8,516.23928,1518.54709,"Fibroblast2","Fibroblast2",0.738649731811093,"Fibroblast2","author","Fibroblast2","author",-0.614150438666917,-2.10519503947573,-0.911944799300998,-0.239763089752475,68.6335159737318,-0.633659571907213,-0.105788612531887,NA,68.6335159737318,"Fibroblast","N8","starmap",0.878944471618386,0.781192995257205,"Fibroblast2"
"W8-2_W8-2_tile_12_cell_546","W8-2",165,118,"W8-2",8,"tile_W8-2_12","W8-2","8w_2d",3599,10547,510.98602,1497.46306,510.98602,1497.46306,118,165,4,"Fibroblast2",0.609250450811372,8,510.98602,1497.46306,"Fibroblast2","Fibroblast2",0.609250450811372,"Fibroblast2","author","Fibroblast2","author",-0.651442150676329,-2.50641212480875,-0.98133203112217,-0.240447649641323,37.4502545199744,-0.614045304199933,-0.0711882543878774,NA,37.4502545199744,"Fibroblast","N8","starmap",1.60690436208487,0.876322510032835,"Fibroblast2"
"W8-2_W8-2_tile_12_cell_558","W8-2",129,88,"W8-2",8,"tile_W8-2_12","W8-2","8w_2d",2543,10377,361.05514,1473.32646,361.05514,1473.32646,88,129,4,"Fibroblast2",0.564269640413341,8,361.05514,1473.32646,"Fibroblast2","Fibroblast2",0.564269640413341,"Fibroblast2","author","Fibroblast2","author",-0.246268703864381,-2.10073123128226,-0.921915335314119,-0.275274624638087,76.0550290856034,-0.640595646190349,-0.151830560303986,NA,76.0550290856034,"Fibroblast","N5","starmap",1.10536145065802,0.815395840933966,"Fibroblast2"
"W8-2_W8-2_tile_12_cell_559","W8-2",329,181,"W8-2",8,"tile_W8-2_12","W8-2","8w_2d",2749,10368,390.30302,1472.04864,390.30302,1472.04864,181,329,9,"Hofbauer cells",0.66199776666215,8,390.30302,1472.04864,"Hofbauer cells","Hofbauer cells",0.66199776666215,"Hofbauer cells","author","Hofbauer cells","author",-2.01159700478038,-2.38371119956084,-0.917736658804084,-0.243232528568715,-3.86442394209001,2.07682162422879,0.574705329994782,NA,2.07682162422879,"Macrophage","N5","starmap",1.11104456246148,0.816399124407151,"Hofbauer cells"
"W8-2_W8-2_tile_12_cell_560","W8-2",142,110,"W8-2",8,"tile_W8-2_12","W8-2","8w_2d",3553,10348.5,504.45494,1469.28003,504.45494,1469.28003,110,142,4,"Fibroblast2",0.620688444526432,8,504.45494,1469.28003,"Fibroblast2","Fibroblast2",0.620688444526432,"Fibroblast2","author","Fibroblast2","author",-0.689786335393105,-2.44828022846677,-0.974401626347423,-0.234685818297449,36.0192958824071,-0.610911797832413,-0.0857813517642133,NA,36.0192958824071,"Fibroblast","N8","starmap",1.51794709587104,0.867110543597227,"Fibroblast2"
"W8-2_W8-2_tile_12_cell_563","W8-2",173,117,"W8-2",8,"tile_W8-2_12","W8-2","8w_2d",1956,10277,277.71288,1459.12846,277.71288,1459.12846,117,173,9,"Hofbauer cells",0.672072899053393,8,277.71288,1459.12846,"Hofbauer cells","Hofbauer cells",0.672072899053393,"Hofbauer cells","author","Hofbauer cells","author",-2.11065134599518,-2.4803534669234,-0.940875168868764,-0.256510029029419,-3.8019607378138,2.65495480478258,0.752103030669167,NA,2.65495480478258,"Macrophage","N5","starmap",0.840247780974724,0.774352426121853,"Hofbauer cells"
"W8-2_W8-2_tile_12_cell_568","W8-2",152,94,"W8-2",8,"tile_W8-2_12","W8-2","8w_2d",2334.5,10243,331.45231,1454.30114,331.45231,1454.30114,94,152,4,"Fibroblast2",0.51934454818787,8,331.45231,1454.30114,"Fibroblast2","Fibroblast2",0.51934454818787,"Fibroblast2","author","Fibroblast2","author",-0.971559018807455,-2.11622124862339,-0.974158781650804,-0.256781636535472,31.7819483256693,-0.60717805280421,-0.129327775212854,NA,31.7819483256693,"Fibroblast","N4","starmap",1.28137948322881,0.840842758117475,"Fibroblast2"
"W8-2_W8-2_tile_12_cell_572","W8-2",122,85,"W8-2",8,"tile_W8-2_12","W8-2","8w_2d",2290.5,10162,325.20519,1442.80076,325.20519,1442.80076,85,122,4,"Fibroblast2",0.723292849717209,8,325.20519,1442.80076,"Fibroblast2","Fibroblast2",0.723292849717209,"Fibroblast2","author","Fibroblast2","author",-0.789920601752976,-2.1480026175277,-0.956880605515237,-0.263341725509793,34.8927778309136,-0.582223105114846,-0.13115741760139,NA,34.8927778309136,"Fibroblast","N4","starmap",0.809809356008439,0.769883254286757,"Fibroblast2"
"W8-2_W8-2_tile_12_cell_579","W8-2",154,114,"W8-2",8,"tile_W8-2_12","W8-2","8w_2d",1875.5,10034,266.28349,1424.62732,266.28349,1424.62732,114,154,4,"Fibroblast2",0.662358702516466,8,266.28349,1424.62732,"Fibroblast2","Fibroblast2",0.662358702516466,"Fibroblast2","author","Fibroblast2","author",-0.412831169831062,-1.93941501624471,-0.897768737394823,-0.152452510738704,75.7375132826275,-0.636657945156608,-0.139596924745924,NA,75.7375132826275,"Fibroblast","N5","starmap",1.14055620894777,0.821506749361547,"Fibroblast2"
"W8-2_W8-2_tile_12_cell_586","W8-2",219,146,"W8-2",8,"tile_W8-2_12","W8-2","8w_2d",3568,9961,506.58464,1414.26278,506.58464,1414.26278,146,219,10,"EVT2",0.349777228688847,8,506.58464,1414.26278,"EVT2","EVT2",0.349777228688847,"EVT2","author","EVT2","author",2.71801200838404,4.95158058792644,0.726133262976597,-0.0488843972364781,-4.91598646405789,-0.823888461854347,-0.0669036940478167,NA,4.95158058792644,"vCTB","N8","starmap",4.51139698117205,0.978931047063116,"EVT2"
"W8-2_W8-2_tile_13_cell_264","W8-2",161,92,"W8-2",8,"tile_W8-2_13","W8-2","8w_2d",426,10513,60.48348,1492.63574,60.48348,1492.63574,92,161,11,"Fibroblast1",0.297064529404832,8,60.48348,1492.63574,"Fibroblast1","Fibroblast1",0.297064529404832,"Fibroblast1","author","Fibroblast1","author",-0.0684647874571014,-1.01768060943655,-0.788434764697273,-0.246151714121195,20.6841176876667,-0.489040204359931,-0.143148036127695,NA,20.6841176876667,"Fibroblast","N5","starmap",0.89943694741974,0.784932506384531,"Fibroblast1"
"W8-2_W8-2_tile_13_cell_642","W8-2",109,93,"W8-2",8,"tile_W8-2_13","W8-2","8w_2d",1797,10965,255.13806,1556.8107,255.13806,1556.8107,93,109,4,"Fibroblast2",0.428836586937374,8,255.13806,1556.8107,"Fibroblast2","Fibroblast2",0.428836586937374,"Fibroblast2","author","Fibroblast2","author",-0.643650167821521,-2.35965230243875,-0.93714116551012,-0.244233964838934,36.9751635516616,-0.674489820512964,-0.115570421810402,NA,36.9751635516616,"Fibroblast","N5","starmap",0.916184486903896,0.787668734038672,"Fibroblast2"
"W8-2_W8-2_tile_13_cell_656","W8-2",247,163,"W8-2",8,"tile_W8-2_13","W8-2","8w_2d",878,10836,124.65844,1538.49528,124.65844,1538.49528,163,247,3,"Hofbauer cells",0.435141736090058,8,124.65844,1538.49528,"Hofbauer cells","Hofbauer cells",0.435141736090058,"Hofbauer cells","author","Hofbauer cells","author",-0.807357599968454,-2.38383394822112,-0.930249350336077,-0.0226427150848041,2.5909400486801,4.28201556787165,0.34120398199287,NA,4.28201556787165,"Macrophage","N5","starmap",0.697378314489424,0.750456037942357,"Hofbauer cells"
"W8-2_W8-2_tile_13_cell_661","W8-2",229,164,"W8-2",8,"tile_W8-2_13","W8-2","8w_2d",1441,10794,204.59318,1532.53212,204.59318,1532.53212,164,229,3,"Fibroblast2",0.847498905593975,8,204.59318,1532.53212,"Fibroblast2","Fibroblast2",0.847498905593975,"Fibroblast2","author","Fibroblast2","author",-0.708326425758924,-2.39096823369521,-0.973923068884751,-0.299127053228016,43.5577527625654,-0.790911177405398,-0.173775347551011,NA,43.5577527625654,"Fibroblast","N8","starmap",4.66371402541853,0.981576067128785,"Fibroblast2"
"W8-2_W8-2_tile_13_cell_668","W8-2",242,155,"W8-2",8,"tile_W8-2_13","W8-2","8w_2d",967.5,10743,137.36565,1525.29114,137.36565,1525.29114,155,242,3,"Fibroblast2",0.852343176444465,8,137.36565,1525.29114,"Fibroblast2","Fibroblast2",0.852343176444465,"Fibroblast2","author","Fibroblast2","author",-0.451023899330242,-1.71518353349875,-0.934477621098317,-0.21914357868859,80.8424677934671,-0.664327158592029,-0.139655523450909,NA,80.8424677934671,"Fibroblast","N5","starmap",1.4864176988559,0.864647938708501,"Fibroblast2"
"W8-2_W8-2_tile_13_cell_683","W8-2",269,150,"W8-2",8,"tile_W8-2_13","W8-2","8w_2d",1445,10585,205.1611,1502.8583,205.1611,1502.8583,150,269,9,"Hofbauer cells",0.654909885389592,8,205.1611,1502.8583,"Hofbauer cells","Hofbauer cells",0.654909885389592,"Hofbauer cells","author","Hofbauer cells","author",-2.0745660529301,-2.46245076919913,-0.934696303826922,-0.251431339601479,-3.82162251369111,2.58024695079421,0.713448368975606,NA,2.58024695079421,"Macrophage","N8","starmap",0.718060395156189,0.753283473184969,"Hofbauer cells"
"W8-2_W8-2_tile_13_cell_689","W8-2",135,89,"W8-2",8,"tile_W8-2_13","W8-2","8w_2d",1091,10530,154.90018,1495.0494,154.90018,1495.0494,89,135,4,"Hofbauer cells",0.381121328323719,8,154.90018,1495.0494,"Hofbauer cells","Hofbauer cells",0.381121328323719,"Hofbauer cells","author","Hofbauer cells","author",-1.89941035268038,-2.4910123444152,-0.895650068485702,-0.248867858639753,-3.87663490984278,-0.049807753600939,0.113957701922062,NA,0.113957701922062,"NK","N8","starmap",2.02325219467294,0.906603429405327,"Hofbauer cells"
"W8-2_W8-2_tile_13_cell_695","W8-2",108,84,"W8-2",8,"tile_W8-2_13","W8-2","8w_2d",351.5,10484.5,49.90597,1488.58931,49.90597,1488.58931,84,108,4,"Fibroblast2",0.41183483219336,8,49.90597,1488.58931,"Fibroblast2","Fibroblast2",0.41183483219336,"Fibroblast2","author","Fibroblast2","author",-0.726494674778113,-2.47126724570739,-0.979554940884264,-0.273095964345843,24.9870457356058,-0.596188410892067,-0.124072630131399,NA,24.9870457356058,"Fibroblast","N5","starmap",1.16187336040329,0.824607807369573,"Fibroblast2"
"W8-2_W8-2_tile_13_cell_697","W8-2",198,144,"W8-2",8,"tile_W8-2_13","W8-2","8w_2d",1739,10454.5,246.90322,1484.32991,246.90322,1484.32991,144,198,3,"Fibroblast2",0.644420403932297,8,246.90322,1484.32991,"Fibroblast2","Fibroblast2",0.644420403932297,"Fibroblast2","author","Fibroblast2","author",-0.330774347540141,-1.99884724459696,-0.947358532520901,-0.207613554376849,69.5079879464407,-0.685033415905349,-0.14925347409094,NA,69.5079879464407,"Fibroblast","N5","starmap",1.14305461171207,0.821780372126961,"Fibroblast2"
"W8-2_W8-2_tile_13_cell_717","W8-2",82,73,"W8-2",8,"tile_W8-2_13","W8-2","8w_2d",1741,10258.5,247.18718,1456.50183,247.18718,1456.50183,73,82,4,"Fibroblast2",0.288463833737985,8,247.18718,1456.50183,"Fibroblast2","Fibroblast2",0.288463833737985,"Fibroblast2","author","Fibroblast2","author",-0.753049317484578,-2.5055423390723,-0.954381556262154,-0.265604955509694,36.2718802382721,-0.614532719935225,-0.126146185386515,NA,36.2718802382721,"Fibroblast","N5","starmap",1.08560649574896,0.812294782925939,"Fibroblast2"
"W8-2_W8-2_tile_13_cell_718","W8-2",251,155,"W8-2",8,"tile_W8-2_13","W8-2","8w_2d",271,10230,38.47658,1452.4554,38.47658,1452.4554,155,251,5,"vCTB2",0.277221937534537,8,38.47658,1452.4554,"vCTB2","vCTB2",0.277221937534537,"vCTB2","author","vCTB2","author",4.18799226688563,2.9070786178845,0.0699314339337189,-0.0612668495918834,-4.91445187094995,-0.895872823386412,-0.0980846129391552,NA,4.18799226688563,"EVT","N5","starmap",4.0433600535853,0.965341116380883,"vCTB2"
"W8-2_W8-2_tile_13_cell_719","W8-2",125,88,"W8-2",8,"tile_W8-2_13","W8-2","8w_2d",1808,10260,256.69984,1456.7148,256.69984,1456.7148,88,125,9,"Hofbauer cells",0.373430823997014,8,256.69984,1456.7148,"Hofbauer cells","Hofbauer cells",0.373430823997014,"Hofbauer cells","author","Hofbauer cells","author",-1.89428249181951,-2.4450313078363,-0.919863118867888,-0.223307481512436,-3.79212800598811,0.42103821913457,0.186943136232182,NA,0.42103821913457,"Macrophage","N5","starmap",2.16995834491549,0.915997811017877,"Hofbauer cells"
"W8-2_W8-2_tile_13_cell_721","W8-2",157,103,"W8-2",8,"tile_W8-2_13","W8-2","8w_2d",1298,10214,184.29004,1450.18372,184.29004,1450.18372,103,157,4,"Fibroblast2",0.656757687707537,8,184.29004,1450.18372,"Fibroblast2","Fibroblast2",0.656757687707537,"Fibroblast2","author","Fibroblast2","author",-0.719932847768107,-2.26288816002341,-0.974359939477223,-0.215585324293376,55.9863396223334,-0.615834994140604,-0.148853481874528,NA,55.9863396223334,"Fibroblast","N8","starmap",1.06203930310606,0.809832178037213,"Fibroblast2"
"W8-2_W8-2_tile_13_cell_743","W8-2",97,78,"W8-2",8,"tile_W8-2_13","W8-2","8w_2d",84,10021,11.92632,1422.78158,11.92632,1422.78158,78,97,4,"Fibroblast2",0.387319041217516,8,11.92632,1422.78158,"Fibroblast2","Fibroblast2",0.387319041217516,"Fibroblast2","author","Fibroblast2","author",-0.68296029121293,-2.35080618737047,-0.958951581430174,-0.255924609565772,36.525737986244,-0.675705957827127,-0.119701108181787,NA,36.525737986244,"Fibroblast","N5","starmap",1.12224494456693,0.818496898941992,"Fibroblast2"
"W8-2_W8-2_tile_13_cell_753","W8-2",160,100,"W8-2",8,"tile_W8-2_13","W8-2","8w_2d",327.5,9905.5,46.49845,1406.38289,46.49845,1406.38289,100,160,9,"Hofbauer cells",0.730840206731763,8,46.49845,1406.38289,"Hofbauer cells","Hofbauer cells",0.730840206731763,"Hofbauer cells","author","Hofbauer cells","author",-2.19344397033314,-2.44887049099945,-0.932609055348025,-0.256361609109465,-3.88905078462957,2.76596650674583,0.647110147512279,NA,2.76596650674583,"Macrophage","N5","starmap",0.809593805437685,0.769700839109814,"Hofbauer cells"
"W8-2_W8-2_tile_13_cell_760","W8-2",155,114,"W8-2",8,"tile_W8-2_13","W8-2","8w_2d",1456,9754,206.72288,1384.87292,206.72288,1384.87292,114,155,4,"Fibroblast2",0.695229653217202,8,206.72288,1384.87292,"Fibroblast2","Fibroblast2",0.695229653217202,"Fibroblast2","author","Fibroblast2","author",-0.532938024161168,-1.86577757169081,-0.884626745191596,-0.252204817549268,103.379843612178,-0.472057531468526,-0.150866616634984,NA,103.379843612178,"Fibroblast","N8","starmap",1.01762393559154,0.802900401313389,"Fibroblast2"
"W8-2_W8-2_tile_13_cell_770","W8-2",236,147,"W8-2",8,"tile_W8-2_13","W8-2","8w_2d",577,9567.5,81.92246,1358.39365,81.92246,1358.39365,147,236,9,"Hofbauer cells",0.624960726738808,8,81.92246,1358.39365,"Hofbauer cells","Hofbauer cells",0.624960726738808,"Hofbauer cells","author","Hofbauer cells","author",-2.05643683386366,-2.43979834019923,-0.932408349747683,-0.248419162657621,-3.85401450586402,2.65588265468698,0.70234467420699,NA,2.65588265468698,"Macrophage","N8","starmap",0.687034937660323,0.74863188617293,"Hofbauer cells"
"W8-2_W8-2_tile_13_cell_774","W8-2",154,109,"W8-2",8,"tile_W8-2_13","W8-2","8w_2d",899,9462.5,127.64002,1343.48575,127.64002,1343.48575,109,154,4,"Fibroblast2",0.646158740459264,8,127.64002,1343.48575,"Fibroblast2","Fibroblast2",0.646158740459264,"Fibroblast2","author","Fibroblast2","author",-0.799834523494088,-2.54254284066102,-0.968279430938427,-0.273108557205914,31.6257088257261,-0.624407896681055,-0.127383172767142,NA,31.6257088257261,"Fibroblast","N8","starmap",0.749698644055204,0.759576796789493,"Fibroblast2"
"W8-2_W8-2_tile_13_cell_780","W8-2",303,193,"W8-2",8,"tile_W8-2_13","W8-2","8w_2d",664,9417,94.27472,1337.02566,94.27472,1337.02566,193,303,3,"Fibroblast2",0.603260293891942,8,94.27472,1337.02566,"Fibroblast2","Fibroblast2",0.603260293891942,"Fibroblast2","author","Fibroblast2","author",-0.84332049124904,-1.80523230297029,-0.906922481221093,-0.221200157378446,95.2917075233652,0.0312882686312999,-0.142810545047293,NA,95.2917075233652,"Fibroblast","N8","starmap",0.722364051232686,0.754195549069683,"Fibroblast2"
"W8-2_W8-2_tile_13_cell_782","W8-2",112,88,"W8-2",8,"tile_W8-2_13","W8-2","8w_2d",71.5,9393.5,10.15157,1333.68913,10.15157,1333.68913,88,112,9,"Hofbauer cells",0.610445769412641,8,10.15157,1333.68913,"Hofbauer cells","Hofbauer cells",0.610445769412641,"Hofbauer cells","author","Hofbauer cells","author",-2.07198300237253,-2.49003622819407,-0.944627929502065,-0.258659997285406,-3.81483191370406,2.52429986515241,0.741974691045037,NA,2.52429986515241,"Macrophage","N8","starmap",0.938469207090337,0.792046698285297,"Hofbauer cells"
"W8-2_W8-2_tile_13_cell_791","W8-2",143,112,"W8-2",8,"tile_W8-2_13","W8-2","8w_2d",1416,9266,201.04368,1315.58668,201.04368,1315.58668,112,143,4,"Fibroblast2",0.77671652818108,8,201.04368,1315.58668,"Fibroblast2","Fibroblast2",0.77671652818108,"Fibroblast2","author","Fibroblast2","author",-0.929968333027623,-2.20058123179266,-0.972136143689698,-0.247285846498104,31.2268450029351,-0.604227843458597,-0.138221680997468,NA,31.2268450029351,"Fibroblast","N8","starmap",1.0883702544233,0.812750820868296,"Fibroblast2"
"W8-2_W8-2_tile_14_cell_108","W8-2",136,90,"W8-2",8,"tile_W8-2_14","W8-2","8w_2d",231,8112,32.79738,1151.74176,32.79738,1151.74176,90,136,4,"Fibroblast2",0.503177876485759,8,32.79738,1151.74176,"Fibroblast2","Fibroblast2",0.503177876485759,"Fibroblast2","author","Fibroblast2","author",-1.07315152329501,-2.17994369035854,-0.942208743175734,-0.257788931610034,29.4676555770457,-0.607594837889932,-0.137922070072073,NA,29.4676555770457,"Fibroblast","N8","starmap",0.849066458193137,0.776085370302809,"Fibroblast2"
"W8-2_W8-2_tile_14_cell_1118","W8-2",113,86,"W8-2",8,"tile_W8-2_14","W8-2","8w_2d",1196,9188,169.80808,1304.51224,169.80808,1304.51224,86,113,9,"Hofbauer cells",0.724446563931205,8,169.80808,1304.51224,"Hofbauer cells","Hofbauer cells",0.724446563931205,"Hofbauer cells","author","Hofbauer cells","author",-2.08265320517229,-2.4371034548119,-0.916078611966103,-0.259426696705555,-3.91354480685985,1.98531676565118,0.743546080097382,NA,1.98531676565118,"Macrophage","N8","starmap",1.33666639248714,0.847774534841299,"Hofbauer cells"
"W8-2_W8-2_tile_14_cell_1125","W8-2",343,183,"W8-2",8,"tile_W8-2_14","W8-2","8w_2d",837,9018,118.83726,1280.37564,118.83726,1280.37564,183,343,9,"Hofbauer cells",0.667614364292306,8,118.83726,1280.37564,"Hofbauer cells","Hofbauer cells",0.667614364292306,"Hofbauer cells","author","Hofbauer cells","author",-2.04756348307277,-2.45480130051101,-0.932598024555015,-0.262264347689931,-3.84095471326436,2.26220299235742,0.699518980829441,NA,2.26220299235742,"Macrophage","N8","starmap",1.1830415592351,0.828164903319956,"Hofbauer cells"
"W8-2_W8-2_tile_14_cell_1128","W8-2",119,93,"W8-2",8,"tile_W8-2_14","W8-2","8w_2d",1468,8961,208.42664,1272.28278,208.42664,1272.28278,93,119,4,"Fibroblast2",0.707833099390328,8,208.42664,1272.28278,"Fibroblast2","Fibroblast2",0.707833099390328,"Fibroblast2","author","Fibroblast2","author",-0.712984615667634,-2.36101872172132,-1.01093292937473,-0.244686211297691,33.7447723434312,-0.623699904666778,-0.110249505115842,NA,33.7447723434312,"Fibroblast","N8","starmap",0.806886470170908,0.769062385990514,"Fibroblast2"
"W8-2_W8-2_tile_14_cell_1156","W8-2",103,66,"W8-2",8,"tile_W8-2_14","W8-2","8w_2d",1031,8695,146.38138,1234.5161,146.38138,1234.5161,66,103,4,"Fibroblast2",0.389850993695591,8,146.38138,1234.5161,"Fibroblast2","Fibroblast2",0.389850993695591,"Fibroblast2","author","Fibroblast2","author",-0.749491473305596,-2.38017644487169,-1.00902254517275,-0.230372389118405,38.0731319083881,-0.624069481541855,-0.106446036312854,NA,38.0731319083881,"Fibroblast","N5","starmap",0.948946283512959,0.793962057643196,"Fibroblast2"
"W8-2_W8-2_tile_14_cell_1158","W8-2",412,185,"W8-2",8,"tile_W8-2_14","W8-2","8w_2d",426.5,8711.5,60.55447,1236.85877,60.55447,1236.85877,185,412,9,"Hofbauer cells",0.721190849474411,8,60.55447,1236.85877,"Hofbauer cells","Hofbauer cells",0.721190849474411,"Hofbauer cells","author","Hofbauer cells","author",-2.08831848425032,-2.5072278687986,-0.955243742065284,-0.261360437726992,-3.7669940881347,2.62514879525963,0.79495313612324,NA,2.62514879525963,"Macrophage","N5","starmap",1.34536211225456,0.848595403137541,"Hofbauer cells"
"W8-2_W8-2_tile_14_cell_1161","W8-2",234,133,"W8-2",8,"tile_W8-2_14","W8-2","8w_2d",622.5,8691,88.38255,1233.94818,88.38255,1233.94818,133,234,12,"Endothelial_cells",0.5784384649062,8,88.38255,1233.94818,"Endothelial_cells","Endothelial_cells",0.5784384649062,"Endothelial_cells","author","Endothelial_cells","author",-1.153937418539,-2.05397093020961,-1.02385178122203,-0.265638460881409,32.930043029861,-0.559226249822603,-0.144814330803557,NA,32.930043029861,"Fibroblast","N5","starmap",1.05606673515277,0.808920102152499,"Endothelial_cells"
"W8-2_W8-2_tile_14_cell_1178","W8-2",176,111,"W8-2",8,"tile_W8-2_14","W8-2","8w_2d",804,8496.5,114.15192,1206.33307,114.15192,1206.33307,111,176,4,"Fibroblast2",0.74076011684461,8,114.15192,1206.33307,"Fibroblast2","Fibroblast2",0.74076011684461,"Fibroblast2","author","Fibroblast2","author",-0.88019533013797,-2.09059389246859,-1.01718389043407,-0.230658552984756,33.6189982166432,-0.578947424794247,-0.120064294193522,NA,33.6189982166432,"Fibroblast","N5","starmap",1.63732687096501,0.878420284567676,"Fibroblast2"
"W8-2_W8-2_tile_14_cell_1196","W8-2",209,110,"W8-2",8,"tile_W8-2_14","W8-2","8w_2d",1150,8301,163.277,1178.57598,163.277,1178.57598,110,209,10,"STB",0.717967481775602,8,163.277,1178.57598,"STB","STB",0.717967481775602,"STB","author","STB","author",-1.72675187752772,4.70048968831952,14.1591742044578,-0.193113345738181,-4.06195483397619,-0.803443258481464,-0.143660895175768,NA,14.1591742044578,"STB","N4","starmap",1.0295597191595,0.804724553082817,"STB"
"W8-2_W8-2_tile_14_cell_1212","W8-2",112,81,"W8-2",8,"tile_W8-2_14","W8-2","8w_2d",1702.5,8040.5,241.72095,1141.59019,241.72095,1141.59019,81,112,9,"Hofbauer cells",0.607030251726393,8,241.72095,1141.59019,"Hofbauer cells","Hofbauer cells",0.607030251726393,"Hofbauer cells","author","Hofbauer cells","author",-2.12882981350999,-2.49604714876884,-0.935148709070115,-0.256578581659255,-3.85173676108817,2.64941302088884,0.829936389368767,NA,2.64941302088884,"Macrophage","N4","starmap",0.709541310083129,0.752280189711784,"Hofbauer cells"
"W8-2_W8-2_tile_14_cell_1222","W8-2",100,82,"W8-2",8,"tile_W8-2_14","W8-2","8w_2d",1187.5,7819.5,168.60125,1110.21261,168.60125,1110.21261,82,100,4,"Fibroblast2",0.573003043337095,8,168.60125,1110.21261,"Fibroblast2","Fibroblast2",0.573003043337095,"Fibroblast2","author","Fibroblast2","author",-0.88328447650593,-2.22073785595166,-0.978704562485468,-0.268855667072705,32.6602049956852,-0.600291300988363,-0.136726386379036,NA,32.6602049956852,"Fibroblast","N5","starmap",0.699878506253133,0.750820868296242,"Fibroblast2"
"W8-2_W8-2_tile_14_cell_1224","W8-2",262,169,"W8-2",8,"tile_W8-2_14","W8-2","8w_2d",661.5,7720,93.91977,1096.0856,93.91977,1096.0856,169,262,9,"Hofbauer cells",0.697564335200428,8,93.91977,1096.0856,"Hofbauer cells","Hofbauer cells",0.697564335200428,"Hofbauer cells","author","Hofbauer cells","author",-2.08281739489233,-2.51237328203919,-0.951265560950475,-0.260262155013577,-3.79460316068381,2.59689051354659,0.7843580242162,NA,2.59689051354659,"Macrophage","N8","starmap",1.15107747028297,0.822783655600146,"Hofbauer cells"
"W8-2_W8-2_tile_14_cell_1243","W8-2",98,78,"W8-2",8,"tile_W8-2_14","W8-2","8w_2d",415.5,7509.5,58.99269,1066.19881,58.99269,1066.19881,78,98,4,"Fibroblast2",0.439384499680587,8,58.99269,1066.19881,"Fibroblast2","Fibroblast2",0.439384499680587,"Fibroblast2","author","Fibroblast2","author",-1.24664315915158,-2.61817714590248,-1.00739407485714,-0.278434594494443,20.1141659856662,-0.568249831297814,-0.16483141866687,NA,20.1141659856662,"Fibroblast","N8","starmap",1.4360838553713,0.860087559284933,"Fibroblast2"
"W8-2_W8-2_tile_14_cell_1259","W8-2",170,134,"W8-2",8,"tile_W8-2_14","W8-2","8w_2d",1696,7411,240.79808,1052.21378,240.79808,1052.21378,134,170,3,"Fibroblast2",0.624676111210098,8,240.79808,1052.21378,"Fibroblast2","Fibroblast2",0.624676111210098,"Fibroblast2","author","Fibroblast2","author",-0.844979086930894,-2.29056101783203,-1.01735813412195,-0.257102289849406,33.1403856448749,-0.548540618747929,-0.117639297084162,NA,33.1403856448749,"Fibroblast","N8","starmap",0.750378430395702,0.759759211966436,"Fibroblast2"
"W8-2_W8-2_tile_14_cell_581","W8-2",146,107,"W8-2",8,"tile_W8-2_14","W8-2","8w_2d",1062,8930,150.78276,1267.8814,150.78276,1267.8814,107,146,4,"Fibroblast2",0.661173038836791,8,150.78276,1267.8814,"Fibroblast2","Fibroblast2",0.661173038836791,"Fibroblast2","author","Fibroblast2","author",-1.00098848182476,-2.11463765312692,-0.982786422875205,-0.257903211475105,31.8222732379413,-0.585557428207214,-0.131565776809151,NA,31.8222732379413,"Fibroblast","N5","starmap",1.30899497755007,0.844947099598687,"Fibroblast2"
"W8-2_W8-2_tile_15_cell_1144","W8-2",297,153,"W8-2",8,"tile_W8-2_15","W8-2","8w_2d",3106,8690,440.98988,1233.8062,440.98988,1233.8062,153,297,5,"unknown3",0.288249162709604,8,440.98988,1233.8062,"unknown3","unknown3",0.288249162709604,"unknown3","author","unknown3","author",-1.95100842993251,-2.48586671318381,-0.923297540442319,-0.24185321491648,-3.8573390608776,1.49016704567042,0.460729890890911,NA,1.49016704567042,"Macrophage","N5","starmap",1.42607168636753,0.859084275811748,"unknown3"
"W8-2_W8-2_tile_15_cell_1156","W8-2",238,119,"W8-2",8,"tile_W8-2_15","W8-2","8w_2d",3454.5,8399.5,490.46991,1192.56101,490.46991,1192.56101,119,238,7,"STB",0.291832340744442,8,490.46991,1192.56101,"STB","STB",0.291832340744442,"STB","author","STB","author",-2.06925626335483,-2.46480604454014,-0.931885724101737,-0.257764302432844,-3.82705128572041,2.45267861175691,0.697774827016706,NA,2.45267861175691,"Macrophage","N5","starmap",0.900106781013098,0.785206129149945,"STB"
"W8-2_W8-2_tile_15_cell_1161","W8-2",251,121,"W8-2",8,"tile_W8-2_15","W8-2","8w_2d",2975,8264,422.3905,1173.32272,422.3905,1173.32272,121,251,0,"vCTB2",0.317913726633494,8,422.3905,1173.32272,"vCTB2","vCTB2",0.317913726633494,"vCTB2","author","vCTB2","author",-1.7498933893396,3.44359340231188,13.0663461525771,-0.206369819569943,-4.00919306478689,-0.809654372135758,-0.144852776804957,NA,13.0663461525771,"STB","N5","starmap",0.994896852035573,0.799343305363006,"vCTB2"
"W8-2_W8-2_tile_15_cell_1181","W8-2",451,214,"W8-2",8,"tile_W8-2_15","W8-2","8w_2d",2089,8009,296.59622,1137.11782,296.59622,1137.11782,214,451,10,"STB",0.708505483706841,8,296.59622,1137.11782,"STB","STB",0.708505483706841,"STB","author","STB","author",-1.31153413002998,-2.49402409969431,-1.05886723009647,-0.237551830530349,32.8416563437511,-0.0937447515037213,-0.128889896002593,NA,32.8416563437511,"Fibroblast","N4","starmap",0.84806301328399,0.775629332360452,"STB"
"W8-2_W8-2_tile_15_cell_737","W8-2",151,108,"W8-2",8,"tile_W8-2_15","W8-2","8w_2d",2638,8554,374.54324,1214.49692,374.54324,1214.49692,108,151,11,"EVT2",0.592221651185411,8,374.54324,1214.49692,"EVT2","EVT2",0.592221651185411,"EVT2","author","EVT2","author",4.40274031386222,4.18135210981977,0.628703773446837,-0.0692564202244409,-4.8462094202352,-0.907540678451658,-0.0948219979609651,NA,4.40274031386222,"EVT","N8","starmap",4.57468664886964,0.980116745713243,"EVT2"
"W8-2_W8-2_tile_16_cell_1020","W8-2",260,166,"W8-2",8,"tile_W8-2_16","W8-2","8w_2d",5033,9194.5,714.58534,1305.43511,714.58534,1305.43511,166,260,6,"EVT2",0.328689450105317,8,714.58534,1305.43511,"EVT2","EVT2",0.328689450105317,"EVT2","author","EVT2","author",4.78882478926259,4.29892485840427,-0.854754692744443,-0.190261155514607,-4.78283806201567,-0.902622026489978,-0.108145357804615,NA,4.78882478926259,"EVT","N3","starmap",3.23159608245227,0.944636993797884,"EVT2"
"W8-2_W8-2_tile_16_cell_1021","W8-2",333,178,"W8-2",8,"tile_W8-2_16","W8-2","8w_2d",4765,9173,676.5347,1302.38254,676.5347,1302.38254,178,333,6,"EVT2",0.379534391733743,8,676.5347,1302.38254,"EVT2","EVT2",0.379534391733743,"EVT2","author","EVT2","author",5.86217940075924,4.22024327732224,-0.785473654410718,-0.175587881264803,-4.72866909052322,-0.918390033634885,-0.10580250149031,NA,5.86217940075924,"EVT","N3","starmap",4.43577330050373,0.977471725647574,"EVT2"
"W8-2_W8-2_tile_16_cell_1031","W8-2",195,115,"W8-2",8,"tile_W8-2_16","W8-2","8w_2d",4426,9119,628.40348,1294.71562,628.40348,1294.71562,115,195,2,"EVT2",0.353085004054262,8,628.40348,1294.71562,"EVT2","EVT2",0.353085004054262,"EVT2","author","EVT2","author",2.30958685925872,4.69909756804212,1.05830250676692,-0.0784655597821166,-4.83268010348753,-0.834619611037541,-0.0863054069378176,NA,4.69909756804212,"vCTB","N3","starmap",3.87499531836608,0.956493980299161,"EVT2"
"W8-2_W8-2_tile_16_cell_1035","W8-2",154,98,"W8-2",8,"tile_W8-2_16","W8-2","8w_2d",4336,9083,615.62528,1289.60434,615.62528,1289.60434,98,154,2,"STB",0.359333080568093,8,615.62528,1289.60434,"STB","STB",0.359333080568093,"STB","author","STB","author",2.5109975451423,5.5138935471164,0.607370927063769,0.0310019464915622,-4.99745882229019,-0.836777705009918,-0.0858660813540303,NA,5.5138935471164,"vCTB","N3","starmap",4.00858663456778,0.963516964611456,"STB"
"W8-2_W8-2_tile_16_cell_1039","W8-2",137,88,"W8-2",8,"tile_W8-2_16","W8-2","8w_2d",4526,9086,642.60148,1290.03028,642.60148,1290.03028,88,137,1,"EVT2",0.848099445676029,8,642.60148,1290.03028,"EVT2","EVT2",0.848099445676029,"EVT2","author","EVT2","author",2.53152365309475,3.78953936197773,-0.905469512864091,-0.206129336704849,-4.15172086902471,-0.590755149292457,-0.118448833625446,NA,3.78953936197773,"vCTB","N3","starmap",1.45928565113676,0.861638088288946,"EVT2"
"W8-2_W8-2_tile_16_cell_1044","W8-2",216,131,"W8-2",8,"tile_W8-2_16","W8-2","8w_2d",4555,9026,646.7189,1281.51148,646.7189,1281.51148,131,216,6,"EVT2",0.938606874728537,8,646.7189,1281.51148,"EVT2","EVT2",0.938606874728537,"EVT2","author","EVT2","author",1.56487831485758,5.42871110804731,-1.02422534235636,-0.172694939558091,-4.14756945335987,-0.892955852828688,-0.112819554907037,NA,5.42871110804731,"vCTB","N3","starmap",0.745654006297762,0.758664720904779,"EVT2"
"W8-2_W8-2_tile_16_cell_1049","W8-2",696,298,"W8-2",8,"tile_W8-2_16","W8-2","8w_2d",4705,9004,668.0159,1278.38792,668.0159,1278.38792,298,696,6,"EVT2",0.410388777071864,8,668.0159,1278.38792,"EVT2","EVT2",0.410388777071864,"EVT2","author","EVT2","author",2.59500427039414,4.51825232187692,-0.96888566354211,-0.103969182764474,-4.55941359059362,-0.849241139727727,-0.111834052274131,NA,4.51825232187692,"vCTB","N3","starmap",1.4627022585001,0.862094126231302,"EVT2"
"W8-2_W8-2_tile_16_cell_1054","W8-2",215,144,"W8-2",8,"tile_W8-2_16","W8-2","8w_2d",4487,9021,637.06426,1280.80158,637.06426,1280.80158,144,215,6,"EVT2",0.619038909813981,8,637.06426,1280.80158,"EVT2","EVT2",0.619038909813981,"EVT2","author","EVT2","author",5.49721623239317,4.17954579791114,-0.654993139183356,-0.0904112650203372,-4.64342317108893,-0.892804421628214,-0.0976600006517547,NA,5.49721623239317,"EVT","N3","starmap",3.95977628194268,0.961054359722729,"EVT2"
"W8-2_W8-2_tile_16_cell_1056","W8-2",199,124,"W8-2",8,"tile_W8-2_16","W8-2","8w_2d",5140,8984,729.7772,1275.54832,729.7772,1275.54832,124,199,1,"EVT2",0.798171213801399,8,729.7772,1275.54832,"EVT2","EVT2",0.798171213801399,"EVT2","author","EVT2","author",1.35699721384155,1.54433917068345,-0.82279539063968,-0.137053586254031,-4.08846837437384,-0.755116916696687,-0.10212853355313,NA,1.54433917068345,"vCTB","N1","starmap",0.724086162752074,0.754742794600511,"EVT2"
"W8-2_W8-2_tile_16_cell_1063","W8-2",233,148,"W8-2",8,"tile_W8-2_16","W8-2","8w_2d",4592,8982,651.97216,1275.26436,651.97216,1275.26436,148,233,6,"EVT2",0.562277195172693,8,651.97216,1275.26436,"EVT2","EVT2",0.562277195172693,"EVT2","author","EVT2","author",7.314214168191,4.75751148248904,-0.576224710360505,-0.0697542513738681,-4.6873376727387,-0.92712856148002,-0.0953079856130172,NA,7.314214168191,"EVT","N3","starmap",5.52850097450678,0.992977015687705,"EVT2"
"W8-2_W8-2_tile_16_cell_1066","W8-2",206,131,"W8-2",8,"tile_W8-2_16","W8-2","8w_2d",4462.5,8977,633.58575,1274.55446,633.58575,1274.55446,131,206,6,"EVT2",0.834508122259033,8,633.58575,1274.55446,"EVT2","EVT2",0.834508122259033,"EVT2","author","EVT2","author",2.86545550880308,6.54102200461737,-1.06679082669944,-0.210801618333723,-4.44845614547169,-0.893701278373285,-0.109110985271601,NA,6.54102200461737,"vCTB","N3","starmap",0.787007266281737,0.76605253557096,"EVT2"
"W8-2_W8-2_tile_16_cell_1070","W8-2",395,204,"W8-2",8,"tile_W8-2_16","W8-2","8w_2d",4939,8965,701.23922,1272.8507,701.23922,1272.8507,204,395,6,"EVT2",0.548735398915161,8,701.23922,1272.8507,"EVT2","EVT2",0.548735398915161,"EVT2","author","EVT2","author",2.85693208683366,6.48181722682485,-1.07504301206029,-0.23919083994922,-4.49152906953874,-0.907903932968349,-0.107445154264834,NA,6.48181722682485,"vCTB","N3","starmap",0.935204725317581,0.791317037577526,"EVT2"
"W8-2_W8-2_tile_16_cell_1071","W8-2",297,171,"W8-2",8,"tile_W8-2_16","W8-2","8w_2d",4421,8939,627.69358,1269.15922,627.69358,1269.15922,171,297,6,"EVT2",0.687485906218263,8,627.69358,1269.15922,"EVT2","EVT2",0.687485906218263,"EVT2","author","EVT2","author",3.4704345770586,7.29865357076568,-1.06828609021002,-0.201007556468313,-4.54489315689992,-0.900980910317494,-0.105183556954006,NA,7.29865357076568,"vCTB","N3","starmap",1.14311737347347,0.821871579715432,"EVT2"
"W8-2_W8-2_tile_16_cell_1072","W8-2",174,95,"W8-2",8,"tile_W8-2_16","W8-2","8w_2d",4814,8938.5,683.49172,1269.08823,683.49172,1269.08823,95,174,1,"EVT2",0.925775544113919,8,683.49172,1269.08823,"EVT2","EVT2",0.925775544113919,"EVT2","author","EVT2","author",1.09391086242482,3.43115586581264,-1.04512991205775,-0.169206305602284,-3.81662794987193,-0.8473366120091,-0.106951952283878,NA,3.43115586581264,"vCTB","N3","starmap",1.3894310196126,0.854067858445823,"EVT2"
"W8-2_W8-2_tile_16_cell_1076","W8-2",358,179,"W8-2",8,"tile_W8-2_16","W8-2","8w_2d",4575,8907.5,649.5585,1264.68685,649.5585,1264.68685,179,358,6,"EVT2",0.56947586882999,8,649.5585,1264.68685,"EVT2","EVT2",0.56947586882999,"EVT2","author","EVT2","author",6.13306456102194,4.30860404509472,-0.786707656233968,-0.180192595519106,-4.78431948252684,-0.929896364893007,-0.106608217289412,NA,6.13306456102194,"EVT","N3","starmap",4.65174892928655,0.981484859540314,"EVT2"
"W8-2_W8-2_tile_16_cell_1079","W8-2",349,198,"W8-2",8,"tile_W8-2_16","W8-2","8w_2d",4399,8869,624.57002,1259.22062,624.57002,1259.22062,198,349,6,"EVT2",0.531310926061821,8,624.57002,1259.22062,"EVT2","EVT2",0.531310926061821,"EVT2","author","EVT2","author",8.14566412381051,5.02859719688907,-0.574446680863796,-0.026269571354255,-4.89596876803904,-0.921564818392983,-0.0991218203488712,NA,8.14566412381051,"EVT","N1","starmap",5.8045502623979,0.995713243341846,"EVT2"
"W8-2_W8-2_tile_16_cell_1082","W8-2",507,231,"W8-2",8,"tile_W8-2_16","W8-2","8w_2d",4490,8840,637.4902,1255.1032,637.4902,1255.1032,231,507,6,"EVT2",0.710841198833057,8,637.4902,1255.1032,"EVT2","EVT2",0.710841198833057,"EVT2","author","EVT2","author",3.37172354161318,7.44097356202784,-1.07063015344474,-0.154259969577158,-4.49136261599186,-0.897314065669286,-0.105518891834394,NA,7.44097356202784,"vCTB","N3","starmap",1.19971697035154,0.830353885443269,"EVT2"
"W8-2_W8-2_tile_16_cell_1083","W8-2",310,188,"W8-2",8,"tile_W8-2_16","W8-2","8w_2d",5488,8834,779.18624,1254.25132,779.18624,1254.25132,188,310,5,"unknown3",0.466125055735365,8,779.18624,1254.25132,"unknown3","unknown3",0.466125055735365,"unknown3","author","unknown3","author",-2.10888817098844,-2.39386278174014,-0.934215097766923,-0.256593823389585,-3.85284982388145,2.17761790255917,0.689585771755597,NA,2.17761790255917,"Macrophage","N4","starmap",0.898862076687503,0.784750091207588,"unknown3"
"W8-2_W8-2_tile_16_cell_1084","W8-2",426,201,"W8-2",8,"tile_W8-2_16","W8-2","8w_2d",4606,8821,653.95988,1252.40558,653.95988,1252.40558,201,426,6,"EVT2",0.675476084799444,8,653.95988,1252.40558,"EVT2","EVT2",0.675476084799444,"EVT2","author","EVT2","author",5.71274337179455,4.56625604717098,-0.647474312981929,-0.122586101909712,-4.51554179371893,-0.898496658547673,-0.099536633433918,NA,5.71274337179455,"EVT","N3","starmap",4.11755295483757,0.967530098504196,"EVT2"
"W8-2_W8-2_tile_16_cell_1086","W8-2",119,85,"W8-2",8,"tile_W8-2_16","W8-2","8w_2d",4388,8797,623.00824,1248.99806,623.00824,1248.99806,85,119,11,"Hofbauer cells",0.262981650551471,8,623.00824,1248.99806,"Hofbauer cells","Hofbauer cells",0.262981650551471,"Hofbauer cells","author","Hofbauer cells","author",-1.93135525132196,-2.54509472136343,-0.897506649927215,-0.237582249977122,-3.82833845548318,-0.180587795818636,0.150207359695394,NA,0.150207359695394,"NK","N1","starmap",3.16680920949242,0.943998540678584,"Hofbauer cells"
"W8-2_W8-2_tile_16_cell_1095","W8-2",191,97,"W8-2",8,"tile_W8-2_16","W8-2","8w_2d",4670,8765,663.0466,1244.4547,663.0466,1244.4547,97,191,1,"EVT2",0.898305716819537,8,663.0466,1244.4547,"EVT2","EVT2",0.898305716819537,"EVT2","author","EVT2","author",0.733920427628182,2.10073472425617,-1.04478302602744,-0.195237387908462,-3.74121511549477,-0.85884397844097,-0.105673979420394,NA,2.10073472425617,"vCTB","N3","starmap",1.02666073864752,0.80426851514046,"EVT2"
"W8-2_W8-2_tile_16_cell_1101","W8-2",197,113,"W8-2",8,"tile_W8-2_16","W8-2","8w_2d",4614,8706,655.09572,1236.07788,655.09572,1236.07788,113,197,1,"EVT2",0.715265302124494,8,655.09572,1236.07788,"EVT2","EVT2",0.715265302124494,"EVT2","author","EVT2","author",2.47679566865369,2.70541163750413,-0.756344515744184,-0.123622584673307,-4.66653833379247,-0.848660868587245,-0.10027075247184,NA,2.70541163750413,"vCTB","N3","starmap",1.37684667895296,0.852699744618752,"EVT2"
"W8-2_W8-2_tile_16_cell_1117","W8-2",293,189,"W8-2",8,"tile_W8-2_16","W8-2","8w_2d",4156,8617,590.06888,1223.44166,590.06888,1223.44166,189,293,6,"EVT3",0.453776047029947,8,590.06888,1223.44166,"EVT3","EVT3",0.453776047029947,"EVT3","author","EVT3","author",6.59610535325486,4.50087057882868,0.413711030355306,-0.0798608585543583,-4.93537485622466,-0.918107651209972,-0.0984036770963076,NA,6.59610535325486,"EVT","N2","starmap",6.05944975856845,0.997811017876687,"EVT3"
"W8-2_W8-2_tile_16_cell_1118","W8-2",208,111,"W8-2",8,"tile_W8-2_16","W8-2","8w_2d",4623,8609,656.37354,1222.30582,656.37354,1222.30582,111,208,1,"EVT2",0.896644592184123,8,656.37354,1222.30582,"EVT2","EVT2",0.896644592184123,"EVT2","author","EVT2","author",0.843923491582319,4.02519120235873,-0.985529505438253,-0.240687283048795,-4.11888233954265,-0.849900213505524,-0.119729151912946,NA,4.02519120235873,"vCTB","N3","starmap",1.61707632316008,0.877417001094491,"EVT2"
"W8-2_W8-2_tile_16_cell_1127","W8-2",559,238,"W8-2",8,"tile_W8-2_16","W8-2","8w_2d",4679,8556,664.32442,1214.78088,664.32442,1214.78088,238,559,6,"EVT2",0.626964411272173,8,664.32442,1214.78088,"EVT2","EVT2",0.626964411272173,"EVT2","author","EVT2","author",3.32029218388256,7.36876246344075,-1.09074452022971,-0.199120958456735,-4.47769701186898,-0.900188954669413,-0.104002569396487,NA,7.36876246344075,"vCTB","N1","starmap",1.11023024597464,0.816216709230208,"EVT2"
"W8-2_W8-2_tile_16_cell_1144","W8-2",370,150,"W8-2",8,"tile_W8-2_16","W8-2","8w_2d",4507.5,8406,639.97485,1193.48388,639.97485,1193.48388,150,370,1,"EVT2",0.900691797062053,8,639.97485,1193.48388,"EVT2","EVT2",0.900691797062053,"EVT2","author","EVT2","author",1.98865013693194,6.59528442376693,-0.970350165412379,-0.185951172694812,-4.09960521279665,-0.87425770942771,-0.106460539039561,NA,6.59528442376693,"vCTB","N1","starmap",0.855366614405179,0.777271068952937,"EVT2"
"W8-2_W8-2_tile_16_cell_1145","W8-2",115,79,"W8-2",8,"tile_W8-2_16","W8-2","8w_2d",4569,8392,648.70662,1191.49616,648.70662,1191.49616,79,115,1,"EVT2",0.675572385456678,8,648.70662,1191.49616,"EVT2","EVT2",0.675572385456678,"EVT2","author","EVT2","author",3.74365371144532,4.79535652267862,0.798654512312042,-0.0702202308921776,-4.83773700365262,-0.882661101567046,-0.0927411072372743,NA,4.79535652267862,"vCTB","N1","starmap",4.03988650099078,0.965249908792412,"EVT2"
"W8-2_W8-2_tile_16_cell_1151","W8-2",266,120,"W8-2",8,"tile_W8-2_16","W8-2","8w_2d",4419,8381,627.40962,1189.93438,627.40962,1189.93438,120,266,1,"EVT2",0.637458525297559,8,627.40962,1189.93438,"EVT2","EVT2",0.637458525297559,"EVT2","author","EVT2","author",4.77975582432673,3.07859909067405,-0.155954744415889,-0.0839124563378943,-4.90775813113932,-0.878716711331638,-0.0971442733310306,NA,4.77975582432673,"EVT","N1","starmap",4.18377441249121,0.969080627508209,"EVT2"
"W8-2_W8-2_tile_16_cell_1154","W8-2",352,182,"W8-2",8,"tile_W8-2_16","W8-2","8w_2d",4730,8381.5,671.5654,1190.00537,671.5654,1190.00537,182,352,6,"EVT2",0.638044553466692,8,671.5654,1190.00537,"EVT2","EVT2",0.638044553466692,"EVT2","author","EVT2","author",4.53041024164769,3.5060363016537,-0.575161843704495,-0.0893642192916771,-4.73047658789061,-0.870734707115706,-0.0991443516150492,NA,4.53041024164769,"EVT","N1","starmap",3.02338851532186,0.940897482670558,"EVT2"
"W8-2_W8-2_tile_16_cell_1155","W8-2",137,93,"W8-2",8,"tile_W8-2_16","W8-2","8w_2d",4979,8350,706.91842,1185.533,706.91842,1185.533,93,137,1,"EVT2",0.899121856825583,8,706.91842,1185.533,"EVT2","EVT2",0.899121856825583,"EVT2","author","EVT2","author",-0.0503882011474959,1.9967475159922,-1.07895184560062,-0.205171043164173,-4.02676703668311,-0.841889191428212,-0.116834963533578,NA,1.9967475159922,"vCTB","N3","starmap",0.898860643088554,0.784658883619117,"EVT2"
"W8-2_W8-2_tile_16_cell_1158","W8-2",247,138,"W8-2",8,"tile_W8-2_16","W8-2","8w_2d",4651,8358,660.34898,1186.66884,660.34898,1186.66884,138,247,6,"EVT2",0.610621921287108,8,660.34898,1186.66884,"EVT2","EVT2",0.610621921287108,"EVT2","author","EVT2","author",5.40505169141963,3.44383319986318,-0.383183909316042,-0.103569245879142,-4.8647127148796,-0.923199187077749,-0.0999340854398162,NA,5.40505169141963,"EVT","N1","starmap",4.36984137494964,0.976377234585918,"EVT2"
"W8-2_W8-2_tile_16_cell_1159","W8-2",237,126,"W8-2",8,"tile_W8-2_16","W8-2","8w_2d",4780,8319,678.6644,1181.13162,678.6644,1181.13162,126,237,6,"EVT2",0.874754707833205,8,678.6644,1181.13162,"EVT2","EVT2",0.874754707833205,"EVT2","author","EVT2","author",1.27370809974447,2.40220564344525,-1.00761256391116,-0.222362490393227,-3.1369070107266,-0.866747667787615,-0.102543788125167,NA,2.40220564344525,"vCTB","N3","starmap",1.40611881591733,0.856165632980664,"EVT2"
"W8-2_W8-2_tile_16_cell_1163","W8-2",186,116,"W8-2",8,"tile_W8-2_16","W8-2","8w_2d",5040.5,8325,715.65019,1181.9835,715.65019,1181.9835,116,186,1,"EVT2",0.847963531018536,8,715.65019,1181.9835,"EVT2","EVT2",0.847963531018536,"EVT2","author","EVT2","author",2.30366975576002,4.63272846583443,-0.985024169614324,-0.197934174684804,-4.21154833391368,-0.849409710767827,-0.107928768941288,NA,4.63272846583443,"vCTB","N3","starmap",1.04037648805969,0.806639912440715,"EVT2"
"W8-2_W8-2_tile_16_cell_1166","W8-2",96,65,"W8-2",8,"tile_W8-2_16","W8-2","8w_2d",4412,8299.5,626.41576,1178.36301,626.41576,1178.36301,65,96,1,"EVT2",0.772761755124077,8,626.41576,1178.36301,"EVT2","EVT2",0.772761755124077,"EVT2","author","EVT2","author",1.35599522018097,1.7078857557638,-0.853502011811011,-0.144750856058303,-4.09338248223957,-0.746667847585089,-0.103004570134096,NA,1.7078857557638,"vCTB","N1","starmap",0.929019916091894,0.789857716161985,"EVT2"
"W8-2_W8-2_tile_16_cell_1168","W8-2",280,172,"W8-2",8,"tile_W8-2_16","W8-2","8w_2d",4223,8282.5,599.58154,1175.94935,599.58154,1175.94935,172,280,6,"EVT2",0.457935437187433,8,599.58154,1175.94935,"EVT2","EVT2",0.457935437187433,"EVT2","author","EVT2","author",2.72565479661349,2.69638223057373,-0.722338344297229,-0.183869341421317,-4.55882338162984,-0.87389262746181,-0.105248249386322,NA,2.72565479661349,"EVT","N2","starmap",2.02484482156776,0.906877052170741,"EVT2"
"W8-2_W8-2_tile_16_cell_1170","W8-2",258,131,"W8-2",8,"tile_W8-2_16","W8-2","8w_2d",4331.5,8248,614.98637,1171.05104,614.98637,1171.05104,131,258,1,"EVT2",0.815573626898984,8,614.98637,1171.05104,"EVT2","EVT2",0.815573626898984,"EVT2","author","EVT2","author",3.29208566075293,3.87312860298963,-0.81873092494462,-0.176440283582276,-4.49323327562468,-0.870032723161626,-0.102088484878263,NA,3.87312860298963,"vCTB","N1","starmap",2.28915125211522,0.921196643560744,"EVT2"
"W8-2_W8-2_tile_16_cell_1172","W8-2",91,76,"W8-2",8,"tile_W8-2_16","W8-2","8w_2d",4030,8250,572.1794,1171.335,572.1794,1171.335,76,91,11,"Hofbauer cells",0.367546093061313,8,572.1794,1171.335,"Hofbauer cells","Hofbauer cells",0.367546093061313,"Hofbauer cells","author","Hofbauer cells","author",-1.65561467468161,-2.09688776301789,-0.87961820667196,-0.253442348288297,-3.52538470355911,-0.318062446834116,-0.0143234015148118,NA,-0.0143234015148118,"NK","N5","starmap",2.33826057489054,0.923568040861,"Hofbauer cells"
"W8-2_W8-2_tile_16_cell_1179","W8-2",299,153,"W8-2",8,"tile_W8-2_16","W8-2","8w_2d",4458,8171,632.94684,1160.11858,632.94684,1160.11858,153,299,6,"EVT2",0.748127066678232,8,632.94684,1160.11858,"EVT2","EVT2",0.748127066678232,"EVT2","author","EVT2","author",7.6166750882426,4.52211625695034,-0.758492568652454,-0.0911676781352728,-4.7707031331199,-0.940084715044529,-0.099697406878844,NA,7.6166750882426,"EVT","N1","starmap",5.81876735264534,0.995895658518789,"EVT2"
"W8-2_W8-2_tile_16_cell_1196","W8-2",242,154,"W8-2",8,"tile_W8-2_16","W8-2","8w_2d",4488,8067,637.20624,1145.35266,637.20624,1145.35266,154,242,11,"EVT3",0.529606482036017,8,637.20624,1145.35266,"EVT3","EVT3",0.529606482036017,"EVT3","author","EVT3","author",5.24258284309628,4.99396167799969,0.869365947210847,-0.0611282297123914,-4.8745584407744,-0.816908159020489,-0.0889391445800703,NA,5.24258284309628,"EVT","N1","starmap",5.60670335055317,0.993433053630062,"EVT3"
"W8-2_W8-2_tile_16_cell_1201","W8-2",296,140,"W8-2",8,"tile_W8-2_16","W8-2","8w_2d",4718,8051,669.86164,1143.08098,669.86164,1143.08098,140,296,6,"EVT2",0.91339124835196,8,669.86164,1143.08098,"EVT2","EVT2",0.91339124835196,"EVT2","author","EVT2","author",1.14331966468948,5.4676640026896,-1.01810198385086,-0.247815167310741,-4.26734835591111,-0.876971378743585,-0.113626289805792,NA,5.4676640026896,"vCTB","N3","starmap",0.737107739685499,0.757479022254652,"EVT2"
"W8-2_W8-2_tile_16_cell_1215","W8-2",478,249,"W8-2",8,"tile_W8-2_16","W8-2","8w_2d",4754,7904.5,674.97292,1122.28091,674.97292,1122.28091,249,478,6,"EVT2",0.409688491670631,8,674.97292,1122.28091,"EVT2","EVT2",0.409688491670631,"EVT2","author","EVT2","author",2.11798676170882,4.42884967592837,-1.05387915641294,-0.211460203545743,-3.66542355353996,-0.867187065508016,-0.109161471431431,NA,4.42884967592837,"vCTB","N3","starmap",1.16731614534549,0.825884713608172,"EVT2"
"W8-2_W8-2_tile_16_cell_1221","W8-2",257,161,"W8-2",8,"tile_W8-2_16","W8-2","8w_2d",4819,7787,684.20162,1105.59826,684.20162,1105.59826,161,257,6,"EVT2",0.878664853799097,8,684.20162,1105.59826,"EVT2","EVT2",0.878664853799097,"EVT2","author","EVT2","author",2.73260261515802,5.52628209533474,-1.04021869239669,-0.237947297750481,-4.52372908596717,-0.886006166998296,-0.109039235911924,NA,5.52628209533474,"vCTB","N1","starmap",1.64645505854451,0.879241152863918,"EVT2"
"W8-2_W8-2_tile_16_cell_1224","W8-2",977,379,"W8-2",8,"tile_W8-2_16","W8-2","8w_2d",4977,7776,706.63446,1104.03648,706.63446,1104.03648,379,977,6,"unknown3",0.311029380205971,8,706.63446,1104.03648,"unknown3","unknown3",0.311029380205971,"unknown3","author","unknown3","author",1.13220485879684,3.9486405768863,-1.03035343245475,-0.189584724877367,-3.84312553807428,-0.851923128324299,-0.10842351552348,NA,3.9486405768863,"vCTB","N3","starmap",1.08564246265786,0.812477198102882,"unknown3"
"W8-2_W8-2_tile_16_cell_138","W8-2",282,119,"W8-2",8,"tile_W8-2_16","W8-2","8w_2d",4455,8317,632.5209,1180.84766,632.5209,1180.84766,119,282,1,"EVT2",0.853797982208656,8,632.5209,1180.84766,"EVT2","EVT2",0.853797982208656,"EVT2","author","EVT2","author",1.69957968965893,1.79284230156529,-0.796370253823695,-0.158433349383751,-4.42660161032881,-0.831615878866627,-0.101441544325098,NA,1.79284230156529,"vCTB","N1","starmap",1.03611514958413,0.805910251732944,"EVT2"
"W8-2_W8-2_tile_16_cell_179","W8-2",528,242,"W8-2",8,"tile_W8-2_16","W8-2","8w_2d",4306.5,8382,611.43687,1190.07636,611.43687,1190.07636,242,528,6,"EVT2",0.501329594538802,8,611.43687,1190.07636,"EVT2","EVT2",0.501329594538802,"EVT2","author","EVT2","author",4.39177753283429,4.91615397353486,-0.924055766961944,-0.19925673180214,-4.71678266256342,-0.890413907601368,-0.104925393501183,NA,4.91615397353486,"vCTB","N1","starmap",2.68680385078396,0.933236045238964,"EVT2"
"W8-2_W8-2_tile_16_cell_245","W8-2",205,130,"W8-2",8,"tile_W8-2_16","W8-2","8w_2d",4571,8030,648.99058,1140.0994,648.99058,1140.0994,130,205,1,"EVT2",0.739368681893008,8,648.99058,1140.0994,"EVT2","EVT2",0.739368681893008,"EVT2","author","EVT2","author",4.4279340630823,2.77466176751407,-0.800841353236522,-0.206949972342823,-4.44935121411101,-0.839586952930826,-0.111271840184406,NA,4.4279340630823,"EVT","N1","starmap",3.71450125593532,0.950565487048522,"EVT2"
"W8-2_W8-2_tile_16_cell_341","W8-2",249,129,"W8-2",8,"tile_W8-2_16","W8-2","8w_2d",4522,8225,642.03356,1167.7855,642.03356,1167.7855,129,249,1,"EVT2",0.71242762985759,8,642.03356,1167.7855,"EVT2","EVT2",0.71242762985759,"EVT2","author","EVT2","author",-0.00673287610534823,1.60680701397799,-1.06998208019733,-0.210869969336409,-3.98984727203354,-0.857878613498987,-0.115380755417064,NA,1.60680701397799,"vCTB","N1","starmap",0.774843138283678,0.764228383801532,"EVT2"
"W8-2_W8-2_tile_16_cell_352","W8-2",449,198,"W8-2",8,"tile_W8-2_16","W8-2","8w_2d",4588,8278,651.40424,1175.31044,651.40424,1175.31044,198,449,6,"EVT2",0.746655514620724,8,651.40424,1175.31044,"EVT2","EVT2",0.746655514620724,"EVT2","author","EVT2","author",1.56733580271144,5.34001174344797,-0.99360436442032,-0.175239451793319,-4.12247455883806,-0.897899133673261,-0.111969365373832,NA,5.34001174344797,"vCTB","N3","starmap",0.748875796652356,0.759485589201021,"EVT2"
"W8-2_W8-2_tile_16_cell_366","W8-2",111,74,"W8-2",8,"tile_W8-2_16","W8-2","8w_2d",4876,7877,692.29448,1118.37646,692.29448,1118.37646,74,111,1,"EVT2",0.73370166371862,8,692.29448,1118.37646,"EVT2","EVT2",0.73370166371862,"EVT2","author","EVT2","author",1.35760922900368,1.65262595112061,-0.84461018416436,-0.135028563364016,-4.24683951776676,-0.768360500166083,-0.104978244931658,NA,1.65262595112061,"vCTB","N3","starmap",0.848791490870077,0.775902955125866,"EVT2"
"W8-2_W8-2_tile_16_cell_477","W8-2",671,253,"W8-2",8,"tile_W8-2_16","W8-2","8w_2d",4538,8617,644.30524,1223.44166,644.30524,1223.44166,253,671,6,"EVT2",0.775580962638977,8,644.30524,1223.44166,"EVT2","EVT2",0.775580962638977,"EVT2","author","EVT2","author",3.90732802973615,5.53124442349972,-1.11691254550224,-0.188337675899285,-4.59966616203244,-0.899655451638866,-0.10422067322305,NA,5.53124442349972,"vCTB","N1","starmap",1.61052729201081,0.876413717621306,"EVT2"
"W8-2_W8-2_tile_16_cell_539","W8-2",294,195,"W8-2",8,"tile_W8-2_16","W8-2","8w_2d",4806,7463.5,682.35588,1059.66773,682.35588,1059.66773,195,294,10,"STB",0.36680818917804,8,682.35588,1059.66773,"STB","STB",0.36680818917804,"STB","author","STB","author",-0.711915128664498,-2.2252776891131,-0.970970778157248,-0.198006762641508,34.276523126421,-0.332745938516354,-0.112877998385948,NA,34.276523126421,"Fibroblast","N5","starmap",0.764103030393594,0.76203940167822,"STB"
"W8-2_W8-2_tile_16_cell_612","W8-2",612,243,"W8-2",8,"tile_W8-2_16","W8-2","8w_2d",4893,8103,694.70814,1150.46394,694.70814,1150.46394,243,612,6,"EVT2",0.652498916122967,8,694.70814,1150.46394,"EVT2","EVT2",0.652498916122967,"EVT2","author","EVT2","author",3.05871046536337,6.9046154655103,-1.06717541390184,-0.22716107730796,-4.47542103734224,-0.917470080511984,-0.102630386195398,NA,6.9046154655103,"vCTB","N3","starmap",0.760148143553113,0.761583363735863,"EVT2"
"W8-2_W8-2_tile_16_cell_630","W8-2",988,354,"W8-2",8,"tile_W8-2_16","W8-2","8w_2d",5020.5,8094,712.81059,1149.18612,712.81059,1149.18612,354,988,6,"EVT2",0.310895561434455,8,712.81059,1149.18612,"EVT2","EVT2",0.310895561434455,"EVT2","author","EVT2","author",1.26113528651714,3.9817601126037,-1.04100906287958,-0.155690200363303,-3.86224815580395,-0.839659244291703,-0.103129186500464,NA,3.9817601126037,"vCTB","N3","starmap",1.22512203373009,0.834184604159066,"EVT2"
"W8-2_W8-2_tile_16_cell_632","W8-2",253,132,"W8-2",8,"tile_W8-2_16","W8-2","8w_2d",4423,8454,627.97754,1200.29892,627.97754,1200.29892,132,253,6,"EVT2",0.916482519514454,8,627.97754,1200.29892,"EVT2","EVT2",0.916482519514454,"EVT2","author","EVT2","author",2.466374821354,5.58434312021571,-1.02385909160031,-0.209108735183151,-4.21863262038685,-0.885446136294671,-0.106089379200769,NA,5.58434312021571,"vCTB","N1","starmap",0.890249258962455,0.78283473184969,"EVT2"
"W8-2_W8-2_tile_16_cell_652","W8-2",244,148,"W8-2",8,"tile_W8-2_16","W8-2","8w_2d",4591,9125,651.83018,1295.5675,651.83018,1295.5675,148,244,1,"EVT2",0.802421389676389,8,651.83018,1295.5675,"EVT2","EVT2",0.802421389676389,"EVT2","author","EVT2","author",4.58345424234944,7.25099625511094,-1.16010591292936,-0.198085394564294,-4.69859928648171,-0.912230709506913,-0.102475784133397,NA,7.25099625511094,"vCTB","N3","starmap",2.03417634034353,0.907150674936155,"EVT2"
"W8-2_W8-2_tile_16_cell_694","W8-2",185,114,"W8-2",8,"tile_W8-2_16","W8-2","8w_2d",4868,9155,691.15864,1299.8269,691.15864,1299.8269,114,185,1,"EVT2",0.695904065511417,8,691.15864,1299.8269,"EVT2","EVT2",0.695904065511417,"EVT2","author","EVT2","author",1.571847034453,1.62194917616743,-0.86712064393243,-0.113644818765308,-3.96983861119866,-0.766375640119822,-0.10342921831913,NA,1.62194917616743,"vCTB","N3","starmap",0.864990768428479,0.77882159795695,"EVT2"
"W8-2_W8-2_tile_16_cell_746","W8-2",320,154,"W8-2",8,"tile_W8-2_16","W8-2","8w_2d",4768,8110,676.96064,1151.4578,676.96064,1151.4578,154,320,6,"EVT2",0.842039597123292,8,676.96064,1151.4578,"EVT2","EVT2",0.842039597123292,"EVT2","author","EVT2","author",4.65685862825415,5.8089921018726,-1.0557588553322,-0.191479687624489,-4.63265613281976,-0.919038138465972,-0.103229992885229,NA,5.8089921018726,"vCTB","N3","starmap",2.90387350054783,0.938161255016417,"EVT2"
"W8-2_W8-2_tile_16_cell_847","W8-2",404,179,"W8-2",8,"tile_W8-2_16","W8-2","8w_2d",4602,8116,653.39196,1152.30968,653.39196,1152.30968,179,404,6,"EVT2",0.756936315672156,8,653.39196,1152.30968,"EVT2","EVT2",0.756936315672156,"EVT2","author","EVT2","author",4.40981720015214,5.3367732020424,-1.04974949769556,-0.204721222724952,-4.58212778097002,-0.912829771620257,-0.103534214302476,NA,5.3367732020424,"vCTB","N1","starmap",2.90022192417128,0.938070047427946,"EVT2"
"W8-2_W8-2_tile_16_cell_909","W8-2",200,107,"W8-2",8,"tile_W8-2_16","W8-2","8w_2d",4540,8335,644.5892,1183.4033,644.5892,1183.4033,107,200,1,"EVT2",0.76701209057199,8,644.5892,1183.4033,"EVT2","EVT2",0.76701209057199,"EVT2","author","EVT2","author",1.56870310759539,1.68529355740447,-0.891870647831195,-0.125131606083961,-4.07021544855906,-0.73234371540913,-0.103017312343018,NA,1.68529355740447,"vCTB","N1","starmap",0.830192379224564,0.772619481940897,"EVT2"
"W8-2_W8-2_tile_17_cell_115","W8-2",288,194,"W8-2",8,"tile_W8-2_17","W8-2","8w_2d",5723.5,8581,812.62253,1218.33038,812.62253,1218.33038,194,288,5,"unknown3",0.398431798113354,8,812.62253,1218.33038,"unknown3","unknown3",0.398431798113354,"unknown3","author","unknown3","author",-0.703973844636046,-2.42327648166543,-0.980353893699361,-0.238540205806124,34.2750907301206,-0.620003556364522,-0.0796732893672294,NA,34.2750907301206,"Fibroblast","N4","starmap",1.34502813234939,0.848412987960598,"unknown3"
"W8-2_W8-2_tile_17_cell_335","W8-2",195,147,"W8-2",8,"tile_W8-2_17","W8-2","8w_2d",5585,8563,792.9583,1215.77474,792.9583,1215.77474,147,195,5,"Hofbauer cells",0.197299826687352,8,792.9583,1215.77474,"Hofbauer cells","Hofbauer cells",0.197299826687352,"Hofbauer cells","author","Hofbauer cells","author",-1.87272236204309,-2.36504084960991,-0.889898578843002,-0.245353873851724,-3.77131667161194,-0.193632812353368,0.0353079874984893,NA,0.0353079874984893,"NK","N4","starmap",2.25379132473238,0.919281284202846,"Hofbauer cells"
"W8-2_W8-2_tile_17_cell_678","W8-2",347,211,"W8-2",8,"tile_W8-2_17","W8-2","8w_2d",6559,9158,931.24682,1300.25284,931.24682,1300.25284,211,347,5,"unknown3",0.45456312934553,8,931.24682,1300.25284,"unknown3","unknown3",0.45456312934553,"unknown3","author","unknown3","author",-2.0027393144514,-2.47524958270622,-0.933790304899875,-0.249793064490392,-3.85650074564488,1.99871379237662,0.622999267570357,NA,1.99871379237662,"Macrophage","N4","starmap",0.826684442792245,0.772345859175483,"unknown3"
"W8-2_W8-2_tile_17_cell_770","W8-2",254,126,"W8-2",8,"tile_W8-2_17","W8-2","8w_2d",5909.5,8390,839.03081,1191.2122,839.03081,1191.2122,126,254,10,"STB",0.580492296321778,8,839.03081,1191.2122,"STB","STB",0.580492296321778,"STB","author","STB","author",-1.83499240695181,0.854316834619841,11.196692737199,-0.214100341512377,-4.09562109371856,-0.792605206020868,-0.143777728230875,NA,11.196692737199,"STB","N4","starmap",0.883064360820218,0.782013863553448,"STB"
"W8-2_W8-2_tile_17_cell_782","W8-2",222,133,"W8-2",8,"tile_W8-2_17","W8-2","8w_2d",6896,8317,979.09408,1180.84766,979.09408,1180.84766,133,222,9,"Hofbauer cells",0.590154578518281,8,979.09408,1180.84766,"Hofbauer cells","Hofbauer cells",0.590154578518281,"Hofbauer cells","author","Hofbauer cells","author",-2.06187809064072,-2.4544795538502,-0.936253001633809,-0.258255356806916,-3.80325977060727,2.48531050521213,0.705468074904022,NA,2.48531050521213,"Macrophage","N5","starmap",0.946837454351712,0.793688434877782,"Hofbauer cells"
"W8-2_W8-2_tile_17_cell_804","W8-2",142,76,"W8-2",8,"tile_W8-2_17","W8-2","8w_2d",6188.5,8183,878.64323,1161.82234,878.64323,1161.82234,76,142,2,"STB",0.329249740025919,8,878.64323,1161.82234,"STB","STB",0.329249740025919,"STB","author","STB","author",2.56804472230017,5.64309403188622,0.537302157448731,0.0284496443926833,-5.06249453213169,-0.836266700940329,-0.0857897771238054,NA,5.64309403188622,"vCTB","N2","starmap",3.8980429249628,0.95777088653776,"STB"
"W8-2_W8-2_tile_17_cell_875","W8-2",217,163,"W8-2",8,"tile_W8-2_17","W8-2","8w_2d",6684,7586,948.99432,1077.06028,948.99432,1077.06028,163,217,5,"Fibroblast2",0.361874301195921,8,948.99432,1077.06028,"Fibroblast2","Fibroblast2",0.361874301195921,"Fibroblast2","author","Fibroblast2","author",-1.17552434113821,-2.26399052922857,-1.01501477740653,-0.275183048568561,32.6910250873433,0.0906296937961104,-0.10730733128128,NA,32.6910250873433,"Fibroblast","N4","starmap",0.993662736753477,0.798978475009121,"Fibroblast2"
"W8-2_W8-2_tile_17_cell_89","W8-2",133,111,"W8-2",8,"tile_W8-2_17","W8-2","8w_2d",6683,7527,948.85234,1068.68346,948.85234,1068.68346,111,133,0,"Fibroblast2",0.270907705671108,8,948.85234,1068.68346,"Fibroblast2","Fibroblast2",0.270907705671108,"Fibroblast2","author","Fibroblast2","author",-0.886814727780963,-2.48784698194461,-0.98951030806942,-0.265441938196676,24.9019325497216,-0.454196805482661,-0.131631564723309,NA,24.9019325497216,"Fibroblast","N4","starmap",1.4852813765518,0.864374315943086,"Fibroblast2"
"W8-2_W8-2_tile_18_cell_1001","W8-2",202,106,"W8-2",8,"tile_W8-2_18","W8-2","8w_2d",7840.5,7977,1113.19419,1132.57446,1113.19419,1132.57446,106,202,11,"EVT2",0.574427754806065,8,1113.19419,1132.57446,"EVT2","EVT2",0.574427754806065,"EVT2","author","EVT2","author",3.80821903068599,3.21733251444106,-0.583695998623545,-0.0750841309053143,-4.66081140009712,-0.846216368704575,-0.100434486200889,NA,3.80821903068599,"EVT","N5","starmap",2.95575245734625,0.938617292958774,"EVT2"
"W8-2_W8-2_tile_18_cell_1022","W8-2",155,118,"W8-2",8,"tile_W8-2_18","W8-2","8w_2d",7845,7673,1113.8331,1089.41254,1113.8331,1089.41254,118,155,0,"vCTB2",0.336057438139646,8,1113.8331,1089.41254,"vCTB2","vCTB2",0.336057438139646,"vCTB2","author","vCTB2","author",2.55988940963422,5.66867319612257,0.488606523691532,0.0722409246364093,-5.00578495401807,-0.843059888612725,-0.0876888845378115,NA,5.66867319612257,"vCTB","N6","starmap",4.54069277460338,0.979295877417001,"vCTB2"
"W8-2_W8-2_tile_18_cell_409","W8-2",198,120,"W8-2",8,"tile_W8-2_18","W8-2","8w_2d",7804,8966.5,1108.01192,1273.06367,1108.01192,1273.06367,120,198,10,"STB",0.537603152459308,8,1108.01192,1273.06367,"STB","STB",0.537603152459308,"STB","author","STB","author",-1.3872180560715,7.86236518494092,12.268789410427,-0.186052287711323,-4.09236096524924,-0.826503239052305,-0.137940794402186,NA,12.268789410427,"STB","N6","starmap",1.24396225761982,0.83646479387085,"STB"
"W8-2_W8-2_tile_18_cell_957","W8-2",118,78,"W8-2",8,"tile_W8-2_18","W8-2","8w_2d",7732,9186.5,1097.78936,1304.29927,1097.78936,1304.29927,78,118,9,"Hofbauer cells",0.802866233644359,8,1097.78936,1304.29927,"Hofbauer cells","Hofbauer cells",0.802866233644359,"Hofbauer cells","author","Hofbauer cells","author",-2.10304803952188,-2.44969687291702,-0.931549142153296,-0.274178370420032,-3.76980439278703,2.46339676432836,0.638221132689774,NA,2.46339676432836,"Macrophage","N4","starmap",0.985090263173183,0.798431229478293,"Hofbauer cells"
"W8-2_W8-2_tile_19_cell_1026","W8-2",111,78,"W8-2",8,"tile_W8-2_19","W8-2","8w_2d",9261,6712,1314.87678,952.96976,1314.87678,952.96976,78,111,4,"Fibroblast2",0.338858832227058,8,1314.87678,952.96976,"Fibroblast2","Fibroblast2",0.338858832227058,"Fibroblast2","author","Fibroblast2","author",-0.717521190498913,-2.54661083380865,-0.985042269208678,-0.277805053398516,26.0247128670863,-0.554783733192928,-0.125031422394891,NA,26.0247128670863,"Fibroblast","N5","starmap",1.50569615543223,0.866107260124042,"Fibroblast2"
"W8-2_W8-2_tile_19_cell_1187","W8-2",364,163,"W8-2",8,"tile_W8-2_19","W8-2","8w_2d",10030,5769,1424.0594,819.08262,1424.0594,819.08262,163,364,6,"EVT3",0.501843665421715,8,1424.0594,819.08262,"EVT3","EVT3",0.501843665421715,"EVT3","author","EVT3","author",6.07110398845501,3.55809053685492,-0.290991532126784,-0.0768278212348597,-4.96057265870173,-0.906519804211222,-0.0986363075267012,NA,6.07110398845501,"EVT","N1","starmap",5.18259561145519,0.989602334914265,"EVT3"
"W8-2_W8-2_tile_19_cell_1208","W8-2",254,161,"W8-2",8,"tile_W8-2_19","W8-2","8w_2d",9579,6774.5,1360.02642,961.84351,1360.02642,961.84351,161,254,10,"STB",0.580911435784939,8,1360.02642,961.84351,"STB","STB",0.580911435784939,"STB","author","STB","author",-1.83069671077118,1.15078002724456,11.6659015949091,-0.218859362335111,-4.19427820623242,-0.833016474431296,-0.153306878261725,NA,11.6659015949091,"STB","N6","starmap",1.2020811155851,0.830901130974097,"STB"
"W8-2_W8-2_tile_19_cell_1242","W8-2",509,224,"W8-2",8,"tile_W8-2_19","W8-2","8w_2d",9287,6216,1318.56826,882.54768,1318.56826,882.54768,224,509,3,"Fibroblast2",0.937369340658075,8,1318.56826,882.54768,"Fibroblast2","Fibroblast2",0.937369340658075,"Fibroblast2","author","Fibroblast2","author",-1.24307733174374,-2.53714445602438,-1.09794827557274,-0.231208762925425,33.6236931052039,-0.290459733254222,-0.122627972312902,NA,33.6236931052039,"Fibroblast","N5","starmap",1.02242604291444,0.803721269609632,"Fibroblast2"
"W8-2_W8-2_tile_19_cell_1277","W8-2",323,154,"W8-2",8,"tile_W8-2_19","W8-2","8w_2d",10171,5912,1444.07858,839.38576,1444.07858,839.38576,154,323,6,"EVT2",0.899700007944761,8,1444.07858,839.38576,"EVT2","EVT2",0.899700007944761,"EVT2","author","EVT2","author",2.87406190246121,6.66466243078833,-1.01344387132754,-0.160624858127343,-4.40981390784213,-0.897461861112132,-0.101424526312526,NA,6.66466243078833,"vCTB","N1","starmap",1.07424771277577,0.811382707041226,"EVT2"
"W8-2_W8-2_tile_19_cell_1294","W8-2",425,195,"W8-2",8,"tile_W8-2_19","W8-2","8w_2d",10157,5790,1442.09086,822.0642,1442.09086,822.0642,195,425,6,"EVT3",0.470867798614963,8,1442.09086,822.0642,"EVT3","EVT3",0.470867798614963,"EVT3","author","EVT3","author",7.00125295315218,4.300624929869,-0.391583692234845,-0.0589847666005757,-4.8184535082955,-0.927904546419627,-0.101025049333921,NA,7.00125295315218,"EVT","N1","starmap",5.51838091762693,0.992703392922291,"EVT3"
"W8-2_W8-2_tile_19_cell_1297","W8-2",293,148,"W8-2",8,"tile_W8-2_19","W8-2","8w_2d",9907,5762,1406.59586,818.08876,1406.59586,818.08876,148,293,6,"EVT2",0.907101384864745,8,1406.59586,818.08876,"EVT2","EVT2",0.907101384864745,"EVT2","author","EVT2","author",1.55264772917119,4.41177637920568,-1.03906434737174,-0.176984952073364,-3.78906161625904,-0.855066826922372,-0.104727116825329,NA,4.41177637920568,"vCTB","N1","starmap",1.26941551067555,0.839292229113462,"EVT2"
"W8-2_W8-2_tile_19_cell_1299","W8-2",202,130,"W8-2",8,"tile_W8-2_19","W8-2","8w_2d",10514.5,5766.5,1492.84871,818.72767,1492.84871,818.72767,130,202,6,"EVT2",0.856820019936554,8,1492.84871,818.72767,"EVT2","EVT2",0.856820019936554,"EVT2","author","EVT2","author",5.08846947426396,4.5303720239735,-0.933337926405962,-0.181966876810439,-4.80176707953044,-0.889953498437142,-0.106008763298464,NA,5.08846947426396,"EVT","N2","starmap",3.85466120134861,0.955125866472091,"EVT2"
"W8-2_W8-2_tile_19_cell_1316","W8-2",199,120,"W8-2",8,"tile_W8-2_19","W8-2","8w_2d",10621,5684,1507.96958,807.01432,1507.96958,807.01432,120,199,6,"EVT2",0.83743047258865,8,1507.96958,807.01432,"EVT2","EVT2",0.83743047258865,"EVT2","author","EVT2","author",4.08513537106771,3.75720756072618,-0.6902431692,-0.184733706433912,-4.53786631839303,-0.864565972737238,-0.105132661558477,NA,4.08513537106771,"EVT","N5","starmap",2.99782481334741,0.939711784020431,"EVT2"
"W8-2_W8-2_tile_19_cell_1317","W8-2",279,147,"W8-2",8,"tile_W8-2_19","W8-2","8w_2d",10310,5662,1463.8138,803.89076,1463.8138,803.89076,147,279,6,"EVT2",0.655029818322402,8,1463.8138,803.89076,"EVT2","EVT2",0.655029818322402,"EVT2","author","EVT2","author",7.48278435669592,4.54954455758062,-0.600672036555168,-0.111909991789953,-4.84541387394172,-0.947293610262983,-0.0984105197981611,NA,7.48278435669592,"EVT","N1","starmap",5.76596060471533,0.994892375045604,"EVT2"
"W8-2_W8-2_tile_19_cell_1319","W8-2",192,104,"W8-2",8,"tile_W8-2_19","W8-2","8w_2d",10198,5670,1447.91204,805.0266,1447.91204,805.0266,104,192,6,"EVT2",0.928576273645239,8,1447.91204,805.0266,"EVT2","EVT2",0.928576273645239,"EVT2","author","EVT2","author",1.27283415701268,6.90766699597162,-1.02684078078512,-0.230526669874726,-4.31897052991931,-0.88638890615056,-0.106326777656768,NA,6.90766699597162,"vCTB","N2","starmap",0.793275332172284,0.767238234221087,"EVT2"
"W8-2_W8-2_tile_19_cell_1324","W8-2",192,110,"W8-2",8,"tile_W8-2_19","W8-2","8w_2d",10058,5634.5,1428.03484,799.98631,1428.03484,799.98631,110,192,6,"EVT2",0.95810771706292,8,1428.03484,799.98631,"EVT2","EVT2",0.95810771706292,"EVT2","author","EVT2","author",1.09684671362095,7.16224885646548,-1.02789131592018,-0.215098479463297,-4.30013240357155,-0.872566837292058,-0.103723879757135,NA,7.16224885646548,"vCTB","N2","starmap",0.931376207070144,0.790404961692813,"EVT2"
"W8-2_W8-2_tile_19_cell_1329","W8-2",224,130,"W8-2",8,"tile_W8-2_19","W8-2","8w_2d",10137.5,5598,1439.32225,794.80404,1439.32225,794.80404,130,224,6,"EVT2",0.6776893203028,8,1439.32225,794.80404,"EVT2","EVT2",0.6776893203028,"EVT2","author","EVT2","author",5.53594514973962,4.21036340359703,-0.634074550713374,-0.095245828250737,-4.62751801797928,-0.892891855407662,-0.0977086272675453,NA,5.53594514973962,"EVT","N2","starmap",4.01752547955987,0.963881794965341,"EVT2"
"W8-2_W8-2_tile_19_cell_1334","W8-2",190,114,"W8-2",8,"tile_W8-2_19","W8-2","8w_2d",9985,5585,1417.6703,792.9583,1417.6703,792.9583,114,190,6,"EVT2",0.760788295056693,8,1417.6703,792.9583,"EVT2","EVT2",0.760788295056693,"EVT2","author","EVT2","author",2.41981797147814,2.6066139637472,-0.771702624246275,-0.12183809378452,-4.65332290318238,-0.847751396162611,-0.101727745497243,NA,2.6066139637472,"vCTB","N2","starmap",1.3620332480429,0.851149215614739,"EVT2"
"W8-2_W8-2_tile_19_cell_1337","W8-2",177,102,"W8-2",8,"tile_W8-2_19","W8-2","8w_2d",10235,5584,1453.1653,792.81632,1453.1653,792.81632,102,177,1,"EVT2",0.761127350135125,8,1453.1653,792.81632,"EVT2","EVT2",0.761127350135125,"EVT2","author","EVT2","author",4.14800089909278,2.89249223577453,-0.66707490528427,-0.0799593320127349,-4.75262804477572,-0.877685955488725,-0.101602920567822,NA,4.14800089909278,"EVT","N2","starmap",3.02205357688234,0.940806275082087,"EVT2"
"W8-2_W8-2_tile_19_cell_613","W8-2",437,233,"W8-2",8,"tile_W8-2_19","W8-2","8w_2d",9377,6517,1331.34646,925.28366,1331.34646,925.28366,233,437,9,"Hofbauer cells",0.551132268527282,8,1331.34646,925.28366,"Hofbauer cells","Hofbauer cells",0.551132268527282,"Hofbauer cells","author","Hofbauer cells","author",-2.05566677256297,-2.44009146893965,-0.936354541096777,-0.255788152986433,-3.76604701565937,2.60271206620596,0.685938350002474,NA,2.60271206620596,"Macrophage","N5","starmap",0.899728693974325,0.785114921561474,"Hofbauer cells"
"W8-2_W8-2_tile_1_cell_1003","W8-2",389,116,"W8-2",8,"tile_W8-2_1","W8-2","8w_2d",1982,16050,281.40436,2278.779,281.40436,2278.779,116,389,1,"EVT3",0.76220640295225,8,281.40436,2278.779,"EVT3","EVT3",0.76220640295225,"EVT3","author","EVT3","author",2.82984964843076,5.85885926836713,0.255735808714388,0.0386142828630961,-5.07663763064186,-0.850421827260096,-0.0903836639580133,NA,5.85885926836713,"vCTB","N7","starmap",3.82696820543704,0.953940167821963,"EVT3"
"W8-2_W8-2_tile_1_cell_1004","W8-2",250,95,"W8-2",8,"tile_W8-2_1","W8-2","8w_2d",2166,16070,307.52868,2281.6186,307.52868,2281.6186,95,250,1,"EVT3",0.886470631497995,8,307.52868,2281.6186,"EVT3","EVT3",0.886470631497995,"EVT3","author","EVT3","author",3.1012470261152,6.30889550384881,0.192021033283749,0.0373572189915302,-5.07445111466268,-0.837352141986687,-0.0860935190257431,NA,6.30889550384881,"vCTB","N7","starmap",4.2872453490764,0.972911346224006,"EVT3"
"W8-2_W8-2_tile_1_cell_1005","W8-2",406,170,"W8-2",8,"tile_W8-2_1","W8-2","8w_2d",2238,16054,317.75124,2279.34692,317.75124,2279.34692,170,406,6,"EVT3",1,8,317.75124,2279.34692,"EVT3","EVT3",1,"EVT3","author","EVT3","author",3.29462064199863,6.5233638121722,0.0899633504965279,0.0447280141406037,-5.04160081715285,-0.829164776404009,-0.0855737062227812,NA,6.5233638121722,"vCTB","N7","starmap",4.26415334729822,0.971725647573878,"EVT3"
"W8-2_W8-2_tile_1_cell_1010","W8-2",301,97,"W8-2",8,"tile_W8-2_1","W8-2","8w_2d",2953,15997,419.26694,2271.25406,419.26694,2271.25406,97,301,2,"EVT2",0.41074111734465,8,419.26694,2271.25406,"EVT2","EVT2",0.41074111734465,"EVT2","author","EVT2","author",2.47404028795455,5.52936598386002,0.640995179871772,0.0296674260139995,-4.98971611054092,-0.836893680311709,-0.086233418230446,NA,5.52936598386002,"vCTB","N1","starmap",4.0218408450107,0.964429040496169,"EVT2"
"W8-2_W8-2_tile_1_cell_1012","W8-2",121,47,"W8-2",8,"tile_W8-2_1","W8-2","8w_2d",1943,15993,275.86714,2270.68614,275.86714,2270.68614,47,121,1,"EVT3",0.467589006475286,8,275.86714,2270.68614,"EVT3","EVT3",0.467589006475286,"EVT3","author","EVT3","author",2.71716581085556,5.76331427926841,0.36467633217574,0.0248737318447265,-5.03751499838699,-0.83768449100509,-0.0919660270059463,NA,5.76331427926841,"vCTB","N7","starmap",4.0813041303994,0.966161984677125,"EVT3"
"W8-2_W8-2_tile_1_cell_1014","W8-2",391,151,"W8-2",8,"tile_W8-2_1","W8-2","8w_2d",1889,15953,268.20022,2265.00694,268.20022,2265.00694,151,391,1,"EVT3",0.959585609295705,8,268.20022,2265.00694,"EVT3","EVT3",0.959585609295705,"EVT3","author","EVT3","author",3.19347859136345,6.39992970221112,0.100685417802373,0.0102969491379055,-5.05416687784822,-0.832190278172595,-0.0870231179029759,NA,6.39992970221112,"vCTB","N7","starmap",4.11600630049283,0.967347683327253,"EVT3"
"W8-2_W8-2_tile_1_cell_1015","W8-2",252,64,"W8-2",8,"tile_W8-2_1","W8-2","8w_2d",2885,15971,409.6123,2267.56258,409.6123,2267.56258,64,252,2,"EVT2",0.415084650393308,8,409.6123,2267.56258,"EVT2","EVT2",0.415084650393308,"EVT2","author","EVT2","author",2.5982690643593,5.67433460369357,0.552342519261343,0.0316141364917266,-5.00661112127364,-0.836495823417211,-0.0876911420284927,NA,5.67433460369357,"vCTB","N1","starmap",4.02653828038314,0.964702663261583,"EVT2"
"W8-2_W8-2_tile_1_cell_1016","W8-2",381,152,"W8-2",8,"tile_W8-2_1","W8-2","8w_2d",2440,15952,346.4312,2264.86496,346.4312,2264.86496,152,381,11,"EVT3",0.372996709892805,8,346.4312,2264.86496,"EVT3","EVT3",0.372996709892805,"EVT3","author","EVT3","author",3.86237033266696,5.15546179907006,1.4999295036132,-0.132177010163073,-4.8295949189822,-0.823963027607719,-0.0935090780317855,NA,5.15546179907006,"vCTB","N7","starmap",4.5437352869219,0.979387085005472,"EVT3"
"W8-2_W8-2_tile_1_cell_1022","W8-2",801,203,"W8-2",8,"tile_W8-2_1","W8-2","8w_2d",3166,15907,449.50868,2258.47586,449.50868,2258.47586,203,801,7,"EVT3",0.765048988618488,8,449.50868,2258.47586,"EVT3","EVT3",0.765048988618488,"EVT3","author","EVT3","author",3.73760582338569,9.81518122884313,0.727299564130156,0.0123079518135012,-4.67488446927686,-0.836037399213582,-0.0907133263437844,NA,9.81518122884313,"vCTB","N1","starmap",4.44572372972236,0.977836556001459,"EVT3"
"W8-2_W8-2_tile_1_cell_1028","W8-2",291,113,"W8-2",8,"tile_W8-2_1","W8-2","8w_2d",3290,15827,467.1142,2247.11746,467.1142,2247.11746,113,291,7,"EVT2",0.395081644725346,8,467.1142,2247.11746,"EVT2","EVT2",0.395081644725346,"EVT2","author","EVT2","author",2.63734681846985,5.70023372714183,0.282181981035753,0.0111201149573066,-5.04528377465848,-0.864096563980353,-0.0870486845085484,NA,5.70023372714183,"vCTB","N2","starmap",4.1744703229171,0.968989419919737,"EVT2"
"W8-2_W8-2_tile_1_cell_1029","W8-2",567,188,"W8-2",8,"tile_W8-2_1","W8-2","8w_2d",2514,15850,356.93772,2250.383,356.93772,2250.383,188,567,11,"EVT3",0.559901551573879,8,356.93772,2250.383,"EVT3","EVT3",0.559901551573879,"EVT3","author","EVT3","author",3.71909625536256,7.0776240733167,0.53348342870445,-0.0343604311239167,-4.92312251681721,-0.8204198268153,-0.0868864882473004,NA,7.0776240733167,"vCTB","N7","starmap",4.89572249557222,0.985497993433054,"EVT3"
"W8-2_W8-2_tile_1_cell_1030","W8-2",390,121,"W8-2",8,"tile_W8-2_1","W8-2","8w_2d",2677,15831,380.08046,2247.68538,380.08046,2247.68538,121,390,2,"EVT3",0.437092018126392,8,380.08046,2247.68538,"EVT3","EVT3",0.437092018126392,"EVT3","author","EVT3","author",2.27995725688471,5.38659462860457,0.778010419769446,0.0264609728697034,-4.90912838313169,-0.833148897049626,-0.090840282525032,NA,5.38659462860457,"vCTB","N7","starmap",3.93648294347466,0.960233491426487,"EVT3"
"W8-2_W8-2_tile_1_cell_1031","W8-2",657,180,"W8-2",8,"tile_W8-2_1","W8-2","8w_2d",3001,15853,426.08198,2250.80894,426.08198,2250.80894,180,657,7,"EVT3",0.475567033721974,8,426.08198,2250.80894,"EVT3","EVT3",0.475567033721974,"EVT3","author","EVT3","author",5.11352130625799,5.43775768220526,1.36675584684572,-0.109839016746696,-4.89218258910055,-0.934553862818862,-0.0937525925579784,NA,5.43775768220526,"vCTB","N1","starmap",7.23509788405404,0.999635169646115,"EVT3"
"W8-2_W8-2_tile_1_cell_1036","W8-2",681,195,"W8-2",8,"tile_W8-2_1","W8-2","8w_2d",2584,15749,366.87632,2236.04302,366.87632,2236.04302,195,681,11,"EVT3",0.844489326433983,8,366.87632,2236.04302,"EVT3","EVT3",0.844489326433983,"EVT3","author","EVT3","author",2.81362702185289,5.1593228806297,0.664397623492311,0.0339294905908349,-4.94842528955779,-0.826174746785878,-0.0830920242006574,NA,5.1593228806297,"vCTB","N7","starmap",4.36553899968725,0.976012404232032,"EVT3"
"W8-2_W8-2_tile_1_cell_1038","W8-2",375,146,"W8-2",8,"tile_W8-2_1","W8-2","8w_2d",2931,15716,416.14338,2231.35768,416.14338,2231.35768,146,375,6,"EVT3",0.845160335312132,8,416.14338,2231.35768,"EVT3","EVT3",0.845160335312132,"EVT3","author","EVT3","author",2.66878729030812,4.84750747607702,1.46814829937645,-0.0587260745453558,-4.94395734110269,-0.771848146632034,-0.0854864873270563,NA,4.84750747607702,"vCTB","N1","starmap",3.89349419800581,0.957588471360817,"EVT3"
"W8-2_W8-2_tile_1_cell_1039","W8-2",227,104,"W8-2",8,"tile_W8-2_1","W8-2","8w_2d",2035,15693,288.9293,2228.09214,288.9293,2228.09214,104,227,1,"EVT3",0.794717328744617,8,288.9293,2228.09214,"EVT3","EVT3",0.794717328744617,"EVT3","author","EVT3","author",2.83703528046831,5.90685100871402,0.232575460695526,0.169320137728909,-5.07668698151525,-0.847299182697456,-0.0894679305647223,NA,5.90685100871402,"vCTB","N7","starmap",3.79411938722649,0.952845676760306,"EVT3"
"W8-2_W8-2_tile_1_cell_1040","W8-2",656,219,"W8-2",8,"tile_W8-2_1","W8-2","8w_2d",2417.5,15728,343.23665,2233.06144,343.23665,2233.06144,219,656,6,"EVT3",0.838993427986307,8,343.23665,2233.06144,"EVT3","EVT3",0.838993427986307,"EVT3","author","EVT3","author",3.42446680470828,9.8908369067215,0.442659016831837,0.00351435491696434,-4.57951433137425,-0.851876325347311,-0.0966809221494936,NA,9.8908369067215,"vCTB","N7","starmap",4.23127026880768,0.970539948923751,"EVT3"
"W8-2_W8-2_tile_1_cell_1043","W8-2",161,80,"W8-2",8,"tile_W8-2_1","W8-2","8w_2d",2409,15628,342.02982,2218.86344,342.02982,2218.86344,80,161,1,"EVT3",0.951502807380683,8,342.02982,2218.86344,"EVT3","EVT3",0.951502807380683,"EVT3","author","EVT3","author",3.0667594789245,6.44642877362083,0.106671648248485,0.0320922341444084,-5.09910389517322,-0.837566457172925,-0.0864870386802668,NA,6.44642877362083,"vCTB","N7","starmap",4.32142134520474,0.974461875228019,"EVT3"
"W8-2_W8-2_tile_1_cell_1044","W8-2",153,73,"W8-2",8,"tile_W8-2_1","W8-2","8w_2d",2744,15609,389.59312,2216.16582,389.59312,2216.16582,73,153,2,"EVT3",0.572521788320806,8,389.59312,2216.16582,"EVT3","EVT3",0.572521788320806,"EVT3","author","EVT3","author",2.50018378075874,5.38237140470104,0.362858586296542,0.0317554917697628,-5.02856146974611,-0.869571706072934,-0.0893519149852784,NA,5.38237140470104,"vCTB","N7","starmap",4.45683692528837,0.978292593943816,"EVT3"
"W8-2_W8-2_tile_1_cell_1047","W8-2",526,129,"W8-2",8,"tile_W8-2_1","W8-2","8w_2d",2265,15579,321.5847,2211.90642,321.5847,2211.90642,129,526,6,"EVT3",0.940898403093957,8,321.5847,2211.90642,"EVT3","EVT3",0.940898403093957,"EVT3","author","EVT3","author",3.19563840768769,6.34159280704349,0.430214514142623,0.0452609336182344,-5.03634735838764,-0.844938581894934,-0.0898799814816435,NA,6.34159280704349,"vCTB","N7","starmap",3.60603731918013,0.948467712513681,"EVT3"
"W8-2_W8-2_tile_1_cell_1050","W8-2",371,98,"W8-2",8,"tile_W8-2_1","W8-2","8w_2d",2878,15577,408.61844,2211.62246,408.61844,2211.62246,98,371,2,"EVT2",0.564720456981169,8,408.61844,2211.62246,"EVT2","EVT2",0.564720456981169,"EVT2","author","EVT2","author",3.93648298320555,4.45799839930477,0.79640750650665,-0.0692401332600368,-4.82020331397973,-0.860946357554214,-0.0928901628375561,NA,4.45799839930477,"vCTB","N1","starmap",4.10949843262551,0.966982852973367,"EVT2"
"W8-2_W8-2_tile_1_cell_1051","W8-2",618,186,"W8-2",8,"tile_W8-2_1","W8-2","8w_2d",2391,15553,339.47418,2208.21494,339.47418,2208.21494,186,618,6,"EVT3",1,8,339.47418,2208.21494,"EVT3","EVT3",1,"EVT3","author","EVT3","author",4.31191839204394,10.1484753029459,0.600177799119561,0.115163791025227,-4.72801966382064,-0.840317409514466,-0.0895229916265021,NA,10.1484753029459,"vCTB","N7","starmap",5.00911145142727,0.987686975556366,"EVT3"
"W8-2_W8-2_tile_1_cell_1052","W8-2",103,63,"W8-2",8,"tile_W8-2_1","W8-2","8w_2d",2525,15560,358.4995,2209.2088,358.4995,2209.2088,63,103,1,"EVT3",0.765039433242217,8,358.4995,2209.2088,"EVT3","EVT3",0.765039433242217,"EVT3","author","EVT3","author",2.53674727399202,5.56380007642454,0.359341807315852,0.0519133180417596,-5.01145193310034,-0.850134471235182,-0.0880357651852545,NA,5.56380007642454,"vCTB","N7","starmap",4.50156883407443,0.978839839474644,"EVT3"
"W8-2_W8-2_tile_1_cell_1053","W8-2",339,154,"W8-2",8,"tile_W8-2_1","W8-2","8w_2d",1866,15523,264.93468,2203.95554,264.93468,2203.95554,154,339,1,"EVT3",0.967694273360073,8,264.93468,2203.95554,"EVT3","EVT3",0.967694273360073,"EVT3","author","EVT3","author",3.79887468787045,6.83115079644361,0.142291251874059,-0.0182518924720034,-4.88122757665806,-0.820242020493752,-0.0782220571430937,NA,6.83115079644361,"vCTB","N7","starmap",4.83398197237198,0.98458591754834,"EVT3"
"W8-2_W8-2_tile_1_cell_1057","W8-2",370,152,"W8-2",8,"tile_W8-2_1","W8-2","8w_2d",2157,15481,306.25086,2197.99238,306.25086,2197.99238,152,370,1,"EVT3",0.980652420188319,8,306.25086,2197.99238,"EVT3","EVT3",0.980652420188319,"EVT3","author","EVT3","author",3.29608361809728,6.58683176945949,0.069785344672784,0.0449838309596312,-5.0487703872058,-0.829629812372279,-0.0859562068545515,NA,6.58683176945949,"vCTB","N7","starmap",4.23646956027643,0.971087194454579,"EVT3"
"W8-2_W8-2_tile_1_cell_1063","W8-2",884,262,"W8-2",8,"tile_W8-2_1","W8-2","8w_2d",2536,15445,360.06128,2192.8811,360.06128,2192.8811,262,884,6,"EVT3",0.776328086711295,8,360.06128,2192.8811,"EVT3","EVT3",0.776328086711295,"EVT3","author","EVT3","author",3.55597897388827,9.73009466045769,0.665837445093286,0.0484751191012443,-4.63490871113904,-0.862964621900845,-0.0971657113977288,NA,9.73009466045769,"vCTB","N7","starmap",4.61470167178296,0.980755198832543,"EVT3"
"W8-2_W8-2_tile_1_cell_1069","W8-2",227,123,"W8-2",8,"tile_W8-2_1","W8-2","8w_2d",2817,15380,399.95766,2183.6524,399.95766,2183.6524,123,227,11,"EVT2",0.434395143278968,8,399.95766,2183.6524,"EVT2","EVT2",0.434395143278968,"EVT2","author","EVT2","author",2.11417581347686,5.67630894657353,0.660414829425276,0.121181341369987,-4.86514680655236,-0.808715333956235,-0.0952354039860334,NA,5.67630894657353,"vCTB","N7","starmap",3.55614736520279,0.948011674571324,"EVT2"
"W8-2_W8-2_tile_1_cell_1070","W8-2",550,160,"W8-2",8,"tile_W8-2_1","W8-2","8w_2d",2293,15452.5,325.56014,2193.94595,325.56014,2193.94595,160,550,6,"EVT3",0.963443824476412,8,325.56014,2193.94595,"EVT3","EVT3",0.963443824476412,"EVT3","author","EVT3","author",3.63158574742103,6.76658109255901,0.170162820800904,0.0229972123238789,-4.95813294102291,-0.822231767598689,-0.0793667798444902,NA,6.76658109255901,"vCTB","N7","starmap",4.7300591655771,0.982852973367384,"EVT3"
"W8-2_W8-2_tile_1_cell_1071","W8-2",478,191,"W8-2",8,"tile_W8-2_1","W8-2","8w_2d",2925.5,15383,415.36249,2184.07834,415.36249,2184.07834,191,478,11,"EVT3",0.658490524818569,8,415.36249,2184.07834,"EVT3","EVT3",0.658490524818569,"EVT3","author","EVT3","author",3.60380573882082,9.23026734639088,0.690633297262429,0.0292810610005791,-4.65112854861436,-0.866315739710764,-0.0942297614437737,NA,9.23026734639088,"vCTB","N2","starmap",4.72091814078633,0.982670558190441,"EVT3"
"W8-2_W8-2_tile_1_cell_1073","W8-2",623,168,"W8-2",8,"tile_W8-2_1","W8-2","8w_2d",2431,15409,345.15338,2187.76982,345.15338,2187.76982,168,623,6,"EVT3",1,8,345.15338,2187.76982,"EVT3","EVT3",1,"EVT3","author","EVT3","author",3.5097687924324,7.37512344547544,0.255070909870828,-0.00074363485812165,-4.95031799279619,-0.828138059737038,-0.0837181422571103,NA,7.37512344547544,"vCTB","N7","starmap",4.91648222767011,0.985862823786939,"EVT3"
"W8-2_W8-2_tile_1_cell_1077","W8-2",307,123,"W8-2",8,"tile_W8-2_1","W8-2","8w_2d",2251,15331,319.59698,2176.69538,319.59698,2176.69538,123,307,1,"EVT3",0.970659896206307,8,319.59698,2176.69538,"EVT3","EVT3",0.970659896206307,"EVT3","author","EVT3","author",3.03708771964054,6.53073365281621,-0.102182537709826,0.00131888924541562,-5.20553553300667,-0.849306833378864,-0.0882146127786604,NA,6.53073365281621,"vCTB","N7","starmap",3.87271460571399,0.956311565122218,"EVT3"
"W8-2_W8-2_tile_1_cell_1078","W8-2",106,53,"W8-2",8,"tile_W8-2_1","W8-2","8w_2d",2459,15320,349.12882,2175.1336,349.12882,2175.1336,53,106,1,"EVT2",0.428697661759198,8,349.12882,2175.1336,"EVT2","EVT2",0.428697661759198,"EVT2","author","EVT2","author",2.49416922411165,5.42135607445268,0.810797412352294,0.0101182730854071,-4.93095461355702,-0.839714455568837,-0.0835576194490436,NA,5.42135607445268,"vCTB","N7","starmap",3.97247865650407,0.9617840204305,"EVT2"
"W8-2_W8-2_tile_1_cell_1079","W8-2",352,140,"W8-2",8,"tile_W8-2_1","W8-2","8w_2d",2096,15334,297.59008,2177.12132,297.59008,2177.12132,140,352,6,"EVT3",0.961205730147707,8,297.59008,2177.12132,"EVT3","EVT3",0.961205730147707,"EVT3","author","EVT3","author",3.0957902959297,6.39454149472301,0.0395534710827908,0.0110642525094871,-5.11493126528291,-0.836246587077417,-0.0876434831104888,NA,6.39454149472301,"vCTB","N7","starmap",3.94623822847348,0.960598321780372,"EVT3"
"W8-2_W8-2_tile_1_cell_1085","W8-2",234,86,"W8-2",8,"tile_W8-2_1","W8-2","8w_2d",2054,15271,291.62692,2168.17658,291.62692,2168.17658,86,234,1,"EVT2",0.373565872113883,8,291.62692,2168.17658,"EVT2","EVT2",0.373565872113883,"EVT2","author","EVT2","author",2.5512626050745,5.63101997994328,0.428005287544364,0.0314819690448822,-5.03287294719389,-0.83870581632075,-0.0874336782267503,NA,5.63101997994328,"vCTB","N7","starmap",3.97657431998737,0.962148850784385,"EVT2"
"W8-2_W8-2_tile_1_cell_1088","W8-2",321,165,"W8-2",8,"tile_W8-2_1","W8-2","8w_2d",1998,15262,283.67604,2166.89876,283.67604,2166.89876,165,321,6,"EVT3",0.933068186812192,8,283.67604,2166.89876,"EVT3","EVT3",0.933068186812192,"EVT3","author","EVT3","author",4.03026565630573,8.18228529938206,0.390563686126261,0.0808597730873859,-4.7555363439222,-0.821328279155003,-0.0835772050630733,NA,8.18228529938206,"vCTB","N7","starmap",4.82576191296283,0.984403502371397,"EVT3"
"W8-2_W8-2_tile_1_cell_1090","W8-2",223,120,"W8-2",8,"tile_W8-2_1","W8-2","8w_2d",2453,15264,348.27694,2167.18272,348.27694,2167.18272,120,223,6,"EVT3",0.804269823373661,8,348.27694,2167.18272,"EVT3","EVT3",0.804269823373661,"EVT3","author","EVT3","author",3.00672964731572,6.47003826121857,0.230236320484245,0.0989102356110415,-5.0986257932741,-0.854232858204906,-0.0879907743329128,NA,6.47003826121857,"vCTB","N7","starmap",4.05162129821943,0.965614739146297,"EVT3"
"W8-2_W8-2_tile_1_cell_1091","W8-2",301,125,"W8-2",8,"tile_W8-2_1","W8-2","8w_2d",2246,15236,318.88708,2163.20728,318.88708,2163.20728,125,301,6,"EVT3",1,8,318.88708,2163.20728,"EVT3","EVT3",1,"EVT3","author","EVT3","author",3.06712866220418,6.43498343655178,0.00544631396262096,0.0118360997005769,-5.13712481976873,-0.839814430995412,-0.0877920835416637,NA,6.43498343655178,"vCTB","N7","starmap",3.86842944582499,0.956037942356804,"EVT3"
"W8-2_W8-2_tile_1_cell_1100","W8-2",241,96,"W8-2",8,"tile_W8-2_1","W8-2","8w_2d",2778,15211,394.42044,2159.65778,394.42044,2159.65778,96,241,1,"EVT3",0.742030740130698,8,394.42044,2159.65778,"EVT3","EVT3",0.742030740130698,"EVT3","author","EVT3","author",2.78747184921936,5.64187516612276,0.342512979368444,0.0264170096459394,-5.05940734239935,-0.835829513251919,-0.0897532515255623,NA,5.64187516612276,"vCTB","N7","starmap",4.14365760743758,0.967894928858081,"EVT3"
"W8-2_W8-2_tile_1_cell_1101","W8-2",425,153,"W8-2",8,"tile_W8-2_1","W8-2","8w_2d",2382,15220,338.19636,2160.9356,338.19636,2160.9356,153,425,6,"EVT3",1,8,338.19636,2160.9356,"EVT3","EVT3",1,"EVT3","author","EVT3","author",4.43304844659526,8.80332327297779,0.67873738154208,0.114845998681638,-4.79649186457317,-0.809293681748211,-0.0844796910312362,NA,8.80332327297779,"vCTB","N7","starmap",4.99955232640287,0.987322145202481,"EVT3"
"W8-2_W8-2_tile_1_cell_1107","W8-2",201,77,"W8-2",8,"tile_W8-2_1","W8-2","8w_2d",2441,15186,346.57318,2156.10828,346.57318,2156.10828,77,201,1,"EVT3",0.725000565540118,8,346.57318,2156.10828,"EVT3","EVT3",0.725000565540118,"EVT3","author","EVT3","author",2.92665181305652,5.73745820382104,0.264246025215447,0.0462141901048807,-5.12373934083744,-0.844459803371251,-0.0908071238443297,NA,5.73745820382104,"vCTB","N7","starmap",3.90534830724512,0.958318132068588,"EVT3"
"W8-2_W8-2_tile_1_cell_1108","W8-2",423,144,"W8-2",8,"tile_W8-2_1","W8-2","8w_2d",2484,15126,352.67832,2147.58948,352.67832,2147.58948,144,423,6,"EVT3",0.957202178323429,8,352.67832,2147.58948,"EVT3","EVT3",0.957202178323429,"EVT3","author","EVT3","author",3.26664352639908,6.39992026547704,0.119000859269494,0.0363892071155364,-4.99213764806062,-0.82697572258848,-0.0847074636291019,NA,6.39992026547704,"vCTB","N7","starmap",4.32470200216205,0.97455308281649,"EVT3"
"W8-2_W8-2_tile_1_cell_1109","W8-2",715,211,"W8-2",8,"tile_W8-2_1","W8-2","8w_2d",2720,15133,386.1856,2148.58334,386.1856,2148.58334,211,715,6,"EVT3",0.976598976221283,8,386.1856,2148.58334,"EVT3","EVT3",0.976598976221283,"EVT3","author","EVT3","author",4.19746279199015,7.70584921531929,0.397443604319462,0.0540163408333522,-4.89231497047481,-0.818689210911521,-0.0847845751969068,NA,7.70584921531929,"vCTB","N7","starmap",5.26329506343171,0.990879241152864,"EVT3"
"W8-2_W8-2_tile_1_cell_1112","W8-2",178,86,"W8-2",8,"tile_W8-2_1","W8-2","8w_2d",2392,15130,339.61616,2148.1574,339.61616,2148.1574,86,178,1,"EVT3",0.930980335268092,8,339.61616,2148.1574,"EVT3","EVT3",0.930980335268092,"EVT3","author","EVT3","author",3.70291789437074,8.19470244677396,0.467253209795027,0.0483833573520131,-5.10920446703373,-0.832086718230041,-0.0833545505370755,NA,8.19470244677396,"vCTB","N7","starmap",4.93467971034272,0.986318861729296,"EVT3"
"W8-2_W8-2_tile_1_cell_1113","W8-2",363,152,"W8-2",8,"tile_W8-2_1","W8-2","8w_2d",2566,15096,364.32068,2143.33008,364.32068,2143.33008,152,363,6,"EVT3",0.949223968183584,8,364.32068,2143.33008,"EVT3","EVT3",0.949223968183584,"EVT3","author","EVT3","author",3.31009707481211,6.24916778733923,0.125682914064426,0.0115689730424623,-5.0543493911608,-0.820915847170367,-0.0800574837934903,NA,6.24916778733923,"vCTB","N7","starmap",4.58572949245496,0.980299160890186,"EVT3"
"W8-2_W8-2_tile_1_cell_1115","W8-2",465,136,"W8-2",8,"tile_W8-2_1","W8-2","8w_2d",2198,15089,312.07204,2142.33622,312.07204,2142.33622,136,465,1,"EVT3",0.990726048490498,8,312.07204,2142.33622,"EVT3","EVT3",0.990726048490498,"EVT3","author","EVT3","author",2.94681735156104,6.22768495359421,-0.0750126249486753,0.00844920729850088,-5.15915896209096,-0.850477844806631,-0.0893369215081942,NA,6.22768495359421,"vCTB","N7","starmap",3.76440236777883,0.951659978110179,"EVT3"
"W8-2_W8-2_tile_1_cell_1116","W8-2",434,198,"W8-2",8,"tile_W8-2_1","W8-2","8w_2d",2298,15049.5,326.27004,2136.72801,326.27004,2136.72801,198,434,6,"EVT3",0.899681185988228,8,326.27004,2136.72801,"EVT3","EVT3",0.899681185988228,"EVT3","author","EVT3","author",4.01821541884662,9.93703417770888,0.655343373133786,0.0737415257387343,-4.79589371880277,-0.84402815356587,-0.0907015316956863,NA,9.93703417770888,"vCTB","N7","starmap",4.69650569392997,0.982214520248085,"EVT3"
"W8-2_W8-2_tile_1_cell_1120","W8-2",143,68,"W8-2",8,"tile_W8-2_1","W8-2","8w_2d",2633,15022,373.83334,2132.82356,373.83334,2132.82356,68,143,1,"EVT2",0.446388775418491,8,373.83334,2132.82356,"EVT2","EVT2",0.446388775418491,"EVT2","author","EVT2","author",2.43597946493499,5.26532735059881,0.761139587597911,0.0230974873890249,-4.96349351149091,-0.838051323015862,-0.0877255816306538,NA,5.26532735059881,"vCTB","N7","starmap",3.91292833032889,0.958774170010945,"EVT2"
"W8-2_W8-2_tile_1_cell_1121","W8-2",427,157,"W8-2",8,"tile_W8-2_1","W8-2","8w_2d",2704,14990,383.91392,2128.2802,383.91392,2128.2802,157,427,6,"EVT3",0.971875442843609,8,383.91392,2128.2802,"EVT3","EVT3",0.971875442843609,"EVT3","author","EVT3","author",3.66130197560786,7.34363160594208,0.473720878688128,-0.00903601770955198,-4.93782207888664,-0.821445727956541,-0.0879252729396006,NA,7.34363160594208,"vCTB","N7","starmap",4.8042900183309,0.983673841663626,"EVT3"
"W8-2_W8-2_tile_1_cell_1122","W8-2",315,130,"W8-2",8,"tile_W8-2_1","W8-2","8w_2d",2769,15028,393.14262,2133.67544,393.14262,2133.67544,130,315,1,"EVT3",1,8,393.14262,2133.67544,"EVT3","EVT3",1,"EVT3","author","EVT3","author",2.8858999519366,6.84733630164651,0.286141645164604,-0.0515385940428832,-4.72058022190492,-0.828147223038018,-0.0854033999549896,NA,6.84733630164651,"vCTB","N7","starmap",3.96551311522517,0.961510397665086,"EVT3"
"W8-2_W8-2_tile_1_cell_1127","W8-2",178,72,"W8-2",8,"tile_W8-2_1","W8-2","8w_2d",2775,14947,393.9945,2122.17506,393.9945,2122.17506,72,178,1,"EVT3",0.640684273976896,8,393.9945,2122.17506,"EVT3","EVT3",0.640684273976896,"EVT3","author","EVT3","author",3.20918445870359,5.58298962630864,0.186863911840497,0.0605157465943114,-5.13456630060193,-0.82327622184669,-0.0892924926795387,NA,5.58298962630864,"vCTB","N7","starmap",4.31168794508701,0.974097044874134,"EVT3"
"W8-2_W8-2_tile_1_cell_1129","W8-2",136,72,"W8-2",8,"tile_W8-2_1","W8-2","8w_2d",2842,14956,403.50716,2123.45288,403.50716,2123.45288,72,136,1,"EVT3",0.735727750310368,8,403.50716,2123.45288,"EVT3","EVT3",0.735727750310368,"EVT3","author","EVT3","author",2.7729204998246,5.19097480062867,0.423700644906111,0.0237528275170622,-5.05605697964592,-0.873723824478294,-0.0890450423843528,NA,5.19097480062867,"vCTB","N7","starmap",4.63794983799953,0.9812112367749,"EVT3"
"W8-2_W8-2_tile_1_cell_1131","W8-2",89,64,"W8-2",8,"tile_W8-2_1","W8-2","8w_2d",2822,14893,400.66756,2114.50814,400.66756,2114.50814,64,89,1,"EVT3",0.493086140413601,8,400.66756,2114.50814,"EVT3","EVT3",0.493086140413601,"EVT3","author","EVT3","author",2.38028297052477,5.49774914186561,0.319203859571009,0.0102074128181971,-4.96941905468244,-0.838516684369562,-0.0920842697617783,NA,5.49774914186561,"vCTB","N7","starmap",3.75597856253265,0.951295147756293,"EVT3"
"W8-2_W8-2_tile_1_cell_1132","W8-2",205,135,"W8-2",8,"tile_W8-2_1","W8-2","8w_2d",1969,14918,279.55862,2118.05764,279.55862,2118.05764,135,205,1,"EVT2",0.404969643371089,8,279.55862,2118.05764,"EVT2","EVT2",0.404969643371089,"EVT2","author","EVT2","author",3.24589968467676,4.6977156512742,1.16718153712953,-0.119813660001186,-4.8523438264183,-0.871861406939921,-0.095222984544642,NA,4.6977156512742,"vCTB","N7","starmap",4.16941495374579,0.968715797154323,"EVT2"
"W8-2_W8-2_tile_1_cell_1133","W8-2",213,96,"W8-2",8,"tile_W8-2_1","W8-2","8w_2d",2432,14930,345.29536,2119.7614,345.29536,2119.7614,96,213,1,"EVT3",0.724306860342259,8,345.29536,2119.7614,"EVT3","EVT3",0.724306860342259,"EVT3","author","EVT3","author",3.47943393768659,5.72956070832589,0.11142843616173,0.085822087953686,-5.10535685507447,-0.792914979528781,-0.0854029419767604,NA,5.72956070832589,"vCTB","N7","starmap",4.77716657164495,0.983126596132798,"EVT3"
"W8-2_W8-2_tile_1_cell_1134","W8-2",91,55,"W8-2",8,"tile_W8-2_1","W8-2","8w_2d",2637,14900,374.40126,2115.502,374.40126,2115.502,55,91,1,"EVT3",0.627105310393911,8,374.40126,2115.502,"EVT3","EVT3",0.627105310393911,"EVT3","author","EVT3","author",3.12349843654885,5.84778563851834,0.357827483269207,0.0187992973473048,-5.12890480786216,-0.855295780054261,-0.0876466836473145,NA,5.84778563851834,"vCTB","N7","starmap",4.36465569221986,0.975921196643561,"EVT3"
"W8-2_W8-2_tile_1_cell_1138","W8-2",322,172,"W8-2",8,"tile_W8-2_1","W8-2","8w_2d",2444.5,14875,347.07011,2111.9525,347.07011,2111.9525,172,322,6,"EVT3",0.815617464154976,8,347.07011,2111.9525,"EVT3","EVT3",0.815617464154976,"EVT3","author","EVT3","author",4.69875558608174,9.9778369008676,0.589739689893027,0.171445176085765,-4.77688983553529,-0.843444294664261,-0.0819089736603942,NA,9.9778369008676,"vCTB","N7","starmap",5.03083597685471,0.988051805910252,"EVT3"
"W8-2_W8-2_tile_1_cell_1139","W8-2",212,75,"W8-2",8,"tile_W8-2_1","W8-2","8w_2d",2190,14878,310.9362,2112.37844,310.9362,2112.37844,75,212,1,"EVT3",0.569343828500375,8,310.9362,2112.37844,"EVT3","EVT3",0.569343828500375,"EVT3","author","EVT3","author",2.94951172688366,5.42652031375474,0.261615028194192,0.0241929329458677,-5.12050961718056,-0.834300166627534,-0.0887534349494911,NA,5.42652031375474,"vCTB","N7","starmap",4.20917960836976,0.969627873039037,"EVT3"
"W8-2_W8-2_tile_1_cell_1142","W8-2",208,98,"W8-2",8,"tile_W8-2_1","W8-2","8w_2d",2706,14832,384.19788,2105.84736,384.19788,2105.84736,98,208,1,"EVT3",0.8398466367496,8,384.19788,2105.84736,"EVT3","EVT3",0.8398466367496,"EVT3","author","EVT3","author",2.7291512809417,5.61202230964486,0.288777143466376,0.0156324196597667,-5.03884070941981,-0.84594474761951,-0.0907166297060374,NA,5.61202230964486,"vCTB","N7","starmap",4.25902002381569,0.971543232396935,"EVT3"
"W8-2_W8-2_tile_1_cell_1144","W8-2",174,96,"W8-2",8,"tile_W8-2_1","W8-2","8w_2d",2812,14803.5,399.24776,2101.80093,399.24776,2101.80093,96,174,1,"EVT3",0.737587781558527,8,399.24776,2101.80093,"EVT3","EVT3",0.737587781558527,"EVT3","author","EVT3","author",3.17318266334276,6.94260563666778,0.140803034979301,0.0124557772858904,-5.14142658349871,-0.837039055582958,-0.0832908315392266,NA,6.94260563666778,"vCTB","N7","starmap",4.29869061147433,0.973732214520248,"EVT3"
"W8-2_W8-2_tile_1_cell_1145","W8-2",223,102,"W8-2",8,"tile_W8-2_1","W8-2","8w_2d",1996,14811,283.39208,2102.86578,283.39208,2102.86578,102,223,1,"EVT3",0.385511989887189,8,283.39208,2102.86578,"EVT3","EVT3",0.385511989887189,"EVT3","author","EVT3","author",3.05300124812904,7.01072422293071,0.212940705915323,0.0340478512342428,-5.12390183735044,-0.843341894772044,-0.086320209989637,NA,7.01072422293071,"vCTB","N7","starmap",4.19240285293198,0.96917183509668,"EVT3"
"W8-2_W8-2_tile_1_cell_1146","W8-2",141,73,"W8-2",8,"tile_W8-2_1","W8-2","8w_2d",2061,14798,292.62078,2101.02004,292.62078,2101.02004,73,141,1,"EVT3",0.3859888732962,8,292.62078,2101.02004,"EVT3","EVT3",0.3859888732962,"EVT3","author","EVT3","author",2.72405143695064,5.61157063938,0.371275072652023,0.0265161877194012,-5.03591930352013,-0.837824107248539,-0.0922900844486459,NA,5.61157063938,"vCTB","N7","starmap",4.10754308660895,0.966800437796425,"EVT3"
"W8-2_W8-2_tile_1_cell_1151","W8-2",250,128,"W8-2",8,"tile_W8-2_1","W8-2","8w_2d",2281,14808.5,323.85638,2102.51083,323.85638,2102.51083,128,250,1,"EVT3",0.751119097512302,8,323.85638,2102.51083,"EVT3","EVT3",0.751119097512302,"EVT3","author","EVT3","author",2.91802070696691,6.3681922016997,-0.100678588897747,0.00431354203216813,-5.20193346453777,-0.849910769343073,-0.0888101534807694,NA,6.3681922016997,"vCTB","N7","starmap",3.70474021338107,0.95038307187158,"EVT3"
"W8-2_W8-2_tile_1_cell_1153","W8-2",218,101,"W8-2",8,"tile_W8-2_1","W8-2","8w_2d",2628.5,14774,373.19443,2097.61252,373.19443,2097.61252,101,218,1,"EVT3",0.804625437218501,8,373.19443,2097.61252,"EVT3","EVT3",0.804625437218501,"EVT3","author","EVT3","author",3.24241157995566,6.69306073224828,0.00772635967270252,0.0185727099611318,-5.14449603636815,-0.839293604246348,-0.08827607430948,NA,6.69306073224828,"vCTB","N7","starmap",4.19835919356323,0.969354250273623,"EVT3"
"W8-2_W8-2_tile_1_cell_140","W8-2",89,51,"W8-2",8,"tile_W8-2_1","W8-2","8w_2d",2502,15627,355.23396,2218.72146,355.23396,2218.72146,51,89,1,"EVT3",0.583883099312501,8,355.23396,2218.72146,"EVT3","EVT3",0.583883099312501,"EVT3","author","EVT3","author",2.76819202281264,5.68360857820019,0.353357984628125,0.024259954852082,-5.04361288741255,-0.834965102752907,-0.0910725011050228,NA,5.68360857820019,"vCTB","N7","starmap",4.17033375675411,0.968898212331266,"EVT3"
"W8-2_W8-2_tile_1_cell_227","W8-2",282,105,"W8-2",8,"tile_W8-2_1","W8-2","8w_2d",2018,15386,286.51564,2184.50428,286.51564,2184.50428,105,282,1,"EVT3",0.864655308857292,8,286.51564,2184.50428,"EVT3","EVT3",0.864655308857292,"EVT3","author","EVT3","author",4.14270827158226,9.13618288586824,-0.216246974513703,0.0106958479442301,-4.88372927479982,-0.903404643547054,-0.0864732719400852,NA,9.13618288586824,"vCTB","N7","starmap",5.49436837798314,0.992520977745348,"EVT3"
"W8-2_W8-2_tile_1_cell_277","W8-2",416,169,"W8-2",8,"tile_W8-2_1","W8-2","8w_2d",2409,15047,342.02982,2136.37306,342.02982,2136.37306,169,416,6,"EVT3",0.84760990198144,8,342.02982,2136.37306,"EVT3","EVT3",0.84760990198144,"EVT3","author","EVT3","author",3.286349699065,6.32767633836987,0.848601231656265,-0.0341173005055713,-4.90979577293991,-0.831786553135054,-0.0851594615145723,NA,6.32767633836987,"vCTB","N7","starmap",4.71886797427564,0.98257935060197,"EVT3"
"W8-2_W8-2_tile_1_cell_279","W8-2",1137,311,"W8-2",8,"tile_W8-2_1","W8-2","8w_2d",2103,16185,298.58394,2297.9463,298.58394,2297.9463,311,1137,6,"EVT3",0.699578700400392,8,298.58394,2297.9463,"EVT3","EVT3",0.699578700400392,"EVT3","author","EVT3","author",3.63120264871492,7.83124971846189,1.17033289202015,-0.0881034354881627,-4.64203707368014,-0.741855858447634,-0.0887005617223284,NA,7.83124971846189,"vCTB","N7","starmap",4.72351160619551,0.982761765778913,"EVT3"
"W8-2_W8-2_tile_1_cell_311","W8-2",154,75,"W8-2",8,"tile_W8-2_1","W8-2","8w_2d",2638.5,16023,374.61423,2274.94554,374.61423,2274.94554,75,154,1,"EVT2",0.584816081898887,8,374.61423,2274.94554,"EVT2","EVT2",0.584816081898887,"EVT2","author","EVT2","author",2.14837103408837,4.96001261555366,0.81864138032938,0.0222390560310541,-4.94010751708964,-0.837187231577477,-0.087925013053149,NA,4.96001261555366,"vCTB","N1","starmap",3.88483911633622,0.957041225829989,"EVT2"
"W8-2_W8-2_tile_1_cell_317","W8-2",181,84,"W8-2",8,"tile_W8-2_1","W8-2","8w_2d",2159,15380,306.53482,2183.6524,306.53482,2183.6524,84,181,1,"EVT3",0.826679981336442,8,306.53482,2183.6524,"EVT3","EVT3",0.826679981336442,"EVT3","author","EVT3","author",2.6929429938936,5.60283592873638,0.36903531200022,0.0267283973938166,-5.0428316558931,-0.838560096537835,-0.0874460533901163,NA,5.60283592873638,"vCTB","N7","starmap",4.09217864118617,0.966435607442539,"EVT3"
"W8-2_W8-2_tile_1_cell_36","W8-2",396,150,"W8-2",8,"tile_W8-2_1","W8-2","8w_2d",2321,15666,329.53558,2224.25868,329.53558,2224.25868,150,396,6,"EVT3",0.983732708771469,8,329.53558,2224.25868,"EVT3","EVT3",0.983732708771469,"EVT3","author","EVT3","author",3.78224494292551,7.18606568351604,0.852934244336461,-0.0157879998087887,-4.95215514019588,-0.827797931982545,-0.0871308489463598,NA,7.18606568351604,"vCTB","N7","starmap",5.09428730634674,0.988781466618023,"EVT3"
"W8-2_W8-2_tile_1_cell_388","W8-2",562,184,"W8-2",8,"tile_W8-2_1","W8-2","8w_2d",3015,16144,428.0697,2292.12512,428.0697,2292.12512,184,562,7,"STB",0.585445634707605,8,428.0697,2292.12512,"STB","STB",0.585445634707605,"STB","author","STB","author",2.74239560769496,5.11642138245827,1.59020460536188,-0.112987614726829,-4.86455571335674,-0.8019640093788,-0.0880488224989239,NA,5.11642138245827,"vCTB","N1","starmap",4.15622300439863,0.968259759211966,"STB"
"W8-2_W8-2_tile_1_cell_437","W8-2",221,111,"W8-2",8,"tile_W8-2_1","W8-2","8w_2d",2920,15286,414.5816,2170.30628,414.5816,2170.30628,111,221,11,"Fibroblast2",0.273936465020379,8,414.5816,2170.30628,"Fibroblast2","Fibroblast2",0.273936465020379,"Fibroblast2","author","Fibroblast2","author",-1.02098507432607,-2.55189622205409,-0.978005469215055,-0.236808605241543,27.7377467241801,-0.713736700428959,-0.147375961149378,NA,27.7377467241801,"Fibroblast","N2","starmap",1.02805405693585,0.804542137905874,"Fibroblast2"
"W8-2_W8-2_tile_1_cell_450","W8-2",393,134,"W8-2",8,"tile_W8-2_1","W8-2","8w_2d",2652,15418,376.53096,2189.04764,376.53096,2189.04764,134,393,1,"EVT3",0.982998857929533,8,376.53096,2189.04764,"EVT3","EVT3",0.982998857929533,"EVT3","author","EVT3","author",3.10533554858399,6.01610265559085,0.246724418445894,-0.00543780150703355,-4.99311017207484,-0.817749310241999,-0.0911881312593089,NA,6.01610265559085,"vCTB","N7","starmap",3.12871239098654,0.943177672382342,"EVT3"
"W8-2_W8-2_tile_1_cell_459","W8-2",270,130,"W8-2",8,"tile_W8-2_1","W8-2","8w_2d",2149,14804,305.11502,2101.87192,305.11502,2101.87192,130,270,1,"EVT3",0.699529699674766,8,305.11502,2101.87192,"EVT3","EVT3",0.699529699674766,"EVT3","author","EVT3","author",3.5943690615238,6.71544855758053,0.148825966501002,0.0657948510144636,-4.95880813022993,-0.820502872290868,-0.0810264718416092,NA,6.71544855758053,"vCTB","N7","starmap",4.63931307917068,0.981302444363371,"EVT3"
"W8-2_W8-2_tile_1_cell_464","W8-2",376,108,"W8-2",8,"tile_W8-2_1","W8-2","8w_2d",2801,15636,397.68598,2219.99928,397.68598,2219.99928,108,376,2,"EVT2",0.468966494931998,8,397.68598,2219.99928,"EVT2","EVT2",0.468966494931998,"EVT2","author","EVT2","author",2.46552638132252,5.41898851596841,0.751556833276021,0.0303876296073148,-4.97187564853064,-0.837165511181352,-0.0878108164131435,NA,5.41898851596841,"vCTB","N7","starmap",3.92499944755598,0.959595038307187,"EVT2"
"W8-2_W8-2_tile_1_cell_494","W8-2",304,101,"W8-2",8,"tile_W8-2_1","W8-2","8w_2d",2667,15230.5,378.66066,2162.42639,378.66066,2162.42639,101,304,1,"EVT3",0.879537126432383,8,378.66066,2162.42639,"EVT3","EVT3",0.879537126432383,"EVT3","author","EVT3","author",2.88416257774117,6.09214605685855,0.347449993211012,0.107758109879363,-5.08188011964571,-0.84216431403531,-0.0895502365797925,NA,6.09214605685855,"vCTB","N7","starmap",3.70394432608281,0.950291864283108,"EVT3"
"W8-2_W8-2_tile_1_cell_517","W8-2",189,73,"W8-2",8,"tile_W8-2_1","W8-2","8w_2d",2616,15132,371.41968,2148.44136,371.41968,2148.44136,73,189,1,"EVT3",0.558009513298074,8,371.41968,2148.44136,"EVT3","EVT3",0.558009513298074,"EVT3","author","EVT3","author",2.45609885097796,5.44518045005884,0.610188103696831,0.0365501927194743,-4.94445256577604,-0.83448156801325,-0.088589813206709,NA,5.44518045005884,"vCTB","N7","starmap",3.94940538117448,0.960780736957315,"EVT3"
"W8-2_W8-2_tile_1_cell_593","W8-2",248,69,"W8-2",8,"tile_W8-2_1","W8-2","8w_2d",2211,15407.5,313.91778,2187.55685,313.91778,2187.55685,69,248,1,"EVT2",0.44748215531502,8,313.91778,2187.55685,"EVT2","EVT2",0.44748215531502,"EVT2","author","EVT2","author",1.91651984230066,5.23924697115091,0.104186981921952,-0.0388173623772008,-4.84548391454542,-0.83425655128728,-0.101687236622722,NA,5.23924697115091,"vCTB","N7","starmap",3.08517814392292,0.941991973732215,"EVT2"
"W8-2_W8-2_tile_1_cell_594","W8-2",110,69,"W8-2",8,"tile_W8-2_1","W8-2","8w_2d",2316,14946,328.82568,2122.03308,328.82568,2122.03308,69,110,1,"EVT3",0.539136153851571,8,328.82568,2122.03308,"EVT3","EVT3",0.539136153851571,"EVT3","author","EVT3","author",2.73402381057409,5.71692893523131,0.366598990700556,0.0249556543206791,-5.03969984061938,-0.835911717474791,-0.0916902864388844,NA,5.71692893523131,"vCTB","N7","starmap",4.11606647039389,0.967438890915724,"EVT3"
"W8-2_W8-2_tile_1_cell_604","W8-2",425,206,"W8-2",8,"tile_W8-2_1","W8-2","8w_2d",2094,15110,297.30612,2145.3178,297.30612,2145.3178,206,425,6,"EVT3",0.821026877921101,8,297.30612,2145.3178,"EVT3","EVT3",0.821026877921101,"EVT3","author","EVT3","author",3.40884572881717,9.42503206624897,0.378000316790808,0.0321071444743728,-4.68562853695236,-0.837342526204463,-0.0926356235553121,NA,9.42503206624897,"vCTB","N7","starmap",4.1578990241939,0.968350966800438,"EVT3"
"W8-2_W8-2_tile_1_cell_669","W8-2",377,140,"W8-2",8,"tile_W8-2_1","W8-2","8w_2d",2321,15391,329.53558,2185.21418,329.53558,2185.21418,140,377,6,"EVT3",0.980865023104532,8,329.53558,2185.21418,"EVT3","EVT3",0.980865023104532,"EVT3","author","EVT3","author",3.34780002591907,6.12469295813085,0.874563046997017,-0.0190655371099523,-4.9360694531857,-0.829536293713577,-0.0899354411519835,NA,6.12469295813085,"vCTB","N7","starmap",4.28961687190699,0.973002553812477,"EVT3"
"W8-2_W8-2_tile_1_cell_708","W8-2",130,64,"W8-2",8,"tile_W8-2_1","W8-2","8w_2d",2323,15846.5,329.81954,2249.88607,329.81954,2249.88607,64,130,1,"EVT2",0.472390684163222,8,329.81954,2249.88607,"EVT2","EVT2",0.472390684163222,"EVT2","author","EVT2","author",2.23525795578935,5.04769972689101,0.828307655213294,0.0209810930764099,-4.93188171286018,-0.835971031639642,-0.0872710950004993,NA,5.04769972689101,"vCTB","N7","starmap",3.87030325797566,0.956220357533747,"EVT2"
"W8-2_W8-2_tile_1_cell_729","W8-2",409,194,"W8-2",8,"tile_W8-2_1","W8-2","8w_2d",2163,15594,307.10274,2214.03612,307.10274,2214.03612,194,409,6,"EVT3",0.827186195611246,8,307.10274,2214.03612,"EVT3","EVT3",0.827186195611246,"EVT3","author","EVT3","author",3.9634542457657,10.2383737204184,0.653460296112558,0.0725790055053004,-4.68527260503347,-0.848277286486235,-0.092531024919249,NA,10.2383737204184,"vCTB","N7","starmap",4.63665484250054,0.981120029186428,"EVT3"
"W8-2_W8-2_tile_1_cell_735","W8-2",164,78,"W8-2",8,"tile_W8-2_1","W8-2","8w_2d",2545,15004.5,361.3391,2130.33891,361.3391,2130.33891,78,164,1,"EVT3",0.608232639216164,8,361.3391,2130.33891,"EVT3","EVT3",0.608232639216164,"EVT3","author","EVT3","author",2.95349561543668,5.26951893043779,0.268970710168964,0.0181510224737073,-5.05537202329,-0.826963573488493,-0.0864969071622577,NA,5.26951893043779,"vCTB","N7","starmap",4.61025682022754,0.9805727836556,"EVT3"
"W8-2_W8-2_tile_1_cell_764","W8-2",154,85,"W8-2",8,"tile_W8-2_1","W8-2","8w_2d",2247.5,16149,319.10005,2292.83502,319.10005,2292.83502,85,154,1,"EVT3",0.893156635962988,8,319.10005,2292.83502,"EVT3","EVT3",0.893156635962988,"EVT3","author","EVT3","author",3.12843224473051,6.50311859693567,0.197155385195059,0.0243894394267154,-5.10488870604626,-0.83708109163299,-0.0848151966287484,NA,6.50311859693567,"vCTB","N7","starmap",4.29237278521105,0.973276176577891,"EVT3"
"W8-2_W8-2_tile_1_cell_777","W8-2",338,135,"W8-2",8,"tile_W8-2_1","W8-2","8w_2d",2305.5,15287,327.33489,2170.44826,327.33489,2170.44826,135,338,1,"EVT3",1,8,327.33489,2170.44826,"EVT3","EVT3",1,"EVT3","author","EVT3","author",3.22224087041873,5.88838227121845,0.0997511646273391,-0.0111887810860279,-5.06461544758196,-0.824250616088874,-0.0907607015996524,NA,5.88838227121845,"vCTB","N7","starmap",4.29118477865691,0.97318496898942,"EVT3"
"W8-2_W8-2_tile_1_cell_820","W8-2",225,91,"W8-2",8,"tile_W8-2_1","W8-2","8w_2d",2182,15190,309.80036,2156.6762,309.80036,2156.6762,91,225,1,"EVT3",0.739175557432872,8,309.80036,2156.6762,"EVT3","EVT3",0.739175557432872,"EVT3","author","EVT3","author",2.86992966171661,5.2168034901349,0.552290220579406,0.0241265090695932,-5.04837141454406,-0.858456763778549,-0.0878847133196311,NA,5.2168034901349,"vCTB","N7","starmap",4.77889331902588,0.98321780372127,"EVT3"
"W8-2_W8-2_tile_1_cell_829","W8-2",216,119,"W8-2",8,"tile_W8-2_1","W8-2","8w_2d",2048,16439.5,290.77504,2334.08021,290.77504,2334.08021,119,216,1,"EVT3",0.778647604833678,8,290.77504,2334.08021,"EVT3","EVT3",0.778647604833678,"EVT3","author","EVT3","author",2.82059589495009,6.11652064345183,0.245315091761844,0.0799736770723265,-5.07784635283034,-0.846670415994462,-0.0896074008670597,NA,6.11652064345183,"vCTB","N7","starmap",3.82883575254691,0.954031375410434,"EVT3"
"W8-2_W8-2_tile_1_cell_834","W8-2",658,187,"W8-2",8,"tile_W8-2_1","W8-2","8w_2d",2669.5,15636,379.01561,2219.99928,379.01561,2219.99928,187,658,11,"EVT3",0.922889427135373,8,379.01561,2219.99928,"EVT3","EVT3",0.922889427135373,"EVT3","author","EVT3","author",3.29864652301666,6.27410917598602,0.113716183190988,0.0127992410690465,-5.04654455173577,-0.821349044355242,-0.0805918263511984,NA,6.27410917598602,"vCTB","N7","starmap",4.55802952027324,0.979751915359358,"EVT3"
"W8-2_W8-2_tile_1_cell_883","W8-2",502,238,"W8-2",8,"tile_W8-2_1","W8-2","8w_2d",1947.5,15011,276.50605,2131.26178,276.50605,2131.26178,238,502,6,"EVT3",0.678876719543813,8,276.50605,2131.26178,"EVT3","EVT3",0.678876719543813,"EVT3","author","EVT3","author",3.89138822337051,8.56333858330744,1.22456124889367,-0.0692636872024882,-4.61574466679449,-0.762401210256035,-0.0876756917695412,NA,8.56333858330744,"vCTB","N7","starmap",4.61944668113456,0.980937614009486,"EVT3"
"W8-2_W8-2_tile_1_cell_892","W8-2",673,234,"W8-2",8,"tile_W8-2_1","W8-2","8w_2d",2553,15323,362.47494,2175.55954,362.47494,2175.55954,234,673,6,"EVT3",0.840810893612918,8,362.47494,2175.55954,"EVT3","EVT3",0.840810893612918,"EVT3","author","EVT3","author",3.57851358364998,7.72786839395225,0.775598023975711,-0.0582458514383927,-4.79612653586277,-0.736978552908891,-0.0863190356853637,NA,7.72786839395225,"vCTB","N7","starmap",4.85389869203115,0.984859540313754,"EVT3"
"W8-2_W8-2_tile_1_cell_944","W8-2",165,135,"W8-2",8,"tile_W8-2_1","W8-2","8w_2d",3404,16536,483.29992,2347.78128,483.29992,2347.78128,135,165,3,"Hofbauer cells",0.419029728625135,8,483.29992,2347.78128,"Hofbauer cells","Hofbauer cells",0.419029728625135,"Hofbauer cells","author","Hofbauer cells","author",-1.95901404030732,-2.44795536683512,-0.924230425991069,-0.280319094045337,-3.90305854387729,1.82585604235894,0.622275981864659,NA,1.82585604235894,"Macrophage","N1","starmap",1.86629265700774,0.896844217438891,"Hofbauer cells"
"W8-2_W8-2_tile_1_cell_947","W8-2",387,132,"W8-2",8,"tile_W8-2_1","W8-2","8w_2d",2904,16514,412.30992,2344.65772,412.30992,2344.65772,132,387,7,"EVT3",0.447000086697155,8,412.30992,2344.65772,"EVT3","EVT3",0.447000086697155,"EVT3","author","EVT3","author",3.33577095894251,6.5517828626741,0.0825461262648057,0.0496109555269958,-5.03319757333674,-0.82664253164167,-0.0856232581576893,NA,6.5517828626741,"vCTB","N1","starmap",4.30884369964515,0.974005837285662,"EVT3"
"W8-2_W8-2_tile_1_cell_949","W8-2",165,96,"W8-2",8,"tile_W8-2_1","W8-2","8w_2d",2166,16525,307.52868,2346.2195,307.52868,2346.2195,96,165,6,"EVT3",0.589941556579768,8,307.52868,2346.2195,"EVT3","EVT3",0.589941556579768,"EVT3","author","EVT3","author",3.28487744940997,5.65760470488669,0.168861297046253,0.0663465584703508,-5.09813995782529,-0.805783104077415,-0.0858942073367376,NA,5.65760470488669,"vCTB","N7","starmap",4.672525946453,0.981758482305728,"EVT3"
"W8-2_W8-2_tile_1_cell_951","W8-2",101,60,"W8-2",8,"tile_W8-2_1","W8-2","8w_2d",1857,16480,263.65686,2339.8304,263.65686,2339.8304,60,101,1,"EVT2",0.471481204382242,8,263.65686,2339.8304,"EVT2","EVT2",0.471481204382242,"EVT2","author","EVT2","author",2.21204749680923,4.73498101074572,0.887422140302176,-0.0576514649601307,-4.86044256409344,-0.831585837904886,-0.0854782025011996,NA,4.73498101074572,"vCTB","N7","starmap",3.76773836970269,0.951842393287122,"EVT2"
"W8-2_W8-2_tile_1_cell_953","W8-2",342,186,"W8-2",8,"tile_W8-2_1","W8-2","8w_2d",2162.5,16440,307.03175,2334.1512,307.03175,2334.1512,186,342,6,"EVT3",0.955689646102377,8,307.03175,2334.1512,"EVT3","EVT3",0.955689646102377,"EVT3","author","EVT3","author",3.90715150596834,9.67330378580901,0.586234283079482,0.0317137934491276,-4.84876297968474,-0.83801002427649,-0.0868955955746704,NA,9.67330378580901,"vCTB","N7","starmap",5.04163387852773,0.988143013498723,"EVT3"
"W8-2_W8-2_tile_1_cell_959","W8-2",84,66,"W8-2",8,"tile_W8-2_1","W8-2","8w_2d",1893,16416.5,268.76814,2330.81467,268.76814,2330.81467,66,84,1,"EVT3",0.754497755705546,8,268.76814,2330.81467,"EVT3","EVT3",0.754497755705546,"EVT3","author","EVT3","author",3.27965455691892,6.46107452180357,0.274082732790755,0.0401349938066436,-5.11368630596557,-0.840465040563212,-0.087153272491347,NA,6.46107452180357,"vCTB","N7","starmap",4.33801577081549,0.97519153593579,"EVT3"
"W8-2_W8-2_tile_1_cell_962","W8-2",227,125,"W8-2",8,"tile_W8-2_1","W8-2","8w_2d",1940,16374,275.4412,2324.78052,275.4412,2324.78052,125,227,1,"EVT3",1,8,275.4412,2324.78052,"EVT3","EVT3",1,"EVT3","author","EVT3","author",3.15077876383664,6.33352012237107,0.073528665304486,0.0117779547550529,-5.09813686770473,-0.832127163691713,-0.0881960126073061,NA,6.33352012237107,"vCTB","N7","starmap",4.06217504621786,0.96579715432324,"EVT3"
"W8-2_W8-2_tile_1_cell_963","W8-2",365,103,"W8-2",8,"tile_W8-2_1","W8-2","8w_2d",2146,16355,304.68908,2322.0829,304.68908,2322.0829,103,365,1,"EVT2",0.475503157079603,8,304.68908,2322.0829,"EVT2","EVT2",0.475503157079603,"EVT2","author","EVT2","author",2.15368953490513,4.9221841056908,0.851506027292294,0.0146719629342894,-4.92100078603282,-0.835976733037613,-0.0864015856568395,NA,4.9221841056908,"vCTB","N7","starmap",3.86412304130123,0.955673112002919,"EVT2"
"W8-2_W8-2_tile_1_cell_969","W8-2",150,80,"W8-2",8,"tile_W8-2_1","W8-2","8w_2d",2287,16358,324.70826,2322.50884,324.70826,2322.50884,80,150,1,"EVT2",0.710030274189188,8,324.70826,2322.50884,"EVT2","EVT2",0.710030274189188,"EVT2","author","EVT2","author",1.70192625527425,1.76411704421832,-0.832616629522868,-0.125327689841978,-4.21977924233541,-0.769015671482781,-0.10287301933295,NA,1.76411704421832,"vCTB","N7","starmap",1.039822022787,0.806457497263772,"EVT2"
"W8-2_W8-2_tile_1_cell_972","W8-2",453,141,"W8-2",8,"tile_W8-2_1","W8-2","8w_2d",2386,16320,338.76428,2317.1136,338.76428,2317.1136,141,453,2,"EVT3",0.262820381005166,8,338.76428,2317.1136,"EVT3","EVT3",0.262820381005166,"EVT3","author","EVT3","author",2.74398914300144,4.68067226346707,1.64688927876886,-0.0644595341184731,-5.04027615884627,-0.788976770491367,-0.0857101246377617,NA,4.68067226346707,"vCTB","N7","starmap",3.80724450317759,0.953028091937249,"EVT3"
"W8-2_W8-2_tile_1_cell_975","W8-2",462,132,"W8-2",8,"tile_W8-2_1","W8-2","8w_2d",3048.5,16296,432.82603,2313.70608,432.82603,2313.70608,132,462,7,"EVT3",0.417265827326966,8,432.82603,2313.70608,"EVT3","EVT3",0.417265827326966,"EVT3","author","EVT3","author",2.99635561833247,5.50097094780503,0.315794549611682,0.0308210989960356,-5.08172012495285,-0.829850174511616,-0.087171626698232,NA,5.50097094780503,"vCTB","N1","starmap",4.43841495741512,0.977654140824517,"EVT3"
"W8-2_W8-2_tile_1_cell_978","W8-2",637,154,"W8-2",8,"tile_W8-2_1","W8-2","8w_2d",2880,16268,408.9024,2309.73064,408.9024,2309.73064,154,637,7,"EVT3",0.665911234887673,8,408.9024,2309.73064,"EVT3","EVT3",0.665911234887673,"EVT3","author","EVT3","author",2.61698646550893,5.27254463243453,1.24822881251473,-0.0241003089760437,-4.92972043094047,-0.846822436724901,-0.0877663415657886,NA,5.27254463243453,"vCTB","N1","starmap",3.94559471892725,0.960415906603429,"EVT3"
"W8-2_W8-2_tile_1_cell_981","W8-2",174,139,"W8-2",8,"tile_W8-2_1","W8-2","8w_2d",3654,16217.5,518.79492,2302.56065,518.79492,2302.56065,139,174,9,"Hofbauer cells",0.631108700065203,8,518.79492,2302.56065,"Hofbauer cells","Hofbauer cells",0.631108700065203,"Hofbauer cells","author","Hofbauer cells","author",-2.01469725035768,-2.38953196944558,-0.931192048606898,-0.252505333205023,-3.70569753868142,2.80766346786845,0.623725554847065,NA,2.80766346786845,"Macrophage","N2","starmap",1.17021809323195,0.826249543962058,"Hofbauer cells"
"W8-2_W8-2_tile_1_cell_982","W8-2",307,110,"W8-2",8,"tile_W8-2_1","W8-2","8w_2d",3177,16222,451.07046,2303.19956,451.07046,2303.19956,110,307,2,"EVT2",0.358253147916657,8,451.07046,2303.19956,"EVT2","EVT2",0.358253147916657,"EVT2","author","EVT2","author",2.29234076594904,5.30527409716075,0.700661590085582,0.0439385243228435,-4.93636475863079,-0.832044559248151,-0.0897512465879616,NA,5.30527409716075,"vCTB","N1","starmap",3.88304019189119,0.956950018241518,"EVT2"
"W8-2_W8-2_tile_1_cell_984","W8-2",201,105,"W8-2",8,"tile_W8-2_1","W8-2","8w_2d",2318,16202,329.10964,2300.35996,329.10964,2300.35996,105,201,6,"EVT3",0.826979161669002,8,329.10964,2300.35996,"EVT3","EVT3",0.826979161669002,"EVT3","author","EVT3","author",3.09422452878192,6.24474026855106,0.243923012875628,0.0315936171272296,-5.07973978147027,-0.836228551435479,-0.0857600656062332,NA,6.24474026855106,"vCTB","N7","starmap",4.32924155353383,0.974826705581904,"EVT3"
"W8-2_W8-2_tile_1_cell_988","W8-2",358,141,"W8-2",8,"tile_W8-2_1","W8-2","8w_2d",1893,16171,268.76814,2295.95858,268.76814,2295.95858,141,358,1,"EVT3",0.736375157855288,8,268.76814,2295.95858,"EVT3","EVT3",0.736375157855288,"EVT3","author","EVT3","author",3.27897029372623,6.33252425255479,0.111840976118671,0.091001448345759,-5.0091022538771,-0.823881666659719,-0.0829513279846389,NA,6.33252425255479,"vCTB","N7","starmap",4.45355625521154,0.978110178766873,"EVT3"
"W8-2_W8-2_tile_1_cell_992","W8-2",174,77,"W8-2",8,"tile_W8-2_1","W8-2","8w_2d",3204,16121,454.90392,2288.85958,454.90392,2288.85958,77,174,2,"EVT2",0.685293230774559,8,454.90392,2288.85958,"EVT2","EVT2",0.685293230774559,"EVT2","author","EVT2","author",1.18281803474,1.76003940151385,-0.899308934211658,-0.169960200784268,-4.00809185725107,-0.730956331125201,-0.103138372927916,NA,1.76003940151385,"vCTB","N1","starmap",1.14855520678967,0.822418825246261,"EVT2"
"W8-2_W8-2_tile_1_cell_993","W8-2",423,117,"W8-2",8,"tile_W8-2_1","W8-2","8w_2d",2830,16143,401.8034,2291.98314,401.8034,2291.98314,117,423,2,"EVT2",0.652097019721354,8,401.8034,2291.98314,"EVT2","EVT2",0.652097019721354,"EVT2","author","EVT2","author",3.67165797155397,4.75044955548204,0.80692286571554,-0.0741046218942975,-4.83498733488642,-0.881558572068652,-0.0924787098359073,NA,4.75044955548204,"vCTB","N1","starmap",3.97512458477968,0.961966435607443,"EVT2"
"W8-2_W8-2_tile_1_cell_994","W8-2",290,116,"W8-2",8,"tile_W8-2_1","W8-2","8w_2d",2331.5,16098,331.02637,2285.59404,331.02637,2285.59404,116,290,1,"EVT2",0.477969627520843,8,331.02637,2285.59404,"EVT2","EVT2",0.477969627520843,"EVT2","author","EVT2","author",2.51989373367629,5.59180171428389,0.36217436516113,0.0417829340931685,-4.99584353785756,-0.843170768586127,-0.0889254406943105,NA,5.59180171428389,"vCTB","N7","starmap",4.26477318309967,0.97181685516235,"EVT2"
"W8-2_W8-2_tile_1_cell_996","W8-2",371,113,"W8-2",8,"tile_W8-2_1","W8-2","8w_2d",2042,16104,289.92316,2286.44592,289.92316,2286.44592,113,371,1,"EVT3",0.789289474316509,8,289.92316,2286.44592,"EVT3","EVT3",0.789289474316509,"EVT3","author","EVT3","author",3.29328109367142,7.10244155543129,0.158687501859805,0.0115849962575023,-5.14295162759253,-0.834749905868453,-0.0855558918235924,NA,7.10244155543129,"vCTB","N7","starmap",4.82041844118943,0.984129879605983,"EVT3"
"W8-2_W8-2_tile_1_cell_997","W8-2",93,63,"W8-2",8,"tile_W8-2_1","W8-2","8w_2d",2643,16082,375.25314,2283.32236,375.25314,2283.32236,63,93,1,"EVT2",0.770887695145637,8,375.25314,2283.32236,"EVT2","EVT2",0.770887695145637,"EVT2","author","EVT2","author",1.33481874575293,2.16591854351369,-0.894082821766704,-0.161435654843079,-4.10461387716934,-0.725245108336164,-0.107825463033257,NA,2.16591854351369,"vCTB","N1","starmap",0.992385157329796,0.798887267420649,"EVT2"
"W8-2_W8-2_tile_1_cell_998","W8-2",414,115,"W8-2",8,"tile_W8-2_1","W8-2","8w_2d",2884,16053,409.47032,2279.20494,409.47032,2279.20494,115,414,7,"EVT3",0.596113616458881,8,409.47032,2279.20494,"EVT3","EVT3",0.596113616458881,"EVT3","author","EVT3","author",2.78757189507136,5.55220182747829,0.314242080133454,0.0196459156872576,-5.03787137227234,-0.8377448907154,-0.0906900533112548,NA,5.55220182747829,"vCTB","N1","starmap",4.31975464032165,0.974279460051076,"EVT3"
"W8-2_W8-2_tile_20_cell_1012","W8-2",138,89,"W8-2",8,"tile_W8-2_20","W8-2","8w_2d",8281.5,5805.5,1175.80737,824.26489,1175.80737,824.26489,89,138,11,"Fibroblast2",0.330938833222093,8,1175.80737,824.26489,"Fibroblast2","Fibroblast2",0.330938833222093,"Fibroblast2","author","Fibroblast2","author",-0.739100948324169,-2.51007871684048,-0.995195604619164,-0.247779489468073,29.7329471562976,-0.638205596673446,-0.0650876230140465,NA,29.7329471562976,"Fibroblast","N4","starmap",0.999133556690123,0.799981758482306,"Fibroblast2"
"W8-2_W8-2_tile_20_cell_385","W8-2",116,79,"W8-2",8,"tile_W8-2_20","W8-2","8w_2d",8230.5,7058,1168.56639,1002.09484,1168.56639,1002.09484,79,116,4,"Fibroblast2",0.359758554947187,8,1168.56639,1002.09484,"Fibroblast2","Fibroblast2",0.359758554947187,"Fibroblast2","author","Fibroblast2","author",-0.983779369011887,-2.36751801194081,-0.973666507766307,-0.226099018210505,23.3578354625429,-0.0504276467345416,-0.156501846201693,NA,23.3578354625429,"Fibroblast","N6","starmap",2.35660504563631,0.924115286391828,"Fibroblast2"
"W8-2_W8-2_tile_20_cell_41","W8-2",95,64,"W8-2",8,"tile_W8-2_20","W8-2","8w_2d",8086,6876,1148.05028,976.25448,1148.05028,976.25448,64,95,9,"Hofbauer cells",0.666523714451636,8,1148.05028,976.25448,"Hofbauer cells","Hofbauer cells",0.666523714451636,"Hofbauer cells","author","Hofbauer cells","author",-2.08491893353054,-2.43269087172824,-0.931270503140339,-0.261356759576194,-3.8708891171222,2.15253916843806,0.70411125523215,NA,2.15253916843806,"Macrophage","N6","starmap",1.16037449416234,0.82442539219263,"Hofbauer cells"
"W8-2_W8-2_tile_20_cell_433","W8-2",268,167,"W8-2",8,"tile_W8-2_20","W8-2","8w_2d",7599,6501,1078.90602,923.01198,1078.90602,923.01198,167,268,9,"Hofbauer cells",0.761101157009496,8,1078.90602,923.01198,"Hofbauer cells","Hofbauer cells",0.761101157009496,"Hofbauer cells","author","Hofbauer cells","author",-2.06993854350663,-2.45814120333445,-0.940627536227425,-0.257501056232718,-3.76950953092181,2.57905777873733,0.714375182636563,NA,2.57905777873733,"Macrophage","N6","starmap",0.89230415984656,0.783108354615104,"Hofbauer cells"
"W8-2_W8-2_tile_20_cell_901","W8-2",389,270,"W8-2",8,"tile_W8-2_20","W8-2","8w_2d",7635,7300,1084.0173,1036.454,1084.0173,1036.454,270,389,3,"Fibroblast2",0.462763010323079,8,1084.0173,1036.454,"Fibroblast2","Fibroblast2",0.462763010323079,"Fibroblast2","author","Fibroblast2","author",-0.606844645496914,-2.49844213300713,-1.0791955688645,-0.229508504570451,35.2947249674305,-0.456945678785625,-0.120016626783913,NA,35.2947249674305,"Fibroblast","N2","starmap",1.2815268169257,0.840933965705947,"Fibroblast2"
"W8-2_W8-2_tile_20_cell_926","W8-2",101,80,"W8-2",8,"tile_W8-2_20","W8-2","8w_2d",8532,6921,1211.37336,982.64358,1211.37336,982.64358,80,101,11,"Fibroblast2",0.250032779564045,8,1211.37336,982.64358,"Fibroblast2","Fibroblast2",0.250032779564045,"Fibroblast2","author","Fibroblast2","author",-0.953836164139158,-2.39318514266001,-0.971258955263493,-0.231588029223857,23.7352850850979,-0.417160369613053,-0.151916176372326,NA,23.7352850850979,"Fibroblast","N6","starmap",1.14288197650155,0.82168916453849,"Fibroblast2"
"W8-2_W8-2_tile_20_cell_945","W8-2",227,148,"W8-2",8,"tile_W8-2_20","W8-2","8w_2d",7790,6647,1106.0242,943.74106,1106.0242,943.74106,148,227,9,"Hofbauer cells",0.372178768714402,8,1106.0242,943.74106,"Hofbauer cells","Hofbauer cells",0.372178768714402,"Hofbauer cells","author","Hofbauer cells","author",-1.98937277363747,-2.49517062936195,-0.931050803823461,-0.245529206136472,-3.87107700275371,1.67019485058565,0.587425946700694,NA,1.67019485058565,"Macrophage","N6","starmap",1.1016980368706,0.81503101058008,"Hofbauer cells"
"W8-2_W8-2_tile_20_cell_989","W8-2",674,309,"W8-2",8,"tile_W8-2_20","W8-2","8w_2d",8718,6138,1237.78164,871.47324,1237.78164,871.47324,309,674,9,"maternal macrophages",0.606005590546148,8,1237.78164,871.47324,"maternal macrophages","maternal macrophages",0.606005590546148,"maternal macrophages","author","maternal macrophages","author",-0.782003032437976,-2.38540540930543,-0.940711685564836,-0.0234447485106369,3.8836503670353,4.95764351357681,0.370630364841981,NA,4.95764351357681,"Macrophage","N6","starmap",0.882813921335829,0.781922655964976,"maternal macrophages"
"W8-2_W8-2_tile_21_cell_150","W8-2",273,154,"W8-2",8,"tile_W8-2_21","W8-2","8w_2d",5749,5959,816.24302,846.05882,816.24302,846.05882,154,273,7,"Hofbauer cells",0.461473993721941,8,816.24302,846.05882,"Hofbauer cells","Hofbauer cells",0.461473993721941,"Hofbauer cells","author","Hofbauer cells","author",-1.99837625631804,-2.47784392207641,-0.938879731638684,-0.257657423524605,-3.88967898557229,2.10182114110195,0.672612736274951,NA,2.10182114110195,"Macrophage","N2","starmap",1.25304340849783,0.83710324699015,"Hofbauer cells"
"W8-2_W8-2_tile_21_cell_575","W8-2",301,98,"W8-2",8,"tile_W8-2_21","W8-2","8w_2d",7081,5704,1005.36038,809.85392,1005.36038,809.85392,98,301,7,"EVT2",0.330905414969783,8,1005.36038,809.85392,"EVT2","EVT2",0.330905414969783,"EVT2","author","EVT2","author",2.42749609673046,4.5128124443413,0.921987003684891,-0.0554163946592733,-4.84825063750677,-0.830605245531886,-0.0851241846770241,NA,4.5128124443413,"vCTB","N2","starmap",3.77600267877488,0.952024808464064,"EVT2"
"W8-2_W8-2_tile_21_cell_639","W8-2",207,86,"W8-2",8,"tile_W8-2_21","W8-2","8w_2d",7242,5722,1028.21916,812.40956,1028.21916,812.40956,86,207,7,"EVT2",0.410043619547212,8,1028.21916,812.40956,"EVT2","EVT2",0.410043619547212,"EVT2","author","EVT2","author",2.51316383456379,5.58085042329255,0.504319310543224,0.0499350831598767,-4.98493789920106,-0.841274187513281,-0.0880842978959876,NA,5.58085042329255,"vCTB","N2","starmap",4.25389778036308,0.971452024808464,"EVT2"
"W8-2_W8-2_tile_21_cell_656","W8-2",407,182,"W8-2",8,"tile_W8-2_21","W8-2","8w_2d",5932,5892,842.22536,836.54616,842.22536,836.54616,182,407,10,"EVT3",0.422542225261179,8,842.22536,836.54616,"EVT3","EVT3",0.422542225261179,"EVT3","author","EVT3","author",3.95214092124303,6.92809050730616,0.177576065278931,0.00823702135647442,-4.90160501623302,-0.827349129737472,-0.085115198748913,NA,6.92809050730616,"vCTB","N2","starmap",5.00044380400831,0.987413352790952,"EVT3"
"W8-2_W8-2_tile_21_cell_668","W8-2",84,59,"W8-2",8,"tile_W8-2_21","W8-2","8w_2d",5925,5760,841.2315,817.8048,841.2315,817.8048,59,84,4,"Fibroblast2",0.413283616312118,8,841.2315,817.8048,"Fibroblast2","Fibroblast2",0.413283616312118,"Fibroblast2","author","Fibroblast2","author",-0.659345390074052,-2.35762717807457,-0.964099472592525,-0.261192638053674,33.6419028459398,-0.583316917146356,-0.131400319916679,NA,33.6419028459398,"Fibroblast","N2","starmap",1.16652033796004,0.825611090842758,"Fibroblast2"
"W8-2_W8-2_tile_21_cell_714","W8-2",219,146,"W8-2",8,"tile_W8-2_21","W8-2","8w_2d",7007,6227,994.85386,884.10946,994.85386,884.10946,146,219,5,"vCTB2",0.279967859718357,8,994.85386,884.10946,"vCTB2","vCTB2",0.279967859718357,"vCTB2","author","vCTB2","author",-1.12091274271849,-2.75958984424111,-0.973437263882912,-0.280896718633979,14.2255365638784,0.0850658478709108,-0.118167124070483,NA,14.2255365638784,"Fibroblast","N6","starmap",0.881267259191826,0.781740240788034,"vCTB2"
"W8-2_W8-2_tile_21_cell_838","W8-2",128,102,"W8-2",8,"tile_W8-2_21","W8-2","8w_2d",6548,7334,929.68504,1041.28132,929.68504,1041.28132,102,128,0,"unknown3",0.262957359299468,8,929.68504,1041.28132,"unknown3","unknown3",0.262957359299468,"unknown3","author","unknown3","author",-0.736841647687488,-2.0438280079135,-0.966553052922358,-0.25165795351076,31.4094291934814,-0.578936253588113,-0.135676196343938,NA,31.4094291934814,"Fibroblast","N6","starmap",2.77320441390901,0.935060197008391,"unknown3"
"W8-2_W8-2_tile_21_cell_873","W8-2",237,142,"W8-2",8,"tile_W8-2_21","W8-2","8w_2d",6697,6644,950.84006,943.31512,950.84006,943.31512,142,237,9,"Hofbauer cells",0.686681211973751,8,950.84006,943.31512,"Hofbauer cells","Hofbauer cells",0.686681211973751,"Hofbauer cells","author","Hofbauer cells","author",-2.12125336640997,-2.50117663806476,-0.932747178601499,-0.257953611951224,-3.83249595956582,2.63127347994883,0.820749903355103,NA,2.63127347994883,"Macrophage","N4","starmap",0.766571509893035,0.762404232032105,"Hofbauer cells"
"W8-2_W8-2_tile_21_cell_913","W8-2",264,145,"W8-2",8,"tile_W8-2_21","W8-2","8w_2d",5834,5924,828.31132,841.08952,828.31132,841.08952,145,264,10,"STB",0.283597448181815,8,828.31132,841.08952,"STB","STB",0.283597448181815,"STB","author","STB","author",-2.1782696993286,-2.51748496439659,-0.94823263140517,-0.273133646579386,-3.98161507750407,2.18272281303442,0.716220783546018,NA,2.18272281303442,"Macrophage","N2","starmap",0.970139887925127,0.796424662531923,"STB"
"W8-2_W8-2_tile_21_cell_930","W8-2",230,85,"W8-2",8,"tile_W8-2_21","W8-2","8w_2d",7216,5760,1024.52768,817.8048,1024.52768,817.8048,85,230,7,"EVT3",0.485648971244851,8,1024.52768,817.8048,"EVT3","EVT3",0.485648971244851,"EVT3","author","EVT3","author",2.65024219607417,5.48717448070052,0.338282065085833,0.00642077169755589,-5.0572928936616,-0.874870431958883,-0.0921350843210225,NA,5.48717448070052,"vCTB","N2","starmap",4.22907685790279,0.970448741335279,"EVT3"
"W8-2_W8-2_tile_21_cell_931","W8-2",364,119,"W8-2",8,"tile_W8-2_21","W8-2","8w_2d",6164,5747.5,875.16472,816.03005,875.16472,816.03005,119,364,7,"EVT3",0.651564610689395,8,875.16472,816.03005,"EVT3","EVT3",0.651564610689395,"EVT3","author","EVT3","author",2.81398044702623,5.58278237165292,0.335530980174163,0.0226319035310935,-5.04242308063194,-0.834806262969051,-0.0909253589137456,NA,5.58278237165292,"vCTB","N4","starmap",4.29501923819568,0.973641006931777,"EVT3"
"W8-2_W8-2_tile_21_cell_933","W8-2",692,157,"W8-2",8,"tile_W8-2_21","W8-2","8w_2d",6283,5696,892.06034,808.71808,892.06034,808.71808,157,692,7,"EVT3",0.517187586033309,8,892.06034,808.71808,"EVT3","EVT3",0.517187586033309,"EVT3","author","EVT3","author",3.158072621368,4.79561541570803,1.12059534927248,-0.106151294318801,-4.87744126241736,-0.779157055281727,-0.0876681202401487,NA,4.79561541570803,"vCTB","N4","starmap",4.48929829853567,0.97856621670923,"EVT3"
"W8-2_W8-2_tile_21_cell_934","W8-2",708,131,"W8-2",8,"tile_W8-2_21","W8-2","8w_2d",6741.5,5682.5,957.15817,806.80135,957.15817,806.80135,131,708,7,"EVT2",0.323348236243858,8,957.15817,806.80135,"EVT2","EVT2",0.323348236243858,"EVT2","author","EVT2","author",2.63950062524137,5.57008536762506,0.357924226891203,0.0246488423380838,-5.04282173888322,-0.839277373520339,-0.0878326645654574,NA,5.57008536762506,"vCTB","N2","starmap",4.06673517917821,0.965979569500182,"EVT2"
"W8-2_W8-2_tile_21_cell_935","W8-2",410,117,"W8-2",8,"tile_W8-2_21","W8-2","8w_2d",7005,5683,994.5699,806.87234,994.5699,806.87234,117,410,7,"STB",0.297522033931372,8,994.5699,806.87234,"STB","STB",0.297522033931372,"STB","author","STB","author",2.41097075710407,5.34041957500517,0.775470853028802,0.0171381759261727,-4.97286840813991,-0.835346615638489,-0.0845612234410206,NA,5.34041957500517,"vCTB","N2","starmap",3.8805587302923,0.956676395476104,"STB"
"W8-2_W8-2_tile_21_cell_939","W8-2",286,100,"W8-2",8,"tile_W8-2_21","W8-2","8w_2d",6939,5680,985.19922,806.4464,985.19922,806.4464,100,286,7,"EVT2",0.409046067638807,8,985.19922,806.4464,"EVT2","EVT2",0.409046067638807,"EVT2","author","EVT2","author",2.5209234392009,5.60093854144946,0.577202753082687,0.035452723191358,-4.98215749930391,-0.83743266220594,-0.087597487911294,NA,5.60093854144946,"vCTB","N2","starmap",3.98788545952581,0.962787303903685,"EVT2"
"W8-2_W8-2_tile_21_cell_945","W8-2",446,126,"W8-2",8,"tile_W8-2_21","W8-2","8w_2d",6836,5643,970.57528,801.19314,970.57528,801.19314,126,446,7,"EVT2",0.305217629984714,8,970.57528,801.19314,"EVT2","EVT2",0.305217629984714,"EVT2","author","EVT2","author",2.68476829370451,5.54566529105254,0.344627168186088,0.0248349954597178,-5.04168234376379,-0.841236872897015,-0.0873360308392032,NA,5.54566529105254,"vCTB","N2","starmap",4.16109054157135,0.968442174388909,"EVT2"
"W8-2_W8-2_tile_21_cell_946","W8-2",294,92,"W8-2",8,"tile_W8-2_21","W8-2","8w_2d",7320,5705,1039.2936,809.9959,1039.2936,809.9959,92,294,7,"EVT3",0.341232088425034,8,1039.2936,809.9959,"EVT3","EVT3",0.341232088425034,"EVT3","author","EVT3","author",2.70605413585319,5.65111183299908,0.301625905764083,0.0150037500406714,-5.03675101476081,-0.850083966453646,-0.0904019625894128,NA,5.65111183299908,"vCTB","N4","starmap",4.23594957018859,0.970995986866107,"EVT3"
"W8-2_W8-2_tile_21_cell_958","W8-2",357,114,"W8-2",8,"tile_W8-2_21","W8-2","8w_2d",6779,5567,962.48242,790.40266,962.48242,790.40266,114,357,7,"EVT3",0.479737003395558,8,962.48242,790.40266,"EVT3","EVT3",0.479737003395558,"EVT3","author","EVT3","author",2.81601584005059,5.927063164935,0.186065055840433,0.0249131357276969,-5.02671325351967,-0.852063958149061,-0.0899106197411716,NA,5.927063164935,"vCTB","N2","starmap",3.66060998746264,0.949014958044509,"EVT3"
"W8-2_W8-2_tile_22_cell_1053","W8-2",87,68,"W8-2",8,"tile_W8-2_22","W8-2","8w_2d",3721,7333,528.30758,1041.13934,528.30758,1041.13934,68,87,0,"vCTB2",0.391631466235918,8,528.30758,1041.13934,"vCTB2","vCTB2",0.391631466235918,"vCTB2","author","vCTB2","author",-2.02189272267493,-2.45499459136228,-0.93712070526414,-0.255415570467465,-3.86456162680588,2.28238693155612,0.692342588646851,NA,2.28238693155612,"Macrophage","N5","starmap",1.0856186450293,0.812385990514411,"vCTB2"
"W8-2_W8-2_tile_22_cell_1104","W8-2",339,169,"W8-2",8,"tile_W8-2_22","W8-2","8w_2d",3947,6860,560.39506,973.9828,560.39506,973.9828,169,339,9,"Hofbauer cells",0.741113965123002,8,560.39506,973.9828,"Hofbauer cells","Hofbauer cells",0.741113965123002,"Hofbauer cells","author","Hofbauer cells","author",-2.09740425839187,-2.48215902079637,-0.959856933070142,-0.262055293307437,-3.69887717484099,2.70101815120769,0.79177817562933,NA,2.70101815120769,"Macrophage","N4","starmap",1.50428080269704,0.866016052535571,"Hofbauer cells"
"W8-2_W8-2_tile_22_cell_1131","W8-2",132,82,"W8-2",8,"tile_W8-2_22","W8-2","8w_2d",4247,6110,602.98906,867.4978,602.98906,867.4978,82,132,4,"Fibroblast2",0.63090671355879,8,602.98906,867.4978,"Fibroblast2","Fibroblast2",0.63090671355879,"Fibroblast2","author","Fibroblast2","author",-1.41281739796901,-1.88072610127867,-0.925071530048367,-0.244504074853163,19.9415146392348,-0.692775030074392,-0.132432395993017,NA,19.9415146392348,"Fibroblast","N8","starmap",0.756678081432233,0.761036118205035,"Fibroblast2"
"W8-2_W8-2_tile_22_cell_1133","W8-2",235,155,"W8-2",8,"tile_W8-2_22","W8-2","8w_2d",5453,6022,774.21694,855.00356,774.21694,855.00356,155,235,10,"unknown2",0.411122795976068,8,774.21694,855.00356,"unknown2","unknown2",0.411122795976068,"unknown2","author","unknown2","author",-1.01158710657996,-2.2798302227964,-0.869850748614751,-0.251271322914226,9.94475620222879,-0.110306320000791,-0.12802763639001,NA,9.94475620222879,"Fibroblast","N5","starmap",1.72789001651762,0.886537759941627,"unknown2"
"W8-2_W8-2_tile_22_cell_1143","W8-2",387,230,"W8-2",8,"tile_W8-2_22","W8-2","8w_2d",4020,5945,570.7596,844.0711,570.7596,844.0711,230,387,3,"Fibroblast2",0.70976499560574,8,570.7596,844.0711,"Fibroblast2","Fibroblast2",0.70976499560574,"Fibroblast2","author","Fibroblast2","author",-0.281502320633084,-2.50902447422742,-0.94910357732889,-0.313610210677465,36.3102551952892,-0.806719450291512,-0.167548585598791,NA,36.3102551952892,"Fibroblast","N8","starmap",0.693625386074068,0.749908792411529,"Fibroblast2"
"W8-2_W8-2_tile_22_cell_1144","W8-2",322,204,"W8-2",8,"tile_W8-2_22","W8-2","8w_2d",4148,5924,588.93304,841.08952,588.93304,841.08952,204,322,9,"Hofbauer cells",0.446636142856917,8,588.93304,841.08952,"Hofbauer cells","Hofbauer cells",0.446636142856917,"Hofbauer cells","author","Hofbauer cells","author",-1.88413650434681,-2.45285760578135,-0.915939867769864,-0.230076476959682,-3.77829540486718,2.0643904962024,0.502998462624964,NA,2.0643904962024,"Macrophage","N8","starmap",1.7631953114724,0.889730025538125,"Hofbauer cells"
"W8-2_W8-2_tile_22_cell_1145","W8-2",328,181,"W8-2",8,"tile_W8-2_22","W8-2","8w_2d",4426,5888,628.40348,835.97824,628.40348,835.97824,181,328,9,"Hofbauer cells",0.705825853452646,8,628.40348,835.97824,"Hofbauer cells","Hofbauer cells",0.705825853452646,"Hofbauer cells","author","Hofbauer cells","author",-2.12190637008165,-2.49796712539787,-0.935022569167992,-0.257506931527629,-3.83554871732641,2.63610446092017,0.818765459499306,NA,2.63610446092017,"Macrophage","N8","starmap",0.779920902640798,0.765140459686246,"Hofbauer cells"
"W8-2_W8-2_tile_22_cell_168","W8-2",238,133,"W8-2",8,"tile_W8-2_22","W8-2","8w_2d",4050,6851,575.019,972.70498,575.019,972.70498,133,238,3,"Fibroblast2",0.802523846311077,8,575.019,972.70498,"Fibroblast2","Fibroblast2",0.802523846311077,"Fibroblast2","author","Fibroblast2","author",-1.0264422579657,-2.20704221301947,-1.003638915122,-0.282494959403201,28.3331189987846,-0.196030345801939,-0.101310689177677,NA,28.3331189987846,"Fibroblast","N4","starmap",0.921028077099369,0.788672017511857,"Fibroblast2"
"W8-2_W8-2_tile_22_cell_208","W8-2",138,85,"W8-2",8,"tile_W8-2_22","W8-2","8w_2d",3945.5,6506.5,560.18209,923.79287,560.18209,923.79287,85,138,4,"Fibroblast2",0.292502831394097,8,560.18209,923.79287,"Fibroblast2","Fibroblast2",0.292502831394097,"Fibroblast2","author","Fibroblast2","author",-1.01977793910052,-2.43477142736716,-1.00298989971289,-0.262650355223365,24.3400793363807,-0.492619319599428,-0.156665638374432,NA,24.3400793363807,"Fibroblast","N8","starmap",1.2875921460029,0.841754834002189,"Fibroblast2"
"W8-2_W8-2_tile_22_cell_722","W8-2",339,198,"W8-2",8,"tile_W8-2_22","W8-2","8w_2d",5050,7121,716.999,1011.03958,716.999,1011.03958,198,339,5,"unknown3",0.347055416794386,8,716.999,1011.03958,"unknown3","unknown3",0.347055416794386,"unknown3","author","unknown3","author",-0.99295186294077,-2.61719239585704,-0.94458704107335,-0.271046068971101,13.9667193444225,0.0381525692075607,-0.119701973855627,NA,13.9667193444225,"Fibroblast","N4","starmap",1.20964418798918,0.832086829624225,"unknown3"
"W8-2_W8-2_tile_23_cell_287","W8-2",121,103,"W8-2",8,"tile_W8-2_23","W8-2","8w_2d",3417,5563,485.14566,789.83474,485.14566,789.83474,103,121,4,"Fibroblast2",0.493567892362982,8,485.14566,789.83474,"Fibroblast2","Fibroblast2",0.493567892362982,"Fibroblast2","author","Fibroblast2","author",-0.833898974361539,-2.13140464078061,-0.961671311312196,-0.218973163656171,38.7571376650034,-0.541491513090552,-0.129185016556166,NA,38.7571376650034,"Fibroblast","N8","starmap",0.729392420601943,0.755928493250638,"Fibroblast2"
"W8-2_W8-2_tile_23_cell_49","W8-2",125,100,"W8-2",8,"tile_W8-2_23","W8-2","8w_2d",2172,7318,308.38056,1039.00964,308.38056,1039.00964,100,125,4,"Fibroblast2",0.532564292729666,8,308.38056,1039.00964,"Fibroblast2","Fibroblast2",0.532564292729666,"Fibroblast2","author","Fibroblast2","author",-0.672956322598812,-2.04202374934884,-0.955616448689722,-0.0878220607252061,53.4997353570278,-0.664777592178654,-0.144621885239605,NA,53.4997353570278,"Fibroblast","N5","starmap",1.00779407470112,0.80162349507479,"Fibroblast2"
"W8-2_W8-2_tile_23_cell_58","W8-2",131,78,"W8-2",8,"tile_W8-2_23","W8-2","8w_2d",2319,6811,329.25162,967.02578,329.25162,967.02578,78,131,4,"Fibroblast2",0.441579635968774,8,329.25162,967.02578,"Fibroblast2","Fibroblast2",0.441579635968774,"Fibroblast2","author","Fibroblast2","author",-0.992735964964683,-2.41822555421192,-0.998133176030529,-0.261405800531052,25.0082524432036,-0.507624789259012,-0.155932885594143,NA,25.0082524432036,"Fibroblast","N5","starmap",1.2085604649817,0.831995622035753,"Fibroblast2"
"W8-2_W8-2_tile_23_cell_587","W8-2",197,125,"W8-2",8,"tile_W8-2_23","W8-2","8w_2d",2194,7072,311.50412,1004.08256,311.50412,1004.08256,125,197,4,"Fibroblast2",0.865748114833677,8,311.50412,1004.08256,"Fibroblast2","Fibroblast2",0.865748114833677,"Fibroblast2","author","Fibroblast2","author",-0.528541878462558,-2.02668199263447,-0.913725865135671,0.0321718571314369,63.3193515776808,-0.711096512658811,-0.145534309127534,NA,63.3193515776808,"Fibroblast","N5","starmap",1.71895147686075,0.886264137176213,"Fibroblast2"
"W8-2_W8-2_tile_23_cell_599","W8-2",152,105,"W8-2",8,"tile_W8-2_23","W8-2","8w_2d",2520.5,6927,357.86059,983.49546,357.86059,983.49546,105,152,11,"Fibroblast2",0.365376780302929,8,357.86059,983.49546,"Fibroblast2","Fibroblast2",0.365376780302929,"Fibroblast2","author","Fibroblast2","author",-0.71662832755771,-2.53586881029937,-0.958067230321383,-0.294316111841765,36.5493664467937,-0.784683441288545,-0.182199924314817,NA,36.5493664467937,"Fibroblast","N8","starmap",2.62887108208026,0.931685516234951,"Fibroblast2"
"W8-2_W8-2_tile_23_cell_606","W8-2",108,93,"W8-2",8,"tile_W8-2_23","W8-2","8w_2d",3629,6808,515.24542,966.59984,515.24542,966.59984,93,108,4,"Fibroblast2",0.381029861968943,8,515.24542,966.59984,"Fibroblast2","Fibroblast2",0.381029861968943,"Fibroblast2","author","Fibroblast2","author",-0.657621313700033,-2.52477720009074,-0.986452304582078,-0.271272964113862,25.1742217731417,-0.572677652244645,-0.124566544816842,NA,25.1742217731417,"Fibroblast","N4","starmap",1.33009374672103,0.846862458956585,"Fibroblast2"
"W8-2_W8-2_tile_23_cell_607","W8-2",120,76,"W8-2",8,"tile_W8-2_23","W8-2","8w_2d",2630,6794,373.4074,964.61212,373.4074,964.61212,76,120,11,"Fibroblast2",0.477341974676193,8,373.4074,964.61212,"Fibroblast2","Fibroblast2",0.477341974676193,"Fibroblast2","author","Fibroblast2","author",-1.19946450705479,-2.35302355749357,-0.947281307850036,-0.299367531975461,21.6954477065088,-0.651786878586052,-0.143565768864299,NA,21.6954477065088,"Fibroblast","N8","starmap",0.777922001385492,0.76477562933236,"Fibroblast2"
"W8-2_W8-2_tile_23_cell_618","W8-2",99,72,"W8-2",8,"tile_W8-2_23","W8-2","8w_2d",3015,6602,428.0697,937.35196,428.0697,937.35196,72,99,4,"Fibroblast2",0.312199420501085,8,428.0697,937.35196,"Fibroblast2","Fibroblast2",0.312199420501085,"Fibroblast2","author","Fibroblast2","author",-1.11663218741213,-2.48917112715834,-0.990576835606477,-0.27339296772963,24.1043170884934,-0.534855478011508,-0.15457264843576,NA,24.1043170884934,"Fibroblast","N8","starmap",0.903638589914449,0.785753374680773,"Fibroblast2"
"W8-2_W8-2_tile_23_cell_621","W8-2",398,199,"W8-2",8,"tile_W8-2_23","W8-2","8w_2d",2770,6516,393.2846,925.14168,393.2846,925.14168,199,398,3,"Hofbauer cells",0.534381252474108,8,393.2846,925.14168,"Hofbauer cells","Hofbauer cells",0.534381252474108,"Hofbauer cells","author","Hofbauer cells","author",-0.703741818673224,-2.26816691630012,-0.966773640703575,-0.211387881475418,52.1492569992849,-0.65129378537647,-0.147099243239389,NA,52.1492569992849,"Fibroblast","N8","starmap",1.87320892622771,0.897391462969719,"Hofbauer cells"
"W8-2_W8-2_tile_23_cell_624","W8-2",215,105,"W8-2",8,"tile_W8-2_23","W8-2","8w_2d",2934,6493,416.56932,921.87614,416.56932,921.87614,105,215,4,"Fibroblast2",0.580784955623127,8,416.56932,921.87614,"Fibroblast2","Fibroblast2",0.580784955623127,"Fibroblast2","author","Fibroblast2","author",-0.382338886456247,-2.34294318341729,-0.946863173118243,-0.301620019593124,44.4985419841384,-0.735515663020316,-0.164446406412327,NA,44.4985419841384,"Fibroblast","N8","starmap",1.24384813439081,0.836373586282379,"Fibroblast2"
"W8-2_W8-2_tile_23_cell_625","W8-2",177,97,"W8-2",8,"tile_W8-2_23","W8-2","8w_2d",3044,6487,432.18712,921.02426,432.18712,921.02426,97,177,4,"Fibroblast2",0.394165466332448,8,432.18712,921.02426,"Fibroblast2","Fibroblast2",0.394165466332448,"Fibroblast2","author","Fibroblast2","author",-0.660245890115503,-2.42481884830151,-0.997066023507575,-0.248864122670218,33.2754530647306,-0.64940509458205,-0.0957544335516722,NA,33.2754530647306,"Fibroblast","N8","starmap",0.963599943640914,0.795512586647209,"Fibroblast2"
"W8-2_W8-2_tile_23_cell_657","W8-2",246,147,"W8-2",8,"tile_W8-2_23","W8-2","8w_2d",1916.5,6019,272.10467,854.57762,272.10467,854.57762,147,246,9,"Hofbauer cells",0.566487550895425,8,272.10467,854.57762,"Hofbauer cells","Hofbauer cells",0.566487550895425,"Hofbauer cells","author","Hofbauer cells","author",-2.00878727570818,-2.36753501129582,-0.922927749775105,-0.238948601782285,-3.85899910204872,2.09205512061829,0.590926799711554,NA,2.09205512061829,"Macrophage","N8","starmap",1.05001413642403,0.807916818679314,"Hofbauer cells"
"W8-2_W8-2_tile_23_cell_665","W8-2",96,85,"W8-2",8,"tile_W8-2_23","W8-2","8w_2d",2812.5,5834.5,399.31875,828.38231,399.31875,828.38231,85,96,4,"Fibroblast2",0.50663315417896,8,399.31875,828.38231,"Fibroblast2","Fibroblast2",0.50663315417896,"Fibroblast2","author","Fibroblast2","author",-0.656578541177895,-2.37549274051757,-0.97873996553234,-0.309553566797704,26.9621559508278,-0.765384073938415,-0.16776041552459,NA,26.9621559508278,"Fibroblast","N8","starmap",0.929344011470584,0.789948923750456,"Fibroblast2"
"W8-2_W8-2_tile_23_cell_666","W8-2",88,68,"W8-2",8,"tile_W8-2_23","W8-2","8w_2d",2967,5789,421.25466,821.92222,421.25466,821.92222,68,88,4,"Fibroblast2",0.456435746190094,8,421.25466,821.92222,"Fibroblast2","Fibroblast2",0.456435746190094,"Fibroblast2","author","Fibroblast2","author",-0.671100384769647,-2.63543816350784,-0.99590721081703,-0.274704903664861,29.2871931424678,-0.600700504410649,-0.120572391907304,NA,29.2871931424678,"Fibroblast","N8","starmap",1.14807124498646,0.822327617657789,"Fibroblast2"
"W8-2_W8-2_tile_23_cell_96","W8-2",142,94,"W8-2",8,"tile_W8-2_23","W8-2","8w_2d",2922.5,6663,414.93655,946.01274,414.93655,946.01274,94,142,4,"Fibroblast2",0.396550203113363,8,414.93655,946.01274,"Fibroblast2","Fibroblast2",0.396550203113363,"Fibroblast2","author","Fibroblast2","author",-0.905162914416052,-2.46931595171001,-0.984353567628147,-0.253642026295573,26.3856869354062,-0.67075434041306,-0.106473712761217,NA,26.3856869354062,"Fibroblast","N8","starmap",0.772407450571286,0.763681138270704,"Fibroblast2"
"W8-2_W8-2_tile_24_cell_331","W8-2",90,62,"W8-2",8,"tile_W8-2_24","W8-2","8w_2d",1791,6585,254.28618,934.9383,254.28618,934.9383,62,90,9,"Hofbauer cells",0.65680514960794,8,254.28618,934.9383,"Hofbauer cells","Hofbauer cells",0.65680514960794,"Hofbauer cells","author","Hofbauer cells","author",-2.17648048971613,-2.4719737893676,-0.926239610104237,-0.2630293836237,-4.02186805389743,2.1794555303106,0.645001770076275,NA,2.1794555303106,"Macrophage","N8","starmap",1.47879349736286,0.863827070412258,"Hofbauer cells"
"W8-2_W8-2_tile_24_cell_537","W8-2",165,134,"W8-2",8,"tile_W8-2_24","W8-2","8w_2d",232,5718,32.93936,811.84164,32.93936,811.84164,134,165,8,"unknown2",0.36774066987947,8,32.93936,811.84164,"unknown2","unknown2",0.36774066987947,"unknown2","author","unknown2","author",-0.806621319802185,-2.88514545715877,-0.941720773163212,-0.23657563743487,22.6730424622157,0.253752636243906,-0.114058076036868,NA,22.6730424622157,"Fibroblast","N4","starmap",1.87155112618424,0.897209047792776,"unknown2"
"W8-2_W8-2_tile_24_cell_674","W8-2",301,180,"W8-2",8,"tile_W8-2_24","W8-2","8w_2d",437,7097,62.04526,1007.63206,62.04526,1007.63206,180,301,5,"unknown2",0.281917065879108,8,62.04526,1007.63206,"unknown2","unknown2",0.281917065879108,"unknown2","author","unknown2","author",-1.09151558009723,-2.71786479238062,-0.91274296173533,-0.305682793661107,13.2192521155371,0.432536677669215,-0.122659053213764,NA,13.2192521155371,"Fibroblast","N5","starmap",1.55443124156346,0.871214885078438,"unknown2"
"W8-2_W8-2_tile_24_cell_687","W8-2",130,100,"W8-2",8,"tile_W8-2_24","W8-2","8w_2d",88,6904.5,12.49424,980.30091,12.49424,980.30091,100,130,8,"Fibroblast2",0.301999656698166,8,12.49424,980.30091,"Fibroblast2","Fibroblast2",0.301999656698166,"Fibroblast2","author","Fibroblast2","author",-1.19157789525206,-2.46140359867444,-0.975312130336246,-0.292743875345072,20.0288228289128,-0.66172181178046,-0.14255450758769,NA,20.0288228289128,"Fibroblast","N5","starmap",1.74417423072761,0.887997081357169,"Fibroblast2"
"W8-2_W8-2_tile_24_cell_697","W8-2",182,121,"W8-2",8,"tile_W8-2_24","W8-2","8w_2d",1810,6798.5,256.9838,965.25103,256.9838,965.25103,121,182,3,"Fibroblast2",0.60488469534235,8,256.9838,965.25103,"Fibroblast2","Fibroblast2",0.60488469534235,"Fibroblast2","author","Fibroblast2","author",-0.862357841239777,-2.22245745153282,-0.949202503942719,-0.238376438033227,31.1299302090349,-0.592378670253943,-0.138281563114989,NA,31.1299302090349,"Fibroblast","N5","starmap",1.33631286533583,0.847683327252827,"Fibroblast2"
"W8-2_W8-2_tile_24_cell_718","W8-2",104,80,"W8-2",8,"tile_W8-2_24","W8-2","8w_2d",215,6414.5,30.5257,910.73071,30.5257,910.73071,80,104,4,"Fibroblast2",0.261305943619517,8,30.5257,910.73071,"Fibroblast2","Fibroblast2",0.261305943619517,"Fibroblast2","author","Fibroblast2","author",-1.3088530942196,-2.60617035007122,-0.98496019808741,-0.277193130565583,22.9143326815408,-0.583047832307767,-0.150015867708919,NA,22.9143326815408,"Fibroblast","N4","starmap",1.28618079800324,0.841481211236775,"Fibroblast2"
"W8-2_W8-2_tile_24_cell_727","W8-2",125,98,"W8-2",8,"tile_W8-2_24","W8-2","8w_2d",1092,6301,155.04216,894.61598,155.04216,894.61598,98,125,4,"Fibroblast2",0.301903262806711,8,155.04216,894.61598,"Fibroblast2","Fibroblast2",0.301903262806711,"Fibroblast2","author","Fibroblast2","author",-0.419506484639492,-1.95450900141833,-0.968825523520542,-0.207790526258349,63.4186173614632,-0.734675008681695,-0.15228513304111,NA,63.4186173614632,"Fibroblast","N5","starmap",1.05570996330381,0.808737686975556,"Fibroblast2"
"W8-2_W8-2_tile_24_cell_734","W8-2",445,241,"W8-2",8,"tile_W8-2_24","W8-2","8w_2d",882,6201,125.22636,880.41798,125.22636,880.41798,241,445,8,"Fibroblast2",0.533129819739937,8,125.22636,880.41798,"Fibroblast2","Fibroblast2",0.533129819739937,"Fibroblast2","author","Fibroblast2","author",-1.28352446008575,-2.5378661896014,-1.08198709969424,-0.215337578992853,34.7657962826432,-0.379574530667961,-0.133634857463427,NA,34.7657962826432,"Fibroblast","N5","starmap",0.946908000847138,0.793779642466253,"Fibroblast2"
"W8-2_W8-2_tile_24_cell_750","W8-2",89,69,"W8-2",8,"tile_W8-2_24","W8-2","8w_2d",1642,5921,233.13116,840.66358,233.13116,840.66358,69,89,9,"Hofbauer cells",0.343885564577702,8,233.13116,840.66358,"Hofbauer cells","Hofbauer cells",0.343885564577702,"Hofbauer cells","author","Hofbauer cells","author",-1.97667858135128,-2.3848399214387,-0.91406250926378,-0.234375561105198,-3.83288683161984,2.16920793015851,0.570055613580157,NA,2.16920793015851,"Macrophage","N8","starmap",1.15403553165351,0.823239693542503,"Hofbauer cells"
"W8-2_W8-2_tile_24_cell_762","W8-2",110,76,"W8-2",8,"tile_W8-2_24","W8-2","8w_2d",1770,5756.5,251.3046,817.30787,251.3046,817.30787,76,110,9,"Hofbauer cells",0.728659232730548,8,251.3046,817.30787,"Hofbauer cells","Hofbauer cells",0.728659232730548,"Hofbauer cells","author","Hofbauer cells","author",-2.05937725998398,-2.45572728465978,-0.934053706937241,-0.260437426146926,-3.84053667641403,2.34749438728996,0.710956131226332,NA,2.34749438728996,"Macrophage","N8","starmap",1.05506480869493,0.808555271798614,"Hofbauer cells"
"W8-2_W8-2_tile_24_cell_772","W8-2",87,69,"W8-2",8,"tile_W8-2_24","W8-2","8w_2d",853,5641,121.10894,800.90918,121.10894,800.90918,69,87,9,"Hofbauer cells",0.555124416047521,8,121.10894,800.90918,"Hofbauer cells","Hofbauer cells",0.555124416047521,"Hofbauer cells","author","Hofbauer cells","author",-2.19068079142142,-2.47398085931134,-0.939931461366614,-0.253415464909021,-3.87343634103647,2.38994671323214,0.755947917557354,NA,2.38994671323214,"Macrophage","N5","starmap",0.863306586181298,0.778639182780007,"Hofbauer cells"
"W8-2_W8-2_tile_25_cell_518","W8-2",156,97,"W8-2",8,"tile_W8-2_25","W8-2","8w_2d",898,4971,127.49804,705.78258,127.49804,705.78258,97,156,4,"Fibroblast2",0.729818277190683,8,127.49804,705.78258,"Fibroblast2","Fibroblast2",0.729818277190683,"Fibroblast2","author","Fibroblast2","author",-0.607774118707432,-2.07019603330832,-1.04443894676193,-0.272495071279935,30.6058535951736,-0.525295588042472,-0.143015624902105,NA,30.6058535951736,"Fibroblast","N5","starmap",0.870235136625761,0.779824881430135,"Fibroblast2"
"W8-2_W8-2_tile_25_cell_58","W8-2",95,86,"W8-2",8,"tile_W8-2_25","W8-2","8w_2d",1712,4117,243.06976,584.53166,243.06976,584.53166,86,95,4,"Fibroblast2",0.285750900200453,8,243.06976,584.53166,"Fibroblast2","Fibroblast2",0.285750900200453,"Fibroblast2","author","Fibroblast2","author",-0.742647557307463,-2.37199497703024,-0.96601468263523,-0.264204000359561,32.3368904264907,-0.591205390592406,-0.133830814269944,NA,32.3368904264907,"Fibroblast","N4","starmap",1.27176486112288,0.839748267055819,"Fibroblast2"
"W8-2_W8-2_tile_25_cell_852","W8-2",266,174,"W8-2",8,"tile_W8-2_25","W8-2","8w_2d",355,5249.5,50.4029,745.32401,50.4029,745.32401,174,266,5,"STB",0.283257608732422,8,50.4029,745.32401,"STB","STB",0.283257608732422,"STB","author","STB","author",-1.95548091980562,-2.51151154095833,-0.924963382870674,-0.266863605725431,-3.93789349629232,1.33092754402358,0.613697243998622,NA,1.33092754402358,"Macrophage","N4","starmap",1.97744574871304,0.903775994162714,"STB"
"W8-2_W8-2_tile_25_cell_865","W8-2",211,128,"W8-2",8,"tile_W8-2_25","W8-2","8w_2d",901,5153,127.92398,731.62294,127.92398,731.62294,128,211,9,"Hofbauer cells",0.716940908443289,8,127.92398,731.62294,"Hofbauer cells","Hofbauer cells",0.716940908443289,"Hofbauer cells","author","Hofbauer cells","author",-2.11668294581492,-2.49525813736932,-0.942544696577325,-0.259417147416256,-3.79499150282876,2.6435955208567,0.800633492944337,NA,2.6435955208567,"Macrophage","N5","starmap",1.01373277589898,0.802353155782561,"Hofbauer cells"
