"NAME","X","Y","cell_type"
"TYPE","numeric","numeric","group"
"W9_AAACCAACACCTGCCT","4222.53218666667","3417.9476","FIB2"
"W9_AAACCGAAGTCAATTG","3058.846","3488.35553846154","vCTB"
"W9_AAACGGATCTCGACCT","4179.5785","1664.208375","Hofbauer cells"
"W9_AAAGCAAGTCGCAATA","3954.77186021505","2328.27141935484","vCTB"
"W9_AAAGCCGCAATCCTAG","3542.62026865672","5132.66486567164","FIB2"
"W9_AAAGCCGCAATGCCCG","2334.26625","5672.77525","EVT"
"W9_AAATGCCTCTGTAAGC","3601.15313513514","1121.63671351351","vCTB"
"W9_AACAAGCCAAGTTATC","1351.1278","3565.32","vCTB"
"W9_AACAAGCCATCGTTCT","807.2632","2965.96219047619","STB-progenitor"
"W9_AACAGCAAGGCTAATC","3956.308","3573.04472727273","Hofbauer cells"
"W9_AACATAGCACTGACTA","3964.57665384615","4401.95896153846","vCTB"
"W9_AACGCTAGTGAGAAAC","3043.88484210526","3516.30242105263","vCTB"
"W9_AACGCTAGTTTAGCTC","2391.41047619048","1315.47042857143","FIB1"
"W9_AACTACTCAGCCTTGG","4946.55194202898","3906.30194202899","STB"
"W9_AACTCACAGCTATGAC","4811.66424175824","4995.39","STB"
"W9_AAGAACAGTTCGCGCT","1671.71592727273","4291.57443636364","vCTB"
"W9_AAGAATCAGGTATTGC","2875.75157142857","1600.233","vCTB"
"W9_AAGACAAGTTTACCGT","4785.23158823529","4948.78164705882","vCTB"
"W9_AAGACATAGTAAGTCC","1657.86128571429","5415.64404761905","FIB2"
"W9_AAGACCAAGCATGACT","955.15642970297","4678.49916831683","vCTB"
"W9_AAGCCTCCAGTAAAGC","2146.3168","2813.4784","FIB2"
"W9_AAGCGAATCACAAGCT","2527.45693023256","2899.53623255814","vCTB"
"W9_AAGCGAATCACTAAGC","3953.19707692308","3397.57535897436","Hofbauer cells"
"W9_AAGCGAATCTCAATTC","589.6648","4269.15945454545","Erythroblasts"
"W9_AAGCGTTTCTTCAATC","3580.42057142857","4195.37952380952","Endothelial"
"W9_AAGTAGCCAGACAAAC","1514.42450588235","2354.59352941176","vCTB"
"W9_AATACCGGTGTTGCTT","1314.63683809524","4772.302","Hofbauer cells"
"W9_AATAGCTGTCTCAGCC","4148.07291666667","1648.14776666667","FIB2"
"W9_AATCCATCATGAATCT","4245.4387826087","3839.40643478261","vCTB"
"W9_AATCTCAAGCAAGGAC","4487.36034482759","3484.97972413793","Endothelial"
"W9_AATTACCCAAGTGTCC","3850.33522727273","3394.78868181818","vCTB"
"W9_AATTGACGTTAGCCAA","2281.95914285714","6048.123","FIB2"
"W9_AATTGCTCAGCCTAAC","2609.23535","3990.31383333333","FIB2"
"W9_AATTTGCCAAAGCGCA","4841.54442105263","3429.36326315789","FIB1"
"W9_AATTTGCCACGGTACT","1713.2516","5685.33928","FIB2"
"W9_ACAACAACAGCATGGA","1746.077875","5396.47025","STB"
"W9_ACACGGACACCCTCAC","1982.54727272727","4828.03418181818","vCTB"
"W9_ACCAGCTCATAAGTCT","2081.35977777778","2763.80433333333","Hofbauer cells"
"W9_ACCCAACCAAGGTCGA","1906.20969230769","5669.21930769231","STB"
"W9_ACCCGTAAGTCACTCC","1953.32588888889","4713.49036111111","FIB1"
"W9_ACCGCAATCTCACACC","1676.60416393443","4474.00245901639","vCTB"
"W9_ACCGGCTAGAGGAGGA","426.488563636364","4423.85309090909","vCTB"
"W9_ACCGGTTCAACTAGAA","1841.74133333333","4621.97066666667","FIB1"
"W9_ACCTGGATCCTCCATA","2189.76748148148","5978.116","Endothelial"
"W9_ACCTGGATCTGTGCCT","1946.18429411765","5896.26152941176","Hofbauer cells"
"W9_ACGAATCTCCAGGAAA","3841.28383673469","1725.03767346939","FIB2"
"W9_ACGACAAAGGCCCAGT","1217.47368695652","2493.83552173913","vCTB"
"W9_ACGCCTTTCTTAGTCT","2717.59533333333","4188.18945833333","vCTB"
"W9_ACGTTGTAGCCGCTTT","3137.19262068966","298.279510344828","FIB2"
"W9_ACTAACCAGACAACAG","2900.07626804124","1408.82105463918","EVT"
"W9_ACTAACCAGGTGAAGC","2415.25402985075","2025.29674626866","Endothelial"
"W9_ACTAATCCATAATTGC","2042.24296551724","3347.25893103448","Erythroblasts"
"W9_ACTCCTCAGTCAATTG","1031.04028157895","2898.58218421053","Erythroblasts"
"W9_ACTCGCGCAGATAGAC","3862.78938461538","3450.56774358974","FIB2"
"W9_ACTTACAAGAAGGTGC","1658.46453846154","4672.57557692308","STB"
"W9_ACTTATGAGTTGGGCC","2867.90046153846","1552.41238461538","FIB2"
"W9_AGAAGGTGTTTACCGT","2271.96215384615","3145.52507692308","FIB1"
"W9_AGAATCTGTTCCTCCT","3443.11191666667","1902.25630555556","Hofbauer cells"
"W9_AGAATCTGTTTATGGG","2219.82261157025","3975.77909090909","vCTB"
"W9_AGACAATAGCCTTAAA","1014.15914626866","2583.9668358209","Endothelial"
"W9_AGAGAGGAGGACCTCA","524.916233333333","1595.123","EVT-progenitor"
"W9_AGATGAAGTGCCTCAC","3833.41086567164","3698.89692537313","FIB2"
"W9_AGATGCTTCTCCTCTT","1392.24711304348","2360.966","FIB1"
"W9_AGCAACAAGGTCCGTA","3415.68097613365","5336.08640095465","vCTB"
"W9_AGCACTTAGATTCCTT","2093.62489655172","5649.20317241379","FIB2"
"W9_AGCAGGTAGGCTACTG","4622.14309492274","1946.40818543046","FIB2"
"W9_AGCATCCCAGAATGAC","1352.52309545455","5638.29104545455","vCTB"
"W9_AGCCAGTGTAAGCTCA","4746.38051111111","4515.52693333333","Endothelial"
"W9_AGCCGGTTCGCTCACT","2257.71358333333","5729.27116666667","FIB2"
"W9_AGCGCTCAGATGGAGC","4171.24265517241","1709.81606896552","Hofbauer cells"
"W9_AGCGTGCTCCGGAACC","2071.8578245614","1391.83682631579","vCTB"
"W9_AGCTACGTCCTCCATA","1520.91135698925","4446.15997849462","vCTB"
"W9_AGCTACGTCCTTTACG","942.950358974359","5019.13558974359","Erythroblasts"
"W9_AGCTACTAGCCTAATA","4891.89685714286","2443.20410989011","vCTB"
"W9_AGGAAACGTTGGTTAG","4081.60844444444","1772.49751515152","FIB2"
"W9_AGGAACGGTGCATTAG","2679.06681818182","4186.45709090909","FIB2"
"W9_AGGACTAAGTCGCAAT","2229.80647058824","814.952247058824","FIB2"
"W9_AGGATTGAGTGAGGTA","3092.67818181818","1793.82236363636","vCTB"
"W9_AGGATTGAGTGTTGTA","2101.76733333333","3278.49083333333","vCTB"
"W9_AGGCTAGCAGGCTGTT","1286.40001025641","5611.94051282051","FIB1"
"W9_AGGTTGCGTGACCTGG","1414.083","4142.11890322581","vCTB"
"W9_AGTAACACAGGCTAGA","4982.52983333333","4698.718","FIB2"
"W9_AGTAATGCAAACCTTG","747.715947368421","2920.86063157895","vCTB"
"W9_AGTAGCTTCTCCATGC","908.649207058824","4571.73149411765","STB-progenitor"
"W9_AGTCAAGAGGCTTAAC","1729.74788235294","5681.77894117647","Endothelial"
"W9_AGTCAATGTACGATTG","2325.4807","3383.45266666667","vCTB"
"W9_AGTCGCATCAATGTGC","4897.36503846154","3582.82034615385","FIB2"
"W9_AGTCTTGCATGTCGCG","2139.06762962963","1186.92268148148","FIB2"
"W9_AGTGAGTCACCGTTCC","3124.7066","5417.6439","Endothelial"
"W9_AGTTGCAGTTAGGCTA","3816.53082274247","3415.03082274247","STB"
"W9_AGTTGCGTCGTCATTT","1656.735","2281.40642857143","FIB1"
"W9_AGTTGTCAGGTTTGAC","1184.11619622642","4380.91181132076","FIB2"
"W9_AGTTTGCAGCTAATCA","4036.87802150538","4096.55591397849","vCTB"
"W9_ATAAGCCTCCTGATTT","1475.3609047081","5172.97246704331","vCTB"
"W9_ATAAGTCGTCATGAGC","2243.363","5484.9864","vCTB"
"W9_ATAAGTCGTTGTTGGA","2154.63184761905","698.790831428571","vCTB"
"W9_ATCCTTAGTTAACAGT","2533.33502439024","3305.37234146341","Hofbauer cells"
"W9_ATCGCCCGTACCGAAC","2572.58952380952","5287.14666666667","vCTB"
"W9_ATCTATGAGGTCTTGG","2100.19175","1108.2577125","FIB2"
"W9_ATGAGCCGTTGGTTGA","3554.26076258993","1370.68717841727","vCTB"
"W9_ATGGCCCAGCTTAACA","2082.21218181818","5070.23490909091","STB"
"W9_ATGGCCGGTCATCATC","2338.68244067797","5872.43922033898","Hofbauer cells"
"W9_ATGTCCACACAAAGAC","1730.92177142857","2829.06702857143","vCTB"
"W9_ATGTGAGAGCAGGCCT","2315.51775733333","3761.51986133333","vCTB"
"W9_ATTACCGCATGCATAT","1038.03374949495","2952.74529292929","FIB1"
"W9_ATTATGGTCGCTAGAT","2678.21381395349","2672.83558139535","STB-progenitor"
"W9_ATTGCAGGTCAAAGAA","4395.38475","3477.11775","FIB2"
"W9_ATTGGTTCACCCACCT","5043.351","4646.76633333333","FIB2"
"W9_CAAACGCGTCATTACC","1606.54418181818","2719.26990909091","vCTB"
"W9_CAAACTGGTTCCGGCT","2601.68727586207","4081.67668965517","vCTB"
"W9_CAAAGCGCAATTGAAG","993.59862","4985.7832","FIB1"
"W9_CAAAGCGCAGGTTCAC","3963.9292","3850.02","Endothelial"
"W9_CAACAATGTACCGTTT","1152.35245","4369.98683333333","vCTB"
"W9_CAACAATGTCGTAATG","2770.34188888889","5453.18922222222","FIB2"
"W9_CAACAGGCATTGTGTG","2112.87087323944","5291.23329577465","FIB2"
"W9_CAACTAATCTCGCCTG","4880.21425","3673.48045","FIB2"
"W9_CAAGGGAGTTATTGCC","4963.32745806452","4960.77575483871","vCTB"
"W9_CAAGTAACAACACCTA","1685.62751515152","4780.70363636364","STB-progenitor"
"W9_CAAGTAACACCTACTT","4168.3146","3846.9248","vCTB"
"W9_CAAGTATGTTGGCGTG","2245.72611428571","1017.03892","vCTB"
"W9_CAATGCCCAAGCTAAA","3616.16169230769","2893.09107692308","vCTB"
"W9_CAATGCCCAGCATGTC","3309.29496153846","2524.48412820513","STB"
"W9_CACATAATCTTGTCCA","5565.812","225.1904","vCTB"
"W9_CACCGGTAGGATCACT","5035.20906666667","4637.836","FIB1"
"W9_CACCTCAGTCCTGATT","2185.23066666667","629.282386666667","Erythroblasts"
"W9_CACCTGTTCCACCTTA","2265.43657777778","732.336648888889","FIB2"
"W9_CACTAAGGTAACCTAG","602.8559","4055.97605263158","vCTB"
"W9_CACTAAGGTTGTTGGA","803.692457142857","3565.11142857143","vCTB"
"W9_CAGCCTAAGGCCTTAG","1431.2842528","4112.8784","vCTB"
"W9_CAGCCTTTCCTAACGG","1759.1832","5111.17773333333","STB"
"W9_CAGGAAGGTCCTTCTC","1945.29859259259","4219.83619753086","vCTB"
"W9_CAGGTCCAGACTTACA","3112.62614285714","1609.20157142857","vCTB"
"W9_CATAGGTTCTTGCAGG","2459.780625","2565.3295","Erythroblasts"
"W9_CATCATGCAACGTGCT","900.63385","3434.63859375","vCTB"
"W9_CATGAGGCAAACTGTT","4914.29186666667","3609.4266","vCTB"
"W9_CATGCAAGTTTCAGGA","1610.5771","4856.22563888889","STB"
"W9_CATTCATTCCGGTTGA","2333.49756","5800.4048","Hofbauer cells"
"W9_CATTCATTCCTCATGC","4874.43271186441","3311.64376271186","vCTB"
"W9_CCAAACCCACTAGGTC","696.645691666667","3569.07645833333","FIB2"
"W9_CCACACAAGTGAAGTG","5002.02691666667","3241.355125","FIB1"
"W9_CCAGACTCAGCAATAA","3490.53539805825","5248.95939805825","vCTB"
"W9_CCATAATCAGCACGAA","2720.3596","3192.92875","FIB2"
"W9_CCATATTTCAGGAACA","3129.87347916667","1991.55710416667","vCTB"
"W9_CCATATTTCATGAAGG","1983.5476091954","3416.38154022989","FIB2"
"W9_CCATATTTCCCGCATT","3273.82436363636","4271.70781818182","vCTB"
"W9_CCCATAACACGCAACT","4627.85036842105","3739.99747368421","FIB2"
"W9_CCGATGCAGCAAGGGT","4297.52510344828","3674.40717241379","FIB2"
"W9_CCGCTTAGTCATGAGC","2545.38736","3089.5644","FIB2"
"W9_CCTAGTTGTGGGAACA","786.365733333333","3421.73479365079","vCTB"
"W9_CCTATTGTCCCATAGG","2292.784","2609.05318181818","vCTB"
"W9_CCTGTAACAATTGACT","3066.26138709677","4261.77767741936","vCTB"
"W9_CCTGTTGGTGGCTTCC","1682.08963809524","4722.24207619048","vCTB"
"W9_CCTTAGTGTAGCCATA","659.476946153846","2828.37376923077","Endothelial"
"W9_CCTTAGTGTCAACAAT","1934.64473043478","4733.55233043478","vCTB"
"W9_CCTTATGTCATCCTAT","2963.91594117647","4377.37629411765","FIB2"
"W9_CCTTCAGGTATTTGGG","4274.6391","3617.7413","FIB2"
"W9_CGAACAAAGCACTAGT","3092.56353623188","4442.96831884058","STB"
"W9_CGAACAAAGGTCCGTA","1062.79518095238","4292.23314285714","vCTB"
"W9_CGACCTGCAAGCGAGC","1823.44266666667","4481.6131372549","vCTB"
"W9_CGCACAATCCGCCTCA","2157.77595402299","5549.09751724138","FIB2"
"W9_CGCGATTCAGATTCAT","3689.201","3739.71419230769","vCTB"
"W9_CGCTGTGCATCCCTCA","1777.97138211382","5242.50390243902","vCTB"
"W9_CGGATTAGTATTACCC","839.563109677419","1672.47238709677","STB"
"W9_CGGATTAGTTCCGGCT","3113.95005","3948.009725","vCTB"
"W9_CGGGTCTAGACAAACG","1763.055","5221.209","vCTB"
"W9_CGGGTCTAGGCTACAT","2571.75465263158","1500.25988421053","vCTB"
"W9_CGGTGAACAAGGACCA","1848.96346666667","5850.8624","Endothelial"
"W9_CGGTTTGAGGCGCTTA","4101.95494545455","1241.56356","vCTB"
"W9_CGTCCTAGTAACCACA","4121.05007407407","1178.71585925926","FIB2"
"W9_CGTTATTTCGGTTCCT","1477.59102702703","5441.75935135135","STB"
"W9_CGTTGCGCAAATTGCT","2209.07290909091","1233.36950909091","FIB2"
"W9_CGTTTCTCATCATGGC","2683.10641176471","4261.07870588235","vCTB"
"W9_CTAAATGTCCATAAGC","1584.8064516129","2412.24025806452","vCTB"
"W9_CTAACCTGTCATCATC","1393.652928","3133.76736","vCTB"
"W9_CTAAGGTTCTCACTCA","2916.9267","2400.8386","STB"
"W9_CTACTTAGTATTGAGT","673.126988235294","4986.81894117647","FIB2"
"W9_CTAGGACGTGTTAGCA","1574.97621666667","4325.70118055556","vCTB"
"W9_CTAGGACGTTGGATAT","3731.89904761905","4249.86765079365","vCTB"
"W9_CTATGACAGTGATTCA","2353.383125","2932.702","vCTB"
"W9_CTATTACTCAAGGACA","842.100364285714","1701.32496428571","vCTB"
"W9_CTATTCAGTTTATCTG","4257.60707692308","5225.64220979021","FIB2"
"W9_CTCATGACAGCTTACA","4067.44965116279","1763.61888372093","FIB2"
"W9_CTCCAACTCGCCTAAG","5114.40654545455","3877.03","vCTB"
"W9_CTCGCTAGTTAACGGC","1223.23028965517","4444.93979310345","FIB2"
"W9_CTCTAAGCACGGTTTA","2191.8396","1552.30022666667","vCTB"
"W9_CTGAATATCTAATCCT","2869.383625","1060.056725","FIB2"
"W9_CTGATCACAACCCTAA","792.242046153846","1688.81569230769","STB-progenitor"
"W9_CTGTATTTCACAGCCA","1471.977475","3124.865375","FIB2"
"W9_CTGTTCATCCAGGGAG","2826.98708411215","1422.42301121495","vCTB"
"W9_CTTAACAAGGACGTAA","3717.60611111111","3650.60022222222","Hofbauer cells"
"W9_CTTAAGATCGCAACAT","4725.24828571428","4072.60742857143","FIB2"
"W9_CTTAAGGGTTGTTGGA","568.481488235294","4755.34452941176","Endothelial"
"W9_CTTACCTCAAATGCCC","741.245227368421","3563.3651368421","FIB2"
"W9_CTTACCTCAGTTTGTG","3403.68048","4095.00216","STB"
"W9_CTTAGGAGTAATCACG","993.694743243243","4559.66878378378","STB-progenitor"
"W9_CTTATTGGTGCTCCAC","1864.34123684211","4673.78081578947","vCTB"
"W9_CTTATTGGTTACGCGG","3134.53583529412","1842.25891764706","FIB2"
"W9_CTTCACTCAATTGCGC","795.241206060606","4268.36309090909","STB"
"W9_CTTGAATCAAGGTATA","915.785","1653.00076923077","vCTB"
"W9_CTTGCAACAACCTAAT","803.599096858639","3634.03554973822","STB-progenitor"
"W9_CTTGCATGTATTGTGG","1909.70205755396","4804.26864748201","vCTB"
"W9_CTTGTTCCACAACAGG","2339.52485714286","5868.84021428571","vCTB"
"W9_CTTGTTCCAGAGGGAG","1017.06617333333","2891.86093333333","Erythroblasts"
"W9_CTTGTTCCATTATCCC","5123.9211","4747.1389","FIB2"
"W9_CTTTAGGCAATGCCCG","1240.26876271186","2563.03989830508","FIB1"
"W9_CTTTAGTTCGTGCTAG","2531.08844444444","3835.96831111111","FIB2"
"W9_CTTTGAGCAGGCTTGT","4602.90465116279","2394.4","STB-progenitor"
"W9_CTTTGGTGTAACGGGA","2173.20478571429","5193.26171428571","FIB1"
"W9_GAAACTGAGATTGAGG","804.793037837838","4130.21372972973","FIB1"
"W9_GAACCAGCAAGGCCAA","822.989485714286","1692.63361904762","STB-progenitor"
"W9_GAACCAGCACTATGGC","3253.54261538462","2795.42830769231","vCTB"
"W9_GAAGTCAAGGACCGCT","2164.94014285714","1580.82542857143","STB-progenitor"
"W9_GACAATACAACAACAA","2191.86671428571","1011.17618571429","vCTB"
"W9_GACACTAGTGTTAAAC","1652.41654901961","5773.716","vCTB"
"W9_GACATAGAGGCGGATG","3258.33636170213","1783.38689361702","vCTB"
"W9_GACCGAACATCACAGC","3744.36272","3720.7881","FIB2"
"W9_GACTTACAGCACGATT","2311.99342857143","5861.57671428571","vCTB"
"W9_GAGAGGCGTTTGTGGA","3386.98586666667","1900.86646666667","STB-progenitor"
"W9_GAGCGATAGGGACCTC","2514.35227272727","1525.22151818182","Hofbauer cells"
"W9_GAGCGATAGTACTGGT","5088.66172881356","4892.08386440678","vCTB"
"W9_GAGCTAGCAACGTGCT","3655.34203571429","1046.95035714286","vCTB"
"W9_GAGGCTACAGGTTCAC","1378.9697884058","4822.17263768116","vCTB"
"W9_GAGGTTAAGTTATCTC","1804.31919480519","5655.98122077922","STB"
"W9_GAGTAACCACACAATT","1746.6345","4285.8008","vCTB"
"W9_GAGTAACCACCTGCCT","1775.26319565217","5571.42823913044","STB"
"W9_GAGTATCTCGAGCAAA","4489.72540350877","5082.53150877193","FIB2"
"W9_GAGTGAGGTGCTTACT","727.903251612903","3400.38003225806","vCTB"
"W9_GAGTTGCGTTTATTCG","4011.24250549451","1847.03797802198","FIB2"
"W9_GAGTTTGGTTCCTGTG","2887.26987368421","3553.67688421053","FIB2"
"W9_GATAACGAGTAAAGGT","1363.60684067797","2818.86901694915","vCTB"
"W9_GATAAGCCACCAAAGG","1021.97372","3173.69544","FIB1"
"W9_GATAGACCAGGCCAAA","1016.31010898204","2735.12815568862","FIB2"
"W9_GATCAGGCAGCTAACC","962.5040875","2975.032875","vCTB"
"W9_GATCAGGCATAGGCGA","605.932739393939","4875.44436363636","vCTB"
"W9_GATCGAGCATCCTGAA","934.576391836735","5001.82889795918","FIB2"
"W9_GATGCAGCACATGCTA","1569.21658823529","2057.26023529412","STB"
"W9_GATGCAGCACGTAATT","1070.77634047619","4962.95019047619","FIB1"
"W9_GATGCTTAGCATGAAG","1485.62102033898","4416.50494915254","Endothelial"
"W9_GATGCTTAGGACCTGC","953.633578947368","3591.93042105263","vCTB"
"W9_GATTAGCTCGAGGTGG","2244.7374137931","1698.44317241379","vCTB"
"W9_GATTCAGGTCACAGCG","4416.07383783784","5116.34902702703","FIB2"
"W9_GATTGGCGTTTCGCGC","4238.3508","1770.99095","Endothelial"
"W9_GATTTGCAGGCTGTGC","1983.02650666667","4895.22037333333","Endothelial"
"W9_GCAAGCCTCAACAAGG","4981.18211428571","4654.30271428571","FIB2"
"W9_GCAAGCCTCCAGGTCA","628.739875","4506.408625","vCTB"
"W9_GCACTTACAGATAGAC","4055.69161290323","3865.80683870968","vCTB"
"W9_GCACTTACATCCCTCA","5584.38769230769","1191.30833846154","STB-progenitor"
"W9_GCAGGACCATTGTCAG","4286.69505","3589.273125","FIB2"
"W9_GCCACACAGCGAGGTG","1983.00412","4708.18756","FIB1"
"W9_GCCACTAAGGATAAAC","763.749013559322","4933.56023728814","vCTB"
"W9_GCCATTACAATAGCAA","3663.32493333333","2837.63653333333","FIB1"
"W9_GCCTTGCGTTAGGCTA","1365.23987741935","2680.98387096774","FIB2"
"W9_GCGGTTATCTCCTCTT","4362.31469421488","2518.06441322314","vCTB"
"W9_GCGGTTGGTACCGTAA","959.960428571429","2933.58842857143","FIB1"
"W9_GCTAGCGGTGCATTTC","697.243475609756","4797.01517073171","Endothelial"
"W9_GCTCTGGCATTGGGAG","2870.81790909091","3557.17718181818","FIB2"
"W9_GCTGACCAGATAACCC","3211.2992","5332.81546666667","Erythroblasts"
"W9_GCTGAGGAGGAACACA","538.870541176471","4064.86329411765","STB"
"W9_GCTGAGGAGGGCCACT","2717.71389361702","1709.30587234043","vCTB"
"W9_GCTGCACAGCTGGAAA","4964.88531914894","4749.64870212766","FIB2"
"W9_GCTGTGCAGATAGACG","4478.3058128655","1683.18789473684","vCTB"
"W9_GCTTAAATCATGCATA","4027.75855855856","3374.47695495495","FIB2"
"W9_GCTTAACAGTAAACCC","2671.04914285714","3090.92080952381","vCTB"
"W9_GCTTACCTCCTCCATA","2933.93989361702","3368.57568085106","vCTB"
"W9_GCTTACCTCTCCTCTT","1122.278275","2287.7105","vCTB"
"W9_GGAAACTCAACCTGGT","1985.19241666667","4264.94439583333","vCTB"
"W9_GGAAACTCATTGTGGC","2461.4897037037","1927.9327037037","FIB1"
"W9_GGACGGATCATGGCCA","2007.59038095238","5230.25707142857","vCTB"
"W9_GGAGTGAGTGGAAGGC","2555.81006451613","3159.97219354839","Hofbauer cells"
"W9_GGCATTAGTGCTAGAC","1734.98491666667","5162.678625","STB"
"W9_GGCCAACTCGGTTAGT","4169.55064150943","4033.64667924528","vCTB"
"W9_GGCCAGTTCCTTTACG","602.946334117647","3500.64887058824","FIB2"
"W9_GGCCATCAGGCCAATT","4348.06493333333","3626.54266666667","Endothelial"
"W9_GGCCTCTGTGTGCACG","3626.56908571429","1946.84325714286","vCTB"
"W9_GGCGATACAACCGCCA","1428.74432","2550.37991111111","vCTB"
"W9_GGCGATACAGTAATAG","946.371496551724","4676.8784137931","vCTB"
"W9_GGCGTTATCACAGACT","2365.15133333333","2743.46166666667","Hofbauer cells"
"W9_GGCTAGACAGCTAATT","2443.66457142857","3809.26514285714","vCTB"
"W9_GGCTAGTGTGCAATAT","2717.8265","2807.2515","vCTB"
"W9_GGCTATGTCACGCATG","2818.35882758621","3976.21686206897","vCTB"
"W9_GGCTATGTCGGTTAGT","2322.38028571429","5660.11757142857","EVT"
"W9_GGGCAATAGTTTGTCT","1526.71757575758","3485.86503030303","EVT-progenitor"
"W9_GGGCGAATCATAGCCG","2346.10441666667","1234.3278","vCTB"
"W9_GGGCGAATCATTAGTG","1194.73367352941","4428.40114705882","FIB2"
"W9_GGGTCAACACATAACT","1969.84636065574","4095.88878688525","vCTB"
"W9_GGTACTAGTGACATAT","3675.73643076923","849.865775384615","FIB2"
"W9_GGTACTTAGTAACGGA","4018.53054545455","1021.69671818182","FIB2"
"W9_GGTATGTTCCGGCTAA","4174.45854545455","4041.74233333333","vCTB"
"W9_GGTCAAGCATTAGCGC","2417.26040625","2045.5375625","FIB1"
"W9_GGTCTTGAGTTTCCTG","2569.17242857143","5305.494","Hofbauer cells"
"W9_GGTGTCCAGGACTTAC","3659.33994444444","2720.94522222222","vCTB"
"W9_GGTTAATGTCACAAAT","1778.41557142857","5638.54607142857","STB"
"W9_GGTTGCTCAGTAGGAT","3518.57185542169","5172.12212048193","FIB2"
"W9_GGTTTGTAGTCGCAAT","2017.76229906542","4221.03670093458","FIB2"
"W9_GTAATAGCAAGGTCGA","3481.38825","1889.51278947368","FIB2"
"W9_GTACACCCAATCCTGA","1958.17717241379","3607.47674482759","vCTB"
"W9_GTAGCCATCTCGCCCA","4933.705","4610.74176923077","vCTB"
"W9_GTAGGAGGTTACAACG","3250.8287","2538.81152","vCTB"
"W9_GTATTCAAGGGATGCG","1442.47203636364","4531.85990909091","FIB2"
"W9_GTCAATATCCGCATGA","2946.70392771084","4241.97019277108","FIB2"
"W9_GTCCATTGTCAGGCCA","3207.49444","2720.3012","Hofbauer cells"
"W9_GTCCGTAAGGCAATAG","4678.08333333333","4000.2321","FIB2"
"W9_GTCGCAATCAACAAGG","4148.24371794872","1604.62797435897","vCTB"
"W9_GTCGCAATCGCTAGTG","993.395230769231","3516.8494974359","vCTB"
"W9_GTCTAGCCAAACCCTA","3747.0316","4182.316","vCTB"
"W9_GTCTATCGTTACGCAA","3183.2970212766","2425.76204255319","STB"
"W9_GTCTATGCACTCGCTC","4044.80562962963","3716.53814814815","vCTB"
"W9_GTGATCAGTTTGCGCC","4046.90586666667","3956.41506666667","Hofbauer cells"
"W9_GTGCTCAAGCGCAATT","801.074183157895","4063.10162105263","STB"
"W9_GTGCTTCTCCTTCTAG","1518.68191272727","5481.25410909091","STB"
"W9_GTGTTCCTCAATCTAG","3219.90917241379","1618.994","vCTB"
"W9_GTTAAGCTCATTCATC","3819.68569230769","3840.9081025641","Hofbauer cells"
"W9_GTTAATGTCCTTGAGG","4384.9467311828","3634.76576344086","FIB1"
"W9_GTTACCTGTTCGGGAT","693.615456441718","3418.39294478528","vCTB"
"W9_GTTACGCCACGAATTT","3192.50108433735","2435.5086746988","STB"
"W9_GTTACGCCAGTTGCGT","2298.44661682243","3918.4721682243","vCTB"
"W9_GTTACTCGTAGGATCC","2427.63325","5370.5662","Hofbauer cells"
"W9_GTTGGCCAGTTAGTTG","4939.4793","3306.6445","Endothelial"
"W9_GTTTGCTGTCGTAATG","2629.434","2114.304","FIB2"
"W9_GTTTGTCGTATTGTCC","4023.6724","2443.18736","EVT-progenitor"
"W9_TAACCTAAGCCACATG","3232.6517","2832.46083333333","Erythroblasts"
"W9_TAAGCCAGTTGTTGGA","2064.83046511628","1328.73615348837","vCTB"
"W9_TAAGGACCAAACTCAT","1326.30726909091","2467.37610909091","vCTB"
"W9_TAATCACCAGCAACCT","3034.22403960396","1585.90982178218","Hofbauer cells"
"W9_TACATCAAGGCCTTAG","1958.3215483871","5398.39238709677","vCTB"
"W9_TACCGCAAGTTAGCTA","1485.8721125","3047.22227083333","FIB2"
"W9_TACGCACCATGAAGTA","3149.57457142857","1981.96042857143","vCTB"
"W9_TACTGGCCAGGCGAGT","2205.99980701754","4228.86566666667","vCTB"
"W9_TAGAGCCGTATTGTCC","4937.19692086331","4956.92687769784","FIB2"
"W9_TAGCCTTGTCAAAGGG","506.422009756098","4498.58404878049","FIB1"
"W9_TAGCGGCTCTTTGAGA","1733.84912631579","5408.93307894737","STB"
"W9_TAGGAGGGTTACTAGG","799.488562264151","4226.70275471698","vCTB"
"W9_TAGTAACGTGAACAAA","2138.75921428571","425.917978571429","STB"
"W9_TAGTGAGAGAGAGCCG","2689.60105","3763.92015","vCTB"
"W9_TATAGCCAGGTTTACA","1527.2184","2292.29733333333","Erythroblasts"
"W9_TATCACAAGTGGCGGA","4178.53675409836","1145.49820874317","vCTB"
"W9_TATGACTCACTTACAG","5121.75205194805","4709.8614025974","FIB2"
"W9_TATGGTCAGAACCTAC","3614.7848","3556.7352","Hofbauer cells"
"W9_TATTACCTCTTAATGG","3858.66951351351","1962.33075675676","vCTB"
"W9_TATTAGGTCATCGTTT","3522.45683333333","4416.60706666667","vCTB"
"W9_TATTTGGAGGCCTAAT","3397.5003","4338.89005","FIB2"
"W9_TCAAGGAAGAAAGGAA","5048.48061674009","3597.22582378855","STB"
"W9_TCAGGAGCAGGCTTGT","2456.7785","2660.20342857143","STB"
"W9_TCAGGTTAGCTTCTCA","2655.02327272727","1455.57487272727","Endothelial"
"W9_TCAGTGAGTAATGACT","1733.15955882353","2379.66616666667","Erythroblasts"
"W9_TCATTACTCTGTTCAT","629.909091666667","3447.0235","Hofbauer cells"
"W9_TCCGGTAAGCTTGCTC","2271.87558333333","5467.74258333333","vCTB"
"W9_TCCGGTAAGTGAGCAA","4788.09046728972","3243.36134579439","vCTB"
"W9_TCCGGTTTCACTAGGT","1855.04526315789","5651.90845614035","STB"
"W9_TCCTCACAGCTAAAGG","1285.72554426229","5665.91295081967","vCTB"
"W9_TCCTTAGTCATGCTTT","4343.21679518072","1815.68942168675","vCTB"
"W9_TCCTTTACATACTCCT","2368.21177142857","690.416897142857","FIB1"
"W9_TCGCGAGGTCATAGAT","4104.96033333333","2458.08728571429","EVT"
"W9_TCGCGCACACATTAAC","3624.91302857143","1594.21571428571","vCTB"
"W9_TCGCTAACAACAGCCT","1007.58468051948","3447.09223376623","vCTB"
"W9_TCGCTAACAAGTGAAC","770.2084","4808.15716666667","Erythroblasts"
"W9_TCGCTAACAGGCTAAG","1956.30552941176","5297.94494117647","vCTB"
"W9_TCGGTTACATGTGGGA","55.7812586037736","4312.09898113208","Hofbauer cells"
"W9_TCGGTTTGTCAAAGGG","736.937703703704","4591.60807407407","vCTB"
"W9_TCGTAATCAAGTGTCC","4173.31847761194","1669.22889552239","FIB2"
"W9_TCTAACCGTTACGCAA","844.0698","2680.268","vCTB"
"W9_TCTATGTTCAGGGCCT","494.198835294118","4093.06992156863","STB"
"W9_TCTGTGACACAGCCTG","4782.15196551724","3709.568","FIB1"
"W9_TCTTAGCGTAATGGCC","3812.24736666667","1767.695","FIB2"
"W9_TCTTAGCGTTCCGGCT","4832.52908571429","2319.16828571429","EVT"
"W9_TCTTCAAGTGCTAGAC","1874.9612","5872.25302222222","FIB2"
"W9_TCTTTGTAGTAAGGGC","1831.52807920792","5832.05962376238","FIB1"
"W9_TGAACAGAGGGACTAA","1596.57636363636","4389.51654545455","vCTB"
"W9_TGAGCTTAGTTGGCCA","2205.00481818182","5788.03727272727","Endothelial"
"W9_TGAGGCACACATTAAC","1680.8386875","4684.42140625","STB-progenitor"
"W9_TGATTCAAGGATAAAC","4093.20826923077","1206.45275","FIB2"
"W9_TGCACCTTCTTTGACT","3527.8345","1927.96041666667","vCTB"
"W9_TGCCGGTAGTTGCGTG","1722.41066666667","5436.06666666667","STB"
"W9_TGCGGTTCAGCTAATT","4216.75919298246","3469.78733333333","FIB2"
"W9_TGCTAACAGACTTACA","606.401072","2896.48232","vCTB"
"W9_TGGATTGGTTGCAGTA","4258.14604040404","5111.68121212121","Hofbauer cells"
"W9_TGGCCAATCATTAGTG","2273.60585714286","1672.02328571429","Endothelial"
"W9_TGGCGGTTCCAAACAC","794.5539","2757.25866666667","vCTB"
"W9_TGGCTATAGGACGTAA","3233.233875","5144.66891666667","FIB2"
"W9_TGTAAAGCAGTCTAAT","2049.29894117647","5635.71164705882","FIB2"
"W9_TGTAACTCATAGACCC","4191.37124444444","4057.05773333333","vCTB"
"W9_TGTCCTGGTCAGGAAG","2180.77058227848","943.055397468354","FIB2"
"W9_TGTGCGGGTTGTGATG","1954.98735135135","5042.70386486486","vCTB"
"W9_TGTGTGAGTTTGCAGA","1546.99178536585","2853.36702439024","STB-progenitor"
"W9_TGTTATGAGTTAGTTG","1702.652","5691.664","vCTB"
"W9_TTAAAGGCATCGCTCC","1770.86528571429","2002.27528571429","vCTB"
"W9_TTAACTGAGCCTTAAA","3792.71946938775","942.185971428571","vCTB"
"W9_TTAGACTCAACCTGGT","4258.236","3670.4838","FIB1"
"W9_TTAGGAACAGGAACCA","1447.59030416667","4156.08466666667","vCTB"
"W9_TTAGGAACATCCCTCA","4321.64294117647","2306.67332352941","STB"
"W9_TTAGGCGTCAGGCCTA","3213.81172727273","5623.14354545455","FIB1"
"W9_TTAGGCGTCCTTAAGA","2544.84147368421","3781.99168421053","FIB2"
"W9_TTAGTCAAGTTGTCAA","4935.32184158416","3542.94441584158","vCTB"
"W9_TTAGTCAAGTTGTCCC","1346.92222477876","5630.42152212389","vCTB"
"W9_TTATGACCAGAGAGCC","2954.92054545455","4334.10290909091","FIB1"
"W9_TTCAACCGTGTGTCCC","3174.04","5654.23933333333","vCTB"
"W9_TTCAGTTTCCTAATGA","975.769379234973","4977.3171147541","FIB2"
"W9_TTCAGTTTCGCTTCTA","2528.44711904762","5382.6689047619","Endothelial"
"W9_TTGAGGCGTGCTAGCG","1135.31266929134","5048.3822519685","vCTB"
"W9_TTGCAATCAAGCCAGA","738.133527272727","4955.68463636364","vCTB"
"W9_TTGCAATCATACTCCT","3248.98073170732","5253.26873170732","Hofbauer cells"
"W9_TTGCGTCTCCCGAACA","4223.74987301587","2363.05866666667","EVT"
"W9_TTGCGTCTCTAAGGTC","945.584547027027","5106.31922162162","Endothelial"
"W9_TTGGCTACATCGCTCC","4775.94076923077","3708.36630769231","Erythroblasts"
"W9_TTGGCTACATTCCTCG","2659.9563030303","2063.67903030303","vCTB"
"W9_TTGGCTTGTTTGCAGA","3678.12933333333","3554.14491666667","FIB2"
"W9_TTGTTGTTCCCAGTAG","883.550505263158","4325.79228571429","vCTB"
"W9_TTTAAGGTCACAGACT","1616.47685185185","4502.87522222222","Endothelial"
"W9_TTTACGAAGTATTGCA","3573.34760655738","3719.22075409836","vCTB"
"W9_TTTCTCACAGCAATAA","1447.10107804878","2380.46590243902","vCTB"
"W9_TTTCTCACATTCCTGT","3338.18498245614","1927.27684210526","vCTB"
"W9_TTTGACTTCATTGCAA","2337.13364705882","740.426117647059","STB"
"W9_TTTGCGGAGCGGATTT","1622.77783333333","4515.50016666667","FIB1"
"W9_TTTGTCCCACACTAAT","2126.21016666667","5464.22033333333","STB-progenitor"
"W9_TTTGTCCCATTGTCAG","4405.30094117647","1535.11678529412","STB"
"W9_TTTGTGAAGTTCCCAC","2430.64754166667","5288.04395833333","vCTB"
"W11_AAACAGCCATGGTTAT","4190.849992","4704.188328","FIB2"
"W11_AAACATGCACCTCGCT","6049.18671428571","3244.00528571429","Hofbauer cells"
"W11_AAACATGCACGTAAGG","2386.86783606557","3679.78639344262","FIB2"
"W11_AAACATGCATAAGCAA","2078.65066666667","5822.6625","Hofbauer cells"
"W11_AAACCAACAATTAACC","2562.9205","4970.87764285714","FIB2"
"W11_AAAGCACCATTGTCCT","3681.55136842105","2004.66452631579","EVT-progenitor"
"W11_AAAGCCCGTTAAGGCC","5310.67213333333","3608.56844444444","STB"
"W11_AAAGCGGGTGATGAAA","3648.91816393443","2375.98006557377","STB"
"W11_AAAGGACGTCCAAGAC","4184.995392","4674.387976","FIB2"
"W11_AAAGGACGTGAAACAA","1825.73935897436","890.076646153846","Hofbauer cells"
"W11_AAAGGCTCATTTAAGC","5047.658","3629.477875","STB"
"W11_AAATCCGGTGACATGC","4969.22471428571","3139.39107142857","FIB1"
"W11_AAATGCCTCTTAGTGA","5275.418","410.26","Erythroblasts"
"W11_AACAGGATCATCCTGC","4099.13838709677","1677.832","vCTB"
"W11_AACATTGTCGGGACCT","3948.76953333333","2543.76286666667","vCTB"
"W11_AACATTGTCTCACACC","3528.34252040816","5750.49976530612","Hofbauer cells"
"W11_AACCTTAAGGACCTGC","4110.28585714286","1688.39614285714","vCTB"
"W11_AACCTTAAGGGATGCG","1968.53517647059","5895.64317647059","Hofbauer cells"
"W11_AACCTTAAGGGTCTAT","4918.37735483871","1078.17891612903","Erythroblasts"
"W11_AACGCTAGTCGACTCC","5019.105875","3617.49675","STB"
"W11_AACGCTAGTGTTAAAC","2537.34596721311","2128.10318032787","STB"
"W11_AACGGTAAGGACTTAC","5044.38922222222","3632.48811111111","STB"
"W11_AACTAGCTCATTCATC","4918.81592","3107.89032","FIB1"
"W11_AACTCACAGGGACCTC","521.670775","3919.005","EVT-progenitor"
"W11_AACTTAGTCGCTTGCT","4088.100375","1693.408375","vCTB"
"W11_AACTTAGTCTTAATGG","4873.22693333333","3919.14613333333","Hofbauer cells"
"W11_AAGCAAGTCCGGTTAG","5230.6398","1743.7875","Hofbauer cells"
"W11_AAGCGAATCCCAGTAG","4868.36301435407","1902.67409569378","FIB2"
"W11_AAGCGCTGTACTGAAT","3159.46049122807","5033.27315789474","FIB2"
"W11_AAGCGCTGTGAGCAAG","3679.89485185185","1546.6583","Hofbauer cells"
"W11_AAGCGGGTCATAGACC","4948.51102222222","3128.27711111111","FIB1"
"W11_AAGTCTATCATGTTTC","3052.87412903226","4367.298","EVT-progenitor"
"W11_AAGTCTATCGGCTAGC","4652.89346666667","3689.24804444444","Hofbauer cells"
"W11_AAGTTTGTCCGTCCAT","4086.321","1720.00166666667","vCTB"
"W11_AATAGAGGTTGCACGG","4930.38106666667","3113.83933333333","FIB1"
"W11_AATCAGGAGCCAAATC","3382.81173584906","3517.46505660377","FIB2"
"W11_AATCAGGAGTAGCCAT","3278.24860606061","1402.72818181818","vCTB"
"W11_AATCAGGAGTTAGTGC","4241.42596078431","4871.61349019608","FIB2"
"W11_AATCATCCACCCACCT","3975.917625","2525.225125","FIB2"
"W11_AATCCATCAGTTTGGC","4085.03133333333","1704.38777777778","vCTB"
"W11_AATCGCCCACCCTCAC","2247.51786554622","1761.13788235294","FIB2"
"W11_AATTAGGCAACCTGGT","4293.7954028777","4612.42412230216","FIB2"
"W11_AATTGGACAGAAATGC","2901.29375","2188.92325","FIB1"
"W11_AATTGGGAGACAAGTG","4236.34723076923","1883.52353846154","Hofbauer cells"
"W11_AATTGGGAGGCGCATC","4952.54117910448","2794.15780597015","FIB2"
"W11_AATTTCCTCTAGCGAT","4084.70731578947","1691.22173684211","vCTB"
"W11_ACAACAACAGGTTTGC","5339.96327272727","3615.65018181818","STB"
"W11_ACAACATGTACTTCAC","2711.20041463415","5193.0383902439","Hofbauer cells"
"W11_ACAACATGTCTTTATG","952.882209523809","5173.55866666667","Hofbauer cells"
"W11_ACAACATGTTAAGGTT","2649.3233","4842.9587","Hofbauer cells"
"W11_ACACAATGTGGAGCAA","3435.90206060606","5916.24296969697","FIB2"
"W11_ACATAGCTCTGTTCAT","4213.52123893805","4850.23369911504","Hofbauer cells"
"W11_ACCAAGCGTTTGCGCC","5028.62933333333","3637.9696","STB"
"W11_ACCCTCCCACTTAGGC","2460.78912","3638.01632","FIB2"
"W11_ACCCTCCCAGCTACGT","4325.35068965517","4339.97586206897","FIB2"
"W11_ACCCTGTTCAAACCGT","2821.21947368421","4397.14347368421","Hofbauer cells"
"W11_ACCGCAATCTAAGGTC","5317.04069565217","3617.22617391304","STB"
"W11_ACCGGCTAGCCTAATA","2108.5981023622","5922.35492125984","FIB2"
"W11_ACCTAAATCGTGCTAG","4966.6061","3136.7078","FIB1"
"W11_ACCTGGATCAAGCGCC","4983.929","4102.36275","EVT-progenitor"
"W11_ACCTTCCAGGCTGTCA","4816.80953846154","1032.64452307692","Erythroblasts"
"W11_ACGAAGTCAAGCTACC","5927.95916","2723.98624","FIB2"
"W11_ACGCTTGAGATGGACA","4648.03882352941","3185.38076470588","FIB2"
"W11_ACGCTTGAGCAAGATG","5044.96363636364","3632.27795959596","STB"
"W11_ACGCTTGAGCTGTAAC","3387.3517254902","4538.00062745098","Hofbauer cells"
"W11_ACGTTGTAGCTTAGTA","5001.09044117647","2317.25188235294","FIB2"
"W11_ACTAACGGTTATTGCC","4102.53511111111","1687.58155555556","vCTB"
"W11_ACTAATCCAGCTCAAC","2267.77505882353","3630.07958823529","FIB2"
"W11_ACTATCCGTGAGAAAC","4812.88868072289","3059.00431325301","vCTB"
"W11_ACTATCCGTGCTTTAC","2086.73744444444","5923.16322222222","Hofbauer cells"
"W11_ACTGAAACAAACAACA","5939.97826086957","2345.78834782609","FIB2"
"W11_ACTGAATGTCATCATC","1984.62472","5767.03212","Hofbauer cells"
"W11_ACTTAGTCAAGCCAGA","1948.01458585859","5730.01923232323","FIB2"
"W11_ACTTCGCTCGCCTGTT","3526.02707407407","2633.36414814815","STB"
"W11_ACTTGAATCCCTCAAC","5028.55323636364","3632.05527272727","STB"
"W11_AGAACAAGTTCCGCAC","4712.89288235294","3494.46705882353","Hofbauer cells"
"W11_AGACAATAGGTGCTGC","5046.83456","3630.25496","STB"
"W11_AGACACGCACAAAGGT","5189.55898113208","3779.13837735849","Hofbauer cells"
"W11_AGCAAGGGTTACATCC","3675.5771627907","5558.66818604651","FIB2"
"W11_AGCACTTAGTGAAGTG","5059.32988888889","3637.43588888889","STB"
"W11_AGCACTTAGTTGCGTG","2786.395171875","5122.52178125","Hofbauer cells"
"W11_AGCCGCTAGGTTTGAC","3974.24920353982","4557.08637168142","FIB2"
"W11_AGCGCCTAGGCCATCA","3051.68226666667","4385.79133333333","EVT-progenitor"
"W11_AGCTAAACAAGCTTAT","3344.53713821138","1411.45381300813","vCTB"
"W11_AGCTACTAGTTGGGCC","4964.38933333333","4051.1209122807","FIB2"
"W11_AGCTCATAGCCTGTGA","4924.50138461538","3108.778","FIB1"
"W11_AGGAAACGTATTGGAT","4086.80766666667","1700.65666666667","vCTB"
"W11_AGGAACGGTACCAGGT","3678.616","2006.916","EVT-progenitor"
"W11_AGGATATAGTAGCTTA","4079.02529411765","1699.06211764706","vCTB"
"W11_AGGCAATCAATCTCTC","4961.04475862069","3136.06993103448","FIB1"
"W11_AGGCTAGCACGTAAGG","4935.91746153846","3115.59226923077","FIB1"
"W11_AGGTACGCATATTGAC","1711.87367567568","5102.28962162162","Hofbauer cells"
"W11_AGGTTACTCTATCGCC","4591.63939622642","3160.5060754717","FIB2"
"W11_AGGTTTGGTATTTGGG","4899.896875","4514.174","Hofbauer cells"
"W11_AGGTTTGGTTAGCAGC","2617.43602094241","4310.66987434555","FIB2"
"W11_AGTAAACAGGCTAATC","3966.84643103448","2521.61760344828","STB-progenitor"
"W11_AGTAACGAGCATCCAG","2999.79247619048","5614.02676190476","EVT-progenitor"
"W11_AGTAAGTAGCGTGCAC","2755.57311538462","4967.36361538462","FIB2"
"W11_AGTAATGCAAACTGCC","5641.20947368421","2876.02326315789","Hofbauer cells"
"W11_AGTAGCTTCTGTGCAG","2846.48131578947","5468.7360877193","STB"
"W11_AGTCAGGCATTGTCCT","4690.84727272727","3052.67418181818","EVT-progenitor"
"W11_AGTCCTTGTACAAAGA","5035.55216666667","3615.38583333333","STB"
"W11_AGTGAACCATAGCTTG","2994.25291836735","1417.96272653061","EVT-progenitor"
"W11_AGTGAGTCATGAAATG","5021.451","3632.75983333333","STB"
"W11_AGTTGCAGTATTGGAT","1993.51379591837","5832.42289795918","FIB2"
"W11_ATAAGTCGTGCATCGG","2711.13547368421","4966.00814035088","FIB2"
"W11_ATACCTGCACAAACTT","4074.74835294118","1686.99564705882","vCTB"
"W11_ATAGGTACAAGCGAGC","3409.23658064516","2454.64619354839","STB"
"W11_ATATGCTCACAGGGAC","5589.61","3923.4907755102","Hofbauer cells"
"W11_ATCAAGACAAGCTAAA","4925.018","3119.61635294118","FIB1"
"W11_ATCAAGCTCGTACCGA","4419.09943478261","2750.27817391304","FIB2"
"W11_ATCAAGCTCTCCATGC","4084.50312195122","1699.64653658537","vCTB"
"W11_ATCATCAAGAAAGGAA","5027.16585714286","3624.669","STB"
"W11_ATCCGTGAGCCGCAGT","2682.7135","4198.75925","EVT-progenitor"
"W11_ATCCTGACAGCCAGAA","4292.72022164948","4562.07742783505","Hofbauer cells"
"W11_ATCGGCCAGACTATTG","2257.78034061135","1921.61310917031","FIB2"
"W11_ATCTATGAGAGGAGTC","3074.28218181818","1734.042","FIB2"
"W11_ATCTTTGGTAATCGCA","5248.408","4276.2962","EVT-progenitor"
"W11_ATGAAGTAGAACCTAC","5597.64","2846.1824","FIB2"
"W11_ATGAATGCATATAACC","5129.12078571429","1622.22164285714","EVT-progenitor"
"W11_ATGATGGAGACTTATG","2110.13564516129","3680.50929032258","Hofbauer cells"
"W11_ATGCAGGCAGTTTCTC","5047.51605555556","3629.82198888889","STB"
"W11_ATGCAGGCATTGCGTA","4918.35414285714","3103.10485714286","FIB1"
"W11_ATGCCTGAGAACAAGT","3080.40823880597","1067.50754626866","EVT-progenitor"
"W11_ATGCGATTCATGTGGT","4933.10337931034","3112.21655172414","FIB1"
"W11_ATGGCCCAGACTTATG","4322.19669565217","4706.13437681159","Hofbauer cells"
"W11_ATGGCTTAGCAAGGAC","4096.49572151899","3713.31933755274","vCTB"
"W11_ATGGTTATCATTGCAA","5044.48858333333","3636.37941666667","STB"
"W11_ATGTTTGAGTTGTCAA","4967.55092857143","1908.07573809524","FIB2"
"W11_ATTAACCCACCGTTCC","4088.19272","1704.50036","vCTB"
"W11_ATTAACCCAGGACCAA","5136.59025","1613.738","Erythroblasts"
"W11_ATTAGCGGTAGCCATA","4948.33906666667","3117.83","FIB1"
"W11_ATTAGCGGTGCAATAT","4147.276","3753.952","FIB2"
"W11_ATTAGCTCATAATCGT","4821.682","1031.6334","Hofbauer cells"
"W11_ATTGAAGCACAGCCTG","4409.56721212121","1571.74972727273","FIB2"
"W11_ATTGACTCAATTGACT","4996.96403550296","4152.8715147929","FIB2"
"W11_ATTGCACAGGTAACGA","5038.15227692308","3622.92935384615","STB"
"W11_ATTGGCTAGTCGCTAG","4926.40152380952","3150.20723809524","FIB1"
"W11_ATTTAGCCATCACTTC","3526.00357264957","5865.89690598291","Hofbauer cells"
"W11_ATTTGCGCAAATGCCC","4098.97654545454","1704.112","vCTB"
"W11_CAAACCGTCGATTTGA","3536.0835","5733.639","EVT-progenitor"
"W11_CAAACGCGTTAGTACG","4349.84426153846","4723.92546153846","FIB2"
"W11_CAAAGGATCACCATTT","5056.51720512821","3628.1467948718","STB"
"W11_CAAATCATCACAAGCT","2363.68598","3954.6582","Hofbauer cells"
"W11_CAACAGGCACAGACTC","5477.26102702703","3016.25148648649","FIB2"
"W11_CAACCCTTCATAATCG","4925.68652631579","3135.54978947368","FIB1"
"W11_CAACCGGGTTGTAAAC","5570.13227272727","2838.82842424242","FIB2"
"W11_CAACTAATCCGCAAAT","4761.12813333333","2944.2068","FIB2"
"W11_CAATATGTCTCACTCA","3556.7650952381","5678.13814285714","FIB2"
"W11_CAATCGCCAAGGACCA","3759.40816129032","4014.10751612903","FIB2"
"W11_CAATGTGGTTAGCAGC","4083.81466666667","1702.1775","vCTB"
"W11_CACAATATCCTTAGGG","3337.0729137931","5870.62979310345","FIB2"
"W11_CACATAATCAGTGAAG","5153.946","3166.07488888889","Hofbauer cells"
"W11_CACGCTAAGCCTGACA","3546.86784615385","1590.65905","FIB2"
"W11_CACTTTGTCACCTGTC","6104.99","2880.288","vCTB"
"W11_CAGCATGTCATAACGC","5672.81748571429","2646.58371428571","STB"
"W11_CAGCCAATCCTTGCGT","3007.81365853659","4235.60243902439","Hofbauer cells"
"W11_CAGGATGCAGGAACTG","4937.01433333333","3114.57541666667","FIB1"
"W11_CAGGCTATCTACCTGC","6089.49777777778","2859.16666666667","EVT-progenitor"
"W11_CAGGCTGGTTAGAGGG","3091.27650704225","5837.60025352113","Hofbauer cells"
"W11_CAGGTGGAGGACGTAA","5035.31538461538","3634.91707692308","STB"
"W11_CAGGTGGAGGGTCCAC","3930.03024615385","3905.61230769231","Hofbauer cells"
"W11_CAGGTTAGTTAAGCTG","2869.6740754717","5696.20652830189","Hofbauer cells"
"W11_CAGGTTTAGTGAACGA","2822.7275","5073.71494444444","FIB2"
"W11_CATAACGGTTGAGCCG","2483.99394285714","3923.76668571429","Hofbauer cells"
"W11_CATAAGCTCAGGTTTA","3218.92862135922","1845.92761165049","Hofbauer cells"
"W11_CATAGACTCTGTAAGC","3647.71266666667","2829.41047619048","FIB2"
"W11_CATAGGTTCACTCAAA","5391.41986666667","4085.73213333333","Hofbauer cells"
"W11_CATATCGCAAAGCGGC","4630.55425","3653.640875","FIB2"
"W11_CATATCGCATAGCTTG","2186.91682352941","3903.61345098039","Hofbauer cells"
"W11_CATCAGCCACGGTACT","2917.35076363636","4194.73927272727","FIB2"
"W11_CATCCCAGTAGTAAGA","5568.46685057471","2614.83482758621","STB"
"W11_CATCGCTTCCTAGTTT","2841.91433333333","2049.71833333333","STB"
"W11_CATCGCTTCGATAACC","1845.58317419355","3752.88196129032","EVT-progenitor"
"W11_CATGAGGCACCTACGG","3586.60945454545","2724.78472727273","FIB2"
"W11_CATGCGCAGTTTCCTG","4808.98235294118","1071.35057647059","Hofbauer cells"
"W11_CATGGCGGTCAATAGT","5014.67141935484","2487.94361290323","FIB2"
"W11_CATTGCGAGGGACGCA","2067.72929411765","3700.20682352941","Hofbauer cells"
"W11_CATTGTAAGGTGAAGC","4936.1359","3124.2613","FIB1"
"W11_CCAAGGCTCTCAATTC","3194.2245","5680.6045","Hofbauer cells"
"W11_CCAAGTTAGTTAGACC","1781.4315862069","5055.55710344828","Hofbauer cells"
"W11_CCACACAAGGCGGATG","5122.45358208955","3273.80158208955","Hofbauer cells"
"W11_CCACAGGGTTTGACCT","4078.6706","1703.0389","vCTB"
"W11_CCAGACTCAAACGGGC","4938.36944827586","3119.17420689655","FIB1"
"W11_CCAGGATGTTCGGGAT","5482.90603773585","2692.57056603774","vCTB"
"W11_CCATAAGGTAAGGTTT","2774.46376470588","1581.44623529412","FIB2"
"W11_CCATATTTCTAACCAA","2014.28595833333","1831.53045833333","FIB2"
"W11_CCATCATGTACGATTG","2789.6080212766","1637.43659574468","FIB2"
"W11_CCATCATGTCAAACTG","4084.423","1716.011","vCTB"
"W11_CCATTGTGTGCTTACT","5688.99757894737","3720.71010526316","FIB2"
"W11_CCATTGTGTTGCGCGA","3081.97797752809","4528.42950561798","Hofbauer cells"
"W11_CCCAAATAGATTCCTT","4918.27766666667","3130.24","FIB1"
"W11_CCCAGCACATAGACTT","3163.7908","3433.0002","vCTB"
"W11_CCCTCACCAACCTAAT","4142.5206993865","4829.83047852761","FIB2"
"W11_CCCTCACCACTAGGTC","5039.482","3608.65953846154","STB"
"W11_CCCTCAGTCGCATTAA","5643.17872727273","3881.41829545455","FIB2"
"W11_CCCTCAGTCGGCTATG","4075.32454545455","1693.10890909091","vCTB"
"W11_CCCTGGACACATAACT","5040.85477922078","3637.56155844156","STB"
"W11_CCCTGGACACTTAGGC","5025.04422222222","3645.34422222222","STB"
"W11_CCGATGCAGCTCAATA","2863.133","5518.66373333333","STB"
"W11_CCGCCAACATAGCTTG","4324.89504587156","1650.03440366972","FIB2"
"W11_CCGCCAACATCGCTCC","4085.18544444444","1693.98122222222","vCTB"
"W11_CCGGTAGGTTTAGCTC","4315.50838297872","4414.90487234043","FIB2"
"W11_CCGGTTAAGTTCCTGC","4622.78965714286","3176.48028571429","FIB2"
"W11_CCGTGCTGTTAACGGC","4198.36272727273","3160.13018181818","Hofbauer cells"
"W11_CCGTTATGTAAGCACC","4092.161","1700.40725","vCTB"
"W11_CCGTTATGTAGCAGCT","3319.46208333333","3591.46616666667","Hofbauer cells"
"W11_CCTAATCGTCGCAAAC","4292.91911111111","2848.49244444444","FIB2"
"W11_CCTAGTTGTATTCGTC","2971.27929824561","4128.75705263158","Hofbauer cells"
"W11_CCTATATTCGCATTAA","2593.370625","2294.380875","STB"
"W11_CCTATTTAGGGTCTAT","3163.98136842105","5717.55978947368","Hofbauer cells"
"W11_CCTGTTGGTTACATCC","2474.3940952381","4956.09861904762","FIB2"
"W11_CCTTAACGTAGTTAAC","3978.801125","2523.9385","FIB1"
"W11_CCTTAACGTTCATTTG","4001.14061818182","3833.98654545455","Hofbauer cells"
"W11_CCTTACTCATTAGGCC","2537.15626086956","4910.9512173913","Hofbauer cells"
"W11_CCTTAGTGTTTCCACG","6106.742","2869.484","Hofbauer cells"
"W11_CCTTAGTGTTTGGGCG","3876.69338888889","4101.09133333333","Hofbauer cells"
"W11_CCTTCAGGTATGTGGC","4393.75869059829","2541.78388034188","STB"
"W11_CCTTTAGTCTAGCGTG","3463.51725581395","1881.8483255814","FIB2"
"W11_CGAAGTAAGTCGCTAG","5497.87941666667","3102.99883333333","Hofbauer cells"
"W11_CGACCTGCAGGAAGCC","4082.83525","1705.04275","vCTB"
"W11_CGATCCTTCTCCATAT","2113.92625757576","1608.90628484848","FIB2"
"W11_CGATTATCAGCAAATA","2505.25971717172","4205.27634343434","FIB2"
"W11_CGCACAATCACCGGTA","3975.12983333333","2524.47383333333","FIB2"
"W11_CGCACAATCATGGTGT","3028.95442105263","5734.67636842105","STB"
"W11_CGCACAATCTCCATGC","2031.59278095238","1895.21765714286","FIB2"
"W11_CGCACACAGCGAGCGA","4321.00063157895","4376.08566315789","FIB2"
"W11_CGCATTACAGCAACCT","2220.52168421053","1916.31915789474","Hofbauer cells"
"W11_CGCATTACAGGAATCG","5619.38736363636","2878.27718181818","Hofbauer cells"
"W11_CGCCTCATCGGTAACT","5313.232","3639.5245","STB"
"W11_CGCCTGTGTTTAGCGA","3383.67586206897","2481.10386206897","STB"
"W11_CGCGGATTCTTAAGTG","4080.97448","1692.36776","vCTB"
"W11_CGCTAACCAACCTAAT","5048.55612121212","3624.98090909091","STB"
"W11_CGCTACTTCTAGCTTT","5039.79390909091","3632.20790909091","STB"
"W11_CGCTACTTCTTGGATA","4433.39579710145","3464.45515942029","Hofbauer cells"
"W11_CGCTATGAGAAAGGAA","5037.5548","3606.0978","STB"
"W11_CGCTCCATCCCATAGG","3554.52613888889","5884.27044444444","Hofbauer cells"
"W11_CGCTTACTCAAGTGAG","4947.85657142857","3134.50528571429","FIB1"
"W11_CGCTTACTCCCATAGG","4928.32447058824","3125.00976470588","FIB1"
"W11_CGCTTCTAGTTGTCAA","4817.39004444444","2972.33613333333","Hofbauer cells"
"W11_CGGACAACATGGTTAT","3495.14614285714","5914.23057142857","EVT-progenitor"
"W11_CGGACCTAGCTGTACG","3530.9735","4434.49065789474","Hofbauer cells"
"W11_CGGAGTCTCGGGACTC","5307.81515254237","4177.88155932203","FIB2"
"W11_CGGCTAATCTTAGTGA","5884.21192857143","3632.21407142857","STB"
"W11_CGGCTCACACCTATAG","4218.9912","3190.6913","FIB2"
"W11_CGGGTATGTCTCAGCC","5180.36105","2529.3332","Hofbauer cells"
"W11_CGGGTCTAGGTCGATT","3842.66906976744","3883.95990697674","Hofbauer cells"
"W11_CGGTTATAGGCTTAAC","4084.74176666667","1968.56017777778","FIB2"
"W11_CGGTTGGGTTGGTTCT","4080.82166666667","1703.5645","vCTB"
"W11_CGTCAATAGGGACCTC","3171.18674285714","4365.82548571429","Hofbauer cells"
"W11_CGTGCTTTCCCGCATT","3447.717","5911.1312","FIB2"
"W11_CGTGTTACAATTAAGG","2133.19942342342","1827.08214414414","FIB2"
"W11_CGTGTTACAGTTTCTC","4944.85777777778","3117.13244444444","FIB1"
"W11_CGTTAGTAGTTTGGTA","5748.91284615385","2414.23353846154","Hofbauer cells"
"W11_CGTTGCGCACCCACAG","4081.11975","1700.3525","vCTB"
"W11_CTAACCACAACAACAA","5324.255","3605.27185714286","STB"
"W11_CTAACCCTCATGCTCC","1732.56683116883","3201.44889285714","vCTB"
"W11_CTAATCTTCCTAACGG","3514.09421538461","5652.74938461538","FIB2"
"W11_CTAATGTCATAATGAG","2050.06069767442","1698.51306976744","FIB2"
"W11_CTACAACAGGAACGGT","3690.05778947368","2184.17536842105","STB"
"W11_CTACCTCAGGAGGCAT","2058.99761702128","4956.52604255319","vCTB"
"W11_CTACTAAAGTAAGGGC","6110.392","2876.6745","EVT-progenitor"
"W11_CTAGCGGGTTACAAAC","5039.90730434783","3628.9252173913","STB"
"W11_CTAGTAATCTGTTGCC","4510.1955","2487.16475","Hofbauer cells"
"W11_CTATGAGGTCATGCAA","4944.51942857143","3102.135","FIB1"
"W11_CTATTACTCTTAAGTG","4926.16437037037","3109.70807407407","FIB1"
"W11_CTCAGGATCTAAATCG","3056.23625","4378.293625","Hofbauer cells"
"W11_CTCATCATCTCGACCT","5783.4104","2530.7859","FIB2"
"W11_CTCATGACAAGGATTA","5227.05368106312","3374.42475747508","FIB2"
"W11_CTCATTAGTGCTAGAC","3103.01484210526","1195.74768421053","EVT-progenitor"
"W11_CTCCAAACACTAGGTC","2483.40372916667","4911.23620833333","FIB2"
"W11_CTCCAAACATTGCGAC","5027.583","3624.21535714286","STB"
"W11_CTCGCTCCAAGTAAGC","4393.38483076923","4298.65329230769","Hofbauer cells"
"W11_CTCTAAGCAGCATGTC","4251.7682","3642.3058","FIB2"
"W11_CTCTCACAGATGCCTG","5324.41925","3629.39575","STB"
"W11_CTGAAACTCATTACAG","4142.65709090909","4832.58340909091","Hofbauer cells"
"W11_CTGAATATCCTTGCAC","4093.45578947368","1695.61326315789","vCTB"
"W11_CTGCTATGTTATTGCC","4783.81425531915","2966.90327659574","FIB2"
"W11_CTGGCTAAGCCTCTGT","2275.37582978723","5486.35072340426","Hofbauer cells"
"W11_CTGTACCTCTGTGCCT","5314.01675","3627.31525","STB"
"W11_CTGTTAAAGTAAGTGG","3559.96352688172","1576.00940215054","Hofbauer cells"
"W11_CTTATGTTCCTAAGGT","4857.26331707317","4162.46","FIB2"
"W11_CTTGAACAGTATGTGC","2111.21309090909","5914.47327272727","FIB2"
"W11_CTTGAATCAATCCCTT","4091.75544444444","1694.34622222222","vCTB"
"W11_CTTGAATCAGCAAATA","4074.276","1694.16575","vCTB"
"W11_CTTGAATCATTAGCGC","3533.02425925926","5827.94148148148","FIB2"
"W11_CTTGCAACAATTAAGG","5603.68075","2839.20725","FIB2"
"W11_CTTGCTCAGGCGGGTA","5145.48923076923","3080.70669230769","FIB2"
"W11_CTTGTTCCATGCTCCC","2951.31036363636","4065.9591048951","FIB2"
"W11_CTTGTTTAGTTATGGC","5328.65585714286","3612.61357142857","STB"
"W11_CTTTATCAGCCTCTCG","3408.27875","1959.2835","EVT-progenitor"
"W11_CTTTATCAGGCCTAAT","5916.13088888889","2671.63777777778","FIB2"
"W11_GAAAGGCTCAAAGGCA","5027.75941666667","2749.34425","vCTB"
"W11_GAACCAAAGACAGGTA","5281.842","3676.426","STB"
"W11_GAAGCTAAGTACTGGT","4202.10019672131","4751.24808196721","FIB2"
"W11_GAAGGCTAGAGGAGGA","3612.65238888889","5742.71127777778","Hofbauer cells"
"W11_GAAGTAAGTCCTAGTT","3318.60085714286","2531.713","STB"
"W11_GAAGTATAGTTTCCTG","5560.6655","3139.01622222222","Hofbauer cells"
"W11_GAAGTGATCGTTCACC","5134.5426","1602.8464","Erythroblasts"
"W11_GAATTTGTCCACAATA","4298.89036363636","3645.53467532467","FIB2"
"W11_GACAATACACTCAACA","4096.322","1686.227","vCTB"
"W11_GACACCGGTTTCCTCC","4728.70477777778","2994.72225925926","Hofbauer cells"
"W11_GACATTATCCAAGTGT","5153.143","3319.69933333333","Hofbauer cells"
"W11_GACCGAACACGCAACT","5309.97133333333","3632.88555555556","STB"
"W11_GACCTAGTCCTAGTCC","5028.55807142857","3613.58864285714","STB"
"W11_GACCTGATCCAAACAC","3057.1898125","4375.8709375","Hofbauer cells"
"W11_GACTAATGTGCTGGTG","3467.37858947368","4372.23894736842","FIB2"
"W11_GAGAACCAGTCAGTAC","4891.0292","3123.48896","FIB2"
"W11_GAGCAAATCTCTAGCC","5899.79935384615","2531.88258461538","FIB2"
"W11_GAGCATGCACATTAAC","4946.45566666667","3107.13144444444","FIB1"
"W11_GAGCCTTCAATTTGGT","5035.2918","3628.8446","STB"
"W11_GAGGGAGCAGGATAAC","4601.19","4205.22826666667","Hofbauer cells"
"W11_GAGTATCTCATGCCTC","4257.57394059406","4673.88354455446","FIB2"
"W11_GAGTATCTCCAGGAAA","5396.29673015873","4144.42784126984","vCTB"
"W11_GAGTTACTCACTAAGC","4925.46389189189","3111.07848648649","FIB1"
"W11_GATAATCGTTACTTCA","5379.38747008547","4100.95905982906","FIB2"
"W11_GATCAAGAGTAGCTTA","4922.04421052632","3129.55610526316","FIB1"
"W11_GATCGAGCATTAAAGG","5047.48623529412","3629.87261176471","STB"
"W11_GATGAGGGTTAGAGCC","3509.77308333333","2519.4125","STB"
"W11_GATGCGACAATTAGGA","4258.92318796992","4866.46321804511","Hofbauer cells"
"W11_GATTAGTGTTATTGCC","4344.40176470588","5025.61915686274","Hofbauer cells"
"W11_GATTATGTCAATGTGC","4919.26369565217","3106.99426086957","FIB1"
"W11_GATTATGTCCATAAGC","5038.17952631579","3621.41473684211","STB"
"W11_GATTCAGGTTCTTTAG","3173.94961904762","5737.89733333333","Hofbauer cells"
"W11_GATTCCTGTGTTGTGA","3420.65117647059","4285.14866666667","Hofbauer cells"
"W11_GATTGATGTTGCACAA","5142.26302040816","4429.98414285714","FIB2"
"W11_GATTGATGTTTAGTCC","4383.23446153846","4065.55530769231","FIB2"
"W11_GATTTGCAGATTGAGG","2243.99423529412","3563.85141176471","FIB2"
"W11_GCAAACAAGTGAGGTA","4116.25661538461","1689.99492307692","vCTB"
"W11_GCAAGTCGTGCTTACT","4945.26589473684","3115.70147368421","FIB1"
"W11_GCAATATGTTACCTGT","5400.19325","3043.2194375","Hofbauer cells"
"W11_GCAATGAAGTCAGGCC","3163.8884375","5771.2841875","FIB2"
"W11_GCAATGTTCGGTCAGC","2628.16234328358","4856.12670149254","Hofbauer cells"
"W11_GCACGAACAACAGGTG","3164.93814634146","1612.91897560976","Hofbauer cells"
"W11_GCACTAAGTTGGTGAC","4975.74083333333","3133.12755555556","FIB1"
"W11_GCACTTACACATAACT","2466.67","5906.31528571428","FIB1"
"W11_GCAGGACCATAATTGC","2817.16385714286","1845.075","Erythroblasts"
"W11_GCAGGATAGGGCCATC","2666.95836190476","4858.64779047619","FIB2"
"W11_GCAGGCAAGTCATCCC","2500.12413793103","4937.71496551724","Hofbauer cells"
"W11_GCAGGCTTCGTAACGT","3485.80515555556","5715.28355555555","Hofbauer cells"
"W11_GCATCCTTCGAGGTGG","1966.95048062016","5859.1656124031","FIB2"
"W11_GCATTGCCAAGCCAGA","3519.2706875","5791.98425","EVT-progenitor"
"W11_GCCAATTAGAACCTGT","4088.41366666667","1690.02705555556","vCTB"
"W11_GCCAATTAGTTACTTC","5028.07064","3623.03672","STB"
"W11_GCCATTACAAGGTAAC","2869.88414814815","5672.44066666667","FIB2"
"W11_GCCATTACATGAGTTT","5034.97627777778","3619.68472222222","STB"
"W11_GCCCAAATCACTCGCT","6011.47951724138","2387.74944827586","FIB2"
"W11_GCCCATAAGTCTATGA","5743.92047368421","2407.13657894737","FIB2"
"W11_GCCCTCATCCCTCATA","4090.33069090909","1690.96757575758","vCTB"
"W11_GCCCTCATCTGGTCCT","4962.75054736842","3131.9336","FIB1"
"W11_GCCTCGACAATACTGT","4889.13373913044","2760.54895652174","Hofbauer cells"
"W11_GCCTGAGGTTTAGCGA","3767.92381578947","1604.80020657895","Hofbauer cells"
"W11_GCCTTGCGTTACTAGG","4654.5165","3547.8584","FIB2"
"W11_GCCTTTATCTGTGCCT","2994.18625","4469.33375","FIB2"
"W11_GCGCCTTGTAATGGCC","5265.31651764706","4115.98047058824","FIB2"
"W11_GCGCTTGCATAATCCG","4097.24749152542","1690.65525423729","vCTB"
"W11_GCGGAACCACGAATTT","2851.10625","4293.0789","Hofbauer cells"
"W11_GCGGAACCAGGTTATT","5033.79658823529","3621.53","STB"
"W11_GCTAAGCGTTGCATCT","4125.33604210526","4818.77149473684","FIB2"
"W11_GCTAAGTTCCTGGCTT","6104.97672727273","2874.55418181818","EVT-progenitor"
"W11_GCTAGCCAGATAAAGC","6042.32613636364","3332.34381818182","FIB2"
"W11_GCTAGCCAGTGACCTG","5343.0306","3634.816","STB"
"W11_GCTATAGGTAGCCATA","3175.135","2939.4618","FIB2"
"W11_GCTATAGGTGATTACG","3538.53870253165","5760.15370886076","FIB2"
"W11_GCTCATTGTTAATGAC","2300.13377272727","4059.36409090909","Hofbauer cells"
"W11_GCTCTGGCATTCCTGT","2908.30672727273","3380.74503030303","Hofbauer cells"
"W11_GCTCTGTTCTTGACCC","3176.92630769231","5694.146","FIB2"
"W11_GCTGAGGAGCTCCCTG","3957.43317333333","4038.70066666667","Hofbauer cells"
"W11_GCTGGTTCAGCACGAA","3507.44925","5680.8819","Hofbauer cells"
"W11_GCTGTACCACCTGGTG","4521.766","2817.216","Hofbauer cells"
"W11_GCTGTGATCTCACTCA","4131.24918181818","4825.77947727273","Hofbauer cells"
"W11_GCTGTGCAGGTGAGAC","3808.2056","4015.803","FIB2"
"W11_GCTTAAATCACTTTAC","4701.44652459016","3536.63698360656","FIB2"
"W11_GCTTAACAGCTCCTTA","4941.0342","3108.9386","FIB1"
"W11_GGAAACTCAGGCATGA","4083.14144444444","1700.08888888889","vCTB"
"W11_GGAACCACAGTTAAAG","5043.04805","3618.683","STB"
"W11_GGAACGGTCTACCTCA","5046.64723076923","3641.95876923077","STB"
"W11_GGAAGCTAGCCTCTCG","4956.92895454545","3132.87131818182","FIB1"
"W11_GGAAGTATCATGCTCC","3109.15539622642","5784.41256603774","Hofbauer cells"
"W11_GGAATCTTCTAAGTCA","3718.474","2455.90925925926","Hofbauer cells"
"W11_GGACATAAGCAGGTTT","2876.39126","4413.78732","FIB2"
"W11_GGACGGATCGTACCGA","2978.18392","4145.31376","FIB2"
"W11_GGAGCGATCCGTTAAA","5178.33923076923","3755.996","Erythroblasts"
"W11_GGAGCGATCTCCTCTT","3030.11007142857","5844.18185714286","FIB2"
"W11_GGAGGTTAGACTCGCA","4270.74003389831","3658.72288135593","Endothelial"
"W11_GGAGTGAGTTTGGGTA","5580.97977777778","3004.972","Erythroblasts"
"W11_GGATGAATCTAATCAG","4239.9466031746","3752.73996825397","vCTB"
"W11_GGATGTAAGTAAGTGG","5199.37966935484","2513.1109516129","FIB2"
"W11_GGCATTAGTTCACCAT","5912.38303225807","3572.29032258065","STB"
"W11_GGCCAGTTCATGCTCC","4088.292","1710.61711111111","vCTB"
"W11_GGCCTTAAGAAAGCAT","5029.46014285714","3624.68985714286","STB"
"W11_GGCGCTAGTTCCTGAT","3648.95019047619","1567.74660952381","EVT-progenitor"
"W11_GGCGCTAGTTTAACCC","3490.2906","5785.104","EVT-progenitor"
"W11_GGCGGTAAGCTAATTG","3153.81464900662","5753.65018543046","FIB2"
"W11_GGCGGTTTCAAGCCTG","3460.0905","2344.63225","vCTB"
"W11_GGCTATTAGGCTTAAC","5290.74388732394","3477.33957746479","FIB2"
"W11_GGCTATTAGTAACGGA","4691.00246153846","3519.99261538461","FIB2"
"W11_GGCTTAAGTGAGGTAG","4357.99242105263","4112.79694736842","FIB2"
"W11_GGGAATATCAAGTGTC","3170.81875949367","1618.90344303797","Hofbauer cells"
"W11_GGGATTAAGACTCGCA","6070.99889473684","3215.942","Hofbauer cells"
"W11_GGGCATTGTTAAGGCC","2928.322","2244.996375","Hofbauer cells"
"W11_GGGCCTAGTATTGAGT","3027.69490909091","3501.04018181818","Hofbauer cells"
"W11_GGGCGAATCAGGCCTA","5318.31838235294","4332.34817647059","Hofbauer cells"
"W11_GGGTCAACACATTAAC","4288.41035789474","4425.17854736842","FIB2"
"W11_GGGTCACTCATTGACA","5067.7914","3620.435","STB"
"W11_GGGTCACTCTAAGGAG","2128.74083333333","5902.84083333333","Hofbauer cells"
"W11_GGGTTTCCACGTTACA","3232.02633333333","5411.88338888889","STB"
"W11_GGTAAACCAACACCTA","4600.8834","1750.1458","vCTB"
"W11_GGTAAGGGTGCACGCA","4807.57648484849","3500.9163030303","Hofbauer cells"
"W11_GGTAAGGGTGCTAGAC","5636.39257142857","2944.51757142857","EVT-progenitor"
"W11_GGTAAGGGTGTTAAAC","5099.94603255814","1666.15777209302","Hofbauer cells"
"W11_GGTACAAAGGAACGGT","3414.85993548387","4337.21493548387","FIB2"
"W11_GGTACCGGTGAGACTC","3472.97208","2131.37808","STB"
"W11_GGTATGTTCTCACTAT","5568.20786","2928.79796","Hofbauer cells"
"W11_GGTCCTGCAAGCTTTG","3409.66575","4188.1925","FIB2"
"W11_GGTGAGCCAACTCGCG","4118.441","1680.8104","vCTB"
"W11_GGTGCTTCATCTAGCA","2177.04641071429","4073.66853571429","STB"
"W11_GGTTAATGTCATTGTC","2691.06908","5143.14784","Hofbauer cells"
"W11_GGTTACCCAAGTCGCT","5049.23651764706","3632.93002352941","STB"
"W11_GGTTAGCGTAAGGTTT","2663.09132121212","5084.06686060606","Hofbauer cells"
"W11_GGTTCCCGTTGTTGTC","4921.89846666667","3120.56506666667","FIB1"
"W11_GGTTCTTGTGGGTGAA","5938.8108852459","2396.43681967213","FIB2"
"W11_GTAAGCGCAGGATTAA","5707.40953846154","2729.16676923077","STB"
"W11_GTAAGCTTCTTAATGG","3006.27936363636","3396.28518181818","Hofbauer cells"
"W11_GTAATAGCATCGCTTT","4093.52714285714","1677.56085714286","vCTB"
"W11_GTACACCCATCCCGCT","4666.93171428571","3066.95421428571","Hofbauer cells"
"W11_GTACTAATCGATATTG","3788.43779591837","1590.69353877551","FIB2"
"W11_GTACTAGGTTATCGAG","5023.49248275862","4392.95204597701","Hofbauer cells"
"W11_GTACTGGTCCAGCACA","4875.62859701492","4484.52292537313","Hofbauer cells"
"W11_GTACTTAAGCTGAGGG","3976.456","2525.07","FIB2"
"W11_GTAGCCATCCCGCCTA","5050.30157333333","3642.84016","STB"
"W11_GTAGCTGTCCGGAACC","1719.32844444444","2190.30011111111","Hofbauer cells"
"W11_GTAGGTGCATTGTTGG","4972.99125547445","4045.00353284671","FIB2"
"W11_GTAGTTATCGCACAAT","4348.18058823529","4847.13701960784","Hofbauer cells"
"W11_GTATCGCCAATGAGGT","4939.82657142857","3136.75785714286","FIB1"
"W11_GTATTGCAGGCTATGT","2134.30562025316","3860.10508860759","FIB2"
"W11_GTCAGGCTCTTGAGGT","2662.36718694362","5230.48509198813","STB"
"W11_GTCATCCTCTACCTGC","5018.59247368421","3630.48594736842","STB"
"W11_GTCCAGGGTAAGCACC","5964.246","3370.06933333333","Hofbauer cells"
"W11_GTCCATTGTACTGATG","5078.69166101695","4492.12057627119","Hofbauer cells"
"W11_GTCCATTGTTAAGCTG","5965.49823076923","2473.15015384615","FIB2"
"W11_GTCCATTGTTACTTGC","5606.34837569061","3824.48613259668","Hofbauer cells"
"W11_GTCCTAGAGGTCTTGG","4141.08756302521","4875.29211764706","Hofbauer cells"
"W11_GTCCTCCCAAACTGCC","4863.72607692308","1501.61","Hofbauer cells"
"W11_GTCTAACAGCCTGATG","4902.53005405405","1959.23318918919","Hofbauer cells"
"W11_GTCTATGCAGTTTACG","4922.62023076923","3118.32976923077","FIB1"
"W11_GTCTCACTCAGGTCCA","5042.43996","3628.94388","STB"
"W11_GTCTTTAGTTAATGCG","2727.02874418605","5040.92502325581","FIB2"
"W11_GTGAACAAGACAAAGT","5039.72907692308","3631.98584615385","STB"
"W11_GTGAACAAGCATTTCT","6073.43077272727","3230.7245","Hofbauer cells"
"W11_GTGAATCTCATGAAGG","5596.6034","2846.6204","FIB1"
"W11_GTGAGCGAGTAACGAG","2867.27777777778","4257.214","EVT-progenitor"
"W11_GTGATGAAGCATGACT","3949.582875","2965.962625","FIB2"
"W11_GTGCATTAGACACCGC","2937.7682","1440.2973","vCTB"
"W11_GTGCGGTTCACAGGAA","4098.35272727273","1707.032","vCTB"
"W11_GTGCTCCGTATTGGTG","4318.61916666667","4624.477","FIB1"
"W11_GTGCTTACAGTTAAAG","4084.5550212766","1683.92672340426","vCTB"
"W11_GTGGACACAATAACCT","3490.11141818182","5738.89721212121","Hofbauer cells"
"W11_GTGTCCAAGGACTAAG","3642.69141176471","2142.988","FIB1"
"W11_GTTAAGTGTGAGCACT","3276.87961904762","5724.46533333333","FIB2"
"W11_GTTAGGCGTTGTCCAT","3825.76648","3913.42488","EVT-progenitor"
"W11_GTTCGCGCAGCTAACC","4913.94854545455","1877.65290909091","FIB2"
"W11_GTTGCTGAGCTTCTCA","4269.3730962963","4482.76885925926","Hofbauer cells"
"W11_GTTTAACCAGGATAAC","4957.03692307692","3141.60553846154","Erythroblasts"
"W11_GTTTCCTCATTGACAT","4081.09628571429","1707.12933333333","vCTB"
"W11_GTTTGCTGTCCTTAGT","3519.87228571429","2137.27612244898","STB"
"W11_TAAACAGCAATGCCTA","4040.19311111111","4001.97355555556","EVT-progenitor"
"W11_TAATTGCCAGGCTTGT","4641.16561111111","3702.84794444444","Hofbauer cells"
"W11_TACAAGCTCTCCTCTT","4281.68572916667","4409.25779166667","Hofbauer cells"
"W11_TACAATGTCCTAATAG","6056.63155555555","3218.78088888889","FIB2"
"W11_TACATCAAGCTGGCTA","5004.37852173913","2410.19339130435","FIB2"
"W11_TACCCGGCACATAACT","5283.43718518519","4137.93560493827","Hofbauer cells"
"W11_TACCTGCTCACTAATG","6012.082608","2574.947104","vCTB"
"W11_TACCTGCTCATTGCGG","3163.83269565217","2215.842","Hofbauer cells"
"W11_TACGGATTCCTCATGC","5524.92087195122","3969.1933902439","Hofbauer cells"
"W11_TACTCAAAGTATTGTG","3541.50872727273","2724.46175757576","FIB2"
"W11_TAGCAGGCATAATCCG","5309.16833333333","3163.8958627451","STB"
"W11_TAGCCTTGTCAATACG","4075.84289285714","1688.57082142857","vCTB"
"W11_TAGCCTTGTCACCAAA","2707.21788235294","5004.99486764706","FIB2"
"W11_TAGCGGACACAAAGGT","5630.41225974026","2957.0821038961","Hofbauer cells"
"W11_TAGCGGCTCAATCATG","5318.21425","3611.33433333333","STB"
"W11_TAGCGGCTCTCCATAT","3188.4648","1085.92464","FIB2"
"W11_TAGCTAATCTAATCAG","4081.66985714286","1691.51428571429","vCTB"
"W11_TAGCTAGGTGCAATGC","4463.08523076923","2481.05661538462","EVT-progenitor"
"W11_TAGGAGGGTCCGCTGT","4078.23885714286","1693.87114285714","vCTB"
"W11_TAGGAGTCATGGAGGC","4080.76987142857","1694.09744285714","vCTB"
"W11_TAGGCTTAGATTGAGG","3556.77338461538","5743.32908502024","FIB2"
"W11_TAGGTTATCATGTCAA","4603.63830769231","3553.72984615385","Hofbauer cells"
"W11_TAGTAACGTTAAGCTG","6072.20176923077","3376.94630769231","Hofbauer cells"
"W11_TAGTAGGAGCGGATAA","4416.00322077922","4360.57820779221","FIB2"
"W11_TAGTTTGAGAGAAGGG","3222.87213333333","5813.53506666667","FIB2"
"W11_TAGTTTGAGTTGGGCC","5057.18874418605","2044.97446511628","Hofbauer cells"
"W11_TATAGCCAGATAGACG","4922.00877777778","3112.91466666667","FIB1"
"W11_TATATCCTCAGTATTG","5770.60705882353","2511.72388235294","Hofbauer cells"
"W11_TATGTGATCAATGTGC","4933.62908","3100.80348","FIB1"
"W11_TATGTGATCCGTGACA","4739.41218181818","3506.17377777778","FIB2"
"W11_TATGTGATCCTTCGTA","2618.89122222222","5084.28777777778","FIB2"
"W11_TATTCGTTCTTAGCCC","5814.87082352941","2654.53764705882","Hofbauer cells"
"W11_TCAAGGAAGGACACTT","3645.93446153846","2916.03553846154","FIB1"
"W11_TCACCTCAGCTCGCTT","4551.69235","2117.9709","EVT-progenitor"
"W11_TCACCTCAGGTACCGC","3180.59377777778","5803.60274074074","FIB2"
"W11_TCACGGATCGGGCCAT","5030.9559655712","3272.1960970266","STB"
"W11_TCACTGACATAAAGCA","2594.79732467532","4927.27436363636","FIB2"
"W11_TCAGCAAGTTACTTCA","3648.41646153846","2886.63712820513","vCTB"
"W11_TCAGCGATCGCTTCTA","3357.489","2500.615","STB"
"W11_TCATAACCACAAAGAC","4946.16853333333","3114.5304","FIB1"
"W11_TCATACTTCAATTACG","2400.69885714286","4131.27857142857","Hofbauer cells"
"W11_TCATACTTCATTACAG","5128.2481038961","1858.75633766234","Hofbauer cells"
"W11_TCATCCATCGGTCATG","3121.55786666667","4410.36994666667","Hofbauer cells"
"W11_TCATTACTCATCCTGC","3383.15669387755","4413.3207755102","Erythroblasts"
"W11_TCATTACTCATTAGCA","3278.66944","5880.8508","Hofbauer cells"
"W11_TCATTGTTCCCGAAGC","4937.656928","3123.333616","FIB1"
"W11_TCCAGGATCGTTATCT","2440.36013636364","3592.34327272727","Hofbauer cells"
"W11_TCCAGGTCATCCATCT","2887.89946666667","4272.03008","Endothelial"
"W11_TCCATAAAGAACCTGT","5580.10377777778","2843.14722222222","FIB2"
"W11_TCCATAAAGAGAGCCG","3541.0986","5930.05766666667","EVT-progenitor"
"W11_TCCATAAAGGACGTAA","4674.85019920319","4113.43424701195","vCTB"
"W11_TCCATCATCATCGTTT","5623.5842","2991.2261","FIB2"
"W11_TCCGCCATCTGTAAGC","4079.2692","1719.4858","vCTB"
"W11_TCCGCCATCTTCAATC","1801.62876923077","2666.53276923077","Hofbauer cells"
"W11_TCCGGAATCGATTATG","4078.05872727273","1708.39024242424","vCTB"
"W11_TCCTCAATCATTACTC","5054.29147826087","3646.83243478261","STB"
"W11_TCCTCAATCTGCAACG","5045.8038","3621.822","STB"
"W11_TCCTGTTCACCTGCTC","2981.4295","5744.0415","Hofbauer cells"
"W11_TCCTTGCAGAAGCTAG","5390.50687172218","4064.40449610206","Endothelial"
"W11_TCGACAAGTACGATTG","5029.83904761905","3617.65057142857","STB"
"W11_TCGATTAAGACAAACG","5533.99189189189","2940.27427027027","EVT-progenitor"
"W11_TCGCGAGGTGACATGC","5315.11783333333","3610.38127777778","STB"
"W11_TCGCGCACACAGAACG","5048.11222222222","3628.89488888889","STB"
"W11_TCGTCAACAACCCTAA","3917.89957142857","3192.06057142857","Hofbauer cells"
"W11_TCGTCAACACCTAATG","4759.12073913044","2990.7877826087","FIB2"
"W11_TCGTGCTTCGTTATCT","5437.19783783784","2296.35902702703","FIB2"
"W11_TCTAACTTCAAACCGT","5136.58527272727","1513.10816363636","EVT-progenitor"
"W11_TCTAACTTCGGGACCT","5050.25511538462","3632.57826923077","STB"
"W11_TCTAAGGGTGAGACTC","5389.63767346939","4100.80032653061","Hofbauer cells"
"W11_TCTAAGGGTTTGTTGC","3055.7216","4347.7778","FIB1"
"W11_TCTACCTCATCACTTC","4863.7324494382","1820.41986516854","FIB2"
"W11_TCTACTAGTACTTAGG","3306.56756923077","4237.1536","Hofbauer cells"
"W11_TCTAGCCTCAAGCGCC","2641.368125","4838.211875","Hofbauer cells"
"W11_TCTAGCCTCCATCAGG","2426.87513513513","3676.9587027027","FIB2"
"W11_TCTAGCGAGCCAGGTC","3494.1304","5874.38786666667","FIB2"
"W11_TCTCAATTCACAAGCT","4379.43685714286","4612.04167346939","FIB2"
"W11_TCTTAGCGTAGGTGTC","4036.1464516129","4426.52690322581","FIB2"
"W11_TCTTAGTTCAATGAGG","4311.69015920398","4798.10332338308","FIB2"
"W11_TCTTGTCCAGCATGAG","5071.43514285714","3302.62428571429","STB"
"W11_TGAAACTGTCGTTATC","530.033664864865","4001.27797297297","Hofbauer cells"
"W11_TGAAACTGTTGAAGCC","4385.95281818182","4208.83822727273","FIB2"
"W11_TGACCAAGTAATCGCA","5129.65348387097","1627.76341935484","Hofbauer cells"
"W11_TGACTTAAGGTCCTAG","4942.88309090909","3105.08154545454","FIB1"
"W11_TGAGCAAAGGTGTCCA","5456.75","3081.82275","STB"
"W11_TGAGCACGTTAGGATT","5031.71745454545","3635.01509090909","STB"
"W11_TGAGCTTAGGAACCGG","4943.80333333333","3118.36046666667","FIB1"
"W11_TGAGGGCCACCTCAGG","3731.76","2188.20307692308","STB"
"W11_TGAGTTTCAGCAAGAT","3647.17954545455","5786.94890909091","FIB2"
"W11_TGATCGAGTCGCGCAA","3155.95425","2799.23975","vCTB"
"W11_TGATTAGTCTCGACCT","4201.25610928962","4589.11508196721","FIB2"
"W11_TGATTCAAGGCTAATC","6105.14573333333","2873.6888","vCTB"
"W11_TGATTCAAGTAGCTTA","1789.01586666667","4232.90986666667","Hofbauer cells"
"W11_TGATTGCAGTAGCTTA","4258.67863492063","4823.61597883598","Hofbauer cells"
"W11_TGCAATATCCGGGACT","3138.82010714286","1790.38496428571","FIB2"
"W11_TGCAGGCTCCTGGCTT","2836.02219047619","4284.53685714286","Hofbauer cells"
"W11_TGCATGAGTGCTCCAC","5043.35728189911","3630.69030860534","STB"
"W11_TGCCGGTAGCGATAAG","5403.47068292683","3013.0732195122","FIB2"
"W11_TGCTATGCATCTTGAG","5536.01048","4731.60304","vCTB"
"W11_TGCTCACTCCTCACTA","5405.66042857143","4192.13554285714","FIB2"
"W11_TGCTCACTCGCTTGCT","2677.81380952381","3866.60142857143","FIB2"
"W11_TGCTTAAAGTCATCCC","3981.43684615385","2931.42730769231","Hofbauer cells"
"W11_TGGAACAAGCGCCTTT","4247.0624375","2843.924875","FIB2"
"W11_TGGATTCAGTGAGGTA","4162.49128571429","2225.56142857143","FIB1"
"W11_TGGCGGTTCATTGCAA","2518.60796638655","4221.68447058823","Hofbauer cells"
"W11_TGGCGGTTCGTTTCGC","5016.96555555556","3668.57444444444","STB"
"W11_TGGTAAACACTAAGAA","4208.75469565217","4552.96556521739","Hofbauer cells"
"W11_TGGTCAAGTCAGGCAT","5239.15112903226","3291.23796774194","FIB2"
"W11_TGGTGCATCGCTAGCA","4836.62861016949","2950.95447457627","Hofbauer cells"
"W11_TGTAAAGCATTGGGAG","3004.2932972973","4529.87491891892","FIB2"
"W11_TGTAAGCTCCATTACT","3430.27","5892.57327272727","FIB2"
"W11_TGTCATAAGGCAATAG","4450.007","2509.35509090909","FIB2"
"W11_TGTCCTGGTGGATTAT","3086.31117647059","3925.31305882353","STB"
"W11_TGTCCTGGTTCCAGGG","4373.6742970297","1633.29910891089","FIB2"
"W11_TGTGCAAGTCATGAGC","2804.4828852459","5047.74895081967","FIB2"
"W11_TGTGGAGCAAACTGTT","3574.14020618557","5709.90346391753","FIB2"
"W11_TGTTACTTCCTCCTAA","3938.10073170732","3895.2087804878","Hofbauer cells"
"W11_TGTTAGCAGGTGAGAC","3155.9725","5576.4189","Erythroblasts"
"W11_TGTTAGCAGGTGCTGC","4630.2805","3639.9479","FIB2"
"W11_TGTTATGAGTATTGTG","6080.92246153846","3400.45230769231","FIB2"
"W11_TGTTCATTCCTAACGG","3497.68992424242","4451.64618181818","FIB2"
"W11_TGTTGCACAACTAGAA","3546.56563636364","5638.1361969697","FIB2"
"W11_TGTTGCACAGCCTAAC","4073.70917647059","1709.37658823529","vCTB"
"W11_TGTTGTGCAACCCTAA","5262.99757142857","4179.04838095238","Hofbauer cells"
"W11_TGTTGTTTCTAAATCG","3288.34676923077","5741.73076923077","Hofbauer cells"
"W11_TGTTGTTTCTGGCAAT","2296.35057142857","1779.32285714286","EVT-progenitor"
"W11_TTAAAGGCATTATGCG","4369.6068372093","4217.55293023256","FIB2"
"W11_TTAACCAAGCATGTTA","4069.75","1709.41666666667","vCTB"
"W11_TTACCGTGTAAGCTTG","3196.75627272727","3404.52754545455","Hofbauer cells"
"W11_TTACGTTTCTAATCAG","5034.87636363636","3612.67709090909","STB"
"W11_TTAGACTCAAACAACA","3522.15266666667","2765.36437037037","FIB2"
"W11_TTAGCAGGTAATGGCC","3263.40323076923","2913.05938461538","Erythroblasts"
"W11_TTAGCAGGTTAGGACC","5093.47823255814","1984.14169767442","FIB2"
"W11_TTATCCGTCATTTGTC","2774.60833333333","3948.21716666667","vCTB"
"W11_TTATGACCAAGGTACG","5098.10215873016","1615.16277460317","FIB2"
"W11_TTCAGGTAGTACCGCA","2194.21010909091","3934.77432727273","FIB2"
"W11_TTCATTCAGTTAGGCT","4083.36971428571","1708.23128571429","vCTB"
"W11_TTCCCGCCAGTTGCGT","6015.03715384615","2470.89276923077","Hofbauer cells"
"W11_TTCGTGCTCGTTACTT","5211.56385714286","3480.62435714286","Hofbauer cells"
"W11_TTCTTAGGTTACGCGG","2290.84590673575","1878.34144041451","Hofbauer cells"
"W11_TTGACATCAAGGAATC","1946.53965853659","5834.15643902439","Hofbauer cells"
"W11_TTGATGTCACCTCACC","2728.89927272727","4910.126","Erythroblasts"
"W11_TTGCATTTCGCTAAAC","4074.9695","1695.890375","vCTB"
"W11_TTGCCCGTCGCTAAGT","4931.62169230769","3127.58953846154","FIB1"
"W11_TTGCTCTCACTAGGTC","2800.0056969697","2348.56042424242","Hofbauer cells"
"W11_TTGGATATCATCAGTA","4070.918","1691.17477777778","vCTB"
"W11_TTGGATCAGGAGTCGG","5328.94621052632","3612.88014035088","STB"
"W11_TTGGATTCATCGCTTT","3277.4387368421","5708.21578947368","EVT-progenitor"
"W11_TTGGCGGGTTGACTTC","5033.815375","3613.3905","STB"
"W11_TTGGCTTGTTAACGAT","3854.22587155963","3531.61543119266","Endothelial"
"W11_TTGGGTTAGCTTGCTC","5029.23071428571","3630.16485714286","STB"
"W11_TTGGGTTAGTACCGCA","4295.23620869565","4414.47250434783","STB"
"W11_TTGGTGAGTTATTGCC","5210.07488888889","3245.54755555556","EVT-progenitor"
"W11_TTGTAAGTCCAATTAG","4074.84175","1706.603125","vCTB"
"W11_TTGTCCATCAACAAGG","5036.02666666667","3637.76380952381","STB"
"W11_TTGTGCCTCGCAACAT","4093.93447058824","1704.49847058824","vCTB"
"W11_TTGTTGTTCAAAGGCA","4356.39952941176","4802.98776470588","FIB2"
"W11_TTGTTGTTCAGCAAAG","5600.68775","2854.42775","FIB2"
"W11_TTGTTGTTCAGCATTA","3246.24129411765","2863.00847058824","FIB2"
"W11_TTGTTTGGTGGGTGAA","4348.73775","3209.7005","FIB2"
"W11_TTTAAGGTCGCACACA","3529.89509090909","1206.25465454545","Erythroblasts"
"W11_TTTAAGGTCTAAGTCA","5267.73725490196","1731.76325490196","FIB2"
"W11_TTTAGCAAGTGAGCGG","3618.21618421053","1830.05044736842","Hofbauer cells"
"W11_TTTAGCTTCTAATCCT","2174.95047368421","1615.82426315789","Hofbauer cells"
"W11_TTTAGGATCGTTAACA","4249.32044859813","3783.31164485981","FIB2"
"W11_TTTCCACCAATTGAAG","4000.44645454545","2024.60190909091","FIB2"
"W11_TTTGCATTCCCTCAGT","2459.86361904762","5902.58185714286","FIB2"
"W11_TTTGCATTCCTAATTC","4924.26975","3108.13925","FIB1"
"W11_TTTGCGACATTAAACC","1967.18018439716","3392.71175886525","vCTB"
"W11_TTTGCGGAGTTGCCTC","3216.95426666667","2405.13586666667","Hofbauer cells"
"W11_TTTGGTGCAGTTTCTC","4208.28932275132","4728.0022010582","Hofbauer cells"
"W11_TTTGTCTAGTCATTGA","4072.4364","1690.1909","vCTB"
"W11_TTTGTGAAGGCTAAGA","4952.028","3098.05291891892","FIB1"
"W11_TTTGTTGGTTAAGTGT","3192.52388349515","4532.67347572815","FIB2"
"W8-2_AAACAGCCACCTCAGG","1554.05674201183","3441.58888757396","STB"
"W8-2_AAACATGCAAGGTCCT","4691.02935211268","4976.87061971831","Erythroblasts"
"W8-2_AAACATGCACACAATT","1813.84342553192","2593.46789361702","vCTB"
"W8-2_AAACCGAAGTCGCTAG","3039.33215267176","2750.38477862595","FIB2"
"W8-2_AAACGGATCTTTGTAC","4558.04462815884","1225.40788519856","Hofbauer cells"
"W8-2_AAACGTACATGTTGGC","4388.85221052632","4224.93263157895","EVT"
"W8-2_AAAGCTTGTCACAAAT","1357.89576344086","1857.04621505376","STB"
"W8-2_AAAGGCTCAAATATCC","1335.08035087719","3324.92715789474","STB-progenitor"
"W8-2_AAAGGTTAGGCAATAG","4906.4146459144","4374.6900311284","vCTB"
"W8-2_AAATCCGGTTAGGTTG","5093.77992771084","1321.4131060241","FIB1"
"W8-2_AAATGGCCATAGACTT","525.010070612245","3116.71622857143","STB"
"W8-2_AACATCATCATCCACC","5013.95053968254","5064.61485714286","EVT-progenitor"
"W8-2_AACATTGTCAAACCGT","3375.1185","654.41507","STB"
"W8-2_AACATTGTCCCATAGG","2824.57857142857","5012.36771428571","FIB2"
"W8-2_AACCCGCAGATAACCC","277.8234","2128.534","Erythroblasts"
"W8-2_AACCTAATCCCATAGG","4906.91680769231","1447.09949615385","STB-progenitor"
"W8-2_AACCTTGCAAGTGTCC","2555.95847328244","4212.47335877863","STB"
"W8-2_AACGACAAGTTTGTCT","3121.39657142857","2724.39128571429","vCTB"
"W8-2_AACGCTAGTTTGAGCA","5000.39488","2630.73360666667","EVT"
"W8-2_AACTACTCAGGTTACC","3733.69324137931","2287.13531034483","FIB2"
"W8-2_AAGAATCAGTCACCAG","4538.06817460317","4405.05406349206","EVT"
"W8-2_AAGACAAGTGCTTACT","2339.56437593985","1830.67863157895","FIB2"
"W8-2_AAGACATAGGCATGAA","809.119289411765","2152.92802352941","vCTB"
"W8-2_AAGACATAGGTCCTGA","2910.39876190476","4083.09857142857","STB"
"W8-2_AAGCAAGTCTACTAAG","4544.02613333333","5005.2012","Hofbauer cells"
"W8-2_AAGCCACGTAAGCACC","1871.76045783133","4295.91103614458","FIB1"
"W8-2_AAGCCACGTACCGTAA","5534.568","2538.82441666667","vCTB"
"W8-2_AAGCGCTGTACTTAGG","3722.87874576271","809.642010169491","STB"
"W8-2_AAGCGCTGTTTAGCTC","5059.91110447761","4095.56040298508","vCTB"
"W8-2_AAGCGTTTCCGTAAAC","1827.6419047619","2851.29657142857","vCTB"
"W8-2_AAGCTAGAGGCATGAA","1560.4632","4204.361","vCTB"
"W8-2_AAGCTATGTTAGCATG","1738.95870422535","1745.722","vCTB"
"W8-2_AAGTAGCCAAACGGGC","1474.78006666667","2438.44333333333","STB"
"W8-2_AATAACCGTGGTGAGA","1651.80074074074","4679.98674074074","STB"
"W8-2_AATAACCGTGGTTATG","2159.87094429708","2241.15847745358","vCTB"
"W8-2_AATAGAGGTACCGGAT","4654.89464","5079.14728","vCTB"
"W8-2_AATAGAGGTGCTCCAC","1908.24021538462","1540.56100307692","vCTB"
"W8-2_AATCAGGAGCCTCTCG","5287.55252830189","2218.05679245283","EVT"
"W8-2_AATCAGGAGGTGTTAC","1953.29506666667","1119.06177333333","STB-progenitor"
"W8-2_AATCATCCAATGCCCG","2776.93228037383","4938.54960747664","vCTB"
"W8-2_AATCATCCACTCGCTC","3073.154","2604.202","STB"
"W8-2_AATCATCCACTGACCG","5132.92492","3563.76948","FIB1"
"W8-2_AATCCATCAATAACCT","4699.11428571429","3116.28657142857","vCTB"
"W8-2_AATCCATCATTAAAGG","4373.55100900901","2778.44181981982","FIB2"
"W8-2_AATCCCTGTAGGTGTC","5771.51668085106","3715.05875379939","EVT"
"W8-2_AATCCGTAGAAACTGG","2111.25282119205","4436.15198675497","FIB2"
"W8-2_AATCTTGAGGAGTAAT","2866.53373170732","5154.96978048781","vCTB"
"W8-2_AATGCGCGTTTAACCC","5239.22904347826","4756.14043478261","EVT"
"W8-2_AATGGCGCAAGCTTTG","4692.11574418605","4137.86748837209","vCTB"
"W8-2_AATGGCGCACCTGGTG","3560.72634146341","3609.91053658537","STB"
"W8-2_AATGGCGCATTAAAGG","1333.91386909091","2665.32556363636","STB"
"W8-2_AATGTCATCCCGAACA","1447.47583402062","2393.61280412371","vCTB"
"W8-2_AATGTCATCCTAAGGT","2526.06766666667","5165.14389583333","Hofbauer cells"
"W8-2_AATTAGCGTTGTTCAC","2938.4659030303","4670.00732121212","STB"
"W8-2_AATTAGGCAAAGGTAC","2242.45976119403","4272.19098507463","vCTB"
"W8-2_AATTGGACACCAGGTT","4624.47051111111","4047.50608888889","Endothelial"
"W8-2_AATTTGCCATTGCGAC","3289.22357142857","453.608964285714","STB"
"W8-2_AATTTGGTCGGTTTGG","2422.78774647887","3917.50695774648","FIB2"
"W8-2_ACAAACTGTTTGGTTC","3968.18438938053","3290.5486460177","STB"
"W8-2_ACAACAACAAATGCCC","864.886155555555","4252.16888888889","vCTB"
"W8-2_ACAACATGTGATTTGG","1649.3093442623","3145.25765573771","STB"
"W8-2_ACACTAATCAAGCCTG","4719.0261641791","5026.24829850746","Hofbauer cells"
"W8-2_ACAGCCGGTTAGACCA","1667.09089230769","4116.93832307692","vCTB"
"W8-2_ACAGCCGGTTTCAGGA","1525.42438188976","3021.3924015748","vCTB"
"W8-2_ACAGGAATCCAAGTTA","2841.81138461538","5071.81788034188","Hofbauer cells"
"W8-2_ACAGGATCATAGCTTG","2366.23218604651","3273.36413953488","FIB1"
"W8-2_ACCAAGCGTGAGAAAC","2505.068","3569.262","STB"
"W8-2_ACCAAGTTCTGTGCAG","882.734452777778","4381.54415277778","FIB2"
"W8-2_ACCAATATCGCTCACT","2153.24759322034","2914.05111864407","FIB1"
"W8-2_ACCACACCAGGCTTGT","5601.38462962963","1442.64925185185","FIB2"
"W8-2_ACCAGGACAGCATGGA","3610.28278571429","3663.31207142857","Hofbauer cells"
"W8-2_ACCAGGCTCATTGCAA","4656.511225","5148.812275","EVT"
"W8-2_ACCAGGCTCGGCTAGC","2368.16413953488","1919.85755813953","vCTB"
"W8-2_ACCAGGGAGGCCTAAT","2863.69266666667","5067.9885","FIB2"
"W8-2_ACCATTAAGACTTACA","2483.99907692308","2898.01764102564","STB"
"W8-2_ACCCGCTGTAGCCATA","1343.35211621622","1972.43237837838","STB"
"W8-2_ACCGAAGCACTAAGTT","5068.463","1020.18899166667","Hofbauer cells"
"W8-2_ACCGGCTAGTTTGGGT","5603.64546666667","1303.16388","FIB2"
"W8-2_ACCTGTTGTTAGTGAT","1461.92544259259","1607.61904537037","STB"
"W8-2_ACGAGTAAGTAGCGGG","4721.247625","3139.903375","vCTB"
"W8-2_ACGCAAGCATTTAAGC","2522.604","3633.298","Endothelial"
"W8-2_ACGCTTGAGCCTGTTC","3383.23005929919","2928.67657142857","STB"
"W8-2_ACGGGAAGTATTGCAG","2172.42081081081","2004.72008108108","FIB1"
"W8-2_ACGGTACGTCTAGCTT","1082.1568","2589.602","STB"
"W8-2_ACGTCAAGTCACAGCG","2902.58482051282","4707.19348717949","EVT-progenitor"
"W8-2_ACTAAAGCATAAAGCA","5103.88885714286","1391.65364571429","STB"
"W8-2_ACTAATCCACCTGCCT","4360.68329186603","5006.03298086124","STB"
"W8-2_ACTCGCTTCAGGCCTA","1927.16564705882","4691.52105882353","STB"
"W8-2_ACTGAAACAGGCTTGT","2601.67354545455","1876.65081818182","Endothelial"
"W8-2_ACTTAGGGTAAAGCGG","3437.55053333333","3774.4796","FIB1"
"W8-2_ACTTAGGGTGCCGCAA","3322.20062721893","4226.36998816568","vCTB"
"W8-2_ACTTCGCTCAGGGCCT","5228.93456013746","4517.6589347079","FIB2"
"W8-2_ACTTCGCTCCTGTTCA","1953.68798113208","2974.40703773585","vCTB"
"W8-2_ACTTGAATCAAGTGTC","3702.12991566265","2702.40019277108","Hofbauer cells"
"W8-2_ACTTGAATCCGGCTAA","5399.45788235294","2319.37317647059","vCTB"
"W8-2_AGAAACCCACCTAAGC","3641.8605","3471.50923684211","Hofbauer cells"
"W8-2_AGAAACTAGCTCAAAC","2508.91602298851","4412.76273563218","FIB1"
"W8-2_AGAAAGGCATCAATCG","3191.92271875","5232.740375","vCTB"
"W8-2_AGAATCTGTTCGCTTG","5123.81122077922","4813.87597402597","EVT"
"W8-2_AGACTATGTTGTGACA","3862.5973874092","3604.9719031477","STB"
"W8-2_AGAGAAGCAAGCTACC","1167.37706666667","1543.01000333333","STB"
"W8-2_AGAGAGGAGCTATTAG","1163.66125606061","4015.95121212121","STB"
"W8-2_AGAGGAACACCTCACC","2432.02211428571","2773.68088571429","STB"
"W8-2_AGCAACAAGCAGGTGG","1416.97667887324","1436.34265352113","STB"
"W8-2_AGCAAGGGTCGTTATC","4987.46888135593","5103.95708474576","EVT"
"W8-2_AGCAATTGTACGATTG","2964.93713142857","5328.95995428571","Hofbauer cells"
"W8-2_AGCACTAGTAAAGCGG","1330.55304594595","1973.29654054054","STB"
"W8-2_AGCACTTAGCAACAAG","4836.19455696203","4865.42412658228","FIB2"
"W8-2_AGCACTTAGCTCGCTT","2346.93884722222","4383.47561111111","vCTB"
"W8-2_AGCACTTAGTAGCGCC","4616.66511515152","2159.64704242424","Hofbauer cells"
"W8-2_AGCCTAGTCTAATCCT","5498.70797927461","2442.20478756477","vCTB"
"W8-2_AGCGCCTAGTGTTGTA","3383.842","1453.47645454545","Hofbauer cells"
"W8-2_AGCGTGCTCATTGTTC","4939.74794","4688.02058","EVT-progenitor"
"W8-2_AGCTAGTTCAAACACC","1713.2516","4688.71943333333","FIB2"
"W8-2_AGCTAGTTCTAGCTAA","4469.12834042553","3623.60195744681","vCTB"
"W8-2_AGCTATATCGATTTGA","4823.70063636364","1874.61345454545","STB"
"W8-2_AGCTATATCTGCAACG","3020.46690647482","1749.05111510791","Hofbauer cells"
"W8-2_AGCTCATAGTGAGCAA","1441.31889444444","1618.49516666667","STB"
"W8-2_AGCTTAATCAAGCCTG","5100.69812648221","3222.88998418972","Hofbauer cells"
"W8-2_AGCTTCCTCTAGCTAA","1328.81333877551","3289.09395918367","STB"
"W8-2_AGCTTTAAGTAAGAAC","2513.70587850467","2296.11607476635","STB"
"W8-2_AGGAACCAGATGGAGC","5054.30214659686","3709.03597905759","FIB2"
"W8-2_AGGACGTAGAGCCGGA","3481.49425531915","467.940561702128","STB"
"W8-2_AGGACGTAGGTGAGAC","1499.48232689655","3103.86635862069","Hofbauer cells"
"W8-2_AGGACTAAGGTTAGAG","2509.44098076923","1219.33009038462","STB"
"W8-2_AGGATATAGTATTGCA","3722.20033502538","5312.58352284264","vCTB"
"W8-2_AGGATATAGTTATTCC","267.326","1409.338","STB"
"W8-2_AGGATCCGTTACCTGT","4608.90307317073","1294.09094146341","STB"
"W8-2_AGGATTGAGTTACTTC","2112.49180487805","1879.02949593496","STB"
"W8-2_AGGCAATCAGCTAACC","3583.68896296296","2752.05944444444","FIB2"
"W8-2_AGGCGGATCCTGCGAA","1099.67760232558","4186.30893023256","STB"
"W8-2_AGGCGGATCTCACACC","2101.22936144578","3910.78942168675","STB"
"W8-2_AGGGCCTTCGCTTCTA","2411.48912195122","4487.63048780488","FIB2"
"W8-2_AGGGCCTTCGGGACTC","3595.36571851852","5453.6137037037","vCTB"
"W8-2_AGGGCTACATGAGTTT","1889.18634939759","3024.16660240964","Hofbauer cells"
"W8-2_AGGTACGCATAACGGG","1585.90546280193","4635.48448309179","STB"
"W8-2_AGGTACGCATAGCTTG","5019.64001986755","2382.06009933775","EVT"
"W8-2_AGGTACGCATTGTGCA","4947.75762989324","5257.03395017794","EVT"
"W8-2_AGGTACGCATTTGCTC","2397.40038202247","3085.43276404494","vCTB"
"W8-2_AGGTCTTAGAACCTGT","2888.16805405405","463.214436756757","vCTB"
"W8-2_AGGTCTTAGTCACTCC","3962.69218181818","876.692570909091","FIB1"
"W8-2_AGGTGAGGTAGACAAA","1574.43218969697","1263.71078666667","STB"
"W8-2_AGGTTTGGTCGTAAAT","4239.42962162162","5124.40664864865","vCTB"
"W8-2_AGGTTTGGTTGCGCGA","5632.95442592593","3750.82922222222","EVT"
"W8-2_AGGTTTGGTTTACCGT","2068.65958024691","2032.25961728395","vCTB"
"W8-2_AGTAAACAGCGATAGA","5493.85225","2562.400375","vCTB"
"W8-2_AGTAACACAGCCAGAA","2587.54941176471","4577.28894117647","STB-progenitor"
"W8-2_AGTAACACAGGCTGTT","2319.2534893617","4821.55836170213","vCTB"
"W8-2_AGTAACCTCCCGTTAC","2332.43111111111","1654.10159259259","FIB2"
"W8-2_AGTCCTGAGCTTTGGG","4168.81252790698","2056.99476395349","STB"
"W8-2_AGTCCTTGTTGGCCGA","984.120266046512","3826.55610232558","vCTB"
"W8-2_AGTGCCGGTAGCCTCC","5235.58549206349","3867.50987301587","STB"
"W8-2_AGTGCGGAGCAGGTGG","2449.08965333333","1219.73208266667","Endothelial"
"W8-2_AGTTACATCAACCAAC","5126.36992982456","3410.19115789474","vCTB"
"W8-2_AGTTACATCCCGCATT","4872.83006451613","1317.3932283871","Hofbauer cells"
"W8-2_AGTTACATCCGCAACA","1866.62123076923","1053.96320118343","STB"
"W8-2_AGTTACATCTATTGTC","2960.11610714286","4628.80485714286","STB"
"W8-2_AGTTATGTCCAGGAAA","1351.5721688189","3892.11007559055","vCTB"
"W8-2_AGTTGCAGTGAGGTGA","3037.87322807018","1666.39789473684","vCTB"
"W8-2_AGTTTGATCTGGCAAT","3816.28998901099","2593.02578021978","FIB2"
"W8-2_ATATGCATCCCTGGTT","2902.26544038929","3090.9937080292","STB"
"W8-2_ATCAATCCACCTGTAA","3300.9724","2314.29397142857","FIB2"
"W8-2_ATCACACAGAAGGTGC","2560.01677108434","2381.3074939759","STB"
"W8-2_ATCACTAAGTCGCTAG","1682.66327272727","4662.85066666667","STB-progenitor"
"W8-2_ATCATCAAGGTAACGA","3208.70836363636","3393.01234848485","Hofbauer cells"
"W8-2_ATCCTTAGTGGACCTG","1044.50548679245","1667.17675471698","STB"
"W8-2_ATCCTTAGTTGCGGAT","4050.51365116279","2730.67365116279","STB"
"W8-2_ATCGCCCGTAGTCAAT","1800.81092857143","2244.70307142857","Hofbauer cells"
"W8-2_ATCGCCCGTCATTACC","1688.98825396825","4409.41784126984","STB"
"W8-2_ATCGCTTGTCATGCCC","4948.72713043478","2425.33930434783","EVT-progenitor"
"W8-2_ATCGCTTGTTCCGGGA","3042.97450632911","3937.33169620253","STB"
"W8-2_ATCGGCCAGCTGCACA","3001.26985714286","3080.1759047619","STB"
"W8-2_ATCGGCCAGGCAATAG","4370.70665306122","4176.06183673469","vCTB"
"W8-2_ATGAAGCCATTGACAT","4731.67376377953","5023.0250984252","FIB2"
"W8-2_ATGAAGTAGCAAACCT","5653.86904347826","3998.71782608696","EVT-progenitor"
"W8-2_ATGAATGCAACCTAAT","1293.27548961039","1233.14937142857","FIB2"
"W8-2_ATGAATGCAGTGAACG","1608.5805203252","2665.51843902439","STB-progenitor"
"W8-2_ATGACCAGTACGTTTC","2193.39304","4030.24434666667","vCTB"
"W8-2_ATGACTCAGAGGATAT","2650.35795031056","2381.5991552795","FIB1"
"W8-2_ATGATGACACTGGCCA","2625.08584","4302.60832","FIB2"
"W8-2_ATGCAGGCACGTTACA","1409.64533613445","1697.41931092437","Hofbauer cells"
"W8-2_ATGGACAAGACAAAGT","4546.82728421053","4289.1588","EVT"
"W8-2_ATGGCCCAGGAGGGTT","4974.97693203884","692.939388349515","vCTB"
"W8-2_ATGGCCGGTAATGGAA","1016.23643529412","2618.37258823529","vCTB"
"W8-2_ATGGCTTAGCTTTGTT","4768.24644444444","4127.58762962963","FIB2"
"W8-2_ATGGCTTAGGAGGCAT","2874.31815319149","2545.19811914894","vCTB"
"W8-2_ATGGTCTAGTTAGCTA","1929.91784615385","1100.80686923077","STB-progenitor"
"W8-2_ATGTAAGCATAAGTCT","1397.12070648148","3093.62238888889","FIB2"
"W8-2_ATGTCAATCAAATCGC","4297.98926086957","5175.99834782609","EVT"
"W8-2_ATGTCCACATAATGTC","2786.922","4104.764","STB"
"W8-2_ATGTTCAAGCTGAGGG","1103.80158392857","1997.79165178571","STB"
"W8-2_ATGTTCAAGGGCTTTG","5777.50142329545","4357.09324289773","STB"
"W8-2_ATGTTGTCATTCCTCG","5648.69133333333","1244.28067407407","FIB2"
"W8-2_ATGTTTGAGGTCAAAG","3420.64184946237","1719.74969892473","vCTB"
"W8-2_ATTACTGAGGTAGCTT","1146.54255929825","1388.99169614035","Hofbauer cells"
"W8-2_ATTAGCTCAGGACCTT","1031.7779744856","1894.30553909465","STB"
"W8-2_ATTAGTCCAAACTGCC","1884.56216","4753.6432","vCTB"
"W8-2_ATTAGTCCAGGCTGTT","2565.54310795455","4328.05220454545","STB"
"W8-2_ATTCATGAGTCTGGGC","2177.12584166667","4848.9447","STB-progenitor"
"W8-2_ATTCGTTTCAAGCCTG","4249.16187878788","5169.06584848485","vCTB"
"W8-2_ATTGCACAGAACCTAC","1797.16092857143","1111.032625","STB"
"W8-2_ATTGGTTCACTTAACG","3053.36461596958","4975.7349581749","Hofbauer cells"
"W8-2_CAAACATGTTGTCATC","5569.03945882353","3873.37828235294","EVT"
"W8-2_CAAAGCGCATGAGCAG","4134.77256","337.7856","FIB2"
"W8-2_CAAAGTGAGCTTAGTA","827.565886075949","3513.67481012658","EVT"
"W8-2_CAACCCGCAAGGCCAA","1572.12464367816","1214.95309655172","Hofbauer cells"
"W8-2_CAACCCGCACAACCTA","701.11510661157","2673.76376033058","STB"
"W8-2_CAACCCTTCCCGTTTA","3771.59307317073","2689.81141463415","FIB2"
"W8-2_CAACTAATCTGGTCCT","796.7758375","3083.64775","EVT"
"W8-2_CAACTAGGTATTGAGT","2738.87341324921","4292.63028391167","STB"
"W8-2_CAACTAGGTGCAATAT","4236.05796521739","822.784904347826","STB"
"W8-2_CAAGACAAGCAACATC","1621.45445901639","2658.45057377049","STB-progenitor"
"W8-2_CAAGCTAGTTCCGCAC","2159.68391111111","4250.19626666667","vCTB"
"W8-2_CAAGGGAGTCCGCTGT","2330.76346666667","4674.28733333333","EVT"
"W8-2_CAAGGGAGTCCTAACT","4426.05152201258","1439.7942427673","vCTB"
"W8-2_CAAGGGAGTGAGCGAA","5279.8856","2293.04355555556","EVT"
"W8-2_CAAGGGAGTTACTAGG","3138.14117647059","3950.60541176471","STB"
"W8-2_CAAGTTATCTCCATAT","3145.66074585635","4271.46916574586","vCTB"
"W8-2_CAATCCTGTCTTTGAC","2338.28792682927","1167.58621463415","FIB2"
"W8-2_CAATCTAAGATGGAGC","5025.0353","4081.9191","vCTB"
"W8-2_CAATGAACATTAGGTT","2386.33205649718","4283.54514124294","STB"
"W8-2_CACAATATCGCTATAA","3615.79179816514","5360.41544954128","FIB2"
"W8-2_CACATAATCATAACCA","5714.4692","1605.17266666667","FIB2"
"W8-2_CACATACAGCATCCAG","3213.48678106509","3824.45272189349","STB"
"W8-2_CACATTAAGTTGCGTG","3705.9758490566","2063.272","FIB2"
"W8-2_CACCAACCACCTCACC","4992.33034782609","1719.41660869565","FIB1"
"W8-2_CACTAGCCATTATGAC","1326.46312289157","2135.05474698795","STB"
"W8-2_CACTTTGTCGGTTTCC","1549.15221052632","4368.54284210526","STB"
"W8-2_CAGAATCTCATTACAG","2046.62158241758","775.824747252747","Hofbauer cells"
"W8-2_CAGAATCTCTACCTGC","4440.75546666667","5074.43718095238","Hofbauer cells"
"W8-2_CAGCATTAGCTCGCTT","1559.33231666667","4451.56230555556","vCTB"
"W8-2_CAGCATTAGGTTACAC","894.926218367347","2889.72585714286","STB"
"W8-2_CAGCCAATCCTAAGAC","1828.83493333333","2887.78753333333","Endothelial"
"W8-2_CAGCCAATCTGTGCAG","4834.62153846154","3322.8432","STB-progenitor"
"W8-2_CAGCCTAAGTAGAGGC","3147.86729302326","2870.53791627907","vCTB"
"W8-2_CAGCTAAGTGAGAAAC","4840.01096","3769.77256","STB"
"W8-2_CAGCTATAGGCTATGT","3549.70361538462","360.493653846154","STB"
"W8-2_CAGGAAGGTACGCGCA","4229.86392682927","483.731473170732","vCTB"
"W8-2_CAGGACCTCCCTCAGT","1985.97215686275","1409.95520784314","vCTB"
"W8-2_CAGGACCTCGTGCTTC","1967.21442857143","729.533842857143","FIB2"
"W8-2_CAGGCTGGTGCGCATG","5049.91288888889","3514.09995555556","vCTB"
"W8-2_CAGGTCCAGCGCATTG","1375.79895584416","3192.11366233766","Hofbauer cells"
"W8-2_CAGGTCCAGTGACCTG","3234.18612080537","4220.84138255033","FIB2"
"W8-2_CAGGTTAGTCCTGATT","2962.32918518519","2154.09635978836","vCTB"
"W8-2_CAGGTTTAGGTTTGCG","1563.952","1026.1026","vCTB"
"W8-2_CAGTATGGTCTAACCT","4339.9001875","4245.743875","EVT"
"W8-2_CAGTATGGTTTCGCCA","3310.88371428571","513.810291428571","STB"
"W8-2_CAGTATGGTTTGGTTC","1947.15047058824","870.688176470588","STB"
"W8-2_CATAACGGTTGGTTCT","2064.42209433962","4455.13766037736","STB"
"W8-2_CATAGACTCCAGGTTG","605.401210909091","3915.92174545455","STB"
"W8-2_CATAGACTCCGTTAAA","2853.25019047619","5145.88819047619","STB"
"W8-2_CATCAATCAACTGGCT","2696.18096453901","2652.28570212766","STB"
"W8-2_CATCAGCCACAAAGGT","3716.092375","464.24578125","STB"
"W8-2_CATCATGCAAACCTAT","2345.71028070175","955.016224561404","vCTB"
"W8-2_CATCCTCAGGCGAATA","5217.72204444444","2151.00502222222","EVT-progenitor"
"W8-2_CATGCAAGTAATGGCC","4372.76406122449","3392.54836734694","STB"
"W8-2_CATGCGCAGTGAGCAA","4522.21945882353","5036.07590588235","STB-progenitor"
"W8-2_CATTATGAGACCATAC","3091.21869230769","4790.65307692308","vCTB"
"W8-2_CATTCATTCTTGTTCG","2942.46386206897","5020.74365517241","FIB1"
"W8-2_CATTCCTCAGGCGAGT","5032.73792307692","4668.23207692308","EVT-progenitor"
"W8-2_CATTCCTCAGGTTAAA","3277.57554098361","2229.99681967213","vCTB"
"W8-2_CCAAACTAGCCGCAGT","5432.22456140351","3601.48505380117","vCTB"
"W8-2_CCAAATCAGGGTTAGA","1796.99580952381","4580.05476190476","vCTB"
"W8-2_CCAAGGCTCATGTTTC","2980.26541071429","1646.19823214286","FIB2"
"W8-2_CCAATATCATAGTCAT","3441.28813333333","569.653900952381","vCTB"
"W8-2_CCACAATAGGCTTAGT","1583.33460348837","3441.64696511628","STB"
"W8-2_CCACACAAGCCTGAGC","2087.27683333333","1824.42816666667","FIB2"
"W8-2_CCAGCTAAGCTGCACA","1947.04987412587","621.211162937063","Hofbauer cells"
"W8-2_CCAGCTAAGGCTGGCT","4254.41490625","2842.176296875","STB"
"W8-2_CCAGGAACATCTTGAG","1350.133403125","1855.47065625","STB"
"W8-2_CCATAAGGTCGTAAAT","1803.72483050847","3110.24047457627","vCTB"
"W8-2_CCATAATCAACAGGAT","1818.49169014085","1528.4811971831","Hofbauer cells"
"W8-2_CCATCACTCATGGCCA","2671.13636363636","4343.95127272727","EVT"
"W8-2_CCCAAACCAGCATGGA","2958.22431034483","2772.28324137931","vCTB"
"W8-2_CCCAAACCAGTATGTT","1336.74867179487","1038.78513333333","STB"
"W8-2_CCCGTAAAGTCACTCC","4261.48347663551","3607.56039252336","STB"
"W8-2_CCCTAATGTGAATCGC","1552.0532","1298.855","STB"
"W8-2_CCCTCACCAAGCTTTG","2033.54489705882","2434.23330882353","vCTB"
"W8-2_CCCTCACCATTATGGT","3055.5464","5237.28645","FIB2"
"W8-2_CCCTGGACAACGTGCT","1769.69155","4784.3616","FIB2"
"W8-2_CCGATGCAGCCTGATG","1964.82659064327","3187.17231578947","FIB2"
"W8-2_CCGATGCAGTAACGAG","1795.80811111111","4529.25931481481","vCTB"
"W8-2_CCGATGCAGTTCCTCA","2769.47849230769","4133.32963076923","STB"
"W8-2_CCGCAAATCCCGTTTA","4975.41805882353","4764.77441176471","EVT-progenitor"
"W8-2_CCGCAAATCCTAGTTT","3125.40407017544","2623.75319298246","STB"
"W8-2_CCGCTTAGTCACTCGC","2897.65306122449","4689.84179591837","STB-progenitor"
"W8-2_CCGGTAGGTTAGCATG","3817.61945098039","424.459788235294","STB"
"W8-2_CCGGTTAAGCAAACCT","3497.68955555556","682.451855555556","vCTB"
"W8-2_CCGTTAACAGCCAGTT","2302.94369565217","4447.36313043478","STB"
"W8-2_CCGTTACTCCAAGTGT","5574.95690909091","1251.86903636364","vCTB"
"W8-2_CCGTTATGTGAAACAA","4626.60964285714","2042.37835714286","STB"
"W8-2_CCGTTTGGTGCAATGC","4712.84224137931","3139.50596551724","vCTB"
"W8-2_CCTAAGTAGCACAGGG","2348.5423125","1187.15109375","vCTB"
"W8-2_CCTAAGTAGCTAGAAG","3254.30593333333","442.832113333333","vCTB"
"W8-2_CCTACTGGTGCATCGG","797.659644444444","1930.47869135802","vCTB"
"W8-2_CCTAGTTGTCATCAAG","1104.24554864865","4202.62972972973","STB"
"W8-2_CCTAGTTGTCATCATC","1660.90642857143","2976.34035714286","vCTB"
"W8-2_CCTATTGTCATTGCGG","1272.86377","1519.33513","STB"
"W8-2_CCTATTTAGTAGCCAT","2814.54744444444","4873.24883333333","FIB2"
"W8-2_CCTCAAACACCTGTAA","4327.24811428571","3415.35088571429","STB"
"W8-2_CCTCAGTTCCAGGGAG","5201.13965473684","4375.06350947368","vCTB"
"W8-2_CCTCAGTTCTGTTCAT","4244.46930188679","972.533822641509","Endothelial"
"W8-2_CCTGAATAGCGTGCGT","5004.22137777778","1973.40413333333","FIB2"
"W8-2_CCTGAGTCATTAGCGC","5709.59894736842","1803.75315789474","vCTB"
"W8-2_CCTGCTCCACAATTAC","2323.0256119403","3481.91695522388","FIB2"
"W8-2_CCTGGTAAGTTAGTGC","741.353091025641","2530.62174358974","vCTB"
"W8-2_CCTGTAACAGAAATGC","1091.16915466667","1984.47288","STB"
"W8-2_CCTTGTTCAGTTAGCC","3689.75909677419","5453.58509677419","vCTB"
"W8-2_CGAAATGAGGCAGGTG","1287.29537196262","4161.25106542056","STB"
"W8-2_CGAACAAAGCCGGTAC","2420.78107692308","1225.86841025641","FIB2"
"W8-2_CGAATCTAGGCTGTGC","2381.03057142857","3343.30498412698","vCTB"
"W8-2_CGACTAAGTGGTTATG","2022.44675","660.170025","vCTB"
"W8-2_CGAGGTGAGCTGGCTA","2379.84814893617","1429.58555957447","STB-progenitor"
"W8-2_CGAGGTGAGGTGAGAC","650.885948623853","3073.76612844037","STB"
"W8-2_CGAGTCGGTCATCAAG","3994.40774285714","3524.28148571429","STB"
"W8-2_CGATTATCACAGGGAC","2455.39866666667","4539.32066666667","vCTB"
"W8-2_CGATTTGCACAGACTC","881.21080952381","4341.01402721088","FIB2"
"W8-2_CGCAAATTCAAGCTAC","1614.48364285714","1448.29601428571","STB"
"W8-2_CGCAATAGTCAACAAT","5407.98517514124","2718.90108474576","Endothelial"
"W8-2_CGCAATCCAGCACCAT","2091.462848","1747.124768","Hofbauer cells"
"W8-2_CGCAATGTCACAGCGC","5619.32392","3804.71328","EVT"
"W8-2_CGCACAATCAATCATG","1142.42961034483","2795.12972413793","STB"
"W8-2_CGCATATAGGCGAAAC","1428.244771875","4390.776625","vCTB"
"W8-2_CGCCAAATCCTGAATA","3725.04322751323","1935.07859259259","STB"
"W8-2_CGCTAACCAAGGTACG","5077.43303508772","768.191550877193","STB"
"W8-2_CGCTATGAGTGACCTG","5280.4696","2094.9686","vCTB"
"W8-2_CGCTTCTAGCAGGTTT","1887.0135","3109.8045625","vCTB"
"W8-2_CGCTTGCGTCATAGAT","5421.61778947368","2340.86410526316","EVT"
"W8-2_CGCTTGCGTTCCGGCT","2712.86493333333","4285.72293333333","vCTB"
"W8-2_CGGACAACATGTCAGC","5041.06772222222","4806.9405","EVT"
"W8-2_CGGAGTCTCCTAGTTT","2577.97761904762","5138.43523809524","vCTB"
"W8-2_CGGATTAGTTTGGCGG","5368.61872222222","1483.45895555556","Hofbauer cells"
"W8-2_CGGCAATGTTTAACCC","1704.68371962617","1096.42425046729","FIB2"
"W8-2_CGGGCTTAGCACGTTG","4245.01531578947","5309.92923026316","vCTB"
"W8-2_CGGGCTTAGGTAACGA","857.716101149425","2435.22084482759","STB"
"W8-2_CGGGTATGTTAAATGC","1721.50627777778","1170.58744444444","vCTB"
"W8-2_CGGGTATGTTCCTCCT","2746.52126315789","3993.08463157895","Endothelial"
"W8-2_CGGTTGGGTACTGATG","5633.50733333333","3754.48733333333","EVT"
"W8-2_CGGTTTCTCTTTGTAC","844.565659259259","2582.521","vCTB"
"W8-2_CGTAATGGTCTTACTA","4551.44892307692","3548.2964","STB"
"W8-2_CGTACGGGTCAGTAAT","4862.54412903226","3877.13361290323","STB"
"W8-2_CGTAGCGGTCATCAAG","5145.96277669903","4670.75687378641","STB"
"W8-2_CGTAGCGGTTGCGTAA","4462.67683916084","2475.5953986014","FIB2"
"W8-2_CGTATTGCAAACTGTT","2272.23855555556","3404.95522222222","vCTB"
"W8-2_CGTATTGCAACTAACT","4011.06884571429","3503.64793142857","vCTB"
"W8-2_CGTCAATAGACAACAG","3161.32390344828","4698.52266206897","Hofbauer cells"
"W8-2_CGTCCTAGTACTTAGG","5015.51366666667","2414.26086666667","EVT-progenitor"
"W8-2_CGTGACATCTTAGCCC","1581.36493333333","2072.20820689655","Hofbauer cells"
"W8-2_CGTGCTTTCAGGTCCA","3444.69966666667","2850.88638095238","Hofbauer cells"
"W8-2_CGTGTGTCAAGACTCC","2038.92244444444","4459.87822222222","Hofbauer cells"
"W8-2_CGTGTGTCAGAGGGAG","2821.45995454545","425.892618181818","vCTB"
"W8-2_CGTGTTACACTTCATC","3932.82991176471","798.302879411765","FIB2"
"W8-2_CGTTAACAGCTGAGGG","1404.42048163265","1380.58925918367","FIB2"
"W8-2_CGTTAGGTCCGCCTAT","5624.65772115385","2544.25776923077","vCTB"
"W8-2_CGTTATTTCCCTCACG","2769.98965957447","3281.60472340426","STB"
"W8-2_CGTTGCGCAAGGTATA","1432.73554285714","1333.15398333333","FIB2"
"W8-2_CGTTGCGCAATCATGT","3596.39037837838","2838.13872072072","FIB2"
"W8-2_CGTTGCGCAGGCAAGC","4515.96771428571","3737.25238095238","Erythroblasts"
"W8-2_CGTTTGTGTAGGTTGC","4996.77291925466","5336.45053416149","EVT"
"W8-2_CGTTTGTGTTATGTGG","4923.13659090909","4762.90490909091","EVT-progenitor"
"W8-2_CTAAAGCTCATGGCTG","4893.11091666667","5000.74941666667","EVT-progenitor"
"W8-2_CTAACCACAGCTAATT","4398.33006451613","5014.23812903226","vCTB"
"W8-2_CTAACCACATTATGCG","2991.59677777778","2763.60155555556","vCTB"
"W8-2_CTAACCCTCCTTGAGG","2995.7156","782.37312","Hofbauer cells"
"W8-2_CTAAGGTTCATCCACC","5759.408","2378.20616666667","Hofbauer cells"
"W8-2_CTAATCGCAAGCTACC","1302.71510309278","2712.60173195876","STB"
"W8-2_CTAATCTTCTAAATCG","4753.21625233645","2975.26714018692","STB"
"W8-2_CTATAACCACCCACAG","5549.46540740741","3731.2517037037","EVT"
"W8-2_CTATAACCACCTACTT","1243.00654782609","3301.19965217391","Hofbauer cells"
"W8-2_CTATAACCACTTGTTC","1085.97675757576","2569.54248484848","vCTB"
"W8-2_CTATGAGGTAGCCTCC","954.173591111111","4237.85764444444","STB"
"W8-2_CTATGATCACCTCACC","4721.10024242424","3137.28781818182","vCTB"
"W8-2_CTATGATCAGAGGGAG","3280.5996557377","1494.69043770492","STB"
"W8-2_CTATGTTTCACTAATG","2263.68354545455","4558.31245454545","Endothelial"
"W8-2_CTCACAACAACTAGGG","2736.09353333333","2541.8162","vCTB"
"W8-2_CTCACAACAGGATAAC","2881.43353846154","483.839648076923","STB-progenitor"
"W8-2_CTCATTTAGCTAATCA","1592.47877777778","4424.22583333333","FIB2"
"W8-2_CTCCCTGAGTTAGTGC","5116.83887128713","3472.35847524752","vCTB"
"W8-2_CTCCGGACACCTAATG","4359.90313364055","2834.36057142857","FIB2"
"W8-2_CTCCGTCCACAGGATG","4435.61664102564","5229.66946153846","STB"
"W8-2_CTCCTAATCAGCACGC","967.672371830986","1761.10752112676","STB"
"W8-2_CTCCTCACAGCACCAT","1407.87203661972","4301.64735211268","vCTB"
"W8-2_CTCCTGAGTCATCATC","3098.51189473684","5090.62810526316","Hofbauer cells"
"W8-2_CTCGCTAGTAGCCATA","1647.12246428571","2558.37625","vCTB"
"W8-2_CTCTATGTCCCGCAAA","4868.6985","1854.6964","STB"
"W8-2_CTCTCACAGCACGTTG","1348.32477804878","1399.6053195122","Hofbauer cells"
"W8-2_CTCTTGATCACAGCCA","1696.17184615385","4079.29053846154","FIB1"
"W8-2_CTGAAACTCACAGACT","1926.48543089431","866.16434796748","STB"
"W8-2_CTGAAACTCTCCTCTT","2575.7496969697","3463.84115151515","Hofbauer cells"
"W8-2_CTGACCAAGTTGTCTT","5713.7319","3692.9386","STB"
"W8-2_CTGATCACAGCAATAA","3054.17082608696","2698.0292173913","Endothelial"
"W8-2_CTGCTACTCAGCCAAT","5273.35607017544","3046.30792982456","STB"
"W8-2_CTGCTACTCTATCGCC","2543.20718181818","4232.18495454545","vCTB"
"W8-2_CTGCTATGTAACAGGG","2164.55917117117","4344.22868468468","FIB2"
"W8-2_CTGGACCAGGATGATG","2434.49609230769","2923.99141538462","vCTB"
"W8-2_CTGGATGTCAAGACTC","5030.81585714286","610.359604761905","FIB2"
"W8-2_CTGGATGTCCTTCGTA","1757.09527731092","2835.96534453781","STB"
"W8-2_CTGGCTAAGCTTTGTT","3060.9776","5155.13902857143","STB"
"W8-2_CTGGCTAAGTGACCTG","4212.89738461538","3263.46359615385","vCTB"
"W8-2_CTGGCTTTCTTGGATA","5386.3785087108","3543.97754703833","STB-progenitor"
"W8-2_CTGTACCTCAACAAGG","2522.45822222222","3610.57391666667","Endothelial"
"W8-2_CTGTATTTCGAGCTAT","885.768373333333","2430.26246666667","vCTB"
"W8-2_CTGTATTTCTGTGCCT","2580.21021818182","4720.50385454545","EVT"
"W8-2_CTGTTAAAGACAAAGT","2594.40898113208","4128.03154716981","STB"
"W8-2_CTGTTAAAGTAAGTGG","2139.1286746988","2083.92044578313","STB"
"W8-2_CTTAACAAGATAACCC","935.733466666667","4355.44545454545","vCTB"
"W8-2_CTTAGTTTCAGGAACA","2362.92888888889","1503.69131111111","STB-progenitor"
"W8-2_CTTAGTTTCCCTCTAA","809.160377464789","2270.97242253521","vCTB"
"W8-2_CTTATGTTCATGGCCA","1881.83996296296","1772.50083333333","Hofbauer cells"
"W8-2_CTTCATCCAGGTATTT","881.89276751269","3080.79120812183","EVT"
"W8-2_CTTCGCGTCAATCTAG","5764.66643333333","3715.87033333333","EVT"
"W8-2_CTTCTAAGTCACGGAT","3985.98627586207","812.330507586207","vCTB"
"W8-2_CTTCTAAGTCTTTATG","3732.47237931034","954.8692","STB"
"W8-2_CTTCTAAGTGAGGTGA","2827.26914285714","3231.81238961039","STB"
"W8-2_CTTCTCAAGGGCCATC","3577.65270588235","2639.461","STB"
"W8-2_CTTGAACAGCTGGACC","1895.13972727273","3657.69154545455","STB"
"W8-2_CTTGCTCAGCAAGGTA","5129.4773125","5012.481125","STB"
"W8-2_CTTGGACCACGTGCTG","2968.52173626374","2313.75345054945","STB"
"W8-2_CTTGTTCCATCGCTCC","2793.83206557377","4049.74081967213","Endothelial"
"W8-2_CTTTAGTTCATAACGC","2886.56205405405","4093.39805405405","STB"
"W8-2_CTTTAGTTCATTTGCT","1819.62046153846","4800.21046153846","vCTB"
"W8-2_CTTTAGTTCTTGCATT","2443.48844444444","4746.11122222222","EVT"
"W8-2_CTTTCTTGTTCATTTG","5113.56576923077","1348.29338782051","STB-progenitor"
"W8-2_CTTTGTCCAGCCGCTA","2808.41811392405","4771.60341772152","STB-progenitor"
"W8-2_GAAACTGAGTGAGGTA","4361.70635051546","4980.39640206186","STB"
"W8-2_GAAAGCCAGGTTTGCG","636.946678787879","3839.11866666667","EVT"
"W8-2_GAAAGCCAGTTTGAGC","1694.43536082474","1683.16175257732","STB"
"W8-2_GAACCAAAGCATGAAG","2243.72259259259","1679.88573333333","STB"
"W8-2_GAACCAAAGGATAAAC","5089.79023076923","4813.94007692308","EVT"
"W8-2_GAACCAGCACAACCTA","781.089352486188","2652.81838674033","STB"
"W8-2_GAACGAATCTCATCAT","4724.414","3135.44733333333","vCTB"
"W8-2_GAACTTATCAGGAACA","5593.60066666667","1282.58858666667","vCTB"
"W8-2_GAACTTATCCGCATGA","1557.9001027027","4358.41962162162","STB"
"W8-2_GAAGCTAAGGTAGCTT","1837.55935632184","2717.4291954023","vCTB"
"W8-2_GAAGGAACACAGGAAT","1842.30661538462","3417.14123076923","FIB2"
"W8-2_GAAGGCTAGGAGTCGG","493.007807741935","3085.35583225806","FIB2"
"W8-2_GAAGTAAGTCCGGTTC","4244.87770873786","690.053691262136","STB"
"W8-2_GAAGTATAGCAAGATG","1312.34178644068","3334.79961016949","STB"
"W8-2_GAAGTATAGCGCTAAT","2305.92961538462","1314.86589230769","STB"
"W8-2_GAAGTATAGGAGGTTA","1251.57638661088","1804.18369874477","STB"
"W8-2_GACAATACATGAGTTT","4807.0865","4322.57333333333","EVT-progenitor"
"W8-2_GACCGAACAATACTGT","3255.06463235294","4036.14691911765","STB"
"W8-2_GACCTCAAGGATCCGC","3658.21925925926","430.9044","STB"
"W8-2_GACCTGATCAAGGACA","2031.34194174757","2390.60440499307","vCTB"
"W8-2_GACCTGCAGGGTCCAC","3650.292","5645.236","FIB2"
"W8-2_GACCTTTGTTGTCATC","3741.57188304094","2753.93311111111","STB"
"W8-2_GACCTTTGTTTACGTC","2576.94705785124","4111.62183471074","STB"
"W8-2_GACGCCTAGACAACAG","3261.46637837838","1937.88167567568","STB"
"W8-2_GACTCACCACACCAAC","3354.16182222222","3529.03024","FIB2"
"W8-2_GACTTACAGGACTAAG","1531.394","4752.446","vCTB"
"W8-2_GACTTGGTCCCGCAAA","934.8662875","4324.1504375","STB"
"W8-2_GACTTGGTCTCCTCAA","2089.00863917526","4516.97735051546","STB"
"W8-2_GAGATAAGTAACAGGG","5122.72347058824","3895.41311764706","STB"
"W8-2_GAGATAAGTGAGCAAG","2065.15139215686","836.057549019608","FIB2"
"W8-2_GAGCAAATCATGGCCA","1183.84609302326","4074.98223255814","vCTB"
"W8-2_GAGCCTTCAAGGTCGA","4956.73350819672","2011.43840983607","STB"
"W8-2_GAGCGGTCAAACGGGC","4206.44442105263","1982.58010526316","FIB2"
"W8-2_GAGCTGCTCGGCCATA","1947.48588888889","4528.57122222222","vCTB"
"W8-2_GAGCTTAGTGGAAGGC","3597.96727388535","2362.91514649682","Erythroblasts"
"W8-2_GAGGCAAGTAATGACT","5210.64656","1974.61496","FIB1"
"W8-2_GAGGCAAGTCAATACG","1316.76378","3319.39310769231","STB"
"W8-2_GAGGCAAGTCATGAGC","1426.94345294118","2960.11135294118","Hofbauer cells"
"W8-2_GAGGCCTTCTCGCCTG","4521.9219223301","5005.87365048544","Hofbauer cells"
"W8-2_GAGGTACAGTAACCAC","5125.74582278481","753.865086075949","Hofbauer cells"
"W8-2_GAGGTGAGTAATCGGC","2824.30673333333","5113.81546666667","vCTB"
"W8-2_GAGTGAGGTGTTAAAC","1578.27844623656","1229.24959032258","FIB2"
"W8-2_GAGTTACTCCTTGCAC","4513.91056521739","3985.86030434783","FIB2"
"W8-2_GAGTTACTCTAGCTAA","5221.17871595331","5027.9955304799","EVT"
"W8-2_GAGTTGCGTAACGGGA","3272.63452482269","2298.07520567376","vCTB"
"W8-2_GATAAAGGTTTATGGG","1400.33806415094","1438.49778113208","STB"
"W8-2_GATAGACCAGTAATAG","2362.57317741935","3211.5985","vCTB"
"W8-2_GATCAGGCAACAACAA","3367.66033333333","670.337586666667","Hofbauer cells"
"W8-2_GATCAGGCAACACTTG","1313.713475","4417.9189375","FIB2"
"W8-2_GATCCGTCATAATCAC","4616.09340625","2039.921125","STB"
"W8-2_GATCGAGCAACTAACT","4405.68698765432","4339.15604938272","EVT"
"W8-2_GATCGCTCATAGCAGG","4902.40921367521","4225.24374358974","STB"
"W8-2_GATGCGACAAGGTGCA","2285.29249350649","1633.38922077922","STB"
"W8-2_GATTACGGTACTTAGG","2367.17635779817","1415.68216880734","STB"
"W8-2_GATTAGCTCACTCAAA","3156.19990378007","4275.08068728522","vCTB"
"W8-2_GATTAGTGTTACTAGG","5083.85459375","1410.922784375","FIB1"
"W8-2_GATTATGTCATGCTCC","4934.08717647059","3836.23588235294","FIB2"
"W8-2_GATTCAATCCTCAGTC","4513.15748776224","1559.04966713287","STB"
"W8-2_GATTCAGGTTAAGGTT","3144.66745454545","4969.16751515151","vCTB"
"W8-2_GATTGTTCACCAGGTT","5171.62206896552","1335.89093793103","vCTB"
"W8-2_GCAAACAAGGATTTGC","2838.89036363636","4848.29168181818","FIB1"
"W8-2_GCAAACCGTAATGGAA","1718.04364444444","4586.87551111111","vCTB"
"W8-2_GCAAACTTCAAATCGC","3212.50688205128","4649.74585641026","Endothelial"
"W8-2_GCAAACTTCTGTGCAG","5357.56075675676","2454.02324324324","Hofbauer cells"
"W8-2_GCAATGAAGCACAGGG","2769.766","5126.63426666667","vCTB"
"W8-2_GCAATGAAGTGAGGTA","2026.042","4459.60268656716","Hofbauer cells"
"W8-2_GCAATGTTCATGCTAA","1277.4410822695","3113.65191489362","STB"
"W8-2_GCAATGTTCGCGCTAA","3690.37784848485","749.218687878788","vCTB"
"W8-2_GCACTAAGTGCTTTAC","5779.03911290323","2317.15952419355","vCTB"
"W8-2_GCACTTACAAGATTCT","5035.102","4846.032","vCTB"
"W8-2_GCAGGCAAGCTTTGTT","4324.03413114754","3567.50042622951","Endothelial"
"W8-2_GCAGGTGAGTAGGATG","3174.71181954887","2646.79887218045","FIB2"
"W8-2_GCATGAGCAAACGCGA","5153.01234577603","3257.0144675835","vCTB"
"W8-2_GCATTGCCAAGTTATC","2781.64650666667","3824.80677333333","vCTB"
"W8-2_GCCAATAGTCACAGCG","2360.69554098361","1186.82921311475","FIB2"
"W8-2_GCCACACAGCTCAATA","4584.29345945946","5093.98077477478","vCTB"
"W8-2_GCCACTAAGCATGACT","3024.07019047619","3808.17361904762","Hofbauer cells"
"W8-2_GCCAGGTTCGGTTCCT","3957.05016666667","3790.64224242424","FIB2"
"W8-2_GCCATGATCCCTCACG","1782.29427722772","1142.04192277228","STB"
"W8-2_GCCGTGAGTTTAGTCC","2026.40059649123","1230.68625263158","vCTB"
"W8-2_GCCTGTGCAACACTTG","4286.19903314917","5210.68918232044","STB"
"W8-2_GCCTGTGCATAGCGGA","2637.54972727273","5161.91627272727","FIB2"
"W8-2_GCCTTAACAGGACACA","2191.57294339623","4066.09035849057","STB"
"W8-2_GCCTTGCGTTAGGCTA","4614.51954385965","2575.42207017544","FIB2"
"W8-2_GCGAAGTAGAAGCTAG","4868.2830212766","4311.53842553191","EVT"
"W8-2_GCGAAGTAGTCATTGA","4706.1348","3136.1895","vCTB"
"W8-2_GCGAGTGAGGCCATCA","2988.71575324675","5140.84581818182","FIB2"
"W8-2_GCGAGTGAGGTTAGCT","3257.98660465116","2835.01781395349","STB-progenitor"
"W8-2_GCGCTTAAGTGAACGA","4151.5465","465.156760416667","FIB2"
"W8-2_GCGGAACCATAAACCT","2436.98146153846","4788.01384615385","STB"
"W8-2_GCGTTTCTCCACCTGT","1525.72902409639","1743.16260240964","Endothelial"
"W8-2_GCTAACAGTCGCATAA","2271.65820183486","1834.30917431193","STB"
"W8-2_GCTAACCCAATCCTGA","2621.05987719298","3280.44710526316","STB"
"W8-2_GCTAGCCAGCTCCTTA","4335.47379220779","4295.91158441558","EVT"
"W8-2_GCTAGTGTCGCAGGCT","3704.54142857143","746.389996273292","vCTB"
"W8-2_GCTAGTGTCGTTCACC","2381.88098666667","1529.27252266667","Endothelial"
"W8-2_GCTATAGGTACGATTG","5181.91257037037","3662.27805925926","Hofbauer cells"
"W8-2_GCTCAACCATCCTAGA","5236.05527692308","1834.44283076923","vCTB"
"W8-2_GCTCATTGTTGTTGCT","885.7455","2164.70144444444","vCTB"
"W8-2_GCTCTGTTCCTGATGG","2835.7288","5086.07192727273","vCTB"
"W8-2_GCTGACATCACAGCGC","5179.05182477341","2351.58097885196","EVT"
"W8-2_GCTGACCAGCATTAGC","4711.18551515152","3134.3103030303","vCTB"
"W8-2_GCTGCAATCGGTACGC","5619.77225575448","1402.20113913043","vCTB"
"W8-2_GCTGGATGTTATCGAG","2548.2241025641","2515.79338461538","FIB1"
"W8-2_GCTGGATGTTCATTTG","3695.5155","396.323935","STB"
"W8-2_GCTGTAAGTCAATAGT","1055.86319768116","4214.43557681159","STB"
"W8-2_GCTGTAAGTGAGCACT","5065.45969411765","3034.89341176471","vCTB"
"W8-2_GCTGTAAGTTATGTGG","2436.19789565217","1518.6850173913","STB"
"W8-2_GCTGTGATCCTAATAG","5192.70413333333","3883.12793333333","EVT-progenitor"
"W8-2_GCTTAACAGAAGCTAG","2308.82619512195","3856.59712195122","FIB2"
"W8-2_GCTTATCGTTAGAGGG","5551.91545454545","3935.60696969697","Hofbauer cells"
"W8-2_GCTTTACGTCATGAGC","2067.01633846154","4289.04873846154","vCTB"
"W8-2_GCTTTACGTGAAGCCT","4872.18579661017","1846.30857627119","STB"
"W8-2_GCTTTATTCCTTAGGG","2758.22782857143","5141.91142857143","vCTB"
"W8-2_GCTTTATTCTAATTGG","1302.50544293194","1175.20483246073","Hofbauer cells"
"W8-2_GCTTTCATCACGAATC","4005.21221145374","3320.06444052863","STB"
"W8-2_GGAACCTGTAGCAGCT","3708.22255384615","2827.67746153846","STB"
"W8-2_GGAACTAAGGTGCTGC","1868.68054545455","719.514545454545","vCTB"
"W8-2_GGAATCTTCCTTGTTG","1862.78966666667","3509.80958333333","vCTB"
"W8-2_GGACAGCCAGAAATGC","4361.51070243902","1075.35324292683","STB-progenitor"
"W8-2_GGACCTCAGCACGTTG","3071.55968","4828.06524","vCTB"
"W8-2_GGACCTCAGCGAAGTA","5327.16646753247","2153.61755844156","vCTB"
"W8-2_GGACGGATCAACCAAC","2338.12221428571","4866.57107142857","vCTB"
"W8-2_GGACGGATCCTAACGG","4606.77629508197","5060.07039344262","FIB2"
"W8-2_GGACGGATCTTGCATT","1458.53882258065","1608.51143548387","STB"
"W8-2_GGAGCAAGTAATGACT","1405.59436533333","2807.23154666667","FIB2"
"W8-2_GGAGCGATCCTCACAC","3861.63942136339","3951.06085560923","vCTB"
"W8-2_GGAGGTTAGCTGTACG","1984.99988311688","1675.03998701299","vCTB"
"W8-2_GGAGTCTGTCCGCTGT","1827.77805555556","1760.98508333333","STB"
"W8-2_GGATAACCAAGTTATC","4278.52510067114","956.003100671141","vCTB"
"W8-2_GGATATTGTTGGCGTG","1502.3860247619","1649.69293333333","FIB2"
"W8-2_GGATGGCCATGAATCT","1598.68149071038","3195.27701639344","STB"
"W8-2_GGATTGCGTTGTCCAT","5368.54114893617","2072.95873758865","vCTB"
"W8-2_GGCAAGCCACAATACT","1385.02523225806","4533.50722580645","STB"
"W8-2_GGCATGGAGTTGTCTT","5155.91144788732","3220.76575774648","FIB2"
"W8-2_GGCATTAGTCTTGCAT","5150.56714285714","3064.65210714286","STB"
"W8-2_GGCATTAGTGTAACCA","1702.10401333333","4776.35982666667","vCTB"
"W8-2_GGCCAGTTCGCAAACT","5168.48537288136","3734.29644067797","STB"
"W8-2_GGCCATCAGAGCCGGA","5317.96593939394","5054.3375","EVT-progenitor"
"W8-2_GGCCGTTAGCTAATTG","4345.75952380952","4418.91843537415","EVT"
"W8-2_GGCCTCTGTTAGGCGT","5260.84625806452","5120.46417866005","EVT"
"W8-2_GGCCTCTGTTAGGCTA","1625.51589036145","2670.38045783133","STB-progenitor"
"W8-2_GGCCTTCGTAGGTTAT","1025.51787","4203.6466","vCTB"
"W8-2_GGCGCTAGTTCACCAT","1636.40730769231","4601.83576923077","STB"
"W8-2_GGCGGTAAGAGCCGCT","1425.97904054054","2634.18132432432","FIB2"
"W8-2_GGCGGTAAGCATGTTA","1401.57821587302","4635.58806349206","Hofbauer cells"
"W8-2_GGCTAGACAGCTTAAT","4518.92915231788","3600.79896688742","STB"
"W8-2_GGCTCACAGCCATCAG","5270.95332","1525.484796","FIB2"
"W8-2_GGCTGAGAGCACGATT","1410.08114","1424.63442","STB"
"W8-2_GGCTTCAAGGTCATTA","1569.95719744681","1903.97792340426","FIB2"
"W8-2_GGCTTCAAGTTGGGCC","5162.87285714286","1560.26028571429","vCTB"
"W8-2_GGGATTAAGACCATAC","2067.45534693878","1876.99089795918","vCTB"
"W8-2_GGGCAATAGGCTGTGC","3575.67063157895","2697.32694736842","STB-progenitor"
"W8-2_GGGCATTGTACCGTAA","4303.85958709677","3767.14851612903","FIB2"
"W8-2_GGGTCACTCCCGTTAC","5583.0692","2470.23824","vCTB"
"W8-2_GGGTGAAGTTATGTGG","1877.58507070707","2591.70941414141","FIB2"
"W8-2_GGGTGAAGTTCAAGAT","4530.24972307692","3658.71732307692","vCTB"
"W8-2_GGGTTTCCATAATGAG","1730.60715789474","2853.76978947368","Endothelial"
"W8-2_GGTACCGGTTACTTCA","1967.25045454545","4560.36972727273","Endothelial"
"W8-2_GGTAGGAGTTCGCTCA","2858.18516778523","4101.0704295302","vCTB"
"W8-2_GGTCAGGAGTTGTCCC","4722.13275","3144.82175","vCTB"
"W8-2_GGTCCTGCAATTGCGC","2008.4442733813","783.499966906475","FIB2"
"W8-2_GGTCGGTTCATTGACA","5361.059264","3118.446704","vCTB"
"W8-2_GGTGAGCCATTATGAC","3288.79619557937","3235.83916945747","vCTB"
"W8-2_GGTGAGGTCACCGGTA","1815.49587096774","3519.43361290323","FIB2"
"W8-2_GGTGAGGTCCTTGTTG","2663.20558536585","5094.82490243902","Hofbauer cells"
"W8-2_GGTGTCCAGCATGTCG","893.0704","2730.264","STB"
"W8-2_GGTGTGACAGATTCAT","5090.68906666667","3170.45813333333","FIB1"
"W8-2_GGTTATATCTTGGACG","2435.21363636364","4747.79907070707","EVT"
"W8-2_GGTTGAGCAAGTCGCT","3702.03611764706","3448.88242352941","Hofbauer cells"
"W8-2_GGTTGCGGTCAAACTG","4326.87521052632","3559.845","Endothelial"
"W8-2_GGTTGCTCATAAACCT","1906.97051162791","1367.24993488372","STB-progenitor"
"W8-2_GGTTTCTGTTTGGGCG","1708.80253968254","1415.05934603175","STB"
"W8-2_GTAAAGCCAGTTTGGC","1296.91162535211","4526.10898591549","FIB2"
"W8-2_GTAAGCAAGATGCCTG","4461.2358974359","2832.1678974359","Hofbauer cells"
"W8-2_GTAAGCAAGGACCGCT","534.803214285714","2886.57434285714","STB"
"W8-2_GTAATAGCATATTGAC","3629.17259405941","2675.34158415842","STB"
"W8-2_GTACAATGTCCAAGAC","4945.16277941176","4375.12402941177","vCTB"
"W8-2_GTACAATGTGTGCAAC","4284.83046153846","5181.28169230769","vCTB"
"W8-2_GTACCTTGTAATAGCT","1427.04645526316","1425.17458157895","STB"
"W8-2_GTACCTTGTTTGACCT","5210.35269444444","5031.13972222222","EVT-progenitor"
"W8-2_GTACGTAGTTAGAGGG","3155.74638961039","2412.30111688312","vCTB"
"W8-2_GTACTAATCTAAGTCA","4572.27830379747","3621.93658227848","STB"
"W8-2_GTATCGCCACTGGCTG","2725.74862222222","2796.54888888889","STB"
"W8-2_GTATCGCCAGCAACCT","3233.83566101695","4309.76657627119","FIB1"
"W8-2_GTCATCACATGAATCT","5013.73334426229","4396.12940983606","FIB2"
"W8-2_GTCATGCCAGCATGAG","1672.12040963855","1721.10428915663","FIB2"
"W8-2_GTCATTAAGGAAGTAT","761.838305882353","4352.72161764706","FIB2"
"W8-2_GTCCAAGTCACGCGGT","2462.63787654321","4019.90451851852","vCTB"
"W8-2_GTCCGTAAGTAACCAC","2115.0655","4606.50770238095","STB"
"W8-2_GTCCTAGAGCTTGCTC","5349.14594366197","1494.63531267606","FIB2"
"W8-2_GTCCTCCCAATCTCTC","4962.6787","4051.35921428571","FIB2"
"W8-2_GTCGAAGCATCCTAGA","5127.74041062802","1327.61111449275","STB"
"W8-2_GTCTATCGTTGGTTAG","1642.55963962264","1766.73635849057","Endothelial"
"W8-2_GTGAGCGAGCCTAACG","2222.58833766234","4306.562","STB"
"W8-2_GTGCACGGTAACAGGG","3848.50366304348","2649.36598913043","STB"
"W8-2_GTGCACGGTGTGAGGA","4545.43625","1670.68408333333","FIB2"
"W8-2_GTGCCTTTCGCACACA","2248.84294915254","2168.77741525424","vCTB"
"W8-2_GTGCGCAGTTGGATCA","2791.145875","4777.019625","vCTB"
"W8-2_GTGCGGTTCACTTCAT","2998.86154098361","2673.96127868852","STB"
"W8-2_GTGCGGTTCATAGACC","2993.40191954023","3450.84677011494","STB"
"W8-2_GTGCTCCGTGGGAACA","2368.42617475728","3735.97699029126","vCTB"
"W8-2_GTGCTTACATTGCGGT","5005.00196341463","4478.20280487805","STB"
"W8-2_GTGGTTAGTTGTCCAT","1777.48622988506","2834.43393103448","STB"
"W8-2_GTGTAACTCGGGACTC","5100.64557142857","4895.18967857143","EVT"
"W8-2_GTTAATGTCTCCATAT","2872.21957894737","4898.50363157895","FIB2"
"W8-2_GTTACCTGTAACGTGC","4465.33491428571","1560.30909142857","Hofbauer cells"
"W8-2_GTTACGTAGAAAGGAA","3090.87446153846","1745.42030769231","STB"
"W8-2_GTTACGTAGCCATCAG","5415.16417218543","3307.45402649007","vCTB"
"W8-2_GTTACGTAGTAGCGGG","1193.64821818182","4170.89703030303","STB"
"W8-2_GTTACTAAGGACAACA","5492.52","2018.85028909953","vCTB"
"W8-2_GTTACTCGTAGCTAGC","5397.44275117924","2806.29354716981","vCTB"
"W8-2_GTTCCTGGTCCAAGAC","2617.945","1862.228","Hofbauer cells"
"W8-2_GTTCCTGGTTAGACCA","2698.35930434783","3808.64725","FIB2"
"W8-2_GTTCGCGCACGCAACT","3320.01329268293","3808.12868292683","Hofbauer cells"
"W8-2_GTTCGCGCAGGCGAGT","1540.97828135593","1639.94054576271","FIB2"
"W8-2_GTTGCCCGTGAGAAAC","3346.028","2921.898","EVT"
"W8-2_GTTGCGGGTCAGGCAT","2435.00790909091","4760.08445454545","EVT"
"W8-2_GTTGCGGGTTAACAGT","4997.99282758621","2016.99755172414","FIB1"
"W8-2_GTTGGCGGTTTATGGG","4235.22594845361","2187.38366494845","STB"
"W8-2_GTTGTTGCAAGTAAGC","2151.12228571429","4954.32887218045","FIB2"
"W8-2_GTTTGTCGTCCAAGAC","3664.80548148148","455.769822222222","STB"
"W8-2_GTTTGTTTCGATCAGT","4200.21062637363","952.432042857143","FIB2"
"W8-2_TAAACAGCAGATAGAC","1075.67919814815","1741.35687037037","STB"
"W8-2_TAACCGGTCCCATAGG","1997.78126666667","1572.86481333333","vCTB"
"W8-2_TAACCGGTCGGTCATG","3717.02034782609","2531.78282608696","STB"
"W8-2_TAACCGGTCTAATTGG","4498.20227906977","1362.57929302326","vCTB"
"W8-2_TAAGCCTAGTCCTTCA","1850.96501851852","2904.68487037037","FIB1"
"W8-2_TAAGTAGCACTTACAG","2482.69475862069","4534.76","vCTB"
"W8-2_TAAGTAGCAGGATTAA","2916.47567088608","3499.72903797468","Hofbauer cells"
"W8-2_TAAGTAGCAGTAGCCT","2997.16609302326","2816.66482170543","STB-progenitor"
"W8-2_TAAGTGCTCCACAATA","3362.48428571429","952.183842857143","Hofbauer cells"
"W8-2_TAATCACCAATATACC","5298.74805128205","5076.22158974359","Erythroblasts"
"W8-2_TAATTGCCATCCTGAA","3950.88452941176","1175.77385588235","FIB2"
"W8-2_TAATTGCCATGCTATG","3516.6144","609.998845714286","FIB2"
"W8-2_TACAATGTCACCTGTC","4033.60497485493","3902.50629400387","vCTB"
"W8-2_TACAATGTCATGGTTA","5236.88774117647","3328.35856470588","Endothelial"
"W8-2_TACCAAATCTGGTCCT","2281.58672072072","1828.81178378378","vCTB"
"W8-2_TACCAAATCTTGACCC","2516.26796969697","1366.22397878788","STB"
"W8-2_TACCTGCTCAATGACC","3942.93759375","902.53230625","STB"
"W8-2_TACGTTAAGGTCAAAG","1618.58928246445","2665.9081042654","STB-progenitor"
"W8-2_TACGTTAAGTTAGTGC","1378.78273913043","1273.55210559006","FIB2"
"W8-2_TACTAAGTCTAGCTTT","3028.62575903614","4712.3945060241","vCTB"
"W8-2_TACTGACAGCACAGAA","4823.83304761905","5114.73688888889","vCTB"
"W8-2_TACTGACAGTCACTAA","4900.1031","494.70932","STB"
"W8-2_TACTGAGGTAAGGTCC","1369.78474056604","4447.37280188679","FIB2"
"W8-2_TACTGAGGTGTAACCA","4637.4945483871","5346.39519354839","EVT-progenitor"
"W8-2_TACTTCGTCCGGCTAA","1076.62228788927","4194.32715224913","STB"
"W8-2_TACTTGTTCATGCATA","2943.44370666667","2669.95650666667","STB"
"W8-2_TACTTGTTCCCTGTTA","2177.43381395349","2780.37986046512","Hofbauer cells"
"W8-2_TACTTGTTCCTAATGA","1214.6914212766","4056.16268085106","FIB2"
"W8-2_TACTTGTTCTTTGTAC","978.825853333333","4334.2144","STB"
"W8-2_TAGAGCCGTAAAGCGG","5050.16187044534","3276.76193522267","Hofbauer cells"
"W8-2_TAGAGCCGTGGTTATG","1072.21329333333","4415.1568","STB"
"W8-2_TAGCTAATCAAGTGAG","579.040866666667","2447.34933333333","STB"
"W8-2_TAGCTAGGTTGCACGG","822.63335","2941.744875","EVT"
"W8-2_TAGCTTAAGAAGCTAG","5119.75259722222","3864.96979166667","Hofbauer cells"
"W8-2_TAGGAGGGTGGTTAGC","3489.80062798635","3907.65229579067","STB"
"W8-2_TAGGCTGTCCGCAAGC","2334.55216666667","1346.29641666667","STB"
"W8-2_TAGGCTGTCTAATCCT","1441.54675873016","2868.68795238095","Hofbauer cells"
"W8-2_TAGTACGGTTAGCTGA","3491.90128301887","519.004794339623","STB"
"W8-2_TAGTTGTCAAGCTAAA","3589.75815384615","644.041096153846","vCTB"
"W8-2_TAGTTTGAGCGAGCGA","574.996410526316","3868.24694736842","EVT-progenitor"
"W8-2_TATAGGTGTCGACTCC","2390.16194444444","1282.51253148148","FIB2"
"W8-2_TATCCAGCACCGTTCC","1722.94804195804","1128.65330629371","FIB2"
"W8-2_TATCCAGCAGCTTACA","5151.88663157895","4779.78642105263","EVT-progenitor"
"W8-2_TATCGCACAACGTGCT","4868.69284507042","1967.81678873239","STB"
"W8-2_TATCGCACACCTGGTG","4432.50856818182","1213.45295227273","vCTB"
"W8-2_TATGACATCCTTTACG","1888.76","2041.588","STB"
"W8-2_TATGGATGTGCAATAT","3839.54895121951","5395.62763414634","EVT"
"W8-2_TATGGCCCATAGCTGC","1129.82872941176","2866.2355","STB"
"W8-2_TATTAGGTCATTGCAA","4440.50826254826","1590.03752123552","STB"
"W8-2_TATTAGGTCGGTTACG","2068.56514792899","2007.10346745562","STB"
"W8-2_TCAAACCAGTCATCCC","1637.85380465116","3452.05184186046","vCTB"
"W8-2_TCAAGAACAAACTGCC","5208.66613636364","4741.10943181818","EVT"
"W8-2_TCACGGATCGACAAAG","2435.83894674556","5040.04440236686","Erythroblasts"
"W8-2_TCACGGATCTCACATT","4594.70286486486","1298.69485945946","vCTB"
"W8-2_TCAGGAGCACACCAAC","5182.44763333333","3142.8398","vCTB"
"W8-2_TCAGGAGCAGCTTAAT","4958.88096907216","1816.56210309278","vCTB"
"W8-2_TCAGGTCCAGGCCTTG","1461.55246666667","1809.68860784314","Hofbauer cells"
"W8-2_TCAGTGAGTTGGCGTG","3060.86566666667","4962.69140740741","STB"
"W8-2_TCATGAGGTGTGCACG","4169.6995862069","828.562082758621","FIB2"
"W8-2_TCATGTTTCCGTAAAC","1398.426252","1021.137432","STB"
"W8-2_TCATGTTTCTTTAAGG","2898.36816326531","4779.69675102041","STB-progenitor"
"W8-2_TCATTGCGTGTGTGGT","1874.14944","4341.51148","STB"
"W8-2_TCATTGTTCAACAAGG","5291.61639583333","3079.42895833333","vCTB"
"W8-2_TCCACAACAAATTCGT","2770.20697959184","474.40912244898","Hofbauer cells"
"W8-2_TCCAGGTCAATAGCCC","1369.33315026455","1763.17479365079","FIB2"
"W8-2_TCCAGGTCACAATACT","4898.55241777778","3966.55784888889","vCTB"
"W8-2_TCCAGGTCATGCTTAG","2410.03236129032","1554.61242709677","FIB2"
"W8-2_TCCATAAAGCATGCAT","837.459734883721","4339.59874418605","FIB2"
"W8-2_TCCATATTCGTTCACC","3271.87362666667","3399.79882666667","Hofbauer cells"
"W8-2_TCCATCATCGATTATG","4404.92269491525","5145.12289830508","vCTB"
"W8-2_TCCATCATCTCCATGC","4531.39678571429","5040.94982142857","vCTB"
"W8-2_TCCGGAATCAATCTCT","5412.20248","5603.3632","STB"
"W8-2_TCCGGAATCACAGACT","3581.20115","1568.49552","STB"
"W8-2_TCCGGAATCTAGCTAA","2817.17501754386","4847.00277192982","Hofbauer cells"
"W8-2_TCCTCAATCTTTAAGG","1989.970875","1450.3813375","Hofbauer cells"
"W8-2_TCCTCTAAGGAAGCTA","2019.48002197802","1712.14681318681","STB"
"W8-2_TCCTGGTTCTCACAAA","4866.16905","521.372205","STB"
"W8-2_TCCTTAGTCCGCCAAA","2069.12306060606","3965.33345454545","STB"
"W8-2_TCCTTCAAGCTAAAGG","5193.01095454545","4540.45068181818","FIB2"
"W8-2_TCCTTGCAGCTCAAAC","3945.97934883721","938.253041860465","STB"
"W8-2_TCGACAAGTACGGGTT","2532.4561294964","4668.85732374101","EVT"
"W8-2_TCGATTAAGTAGCGCC","2916.57117910448","4693.26805970149","STB"
"W8-2_TCGCGCACACGTAATT","3021.55452631579","3938.78031578947","STB"
"W8-2_TCGCTAACAGCCAGTT","4459.23307692308","5142.87807692308","FIB2"
"W8-2_TCGGTTTGTTAACACG","1400.15589777778","2592.91457777778","FIB2"
"W8-2_TCGTAATCAATAACGA","1555.1263","3424.13238461538","STB"
"W8-2_TCGTAATCAGATAGAC","1077.7428","1823.70425","STB"
"W8-2_TCGTCAACATCCTAGA","4913.24897560976","5006.51626829268","EVT"
"W8-2_TCGTTAGCAACCCTCC","933.067344444444","4037.65433333333","FIB1"
"W8-2_TCGTTATTCGGTTACG","2335.28006896552","1500.23055172414","vCTB"
"W8-2_TCGTTTCCATATTGAC","3055.51625806452","1416.36107096774","FIB2"
"W8-2_TCGTTTCCATTAAGCT","5105.6054","1373.55736285714","STB"
"W8-2_TCTAACCGTCATAAGT","2620.77415873016","3861.76952380952","FIB1"
"W8-2_TCTAAGGGTTCACCCA","4197.55621390374","1997.60635294118","FIB2"
"W8-2_TCTACCTCAGCTCAAC","1813.99264285714","4831.14","FIB1"
"W8-2_TCTAGCGAGACTTATG","1874.14821052632","1032.14930526316","STB"
"W8-2_TCTAGCGAGTGATTCA","4995.72988172043","4512.9910860215","STB"
"W8-2_TCTATGTTCACCAATA","5270.12660606061","1542.7497030303","FIB2"
"W8-2_TCTATGTTCTATGACA","693.587265648855","2674.02789312977","STB"
"W8-2_TCTATGTTCTCACTCA","4163.84162105263","3252.6172","STB"
"W8-2_TCTCAAGCATTGTGAT","1674.03375384615","2609.81064615385","STB"
"W8-2_TCTCAATTCAGGAACA","1832.70517829457","3656.84389147287","FIB1"
"W8-2_TCTTTGTAGGCTGTCA","4716.48232653061","5122.88375510204","EVT"
"W8-2_TGAACAGAGCGAGTAA","3582.46113924051","2866.21286075949","vCTB"
"W8-2_TGAACAGAGGACCTGC","898.055184727273","2299.37098909091","FIB2"
"W8-2_TGAAGCAAGGGATGCG","2479.93848","5064.156","Endothelial"
"W8-2_TGAAGGATCTAACTGA","1815.8722962963","4164.4535308642","FIB1"
"W8-2_TGACCAAGTTGTTGGA","3740.3975959596","3389.93713131313","FIB2"
"W8-2_TGACTCCTCGATATTG","3167.02591666667","2058.73991666667","FIB2"
"W8-2_TGAGAACCAATTGAAG","746.850358536585","2581.3173902439","FIB2"
"W8-2_TGAGCACGTTAGGACC","3454.51642857143","369.691466666667","vCTB"
"W8-2_TGAGGCACATAATGTC","1523.13287076923","1980.43384615385","STB"
"W8-2_TGAGGGCCAAAGCGGC","5653.99486821705","3649.32375968992","EVT"
"W8-2_TGAGGGCCACAAGCCT","1659.95136752137","3079.28225641026","STB"
"W8-2_TGAGGGCCATCCAGGT","1219.09096858974","2510.43724358974","vCTB"
"W8-2_TGAGTTTCATAATGTC","2017.19104918033","2741.77947540984","vCTB"
"W8-2_TGATCGAGTTAATGCG","5272.77936893204","1989.61712621359","vCTB"
"W8-2_TGATGATGTTACTAGG","2035.57999074074","3668.77316666667","vCTB"
"W8-2_TGCAAGCGTACCAGGT","3943.38216911765","3013.89088235294","STB"
"W8-2_TGCACACCAAGTGTCC","5389.23318691589","3803.75710280374","EVT"
"W8-2_TGCACTTGTGATGATT","650.112276190476","3703.21352380952","EVT-progenitor"
"W8-2_TGCATCCTCGTTATCT","5109.43521052632","1284.05002105263","FIB2"
"W8-2_TGCCATTGTGGTTCTT","2578.2067","4783.2958","vCTB"
"W8-2_TGCCTGTTCCAGGTCA","5007.28998648649","4332.55098648649","vCTB"
"W8-2_TGCGCGAGTTAGAGCC","553.552105555556","2947.26144444444","STB"
"W8-2_TGCTAGCCAGCTAATT","2675.86949295775","2835.96363380282","STB"
"W8-2_TGCTCACTCGCTATAA","3192.24730188679","3332.47341509434","FIB2"
"W8-2_TGCTCTCAGACACTTA","2833.70241269841","1561.13112936508","FIB2"
"W8-2_TGCTGGATCGCAGGCT","4760.54300483092","3945.49342028985","vCTB"
"W8-2_TGCTGGATCTGGCTTC","1987.45430656934","3948.94832116788","vCTB"
"W8-2_TGCTTCCAGCAGCTAT","2643.28226923077","3770.42473076923","Endothelial"
"W8-2_TGCTTGCTCTACCTAT","1235.10963","4387.5336","vCTB"
"W8-2_TGCTTTAGTATTTGCC","1799.88435","4559.4267","vCTB"
"W8-2_TGCTTTAGTCACAGAC","2878.80673786408","3738.81902912621","FIB2"
"W8-2_TGGACAAAGTCATGCG","2387.16111627907","1470.59145116279","STB"
"W8-2_TGGACCGGTTCAAGCA","4080.2912","1060.541664","vCTB"
"W8-2_TGGATTCAGGACCAGG","5306.71472222222","5041.80786111111","EVT"
"W8-2_TGGCCAATCTTTGACT","4010.56000990099","3671.14903960396","vCTB"
"W8-2_TGGCCATCAATTAGCT","3033.3853877551","2601.77512244898","vCTB"
"W8-2_TGGCCTGCAGTTAAAG","1055.20852954545","2615.77581818182","STB"
"W8-2_TGGCCTGCATTGCGTA","2401.116","4981.84038888889","STB"
"W8-2_TGGCTAAGTAGGTTAT","3174.32283682008","4169.18862482566","Endothelial"
"W8-2_TGGCTATAGGTCGATT","1276.921475","3191.37993333333","STB"
"W8-2_TGGGCATGTACGCGCA","5638.65857627119","1234.53987118644","Hofbauer cells"
"W8-2_TGGTCAGTCGCACAAT","754.812943333333","2402.24141666667","Hofbauer cells"
"W8-2_TGGTCCTTCTCTAGCC","4755.940875","1855.76645833333","STB"
"W8-2_TGGTTCTGTGGAAACG","1356.19967777778","4572.59833333333","vCTB"
"W8-2_TGTAAAGCACAGAACG","1751.10481142857","4201.43699428571","FIB2"
"W8-2_TGTAACTCAAACAACA","1587.91012903226","4432.49249462366","vCTB"
"W8-2_TGTCAATCAATTAAGG","1700.70137209302","4686.07711627907","vCTB"
"W8-2_TGTCCTTCATCTAGCA","2967.52412307692","2534.87670769231","vCTB"
"W8-2_TGTGATCAGCTGCACA","5120.19623255814","1075.86703953488","FIB2"
"W8-2_TGTGATCAGTCTATGA","1057.32219907407","2603.85119444444","STB"
"W8-2_TGTGATCAGTTAGTGC","1055.93424210526","2530.57573684211","STB"
"W8-2_TGTGCAAGTGAGCAAG","4718.40895652174","2099.20704347826","STB"
"W8-2_TGTGCACCATCGCTCC","2119.91404081633","4891.59691156463","vCTB"
"W8-2_TGTGCGGGTGCGCATG","1186.5640972973","1455.63894054054","FIB2"
"W8-2_TGTGGAGCACTTAACG","1443.36203575419","4281.87576536313","STB"
"W8-2_TGTGGAGCAGCATGAG","5143.92639215686","604.591439215686","vCTB"
"W8-2_TGTGGCCAGTCGCTAG","2179.45430769231","2130.38426923077","STB"
"W8-2_TGTGGCGGTGCACGCA","2363.89355172414","4782.64534482759","vCTB"
"W8-2_TGTGGCGGTTTACCGT","4746.77011414392","2288.76012406948","STB"
"W8-2_TGTGTTAAGGCTAATC","4770.90990697674","4273.45395348837","EVT-progenitor"
"W8-2_TGTTACTTCACTCGCT","2768.4383125","5065.1643125","vCTB"
"W8-2_TGTTAGCAGGAGCATA","5211.33758139535","2301.90730232558","EVT"
"W8-2_TGTTCATTCAAGCTAC","2564.7528","3285.76893333333","vCTB"
"W8-2_TTAAGGTGTTGGCCGA","2948.95429268293","3912.78219512195","STB"
"W8-2_TTAATCGAGGACCTCA","1509.5254192","4552.109472","STB"
"W8-2_TTACAGCAGTAGCGGG","2555.3212","4942.5891","STB-progenitor"
"W8-2_TTACCTGTCACATTGA","1933.69213333333","792.392613333333","vCTB"
"W8-2_TTACGTTTCTGTTGCC","1334.9797641791","2516.63032835821","vCTB"
"W8-2_TTAGCAGGTCATGAGC","3508.818","5342.32493333333","vCTB"
"W8-2_TTAGCTGCATAGCTTG","2930.78575","4721.494","vCTB"
"W8-2_TTAGGAACATAGCAGG","4884.89683950617","516.074491358025","STB"
"W8-2_TTATCCGTCCTGATGG","1408.661144","1934.65086666667","FIB2"
"W8-2_TTATGCGCACTTGTTC","938.617637931034","4355.15231034483","Hofbauer cells"
"W8-2_TTCCCACAGACAGGCG","5160.47618181818","1442.30712272727","STB"
"W8-2_TTCCTTCTCTCGCCTG","2126.93703092784","1809.17104123711","vCTB"
"W8-2_TTCCTTGAGCAAGGAC","992.367191111111","4157.6712","vCTB"
"W8-2_TTCGCAACACATTGCA","4966.09643093923","3733.68784530387","FIB2"
"W8-2_TTCGCAACAGGTTATT","2891.78481132075","377.683543396226","vCTB"
"W8-2_TTGACATCAACTAGAA","2050.81886363636","960.500403409091","STB"
"W8-2_TTGACATCAATGAAGC","1758.01664197531","1496.12544691358","FIB2"
"W8-2_TTGATGTCAAACAACA","1934.33889655172","4486.18227586207","FIB1"
"W8-2_TTGCAACAGTTATGTG","4499.66210344828","4033.42872413793","FIB2"
"W8-2_TTGCAAGGTTGAGGTC","1689.63702762431","1458.15677016575","STB"
"W8-2_TTGCTCTCACAGAAAC","1483.48904516129","4119.11330645161","STB"
"W8-2_TTGCTTTAGCTAGAAG","2024.64608208595","3702.94766489619","vCTB"
"W8-2_TTGCTTTAGGTAACGA","3706.06089361702","2746.38736170213","STB"
"W8-2_TTGGAGGCACAGGATG","3126.2021875","4788.52396875","Hofbauer cells"
"W8-2_TTGGATCAGCTAATCA","5023.74578231293","777.502043537415","FIB2"
"W8-2_TTGGATCAGTCACCTC","2357.13889940828","1062.71309349112","FIB2"
"W8-2_TTGGATCAGTTTGAGC","2643.184","5107.44312820513","Endothelial"
"W8-2_TTGGATTCAGGCTACT","1303.77231578947","1320.03996023392","FIB2"
"W8-2_TTGGCTACAATATACC","1398.90099789474","1654.39054736842","Hofbauer cells"
"W8-2_TTGGCTACATAATGAG","766.856937313433","3038.13579104478","EVT"
"W8-2_TTGGGTTAGGCTATGT","1435.85074117647","4405.988","vCTB"
"W8-2_TTGTAAGTCCTTAATC","1758.58396174863","2149.55002185792","Hofbauer cells"
"W8-2_TTGTCCATCCTTAGTT","1021.22782222222","980.758244444444","FIB2"
"W8-2_TTGTCCCAGTAACTCA","1724.72420512821","2156.46866666667","Hofbauer cells"
"W8-2_TTGTGCCTCACACAGT","1478.1030875","1886.5435625","Endothelial"
"W8-2_TTGTGTGCAAATATCC","4662.99224242424","5263.06993939394","EVT-progenitor"
"W8-2_TTGTTTGGTCGACTAA","4325.71855813953","3563.12320930233","Endothelial"
"W8-2_TTTAACCTCGCTAAGT","765.4497125","2941.40725","STB"
"W8-2_TTTAACGAGGGACCTC","1561.468","1305.4688","STB"
"W8-2_TTTAAGGTCAAGCGCC","4856.474","3802.528","STB"
"W8-2_TTTAGCAAGCACGTTG","1641.7523030303","4581.62157575758","STB"
"W8-2_TTTAGGATCCGGCTAA","2465.68781818182","1612.76002121212","Endothelial"
"W8-2_TTTATGGAGGCGAAAC","5036.00321818182","4885.62454545455","EVT"
"W8-2_TTTCACCCATGAATCT","4983.91521111111","3752.82861111111","FIB2"
"W8-2_TTTCCACCAGGATAAC","5088.86061290323","4160.34770967742","STB"
"W8-2_TTTCTCACAATGCGCT","4755.83953439153","886.700177777778","FIB2"
"W8-2_TTTCTTGCAATCTCTC","1403.33442490566","1501.87996226415","STB"
"W8-2_TTTGGTAAGTGAACGA","3319.22663188406","1493.25875768116","Hofbauer cells"
"W8-2_TTTGGTGCAGCACGAA","1696.52394594595","1976.42567567568","vCTB"
"W8-2_TTTGTCCCAACACTTG","2166.27055652174","1997.75354782609","STB"
"W8-2_TTTGTCCCACAGAAAC","1740.74632","3395.20664","vCTB"
"W8-2_TTTGTGAAGTAACGGA","2473.0721","5003.0185","vCTB"
"W8-2_TTTGTGGCATTGACAT","3653.87217391304","3645.63586956522","FIB2"
"W8-2_TTTGTTGGTAGCTGGT","4819.168","585.652906382979","vCTB"
"W8-2_TTTGTTGGTTGGTTGA","5393.07006557377","2318.55898360656","vCTB"
