cell_id,tile,sample,sample_stage,x_pixel,y_pixel,x_um,y_um,x,y,n_genes,n_counts,leiden,predicted.celltype,predicted.celltype.score
W9_tile_0_cell_1120,tile_W9_0,W9,9w_1d,3418.0,15276.0,484.1518,2168.7445,484.1518,2168.7445,66,81.0,0,vCTB2,0.613859591878488
W9_tile_0_cell_190,tile_W9_0,W9,9w_1d,3479.0,15142.0,492.81258,2149.71918,492.81258,2149.71918,70,96.0,0,vCTB2,0.61380750853145
W9_tile_0_cell_384,tile_W9_0,W9,9w_1d,3656.0,14866.0,517.94304,2110.5327,517.94304,2110.5327,156,213.0,8,Fibroblast2,0.586698608386036
W9_tile_0_cell_565,tile_W9_0,W9,9w_1d,3205.0,15409.0,453.91006,2187.62784,453.91006,2187.62784,155,221.0,5,vCTB2,0.281068246909096
W9_tile_0_cell_992,tile_W9_0,W9,9w_1d,3667.5,15116.5,519.5758099999999,2146.09869,519.5758099999999,2146.09869,129,154.0,3,Fibroblast1,0.618408764515369
W9_tile_10_cell_100,tile_W9_10,W9,9w_1d,17632.5,12545.0,2502.32651,1780.99712,2502.32651,1780.99712,52,150.0,2,vCTB2,0.373167413858433
W9_tile_10_cell_118,tile_W9_10,W9,9w_1d,16955.0,12304.0,2406.13506,1746.77994,2406.13506,1746.77994,139,211.0,3,Fibroblast2,0.829641130271859
W9_tile_10_cell_142,tile_W9_10,W9,9w_1d,17412.0,12459.0,2471.01992,1768.78684,2471.01992,1768.78684,57,81.0,0,vCTB2,0.671926022597965
W9_tile_10_cell_155,tile_W9_10,W9,9w_1d,17755.0,12607.5,2519.71906,1789.87087,2519.71906,1789.87087,108,422.0,7,STB,0.252989955425007
W9_tile_10_cell_157,tile_W9_10,W9,9w_1d,17364.0,12370.0,2464.20488,1756.15062,2464.20488,1756.15062,247,527.0,5,unknown3,0.414537913732732
W9_tile_10_cell_177,tile_W9_10,W9,9w_1d,17845.0,12805.0,2532.49726,1817.91192,2532.49726,1817.91192,41,117.0,2,vCTB2,0.353590267525998
W9_tile_10_cell_183,tile_W9_10,W9,9w_1d,17710.0,12803.0,2513.32996,1817.62796,2513.32996,1817.62796,67,140.0,7,vCTB2,0.329850416916425
W9_tile_10_cell_216,tile_W9_10,W9,9w_1d,17109.0,12336.0,2427.99998,1751.3233,2427.99998,1751.3233,123,211.0,4,Fibroblast2,0.63295838829784
W9_tile_10_cell_234,tile_W9_10,W9,9w_1d,16719.0,12499.0,2372.62778,1774.46604,2372.62778,1774.46604,91,126.0,4,Fibroblast2,0.447750283828036
W9_tile_10_cell_236,tile_W9_10,W9,9w_1d,17555.0,12748.0,2491.32306,1809.81906,2491.32306,1809.81906,137,217.0,8,unknown3,0.254327669355314
W9_tile_10_cell_241,tile_W9_10,W9,9w_1d,17196.0,12596.0,2440.35224,1788.2381,2440.35224,1788.2381,125,183.0,3,Fibroblast2,0.555095642770805
W9_tile_10_cell_242,tile_W9_10,W9,9w_1d,17452.0,12769.0,2476.69912,1812.80064,2476.69912,1812.80064,64,84.0,4,Fibroblast2,0.246321390262239
W9_tile_10_cell_244,tile_W9_10,W9,9w_1d,16721.0,12394.0,2372.91174,1759.55814,2372.91174,1759.55814,212,427.0,9,Hofbauer cells,0.663206473091042
W9_tile_10_cell_267,tile_W9_10,W9,9w_1d,17428.0,12674.0,2473.2916,1799.31254,2473.2916,1799.31254,75,95.0,4,Fibroblast2,0.368014876478292
W9_tile_10_cell_289,tile_W9_10,W9,9w_1d,17264.0,12749.0,2450.00688,1809.96104,2450.00688,1809.96104,260,494.0,3,Fibroblast2,0.877133544784107
W9_tile_10_cell_290,tile_W9_10,W9,9w_1d,17532.5,12616.0,2488.12851,1791.0777,2488.12851,1791.0777,116,168.0,5,vCTB2,0.413596060715589
W9_tile_10_cell_299,tile_W9_10,W9,9w_1d,17514.0,12809.5,2485.50188,1818.55083,2485.50188,1818.55083,124,176.0,8,Fibroblast2,0.557041706656447
W9_tile_10_cell_303,tile_W9_10,W9,9w_1d,16704.0,12269.0,2370.49808,1741.81064,2370.49808,1741.81064,107,141.0,4,Fibroblast2,0.677929714521484
W9_tile_10_cell_333,tile_W9_10,W9,9w_1d,18181.0,11108.0,2580.20254,1576.97186,2580.20254,1576.97186,74,91.0,0,vCTB2,0.521042358115402
W9_tile_10_cell_378,tile_W9_10,W9,9w_1d,17543.0,12514.0,2489.6193,1776.59574,2489.6193,1776.59574,85,133.0,2,STB,0.328311169597404
W9_tile_10_cell_392,tile_W9_10,W9,9w_1d,17277.0,12285.0,2451.85262,1744.08232,2451.85262,1744.08232,179,283.0,5,unknown3,0.285728689094492
W9_tile_10_cell_412,tile_W9_10,W9,9w_1d,16934.0,12360.0,2403.15348,1754.73082,2403.15348,1754.73082,95,141.0,3,Fibroblast2,0.642145623657704
W9_tile_10_cell_425,tile_W9_10,W9,9w_1d,18343.0,11110.5,2603.2033,1577.32681,2603.2033,1577.32681,71,88.0,8,Fibroblast1,0.428939495624551
W9_tile_10_cell_434,tile_W9_10,W9,9w_1d,17558.0,12679.0,2491.749,1800.02244,2491.749,1800.02244,100,168.0,0,vCTB2,0.525440103731251
W9_tile_10_cell_436,tile_W9_10,W9,9w_1d,17811.0,12763.5,2527.66994,1812.01975,2527.66994,1812.01975,79,272.0,7,EVT2,0.271994590267664
W9_tile_10_cell_450,tile_W9_10,W9,9w_1d,17955.0,12866.0,2548.11506,1826.5727,2548.11506,1826.5727,44,153.0,2,vCTB2,0.464687495312258
W9_tile_10_cell_463,tile_W9_10,W9,9w_1d,17844.5,12887.0,2532.42627,1829.55428,2532.42627,1829.55428,69,154.0,7,vCTB2,0.297607273821598
W9_tile_10_cell_469,tile_W9_10,W9,9w_1d,17229.0,12830.0,2445.03758,1821.46142,2445.03758,1821.46142,72,85.0,4,Fibroblast2,0.290550171838888
W9_tile_10_cell_493,tile_W9_10,W9,9w_1d,17049.0,12192.0,2419.48118,1730.87818,2419.48118,1730.87818,131,249.0,5,vCTB2,0.451814162325322
W9_tile_10_cell_497,tile_W9_10,W9,9w_1d,17438.0,12525.5,2474.7114,1778.22851,2474.7114,1778.22851,157,240.0,5,unknown3,0.271129471964443
W9_tile_10_cell_507,tile_W9_10,W9,9w_1d,17282.0,12835.0,2452.56252,1822.17132,2452.56252,1822.17132,82,123.0,4,Fibroblast2,0.354386591507804
W9_tile_10_cell_514,tile_W9_10,W9,9w_1d,17648.0,12747.0,2504.5272,1809.67708,2504.5272,1809.67708,158,358.0,7,STB,0.38002755551039
W9_tile_10_cell_516,tile_W9_10,W9,9w_1d,17054.0,12276.0,2420.19108,1742.8045,2420.19108,1742.8045,84,102.0,4,Fibroblast2,0.26315767105359
W9_tile_10_cell_527,tile_W9_10,W9,9w_1d,17615.5,12642.5,2499.91285,1794.84017,2499.91285,1794.84017,95,186.0,7,STB,0.3913590190595
W9_tile_10_cell_539,tile_W9_10,W9,9w_1d,17200.0,12285.0,2440.92016,1744.08232,2440.92016,1744.08232,94,157.0,0,vCTB2,0.652955733524748
W9_tile_10_cell_560,tile_W9_10,W9,9w_1d,17623.0,12439.0,2500.9777,1765.94724,2500.9777,1765.94724,74,211.0,2,vCTB2,0.318354219350455
W9_tile_10_cell_575,tile_W9_10,W9,9w_1d,17497.5,12519.0,2483.15921,1777.30564,2483.15921,1777.30564,65,84.0,0,vCTB2,0.481280188344375
W9_tile_10_cell_602,tile_W9_10,W9,9w_1d,17534.0,12335.0,2488.34148,1751.18132,2488.34148,1751.18132,41,94.0,2,vCTB2,0.460926307823701
W9_tile_10_cell_605,tile_W9_10,W9,9w_1d,17414.0,12858.0,2471.30388,1825.43686,2471.30388,1825.43686,122,180.0,3,Fibroblast2,0.559227773568241
W9_tile_10_cell_607,tile_W9_10,W9,9w_1d,17746.0,12870.0,2518.44124,1827.14062,2518.44124,1827.14062,132,248.0,10,EVT2,0.272845238306624
W9_tile_10_cell_614,tile_W9_10,W9,9w_1d,17108.0,12251.0,2427.858,1739.255,2427.858,1739.255,64,104.0,0,vCTB2,0.665042832912951
W9_tile_10_cell_621,tile_W9_10,W9,9w_1d,17180.0,12373.0,2438.08056,1756.57656,2438.08056,1756.57656,127,211.0,3,Fibroblast2,0.708695577019684
W9_tile_10_cell_624,tile_W9_10,W9,9w_1d,17744.5,12758.5,2518.22827,1811.30985,2518.22827,1811.30985,43,102.0,2,EVT2,0.424801868116115
W9_tile_10_cell_626,tile_W9_10,W9,9w_1d,17648.0,12837.0,2504.5272,1822.45528,2504.5272,1822.45528,135,201.0,0,vCTB2,0.392738238340843
W9_tile_10_cell_632,tile_W9_10,W9,9w_1d,17446.0,12607.0,2475.84724,1789.79988,2475.84724,1789.79988,171,258.0,5,STB,0.610412241571467
W9_tile_10_cell_65,tile_W9_10,W9,9w_1d,17405.0,12717.0,2470.02606,1805.41768,2470.02606,1805.41768,142,245.0,3,Fibroblast2,0.881191142774485
W9_tile_10_cell_664,tile_W9_10,W9,9w_1d,17468.0,12464.0,2478.9708,1769.49674,2478.9708,1769.49674,80,127.0,0,vCTB2,0.443513770422236
W9_tile_10_cell_670,tile_W9_10,W9,9w_1d,17906.0,12808.0,2541.15804,1818.33786,2541.15804,1818.33786,147,429.0,7,STB,0.312591761644334
W9_tile_10_cell_679,tile_W9_10,W9,9w_1d,17152.0,12264.0,2434.10512,1741.10074,2434.10512,1741.10074,57,81.0,0,vCTB2,0.712822190974306
W9_tile_10_cell_699,tile_W9_10,W9,9w_1d,16614.0,12226.0,2357.71988,1735.7055,2357.71988,1735.7055,191,307.0,3,Fibroblast2,0.958167295904755
W9_tile_10_cell_71,tile_W9_10,W9,9w_1d,17701.0,12515.0,2512.05214,1776.73772,2512.05214,1776.73772,80,271.0,2,EVT2,0.244924454781199
W9_tile_10_cell_87,tile_W9_10,W9,9w_1d,17339.0,12674.0,2460.65538,1799.31254,2460.65538,1799.31254,166,291.0,3,Fibroblast2,0.902734260034215
W9_tile_11_cell_104,tile_W9_11,W9,9w_1d,17690.0,11353.0,2510.49036,1611.75696,2510.49036,1611.75696,115,188.0,3,Fibroblast2,0.92605076478742
W9_tile_11_cell_108,tile_W9_11,W9,9w_1d,16645.0,11234.0,2362.12126,1594.86134,2362.12126,1594.86134,150,241.0,8,Fibroblast1,0.638696709199338
W9_tile_11_cell_113,tile_W9_11,W9,9w_1d,17380.0,11634.0,2466.47656,1651.6533399999998,2466.47656,1651.6533399999998,75,106.0,4,Fibroblast2,0.332891048037362
W9_tile_11_cell_129,tile_W9_11,W9,9w_1d,17540.0,11348.0,2489.19336,1611.04706,2489.19336,1611.04706,197,398.0,3,Fibroblast2,0.960932316144156
W9_tile_11_cell_137,tile_W9_11,W9,9w_1d,16831.0,11317.0,2388.52954,1606.64568,2388.52954,1606.64568,97,135.0,8,Fibroblast1,0.473933115376968
W9_tile_11_cell_15,tile_W9_11,W9,9w_1d,17471.5,11734.5,2479.46773,1665.92233,2479.46773,1665.92233,70,96.0,0,vCTB2,0.704200395052933
W9_tile_11_cell_152,tile_W9_11,W9,9w_1d,17920.0,11438.5,2543.14576,1623.89625,2543.14576,1623.89625,68,94.0,4,Fibroblast2,0.333935330960813
W9_tile_11_cell_171,tile_W9_11,W9,9w_1d,18329.5,11537.5,2601.28657,1637.95227,2601.28657,1637.95227,71,98.0,0,vCTB2,0.692528928579114
W9_tile_11_cell_189,tile_W9_11,W9,9w_1d,17720.0,11447.0,2514.74976,1625.10308,2514.74976,1625.10308,151,278.0,3,Fibroblast2,0.905300983822119
W9_tile_11_cell_194,tile_W9_11,W9,9w_1d,17325.0,12807.0,2458.66766,1818.19588,2458.66766,1818.19588,87,280.0,7,STB,0.269274355915136
W9_tile_11_cell_197,tile_W9_11,W9,9w_1d,17341.0,12501.0,2460.93934,1774.75,2460.93934,1774.75,33,85.0,2,vCTB2,0.417192891701508
W9_tile_11_cell_199,tile_W9_11,W9,9w_1d,17461.0,12828.0,2477.97694,1821.17746,2477.97694,1821.17746,167,841.0,7,EVT2,0.355005794661488
W9_tile_11_cell_208,tile_W9_11,W9,9w_1d,17818.0,11471.0,2528.6638,1628.5105999999998,2528.6638,1628.5105999999998,102,156.0,9,Hofbauer cells,0.769164127119092
W9_tile_11_cell_214,tile_W9_11,W9,9w_1d,17651.0,11509.0,2504.95314,1633.90584,2504.95314,1633.90584,168,304.0,3,Fibroblast2,0.820669108613316
W9_tile_11_cell_215,tile_W9_11,W9,9w_1d,17314.0,12314.0,2457.10588,1748.19974,2457.10588,1748.19974,144,557.0,7,STB,0.368847711057241
W9_tile_11_cell_216,tile_W9_11,W9,9w_1d,17865.0,11516.5,2535.33686,1634.97069,2535.33686,1634.97069,76,102.0,4,Fibroblast2,0.520802280377761
W9_tile_11_cell_233,tile_W9_11,W9,9w_1d,17615.0,11388.0,2499.84186,1616.72626,2499.84186,1616.72626,119,195.0,3,Fibroblast2,0.821078645678578
W9_tile_11_cell_24,tile_W9_11,W9,9w_1d,17461.0,11499.0,2477.97694,1632.48604,2477.97694,1632.48604,132,209.0,12,Endothelial_cells,0.916585381812572
W9_tile_11_cell_245,tile_W9_11,W9,9w_1d,17519.0,11683.0,2486.21178,1658.61036,2486.21178,1658.61036,57,83.0,0,vCTB2,0.660974868938508
W9_tile_11_cell_257,tile_W9_11,W9,9w_1d,17402.0,12411.0,2469.60012,1761.9718,2469.60012,1761.9718,198,952.0,7,STB,0.533667939633288
W9_tile_11_cell_259,tile_W9_11,W9,9w_1d,17000.0,11215.0,2412.52416,1592.16372,2412.52416,1592.16372,63,85.0,4,vCTB2,0.255216727429437
W9_tile_11_cell_269,tile_W9_11,W9,9w_1d,17532.5,11251.0,2488.12851,1597.275,2488.12851,1597.275,63,88.0,4,EVT2,0.253418908549955
W9_tile_11_cell_280,tile_W9_11,W9,9w_1d,17186.0,12476.0,2438.93244,1771.2005,2438.93244,1771.2005,136,697.0,7,EVT2,0.234530875702645
W9_tile_11_cell_290,tile_W9_11,W9,9w_1d,17571.0,11455.0,2493.59474,1626.23892,2493.59474,1626.23892,74,114.0,9,Hofbauer cells,0.752163673004721
W9_tile_11_cell_291,tile_W9_11,W9,9w_1d,17637.0,11314.0,2502.96542,1606.21974,2502.96542,1606.21974,163,275.0,3,Fibroblast2,0.95927446500792
W9_tile_11_cell_299,tile_W9_11,W9,9w_1d,17129.0,12730.0,2430.83958,1807.26342,2430.83958,1807.26342,67,195.0,2,vCTB2,0.464786789422706
W9_tile_11_cell_301,tile_W9_11,W9,9w_1d,17414.0,12709.0,2471.30388,1804.28184,2471.30388,1804.28184,161,673.0,7,EVT3,0.468184687083337
W9_tile_11_cell_315,tile_W9_11,W9,9w_1d,17180.0,12738.0,2438.08056,1808.39926,2438.08056,1808.39926,47,141.0,2,vCTB2,0.511335349018941
W9_tile_11_cell_32,tile_W9_11,W9,9w_1d,17818.0,11217.5,2528.6638,1592.51867,2528.6638,1592.51867,57,86.0,4,vCTB2,0.324554275581352
W9_tile_11_cell_320,tile_W9_11,W9,9w_1d,16618.0,11141.0,2358.2878,1581.6572,2358.2878,1581.6572,62,91.0,8,vCTB2,0.307316829556236
W9_tile_11_cell_332,tile_W9_11,W9,9w_1d,17761.0,11274.0,2520.57094,1600.54054,2520.57094,1600.54054,103,151.0,8,Fibroblast1,0.412277519240275
W9_tile_11_cell_340,tile_W9_11,W9,9w_1d,17716.0,11701.0,2514.18184,1661.166,2514.18184,1661.166,83,126.0,12,Endothelial_cells,0.328370831334639
W9_tile_11_cell_345,tile_W9_11,W9,9w_1d,16887.0,11420.0,2396.48042,1621.26962,2396.48042,1621.26962,222,417.0,8,Fibroblast1,0.693018169688562
W9_tile_11_cell_370,tile_W9_11,W9,9w_1d,17395.0,12867.0,2468.60626,1826.71468,2468.60626,1826.71468,91,354.0,7,vCTB2,0.35665677251181
W9_tile_11_cell_372,tile_W9_11,W9,9w_1d,16960.0,11606.5,2406.84496,1647.7488899999998,2406.84496,1647.7488899999998,61,96.0,0,vCTB2,0.646851949675433
W9_tile_11_cell_384,tile_W9_11,W9,9w_1d,17380.0,12777.0,2466.47656,1813.93648,2466.47656,1813.93648,82,285.0,2,EVT2,0.326709515395573
W9_tile_11_cell_394,tile_W9_11,W9,9w_1d,17779.0,11732.0,2523.12658,1665.56738,2523.12658,1665.56738,62,81.0,0,vCTB2,0.675887693357181
W9_tile_11_cell_399,tile_W9_11,W9,9w_1d,17246.0,12258.0,2447.45124,1740.24886,2447.45124,1740.24886,145,590.0,7,STB,0.509338570226562
W9_tile_11_cell_435,tile_W9_11,W9,9w_1d,17694.0,11572.0,2511.05828,1642.85058,2511.05828,1642.85058,76,120.0,4,Fibroblast2,0.462595151355724
W9_tile_11_cell_438,tile_W9_11,W9,9w_1d,17464.0,11213.0,2478.40288,1591.87976,2478.40288,1591.87976,127,188.0,3,Fibroblast2,0.946003148078387
W9_tile_11_cell_441,tile_W9_11,W9,9w_1d,17515.0,11179.0,2485.64386,1587.05244,2485.64386,1587.05244,87,108.0,4,Fibroblast2,0.5250315034099
W9_tile_11_cell_449,tile_W9_11,W9,9w_1d,17546.0,11418.0,2490.04524,1620.98566,2490.04524,1620.98566,62,89.0,9,Hofbauer cells,0.671668401885128
W9_tile_11_cell_461,tile_W9_11,W9,9w_1d,17878.0,11335.0,2537.1826,1609.20132,2537.1826,1609.20132,71,99.0,8,Fibroblast1,0.492194807059153
W9_tile_11_cell_467,tile_W9_11,W9,9w_1d,17915.0,11546.0,2542.43586,1639.1591,2542.43586,1639.1591,72,96.0,4,Fibroblast2,0.40912266538176
W9_tile_11_cell_477,tile_W9_11,W9,9w_1d,18000.0,11173.0,2554.50416,1586.20056,2554.50416,1586.20056,87,111.0,12,Endothelial_cells,0.333551581006027
W9_tile_11_cell_481,tile_W9_11,W9,9w_1d,17843.0,11662.0,2532.2133,1655.62878,2532.2133,1655.62878,74,109.0,0,vCTB2,0.603472586977632
W9_tile_11_cell_484,tile_W9_11,W9,9w_1d,16727.0,11304.5,2373.76362,1604.87093,2373.76362,1604.87093,67,90.0,8,Fibroblast1,0.38995939057905
W9_tile_11_cell_494,tile_W9_11,W9,9w_1d,16814.0,11144.0,2386.11588,1582.08314,2386.11588,1582.08314,130,172.0,3,Fibroblast2,0.907171429986887
W9_tile_11_cell_506,tile_W9_11,W9,9w_1d,17238.0,12549.0,2446.3154,1781.56504,2446.3154,1781.56504,108,480.0,7,EVT2,0.328546404234534
W9_tile_11_cell_51,tile_W9_11,W9,9w_1d,17229.0,11542.0,2445.03758,1638.59118,2445.03758,1638.59118,85,123.0,4,Fibroblast2,0.322787199416242
W9_tile_11_cell_517,tile_W9_11,W9,9w_1d,17265.0,12824.0,2450.14886,1820.60954,2450.14886,1820.60954,69,203.0,2,vCTB2,0.378217271966549
W9_tile_11_cell_526,tile_W9_11,W9,9w_1d,16867.0,11259.0,2393.64082,1598.41084,2393.64082,1598.41084,100,144.0,4,Fibroblast2,0.49369735136422
W9_tile_11_cell_534,tile_W9_11,W9,9w_1d,17101.0,12435.0,2426.86414,1765.37932,2426.86414,1765.37932,38,129.0,2,vCTB2,0.324122451747804
W9_tile_11_cell_55,tile_W9_11,W9,9w_1d,16664.0,11427.0,2364.81888,1622.2634799999998,2364.81888,1622.2634799999998,133,217.0,5,vCTB2,0.361220164697025
W9_tile_11_cell_553,tile_W9_11,W9,9w_1d,18374.5,11389.0,2607.67567,1616.86824,2607.67567,1616.86824,64,86.0,0,vCTB2,0.449355204050659
W9_tile_11_cell_563,tile_W9_11,W9,9w_1d,17124.0,11191.0,2430.12968,1588.7562,2430.12968,1588.7562,162,258.0,3,Fibroblast2,0.958133836844031
W9_tile_11_cell_567,tile_W9_11,W9,9w_1d,17793.5,11659.5,2525.18529,1655.27383,2525.18529,1655.27383,125,188.0,5,vCTB2,0.415291591847824
W9_tile_11_cell_569,tile_W9_11,W9,9w_1d,17905.5,11162.5,2541.08705,1584.70977,2541.08705,1584.70977,140,236.0,9,Hofbauer cells,0.694065594868124
W9_tile_11_cell_576,tile_W9_11,W9,9w_1d,16986.0,11526.0,2410.53644,1636.3194999999998,2410.53644,1636.3194999999998,76,117.0,4,Fibroblast1,0.292345070202464
W9_tile_11_cell_581,tile_W9_11,W9,9w_1d,18328.0,11650.0,2601.0736,1653.92502,2601.0736,1653.92502,72,97.0,0,vCTB2,0.606556468414022
W9_tile_11_cell_587,tile_W9_11,W9,9w_1d,16742.0,11401.0,2375.89332,1618.572,2375.89332,1618.572,94,139.0,8,Fibroblast1,0.539369278115911
W9_tile_11_cell_590,tile_W9_11,W9,9w_1d,16884.0,11569.0,2396.05448,1642.42464,2396.05448,1642.42464,101,154.0,0,vCTB2,0.580126553441399
W9_tile_11_cell_613,tile_W9_11,W9,9w_1d,16828.0,11537.0,2388.1036,1637.8812799999998,2388.1036,1637.8812799999998,70,114.0,0,vCTB2,0.640727386076337
W9_tile_11_cell_619,tile_W9_11,W9,9w_1d,17236.0,12780.0,2446.03144,1814.36242,2446.03144,1814.36242,36,119.0,2,vCTB2,0.505131891478448
W9_tile_11_cell_62,tile_W9_11,W9,9w_1d,16944.0,11468.0,2404.57328,1628.08466,2404.57328,1628.08466,84,107.0,8,Fibroblast1,0.479772644511728
W9_tile_11_cell_643,tile_W9_11,W9,9w_1d,17639.5,11103.0,2503.32037,1576.26196,2503.32037,1576.26196,156,234.0,8,Fibroblast1,0.818473773715223
W9_tile_11_cell_67,tile_W9_11,W9,9w_1d,16873.0,11090.0,2394.4927,1574.4162199999998,2394.4927,1574.4162199999998,70,105.0,9,Hofbauer cells,0.758382059368119
W9_tile_11_cell_674,tile_W9_11,W9,9w_1d,17177.0,11108.0,2437.65462,1576.97186,2437.65462,1576.97186,95,137.0,4,Fibroblast2,0.610104946692981
W9_tile_11_cell_683,tile_W9_11,W9,9w_1d,17761.0,11376.0,2520.57094,1615.0225,2520.57094,1615.0225,71,91.0,4,Fibroblast2,0.236060508063786
W9_tile_11_cell_686,tile_W9_11,W9,9w_1d,17622.0,11626.0,2500.83572,1650.5175,2500.83572,1650.5175,107,164.0,3,Fibroblast2,0.899125008871095
W9_tile_11_cell_688,tile_W9_11,W9,9w_1d,17464.0,11121.0,2478.40288,1578.8176,2478.40288,1578.8176,76,105.0,4,Fibroblast2,0.574012890435593
W9_tile_11_cell_690,tile_W9_11,W9,9w_1d,17900.0,11642.0,2540.30616,1652.78918,2540.30616,1652.78918,78,103.0,0,vCTB2,0.634395609242435
W9_tile_11_cell_699,tile_W9_11,W9,9w_1d,16800.0,11431.0,2384.12816,1622.8314,2384.12816,1622.8314,72,105.0,8,vCTB2,0.212468631043762
W9_tile_11_cell_709,tile_W9_11,W9,9w_1d,16768.0,11491.0,2379.5848,1631.3502,2379.5848,1631.3502,178,283.0,5,Fibroblast1,0.52037514498531
W9_tile_11_cell_710,tile_W9_11,W9,9w_1d,18378.0,11460.0,2608.1726,1626.9488199999998,2608.1726,1626.9488199999998,160,258.0,5,vCTB2,0.302236203856229
W9_tile_11_cell_740,tile_W9_11,W9,9w_1d,18024.0,11467.0,2557.91168,1627.94268,2557.91168,1627.94268,110,176.0,3,Fibroblast2,0.536885270414514
W9_tile_11_cell_788,tile_W9_11,W9,9w_1d,17443.0,12658.0,2475.4213,1797.0408599999998,2475.4213,1797.0408599999998,152,553.0,7,STB,0.473225151462305
W9_tile_11_cell_797,tile_W9_11,W9,9w_1d,17173.0,12641.0,2437.0867,1794.6272,2437.0867,1794.6272,245,1315.0,7,STB,0.334822631339071
W9_tile_11_cell_798,tile_W9_11,W9,9w_1d,17308.0,12646.0,2456.254,1795.3371,2456.254,1795.3371,209,959.0,7,STB,0.330184042591588
W9_tile_11_cell_803,tile_W9_11,W9,9w_1d,17371.5,12555.0,2465.26973,1782.41692,2465.26973,1782.41692,258,1262.0,7,EVT3,0.568560242725102
W9_tile_11_cell_821,tile_W9_11,W9,9w_1d,17279.5,12438.0,2452.20757,1765.80526,2452.20757,1765.80526,141,446.0,7,STB,0.484449442372545
W9_tile_11_cell_830,tile_W9_11,W9,9w_1d,17234.0,12379.0,2445.74748,1757.42844,2445.74748,1757.42844,94,197.0,2,STB,0.410862058735749
W9_tile_11_cell_832,tile_W9_11,W9,9w_1d,17160.0,12386.0,2435.24096,1758.4223,2435.24096,1758.4223,161,756.0,7,STB,0.470127456550693
W9_tile_11_cell_839,tile_W9_11,W9,9w_1d,17203.0,12312.0,2441.3461,1747.91578,2441.3461,1747.91578,67,196.0,2,vCTB2,0.458872280620364
W9_tile_11_cell_852,tile_W9_11,W9,9w_1d,17398.0,12257.0,2469.0322,1740.10688,2469.0322,1740.10688,48,155.0,2,vCTB2,0.426921028167551
W9_tile_11_cell_866,tile_W9_11,W9,9w_1d,17319.0,11694.0,2457.81578,1660.17214,2457.81578,1660.17214,69,98.0,0,vCTB2,0.654333433162964
W9_tile_11_cell_867,tile_W9_11,W9,9w_1d,17176.0,11708.0,2437.51264,1662.15986,2437.51264,1662.15986,61,106.0,0,vCTB2,0.674516743090786
W9_tile_11_cell_87,tile_W9_11,W9,9w_1d,17778.0,11149.0,2522.9846,1582.79304,2522.9846,1582.79304,214,403.0,8,Fibroblast1,0.749925367203992
W9_tile_11_cell_870,tile_W9_11,W9,9w_1d,17286.0,11542.0,2453.13044,1638.59118,2453.13044,1638.59118,130,193.0,3,Fibroblast2,0.940939489474968
W9_tile_11_cell_871,tile_W9_11,W9,9w_1d,17130.0,11394.0,2430.98156,1617.5781399999998,2430.98156,1617.5781399999998,97,168.0,9,Hofbauer cells,0.794122475112532
W9_tile_11_cell_872,tile_W9_11,W9,9w_1d,17248.0,11440.5,2447.7352,1624.18021,2447.7352,1624.18021,126,204.0,3,Fibroblast2,0.908053519480103
W9_tile_11_cell_873,tile_W9_11,W9,9w_1d,17080.0,11378.0,2423.88256,1615.30646,2423.88256,1615.30646,107,148.0,4,Fibroblast2,0.650714271112955
W9_tile_11_cell_874,tile_W9_11,W9,9w_1d,17325.0,11345.0,2458.66766,1610.62112,2458.66766,1610.62112,84,114.0,4,Fibroblast2,0.305369666176544
W9_tile_12_cell_1051,tile_W9_12,W9,9w_1d,16910.0,10808.0,2399.74596,1534.37786,2399.74596,1534.37786,117,173.0,3,Fibroblast2,0.600982576933778
W9_tile_12_cell_1119,tile_W9_12,W9,9w_1d,17852.5,10930.0,2533.56211,1551.69942,2533.56211,1551.69942,65,90.0,8,vCTB2,0.247348562942622
W9_tile_12_cell_1208,tile_W9_12,W9,9w_1d,16976.0,10968.0,2409.11664,1557.09466,2409.11664,1557.09466,68,88.0,4,Fibroblast2,0.438258623040257
W9_tile_12_cell_1253,tile_W9_12,W9,9w_1d,16919.0,10394.0,2401.02378,1475.59814,2401.02378,1475.59814,125,187.0,3,Fibroblast2,0.963173610678186
W9_tile_12_cell_1254,tile_W9_12,W9,9w_1d,16732.0,10364.5,2374.47352,1471.40973,2374.47352,1471.40973,148,226.0,3,Fibroblast2,0.935419357843379
W9_tile_12_cell_1259,tile_W9_12,W9,9w_1d,16924.0,10295.0,2401.73368,1461.5421199999998,2401.73368,1461.5421199999998,105,146.0,4,Fibroblast2,0.623162803790645
W9_tile_12_cell_1261,tile_W9_12,W9,9w_1d,16819.0,10236.0,2386.82578,1453.1653,2386.82578,1453.1653,222,367.0,3,Fibroblast2,0.811040664517578
W9_tile_12_cell_1265,tile_W9_12,W9,9w_1d,17016.0,10222.0,2414.79584,1451.17758,2414.79584,1451.17758,130,167.0,8,Fibroblast1,0.836492145543387
W9_tile_12_cell_1269,tile_W9_12,W9,9w_1d,16942.0,10175.0,2404.28932,1444.50452,2404.28932,1444.50452,96,153.0,8,Fibroblast1,0.618696025943353
W9_tile_12_cell_1272,tile_W9_12,W9,9w_1d,17044.0,10138.0,2418.77128,1439.25126,2418.77128,1439.25126,91,111.0,0,vCTB2,0.612502384779906
W9_tile_12_cell_173,tile_W9_12,W9,9w_1d,17275.5,11046.5,2451.63965,1568.24009,2451.63965,1568.24009,74,88.0,4,Fibroblast2,0.494099366858634
W9_tile_12_cell_193,tile_W9_12,W9,9w_1d,17244.0,10806.0,2447.16728,1534.0938999999998,2447.16728,1534.0938999999998,58,81.0,4,Fibroblast2,0.470238552281639
W9_tile_12_cell_217,tile_W9_12,W9,9w_1d,17136.5,10330.5,2431.90443,1466.58241,2431.90443,1466.58241,88,106.0,4,Fibroblast2,0.287489787596131
W9_tile_12_cell_293,tile_W9_12,W9,9w_1d,16718.0,10547.0,2372.4858,1497.32108,2372.4858,1497.32108,83,110.0,4,Fibroblast2,0.543369126844299
W9_tile_12_cell_312,tile_W9_12,W9,9w_1d,17682.0,10877.5,2509.35452,1544.2454699999998,2509.35452,1544.2454699999998,73,88.0,4,Fibroblast2,0.368429775647344
W9_tile_12_cell_318,tile_W9_12,W9,9w_1d,17161.5,10992.0,2435.45393,1560.50218,2435.45393,1560.50218,71,102.0,9,vCTB2,0.320894683344992
W9_tile_12_cell_526,tile_W9_12,W9,9w_1d,17702.0,10750.0,2512.19412,1526.14302,2512.19412,1526.14302,85,109.0,8,Fibroblast1,0.407949560989971
W9_tile_12_cell_54,tile_W9_12,W9,9w_1d,17288.5,10545.5,2453.48539,1497.10811,2453.48539,1497.10811,89,114.0,3,Fibroblast2,0.661719619065135
W9_tile_12_cell_561,tile_W9_12,W9,9w_1d,16795.5,10956.5,2383.48925,1555.46189,2383.48925,1555.46189,66,84.0,4,Fibroblast2,0.312362996725035
W9_tile_12_cell_615,tile_W9_12,W9,9w_1d,16736.0,10158.0,2375.04144,1442.09086,2375.04144,1442.09086,84,115.0,4,Fibroblast2,0.373549306296036
W9_tile_12_cell_628,tile_W9_12,W9,9w_1d,17284.0,10367.0,2452.84648,1471.76468,2452.84648,1471.76468,84,120.0,4,Fibroblast2,0.502230060118392
W9_tile_12_cell_682,tile_W9_12,W9,9w_1d,17661.0,10992.0,2506.37294,1560.50218,2506.37294,1560.50218,166,236.0,3,Fibroblast2,0.972645147936081
W9_tile_12_cell_729,tile_W9_12,W9,9w_1d,17791.0,10851.5,2524.83034,1540.55399,2524.83034,1540.55399,97,130.0,8,Fibroblast1,0.515262568376988
W9_tile_12_cell_80,tile_W9_12,W9,9w_1d,17110.0,10271.0,2428.14196,1458.1346,2428.14196,1458.1346,81,111.0,12,Fibroblast2,0.368952159514623
W9_tile_12_cell_825,tile_W9_12,W9,9w_1d,16643.0,10179.0,2361.8373,1445.07244,2361.8373,1445.07244,151,220.0,3,Fibroblast2,0.830695200226468
W9_tile_12_cell_862,tile_W9_12,W9,9w_1d,16635.0,10859.0,2360.70146,1541.61884,2360.70146,1541.61884,73,93.0,4,Fibroblast1,0.484553984900368
W9_tile_12_cell_926,tile_W9_12,W9,9w_1d,17205.0,10743.5,2441.63006,1525.22015,2441.63006,1525.22015,136,214.0,9,Hofbauer cells,0.681709377756449
W9_tile_12_cell_980,tile_W9_12,W9,9w_1d,17651.0,10535.0,2504.95314,1495.6173199999998,2504.95314,1495.6173199999998,63,85.0,0,vCTB2,0.626123390567254
W9_tile_13_cell_1027,tile_W9_13,W9,9w_1d,16911.0,9856.0,2399.88794,1399.2129,2399.88794,1399.2129,95,142.0,0,vCTB2,0.308576519971641
W9_tile_13_cell_1046,tile_W9_13,W9,9w_1d,16712.0,9293.0,2371.63392,1319.2781599999998,2371.63392,1319.2781599999998,184,288.0,8,Fibroblast1,0.870946284674213
W9_tile_13_cell_1075,tile_W9_13,W9,9w_1d,16770.0,9734.0,2379.86876,1381.89134,2379.86876,1381.89134,83,101.0,0,EVT2,0.319691761504642
W9_tile_13_cell_1097,tile_W9_13,W9,9w_1d,18047.0,10599.0,2561.17722,1504.7040399999998,2561.17722,1504.7040399999998,75,118.0,9,Hofbauer cells,0.730324892612067
W9_tile_13_cell_1136,tile_W9_13,W9,9w_1d,18231.0,10908.0,2587.30154,1548.57586,2587.30154,1548.57586,251,394.0,8,Fibroblast1,0.484329454429105
W9_tile_13_cell_1138,tile_W9_13,W9,9w_1d,17980.0,10862.0,2551.66456,1542.04478,2551.66456,1542.04478,134,194.0,5,vCTB2,0.422533256730228
W9_tile_13_cell_1146,tile_W9_13,W9,9w_1d,17697.0,10785.0,2511.48422,1531.11232,2511.48422,1531.11232,55,91.0,0,vCTB2,0.694686363265623
W9_tile_13_cell_1151,tile_W9_13,W9,9w_1d,17916.0,10799.0,2542.57784,1533.10004,2542.57784,1533.10004,139,183.0,5,Fibroblast2,0.241742578601632
W9_tile_13_cell_1152,tile_W9_13,W9,9w_1d,17855.0,10749.0,2533.91706,1526.00104,2533.91706,1526.00104,152,220.0,5,EVT2,0.254327036790375
W9_tile_13_cell_1157,tile_W9_13,W9,9w_1d,18166.0,10733.0,2578.07284,1523.72936,2578.07284,1523.72936,98,157.0,9,Hofbauer cells,0.81834331240066
W9_tile_13_cell_1164,tile_W9_13,W9,9w_1d,17773.0,10673.0,2522.2747,1515.21056,2522.2747,1515.21056,117,159.0,0,Hofbauer cells,0.42278924638696
W9_tile_13_cell_1165,tile_W9_13,W9,9w_1d,17887.0,10645.0,2538.46042,1511.23512,2538.46042,1511.23512,160,235.0,8,Fibroblast1,0.507710088968645
W9_tile_13_cell_1167,tile_W9_13,W9,9w_1d,17576.0,10650.5,2494.30464,1512.01601,2494.30464,1512.01601,228,402.0,5,unknown3,0.436412818385637
W9_tile_13_cell_1176,tile_W9_13,W9,9w_1d,18260.0,10581.0,2591.41896,1502.1484,2591.41896,1502.1484,126,196.0,3,Fibroblast2,0.795115755180428
W9_tile_13_cell_1178,tile_W9_13,W9,9w_1d,17476.0,10561.0,2480.10664,1499.3088,2480.10664,1499.3088,180,375.0,5,vCTB2,0.371765963949929
W9_tile_13_cell_1180,tile_W9_13,W9,9w_1d,17773.0,10565.0,2522.2747,1499.87672,2522.2747,1499.87672,117,163.0,8,Fibroblast2,0.777010229698389
W9_tile_13_cell_1192,tile_W9_13,W9,9w_1d,17912.0,10411.0,2542.00992,1478.0118,2542.00992,1478.0118,222,340.0,3,Fibroblast2,0.927643910219949
W9_tile_13_cell_1195,tile_W9_13,W9,9w_1d,18221.0,10451.0,2585.88174,1483.691,2585.88174,1483.691,146,225.0,3,Fibroblast2,0.803972893287239
W9_tile_13_cell_1200,tile_W9_13,W9,9w_1d,18066.0,10385.0,2563.87484,1474.32032,2563.87484,1474.32032,108,159.0,4,Fibroblast2,0.572623613833973
W9_tile_13_cell_1206,tile_W9_13,W9,9w_1d,17376.0,10338.0,2465.90864,1467.64726,2465.90864,1467.64726,84,133.0,0,vCTB2,0.704407674789081
W9_tile_13_cell_1207,tile_W9_13,W9,9w_1d,18211.0,10300.5,2584.46194,1462.3230099999998,2584.46194,1462.3230099999998,98,132.0,4,unknown3,0.191230493872967
W9_tile_13_cell_1209,tile_W9_13,W9,9w_1d,17456.0,10305.0,2477.26704,1462.96192,2477.26704,1462.96192,175,277.0,5,unknown3,0.489835002957479
W9_tile_13_cell_1211,tile_W9_13,W9,9w_1d,18019.0,10327.0,2557.20178,1466.08548,2557.20178,1466.08548,136,221.0,3,Fibroblast2,0.827265983032809
W9_tile_13_cell_1219,tile_W9_13,W9,9w_1d,18151.0,10207.0,2575.94314,1449.04788,2575.94314,1449.04788,129,181.0,9,Hofbauer cells,0.702454904934575
W9_tile_13_cell_1222,tile_W9_13,W9,9w_1d,17465.0,10198.5,2478.54486,1447.84105,2478.54486,1447.84105,132,214.0,9,Hofbauer cells,0.810390145606493
W9_tile_13_cell_1223,tile_W9_13,W9,9w_1d,18248.0,10199.0,2589.7152,1447.91204,2589.7152,1447.91204,84,107.0,4,Hofbauer cells,0.34413210425713
W9_tile_13_cell_1224,tile_W9_13,W9,9w_1d,18058.0,10198.0,2562.739,1447.77006,2562.739,1447.77006,69,95.0,4,Fibroblast2,0.377728157116805
W9_tile_13_cell_1228,tile_W9_13,W9,9w_1d,17063.5,10075.0,2421.53989,1430.30652,2421.53989,1430.30652,52,86.0,11,vCTB2,0.684263058378526
W9_tile_13_cell_1231,tile_W9_13,W9,9w_1d,17300.0,10112.0,2455.11816,1435.55978,2455.11816,1435.55978,99,137.0,0,vCTB2,0.393352204536311
W9_tile_13_cell_1234,tile_W9_13,W9,9w_1d,18100.0,10081.0,2568.70216,1431.1584,2568.70216,1431.1584,202,373.0,3,Fibroblast2,0.915070348129113
W9_tile_13_cell_1237,tile_W9_13,W9,9w_1d,17535.5,10079.5,2488.55445,1430.94543,2488.55445,1430.94543,153,304.0,3,Fibroblast2,0.964882067142789
W9_tile_13_cell_1238,tile_W9_13,W9,9w_1d,17639.0,10086.0,2503.24938,1431.8683,2503.24938,1431.8683,216,382.0,3,Fibroblast2,0.765533844028041
W9_tile_13_cell_1239,tile_W9_13,W9,9w_1d,17386.0,10054.0,2467.32844,1427.32494,2467.32844,1427.32494,201,373.0,3,Fibroblast2,0.87867422666577
W9_tile_13_cell_1241,tile_W9_13,W9,9w_1d,17184.0,10047.0,2438.64848,1426.33108,2438.64848,1426.33108,71,91.0,0,vCTB2,0.558671433145617
W9_tile_13_cell_1242,tile_W9_13,W9,9w_1d,17322.0,10030.0,2458.24172,1423.91742,2458.24172,1423.91742,62,87.0,4,Fibroblast2,0.348663612397907
W9_tile_13_cell_1244,tile_W9_13,W9,9w_1d,17141.0,10009.0,2432.54334,1420.93584,2432.54334,1420.93584,71,95.0,0,vCTB2,0.670868930760116
W9_tile_13_cell_1247,tile_W9_13,W9,9w_1d,18051.0,9983.0,2561.74514,1417.24436,2561.74514,1417.24436,124,201.0,4,Fibroblast2,0.847267841216337
W9_tile_13_cell_1248,tile_W9_13,W9,9w_1d,17500.5,10000.0,2483.58515,1419.65802,2483.58515,1419.65802,237,452.0,3,Fibroblast2,0.803183959764939
W9_tile_13_cell_1249,tile_W9_13,W9,9w_1d,17016.0,9974.0,2414.79584,1415.96654,2414.79584,1415.96654,182,309.0,5,unknown3,0.314495953869282
W9_tile_13_cell_1250,tile_W9_13,W9,9w_1d,17117.0,9958.0,2429.13582,1413.69486,2429.13582,1413.69486,83,97.0,0,vCTB2,0.338550899419156
W9_tile_13_cell_1251,tile_W9_13,W9,9w_1d,17388.0,9981.0,2467.6124,1416.9604,2467.6124,1416.9604,284,546.0,3,Fibroblast2,0.820350132030382
W9_tile_13_cell_1255,tile_W9_13,W9,9w_1d,17142.5,9900.0,2432.75631,1405.46002,2432.75631,1405.46002,229,426.0,3,Fibroblast2,0.887655434327125
W9_tile_13_cell_1259,tile_W9_13,W9,9w_1d,17993.0,9872.0,2553.5103,1401.48458,2553.5103,1401.48458,194,360.0,3,Fibroblast2,0.939530097569754
W9_tile_13_cell_1261,tile_W9_13,W9,9w_1d,18152.0,9873.0,2576.08512,1401.62656,2576.08512,1401.62656,132,242.0,9,Hofbauer cells,0.488781788957848
W9_tile_13_cell_1265,tile_W9_13,W9,9w_1d,17456.0,9797.0,2477.26704,1390.83608,2477.26704,1390.83608,163,278.0,3,Fibroblast2,0.875033671813769
W9_tile_13_cell_1269,tile_W9_13,W9,9w_1d,17929.5,9819.5,2544.49457,1394.03063,2544.49457,1394.03063,81,108.0,4,Fibroblast2,0.557233963046109
W9_tile_13_cell_1273,tile_W9_13,W9,9w_1d,17742.0,9744.0,2517.87332,1383.31114,2517.87332,1383.31114,157,243.0,3,Fibroblast2,0.923827958159564
W9_tile_13_cell_1276,tile_W9_13,W9,9w_1d,17881.0,9674.0,2537.60854,1373.3725399999998,2537.60854,1373.3725399999998,250,470.0,3,Fibroblast2,0.854146252838229
W9_tile_13_cell_1277,tile_W9_13,W9,9w_1d,18225.0,9653.0,2586.44966,1370.39096,2586.44966,1370.39096,97,142.0,12,vCTB2,0.233003654226162
W9_tile_13_cell_1280,tile_W9_13,W9,9w_1d,17794.5,9624.0,2525.32727,1366.27354,2525.32727,1366.27354,121,176.0,5,unknown3,0.197870566201007
W9_tile_13_cell_1282,tile_W9_13,W9,9w_1d,17521.0,9562.0,2486.49574,1357.47078,2486.49574,1357.47078,275,608.0,3,Fibroblast2,0.856114732865567
W9_tile_13_cell_1283,tile_W9_13,W9,9w_1d,17722.0,9588.0,2515.03372,1361.16226,2515.03372,1361.16226,197,341.0,5,Fibroblast2,0.572386495264639
W9_tile_13_cell_1286,tile_W9_13,W9,9w_1d,18152.5,9528.0,2576.15611,1352.64346,2576.15611,1352.64346,96,124.0,0,vCTB2,0.273632636198797
W9_tile_13_cell_1292,tile_W9_13,W9,9w_1d,18067.0,9460.0,2564.01682,1342.98882,2564.01682,1342.98882,86,113.0,0,vCTB2,0.383180872333239
W9_tile_13_cell_135,tile_W9_13,W9,9w_1d,17351.0,10154.0,2462.35914,1441.52294,2462.35914,1441.52294,178,326.0,5,Fibroblast2,0.842273661792428
W9_tile_13_cell_139,tile_W9_13,W9,9w_1d,17976.0,9694.5,2551.09664,1376.28313,2551.09664,1376.28313,85,106.0,4,Fibroblast2,0.359011259446103
W9_tile_13_cell_151,tile_W9_13,W9,9w_1d,17712.0,10118.0,2513.61392,1436.41166,2513.61392,1436.41166,87,132.0,4,Fibroblast2,0.459059915128388
W9_tile_13_cell_164,tile_W9_13,W9,9w_1d,18358.0,10112.0,2605.333,1435.55978,2605.333,1435.55978,248,462.0,3,Fibroblast2,0.924950276760961
W9_tile_13_cell_175,tile_W9_13,W9,9w_1d,17553.0,10297.0,2491.0391,1461.82608,2491.0391,1461.82608,63,81.0,0,vCTB2,0.449945234169193
W9_tile_13_cell_199,tile_W9_13,W9,9w_1d,17168.5,9517.0,2436.44779,1351.08168,2436.44779,1351.08168,72,102.0,8,vCTB2,0.247742819182005
W9_tile_13_cell_2,tile_W9_13,W9,9w_1d,17803.0,10361.0,2526.5341,1470.9128,2526.5341,1470.9128,119,180.0,4,Fibroblast2,0.57982184491534
W9_tile_13_cell_22,tile_W9_13,W9,9w_1d,16728.5,10006.0,2373.97659,1420.5099,2373.97659,1420.5099,73,106.0,0,vCTB2,0.715838492805076
W9_tile_13_cell_259,tile_W9_13,W9,9w_1d,17293.0,9630.0,2454.1243,1367.1254199999998,2454.1243,1367.1254199999998,165,301.0,8,Fibroblast1,0.897098410590494
W9_tile_13_cell_261,tile_W9_13,W9,9w_1d,17754.0,10181.0,2519.57708,1445.3564,2519.57708,1445.3564,169,283.0,3,Fibroblast2,0.971681776328413
W9_tile_13_cell_277,tile_W9_13,W9,9w_1d,17469.0,10470.0,2479.11278,1486.38862,2479.11278,1486.38862,85,138.0,0,vCTB2,0.656207860389009
W9_tile_13_cell_290,tile_W9_13,W9,9w_1d,17400.5,9337.0,2469.38715,1325.52528,2469.38715,1325.52528,60,92.0,0,vCTB2,0.734934104695605
W9_tile_13_cell_294,tile_W9_13,W9,9w_1d,18026.0,9805.0,2558.19564,1391.97192,2558.19564,1391.97192,72,117.0,4,Fibroblast2,0.499648057367473
W9_tile_13_cell_305,tile_W9_13,W9,9w_1d,18224.0,9990.0,2586.30768,1418.23822,2586.30768,1418.23822,156,235.0,3,Fibroblast2,0.446378158864009
W9_tile_13_cell_320,tile_W9_13,W9,9w_1d,17492.0,9718.0,2482.37832,1379.6196599999998,2482.37832,1379.6196599999998,179,321.0,3,Fibroblast2,0.831333036809836
W9_tile_13_cell_326,tile_W9_13,W9,9w_1d,17342.5,9412.5,2461.15231,1336.24477,2461.15231,1336.24477,98,148.0,0,vCTB2,0.557862973870682
W9_tile_13_cell_339,tile_W9_13,W9,9w_1d,18170.5,10115.0,2578.71175,1435.98572,2578.71175,1435.98572,131,204.0,3,Fibroblast2,0.812352426616241
W9_tile_13_cell_351,tile_W9_13,W9,9w_1d,17450.0,9268.0,2476.41516,1315.72866,2476.41516,1315.72866,67,89.0,0,vCTB2,0.697881019019547
W9_tile_13_cell_354,tile_W9_13,W9,9w_1d,17562.0,9321.0,2492.31692,1323.2536,2492.31692,1323.2536,71,105.0,0,vCTB2,0.715354397642866
W9_tile_13_cell_358,tile_W9_13,W9,9w_1d,17468.0,10088.0,2478.9708,1432.1522599999998,2478.9708,1432.1522599999998,170,255.0,3,Fibroblast2,0.958186859966376
W9_tile_13_cell_380,tile_W9_13,W9,9w_1d,16749.0,9434.0,2376.88718,1339.2973399999998,2376.88718,1339.2973399999998,127,185.0,3,Fibroblast2,0.846312511963667
W9_tile_13_cell_414,tile_W9_13,W9,9w_1d,18379.0,10018.0,2608.31458,1422.21366,2608.31458,1422.21366,80,100.0,4,EVT2,0.23832150317346
W9_tile_13_cell_42,tile_W9_13,W9,9w_1d,17143.0,9644.0,2432.8273,1369.11314,2432.8273,1369.11314,106,143.0,4,Fibroblast2,0.44973566027516
W9_tile_13_cell_423,tile_W9_13,W9,9w_1d,17091.0,9416.0,2425.44434,1336.7417,2425.44434,1336.7417,92,133.0,8,Fibroblast1,0.692140869577164
W9_tile_13_cell_436,tile_W9_13,W9,9w_1d,18288.0,11005.0,2595.3944,1562.34792,2595.3944,1562.34792,78,97.0,8,EVT2,0.263204560737542
W9_tile_13_cell_444,tile_W9_13,W9,9w_1d,17026.0,9279.0,2416.21564,1317.29044,2416.21564,1317.29044,68,81.0,8,vCTB2,0.347121400324134
W9_tile_13_cell_466,tile_W9_13,W9,9w_1d,17592.0,10476.0,2496.57632,1487.2405,2496.57632,1487.2405,63,83.0,12,vCTB2,0.522859820539662
W9_tile_13_cell_479,tile_W9_13,W9,9w_1d,16676.0,9562.0,2366.52264,1357.47078,2366.52264,1357.47078,237,389.0,9,maternal macrophages ,0.417903257194221
W9_tile_13_cell_49,tile_W9_13,W9,9w_1d,17966.0,9746.0,2549.67684,1383.5951,2549.67684,1383.5951,68,83.0,4,Fibroblast2,0.521632494958209
W9_tile_13_cell_503,tile_W9_13,W9,9w_1d,17390.5,9566.5,2467.96735,1358.10969,2467.96735,1358.10969,60,80.0,12,vCTB2,0.33742467977404
W9_tile_13_cell_507,tile_W9_13,W9,9w_1d,18272.0,10044.0,2593.12272,1425.9051399999998,2593.12272,1425.9051399999998,187,319.0,3,Fibroblast2,0.907374981155298
W9_tile_13_cell_51,tile_W9_13,W9,9w_1d,17632.0,9527.5,2502.25552,1352.57247,2502.25552,1352.57247,79,110.0,0,vCTB2,0.584477906793679
W9_tile_13_cell_525,tile_W9_13,W9,9w_1d,16852.0,9705.0,2391.51112,1377.77392,2391.51112,1377.77392,138,214.0,5,vCTB2,0.329514284795198
W9_tile_13_cell_545,tile_W9_13,W9,9w_1d,17044.0,9784.0,2418.77128,1388.99034,2418.77128,1388.99034,194,320.0,5,Fibroblast2,0.937551956895628
W9_tile_13_cell_552,tile_W9_13,W9,9w_1d,17633.0,10199.0,2502.3975,1447.91204,2502.3975,1447.91204,234,439.0,3,Fibroblast2,0.8784234404291
W9_tile_13_cell_575,tile_W9_13,W9,9w_1d,16637.0,9404.0,2360.98542,1335.03794,2360.98542,1335.03794,126,191.0,3,Fibroblast2,0.70796980911715
W9_tile_13_cell_585,tile_W9_13,W9,9w_1d,16956.0,9234.0,2406.27704,1310.90134,2406.27704,1310.90134,79,101.0,8,vCTB2,0.274066050240424
W9_tile_13_cell_596,tile_W9_13,W9,9w_1d,17197.5,9468.0,2440.56521,1344.12466,2440.56521,1344.12466,107,178.0,8,Fibroblast1,0.829520846202094
W9_tile_13_cell_60,tile_W9_13,W9,9w_1d,17516.0,10438.0,2485.78584,1481.84526,2485.78584,1481.84526,100,145.0,5,vCTB2,0.424815671202273
W9_tile_13_cell_637,tile_W9_13,W9,9w_1d,17705.0,10552.0,2512.62006,1498.03098,2512.62006,1498.03098,122,179.0,8,Fibroblast1,0.778332065931938
W9_tile_13_cell_642,tile_W9_13,W9,9w_1d,18086.0,10969.0,2566.71444,1557.23664,2566.71444,1557.23664,148,218.0,5,STB,0.312554914175957
W9_tile_13_cell_658,tile_W9_13,W9,9w_1d,17633.5,10770.0,2502.46849,1528.98262,2502.46849,1528.98262,81,130.0,0,vCTB2,0.577935017266238
W9_tile_13_cell_663,tile_W9_13,W9,9w_1d,17565.0,10139.0,2492.74286,1439.39324,2492.74286,1439.39324,77,89.0,4,Fibroblast2,0.32121108183482
W9_tile_13_cell_707,tile_W9_13,W9,9w_1d,18376.0,10630.0,2607.88864,1509.10542,2607.88864,1509.10542,82,116.0,4,Fibroblast2,0.550457420602534
W9_tile_13_cell_732,tile_W9_13,W9,9w_1d,17405.0,9737.0,2470.02606,1382.31728,2470.02606,1382.31728,118,156.0,8,Fibroblast1,0.82869896684207
W9_tile_13_cell_76,tile_W9_13,W9,9w_1d,17384.0,9672.0,2467.04448,1373.08858,2467.04448,1373.08858,182,310.0,8,Fibroblast1,0.758720978593028
W9_tile_13_cell_762,tile_W9_13,W9,9w_1d,17345.0,9257.5,2461.50726,1314.23787,2461.50726,1314.23787,134,228.0,5,vCTB2,0.422500434825412
W9_tile_13_cell_786,tile_W9_13,W9,9w_1d,16846.0,9788.0,2390.65924,1389.55826,2390.65924,1389.55826,111,161.0,0,EVT2,0.268845488385733
W9_tile_13_cell_798,tile_W9_13,W9,9w_1d,17394.0,9491.0,2468.46428,1347.3902,2468.46428,1347.3902,137,215.0,12,Endothelial_cells,0.560035240536306
W9_tile_13_cell_810,tile_W9_13,W9,9w_1d,17226.0,9399.0,2444.61164,1334.32804,2444.61164,1334.32804,62,93.0,0,vCTB2,0.730675336267824
W9_tile_13_cell_831,tile_W9_13,W9,9w_1d,16837.5,9325.5,2389.45241,1323.89251,2389.45241,1323.89251,79,114.0,8,Fibroblast1,0.341109069363912
W9_tile_13_cell_851,tile_W9_13,W9,9w_1d,17653.0,10559.0,2505.2371,1499.02484,2505.2371,1499.02484,81,99.0,0,vCTB2,0.355200765657707
W9_tile_13_cell_907,tile_W9_13,W9,9w_1d,16750.0,9354.0,2377.02916,1327.93894,2377.02916,1327.93894,85,119.0,8,Fibroblast1,0.499697662427726
W9_tile_13_cell_91,tile_W9_13,W9,9w_1d,17280.0,9422.5,2452.27856,1337.66457,2452.27856,1337.66457,97,154.0,0,vCTB2,0.443134708498538
W9_tile_13_cell_917,tile_W9_13,W9,9w_1d,17514.0,9431.0,2485.50188,1338.8714,2485.50188,1338.8714,92,135.0,0,vCTB2,0.597161920329508
W9_tile_13_cell_932,tile_W9_13,W9,9w_1d,18146.0,9979.0,2575.23324,1416.67644,2575.23324,1416.67644,110,147.0,4,Fibroblast2,0.535522933515035
W9_tile_13_cell_942,tile_W9_13,W9,9w_1d,17208.0,9562.0,2442.056,1357.47078,2442.056,1357.47078,110,156.0,8,Fibroblast1,0.64867144727938
W9_tile_13_cell_958,tile_W9_13,W9,9w_1d,18009.0,10370.0,2555.78198,1472.19062,2555.78198,1472.19062,57,85.0,4,Fibroblast2,0.316701985172279
W9_tile_13_cell_963,tile_W9_13,W9,9w_1d,18004.0,9631.0,2555.07208,1367.2674,2555.07208,1367.2674,75,111.0,0,vCTB2,0.725841487226703
W9_tile_13_cell_966,tile_W9_13,W9,9w_1d,17990.5,10140.0,2553.15535,1439.53522,2553.15535,1439.53522,187,324.0,3,Fibroblast2,0.935937118953191
W9_tile_13_cell_98,tile_W9_13,W9,9w_1d,18239.0,10146.0,2588.43738,1440.3871,2588.43738,1440.3871,64,90.0,4,Fibroblast2,0.363318479421124
W9_tile_14_cell_102,tile_W9_14,W9,9w_1d,15623.0,9450.0,2217.0177,1341.56902,2217.0177,1341.56902,70,96.0,0,vCTB2,0.681179709494999
W9_tile_14_cell_104,tile_W9_14,W9,9w_1d,14835.5,9277.0,2105.20845,1317.00648,2105.20845,1317.00648,117,150.0,4,Fibroblast2,0.550240403357073
W9_tile_14_cell_109,tile_W9_14,W9,9w_1d,15554.0,9313.0,2207.22108,1322.11776,2207.22108,1322.11776,104,137.0,3,Fibroblast2,0.691246039270317
W9_tile_14_cell_120,tile_W9_14,W9,9w_1d,15170.0,9640.0,2152.70076,1368.54522,2152.70076,1368.54522,136,233.0,5,vCTB2,0.411661345337356
W9_tile_14_cell_126,tile_W9_14,W9,9w_1d,15295.0,9549.0,2170.44826,1355.62504,2170.44826,1355.62504,251,555.0,5,Fibroblast1,0.458439110131586
W9_tile_14_cell_131,tile_W9_14,W9,9w_1d,14774.0,9249.0,2096.47668,1313.0310399999998,2096.47668,1313.0310399999998,77,99.0,0,vCTB2,0.535485952618987
W9_tile_14_cell_150,tile_W9_14,W9,9w_1d,16247.0,9649.0,2305.61322,1369.82304,2305.61322,1369.82304,83,119.0,0,vCTB2,0.661571491256041
W9_tile_14_cell_153,tile_W9_14,W9,9w_1d,16535.0,9351.0,2346.50346,1327.513,2346.50346,1327.513,69,85.0,4,EVT2,0.289699304621738
W9_tile_14_cell_164,tile_W9_14,W9,9w_1d,14901.0,9317.0,2114.50814,1322.68568,2114.50814,1322.68568,175,301.0,3,Fibroblast2,0.946956009821938
W9_tile_14_cell_174,tile_W9_14,W9,9w_1d,15968.5,9524.0,2266.07179,1352.07554,2266.07179,1352.07554,177,342.0,5,unknown3,0.365097070471753
W9_tile_14_cell_176,tile_W9_14,W9,9w_1d,14846.0,9562.5,2106.69924,1357.54177,2106.69924,1357.54177,71,120.0,0,vCTB2,0.614443615790498
W9_tile_14_cell_190,tile_W9_14,W9,9w_1d,16543.0,9528.0,2347.6393,1352.64346,2347.6393,1352.64346,61,89.0,4,Fibroblast1,0.298029870374718
W9_tile_14_cell_191,tile_W9_14,W9,9w_1d,15629.0,9322.0,2217.86958,1323.39558,2217.86958,1323.39558,105,156.0,0,vCTB2,0.366230594656292
W9_tile_14_cell_199,tile_W9_14,W9,9w_1d,16209.0,9732.0,2300.21798,1381.60738,2300.21798,1381.60738,89,141.0,0,vCTB2,0.598878473394442
W9_tile_14_cell_202,tile_W9_14,W9,9w_1d,15781.5,9450.0,2239.52153,1341.56902,2239.52153,1341.56902,125,222.0,5,vCTB2,0.608437123025735
W9_tile_14_cell_220,tile_W9_14,W9,9w_1d,15835.0,9315.0,2247.11746,1322.4017199999998,2247.11746,1322.4017199999998,123,181.0,0,vCTB2,0.349879963586287
W9_tile_14_cell_228,tile_W9_14,W9,9w_1d,14918.0,9639.0,2116.9218,1368.40324,2116.9218,1368.40324,72,130.0,0,vCTB2,0.615719312525833
W9_tile_14_cell_229,tile_W9_14,W9,9w_1d,15003.0,9622.0,2128.9901,1365.98958,2128.9901,1365.98958,178,281.0,5,Fibroblast1,0.699538297595413
W9_tile_14_cell_268,tile_W9_14,W9,9w_1d,15238.0,9649.0,2162.3554,1369.82304,2162.3554,1369.82304,126,206.0,5,vCTB2,0.560593199409564
W9_tile_14_cell_290,tile_W9_14,W9,9w_1d,16070.0,9397.0,2280.48276,1334.04408,2280.48276,1334.04408,159,252.0,5,Fibroblast2,0.517077469650392
W9_tile_14_cell_291,tile_W9_14,W9,9w_1d,15420.0,9488.5,2188.19576,1347.03525,2188.19576,1347.03525,85,140.0,0,vCTB2,0.659105923225797
W9_tile_14_cell_311,tile_W9_14,W9,9w_1d,14802.0,10939.0,2100.45212,1552.97724,2100.45212,1552.97724,149,257.0,6,EVT2,0.56356909934077
W9_tile_14_cell_322,tile_W9_14,W9,9w_1d,14805.0,9615.5,2100.87806,1365.06671,2100.87806,1365.06671,135,216.0,5,vCTB2,0.523508162294212
W9_tile_14_cell_336,tile_W9_14,W9,9w_1d,15584.5,9368.0,2211.55147,1329.92666,2211.55147,1329.92666,158,238.0,5,unknown3,0.367188083171478
W9_tile_14_cell_339,tile_W9_14,W9,9w_1d,16041.0,9568.5,2276.36534,1358.39365,2276.36534,1358.39365,79,122.0,0,vCTB2,0.673074137172592
W9_tile_14_cell_354,tile_W9_14,W9,9w_1d,15147.0,9233.0,2149.43522,1310.75936,2149.43522,1310.75936,81,105.0,4,EVT2,0.438540845158096
W9_tile_14_cell_356,tile_W9_14,W9,9w_1d,16394.0,9505.0,2326.48428,1349.37792,2326.48428,1349.37792,91,121.0,0,vCTB2,0.593418015970954
W9_tile_14_cell_36,tile_W9_14,W9,9w_1d,16143.0,9672.5,2290.8473,1373.15957,2290.8473,1373.15957,260,580.0,5,unknown3,0.349556043618909
W9_tile_14_cell_362,tile_W9_14,W9,9w_1d,15020.0,9701.0,2131.40376,1377.206,2131.40376,1377.206,66,109.0,0,vCTB2,0.658300377264209
W9_tile_14_cell_373,tile_W9_14,W9,9w_1d,15290.0,9648.0,2169.73836,1369.68106,2169.73836,1369.68106,108,176.0,0,vCTB2,0.708366513260081
W9_tile_14_cell_375,tile_W9_14,W9,9w_1d,16307.0,9603.0,2314.13202,1363.29196,2314.13202,1363.29196,77,110.0,0,vCTB2,0.679682990715168
W9_tile_14_cell_381,tile_W9_14,W9,9w_1d,16184.0,9447.5,2296.66848,1341.21407,2296.66848,1341.21407,72,102.0,0,vCTB2,0.577191810121666
W9_tile_14_cell_407,tile_W9_14,W9,9w_1d,15113.0,9703.0,2144.6079,1377.48996,2144.6079,1377.48996,157,318.0,5,vCTB2,0.393203628205216
W9_tile_14_cell_416,tile_W9_14,W9,9w_1d,14770.0,9442.0,2095.90876,1340.43318,2095.90876,1340.43318,65,89.0,0,vCTB2,0.64892624565275
W9_tile_14_cell_417,tile_W9_14,W9,9w_1d,16076.5,9606.0,2281.40563,1363.7179,2281.40563,1363.7179,79,138.0,0,vCTB2,0.698630298832895
W9_tile_14_cell_42,tile_W9_14,W9,9w_1d,16272.0,9371.5,2309.16272,1330.42359,2309.16272,1330.42359,164,264.0,3,Fibroblast2,0.821922068769219
W9_tile_14_cell_438,tile_W9_14,W9,9w_1d,16494.0,9346.0,2340.68228,1326.8031,2340.68228,1326.8031,99,131.0,4,Fibroblast2,0.521066088769213
W9_tile_14_cell_442,tile_W9_14,W9,9w_1d,15691.0,9432.5,2226.67234,1339.08437,2226.67234,1339.08437,144,248.0,5,STB,0.422805809466016
W9_tile_14_cell_448,tile_W9_14,W9,9w_1d,15460.0,9434.0,2193.87496,1339.2973399999998,2193.87496,1339.2973399999998,77,106.0,0,vCTB2,0.657849162734809
W9_tile_14_cell_468,tile_W9_14,W9,9w_1d,15209.0,9593.0,2158.23798,1361.87216,2158.23798,1361.87216,68,98.0,0,vCTB2,0.533428192529292
W9_tile_14_cell_487,tile_W9_14,W9,9w_1d,15667.0,9242.5,2223.26482,1312.10817,2223.26482,1312.10817,94,140.0,0,vCTB2,0.58716125784514
W9_tile_14_cell_502,tile_W9_14,W9,9w_1d,15961.0,9347.0,2265.00694,1326.94508,2265.00694,1326.94508,79,123.0,4,EVT2,0.258040540337621
W9_tile_14_cell_506,tile_W9_14,W9,9w_1d,16366.5,9406.0,2322.57983,1335.3219,2322.57983,1335.3219,93,150.0,4,Fibroblast2,0.531707365482664
W9_tile_14_cell_510,tile_W9_14,W9,9w_1d,16134.0,9581.0,2289.56948,1360.1684,2289.56948,1360.1684,92,127.0,0,vCTB2,0.506533154653487
W9_tile_14_cell_559,tile_W9_14,W9,9w_1d,16450.5,9421.5,2334.50615,1337.52259,2334.50615,1337.52259,181,282.0,3,Fibroblast2,0.930027662625228
W9_tile_14_cell_583,tile_W9_14,W9,9w_1d,16405.0,9318.0,2328.04606,1322.82766,2328.04606,1322.82766,278,497.0,3,Fibroblast2,0.583873350855602
W9_tile_14_cell_599,tile_W9_14,W9,9w_1d,15049.0,9660.5,2135.52118,1371.45581,2135.52118,1371.45581,55,90.0,0,vCTB2,0.691096011256779
W9_tile_14_cell_61,tile_W9_14,W9,9w_1d,14828.0,9398.0,2104.1436,1334.18606,2104.1436,1334.18606,73,106.0,0,vCTB2,0.721773554604453
W9_tile_14_cell_624,tile_W9_14,W9,9w_1d,15582.0,9426.0,2211.19652,1338.1615,2211.19652,1338.1615,57,85.0,0,vCTB2,0.645399630574626
W9_tile_14_cell_63,tile_W9_14,W9,9w_1d,15542.0,9468.0,2205.51732,1344.12466,2205.51732,1344.12466,115,194.0,5,vCTB2,0.479436541111791
W9_tile_14_cell_640,tile_W9_14,W9,9w_1d,16487.0,9559.0,2339.68842,1357.04484,2339.68842,1357.04484,63,86.0,0,vCTB2,0.642648748751992
W9_tile_14_cell_653,tile_W9_14,W9,9w_1d,15512.0,9407.0,2201.25792,1335.46388,2201.25792,1335.46388,63,101.0,0,vCTB2,0.720073947957256
W9_tile_14_cell_671,tile_W9_14,W9,9w_1d,14793.0,9353.0,2099.1743,1327.79696,2099.1743,1327.79696,80,103.0,0,vCTB2,0.752886987767543
W9_tile_14_cell_702,tile_W9_14,W9,9w_1d,15449.0,10989.0,2192.31318,1560.07624,2192.31318,1560.07624,59,81.0,0,vCTB2,0.628159661448645
W9_tile_14_cell_713,tile_W9_14,W9,9w_1d,15049.0,10943.0,2135.52118,1553.54516,2135.52118,1553.54516,103,161.0,0,vCTB2,0.419921729769885
W9_tile_14_cell_718,tile_W9_14,W9,9w_1d,14814.0,10860.0,2102.15588,1541.76082,2102.15588,1541.76082,55,81.0,1,EVT2,0.508926243430126
W9_tile_14_cell_735,tile_W9_14,W9,9w_1d,14782.0,10810.0,2097.61252,1534.66182,2097.61252,1534.66182,138,258.0,6,EVT2,0.524960030685488
W9_tile_14_cell_761,tile_W9_14,W9,9w_1d,15092.0,9551.0,2141.62632,1355.909,2141.62632,1355.909,195,335.0,8,Fibroblast1,0.916906749450941
W9_tile_14_cell_762,tile_W9_14,W9,9w_1d,14940.0,9515.0,2120.04536,1350.79772,2120.04536,1350.79772,218,375.0,5,unknown3,0.380166712920024
W9_tile_14_cell_763,tile_W9_14,W9,9w_1d,14980.0,9459.0,2125.72456,1342.84684,2125.72456,1342.84684,194,313.0,3,Fibroblast2,0.903117034723536
W9_tile_14_cell_765,tile_W9_14,W9,9w_1d,15144.0,9427.0,2149.00928,1338.30348,2149.00928,1338.30348,190,288.0,3,Fibroblast2,0.91441444992919
W9_tile_14_cell_766,tile_W9_14,W9,9w_1d,15287.0,9421.0,2169.31242,1337.4516,2169.31242,1337.4516,225,410.0,3,Fibroblast2,0.929465616408059
W9_tile_14_cell_768,tile_W9_14,W9,9w_1d,15329.0,9388.0,2175.27558,1332.76626,2175.27558,1332.76626,186,325.0,5,maternal macrophages ,0.330184972368814
W9_tile_14_cell_78,tile_W9_14,W9,9w_1d,16538.0,9396.0,2346.9294,1333.9021,2346.9294,1333.9021,97,133.0,4,Fibroblast2,0.51877992120684
W9_tile_14_cell_88,tile_W9_14,W9,9w_1d,15337.0,9615.0,2176.41142,1364.99572,2176.41142,1364.99572,70,98.0,0,vCTB2,0.624566142422094
W9_tile_14_cell_90,tile_W9_14,W9,9w_1d,16252.0,9756.0,2306.32312,1385.0149,2306.32312,1385.0149,75,111.0,0,vCTB2,0.760288882121364
W9_tile_14_cell_99,tile_W9_14,W9,9w_1d,14899.0,9450.0,2114.22418,1341.56902,2114.22418,1341.56902,134,200.0,5,vCTB2,0.401795333690893
W9_tile_15_cell_1293,tile_W9_15,W9,9w_1d,14732.0,10814.0,2090.51352,1535.22974,2090.51352,1535.22974,91,132.0,1,EVT2,0.233096670937032
W9_tile_15_cell_1431,tile_W9_15,W9,9w_1d,14597.0,10837.5,2071.34622,1538.56627,2071.34622,1538.56627,85,130.0,1,EVT2,0.566190565196617
W9_tile_15_cell_1446,tile_W9_15,W9,9w_1d,14541.0,9395.0,2063.39534,1333.76012,2063.39534,1333.76012,52,81.0,0,vCTB2,0.691913848562304
W9_tile_15_cell_1447,tile_W9_15,W9,9w_1d,14600.5,9434.5,2071.84315,1339.36833,2071.84315,1339.36833,87,154.0,0,vCTB2,0.554463774438788
W9_tile_15_cell_775,tile_W9_15,W9,9w_1d,14733.5,10939.0,2090.72649,1552.97724,2090.72649,1552.97724,67,82.0,1,EVT2,0.50216995814445
W9_tile_16_cell_1010,tile_W9_16,W9,9w_1d,10419.5,9253.5,1478.22477,1313.66995,1478.22477,1313.66995,54,114.0,2,EVT2,0.334759118145038
W9_tile_16_cell_1077,tile_W9_16,W9,9w_1d,10049.0,9429.5,1425.62118,1338.65843,1425.62118,1338.65843,66,94.0,0,vCTB2,0.657172590245614
W9_tile_16_cell_1166,tile_W9_16,W9,9w_1d,9863.0,9449.5,1399.2129,1341.49803,1399.2129,1341.49803,53,104.0,2,vCTB2,0.289934552518982
W9_tile_16_cell_1180,tile_W9_16,W9,9w_1d,10277.0,9383.0,1457.99262,1332.05636,1457.99262,1332.05636,45,85.0,2,vCTB2,0.494116844675701
W9_tile_16_cell_128,tile_W9_16,W9,9w_1d,10033.0,9671.0,1423.3495,1372.9466,1423.3495,1372.9466,132,298.0,7,STB,0.524222137916404
W9_tile_16_cell_142,tile_W9_16,W9,9w_1d,10144.0,9584.0,1439.10928,1360.59434,1439.10928,1360.59434,48,103.0,2,vCTB2,0.311625291632593
W9_tile_16_cell_147,tile_W9_16,W9,9w_1d,9889.0,9686.0,1402.90438,1375.0763,1402.90438,1375.0763,47,125.0,2,EVT2,0.327671630941518
W9_tile_16_cell_167,tile_W9_16,W9,9w_1d,10388.0,9321.0,1473.7524,1323.2536,1473.7524,1323.2536,33,83.0,2,vCTB2,0.363287100814201
W9_tile_16_cell_224,tile_W9_16,W9,9w_1d,10133.0,9281.0,1437.5475,1317.5744,1437.5475,1317.5744,64,85.0,0,vCTB2,0.511022230576093
W9_tile_16_cell_255,tile_W9_16,W9,9w_1d,10157.0,9399.0,1440.95502,1334.32804,1440.95502,1334.32804,65,105.0,0,vCTB2,0.689017395949829
W9_tile_16_cell_325,tile_W9_16,W9,9w_1d,9829.0,9349.0,1394.38558,1327.22904,1394.38558,1327.22904,69,137.0,2,vCTB2,0.299820361933399
W9_tile_16_cell_359,tile_W9_16,W9,9w_1d,10284.0,9315.0,1458.98648,1322.4017199999998,1458.98648,1322.4017199999998,56,105.0,2,vCTB2,0.347584564087508
W9_tile_16_cell_41,tile_W9_16,W9,9w_1d,10139.0,9469.0,1438.3993799999998,1344.26664,1438.3993799999998,1344.26664,97,138.0,0,vCTB2,0.381701537276801
W9_tile_16_cell_416,tile_W9_16,W9,9w_1d,10571.0,9269.0,1499.73474,1315.87064,1499.73474,1315.87064,47,103.0,2,vCTB2,0.243126188175362
W9_tile_16_cell_443,tile_W9_16,W9,9w_1d,10146.0,9524.0,1439.39324,1352.07554,1439.39324,1352.07554,61,81.0,0,vCTB2,0.394602632723696
W9_tile_16_cell_45,tile_W9_16,W9,9w_1d,10203.0,9555.0,1447.4861,1356.47692,1447.4861,1356.47692,55,99.0,2,EVT2,0.27575922167247
W9_tile_16_cell_47,tile_W9_16,W9,9w_1d,9859.0,9244.0,1398.64498,1312.32114,1398.64498,1312.32114,48,99.0,2,vCTB2,0.516176498873772
W9_tile_16_cell_486,tile_W9_16,W9,9w_1d,10321.0,9238.0,1464.23974,1311.4692599999998,1464.23974,1311.4692599999998,55,107.0,2,EVT2,0.328820679332869
W9_tile_16_cell_506,tile_W9_16,W9,9w_1d,10090.0,9537.0,1431.44236,1353.92128,1431.44236,1353.92128,74,120.0,0,vCTB2,0.504335997651341
W9_tile_16_cell_535,tile_W9_16,W9,9w_1d,10478.0,9260.0,1486.5306,1314.5928199999998,1486.5306,1314.5928199999998,57,137.0,2,vCTB2,0.296818343332219
W9_tile_16_cell_606,tile_W9_16,W9,9w_1d,9852.0,9607.0,1397.65112,1363.85988,1397.65112,1363.85988,147,375.0,7,EVT3,0.417410506499944
W9_tile_16_cell_611,tile_W9_16,W9,9w_1d,10317.0,9479.5,1463.67182,1345.75743,1463.67182,1345.75743,61,116.0,2,vCTB2,0.349704091808337
W9_tile_16_cell_623,tile_W9_16,W9,9w_1d,10232.0,9364.0,1451.60352,1329.35874,1451.60352,1329.35874,78,110.0,0,vCTB2,0.460273744149474
W9_tile_16_cell_646,tile_W9_16,W9,9w_1d,9781.0,9412.0,1387.57054,1336.17378,1387.57054,1336.17378,78,166.0,7,STB,0.46840928284807
W9_tile_16_cell_713,tile_W9_16,W9,9w_1d,10457.0,9346.0,1483.54902,1326.8031,1483.54902,1326.8031,33,80.0,2,vCTB2,0.42082376782989
W9_tile_16_cell_714,tile_W9_16,W9,9w_1d,10396.5,9380.0,1474.95923,1331.63042,1474.95923,1331.63042,59,118.0,2,STB,0.408088622458137
W9_tile_16_cell_740,tile_W9_16,W9,9w_1d,10019.0,9544.0,1421.36178,1354.91514,1421.36178,1354.91514,94,143.0,0,vCTB2,0.400574873780782
W9_tile_16_cell_760,tile_W9_16,W9,9w_1d,10102.0,9722.0,1433.14612,1380.18758,1433.14612,1380.18758,50,121.0,2,EVT2,0.324861799016411
W9_tile_16_cell_783,tile_W9_16,W9,9w_1d,9967.5,9691.0,1414.04981,1375.7862,1414.04981,1375.7862,45,116.0,2,EVT2,0.392897629348151
W9_tile_16_cell_80,tile_W9_16,W9,9w_1d,9730.0,9304.0,1380.32956,1320.8399399999998,1380.32956,1320.8399399999998,64,137.0,2,vCTB2,0.338873074546314
W9_tile_16_cell_831,tile_W9_16,W9,9w_1d,9954.0,9239.0,1412.13308,1311.61124,1412.13308,1311.61124,75,120.0,0,vCTB2,0.58651786441862
W9_tile_16_cell_884,tile_W9_16,W9,9w_1d,9995.0,9398.0,1417.95426,1334.18606,1417.95426,1334.18606,85,114.0,0,vCTB2,0.675849503080115
W9_tile_16_cell_93,tile_W9_16,W9,9w_1d,10060.0,9732.0,1427.18296,1381.60738,1427.18296,1381.60738,55,125.0,2,EVT2,0.372868866984875
W9_tile_16_cell_935,tile_W9_16,W9,9w_1d,10037.0,9311.0,1423.91742,1321.8338,1423.91742,1321.8338,137,231.0,5,vCTB2,0.581319814632679
W9_tile_16_cell_946,tile_W9_16,W9,9w_1d,10055.5,9238.0,1426.54405,1311.4692599999998,1426.54405,1311.4692599999998,60,84.0,0,vCTB2,0.597910598028742
W9_tile_16_cell_979,tile_W9_16,W9,9w_1d,10305.0,9352.0,1461.96806,1327.65498,1461.96806,1327.65498,51,91.0,2,vCTB2,0.439186042590106
W9_tile_16_cell_98,tile_W9_16,W9,9w_1d,10348.0,9418.0,1468.0732,1337.02566,1468.0732,1337.02566,36,97.0,2,vCTB2,0.425827621887038
W9_tile_16_cell_99,tile_W9_16,W9,9w_1d,9909.0,9638.5,1405.74398,1368.33225,1405.74398,1368.33225,40,84.0,2,vCTB2,0.416461639857752
W9_tile_17_cell_1002,tile_W9_17,W9,9w_1d,8121.0,9509.5,1151.88374,1350.01683,1151.88374,1350.01683,97,216.0,7,vCTB2,0.226662823723805
W9_tile_17_cell_1018,tile_W9_17,W9,9w_1d,8598.0,9296.0,1219.6082,1319.7041,1219.6082,1319.7041,36,134.0,2,vCTB2,0.470088107855509
W9_tile_17_cell_1027,tile_W9_17,W9,9w_1d,8802.0,9405.0,1248.57212,1335.17992,1248.57212,1335.17992,39,119.0,2,vCTB2,0.512550743350354
W9_tile_17_cell_1041,tile_W9_17,W9,9w_1d,7542.0,9308.5,1069.67732,1321.47885,1069.67732,1321.47885,59,164.0,2,vCTB2,0.461783731516733
W9_tile_17_cell_1045,tile_W9_17,W9,9w_1d,8815.0,9305.0,1250.41786,1320.98192,1250.41786,1320.98192,108,365.0,7,vCTB2,0.252993158648314
W9_tile_17_cell_1077,tile_W9_17,W9,9w_1d,7558.0,9588.0,1071.949,1361.16226,1071.949,1361.16226,69,129.0,2,vCTB2,0.291476679943056
W9_tile_17_cell_1086,tile_W9_17,W9,9w_1d,8610.0,9236.0,1221.31196,1311.1853,1221.31196,1311.1853,82,272.0,7,STB,0.434668225573442
W9_tile_17_cell_1105,tile_W9_17,W9,9w_1d,7579.0,9380.0,1074.93058,1331.63042,1074.93058,1331.63042,185,393.0,10,STB,0.369112711837619
W9_tile_17_cell_1115,tile_W9_17,W9,9w_1d,7606.0,9463.0,1078.76404,1343.41476,1078.76404,1343.41476,145,285.0,10,STB,0.373404810832599
W9_tile_17_cell_1127,tile_W9_17,W9,9w_1d,7618.0,9694.0,1080.4678,1376.21214,1080.4678,1376.21214,150,531.0,7,STB,0.49210734994517
W9_tile_17_cell_1160,tile_W9_17,W9,9w_1d,7841.0,9672.0,1112.12934,1373.08858,1112.12934,1373.08858,84,133.0,0,vCTB2,0.61072482392339
W9_tile_17_cell_1225,tile_W9_17,W9,9w_1d,8122.0,9635.0,1152.02572,1367.83532,1152.02572,1367.83532,110,539.0,7,vCTB2,0.338726233636637
W9_tile_17_cell_168,tile_W9_17,W9,9w_1d,8010.0,9769.0,1136.12396,1386.86064,1136.12396,1386.86064,190,895.0,7,STB,0.303519449361405
W9_tile_17_cell_17,tile_W9_17,W9,9w_1d,8046.0,9475.0,1141.23524,1345.11852,1141.23524,1345.11852,136,209.0,5,vCTB2,0.431014623416789
W9_tile_17_cell_187,tile_W9_17,W9,9w_1d,7787.0,9636.0,1104.46242,1367.9773,1104.46242,1367.9773,76,106.0,0,vCTB2,0.625859271044756
W9_tile_17_cell_285,tile_W9_17,W9,9w_1d,8655.5,9310.0,1227.77205,1321.69182,1227.77205,1321.69182,70,236.0,2,vCTB2,0.372564599621235
W9_tile_17_cell_306,tile_W9_17,W9,9w_1d,7687.0,9891.0,1090.26442,1404.1822,1090.26442,1404.1822,80,265.0,7,EVT2,0.3132457075724
W9_tile_17_cell_331,tile_W9_17,W9,9w_1d,7988.0,9649.0,1133.0004,1369.82304,1133.0004,1369.82304,168,324.0,10,STB,0.555775003441648
W9_tile_17_cell_382,tile_W9_17,W9,9w_1d,8308.0,9238.0,1178.434,1311.4692599999998,1178.434,1311.4692599999998,58,226.0,2,EVT2,0.330656405236303
W9_tile_17_cell_391,tile_W9_17,W9,9w_1d,7532.0,9553.0,1068.25752,1356.19296,1068.25752,1356.19296,101,259.0,7,vCTB2,0.235111498207551
W9_tile_17_cell_392,tile_W9_17,W9,9w_1d,7692.0,9845.0,1090.97432,1397.65112,1090.97432,1397.65112,37,105.0,2,vCTB2,0.460264645062358
W9_tile_17_cell_413,tile_W9_17,W9,9w_1d,7647.5,9232.5,1084.65621,1310.6883699999998,1084.65621,1310.6883699999998,44,82.0,2,vCTB2,0.490388544573423
W9_tile_17_cell_472,tile_W9_17,W9,9w_1d,7544.0,9623.0,1069.96128,1366.13156,1069.96128,1366.13156,43,91.0,2,vCTB2,0.487740269249888
W9_tile_17_cell_475,tile_W9_17,W9,9w_1d,8081.0,9234.0,1146.20454,1310.90134,1146.20454,1310.90134,66,80.0,0,vCTB2,0.638859103559986
W9_tile_17_cell_483,tile_W9_17,W9,9w_1d,7958.0,9238.0,1128.741,1311.4692599999998,1128.741,1311.4692599999998,69,105.0,0,vCTB2,0.631235632410286
W9_tile_17_cell_563,tile_W9_17,W9,9w_1d,8132.0,9332.0,1153.44552,1324.81538,1153.44552,1324.81538,200,423.0,10,unknown3,0.362651466520184
W9_tile_17_cell_596,tile_W9_17,W9,9w_1d,8853.0,9262.0,1255.8130999999998,1314.87678,1255.8130999999998,1314.87678,82,244.0,7,EVT2,0.289643796759526
W9_tile_17_cell_614,tile_W9_17,W9,9w_1d,7505.5,9347.5,1064.49505,1327.01607,1064.49505,1327.01607,90,196.0,7,STB,0.269842548064139
W9_tile_17_cell_622,tile_W9_17,W9,9w_1d,8891.0,9476.0,1261.20834,1345.2605,1261.20834,1345.2605,40,144.0,2,vCTB2,0.447428445522809
W9_tile_17_cell_626,tile_W9_17,W9,9w_1d,7907.5,9859.0,1121.57101,1399.6388399999998,1121.57101,1399.6388399999998,104,390.0,7,unknown3,0.196612984158665
W9_tile_17_cell_639,tile_W9_17,W9,9w_1d,7925.0,9703.0,1124.05566,1377.48996,1124.05566,1377.48996,185,401.0,10,STB,0.682122562800738
W9_tile_17_cell_661,tile_W9_17,W9,9w_1d,8593.5,9346.0,1218.96929,1326.8031,1218.96929,1326.8031,26,92.0,2,vCTB2,0.490748931374144
W9_tile_17_cell_665,tile_W9_17,W9,9w_1d,7873.0,9782.0,1116.6726999999998,1388.70638,1116.6726999999998,1388.70638,48,87.0,2,vCTB2,0.277789704105481
W9_tile_17_cell_682,tile_W9_17,W9,9w_1d,7668.0,9649.0,1087.5668,1369.82304,1087.5668,1369.82304,87,142.0,7,vCTB2,0.387615676629306
W9_tile_17_cell_693,tile_W9_17,W9,9w_1d,8061.5,9690.0,1143.43593,1375.64422,1143.43593,1375.64422,114,310.0,7,unknown3,0.241029192610634
W9_tile_17_cell_699,tile_W9_17,W9,9w_1d,7500.5,9496.0,1063.78515,1348.1001,1063.78515,1348.1001,81,256.0,7,vCTB2,0.367473273751268
W9_tile_17_cell_702,tile_W9_17,W9,9w_1d,8168.0,9541.0,1158.5568,1354.4892,1158.5568,1354.4892,93,330.0,7,EVT2,0.43798948662598
W9_tile_17_cell_724,tile_W9_17,W9,9w_1d,7718.0,9643.0,1094.6658,1368.97116,1094.6658,1368.97116,78,105.0,0,vCTB2,0.340477500785607
W9_tile_17_cell_744,tile_W9_17,W9,9w_1d,7845.0,9753.0,1112.69726,1384.58896,1112.69726,1384.58896,88,171.0,2,STB,0.368834170091403
W9_tile_17_cell_777,tile_W9_17,W9,9w_1d,8496.5,9274.0,1205.19723,1316.58054,1205.19723,1316.58054,33,128.0,2,vCTB2,0.42183237690007
W9_tile_17_cell_782,tile_W9_17,W9,9w_1d,8220.0,9260.0,1165.93976,1314.5928199999998,1165.93976,1314.5928199999998,134,366.0,7,STB,0.404616987174118
W9_tile_17_cell_789,tile_W9_17,W9,9w_1d,7728.0,9235.0,1096.0856,1311.04332,1096.0856,1311.04332,60,118.0,2,vCTB2,0.381623826310837
W9_tile_17_cell_791,tile_W9_17,W9,9w_1d,7735.5,9750.0,1097.15045,1384.16302,1097.15045,1384.16302,229,826.0,7,EVT3,0.459199314150771
W9_tile_17_cell_797,tile_W9_17,W9,9w_1d,8553.0,9263.0,1213.2191,1315.01876,1213.2191,1315.01876,80,311.0,2,EVT2,0.332700003252658
W9_tile_17_cell_842,tile_W9_17,W9,9w_1d,8766.0,9259.0,1243.46084,1314.45084,1243.46084,1314.45084,117,384.0,7,Fibroblast1,0.268915965566539
W9_tile_17_cell_851,tile_W9_17,W9,9w_1d,8056.0,9581.0,1142.65504,1360.1684,1142.65504,1360.1684,127,257.0,7,EVT2,0.265976339190382
W9_tile_17_cell_852,tile_W9_17,W9,9w_1d,7806.0,9869.0,1107.16004,1401.05864,1107.16004,1401.05864,85,263.0,2,EVT2,0.322017997467514
W9_tile_17_cell_865,tile_W9_17,W9,9w_1d,7577.0,9507.0,1074.64662,1349.66188,1074.64662,1349.66188,53,81.0,2,vCTB2,0.44335986379953
W9_tile_17_cell_871,tile_W9_17,W9,9w_1d,7860.0,9235.0,1114.82696,1311.04332,1114.82696,1311.04332,71,119.0,0,vCTB2,0.649303445716765
W9_tile_17_cell_875,tile_W9_17,W9,9w_1d,7475.0,9401.0,1060.16466,1334.612,1060.16466,1334.612,102,329.0,7,EVT2,0.269110962544151
W9_tile_17_cell_921,tile_W9_17,W9,9w_1d,7636.0,9565.0,1083.02344,1357.89672,1083.02344,1357.89672,58,93.0,2,vCTB2,0.5455273338702
W9_tile_17_cell_931,tile_W9_17,W9,9w_1d,8450.0,9255.0,1198.59516,1313.88292,1198.59516,1313.88292,74,148.0,7,vCTB2,0.231894039763854
W9_tile_17_cell_935,tile_W9_17,W9,9w_1d,7641.0,9284.0,1083.73334,1318.00034,1083.73334,1318.00034,136,398.0,7,STB,0.706900240704127
W9_tile_17_cell_947,tile_W9_17,W9,9w_1d,8112.0,9418.0,1150.60592,1337.02566,1150.60592,1337.02566,176,360.0,10,STB,0.451685474641699
W9_tile_17_cell_949,tile_W9_17,W9,9w_1d,7918.5,9806.5,1123.13279,1392.18489,1123.13279,1392.18489,43,112.0,2,vCTB2,0.538281863122087
W9_tile_17_cell_952,tile_W9_17,W9,9w_1d,8009.0,9348.0,1135.98198,1327.08706,1135.98198,1327.08706,62,98.0,0,vCTB2,0.609404047255783
W9_tile_17_cell_965,tile_W9_17,W9,9w_1d,8198.0,9446.0,1162.8162,1341.0011,1162.8162,1341.0011,134,558.0,7,STB,0.397106075015892
W9_tile_17_cell_986,tile_W9_17,W9,9w_1d,8846.0,9474.0,1254.81924,1344.97654,1254.81924,1344.97654,32,123.0,2,vCTB2,0.425065127451958
W9_tile_18_cell_1010,tile_W9_18,W9,9w_1d,3721.5,10994.0,527.2427299999999,1560.78614,527.2427299999999,1560.78614,93,132.0,8,Fibroblast1,0.541760377196478
W9_tile_18_cell_1011,tile_W9_18,W9,9w_1d,4262.0,10845.0,603.98292,1539.63112,603.98292,1539.63112,68,99.0,4,Fibroblast2,0.229705890846524
W9_tile_18_cell_102,tile_W9_18,W9,9w_1d,4058.0,9331.0,575.019,1324.6734,575.019,1324.6734,71,97.0,0,vCTB2,0.733953328046229
W9_tile_18_cell_1059,tile_W9_18,W9,9w_1d,3741.0,10934.0,530.01134,1552.26734,530.01134,1552.26734,197,326.0,8,Fibroblast1,0.879337718017541
W9_tile_18_cell_1065,tile_W9_18,W9,9w_1d,3804.0,10806.0,538.9560799999999,1534.0938999999998,538.9560799999999,1534.0938999999998,87,125.0,4,Fibroblast2,0.553294123795316
W9_tile_18_cell_1073,tile_W9_18,W9,9w_1d,4111.0,10563.0,582.54394,1499.59276,582.54394,1499.59276,158,351.0,9,Hofbauer cells,0.713230903213808
W9_tile_18_cell_1074,tile_W9_18,W9,9w_1d,4320.0,10600.0,612.21776,1504.84602,612.21776,1504.84602,152,241.0,3,Fibroblast2,0.983243528915239
W9_tile_18_cell_1075,tile_W9_18,W9,9w_1d,4206.0,10554.0,596.0320399999999,1498.31494,596.0320399999999,1498.31494,56,82.0,4,Fibroblast2,0.260407407064232
W9_tile_18_cell_1076,tile_W9_18,W9,9w_1d,4354.0,10540.0,617.04508,1496.32722,617.04508,1496.32722,90,137.0,4,Fibroblast2,0.68730074616445
W9_tile_18_cell_1077,tile_W9_18,W9,9w_1d,3780.0,10500.0,535.54856,1490.64802,535.54856,1490.64802,115,205.0,4,Fibroblast2,0.908636407038557
W9_tile_18_cell_1080,tile_W9_18,W9,9w_1d,4440.0,10436.0,629.25536,1481.5612999999998,629.25536,1481.5612999999998,49,93.0,4,vCTB2,0.406952029204449
W9_tile_18_cell_1081,tile_W9_18,W9,9w_1d,4340.0,10364.0,615.05736,1471.33874,615.05736,1471.33874,154,362.0,9,Hofbauer cells,0.752850529885251
W9_tile_18_cell_1083,tile_W9_18,W9,9w_1d,4197.5,10373.0,594.82521,1472.61656,594.82521,1472.61656,235,448.0,3,Fibroblast2,0.858665693524552
W9_tile_18_cell_1085,tile_W9_18,W9,9w_1d,4469.0,10338.0,633.37278,1467.64726,633.37278,1467.64726,239,434.0,3,Fibroblast2,0.901234787739806
W9_tile_18_cell_1086,tile_W9_18,W9,9w_1d,3988.0,10289.0,565.0803999999999,1460.69024,565.0803999999999,1460.69024,165,307.0,3,Fibroblast2,0.954103804882861
W9_tile_18_cell_1088,tile_W9_18,W9,9w_1d,4551.0,10296.0,645.01514,1461.6841,645.01514,1461.6841,115,199.0,12,Endothelial_cells,0.503576878672642
W9_tile_18_cell_1091,tile_W9_18,W9,9w_1d,4405.0,10272.0,624.28606,1458.27658,624.28606,1458.27658,140,249.0,8,Fibroblast1,0.727173037619822
W9_tile_18_cell_1093,tile_W9_18,W9,9w_1d,4040.0,10242.0,572.46336,1454.01718,572.46336,1454.01718,115,177.0,3,Fibroblast2,0.826211983650043
W9_tile_18_cell_1094,tile_W9_18,W9,9w_1d,4375.0,10211.0,620.02666,1449.6158,620.02666,1449.6158,129,203.0,4,Fibroblast2,0.903102887147443
W9_tile_18_cell_1095,tile_W9_18,W9,9w_1d,4450.0,10211.0,630.67516,1449.6158,630.67516,1449.6158,124,179.0,8,Fibroblast1,0.868696930632505
W9_tile_18_cell_1096,tile_W9_18,W9,9w_1d,4032.0,10143.0,571.3275199999999,1439.96116,571.3275199999999,1439.96116,204,391.0,9,Fibroblast2,0.898358051957802
W9_tile_18_cell_1097,tile_W9_18,W9,9w_1d,4475.0,10156.0,634.22466,1441.8069,634.22466,1441.8069,96,148.0,8,Fibroblast1,0.354904804836632
W9_tile_18_cell_1098,tile_W9_18,W9,9w_1d,4532.0,10129.0,642.31752,1437.97344,642.31752,1437.97344,78,103.0,0,vCTB2,0.685858670849957
W9_tile_18_cell_1100,tile_W9_18,W9,9w_1d,4334.0,10096.0,614.20548,1433.2881,614.20548,1433.2881,232,481.0,3,Fibroblast2,0.885982896231237
W9_tile_18_cell_1103,tile_W9_18,W9,9w_1d,4456.0,10073.0,631.5270399999999,1430.02256,631.5270399999999,1430.02256,226,373.0,5,Endothelial_cells,0.878017234156803
W9_tile_18_cell_1104,tile_W9_18,W9,9w_1d,4240.5,10008.5,600.93035,1420.86485,600.93035,1420.86485,121,218.0,9,Hofbauer cells,0.584792622615406
W9_tile_18_cell_1105,tile_W9_18,W9,9w_1d,4046.5,10059.5,573.38623,1428.10583,573.38623,1428.10583,193,320.0,9,Hofbauer cells,0.658352095025785
W9_tile_18_cell_1107,tile_W9_18,W9,9w_1d,3718.0,10033.0,526.7458,1424.3433599999998,526.7458,1424.3433599999998,77,121.0,4,Fibroblast2,0.63368563211157
W9_tile_18_cell_1108,tile_W9_18,W9,9w_1d,3995.0,9919.0,566.07426,1408.15764,566.07426,1408.15764,184,329.0,3,Fibroblast2,0.936244681610517
W9_tile_18_cell_1115,tile_W9_18,W9,9w_1d,4051.0,9786.5,574.02514,1389.34529,574.02514,1389.34529,208,440.0,9,Hofbauer cells,0.699373838296432
W9_tile_18_cell_1116,tile_W9_18,W9,9w_1d,4213.0,9790.0,597.0259,1389.84222,597.0259,1389.84222,174,385.0,9,Hofbauer cells,0.788097225734772
W9_tile_18_cell_1122,tile_W9_18,W9,9w_1d,3705.0,9619.0,524.9000599999999,1365.56364,524.9000599999999,1365.56364,96,141.0,4,Fibroblast2,0.389909493191055
W9_tile_18_cell_154,tile_W9_18,W9,9w_1d,3861.0,9520.0,547.04894,1351.50762,547.04894,1351.50762,64,93.0,4,Fibroblast2,0.390030404285166
W9_tile_18_cell_164,tile_W9_18,W9,9w_1d,3766.0,10130.0,533.56084,1438.11542,533.56084,1438.11542,128,187.0,3,Fibroblast2,0.912334907506102
W9_tile_18_cell_196,tile_W9_18,W9,9w_1d,4579.0,10611.0,648.99058,1506.4078,648.99058,1506.4078,159,307.0,3,Fibroblast2,0.928280898197903
W9_tile_18_cell_209,tile_W9_18,W9,9w_1d,4235.0,10133.0,600.14946,1438.54136,600.14946,1438.54136,67,108.0,4,Fibroblast2,0.483138805828509
W9_tile_18_cell_222,tile_W9_18,W9,9w_1d,4149.0,10515.0,587.93918,1492.77772,587.93918,1492.77772,81,131.0,9,Hofbauer cells,0.591927515871823
W9_tile_18_cell_232,tile_W9_18,W9,9w_1d,4101.5,9450.5,581.19513,1341.6400099999998,581.19513,1341.6400099999998,95,118.0,0,vCTB2,0.526510047528921
W9_tile_18_cell_251,tile_W9_18,W9,9w_1d,4229.0,9694.0,599.2975799999999,1376.21214,599.2975799999999,1376.21214,92,137.0,0,vCTB2,0.615706824670002
W9_tile_18_cell_276,tile_W9_18,W9,9w_1d,4094.5,10412.0,580.20127,1478.15378,580.20127,1478.15378,273,584.0,3,Fibroblast2,0.92722765854488
W9_tile_18_cell_301,tile_W9_18,W9,9w_1d,3759.0,10167.0,532.56698,1443.36868,532.56698,1443.36868,138,213.0,3,Fibroblast2,0.970807399658275
W9_tile_18_cell_310,tile_W9_18,W9,9w_1d,3940.0,9664.5,558.26536,1372.02373,558.26536,1372.02373,76,122.0,4,Fibroblast2,0.319777613112801
W9_tile_18_cell_338,tile_W9_18,W9,9w_1d,4091.0,9608.0,579.70434,1364.00186,579.70434,1364.00186,112,177.0,4,Fibroblast2,0.764010450552046
W9_tile_18_cell_34,tile_W9_18,W9,9w_1d,4149.0,10142.5,587.93918,1439.89017,587.93918,1439.89017,105,148.0,3,Fibroblast2,0.834727582749003
W9_tile_18_cell_395,tile_W9_18,W9,9w_1d,4749.0,10674.0,673.12718,1515.35254,673.12718,1515.35254,102,139.0,0,vCTB2,0.535897480334637
W9_tile_18_cell_409,tile_W9_18,W9,9w_1d,4727.0,10568.0,670.00362,1500.30266,670.00362,1500.30266,69,99.0,0,vCTB2,0.43858386522739
W9_tile_18_cell_417,tile_W9_18,W9,9w_1d,4262.0,10467.0,603.98292,1485.96268,603.98292,1485.96268,164,285.0,3,Fibroblast2,0.945550040314805
W9_tile_18_cell_427,tile_W9_18,W9,9w_1d,4617.0,10446.0,654.38582,1482.9811,654.38582,1482.9811,148,227.0,5,vCTB2,0.357679659247205
W9_tile_18_cell_437,tile_W9_18,W9,9w_1d,4611.0,10664.0,653.53394,1513.93274,653.53394,1513.93274,197,319.0,3,Fibroblast2,0.707475246145761
W9_tile_18_cell_456,tile_W9_18,W9,9w_1d,3887.0,10741.0,550.74042,1524.8652,550.74042,1524.8652,89,117.0,8,Fibroblast1,0.502219210507378
W9_tile_18_cell_494,tile_W9_18,W9,9w_1d,4441.0,10144.0,629.39734,1440.10314,629.39734,1440.10314,76,107.0,8,Fibroblast1,0.376691031237777
W9_tile_18_cell_50,tile_W9_18,W9,9w_1d,3922.5,9614.0,555.78071,1364.85374,555.78071,1364.85374,81,116.0,4,Fibroblast2,0.529959387042916
W9_tile_18_cell_51,tile_W9_18,W9,9w_1d,4183.0,9607.5,592.7665,1363.93087,592.7665,1363.93087,63,86.0,0,vCTB2,0.694601634218592
W9_tile_18_cell_540,tile_W9_18,W9,9w_1d,4635.0,10964.0,656.94146,1556.52674,656.94146,1556.52674,148,292.0,3,Fibroblast2,0.988004712334323
W9_tile_18_cell_541,tile_W9_18,W9,9w_1d,4648.0,10512.0,658.7872,1492.35178,658.7872,1492.35178,90,126.0,0,vCTB2,0.51321297744081
W9_tile_18_cell_555,tile_W9_18,W9,9w_1d,4072.0,10504.5,577.00672,1491.28693,577.00672,1491.28693,125,308.0,9,Hofbauer cells,0.760985518662426
W9_tile_18_cell_561,tile_W9_18,W9,9w_1d,3912.5,9861.0,554.36091,1399.9228,554.36091,1399.9228,133,254.0,3,Fibroblast2,0.944554032926594
W9_tile_18_cell_566,tile_W9_18,W9,9w_1d,3931.0,10549.0,556.98754,1497.60504,556.98754,1497.60504,127,236.0,3,Fibroblast2,0.754709269076263
W9_tile_18_cell_600,tile_W9_18,W9,9w_1d,3882.0,9562.5,550.03052,1357.54177,550.03052,1357.54177,110,182.0,3,Fibroblast2,0.780770090419614
W9_tile_18_cell_626,tile_W9_18,W9,9w_1d,3864.0,10868.0,547.47488,1542.89666,547.47488,1542.89666,119,170.0,8,Fibroblast1,0.53999554080388
W9_tile_18_cell_66,tile_W9_18,W9,9w_1d,4405.0,9903.0,624.28606,1405.8859599999998,624.28606,1405.8859599999998,111,166.0,5,vCTB2,0.40664484134455
W9_tile_18_cell_664,tile_W9_18,W9,9w_1d,4310.0,9836.0,610.79796,1396.3733,610.79796,1396.3733,100,137.0,4,Fibroblast2,0.512019002779772
W9_tile_18_cell_674,tile_W9_18,W9,9w_1d,4615.0,10707.0,654.10186,1520.03788,654.10186,1520.03788,62,86.0,12,Endothelial_cells,0.865173975983529
W9_tile_18_cell_68,tile_W9_18,W9,9w_1d,4381.0,9821.5,620.8785399999999,1394.31459,620.8785399999999,1394.31459,133,222.0,5,vCTB2,0.493798122690275
W9_tile_18_cell_690,tile_W9_18,W9,9w_1d,4524.0,10838.0,641.18168,1538.63726,641.18168,1538.63726,73,95.0,4,Fibroblast2,0.40029182112844
W9_tile_18_cell_696,tile_W9_18,W9,9w_1d,4652.0,10281.0,659.3551199999999,1459.5544,659.3551199999999,1459.5544,63,82.0,0,vCTB2,0.614538220475981
W9_tile_18_cell_728,tile_W9_18,W9,9w_1d,3834.5,9271.0,543.28647,1316.1545999999998,543.28647,1316.1545999999998,210,358.0,8,Fibroblast2,0.62847832171791
W9_tile_18_cell_731,tile_W9_18,W9,9w_1d,4565.0,10194.0,647.0028599999999,1447.20214,647.0028599999999,1447.20214,166,277.0,5,unknown3,0.247218133297743
W9_tile_18_cell_746,tile_W9_18,W9,9w_1d,4268.5,9724.5,604.90579,1380.54253,604.90579,1380.54253,70,96.0,0,vCTB2,0.611552206363572
W9_tile_18_cell_75,tile_W9_18,W9,9w_1d,4131.0,10200.5,585.3835399999999,1448.12501,585.3835399999999,1448.12501,150,206.0,3,Fibroblast2,0.972878755514804
W9_tile_18_cell_779,tile_W9_18,W9,9w_1d,3837.5,10834.0,543.71241,1538.06934,543.71241,1538.06934,88,118.0,8,Fibroblast1,0.483444091788765
W9_tile_18_cell_780,tile_W9_18,W9,9w_1d,4126.0,9648.0,584.67364,1369.68106,584.67364,1369.68106,114,161.0,4,Fibroblast2,0.697922413502825
W9_tile_18_cell_786,tile_W9_18,W9,9w_1d,4131.0,10269.0,585.3835399999999,1457.85064,585.3835399999999,1457.85064,105,144.0,4,Fibroblast2,0.499974228179575
W9_tile_18_cell_792,tile_W9_18,W9,9w_1d,4310.0,10431.0,610.79796,1480.8514,610.79796,1480.8514,75,110.0,9,Hofbauer cells,0.569556980661206
W9_tile_18_cell_797,tile_W9_18,W9,9w_1d,4185.0,10192.0,593.0504599999999,1446.91818,593.0504599999999,1446.91818,109,171.0,4,Fibroblast2,0.462467712941554
W9_tile_18_cell_802,tile_W9_18,W9,9w_1d,4215.0,10689.0,597.30986,1517.48224,597.30986,1517.48224,183,354.0,3,Fibroblast2,0.948949957083572
W9_tile_18_cell_807,tile_W9_18,W9,9w_1d,3752.0,10407.0,531.57312,1477.44388,531.57312,1477.44388,316,667.0,3,Fibroblast2,0.860840561613151
W9_tile_18_cell_809,tile_W9_18,W9,9w_1d,3869.0,10796.0,548.1847799999999,1532.6741,548.1847799999999,1532.6741,115,152.0,8,Fibroblast1,0.350791009147142
W9_tile_18_cell_825,tile_W9_18,W9,9w_1d,4299.0,10900.0,609.23618,1547.44002,609.23618,1547.44002,68,96.0,4,EVT2,0.339317389401445
W9_tile_18_cell_833,tile_W9_18,W9,9w_1d,4425.0,9962.0,627.1256599999999,1414.26278,627.1256599999999,1414.26278,112,153.0,5,vCTB2,0.563914061544093
W9_tile_18_cell_842,tile_W9_18,W9,9w_1d,4859.0,10966.0,688.7449799999999,1556.8107,688.7449799999999,1556.8107,115,165.0,5,vCTB2,0.450423073227042
W9_tile_18_cell_849,tile_W9_18,W9,9w_1d,4122.0,9512.0,584.10572,1350.37178,584.10572,1350.37178,92,118.0,0,vCTB2,0.449532714089274
W9_tile_18_cell_868,tile_W9_18,W9,9w_1d,4105.0,9821.0,581.69206,1394.2436,581.69206,1394.2436,100,141.0,4,Fibroblast2,0.31191887362699
W9_tile_18_cell_93,tile_W9_18,W9,9w_1d,3816.0,10731.0,540.65984,1523.4453999999998,540.65984,1523.4453999999998,122,189.0,9,Hofbauer cells,0.472457309362804
W9_tile_18_cell_964,tile_W9_18,W9,9w_1d,3799.5,9463.0,538.31717,1343.41476,538.31717,1343.41476,86,148.0,9,Hofbauer cells,0.635039074641806
W9_tile_18_cell_981,tile_W9_18,W9,9w_1d,4669.5,10550.5,661.8397699999999,1497.81801,661.8397699999999,1497.81801,68,80.0,4,vCTB2,0.354578796175515
W9_tile_18_cell_995,tile_W9_18,W9,9w_1d,4038.5,9295.0,572.2503899999999,1319.56212,572.2503899999999,1319.56212,88,136.0,0,vCTB2,0.585198229101196
W9_tile_19_cell_11,tile_W9_19,W9,9w_1d,1895.0,10222.0,267.91626,1451.17758,267.91626,1451.17758,81,110.0,12,vCTB2,0.341961055146023
W9_tile_19_cell_112,tile_W9_19,W9,9w_1d,2526.0,10463.0,357.50564,1485.39476,357.50564,1485.39476,66,101.0,0,vCTB2,0.623656970947076
W9_tile_19_cell_118,tile_W9_19,W9,9w_1d,2161.0,10375.0,305.68294,1472.90052,305.68294,1472.90052,159,262.0,5,vCTB2,0.421256271907643
W9_tile_19_cell_141,tile_W9_19,W9,9w_1d,1883.0,10495.0,266.2125,1489.93812,266.2125,1489.93812,173,242.0,5,vCTBp,0.298536448105432
W9_tile_19_cell_143,tile_W9_19,W9,9w_1d,3460.0,9531.0,490.11496,1353.0694,490.11496,1353.0694,89,115.0,4,Fibroblast2,0.715213119458941
W9_tile_19_cell_152,tile_W9_19,W9,9w_1d,2524.5,10399.0,357.29267,1476.30804,357.29267,1476.30804,103,158.0,0,vCTB2,0.645983422531808
W9_tile_19_cell_17,tile_W9_19,W9,9w_1d,2675.0,10691.0,378.66066,1517.7662,378.66066,1517.7662,134,212.0,8,Fibroblast1,0.722790242410806
W9_tile_19_cell_172,tile_W9_19,W9,9w_1d,2670.0,9599.0,377.95076,1362.72404,377.95076,1362.72404,174,279.0,3,Fibroblast2,0.959230053582585
W9_tile_19_cell_188,tile_W9_19,W9,9w_1d,2088.0,10313.0,295.3184,1464.09776,295.3184,1464.09776,98,127.0,8,Fibroblast1,0.711796278224123
W9_tile_19_cell_196,tile_W9_19,W9,9w_1d,3605.0,9667.5,510.70206,1372.44967,510.70206,1372.44967,154,218.0,3,Fibroblast2,0.972645004361796
W9_tile_19_cell_201,tile_W9_19,W9,9w_1d,3568.0,9735.0,505.4488,1382.03332,505.4488,1382.03332,71,101.0,4,Fibroblast2,0.352219362067946
W9_tile_19_cell_21,tile_W9_19,W9,9w_1d,2308.0,9425.0,326.554,1338.01952,326.554,1338.01952,72,90.0,0,vCTB2,0.63753812847159
W9_tile_19_cell_213,tile_W9_19,W9,9w_1d,2617.0,10851.0,370.42582,1540.483,370.42582,1540.483,89,117.0,0,vCTB2,0.485523328000299
W9_tile_19_cell_216,tile_W9_19,W9,9w_1d,3354.5,10996.5,475.13607,1561.1410899999998,475.13607,1561.1410899999998,74,102.0,4,Fibroblast2,0.352993355017221
W9_tile_19_cell_235,tile_W9_19,W9,9w_1d,3306.5,10007.5,468.32103,1420.72287,468.32103,1420.72287,121,174.0,3,Fibroblast2,0.868583539728291
W9_tile_19_cell_241,tile_W9_19,W9,9w_1d,3555.0,9492.0,503.60306,1347.53218,503.60306,1347.53218,95,119.0,9,Hofbauer cells,0.670865396372808
W9_tile_19_cell_255,tile_W9_19,W9,9w_1d,3317.0,10418.0,469.81182,1479.00566,469.81182,1479.00566,209,413.0,3,Hofbauer cells,0.464421509981528
W9_tile_19_cell_257,tile_W9_19,W9,9w_1d,2548.0,10000.0,360.6292,1419.65802,360.6292,1419.65802,133,208.0,5,vCTB2,0.543556864387641
W9_tile_19_cell_26,tile_W9_19,W9,9w_1d,2606.0,10103.0,368.86404,1434.28196,368.86404,1434.28196,139,209.0,5,vCTB2,0.422104356902505
W9_tile_19_cell_262,tile_W9_19,W9,9w_1d,2119.0,10479.0,299.71978,1487.66644,299.71978,1487.66644,64,81.0,0,vCTB2,0.609515902957142
W9_tile_19_cell_264,tile_W9_19,W9,9w_1d,3065.0,9428.0,434.03286,1338.44546,434.03286,1338.44546,96,135.0,4,Fibroblast2,0.788271385626129
W9_tile_19_cell_268,tile_W9_19,W9,9w_1d,3292.0,10358.0,466.26232,1470.48686,466.26232,1470.48686,103,141.0,3,Fibroblast2,0.523578325071517
W9_tile_19_cell_294,tile_W9_19,W9,9w_1d,2481.0,9751.0,351.11654,1384.305,351.11654,1384.305,77,101.0,0,vCTB2,0.612224391670688
W9_tile_19_cell_307,tile_W9_19,W9,9w_1d,3384.0,9612.0,479.32448,1364.56978,479.32448,1364.56978,98,139.0,4,Fibroblast2,0.662249141816719
W9_tile_19_cell_309,tile_W9_19,W9,9w_1d,3225.0,10226.0,456.74966,1451.7455,456.74966,1451.7455,154,253.0,3,Fibroblast2,0.981955892464295
W9_tile_19_cell_316,tile_W9_19,W9,9w_1d,3665.0,9552.0,519.22086,1356.05098,519.22086,1356.05098,87,139.0,4,Fibroblast2,0.758069901794626
W9_tile_19_cell_341,tile_W9_19,W9,9w_1d,3278.0,9955.0,464.2746,1413.26892,464.2746,1413.26892,99,138.0,4,Fibroblast2,0.45464116088849
W9_tile_19_cell_35,tile_W9_19,W9,9w_1d,2124.0,10234.0,300.42968,1452.88134,300.42968,1452.88134,99,129.0,0,vCTB2,0.536583896767229
W9_tile_19_cell_350,tile_W9_19,W9,9w_1d,3042.0,9550.0,430.76732,1355.76702,430.76732,1355.76702,244,407.0,3,Fibroblast2,0.495458848310774
W9_tile_19_cell_355,tile_W9_19,W9,9w_1d,2316.0,9252.0,327.68984,1313.45698,327.68984,1313.45698,68,90.0,0,vCTB2,0.69271555781603
W9_tile_19_cell_358,tile_W9_19,W9,9w_1d,2705.0,9756.0,382.92006,1385.0149,382.92006,1385.0149,153,311.0,9,Hofbauer cells,0.813401412969086
W9_tile_19_cell_36,tile_W9_19,W9,9w_1d,2637.0,10188.0,373.26542,1446.35026,373.26542,1446.35026,136,225.0,5,vCTB2,0.511285036270327
W9_tile_19_cell_370,tile_W9_19,W9,9w_1d,3017.0,10164.0,427.21782,1442.94274,427.21782,1442.94274,202,381.0,9,Hofbauer cells,0.722449956117338
W9_tile_19_cell_381,tile_W9_19,W9,9w_1d,3179.0,9695.0,450.21858,1376.35412,450.21858,1376.35412,140,200.0,3,Fibroblast2,1.0
W9_tile_19_cell_387,tile_W9_19,W9,9w_1d,2814.0,10497.0,398.39588,1490.22208,398.39588,1490.22208,231,493.0,3,Fibroblast2,0.639470891304471
W9_tile_19_cell_395,tile_W9_19,W9,9w_1d,2907.0,9429.0,411.60002,1338.58744,411.60002,1338.58744,123,169.0,8,Fibroblast2,0.406341251987084
W9_tile_19_cell_426,tile_W9_19,W9,9w_1d,2658.0,10798.5,376.247,1533.02905,376.247,1533.02905,145,216.0,8,Endothelial_cells,0.554741894833664
W9_tile_19_cell_436,tile_W9_19,W9,9w_1d,3643.0,9755.0,516.0973,1384.87292,516.0973,1384.87292,119,220.0,3,Fibroblast2,0.780213577322473
W9_tile_19_cell_454,tile_W9_19,W9,9w_1d,2891.0,10122.0,409.32834,1436.97958,409.32834,1436.97958,75,104.0,4,Fibroblast2,0.464794162520044
W9_tile_19_cell_464,tile_W9_19,W9,9w_1d,2921.0,9571.0,413.58774,1358.7486,413.58774,1358.7486,86,111.0,4,Fibroblast2,0.393829806034133
W9_tile_19_cell_510,tile_W9_19,W9,9w_1d,2943.0,9513.0,416.7113,1350.51376,416.7113,1350.51376,125,179.0,8,Fibroblast1,0.673148115932091
W9_tile_19_cell_537,tile_W9_19,W9,9w_1d,2963.0,10125.0,419.5509,1437.40552,419.5509,1437.40552,89,140.0,4,Hofbauer cells,0.397664052463514
W9_tile_19_cell_548,tile_W9_19,W9,9w_1d,3419.0,9574.0,484.29378,1359.17454,484.29378,1359.17454,138,211.0,3,Fibroblast2,0.950407223903322
W9_tile_19_cell_563,tile_W9_19,W9,9w_1d,1858.0,10202.0,262.663,1448.33798,262.663,1448.33798,73,88.0,8,vCTB2,0.225644052223149
W9_tile_19_cell_570,tile_W9_19,W9,9w_1d,3634.5,9999.0,514.8904699999999,1419.51604,514.8904699999999,1419.51604,162,276.0,9,Hofbauer cells,0.767686827118045
W9_tile_19_cell_573,tile_W9_19,W9,9w_1d,2989.5,9388.5,423.31337,1332.83725,423.31337,1332.83725,63,80.0,4,EVT2,0.350751937624908
W9_tile_19_cell_588,tile_W9_19,W9,9w_1d,2373.0,9516.0,335.7827,1350.9397,335.7827,1350.9397,97,144.0,4,vCTB2,0.252410619645888
W9_tile_19_cell_589,tile_W9_19,W9,9w_1d,3114.5,9986.0,441.06087,1417.6703,441.06087,1417.6703,135,218.0,9,Hofbauer cells,0.678940604477193
W9_tile_19_cell_591,tile_W9_19,W9,9w_1d,2240.5,10386.0,316.97035,1474.4623,316.97035,1474.4623,69,88.0,0,vCTB2,0.5251380264483
W9_tile_19_cell_605,tile_W9_19,W9,9w_1d,3143.0,9900.0,445.1073,1405.46002,445.1073,1405.46002,200,336.0,3,Fibroblast2,0.767372639072492
W9_tile_19_cell_616,tile_W9_19,W9,9w_1d,2531.0,10573.0,358.21554,1501.01256,358.21554,1501.01256,129,184.0,5,vCTB2,0.385980108622191
W9_tile_19_cell_627,tile_W9_19,W9,9w_1d,2760.0,11004.0,390.72896,1562.20594,390.72896,1562.20594,158,203.0,0,Fibroblast2,0.477771226021911
W9_tile_19_cell_63,tile_W9_19,W9,9w_1d,2597.5,10503.5,367.65721,1491.14495,367.65721,1491.14495,153,250.0,8,Fibroblast1,0.595992524395262
W9_tile_19_cell_647,tile_W9_19,W9,9w_1d,2157.0,10286.0,305.11502,1460.2643,305.11502,1460.2643,73,90.0,0,vCTB2,0.495283329602917
W9_tile_19_cell_650,tile_W9_19,W9,9w_1d,3574.0,9584.0,506.30068,1360.59434,506.30068,1360.59434,215,346.0,9,Hofbauer cells,0.49626041382581
W9_tile_19_cell_652,tile_W9_19,W9,9w_1d,2224.0,10458.0,314.62768,1484.6848599999998,314.62768,1484.6848599999998,95,127.0,0,vCTB2,0.623113145180313
W9_tile_19_cell_66,tile_W9_19,W9,9w_1d,3467.0,10302.0,491.10882,1462.53598,491.10882,1462.53598,135,199.0,3,Fibroblast2,0.986028208763889
W9_tile_19_cell_684,tile_W9_19,W9,9w_1d,1927.0,9957.5,272.45962,1413.62387,272.45962,1413.62387,59,86.0,0,vCTB2,0.728412773477321
W9_tile_19_cell_685,tile_W9_19,W9,9w_1d,1872.0,9848.0,264.65072,1398.0770599999998,264.65072,1398.0770599999998,180,276.0,5,vCTB2,0.308110954858192
W9_tile_19_cell_724,tile_W9_19,W9,9w_1d,1963.0,10240.5,277.5709,1453.80421,277.5709,1453.80421,119,156.0,8,Fibroblast2,0.399000337728189
W9_tile_19_cell_736,tile_W9_19,W9,9w_1d,3555.0,9898.0,503.60306,1405.17606,503.60306,1405.17606,68,111.0,4,Fibroblast2,0.250558651474243
W9_tile_19_cell_758,tile_W9_19,W9,9w_1d,2735.0,11045.0,387.17946,1568.02712,387.17946,1568.02712,66,83.0,0,vCTB2,0.623247224103727
W9_tile_19_cell_759,tile_W9_19,W9,9w_1d,2589.5,11022.5,366.52137,1564.83257,366.52137,1564.83257,132,234.0,5,vCTB2,0.501574710243537
W9_tile_19_cell_760,tile_W9_19,W9,9w_1d,2870.5,11004.0,406.41775,1562.20594,406.41775,1562.20594,244,404.0,3,Fibroblast2,0.845951275381599
W9_tile_19_cell_765,tile_W9_19,W9,9w_1d,2694.0,10950.0,381.35828,1554.53902,381.35828,1554.53902,173,282.0,10,STB,0.736739127641896
W9_tile_19_cell_779,tile_W9_19,W9,9w_1d,2587.0,10761.0,366.16642,1527.7048,366.16642,1527.7048,179,311.0,5,STB,0.294310175605171
W9_tile_19_cell_780,tile_W9_19,W9,9w_1d,2156.0,10739.5,304.97304,1524.65223,304.97304,1524.65223,108,152.0,0,vCTB2,0.455267785902363
W9_tile_19_cell_783,tile_W9_19,W9,9w_1d,3048.0,10678.0,431.6192,1515.92046,431.6192,1515.92046,220,490.0,3,Fibroblast2,0.915984461168368
W9_tile_19_cell_787,tile_W9_19,W9,9w_1d,2154.0,10636.5,304.68908,1510.02829,304.68908,1510.02829,271,610.0,5,unknown3,0.423960696489647
W9_tile_19_cell_790,tile_W9_19,W9,9w_1d,2612.0,10654.0,369.71592,1512.5129399999998,369.71592,1512.5129399999998,314,574.0,8,Fibroblast1,0.753774786332722
W9_tile_19_cell_794,tile_W9_19,W9,9w_1d,2095.0,10591.0,296.31226,1503.5682,296.31226,1503.5682,107,159.0,5,vCTB2,0.462621423865877
W9_tile_19_cell_795,tile_W9_19,W9,9w_1d,2981.0,10558.0,422.10654,1498.88286,422.10654,1498.88286,183,356.0,3,Hofbauer cells,0.396813245125077
W9_tile_19_cell_798,tile_W9_19,W9,9w_1d,3126.0,10512.0,442.69364,1492.35178,442.69364,1492.35178,111,181.0,3,Fibroblast2,0.79787005243124
W9_tile_19_cell_802,tile_W9_19,W9,9w_1d,3078.0,10481.0,435.8786,1487.9504,435.8786,1487.9504,140,227.0,3,Fibroblast2,0.98688994859301
W9_tile_19_cell_805,tile_W9_19,W9,9w_1d,1923.0,10429.0,271.8917,1480.56744,271.8917,1480.56744,231,371.0,5,unknown3,0.425131396386079
W9_tile_19_cell_807,tile_W9_19,W9,9w_1d,2949.0,10429.0,417.56318,1480.56744,417.56318,1480.56744,146,275.0,9,Hofbauer cells,0.812141853013734
W9_tile_19_cell_810,tile_W9_19,W9,9w_1d,3556.5,10359.0,503.81603,1470.62884,503.81603,1470.62884,174,290.0,3,Fibroblast2,0.960233764943335
W9_tile_19_cell_811,tile_W9_19,W9,9w_1d,1985.5,10368.0,280.76545,1471.90666,280.76545,1471.90666,185,270.0,8,Fibroblast1,0.759643524740653
W9_tile_19_cell_814,tile_W9_19,W9,9w_1d,1915.0,10291.0,270.75586,1460.9742,270.75586,1460.9742,174,275.0,8,Fibroblast1,0.642922290004648
W9_tile_19_cell_816,tile_W9_19,W9,9w_1d,2526.0,10284.5,357.50564,1460.05133,357.50564,1460.05133,86,134.0,0,vCTB2,0.662786901894538
W9_tile_19_cell_819,tile_W9_19,W9,9w_1d,2572.5,10230.0,364.10771,1452.31342,364.10771,1452.31342,75,96.0,0,vCTB2,0.663195247439118
W9_tile_19_cell_82,tile_W9_19,W9,9w_1d,3270.0,10281.0,463.13876,1459.5544,463.13876,1459.5544,89,121.0,4,Fibroblast2,0.497838813970379
W9_tile_19_cell_821,tile_W9_19,W9,9w_1d,2077.5,10163.5,293.82761,1442.87175,293.82761,1442.87175,129,190.0,5,vCTB2,0.420118727212064
W9_tile_19_cell_824,tile_W9_19,W9,9w_1d,3348.0,10053.0,474.2132,1427.18296,474.2132,1427.18296,126,172.0,3,Fibroblast2,0.823520962859974
W9_tile_19_cell_825,tile_W9_19,W9,9w_1d,2000.0,10033.0,282.82416,1424.3433599999998,282.82416,1424.3433599999998,65,85.0,0,vCTB2,0.643759348902117
W9_tile_19_cell_83,tile_W9_19,W9,9w_1d,2328.0,9565.0,329.3936,1357.89672,329.3936,1357.89672,69,106.0,0,vCTB2,0.695451330671344
W9_tile_19_cell_84,tile_W9_19,W9,9w_1d,2181.0,10514.0,308.52254,1492.63574,308.52254,1492.63574,177,299.0,5,STB,0.301274435856633
W9_tile_19_cell_840,tile_W9_19,W9,9w_1d,3029.0,9873.0,428.92158,1401.62656,428.92158,1401.62656,86,123.0,4,Fibroblast2,0.458158350167762
W9_tile_19_cell_843,tile_W9_19,W9,9w_1d,2530.5,9847.0,358.14455,1397.93508,358.14455,1397.93508,213,370.0,5,Fibroblast2,0.518530216909576
W9_tile_19_cell_850,tile_W9_19,W9,9w_1d,2627.0,9699.0,371.84562,1376.92204,371.84562,1376.92204,98,179.0,9,Hofbauer cells,0.730903490527337
W9_tile_19_cell_851,tile_W9_19,W9,9w_1d,2413.0,9677.0,341.4619,1373.79848,341.4619,1373.79848,129,166.0,5,unknown3,0.317947839172872
W9_tile_19_cell_854,tile_W9_19,W9,9w_1d,2417.0,9586.0,342.02982,1360.8783,342.02982,1360.8783,168,250.0,3,Hofbauer cells,0.613313954400844
W9_tile_19_cell_855,tile_W9_19,W9,9w_1d,2539.0,9589.0,359.35138,1361.30424,359.35138,1361.30424,105,197.0,9,Hofbauer cells,0.606656226132688
W9_tile_19_cell_863,tile_W9_19,W9,9w_1d,2681.0,9380.0,379.51254,1331.63042,379.51254,1331.63042,62,98.0,12,vCTB2,0.385026385426838
W9_tile_19_cell_865,tile_W9_19,W9,9w_1d,2602.0,9320.5,368.29612,1323.18261,368.29612,1323.18261,62,82.0,12,vCTB2,0.278705821554107
W9_tile_19_cell_99,tile_W9_19,W9,9w_1d,2907.0,9272.5,411.60002,1316.36757,411.60002,1316.36757,60,82.0,8,vCTB2,0.304878268306405
W9_tile_1_cell_103,tile_W9_1,W9,9w_1d,3736.0,15067.0,529.30144,2139.07068,529.30144,2139.07068,82,104.0,12,Endothelial_cells,0.433564809937921
W9_tile_1_cell_1125,tile_W9_1,W9,9w_1d,4436.0,15052.0,628.6874399999999,2136.94098,628.6874399999999,2136.94098,140,220.0,5,vCTB2,0.454403068805368
W9_tile_1_cell_1136,tile_W9_1,W9,9w_1d,4372.0,15771.0,619.60072,2239.0246,619.60072,2239.0246,100,155.0,0,vCTB2,0.703278644095331
W9_tile_1_cell_1257,tile_W9_1,W9,9w_1d,4193.0,16434.0,594.1863,2333.15734,594.1863,2333.15734,132,241.0,5,vCTB2,0.503700660407837
W9_tile_1_cell_1258,tile_W9_1,W9,9w_1d,4101.0,16414.0,581.12414,2330.31774,581.12414,2330.31774,93,141.0,0,vCTB2,0.607106645510534
W9_tile_1_cell_1259,tile_W9_1,W9,9w_1d,4326.0,16377.0,613.0696399999999,2325.06448,613.0696399999999,2325.06448,95,151.0,0,vCTB2,0.628070222281588
W9_tile_1_cell_1266,tile_W9_1,W9,9w_1d,4003.0,16295.0,567.2101,2313.42212,567.2101,2313.42212,83,117.0,0,vCTB2,0.617062350516755
W9_tile_1_cell_1267,tile_W9_1,W9,9w_1d,4085.0,16297.0,578.85246,2313.70608,578.85246,2313.70608,118,209.0,5,vCTB2,0.637031930950018
W9_tile_1_cell_1276,tile_W9_1,W9,9w_1d,4358.0,16186.0,617.6129999999999,2297.9463,617.6129999999999,2297.9463,207,330.0,8,Fibroblast1,0.711524819057946
W9_tile_1_cell_1277,tile_W9_1,W9,9w_1d,4051.5,16180.5,574.09613,2297.16541,574.09613,2297.16541,58,82.0,0,vCTB2,0.723319697671411
W9_tile_1_cell_1287,tile_W9_1,W9,9w_1d,4221.0,16094.0,598.16174,2284.88414,598.16174,2284.88414,119,199.0,12,Endothelial_cells,0.932041534735352
W9_tile_1_cell_1289,tile_W9_1,W9,9w_1d,4324.0,16036.5,612.78568,2276.72029,612.78568,2276.72029,139,224.0,5,vCTB2,0.262771596356614
W9_tile_1_cell_1291,tile_W9_1,W9,9w_1d,4092.5,16050.0,579.9173099999999,2278.63702,579.9173099999999,2278.63702,62,84.0,0,vCTB2,0.650266737888101
W9_tile_1_cell_1298,tile_W9_1,W9,9w_1d,4155.0,15985.0,588.79106,2269.40832,588.79106,2269.40832,66,93.0,0,vCTB2,0.768611600809764
W9_tile_1_cell_1309,tile_W9_1,W9,9w_1d,4202.0,15877.0,595.46412,2254.07448,595.46412,2254.07448,142,230.0,5,vCTB2,0.375236768231192
W9_tile_1_cell_1313,tile_W9_1,W9,9w_1d,3973.0,15845.0,562.9507,2249.53112,562.9507,2249.53112,169,302.0,5,unknown3,0.311040787653463
W9_tile_1_cell_1314,tile_W9_1,W9,9w_1d,4087.0,15819.0,579.1364199999999,2245.83964,579.1364199999999,2245.83964,132,241.0,5,vCTB2,0.465297223206518
W9_tile_1_cell_1315,tile_W9_1,W9,9w_1d,4284.0,15805.0,607.10648,2243.85192,607.10648,2243.85192,58,80.0,0,vCTB2,0.590567842234256
W9_tile_1_cell_1318,tile_W9_1,W9,9w_1d,4183.0,15773.0,592.7665,2239.30856,592.7665,2239.30856,68,95.0,0,vCTB2,0.521427767755433
W9_tile_1_cell_1329,tile_W9_1,W9,9w_1d,4105.0,15725.5,581.69206,2232.56451,581.69206,2232.56451,95,162.0,0,vCTB2,0.596456492349083
W9_tile_1_cell_1338,tile_W9_1,W9,9w_1d,4081.0,15667.0,578.28454,2224.25868,578.28454,2224.25868,75,129.0,0,vCTB2,0.5889491121962
W9_tile_1_cell_1345,tile_W9_1,W9,9w_1d,4465.0,15602.0,632.80486,2215.02998,632.80486,2215.02998,52,87.0,0,vCTB2,0.702525882418507
W9_tile_1_cell_1347,tile_W9_1,W9,9w_1d,4214.0,15578.5,597.16788,2211.69345,597.16788,2211.69345,127,180.0,5,vCTB2,0.419312697015048
W9_tile_1_cell_1348,tile_W9_1,W9,9w_1d,3934.0,15587.0,557.4134799999999,2212.90028,557.4134799999999,2212.90028,76,123.0,0,vCTB2,0.680976637206665
W9_tile_1_cell_1349,tile_W9_1,W9,9w_1d,4137.5,15573.0,586.30641,2210.91256,586.30641,2210.91256,98,156.0,0,vCTB2,0.669579856852812
W9_tile_1_cell_1352,tile_W9_1,W9,9w_1d,3885.0,15515.0,550.45646,2202.67772,550.45646,2202.67772,93,155.0,0,vCTB2,0.573805110395785
W9_tile_1_cell_1353,tile_W9_1,W9,9w_1d,4142.5,15496.0,587.01631,2199.9801,587.01631,2199.9801,121,206.0,0,vCTB2,0.412258836536859
W9_tile_1_cell_1354,tile_W9_1,W9,9w_1d,4002.0,15489.0,567.06812,2198.98624,567.06812,2198.98624,56,89.0,0,vCTB2,0.714229367990281
W9_tile_1_cell_1356,tile_W9_1,W9,9w_1d,4315.5,15508.5,611.57885,2201.75485,611.57885,2201.75485,128,194.0,0,vCTB2,0.294089285618696
W9_tile_1_cell_1359,tile_W9_1,W9,9w_1d,3808.0,15448.0,539.524,2193.16506,539.524,2193.16506,86,119.0,0,vCTB2,0.667635937235451
W9_tile_1_cell_1361,tile_W9_1,W9,9w_1d,4355.0,15433.0,617.18706,2191.03536,617.18706,2191.03536,143,252.0,5,vCTB2,0.393734656136161
W9_tile_1_cell_1363,tile_W9_1,W9,9w_1d,4138.0,15426.0,586.3774,2190.0415,586.3774,2190.0415,106,156.0,3,Fibroblast2,0.72057108966788
W9_tile_1_cell_1364,tile_W9_1,W9,9w_1d,4494.0,15402.0,636.92228,2186.63398,636.92228,2186.63398,68,99.0,0,vCTB2,0.692030034630704
W9_tile_1_cell_1366,tile_W9_1,W9,9w_1d,4418.0,15372.0,626.1318,2182.37458,626.1318,2182.37458,88,134.0,0,vCTB2,0.668748110177603
W9_tile_1_cell_1367,tile_W9_1,W9,9w_1d,4530.5,15338.0,642.10455,2177.54726,642.10455,2177.54726,78,132.0,0,vCTB2,0.702348870000808
W9_tile_1_cell_1371,tile_W9_1,W9,9w_1d,4178.5,15290.0,592.1275899999999,2170.73222,592.1275899999999,2170.73222,137,236.0,3,Fibroblast2,0.958582870321567
W9_tile_1_cell_1374,tile_W9_1,W9,9w_1d,4280.0,15263.0,606.53856,2166.89876,606.53856,2166.89876,107,150.0,8,Fibroblast1,0.615477628723089
W9_tile_1_cell_1378,tile_W9_1,W9,9w_1d,4318.5,15234.0,612.00479,2162.78134,612.00479,2162.78134,71,88.0,8,Fibroblast2,0.302085013243123
W9_tile_1_cell_1379,tile_W9_1,W9,9w_1d,4517.0,15239.5,640.18782,2163.56223,640.18782,2163.56223,153,266.0,5,vCTB2,0.40205028609077
W9_tile_1_cell_1380,tile_W9_1,W9,9w_1d,4233.0,15216.0,599.8655,2160.2257,599.8655,2160.2257,136,193.0,8,Fibroblast2,0.452609422767545
W9_tile_1_cell_1381,tile_W9_1,W9,9w_1d,4476.0,15194.0,634.36664,2157.10214,634.36664,2157.10214,140,239.0,5,unknown3,0.246817040602235
W9_tile_1_cell_1382,tile_W9_1,W9,9w_1d,4164.0,15190.0,590.06888,2156.53422,590.06888,2156.53422,73,97.0,9,Hofbauer cells,0.602063685113064
W9_tile_1_cell_1383,tile_W9_1,W9,9w_1d,4391.0,15172.5,622.2983399999999,2154.04957,622.2983399999999,2154.04957,80,124.0,8,vCTB2,0.341742947839309
W9_tile_1_cell_1384,tile_W9_1,W9,9w_1d,4229.0,15157.0,599.2975799999999,2151.84888,599.2975799999999,2151.84888,88,117.0,8,Fibroblast1,0.313925866091793
W9_tile_1_cell_1386,tile_W9_1,W9,9w_1d,3921.5,15151.0,555.63873,2150.997,555.63873,2150.997,114,176.0,9,Hofbauer cells,0.747558314352223
W9_tile_1_cell_1388,tile_W9_1,W9,9w_1d,4462.0,15127.0,632.37892,2147.58948,632.37892,2147.58948,93,149.0,0,vCTB2,0.61630512114256
W9_tile_1_cell_1391,tile_W9_1,W9,9w_1d,4399.0,15087.5,623.43418,2141.98127,623.43418,2141.98127,136,200.0,0,Fibroblast1,0.531972831524169
W9_tile_1_cell_1392,tile_W9_1,W9,9w_1d,4178.0,15069.0,592.0566,2139.35464,592.0566,2139.35464,66,81.0,8,Fibroblast1,0.382783121810142
W9_tile_1_cell_1400,tile_W9_1,W9,9w_1d,3924.0,14971.0,555.9936799999999,2125.4406,555.9936799999999,2125.4406,77,110.0,9,Hofbauer cells,0.72724373236811
W9_tile_1_cell_1401,tile_W9_1,W9,9w_1d,4071.0,14998.0,576.86474,2129.27406,576.86474,2129.27406,152,239.0,9,Hofbauer cells,0.680843576125955
W9_tile_1_cell_1402,tile_W9_1,W9,9w_1d,4191.0,14997.0,593.90234,2129.13208,593.90234,2129.13208,97,136.0,8,Fibroblast1,0.643608040164968
W9_tile_1_cell_1403,tile_W9_1,W9,9w_1d,4118.0,14960.0,583.5378,2123.87882,583.5378,2123.87882,141,205.0,3,Fibroblast2,0.801787939619834
W9_tile_1_cell_1404,tile_W9_1,W9,9w_1d,4413.0,14929.0,625.4218999999999,2119.47744,625.4218999999999,2119.47744,252,458.0,5,unknown3,0.425493484787332
W9_tile_1_cell_1405,tile_W9_1,W9,9w_1d,4264.0,14979.0,604.26688,2126.57644,604.26688,2126.57644,76,134.0,11,vCTB2,0.450910927400487
W9_tile_1_cell_274,tile_W9_1,W9,9w_1d,3895.0,14765.0,551.87626,2096.19272,551.87626,2096.19272,93,124.0,4,Fibroblast2,0.480717861714711
W9_tile_1_cell_290,tile_W9_1,W9,9w_1d,3715.0,15442.0,526.31986,2192.31318,526.31986,2192.31318,60,84.0,0,vCTB2,0.608073218675858
W9_tile_1_cell_417,tile_W9_1,W9,9w_1d,4409.0,14785.5,624.85398,2099.10331,624.85398,2099.10331,165,270.0,5,vCTB2,0.313413550302687
W9_tile_1_cell_46,tile_W9_1,W9,9w_1d,4528.0,15666.0,641.7496,2224.1167,641.7496,2224.1167,74,130.0,0,vCTB2,0.764048039987223
W9_tile_1_cell_493,tile_W9_1,W9,9w_1d,4096.0,15907.0,580.41424,2258.33388,580.41424,2258.33388,177,374.0,5,vCTB2,0.38684742170094
W9_tile_1_cell_564,tile_W9_1,W9,9w_1d,3703.0,14847.0,524.6161,2107.83508,524.6161,2107.83508,104,138.0,8,Fibroblast1,0.522582554767252
W9_tile_1_cell_615,tile_W9_1,W9,9w_1d,4247.0,16380.0,601.85322,2325.49042,601.85322,2325.49042,87,124.0,0,vCTB2,0.571303804626464
W9_tile_1_cell_701,tile_W9_1,W9,9w_1d,4308.0,15310.0,610.514,2173.57182,610.514,2173.57182,101,144.0,4,Fibroblast1,0.494551015617734
W9_tile_1_cell_702,tile_W9_1,W9,9w_1d,3698.0,15114.5,523.9062,2145.81473,523.9062,2145.81473,70,100.0,8,Fibroblast1,0.383734566174892
W9_tile_1_cell_708,tile_W9_1,W9,9w_1d,3859.0,15288.0,546.76498,2170.44826,546.76498,2170.44826,257,485.0,5,Fibroblast2,0.816793774964591
W9_tile_1_cell_728,tile_W9_1,W9,9w_1d,3953.0,15946.0,560.1111,2263.8711,560.1111,2263.8711,108,180.0,5,vCTB2,0.590249008980391
W9_tile_1_cell_762,tile_W9_1,W9,9w_1d,4186.0,15359.0,593.19244,2180.52884,593.19244,2180.52884,99,130.0,0,vCTB2,0.427087948756208
W9_tile_1_cell_851,tile_W9_1,W9,9w_1d,4435.0,16062.0,628.5454599999999,2280.34078,628.5454599999999,2280.34078,56,107.0,0,vCTB2,0.683243043650761
W9_tile_1_cell_958,tile_W9_1,W9,9w_1d,3834.0,14938.0,543.21548,2120.75526,543.21548,2120.75526,312,534.0,3,Fibroblast2,0.75564829455227
W9_tile_1_cell_988,tile_W9_1,W9,9w_1d,4470.0,15306.0,633.51476,2173.0039,633.51476,2173.0039,98,174.0,0,vCTB2,0.618347539445424
W9_tile_20_cell_204,tile_W9_20,W9,9w_1d,1228.0,9203.0,173.2156,1306.49996,173.2156,1306.49996,86,99.0,0,vCTB2,0.436377171581865
W9_tile_20_cell_443,tile_W9_20,W9,9w_1d,229.5,9081.0,31.44857,1289.1784,31.44857,1289.1784,81,90.0,0,vCTB2,0.304126706352322
W9_tile_20_cell_444,tile_W9_20,W9,9w_1d,856.0,9180.0,120.39904,1303.23442,120.39904,1303.23442,93,110.0,0,vCTB2,0.428462693387611
W9_tile_20_cell_525,tile_W9_20,W9,9w_1d,283.0,9174.0,39.0445,1302.38254,39.0445,1302.38254,213,299.0,5,Fibroblast1,0.247099204169582
W9_tile_20_cell_692,tile_W9_20,W9,9w_1d,1059.0,9177.0,149.22098,1302.80848,149.22098,1302.80848,107,129.0,5,vCTB2,0.429510272441023
W9_tile_20_cell_711,tile_W9_20,W9,9w_1d,151.0,9080.0,20.30314,1289.03642,20.30314,1289.03642,81,99.0,0,vCTB2,0.484976145610016
W9_tile_21_cell_134,tile_W9_21,W9,9w_1d,2832.5,9158.0,401.02251,1300.11086,401.02251,1300.11086,64,96.0,8,Fibroblast1,0.347159382831176
W9_tile_21_cell_188,tile_W9_21,W9,9w_1d,3662.0,7529.0,518.7949199999999,1068.82544,518.7949199999999,1068.82544,117,173.0,9,maternal macrophages ,0.504918927288079
W9_tile_21_cell_195,tile_W9_21,W9,9w_1d,3140.0,8977.0,444.68136,1274.41248,444.68136,1274.41248,99,132.0,4,Fibroblast2,0.409213940843962
W9_tile_21_cell_204,tile_W9_21,W9,9w_1d,2485.5,8993.5,351.75545,1276.75515,351.75545,1276.75515,170,238.0,12,Endothelial_cells,0.92816264495168
W9_tile_21_cell_207,tile_W9_21,W9,9w_1d,3097.0,8779.0,438.57622,1246.30044,438.57622,1246.30044,101,149.0,4,Fibroblast2,0.48737929021919
W9_tile_21_cell_215,tile_W9_21,W9,9w_1d,2745.0,8323.0,388.59926,1181.55756,388.59926,1181.55756,69,99.0,0,vCTB2,0.715166323006148
W9_tile_21_cell_222,tile_W9_21,W9,9w_1d,2723.0,8817.0,385.4757,1251.69568,385.4757,1251.69568,144,206.0,3,Fibroblast2,0.922630402547381
W9_tile_21_cell_254,tile_W9_21,W9,9w_1d,3655.0,7762.0,517.80106,1101.90678,517.80106,1101.90678,137,193.0,5,STB,0.389271959997587
W9_tile_21_cell_279,tile_W9_21,W9,9w_1d,2573.5,9070.0,364.24969,1287.61662,364.24969,1287.61662,92,136.0,11,EVT2,0.249694095525139
W9_tile_21_cell_280,tile_W9_21,W9,9w_1d,3144.0,8535.5,445.24928,1211.72831,445.24928,1211.72831,109,140.0,5,vCTB2,0.363975164830373
W9_tile_21_cell_285,tile_W9_21,W9,9w_1d,2690.0,8919.0,380.79036,1266.17764,380.79036,1266.17764,86,123.0,4,Fibroblast2,0.533206489344928
W9_tile_21_cell_294,tile_W9_21,W9,9w_1d,2827.5,9007.0,400.31261,1278.67188,400.31261,1278.67188,87,120.0,4,EVT2,0.306415365582175
W9_tile_21_cell_304,tile_W9_21,W9,9w_1d,3018.0,8647.5,427.3598,1227.63007,427.3598,1227.63007,135,240.0,8,Fibroblast1,0.769902321455821
W9_tile_21_cell_322,tile_W9_21,W9,9w_1d,2087.0,8300.0,295.17642,1178.29202,295.17642,1178.29202,65,120.0,11,vCTB2,0.346426546210428
W9_tile_21_cell_340,tile_W9_21,W9,9w_1d,1979.0,7649.5,279.84258,1085.93403,279.84258,1085.93403,66,84.0,12,Endothelial_cells,0.22112524892438
W9_tile_21_cell_35,tile_W9_21,W9,9w_1d,3088.0,8216.0,437.2984,1166.3657,437.2984,1166.3657,276,702.0,3,Fibroblast2,0.684033940409311
W9_tile_21_cell_366,tile_W9_21,W9,9w_1d,3270.0,7394.0,463.13876,1049.65814,463.13876,1049.65814,78,96.0,0,vCTB2,0.495549458151687
W9_tile_21_cell_371,tile_W9_21,W9,9w_1d,3288.5,8242.0,465.76539,1170.05718,465.76539,1170.05718,79,126.0,4,Fibroblast2,0.568725439301305
W9_tile_21_cell_380,tile_W9_21,W9,9w_1d,3480.0,7623.0,492.95456,1082.17156,492.95456,1082.17156,86,145.0,0,vCTB2,0.716171891489002
W9_tile_21_cell_386,tile_W9_21,W9,9w_1d,2895.0,9012.0,409.89626,1279.38178,409.89626,1279.38178,96,121.0,4,Fibroblast2,0.372681265027525
W9_tile_21_cell_457,tile_W9_21,W9,9w_1d,2794.5,8687.0,395.62727,1233.23828,395.62727,1233.23828,189,328.0,9,Hofbauer cells,0.733600437605614
W9_tile_21_cell_461,tile_W9_21,W9,9w_1d,2850.0,8094.0,403.50716,1149.04414,403.50716,1149.04414,99,176.0,4,Fibroblast2,0.662004851230693
W9_tile_21_cell_468,tile_W9_21,W9,9w_1d,2311.0,8963.0,326.97994,1272.42476,326.97994,1272.42476,157,213.0,3,Fibroblast2,0.948706802495784
W9_tile_21_cell_49,tile_W9_21,W9,9w_1d,2880.5,8771.0,407.83755,1245.1646,407.83755,1245.1646,77,94.0,4,Fibroblast2,0.409818980779238
W9_tile_21_cell_491,tile_W9_21,W9,9w_1d,3453.5,8863.0,489.19209,1258.22676,489.19209,1258.22676,69,118.0,0,vCTB2,0.732009145906944
W9_tile_21_cell_493,tile_W9_21,W9,9w_1d,3573.0,8416.5,506.1587,1194.83269,506.1587,1194.83269,176,358.0,3,Fibroblast2,0.957183076372856
W9_tile_21_cell_513,tile_W9_21,W9,9w_1d,3251.0,8821.0,460.44114,1252.2636,460.44114,1252.2636,146,229.0,3,Fibroblast2,0.873522630759135
W9_tile_21_cell_514,tile_W9_21,W9,9w_1d,2609.0,8998.5,369.28998,1277.46505,369.28998,1277.46505,152,282.0,8,Endothelial_cells,0.423197022290152
W9_tile_21_cell_535,tile_W9_21,W9,9w_1d,3540.5,7464.5,501.54435,1059.66773,501.54435,1059.66773,73,82.0,4,Fibroblast2,0.386742771728502
W9_tile_21_cell_547,tile_W9_21,W9,9w_1d,2310.0,9162.0,326.83796,1300.67878,326.83796,1300.67878,75,111.0,0,vCTB2,0.67912015964415
W9_tile_21_cell_561,tile_W9_21,W9,9w_1d,3505.0,7559.0,496.50406,1073.08484,496.50406,1073.08484,72,111.0,0,vCTB2,0.663633913374327
W9_tile_21_cell_583,tile_W9_21,W9,9w_1d,3583.0,7609.5,507.5785,1080.25483,507.5785,1080.25483,190,350.0,5,unknown3,0.263841523840564
W9_tile_21_cell_597,tile_W9_21,W9,9w_1d,2736.0,9090.0,387.32144,1290.45622,387.32144,1290.45622,109,176.0,8,EVT2,0.255296442745466
W9_tile_21_cell_60,tile_W9_21,W9,9w_1d,2377.0,8599.5,336.35062,1220.81503,336.35062,1220.81503,62,90.0,4,Fibroblast2,0.261895498688894
W9_tile_21_cell_614,tile_W9_21,W9,9w_1d,2579.0,8146.5,365.03058,1156.49809,365.03058,1156.49809,88,112.0,4,unknown2,0.299726123895955
W9_tile_21_cell_625,tile_W9_21,W9,9w_1d,3063.0,9106.5,433.7489,1292.79889,433.7489,1292.79889,194,302.0,3,Fibroblast2,0.928621493313461
W9_tile_21_cell_630,tile_W9_21,W9,9w_1d,2438.0,7918.5,345.0114,1124.12665,345.0114,1124.12665,65,98.0,0,vCTB2,0.67420038389441
W9_tile_21_cell_649,tile_W9_21,W9,9w_1d,3225.5,8574.5,456.82065,1217.26553,456.82065,1217.26553,72,98.0,0,vCTB2,0.648962575933132
W9_tile_21_cell_690,tile_W9_21,W9,9w_1d,1982.0,8276.0,280.26852,1174.8845,280.26852,1174.8845,85,165.0,11,EVT2,0.315372337916403
W9_tile_21_cell_694,tile_W9_21,W9,9w_1d,2482.0,9127.0,351.25852,1295.70948,351.25852,1295.70948,72,101.0,12,vCTB2,0.361752452508275
W9_tile_21_cell_696,tile_W9_21,W9,9w_1d,2609.0,8632.0,369.28998,1225.42938,369.28998,1225.42938,181,311.0,3,Fibroblast2,0.914196305419652
W9_tile_21_cell_697,tile_W9_21,W9,9w_1d,3040.0,8579.0,430.48336,1217.90444,430.48336,1217.90444,128,197.0,8,Fibroblast1,0.884467733312745
W9_tile_21_cell_704,tile_W9_21,W9,9w_1d,3112.0,9020.0,440.70592,1280.51762,440.70592,1280.51762,81,92.0,4,Fibroblast2,0.475550019758638
W9_tile_21_cell_74,tile_W9_21,W9,9w_1d,3276.5,8967.0,464.06163,1272.99268,464.06163,1272.99268,142,246.0,9,Hofbauer cells,0.799666025392814
W9_tile_21_cell_774,tile_W9_21,W9,9w_1d,2260.0,8968.0,319.73896,1273.13466,319.73896,1273.13466,66,85.0,4,vCTB2,0.51560257457082
W9_tile_21_cell_776,tile_W9_21,W9,9w_1d,3538.5,8920.5,501.26039,1266.39061,501.26039,1266.39061,143,228.0,5,unknown3,0.201346028958776
W9_tile_21_cell_786,tile_W9_21,W9,9w_1d,2216.0,8860.0,313.49184,1257.80082,313.49184,1257.80082,83,121.0,0,vCTB2,0.646428537214534
W9_tile_21_cell_789,tile_W9_21,W9,9w_1d,2258.0,8895.0,319.455,1262.77012,319.455,1262.77012,73,103.0,4,vCTB2,0.437236314909935
W9_tile_21_cell_80,tile_W9_21,W9,9w_1d,3069.0,8741.0,434.60078,1240.9052,434.60078,1240.9052,72,111.0,12,EVT2,0.269171995336166
W9_tile_21_cell_801,tile_W9_21,W9,9w_1d,2199.0,8685.0,311.07818,1232.95432,311.07818,1232.95432,144,241.0,5,STB,0.447148460127956
W9_tile_21_cell_808,tile_W9_21,W9,9w_1d,2255.5,8596.0,319.10005,1220.3181,319.10005,1220.3181,114,184.0,5,vCTB2,0.586698176625985
W9_tile_21_cell_809,tile_W9_21,W9,9w_1d,2860.0,8573.0,404.92696,1217.05256,404.92696,1217.05256,83,151.0,9,Hofbauer cells,0.240861074128083
W9_tile_21_cell_811,tile_W9_21,W9,9w_1d,2466.5,8550.0,349.05783,1213.78702,349.05783,1213.78702,241,468.0,3,Fibroblast2,0.948311356344875
W9_tile_21_cell_814,tile_W9_21,W9,9w_1d,2581.0,8553.0,365.31454,1214.21296,365.31454,1214.21296,100,153.0,3,Fibroblast2,0.716190506375265
W9_tile_21_cell_815,tile_W9_21,W9,9w_1d,2819.0,8522.0,399.10578,1209.81158,399.10578,1209.81158,102,157.0,3,Fibroblast2,0.785677399102923
W9_tile_21_cell_818,tile_W9_21,W9,9w_1d,2918.5,8509.0,413.23279,1207.96584,413.23279,1207.96584,171,320.0,3,Fibroblast2,0.960747524551805
W9_tile_21_cell_825,tile_W9_21,W9,9w_1d,3302.0,8394.5,467.68212,1191.70913,467.68212,1191.70913,67,94.0,4,vCTB2,0.356523162300606
W9_tile_21_cell_828,tile_W9_21,W9,9w_1d,2949.0,8462.0,417.56318,1201.29278,417.56318,1201.29278,80,111.0,4,Fibroblast2,0.366752687449638
W9_tile_21_cell_829,tile_W9_21,W9,9w_1d,3018.0,8429.5,427.3598,1196.67843,427.3598,1196.67843,114,194.0,5,vCTB2,0.44208929677399
W9_tile_21_cell_835,tile_W9_21,W9,9w_1d,2596.0,8340.0,367.44424,1183.97122,367.44424,1183.97122,91,119.0,4,vCTB2,0.476813680839407
W9_tile_21_cell_837,tile_W9_21,W9,9w_1d,3259.5,8344.0,461.64797,1184.53914,461.64797,1184.53914,102,144.0,4,Fibroblast2,0.791987245082095
W9_tile_21_cell_838,tile_W9_21,W9,9w_1d,2497.0,8349.0,353.38822,1185.24904,353.38822,1185.24904,79,110.0,0,vCTB2,0.668152399332478
W9_tile_21_cell_840,tile_W9_21,W9,9w_1d,3200.5,8300.0,453.27115,1178.29202,453.27115,1178.29202,83,114.0,4,Fibroblast2,0.695953608619314
W9_tile_21_cell_843,tile_W9_21,W9,9w_1d,2932.5,8362.0,415.22051,1187.09478,415.22051,1187.09478,129,170.0,0,Fibroblast2,0.294262669071675
W9_tile_21_cell_844,tile_W9_21,W9,9w_1d,3459.0,8352.0,489.97298,1185.67498,489.97298,1185.67498,164,269.0,3,Fibroblast2,0.936955202669369
W9_tile_21_cell_846,tile_W9_21,W9,9w_1d,3351.5,8316.5,474.71013,1180.63469,474.71013,1180.63469,118,168.0,4,Fibroblast2,0.490622343344677
W9_tile_21_cell_852,tile_W9_21,W9,9w_1d,3424.0,8250.0,485.00368,1171.19302,485.00368,1171.19302,76,95.0,4,Fibroblast2,0.356037893081704
W9_tile_21_cell_857,tile_W9_21,W9,9w_1d,2069.0,8244.0,292.62078,1170.34114,292.62078,1170.34114,69,123.0,2,vCTB2,0.475202774030037
W9_tile_21_cell_871,tile_W9_21,W9,9w_1d,2044.0,8129.0,289.07128,1154.01344,289.07128,1154.01344,71,138.0,11,EVT2,0.332498945715537
W9_tile_21_cell_872,tile_W9_21,W9,9w_1d,2925.0,8121.0,414.15566,1152.8776,414.15566,1152.8776,201,411.0,3,Fibroblast2,0.945315825686657
W9_tile_21_cell_884,tile_W9_21,W9,9w_1d,1975.0,8063.0,279.27466,1144.64276,279.27466,1144.64276,73,131.0,11,vCTB2,0.305164158223059
W9_tile_21_cell_934,tile_W9_21,W9,9w_1d,3450.0,7482.0,488.69516,1062.15238,488.69516,1062.15238,194,323.0,5,unknown3,0.339201026972787
W9_tile_22_cell_1025,tile_W9_22,W9,9w_1d,4060.0,7500.0,575.30296,1064.70802,575.30296,1064.70802,81,110.0,4,Fibroblast2,0.371070904793884
W9_tile_22_cell_1032,tile_W9_22,W9,9w_1d,3857.0,7935.0,546.48102,1126.46932,546.48102,1126.46932,137,247.0,5,vCTB2,0.386021024776082
W9_tile_22_cell_1049,tile_W9_22,W9,9w_1d,4331.0,7653.0,613.77954,1086.43096,613.77954,1086.43096,243,421.0,8,Fibroblast1,0.863341002023889
W9_tile_22_cell_109,tile_W9_22,W9,9w_1d,3819.0,8642.0,541.08578,1226.84918,541.08578,1226.84918,60,96.0,9,maternal macrophages ,0.64099603647851
W9_tile_22_cell_1090,tile_W9_22,W9,9w_1d,3954.0,8032.0,560.25308,1140.24138,560.25308,1140.24138,161,316.0,5,STB,0.393306841618648
W9_tile_22_cell_1095,tile_W9_22,W9,9w_1d,4119.0,7545.0,583.6797799999999,1071.09712,583.6797799999999,1071.09712,122,207.0,9,Hofbauer cells,0.65815530494228
W9_tile_22_cell_1102,tile_W9_22,W9,9w_1d,4283.5,8203.0,607.03549,1164.51996,607.03549,1164.51996,102,150.0,12,Endothelial_cells,0.277361749390321
W9_tile_22_cell_1149,tile_W9_22,W9,9w_1d,4509.0,7784.5,639.05198,1105.10133,639.05198,1105.10133,60,86.0,0,vCTB2,0.721898478891933
W9_tile_22_cell_1190,tile_W9_22,W9,9w_1d,4374.0,7596.0,619.88468,1078.3381,619.88468,1078.3381,97,168.0,0,vCTB2,0.574393228912443
W9_tile_22_cell_1229,tile_W9_22,W9,9w_1d,3993.0,7708.0,565.7903,1094.23986,565.7903,1094.23986,111,150.0,4,Fibroblast2,0.575128400509959
W9_tile_22_cell_1287,tile_W9_22,W9,9w_1d,3942.0,9204.0,558.54932,1306.64194,558.54932,1306.64194,89,114.0,4,Fibroblast2,0.393785043442627
W9_tile_22_cell_129,tile_W9_22,W9,9w_1d,4127.0,7809.0,584.81562,1108.57984,584.81562,1108.57984,179,361.0,3,Fibroblast2,0.874973008450876
W9_tile_22_cell_1293,tile_W9_22,W9,9w_1d,3912.0,9144.0,554.2899199999999,1298.12314,554.2899199999999,1298.12314,83,106.0,0,vCTB2,0.650194723074174
W9_tile_22_cell_1299,tile_W9_22,W9,9w_1d,3834.0,9117.0,543.21548,1294.28968,543.21548,1294.28968,197,331.0,5,Fibroblast1,0.264617862864637
W9_tile_22_cell_1317,tile_W9_22,W9,9w_1d,3786.0,9007.0,536.40044,1278.67188,536.40044,1278.67188,115,181.0,0,vCTB2,0.321740856128428
W9_tile_22_cell_1325,tile_W9_22,W9,9w_1d,4473.0,8809.0,633.9407,1250.55984,633.9407,1250.55984,68,97.0,0,vCTB2,0.687471174243058
W9_tile_22_cell_1331,tile_W9_22,W9,9w_1d,4322.0,8729.0,612.50172,1239.20144,612.50172,1239.20144,233,545.0,5,unknown3,0.330359622741556
W9_tile_22_cell_1332,tile_W9_22,W9,9w_1d,3776.0,8717.0,534.98064,1237.49768,534.98064,1237.49768,119,177.0,9,maternal macrophages ,0.666238855342838
W9_tile_22_cell_1335,tile_W9_22,W9,9w_1d,4492.0,8723.0,636.63832,1238.34956,636.63832,1238.34956,113,186.0,0,vCTB2,0.625861296390984
W9_tile_22_cell_1337,tile_W9_22,W9,9w_1d,4203.0,8678.0,595.6061,1231.96046,595.6061,1231.96046,74,107.0,0,vCTB2,0.664055930328229
W9_tile_22_cell_1339,tile_W9_22,W9,9w_1d,4520.0,8622.5,640.61376,1224.08057,640.61376,1224.08057,138,268.0,5,vCTB2,0.53255579556669
W9_tile_22_cell_1345,tile_W9_22,W9,9w_1d,4256.0,8572.0,603.13104,1216.91058,603.13104,1216.91058,261,520.0,8,Fibroblast1,0.543691048513709
W9_tile_22_cell_1347,tile_W9_22,W9,9w_1d,4605.0,8572.0,652.68206,1216.91058,652.68206,1216.91058,149,245.0,5,vCTB2,0.30090730575796
W9_tile_22_cell_1348,tile_W9_22,W9,9w_1d,4556.0,8526.0,645.7250399999999,1210.3795,645.7250399999999,1210.3795,105,167.0,0,vCTB2,0.573706152713199
W9_tile_22_cell_1354,tile_W9_22,W9,9w_1d,4167.0,8522.0,590.49482,1209.81158,590.49482,1209.81158,154,287.0,5,vCTB2,0.36217661762927
W9_tile_22_cell_1360,tile_W9_22,W9,9w_1d,4313.0,8464.0,611.2239,1201.57674,611.2239,1201.57674,82,127.0,8,Fibroblast1,0.405185529303648
W9_tile_22_cell_1368,tile_W9_22,W9,9w_1d,4618.0,8368.0,654.5278,1187.94666,654.5278,1187.94666,95,147.0,0,vCTB2,0.706185042610726
W9_tile_22_cell_1371,tile_W9_22,W9,9w_1d,4489.0,8275.0,636.2123799999999,1174.74252,636.2123799999999,1174.74252,87,118.0,4,Fibroblast2,0.316330660069
W9_tile_22_cell_1374,tile_W9_22,W9,9w_1d,4086.5,8275.0,579.06543,1174.74252,579.06543,1174.74252,120,192.0,5,vCTB2,0.563437252607704
W9_tile_22_cell_1375,tile_W9_22,W9,9w_1d,4064.0,8216.0,575.8708799999999,1166.3657,575.8708799999999,1166.3657,66,97.0,0,vCTB2,0.668388450326126
W9_tile_22_cell_1379,tile_W9_22,W9,9w_1d,4226.0,8143.0,598.87164,1156.00116,598.87164,1156.00116,192,356.0,3,Fibroblast1,0.567833034389464
W9_tile_22_cell_1380,tile_W9_22,W9,9w_1d,4067.0,8144.0,576.29682,1156.14314,576.29682,1156.14314,120,213.0,5,vCTB2,0.561680480026889
W9_tile_22_cell_1381,tile_W9_22,W9,9w_1d,4014.0,8104.0,568.77188,1150.46394,568.77188,1150.46394,83,138.0,0,vCTB2,0.682610987217066
W9_tile_22_cell_1383,tile_W9_22,W9,9w_1d,4421.0,8061.0,626.55774,1144.3588,626.55774,1144.3588,115,168.0,8,Fibroblast1,0.474059741648561
W9_tile_22_cell_1384,tile_W9_22,W9,9w_1d,4135.0,8052.0,585.95146,1143.08098,585.95146,1143.08098,103,146.0,3,Fibroblast2,0.395316917114379
W9_tile_22_cell_1388,tile_W9_22,W9,9w_1d,4591.0,8051.0,650.69434,1142.939,650.69434,1142.939,359,807.0,5,Fibroblast1,0.430252029097134
W9_tile_22_cell_1390,tile_W9_22,W9,9w_1d,4166.0,8023.0,590.35284,1138.96356,590.35284,1138.96356,137,213.0,3,Fibroblast2,0.659997713672843
W9_tile_22_cell_1391,tile_W9_22,W9,9w_1d,4425.5,7976.5,627.19665,1132.36149,627.19665,1132.36149,151,240.0,8,Fibroblast1,0.849899412324908
W9_tile_22_cell_1393,tile_W9_22,W9,9w_1d,4096.0,7952.0,580.41424,1128.88298,580.41424,1128.88298,139,213.0,9,Hofbauer cells,0.669795556009846
W9_tile_22_cell_1394,tile_W9_22,W9,9w_1d,4254.0,7973.0,602.84708,1131.86456,602.84708,1131.86456,146,273.0,9,Hofbauer cells,0.752908779827582
W9_tile_22_cell_1396,tile_W9_22,W9,9w_1d,4484.0,7941.0,635.50248,1127.3212,635.50248,1127.3212,157,275.0,8,Fibroblast1,0.832758526880914
W9_tile_22_cell_1399,tile_W9_22,W9,9w_1d,4167.0,7915.5,590.49482,1123.70071,590.49482,1123.70071,174,300.0,9,Hofbauer cells,0.737343667286089
W9_tile_22_cell_1401,tile_W9_22,W9,9w_1d,4362.0,7872.0,618.18092,1117.52458,618.18092,1117.52458,161,302.0,8,Fibroblast2,0.462871234528643
W9_tile_22_cell_1402,tile_W9_22,W9,9w_1d,4248.0,7850.0,601.9952,1114.40102,601.9952,1114.40102,113,180.0,4,Fibroblast2,0.563553826165365
W9_tile_22_cell_1403,tile_W9_22,W9,9w_1d,4490.0,7853.0,636.3543599999999,1114.82696,636.3543599999999,1114.82696,120,180.0,0,vCTB2,0.646218249146386
W9_tile_22_cell_1408,tile_W9_22,W9,9w_1d,3757.0,7623.5,532.28302,1082.24255,532.28302,1082.24255,87,114.0,4,Fibroblast2,0.284721468327124
W9_tile_22_cell_1409,tile_W9_22,W9,9w_1d,3743.5,7526.5,530.3662899999999,1068.47049,530.3662899999999,1068.47049,105,164.0,9,Hofbauer cells,0.702492081003537
W9_tile_22_cell_1410,tile_W9_22,W9,9w_1d,3832.0,7507.5,542.93152,1065.77287,542.93152,1065.77287,86,142.0,8,Fibroblast1,0.567996612797602
W9_tile_22_cell_153,tile_W9_22,W9,9w_1d,4330.5,8087.5,613.70855,1148.12127,613.70855,1148.12127,74,108.0,4,Fibroblast2,0.401780361828243
W9_tile_22_cell_160,tile_W9_22,W9,9w_1d,4369.0,8310.0,619.1747799999999,1179.71182,619.1747799999999,1179.71182,165,263.0,3,Fibroblast2,0.642287134580148
W9_tile_22_cell_163,tile_W9_22,W9,9w_1d,4631.0,8202.0,656.3735399999999,1164.37798,656.3735399999999,1164.37798,100,162.0,0,vCTB2,0.738830800200709
W9_tile_22_cell_179,tile_W9_22,W9,9w_1d,4308.0,7773.0,610.514,1103.46856,610.514,1103.46856,88,151.0,8,Fibroblast1,0.531956061866373
W9_tile_22_cell_23,tile_W9_22,W9,9w_1d,4312.0,8534.0,611.08192,1211.51534,611.08192,1211.51534,101,148.0,8,Fibroblast1,0.745034635128549
W9_tile_22_cell_338,tile_W9_22,W9,9w_1d,4053.0,8375.0,574.3091,1188.94052,574.3091,1188.94052,57,81.0,0,vCTB2,0.710227543545257
W9_tile_22_cell_372,tile_W9_22,W9,9w_1d,4146.0,8449.0,587.51324,1199.44704,587.51324,1199.44704,162,319.0,5,vCTB2,0.469803147125821
W9_tile_22_cell_42,tile_W9_22,W9,9w_1d,4452.0,8131.0,630.95912,1154.2974,630.95912,1154.2974,103,145.0,4,Fibroblast2,0.478912645045672
W9_tile_22_cell_454,tile_W9_22,W9,9w_1d,4398.0,7798.0,623.2922,1107.01806,623.2922,1107.01806,103,152.0,8,Fibroblast1,0.454667891905561
W9_tile_22_cell_483,tile_W9_22,W9,9w_1d,3858.0,7754.0,546.6229999999999,1100.77094,546.6229999999999,1100.77094,76,107.0,12,Fibroblast1,0.525090637650519
W9_tile_22_cell_551,tile_W9_22,W9,9w_1d,4269.0,7745.0,604.97678,1099.49312,604.97678,1099.49312,73,97.0,4,Fibroblast2,0.320991872561273
W9_tile_22_cell_557,tile_W9_22,W9,9w_1d,4349.0,8152.0,616.3351799999999,1157.27898,616.3351799999999,1157.27898,128,213.0,9,Hofbauer cells,0.75057571657748
W9_tile_22_cell_560,tile_W9_22,W9,9w_1d,4644.0,8310.0,658.21928,1179.71182,658.21928,1179.71182,78,111.0,0,vCTB2,0.641145150338698
W9_tile_22_cell_570,tile_W9_22,W9,9w_1d,4301.0,8276.0,609.52014,1174.8845,609.52014,1174.8845,163,279.0,3,Fibroblast2,0.651752054579253
W9_tile_22_cell_64,tile_W9_22,W9,9w_1d,4076.0,7682.0,577.5746399999999,1090.54838,577.5746399999999,1090.54838,119,189.0,3,Fibroblast2,0.707336305236151
W9_tile_22_cell_678,tile_W9_22,W9,9w_1d,3859.0,7702.0,546.76498,1093.38798,546.76498,1093.38798,76,118.0,8,Fibroblast1,0.350394854321671
W9_tile_22_cell_680,tile_W9_22,W9,9w_1d,4072.0,7420.0,577.00672,1053.34962,577.00672,1053.34962,64,101.0,0,vCTB2,0.703364492321868
W9_tile_22_cell_713,tile_W9_22,W9,9w_1d,4291.0,7582.0,608.10034,1076.35038,608.10034,1076.35038,89,129.0,0,vCTB2,0.449113542340389
W9_tile_22_cell_767,tile_W9_22,W9,9w_1d,4370.0,7722.0,619.3167599999999,1096.22758,619.3167599999999,1096.22758,71,84.0,8,Fibroblast1,0.600792973220174
W9_tile_22_cell_77,tile_W9_22,W9,9w_1d,4493.0,8192.0,636.7803,1162.95818,636.7803,1162.95818,167,287.0,9,Hofbauer cells,0.659508639588194
W9_tile_22_cell_78,tile_W9_22,W9,9w_1d,3815.5,7883.0,540.58885,1119.08636,540.58885,1119.08636,62,90.0,0,vCTB2,0.698052670311603
W9_tile_22_cell_814,tile_W9_22,W9,9w_1d,3812.0,7585.0,540.09192,1076.77632,540.09192,1076.77632,123,180.0,8,Fibroblast1,0.59618376345109
W9_tile_22_cell_829,tile_W9_22,W9,9w_1d,3749.0,7679.0,531.1471799999999,1090.12244,531.1471799999999,1090.12244,66,107.0,8,Fibroblast1,0.257658360686215
W9_tile_22_cell_908,tile_W9_22,W9,9w_1d,4620.0,8272.0,654.8117599999999,1174.31658,654.8117599999999,1174.31658,71,100.0,0,vCTB2,0.74234536053255
W9_tile_22_cell_970,tile_W9_22,W9,9w_1d,4183.0,7664.0,592.7665,1087.99274,592.7665,1087.99274,92,125.0,12,Fibroblast1,0.390029556914008
W9_tile_22_cell_975,tile_W9_22,W9,9w_1d,4001.5,7596.0,566.99713,1078.3381,566.99713,1078.3381,99,144.0,4,Fibroblast2,0.353256810668314
W9_tile_22_cell_989,tile_W9_22,W9,9w_1d,3802.0,7732.5,538.67212,1097.71837,538.67212,1097.71837,73,108.0,8,Fibroblast1,0.695698612463021
W9_tile_23_cell_1,tile_W9_23,W9,9w_1d,8562.0,8282.5,1214.49692,1175.80737,1214.49692,1175.80737,307,876.0,5,unknown3,0.419799774904407
W9_tile_23_cell_100,tile_W9_23,W9,9w_1d,8641.0,8172.0,1225.71334,1160.11858,1225.71334,1160.11858,68,116.0,0,vCTB2,0.628273835322236
W9_tile_23_cell_110,tile_W9_23,W9,9w_1d,8492.0,9076.0,1204.55832,1288.4685,1204.55832,1288.4685,68,161.0,2,vCTB2,0.321041150811568
W9_tile_23_cell_120,tile_W9_23,W9,9w_1d,8859.0,9074.5,1256.66498,1288.25553,1256.66498,1288.25553,133,410.0,7,STB,0.418521157204504
W9_tile_23_cell_122,tile_W9_23,W9,9w_1d,7704.0,8566.0,1092.67808,1216.0587,1092.67808,1216.0587,77,131.0,2,STB,0.441665480141589
W9_tile_23_cell_125,tile_W9_23,W9,9w_1d,9042.0,7466.0,1282.64732,1059.8807,1282.64732,1059.8807,90,124.0,4,Fibroblast1,0.272391535893732
W9_tile_23_cell_127,tile_W9_23,W9,9w_1d,8301.0,8122.0,1177.44014,1153.01958,1177.44014,1153.01958,263,534.0,8,Fibroblast1,0.822026431027476
W9_tile_23_cell_129,tile_W9_23,W9,9w_1d,9175.0,7996.0,1301.53066,1135.1301,1301.53066,1135.1301,37,118.0,2,vCTB2,0.479575299337259
W9_tile_23_cell_132,tile_W9_23,W9,9w_1d,8273.0,9163.0,1173.4647,1300.82076,1173.4647,1300.82076,89,297.0,2,EVT2,0.357307308993188
W9_tile_23_cell_141,tile_W9_23,W9,9w_1d,8170.0,7431.0,1158.84076,1054.9114,1158.84076,1054.9114,146,889.0,7,STB,0.356042287305135
W9_tile_23_cell_142,tile_W9_23,W9,9w_1d,7488.0,7864.0,1062.0104,1116.38874,1062.0104,1116.38874,81,194.0,2,STB,0.424736238014396
W9_tile_23_cell_152,tile_W9_23,W9,9w_1d,8836.5,8236.0,1253.47043,1169.2053,1253.47043,1169.2053,57,116.0,2,vCTB2,0.626568363558864
W9_tile_23_cell_153,tile_W9_23,W9,9w_1d,8725.0,8313.0,1237.63966,1180.13776,1237.63966,1180.13776,159,436.0,5,STB,0.422232327518931
W9_tile_23_cell_160,tile_W9_23,W9,9w_1d,8848.5,7578.5,1255.17419,1075.85345,1255.17419,1075.85345,104,152.0,8,Fibroblast2,0.366389191011918
W9_tile_23_cell_162,tile_W9_23,W9,9w_1d,9074.0,8688.0,1287.19068,1233.38026,1287.19068,1233.38026,79,242.0,2,vCTB2,0.276567978357985
W9_tile_23_cell_163,tile_W9_23,W9,9w_1d,8914.0,8050.5,1264.47388,1142.86801,1264.47388,1142.86801,45,130.0,2,vCTB2,0.382271862713699
W9_tile_23_cell_170,tile_W9_23,W9,9w_1d,7514.0,7763.0,1065.70188,1102.04876,1065.70188,1102.04876,51,153.0,2,vCTB2,0.467936366339644
W9_tile_23_cell_174,tile_W9_23,W9,9w_1d,8605.0,8763.0,1220.60206,1244.02876,1220.60206,1244.02876,123,343.0,7,STB,0.419417120687487
W9_tile_23_cell_175,tile_W9_23,W9,9w_1d,8554.0,8902.0,1213.36108,1263.76398,1213.36108,1263.76398,139,407.0,7,STB,0.500995321423852
W9_tile_23_cell_178,tile_W9_23,W9,9w_1d,8919.0,8968.0,1265.18378,1273.13466,1265.18378,1273.13466,102,293.0,7,STB,0.372055521643569
W9_tile_23_cell_189,tile_W9_23,W9,9w_1d,8874.5,8021.5,1258.86567,1138.75059,1258.86567,1138.75059,37,98.0,2,vCTB2,0.498126475301852
W9_tile_23_cell_193,tile_W9_23,W9,9w_1d,7813.0,7433.0,1108.1539,1055.19536,1108.1539,1055.19536,44,122.0,2,EVT2,0.443094827594042
W9_tile_23_cell_196,tile_W9_23,W9,9w_1d,8909.0,8212.5,1263.76398,1165.86877,1263.76398,1165.86877,108,226.0,7,STB,0.661263539349431
W9_tile_23_cell_202,tile_W9_23,W9,9w_1d,8565.0,7389.0,1214.92286,1048.94824,1214.92286,1048.94824,57,133.0,2,EVT2,0.32534824832087
W9_tile_23_cell_204,tile_W9_23,W9,9w_1d,8248.5,8992.0,1169.98619,1276.54218,1169.98619,1276.54218,102,156.0,0,vCTB2,0.396402738079063
W9_tile_23_cell_21,tile_W9_23,W9,9w_1d,8620.0,7658.0,1222.73176,1087.14086,1222.73176,1087.14086,74,238.0,2,STB,0.248331813761947
W9_tile_23_cell_214,tile_W9_23,W9,9w_1d,7397.0,7558.0,1049.09022,1072.94286,1049.09022,1072.94286,58,153.0,2,EVT2,0.32920417322943
W9_tile_23_cell_215,tile_W9_23,W9,9w_1d,7395.0,7446.0,1048.80626,1057.0411,1048.80626,1057.0411,53,164.0,2,EVT2,0.317719575211822
W9_tile_23_cell_217,tile_W9_23,W9,9w_1d,8503.0,8765.0,1206.1201,1244.31272,1206.1201,1244.31272,130,274.0,0,STB,0.34925464847926
W9_tile_23_cell_226,tile_W9_23,W9,9w_1d,7444.0,7529.0,1055.76328,1068.82544,1055.76328,1068.82544,67,245.0,2,EVT2,0.329702414301638
W9_tile_23_cell_228,tile_W9_23,W9,9w_1d,8001.0,8021.0,1134.84614,1138.6796,1134.84614,1138.6796,128,211.0,3,Fibroblast2,0.750526455432698
W9_tile_23_cell_229,tile_W9_23,W9,9w_1d,8482.0,7433.0,1203.13852,1055.19536,1203.13852,1055.19536,65,271.0,2,vCTB2,0.443097258266536
W9_tile_23_cell_234,tile_W9_23,W9,9w_1d,9098.0,7574.0,1290.5982,1075.21454,1290.5982,1075.21454,155,217.0,8,Fibroblast1,0.927430258254955
W9_tile_23_cell_237,tile_W9_23,W9,9w_1d,9129.0,8604.0,1294.99958,1221.45394,1294.99958,1221.45394,254,671.0,10,unknown3,0.434910738881443
W9_tile_23_cell_238,tile_W9_23,W9,9w_1d,8732.0,7735.5,1238.63352,1098.14431,1238.63352,1098.14431,206,772.0,10,STB,0.438880481506341
W9_tile_23_cell_240,tile_W9_23,W9,9w_1d,8967.0,7393.0,1271.99882,1049.51616,1271.99882,1049.51616,92,124.0,4,Fibroblast1,0.455184061878698
W9_tile_23_cell_243,tile_W9_23,W9,9w_1d,8853.5,7890.0,1255.88409,1120.08022,1255.88409,1120.08022,69,336.0,2,vCTB2,0.326268422776939
W9_tile_23_cell_244,tile_W9_23,W9,9w_1d,9181.0,8532.0,1302.38254,1211.23138,1302.38254,1211.23138,175,276.0,5,STB,0.323020304094086
W9_tile_23_cell_246,tile_W9_23,W9,9w_1d,7769.0,9180.0,1101.90678,1303.23442,1101.90678,1303.23442,40,80.0,2,vCTB2,0.451580644146233
W9_tile_23_cell_247,tile_W9_23,W9,9w_1d,9198.5,7705.0,1304.86719,1093.81392,1304.86719,1093.81392,81,152.0,0,vCTB2,0.540834856026034
W9_tile_23_cell_258,tile_W9_23,W9,9w_1d,8863.0,8389.0,1257.2329,1190.92824,1257.2329,1190.92824,54,104.0,2,vCTB2,0.43436110792709
W9_tile_23_cell_265,tile_W9_23,W9,9w_1d,8627.0,7433.0,1223.72562,1055.19536,1223.72562,1055.19536,204,510.0,10,STB,0.612570165964481
W9_tile_23_cell_267,tile_W9_23,W9,9w_1d,7474.0,7799.5,1060.02268,1107.23103,1060.02268,1107.23103,74,268.0,2,vCTB2,0.34058698745421
W9_tile_23_cell_272,tile_W9_23,W9,9w_1d,8719.0,8092.5,1236.78778,1148.83117,1236.78778,1148.83117,156,278.0,0,STB,0.432893684121161
W9_tile_23_cell_277,tile_W9_23,W9,9w_1d,9181.0,8209.0,1302.38254,1165.37184,1302.38254,1165.37184,171,345.0,10,STB,0.380979536156981
W9_tile_23_cell_278,tile_W9_23,W9,9w_1d,8366.0,9199.0,1186.66884,1305.93204,1186.66884,1305.93204,91,271.0,7,EVT2,0.395646536267949
W9_tile_23_cell_280,tile_W9_23,W9,9w_1d,8312.0,9022.0,1179.00192,1280.80158,1179.00192,1280.80158,64,125.0,2,vCTB2,0.440285003626611
W9_tile_23_cell_291,tile_W9_23,W9,9w_1d,8571.0,7495.0,1215.77474,1063.99812,1215.77474,1063.99812,65,206.0,2,vCTB2,0.375708253443201
W9_tile_23_cell_292,tile_W9_23,W9,9w_1d,9115.0,7666.0,1293.0118599999998,1088.2767,1293.0118599999998,1088.2767,111,169.0,0,vCTB2,0.55077192500922
W9_tile_23_cell_300,tile_W9_23,W9,9w_1d,9196.0,8260.5,1304.51224,1172.68381,1304.51224,1172.68381,113,180.0,0,STB,0.263923466163178
W9_tile_23_cell_306,tile_W9_23,W9,9w_1d,9103.0,7712.5,1291.3081,1094.87877,1291.3081,1094.87877,103,156.0,0,vCTB2,0.526380739484811
W9_tile_23_cell_307,tile_W9_23,W9,9w_1d,7382.0,8130.5,1046.96052,1154.22641,1046.96052,1154.22641,47,120.0,2,vCTB2,0.371506717844834
W9_tile_23_cell_309,tile_W9_23,W9,9w_1d,8265.0,9078.0,1172.3288599999998,1288.75246,1172.3288599999998,1288.75246,213,738.0,10,STB,0.360658080941664
W9_tile_23_cell_311,tile_W9_23,W9,9w_1d,8452.0,9123.0,1198.87912,1295.14156,1198.87912,1295.14156,65,195.0,2,EVT2,0.325389683779599
W9_tile_23_cell_318,tile_W9_23,W9,9w_1d,7399.5,7618.0,1049.44517,1081.46166,1049.44517,1081.46166,29,92.0,2,vCTB2,0.507860026054662
W9_tile_23_cell_321,tile_W9_23,W9,9w_1d,9137.0,8754.5,1296.13542,1242.82193,1296.13542,1242.82193,188,520.0,10,STB,0.873836381475279
W9_tile_23_cell_326,tile_W9_23,W9,9w_1d,8149.0,9080.0,1155.85918,1289.03642,1155.85918,1289.03642,170,331.0,5,unknown3,0.310924177413862
W9_tile_23_cell_328,tile_W9_23,W9,9w_1d,8068.5,9074.0,1144.42979,1288.18454,1144.42979,1288.18454,141,256.0,5,STB,0.660819207081531
W9_tile_23_cell_339,tile_W9_23,W9,9w_1d,7536.0,7388.0,1068.82544,1048.80626,1068.82544,1048.80626,52,158.0,2,EVT2,0.372628538448913
W9_tile_23_cell_345,tile_W9_23,W9,9w_1d,9052.0,7724.0,1284.06712,1096.51154,1284.06712,1096.51154,101,125.0,0,vCTB2,0.504030482322695
W9_tile_23_cell_349,tile_W9_23,W9,9w_1d,8204.0,9112.0,1163.66808,1293.57978,1163.66808,1293.57978,85,140.0,7,vCTB2,0.462516199984894
W9_tile_23_cell_353,tile_W9_23,W9,9w_1d,8059.0,9190.0,1143.08098,1304.65422,1143.08098,1304.65422,158,270.0,5,vCTB2,0.302003135032037
W9_tile_23_cell_357,tile_W9_23,W9,9w_1d,7591.0,7735.0,1076.63434,1098.07332,1076.63434,1098.07332,139,765.0,7,STB,0.263443087354582
W9_tile_23_cell_368,tile_W9_23,W9,9w_1d,7610.0,9151.0,1079.33196,1299.117,1079.33196,1299.117,33,89.0,2,vCTB2,0.549116251291344
W9_tile_23_cell_37,tile_W9_23,W9,9w_1d,9203.0,8423.0,1305.5061,1195.75556,1305.5061,1195.75556,125,185.0,0,vCTB2,0.320698226526244
W9_tile_23_cell_375,tile_W9_23,W9,9w_1d,9073.0,7421.0,1287.0487,1053.4916,1287.0487,1053.4916,172,275.0,3,Fibroblast2,1.0
W9_tile_23_cell_381,tile_W9_23,W9,9w_1d,9165.0,8082.0,1300.11086,1147.34038,1300.11086,1147.34038,60,183.0,2,vCTB2,0.359910089079588
W9_tile_23_cell_384,tile_W9_23,W9,9w_1d,8181.0,9203.0,1160.40254,1306.49996,1160.40254,1306.49996,74,111.0,2,vCTB2,0.38842598011431
W9_tile_23_cell_387,tile_W9_23,W9,9w_1d,8819.0,8535.0,1250.98578,1211.65732,1250.98578,1211.65732,87,316.0,2,EVT2,0.382576124824633
W9_tile_23_cell_388,tile_W9_23,W9,9w_1d,8553.0,7442.0,1213.2191,1056.47318,1213.2191,1056.47318,94,350.0,2,EVT2,0.309027055657049
W9_tile_23_cell_39,tile_W9_23,W9,9w_1d,8075.0,7388.0,1145.35266,1048.80626,1145.35266,1048.80626,59,175.0,2,vCTB2,0.354464462524718
W9_tile_23_cell_399,tile_W9_23,W9,9w_1d,8023.0,8812.0,1137.9697,1250.98578,1137.9697,1250.98578,90,148.0,0,vCTB2,0.737559628216377
W9_tile_23_cell_404,tile_W9_23,W9,9w_1d,8443.0,8808.0,1197.6013,1250.41786,1197.6013,1250.41786,136,261.0,0,vCTB2,0.552590720799155
W9_tile_23_cell_408,tile_W9_23,W9,9w_1d,8824.0,8187.0,1251.69568,1162.24828,1251.69568,1162.24828,98,184.0,0,vCTB2,0.562779862581225
W9_tile_23_cell_418,tile_W9_23,W9,9w_1d,8458.0,8942.0,1199.731,1269.44318,1199.731,1269.44318,84,178.0,2,EVT2,0.266561596161765
W9_tile_23_cell_419,tile_W9_23,W9,9w_1d,7657.5,9185.5,1086.07601,1304.01531,1086.07601,1304.01531,42,106.0,2,EVT2,0.414125923275589
W9_tile_23_cell_420,tile_W9_23,W9,9w_1d,8873.0,8285.0,1258.6527,1176.16232,1258.6527,1176.16232,109,251.0,0,STB,0.430328877760605
W9_tile_23_cell_421,tile_W9_23,W9,9w_1d,7824.0,7731.0,1109.71568,1097.5054,1109.71568,1097.5054,179,431.0,10,STB,0.80956007406353
W9_tile_23_cell_424,tile_W9_23,W9,9w_1d,8754.0,8018.0,1241.75708,1138.25366,1241.75708,1138.25366,195,655.0,10,STB,0.870311023339253
W9_tile_23_cell_425,tile_W9_23,W9,9w_1d,7522.0,8077.0,1066.83772,1146.63048,1066.83772,1146.63048,84,121.0,0,vCTB2,0.637431815978032
W9_tile_23_cell_428,tile_W9_23,W9,9w_1d,8693.0,8650.0,1233.0963,1227.9850199999998,1233.0963,1227.9850199999998,103,317.0,7,STB,0.321830064774124
W9_tile_23_cell_430,tile_W9_23,W9,9w_1d,8649.0,9177.0,1226.84918,1302.80848,1226.84918,1302.80848,51,101.0,2,vCTB2,0.356644489469272
W9_tile_23_cell_431,tile_W9_23,W9,9w_1d,8371.0,9091.0,1187.37874,1290.5982,1187.37874,1290.5982,55,203.0,2,vCTB2,0.3219367675457
W9_tile_23_cell_434,tile_W9_23,W9,9w_1d,8430.5,8884.0,1195.82655,1261.20834,1195.82655,1261.20834,60,98.0,0,vCTB2,0.516583618293398
W9_tile_23_cell_437,tile_W9_23,W9,9w_1d,7411.5,7391.5,1051.14893,1049.30319,1051.14893,1049.30319,46,112.0,2,vCTB2,0.438741886274764
W9_tile_23_cell_438,tile_W9_23,W9,9w_1d,7556.0,8279.0,1071.66504,1175.31044,1071.66504,1175.31044,269,882.0,10,unknown3,0.352835120194503
W9_tile_23_cell_440,tile_W9_23,W9,9w_1d,8393.0,8939.0,1190.5023,1269.01724,1190.5023,1269.01724,126,266.0,0,vCTB2,0.536166216849002
W9_tile_23_cell_441,tile_W9_23,W9,9w_1d,8315.5,8715.0,1179.49885,1237.21372,1179.49885,1237.21372,229,412.0,5,vCTBp,0.366377999309793
W9_tile_23_cell_444,tile_W9_23,W9,9w_1d,7417.0,8117.0,1051.92982,1152.30968,1051.92982,1152.30968,47,138.0,2,vCTB2,0.356833580153637
W9_tile_23_cell_446,tile_W9_23,W9,9w_1d,7594.0,9205.5,1077.06028,1306.85491,1077.06028,1306.85491,30,82.0,2,vCTB2,0.507097427416539
W9_tile_23_cell_45,tile_W9_23,W9,9w_1d,7808.5,8585.0,1107.51499,1218.75632,1107.51499,1218.75632,228,536.0,5,unknown3,0.373425266376396
W9_tile_23_cell_452,tile_W9_23,W9,9w_1d,8316.0,7921.0,1179.56984,1124.4816,1179.56984,1124.4816,66,108.0,0,vCTB2,0.557994131196053
W9_tile_23_cell_453,tile_W9_23,W9,9w_1d,8700.0,8774.0,1234.09016,1245.59054,1234.09016,1245.59054,177,590.0,7,STB,0.475745280324188
W9_tile_23_cell_455,tile_W9_23,W9,9w_1d,8376.0,8848.0,1188.08864,1256.09706,1188.08864,1256.09706,142,319.0,0,vCTB2,0.493630923506353
W9_tile_23_cell_457,tile_W9_23,W9,9w_1d,8008.0,9128.0,1135.84,1295.85146,1135.84,1295.85146,152,296.0,10,STB,0.591442985722766
W9_tile_23_cell_461,tile_W9_23,W9,9w_1d,8615.0,9202.0,1222.02186,1306.35798,1222.02186,1306.35798,58,149.0,2,vCTB2,0.312358879006435
W9_tile_23_cell_464,tile_W9_23,W9,9w_1d,8255.5,9212.0,1170.98005,1307.77778,1170.98005,1307.77778,44,110.0,2,EVT2,0.401129760826485
W9_tile_23_cell_465,tile_W9_23,W9,9w_1d,8552.0,8576.0,1213.07712,1217.4785,1213.07712,1217.4785,114,197.0,0,vCTB2,0.640584541769063
W9_tile_23_cell_466,tile_W9_23,W9,9w_1d,8964.5,7781.0,1271.64387,1104.6044,1271.64387,1104.6044,228,504.0,10,unknown3,0.395463753385288
W9_tile_23_cell_470,tile_W9_23,W9,9w_1d,8839.0,8912.0,1253.82538,1265.18378,1253.82538,1265.18378,164,643.0,7,EVT3,0.435202776566997
W9_tile_23_cell_472,tile_W9_23,W9,9w_1d,7936.0,8788.0,1125.61744,1247.57826,1125.61744,1247.57826,108,226.0,0,vCTB2,0.336261855990514
W9_tile_23_cell_475,tile_W9_23,W9,9w_1d,7839.0,7408.0,1111.84538,1051.64586,1111.84538,1051.64586,52,122.0,2,EVT2,0.332736526593076
W9_tile_23_cell_476,tile_W9_23,W9,9w_1d,8124.0,7768.5,1152.30968,1102.82965,1152.30968,1102.82965,179,468.0,10,STB,0.667638448229876
W9_tile_23_cell_478,tile_W9_23,W9,9w_1d,7711.0,9210.0,1093.67194,1307.49382,1093.67194,1307.49382,50,100.0,2,vCTB2,0.368145688000929
W9_tile_23_cell_480,tile_W9_23,W9,9w_1d,9197.0,8768.0,1304.65422,1244.73866,1304.65422,1244.73866,58,91.0,0,vCTB2,0.527857179852227
W9_tile_23_cell_484,tile_W9_23,W9,9w_1d,8550.0,8797.0,1212.79316,1248.85608,1212.79316,1248.85608,103,283.0,7,STB,0.53330517582309
W9_tile_23_cell_488,tile_W9_23,W9,9w_1d,8693.0,8561.0,1233.0963,1215.3488,1233.0963,1215.3488,114,372.0,7,vCTB2,0.286807032369339
W9_tile_23_cell_49,tile_W9_23,W9,9w_1d,8191.0,8891.0,1161.82234,1262.2022,1161.82234,1262.2022,224,487.0,5,STB,0.380015247562534
W9_tile_23_cell_492,tile_W9_23,W9,9w_1d,8765.0,8215.0,1243.31886,1166.22372,1243.31886,1166.22372,153,304.0,10,STB,0.632132627044719
W9_tile_23_cell_496,tile_W9_23,W9,9w_1d,8473.0,9035.0,1201.8607,1282.64732,1201.8607,1282.64732,52,119.0,2,STB,0.381716471350991
W9_tile_23_cell_500,tile_W9_23,W9,9w_1d,9203.5,8810.5,1305.57709,1250.77281,1305.57709,1250.77281,69,122.0,2,vCTB2,0.292319745827163
W9_tile_23_cell_503,tile_W9_23,W9,9w_1d,9054.0,8240.5,1284.35108,1169.84421,1284.35108,1169.84421,45,90.0,2,EVT2,0.301897077077684
W9_tile_23_cell_504,tile_W9_23,W9,9w_1d,7609.0,7919.0,1079.18998,1124.19764,1079.18998,1124.19764,66,103.0,0,vCTB2,0.70433599770392
W9_tile_23_cell_507,tile_W9_23,W9,9w_1d,7601.0,7801.5,1078.05414,1107.51499,1078.05414,1107.51499,107,252.0,7,STB,0.521943452190725
W9_tile_23_cell_508,tile_W9_23,W9,9w_1d,9175.0,8468.0,1301.53066,1202.14466,1301.53066,1202.14466,133,194.0,5,STB,0.43660676853784
W9_tile_23_cell_509,tile_W9_23,W9,9w_1d,9177.0,7842.0,1301.81462,1113.26518,1301.81462,1113.26518,175,425.0,7,STB,0.625835623243202
W9_tile_23_cell_516,tile_W9_23,W9,9w_1d,8450.0,7952.0,1198.59516,1128.88298,1198.59516,1128.88298,108,339.0,7,vCTB2,0.35469672934143
W9_tile_23_cell_518,tile_W9_23,W9,9w_1d,8882.0,7818.0,1259.93052,1109.85766,1259.93052,1109.85766,103,199.0,7,vCTB2,0.391570651981466
W9_tile_23_cell_523,tile_W9_23,W9,9w_1d,7887.0,7652.0,1118.66042,1086.28898,1118.66042,1086.28898,91,242.0,2,STB,0.314592820161881
W9_tile_23_cell_528,tile_W9_23,W9,9w_1d,8109.5,7392.0,1150.25097,1049.37418,1150.25097,1049.37418,26,92.0,2,vCTB2,0.569843093373809
W9_tile_23_cell_531,tile_W9_23,W9,9w_1d,7553.5,8353.0,1071.31009,1185.81696,1071.31009,1185.81696,63,194.0,2,EVT2,0.373550069460228
W9_tile_23_cell_54,tile_W9_23,W9,9w_1d,8301.0,8904.0,1177.44014,1264.04794,1177.44014,1264.04794,95,160.0,0,vCTB2,0.668273424787674
W9_tile_23_cell_540,tile_W9_23,W9,9w_1d,7542.0,7877.0,1069.67732,1118.2344799999998,1069.67732,1118.2344799999998,205,513.0,10,STB,0.70397240338052
W9_tile_23_cell_547,tile_W9_23,W9,9w_1d,7417.5,7849.0,1052.00081,1114.25904,1052.00081,1114.25904,58,184.0,2,vCTB2,0.374436763317913
W9_tile_23_cell_553,tile_W9_23,W9,9w_1d,9207.0,8336.0,1306.07402,1183.4033,1306.07402,1183.4033,95,168.0,0,vCTB2,0.425201397841218
W9_tile_23_cell_554,tile_W9_23,W9,9w_1d,8869.0,8145.0,1258.08478,1156.28512,1258.08478,1156.28512,123,313.0,7,STB,0.637888224065885
W9_tile_23_cell_562,tile_W9_23,W9,9w_1d,8327.0,8968.5,1181.13162,1273.20565,1181.13162,1273.20565,133,302.0,0,vCTB2,0.5437430467635
W9_tile_23_cell_566,tile_W9_23,W9,9w_1d,7740.0,7417.0,1097.78936,1052.92368,1097.78936,1052.92368,137,540.0,7,STB,0.582996898882902
W9_tile_23_cell_568,tile_W9_23,W9,9w_1d,9003.5,8145.5,1277.18109,1156.35611,1277.18109,1156.35611,43,98.0,2,EVT2,0.352327107522722
W9_tile_23_cell_569,tile_W9_23,W9,9w_1d,9205.0,8064.0,1305.79006,1144.78474,1305.79006,1144.78474,118,312.0,7,STB,0.509732577916086
W9_tile_23_cell_57,tile_W9_23,W9,9w_1d,7616.0,7865.0,1080.18384,1116.53072,1080.18384,1116.53072,144,263.0,10,STB,0.749969610644662
W9_tile_23_cell_574,tile_W9_23,W9,9w_1d,8557.0,8167.0,1213.78702,1159.40868,1213.78702,1159.40868,185,377.0,5,unknown3,0.299496095665333
W9_tile_23_cell_576,tile_W9_23,W9,9w_1d,8100.0,8937.0,1148.90216,1268.73328,1148.90216,1268.73328,349,1103.0,5,unknown3,0.466892713944987
W9_tile_23_cell_577,tile_W9_23,W9,9w_1d,8956.5,7511.0,1270.50803,1066.2698,1270.50803,1066.2698,208,348.0,8,Fibroblast1,0.913588778112331
W9_tile_23_cell_581,tile_W9_23,W9,9w_1d,8909.0,8880.0,1263.76398,1260.64042,1263.76398,1260.64042,140,513.0,7,STB,0.409331491657091
W9_tile_23_cell_591,tile_W9_23,W9,9w_1d,7470.0,7419.0,1059.45476,1053.20764,1059.45476,1053.20764,121,422.0,7,STB,0.233268086566572
W9_tile_23_cell_595,tile_W9_23,W9,9w_1d,8031.0,7971.0,1139.10554,1131.5806,1139.10554,1131.5806,154,251.0,3,Fibroblast2,0.833956892092747
W9_tile_23_cell_602,tile_W9_23,W9,9w_1d,8281.0,7816.0,1174.60054,1109.5737,1174.60054,1109.5737,78,265.0,7,STB,0.331685942707846
W9_tile_23_cell_604,tile_W9_23,W9,9w_1d,8241.0,7824.0,1168.92134,1110.70954,1168.92134,1110.70954,122,326.0,7,STB,0.386877209206946
W9_tile_23_cell_606,tile_W9_23,W9,9w_1d,8792.5,8088.0,1247.22331,1148.19226,1247.22331,1148.19226,142,294.0,10,STB,0.685077119417341
W9_tile_23_cell_609,tile_W9_23,W9,9w_1d,7440.0,7916.0,1055.19536,1123.7717,1055.19536,1123.7717,46,101.0,2,vCTB2,0.542637174948648
W9_tile_23_cell_610,tile_W9_23,W9,9w_1d,9206.0,7760.5,1305.93204,1101.69381,1305.93204,1101.69381,93,176.0,0,EVT2,0.314386391160815
W9_tile_23_cell_615,tile_W9_23,W9,9w_1d,8422.0,9081.0,1194.61972,1289.1784,1194.61972,1289.1784,98,239.0,7,STB,0.434071833004989
W9_tile_23_cell_617,tile_W9_23,W9,9w_1d,8437.0,7402.0,1196.74942,1050.79398,1196.74942,1050.79398,43,127.0,2,vCTB2,0.408107950795326
W9_tile_23_cell_618,tile_W9_23,W9,9w_1d,7813.0,7632.5,1108.1539,1083.52037,1108.1539,1083.52037,150,498.0,7,STB,0.596032801652364
W9_tile_23_cell_621,tile_W9_23,W9,9w_1d,7876.0,7406.0,1117.09864,1051.3619,1117.09864,1051.3619,42,109.0,2,vCTB2,0.515468432258724
W9_tile_23_cell_628,tile_W9_23,W9,9w_1d,7929.0,7385.0,1124.62358,1048.38032,1124.62358,1048.38032,43,101.0,2,vCTB2,0.414637677322163
W9_tile_23_cell_629,tile_W9_23,W9,9w_1d,8845.0,8697.0,1254.67726,1234.65808,1254.67726,1234.65808,74,313.0,2,vCTB2,0.347243959220512
W9_tile_23_cell_631,tile_W9_23,W9,9w_1d,7993.5,7872.0,1133.78129,1117.52458,1133.78129,1117.52458,134,206.0,12,Fibroblast1,0.551390327193243
W9_tile_23_cell_637,tile_W9_23,W9,9w_1d,7931.0,7604.0,1124.90754,1079.47394,1124.90754,1079.47394,122,510.0,7,EVT2,0.331868001878478
W9_tile_23_cell_641,tile_W9_23,W9,9w_1d,7397.0,7935.0,1049.09022,1126.46932,1049.09022,1126.46932,125,433.0,7,EVT2,0.438402400128764
W9_tile_23_cell_643,tile_W9_23,W9,9w_1d,8651.0,8744.0,1227.13314,1241.33114,1227.13314,1241.33114,42,83.0,2,vCTB2,0.362650252497114
W9_tile_23_cell_644,tile_W9_23,W9,9w_1d,7481.0,7910.0,1061.0165399999998,1122.91982,1061.0165399999998,1122.91982,95,203.0,7,STB,0.432209269088943
W9_tile_23_cell_653,tile_W9_23,W9,9w_1d,8929.0,9053.0,1266.60358,1285.2029599999998,1266.60358,1285.2029599999998,116,401.0,7,EVT2,0.268618503343557
W9_tile_23_cell_655,tile_W9_23,W9,9w_1d,8608.0,8141.0,1221.028,1155.7172,1221.028,1155.7172,91,169.0,0,vCTB2,0.735171280136631
W9_tile_23_cell_658,tile_W9_23,W9,9w_1d,8886.0,8041.0,1260.4984399999998,1141.5192,1260.4984399999998,1141.5192,83,281.0,2,EVT2,0.234947099973023
W9_tile_23_cell_661,tile_W9_23,W9,9w_1d,8663.0,8704.0,1228.8369,1235.65194,1228.8369,1235.65194,55,138.0,2,vCTB2,0.37090765875286
W9_tile_23_cell_667,tile_W9_23,W9,9w_1d,8049.0,8230.0,1141.66118,1168.35342,1141.66118,1168.35342,162,261.0,3,Fibroblast2,0.943944400769342
W9_tile_23_cell_674,tile_W9_23,W9,9w_1d,8178.0,7734.0,1159.9766,1097.93134,1159.9766,1097.93134,198,1011.0,7,STB,0.709559641738233
W9_tile_23_cell_676,tile_W9_23,W9,9w_1d,8830.0,8107.0,1252.54756,1150.88988,1252.54756,1150.88988,64,99.0,2,vCTB2,0.49492706368528
W9_tile_23_cell_684,tile_W9_23,W9,9w_1d,8679.0,7488.0,1231.1085799999998,1063.00426,1231.1085799999998,1063.00426,126,221.0,0,vCTB2,0.501988737868689
W9_tile_23_cell_688,tile_W9_23,W9,9w_1d,7787.0,9120.0,1104.46242,1294.71562,1104.46242,1294.71562,117,352.0,7,EVT2,0.339039083048884
W9_tile_23_cell_69,tile_W9_23,W9,9w_1d,8906.0,7520.0,1263.33804,1067.54762,1263.33804,1067.54762,75,93.0,4,vCTB2,0.252089495411133
W9_tile_23_cell_691,tile_W9_23,W9,9w_1d,7500.0,7988.0,1063.71416,1133.99426,1063.71416,1133.99426,201,473.0,5,STB,0.462073820145172
W9_tile_23_cell_692,tile_W9_23,W9,9w_1d,8337.0,9078.0,1182.55142,1288.75246,1182.55142,1288.75246,55,121.0,2,STB,0.291629210650223
W9_tile_23_cell_707,tile_W9_23,W9,9w_1d,8483.0,8883.0,1203.2804999999998,1261.06636,1203.2804999999998,1261.06636,106,219.0,0,vCTB2,0.396753793326028
W9_tile_23_cell_712,tile_W9_23,W9,9w_1d,8906.0,7904.0,1263.33804,1122.06794,1263.33804,1122.06794,68,264.0,2,vCTB2,0.321599192126253
W9_tile_23_cell_715,tile_W9_23,W9,9w_1d,7455.0,8070.0,1057.32506,1145.63662,1057.32506,1145.63662,124,313.0,7,vCTB2,0.399125175452367
W9_tile_23_cell_717,tile_W9_23,W9,9w_1d,8939.0,7938.0,1268.02338,1126.89526,1268.02338,1126.89526,49,130.0,2,EVT2,0.408325024203938
W9_tile_23_cell_719,tile_W9_23,W9,9w_1d,7502.0,8206.0,1063.99812,1164.9459,1063.99812,1164.9459,138,330.0,10,vCTB2,0.263482287122134
W9_tile_23_cell_722,tile_W9_23,W9,9w_1d,9112.0,8447.0,1292.58592,1199.16308,1292.58592,1199.16308,109,305.0,7,EVT2,0.313156247646822
W9_tile_23_cell_723,tile_W9_23,W9,9w_1d,8943.0,8291.0,1268.5913,1177.0141999999998,1268.5913,1177.0141999999998,141,351.0,7,STB,0.715073007897077
W9_tile_23_cell_728,tile_W9_23,W9,9w_1d,7703.0,9129.0,1092.5361,1295.99344,1092.5361,1295.99344,101,303.0,2,EVT2,0.31173540617397
W9_tile_23_cell_729,tile_W9_23,W9,9w_1d,9152.0,8152.0,1298.26512,1157.27898,1298.26512,1157.27898,143,428.0,7,STB,0.662862584353087
W9_tile_23_cell_73,tile_W9_23,W9,9w_1d,7468.0,8160.0,1059.1708,1158.41482,1059.1708,1158.41482,185,643.0,10,STB,0.58760886217786
W9_tile_23_cell_732,tile_W9_23,W9,9w_1d,8533.0,7521.0,1210.3795,1067.6896,1210.3795,1067.6896,63,177.0,2,STB,0.321846944674835
W9_tile_23_cell_734,tile_W9_23,W9,9w_1d,8428.0,9021.0,1195.4716,1280.6596,1195.4716,1280.6596,100,318.0,7,STB,0.358067989208488
W9_tile_23_cell_740,tile_W9_23,W9,9w_1d,7634.0,8350.0,1082.73948,1185.39102,1082.73948,1185.39102,184,429.0,5,STB,0.313558415269055
W9_tile_23_cell_75,tile_W9_23,W9,9w_1d,8978.0,7890.0,1273.5606,1120.08022,1273.5606,1120.08022,152,543.0,7,STB,0.650116708846627
W9_tile_23_cell_751,tile_W9_23,W9,9w_1d,7748.0,8637.0,1098.9252,1226.13928,1098.9252,1226.13928,219,756.0,10,STB,0.35823593488641
W9_tile_23_cell_756,tile_W9_23,W9,9w_1d,8198.0,8449.5,1162.8162,1199.51803,1162.8162,1199.51803,109,166.0,8,Fibroblast1,0.432193267720914
W9_tile_23_cell_765,tile_W9_23,W9,9w_1d,8839.0,9186.0,1253.82538,1304.0863,1253.82538,1304.0863,123,651.0,7,EVT2,0.348344996573508
W9_tile_23_cell_766,tile_W9_23,W9,9w_1d,8481.0,9191.0,1202.99654,1304.7962,1202.99654,1304.7962,64,192.0,2,vCTB2,0.453544779561124
W9_tile_23_cell_767,tile_W9_23,W9,9w_1d,8413.0,9157.0,1193.3419,1299.96888,1193.3419,1299.96888,72,245.0,2,vCTB2,0.320139089381594
W9_tile_23_cell_768,tile_W9_23,W9,9w_1d,8550.0,9151.0,1212.79316,1299.117,1212.79316,1299.117,82,191.0,7,STB,0.310058610517034
W9_tile_23_cell_769,tile_W9_23,W9,9w_1d,8678.0,9109.0,1230.9666,1293.15384,1230.9666,1293.15384,178,642.0,7,EVT3,0.485173108592683
W9_tile_23_cell_77,tile_W9_23,W9,9w_1d,7789.0,8853.0,1104.74638,1256.80696,1104.74638,1256.80696,137,515.0,7,STB,0.369777959392749
W9_tile_23_cell_770,tile_W9_23,W9,9w_1d,8751.0,9134.0,1241.33114,1296.70334,1241.33114,1296.70334,127,365.0,7,EVT3,0.576116140500165
W9_tile_23_cell_772,tile_W9_23,W9,9w_1d,8738.0,9045.0,1239.4854,1284.06712,1239.4854,1284.06712,127,386.0,7,STB,0.300873977138387
W9_tile_23_cell_773,tile_W9_23,W9,9w_1d,8573.0,9059.0,1216.0587,1286.05484,1216.0587,1286.05484,202,862.0,7,EVT3,0.443723540736108
W9_tile_23_cell_774,tile_W9_23,W9,9w_1d,7728.0,9055.0,1096.0856,1285.48692,1096.0856,1285.48692,124,408.0,7,STB,0.543286726047523
W9_tile_23_cell_775,tile_W9_23,W9,9w_1d,7968.5,9049.0,1130.23179,1284.63504,1130.23179,1284.63504,216,512.0,5,unknown3,0.381341075769772
W9_tile_23_cell_776,tile_W9_23,W9,9w_1d,7762.0,9014.0,1100.91292,1279.66574,1100.91292,1279.66574,55,107.0,2,EVT2,0.339492559451199
W9_tile_23_cell_777,tile_W9_23,W9,9w_1d,7861.5,9059.0,1115.03993,1286.05484,1115.03993,1286.05484,189,490.0,10,STB,0.46921632780487
W9_tile_23_cell_778,tile_W9_23,W9,9w_1d,9019.5,8992.5,1279.45277,1276.61317,1279.45277,1276.61317,101,342.0,7,EVT2,0.25746133537862
W9_tile_23_cell_78,tile_W9_23,W9,9w_1d,7852.0,8235.0,1113.69112,1169.06332,1113.69112,1169.06332,322,852.0,8,Fibroblast1,0.562606036523989
W9_tile_23_cell_780,tile_W9_23,W9,9w_1d,7830.0,8976.0,1110.56756,1274.2705,1110.56756,1274.2705,122,225.0,0,EVT2,0.624177271457812
W9_tile_23_cell_782,tile_W9_23,W9,9w_1d,8611.0,8969.0,1221.45394,1273.27664,1221.45394,1273.27664,160,654.0,7,EVT3,0.508515211923788
W9_tile_23_cell_783,tile_W9_23,W9,9w_1d,7900.0,8951.0,1120.50616,1270.721,1120.50616,1270.721,159,361.0,5,vCTB2,0.319868864896385
W9_tile_23_cell_784,tile_W9_23,W9,9w_1d,7703.0,8966.5,1092.5361,1272.92169,1092.5361,1272.92169,117,392.0,7,STB,0.503258535854076
W9_tile_23_cell_786,tile_W9_23,W9,9w_1d,7779.0,8942.0,1103.32658,1269.44318,1103.32658,1269.44318,116,299.0,7,vCTB2,0.320919489807765
W9_tile_23_cell_787,tile_W9_23,W9,9w_1d,8732.0,8919.0,1238.63352,1266.17764,1238.63352,1266.17764,303,1533.0,7,EVT3,0.461283985884953
W9_tile_23_cell_788,tile_W9_23,W9,9w_1d,7987.0,8955.0,1132.85842,1271.28892,1132.85842,1271.28892,128,242.0,0,vCTB2,0.443536117953174
W9_tile_23_cell_789,tile_W9_23,W9,9w_1d,8985.0,8929.0,1274.55446,1267.59744,1274.55446,1267.59744,121,488.0,7,EVT2,0.286193143093374
W9_tile_23_cell_79,tile_W9_23,W9,9w_1d,8160.0,8358.0,1157.42096,1186.52686,1157.42096,1186.52686,226,418.0,3,Fibroblast2,0.81830080707169
W9_tile_23_cell_790,tile_W9_23,W9,9w_1d,8002.0,8902.0,1134.98812,1263.76398,1134.98812,1263.76398,137,307.0,0,STB,0.565804298154637
W9_tile_23_cell_791,tile_W9_23,W9,9w_1d,7728.0,8897.5,1096.0856,1263.12507,1096.0856,1263.12507,81,268.0,2,vCTB2,0.315875739099287
W9_tile_23_cell_794,tile_W9_23,W9,9w_1d,7946.0,8877.0,1127.03724,1260.21448,1127.03724,1260.21448,90,179.0,0,vCTB2,0.635846131770113
W9_tile_23_cell_795,tile_W9_23,W9,9w_1d,7875.0,8839.0,1116.95666,1254.81924,1116.95666,1254.81924,148,368.0,10,STB,0.475052366815416
W9_tile_23_cell_805,tile_W9_23,W9,9w_1d,8809.0,8781.0,1249.56598,1246.5844,1249.56598,1246.5844,188,725.0,7,STB,0.755241264928845
W9_tile_23_cell_806,tile_W9_23,W9,9w_1d,8887.0,8780.0,1260.64042,1246.44242,1260.64042,1246.44242,82,353.0,7,EVT2,0.373083079128968
W9_tile_23_cell_807,tile_W9_23,W9,9w_1d,7738.5,8795.0,1097.57639,1248.57212,1097.57639,1248.57212,32,106.0,2,vCTB2,0.415408258685307
W9_tile_23_cell_809,tile_W9_23,W9,9w_1d,8277.5,8797.0,1174.10361,1248.85608,1174.10361,1248.85608,324,930.0,5,unknown3,0.457628761400004
W9_tile_23_cell_811,tile_W9_23,W9,9w_1d,7912.0,8730.0,1122.20992,1239.34342,1122.20992,1239.34342,112,224.0,0,vCTB2,0.423880893470834
W9_tile_23_cell_812,tile_W9_23,W9,9w_1d,7988.5,8789.0,1133.07139,1247.72024,1133.07139,1247.72024,86,164.0,0,vCTB2,0.760275069023247
W9_tile_23_cell_816,tile_W9_23,W9,9w_1d,7835.0,8720.0,1111.27746,1237.92362,1111.27746,1237.92362,239,789.0,10,unknown3,0.294277836491051
W9_tile_23_cell_817,tile_W9_23,W9,9w_1d,8386.0,8755.0,1189.50844,1242.89292,1189.50844,1242.89292,204,421.0,5,unknown3,0.387901405047088
W9_tile_23_cell_820,tile_W9_23,W9,9w_1d,8546.0,8682.0,1212.22524,1232.52838,1212.22524,1232.52838,192,498.0,5,STB,0.438845305557955
W9_tile_23_cell_822,tile_W9_23,W9,9w_1d,8198.0,8683.0,1162.8162,1232.6703599999998,1162.8162,1232.6703599999998,70,93.0,0,vCTB2,0.462119225311855
W9_tile_23_cell_824,tile_W9_23,W9,9w_1d,8778.0,8681.0,1245.1646,1232.3864,1245.1646,1232.3864,57,159.0,2,vCTB2,0.321977598245086
W9_tile_23_cell_826,tile_W9_23,W9,9w_1d,8340.5,8658.0,1183.04835,1229.12086,1183.04835,1229.12086,84,122.0,0,vCTB2,0.688227351123946
W9_tile_23_cell_827,tile_W9_23,W9,9w_1d,8474.0,8695.0,1202.00268,1234.37412,1202.00268,1234.37412,185,349.0,5,unknown3,0.393846177867485
W9_tile_23_cell_829,tile_W9_23,W9,9w_1d,7916.0,8682.0,1122.77784,1232.52838,1122.77784,1232.52838,87,140.0,0,vCTB2,0.690762597806852
W9_tile_23_cell_83,tile_W9_23,W9,9w_1d,7934.0,9163.0,1125.33348,1300.82076,1125.33348,1300.82076,82,121.0,0,vCTB2,0.57926287204639
W9_tile_23_cell_832,tile_W9_23,W9,9w_1d,8486.0,8623.0,1203.70644,1224.15156,1203.70644,1224.15156,175,303.0,5,vCTB2,0.319151880220313
W9_tile_23_cell_833,tile_W9_23,W9,9w_1d,8742.0,8619.0,1240.05332,1223.58364,1240.05332,1223.58364,135,506.0,7,STB,0.321953785919596
W9_tile_23_cell_835,tile_W9_23,W9,9w_1d,8179.0,8573.0,1160.11858,1217.05256,1160.11858,1217.05256,281,591.0,8,Endothelial_cells,0.69890923952909
W9_tile_23_cell_836,tile_W9_23,W9,9w_1d,8783.0,8567.0,1245.8745,1216.20068,1245.8745,1216.20068,39,170.0,2,vCTB2,0.458001149397917
W9_tile_23_cell_840,tile_W9_23,W9,9w_1d,8274.0,8506.0,1173.60668,1207.5399,1173.60668,1207.5399,94,181.0,11,vCTB2,0.328250008621791
W9_tile_23_cell_841,tile_W9_23,W9,9w_1d,8615.0,8592.0,1222.02186,1219.75018,1222.02186,1219.75018,249,939.0,10,STB,0.392984430972567
W9_tile_23_cell_844,tile_W9_23,W9,9w_1d,7629.0,8487.0,1082.02958,1204.8422799999998,1082.02958,1204.8422799999998,182,844.0,7,STB,0.61881493951591
W9_tile_23_cell_846,tile_W9_23,W9,9w_1d,7895.5,8528.0,1119.86725,1210.66346,1119.86725,1210.66346,74,102.0,12,EVT2,0.340128048349838
W9_tile_23_cell_847,tile_W9_23,W9,9w_1d,8559.0,8531.0,1214.07098,1211.0894,1214.07098,1211.0894,128,253.0,0,vCTB2,0.428367671710452
W9_tile_23_cell_848,tile_W9_23,W9,9w_1d,8816.0,8481.0,1250.55984,1203.9904,1250.55984,1203.9904,105,374.0,7,STB,0.376021011688446
W9_tile_23_cell_849,tile_W9_23,W9,9w_1d,8081.0,8550.0,1146.20454,1213.78702,1146.20454,1213.78702,139,215.0,8,Fibroblast1,0.863823415145742
W9_tile_23_cell_851,tile_W9_23,W9,9w_1d,8701.5,8494.0,1234.30313,1205.83614,1234.30313,1205.83614,176,488.0,10,STB,0.790709861927902
W9_tile_23_cell_852,tile_W9_23,W9,9w_1d,9097.0,8514.5,1290.45622,1208.74673,1290.45622,1208.74673,74,154.0,2,STB,0.352066478541296
W9_tile_23_cell_853,tile_W9_23,W9,9w_1d,7993.0,8496.0,1133.7103,1206.1201,1133.7103,1206.1201,199,329.0,8,Fibroblast1,0.831957220949351
W9_tile_23_cell_854,tile_W9_23,W9,9w_1d,7741.0,8499.0,1097.93134,1206.54604,1097.93134,1206.54604,186,373.0,5,STB,0.339996366372358
W9_tile_23_cell_855,tile_W9_23,W9,9w_1d,8116.0,8463.0,1151.17384,1201.43476,1151.17384,1201.43476,235,457.0,8,Fibroblast1,0.867654978519712
W9_tile_23_cell_857,tile_W9_23,W9,9w_1d,8590.0,8466.0,1218.47236,1201.8607,1218.47236,1201.8607,168,350.0,5,vCTB2,0.318135694586467
W9_tile_23_cell_858,tile_W9_23,W9,9w_1d,7976.0,8411.0,1131.29664,1194.0518,1131.29664,1194.0518,175,319.0,8,Fibroblast1,0.87379140560343
W9_tile_23_cell_859,tile_W9_23,W9,9w_1d,8757.0,8452.0,1242.18302,1199.87298,1242.18302,1199.87298,92,249.0,7,STB,0.293121920043027
W9_tile_23_cell_861,tile_W9_23,W9,9w_1d,7685.5,8432.0,1090.05145,1197.03338,1090.05145,1197.03338,275,754.0,10,unknown3,0.358780536465876
W9_tile_23_cell_862,tile_W9_23,W9,9w_1d,8730.5,8386.0,1238.42055,1190.5023,1238.42055,1190.5023,75,154.0,2,vCTB2,0.517535056243656
W9_tile_23_cell_863,tile_W9_23,W9,9w_1d,8937.0,8444.0,1267.73942,1198.73714,1267.73942,1198.73714,90,287.0,7,STB,0.381485653604665
W9_tile_23_cell_865,tile_W9_23,W9,9w_1d,8813.0,8405.0,1250.1339,1193.19992,1250.1339,1193.19992,147,430.0,7,STB,0.390921499768022
W9_tile_23_cell_867,tile_W9_23,W9,9w_1d,8943.0,8389.0,1268.5913,1190.92824,1268.5913,1190.92824,105,323.0,7,STB,0.292336778420444
W9_tile_23_cell_869,tile_W9_23,W9,9w_1d,8657.0,8408.0,1227.9850199999998,1193.62586,1227.9850199999998,1193.62586,274,769.0,5,unknown3,0.428769556883381
W9_tile_23_cell_87,tile_W9_23,W9,9w_1d,9160.0,8852.0,1299.40096,1256.66498,1299.40096,1256.66498,94,205.0,2,STB,0.364259384425146
W9_tile_23_cell_871,tile_W9_23,W9,9w_1d,8873.0,8350.0,1258.6527,1185.39102,1258.6527,1185.39102,107,248.0,7,EVT2,0.262266470495001
W9_tile_23_cell_872,tile_W9_23,W9,9w_1d,8060.0,8381.0,1143.22296,1189.7924,1143.22296,1189.7924,235,443.0,3,Fibroblast2,0.690228923827936
W9_tile_23_cell_873,tile_W9_23,W9,9w_1d,9006.0,8349.0,1277.53604,1185.24904,1277.53604,1185.24904,86,239.0,2,EVT2,0.259223090605746
W9_tile_23_cell_875,tile_W9_23,W9,9w_1d,9143.0,8347.0,1296.9873,1184.96508,1296.9873,1184.96508,122,285.0,7,STB,0.340222659923476
W9_tile_23_cell_876,tile_W9_23,W9,9w_1d,7926.0,8342.0,1124.19764,1184.25518,1124.19764,1184.25518,272,638.0,8,Fibroblast1,0.78844888517559
W9_tile_23_cell_877,tile_W9_23,W9,9w_1d,8789.0,8302.0,1246.72638,1178.57598,1246.72638,1178.57598,187,461.0,10,STB,0.814588104508458
W9_tile_23_cell_879,tile_W9_23,W9,9w_1d,8656.0,8286.0,1227.84304,1176.3043,1227.84304,1176.3043,220,585.0,5,unknown3,0.312396261182295
W9_tile_23_cell_882,tile_W9_23,W9,9w_1d,9030.5,8292.0,1281.01455,1177.15618,1281.01455,1177.15618,103,254.0,7,STB,0.51487015246948
W9_tile_23_cell_884,tile_W9_23,W9,9w_1d,8022.0,8281.0,1137.82772,1175.5944,1137.82772,1175.5944,129,221.0,3,Fibroblast2,0.768953245808638
W9_tile_23_cell_886,tile_W9_23,W9,9w_1d,8708.0,8188.0,1235.226,1162.39026,1235.226,1162.39026,143,256.0,5,vCTB2,0.413766909983837
W9_tile_23_cell_887,tile_W9_23,W9,9w_1d,9098.0,8199.0,1290.5982,1163.95204,1290.5982,1163.95204,93,288.0,2,STB,0.45466564956681
W9_tile_23_cell_888,tile_W9_23,W9,9w_1d,7585.0,8167.0,1075.78246,1159.40868,1075.78246,1159.40868,178,313.0,0,Fibroblast1,0.345447019261577
W9_tile_23_cell_890,tile_W9_23,W9,9w_1d,8193.0,8177.0,1162.1063,1160.82848,1162.1063,1160.82848,183,325.0,3,Fibroblast2,0.925469735196598
W9_tile_23_cell_891,tile_W9_23,W9,9w_1d,7706.0,8148.0,1092.96204,1156.71106,1092.96204,1156.71106,231,398.0,8,Fibroblast1,0.857409991151652
W9_tile_23_cell_892,tile_W9_23,W9,9w_1d,7917.0,8109.0,1122.91982,1151.17384,1122.91982,1151.17384,216,414.0,12,Endothelial_cells,0.812504533095938
W9_tile_23_cell_893,tile_W9_23,W9,9w_1d,9041.0,8145.0,1282.50534,1156.28512,1282.50534,1156.28512,64,147.0,2,vCTB2,0.319896472142211
W9_tile_23_cell_895,tile_W9_23,W9,9w_1d,8463.0,8130.0,1200.4409,1154.15542,1200.4409,1154.15542,283,684.0,5,unknown3,0.438514843790477
W9_tile_23_cell_896,tile_W9_23,W9,9w_1d,8945.0,8120.0,1268.87526,1152.73562,1268.87526,1152.73562,155,644.0,7,STB,0.52876764228152
W9_tile_23_cell_898,tile_W9_23,W9,9w_1d,8600.0,8092.5,1219.89216,1148.83117,1219.89216,1148.83117,202,534.0,10,STB,0.661682193478196
W9_tile_23_cell_899,tile_W9_23,W9,9w_1d,7986.0,8069.0,1132.71644,1145.49464,1132.71644,1145.49464,205,409.0,3,Fibroblast2,0.603665321295248
W9_tile_23_cell_9,tile_W9_23,W9,9w_1d,7981.0,7938.0,1132.00654,1126.89526,1132.00654,1126.89526,112,161.0,8,Fibroblast1,0.731481121566864
W9_tile_23_cell_903,tile_W9_23,W9,9w_1d,8420.0,8060.0,1194.33576,1144.21682,1194.33576,1144.21682,247,442.0,5,unknown3,0.414842434783904
W9_tile_23_cell_904,tile_W9_23,W9,9w_1d,8542.0,8052.0,1211.65732,1143.08098,1211.65732,1143.08098,71,147.0,2,vCTB2,0.372953465823344
W9_tile_23_cell_906,tile_W9_23,W9,9w_1d,7634.0,8036.0,1082.73948,1140.8093,1082.73948,1140.8093,149,271.0,8,Fibroblast1,0.929091502990386
W9_tile_23_cell_907,tile_W9_23,W9,9w_1d,8655.0,8037.0,1227.70106,1140.95128,1227.70106,1140.95128,160,422.0,10,STB,0.822434064905033
W9_tile_23_cell_908,tile_W9_23,W9,9w_1d,7735.0,8010.0,1097.07946,1137.11782,1097.07946,1137.11782,88,127.0,4,Fibroblast1,0.556225055855728
W9_tile_23_cell_909,tile_W9_23,W9,9w_1d,8682.0,7988.0,1231.53452,1133.99426,1231.53452,1133.99426,110,330.0,7,STB,0.453332660736881
W9_tile_23_cell_910,tile_W9_23,W9,9w_1d,8587.0,7989.5,1218.04642,1134.20723,1218.04642,1134.20723,71,248.0,2,vCTB2,0.374787345051397
W9_tile_23_cell_912,tile_W9_23,W9,9w_1d,8499.0,8010.0,1205.55218,1137.11782,1205.55218,1137.11782,181,511.0,7,STB,0.46764155667325
W9_tile_23_cell_913,tile_W9_23,W9,9w_1d,8254.0,8001.0,1170.76708,1135.84,1170.76708,1135.84,238,476.0,3,Fibroblast2,0.617727025338305
W9_tile_23_cell_914,tile_W9_23,W9,9w_1d,8122.0,7966.0,1152.02572,1130.8707,1152.02572,1130.8707,136,278.0,9,Hofbauer cells,0.694202622599692
W9_tile_23_cell_915,tile_W9_23,W9,9w_1d,8402.0,7966.0,1191.78012,1130.8707,1191.78012,1130.8707,168,320.0,5,STB,0.667555403972835
W9_tile_23_cell_916,tile_W9_23,W9,9w_1d,9026.0,7934.0,1280.37564,1126.32734,1280.37564,1126.32734,126,487.0,7,vCTB2,0.326636646335654
W9_tile_23_cell_917,tile_W9_23,W9,9w_1d,8349.0,7934.5,1184.25518,1126.39833,1184.25518,1126.39833,115,208.0,0,vCTB2,0.601124691794369
W9_tile_23_cell_918,tile_W9_23,W9,9w_1d,7800.0,7929.0,1106.30816,1125.61744,1106.30816,1125.61744,367,868.0,8,Fibroblast1,0.524161307378621
W9_tile_23_cell_919,tile_W9_23,W9,9w_1d,8548.0,7923.0,1212.5092,1124.76556,1212.5092,1124.76556,70,281.0,2,EVT2,0.375123723319148
W9_tile_23_cell_92,tile_W9_23,W9,9w_1d,8859.0,7992.0,1256.66498,1134.56218,1256.66498,1134.56218,62,252.0,2,vCTB2,0.375361619254485
W9_tile_23_cell_924,tile_W9_23,W9,9w_1d,9131.0,7861.0,1295.28354,1115.9628,1295.28354,1115.9628,236,643.0,10,STB,0.557642950755215
W9_tile_23_cell_926,tile_W9_23,W9,9w_1d,8375.0,7877.0,1187.94666,1118.2344799999998,1187.94666,1118.2344799999998,165,571.0,7,STB,0.831674039254872
W9_tile_23_cell_927,tile_W9_23,W9,9w_1d,8299.0,7878.0,1177.15618,1118.37646,1177.15618,1118.37646,130,288.0,10,STB,0.533292763872172
W9_tile_23_cell_929,tile_W9_23,W9,9w_1d,8205.0,7852.0,1163.81006,1114.68498,1163.81006,1114.68498,239,529.0,5,unknown3,0.3719548359039
W9_tile_23_cell_93,tile_W9_23,W9,9w_1d,7866.5,9184.0,1115.74983,1303.80234,1115.74983,1303.80234,160,296.0,5,STB,0.407563386644778
W9_tile_23_cell_930,tile_W9_23,W9,9w_1d,8485.0,7854.0,1203.56446,1114.96894,1203.56446,1114.96894,100,493.0,2,EVT2,0.347791928832448
W9_tile_23_cell_931,tile_W9_23,W9,9w_1d,9064.0,7808.0,1285.77088,1108.43786,1285.77088,1108.43786,264,674.0,5,unknown3,0.370337039298904
W9_tile_23_cell_933,tile_W9_23,W9,9w_1d,7874.0,7830.0,1116.81468,1111.56142,1116.81468,1111.56142,288,710.0,5,unknown3,0.448605950611558
W9_tile_23_cell_934,tile_W9_23,W9,9w_1d,8087.0,7795.5,1147.05642,1106.66311,1147.05642,1106.66311,84,142.0,0,vCTB2,0.710746283817375
W9_tile_23_cell_935,tile_W9_23,W9,9w_1d,8798.0,7814.0,1248.0042,1109.28974,1248.0042,1109.28974,120,399.0,7,vCTB2,0.330714205497745
W9_tile_23_cell_936,tile_W9_23,W9,9w_1d,7689.0,7801.0,1090.54838,1107.444,1090.54838,1107.444,211,497.0,10,STB,0.635708999306325
W9_tile_23_cell_938,tile_W9_23,W9,9w_1d,8006.0,7800.0,1135.55604,1107.30202,1135.55604,1107.30202,311,622.0,5,Fibroblast1,0.507761217205427
W9_tile_23_cell_942,tile_W9_23,W9,9w_1d,8881.0,7749.0,1259.78854,1100.06104,1259.78854,1100.06104,278,608.0,5,unknown3,0.4128846176784
W9_tile_23_cell_943,tile_W9_23,W9,9w_1d,7745.0,7711.0,1098.49926,1094.6658,1098.49926,1094.6658,164,463.0,7,STB,0.581033782457061
W9_tile_23_cell_944,tile_W9_23,W9,9w_1d,7669.5,7747.0,1087.77977,1099.77708,1087.77977,1099.77708,79,192.0,2,STB,0.594043360111493
W9_tile_23_cell_945,tile_W9_23,W9,9w_1d,7910.0,7741.0,1121.92596,1098.9252,1121.92596,1098.9252,74,121.0,0,vCTB2,0.690726949862131
W9_tile_23_cell_946,tile_W9_23,W9,9w_1d,7965.0,7736.0,1129.73486,1098.2153,1129.73486,1098.2153,64,85.0,0,vCTB2,0.677126138351204
W9_tile_23_cell_948,tile_W9_23,W9,9w_1d,8064.5,7727.0,1143.86187,1096.93748,1143.86187,1096.93748,67,146.0,2,vCTB2,0.451741921323029
W9_tile_23_cell_950,tile_W9_23,W9,9w_1d,8666.0,7691.0,1229.26284,1091.8262,1229.26284,1091.8262,172,571.0,7,Hofbauer cells,0.473768446029314
W9_tile_23_cell_952,tile_W9_23,W9,9w_1d,7913.5,7698.5,1122.42289,1092.89105,1122.42289,1092.89105,104,224.0,7,STB,0.616929063783581
W9_tile_23_cell_954,tile_W9_23,W9,9w_1d,7674.0,7692.0,1088.41868,1091.96818,1088.41868,1091.96818,90,387.0,2,EVT2,0.299069453164858
W9_tile_23_cell_955,tile_W9_23,W9,9w_1d,8000.0,7684.0,1134.70416,1090.83234,1134.70416,1090.83234,182,519.0,7,STB,0.706374655336118
W9_tile_23_cell_957,tile_W9_23,W9,9w_1d,8076.0,7640.0,1145.49464,1084.58522,1145.49464,1084.58522,169,723.0,7,STB,0.391616122488998
W9_tile_23_cell_961,tile_W9_23,W9,9w_1d,8580.0,7590.0,1217.05256,1077.48622,1217.05256,1077.48622,178,965.0,7,STB,0.413190335558393
W9_tile_23_cell_962,tile_W9_23,W9,9w_1d,8000.0,7599.0,1134.70416,1078.76404,1134.70416,1078.76404,86,287.0,7,EVT2,0.446204240296468
W9_tile_23_cell_968,tile_W9_23,W9,9w_1d,8671.0,7558.0,1229.97274,1072.94286,1229.97274,1072.94286,253,661.0,10,STB,0.480052783700972
W9_tile_24_cell_11,tile_W9_24,W9,9w_1d,10084.0,8755.0,1430.5904799999998,1242.89292,1430.5904799999998,1242.89292,141,278.0,5,STB,0.409905767773539
W9_tile_24_cell_114,tile_W9_24,W9,9w_1d,10246.0,8917.5,1453.59124,1265.96467,1453.59124,1265.96467,93,180.0,2,STB,0.470460924113552
W9_tile_24_cell_115,tile_W9_24,W9,9w_1d,9812.0,8300.0,1391.97192,1178.29202,1391.97192,1178.29202,116,167.0,8,Fibroblast1,0.545061174661494
W9_tile_24_cell_125,tile_W9_24,W9,9w_1d,9384.0,7983.0,1331.20448,1133.28436,1331.20448,1133.28436,103,157.0,0,vCTB2,0.362253922704406
W9_tile_24_cell_127,tile_W9_24,W9,9w_1d,10331.0,8972.0,1465.65954,1273.70258,1465.65954,1273.70258,65,104.0,0,vCTB2,0.520573315477094
W9_tile_24_cell_132,tile_W9_24,W9,9w_1d,10111.0,8150.5,1434.42394,1157.06601,1434.42394,1157.06601,66,168.0,7,vCTB2,0.293056987247097
W9_tile_24_cell_134,tile_W9_24,W9,9w_1d,9953.0,9166.0,1411.9911,1301.2467,1411.9911,1301.2467,49,120.0,2,EVT2,0.385000813383581
W9_tile_24_cell_139,tile_W9_24,W9,9w_1d,9774.0,7933.0,1386.57668,1126.18536,1386.57668,1126.18536,204,407.0,5,STB,0.3696891726402
W9_tile_24_cell_145,tile_W9_24,W9,9w_1d,10237.0,8679.0,1452.31342,1232.10244,1452.31342,1232.10244,173,508.0,7,STB,0.620212420491994
W9_tile_24_cell_147,tile_W9_24,W9,9w_1d,9233.0,7666.0,1309.7655,1088.2767,1309.7655,1088.2767,95,138.0,0,STB,0.277182738769948
W9_tile_24_cell_154,tile_W9_24,W9,9w_1d,9297.0,7618.0,1318.85222,1081.46166,1318.85222,1081.46166,137,319.0,7,vCTB2,0.362944610068494
W9_tile_24_cell_157,tile_W9_24,W9,9w_1d,9497.0,8465.0,1347.24822,1201.7187199999998,1347.24822,1201.7187199999998,90,141.0,0,vCTB2,0.435207456210017
W9_tile_24_cell_16,tile_W9_24,W9,9w_1d,9997.0,9125.0,1418.23822,1295.42552,1418.23822,1295.42552,79,163.0,2,STB,0.529991662142647
W9_tile_24_cell_165,tile_W9_24,W9,9w_1d,9296.0,7551.0,1318.71024,1071.949,1318.71024,1071.949,124,286.0,7,STB,0.468843881110652
W9_tile_24_cell_169,tile_W9_24,W9,9w_1d,10216.0,9023.0,1449.33184,1280.94356,1449.33184,1280.94356,93,203.0,7,STB,0.541756696998993
W9_tile_24_cell_176,tile_W9_24,W9,9w_1d,9237.0,7607.0,1310.33342,1079.89988,1310.33342,1079.89988,94,147.0,0,vCTB2,0.557138606229159
W9_tile_24_cell_178,tile_W9_24,W9,9w_1d,10226.0,8747.0,1450.75164,1241.75708,1450.75164,1241.75708,89,219.0,7,EVT2,0.314473239445601
W9_tile_24_cell_180,tile_W9_24,W9,9w_1d,10211.0,8819.0,1448.62194,1251.97964,1448.62194,1251.97964,74,189.0,2,vCTB2,0.284442278097792
W9_tile_24_cell_185,tile_W9_24,W9,9w_1d,9925.0,8906.0,1408.01566,1264.3319,1408.01566,1264.3319,54,89.0,0,vCTB2,0.579171339062015
W9_tile_24_cell_2,tile_W9_24,W9,9w_1d,10069.0,8293.0,1428.46078,1177.29816,1428.46078,1177.29816,57,119.0,2,STB,0.469970299264446
W9_tile_24_cell_22,tile_W9_24,W9,9w_1d,9576.0,7955.0,1358.46464,1129.30892,1358.46464,1129.30892,72,100.0,0,vCTB2,0.680379337499809
W9_tile_24_cell_224,tile_W9_24,W9,9w_1d,9951.0,7804.0,1411.70714,1107.86994,1411.70714,1107.86994,184,818.0,7,STB,0.335999801075021
W9_tile_24_cell_225,tile_W9_24,W9,9w_1d,9390.0,8841.0,1332.05636,1255.1032,1332.05636,1255.1032,190,358.0,5,vCTBp,0.336880005521532
W9_tile_24_cell_238,tile_W9_24,W9,9w_1d,9517.0,8686.0,1350.08782,1233.0963,1350.08782,1233.0963,101,131.0,8,Fibroblast1,0.788121644404507
W9_tile_24_cell_247,tile_W9_24,W9,9w_1d,10034.0,8499.0,1423.49148,1206.54604,1423.49148,1206.54604,247,666.0,10,STB,0.304524072756665
W9_tile_24_cell_249,tile_W9_24,W9,9w_1d,9989.0,8395.0,1417.10238,1191.78012,1417.10238,1191.78012,73,147.0,2,vCTB2,0.504179636524444
W9_tile_24_cell_258,tile_W9_24,W9,9w_1d,9585.0,8527.0,1359.74246,1210.52148,1359.74246,1210.52148,264,480.0,8,Fibroblast1,0.83590239890072
W9_tile_24_cell_267,tile_W9_24,W9,9w_1d,9281.0,7674.0,1316.58054,1089.41254,1316.58054,1089.41254,71,148.0,2,vCTB2,0.424994849148817
W9_tile_24_cell_271,tile_W9_24,W9,9w_1d,10120.5,8517.0,1435.77275,1209.10168,1435.77275,1209.10168,44,124.0,2,vCTB2,0.348821005038431
W9_tile_24_cell_274,tile_W9_24,W9,9w_1d,9690.0,8356.0,1374.65036,1186.2429,1374.65036,1186.2429,156,259.0,8,Fibroblast1,0.703878131893422
W9_tile_24_cell_284,tile_W9_24,W9,9w_1d,9977.0,8984.5,1415.39862,1275.47733,1415.39862,1275.47733,89,226.0,7,STB,0.461384743639433
W9_tile_24_cell_291,tile_W9_24,W9,9w_1d,10439.0,8941.0,1480.99338,1269.3012,1480.99338,1269.3012,43,89.0,2,EVT2,0.304615200820135
W9_tile_24_cell_316,tile_W9_24,W9,9w_1d,10142.0,8887.0,1438.82532,1261.63428,1438.82532,1261.63428,128,297.0,7,STB,0.541165420016615
W9_tile_24_cell_32,tile_W9_24,W9,9w_1d,9884.5,8041.0,1402.26547,1141.5192,1402.26547,1141.5192,88,140.0,0,vCTB2,0.665959705138389
W9_tile_24_cell_326,tile_W9_24,W9,9w_1d,9909.0,8466.0,1405.74398,1201.8607,1405.74398,1201.8607,244,496.0,5,unknown3,0.425084329674344
W9_tile_24_cell_327,tile_W9_24,W9,9w_1d,10640.0,9029.0,1509.53136,1281.79544,1509.53136,1281.79544,98,187.0,2,STB,0.423282555869503
W9_tile_24_cell_329,tile_W9_24,W9,9w_1d,10117.0,8187.0,1435.2758199999998,1162.24828,1435.2758199999998,1162.24828,48,106.0,2,EVT2,0.42658149041641
W9_tile_24_cell_333,tile_W9_24,W9,9w_1d,9526.5,8843.5,1351.43663,1255.45815,1351.43663,1255.45815,86,138.0,0,EVT2,0.343799390471028
W9_tile_24_cell_340,tile_W9_24,W9,9w_1d,9663.0,7809.0,1370.8169,1108.57984,1370.8169,1108.57984,62,133.0,2,EVT2,0.349820855453866
W9_tile_24_cell_341,tile_W9_24,W9,9w_1d,10456.0,9168.0,1483.40704,1301.53066,1483.40704,1301.53066,54,89.0,2,vCTB2,0.560804787959172
W9_tile_24_cell_349,tile_W9_24,W9,9w_1d,9902.0,8956.0,1404.75012,1271.4309,1404.75012,1271.4309,138,338.0,7,STB,0.543055265597443
W9_tile_24_cell_351,tile_W9_24,W9,9w_1d,9284.0,7427.0,1317.00648,1054.34348,1317.00648,1054.34348,196,367.0,10,maternal macrophages ,0.465677126444713
W9_tile_24_cell_364,tile_W9_24,W9,9w_1d,9259.0,8127.0,1313.45698,1153.72948,1313.45698,1153.72948,134,215.0,5,vCTB2,0.508950560543387
W9_tile_24_cell_377,tile_W9_24,W9,9w_1d,9581.0,8218.0,1359.17454,1166.64966,1359.17454,1166.64966,132,202.0,12,Endothelial_cells,0.78787912526978
W9_tile_24_cell_38,tile_W9_24,W9,9w_1d,10126.0,8498.0,1436.55364,1206.4040599999998,1436.55364,1206.4040599999998,70,167.0,2,EVT2,0.465072140202811
W9_tile_24_cell_389,tile_W9_24,W9,9w_1d,10041.0,8836.0,1424.48534,1254.3933,1424.48534,1254.3933,59,91.0,2,vCTB2,0.4818061384273
W9_tile_24_cell_391,tile_W9_24,W9,9w_1d,9250.0,7504.5,1312.17916,1065.34693,1312.17916,1065.34693,95,132.0,0,vCTB2,0.54223479508914
W9_tile_24_cell_395,tile_W9_24,W9,9w_1d,10354.0,9109.0,1468.92508,1293.15384,1468.92508,1293.15384,78,123.0,0,vCTB2,0.547520363930261
W9_tile_24_cell_414,tile_W9_24,W9,9w_1d,10154.0,8682.0,1440.52908,1232.52838,1440.52908,1232.52838,145,244.0,10,STB,0.617069505269832
W9_tile_24_cell_422,tile_W9_24,W9,9w_1d,9313.0,8816.0,1321.1239,1251.5537,1321.1239,1251.5537,161,279.0,5,STB,0.560087876346158
W9_tile_24_cell_424,tile_W9_24,W9,9w_1d,10703.0,9050.0,1518.4761,1284.77702,1518.4761,1284.77702,70,127.0,2,EVT2,0.320831284146623
W9_tile_24_cell_435,tile_W9_24,W9,9w_1d,10063.5,8330.0,1427.67989,1182.55142,1427.67989,1182.55142,59,140.0,2,vCTB2,0.331453055931872
W9_tile_24_cell_436,tile_W9_24,W9,9w_1d,9234.0,8382.5,1309.90748,1190.00537,1309.90748,1190.00537,103,178.0,0,vCTB2,0.565192692286185
W9_tile_24_cell_443,tile_W9_24,W9,9w_1d,9577.0,8827.0,1358.60662,1253.11548,1358.60662,1253.11548,140,261.0,0,vCTB2,0.406390169569974
W9_tile_24_cell_445,tile_W9_24,W9,9w_1d,10138.0,8386.0,1438.2574,1190.5023,1438.2574,1190.5023,134,547.0,7,STB,0.272502628234931
W9_tile_24_cell_45,tile_W9_24,W9,9w_1d,9268.0,7726.0,1314.7348,1096.7955,1314.7348,1096.7955,99,246.0,7,vCTB2,0.446030035100526
W9_tile_24_cell_451,tile_W9_24,W9,9w_1d,10089.0,8975.5,1431.30038,1274.19951,1431.30038,1274.19951,60,142.0,2,STB,0.234942304205503
W9_tile_24_cell_46,tile_W9_24,W9,9w_1d,10071.0,8650.0,1428.74474,1227.9850199999998,1428.74474,1227.9850199999998,262,701.0,10,unknown3,0.403967201918266
W9_tile_24_cell_464,tile_W9_24,W9,9w_1d,9548.0,8585.0,1354.4892,1218.75632,1354.4892,1218.75632,68,92.0,8,vCTB2,0.306206796274988
W9_tile_24_cell_467,tile_W9_24,W9,9w_1d,10538.0,9015.0,1495.0494,1279.80772,1495.0494,1279.80772,96,242.0,7,STB,0.336400892774988
W9_tile_24_cell_479,tile_W9_24,W9,9w_1d,10008.5,8936.0,1419.87099,1268.5913,1419.87099,1268.5913,48,106.0,2,vCTB2,0.364279991542163
W9_tile_24_cell_481,tile_W9_24,W9,9w_1d,10188.0,8616.0,1445.3564,1223.1577,1445.3564,1223.1577,194,541.0,10,STB,0.738330583881043
W9_tile_24_cell_484,tile_W9_24,W9,9w_1d,10420.0,8876.0,1478.29576,1260.0725,1478.29576,1260.0725,36,98.0,2,vCTB2,0.327366595663219
W9_tile_24_cell_490,tile_W9_24,W9,9w_1d,9356.0,8664.0,1327.22904,1229.97274,1327.22904,1229.97274,191,278.0,8,Hofbauer cells,0.62045445852284
W9_tile_24_cell_496,tile_W9_24,W9,9w_1d,9994.0,8437.0,1417.81228,1197.74328,1417.81228,1197.74328,114,270.0,7,vCTB2,0.386739462262363
W9_tile_24_cell_5,tile_W9_24,W9,9w_1d,9919.0,8384.0,1407.16378,1190.21834,1407.16378,1190.21834,129,200.0,5,vCTB2,0.653383983599632
W9_tile_24_cell_506,tile_W9_24,W9,9w_1d,10151.0,8962.0,1440.10314,1272.28278,1440.10314,1272.28278,79,186.0,2,STB,0.356412475633822
W9_tile_24_cell_51,tile_W9_24,W9,9w_1d,10131.0,8554.0,1437.26354,1214.35494,1437.26354,1214.35494,158,368.0,7,STB,0.564304258560786
W9_tile_24_cell_511,tile_W9_24,W9,9w_1d,10208.5,9126.5,1448.26699,1295.63849,1448.26699,1295.63849,66,112.0,2,vCTB2,0.511246588767
W9_tile_24_cell_513,tile_W9_24,W9,9w_1d,9968.5,7911.5,1414.19179,1123.13279,1414.19179,1123.13279,138,470.0,7,STB,0.494601979823534
W9_tile_24_cell_539,tile_W9_24,W9,9w_1d,9324.0,8031.0,1322.68568,1140.0994,1322.68568,1140.0994,290,787.0,10,unknown3,0.504620095741448
W9_tile_24_cell_54,tile_W9_24,W9,9w_1d,10038.0,8346.0,1424.0594,1184.8231,1424.0594,1184.8231,59,134.0,2,vCTB2,0.332508584353094
W9_tile_24_cell_546,tile_W9_24,W9,9w_1d,10386.5,8947.5,1473.53943,1270.22407,1473.53943,1270.22407,88,164.0,0,vCTB2,0.521024625923843
W9_tile_24_cell_549,tile_W9_24,W9,9w_1d,10114.0,8256.0,1434.84988,1172.0449,1434.84988,1172.0449,145,587.0,7,STB,0.582473586479573
W9_tile_24_cell_559,tile_W9_24,W9,9w_1d,9281.0,7480.0,1316.58054,1061.86842,1316.58054,1061.86842,82,135.0,2,vCTB2,0.510163900785849
W9_tile_24_cell_565,tile_W9_24,W9,9w_1d,10073.0,9031.0,1429.0286999999998,1282.0794,1429.0286999999998,1282.0794,59,157.0,2,vCTB2,0.352126494765541
W9_tile_24_cell_566,tile_W9_24,W9,9w_1d,10090.0,9091.0,1431.44236,1290.5982,1431.44236,1290.5982,47,120.0,2,vCTB2,0.388676011884109
W9_tile_24_cell_579,tile_W9_24,W9,9w_1d,10545.0,9156.0,1496.04326,1299.8269,1496.04326,1299.8269,66,120.0,2,vCTB2,0.405522747946865
W9_tile_24_cell_588,tile_W9_24,W9,9w_1d,10284.0,9074.0,1458.98648,1288.18454,1458.98648,1288.18454,50,100.0,0,vCTB2,0.624230882913302
W9_tile_24_cell_590,tile_W9_24,W9,9w_1d,9542.0,7766.0,1353.63732,1102.4747,1353.63732,1102.4747,83,301.0,7,vCTB2,0.386515844991779
W9_tile_24_cell_614,tile_W9_24,W9,9w_1d,9409.0,7910.0,1334.75398,1122.91982,1334.75398,1122.91982,237,751.0,10,STB,0.543315791865202
W9_tile_24_cell_621,tile_W9_24,W9,9w_1d,9240.0,7786.0,1310.75936,1105.3143,1310.75936,1105.3143,73,175.0,2,vCTB2,0.437161823980261
W9_tile_24_cell_628,tile_W9_24,W9,9w_1d,10480.0,8975.0,1486.81456,1274.12852,1486.81456,1274.12852,65,166.0,2,vCTB2,0.379097953544424
W9_tile_24_cell_629,tile_W9_24,W9,9w_1d,10077.0,9143.0,1429.59662,1297.98116,1429.59662,1297.98116,81,155.0,2,vCTB2,0.525883966829514
W9_tile_24_cell_631,tile_W9_24,W9,9w_1d,10013.0,8609.0,1420.5099,1222.16384,1420.5099,1222.16384,122,176.0,0,vCTB2,0.33928738878332
W9_tile_24_cell_64,tile_W9_24,W9,9w_1d,9621.0,7920.0,1364.85374,1124.33962,1364.85374,1124.33962,166,388.0,10,vCTB2,0.417707665288024
W9_tile_24_cell_642,tile_W9_24,W9,9w_1d,10158.0,9056.0,1441.097,1285.6289,1441.097,1285.6289,80,197.0,2,vCTB2,0.35003055535415
W9_tile_24_cell_647,tile_W9_24,W9,9w_1d,9423.0,8680.0,1336.7417,1232.24442,1336.7417,1232.24442,82,101.0,9,Fibroblast1,0.404719565683049
W9_tile_24_cell_666,tile_W9_24,W9,9w_1d,9812.0,8883.0,1391.97192,1261.06636,1391.97192,1261.06636,185,415.0,5,STB,0.444368348103275
W9_tile_24_cell_670,tile_W9_24,W9,9w_1d,10265.0,9128.0,1456.28886,1295.85146,1456.28886,1295.85146,70,127.0,2,vCTB2,0.432731312723734
W9_tile_24_cell_673,tile_W9_24,W9,9w_1d,9710.0,7765.0,1377.48996,1102.33272,1377.48996,1102.33272,158,619.0,7,STB,0.615241419292022
W9_tile_24_cell_684,tile_W9_24,W9,9w_1d,9239.0,8079.5,1310.61738,1146.98543,1310.61738,1146.98543,68,90.0,0,vCTB2,0.477216843856649
W9_tile_24_cell_688,tile_W9_24,W9,9w_1d,9469.0,8664.0,1343.27278,1229.97274,1343.27278,1229.97274,72,101.0,8,Fibroblast1,0.222561319266828
W9_tile_24_cell_702,tile_W9_24,W9,9w_1d,9249.0,7551.0,1312.03718,1071.949,1312.03718,1071.949,77,108.0,0,vCTB2,0.613621682173605
W9_tile_24_cell_720,tile_W9_24,W9,9w_1d,9496.0,7809.0,1347.1062399999998,1108.57984,1347.1062399999998,1108.57984,125,425.0,7,STB,0.510483113831808
W9_tile_24_cell_721,tile_W9_24,W9,9w_1d,10136.5,8804.5,1438.04443,1249.92093,1438.04443,1249.92093,159,490.0,7,STB,0.601221463167381
W9_tile_24_cell_722,tile_W9_24,W9,9w_1d,10327.0,9035.0,1465.09162,1282.64732,1465.09162,1282.64732,89,142.0,0,vCTB2,0.473878927657592
W9_tile_24_cell_726,tile_W9_24,W9,9w_1d,10091.0,8128.0,1431.58434,1153.87146,1431.58434,1153.87146,63,141.0,2,STB,0.297468143068544
W9_tile_24_cell_729,tile_W9_24,W9,9w_1d,10147.0,8463.0,1439.53522,1201.43476,1439.53522,1201.43476,122,385.0,7,STB,0.387359853986142
W9_tile_24_cell_741,tile_W9_24,W9,9w_1d,10448.0,9056.0,1482.2712,1285.6289,1482.2712,1285.6289,64,119.0,2,vCTB2,0.625907894813204
W9_tile_24_cell_747,tile_W9_24,W9,9w_1d,9995.0,8890.5,1417.95426,1262.13121,1417.95426,1262.13121,66,150.0,2,STB,0.336217416663499
W9_tile_24_cell_748,tile_W9_24,W9,9w_1d,10136.5,8738.0,1438.04443,1240.47926,1438.04443,1240.47926,64,114.0,2,vCTB2,0.467330925654589
W9_tile_24_cell_749,tile_W9_24,W9,9w_1d,9928.5,7929.0,1408.51259,1125.61744,1408.51259,1125.61744,36,102.0,2,vCTB2,0.445780126864929
W9_tile_24_cell_750,tile_W9_24,W9,9w_1d,9342.0,7392.0,1325.24132,1049.37418,1325.24132,1049.37418,65,197.0,2,vCTB2,0.34374638650934
W9_tile_24_cell_766,tile_W9_24,W9,9w_1d,9740.0,8901.0,1381.74936,1263.6219999999998,1381.74936,1263.6219999999998,64,124.0,2,vCTB2,0.424776067503076
W9_tile_24_cell_767,tile_W9_24,W9,9w_1d,9439.0,8900.0,1339.01338,1263.48002,1339.01338,1263.48002,68,122.0,2,STB,0.358536707999299
W9_tile_24_cell_768,tile_W9_24,W9,9w_1d,9607.0,8873.0,1362.86602,1259.64656,1362.86602,1259.64656,61,91.0,2,vCTB2,0.327963551058248
W9_tile_24_cell_769,tile_W9_24,W9,9w_1d,9674.0,8863.0,1372.37868,1258.22676,1372.37868,1258.22676,68,123.0,2,vCTB2,0.435872879157485
W9_tile_24_cell_770,tile_W9_24,W9,9w_1d,9853.0,8834.0,1397.7931,1254.10934,1397.7931,1254.10934,164,312.0,5,STB,0.479428889155603
W9_tile_24_cell_771,tile_W9_24,W9,9w_1d,9718.0,8805.0,1378.6258,1249.99192,1378.6258,1249.99192,268,602.0,5,unknown3,0.433036164456341
W9_tile_24_cell_772,tile_W9_24,W9,9w_1d,9961.0,8808.5,1413.12694,1250.48885,1413.12694,1250.48885,325,834.0,5,unknown3,0.471025949442227
W9_tile_24_cell_773,tile_W9_24,W9,9w_1d,9474.5,8787.0,1344.05367,1247.43628,1344.05367,1247.43628,219,386.0,5,vCTBp,0.381262046247965
W9_tile_24_cell_774,tile_W9_24,W9,9w_1d,9596.0,8771.0,1361.30424,1245.1646,1361.30424,1245.1646,110,185.0,0,vCTB2,0.578003336688315
W9_tile_24_cell_776,tile_W9_24,W9,9w_1d,9882.5,8762.0,1401.9815099999998,1243.88678,1401.9815099999998,1243.88678,190,302.0,5,STB,0.415259072827864
W9_tile_24_cell_78,tile_W9_24,W9,9w_1d,10585.0,9078.0,1501.72246,1288.75246,1501.72246,1288.75246,79,142.0,2,EVT2,0.331839294295098
W9_tile_24_cell_785,tile_W9_24,W9,9w_1d,9666.0,8652.0,1371.24284,1228.26898,1371.24284,1228.26898,93,145.0,11,vCTB2,0.401739088868589
W9_tile_24_cell_786,tile_W9_24,W9,9w_1d,9276.5,8602.0,1315.94163,1221.16998,1315.94163,1221.16998,68,82.0,12,vCTB2,0.445782787755227
W9_tile_24_cell_791,tile_W9_24,W9,9w_1d,9986.0,8564.0,1416.67644,1215.77474,1416.67644,1215.77474,150,272.0,5,vCTB2,0.363020358606956
W9_tile_24_cell_796,tile_W9_24,W9,9w_1d,9317.0,8496.0,1321.69182,1206.1201,1321.69182,1206.1201,215,442.0,12,Endothelial_cells,0.887680752077718
W9_tile_24_cell_797,tile_W9_24,W9,9w_1d,9400.0,8478.0,1333.47616,1203.56446,1333.47616,1203.56446,97,128.0,8,Fibroblast1,0.743635025372888
W9_tile_24_cell_801,tile_W9_24,W9,9w_1d,9961.0,8345.0,1413.12694,1184.68112,1413.12694,1184.68112,227,559.0,10,unknown3,0.372003959390158
W9_tile_24_cell_802,tile_W9_24,W9,9w_1d,9623.0,8385.0,1365.1377,1190.36032,1365.1377,1190.36032,151,223.0,8,Fibroblast1,0.922692303386388
W9_tile_24_cell_806,tile_W9_24,W9,9w_1d,9536.0,8268.0,1352.78544,1173.74866,1352.78544,1173.74866,88,121.0,8,Fibroblast1,0.22649751924966
W9_tile_24_cell_808,tile_W9_24,W9,9w_1d,9233.0,8294.0,1309.7655,1177.44014,1309.7655,1177.44014,114,161.0,0,vCTB2,0.496834199172099
W9_tile_24_cell_810,tile_W9_24,W9,9w_1d,9453.0,8242.0,1341.0011,1170.05718,1341.0011,1170.05718,269,511.0,8,Fibroblast1,0.579437888839303
W9_tile_24_cell_811,tile_W9_24,W9,9w_1d,9316.5,8248.5,1321.6208299999998,1170.98005,1321.6208299999998,1170.98005,80,108.0,11,vCTB2,0.279498807688731
W9_tile_24_cell_812,tile_W9_24,W9,9w_1d,9817.0,8226.0,1392.68182,1167.7855,1392.68182,1167.7855,352,753.0,8,Fibroblast1,0.710931566033126
W9_tile_24_cell_816,tile_W9_24,W9,9w_1d,10002.0,8238.0,1418.94812,1169.48926,1418.94812,1169.48926,240,812.0,10,STB,0.427333249721983
W9_tile_24_cell_818,tile_W9_24,W9,9w_1d,9512.0,8212.0,1349.37792,1165.79778,1349.37792,1165.79778,90,125.0,8,Fibroblast1,0.308347043977909
W9_tile_24_cell_819,tile_W9_24,W9,9w_1d,9956.0,8130.5,1412.41704,1154.22641,1412.41704,1154.22641,265,724.0,5,unknown3,0.442117480831245
W9_tile_24_cell_820,tile_W9_24,W9,9w_1d,9972.0,8065.0,1414.68872,1144.92672,1414.68872,1144.92672,112,325.0,7,EVT2,0.510916325205625
W9_tile_24_cell_823,tile_W9_24,W9,9w_1d,10082.0,8056.0,1430.30652,1143.6489,1430.30652,1143.6489,128,576.0,7,EVT2,0.298492304177441
W9_tile_24_cell_826,tile_W9_24,W9,9w_1d,9945.0,8011.0,1410.85526,1137.2598,1410.85526,1137.2598,139,394.0,0,STB,0.457183186074892
W9_tile_24_cell_828,tile_W9_24,W9,9w_1d,9879.5,7970.0,1401.55557,1131.43862,1401.55557,1131.43862,168,340.0,5,vCTB2,0.338993034682847
W9_tile_24_cell_829,tile_W9_24,W9,9w_1d,9499.0,7940.5,1347.53218,1127.25021,1347.53218,1127.25021,231,488.0,10,vCTBp,0.342712701568262
W9_tile_24_cell_830,tile_W9_24,W9,9w_1d,10048.0,7946.0,1425.4792,1128.0311,1425.4792,1128.0311,275,1428.0,7,STB,0.404007273752083
W9_tile_24_cell_832,tile_W9_24,W9,9w_1d,9332.0,7911.0,1323.82152,1123.0618,1323.82152,1123.0618,62,162.0,2,vCTB2,0.357669503033071
W9_tile_24_cell_833,tile_W9_24,W9,9w_1d,9891.0,7888.0,1403.18834,1119.79626,1403.18834,1119.79626,97,251.0,7,vCTB2,0.478868158645922
W9_tile_24_cell_834,tile_W9_24,W9,9w_1d,9683.0,7904.0,1373.6565,1122.06794,1373.6565,1122.06794,219,603.0,10,STB,0.753222306903968
W9_tile_24_cell_836,tile_W9_24,W9,9w_1d,9544.0,7879.0,1353.92128,1118.51844,1353.92128,1118.51844,135,338.0,7,STB,0.480405068838211
W9_tile_24_cell_837,tile_W9_24,W9,9w_1d,9840.0,7860.0,1395.94736,1115.82082,1395.94736,1115.82082,189,421.0,10,STB,0.619841163717017
W9_tile_24_cell_838,tile_W9_24,W9,9w_1d,9472.0,7858.0,1343.69872,1115.53686,1343.69872,1115.53686,75,172.0,2,vCTB2,0.273066317544351
W9_tile_24_cell_841,tile_W9_24,W9,9w_1d,10020.0,7847.5,1421.50376,1114.04607,1421.50376,1114.04607,71,218.0,2,EVT2,0.430675265837163
W9_tile_24_cell_843,tile_W9_24,W9,9w_1d,9763.0,7844.0,1385.0149,1113.54914,1385.0149,1113.54914,152,315.0,10,STB,0.749963522682753
W9_tile_24_cell_844,tile_W9_24,W9,9w_1d,9678.0,7844.0,1372.9466,1113.54914,1372.9466,1113.54914,77,144.0,2,STB,0.406855581290445
W9_tile_24_cell_847,tile_W9_24,W9,9w_1d,9614.0,7793.0,1363.85988,1106.30816,1363.85988,1106.30816,135,626.0,7,EVT2,0.297850013732832
W9_tile_24_cell_848,tile_W9_24,W9,9w_1d,9846.0,7789.0,1396.79924,1105.74024,1396.79924,1105.74024,64,137.0,2,vCTB2,0.358754059109358
W9_tile_24_cell_851,tile_W9_24,W9,9w_1d,9775.5,7757.0,1386.78965,1101.19688,1386.78965,1101.19688,109,458.0,7,EVT2,0.290385741636938
W9_tile_24_cell_856,tile_W9_24,W9,9w_1d,9854.0,7729.0,1397.93508,1097.22144,1397.93508,1097.22144,135,711.0,7,STB,0.265769593880715
W9_tile_25_cell_1009,tile_W9_25,W9,9w_1d,12431.0,7496.5,1763.81754,1064.21109,1763.81754,1064.21109,60,102.0,1,EVT2,0.740204156813687
W9_tile_25_cell_1011,tile_W9_25,W9,9w_1d,12814.0,7941.0,1818.19588,1127.3212,1818.19588,1127.3212,104,197.0,1,EVT2,0.882438360523212
W9_tile_25_cell_1016,tile_W9_25,W9,9w_1d,12758.0,7772.0,1810.245,1103.32658,1810.245,1103.32658,57,94.0,1,EVT2,0.767257380246232
W9_tile_25_cell_1093,tile_W9_25,W9,9w_1d,12205.0,8402.5,1731.73006,1192.84497,1731.73006,1192.84497,102,154.0,11,unknown3,0.243154647039701
W9_tile_25_cell_1096,tile_W9_25,W9,9w_1d,12347.0,8350.5,1751.89122,1185.46201,1751.89122,1185.46201,81,146.0,0,vCTB2,0.685721112335725
W9_tile_25_cell_1097,tile_W9_25,W9,9w_1d,12317.0,8390.0,1747.6318199999998,1191.07022,1747.6318199999998,1191.07022,162,331.0,5,vCTB2,0.400005341270633
W9_tile_25_cell_1109,tile_W9_25,W9,9w_1d,12406.0,8315.0,1760.26804,1180.42172,1760.26804,1180.42172,92,154.0,0,vCTB2,0.617702147782114
W9_tile_25_cell_121,tile_W9_25,W9,9w_1d,11819.0,7984.0,1676.92578,1133.42634,1676.92578,1133.42634,40,168.0,2,vCTB2,0.483227613305429
W9_tile_25_cell_122,tile_W9_25,W9,9w_1d,12524.0,7737.0,1777.0216799999998,1098.35728,1777.0216799999998,1098.35728,115,192.0,1,EVT2,0.725473126493212
W9_tile_25_cell_231,tile_W9_25,W9,9w_1d,12618.0,7814.0,1790.3678,1109.28974,1790.3678,1109.28974,160,309.0,6,EVT2,0.879074745013227
W9_tile_25_cell_246,tile_W9_25,W9,9w_1d,12564.0,7451.0,1782.70088,1057.751,1782.70088,1057.751,156,310.0,6,EVT2,0.8279554574957
W9_tile_25_cell_25,tile_W9_25,W9,9w_1d,12805.0,7734.0,1816.91806,1097.93134,1816.91806,1097.93134,81,140.0,6,EVT2,0.840180232962312
W9_tile_25_cell_275,tile_W9_25,W9,9w_1d,12718.5,7807.0,1804.63679,1108.29588,1804.63679,1108.29588,98,184.0,1,EVT2,0.766003555347112
W9_tile_25_cell_288,tile_W9_25,W9,9w_1d,12346.0,7452.0,1751.74924,1057.89298,1751.74924,1057.89298,160,299.0,6,EVT2,0.462399136880846
W9_tile_25_cell_299,tile_W9_25,W9,9w_1d,12393.0,7386.0,1758.4223,1048.5223,1758.4223,1048.5223,65,98.0,1,EVT2,0.539770465707122
W9_tile_25_cell_301,tile_W9_25,W9,9w_1d,12781.0,7409.0,1813.51054,1051.78784,1813.51054,1051.78784,98,164.0,1,EVT2,0.903728143187423
W9_tile_25_cell_303,tile_W9_25,W9,9w_1d,12594.0,7521.0,1786.96028,1067.6896,1786.96028,1067.6896,115,209.0,6,EVT2,0.741974287550466
W9_tile_25_cell_35,tile_W9_25,W9,9w_1d,12333.0,7500.0,1749.9035,1064.70802,1749.9035,1064.70802,67,95.0,1,EVT2,0.726450127585865
W9_tile_25_cell_356,tile_W9_25,W9,9w_1d,12584.0,7886.0,1785.54048,1119.5123,1785.54048,1119.5123,74,113.0,1,vCTB2,0.485137685685713
W9_tile_25_cell_364,tile_W9_25,W9,9w_1d,12629.0,7611.0,1791.92958,1080.4678,1791.92958,1080.4678,87,147.0,1,EVT2,0.891499102462789
W9_tile_25_cell_367,tile_W9_25,W9,9w_1d,12844.0,8060.0,1822.45528,1144.21682,1822.45528,1144.21682,145,299.0,6,EVT2,0.813536731719386
W9_tile_25_cell_380,tile_W9_25,W9,9w_1d,12780.0,8007.0,1813.36856,1136.69188,1813.36856,1136.69188,73,113.0,1,EVT2,0.849234237954286
W9_tile_25_cell_394,tile_W9_25,W9,9w_1d,12797.0,7537.5,1815.78222,1070.03227,1815.78222,1070.03227,171,376.0,6,EVT2,0.653061371370258
W9_tile_25_cell_413,tile_W9_25,W9,9w_1d,12769.0,7472.5,1811.80678,1060.80357,1811.80678,1060.80357,59,84.0,1,EVT2,0.605723692178499
W9_tile_25_cell_430,tile_W9_25,W9,9w_1d,12774.0,7951.0,1812.51668,1128.741,1812.51668,1128.741,110,219.0,6,EVT2,0.860585246219397
W9_tile_25_cell_449,tile_W9_25,W9,9w_1d,12753.0,7891.0,1809.5351,1120.2222,1809.5351,1120.2222,117,221.0,1,EVT2,0.799353591680432
W9_tile_25_cell_458,tile_W9_25,W9,9w_1d,12815.0,8161.0,1818.33786,1158.5568,1818.33786,1158.5568,82,123.0,1,EVT2,0.831414948393846
W9_tile_25_cell_459,tile_W9_25,W9,9w_1d,12835.0,7824.0,1821.17746,1110.70954,1821.17746,1110.70954,182,436.0,6,EVT2,0.622357864162252
W9_tile_25_cell_478,tile_W9_25,W9,9w_1d,12416.0,7451.5,1761.68784,1057.82199,1761.68784,1057.82199,70,112.0,1,EVT2,0.829520825112796
W9_tile_25_cell_486,tile_W9_25,W9,9w_1d,12444.0,8450.0,1765.66328,1199.58902,1765.66328,1199.58902,139,273.0,5,vCTB2,0.545201939638428
W9_tile_25_cell_492,tile_W9_25,W9,9w_1d,11818.0,7915.0,1676.7838,1123.62972,1676.7838,1123.62972,87,605.0,7,vCTB2,0.37858777547161
W9_tile_25_cell_493,tile_W9_25,W9,9w_1d,12446.0,7584.0,1765.94724,1076.63434,1765.94724,1076.63434,102,187.0,1,EVT2,0.729889741480802
W9_tile_25_cell_503,tile_W9_25,W9,9w_1d,12849.0,7426.0,1823.16518,1054.2015,1823.16518,1054.2015,85,155.0,1,EVT2,0.729477057527881
W9_tile_25_cell_507,tile_W9_25,W9,9w_1d,12542.0,7656.0,1779.57732,1086.8569,1779.57732,1086.8569,222,522.0,6,EVT2,0.509192933710634
W9_tile_25_cell_525,tile_W9_25,W9,9w_1d,12472.0,7422.0,1769.63872,1053.63358,1769.63872,1053.63358,194,468.0,6,EVT3,0.610672284581259
W9_tile_25_cell_552,tile_W9_25,W9,9w_1d,12695.5,7580.0,1801.37125,1076.06642,1801.37125,1076.06642,83,152.0,1,EVT2,0.826705306488069
W9_tile_25_cell_596,tile_W9_25,W9,9w_1d,12619.0,7667.0,1790.50978,1088.41868,1790.50978,1088.41868,65,94.0,1,EVT2,0.589843371281067
W9_tile_25_cell_602,tile_W9_25,W9,9w_1d,12884.5,7490.5,1828.20547,1063.35921,1828.20547,1063.35921,62,100.0,1,EVT2,0.685005612183837
W9_tile_25_cell_625,tile_W9_25,W9,9w_1d,12666.0,7696.5,1797.18284,1092.60709,1797.18284,1092.60709,164,302.0,6,EVT2,0.824938365899434
W9_tile_25_cell_627,tile_W9_25,W9,9w_1d,12893.0,7916.0,1829.4123,1123.7717,1829.4123,1123.7717,62,84.0,1,EVT2,0.839819536592586
W9_tile_25_cell_645,tile_W9_25,W9,9w_1d,12672.0,7407.0,1798.03472,1051.50388,1798.03472,1051.50388,130,244.0,6,EVT2,0.95326590269548
W9_tile_25_cell_671,tile_W9_25,W9,9w_1d,12885.0,7776.0,1828.27646,1103.8945,1828.27646,1103.8945,134,288.0,6,EVT2,0.870707909513884
W9_tile_25_cell_678,tile_W9_25,W9,9w_1d,12390.0,7543.0,1757.99636,1070.81316,1757.99636,1070.81316,174,373.0,6,EVT3,0.563282930472894
W9_tile_25_cell_681,tile_W9_25,W9,9w_1d,12891.0,7621.0,1829.12834,1081.8876,1829.12834,1081.8876,72,117.0,1,EVT2,0.717896709795424
W9_tile_25_cell_682,tile_W9_25,W9,9w_1d,12854.0,7560.0,1823.87508,1073.22682,1823.87508,1073.22682,142,253.0,6,EVT2,0.792266757633523
W9_tile_25_cell_691,tile_W9_25,W9,9w_1d,12718.0,7730.0,1804.5658,1097.36342,1804.5658,1097.36342,107,186.0,6,EVT2,0.905721055173746
W9_tile_25_cell_706,tile_W9_25,W9,9w_1d,12863.0,7683.0,1825.1529,1090.69036,1825.1529,1090.69036,60,81.0,1,EVT2,0.413389394195136
W9_tile_25_cell_707,tile_W9_25,W9,9w_1d,12624.0,7580.0,1791.21968,1076.06642,1791.21968,1076.06642,63,107.0,1,EVT2,0.72818717577055
W9_tile_25_cell_754,tile_W9_25,W9,9w_1d,12649.0,7763.5,1794.76918,1102.11975,1794.76918,1102.11975,122,220.0,6,EVT2,0.641429595721813
W9_tile_25_cell_759,tile_W9_25,W9,9w_1d,12424.5,8497.0,1762.89467,1206.26208,1762.89467,1206.26208,84,120.0,0,vCTB2,0.691146252070054
W9_tile_25_cell_800,tile_W9_25,W9,9w_1d,12561.0,7801.0,1782.27494,1107.444,1782.27494,1107.444,209,393.0,6,EVT2,0.483587029001508
W9_tile_25_cell_801,tile_W9_25,W9,9w_1d,12511.5,7486.0,1775.24693,1062.7203,1775.24693,1062.7203,66,94.0,1,EVT2,0.466088014583207
W9_tile_25_cell_808,tile_W9_25,W9,9w_1d,12883.5,7988.5,1828.06349,1134.06525,1828.06349,1134.06525,102,178.0,6,EVT2,0.902492717851252
W9_tile_25_cell_809,tile_W9_25,W9,9w_1d,12639.0,7477.0,1793.34938,1061.44248,1793.34938,1061.44248,90,143.0,1,EVT2,0.865969960737638
W9_tile_25_cell_821,tile_W9_25,W9,9w_1d,12454.0,7540.0,1767.08308,1070.38722,1767.08308,1070.38722,87,135.0,1,EVT2,0.836795270430539
W9_tile_25_cell_899,tile_W9_25,W9,9w_1d,12812.5,8024.5,1817.98291,1139.17653,1817.98291,1139.17653,72,100.0,1,EVT2,0.839324284031326
W9_tile_25_cell_901,tile_W9_25,W9,9w_1d,12708.0,7526.0,1803.146,1068.3995,1803.146,1068.3995,133,230.0,6,EVT2,0.775906936996578
W9_tile_25_cell_905,tile_W9_25,W9,9w_1d,12508.0,7702.0,1774.75,1093.38798,1774.75,1093.38798,84,144.0,1,EVT2,0.651590873783192
W9_tile_25_cell_907,tile_W9_25,W9,9w_1d,12753.0,7655.0,1809.5351,1086.71492,1809.5351,1086.71492,118,212.0,6,EVT2,0.965687335524158
W9_tile_25_cell_924,tile_W9_25,W9,9w_1d,12726.0,7615.0,1805.70164,1081.03572,1805.70164,1081.03572,81,128.0,1,EVT2,0.841977104490019
W9_tile_25_cell_933,tile_W9_25,W9,9w_1d,12804.5,7658.0,1816.84707,1087.14086,1816.84707,1087.14086,120,230.0,6,EVT2,0.911867928811535
W9_tile_25_cell_983,tile_W9_25,W9,9w_1d,12702.0,7446.0,1802.29412,1057.0411,1802.29412,1057.0411,135,243.0,6,EVT2,0.557398157088177
W9_tile_26_cell_1014,tile_W9_26,W9,9w_1d,14564.5,7967.0,2066.73187,1131.01268,2066.73187,1131.01268,139,282.0,10,STB,0.439374167679631
W9_tile_26_cell_1015,tile_W9_26,W9,9w_1d,14274.0,7946.0,2025.48668,1128.0311,2025.48668,1128.0311,229,561.0,10,STB,0.450407672087527
W9_tile_26_cell_1016,tile_W9_26,W9,9w_1d,14379.5,7940.0,2040.46557,1127.17922,2040.46557,1127.17922,168,352.0,10,vCTB2,0.332903493056993
W9_tile_26_cell_1017,tile_W9_26,W9,9w_1d,14643.0,7892.0,2077.8773,1120.36418,2077.8773,1120.36418,122,191.0,5,vCTB2,0.515042127752719
W9_tile_26_cell_1019,tile_W9_26,W9,9w_1d,14464.0,7902.0,2052.46288,1121.78398,2052.46288,1121.78398,98,164.0,0,vCTB2,0.625061068000117
W9_tile_26_cell_1020,tile_W9_26,W9,9w_1d,14560.0,7851.0,2066.09296,1114.543,2066.09296,1114.543,153,252.0,5,STB,0.402987921054231
W9_tile_26_cell_1021,tile_W9_26,W9,9w_1d,14431.0,7834.0,2047.77754,1112.12934,2047.77754,1112.12934,144,256.0,5,vCTB2,0.44102670160782
W9_tile_26_cell_1025,tile_W9_26,W9,9w_1d,14469.0,7782.0,2053.17278,1104.74638,2053.17278,1104.74638,77,108.0,0,vCTB2,0.378086108189048
W9_tile_26_cell_1027,tile_W9_26,W9,9w_1d,14274.0,7782.0,2025.48668,1104.74638,2025.48668,1104.74638,116,229.0,5,vCTB2,0.484226867434079
W9_tile_26_cell_1028,tile_W9_26,W9,9w_1d,14118.0,7778.0,2003.3378,1104.17846,2003.3378,1104.17846,174,363.0,10,STB,0.497233443652933
W9_tile_26_cell_1029,tile_W9_26,W9,9w_1d,14545.0,7757.5,2063.96326,1101.26787,2063.96326,1101.26787,129,218.0,5,STB,0.325959662266306
W9_tile_26_cell_1030,tile_W9_26,W9,9w_1d,14385.0,7762.0,2041.24646,1101.90678,2041.24646,1101.90678,75,112.0,0,vCTB2,0.480073891343858
W9_tile_26_cell_1032,tile_W9_26,W9,9w_1d,14024.0,7727.5,1989.99168,1097.00847,1989.99168,1097.00847,134,252.0,5,vCTB2,0.289394790697754
W9_tile_26_cell_1034,tile_W9_26,W9,9w_1d,14243.0,7705.0,2021.0853,1093.81392,2021.0853,1093.81392,110,197.0,0,vCTB2,0.456608481643421
W9_tile_26_cell_1035,tile_W9_26,W9,9w_1d,14143.5,7678.0,2006.95829,1089.98046,2006.95829,1089.98046,68,112.0,0,vCTB2,0.587633308603239
W9_tile_26_cell_1037,tile_W9_26,W9,9w_1d,14605.0,7647.0,2072.48206,1085.57908,2072.48206,1085.57908,147,240.0,5,STB,0.568956705287932
W9_tile_26_cell_1038,tile_W9_26,W9,9w_1d,14532.0,7620.0,2062.11752,1081.74562,2062.11752,1081.74562,101,155.0,0,vCTB2,0.386230988116249
W9_tile_26_cell_1039,tile_W9_26,W9,9w_1d,13996.0,7646.0,1986.01624,1085.4371,1986.01624,1085.4371,88,198.0,2,vCTB2,0.348410512025339
W9_tile_26_cell_1042,tile_W9_26,W9,9w_1d,14040.0,7604.0,1992.26336,1079.47394,1992.26336,1079.47394,75,158.0,2,vCTB2,0.43646611151795
W9_tile_26_cell_1043,tile_W9_26,W9,9w_1d,14171.0,7625.0,2010.86274,1082.45552,2010.86274,1082.45552,139,302.0,10,vCTB2,0.34000828726411
W9_tile_26_cell_1045,tile_W9_26,W9,9w_1d,14185.0,7528.0,2012.85046,1068.68346,2012.85046,1068.68346,97,208.0,7,vCTB2,0.372098391949821
W9_tile_26_cell_1050,tile_W9_26,W9,9w_1d,14117.0,7496.0,2003.19582,1064.1401,2003.19582,1064.1401,121,237.0,7,EVT2,0.331631062494543
W9_tile_26_cell_1051,tile_W9_26,W9,9w_1d,14374.0,7460.0,2039.68468,1059.02882,2039.68468,1059.02882,114,245.0,7,STB,0.368485824725309
W9_tile_26_cell_1052,tile_W9_26,W9,9w_1d,14468.0,7506.0,2053.0308,1065.5599,2053.0308,1065.5599,106,181.0,7,vCTB2,0.330593518331018
W9_tile_26_cell_1053,tile_W9_26,W9,9w_1d,13962.0,7503.0,1981.18892,1065.13396,1981.18892,1065.13396,119,246.0,7,STB,0.283453603134489
W9_tile_26_cell_1055,tile_W9_26,W9,9w_1d,14267.0,7488.0,2024.49282,1063.00426,2024.49282,1063.00426,141,267.0,10,STB,0.431384010794924
W9_tile_26_cell_107,tile_W9_26,W9,9w_1d,14514.0,8146.0,2059.56188,1156.4271,2059.56188,1156.4271,96,366.0,7,EVT2,0.248974378789039
W9_tile_26_cell_108,tile_W9_26,W9,9w_1d,12940.0,7977.0,1836.08536,1132.43248,1836.08536,1132.43248,126,186.0,6,EVT2,0.934503737147242
W9_tile_26_cell_110,tile_W9_26,W9,9w_1d,14034.0,7506.0,1991.41148,1065.5599,1991.41148,1065.5599,101,220.0,7,EVT2,0.352245613487064
W9_tile_26_cell_111,tile_W9_26,W9,9w_1d,14095.0,7392.0,2000.07226,1049.37418,2000.07226,1049.37418,54,109.0,2,vCTB2,0.341329757211162
W9_tile_26_cell_12,tile_W9_26,W9,9w_1d,14118.0,7953.0,2003.3378,1129.02496,2003.3378,1129.02496,45,86.0,2,vCTB2,0.437430064765261
W9_tile_26_cell_120,tile_W9_26,W9,9w_1d,13406.5,8104.0,1902.31903,1150.46394,1902.31903,1150.46394,43,98.0,2,vCTB2,0.481013094017683
W9_tile_26_cell_122,tile_W9_26,W9,9w_1d,13967.0,7993.0,1981.89882,1134.70416,1981.89882,1134.70416,76,147.0,2,vCTB2,0.367810447205217
W9_tile_26_cell_126,tile_W9_26,W9,9w_1d,13052.0,7616.0,1851.98712,1081.1777,1851.98712,1081.1777,133,207.0,6,EVT2,0.851571382371461
W9_tile_26_cell_143,tile_W9_26,W9,9w_1d,14048.0,8076.5,1993.3992,1146.55949,1993.3992,1146.55949,60,116.0,2,vCTB2,0.297311299489555
W9_tile_26_cell_154,tile_W9_26,W9,9w_1d,14206.5,8062.0,2015.90303,1144.5007799999998,2015.90303,1144.5007799999998,94,284.0,7,STB,0.327174119525946
W9_tile_26_cell_156,tile_W9_26,W9,9w_1d,13948.0,7710.0,1979.2012,1094.52382,1979.2012,1094.52382,116,216.0,7,STB,0.393362823613463
W9_tile_26_cell_16,tile_W9_26,W9,9w_1d,13945.0,7928.0,1978.77526,1125.47546,1978.77526,1125.47546,129,245.0,7,STB,0.643228340691911
W9_tile_26_cell_195,tile_W9_26,W9,9w_1d,13819.0,7641.0,1960.88578,1084.7272,1960.88578,1084.7272,148,530.0,7,STB,0.448055947800215
W9_tile_26_cell_196,tile_W9_26,W9,9w_1d,14685.0,8145.0,2083.84046,1156.28512,2083.84046,1156.28512,62,134.0,2,EVT2,0.263965498083264
W9_tile_26_cell_207,tile_W9_26,W9,9w_1d,13000.0,7825.0,1844.60416,1110.85152,1844.60416,1110.85152,86,146.0,1,EVT2,0.588342338482676
W9_tile_26_cell_208,tile_W9_26,W9,9w_1d,13237.0,7858.0,1878.25342,1115.53686,1878.25342,1115.53686,240,513.0,6,EVT2,0.453644456904505
W9_tile_26_cell_211,tile_W9_26,W9,9w_1d,13173.0,7420.0,1869.1667,1053.34962,1869.1667,1053.34962,206,423.0,6,EVT2,0.549183147264385
W9_tile_26_cell_24,tile_W9_26,W9,9w_1d,13897.0,7998.0,1971.96022,1135.41406,1971.96022,1135.41406,88,217.0,7,STB,0.326003109117861
W9_tile_26_cell_271,tile_W9_26,W9,9w_1d,14201.0,7423.0,2015.12214,1053.77556,2015.12214,1053.77556,112,240.0,7,STB,0.465613437831406
W9_tile_26_cell_289,tile_W9_26,W9,9w_1d,14429.0,8009.0,2047.49358,1136.97584,2047.49358,1136.97584,138,362.0,7,STB,0.711367344395612
W9_tile_26_cell_294,tile_W9_26,W9,9w_1d,14685.0,7465.0,2083.84046,1059.73872,2083.84046,1059.73872,37,87.0,2,vCTB2,0.367844349790365
W9_tile_26_cell_299,tile_W9_26,W9,9w_1d,14204.0,7937.0,2015.54808,1126.75328,2015.54808,1126.75328,82,139.0,0,vCTB2,0.449196640159157
W9_tile_26_cell_301,tile_W9_26,W9,9w_1d,13033.0,7697.0,1849.2895,1092.67808,1849.2895,1092.67808,72,110.0,1,EVT2,0.774473979361094
W9_tile_26_cell_313,tile_W9_26,W9,9w_1d,13038.5,7779.0,1850.07039,1104.32044,1850.07039,1104.32044,72,104.0,1,EVT2,0.828542390552509
W9_tile_26_cell_314,tile_W9_26,W9,9w_1d,14604.0,7403.0,2072.34008,1050.93596,2072.34008,1050.93596,48,107.0,2,vCTB2,0.419923841714986
W9_tile_26_cell_325,tile_W9_26,W9,9w_1d,12944.0,7730.0,1836.65328,1097.36342,1836.65328,1097.36342,102,152.0,1,EVT2,0.765455950645434
W9_tile_26_cell_350,tile_W9_26,W9,9w_1d,14142.0,7919.0,2006.74532,1124.19764,2006.74532,1124.19764,63,97.0,0,vCTB2,0.479260294846186
W9_tile_26_cell_352,tile_W9_26,W9,9w_1d,14078.0,7902.0,1997.6586,1121.78398,1997.6586,1121.78398,101,161.0,10,vCTB2,0.424532165825798
W9_tile_26_cell_354,tile_W9_26,W9,9w_1d,13916.0,7594.0,1974.65784,1078.05414,1974.65784,1078.05414,213,625.0,7,STB,0.251845893592731
W9_tile_26_cell_359,tile_W9_26,W9,9w_1d,13877.0,7892.0,1969.12062,1120.36418,1969.12062,1120.36418,148,415.0,7,STB,0.687242872389387
W9_tile_26_cell_360,tile_W9_26,W9,9w_1d,13845.0,7481.0,1964.57726,1062.0104,1964.57726,1062.0104,175,842.0,7,STB,0.233651725655412
W9_tile_26_cell_361,tile_W9_26,W9,9w_1d,14688.0,7580.0,2084.2664,1076.06642,2084.2664,1076.06642,95,147.0,2,vCTB2,0.254580530807202
W9_tile_26_cell_362,tile_W9_26,W9,9w_1d,14582.0,7493.0,2069.21652,1063.71416,2069.21652,1063.71416,51,98.0,2,vCTB2,0.359700368731271
W9_tile_26_cell_370,tile_W9_26,W9,9w_1d,13068.0,7805.0,1854.2588,1108.01192,1854.2588,1108.01192,70,93.0,1,EVT2,0.831908182833047
W9_tile_26_cell_375,tile_W9_26,W9,9w_1d,13041.0,7946.0,1850.42534,1128.0311,1850.42534,1128.0311,65,91.0,1,EVT2,0.811971798461244
W9_tile_26_cell_377,tile_W9_26,W9,9w_1d,14415.0,8105.0,2045.50586,1150.60592,2045.50586,1150.60592,102,304.0,7,Fibroblast1,0.26874889699472
W9_tile_26_cell_379,tile_W9_26,W9,9w_1d,13341.0,8089.0,1893.01934,1148.33424,1893.01934,1148.33424,55,143.0,2,vCTB2,0.331878478451416
W9_tile_26_cell_380,tile_W9_26,W9,9w_1d,13843.0,7394.0,1964.2933,1049.65814,1964.2933,1049.65814,67,263.0,2,vCTB2,0.282799974581696
W9_tile_26_cell_381,tile_W9_26,W9,9w_1d,14086.5,8100.5,1998.86543,1149.96701,1998.86543,1149.96701,128,324.0,7,STB,0.392135209974551
W9_tile_26_cell_402,tile_W9_26,W9,9w_1d,12928.5,7807.0,1834.45259,1108.29588,1834.45259,1108.29588,99,150.0,1,EVT2,0.723202188768041
W9_tile_26_cell_422,tile_W9_26,W9,9w_1d,14629.0,8072.0,2075.88958,1145.92058,2075.88958,1145.92058,163,568.0,7,STB,0.446620775020093
W9_tile_26_cell_423,tile_W9_26,W9,9w_1d,13799.5,7706.0,1958.11717,1093.9559,1958.11717,1093.9559,50,132.0,2,vCTB2,0.400035450977916
W9_tile_26_cell_425,tile_W9_26,W9,9w_1d,13395.0,7969.0,1900.68626,1131.29664,1900.68626,1131.29664,70,208.0,2,EVT2,0.257395843999737
W9_tile_26_cell_427,tile_W9_26,W9,9w_1d,13836.0,8132.0,1963.29944,1154.43938,1963.29944,1154.43938,150,447.0,7,STB,0.44579357713083
W9_tile_26_cell_430,tile_W9_26,W9,9w_1d,14627.5,7534.5,2075.67661,1069.60633,2075.67661,1069.60633,58,100.0,2,vCTB2,0.302925906025429
W9_tile_26_cell_440,tile_W9_26,W9,9w_1d,13268.0,7580.5,1882.6548,1076.13741,1882.6548,1076.13741,73,116.0,1,EVT2,0.806854274259003
W9_tile_26_cell_442,tile_W9_26,W9,9w_1d,14694.0,7669.0,2085.11828,1088.70264,2085.11828,1088.70264,75,102.0,0,vCTB2,0.562846603499888
W9_tile_26_cell_446,tile_W9_26,W9,9w_1d,13179.0,8083.0,1870.01858,1147.48236,1870.01858,1147.48236,46,104.0,2,vCTB2,0.507555447309916
W9_tile_26_cell_453,tile_W9_26,W9,9w_1d,13102.0,7544.0,1859.08612,1070.95514,1859.08612,1070.95514,84,111.0,1,EVT2,0.885340800342402
W9_tile_26_cell_46,tile_W9_26,W9,9w_1d,13353.0,7916.0,1894.7231,1123.7717,1894.7231,1123.7717,126,483.0,7,Fibroblast1,0.204426018261004
W9_tile_26_cell_461,tile_W9_26,W9,9w_1d,13755.0,8068.0,1951.79906,1145.35266,1951.79906,1145.35266,139,571.0,7,STB,0.357655284899619
W9_tile_26_cell_463,tile_W9_26,W9,9w_1d,13864.0,7720.0,1967.27488,1095.94362,1967.27488,1095.94362,135,350.0,7,STB,0.545274854097315
W9_tile_26_cell_470,tile_W9_26,W9,9w_1d,13921.0,8144.0,1975.36774,1156.14314,1975.36774,1156.14314,136,459.0,7,STB,0.252045151505347
W9_tile_26_cell_478,tile_W9_26,W9,9w_1d,13993.5,7864.5,1985.66129,1116.45973,1985.66129,1116.45973,131,240.0,5,vCTB2,0.361946732825206
W9_tile_26_cell_484,tile_W9_26,W9,9w_1d,14721.5,8011.0,2089.02273,1137.2598,2089.02273,1137.2598,92,232.0,7,EVT2,0.297601843246998
W9_tile_26_cell_503,tile_W9_26,W9,9w_1d,14531.0,8033.0,2061.97554,1140.38336,2061.97554,1140.38336,79,201.0,2,EVT2,0.281014256649426
W9_tile_26_cell_505,tile_W9_26,W9,9w_1d,13221.0,7669.0,1875.98174,1088.70264,1875.98174,1088.70264,174,383.0,6,EVT2,0.709377937249172
W9_tile_26_cell_511,tile_W9_26,W9,9w_1d,14064.0,7953.0,1995.67088,1129.02496,1995.67088,1129.02496,122,263.0,7,vCTB2,0.406021592231816
W9_tile_26_cell_512,tile_W9_26,W9,9w_1d,14312.0,8125.0,2030.88192,1153.44552,2030.88192,1153.44552,147,525.0,7,STB,0.261128560909573
W9_tile_26_cell_528,tile_W9_26,W9,9w_1d,13761.0,7956.0,1952.65094,1129.4509,1952.65094,1129.4509,241,1117.0,7,STB,0.36199398125224
W9_tile_26_cell_534,tile_W9_26,W9,9w_1d,12960.0,7894.0,1838.92496,1120.64814,1838.92496,1120.64814,112,185.0,6,EVT2,0.907456735950225
W9_tile_26_cell_542,tile_W9_26,W9,9w_1d,12932.0,7620.0,1834.94952,1081.74562,1834.94952,1081.74562,113,179.0,6,EVT2,0.577469760742049
W9_tile_26_cell_547,tile_W9_26,W9,9w_1d,14716.5,7528.0,2088.31283,1068.68346,2088.31283,1068.68346,108,202.0,7,STB,0.288561742881572
W9_tile_26_cell_555,tile_W9_26,W9,9w_1d,14062.0,8180.0,1995.38692,1161.25442,1995.38692,1161.25442,96,283.0,2,unknown3,0.208665232222293
W9_tile_26_cell_557,tile_W9_26,W9,9w_1d,13119.0,7708.0,1861.49978,1094.23986,1861.49978,1094.23986,80,123.0,1,EVT2,0.824188480357309
W9_tile_26_cell_570,tile_W9_26,W9,9w_1d,14478.0,7426.0,2054.4506,1054.2015,2054.4506,1054.2015,42,89.0,2,vCTB2,0.360404704165027
W9_tile_26_cell_576,tile_W9_26,W9,9w_1d,13150.0,7861.0,1865.90116,1115.9628,1865.90116,1115.9628,66,100.0,1,EVT2,0.719123691895689
W9_tile_26_cell_585,tile_W9_26,W9,9w_1d,14220.0,8137.0,2017.81976,1155.14928,2017.81976,1155.14928,116,409.0,7,unknown3,0.160573322460444
W9_tile_26_cell_59,tile_W9_26,W9,9w_1d,14235.0,8020.0,2019.94946,1138.53762,2019.94946,1138.53762,40,101.0,2,EVT2,0.309073153531446
W9_tile_26_cell_593,tile_W9_26,W9,9w_1d,13058.0,7425.0,1852.839,1054.05952,1852.839,1054.05952,65,93.0,1,EVT2,0.829124148444313
W9_tile_26_cell_597,tile_W9_26,W9,9w_1d,13118.0,7637.0,1861.3578,1084.15928,1861.3578,1084.15928,96,162.0,1,EVT2,0.836058336274819
W9_tile_26_cell_60,tile_W9_26,W9,9w_1d,13214.0,7601.0,1874.98788,1079.048,1874.98788,1079.048,105,179.0,1,EVT2,0.830075038239341
W9_tile_26_cell_607,tile_W9_26,W9,9w_1d,13993.0,8165.0,1985.5903,1159.12472,1985.5903,1159.12472,106,303.0,7,STB,0.434867663383676
W9_tile_26_cell_608,tile_W9_26,W9,9w_1d,13274.0,7435.0,1883.50668,1055.47932,1883.50668,1055.47932,92,124.0,1,EVT3,0.501377569373757
W9_tile_26_cell_609,tile_W9_26,W9,9w_1d,13795.0,7766.0,1957.47826,1102.4747,1957.47826,1102.4747,98,219.0,7,STB,0.347698687316043
W9_tile_26_cell_614,tile_W9_26,W9,9w_1d,14132.0,7417.0,2005.32552,1052.92368,2005.32552,1052.92368,50,97.0,2,vCTB2,0.446126375346779
W9_tile_26_cell_624,tile_W9_26,W9,9w_1d,14186.5,7849.5,2013.06343,1114.33003,2013.06343,1114.33003,143,268.0,10,vCTB2,0.385351784239063
W9_tile_26_cell_63,tile_W9_26,W9,9w_1d,14090.5,7438.0,1999.43335,1055.90526,1999.43335,1055.90526,49,90.0,2,vCTB2,0.391352630630462
W9_tile_26_cell_631,tile_W9_26,W9,9w_1d,13228.0,7790.5,1876.9756,1105.95321,1876.9756,1105.95321,68,100.0,1,EVT2,0.792807358718781
W9_tile_26_cell_635,tile_W9_26,W9,9w_1d,14013.5,8001.0,1988.50089,1135.84,1988.50089,1135.84,58,152.0,2,vCTB2,0.377640468928124
W9_tile_26_cell_64,tile_W9_26,W9,9w_1d,14061.0,8037.5,1995.24494,1141.02227,1995.24494,1141.02227,102,282.0,7,STB,0.329469796187852
W9_tile_26_cell_650,tile_W9_26,W9,9w_1d,13297.0,7784.0,1886.77222,1105.03034,1886.77222,1105.03034,144,267.0,6,EVT2,0.781195547142084
W9_tile_26_cell_657,tile_W9_26,W9,9w_1d,14284.0,8058.0,2026.90648,1143.93286,2026.90648,1143.93286,146,382.0,7,STB,0.538231597937273
W9_tile_26_cell_66,tile_W9_26,W9,9w_1d,13761.0,7834.0,1952.65094,1112.12934,1952.65094,1112.12934,112,376.0,7,EVT2,0.20488194135849
W9_tile_26_cell_666,tile_W9_26,W9,9w_1d,13820.0,7824.0,1961.02776,1110.70954,1961.02776,1110.70954,97,213.0,2,STB,0.430710413741818
W9_tile_26_cell_668,tile_W9_26,W9,9w_1d,14338.0,7391.0,2034.5734,1049.2322,2034.5734,1049.2322,43,82.0,2,vCTB2,0.370542834304329
W9_tile_26_cell_689,tile_W9_26,W9,9w_1d,13082.0,7881.0,1856.24652,1118.8024,1856.24652,1118.8024,118,191.0,6,EVT2,0.872090345936318
W9_tile_26_cell_692,tile_W9_26,W9,9w_1d,14079.0,7685.0,1997.80058,1090.97432,1997.80058,1090.97432,128,246.0,10,STB,0.413509951451596
W9_tile_26_cell_702,tile_W9_26,W9,9w_1d,14010.5,8107.0,1988.07495,1150.88988,1988.07495,1150.88988,128,304.0,7,STB,0.443685322843957
W9_tile_26_cell_707,tile_W9_26,W9,9w_1d,14732.0,7640.0,2090.51352,1084.58522,2090.51352,1084.58522,76,131.0,2,STB,0.53801386573679
W9_tile_26_cell_714,tile_W9_26,W9,9w_1d,14679.0,7953.5,2082.98858,1129.09595,2082.98858,1129.09595,62,108.0,2,STB,0.357662714064719
W9_tile_26_cell_715,tile_W9_26,W9,9w_1d,14212.0,7387.0,2016.68392,1048.66428,2016.68392,1048.66428,40,84.0,2,vCTB2,0.323320598938377
W9_tile_26_cell_718,tile_W9_26,W9,9w_1d,13285.0,7984.5,1885.06846,1133.49733,1885.06846,1133.49733,137,452.0,7,Fibroblast1,0.220768760681215
W9_tile_26_cell_727,tile_W9_26,W9,9w_1d,14577.0,8128.0,2068.50662,1153.87146,2068.50662,1153.87146,96,348.0,7,EVT2,0.38960638295923
W9_tile_26_cell_728,tile_W9_26,W9,9w_1d,14714.5,7883.0,2088.02887,1119.08636,2088.02887,1119.08636,84,162.0,2,vCTB2,0.342042658650332
W9_tile_26_cell_731,tile_W9_26,W9,9w_1d,13952.0,7798.0,1979.76912,1107.01806,1979.76912,1107.01806,151,284.0,10,STB,0.399752210918364
W9_tile_26_cell_746,tile_W9_26,W9,9w_1d,12996.5,7736.0,1844.10723,1098.2153,1844.10723,1098.2153,81,112.0,1,EVT2,0.708599354658199
W9_tile_26_cell_757,tile_W9_26,W9,9w_1d,13131.0,7769.0,1863.20354,1102.90064,1863.20354,1102.90064,180,330.0,6,EVT2,0.665961245240422
W9_tile_26_cell_765,tile_W9_26,W9,9w_1d,13165.0,7553.0,1868.03086,1072.23296,1868.03086,1072.23296,167,265.0,6,EVT2,0.806045903421163
W9_tile_26_cell_771,tile_W9_26,W9,9w_1d,14403.0,7392.0,2043.8021,1049.37418,2043.8021,1049.37418,60,113.0,2,vCTB2,0.281720222387472
W9_tile_26_cell_772,tile_W9_26,W9,9w_1d,12962.0,7470.5,1839.20892,1060.51961,1839.20892,1060.51961,65,88.0,1,EVT2,0.852113223322795
W9_tile_26_cell_780,tile_W9_26,W9,9w_1d,14344.0,7835.0,2035.42528,1112.27132,2035.42528,1112.27132,111,186.0,0,vCTB2,0.488399313676722
W9_tile_26_cell_783,tile_W9_26,W9,9w_1d,13258.0,7544.0,1881.235,1070.95514,1881.235,1070.95514,78,119.0,1,EVT2,0.674897923771993
W9_tile_26_cell_788,tile_W9_26,W9,9w_1d,13849.0,8046.0,1965.14518,1142.2291,1965.14518,1142.2291,280,1046.0,7,Endothelial_cells,0.668944013317458
W9_tile_26_cell_79,tile_W9_26,W9,9w_1d,14097.0,7584.0,2000.35622,1076.63434,2000.35622,1076.63434,112,199.0,7,vCTB2,0.326071219129303
W9_tile_26_cell_790,tile_W9_26,W9,9w_1d,13904.5,7765.5,1973.02507,1102.40371,1973.02507,1102.40371,70,132.0,0,vCTB2,0.451216144883809
W9_tile_26_cell_799,tile_W9_26,W9,9w_1d,13012.0,7460.5,1846.30792,1059.09981,1846.30792,1059.09981,79,104.0,1,EVT2,0.634483349207466
W9_tile_26_cell_801,tile_W9_26,W9,9w_1d,14134.0,8149.0,2005.60948,1156.85304,2005.60948,1156.85304,151,681.0,7,STB,0.367122351859174
W9_tile_26_cell_810,tile_W9_26,W9,9w_1d,14630.0,7451.0,2076.03156,1057.751,2076.03156,1057.751,90,245.0,7,STB,0.524408015197582
W9_tile_26_cell_846,tile_W9_26,W9,9w_1d,14717.0,8070.0,2088.38382,1145.63662,2088.38382,1145.63662,76,155.0,2,EVT2,0.262592210556965
W9_tile_26_cell_847,tile_W9_26,W9,9w_1d,14548.0,7399.0,2064.3892,1050.36804,2064.3892,1050.36804,98,242.0,7,STB,0.444462956556827
W9_tile_26_cell_848,tile_W9_26,W9,9w_1d,13048.0,7510.0,1851.4192,1066.12782,1851.4192,1066.12782,97,137.0,1,EVT2,0.700350019963742
W9_tile_26_cell_850,tile_W9_26,W9,9w_1d,12943.0,7414.0,1836.5113,1052.49774,1836.5113,1052.49774,89,119.0,1,EVT2,0.867361246483553
W9_tile_26_cell_86,tile_W9_26,W9,9w_1d,14160.0,8009.0,2009.30096,1136.97584,2009.30096,1136.97584,95,257.0,7,EVT2,0.368166350089263
W9_tile_26_cell_883,tile_W9_26,W9,9w_1d,14514.5,9170.0,2059.63287,1301.81462,2059.63287,1301.81462,83,104.0,0,vCTB2,0.423000538382942
W9_tile_26_cell_907,tile_W9_26,W9,9w_1d,14450.0,9092.0,2050.47516,1290.74018,2050.47516,1290.74018,135,246.0,5,vCTB2,0.533818372301819
W9_tile_26_cell_91,tile_W9_26,W9,9w_1d,14478.0,8086.0,2054.4506,1147.9083,2054.4506,1147.9083,111,292.0,7,STB,0.42432906266725
W9_tile_26_cell_915,tile_W9_26,W9,9w_1d,14626.5,9044.0,2075.53463,1283.92514,2075.53463,1283.92514,67,88.0,0,vCTB2,0.557544555555096
W9_tile_26_cell_92,tile_W9_26,W9,9w_1d,12971.0,8049.5,1840.48674,1142.72603,1840.48674,1142.72603,106,138.0,6,EVT2,0.861933033162548
W9_tile_26_cell_925,tile_W9_26,W9,9w_1d,14401.0,9031.0,2043.51814,1282.0794,2043.51814,1282.0794,76,105.0,0,vCTB2,0.412762111528235
W9_tile_26_cell_936,tile_W9_26,W9,9w_1d,14564.5,8963.0,2066.73187,1272.42476,2066.73187,1272.42476,128,230.0,5,vCTB2,0.47368359765414
W9_tile_26_cell_940,tile_W9_26,W9,9w_1d,14639.0,8897.0,2077.30938,1263.05408,2077.30938,1263.05408,216,342.0,5,unknown3,0.441455463777049
W9_tile_26_cell_97,tile_W9_26,W9,9w_1d,13930.0,7435.0,1976.64556,1055.47932,1976.64556,1055.47932,185,499.0,7,EVT3,0.438976836458819
W9_tile_27_cell_117,tile_W9_27,W9,9w_1d,16133.0,8742.0,2289.4275,1241.04718,2289.4275,1241.04718,103,161.0,0,vCTB2,0.607131512942147
W9_tile_27_cell_143,tile_W9_27,W9,9w_1d,15585.0,8933.0,2211.62246,1268.16536,2211.62246,1268.16536,98,140.0,3,Fibroblast2,0.668701945247613
W9_tile_27_cell_149,tile_W9_27,W9,9w_1d,16040.0,8950.0,2276.22336,1270.57902,2276.22336,1270.57902,71,97.0,8,Fibroblast1,0.485709223430136
W9_tile_27_cell_153,tile_W9_27,W9,9w_1d,15912.0,8676.0,2258.04992,1231.6765,2258.04992,1231.6765,180,305.0,5,Fibroblast2,0.307450852813063
W9_tile_27_cell_190,tile_W9_27,W9,9w_1d,15865.0,9002.0,2251.37686,1277.96198,2251.37686,1277.96198,75,102.0,4,Fibroblast2,0.670997182645051
W9_tile_27_cell_199,tile_W9_27,W9,9w_1d,15578.0,8352.0,2210.6286,1185.67498,2210.6286,1185.67498,154,759.0,7,STB,0.665988596665111
W9_tile_27_cell_213,tile_W9_27,W9,9w_1d,15479.0,8840.0,2196.57258,1254.96122,2196.57258,1254.96122,140,239.0,3,Fibroblast2,0.916160294566112
W9_tile_27_cell_237,tile_W9_27,W9,9w_1d,15686.0,9092.0,2225.96244,1290.74018,2225.96244,1290.74018,97,149.0,4,Fibroblast2,0.741694573390849
W9_tile_27_cell_248,tile_W9_27,W9,9w_1d,15769.5,8992.0,2237.81777,1276.54218,2237.81777,1276.54218,121,188.0,3,Fibroblast2,0.58868754848818
W9_tile_27_cell_255,tile_W9_27,W9,9w_1d,15522.0,9143.0,2202.67772,1297.98116,2202.67772,1297.98116,149,233.0,3,Fibroblast2,0.943789005282559
W9_tile_27_cell_27,tile_W9_27,W9,9w_1d,16142.0,8979.0,2290.70532,1274.69644,2290.70532,1274.69644,91,129.0,12,Endothelial_cells,0.347122361745927
W9_tile_27_cell_274,tile_W9_27,W9,9w_1d,15138.0,8588.0,2148.1574,1219.18226,2148.1574,1219.18226,58,86.0,0,vCTB2,0.660803598003103
W9_tile_27_cell_287,tile_W9_27,W9,9w_1d,15357.0,8622.0,2179.25102,1224.00958,2179.25102,1224.00958,178,264.0,8,Fibroblast1,0.739419847947875
W9_tile_27_cell_289,tile_W9_27,W9,9w_1d,15790.0,9090.0,2240.72836,1290.45622,2240.72836,1290.45622,98,132.0,0,vCTB2,0.446857906753929
W9_tile_27_cell_290,tile_W9_27,W9,9w_1d,15278.0,9098.0,2168.0346,1291.59206,2168.0346,1291.59206,124,219.0,3,Fibroblast2,0.704790891380865
W9_tile_27_cell_300,tile_W9_27,W9,9w_1d,15810.0,8986.0,2243.56796,1275.6903,2243.56796,1275.6903,81,109.0,4,Fibroblast2,0.585670885614779
W9_tile_27_cell_311,tile_W9_27,W9,9w_1d,16073.0,8774.0,2280.9087,1245.59054,2280.9087,1245.59054,89,115.0,0,vCTB2,0.496214180246824
W9_tile_27_cell_323,tile_W9_27,W9,9w_1d,15797.5,9172.5,2241.79321,1302.16957,2241.79321,1302.16957,69,96.0,4,EVT2,0.376658006125898
W9_tile_27_cell_330,tile_W9_27,W9,9w_1d,15112.0,9200.5,2144.46592,1306.14501,2144.46592,1306.14501,67,86.0,4,Fibroblast2,0.372732419113469
W9_tile_27_cell_335,tile_W9_27,W9,9w_1d,15026.0,7761.5,2132.25564,1101.83579,2132.25564,1101.83579,46,176.0,2,vCTB2,0.432889922309345
W9_tile_27_cell_336,tile_W9_27,W9,9w_1d,15877.0,9114.0,2253.08062,1293.86374,2253.08062,1293.86374,83,105.0,0,vCTB2,0.622878071590252
W9_tile_27_cell_340,tile_W9_27,W9,9w_1d,15026.0,8594.0,2132.25564,1220.03414,2132.25564,1220.03414,65,97.0,0,vCTB2,0.672884371529814
W9_tile_27_cell_35,tile_W9_27,W9,9w_1d,15644.5,9100.5,2220.07027,1291.94701,2220.07027,1291.94701,67,96.0,4,EVT2,0.438369240471897
W9_tile_27_cell_357,tile_W9_27,W9,9w_1d,14931.0,7692.0,2118.76754,1091.96818,2118.76754,1091.96818,142,578.0,7,EVT2,0.26991116430466
W9_tile_27_cell_368,tile_W9_27,W9,9w_1d,16328.0,9074.0,2317.1136,1288.18454,2317.1136,1288.18454,96,141.0,8,Fibroblast1,0.498950295009421
W9_tile_27_cell_386,tile_W9_27,W9,9w_1d,16433.0,9125.0,2332.0215,1295.42552,2332.0215,1295.42552,94,109.0,4,Fibroblast2,0.241334320743369
W9_tile_27_cell_393,tile_W9_27,W9,9w_1d,15898.0,8859.0,2256.0622,1257.65884,2256.0622,1257.65884,71,103.0,8,Fibroblast1,0.333236377764911
W9_tile_27_cell_394,tile_W9_27,W9,9w_1d,16030.0,8706.0,2274.80356,1235.9359,2274.80356,1235.9359,92,135.0,0,vCTB2,0.657789617819827
W9_tile_27_cell_4,tile_W9_27,W9,9w_1d,16356.0,8866.0,2321.08904,1258.6527,2321.08904,1258.6527,83,120.0,0,vCTB2,0.460453238810434
W9_tile_27_cell_401,tile_W9_27,W9,9w_1d,14958.0,8847.0,2122.601,1255.95508,2122.601,1255.95508,142,263.0,5,vCTB2,0.431654435889057
W9_tile_27_cell_430,tile_W9_27,W9,9w_1d,15011.5,9082.0,2130.19693,1289.32038,2130.19693,1289.32038,110,164.0,4,Fibroblast2,0.515047556457578
W9_tile_27_cell_432,tile_W9_27,W9,9w_1d,15464.0,8576.0,2194.44288,1217.4785,2194.44288,1217.4785,75,103.0,0,vCTB2,0.485393689420083
W9_tile_27_cell_441,tile_W9_27,W9,9w_1d,15392.0,8568.0,2184.22032,1216.34266,2184.22032,1216.34266,71,107.0,0,vCTB2,0.7068166859591
W9_tile_27_cell_448,tile_W9_27,W9,9w_1d,14767.0,7557.0,2095.48282,1072.80088,2095.48282,1072.80088,48,114.0,2,vCTB2,0.392178749961427
W9_tile_27_cell_450,tile_W9_27,W9,9w_1d,15078.0,8992.0,2139.6386,1276.54218,2139.6386,1276.54218,151,239.0,3,Fibroblast2,0.949124093270634
W9_tile_27_cell_482,tile_W9_27,W9,9w_1d,14878.0,7618.0,2111.2426,1081.46166,2111.2426,1081.46166,115,417.0,7,STB,0.355509560958986
W9_tile_27_cell_483,tile_W9_27,W9,9w_1d,16213.0,9193.0,2300.7859,1305.08016,2300.7859,1305.08016,154,242.0,3,Fibroblast2,0.969650634087306
W9_tile_27_cell_488,tile_W9_27,W9,9w_1d,14786.0,8863.0,2098.18044,1258.22676,2098.18044,1258.22676,129,193.0,5,vCTB2,0.410904762266721
W9_tile_27_cell_491,tile_W9_27,W9,9w_1d,14862.0,8883.0,2108.97092,1261.06636,2108.97092,1261.06636,74,131.0,0,vCTB2,0.776635300132318
W9_tile_27_cell_498,tile_W9_27,W9,9w_1d,15573.5,8886.0,2209.98969,1261.4923,2209.98969,1261.4923,92,122.0,4,Fibroblast2,0.549020010552335
W9_tile_27_cell_51,tile_W9_27,W9,9w_1d,15528.0,8990.0,2203.5296,1276.25822,2203.5296,1276.25822,51,86.0,4,Fibroblast2,0.248135284571422
W9_tile_27_cell_519,tile_W9_27,W9,9w_1d,15848.0,8881.5,2248.9632,1260.85339,2248.9632,1260.85339,171,256.0,8,Fibroblast1,0.878606245429942
W9_tile_27_cell_532,tile_W9_27,W9,9w_1d,15785.0,8788.5,2240.01846,1247.64925,2240.01846,1247.64925,140,236.0,8,Fibroblast1,0.916850513380338
W9_tile_27_cell_541,tile_W9_27,W9,9w_1d,15586.0,8236.0,2211.76444,1169.2053,2211.76444,1169.2053,98,522.0,2,STB,0.270111517944221
W9_tile_27_cell_550,tile_W9_27,W9,9w_1d,15732.5,9125.5,2232.56451,1295.49651,2232.56451,1295.49651,82,132.0,4,Fibroblast2,0.268913972060135
W9_tile_27_cell_552,tile_W9_27,W9,9w_1d,15208.0,9067.0,2158.096,1287.19068,2158.096,1287.19068,71,113.0,4,Fibroblast2,0.278724912861816
W9_tile_27_cell_562,tile_W9_27,W9,9w_1d,15843.0,8600.5,2248.2533,1220.95701,2248.2533,1220.95701,84,152.0,0,vCTB2,0.683974570248873
W9_tile_27_cell_574,tile_W9_27,W9,9w_1d,15161.0,8831.0,2151.42294,1253.6834,2151.42294,1253.6834,110,178.0,0,vCTB2,0.397599094202876
W9_tile_27_cell_581,tile_W9_27,W9,9w_1d,15507.0,8268.0,2200.54802,1173.74866,2200.54802,1173.74866,114,602.0,7,STB,0.328492064373838
W9_tile_27_cell_582,tile_W9_27,W9,9w_1d,15629.0,8896.0,2217.86958,1262.9121,2217.86958,1262.9121,110,172.0,3,Fibroblast2,0.649893733607051
W9_tile_27_cell_596,tile_W9_27,W9,9w_1d,15197.0,9159.0,2156.53422,1300.25284,2156.53422,1300.25284,110,175.0,4,Fibroblast2,0.6682240497902
W9_tile_27_cell_610,tile_W9_27,W9,9w_1d,14804.5,8052.5,2100.80707,1143.15197,2100.80707,1143.15197,118,630.0,7,EVT2,0.45277141184138
W9_tile_27_cell_635,tile_W9_27,W9,9w_1d,15219.0,8616.0,2159.65778,1223.1577,2159.65778,1223.1577,98,136.0,0,vCTB2,0.319423001069705
W9_tile_27_cell_639,tile_W9_27,W9,9w_1d,14777.0,7623.5,2096.90262,1082.24255,2096.90262,1082.24255,61,98.0,2,vCTB2,0.352757360039051
W9_tile_27_cell_647,tile_W9_27,W9,9w_1d,16514.0,9064.0,2343.52188,1286.7647399999998,2343.52188,1286.7647399999998,62,80.0,8,Fibroblast1,0.371549966137514
W9_tile_27_cell_654,tile_W9_27,W9,9w_1d,14887.0,7890.0,2112.52042,1120.08022,2112.52042,1120.08022,113,576.0,7,STB,0.46495461612372
W9_tile_27_cell_656,tile_W9_27,W9,9w_1d,16217.0,8991.5,2301.35382,1276.47119,2301.35382,1276.47119,94,128.0,8,Fibroblast1,0.652769365413178
W9_tile_27_cell_665,tile_W9_27,W9,9w_1d,15694.0,8230.0,2227.09828,1168.35342,2227.09828,1168.35342,75,325.0,2,vCTB2,0.454683645685876
W9_tile_27_cell_67,tile_W9_27,W9,9w_1d,15423.0,8888.0,2188.6217,1261.77626,2188.6217,1261.77626,299,704.0,3,Fibroblast2,0.888152324561154
W9_tile_27_cell_680,tile_W9_27,W9,9w_1d,15632.0,9172.0,2218.29552,1302.09858,2218.29552,1302.09858,94,127.0,4,Fibroblast2,0.428058280359329
W9_tile_27_cell_690,tile_W9_27,W9,9w_1d,15599.0,8779.0,2213.61018,1246.30044,2213.61018,1246.30044,155,253.0,8,Fibroblast1,0.807552845213429
W9_tile_27_cell_704,tile_W9_27,W9,9w_1d,15539.5,8845.0,2205.16237,1255.67112,2205.16237,1255.67112,61,90.0,4,EVT2,0.258814057167859
W9_tile_27_cell_727,tile_W9_27,W9,9w_1d,15670.0,8579.0,2223.69076,1217.90444,2223.69076,1217.90444,78,134.0,0,vCTB2,0.654576833832731
W9_tile_27_cell_737,tile_W9_27,W9,9w_1d,16287.0,8796.0,2311.29242,1248.7141,2311.29242,1248.7141,50,85.0,0,vCTB2,0.758746148289109
W9_tile_27_cell_743,tile_W9_27,W9,9w_1d,15575.0,8572.5,2210.20266,1216.98157,2210.20266,1216.98157,53,80.0,0,vCTB2,0.680566081594941
W9_tile_27_cell_759,tile_W9_27,W9,9w_1d,15100.0,8746.0,2142.76216,1241.6151,2142.76216,1241.6151,77,108.0,0,vCTB2,0.606903562573592
W9_tile_27_cell_763,tile_W9_27,W9,9w_1d,15655.0,8279.5,2221.56106,1175.38143,2221.56106,1175.38143,47,194.0,2,vCTB2,0.42181694676144
W9_tile_27_cell_783,tile_W9_27,W9,9w_1d,16424.0,9029.0,2330.74368,1281.79544,2330.74368,1281.79544,89,107.0,8,Fibroblast1,0.438553477510648
W9_tile_27_cell_784,tile_W9_27,W9,9w_1d,15498.5,8681.0,2199.34119,1232.3864,2199.34119,1232.3864,182,348.0,3,Fibroblast2,0.933117226253699
W9_tile_27_cell_785,tile_W9_27,W9,9w_1d,16024.0,8845.0,2273.95168,1255.67112,2273.95168,1255.67112,128,195.0,3,Fibroblast2,0.968818638844225
W9_tile_27_cell_786,tile_W9_27,W9,9w_1d,15272.0,8567.0,2167.18272,1216.20068,2167.18272,1216.20068,78,112.0,0,vCTB2,0.67260409622388
W9_tile_27_cell_806,tile_W9_27,W9,9w_1d,15690.0,8677.5,2226.53036,1231.8894699999998,2226.53036,1231.8894699999998,72,106.0,9,vCTB2,0.307140261674999
W9_tile_27_cell_834,tile_W9_27,W9,9w_1d,15500.0,8391.0,2199.55416,1191.2122,2199.55416,1191.2122,81,208.0,2,vCTB2,0.346957961376888
W9_tile_27_cell_848,tile_W9_27,W9,9w_1d,15056.0,8900.0,2136.51504,1263.48002,2136.51504,1263.48002,72,102.0,4,Fibroblast2,0.443957339531545
W9_tile_27_cell_851,tile_W9_27,W9,9w_1d,15452.0,9133.5,2192.73912,1296.63235,2192.73912,1296.63235,69,102.0,4,Fibroblast2,0.33857719146432
W9_tile_27_cell_852,tile_W9_27,W9,9w_1d,15949.0,9145.0,2263.30318,1298.26512,2263.30318,1298.26512,63,82.0,0,vCTB2,0.536347097287568
W9_tile_27_cell_863,tile_W9_27,W9,9w_1d,14779.0,9032.0,2097.18658,1282.22138,2097.18658,1282.22138,76,95.0,4,Fibroblast2,0.60536491045464
W9_tile_27_cell_874,tile_W9_27,W9,9w_1d,15512.0,8188.5,2201.25792,1162.46125,2201.25792,1162.46125,52,212.0,2,EVT2,0.363476809983163
W9_tile_27_cell_878,tile_W9_27,W9,9w_1d,15554.0,8163.0,2207.22108,1158.84076,2207.22108,1158.84076,53,213.0,2,vCTB2,0.360952182444619
W9_tile_27_cell_88,tile_W9_27,W9,9w_1d,15335.0,9148.0,2176.12746,1298.69106,2176.12746,1298.69106,139,280.0,3,Fibroblast2,0.81676469584622
W9_tile_27_cell_904,tile_W9_27,W9,9w_1d,14847.0,7951.0,2106.84122,1128.741,2106.84122,1128.741,159,812.0,7,EVT3,0.584405236795206
W9_tile_27_cell_91,tile_W9_27,W9,9w_1d,15345.0,8725.0,2177.54726,1238.63352,2177.54726,1238.63352,92,127.0,4,Fibroblast2,0.530964985063508
W9_tile_27_cell_919,tile_W9_27,W9,9w_1d,14763.0,7866.0,2094.9149,1116.6726999999998,2094.9149,1116.6726999999998,52,147.0,2,vCTB2,0.393638908028335
W9_tile_27_cell_928,tile_W9_27,W9,9w_1d,14932.0,7828.5,2118.90952,1111.34845,2118.90952,1111.34845,50,216.0,2,vCTB2,0.443206567710471
W9_tile_27_cell_929,tile_W9_27,W9,9w_1d,14813.0,7794.5,2102.0139,1106.52113,2102.0139,1106.52113,168,476.0,7,STB,0.442821347744838
W9_tile_27_cell_930,tile_W9_27,W9,9w_1d,14951.0,7781.0,2121.60714,1104.6044,2121.60714,1104.6044,82,342.0,7,vCTB2,0.264607412296539
W9_tile_27_cell_932,tile_W9_27,W9,9w_1d,14952.0,7764.0,2121.74912,1102.19074,2121.74912,1102.19074,39,106.0,2,vCTB2,0.442475989816428
W9_tile_28_cell_1011,tile_W9_28,W9,9w_1d,13405.0,5935.0,1902.10606,842.50932,1902.10606,842.50932,146,270.0,6,EVT2,0.826331447873137
W9_tile_28_cell_1022,tile_W9_28,W9,9w_1d,13616.0,6190.0,1932.06384,878.71422,1932.06384,878.71422,213,579.0,6,EVT2,0.676455079137529
W9_tile_28_cell_1025,tile_W9_28,W9,9w_1d,13625.0,5790.0,1933.34166,821.9222199999999,1933.34166,821.9222199999999,98,205.0,1,EVT2,0.805503433039887
W9_tile_28_cell_1028,tile_W9_28,W9,9w_1d,13537.0,5638.0,1920.84742,800.3412599999999,1920.84742,800.3412599999999,66,97.0,1,EVT3,0.754870933259308
W9_tile_28_cell_1029,tile_W9_28,W9,9w_1d,13497.0,5769.0,1915.16822,818.9406399999999,1915.16822,818.9406399999999,149,324.0,6,EVT2,0.776188399186239
W9_tile_28_cell_1047,tile_W9_28,W9,9w_1d,13642.0,6412.0,1935.75532,910.23378,1935.75532,910.23378,248,739.0,6,EVT2,0.508862212657792
W9_tile_28_cell_1078,tile_W9_28,W9,9w_1d,14215.0,7365.0,2017.10986,1045.54072,2017.10986,1045.54072,48,193.0,2,EVT2,0.306928199719509
W9_tile_28_cell_1088,tile_W9_28,W9,9w_1d,12972.0,6432.0,1840.62872,913.07338,1840.62872,913.07338,51,89.0,1,EVT2,0.717221716036454
W9_tile_28_cell_1092,tile_W9_28,W9,9w_1d,13183.0,5631.0,1870.5865,799.3474,1870.5865,799.3474,88,150.0,1,EVT2,0.870027047619661
W9_tile_28_cell_1097,tile_W9_28,W9,9w_1d,13004.0,5563.0,1845.17208,789.69276,1845.17208,789.69276,129,236.0,1,EVT2,0.594074378666797
W9_tile_28_cell_1098,tile_W9_28,W9,9w_1d,13579.0,6312.0,1926.81058,896.0357799999999,1926.81058,896.0357799999999,151,366.0,6,EVT2,0.533132551444278
W9_tile_28_cell_1100,tile_W9_28,W9,9w_1d,13373.0,6772.0,1897.5627,961.34658,1897.5627,961.34658,189,469.0,6,EVT2,0.727481884826105
W9_tile_28_cell_1114,tile_W9_28,W9,9w_1d,13337.0,6402.0,1892.45142,908.81398,1892.45142,908.81398,307,1012.0,6,EVT2,0.543926557240508
W9_tile_28_cell_1116,tile_W9_28,W9,9w_1d,13899.0,5672.0,1972.24418,805.16858,1972.24418,805.16858,83,126.0,1,EVT2,0.885170956284763
W9_tile_28_cell_1117,tile_W9_28,W9,9w_1d,14578.0,7354.5,2068.6486,1044.04993,2068.6486,1044.04993,69,240.0,2,vCTB2,0.439612253436088
W9_tile_28_cell_1128,tile_W9_28,W9,9w_1d,13498.0,5608.0,1915.3102,796.08186,1915.3102,796.08186,99,156.0,1,EVT2,0.890123616380339
W9_tile_28_cell_1132,tile_W9_28,W9,9w_1d,14517.0,7327.0,2059.98782,1040.14548,2059.98782,1040.14548,82,342.0,2,EVT2,0.291329556122303
W9_tile_28_cell_1149,tile_W9_28,W9,9w_1d,13001.0,7112.0,1844.74614,1009.61978,1844.74614,1009.61978,172,381.0,6,EVT2,0.790919913534966
W9_tile_28_cell_1180,tile_W9_28,W9,9w_1d,13456.0,6446.0,1909.34704,915.0611,1909.34704,915.0611,102,205.0,1,EVT2,0.856411299814726
W9_tile_28_cell_1181,tile_W9_28,W9,9w_1d,14079.0,5654.0,1997.80058,802.61294,1997.80058,802.61294,140,283.0,6,EVT2,0.878964804879033
W9_tile_28_cell_1187,tile_W9_28,W9,9w_1d,12932.0,7090.5,1834.94952,1006.56721,1834.94952,1006.56721,116,182.0,1,EVT2,0.873568011864917
W9_tile_28_cell_1189,tile_W9_28,W9,9w_1d,14132.0,7346.0,2005.32552,1042.8431,2005.32552,1042.8431,82,394.0,7,vCTB2,0.389360281338898
W9_tile_28_cell_1193,tile_W9_28,W9,9w_1d,13095.0,5558.0,1858.09226,788.98286,1858.09226,788.98286,93,133.0,1,EVT2,0.830486838444798
W9_tile_28_cell_1196,tile_W9_28,W9,9w_1d,13772.0,5606.0,1954.21272,795.7979,1954.21272,795.7979,79,134.0,1,EVT2,0.822070790759464
W9_tile_28_cell_1205,tile_W9_28,W9,9w_1d,13555.5,6120.5,1923.47405,868.8466099999999,1923.47405,868.8466099999999,74,142.0,1,EVT2,0.810673112859892
W9_tile_28_cell_1207,tile_W9_28,W9,9w_1d,13693.0,5715.0,1942.9963,811.27372,1942.9963,811.27372,146,299.0,6,EVT2,0.793607081290007
W9_tile_28_cell_1212,tile_W9_28,W9,9w_1d,13027.0,5626.0,1848.43762,798.6374999999999,1848.43762,798.6374999999999,96,154.0,1,EVT2,0.795863056734105
W9_tile_28_cell_1217,tile_W9_28,W9,9w_1d,13119.0,5674.0,1861.49978,805.45254,1861.49978,805.45254,269,755.0,6,EVT2,0.448102340918293
W9_tile_28_cell_124,tile_W9_28,W9,9w_1d,13238.5,6370.5,1878.46639,904.34161,1878.46639,904.34161,171,378.0,6,EVT2,0.724148869053644
W9_tile_28_cell_1244,tile_W9_28,W9,9w_1d,13630.0,6105.0,1934.05156,866.6459199999999,1934.05156,866.6459199999999,70,118.0,1,EVT2,0.836348577483236
W9_tile_28_cell_1267,tile_W9_28,W9,9w_1d,13842.5,5747.5,1964.22231,815.88807,1964.22231,815.88807,79,148.0,1,EVT2,0.844865172123472
W9_tile_28_cell_1268,tile_W9_28,W9,9w_1d,13493.0,5903.5,1914.6003,838.0369499999999,1914.6003,838.0369499999999,183,426.0,6,EVT2,0.631251155908941
W9_tile_28_cell_1279,tile_W9_28,W9,9w_1d,13325.5,5769.0,1890.81865,818.9406399999999,1890.81865,818.9406399999999,105,184.0,1,EVT2,0.855332462880152
W9_tile_28_cell_1281,tile_W9_28,W9,9w_1d,13393.0,6617.0,1900.4023,939.33968,1900.4023,939.33968,207,550.0,6,EVT2,0.796376456612287
W9_tile_28_cell_1304,tile_W9_28,W9,9w_1d,13243.0,5581.0,1879.1053,792.2484,1879.1053,792.2484,94,168.0,1,EVT2,0.678934460459911
W9_tile_28_cell_1313,tile_W9_28,W9,9w_1d,13438.0,6242.0,1906.7914,886.09718,1906.7914,886.09718,134,297.0,6,EVT2,0.863795843308181
W9_tile_28_cell_1326,tile_W9_28,W9,9w_1d,13161.0,6483.0,1867.46294,920.31436,1867.46294,920.31436,160,357.0,1,EVT3,0.642864314605253
W9_tile_28_cell_1327,tile_W9_28,W9,9w_1d,13605.0,5549.0,1930.50206,787.7050399999999,1930.50206,787.7050399999999,94,165.0,1,EVT2,0.879679184453325
W9_tile_28_cell_1329,tile_W9_28,W9,9w_1d,13984.0,5746.5,1984.31248,815.74609,1984.31248,815.74609,115,216.0,6,EVT2,0.682135230050211
W9_tile_28_cell_133,tile_W9_28,W9,9w_1d,13749.0,6145.0,1950.94718,872.32512,1950.94718,872.32512,128,259.0,1,EVT2,0.535638219993402
W9_tile_28_cell_1334,tile_W9_28,W9,9w_1d,13473.0,6322.0,1911.7607,897.4555799999999,1911.7607,897.4555799999999,66,143.0,1,EVT2,0.799179393634633
W9_tile_28_cell_1354,tile_W9_28,W9,9w_1d,13935.0,5767.0,1977.35546,818.6566799999999,1977.35546,818.6566799999999,47,87.0,1,EVT2,0.609408424377529
W9_tile_28_cell_1373,tile_W9_28,W9,9w_1d,13538.0,6422.0,1920.9894,911.65358,1920.9894,911.65358,276,923.0,6,EVT3,0.440997955451235
W9_tile_28_cell_1395,tile_W9_28,W9,9w_1d,14474.0,7269.5,2053.88268,1031.98163,2053.88268,1031.98163,30,114.0,2,vCTB2,0.393789682792204
W9_tile_28_cell_1401,tile_W9_28,W9,9w_1d,13458.0,5723.0,1909.631,812.4095599999999,1909.631,812.4095599999999,60,89.0,1,EVT2,0.651990306795057
W9_tile_28_cell_1409,tile_W9_28,W9,9w_1d,13129.0,7082.0,1862.91958,1005.36038,1862.91958,1005.36038,89,165.0,1,EVT2,0.870550964520283
W9_tile_28_cell_1439,tile_W9_28,W9,9w_1d,13159.0,7341.0,1867.17898,1042.1332,1867.17898,1042.1332,94,147.0,1,EVT2,0.860588415817296
W9_tile_28_cell_1442,tile_W9_28,W9,9w_1d,13261.5,7355.0,1881.73193,1044.12092,1881.73193,1044.12092,70,140.0,1,EVT2,0.859148797148976
W9_tile_28_cell_1444,tile_W9_28,W9,9w_1d,12945.0,7337.0,1836.79526,1041.56528,1836.79526,1041.56528,100,198.0,1,EVT2,0.628705569921814
W9_tile_28_cell_1448,tile_W9_28,W9,9w_1d,13853.0,7357.0,1965.7131,1044.40488,1965.7131,1044.40488,45,245.0,2,vCTB2,0.497480511015803
W9_tile_28_cell_1449,tile_W9_28,W9,9w_1d,14012.0,7363.0,1988.28792,1045.25676,1988.28792,1045.25676,57,208.0,2,vCTB2,0.350372703461653
W9_tile_28_cell_1450,tile_W9_28,W9,9w_1d,13051.0,7345.0,1851.84514,1042.70112,1851.84514,1042.70112,108,177.0,1,EVT2,0.916859873534061
W9_tile_28_cell_1453,tile_W9_28,W9,9w_1d,14059.0,7330.0,1994.96098,1040.57142,1994.96098,1040.57142,69,299.0,2,vCTB2,0.399870652180889
W9_tile_28_cell_1456,tile_W9_28,W9,9w_1d,13890.0,7292.0,1970.96636,1035.17618,1970.96636,1035.17618,67,324.0,2,vCTB2,0.518268948445979
W9_tile_28_cell_1460,tile_W9_28,W9,9w_1d,13231.0,7302.0,1877.40154,1036.59598,1877.40154,1036.59598,116,239.0,1,EVT2,0.841730037268795
W9_tile_28_cell_1464,tile_W9_28,W9,9w_1d,13289.0,7259.0,1885.63638,1030.49084,1885.63638,1030.49084,177,445.0,6,EVT2,0.756443046446259
W9_tile_28_cell_1465,tile_W9_28,W9,9w_1d,13905.0,7246.0,1973.09606,1028.6451,1973.09606,1028.6451,109,687.0,7,vCTB2,0.325113744560297
W9_tile_28_cell_1466,tile_W9_28,W9,9w_1d,13090.5,7264.0,1857.45335,1031.20074,1857.45335,1031.20074,193,430.0,6,EVT2,0.76147170961484
W9_tile_28_cell_1468,tile_W9_28,W9,9w_1d,13328.5,7202.0,1891.24459,1022.39798,1891.24459,1022.39798,58,116.0,1,EVT2,0.81142922233725
W9_tile_28_cell_1472,tile_W9_28,W9,9w_1d,14009.0,7236.0,1987.86198,1027.2253,1987.86198,1027.2253,117,640.0,7,EVT2,0.41423472870659
W9_tile_28_cell_1473,tile_W9_28,W9,9w_1d,13969.0,7177.5,1982.18278,1018.91947,1982.18278,1018.91947,91,418.0,7,EVT2,0.408076938795289
W9_tile_28_cell_1474,tile_W9_28,W9,9w_1d,13138.5,7176.0,1864.26839,1018.7065,1864.26839,1018.7065,94,148.0,1,EVT2,0.948864720637354
W9_tile_28_cell_1475,tile_W9_28,W9,9w_1d,12991.0,7209.0,1843.32634,1023.39184,1843.32634,1023.39184,258,567.0,6,EVT2,0.599270180320565
W9_tile_28_cell_1477,tile_W9_28,W9,9w_1d,13240.0,7187.0,1878.67936,1020.26828,1878.67936,1020.26828,144,295.0,6,EVT2,0.779741418138036
W9_tile_28_cell_1479,tile_W9_28,W9,9w_1d,13083.0,7147.0,1856.3885,1014.58908,1856.3885,1014.58908,118,183.0,6,EVT2,0.84802754141376
W9_tile_28_cell_1482,tile_W9_28,W9,9w_1d,13284.0,7066.0,1884.92648,1003.0887,1884.92648,1003.0887,287,918.0,6,EVT2,0.446013385088454
W9_tile_28_cell_1489,tile_W9_28,W9,9w_1d,13276.0,6940.0,1883.79064,985.19922,1883.79064,985.19922,265,829.0,6,EVT2,0.587034095995474
W9_tile_28_cell_1491,tile_W9_28,W9,9w_1d,13369.0,6910.0,1896.99478,980.93982,1896.99478,980.93982,58,104.0,1,EVT2,0.736850343565127
W9_tile_28_cell_1494,tile_W9_28,W9,9w_1d,13126.0,6896.5,1862.49364,979.02309,1862.49364,979.02309,215,538.0,6,EVT2,0.796838554237026
W9_tile_28_cell_1496,tile_W9_28,W9,9w_1d,12961.0,6835.0,1839.06694,970.29132,1839.06694,970.29132,265,730.0,6,EVT2,0.592584195254439
W9_tile_28_cell_1497,tile_W9_28,W9,9w_1d,13417.0,6840.0,1903.80982,971.00122,1903.80982,971.00122,64,95.0,1,EVT2,0.719805217836767
W9_tile_28_cell_1498,tile_W9_28,W9,9w_1d,13182.0,6791.5,1870.44452,964.11519,1870.44452,964.11519,140,302.0,6,EVT2,0.903592634522055
W9_tile_28_cell_1501,tile_W9_28,W9,9w_1d,13200.0,6712.0,1873.00016,952.82778,1873.00016,952.82778,192,521.0,6,EVT2,0.773015699850055
W9_tile_28_cell_1502,tile_W9_28,W9,9w_1d,13005.0,6716.0,1845.31406,953.3957,1845.31406,953.3957,97,189.0,1,EVT2,0.875377624309804
W9_tile_28_cell_1506,tile_W9_28,W9,9w_1d,13069.0,6666.5,1854.40078,946.36769,1854.40078,946.36769,138,254.0,6,EVT2,0.874382614382609
W9_tile_28_cell_1507,tile_W9_28,W9,9w_1d,13137.0,6650.0,1864.05542,944.02502,1864.05542,944.02502,179,424.0,6,EVT2,0.854209192541769
W9_tile_28_cell_1508,tile_W9_28,W9,9w_1d,12926.5,6650.0,1834.16863,944.02502,1834.16863,944.02502,73,124.0,1,EVT2,0.761123834212962
W9_tile_28_cell_1510,tile_W9_28,W9,9w_1d,12988.0,6638.5,1842.9004,942.39225,1842.9004,942.39225,199,470.0,6,EVT2,0.702837212353991
W9_tile_28_cell_1511,tile_W9_28,W9,9w_1d,13313.0,6630.0,1889.0439,941.18542,1889.0439,941.18542,275,790.0,6,EVT2,0.575424250041218
W9_tile_28_cell_1512,tile_W9_28,W9,9w_1d,13622.0,6587.0,1932.91572,935.08028,1932.91572,935.08028,68,96.0,1,EVT2,0.640589746057946
W9_tile_28_cell_1513,tile_W9_28,W9,9w_1d,13569.0,6604.0,1925.39078,937.49394,1925.39078,937.49394,53,97.0,1,EVT2,0.648371360513699
W9_tile_28_cell_1514,tile_W9_28,W9,9w_1d,13479.0,6590.5,1912.61258,935.57721,1912.61258,935.57721,119,256.0,1,EVT2,0.609994811802554
W9_tile_28_cell_1515,tile_W9_28,W9,9w_1d,13203.0,6601.0,1873.4261,937.068,1873.4261,937.068,206,501.0,6,EVT2,0.587010844585313
W9_tile_28_cell_1517,tile_W9_28,W9,9w_1d,12926.0,6575.0,1834.09764,933.37652,1834.09764,933.37652,100,181.0,1,EVT2,0.812713082318767
W9_tile_28_cell_1518,tile_W9_28,W9,9w_1d,13078.0,6551.5,1855.6786,930.03999,1855.6786,930.03999,261,630.0,6,EVT2,0.682286791297435
W9_tile_28_cell_1519,tile_W9_28,W9,9w_1d,13020.0,6572.0,1847.44376,932.95058,1847.44376,932.95058,85,151.0,1,EVT2,0.803322099674464
W9_tile_28_cell_1520,tile_W9_28,W9,9w_1d,13282.0,6515.0,1884.64252,924.85772,1884.64252,924.85772,288,814.0,6,EVT2,0.529995043738189
W9_tile_28_cell_1523,tile_W9_28,W9,9w_1d,13459.5,6499.0,1909.84397,922.58604,1909.84397,922.58604,193,474.0,6,EVT2,0.711804943935676
W9_tile_28_cell_1524,tile_W9_28,W9,9w_1d,12945.0,6489.0,1836.79526,921.16624,1836.79526,921.16624,115,235.0,1,EVT2,0.910728157079623
W9_tile_28_cell_1525,tile_W9_28,W9,9w_1d,12991.0,6466.0,1843.32634,917.9007,1843.32634,917.9007,81,139.0,1,EVT2,0.782125925937511
W9_tile_28_cell_1528,tile_W9_28,W9,9w_1d,13471.0,6360.0,1911.47674,902.85082,1911.47674,902.85082,63,103.0,1,EVT2,0.762207135157015
W9_tile_28_cell_1530,tile_W9_28,W9,9w_1d,13103.0,6374.5,1859.2281,904.90953,1859.2281,904.90953,190,430.0,6,EVT2,0.74481779409807
W9_tile_28_cell_1532,tile_W9_28,W9,9w_1d,13074.0,6319.0,1855.11068,897.02964,1855.11068,897.02964,117,203.0,1,EVT2,0.939142807663698
W9_tile_28_cell_1533,tile_W9_28,W9,9w_1d,13260.0,6297.0,1881.51896,893.90608,1881.51896,893.90608,192,469.0,6,EVT2,0.55209287631541
W9_tile_28_cell_1534,tile_W9_28,W9,9w_1d,13419.0,6298.0,1904.09378,894.04806,1904.09378,894.04806,164,454.0,6,EVT2,0.765156902050284
W9_tile_28_cell_1535,tile_W9_28,W9,9w_1d,13119.0,6247.0,1861.49978,886.8070799999999,1861.49978,886.8070799999999,272,765.0,6,EVT2,0.540960381136319
W9_tile_28_cell_1537,tile_W9_28,W9,9w_1d,12982.0,6193.0,1842.04852,879.1401599999999,1842.04852,879.1401599999999,266,702.0,6,EVT2,0.536936755754272
W9_tile_28_cell_1538,tile_W9_28,W9,9w_1d,13214.0,6210.0,1874.98788,881.55382,1874.98788,881.55382,213,517.0,6,EVT2,0.65619172671639
W9_tile_28_cell_1539,tile_W9_28,W9,9w_1d,13311.0,6196.5,1888.75994,879.63709,1888.75994,879.63709,241,670.0,6,EVT2,0.633548173649197
W9_tile_28_cell_1541,tile_W9_28,W9,9w_1d,13174.5,6113.0,1869.37967,867.78176,1869.37967,867.78176,283,886.0,6,EVT2,0.479296968675685
W9_tile_28_cell_1543,tile_W9_28,W9,9w_1d,13371.0,6055.0,1897.27874,859.54692,1897.27874,859.54692,263,818.0,6,EVT2,0.552267656385792
W9_tile_28_cell_1544,tile_W9_28,W9,9w_1d,13067.5,6040.0,1854.18781,857.4172199999999,1854.18781,857.4172199999999,143,274.0,6,EVT2,0.811567249472766
W9_tile_28_cell_1545,tile_W9_28,W9,9w_1d,13115.5,6028.0,1861.00285,855.7134599999999,1861.00285,855.7134599999999,106,200.0,1,EVT2,0.830043234085124
W9_tile_28_cell_1546,tile_W9_28,W9,9w_1d,13035.5,5957.0,1849.64445,845.63288,1849.64445,845.63288,228,592.0,6,EVT2,0.561612953515567
W9_tile_28_cell_1548,tile_W9_28,W9,9w_1d,12928.0,5930.0,1834.3816,841.7994199999999,1834.3816,841.7994199999999,71,118.0,1,EVT2,0.857869602250714
W9_tile_28_cell_1549,tile_W9_28,W9,9w_1d,13215.0,5928.0,1875.12986,841.51546,1875.12986,841.51546,215,579.0,6,EVT2,0.572118344151611
W9_tile_28_cell_1550,tile_W9_28,W9,9w_1d,13200.0,5855.5,1873.00016,831.22191,1873.00016,831.22191,158,352.0,6,EVT2,0.690153666815142
W9_tile_28_cell_1551,tile_W9_28,W9,9w_1d,12992.5,5848.0,1843.53931,830.15706,1843.53931,830.15706,168,376.0,6,EVT2,0.45710192288342
W9_tile_28_cell_1552,tile_W9_28,W9,9w_1d,13278.0,5829.0,1884.0746,827.45944,1884.0746,827.45944,170,385.0,6,EVT2,0.796784714207035
W9_tile_28_cell_1553,tile_W9_28,W9,9w_1d,13122.0,5792.0,1861.92572,822.20618,1861.92572,822.20618,213,504.0,6,EVT2,0.630841074952682
W9_tile_28_cell_1554,tile_W9_28,W9,9w_1d,13209.0,5766.0,1874.27798,818.5147,1874.27798,818.5147,176,349.0,6,EVT2,0.615352771317231
W9_tile_28_cell_1556,tile_W9_28,W9,9w_1d,12992.0,5724.0,1843.46832,812.5515399999999,1843.46832,812.5515399999999,213,547.0,6,EVT2,0.442727219199405
W9_tile_28_cell_1558,tile_W9_28,W9,9w_1d,13382.0,5720.5,1898.84052,812.05461,1898.84052,812.05461,248,598.0,6,EVT2,0.648883774395754
W9_tile_28_cell_1559,tile_W9_28,W9,9w_1d,12925.5,5705.0,1834.02665,809.85392,1834.02665,809.85392,85,134.0,1,EVT2,0.774457950142574
W9_tile_28_cell_1561,tile_W9_28,W9,9w_1d,12945.0,5641.0,1836.79526,800.7672,1836.79526,800.7672,85,142.0,1,EVT2,0.716488227178318
W9_tile_28_cell_1563,tile_W9_28,W9,9w_1d,14167.0,5650.0,2010.29482,802.04502,2010.29482,802.04502,186,423.0,6,EVT2,0.524656678911585
W9_tile_28_cell_167,tile_W9_28,W9,9w_1d,13329.0,5929.0,1891.31558,841.65744,1891.31558,841.65744,190,419.0,6,EVT2,0.702126507188547
W9_tile_28_cell_20,tile_W9_28,W9,9w_1d,13019.0,6342.0,1847.30178,900.29518,1847.30178,900.29518,142,345.0,6,EVT2,0.815881726267009
W9_tile_28_cell_210,tile_W9_28,W9,9w_1d,13541.0,6543.0,1921.41534,928.83316,1921.41534,928.83316,65,115.0,1,EVT2,0.837875388429583
W9_tile_28_cell_223,tile_W9_28,W9,9w_1d,14006.0,7123.0,1987.43604,1011.18156,1987.43604,1011.18156,93,432.0,7,vCTB2,0.371545236345109
W9_tile_28_cell_244,tile_W9_28,W9,9w_1d,14291.0,7344.0,2027.90034,1042.55914,2027.90034,1042.55914,99,471.0,7,STB,0.240967976328894
W9_tile_28_cell_275,tile_W9_28,W9,9w_1d,13398.0,5827.0,1901.1122,827.17548,1901.1122,827.17548,120,239.0,1,EVT2,0.663558267177077
W9_tile_28_cell_278,tile_W9_28,W9,9w_1d,13190.0,7101.0,1871.58036,1008.058,1871.58036,1008.058,190,437.0,6,EVT2,0.562622429365046
W9_tile_28_cell_293,tile_W9_28,W9,9w_1d,13180.5,6432.0,1870.23155,913.07338,1870.23155,913.07338,178,444.0,6,EVT3,0.763159642278604
W9_tile_28_cell_326,tile_W9_28,W9,9w_1d,13896.0,5587.0,1971.81824,793.10028,1971.81824,793.10028,60,96.0,1,EVT2,0.622143302630523
W9_tile_28_cell_329,tile_W9_28,W9,9w_1d,13892.0,7325.0,1971.25032,1039.86152,1971.25032,1039.86152,50,253.0,2,vCTB2,0.495544207198962
W9_tile_28_cell_365,tile_W9_28,W9,9w_1d,14357.5,7331.0,2037.34201,1040.7134,2037.34201,1040.7134,114,592.0,7,EVT2,0.293952294007452
W9_tile_28_cell_367,tile_W9_28,W9,9w_1d,13103.5,7004.0,1859.29909,994.28594,1859.29909,994.28594,236,682.0,6,EVT2,0.693647115957486
W9_tile_28_cell_376,tile_W9_28,W9,9w_1d,13709.5,5840.5,1945.33897,829.09221,1945.33897,829.09221,58,80.0,1,EVT2,0.741545031350277
W9_tile_28_cell_378,tile_W9_28,W9,9w_1d,12953.0,6293.0,1837.9311,893.33816,1837.9311,893.33816,215,495.0,6,EVT2,0.568122130504257
W9_tile_28_cell_38,tile_W9_28,W9,9w_1d,14061.0,5813.0,1995.24494,825.18776,1995.24494,825.18776,99,171.0,1,EVT2,0.863434004629945
W9_tile_28_cell_388,tile_W9_28,W9,9w_1d,13182.0,7248.5,1870.44452,1029.00005,1870.44452,1029.00005,163,352.0,6,EVT2,0.739920777835543
W9_tile_28_cell_410,tile_W9_28,W9,9w_1d,13618.0,5868.0,1932.3478,832.99666,1932.3478,832.99666,217,523.0,6,EVT2,0.633904914671697
W9_tile_28_cell_413,tile_W9_28,W9,9w_1d,13644.0,6034.0,1936.03928,856.56534,1936.03928,856.56534,60,91.0,1,EVT2,0.760447108512939
W9_tile_28_cell_436,tile_W9_28,W9,9w_1d,13062.0,6458.0,1853.40692,916.76486,1853.40692,916.76486,78,123.0,1,EVT2,0.748993347248598
W9_tile_28_cell_438,tile_W9_28,W9,9w_1d,13684.0,5671.0,1941.71848,805.0265999999999,1941.71848,805.0265999999999,77,135.0,1,EVT2,0.863880745497921
W9_tile_28_cell_444,tile_W9_28,W9,9w_1d,14082.0,5728.0,1998.22652,813.11946,1998.22652,813.11946,187,385.0,6,EVT2,0.68740776550678
W9_tile_28_cell_449,tile_W9_28,W9,9w_1d,13447.0,6665.0,1908.06922,946.15472,1908.06922,946.15472,166,403.0,6,EVT2,0.654398346599731
W9_tile_28_cell_463,tile_W9_28,W9,9w_1d,13466.5,6096.5,1910.83783,865.43909,1910.83783,865.43909,80,142.0,1,EVT2,0.713868108116496
W9_tile_28_cell_464,tile_W9_28,W9,9w_1d,13716.0,6080.0,1946.26184,863.09642,1946.26184,863.09642,73,123.0,1,EVT2,0.872868004555434
W9_tile_28_cell_468,tile_W9_28,W9,9w_1d,13634.0,6316.5,1934.61948,896.6746899999999,1934.61948,896.6746899999999,119,230.0,1,EVT2,0.592821327786709
W9_tile_28_cell_471,tile_W9_28,W9,9w_1d,13412.0,6188.0,1903.09992,878.43026,1903.09992,878.43026,50,85.0,1,EVT2,0.655078279358454
W9_tile_28_cell_500,tile_W9_28,W9,9w_1d,14186.0,7295.0,2012.99244,1035.60212,2012.99244,1035.60212,85,437.0,7,vCTB2,0.392809463374129
W9_tile_28_cell_513,tile_W9_28,W9,9w_1d,14160.5,7309.5,2009.37195,1037.66083,2009.37195,1037.66083,21,80.0,2,vCTB2,0.669337590328993
W9_tile_28_cell_515,tile_W9_28,W9,9w_1d,13154.5,5559.0,1866.54007,789.12484,1866.54007,789.12484,102,180.0,1,EVT2,0.581121774158422
W9_tile_28_cell_520,tile_W9_28,W9,9w_1d,13358.0,6155.0,1895.433,873.74492,1895.433,873.74492,153,361.0,6,EVT2,0.667781997840593
W9_tile_28_cell_524,tile_W9_28,W9,9w_1d,13494.5,6215.0,1914.81327,882.2637199999999,1914.81327,882.2637199999999,124,246.0,6,EVT2,0.811008241171681
W9_tile_28_cell_526,tile_W9_28,W9,9w_1d,13255.0,5678.0,1880.80906,806.02046,1880.80906,806.02046,256,704.0,6,EVT2,0.529564565816158
W9_tile_28_cell_553,tile_W9_28,W9,9w_1d,14100.0,7270.0,2000.78216,1032.05262,2000.78216,1032.05262,70,431.0,2,EVT2,0.374312403536566
W9_tile_28_cell_556,tile_W9_28,W9,9w_1d,13503.5,5662.0,1916.09109,803.74878,1916.09109,803.74878,71,116.0,1,EVT2,0.852700492979475
W9_tile_28_cell_557,tile_W9_28,W9,9w_1d,13591.0,5621.0,1928.51434,797.9276,1928.51434,797.9276,56,113.0,1,EVT2,0.563836361071663
W9_tile_28_cell_577,tile_W9_28,W9,9w_1d,13501.0,5984.0,1915.73614,849.46634,1915.73614,849.46634,132,267.0,6,EVT2,0.696973010649796
W9_tile_28_cell_602,tile_W9_28,W9,9w_1d,13678.0,5788.5,1940.8666,821.70925,1940.8666,821.70925,119,214.0,1,EVT2,0.566362808904123
W9_tile_28_cell_615,tile_W9_28,W9,9w_1d,13742.0,5643.0,1949.95332,801.05116,1949.95332,801.05116,120,245.0,1,EVT2,0.552785990575544
W9_tile_28_cell_641,tile_W9_28,W9,9w_1d,13302.0,5589.5,1887.48212,793.45523,1887.48212,793.45523,87,150.0,1,EVT2,0.855351176342514
W9_tile_28_cell_643,tile_W9_28,W9,9w_1d,13880.5,5821.5,1969.61755,826.39459,1969.61755,826.39459,112,192.0,1,EVT2,0.911617105084174
W9_tile_28_cell_650,tile_W9_28,W9,9w_1d,13650.5,6242.0,1936.96215,886.09718,1936.96215,886.09718,88,172.0,1,EVT2,0.878551299807624
W9_tile_28_cell_652,tile_W9_28,W9,9w_1d,13274.0,6810.0,1883.50668,966.74182,1883.50668,966.74182,302,1057.0,6,EVT2,0.480308413321758
W9_tile_28_cell_654,tile_W9_28,W9,9w_1d,13683.0,5576.0,1941.5765,791.5385,1941.5765,791.5385,74,112.0,1,EVT2,0.745241475972799
W9_tile_28_cell_656,tile_W9_28,W9,9w_1d,13345.0,6880.0,1893.58726,976.68042,1893.58726,976.68042,66,127.0,1,EVT2,0.872373430885036
W9_tile_28_cell_657,tile_W9_28,W9,9w_1d,12985.0,6545.0,1842.47446,929.11712,1842.47446,929.11712,103,198.0,1,EVT2,0.910112059452477
W9_tile_28_cell_660,tile_W9_28,W9,9w_1d,13362.0,5803.0,1896.00092,823.76796,1896.00092,823.76796,99,159.0,1,EVT2,0.921132248545364
W9_tile_28_cell_673,tile_W9_28,W9,9w_1d,13395.0,6540.5,1900.68626,928.47821,1900.68626,928.47821,84,146.0,1,EVT2,0.85783877777242
W9_tile_28_cell_683,tile_W9_28,W9,9w_1d,13576.0,5951.0,1926.38464,844.781,1926.38464,844.781,178,471.0,6,EVT2,0.557989046946529
W9_tile_28_cell_699,tile_W9_28,W9,9w_1d,13017.0,6413.5,1847.01782,910.44675,1847.01782,910.44675,160,312.0,6,EVT2,0.882804978146244
W9_tile_28_cell_700,tile_W9_28,W9,9w_1d,13999.0,5552.0,1986.44218,788.13098,1986.44218,788.13098,57,84.0,1,EVT2,0.72745511923222
W9_tile_28_cell_702,tile_W9_28,W9,9w_1d,13690.0,6369.0,1942.57036,904.12864,1942.57036,904.12864,126,241.0,1,EVT2,0.793968081249408
W9_tile_28_cell_712,tile_W9_28,W9,9w_1d,13478.0,6160.0,1912.4706,874.4548199999999,1912.4706,874.4548199999999,159,378.0,6,EVT2,0.789465448728726
W9_tile_28_cell_720,tile_W9_28,W9,9w_1d,13934.0,7352.0,1977.21348,1043.69498,1977.21348,1043.69498,64,219.0,2,EVT2,0.340392264355432
W9_tile_28_cell_731,tile_W9_28,W9,9w_1d,14095.0,5574.0,2000.07226,791.25454,2000.07226,791.25454,84,135.0,1,EVT2,0.914699324280608
W9_tile_28_cell_742,tile_W9_28,W9,9w_1d,14022.0,5592.0,1989.70772,793.81018,1989.70772,793.81018,121,252.0,6,EVT2,0.882503211135299
W9_tile_28_cell_748,tile_W9_28,W9,9w_1d,13732.0,6028.0,1948.53352,855.7134599999999,1948.53352,855.7134599999999,204,461.0,6,EVT2,0.779339036610481
W9_tile_28_cell_781,tile_W9_28,W9,9w_1d,13416.0,5547.0,1903.66784,787.42108,1903.66784,787.42108,74,115.0,1,EVT2,0.845725264802675
W9_tile_28_cell_794,tile_W9_28,W9,9w_1d,13560.0,6248.0,1924.11296,886.9490599999999,1924.11296,886.9490599999999,116,249.0,1,EVT2,0.867805381446631
W9_tile_28_cell_799,tile_W9_28,W9,9w_1d,13590.0,6064.0,1928.37236,860.82474,1928.37236,860.82474,91,191.0,1,EVT2,0.626310453211454
W9_tile_28_cell_801,tile_W9_28,W9,9w_1d,13067.0,6783.0,1854.11682,962.90836,1854.11682,962.90836,292,884.0,6,EVT2,0.512088509472499
W9_tile_28_cell_811,tile_W9_28,W9,9w_1d,13676.0,5973.0,1940.58264,847.90456,1940.58264,847.90456,80,137.0,1,EVT2,0.782870653520686
W9_tile_28_cell_813,tile_W9_28,W9,9w_1d,13583.0,6486.0,1927.3785,920.7403,1927.3785,920.7403,66,127.0,1,EVT2,0.792842115314892
W9_tile_28_cell_820,tile_W9_28,W9,9w_1d,13435.0,6551.0,1906.36546,929.969,1906.36546,929.969,93,201.0,1,EVT2,0.791948496113225
W9_tile_28_cell_857,tile_W9_28,W9,9w_1d,13072.5,7094.0,1854.89771,1007.06414,1854.89771,1007.06414,63,96.0,1,EVT2,0.555645441633568
W9_tile_28_cell_859,tile_W9_28,W9,9w_1d,13408.0,5609.0,1902.532,796.22384,1902.532,796.22384,140,266.0,6,EVT2,0.816701815639839
W9_tile_28_cell_861,tile_W9_28,W9,9w_1d,13668.5,6088.0,1939.51779,864.23226,1939.51779,864.23226,72,124.0,1,EVT2,0.693740474201686
W9_tile_28_cell_866,tile_W9_28,W9,9w_1d,14255.0,7316.0,2022.78906,1038.5837,2022.78906,1038.5837,58,263.0,2,vCTB2,0.430734993366726
W9_tile_28_cell_870,tile_W9_28,W9,9w_1d,12938.5,6004.0,1835.87239,852.30594,1835.87239,852.30594,182,364.0,6,EVT2,0.741601835029878
W9_tile_28_cell_884,tile_W9_28,W9,9w_1d,13638.0,5617.0,1935.1874,797.35968,1935.1874,797.35968,84,141.0,1,EVT2,0.840688815690713
W9_tile_28_cell_885,tile_W9_28,W9,9w_1d,13570.0,6524.0,1925.53276,926.13554,1925.53276,926.13554,61,110.0,1,EVT2,0.907708569134265
W9_tile_28_cell_886,tile_W9_28,W9,9w_1d,12991.0,6942.0,1843.32634,985.48318,1843.32634,985.48318,280,745.0,6,EVT2,0.413519026897702
W9_tile_28_cell_891,tile_W9_28,W9,9w_1d,13665.0,5592.0,1939.02086,793.81018,1939.02086,793.81018,71,118.0,1,EVT2,0.815375043900503
W9_tile_28_cell_907,tile_W9_28,W9,9w_1d,13928.0,5714.0,1976.3616,811.1317399999999,1976.3616,811.1317399999999,72,133.0,1,EVT2,0.778615517947263
W9_tile_28_cell_908,tile_W9_28,W9,9w_1d,13063.0,6122.0,1853.5489,869.05958,1853.5489,869.05958,175,444.0,6,EVT2,0.762551972764349
W9_tile_28_cell_91,tile_W9_28,W9,9w_1d,13501.0,5730.0,1915.73614,813.40342,1915.73614,813.40342,61,89.0,1,EVT2,0.797588761110464
W9_tile_28_cell_911,tile_W9_28,W9,9w_1d,13558.0,5594.0,1923.829,794.0941399999999,1923.829,794.0941399999999,58,119.0,1,EVT2,0.789324871773494
W9_tile_28_cell_912,tile_W9_28,W9,9w_1d,12919.0,5792.0,1833.10378,822.20618,1833.10378,822.20618,84,133.0,1,EVT2,0.869719052249053
W9_tile_28_cell_923,tile_W9_28,W9,9w_1d,13680.5,5935.5,1941.22155,842.5803099999999,1941.22155,842.5803099999999,81,116.0,1,EVT2,0.903907014021578
W9_tile_28_cell_931,tile_W9_28,W9,9w_1d,14140.5,5758.5,2006.53235,817.44985,2006.53235,817.44985,148,258.0,6,EVT2,0.80934135241079
W9_tile_28_cell_938,tile_W9_28,W9,9w_1d,14442.0,7331.0,2049.33932,1040.7134,2049.33932,1040.7134,136,603.0,7,STB,0.249384615444968
W9_tile_28_cell_940,tile_W9_28,W9,9w_1d,12984.5,7028.0,1842.40347,997.69346,1842.40347,997.69346,163,376.0,6,EVT2,0.675317127233568
W9_tile_28_cell_943,tile_W9_28,W9,9w_1d,13533.0,6287.0,1920.2795,892.48628,1920.2795,892.48628,50,81.0,1,EVT2,0.505812624679498
W9_tile_28_cell_952,tile_W9_28,W9,9w_1d,13130.0,5980.0,1863.06156,848.89842,1863.06156,848.89842,102,196.0,1,EVT2,0.809346548686949
W9_tile_28_cell_955,tile_W9_28,W9,9w_1d,14165.0,5550.0,2010.01086,787.8470199999999,2010.01086,787.8470199999999,118,181.0,6,EVT2,0.901055673139656
W9_tile_28_cell_962,tile_W9_28,W9,9w_1d,13447.0,5802.5,1908.06922,823.69697,1908.06922,823.69697,59,94.0,1,EVT2,0.78250009687731
W9_tile_28_cell_968,tile_W9_28,W9,9w_1d,13845.0,5579.0,1964.57726,791.96444,1964.57726,791.96444,206,451.0,6,EVT2,0.724575513509974
W9_tile_28_cell_979,tile_W9_28,W9,9w_1d,12947.0,5571.0,1837.07922,790.8285999999999,1837.07922,790.8285999999999,112,205.0,1,EVT3,0.54600003679825
W9_tile_29_cell_150,tile_W9_29,W9,9w_1d,12591.0,6396.0,1786.53434,907.9621,1786.53434,907.9621,103,195.0,11,EVT3,0.73196952878116
W9_tile_29_cell_202,tile_W9_29,W9,9w_1d,12452.0,6704.0,1766.79912,951.69194,1766.79912,951.69194,71,142.0,1,EVT2,0.625779903874746
W9_tile_29_cell_203,tile_W9_29,W9,9w_1d,12292.0,5550.0,1744.08232,787.8470199999999,1744.08232,787.8470199999999,146,255.0,5,EVT2,0.359315631612267
W9_tile_29_cell_205,tile_W9_29,W9,9w_1d,12534.0,5709.0,1778.44148,810.42184,1778.44148,810.42184,146,302.0,1,EVT2,0.888400830369659
W9_tile_29_cell_219,tile_W9_29,W9,9w_1d,12762.0,6131.0,1810.81292,870.3374,1810.81292,870.3374,191,431.0,6,EVT2,0.865356034300026
W9_tile_29_cell_22,tile_W9_29,W9,9w_1d,11888.0,5817.0,1686.7224,825.75568,1686.7224,825.75568,143,249.0,5,vCTB2,0.418555390549466
W9_tile_29_cell_230,tile_W9_29,W9,9w_1d,12347.0,6693.0,1751.89122,950.13016,1751.89122,950.13016,73,119.0,1,EVT2,0.76170451792862
W9_tile_29_cell_239,tile_W9_29,W9,9w_1d,12894.0,5944.0,1829.55428,843.78714,1829.55428,843.78714,77,123.0,1,EVT2,0.811495936284993
W9_tile_29_cell_240,tile_W9_29,W9,9w_1d,12608.0,5649.0,1788.948,801.9030399999999,1788.948,801.9030399999999,223,576.0,6,EVT2,0.789346318404101
W9_tile_29_cell_243,tile_W9_29,W9,9w_1d,12368.0,6555.0,1754.8728,930.53692,1754.8728,930.53692,152,304.0,6,EVT2,0.714788691987464
W9_tile_29_cell_247,tile_W9_29,W9,9w_1d,11385.0,5572.0,1615.30646,790.9705799999999,1615.30646,790.9705799999999,139,233.0,0,vCTB2,0.550357899587866
W9_tile_29_cell_264,tile_W9_29,W9,9w_1d,12332.0,5791.0,1749.76152,822.0642,1749.76152,822.0642,188,422.0,5,EVT2,0.627217664755109
W9_tile_29_cell_266,tile_W9_29,W9,9w_1d,11927.0,5554.0,1692.25962,788.41494,1692.25962,788.41494,193,391.0,3,Fibroblast2,0.822641738404404
W9_tile_29_cell_271,tile_W9_29,W9,9w_1d,12383.0,5958.0,1757.0024999999998,845.77486,1757.0024999999998,845.77486,106,224.0,1,EVT2,0.693515055962091
W9_tile_29_cell_274,tile_W9_29,W9,9w_1d,12863.0,6221.0,1825.1529,883.1156,1825.1529,883.1156,133,229.0,6,EVT2,0.818827660047147
W9_tile_29_cell_282,tile_W9_29,W9,9w_1d,12214.0,5887.0,1733.00788,835.6942799999999,1733.00788,835.6942799999999,217,490.0,5,unknown3,0.325638637749201
W9_tile_29_cell_290,tile_W9_29,W9,9w_1d,12846.0,6068.0,1822.73924,861.39266,1822.73924,861.39266,54,91.0,1,EVT2,0.525309942411375
W9_tile_29_cell_297,tile_W9_29,W9,9w_1d,12253.0,6902.0,1738.5451,979.80398,1738.5451,979.80398,225,756.0,6,EVT2,0.759519896053813
W9_tile_29_cell_306,tile_W9_29,W9,9w_1d,12306.0,5629.0,1746.0700399999998,799.06344,1746.0700399999998,799.06344,195,421.0,5,EVT2,0.33349617623614
W9_tile_29_cell_308,tile_W9_29,W9,9w_1d,12758.0,6326.0,1810.245,898.0235,1810.245,898.0235,63,98.0,1,EVT2,0.731100812241221
W9_tile_29_cell_328,tile_W9_29,W9,9w_1d,12283.0,7175.0,1742.8045,1018.56452,1742.8045,1018.56452,77,174.0,1,EVT2,0.806959567988084
W9_tile_29_cell_329,tile_W9_29,W9,9w_1d,12457.0,6650.0,1767.50902,944.02502,1767.50902,944.02502,104,254.0,1,EVT3,0.836624544361031
W9_tile_29_cell_349,tile_W9_29,W9,9w_1d,12238.0,6020.0,1736.4154,854.57762,1736.4154,854.57762,151,285.0,5,EVT2,0.73132834497703
W9_tile_29_cell_360,tile_W9_29,W9,9w_1d,12747.0,6488.0,1808.68322,921.02426,1808.68322,921.02426,98,146.0,1,EVT2,0.88547007982649
W9_tile_29_cell_363,tile_W9_29,W9,9w_1d,12371.0,5584.0,1755.29874,792.67434,1755.29874,792.67434,160,315.0,5,EVT2,0.628612556873983
W9_tile_29_cell_371,tile_W9_29,W9,9w_1d,12397.0,5867.0,1758.99022,832.8546799999999,1758.99022,832.8546799999999,293,881.0,6,EVT2,0.702422388648039
W9_tile_29_cell_396,tile_W9_29,W9,9w_1d,12892.0,7136.0,1829.27032,1013.0273,1829.27032,1013.0273,76,137.0,1,EVT2,0.829102931320873
W9_tile_29_cell_397,tile_W9_29,W9,9w_1d,12534.0,7276.0,1778.44148,1032.9045,1778.44148,1032.9045,114,230.0,1,EVT2,0.831993958211348
W9_tile_29_cell_401,tile_W9_29,W9,9w_1d,12313.0,5936.0,1747.0639,842.6513,1747.0639,842.6513,209,533.0,6,EVT2,0.880451235491115
W9_tile_29_cell_406,tile_W9_29,W9,9w_1d,12708.0,6551.0,1803.146,929.969,1803.146,929.969,110,209.0,1,EVT2,0.925079108597119
W9_tile_29_cell_436,tile_W9_29,W9,9w_1d,12797.0,6613.0,1815.78222,938.77176,1815.78222,938.77176,276,798.0,6,EVT2,0.523687599769835
W9_tile_29_cell_440,tile_W9_29,W9,9w_1d,12163.0,6921.5,1725.7669,982.57259,1725.7669,982.57259,160,414.0,6,EVT2,0.704520203247095
W9_tile_29_cell_441,tile_W9_29,W9,9w_1d,12891.0,5789.0,1829.12834,821.7802399999999,1829.12834,821.7802399999999,80,126.0,1,EVT2,0.858776889993252
W9_tile_29_cell_478,tile_W9_29,W9,9w_1d,12895.0,5708.0,1829.69626,810.27986,1829.69626,810.27986,98,161.0,1,EVT3,0.675449072683358
W9_tile_29_cell_481,tile_W9_29,W9,9w_1d,12513.0,6669.0,1775.4598999999998,946.72264,1775.4598999999998,946.72264,178,579.0,1,EVT3,0.487725077449483
W9_tile_29_cell_492,tile_W9_29,W9,9w_1d,12320.5,6628.5,1748.12875,940.97245,1748.12875,940.97245,87,156.0,1,EVT2,0.819716790016945
W9_tile_29_cell_494,tile_W9_29,W9,9w_1d,12442.0,7283.0,1765.37932,1033.89836,1765.37932,1033.89836,76,140.0,1,EVT2,0.88657947571357
W9_tile_29_cell_496,tile_W9_29,W9,9w_1d,12252.0,6802.0,1738.40312,965.60598,1738.40312,965.60598,243,714.0,6,EVT3,0.50376122612962
W9_tile_29_cell_504,tile_W9_29,W9,9w_1d,12313.0,5712.0,1747.0639,810.84778,1747.0639,810.84778,113,200.0,0,vCTB2,0.469992765864111
W9_tile_29_cell_506,tile_W9_29,W9,9w_1d,12896.0,6135.0,1829.83824,870.90532,1829.83824,870.90532,88,137.0,1,EVT2,0.850622236737824
W9_tile_29_cell_512,tile_W9_29,W9,9w_1d,12755.0,6016.0,1809.81906,854.0097,1809.81906,854.0097,241,636.0,6,EVT2,0.695385010755032
W9_tile_29_cell_513,tile_W9_29,W9,9w_1d,12880.0,6093.0,1827.56656,864.94216,1827.56656,864.94216,104,159.0,1,EVT2,0.896352675422691
W9_tile_29_cell_515,tile_W9_29,W9,9w_1d,12887.0,7295.0,1828.56042,1035.60212,1828.56042,1035.60212,96,153.0,1,EVT2,0.830749220171277
W9_tile_29_cell_531,tile_W9_29,W9,9w_1d,12893.0,6820.0,1829.4123,968.16162,1829.4123,968.16162,62,91.0,1,EVT2,0.698886510954848
W9_tile_29_cell_539,tile_W9_29,W9,9w_1d,12438.0,5984.0,1764.8114,849.46634,1764.8114,849.46634,140,251.0,6,EVT2,0.922100103946862
W9_tile_29_cell_542,tile_W9_29,W9,9w_1d,12766.0,7147.0,1811.38084,1014.58908,1811.38084,1014.58908,196,435.0,6,EVT2,0.863556690692789
W9_tile_29_cell_556,tile_W9_29,W9,9w_1d,12421.0,7103.0,1762.39774,1008.34196,1762.39774,1008.34196,239,726.0,6,EVT2,0.525745297603827
W9_tile_29_cell_569,tile_W9_29,W9,9w_1d,12528.0,7167.0,1777.5896,1017.42868,1777.5896,1017.42868,161,344.0,6,EVT2,0.777318617525208
W9_tile_29_cell_571,tile_W9_29,W9,9w_1d,12262.0,7089.0,1739.8229199999998,1006.35424,1739.8229199999998,1006.35424,150,317.0,6,EVT2,0.601598459547823
W9_tile_29_cell_580,tile_W9_29,W9,9w_1d,12604.0,6607.0,1788.38008,937.91988,1788.38008,937.91988,247,785.0,6,EVT2,0.504524228475949
W9_tile_29_cell_582,tile_W9_29,W9,9w_1d,11658.0,5651.0,1654.067,802.187,1654.067,802.187,118,216.0,0,vCTB2,0.59236353347871
W9_tile_29_cell_595,tile_W9_29,W9,9w_1d,12851.0,6139.0,1823.44914,871.4732399999999,1823.44914,871.4732399999999,83,138.0,1,EVT2,0.833959919122625
W9_tile_29_cell_602,tile_W9_29,W9,9w_1d,12249.5,7259.0,1738.04817,1030.49084,1738.04817,1030.49084,298,990.0,6,EVT2,0.42709652659741
W9_tile_29_cell_604,tile_W9_29,W9,9w_1d,12230.0,5765.0,1735.27956,818.37272,1735.27956,818.37272,209,480.0,5,vCTBp,0.388918952257426
W9_tile_29_cell_614,tile_W9_29,W9,9w_1d,12880.0,6404.0,1827.56656,909.09794,1827.56656,909.09794,94,208.0,1,EVT2,0.912506725285804
W9_tile_29_cell_615,tile_W9_29,W9,9w_1d,12507.5,6200.0,1774.6790099999998,880.13402,1774.6790099999998,880.13402,63,94.0,1,EVT2,0.704240233670695
W9_tile_29_cell_625,tile_W9_29,W9,9w_1d,12357.0,7274.0,1753.31102,1032.62054,1753.31102,1032.62054,142,311.0,6,EVT2,0.838046861251237
W9_tile_29_cell_657,tile_W9_29,W9,9w_1d,12851.0,5655.5,1823.44914,802.82591,1823.44914,802.82591,72,120.0,1,EVT2,0.657155747495792
W9_tile_29_cell_661,tile_W9_29,W9,9w_1d,12893.0,6280.0,1829.4123,891.4924199999999,1829.4123,891.4924199999999,110,225.0,1,EVT2,0.932042202283326
W9_tile_29_cell_683,tile_W9_29,W9,9w_1d,12874.0,6617.0,1826.71468,939.33968,1826.71468,939.33968,156,298.0,1,EVT2,0.767367597820347
W9_tile_29_cell_684,tile_W9_29,W9,9w_1d,12876.0,6018.0,1826.99864,854.2936599999999,1826.99864,854.2936599999999,152,288.0,6,EVT2,0.936532366800132
W9_tile_29_cell_687,tile_W9_29,W9,9w_1d,12666.0,7010.0,1797.18284,995.13782,1797.18284,995.13782,334,1088.0,6,EVT2,0.42964547487637
W9_tile_29_cell_692,tile_W9_29,W9,9w_1d,12572.0,6698.0,1783.83672,950.84006,1783.83672,950.84006,70,137.0,1,EVT2,0.773477204246955
W9_tile_29_cell_700,tile_W9_29,W9,9w_1d,12850.0,6344.0,1823.30716,900.5791399999999,1823.30716,900.5791399999999,144,280.0,1,EVT2,0.813977378545926
W9_tile_29_cell_706,tile_W9_29,W9,9w_1d,12857.0,6775.0,1824.30102,961.77252,1824.30102,961.77252,145,283.0,1,EVT2,0.763032479151321
W9_tile_29_cell_71,tile_W9_29,W9,9w_1d,11844.0,5768.0,1680.47528,818.7986599999999,1680.47528,818.7986599999999,167,335.0,5,vCTB2,0.383315933353614
W9_tile_29_cell_72,tile_W9_29,W9,9w_1d,11988.0,5835.0,1700.9204,828.31132,1700.9204,828.31132,303,767.0,5,unknown3,0.419009832008411
W9_tile_29_cell_721,tile_W9_29,W9,9w_1d,12495.0,5655.0,1772.90426,802.75492,1772.90426,802.75492,111,210.0,1,EVT2,0.743665731437271
W9_tile_29_cell_731,tile_W9_29,W9,9w_1d,12803.0,6327.0,1816.6341,898.16548,1816.6341,898.16548,71,122.0,1,EVT2,0.907122706809829
W9_tile_29_cell_734,tile_W9_29,W9,9w_1d,12899.0,7071.5,1830.26418,1003.86959,1830.26418,1003.86959,73,124.0,1,EVT2,0.744413174044053
W9_tile_29_cell_742,tile_W9_29,W9,9w_1d,12818.0,6030.0,1818.7638,855.9974199999999,1818.7638,855.9974199999999,99,171.0,1,EVT2,0.921394852901705
W9_tile_29_cell_767,tile_W9_29,W9,9w_1d,12475.0,5698.0,1770.06466,808.86006,1770.06466,808.86006,84,133.0,1,EVT2,0.351596226012682
W9_tile_29_cell_775,tile_W9_29,W9,9w_1d,12760.0,5928.0,1810.52896,841.51546,1810.52896,841.51546,145,274.0,6,EVT2,0.926227951857265
W9_tile_29_cell_789,tile_W9_29,W9,9w_1d,12533.0,5602.0,1778.2995,795.22998,1778.2995,795.22998,172,319.0,6,EVT2,0.823099488830995
W9_tile_29_cell_79,tile_W9_29,W9,9w_1d,12838.0,5939.0,1821.6034,843.07724,1821.6034,843.07724,101,172.0,1,EVT2,0.892913780966433
W9_tile_29_cell_792,tile_W9_29,W9,9w_1d,12445.0,5609.0,1765.80526,796.22384,1765.80526,796.22384,72,123.0,0,vCTB2,0.444464913047659
W9_tile_29_cell_801,tile_W9_29,W9,9w_1d,12663.0,5748.0,1796.7569,815.95906,1796.7569,815.95906,298,752.0,6,EVT2,0.592626011539343
W9_tile_29_cell_804,tile_W9_29,W9,9w_1d,12867.0,7188.0,1825.72082,1020.41026,1825.72082,1020.41026,110,200.0,1,EVT2,0.915718366975297
W9_tile_29_cell_832,tile_W9_29,W9,9w_1d,12702.0,6094.0,1802.29412,865.0841399999999,1802.29412,865.0841399999999,115,223.0,1,EVT2,0.931064458145835
W9_tile_29_cell_834,tile_W9_29,W9,9w_1d,12584.0,5805.0,1785.54048,824.05192,1785.54048,824.05192,145,266.0,6,EVT2,0.92357246850529
W9_tile_29_cell_835,tile_W9_29,W9,9w_1d,12357.0,6616.0,1753.31102,939.1977,1753.31102,939.1977,258,757.0,6,EVT2,0.643392305021681
W9_tile_29_cell_851,tile_W9_29,W9,9w_1d,12881.0,6491.0,1827.70854,921.4502,1827.70854,921.4502,89,172.0,1,EVT2,0.859045985609253
W9_tile_29_cell_869,tile_W9_29,W9,9w_1d,12382.0,7343.0,1756.86052,1042.41716,1756.86052,1042.41716,211,464.0,6,EVT2,0.649094847008967
W9_tile_29_cell_870,tile_W9_29,W9,9w_1d,12477.5,7359.5,1770.41961,1044.75983,1770.41961,1044.75983,83,122.0,1,EVT2,0.808970658601295
W9_tile_29_cell_872,tile_W9_29,W9,9w_1d,12472.5,7322.0,1769.70971,1039.43558,1769.70971,1039.43558,120,222.0,1,EVT2,0.75374095590108
W9_tile_29_cell_873,tile_W9_29,W9,9w_1d,12716.5,7363.0,1804.35283,1045.25676,1804.35283,1045.25676,68,104.0,1,EVT2,0.602032148533101
W9_tile_29_cell_874,tile_W9_29,W9,9w_1d,12796.0,7303.0,1815.64024,1036.73796,1815.64024,1036.73796,270,709.0,6,EVT2,0.490852938373867
W9_tile_29_cell_879,tile_W9_29,W9,9w_1d,12480.0,7233.0,1770.7745599999998,1026.79936,1770.7745599999998,1026.79936,193,433.0,6,EVT2,0.616665250035175
W9_tile_29_cell_882,tile_W9_29,W9,9w_1d,12707.0,7258.0,1803.00402,1030.34886,1803.00402,1030.34886,151,323.0,1,EVT2,0.619461649516549
W9_tile_29_cell_884,tile_W9_29,W9,9w_1d,12752.0,7230.0,1809.39312,1026.37342,1809.39312,1026.37342,144,297.0,1,EVT2,0.56361704720959
W9_tile_29_cell_885,tile_W9_29,W9,9w_1d,12405.0,7202.0,1760.12606,1022.39798,1760.12606,1022.39798,78,143.0,1,EVT2,0.887635962162399
W9_tile_29_cell_886,tile_W9_29,W9,9w_1d,12328.0,7182.0,1749.1935999999998,1019.55838,1749.1935999999998,1019.55838,120,228.0,1,EVT2,0.732237561902377
W9_tile_29_cell_888,tile_W9_29,W9,9w_1d,12075.0,7226.0,1713.27266,1025.8055,1713.27266,1025.8055,58,83.0,11,vCTB2,0.376326660438584
W9_tile_29_cell_889,tile_W9_29,W9,9w_1d,12630.0,7182.0,1792.07156,1019.55838,1792.07156,1019.55838,163,339.0,1,EVT2,0.686347478467699
W9_tile_29_cell_890,tile_W9_29,W9,9w_1d,12182.0,7173.0,1728.46452,1018.28056,1728.46452,1018.28056,139,300.0,1,EVT2,0.633992576648119
W9_tile_29_cell_895,tile_W9_29,W9,9w_1d,12619.0,7105.0,1790.50978,1008.62592,1790.50978,1008.62592,213,599.0,6,EVT2,0.738369084141083
W9_tile_29_cell_896,tile_W9_29,W9,9w_1d,12479.0,7108.0,1770.63258,1009.05186,1770.63258,1009.05186,101,177.0,1,EVT2,0.843493155604431
W9_tile_29_cell_897,tile_W9_29,W9,9w_1d,12213.0,7116.5,1732.8659,1010.25869,1732.8659,1010.25869,193,470.0,6,EVT2,0.746887112399236
W9_tile_29_cell_899,tile_W9_29,W9,9w_1d,12100.0,7091.0,1716.82216,1006.6382,1716.82216,1006.6382,215,574.0,6,EVT2,0.728516006509109
W9_tile_29_cell_900,tile_W9_29,W9,9w_1d,12162.0,7067.0,1725.62492,1003.23068,1725.62492,1003.23068,133,324.0,1,EVT2,0.836979337994746
W9_tile_29_cell_901,tile_W9_29,W9,9w_1d,12353.0,7058.0,1752.7431,1001.95286,1752.7431,1001.95286,155,390.0,1,EVT3,0.580455566670034
W9_tile_29_cell_902,tile_W9_29,W9,9w_1d,12240.0,7036.0,1736.6993599999998,998.8293,1736.6993599999998,998.8293,152,383.0,6,EVT2,0.621929277357533
W9_tile_29_cell_904,tile_W9_29,W9,9w_1d,12791.0,7077.0,1814.93034,1004.65048,1814.93034,1004.65048,315,901.0,6,EVT2,0.383662062479282
W9_tile_29_cell_905,tile_W9_29,W9,9w_1d,12112.0,7010.0,1718.52592,995.13782,1718.52592,995.13782,283,889.0,6,EVT2,0.55273669510733
W9_tile_29_cell_906,tile_W9_29,W9,9w_1d,12423.5,6990.0,1762.75269,992.29822,1762.75269,992.29822,123,304.0,1,EVT2,0.89567769845435
W9_tile_29_cell_907,tile_W9_29,W9,9w_1d,12320.0,6977.0,1748.05776,990.45248,1748.05776,990.45248,229,670.0,6,EVT2,0.589507918271595
W9_tile_29_cell_909,tile_W9_29,W9,9w_1d,12815.0,6952.0,1818.33786,986.90298,1818.33786,986.90298,309,946.0,6,EVT2,0.403414790892723
W9_tile_29_cell_910,tile_W9_29,W9,9w_1d,12522.0,6930.0,1776.73772,983.77942,1776.73772,983.77942,99,153.0,1,EVT2,0.51796860093608
W9_tile_29_cell_913,tile_W9_29,W9,9w_1d,12448.0,6878.0,1766.2312,976.39646,1766.2312,976.39646,255,731.0,6,EVT2,0.658206733777434
W9_tile_29_cell_914,tile_W9_29,W9,9w_1d,12610.0,6896.0,1789.2319599999998,978.9521,1789.2319599999998,978.9521,98,183.0,1,EVT2,0.891080208388297
W9_tile_29_cell_916,tile_W9_29,W9,9w_1d,12356.0,6876.0,1753.16904,976.1125,1753.16904,976.1125,214,582.0,6,EVT2,0.729339541267407
W9_tile_29_cell_917,tile_W9_29,W9,9w_1d,12558.5,6867.5,1781.91999,974.90567,1781.91999,974.90567,91,176.0,1,EVT2,0.822293675799242
W9_tile_29_cell_918,tile_W9_29,W9,9w_1d,12689.0,6853.0,1800.44838,972.84696,1800.44838,972.84696,307,930.0,6,EVT2,0.516781235762804
W9_tile_29_cell_919,tile_W9_29,W9,9w_1d,12177.5,6821.0,1727.82561,968.3036,1727.82561,968.3036,263,774.0,6,EVT2,0.517847757315528
W9_tile_29_cell_920,tile_W9_29,W9,9w_1d,12505.0,6776.0,1774.32406,961.9145,1774.32406,961.9145,272,875.0,6,EVT2,0.498628155395435
W9_tile_29_cell_921,tile_W9_29,W9,9w_1d,12351.0,6777.0,1752.45914,962.05648,1752.45914,962.05648,323,1228.0,6,EVT2,0.482123129035378
W9_tile_29_cell_922,tile_W9_29,W9,9w_1d,12628.0,6756.0,1791.7876,959.0749,1791.7876,959.0749,181,487.0,6,EVT2,0.468336301286012
W9_tile_29_cell_923,tile_W9_29,W9,9w_1d,12766.0,6770.0,1811.38084,961.06262,1811.38084,961.06262,210,521.0,6,EVT2,0.787974000203692
W9_tile_29_cell_924,tile_W9_29,W9,9w_1d,12401.0,6706.0,1759.55814,951.9759,1759.55814,951.9759,69,117.0,1,EVT2,0.774327481862323
W9_tile_29_cell_926,tile_W9_29,W9,9w_1d,12793.5,6714.0,1815.28529,953.11174,1815.28529,953.11174,181,408.0,6,EVT2,0.528109377310839
W9_tile_29_cell_927,tile_W9_29,W9,9w_1d,12674.0,6657.0,1798.31868,945.01888,1798.31868,945.01888,209,581.0,6,EVT2,0.734650977040505
W9_tile_29_cell_929,tile_W9_29,W9,9w_1d,12298.0,6694.0,1744.9342,950.27214,1744.9342,950.27214,235,697.0,6,EVT2,0.636005368407953
W9_tile_29_cell_930,tile_W9_29,W9,9w_1d,12413.0,6597.0,1761.2619,936.50008,1761.2619,936.50008,113,227.0,1,EVT3,0.53386632092547
W9_tile_29_cell_933,tile_W9_29,W9,9w_1d,12819.0,6477.0,1818.90578,919.46248,1818.90578,919.46248,240,670.0,6,EVT2,0.564951414573122
W9_tile_29_cell_938,tile_W9_29,W9,9w_1d,12696.0,6423.0,1801.44224,911.79556,1801.44224,911.79556,280,789.0,6,EVT2,0.528959360383699
W9_tile_29_cell_94,tile_W9_29,W9,9w_1d,11691.5,6311.5,1658.82333,895.96479,1658.82333,895.96479,68,80.0,11,EVT2,0.46434278887701
W9_tile_29_cell_943,tile_W9_29,W9,9w_1d,12380.0,6324.5,1756.57656,897.81053,1756.57656,897.81053,76,100.0,11,EVT2,0.4673897175026
W9_tile_29_cell_944,tile_W9_29,W9,9w_1d,12289.0,6309.0,1743.65638,895.60984,1743.65638,895.60984,74,91.0,11,vCTB2,0.401080390897815
W9_tile_29_cell_945,tile_W9_29,W9,9w_1d,12473.0,6247.0,1769.7807,886.8070799999999,1769.7807,886.8070799999999,166,355.0,1,EVT3,0.786185336507453
W9_tile_29_cell_946,tile_W9_29,W9,9w_1d,12701.5,6232.0,1802.22313,884.67738,1802.22313,884.67738,396,1520.0,6,EVT2,0.368522773820007
W9_tile_29_cell_949,tile_W9_29,W9,9w_1d,12345.0,6192.0,1751.60726,878.9981799999999,1751.60726,878.9981799999999,251,620.0,6,EVT2,0.68703616246041
W9_tile_29_cell_950,tile_W9_29,W9,9w_1d,12597.0,6208.0,1787.38622,881.26986,1787.38622,881.26986,145,372.0,6,EVT2,0.794909057589362
W9_tile_29_cell_951,tile_W9_29,W9,9w_1d,12819.0,6181.0,1818.90578,877.4363999999999,1818.90578,877.4363999999999,169,369.0,6,EVT2,0.614721677445553
W9_tile_29_cell_955,tile_W9_29,W9,9w_1d,12426.0,6159.0,1763.10764,874.3128399999999,1763.10764,874.3128399999999,188,436.0,6,EVT2,0.806438573187317
W9_tile_29_cell_957,tile_W9_29,W9,9w_1d,12469.0,6106.0,1769.2127799999998,866.7878999999999,1769.2127799999998,866.7878999999999,157,318.0,6,EVT2,0.987519159738105
W9_tile_29_cell_959,tile_W9_29,W9,9w_1d,12556.5,6101.0,1781.63603,866.078,1781.63603,866.078,326,1024.0,6,EVT2,0.469817378057998
W9_tile_29_cell_960,tile_W9_29,W9,9w_1d,12374.5,6076.0,1755.79567,862.5285,1755.79567,862.5285,346,1098.0,6,EVT2,0.534973318233599
W9_tile_29_cell_961,tile_W9_29,W9,9w_1d,12304.0,6034.0,1745.78608,856.56534,1745.78608,856.56534,186,417.0,6,EVT2,0.852836747292906
W9_tile_29_cell_962,tile_W9_29,W9,9w_1d,12626.0,6036.0,1791.50364,856.8493,1791.50364,856.8493,157,301.0,6,EVT2,0.945327705621476
W9_tile_29_cell_964,tile_W9_29,W9,9w_1d,12668.0,5999.0,1797.4668,851.59604,1797.4668,851.59604,73,143.0,1,EVT2,0.865168641896385
W9_tile_29_cell_965,tile_W9_29,W9,9w_1d,12527.0,5987.0,1777.44762,849.8922799999999,1777.44762,849.8922799999999,274,793.0,6,EVT2,0.587067378659718
W9_tile_29_cell_967,tile_W9_29,W9,9w_1d,12256.0,5980.0,1738.97104,848.89842,1738.97104,848.89842,159,343.0,5,EVT2,0.862224817215429
W9_tile_29_cell_969,tile_W9_29,W9,9w_1d,12692.0,5951.0,1800.87432,844.781,1800.87432,844.781,123,252.0,6,EVT2,0.909990915190798
W9_tile_29_cell_971,tile_W9_29,W9,9w_1d,12539.0,5908.0,1779.15138,838.67586,1779.15138,838.67586,208,473.0,6,EVT2,0.783795949871252
W9_tile_29_cell_972,tile_W9_29,W9,9w_1d,12714.0,5858.0,1803.99788,831.57686,1803.99788,831.57686,320,884.0,6,EVT2,0.440531352982157
W9_tile_29_cell_973,tile_W9_29,W9,9w_1d,12623.0,5863.0,1791.0777,832.28676,1791.0777,832.28676,152,305.0,6,EVT2,0.803529893226039
W9_tile_29_cell_974,tile_W9_29,W9,9w_1d,12108.0,5830.0,1717.958,827.60142,1717.958,827.60142,315,886.0,5,unknown3,0.45138092562271
W9_tile_29_cell_975,tile_W9_29,W9,9w_1d,12524.0,5811.0,1777.0216799999998,824.9037999999999,1777.0216799999998,824.9037999999999,191,437.0,6,EVT2,0.86625736104675
W9_tile_29_cell_976,tile_W9_29,W9,9w_1d,12814.0,5787.0,1818.19588,821.49628,1818.19588,821.49628,168,338.0,6,EVT2,0.938875092854785
W9_tile_29_cell_978,tile_W9_29,W9,9w_1d,12434.0,5752.0,1764.24348,816.52698,1764.24348,816.52698,227,622.0,5,EVT2,0.755659640674563
W9_tile_29_cell_979,tile_W9_29,W9,9w_1d,12175.0,5775.0,1727.47066,819.79252,1727.47066,819.79252,86,148.0,0,vCTB2,0.624579276452793
W9_tile_29_cell_981,tile_W9_29,W9,9w_1d,12795.0,5723.5,1815.49826,812.48055,1815.49826,812.48055,112,180.0,1,EVT2,0.854230153389959
W9_tile_29_cell_982,tile_W9_29,W9,9w_1d,12736.0,5712.0,1807.12144,810.84778,1807.12144,810.84778,119,186.0,6,EVT2,0.949417289663239
W9_tile_29_cell_983,tile_W9_29,W9,9w_1d,12377.0,5673.0,1756.15062,805.31056,1756.15062,805.31056,166,325.0,5,EVT2,0.538740552400452
W9_tile_2_cell_1001,tile_W9_2,W9,9w_1d,16979.0,13271.0,2409.54258,1884.0746,2409.54258,1884.0746,133,176.0,9,Hofbauer cells,0.698587315782265
W9_tile_2_cell_1010,tile_W9_2,W9,9w_1d,18073.0,13204.0,2564.8687,1874.56194,2564.8687,1874.56194,71,210.0,2,vCTB2,0.383883223736645
W9_tile_2_cell_1013,tile_W9_2,W9,9w_1d,18056.0,13084.5,2562.45504,1857.59533,2562.45504,1857.59533,107,356.0,7,EVT2,0.243316967874097
W9_tile_2_cell_1015,tile_W9_2,W9,9w_1d,17904.0,13021.0,2540.87408,1848.5796,2540.87408,1848.5796,130,303.0,7,STB,0.310060727013042
W9_tile_2_cell_107,tile_W9_2,W9,9w_1d,17563.0,14047.0,2492.4589,1994.25108,2492.4589,1994.25108,67,242.0,2,EVT2,0.398440091986812
W9_tile_2_cell_119,tile_W9_2,W9,9w_1d,17106.0,14376.0,2427.57404,2040.9625,2427.57404,2040.9625,47,131.0,2,vCTB2,0.38077990600726
W9_tile_2_cell_129,tile_W9_2,W9,9w_1d,17979.0,13652.0,2551.52258,1938.16898,2551.52258,1938.16898,48,111.0,2,EVT2,0.349436475479037
W9_tile_2_cell_13,tile_W9_2,W9,9w_1d,17307.0,13979.0,2456.11202,1984.59644,2456.11202,1984.59644,106,129.0,4,Fibroblast2,0.511023456885814
W9_tile_2_cell_138,tile_W9_2,W9,9w_1d,17117.0,12939.0,2429.13582,1836.93724,2429.13582,1836.93724,147,207.0,3,Fibroblast2,0.793032119919234
W9_tile_2_cell_143,tile_W9_2,W9,9w_1d,17060.0,14029.0,2421.04296,1991.69544,2421.04296,1991.69544,223,340.0,3,maternal macrophages ,0.285890465471362
W9_tile_2_cell_147,tile_W9_2,W9,9w_1d,17416.0,13729.0,2471.58784,1949.10144,2471.58784,1949.10144,120,167.0,3,Fibroblast2,0.915252535311953
W9_tile_2_cell_169,tile_W9_2,W9,9w_1d,18093.0,13300.0,2567.7083,1888.19202,2567.7083,1888.19202,76,173.0,7,EVT2,0.320203743223279
W9_tile_2_cell_171,tile_W9_2,W9,9w_1d,17992.0,12965.0,2553.36832,1840.62872,2553.36832,1840.62872,58,186.0,2,EVT2,0.382539771170373
W9_tile_2_cell_174,tile_W9_2,W9,9w_1d,17752.0,13219.0,2519.29312,1876.69164,2519.29312,1876.69164,85,109.0,4,Fibroblast2,0.213443954262322
W9_tile_2_cell_180,tile_W9_2,W9,9w_1d,17192.5,14102.0,2439.85531,2002.05998,2439.85531,2002.05998,183,402.0,10,EVT2,0.301236746259283
W9_tile_2_cell_185,tile_W9_2,W9,9w_1d,17427.5,13322.0,2473.22061,1891.31558,2473.22061,1891.31558,68,96.0,4,Fibroblast2,0.280892654443947
W9_tile_2_cell_196,tile_W9_2,W9,9w_1d,18189.0,14209.0,2581.33838,2017.25184,2581.33838,2017.25184,140,643.0,7,unknown3,0.191370603868889
W9_tile_2_cell_200,tile_W9_2,W9,9w_1d,17142.0,14255.0,2432.68532,2023.78292,2432.68532,2023.78292,163,460.0,7,STB,0.392768593979722
W9_tile_2_cell_206,tile_W9_2,W9,9w_1d,16978.0,14317.0,2409.4006,2032.58568,2409.4006,2032.58568,75,183.0,2,EVT2,0.377056603931927
W9_tile_2_cell_207,tile_W9_2,W9,9w_1d,18113.0,14388.0,2570.5479,2042.66626,2570.5479,2042.66626,31,85.0,2,vCTB2,0.538273417506775
W9_tile_2_cell_214,tile_W9_2,W9,9w_1d,17884.5,13483.0,2538.10547,1914.17436,2538.10547,1914.17436,164,228.0,3,Hofbauer cells,0.33113233708634
W9_tile_2_cell_217,tile_W9_2,W9,9w_1d,18189.0,14535.0,2581.33838,2063.53732,2581.33838,2063.53732,79,290.0,2,EVT2,0.383816114661417
W9_tile_2_cell_218,tile_W9_2,W9,9w_1d,17061.5,14164.0,2421.25593,2010.86274,2421.25593,2010.86274,120,202.0,10,STB,0.291857686454695
W9_tile_2_cell_223,tile_W9_2,W9,9w_1d,18245.0,13546.5,2589.28926,1923.19009,2589.28926,1923.19009,39,132.0,2,vCTB2,0.50190048934489
W9_tile_2_cell_242,tile_W9_2,W9,9w_1d,18039.0,13571.0,2560.04138,1926.6686,2560.04138,1926.6686,56,116.0,2,vCTB2,0.36545349497738
W9_tile_2_cell_248,tile_W9_2,W9,9w_1d,17304.0,14186.0,2455.68608,2013.9863,2455.68608,2013.9863,148,460.0,7,STB,0.268761510420606
W9_tile_2_cell_253,tile_W9_2,W9,9w_1d,17060.5,13832.0,2421.11395,1963.72538,2421.11395,1963.72538,74,106.0,9,Hofbauer cells,0.714642229098798
W9_tile_2_cell_260,tile_W9_2,W9,9w_1d,17606.5,14018.0,2498.63503,1990.13366,2498.63503,1990.13366,47,120.0,2,vCTB2,0.354922878131773
W9_tile_2_cell_261,tile_W9_2,W9,9w_1d,18142.0,14660.0,2574.66532,2081.28482,2574.66532,2081.28482,103,413.0,7,vCTB2,0.252977313444705
W9_tile_2_cell_263,tile_W9_2,W9,9w_1d,18148.0,13559.0,2575.5172,1924.96484,2575.5172,1924.96484,148,786.0,7,EVT2,0.273888724303508
W9_tile_2_cell_274,tile_W9_2,W9,9w_1d,18127.0,13361.5,2572.53562,1896.92379,2572.53562,1896.92379,40,120.0,2,vCTB2,0.404004806568261
W9_tile_2_cell_276,tile_W9_2,W9,9w_1d,18017.0,13689.0,2556.91782,1943.42224,2556.91782,1943.42224,106,381.0,7,STB,0.346351544805855
W9_tile_2_cell_287,tile_W9_2,W9,9w_1d,17489.0,14068.0,2481.95238,1997.23266,2481.95238,1997.23266,113,445.0,7,EVT2,0.397593853365667
W9_tile_2_cell_291,tile_W9_2,W9,9w_1d,17044.0,13873.5,2418.77128,1969.61755,2418.77128,1969.61755,102,158.0,9,Hofbauer cells,0.64487689832929
W9_tile_2_cell_303,tile_W9_2,W9,9w_1d,16906.0,14589.0,2399.17804,2071.20424,2399.17804,2071.20424,104,366.0,7,vCTB2,0.286821705400431
W9_tile_2_cell_304,tile_W9_2,W9,9w_1d,18359.0,14501.0,2605.47498,2058.71,2605.47498,2058.71,115,323.0,7,STB,0.338575898677049
W9_tile_2_cell_308,tile_W9_2,W9,9w_1d,17989.5,13292.0,2553.01337,1887.05618,2553.01337,1887.05618,88,128.0,7,Fibroblast1,0.266576230220927
W9_tile_2_cell_317,tile_W9_2,W9,9w_1d,17438.5,14006.0,2474.78239,1988.4299,2474.78239,1988.4299,162,420.0,7,STB,0.333858128095741
W9_tile_2_cell_318,tile_W9_2,W9,9w_1d,18347.0,14132.0,2603.77122,2006.31938,2603.77122,2006.31938,53,205.0,2,vCTB2,0.419872232137248
W9_tile_2_cell_319,tile_W9_2,W9,9w_1d,17309.5,14280.0,2456.46697,2027.33242,2456.46697,2027.33242,66,294.0,2,EVT2,0.420493368050784
W9_tile_2_cell_321,tile_W9_2,W9,9w_1d,17031.0,14413.0,2416.92554,2046.21576,2416.92554,2046.21576,147,637.0,7,Hofbauer cells,0.422975432893225
W9_tile_2_cell_327,tile_W9_2,W9,9w_1d,17705.0,13758.0,2512.62006,1953.21886,2512.62006,1953.21886,120,313.0,7,vCTB2,0.455730537638524
W9_tile_2_cell_331,tile_W9_2,W9,9w_1d,17035.0,13035.0,2417.49346,1850.56732,2417.49346,1850.56732,107,120.0,4,Fibroblast2,0.466809134263401
W9_tile_2_cell_337,tile_W9_2,W9,9w_1d,17192.0,13986.0,2439.78432,1985.5903,2439.78432,1985.5903,68,85.0,8,EVT2,0.259455163955429
W9_tile_2_cell_339,tile_W9_2,W9,9w_1d,18427.0,14390.5,2615.12962,2043.02121,2615.12962,2043.02121,69,156.0,2,EVT2,0.331681827300107
W9_tile_2_cell_341,tile_W9_2,W9,9w_1d,17022.0,14517.0,2415.64772,2060.98168,2415.64772,2060.98168,154,747.0,7,Hofbauer cells,0.284439238886955
W9_tile_2_cell_347,tile_W9_2,W9,9w_1d,18399.0,14540.0,2611.15418,2064.24722,2611.15418,2064.24722,92,292.0,7,EVT2,0.2499875470659
W9_tile_2_cell_35,tile_W9_2,W9,9w_1d,17861.0,13773.0,2534.76894,1955.34856,2534.76894,1955.34856,150,680.0,7,STB,0.400899699284458
W9_tile_2_cell_357,tile_W9_2,W9,9w_1d,17567.0,13975.0,2493.02682,1984.02852,2493.02682,1984.02852,55,89.0,2,vCTB2,0.229564052769017
W9_tile_2_cell_359,tile_W9_2,W9,9w_1d,17948.0,13452.0,2547.1212,1909.77298,2547.1212,1909.77298,56,84.0,0,vCTB2,0.513976890497591
W9_tile_2_cell_368,tile_W9_2,W9,9w_1d,18160.0,14420.0,2577.22096,2047.20962,2577.22096,2047.20962,47,149.0,2,vCTB2,0.366538933054638
W9_tile_2_cell_371,tile_W9_2,W9,9w_1d,17766.0,13700.0,2521.28084,1944.98402,2521.28084,1944.98402,254,486.0,10,Fibroblast1,0.487120663554681
W9_tile_2_cell_385,tile_W9_2,W9,9w_1d,16901.5,13079.0,2398.53913,1856.81444,2398.53913,1856.81444,80,98.0,8,Fibroblast1,0.393362936895757
W9_tile_2_cell_402,tile_W9_2,W9,9w_1d,17975.0,13341.5,2550.95466,1894.08419,2550.95466,1894.08419,89,146.0,7,EVT2,0.380282671458063
W9_tile_2_cell_406,tile_W9_2,W9,9w_1d,17807.0,12991.0,2527.10202,1844.3202,2527.10202,1844.3202,87,111.0,0,vCTB2,0.438010376698965
W9_tile_2_cell_408,tile_W9_2,W9,9w_1d,17126.5,14172.0,2430.48463,2011.99858,2430.48463,2011.99858,90,262.0,7,vCTB2,0.244202327889768
W9_tile_2_cell_412,tile_W9_2,W9,9w_1d,16967.0,14597.0,2407.83882,2072.34008,2407.83882,2072.34008,58,177.0,2,vCTB2,0.327524836152106
W9_tile_2_cell_413,tile_W9_2,W9,9w_1d,17948.5,13541.0,2547.19219,1922.4092,2547.19219,1922.4092,111,248.0,7,vCTB2,0.360392177604255
W9_tile_2_cell_415,tile_W9_2,W9,9w_1d,18431.0,14503.0,2615.69754,2058.99396,2615.69754,2058.99396,32,105.0,2,vCTB2,0.514609658319356
W9_tile_2_cell_419,tile_W9_2,W9,9w_1d,18116.0,13672.0,2570.97384,1941.00858,2570.97384,1941.00858,62,174.0,2,vCTB2,0.454952408201959
W9_tile_2_cell_431,tile_W9_2,W9,9w_1d,18428.0,14548.0,2615.2716,2065.38306,2615.2716,2065.38306,31,130.0,2,vCTB2,0.4754741804068
W9_tile_2_cell_435,tile_W9_2,W9,9w_1d,18162.0,13742.0,2577.50492,1950.94718,2577.50492,1950.94718,134,590.0,7,STB,0.323452447214309
W9_tile_2_cell_439,tile_W9_2,W9,9w_1d,17146.0,14012.0,2433.25324,1989.28178,2433.25324,1989.28178,89,105.0,8,Fibroblast1,0.496507291419616
W9_tile_2_cell_448,tile_W9_2,W9,9w_1d,18021.0,13488.0,2557.48574,1914.88426,2557.48574,1914.88426,90,239.0,7,vCTB2,0.23956208212809
W9_tile_2_cell_466,tile_W9_2,W9,9w_1d,17940.0,13891.5,2545.98536,1972.17319,2545.98536,1972.17319,71,310.0,2,vCTB2,0.36190844572731
W9_tile_2_cell_47,tile_W9_2,W9,9w_1d,17654.0,13950.0,2505.37908,1980.47902,2505.37908,1980.47902,168,727.0,7,STB,0.518684151064197
W9_tile_2_cell_476,tile_W9_2,W9,9w_1d,17867.0,13599.5,2535.62082,1930.71503,2535.62082,1930.71503,194,436.0,10,unknown3,0.323743329196978
W9_tile_2_cell_486,tile_W9_2,W9,9w_1d,17553.0,13865.0,2491.0391,1968.41072,2491.0391,1968.41072,194,338.0,10,vCTBp,0.411554810139627
W9_tile_2_cell_502,tile_W9_2,W9,9w_1d,17875.0,13868.0,2536.75666,1968.83666,2536.75666,1968.83666,75,263.0,2,EVT2,0.412284895672131
W9_tile_2_cell_503,tile_W9_2,W9,9w_1d,18182.0,13826.0,2580.34452,1962.8735,2580.34452,1962.8735,57,186.0,2,EVT2,0.429355976141669
W9_tile_2_cell_508,tile_W9_2,W9,9w_1d,17919.5,13110.5,2543.07477,1861.28681,2543.07477,1861.28681,122,282.0,7,EVT2,0.320286437994361
W9_tile_2_cell_523,tile_W9_2,W9,9w_1d,18407.0,14443.0,2612.29002,2050.47516,2612.29002,2050.47516,106,364.0,7,vCTB2,0.272452189556854
W9_tile_2_cell_528,tile_W9_2,W9,9w_1d,17219.0,14305.0,2443.61778,2030.88192,2443.61778,2030.88192,43,127.0,2,vCTB2,0.417917777955855
W9_tile_2_cell_531,tile_W9_2,W9,9w_1d,16660.0,14197.0,2364.25096,2015.54808,2364.25096,2015.54808,114,147.0,4,Fibroblast2,0.296565006495205
W9_tile_2_cell_541,tile_W9_2,W9,9w_1d,18392.0,14219.0,2610.16032,2018.67164,2610.16032,2018.67164,82,270.0,2,vCTB2,0.326302128806896
W9_tile_2_cell_548,tile_W9_2,W9,9w_1d,16888.0,14390.5,2396.6224,2043.02121,2396.6224,2043.02121,40,82.0,2,vCTB2,0.376025529496534
W9_tile_2_cell_550,tile_W9_2,W9,9w_1d,17149.0,14441.0,2433.67918,2050.1912,2433.67918,2050.1912,185,948.0,7,maternal macrophages ,0.281574622440733
W9_tile_2_cell_554,tile_W9_2,W9,9w_1d,18181.0,14737.0,2580.20254,2092.21728,2580.20254,2092.21728,52,164.0,2,vCTB2,0.427388563520686
W9_tile_2_cell_562,tile_W9_2,W9,9w_1d,17017.0,14222.0,2414.93782,2019.09758,2414.93782,2019.09758,133,259.0,7,unknown3,0.227204408425666
W9_tile_2_cell_57,tile_W9_2,W9,9w_1d,17104.5,13145.0,2427.36107,1866.18512,2427.36107,1866.18512,81,94.0,4,Fibroblast2,0.303310679390376
W9_tile_2_cell_573,tile_W9_2,W9,9w_1d,17872.0,13278.0,2536.33072,1885.06846,2536.33072,1885.06846,106,129.0,4,Fibroblast2,0.413652702750956
W9_tile_2_cell_579,tile_W9_2,W9,9w_1d,16949.0,14230.5,2405.28318,2020.30441,2405.28318,2020.30441,87,124.0,0,vCTB2,0.386376112925508
W9_tile_2_cell_585,tile_W9_2,W9,9w_1d,18074.0,13394.5,2565.01068,1901.60913,2565.01068,1901.60913,116,384.0,7,EVT2,0.195968064492591
W9_tile_2_cell_589,tile_W9_2,W9,9w_1d,18124.0,14707.0,2572.10968,2087.95788,2572.10968,2087.95788,70,216.0,2,vCTB2,0.346684298695359
W9_tile_2_cell_599,tile_W9_2,W9,9w_1d,18047.0,13869.0,2561.17722,1968.97864,2561.17722,1968.97864,148,793.0,7,EVT2,0.402282191913773
W9_tile_2_cell_609,tile_W9_2,W9,9w_1d,17930.5,13692.0,2544.63655,1943.84818,2544.63655,1943.84818,98,224.0,7,EVT2,0.368206968785359
W9_tile_2_cell_612,tile_W9_2,W9,9w_1d,18360.0,14365.0,2605.61696,2039.40072,2605.61696,2039.40072,176,554.0,7,STB,0.269068637510868
W9_tile_2_cell_617,tile_W9_2,W9,9w_1d,17813.0,13707.0,2527.9539,1945.97788,2527.9539,1945.97788,76,166.0,7,vCTB2,0.376739517610007
W9_tile_2_cell_626,tile_W9_2,W9,9w_1d,18083.0,13622.0,2566.2885,1933.90958,2566.2885,1933.90958,110,347.0,7,Hofbauer cells,0.248730965846471
W9_tile_2_cell_639,tile_W9_2,W9,9w_1d,18266.0,14622.0,2592.27084,2075.88958,2592.27084,2075.88958,112,512.0,7,EVT2,0.402202496734868
W9_tile_2_cell_64,tile_W9_2,W9,9w_1d,18218.0,14684.0,2585.4558,2084.69234,2585.4558,2084.69234,96,431.0,7,EVT2,0.328023118671864
W9_tile_2_cell_640,tile_W9_2,W9,9w_1d,18084.0,13471.0,2566.43048,1912.4706,2566.43048,1912.4706,73,237.0,2,vCTB2,0.337144018581005
W9_tile_2_cell_644,tile_W9_2,W9,9w_1d,16806.0,14392.0,2384.98004,2043.23418,2384.98004,2043.23418,101,160.0,7,unknown3,0.271541095121706
W9_tile_2_cell_649,tile_W9_2,W9,9w_1d,18269.0,14553.0,2592.69678,2066.09296,2592.69678,2066.09296,189,686.0,7,Fibroblast1,0.519384444812742
W9_tile_2_cell_651,tile_W9_2,W9,9w_1d,17426.0,13662.0,2473.00764,1939.58878,2473.00764,1939.58878,155,251.0,3,Fibroblast2,0.990087461051682
W9_tile_2_cell_653,tile_W9_2,W9,9w_1d,18017.0,14739.0,2556.91782,2092.50124,2556.91782,2092.50124,72,215.0,2,vCTB2,0.338705651543574
W9_tile_2_cell_657,tile_W9_2,W9,9w_1d,18135.0,14457.0,2573.67146,2052.46288,2573.67146,2052.46288,34,108.0,2,vCTB2,0.470765320225801
W9_tile_2_cell_667,tile_W9_2,W9,9w_1d,16934.0,14414.0,2403.15348,2046.35774,2403.15348,2046.35774,115,238.0,7,Hofbauer cells,0.206272384213466
W9_tile_2_cell_678,tile_W9_2,W9,9w_1d,17921.5,13412.5,2543.35873,1904.16477,2543.35873,1904.16477,95,138.0,0,Hofbauer cells,0.388067795685675
W9_tile_2_cell_681,tile_W9_2,W9,9w_1d,18417.0,14336.0,2613.70982,2035.2833,2613.70982,2035.2833,91,303.0,7,EVT2,0.246191464208311
W9_tile_2_cell_683,tile_W9_2,W9,9w_1d,17985.0,13887.0,2552.37446,1971.53428,2552.37446,1971.53428,31,141.0,2,vCTB2,0.536617410074788
W9_tile_2_cell_686,tile_W9_2,W9,9w_1d,18036.0,13764.0,2559.61544,1954.07074,2559.61544,1954.07074,111,275.0,7,vCTB2,0.306478733097237
W9_tile_2_cell_688,tile_W9_2,W9,9w_1d,17668.0,14740.0,2507.3668,2092.64322,2507.3668,2092.64322,68,286.0,2,vCTB2,0.350617179572973
W9_tile_2_cell_695,tile_W9_2,W9,9w_1d,17853.0,13678.0,2533.6331,1941.86046,2533.6331,1941.86046,61,148.0,2,vCTB2,0.413948061978353
W9_tile_2_cell_697,tile_W9_2,W9,9w_1d,17400.0,14169.0,2469.31616,2011.57264,2469.31616,2011.57264,169,793.0,7,Hofbauer cells,0.339206458725885
W9_tile_2_cell_71,tile_W9_2,W9,9w_1d,18279.0,14302.0,2594.11658,2030.45598,2594.11658,2030.45598,111,281.0,7,STB,0.334885410997001
W9_tile_2_cell_716,tile_W9_2,W9,9w_1d,18350.0,14580.0,2604.19716,2069.92642,2604.19716,2069.92642,141,522.0,7,STB,0.254388608191113
W9_tile_2_cell_718,tile_W9_2,W9,9w_1d,18039.0,13254.0,2560.04138,1881.66094,2560.04138,1881.66094,116,275.0,7,EVT2,0.279231286522056
W9_tile_2_cell_729,tile_W9_2,W9,9w_1d,16846.0,14591.5,2390.65924,2071.55919,2390.65924,2071.55919,33,88.0,2,vCTB2,0.510509590996069
W9_tile_2_cell_743,tile_W9_2,W9,9w_1d,17631.0,13806.0,2502.11354,1960.0339,2502.11354,1960.0339,152,290.0,10,STB,0.314879724275404
W9_tile_2_cell_781,tile_W9_2,W9,9w_1d,16711.0,14107.0,2371.49194,2002.76988,2371.49194,2002.76988,197,255.0,8,Endothelial_cells,0.642080006130912
W9_tile_2_cell_782,tile_W9_2,W9,9w_1d,18092.0,13752.0,2567.56632,1952.36698,2567.56632,1952.36698,57,164.0,2,vCTB2,0.40033426442015
W9_tile_2_cell_788,tile_W9_2,W9,9w_1d,18260.0,14673.0,2591.41896,2083.13056,2591.41896,2083.13056,45,109.0,2,vCTB2,0.376875315599663
W9_tile_2_cell_789,tile_W9_2,W9,9w_1d,16779.0,13918.0,2381.14658,1975.93566,2381.14658,1975.93566,70,82.0,8,EVT2,0.362898029446444
W9_tile_2_cell_804,tile_W9_2,W9,9w_1d,18283.0,14113.0,2594.6845,2003.62176,2594.6845,2003.62176,98,478.0,2,EVT2,0.36437465122032
W9_tile_2_cell_82,tile_W9_2,W9,9w_1d,18114.0,14270.5,2570.68988,2025.98361,2570.68988,2025.98361,69,270.0,2,EVT2,0.447476564470104
W9_tile_2_cell_834,tile_W9_2,W9,9w_1d,16795.5,14570.0,2383.48925,2068.50662,2383.48925,2068.50662,86,266.0,7,vCTB2,0.35387290456071
W9_tile_2_cell_842,tile_W9_2,W9,9w_1d,16852.0,14322.0,2391.51112,2033.29558,2391.51112,2033.29558,170,331.0,10,Fibroblast1,0.292046885206264
W9_tile_2_cell_846,tile_W9_2,W9,9w_1d,16722.0,14608.5,2373.05372,2073.97285,2373.05372,2073.97285,155,522.0,7,EVT3,0.399287993433843
W9_tile_2_cell_861,tile_W9_2,W9,9w_1d,18283.0,14355.0,2594.6845,2037.98092,2594.6845,2037.98092,109,206.0,7,STB,0.223741704360803
W9_tile_2_cell_869,tile_W9_2,W9,9w_1d,16612.0,14678.0,2357.43592,2083.84046,2357.43592,2083.84046,54,103.0,2,vCTB2,0.373308062622062
W9_tile_2_cell_884,tile_W9_2,W9,9w_1d,18320.0,14614.0,2599.93776,2074.75374,2599.93776,2074.75374,81,233.0,7,vCTB2,0.307104098685514
W9_tile_2_cell_896,tile_W9_2,W9,9w_1d,17718.0,14725.5,2514.4658,2090.58451,2514.4658,2090.58451,97,310.0,7,Hofbauer cells,0.468711411395329
W9_tile_2_cell_909,tile_W9_2,W9,9w_1d,17006.0,14574.5,2413.37604,2069.14553,2413.37604,2069.14553,55,136.0,2,vCTB2,0.404684051577463
W9_tile_2_cell_915,tile_W9_2,W9,9w_1d,16884.0,14517.5,2396.05448,2061.05267,2396.05448,2061.05267,149,384.0,7,Endothelial_cells,0.481206435881068
W9_tile_2_cell_92,tile_W9_2,W9,9w_1d,18258.0,14176.0,2591.135,2012.5665,2591.135,2012.5665,70,217.0,2,EVT2,0.345131071646922
W9_tile_2_cell_931,tile_W9_2,W9,9w_1d,17092.0,14244.0,2425.58632,2022.22114,2425.58632,2022.22114,76,223.0,2,vCTB2,0.332546102285416
W9_tile_2_cell_943,tile_W9_2,W9,9w_1d,17316.0,14053.0,2457.38984,1995.10296,2457.38984,1995.10296,184,428.0,7,unknown3,0.362029166194398
W9_tile_2_cell_945,tile_W9_2,W9,9w_1d,17717.0,14034.0,2514.32382,1992.40534,2514.32382,1992.40534,60,179.0,2,vCTB2,0.358158487190189
W9_tile_2_cell_946,tile_W9_2,W9,9w_1d,17772.0,13982.0,2522.13272,1985.02238,2522.13272,1985.02238,59,201.0,2,EVT2,0.320799370551266
W9_tile_2_cell_948,tile_W9_2,W9,9w_1d,17375.0,13951.0,2465.76666,1980.621,2465.76666,1980.621,154,203.0,3,Fibroblast2,0.702516115944695
W9_tile_2_cell_949,tile_W9_2,W9,9w_1d,17457.0,13929.0,2477.40902,1977.49744,2477.40902,1977.49744,244,446.0,10,unknown3,0.197967512754374
W9_tile_2_cell_952,tile_W9_2,W9,9w_1d,17826.0,13902.0,2529.79964,1973.66398,2529.79964,1973.66398,99,305.0,7,vCTB2,0.21810228424109
W9_tile_2_cell_953,tile_W9_2,W9,9w_1d,17446.0,13876.0,2475.84724,1969.9725,2475.84724,1969.9725,96,123.0,0,vCTB2,0.273784868988658
W9_tile_2_cell_977,tile_W9_2,W9,9w_1d,17297.0,13640.0,2454.69222,1936.46522,2454.69222,1936.46522,212,364.0,3,Fibroblast2,0.777140370456811
W9_tile_2_cell_98,tile_W9_2,W9,9w_1d,18052.0,14701.0,2561.88712,2087.106,2561.88712,2087.106,92,363.0,7,EVT2,0.290538681456302
W9_tile_2_cell_990,tile_W9_2,W9,9w_1d,18262.0,13392.5,2591.70292,1901.32517,2591.70292,1901.32517,85,326.0,2,vCTB2,0.324602216290386
W9_tile_30_cell_101,tile_W9_30,W9,9w_1d,9728.0,6639.0,1380.0456,942.46324,1380.0456,942.46324,91,459.0,2,EVT2,0.402439581962917
W9_tile_30_cell_104,tile_W9_30,W9,9w_1d,10486.0,5896.5,1487.66644,837.04309,1487.66644,837.04309,92,160.0,0,vCTB2,0.417222055339001
W9_tile_30_cell_134,tile_W9_30,W9,9w_1d,10512.0,5769.0,1491.35792,818.9406399999999,1491.35792,818.9406399999999,194,351.0,3,Fibroblast2,0.614545663276068
W9_tile_30_cell_138,tile_W9_30,W9,9w_1d,9571.0,6645.0,1357.75474,943.31512,1357.75474,943.31512,128,598.0,7,EVT2,0.60009549181948
W9_tile_30_cell_140,tile_W9_30,W9,9w_1d,9566.0,6381.0,1357.04484,905.8324,1357.04484,905.8324,103,233.0,11,STB,0.53410491802451
W9_tile_30_cell_144,tile_W9_30,W9,9w_1d,10055.0,5738.0,1426.47306,814.53926,1426.47306,814.53926,57,106.0,2,vCTB2,0.448979873779353
W9_tile_30_cell_151,tile_W9_30,W9,9w_1d,9834.0,6715.0,1395.09548,953.25372,1395.09548,953.25372,131,425.0,7,STB,0.380718343978006
W9_tile_30_cell_156,tile_W9_30,W9,9w_1d,9549.0,5651.5,1354.63118,802.25799,1354.63118,802.25799,117,440.0,7,STB,0.329129131903112
W9_tile_30_cell_163,tile_W9_30,W9,9w_1d,10250.0,5677.0,1454.15916,805.87848,1454.15916,805.87848,111,385.0,2,STB,0.441688102215346
W9_tile_30_cell_179,tile_W9_30,W9,9w_1d,10286.5,5540.0,1459.34143,786.4272199999999,1459.34143,786.4272199999999,64,80.0,0,vCTB2,0.630414010518957
W9_tile_30_cell_180,tile_W9_30,W9,9w_1d,9909.0,6102.0,1405.74398,866.21998,1405.74398,866.21998,65,110.0,11,EVT2,0.378452965534564
W9_tile_30_cell_183,tile_W9_30,W9,9w_1d,9486.0,6540.0,1345.68644,928.40722,1345.68644,928.40722,167,692.0,7,STB,0.587258698273533
W9_tile_30_cell_188,tile_W9_30,W9,9w_1d,10653.5,5731.0,1511.44809,813.5454,1511.44809,813.5454,215,360.0,8,Fibroblast1,0.732342827143089
W9_tile_30_cell_19,tile_W9_30,W9,9w_1d,10783.0,5839.0,1529.8345,828.87924,1529.8345,828.87924,68,92.0,0,vCTB2,0.653114248274255
W9_tile_30_cell_198,tile_W9_30,W9,9w_1d,10581.0,5667.0,1501.15454,804.45868,1501.15454,804.45868,88,154.0,9,Hofbauer cells,0.730304838423406
W9_tile_30_cell_202,tile_W9_30,W9,9w_1d,9449.0,5548.0,1340.43318,787.56306,1340.43318,787.56306,97,213.0,7,STB,0.372584879505321
W9_tile_30_cell_225,tile_W9_30,W9,9w_1d,9634.0,5641.0,1366.69948,800.7672,1366.69948,800.7672,203,908.0,7,STB,0.533461926226995
W9_tile_30_cell_226,tile_W9_30,W9,9w_1d,10756.5,6103.0,1526.07203,866.36196,1526.07203,866.36196,194,394.0,5,unknown3,0.302423318046005
W9_tile_30_cell_227,tile_W9_30,W9,9w_1d,10769.0,5720.5,1527.84678,812.05461,1527.84678,812.05461,284,560.0,5,unknown3,0.446290025470172
W9_tile_30_cell_230,tile_W9_30,W9,9w_1d,10670.0,5677.0,1513.79076,805.87848,1513.79076,805.87848,113,178.0,8,Fibroblast1,0.548876115204824
W9_tile_30_cell_241,tile_W9_30,W9,9w_1d,9364.5,6533.0,1328.43587,927.41336,1328.43587,927.41336,116,324.0,7,STB,0.632933858634362
W9_tile_30_cell_249,tile_W9_30,W9,9w_1d,10711.0,5600.0,1519.61194,794.94602,1519.61194,794.94602,156,293.0,8,Fibroblast1,0.487596552356222
W9_tile_30_cell_250,tile_W9_30,W9,9w_1d,10873.0,6126.0,1542.6127,869.6274999999999,1542.6127,869.6274999999999,81,143.0,0,vCTB2,0.573892478480817
W9_tile_30_cell_252,tile_W9_30,W9,9w_1d,10606.0,5796.0,1504.7040399999998,822.7741,1504.7040399999998,822.7741,128,226.0,0,EVT2,0.247456044179709
W9_tile_30_cell_255,tile_W9_30,W9,9w_1d,9248.0,7077.0,1311.8952,1004.65048,1311.8952,1004.65048,86,393.0,7,STB,0.337156065791115
W9_tile_30_cell_260,tile_W9_30,W9,9w_1d,9718.0,5589.0,1378.6258,793.38424,1378.6258,793.38424,116,347.0,7,STB,0.395731756349653
W9_tile_30_cell_263,tile_W9_30,W9,9w_1d,9920.0,6767.0,1407.30576,960.63668,1407.30576,960.63668,132,441.0,7,STB,0.623241204422265
W9_tile_30_cell_265,tile_W9_30,W9,9w_1d,10401.0,5681.0,1475.59814,806.4463999999999,1475.59814,806.4463999999999,121,213.0,0,vCTB2,0.505823329292409
W9_tile_30_cell_268,tile_W9_30,W9,9w_1d,9414.0,5637.0,1335.46388,800.1992799999999,1335.46388,800.1992799999999,131,690.0,7,EVT2,0.336460427692751
W9_tile_30_cell_278,tile_W9_30,W9,9w_1d,10441.0,6057.0,1481.27734,859.83088,1481.27734,859.83088,79,141.0,11,EVT2,0.414839346296172
W9_tile_30_cell_280,tile_W9_30,W9,9w_1d,9694.0,5542.0,1375.21828,786.71118,1375.21828,786.71118,60,120.0,2,vCTB2,0.452603323263267
W9_tile_30_cell_283,tile_W9_30,W9,9w_1d,9893.0,6874.0,1403.4723,975.82854,1403.4723,975.82854,252,1379.0,7,STB,0.472641056080327
W9_tile_30_cell_284,tile_W9_30,W9,9w_1d,10012.0,6727.0,1420.36792,954.95748,1420.36792,954.95748,205,935.0,7,STB,0.603338516968252
W9_tile_30_cell_285,tile_W9_30,W9,9w_1d,9338.0,6461.0,1324.6734,917.1908,1324.6734,917.1908,169,691.0,7,STB,0.342280885185253
W9_tile_30_cell_287,tile_W9_30,W9,9w_1d,10497.0,5611.0,1489.22822,796.5078,1489.22822,796.5078,224,429.0,3,Fibroblast2,0.787936858682738
W9_tile_30_cell_296,tile_W9_30,W9,9w_1d,10054.0,5648.0,1426.33108,801.7610599999999,1426.33108,801.7610599999999,140,667.0,7,STB,0.733372790773424
W9_tile_30_cell_300,tile_W9_30,W9,9w_1d,10613.0,6033.0,1505.6979,856.42336,1505.6979,856.42336,190,385.0,5,STB,0.489789791012322
W9_tile_30_cell_311,tile_W9_30,W9,9w_1d,10888.0,6007.0,1544.7424,852.7318799999999,1544.7424,852.7318799999999,147,255.0,5,vCTB2,0.346917799563151
W9_tile_30_cell_313,tile_W9_30,W9,9w_1d,10335.5,5606.0,1466.29845,795.7979,1466.29845,795.7979,145,338.0,10,vCTB2,0.366478874605621
W9_tile_30_cell_321,tile_W9_30,W9,9w_1d,10392.0,5617.0,1474.32032,797.35968,1474.32032,797.35968,72,127.0,0,vCTB2,0.64685756369973
W9_tile_30_cell_323,tile_W9_30,W9,9w_1d,10784.0,5989.0,1529.97648,850.17624,1529.97648,850.17624,125,203.0,0,vCTB2,0.342978739519846
W9_tile_30_cell_328,tile_W9_30,W9,9w_1d,10881.0,5555.0,1543.74854,788.55692,1543.74854,788.55692,153,263.0,5,unknown3,0.262178096892444
W9_tile_30_cell_336,tile_W9_30,W9,9w_1d,9598.5,5549.5,1361.65919,787.77603,1361.65919,787.77603,133,306.0,7,STB,0.358093362416726
W9_tile_30_cell_337,tile_W9_30,W9,9w_1d,9260.0,6551.0,1313.59896,929.969,1313.59896,929.969,128,409.0,7,STB,0.546984785752974
W9_tile_30_cell_34,tile_W9_30,W9,9w_1d,9770.0,5662.0,1386.00876,803.74878,1386.00876,803.74878,134,556.0,7,STB,0.386772972781508
W9_tile_30_cell_347,tile_W9_30,W9,9w_1d,9857.0,6646.0,1398.36102,943.4571,1398.36102,943.4571,136,766.0,2,EVT2,0.56373605566862
W9_tile_30_cell_364,tile_W9_30,W9,9w_1d,10824.0,5868.0,1535.6556799999998,832.99666,1535.6556799999998,832.99666,82,121.0,0,vCTB2,0.711214269063532
W9_tile_30_cell_37,tile_W9_30,W9,9w_1d,10645.0,5866.0,1510.24126,832.7126999999999,1510.24126,832.7126999999999,78,116.0,0,vCTB2,0.574233886325661
W9_tile_30_cell_373,tile_W9_30,W9,9w_1d,9278.0,7254.0,1316.1545999999998,1029.78094,1316.1545999999998,1029.78094,177,359.0,10,STB,0.654629591719851
W9_tile_30_cell_374,tile_W9_30,W9,9w_1d,10390.5,5978.5,1474.10735,848.68545,1474.10735,848.68545,57,110.0,2,vCTB2,0.390333883388535
W9_tile_30_cell_386,tile_W9_30,W9,9w_1d,10107.0,5586.0,1433.85602,792.9583,1433.85602,792.9583,119,429.0,7,STB,0.743380655848537
W9_tile_30_cell_388,tile_W9_30,W9,9w_1d,10872.0,5937.0,1542.47072,842.79328,1542.47072,842.79328,135,217.0,5,vCTB2,0.503071183004131
W9_tile_30_cell_390,tile_W9_30,W9,9w_1d,10443.0,5686.0,1481.5612999999998,807.1563,1481.5612999999998,807.1563,158,305.0,5,vCTB2,0.280860300309991
W9_tile_30_cell_394,tile_W9_30,W9,9w_1d,10659.0,5968.0,1512.22898,847.19466,1512.22898,847.19466,202,367.0,5,Fibroblast1,0.408236631204945
W9_tile_30_cell_399,tile_W9_30,W9,9w_1d,9506.0,6312.0,1348.52604,896.0357799999999,1348.52604,896.0357799999999,82,203.0,11,vCTB2,0.269312895486066
W9_tile_30_cell_400,tile_W9_30,W9,9w_1d,9835.0,6831.0,1395.23746,969.7234,1395.23746,969.7234,117,467.0,7,STB,0.331441670489725
W9_tile_30_cell_405,tile_W9_30,W9,9w_1d,10109.0,5910.0,1434.13998,838.9598199999999,1434.13998,838.9598199999999,55,143.0,2,vCTB2,0.495294506276571
W9_tile_30_cell_410,tile_W9_30,W9,9w_1d,10066.0,5783.0,1428.03484,820.92836,1428.03484,820.92836,77,189.0,2,EVT3,0.285536269508993
W9_tile_30_cell_423,tile_W9_30,W9,9w_1d,9333.0,6611.0,1323.9635,938.4878,1323.9635,938.4878,194,867.0,7,EVT3,0.368484931146352
W9_tile_30_cell_429,tile_W9_30,W9,9w_1d,9309.0,7183.0,1320.55598,1019.70036,1320.55598,1019.70036,183,848.0,7,STB,0.490648725817442
W9_tile_30_cell_437,tile_W9_30,W9,9w_1d,9957.0,6855.0,1412.55902,973.13092,1412.55902,973.13092,177,769.0,7,EVT3,0.384633222001423
W9_tile_30_cell_439,tile_W9_30,W9,9w_1d,9843.0,5655.0,1396.3733,802.75492,1396.3733,802.75492,164,562.0,7,EVT3,0.457086305696201
W9_tile_30_cell_447,tile_W9_30,W9,9w_1d,10549.0,5857.0,1496.61118,831.43488,1496.61118,831.43488,68,109.0,0,vCTB2,0.649217498710404
W9_tile_30_cell_449,tile_W9_30,W9,9w_1d,9809.5,5556.0,1391.61697,788.6989,1391.61697,788.6989,194,730.0,7,STB,0.590549825359985
W9_tile_30_cell_452,tile_W9_30,W9,9w_1d,10691.5,6067.0,1516.84333,861.25068,1516.84333,861.25068,200,444.0,5,vCTB2,0.294100833157584
W9_tile_30_cell_453,tile_W9_30,W9,9w_1d,10256.0,5576.0,1455.01104,791.5385,1455.01104,791.5385,219,674.0,10,vCTBp,0.32149781262481
W9_tile_30_cell_457,tile_W9_30,W9,9w_1d,9473.0,5652.0,1343.8407,802.32898,1343.8407,802.32898,161,845.0,7,STB,0.486033832516827
W9_tile_30_cell_464,tile_W9_30,W9,9w_1d,9794.0,6617.0,1389.41628,939.33968,1389.41628,939.33968,59,215.0,2,vCTB2,0.470680794513026
W9_tile_30_cell_478,tile_W9_30,W9,9w_1d,9423.0,6473.0,1336.7417,918.89456,1336.7417,918.89456,59,197.0,2,vCTB2,0.390278751849114
W9_tile_30_cell_479,tile_W9_30,W9,9w_1d,9350.0,5581.0,1326.37716,792.2484,1326.37716,792.2484,145,708.0,7,STB,0.424310045422347
W9_tile_30_cell_489,tile_W9_30,W9,9w_1d,9746.5,6453.0,1382.67223,916.05496,1382.67223,916.05496,39,82.0,2,vCTB2,0.584513921069499
W9_tile_30_cell_508,tile_W9_30,W9,9w_1d,9697.0,6386.0,1375.64422,906.5423,1375.64422,906.5423,55,129.0,2,vCTB2,0.455558553030989
W9_tile_30_cell_513,tile_W9_30,W9,9w_1d,9415.0,6563.0,1335.60586,931.67276,1335.60586,931.67276,96,201.0,2,STB,0.437663705519583
W9_tile_30_cell_516,tile_W9_30,W9,9w_1d,10977.0,5957.0,1557.37862,845.63288,1557.37862,845.63288,201,419.0,5,unknown3,0.348398454499851
W9_tile_30_cell_517,tile_W9_30,W9,9w_1d,9951.0,6647.0,1411.70714,943.59908,1411.70714,943.59908,135,637.0,7,EVT2,0.427116225735259
W9_tile_30_cell_518,tile_W9_30,W9,9w_1d,10743.5,5809.0,1524.2262899999998,824.61984,1524.2262899999998,824.61984,94,144.0,0,vCTB2,0.723800166404468
W9_tile_30_cell_523,tile_W9_30,W9,9w_1d,10426.5,5580.0,1479.2186299999998,792.10642,1479.2186299999998,792.10642,107,154.0,4,Fibroblast2,0.308187913070989
W9_tile_30_cell_524,tile_W9_30,W9,9w_1d,9235.0,7217.0,1310.04946,1024.52768,1310.04946,1024.52768,86,141.0,2,vCTB2,0.502973944578008
W9_tile_30_cell_530,tile_W9_30,W9,9w_1d,10263.0,5746.0,1456.0049,815.6750999999999,1456.0049,815.6750999999999,116,337.0,2,EVT2,0.469937759585933
W9_tile_30_cell_538,tile_W9_30,W9,9w_1d,10831.0,6059.0,1536.64954,860.11484,1536.64954,860.11484,64,107.0,0,vCTB2,0.740715540715522
W9_tile_30_cell_539,tile_W9_30,W9,9w_1d,10011.0,6800.0,1420.22594,965.32202,1420.22594,965.32202,195,986.0,7,EVT2,0.318678926108424
W9_tile_30_cell_549,tile_W9_30,W9,9w_1d,9704.0,5666.0,1376.63808,804.3167,1376.63808,804.3167,88,288.0,2,EVT2,0.410490822915344
W9_tile_30_cell_561,tile_W9_30,W9,9w_1d,10613.0,5922.0,1505.6979,840.66358,1505.6979,840.66358,112,219.0,0,vCTB2,0.634325431578472
W9_tile_30_cell_565,tile_W9_30,W9,9w_1d,10841.0,5618.0,1538.06934,797.50166,1538.06934,797.50166,217,402.0,5,unknown3,0.382749231657186
W9_tile_30_cell_570,tile_W9_30,W9,9w_1d,9804.0,6796.0,1390.83608,964.7541,1390.83608,964.7541,122,503.0,7,EVT2,0.431139026534162
W9_tile_30_cell_577,tile_W9_30,W9,9w_1d,10100.0,5692.0,1432.86216,808.0081799999999,1432.86216,808.0081799999999,28,91.0,2,vCTB2,0.397958737189549
W9_tile_30_cell_586,tile_W9_30,W9,9w_1d,9275.0,7364.0,1315.72866,1045.39874,1315.72866,1045.39874,67,91.0,0,vCTB2,0.689390042291989
W9_tile_30_cell_593,tile_W9_30,W9,9w_1d,9350.0,7321.0,1326.37716,1039.2936,1326.37716,1039.2936,260,766.0,10,unknown3,0.280704014414745
W9_tile_30_cell_61,tile_W9_30,W9,9w_1d,9859.0,6757.0,1398.64498,959.21688,1398.64498,959.21688,96,291.0,7,STB,0.281907747641496
W9_tile_30_cell_63,tile_W9_30,W9,9w_1d,10727.0,6346.0,1521.8836199999998,900.8631,1521.8836199999998,900.8631,169,334.0,11,vCTBp,0.297656240276849
W9_tile_30_cell_649,tile_W9_30,W9,9w_1d,9531.0,6722.0,1352.07554,954.24758,1352.07554,954.24758,63,171.0,2,EVT2,0.366576924864027
W9_tile_30_cell_651,tile_W9_30,W9,9w_1d,9476.0,6702.0,1344.26664,951.40798,1344.26664,951.40798,67,201.0,2,vCTB2,0.357414255594711
W9_tile_30_cell_652,tile_W9_30,W9,9w_1d,9419.0,6665.0,1336.17378,946.15472,1336.17378,946.15472,243,960.0,7,STB,0.684976326112085
W9_tile_30_cell_657,tile_W9_30,W9,9w_1d,9258.0,6464.5,1313.315,917.68773,1313.315,917.68773,163,686.0,7,EVT3,0.467728819823371
W9_tile_30_cell_658,tile_W9_30,W9,9w_1d,9242.0,6386.0,1311.04332,906.5423,1311.04332,906.5423,69,185.0,2,vCTB2,0.264171046096403
W9_tile_30_cell_659,tile_W9_30,W9,9w_1d,9637.0,6289.5,1367.1254199999998,892.84123,1367.1254199999998,892.84123,96,258.0,2,EVT2,0.355351203373502
W9_tile_30_cell_66,tile_W9_30,W9,9w_1d,10920.0,6091.0,1549.28576,864.6582,1549.28576,864.6582,215,484.0,5,STB,0.344157319090819
W9_tile_30_cell_661,tile_W9_30,W9,9w_1d,9754.0,6313.5,1383.73708,896.24875,1383.73708,896.24875,76,234.0,11,EVT2,0.316838207037681
W9_tile_30_cell_67,tile_W9_30,W9,9w_1d,9529.0,5568.0,1351.7915799999998,790.40266,1351.7915799999998,790.40266,101,283.0,7,EVT2,0.296332455968656
W9_tile_30_cell_76,tile_W9_30,W9,9w_1d,10147.0,5689.5,1439.53522,807.65323,1439.53522,807.65323,86,228.0,2,STB,0.442390787331049
W9_tile_30_cell_79,tile_W9_30,W9,9w_1d,9925.0,5565.0,1408.01566,789.97672,1408.01566,789.97672,90,240.0,2,STB,0.519649142250222
W9_tile_30_cell_82,tile_W9_30,W9,9w_1d,10605.0,5612.0,1504.56206,796.64978,1504.56206,796.64978,74,139.0,9,Hofbauer cells,0.737811537105663
W9_tile_30_cell_83,tile_W9_30,W9,9w_1d,9744.0,6738.0,1382.31728,956.51926,1382.31728,956.51926,217,1125.0,7,STB,0.416860568293392
W9_tile_30_cell_95,tile_W9_30,W9,9w_1d,9910.0,5687.0,1405.8859599999998,807.29828,1405.8859599999998,807.29828,44,107.0,2,vCTB2,0.457251504170682
W9_tile_30_cell_99,tile_W9_30,W9,9w_1d,9958.0,5664.0,1412.701,804.03274,1412.701,804.03274,51,162.0,2,vCTB2,0.432382401613271
W9_tile_31_cell_100,tile_W9_31,W9,9w_1d,8932.0,5589.0,1267.02952,793.38424,1267.02952,793.38424,115,229.0,7,EVT3,0.647622104111604
W9_tile_31_cell_106,tile_W9_31,W9,9w_1d,8556.0,6166.0,1213.64504,875.3067,1213.64504,875.3067,74,115.0,0,vCTB2,0.610899899649763
W9_tile_31_cell_109,tile_W9_31,W9,9w_1d,7858.0,6200.0,1114.543,880.13402,1114.543,880.13402,72,95.0,0,vCTB2,0.548757922513642
W9_tile_31_cell_111,tile_W9_31,W9,9w_1d,7800.0,6035.0,1106.30816,856.70732,1106.30816,856.70732,74,104.0,0,vCTB2,0.629828034621342
W9_tile_31_cell_116,tile_W9_31,W9,9w_1d,9198.0,6438.5,1304.7962,913.99625,1304.7962,913.99625,76,170.0,7,EVT2,0.339988131220715
W9_tile_31_cell_119,tile_W9_31,W9,9w_1d,8108.0,5937.0,1150.038,842.79328,1150.038,842.79328,33,97.0,2,vCTB2,0.477306981009891
W9_tile_31_cell_123,tile_W9_31,W9,9w_1d,7646.0,6804.5,1084.44324,965.96093,1084.44324,965.96093,113,146.0,8,Fibroblast2,0.354710371128762
W9_tile_31_cell_125,tile_W9_31,W9,9w_1d,7838.0,7088.0,1111.7034,1006.21226,1111.7034,1006.21226,68,80.0,4,vCTB2,0.273177165823027
W9_tile_31_cell_128,tile_W9_31,W9,9w_1d,8672.0,7245.0,1230.11472,1028.50312,1230.11472,1028.50312,256,537.0,10,unknown3,0.423927283373928
W9_tile_31_cell_131,tile_W9_31,W9,9w_1d,8333.5,6473.5,1182.05449,918.96555,1182.05449,918.96555,95,140.0,12,Endothelial_cells,0.969807762706276
W9_tile_31_cell_135,tile_W9_31,W9,9w_1d,8689.5,6219.5,1232.59937,882.9026299999999,1232.59937,882.9026299999999,101,288.0,7,STB,0.523440879398431
W9_tile_31_cell_137,tile_W9_31,W9,9w_1d,8663.0,6284.0,1228.8369,892.06034,1228.8369,892.06034,144,416.0,7,STB,0.784929548291665
W9_tile_31_cell_139,tile_W9_31,W9,9w_1d,7500.0,5906.0,1063.71416,838.3919,1063.71416,838.3919,94,143.0,0,vCTB2,0.564656525242777
W9_tile_31_cell_143,tile_W9_31,W9,9w_1d,8329.0,6761.0,1181.41558,959.7848,1181.41558,959.7848,224,705.0,10,STB,0.441694382746214
W9_tile_31_cell_156,tile_W9_31,W9,9w_1d,7574.0,7287.0,1074.22068,1034.46628,1074.22068,1034.46628,115,272.0,7,STB,0.38558276988008
W9_tile_31_cell_157,tile_W9_31,W9,9w_1d,8145.0,6482.0,1155.29126,920.17238,1155.29126,920.17238,215,329.0,8,Fibroblast1,0.618416408628938
W9_tile_31_cell_158,tile_W9_31,W9,9w_1d,8828.0,7091.0,1252.2636,1006.6382,1252.2636,1006.6382,154,300.0,5,vCTB2,0.358193697855266
W9_tile_31_cell_16,tile_W9_31,W9,9w_1d,8171.0,6300.0,1158.98274,894.3320199999999,1158.98274,894.3320199999999,212,349.0,8,Fibroblast1,0.852884231345353
W9_tile_31_cell_160,tile_W9_31,W9,9w_1d,8029.0,5756.0,1138.82158,817.0948999999999,1138.82158,817.0948999999999,178,323.0,5,unknown3,0.457543698555399
W9_tile_31_cell_168,tile_W9_31,W9,9w_1d,7831.0,6918.0,1110.70954,982.07566,1110.70954,982.07566,159,267.0,8,Fibroblast1,0.855655533853714
W9_tile_31_cell_169,tile_W9_31,W9,9w_1d,8738.0,6180.0,1239.4854,877.29442,1239.4854,877.29442,156,543.0,7,EVT2,0.376652026126273
W9_tile_31_cell_173,tile_W9_31,W9,9w_1d,8864.0,5549.5,1257.3748799999998,787.77603,1257.3748799999998,787.77603,47,82.0,2,vCTB2,0.431180412754803
W9_tile_31_cell_174,tile_W9_31,W9,9w_1d,7919.5,7072.5,1123.27477,1004.01157,1123.27477,1004.01157,219,326.0,8,Fibroblast1,0.871600541696113
W9_tile_31_cell_175,tile_W9_31,W9,9w_1d,9102.0,7079.0,1291.16612,1004.93444,1291.16612,1004.93444,205,449.0,7,Endothelial_cells,0.38691423112098
W9_tile_31_cell_180,tile_W9_31,W9,9w_1d,8930.5,7125.0,1266.81655,1011.46552,1266.81655,1011.46552,78,104.0,0,vCTB2,0.700706054345221
W9_tile_31_cell_185,tile_W9_31,W9,9w_1d,9088.0,5579.0,1289.1784,791.96444,1289.1784,791.96444,55,119.0,2,EVT2,0.522286497592687
W9_tile_31_cell_19,tile_W9_31,W9,9w_1d,8722.0,7045.0,1237.21372,1000.10712,1237.21372,1000.10712,72,97.0,0,vCTB2,0.558064158767811
W9_tile_31_cell_191,tile_W9_31,W9,9w_1d,7675.0,6565.0,1088.56066,931.95672,1088.56066,931.95672,198,451.0,5,STB,0.354791285560147
W9_tile_31_cell_192,tile_W9_31,W9,9w_1d,8551.0,6199.5,1212.93514,880.06303,1212.93514,880.06303,106,156.0,0,vCTB2,0.563689995536593
W9_tile_31_cell_207,tile_W9_31,W9,9w_1d,8935.0,6427.0,1267.45546,912.36348,1267.45546,912.36348,43,123.0,2,vCTB2,0.371889270406624
W9_tile_31_cell_208,tile_W9_31,W9,9w_1d,8567.0,7288.0,1215.20682,1034.60826,1215.20682,1034.60826,88,186.0,7,STB,0.467241264616436
W9_tile_31_cell_209,tile_W9_31,W9,9w_1d,8565.0,6024.0,1214.92286,855.14554,1214.92286,855.14554,77,187.0,2,STB,0.295557436643822
W9_tile_31_cell_210,tile_W9_31,W9,9w_1d,9108.0,5704.0,1292.018,809.71194,1292.018,809.71194,57,139.0,2,EVT2,0.472536223272779
W9_tile_31_cell_211,tile_W9_31,W9,9w_1d,7514.0,7244.0,1065.70188,1028.36114,1065.70188,1028.36114,65,125.0,2,vCTB2,0.410293274384235
W9_tile_31_cell_214,tile_W9_31,W9,9w_1d,8576.0,6425.5,1216.48464,912.15051,1216.48464,912.15051,172,316.0,5,vCTBp,0.398576067248001
W9_tile_31_cell_215,tile_W9_31,W9,9w_1d,8315.0,6910.0,1179.42786,980.93982,1179.42786,980.93982,51,173.0,2,vCTB2,0.466047546345091
W9_tile_31_cell_218,tile_W9_31,W9,9w_1d,8788.5,6275.0,1246.65539,890.78252,1246.65539,890.78252,36,82.0,2,vCTB2,0.462183539562137
W9_tile_31_cell_22,tile_W9_31,W9,9w_1d,8698.0,6050.0,1233.8062,858.8370199999999,1233.8062,858.8370199999999,131,565.0,7,EVT2,0.280708153401921
W9_tile_31_cell_220,tile_W9_31,W9,9w_1d,7634.0,6888.0,1082.73948,977.81626,1082.73948,977.81626,91,123.0,8,Fibroblast1,0.615912636698217
W9_tile_31_cell_225,tile_W9_31,W9,9w_1d,8967.0,7031.0,1271.99882,998.1194,1271.99882,998.1194,247,713.0,7,STB,0.575239107394297
W9_tile_31_cell_226,tile_W9_31,W9,9w_1d,8179.0,7336.0,1160.11858,1041.4233,1160.11858,1041.4233,46,183.0,2,vCTB2,0.476901828930472
W9_tile_31_cell_227,tile_W9_31,W9,9w_1d,7607.0,6544.0,1078.90602,928.97514,1078.90602,928.97514,54,103.0,0,vCTB2,0.610874129001507
W9_tile_31_cell_228,tile_W9_31,W9,9w_1d,9202.0,6371.0,1305.36412,904.4126,1305.36412,904.4126,38,106.0,2,vCTB2,0.345880231485153
W9_tile_31_cell_234,tile_W9_31,W9,9w_1d,9040.0,7030.0,1282.36336,997.97742,1282.36336,997.97742,137,323.0,7,EVT3,0.414638555847238
W9_tile_31_cell_245,tile_W9_31,W9,9w_1d,8835.0,7054.0,1253.25746,1001.38494,1253.25746,1001.38494,48,81.0,2,vCTB2,0.279617718967044
W9_tile_31_cell_25,tile_W9_31,W9,9w_1d,9014.0,5602.0,1278.67188,795.22998,1278.67188,795.22998,63,111.0,11,vCTB2,0.323896817118146
W9_tile_31_cell_251,tile_W9_31,W9,9w_1d,8379.0,5920.0,1188.51458,840.3796199999999,1188.51458,840.3796199999999,99,315.0,7,EVT2,0.486768935227831
W9_tile_31_cell_255,tile_W9_31,W9,9w_1d,8624.0,6115.0,1223.29968,868.0657199999999,1223.29968,868.0657199999999,121,280.0,7,STB,0.456623469742011
W9_tile_31_cell_262,tile_W9_31,W9,9w_1d,8826.0,6449.0,1251.97964,915.48704,1251.97964,915.48704,127,635.0,7,EVT3,0.451416634043964
W9_tile_31_cell_268,tile_W9_31,W9,9w_1d,8525.0,6089.0,1209.24366,864.37424,1209.24366,864.37424,140,245.0,0,vCTB2,0.340378183910327
W9_tile_31_cell_27,tile_W9_31,W9,9w_1d,8524.0,6517.0,1209.10168,925.14168,1209.10168,925.14168,74,129.0,0,vCTB2,0.652202876793467
W9_tile_31_cell_272,tile_W9_31,W9,9w_1d,9051.5,5546.0,1283.99613,787.2791,1283.99613,787.2791,48,100.0,2,vCTB2,0.300315788174164
W9_tile_31_cell_275,tile_W9_31,W9,9w_1d,8617.0,6049.0,1222.30582,858.69504,1222.30582,858.69504,112,286.0,7,STB,0.553189030262979
W9_tile_31_cell_28,tile_W9_31,W9,9w_1d,8783.0,7061.0,1245.8745,1002.3788,1245.8745,1002.3788,89,155.0,0,vCTB2,0.544573208435255
W9_tile_31_cell_282,tile_W9_31,W9,9w_1d,7541.0,7215.0,1069.53534,1024.24372,1069.53534,1024.24372,57,83.0,0,vCTB2,0.600510254087763
W9_tile_31_cell_284,tile_W9_31,W9,9w_1d,8872.0,7030.0,1258.51072,997.97742,1258.51072,997.97742,79,197.0,2,STB,0.332658549774042
W9_tile_31_cell_29,tile_W9_31,W9,9w_1d,8197.0,5556.0,1162.67422,788.6989,1162.67422,788.6989,81,117.0,0,vCTB2,0.682145861317341
W9_tile_31_cell_291,tile_W9_31,W9,9w_1d,9063.5,6372.0,1285.69989,904.55458,1285.69989,904.55458,121,366.0,7,STB,0.347190942869106
W9_tile_31_cell_294,tile_W9_31,W9,9w_1d,8532.0,6670.0,1210.23752,946.86462,1210.23752,946.86462,107,433.0,7,EVT2,0.365474199664114
W9_tile_31_cell_296,tile_W9_31,W9,9w_1d,8348.0,6165.0,1184.1132,875.16472,1184.1132,875.16472,139,204.0,8,Fibroblast1,0.552081989972434
W9_tile_31_cell_30,tile_W9_31,W9,9w_1d,8535.0,6312.0,1210.66346,896.0357799999999,1210.66346,896.0357799999999,77,106.0,0,vCTB2,0.594856832610999
W9_tile_31_cell_303,tile_W9_31,W9,9w_1d,8662.0,7354.5,1228.69492,1044.04993,1228.69492,1044.04993,97,160.0,0,vCTB2,0.520307724081527
W9_tile_31_cell_312,tile_W9_31,W9,9w_1d,8171.0,7031.0,1158.98274,998.1194,1158.98274,998.1194,352,1150.0,10,unknown3,0.419961071483934
W9_tile_31_cell_313,tile_W9_31,W9,9w_1d,7391.0,7240.0,1048.23834,1027.79322,1048.23834,1027.79322,71,148.0,2,EVT2,0.302231241704667
W9_tile_31_cell_315,tile_W9_31,W9,9w_1d,7585.5,7184.0,1075.85345,1019.84234,1075.85345,1019.84234,75,96.0,0,vCTB2,0.67672046421844
W9_tile_31_cell_316,tile_W9_31,W9,9w_1d,7879.0,5967.0,1117.52458,847.05268,1117.52458,847.05268,194,450.0,10,STB,0.475662356576643
W9_tile_31_cell_317,tile_W9_31,W9,9w_1d,7408.0,5973.0,1050.652,847.90456,1050.652,847.90456,136,199.0,0,STB,0.697061092797333
W9_tile_31_cell_319,tile_W9_31,W9,9w_1d,8023.0,5571.0,1137.9697,790.8285999999999,1137.9697,790.8285999999999,157,255.0,8,Fibroblast1,0.848016072515634
W9_tile_31_cell_320,tile_W9_31,W9,9w_1d,9168.5,7072.0,1300.60779,1003.94058,1300.60779,1003.94058,126,384.0,7,EVT2,0.27240799481284
W9_tile_31_cell_322,tile_W9_31,W9,9w_1d,8080.0,6337.0,1146.0625599999998,899.58528,1146.0625599999998,899.58528,143,249.0,12,Endothelial_cells,1.0
W9_tile_31_cell_323,tile_W9_31,W9,9w_1d,7668.0,5555.0,1087.5668,788.55692,1087.5668,788.55692,138,213.0,5,vCTB2,0.365639496319928
W9_tile_31_cell_324,tile_W9_31,W9,9w_1d,8089.5,7361.5,1147.41137,1045.04379,1147.41137,1045.04379,49,236.0,2,vCTB2,0.406448666816332
W9_tile_31_cell_326,tile_W9_31,W9,9w_1d,8431.0,6717.0,1195.89754,953.53768,1195.89754,953.53768,231,1058.0,7,STB,0.80443143706851
W9_tile_31_cell_328,tile_W9_31,W9,9w_1d,7873.0,7304.0,1116.6726999999998,1036.87994,1116.6726999999998,1036.87994,193,379.0,10,STB,0.885209604522297
W9_tile_31_cell_330,tile_W9_31,W9,9w_1d,7554.0,6222.0,1071.38108,883.25758,1071.38108,883.25758,319,603.0,8,Fibroblast1,0.674063194674376
W9_tile_31_cell_331,tile_W9_31,W9,9w_1d,8366.5,6673.0,1186.73983,947.29056,1186.73983,947.29056,60,98.0,0,vCTB2,0.575677098452142
W9_tile_31_cell_334,tile_W9_31,W9,9w_1d,8248.0,5986.0,1169.9152,849.7502999999999,1169.9152,849.7502999999999,105,167.0,0,vCTB2,0.438198610343699
W9_tile_31_cell_34,tile_W9_31,W9,9w_1d,8619.5,6455.0,1222.66077,916.33892,1222.66077,916.33892,118,302.0,7,STB,0.489447984436449
W9_tile_31_cell_343,tile_W9_31,W9,9w_1d,8594.0,6623.0,1219.04028,940.19156,1219.04028,940.19156,132,672.0,7,vCTB2,0.230284817972193
W9_tile_31_cell_345,tile_W9_31,W9,9w_1d,8058.0,7181.0,1142.939,1019.4164,1142.939,1019.4164,223,513.0,10,STB,0.400694123910034
W9_tile_31_cell_346,tile_W9_31,W9,9w_1d,7395.0,7112.5,1048.80626,1009.69077,1048.80626,1009.69077,60,90.0,0,vCTB2,0.437858315266602
W9_tile_31_cell_347,tile_W9_31,W9,9w_1d,9074.5,6426.0,1287.26167,912.2215,1287.26167,912.2215,43,90.0,2,vCTB2,0.33248994269532
W9_tile_31_cell_351,tile_W9_31,W9,9w_1d,8469.0,5959.5,1201.29278,845.9878299999999,1201.29278,845.9878299999999,108,324.0,7,STB,0.419326121651715
W9_tile_31_cell_360,tile_W9_31,W9,9w_1d,7439.0,7262.0,1055.05338,1030.91678,1055.05338,1030.91678,137,316.0,7,STB,0.400909740762432
W9_tile_31_cell_371,tile_W9_31,W9,9w_1d,8105.0,7130.0,1149.61206,1012.17542,1149.61206,1012.17542,173,361.0,10,STB,0.770605740644966
W9_tile_31_cell_380,tile_W9_31,W9,9w_1d,8906.0,7174.0,1263.33804,1018.42254,1263.33804,1018.42254,72,89.0,8,vCTB2,0.260872978348816
W9_tile_31_cell_383,tile_W9_31,W9,9w_1d,8604.5,6326.5,1220.53107,898.09449,1220.53107,898.09449,95,226.0,0,vCTB2,0.511927791817056
W9_tile_31_cell_389,tile_W9_31,W9,9w_1d,8698.0,6373.0,1233.8062,904.69656,1233.8062,904.69656,162,535.0,7,STB,0.462660151001522
W9_tile_31_cell_391,tile_W9_31,W9,9w_1d,9128.0,7149.0,1294.8576,1014.87304,1294.8576,1014.87304,71,101.0,2,vCTB2,0.548268193527461
W9_tile_31_cell_394,tile_W9_31,W9,9w_1d,8613.5,7166.0,1221.80889,1017.2867,1221.80889,1017.2867,83,206.0,2,vCTB2,0.360847737669463
W9_tile_31_cell_396,tile_W9_31,W9,9w_1d,7500.5,7171.0,1063.78515,1017.9966,1063.78515,1017.9966,100,180.0,0,vCTB2,0.626007562643731
W9_tile_31_cell_398,tile_W9_31,W9,9w_1d,8542.0,7350.0,1211.65732,1043.41102,1211.65732,1043.41102,88,238.0,2,vCTB2,0.292235130921081
W9_tile_31_cell_404,tile_W9_31,W9,9w_1d,8254.0,5929.0,1170.76708,841.65744,1170.76708,841.65744,139,428.0,7,EVT3,0.474576190725804
W9_tile_31_cell_41,tile_W9_31,W9,9w_1d,7987.0,6563.0,1132.85842,931.67276,1132.85842,931.67276,71,93.0,8,Fibroblast2,0.254177911380236
W9_tile_31_cell_410,tile_W9_31,W9,9w_1d,8597.0,6179.0,1219.46622,877.15244,1219.46622,877.15244,76,165.0,7,vCTB2,0.568523513953148
W9_tile_31_cell_416,tile_W9_31,W9,9w_1d,8317.0,6001.0,1179.71182,851.88,1179.71182,851.88,240,491.0,5,unknown3,0.421736095764373
W9_tile_31_cell_417,tile_W9_31,W9,9w_1d,9173.0,7177.0,1301.2467,1018.84848,1301.2467,1018.84848,77,94.0,2,EVT2,0.28107035792727
W9_tile_31_cell_42,tile_W9_31,W9,9w_1d,8464.5,6046.0,1200.65387,858.2691,1200.65387,858.2691,159,294.0,5,STB,0.556178079652942
W9_tile_31_cell_424,tile_W9_31,W9,9w_1d,8016.0,7247.0,1136.97584,1028.78708,1136.97584,1028.78708,73,196.0,2,EVT2,0.420127835309073
W9_tile_31_cell_425,tile_W9_31,W9,9w_1d,8929.5,6394.0,1266.67457,907.67814,1266.67457,907.67814,65,162.0,2,EVT2,0.355860870746045
W9_tile_31_cell_426,tile_W9_31,W9,9w_1d,7957.0,7326.5,1128.59902,1040.07449,1128.59902,1040.07449,79,202.0,2,vCTB2,0.236025242423554
W9_tile_31_cell_429,tile_W9_31,W9,9w_1d,9005.0,7166.0,1277.39406,1017.2867,1277.39406,1017.2867,67,87.0,4,Fibroblast1,0.445154470406922
W9_tile_31_cell_430,tile_W9_31,W9,9w_1d,9060.5,5660.0,1285.27395,803.4648199999999,1285.27395,803.4648199999999,80,156.0,2,vCTB2,0.251986964887374
W9_tile_31_cell_432,tile_W9_31,W9,9w_1d,8530.5,6145.0,1210.02455,872.32512,1210.02455,872.32512,85,140.0,0,vCTB2,0.674548039973101
W9_tile_31_cell_434,tile_W9_31,W9,9w_1d,7404.0,6700.0,1050.08408,951.12402,1050.08408,951.12402,125,247.0,7,STB,0.536245545755957
W9_tile_31_cell_440,tile_W9_31,W9,9w_1d,8018.0,6048.0,1137.2598,858.55306,1137.2598,858.55306,338,1005.0,5,unknown3,0.477225993606442
W9_tile_31_cell_441,tile_W9_31,W9,9w_1d,8172.0,5609.0,1159.12472,796.22384,1159.12472,796.22384,85,123.0,0,vCTB2,0.471600513330331
W9_tile_31_cell_442,tile_W9_31,W9,9w_1d,8811.0,6522.0,1249.84994,925.85158,1249.84994,925.85158,64,290.0,2,vCTB2,0.4066291980891
W9_tile_31_cell_445,tile_W9_31,W9,9w_1d,7386.0,7342.0,1047.52844,1042.27518,1047.52844,1042.27518,31,87.0,2,vCTB2,0.448648549105007
W9_tile_31_cell_447,tile_W9_31,W9,9w_1d,8846.0,7197.0,1254.81924,1021.68808,1254.81924,1021.68808,75,97.0,8,vCTB2,0.236237910434409
W9_tile_31_cell_448,tile_W9_31,W9,9w_1d,7713.0,7069.0,1093.9559,1003.51464,1093.9559,1003.51464,289,544.0,3,Fibroblast1,0.455409611026788
W9_tile_31_cell_453,tile_W9_31,W9,9w_1d,8094.0,5725.0,1148.05028,812.6935199999999,1148.05028,812.6935199999999,137,199.0,5,vCTB2,0.471501183580961
W9_tile_31_cell_456,tile_W9_31,W9,9w_1d,8861.0,6342.0,1256.94894,900.29518,1256.94894,900.29518,175,884.0,7,STB,0.318102055220024
W9_tile_31_cell_464,tile_W9_31,W9,9w_1d,8255.0,6194.0,1170.90906,879.2821399999999,1170.90906,879.2821399999999,269,544.0,8,Fibroblast1,0.821324188595933
W9_tile_31_cell_465,tile_W9_31,W9,9w_1d,8971.5,6473.0,1272.63773,918.89456,1272.63773,918.89456,106,364.0,7,EVT2,0.235799437545566
W9_tile_31_cell_466,tile_W9_31,W9,9w_1d,8397.0,6031.0,1191.07022,856.1394,1191.07022,856.1394,165,336.0,5,STB,0.34531300865304
W9_tile_31_cell_468,tile_W9_31,W9,9w_1d,8686.0,7112.0,1232.10244,1009.61978,1232.10244,1009.61978,91,151.0,0,vCTB2,0.622823255666012
W9_tile_31_cell_472,tile_W9_31,W9,9w_1d,8479.0,5904.0,1202.71258,838.10794,1202.71258,838.10794,97,331.0,7,EVT2,0.39762101089567
W9_tile_31_cell_475,tile_W9_31,W9,9w_1d,9014.0,6428.0,1278.67188,912.50546,1278.67188,912.50546,88,184.0,7,EVT2,0.411166026923133
W9_tile_31_cell_476,tile_W9_31,W9,9w_1d,8707.0,7311.0,1235.08402,1037.8738,1235.08402,1037.8738,91,125.0,0,vCTB2,0.541641438951759
W9_tile_31_cell_480,tile_W9_31,W9,9w_1d,8287.0,6694.5,1175.4524199999998,950.34313,1175.4524199999998,950.34313,174,342.0,5,vCTB2,0.321852731809777
W9_tile_31_cell_483,tile_W9_31,W9,9w_1d,8410.5,6637.0,1192.98695,942.17928,1192.98695,942.17928,177,396.0,10,STB,0.544780233152748
W9_tile_31_cell_487,tile_W9_31,W9,9w_1d,9077.0,7251.0,1287.61662,1029.355,1287.61662,1029.355,125,177.0,8,Fibroblast1,0.610642579425194
W9_tile_31_cell_489,tile_W9_31,W9,9w_1d,8307.0,6817.0,1178.29202,967.73568,1178.29202,967.73568,70,131.0,2,EVT2,0.305654645912292
W9_tile_31_cell_493,tile_W9_31,W9,9w_1d,7462.0,6623.0,1058.31892,940.19156,1058.31892,940.19156,106,253.0,7,STB,0.381462239947754
W9_tile_31_cell_50,tile_W9_31,W9,9w_1d,8250.5,6752.0,1170.27015,958.50698,1170.27015,958.50698,153,272.0,10,vCTB2,0.230767286383315
W9_tile_31_cell_511,tile_W9_31,W9,9w_1d,9136.0,6365.0,1295.99344,903.56072,1295.99344,903.56072,111,389.0,7,EVT2,0.378341614479997
W9_tile_31_cell_52,tile_W9_31,W9,9w_1d,8761.0,6403.0,1242.75094,908.95596,1242.75094,908.95596,67,219.0,2,STB,0.264247838767546
W9_tile_31_cell_520,tile_W9_31,W9,9w_1d,7612.0,5920.0,1079.61592,840.3796199999999,1079.61592,840.3796199999999,178,365.0,5,maternal macrophages ,0.294747234025695
W9_tile_31_cell_527,tile_W9_31,W9,9w_1d,8144.0,6008.0,1155.14928,852.8738599999999,1155.14928,852.8738599999999,211,483.0,10,STB,0.365587389838332
W9_tile_31_cell_538,tile_W9_31,W9,9w_1d,7756.0,7356.0,1100.06104,1044.2629,1100.06104,1044.2629,66,138.0,2,EVT2,0.288393558546297
W9_tile_31_cell_54,tile_W9_31,W9,9w_1d,8528.0,5997.0,1209.6696,851.3120799999999,1209.6696,851.3120799999999,78,161.0,7,STB,0.229613842693409
W9_tile_31_cell_541,tile_W9_31,W9,9w_1d,7869.0,7347.0,1116.10478,1042.98508,1116.10478,1042.98508,79,143.0,2,EVT2,0.286357099824258
W9_tile_31_cell_544,tile_W9_31,W9,9w_1d,8940.0,7356.0,1268.16536,1044.2629,1268.16536,1044.2629,100,124.0,4,Fibroblast2,0.38829182730944
W9_tile_31_cell_545,tile_W9_31,W9,9w_1d,8013.0,7350.0,1136.5499,1043.41102,1136.5499,1043.41102,47,189.0,2,vCTB2,0.454136997633366
W9_tile_31_cell_546,tile_W9_31,W9,9w_1d,7645.0,7332.0,1084.30126,1040.85538,1084.30126,1040.85538,137,415.0,7,vCTB2,0.238911045459525
W9_tile_31_cell_547,tile_W9_31,W9,9w_1d,7936.0,7357.0,1125.61744,1044.40488,1125.61744,1044.40488,34,86.0,2,vCTB2,0.565079557978704
W9_tile_31_cell_549,tile_W9_31,W9,9w_1d,7720.0,7288.0,1094.94976,1034.60826,1094.94976,1034.60826,226,413.0,5,unknown3,0.346028566529531
W9_tile_31_cell_55,tile_W9_31,W9,9w_1d,8215.0,6016.0,1165.22986,854.0097,1165.22986,854.0097,114,180.0,0,vCTB2,0.427274553063425
W9_tile_31_cell_551,tile_W9_31,W9,9w_1d,7961.0,7247.0,1129.16694,1028.78708,1129.16694,1028.78708,212,415.0,10,STB,0.358145559005199
W9_tile_31_cell_553,tile_W9_31,W9,9w_1d,7424.0,7154.0,1052.92368,1015.58294,1052.92368,1015.58294,84,129.0,0,vCTB2,0.629303709422967
W9_tile_31_cell_556,tile_W9_31,W9,9w_1d,7406.0,7053.0,1050.36804,1001.24296,1050.36804,1001.24296,105,145.0,0,vCTB2,0.373403165094312
W9_tile_31_cell_557,tile_W9_31,W9,9w_1d,7503.0,7115.0,1064.1401,1010.04572,1064.1401,1010.04572,80,122.0,0,vCTB2,0.660750122409101
W9_tile_31_cell_558,tile_W9_31,W9,9w_1d,8055.5,7082.0,1142.58405,1005.36038,1142.58405,1005.36038,92,126.0,0,vCTB2,0.545873829973418
W9_tile_31_cell_56,tile_W9_31,W9,9w_1d,9142.0,7363.0,1296.84532,1045.25676,1296.84532,1045.25676,77,83.0,8,Fibroblast1,0.280576442374941
W9_tile_31_cell_560,tile_W9_31,W9,9w_1d,7594.0,6996.0,1077.06028,993.1501,1077.06028,993.1501,236,411.0,8,Fibroblast1,0.797843776273419
W9_tile_31_cell_565,tile_W9_31,W9,9w_1d,7837.0,7006.0,1111.56142,994.5699,1111.56142,994.5699,71,95.0,4,Fibroblast2,0.273699816698323
W9_tile_31_cell_566,tile_W9_31,W9,9w_1d,7964.0,7006.0,1129.59288,994.5699,1129.59288,994.5699,61,87.0,9,vCTB2,0.349231755945484
W9_tile_31_cell_568,tile_W9_31,W9,9w_1d,8088.0,6956.0,1147.1984,987.4709,1147.1984,987.4709,185,373.0,5,vCTB2,0.288695569199124
W9_tile_31_cell_569,tile_W9_31,W9,9w_1d,8255.0,6947.0,1170.90906,986.19308,1170.90906,986.19308,135,436.0,7,STB,0.364913575917465
W9_tile_31_cell_571,tile_W9_31,W9,9w_1d,8213.0,6949.0,1164.9459,986.47704,1164.9459,986.47704,93,202.0,0,vCTB2,0.685145711642493
W9_tile_31_cell_574,tile_W9_31,W9,9w_1d,7938.0,6923.0,1125.9014,982.78556,1125.9014,982.78556,118,180.0,8,Fibroblast1,0.744693115173648
W9_tile_31_cell_575,tile_W9_31,W9,9w_1d,8148.0,6922.0,1155.7172,982.64358,1155.7172,982.64358,200,429.0,5,STB,0.456964161120162
W9_tile_31_cell_578,tile_W9_31,W9,9w_1d,7436.0,6923.0,1054.62744,982.78556,1054.62744,982.78556,213,381.0,5,unknown3,0.35050060490558
W9_tile_31_cell_581,tile_W9_31,W9,9w_1d,8193.5,6873.0,1162.17729,975.68656,1162.17729,975.68656,101,172.0,0,vCTB2,0.542686322774743
W9_tile_31_cell_582,tile_W9_31,W9,9w_1d,7419.0,6857.0,1052.21378,973.41488,1052.21378,973.41488,123,303.0,7,vCTB2,0.268807671951868
W9_tile_31_cell_583,tile_W9_31,W9,9w_1d,8284.0,6867.0,1175.02648,974.83468,1175.02648,974.83468,190,545.0,10,STB,0.641753151627997
W9_tile_31_cell_585,tile_W9_31,W9,9w_1d,8236.0,6816.0,1168.21144,967.5937,1168.21144,967.5937,190,397.0,10,STB,0.742988635803896
W9_tile_31_cell_586,tile_W9_31,W9,9w_1d,8018.0,6851.0,1137.2598,972.563,1137.2598,972.563,295,506.0,8,Endothelial_cells,0.932613126443066
W9_tile_31_cell_587,tile_W9_31,W9,9w_1d,7726.0,6848.5,1095.80164,972.20805,1095.80164,972.20805,152,240.0,8,Fibroblast1,0.923356821359734
W9_tile_31_cell_588,tile_W9_31,W9,9w_1d,7391.0,6815.5,1048.23834,967.52271,1048.23834,967.52271,67,114.0,2,vCTB2,0.314417403441587
W9_tile_31_cell_591,tile_W9_31,W9,9w_1d,7452.5,6772.5,1056.97011,961.41757,1056.97011,961.41757,147,300.0,7,STB,0.830112824900758
W9_tile_31_cell_594,tile_W9_31,W9,9w_1d,8500.0,6726.0,1205.69416,954.8155,1205.69416,954.8155,73,329.0,2,vCTB2,0.523631844726379
W9_tile_31_cell_595,tile_W9_31,W9,9w_1d,7514.0,6743.0,1065.70188,957.22916,1065.70188,957.22916,180,288.0,5,STB,0.319829952107908
W9_tile_31_cell_596,tile_W9_31,W9,9w_1d,7531.0,6681.0,1068.11554,948.4264,1068.11554,948.4264,158,302.0,10,STB,0.383495695243214
W9_tile_31_cell_602,tile_W9_31,W9,9w_1d,7619.0,6654.0,1080.60978,944.59294,1080.60978,944.59294,250,592.0,5,unknown3,0.439739014353814
W9_tile_31_cell_604,tile_W9_31,W9,9w_1d,7824.5,6658.0,1109.78667,945.16086,1109.78667,945.16086,171,336.0,5,vCTB2,0.37419688750466
W9_tile_31_cell_605,tile_W9_31,W9,9w_1d,7703.0,6647.0,1092.5361,943.59908,1092.5361,943.59908,122,233.0,0,vCTB2,0.374942702904531
W9_tile_31_cell_607,tile_W9_31,W9,9w_1d,8671.0,6610.0,1229.97274,938.34582,1229.97274,938.34582,51,179.0,2,vCTB2,0.49477657725687
W9_tile_31_cell_609,tile_W9_31,W9,9w_1d,7755.0,6619.0,1099.91906,939.62364,1099.91906,939.62364,167,341.0,5,STB,0.602309602468583
W9_tile_31_cell_612,tile_W9_31,W9,9w_1d,7407.0,6572.0,1050.51002,932.95058,1050.51002,932.95058,123,328.0,7,STB,0.549841169510025
W9_tile_31_cell_613,tile_W9_31,W9,9w_1d,8498.0,6596.0,1205.4102,936.3581,1205.4102,936.3581,143,289.0,10,vCTB2,0.462593712782088
W9_tile_31_cell_616,tile_W9_31,W9,9w_1d,7820.0,6590.0,1109.14776,935.50622,1109.14776,935.50622,150,229.0,5,vCTB2,0.439769408399498
W9_tile_31_cell_617,tile_W9_31,W9,9w_1d,8609.0,6542.0,1221.16998,928.69118,1221.16998,928.69118,154,659.0,7,EVT2,0.295426910128127
W9_tile_31_cell_618,tile_W9_31,W9,9w_1d,8713.0,6545.0,1235.9359,929.11712,1235.9359,929.11712,132,711.0,7,EVT2,0.339010400001641
W9_tile_31_cell_623,tile_W9_31,W9,9w_1d,7772.0,6534.0,1102.33272,927.55534,1102.33272,927.55534,173,306.0,5,STB,0.500740456789414
W9_tile_31_cell_624,tile_W9_31,W9,9w_1d,8549.0,6538.0,1212.65118,928.12326,1212.65118,928.12326,175,370.0,5,STB,0.338765006095064
W9_tile_31_cell_626,tile_W9_31,W9,9w_1d,7519.0,6558.0,1066.41178,930.96286,1066.41178,930.96286,106,287.0,7,vCTB2,0.272588756810616
W9_tile_31_cell_629,tile_W9_31,W9,9w_1d,9122.0,6488.0,1294.00572,921.02426,1294.00572,921.02426,205,796.0,7,STB,0.522259350619739
W9_tile_31_cell_63,tile_W9_31,W9,9w_1d,8598.0,6250.0,1219.6082,887.23302,1219.6082,887.23302,177,438.0,10,STB,0.613363386510372
W9_tile_31_cell_630,tile_W9_31,W9,9w_1d,8228.0,6476.0,1167.0756,919.3205,1167.0756,919.3205,149,226.0,8,Fibroblast1,0.951375727620463
W9_tile_31_cell_632,tile_W9_31,W9,9w_1d,7556.0,6505.0,1071.66504,923.43792,1071.66504,923.43792,99,175.0,0,vCTB2,0.569909005947853
W9_tile_31_cell_634,tile_W9_31,W9,9w_1d,7636.0,6504.0,1083.02344,923.29594,1083.02344,923.29594,112,177.0,0,vCTB2,0.419040178192801
W9_tile_31_cell_638,tile_W9_31,W9,9w_1d,7406.0,6446.0,1050.36804,915.0611,1050.36804,915.0611,45,94.0,2,vCTB2,0.369182303784674
W9_tile_31_cell_639,tile_W9_31,W9,9w_1d,7475.0,6455.0,1060.16466,916.33892,1060.16466,916.33892,204,568.0,10,STB,0.398225818429827
W9_tile_31_cell_641,tile_W9_31,W9,9w_1d,8497.0,6451.0,1205.26822,915.771,1205.26822,915.771,215,385.0,5,unknown3,0.417888500258371
W9_tile_31_cell_644,tile_W9_31,W9,9w_1d,7483.0,6391.0,1061.3005,907.2522,1061.3005,907.2522,57,80.0,0,vCTB2,0.744248992811679
W9_tile_31_cell_645,tile_W9_31,W9,9w_1d,7879.0,6428.0,1117.52458,912.50546,1117.52458,912.50546,73,131.0,11,vCTB2,0.3525492973464
W9_tile_31_cell_647,tile_W9_31,W9,9w_1d,7704.0,6309.0,1092.67808,895.60984,1092.67808,895.60984,225,409.0,12,Endothelial_cells,0.904406975724621
W9_tile_31_cell_650,tile_W9_31,W9,9w_1d,8232.0,6385.0,1167.64352,906.40032,1167.64352,906.40032,190,282.0,3,Fibroblast1,0.689917720483008
W9_tile_31_cell_659,tile_W9_31,W9,9w_1d,8171.0,6226.0,1158.98274,883.8254999999999,1158.98274,883.8254999999999,173,267.0,8,Fibroblast1,0.809171835284732
W9_tile_31_cell_662,tile_W9_31,W9,9w_1d,8083.0,6207.0,1146.4885,881.12788,1146.4885,881.12788,163,255.0,12,Fibroblast1,0.456791407378355
W9_tile_31_cell_666,tile_W9_31,W9,9w_1d,7900.0,6090.0,1120.50616,864.51622,1120.50616,864.51622,148,228.0,5,vCTB2,0.285814538922774
W9_tile_31_cell_667,tile_W9_31,W9,9w_1d,7941.0,6104.0,1126.32734,866.50394,1126.32734,866.50394,82,116.0,0,vCTB2,0.505639544953039
W9_tile_31_cell_669,tile_W9_31,W9,9w_1d,7511.0,6105.0,1065.27594,866.6459199999999,1065.27594,866.6459199999999,220,387.0,8,Fibroblast1,0.840022366091241
W9_tile_31_cell_674,tile_W9_31,W9,9w_1d,7710.0,6008.0,1093.52996,852.8738599999999,1093.52996,852.8738599999999,283,611.0,5,unknown3,0.471900342356282
W9_tile_31_cell_676,tile_W9_31,W9,9w_1d,7609.5,5977.0,1079.26097,848.47248,1079.26097,848.47248,77,112.0,0,vCTB2,0.586324565898865
W9_tile_31_cell_680,tile_W9_31,W9,9w_1d,8604.0,5963.0,1220.46008,846.4847599999999,1220.46008,846.4847599999999,99,337.0,2,EVT2,0.429263734139348
W9_tile_31_cell_683,tile_W9_31,W9,9w_1d,7814.0,5931.0,1108.29588,841.9413999999999,1108.29588,841.9413999999999,136,322.0,7,STB,0.699739908134186
W9_tile_31_cell_685,tile_W9_31,W9,9w_1d,7958.0,5972.5,1128.741,847.83357,1128.741,847.83357,120,298.0,7,STB,0.337797808562412
W9_tile_31_cell_686,tile_W9_31,W9,9w_1d,8042.0,5953.0,1140.66732,845.0649599999999,1140.66732,845.0649599999999,55,149.0,2,vCTB2,0.337206928239844
W9_tile_31_cell_689,tile_W9_31,W9,9w_1d,7732.0,5914.0,1096.65352,839.52774,1096.65352,839.52774,160,365.0,10,STB,0.682075753154552
W9_tile_31_cell_702,tile_W9_31,W9,9w_1d,7961.0,5779.0,1129.16694,820.3604399999999,1129.16694,820.3604399999999,109,172.0,5,vCTB2,0.536991606579355
W9_tile_31_cell_703,tile_W9_31,W9,9w_1d,7868.0,5759.0,1115.9628,817.52084,1115.9628,817.52084,63,90.0,0,vCTB2,0.552014898381943
W9_tile_31_cell_705,tile_W9_31,W9,9w_1d,9021.0,5755.0,1279.66574,816.95292,1279.66574,816.95292,154,393.0,7,STB,0.523601007026786
W9_tile_31_cell_706,tile_W9_31,W9,9w_1d,9094.0,5766.0,1290.03028,818.5147,1290.03028,818.5147,50,116.0,2,EVT2,0.383699191710685
W9_tile_31_cell_713,tile_W9_31,W9,9w_1d,8919.0,5691.0,1265.18378,807.8661999999999,1265.18378,807.8661999999999,183,537.0,7,STB,0.383624314014685
W9_tile_31_cell_717,tile_W9_31,W9,9w_1d,7744.0,5643.0,1098.35728,801.05116,1098.35728,801.05116,126,205.0,5,vCTB2,0.399045670010138
W9_tile_31_cell_718,tile_W9_31,W9,9w_1d,8847.0,5632.0,1254.96122,799.48938,1254.96122,799.48938,67,150.0,2,EVT2,0.436068281719207
W9_tile_31_cell_74,tile_W9_31,W9,9w_1d,9197.0,7220.0,1304.65422,1024.95362,1304.65422,1024.95362,74,101.0,0,vCTB2,0.441892778453967
W9_tile_31_cell_76,tile_W9_31,W9,9w_1d,8979.0,6382.0,1273.70258,905.97438,1273.70258,905.97438,77,242.0,2,vCTB2,0.302057426124891
W9_tile_31_cell_77,tile_W9_31,W9,9w_1d,8875.0,7262.0,1258.9366599999998,1030.91678,1258.9366599999998,1030.91678,258,423.0,3,Fibroblast1,0.582757399164598
W9_tile_31_cell_83,tile_W9_31,W9,9w_1d,8952.0,7209.0,1269.86912,1023.39184,1269.86912,1023.39184,105,163.0,4,Fibroblast1,0.49664479205882
W9_tile_31_cell_87,tile_W9_31,W9,9w_1d,8591.0,7236.0,1218.61434,1027.2253,1218.61434,1027.2253,91,198.0,7,STB,0.362738185428655
W9_tile_31_cell_97,tile_W9_31,W9,9w_1d,8641.0,6380.0,1225.71334,905.69042,1225.71334,905.69042,185,500.0,10,STB,0.342006965525411
W9_tile_32_cell_1037,tile_W9_32,W9,9w_1d,7363.0,7331.0,1044.2629,1040.7134,1044.2629,1040.7134,38,125.0,2,vCTB2,0.431513754349203
W9_tile_32_cell_1175,tile_W9_32,W9,9w_1d,7307.0,6916.0,1036.31202,981.7917,1036.31202,981.7917,234,1099.0,7,STB,0.572390122546309
W9_tile_32_cell_1308,tile_W9_32,W9,9w_1d,7353.0,7023.0,1042.8431,996.98356,1042.8431,996.98356,118,195.0,10,STB,0.562653816030539
W9_tile_32_cell_1329,tile_W9_32,W9,9w_1d,7339.0,6393.0,1040.85538,907.53616,1040.85538,907.53616,197,627.0,7,STB,0.644021138181619
W9_tile_32_cell_1399,tile_W9_32,W9,9w_1d,7233.0,6419.0,1025.8055,911.22764,1025.8055,911.22764,39,129.0,2,vCTB2,0.538053676189286
W9_tile_32_cell_1458,tile_W9_32,W9,9w_1d,7341.0,7235.0,1041.13934,1027.08332,1041.13934,1027.08332,133,712.0,7,EVT2,0.372617234544662
W9_tile_32_cell_1489,tile_W9_32,W9,9w_1d,7189.0,5995.0,1019.55838,851.02812,1019.55838,851.02812,282,499.0,10,unknown3,0.387189735359141
W9_tile_32_cell_1585,tile_W9_32,W9,9w_1d,7343.0,6530.0,1041.4233,926.98742,1041.4233,926.98742,111,368.0,7,unknown2,0.252788887250814
W9_tile_32_cell_1692,tile_W9_32,W9,9w_1d,7278.0,7053.0,1032.1946,1001.24296,1032.1946,1001.24296,171,856.0,7,STB,0.504783958924669
W9_tile_32_cell_1701,tile_W9_32,W9,9w_1d,7271.0,6571.0,1031.20074,932.8086,1031.20074,932.8086,31,89.0,2,vCTB2,0.559502244266404
W9_tile_32_cell_1704,tile_W9_32,W9,9w_1d,7273.5,6483.0,1031.55569,920.31436,1031.55569,920.31436,47,160.0,2,vCTB2,0.420830834330886
W9_tile_32_cell_1705,tile_W9_32,W9,9w_1d,7262.0,6275.0,1029.92292,890.78252,1029.92292,890.78252,166,345.0,5,STB,0.665447946483015
W9_tile_32_cell_1706,tile_W9_32,W9,9w_1d,7283.0,6206.0,1032.9045,880.9859,1032.9045,880.9859,171,322.0,5,STB,0.470878745592225
W9_tile_32_cell_1707,tile_W9_32,W9,9w_1d,7244.0,6147.0,1027.36728,872.60908,1027.36728,872.60908,165,274.0,5,STB,0.559338759447526
W9_tile_32_cell_1708,tile_W9_32,W9,9w_1d,7232.0,6070.0,1025.66352,861.67662,1025.66352,861.67662,194,343.0,5,STB,0.504118126401951
W9_tile_32_cell_1709,tile_W9_32,W9,9w_1d,7250.0,5912.0,1028.21916,839.24378,1028.21916,839.24378,193,336.0,10,STB,0.591336166162935
W9_tile_32_cell_40,tile_W9_32,W9,9w_1d,7339.0,6844.0,1040.85538,971.56914,1040.85538,971.56914,93,238.0,7,STB,0.220789380171705
W9_tile_32_cell_447,tile_W9_32,W9,9w_1d,7287.5,6340.5,1033.54341,900.0822099999999,1033.54341,900.0822099999999,102,184.0,7,vCTB2,0.384995514491506
W9_tile_32_cell_515,tile_W9_32,W9,9w_1d,7367.0,5955.0,1044.83082,845.34892,1044.83082,845.34892,67,85.0,0,vCTB2,0.482252335104955
W9_tile_32_cell_536,tile_W9_32,W9,9w_1d,7307.0,7145.0,1036.31202,1014.30512,1036.31202,1014.30512,98,329.0,7,EVT2,0.386670775087702
W9_tile_32_cell_645,tile_W9_32,W9,9w_1d,7331.5,6784.5,1039.79053,963.12133,1039.79053,963.12133,48,142.0,2,vCTB2,0.483294866885634
W9_tile_32_cell_652,tile_W9_32,W9,9w_1d,7352.0,6607.0,1042.70112,937.91988,1042.70112,937.91988,44,123.0,2,EVT2,0.360015451165705
W9_tile_32_cell_704,tile_W9_32,W9,9w_1d,7359.0,6715.0,1043.69498,953.25372,1043.69498,953.25372,48,117.0,2,vCTB2,0.517540573814296
W9_tile_32_cell_736,tile_W9_32,W9,9w_1d,7337.0,7065.0,1040.57142,1002.94672,1040.57142,1002.94672,114,183.0,10,STB,0.744725664775595
W9_tile_32_cell_787,tile_W9_32,W9,9w_1d,7331.0,6746.0,1039.71954,957.6551,1039.71954,957.6551,55,171.0,2,vCTB2,0.410199990794119
W9_tile_32_cell_867,tile_W9_32,W9,9w_1d,7322.0,5985.0,1038.44172,849.6083199999999,1038.44172,849.6083199999999,144,227.0,5,vCTB2,0.42012146298188
W9_tile_32_cell_899,tile_W9_32,W9,9w_1d,7354.0,7108.0,1042.98508,1009.05186,1042.98508,1009.05186,75,107.0,7,vCTB2,0.298607014576789
W9_tile_33_cell_1707,tile_W9_33,W9,9w_1d,3727.0,7208.0,528.0236199999999,1023.24986,528.0236199999999,1023.24986,71,87.0,0,vCTB2,0.604342531741546
W9_tile_33_cell_2821,tile_W9_33,W9,9w_1d,3809.0,7353.0,539.66598,1043.83696,539.66598,1043.83696,69,91.0,4,Fibroblast2,0.274585349903703
W9_tile_34_cell_100,tile_W9_34,W9,9w_1d,2192.0,6800.0,310.08432,965.32202,310.08432,965.32202,71,151.0,11,unknown3,0.38476990253842
W9_tile_34_cell_102,tile_W9_34,W9,9w_1d,2851.0,6963.5,403.64914,988.53575,403.64914,988.53575,246,530.0,3,Fibroblast2,0.954426678109795
W9_tile_34_cell_12,tile_W9_34,W9,9w_1d,3105.0,7180.0,439.71206,1019.27442,439.71206,1019.27442,108,173.0,0,vCTB2,0.574867930088544
W9_tile_34_cell_129,tile_W9_34,W9,9w_1d,1963.0,5827.0,277.5709,827.17548,277.5709,827.17548,84,119.0,4,Fibroblast2,0.514682200960724
W9_tile_34_cell_130,tile_W9_34,W9,9w_1d,3179.5,6796.0,450.28957,964.7541,450.28957,964.7541,76,126.0,0,vCTB2,0.74936477225687
W9_tile_34_cell_155,tile_W9_34,W9,9w_1d,3047.0,6953.0,431.47722,987.04496,431.47722,987.04496,173,308.0,8,Fibroblast2,0.584713823776548
W9_tile_34_cell_156,tile_W9_34,W9,9w_1d,2952.0,6761.0,417.98912,959.7848,417.98912,959.7848,122,205.0,3,Fibroblast2,0.711095928239643
W9_tile_34_cell_159,tile_W9_34,W9,9w_1d,3168.0,6727.0,448.6568,954.95748,448.6568,954.95748,236,488.0,5,unknown3,0.339727377321246
W9_tile_34_cell_161,tile_W9_34,W9,9w_1d,3571.5,7026.5,505.94573,997.48049,505.94573,997.48049,66,102.0,0,vCTB2,0.624712016252306
W9_tile_34_cell_18,tile_W9_34,W9,9w_1d,3079.0,6610.0,436.02058,938.34582,436.02058,938.34582,170,355.0,5,vCTB2,0.301161121858033
W9_tile_34_cell_181,tile_W9_34,W9,9w_1d,1993.5,6389.0,281.90129,906.96824,281.90129,906.96824,37,86.0,9,vCTB2,0.395565196712515
W9_tile_34_cell_183,tile_W9_34,W9,9w_1d,2075.0,6901.0,293.47266,979.662,293.47266,979.662,59,137.0,11,vCTB2,0.527036715549503
W9_tile_34_cell_186,tile_W9_34,W9,9w_1d,2732.0,6538.0,386.75352,928.12326,386.75352,928.12326,110,173.0,9,Hofbauer cells,0.762842329613061
W9_tile_34_cell_190,tile_W9_34,W9,9w_1d,2306.5,6062.0,326.34103,860.5407799999999,326.34103,860.5407799999999,81,126.0,4,Fibroblast2,0.308648172960906
W9_tile_34_cell_20,tile_W9_34,W9,9w_1d,3096.5,6667.5,438.50523,946.50967,438.50523,946.50967,164,340.0,5,vCTB2,0.378205580300652
W9_tile_34_cell_211,tile_W9_34,W9,9w_1d,3438.0,6932.5,486.9914,984.13437,486.9914,984.13437,74,108.0,0,vCTB2,0.658852779126055
W9_tile_34_cell_224,tile_W9_34,W9,9w_1d,3326.0,7266.0,471.08964,1031.4847,471.08964,1031.4847,65,107.0,4,Fibroblast2,0.471520469598319
W9_tile_34_cell_238,tile_W9_34,W9,9w_1d,3333.0,6878.0,472.0835,976.39646,472.0835,976.39646,224,549.0,5,STB,0.318666392750996
W9_tile_34_cell_24,tile_W9_34,W9,9w_1d,2788.0,6868.5,394.7044,975.04765,394.7044,975.04765,162,280.0,3,Fibroblast2,0.975949851648884
W9_tile_34_cell_242,tile_W9_34,W9,9w_1d,3044.0,6889.0,431.05128,977.95824,431.05128,977.95824,168,340.0,3,Fibroblast2,0.885745758716519
W9_tile_34_cell_255,tile_W9_34,W9,9w_1d,3655.0,7326.0,517.80106,1040.0035,517.80106,1040.0035,75,94.0,8,Fibroblast2,0.223398413456305
W9_tile_34_cell_256,tile_W9_34,W9,9w_1d,2426.5,6580.0,343.37863,934.08642,343.37863,934.08642,234,500.0,9,Hofbauer cells,0.640069590596503
W9_tile_34_cell_259,tile_W9_34,W9,9w_1d,2871.0,7066.0,406.48874,1003.0887,406.48874,1003.0887,178,349.0,5,vCTBp,0.281967654776304
W9_tile_34_cell_272,tile_W9_34,W9,9w_1d,3299.0,7002.0,467.25618,994.00198,467.25618,994.00198,131,209.0,3,Hofbauer cells,0.306862888102266
W9_tile_34_cell_289,tile_W9_34,W9,9w_1d,1951.0,5895.5,275.86714,836.90111,275.86714,836.90111,90,130.0,4,Fibroblast2,0.672481141148991
W9_tile_34_cell_291,tile_W9_34,W9,9w_1d,2957.0,6985.0,418.69902,991.58832,418.69902,991.58832,139,251.0,12,Endothelial_cells,0.964049502856848
W9_tile_34_cell_294,tile_W9_34,W9,9w_1d,2797.0,6818.0,395.98222,967.87766,395.98222,967.87766,111,201.0,4,Fibroblast2,0.729961025029983
W9_tile_34_cell_30,tile_W9_34,W9,9w_1d,3015.0,7185.0,426.93386,1019.98432,426.93386,1019.98432,96,167.0,0,vCTB2,0.640875339735406
W9_tile_34_cell_302,tile_W9_34,W9,9w_1d,2212.0,5986.0,312.92392,849.7502999999999,312.92392,849.7502999999999,184,369.0,3,Fibroblast2,0.978191834692132
W9_tile_34_cell_303,tile_W9_34,W9,9w_1d,3516.5,6969.5,498.13683,989.38763,498.13683,989.38763,116,170.0,11,vCTB2,0.467693776379653
W9_tile_34_cell_304,tile_W9_34,W9,9w_1d,2694.0,6762.0,381.35828,959.92678,381.35828,959.92678,174,346.0,9,Hofbauer cells,0.656261341608628
W9_tile_34_cell_314,tile_W9_34,W9,9w_1d,3224.0,7084.0,456.60768,1005.64434,456.60768,1005.64434,224,481.0,8,Fibroblast1,0.667808503383513
W9_tile_34_cell_342,tile_W9_34,W9,9w_1d,3509.0,7042.0,497.07198,999.68118,497.07198,999.68118,73,131.0,0,vCTB2,0.773376217069386
W9_tile_34_cell_360,tile_W9_34,W9,9w_1d,3424.0,7004.0,485.00368,994.28594,485.00368,994.28594,137,260.0,5,vCTB2,0.593816436389109
W9_tile_34_cell_367,tile_W9_34,W9,9w_1d,3337.0,7129.0,472.65142,1012.03344,472.65142,1012.03344,176,303.0,9,Fibroblast2,0.633491191110419
W9_tile_34_cell_369,tile_W9_34,W9,9w_1d,2990.0,6706.0,423.38436,951.9759,423.38436,951.9759,95,156.0,0,vCTB2,0.495922942801171
W9_tile_34_cell_373,tile_W9_34,W9,9w_1d,3390.0,7331.0,480.17636,1040.7134,480.17636,1040.7134,134,213.0,3,Fibroblast2,0.914831360165487
W9_tile_34_cell_386,tile_W9_34,W9,9w_1d,2328.0,5974.0,329.3936,848.0465399999999,329.3936,848.0465399999999,118,221.0,4,Fibroblast2,0.592398685107477
W9_tile_34_cell_405,tile_W9_34,W9,9w_1d,2746.0,6698.0,388.74124,950.84006,388.74124,950.84006,188,367.0,3,Fibroblast2,0.761050506099966
W9_tile_34_cell_410,tile_W9_34,W9,9w_1d,2959.0,6636.0,418.98298,942.0373,418.98298,942.0373,116,169.0,3,Fibroblast2,0.786828377104207
W9_tile_34_cell_413,tile_W9_34,W9,9w_1d,3194.0,7168.0,452.34828,1017.57066,452.34828,1017.57066,158,290.0,8,Fibroblast1,0.548794069392738
W9_tile_34_cell_414,tile_W9_34,W9,9w_1d,1999.0,5916.0,282.68218,839.8117,282.68218,839.8117,95,165.0,4,Fibroblast2,0.664974540748722
W9_tile_34_cell_419,tile_W9_34,W9,9w_1d,2812.0,6400.0,398.11192,908.53002,398.11192,908.53002,120,217.0,5,vCTB2,0.644719949457283
W9_tile_34_cell_423,tile_W9_34,W9,9w_1d,2373.0,6000.0,335.7827,851.73802,335.7827,851.73802,112,187.0,4,Fibroblast2,0.817587333885121
W9_tile_34_cell_432,tile_W9_34,W9,9w_1d,3193.0,7005.0,452.2063,994.42792,452.2063,994.42792,232,436.0,3,Fibroblast2,0.669283140879452
W9_tile_34_cell_439,tile_W9_34,W9,9w_1d,1873.0,5790.0,264.7927,821.9222199999999,264.7927,821.9222199999999,83,126.0,8,Fibroblast1,0.392285724786604
W9_tile_34_cell_449,tile_W9_34,W9,9w_1d,2772.0,7023.5,392.43272,997.05455,392.43272,997.05455,124,222.0,5,STB,0.499291590729958
W9_tile_34_cell_451,tile_W9_34,W9,9w_1d,2994.0,7109.0,423.95228,1009.19384,423.95228,1009.19384,201,379.0,5,unknown3,0.299451832132507
W9_tile_34_cell_466,tile_W9_34,W9,9w_1d,3378.0,7057.0,478.4726,1001.81088,478.4726,1001.81088,64,103.0,4,Fibroblast2,0.326642891887324
W9_tile_34_cell_473,tile_W9_34,W9,9w_1d,3617.0,7174.0,512.40582,1018.42254,512.40582,1018.42254,184,303.0,3,Fibroblast2,0.858225300702949
W9_tile_34_cell_48,tile_W9_34,W9,9w_1d,2982.0,6557.0,422.24852,930.82088,422.24852,930.82088,269,631.0,5,unknown3,0.38321291490547
W9_tile_34_cell_483,tile_W9_34,W9,9w_1d,3157.0,7285.5,447.09502,1034.25331,447.09502,1034.25331,100,158.0,0,vCTB2,0.683076810529479
W9_tile_34_cell_498,tile_W9_34,W9,9w_1d,3456.0,7083.0,489.54704,1005.50236,489.54704,1005.50236,128,224.0,0,vCTB2,0.552277501102123
W9_tile_34_cell_499,tile_W9_34,W9,9w_1d,2253.0,5927.0,318.7451,841.37348,318.7451,841.37348,159,344.0,3,Fibroblast2,0.904268718925058
W9_tile_34_cell_505,tile_W9_34,W9,9w_1d,3618.0,7077.0,512.5477999999999,1004.65048,512.5477999999999,1004.65048,173,345.0,5,vCTB2,0.351222233075144
W9_tile_34_cell_512,tile_W9_34,W9,9w_1d,1965.0,6327.0,277.85486,898.16548,277.85486,898.16548,110,266.0,9,maternal macrophages ,0.923622142153106
W9_tile_34_cell_52,tile_W9_34,W9,9w_1d,3268.0,7257.0,462.8548,1030.20688,462.8548,1030.20688,64,101.0,4,Fibroblast2,0.574013610967082
W9_tile_34_cell_539,tile_W9_34,W9,9w_1d,2117.0,6824.0,299.43582,968.72954,299.43582,968.72954,82,193.0,11,unknown3,0.375897870995746
W9_tile_34_cell_567,tile_W9_34,W9,9w_1d,3286.0,7353.0,465.41044,1043.83696,465.41044,1043.83696,100,151.0,0,vCTB2,0.602697805275013
W9_tile_34_cell_570,tile_W9_34,W9,9w_1d,2544.0,6561.0,360.06128,931.3888,360.06128,931.3888,204,407.0,3,Fibroblast2,0.691570485183737
W9_tile_34_cell_583,tile_W9_34,W9,9w_1d,2619.0,6667.0,370.70978,946.43868,370.70978,946.43868,189,403.0,3,Fibroblast2,0.874307101805348
W9_tile_34_cell_586,tile_W9_34,W9,9w_1d,2613.0,6495.0,369.8579,922.01812,369.8579,922.01812,205,397.0,9,Hofbauer cells,0.668379383294262
W9_tile_34_cell_596,tile_W9_34,W9,9w_1d,2558.0,6296.0,362.049,893.7641,362.049,893.7641,89,155.0,4,Fibroblast2,0.579449611006027
W9_tile_34_cell_628,tile_W9_34,W9,9w_1d,2095.0,6998.0,296.31226,993.43406,296.31226,993.43406,88,243.0,12,EVT2,0.265210935354143
W9_tile_34_cell_640,tile_W9_34,W9,9w_1d,2373.0,6841.0,335.7827,971.1432,335.7827,971.1432,48,86.0,11,vCTB2,0.462891975791803
W9_tile_34_cell_641,tile_W9_34,W9,9w_1d,2623.0,6876.0,371.2777,976.1125,371.2777,976.1125,187,412.0,5,vCTB2,0.325840970196681
W9_tile_34_cell_643,tile_W9_34,W9,9w_1d,2536.0,6851.0,358.92544,972.563,358.92544,972.563,113,232.0,0,vCTB2,0.664707077776844
W9_tile_34_cell_644,tile_W9_34,W9,9w_1d,2508.0,6787.0,354.95,963.47628,354.95,963.47628,186,379.0,5,vCTB2,0.445232729490855
W9_tile_34_cell_650,tile_W9_34,W9,9w_1d,2488.0,6671.0,352.1104,947.0066,352.1104,947.0066,160,285.0,9,Fibroblast2,0.655342660035124
W9_tile_34_cell_651,tile_W9_34,W9,9w_1d,2566.0,6666.0,363.18484,946.2967,363.18484,946.2967,87,156.0,4,Fibroblast2,0.344444890639854
W9_tile_34_cell_662,tile_W9_34,W9,9w_1d,2699.0,6596.0,382.06818,936.3581,382.06818,936.3581,161,313.0,9,Fibroblast2,0.592856198552709
W9_tile_34_cell_666,tile_W9_34,W9,9w_1d,2792.5,6553.0,395.34331,930.25296,395.34331,930.25296,193,388.0,9,Hofbauer cells,0.661152277153873
W9_tile_34_cell_668,tile_W9_34,W9,9w_1d,2303.0,6483.0,325.8441,920.31436,325.8441,920.31436,62,96.0,11,vCTB2,0.429054513978028
W9_tile_34_cell_669,tile_W9_34,W9,9w_1d,2493.0,6474.0,352.8203,919.03654,352.8203,919.03654,203,429.0,3,Fibroblast2,0.936411865910437
W9_tile_34_cell_67,tile_W9_34,W9,9w_1d,2687.0,6955.5,380.36442,987.39991,380.36442,987.39991,183,358.0,5,vCTBp,0.369043036932114
W9_tile_34_cell_671,tile_W9_34,W9,9w_1d,2714.0,6473.0,384.19788,918.89456,384.19788,918.89456,144,267.0,3,Fibroblast2,0.574895653892288
W9_tile_34_cell_672,tile_W9_34,W9,9w_1d,2866.0,6491.0,405.77884,921.4502,405.77884,921.4502,332,959.0,5,Fibroblast1,0.324099933743005
W9_tile_34_cell_673,tile_W9_34,W9,9w_1d,2652.0,6429.0,375.39512,912.64744,375.39512,912.64744,140,283.0,3,Fibroblast2,0.913906979951162
W9_tile_34_cell_676,tile_W9_34,W9,9w_1d,1918.0,6373.0,271.1818,904.69656,271.1818,904.69656,75,112.0,11,EVT2,0.369977864303138
W9_tile_34_cell_679,tile_W9_34,W9,9w_1d,2399.0,6397.0,339.47418,908.10408,339.47418,908.10408,179,369.0,3,Fibroblast2,0.797624023159529
W9_tile_34_cell_680,tile_W9_34,W9,9w_1d,2746.0,6373.0,388.74124,904.69656,388.74124,904.69656,164,313.0,5,vCTB2,0.532946454278807
W9_tile_34_cell_681,tile_W9_34,W9,9w_1d,2050.5,6378.5,289.99415,905.47745,289.99415,905.47745,109,270.0,9,maternal macrophages ,0.882995055738043
W9_tile_34_cell_684,tile_W9_34,W9,9w_1d,2130.0,6350.0,301.28156,901.43102,301.28156,901.43102,57,107.0,9,vCTB2,0.258177150985215
W9_tile_34_cell_687,tile_W9_34,W9,9w_1d,2475.0,6353.0,350.26466,901.85696,350.26466,901.85696,220,503.0,8,Fibroblast1,0.72241770170437
W9_tile_34_cell_688,tile_W9_34,W9,9w_1d,2627.0,6343.0,371.84562,900.43716,371.84562,900.43716,222,451.0,8,Fibroblast2,0.679110329246288
W9_tile_34_cell_701,tile_W9_34,W9,9w_1d,2389.0,6249.5,338.05438,887.16203,338.05438,887.16203,198,392.0,3,Fibroblast2,0.932361566170517
W9_tile_34_cell_707,tile_W9_34,W9,9w_1d,2480.0,6176.0,350.97456,876.7265,350.97456,876.7265,274,668.0,3,Fibroblast2,0.86527848922082
W9_tile_34_cell_713,tile_W9_34,W9,9w_1d,2541.0,6130.0,359.63534,870.19542,359.63534,870.19542,89,149.0,4,Fibroblast2,0.626114673087651
W9_tile_34_cell_716,tile_W9_34,W9,9w_1d,2396.0,6081.0,339.04824,863.2384,339.04824,863.2384,152,317.0,3,Fibroblast2,0.916916843963999
W9_tile_34_cell_72,tile_W9_34,W9,9w_1d,3096.0,7027.0,438.43424,997.55148,438.43424,997.55148,128,225.0,8,Fibroblast1,0.91074177820755
W9_tile_34_cell_720,tile_W9_34,W9,9w_1d,2468.0,6082.0,349.2708,863.38038,349.2708,863.38038,138,247.0,3,Fibroblast2,0.820075648605792
W9_tile_34_cell_738,tile_W9_34,W9,9w_1d,2104.5,5944.5,297.66107,843.85813,297.66107,843.85813,99,174.0,4,Fibroblast2,0.714494309448187
W9_tile_34_cell_748,tile_W9_34,W9,9w_1d,2067.0,5860.5,292.33682,831.9318099999999,292.33682,831.9318099999999,104,142.0,4,Hofbauer cells,0.370566292093017
W9_tile_34_cell_751,tile_W9_34,W9,9w_1d,2141.0,5860.0,302.84334,831.86082,302.84334,831.86082,155,246.0,3,Fibroblast2,0.932513958131907
W9_tile_34_cell_82,tile_W9_34,W9,9w_1d,3397.0,6953.0,481.17022,987.04496,481.17022,987.04496,109,176.0,0,vCTB2,0.649983665875956
W9_tile_34_cell_9,tile_W9_34,W9,9w_1d,2892.0,6898.0,409.47032,979.23606,409.47032,979.23606,141,245.0,8,Fibroblast1,0.94218181595227
W9_tile_34_cell_97,tile_W9_34,W9,9w_1d,3319.0,7064.0,470.09578,1002.80474,470.09578,1002.80474,84,111.0,9,Hofbauer cells,0.580034984426753
W9_tile_34_cell_99,tile_W9_34,W9,9w_1d,3243.0,6804.5,459.3053,965.96093,459.3053,965.96093,160,318.0,5,vCTB2,0.350771840663879
W9_tile_35_cell_1158,tile_W9_35,W9,9w_1d,1483.0,7166.0,209.4205,1017.2867,209.4205,1017.2867,75,130.0,4,Fibroblast2,0.451963158067113
W9_tile_35_cell_1376,tile_W9_35,W9,9w_1d,1506.5,7221.0,212.75703,1025.0956,212.75703,1025.0956,95,146.0,4,Fibroblast2,0.532198998841898
W9_tile_35_cell_1389,tile_W9_35,W9,9w_1d,1365.0,6914.0,192.66686,981.50774,192.66686,981.50774,67,95.0,0,vCTB2,0.715338055530822
W9_tile_35_cell_1392,tile_W9_35,W9,9w_1d,1503.0,6826.0,212.2601,969.0135,212.2601,969.0135,158,307.0,3,Fibroblast2,0.727312654214219
W9_tile_35_cell_1406,tile_W9_35,W9,9w_1d,1576.0,6540.5,222.62464,928.47821,222.62464,928.47821,66,88.0,0,vCTB2,0.501813521976341
W9_tile_35_cell_1418,tile_W9_35,W9,9w_1d,1561.5,6298.5,220.56593,894.11905,220.56593,894.11905,121,176.0,0,Fibroblast2,0.576022291960456
W9_tile_35_cell_1420,tile_W9_35,W9,9w_1d,1482.0,6347.5,209.27852,901.07607,209.27852,901.07607,54,98.0,0,vCTB2,0.722091432721609
W9_tile_35_cell_1429,tile_W9_35,W9,9w_1d,1523.0,6209.0,215.0997,881.41184,215.0997,881.41184,162,312.0,5,vCTB2,0.463013879620276
W9_tile_35_cell_1431,tile_W9_35,W9,9w_1d,1493.0,6101.0,210.8403,866.078,210.8403,866.078,56,93.0,11,vCTB2,0.262536880493326
W9_tile_35_cell_1435,tile_W9_35,W9,9w_1d,1567.0,6026.0,221.34682,855.4295,221.34682,855.4295,160,277.0,3,Fibroblast2,0.926450892905303
W9_tile_35_cell_1437,tile_W9_35,W9,9w_1d,1535.0,5974.0,216.80346,848.0465399999999,216.80346,848.0465399999999,82,117.0,4,Fibroblast2,0.288085592503043
W9_tile_35_cell_1440,tile_W9_35,W9,9w_1d,1737.0,5938.5,245.48342,843.00625,245.48342,843.00625,87,124.0,4,Fibroblast2,0.58441104918837
W9_tile_35_cell_1442,tile_W9_35,W9,9w_1d,1606.5,5934.5,226.95503,842.43833,226.95503,842.43833,83,132.0,4,Fibroblast2,0.605398243383731
W9_tile_35_cell_1447,tile_W9_35,W9,9w_1d,1657.0,5785.0,234.12502,821.21232,234.12502,821.21232,93,114.0,4,Hofbauer cells,0.266438869373312
W9_tile_35_cell_591,tile_W9_35,W9,9w_1d,1474.0,6954.0,208.14268,987.18694,208.14268,987.18694,96,138.0,4,Fibroblast2,0.534551937488138
W9_tile_35_cell_654,tile_W9_35,W9,9w_1d,1525.0,6736.5,215.38366,956.30629,215.38366,956.30629,99,140.0,3,Fibroblast2,0.443756263791199
W9_tile_36_cell_121,tile_W9_36,W9,9w_1d,6614.0,5285.0,937.91988,750.22232,937.91988,750.22232,168,361.0,5,STB,0.614882144310448
W9_tile_36_cell_200,tile_W9_36,W9,9w_1d,6558.0,5007.0,929.969,710.75188,929.969,710.75188,85,134.0,0,vCTB2,0.652724563393185
W9_tile_36_cell_246,tile_W9_36,W9,9w_1d,6513.5,5298.0,923.65089,752.06806,923.65089,752.06806,163,304.0,5,vCTB2,0.327726211976552
W9_tile_36_cell_268,tile_W9_36,W9,9w_1d,6446.0,5262.0,914.06724,746.95678,914.06724,746.95678,92,155.0,0,vCTB2,0.577276065772083
W9_tile_36_cell_304,tile_W9_36,W9,9w_1d,7066.5,4963.0,1002.16583,704.5047599999999,1002.16583,704.5047599999999,66,134.0,2,EVT2,0.405378283582359
W9_tile_36_cell_315,tile_W9_36,W9,9w_1d,7197.0,3807.0,1020.69422,540.3758799999999,1020.69422,540.3758799999999,172,595.0,7,STB,0.637744264664116
W9_tile_36_cell_323,tile_W9_36,W9,9w_1d,7103.0,4898.0,1007.3481,695.27606,1007.3481,695.27606,81,193.0,2,EVT2,0.348599912261287
W9_tile_36_cell_442,tile_W9_36,W9,9w_1d,7354.0,3724.0,1042.98508,528.59154,1042.98508,528.59154,97,293.0,7,STB,0.235409963267524
W9_tile_36_cell_445,tile_W9_36,W9,9w_1d,7346.0,5416.0,1041.84924,768.8217,1041.84924,768.8217,57,91.0,2,vCTB2,0.428591366150869
W9_tile_36_cell_463,tile_W9_36,W9,9w_1d,7002.0,4957.0,993.00812,703.65288,993.00812,703.65288,67,137.0,2,STB,0.225725181143456
W9_tile_36_cell_475,tile_W9_36,W9,9w_1d,7321.0,4442.0,1038.29974,630.53318,1038.29974,630.53318,36,103.0,2,vCTB2,0.494992179470065
W9_tile_36_cell_510,tile_W9_36,W9,9w_1d,7334.0,3806.0,1040.14548,540.2339,1040.14548,540.2339,138,634.0,7,EVT2,0.338977619529255
W9_tile_36_cell_529,tile_W9_36,W9,9w_1d,6858.0,5379.0,972.563,763.56844,972.563,763.56844,63,177.0,2,vCTB2,0.342761937495118
W9_tile_36_cell_539,tile_W9_36,W9,9w_1d,6729.0,4862.0,954.24758,690.16478,954.24758,690.16478,123,171.0,5,vCTB2,0.429761485645827
W9_tile_36_cell_577,tile_W9_36,W9,9w_1d,6736.0,5205.5,955.24144,738.93491,955.24144,738.93491,328,884.0,5,unknown3,0.455288707686614
W9_tile_36_cell_596,tile_W9_36,W9,9w_1d,7218.0,3721.0,1023.6758,528.1655999999999,1023.6758,528.1655999999999,153,434.0,7,STB,0.574620544228669
W9_tile_36_cell_607,tile_W9_36,W9,9w_1d,6589.0,5156.0,934.37038,731.9069,934.37038,731.9069,277,518.0,3,Fibroblast2,0.898910083974606
W9_tile_36_cell_62,tile_W9_36,W9,9w_1d,6501.0,5057.5,921.87614,717.92187,921.87614,717.92187,259,658.0,5,unknown3,0.35301261471448
W9_tile_36_cell_627,tile_W9_36,W9,9w_1d,6574.0,4922.0,932.24068,698.68358,932.24068,698.68358,293,813.0,5,unknown3,0.391763231971188
W9_tile_36_cell_658,tile_W9_36,W9,9w_1d,6592.0,5334.0,934.79632,757.17934,934.79632,757.17934,127,222.0,10,vCTB2,0.387898144917153
W9_tile_36_cell_707,tile_W9_36,W9,9w_1d,7106.0,3713.0,1007.77404,527.02976,1007.77404,527.02976,74,299.0,2,EVT2,0.485769784969111
W9_tile_36_cell_738,tile_W9_36,W9,9w_1d,7270.0,3850.0,1031.05876,546.48102,1031.05876,546.48102,109,380.0,7,EVT2,0.283959793493371
W9_tile_36_cell_750,tile_W9_36,W9,9w_1d,6628.0,5392.0,939.9076,765.41418,939.9076,765.41418,143,283.0,0,STB,0.557871901359561
W9_tile_36_cell_760,tile_W9_36,W9,9w_1d,7159.0,3735.0,1015.29898,530.15332,1015.29898,530.15332,137,460.0,7,STB,0.545860832778956
W9_tile_36_cell_78,tile_W9_36,W9,9w_1d,6454.0,5149.0,915.20308,730.91304,915.20308,730.91304,202,385.0,10,STB,0.723502386293079
W9_tile_36_cell_780,tile_W9_36,W9,9w_1d,7276.0,3724.0,1031.91064,528.59154,1031.91064,528.59154,105,228.0,7,EVT2,0.409717617164847
W9_tile_36_cell_784,tile_W9_36,W9,9w_1d,6756.0,5489.5,958.08104,779.2572299999999,958.08104,779.2572299999999,53,160.0,2,vCTB2,0.467381045320081
W9_tile_36_cell_835,tile_W9_36,W9,9w_1d,6714.0,5318.0,952.11788,754.90766,952.11788,754.90766,178,385.0,5,STB,0.40787465422675
W9_tile_36_cell_843,tile_W9_36,W9,9w_1d,6772.0,5094.0,960.35272,723.10414,960.35272,723.10414,179,376.0,5,vCTB2,0.313314874685761
W9_tile_36_cell_876,tile_W9_36,W9,9w_1d,6647.5,5099.0,942.67621,723.81404,942.67621,723.81404,192,326.0,3,Fibroblast2,0.559807142827918
W9_tile_36_cell_878,tile_W9_36,W9,9w_1d,6699.5,4976.5,950.05917,706.42149,950.05917,706.42149,318,862.0,5,Endothelial_cells,0.672028529862743
W9_tile_36_cell_963,tile_W9_36,W9,9w_1d,6948.5,4659.5,985.41219,661.41383,985.41219,661.41383,52,86.0,11,vCTB2,0.464332220456374
W9_tile_37_cell_1000,tile_W9_37,W9,9w_1d,8040.0,4010.0,1140.38336,569.19782,1140.38336,569.19782,107,425.0,2,EVT2,0.341187410970808
W9_tile_37_cell_1005,tile_W9_37,W9,9w_1d,8111.0,3989.0,1150.46394,566.21624,1150.46394,566.21624,78,235.0,2,vCTB2,0.409911833472352
W9_tile_37_cell_1010,tile_W9_37,W9,9w_1d,8111.0,3891.0,1150.46394,552.3022,1150.46394,552.3022,113,433.0,7,Fibroblast1,0.188011134397466
W9_tile_37_cell_1015,tile_W9_37,W9,9w_1d,8159.0,3839.0,1157.27898,544.91924,1157.27898,544.91924,164,732.0,7,STB,0.431334884604283
W9_tile_37_cell_1017,tile_W9_37,W9,9w_1d,8105.0,3773.0,1149.61206,535.54856,1149.61206,535.54856,135,761.0,7,EVT2,0.242892125405935
W9_tile_37_cell_103,tile_W9_37,W9,9w_1d,8304.0,4863.0,1177.86608,690.3067599999999,1177.86608,690.3067599999999,37,112.0,2,vCTB2,0.401605566300382
W9_tile_37_cell_107,tile_W9_37,W9,9w_1d,9096.0,4345.0,1290.31424,616.76112,1290.31424,616.76112,196,356.0,9,Hofbauer cells,0.713133206167463
W9_tile_37_cell_108,tile_W9_37,W9,9w_1d,8944.5,5136.0,1268.80427,729.0672999999999,1268.80427,729.0672999999999,44,122.0,2,EVT2,0.391611588628987
W9_tile_37_cell_113,tile_W9_37,W9,9w_1d,7889.0,4464.0,1118.94438,633.65674,1118.94438,633.65674,61,197.0,2,vCTB2,0.311068411178639
W9_tile_37_cell_118,tile_W9_37,W9,9w_1d,9158.0,5017.0,1299.117,712.1716799999999,1299.117,712.1716799999999,113,163.0,3,Fibroblast2,0.580167849190054
W9_tile_37_cell_121,tile_W9_37,W9,9w_1d,8754.0,4399.5,1241.75708,624.49903,1241.75708,624.49903,63,96.0,9,Hofbauer cells,0.733600500684149
W9_tile_37_cell_126,tile_W9_37,W9,9w_1d,8742.0,4629.0,1240.05332,657.08344,1240.05332,657.08344,184,388.0,10,STB,0.684135818650777
W9_tile_37_cell_151,tile_W9_37,W9,9w_1d,8079.0,4056.0,1145.92058,575.7289,1145.92058,575.7289,63,278.0,2,vCTB2,0.333569814637513
W9_tile_37_cell_157,tile_W9_37,W9,9w_1d,8346.0,4262.0,1183.82924,604.97678,1183.82924,604.97678,75,117.0,0,vCTB2,0.423653272150311
W9_tile_37_cell_163,tile_W9_37,W9,9w_1d,8125.0,4388.0,1152.45166,622.86626,1152.45166,622.86626,212,619.0,10,STB,0.586943436731789
W9_tile_37_cell_169,tile_W9_37,W9,9w_1d,8946.0,5294.0,1269.01724,751.50014,1269.01724,751.50014,122,565.0,7,EVT2,0.363458279549055
W9_tile_37_cell_178,tile_W9_37,W9,9w_1d,8095.0,4797.0,1148.19226,680.93608,1148.19226,680.93608,141,803.0,7,STB,0.34404253118998
W9_tile_37_cell_187,tile_W9_37,W9,9w_1d,8245.5,3906.0,1169.56025,554.4318999999999,1169.56025,554.4318999999999,181,544.0,7,EVT3,0.376445637341506
W9_tile_37_cell_196,tile_W9_37,W9,9w_1d,7919.5,4293.5,1123.27477,609.44915,1123.27477,609.44915,112,228.0,2,STB,0.704172937618313
W9_tile_37_cell_213,tile_W9_37,W9,9w_1d,8895.0,4416.5,1261.77626,626.91269,1261.77626,626.91269,103,178.0,9,Hofbauer cells,0.749354061399479
W9_tile_37_cell_221,tile_W9_37,W9,9w_1d,8169.0,4591.0,1158.69878,651.6881999999999,1158.69878,651.6881999999999,108,181.0,7,vCTB2,0.365962824433849
W9_tile_37_cell_224,tile_W9_37,W9,9w_1d,8982.5,3991.0,1274.19951,566.5002,1274.19951,566.5002,72,100.0,4,vCTB2,0.243484289115318
W9_tile_37_cell_227,tile_W9_37,W9,9w_1d,8287.0,4498.0,1175.4524199999998,638.48406,1175.4524199999998,638.48406,209,511.0,10,vCTBp,0.282146111372406
W9_tile_37_cell_234,tile_W9_37,W9,9w_1d,8081.0,4623.0,1146.20454,656.23156,1146.20454,656.23156,231,791.0,7,STB,0.500950528683214
W9_tile_37_cell_236,tile_W9_37,W9,9w_1d,8446.0,3715.0,1198.02724,527.31372,1198.02724,527.31372,83,105.0,8,EVT2,0.332710947372387
W9_tile_37_cell_24,tile_W9_37,W9,9w_1d,8090.0,4731.0,1147.48236,671.5654,1147.48236,671.5654,118,503.0,7,EVT2,0.383915369680082
W9_tile_37_cell_242,tile_W9_37,W9,9w_1d,8574.0,4547.0,1216.20068,645.4410799999999,1216.20068,645.4410799999999,164,347.0,10,vCTB2,0.315274303341501
W9_tile_37_cell_249,tile_W9_37,W9,9w_1d,7827.0,4565.0,1110.14162,647.99672,1110.14162,647.99672,170,736.0,7,STB,0.505289816015471
W9_tile_37_cell_252,tile_W9_37,W9,9w_1d,7440.0,3739.5,1055.19536,530.79223,1055.19536,530.79223,61,126.0,2,vCTB2,0.399918644280976
W9_tile_37_cell_258,tile_W9_37,W9,9w_1d,8335.0,4525.0,1182.26746,642.31752,1182.26746,642.31752,122,227.0,5,vCTB2,0.589230197516255
W9_tile_37_cell_261,tile_W9_37,W9,9w_1d,8495.0,4483.0,1204.98426,636.3543599999999,1204.98426,636.3543599999999,160,245.0,5,STB,0.379944085646027
W9_tile_37_cell_264,tile_W9_37,W9,9w_1d,8871.0,4674.0,1258.36874,663.47254,1258.36874,663.47254,120,217.0,0,STB,0.243822825284452
W9_tile_37_cell_266,tile_W9_37,W9,9w_1d,8715.0,4494.5,1236.21986,637.98713,1236.21986,637.98713,68,100.0,4,EVT2,0.283538688685659
W9_tile_37_cell_268,tile_W9_37,W9,9w_1d,8340.5,4299.0,1183.04835,610.23004,1183.04835,610.23004,60,96.0,0,vCTB2,0.606410142331103
W9_tile_37_cell_283,tile_W9_37,W9,9w_1d,8424.0,4168.0,1194.90368,591.63066,1194.90368,591.63066,106,155.0,8,Fibroblast1,0.77546624417239
W9_tile_37_cell_291,tile_W9_37,W9,9w_1d,8272.0,3794.0,1173.32272,538.53014,1173.32272,538.53014,196,463.0,10,STB,0.465615991039738
W9_tile_37_cell_298,tile_W9_37,W9,9w_1d,8326.0,3731.0,1180.98964,529.5853999999999,1180.98964,529.5853999999999,223,627.0,7,STB,0.521217778936
W9_tile_37_cell_303,tile_W9_37,W9,9w_1d,9202.5,4282.0,1305.43511,607.81638,1305.43511,607.81638,131,206.0,3,Fibroblast2,0.745622257971338
W9_tile_37_cell_304,tile_W9_37,W9,9w_1d,8184.0,4111.0,1160.82848,583.5378,1160.82848,583.5378,116,391.0,7,STB,0.384242821419034
W9_tile_37_cell_320,tile_W9_37,W9,9w_1d,8071.5,4142.0,1144.85573,587.93918,1144.85573,587.93918,145,578.0,7,STB,0.293315750104193
W9_tile_37_cell_341,tile_W9_37,W9,9w_1d,7469.5,3772.0,1059.38377,535.40658,1059.38377,535.40658,65,178.0,2,vCTB2,0.30270742171269
W9_tile_37_cell_342,tile_W9_37,W9,9w_1d,8939.0,5083.0,1268.02338,721.54236,1268.02338,721.54236,55,128.0,2,vCTB2,0.423198218217655
W9_tile_37_cell_347,tile_W9_37,W9,9w_1d,8312.0,3893.0,1179.00192,552.58616,1179.00192,552.58616,68,97.0,0,vCTB2,0.566984112642956
W9_tile_37_cell_35,tile_W9_37,W9,9w_1d,8262.5,4162.0,1171.97391,590.77878,1171.97391,590.77878,129,272.0,10,vCTB2,0.437988071590938
W9_tile_37_cell_357,tile_W9_37,W9,9w_1d,8200.0,4201.0,1163.10016,596.316,1163.10016,596.316,142,356.0,7,STB,0.361735119990847
W9_tile_37_cell_360,tile_W9_37,W9,9w_1d,7958.0,4191.0,1128.741,594.8962,1128.741,594.8962,40,105.0,2,vCTB2,0.401035921625998
W9_tile_37_cell_363,tile_W9_37,W9,9w_1d,8832.5,4658.0,1252.90251,661.2008599999999,1252.90251,661.2008599999999,125,176.0,8,Fibroblast1,0.467940969424265
W9_tile_37_cell_378,tile_W9_37,W9,9w_1d,8550.0,4507.0,1212.79316,639.76188,1212.79316,639.76188,70,96.0,0,vCTB2,0.434134430411017
W9_tile_37_cell_382,tile_W9_37,W9,9w_1d,8947.0,4790.0,1269.15922,679.94222,1269.15922,679.94222,128,377.0,7,STB,0.270165661419107
W9_tile_37_cell_385,tile_W9_37,W9,9w_1d,7831.0,4412.0,1110.70954,626.27378,1110.70954,626.27378,170,791.0,7,EVT2,0.356485998130117
W9_tile_37_cell_391,tile_W9_37,W9,9w_1d,9128.0,4294.0,1294.8576,609.52014,1294.8576,609.52014,93,138.0,9,Hofbauer cells,0.65574038208023
W9_tile_37_cell_394,tile_W9_37,W9,9w_1d,8279.0,3952.0,1174.31658,560.96298,1174.31658,560.96298,113,202.0,10,vCTB2,0.559796909058775
W9_tile_37_cell_397,tile_W9_37,W9,9w_1d,8150.0,3714.0,1156.00116,527.17174,1156.00116,527.17174,109,497.0,7,unknown3,0.23958909627015
W9_tile_37_cell_398,tile_W9_37,W9,9w_1d,9158.0,5173.0,1299.117,734.32056,1299.117,734.32056,153,240.0,5,STB,0.561311813603291
W9_tile_37_cell_410,tile_W9_37,W9,9w_1d,8336.0,4711.0,1182.40944,668.7257999999999,1182.40944,668.7257999999999,174,826.0,7,STB,0.448107471155449
W9_tile_37_cell_430,tile_W9_37,W9,9w_1d,7777.0,5229.0,1103.04262,742.27144,1103.04262,742.27144,170,341.0,5,STB,0.44781320579105
W9_tile_37_cell_434,tile_W9_37,W9,9w_1d,8994.0,5091.0,1275.83228,722.6782,1275.83228,722.6782,178,431.0,10,STB,0.29554534989524
W9_tile_37_cell_438,tile_W9_37,W9,9w_1d,8400.0,4298.0,1191.49616,610.0880599999999,1191.49616,610.0880599999999,158,287.0,5,vCTB2,0.363936689985206
W9_tile_37_cell_440,tile_W9_37,W9,9w_1d,8910.0,5161.0,1263.90596,732.6168,1263.90596,732.6168,81,258.0,2,EVT2,0.415017854924109
W9_tile_37_cell_441,tile_W9_37,W9,9w_1d,7885.0,4525.0,1118.37646,642.31752,1118.37646,642.31752,62,178.0,2,EVT2,0.361779546505351
W9_tile_37_cell_442,tile_W9_37,W9,9w_1d,8326.0,4398.0,1180.98964,624.28606,1180.98964,624.28606,90,143.0,0,vCTB2,0.458009368735263
W9_tile_37_cell_447,tile_W9_37,W9,9w_1d,9199.0,5218.0,1304.93818,740.70966,1304.93818,740.70966,132,199.0,5,vCTB2,0.428852995258162
W9_tile_37_cell_452,tile_W9_37,W9,9w_1d,8011.0,4122.0,1136.26594,585.09958,1136.26594,585.09958,30,95.0,2,vCTB2,0.486591203485821
W9_tile_37_cell_454,tile_W9_37,W9,9w_1d,8200.0,4248.0,1163.10016,602.98906,1163.10016,602.98906,100,175.0,0,vCTB2,0.479603046065044
W9_tile_37_cell_455,tile_W9_37,W9,9w_1d,8162.0,3957.0,1157.70492,561.67288,1157.70492,561.67288,186,495.0,7,STB,0.574524355582267
W9_tile_37_cell_460,tile_W9_37,W9,9w_1d,8092.0,4216.0,1147.76632,598.4457,1147.76632,598.4457,121,458.0,7,STB,0.435275225423374
W9_tile_37_cell_463,tile_W9_37,W9,9w_1d,7823.0,4293.0,1109.5737,609.37816,1109.5737,609.37816,145,785.0,7,EVT2,0.40511790411381
W9_tile_37_cell_468,tile_W9_37,W9,9w_1d,8866.0,5518.0,1257.65884,783.3036599999999,1257.65884,783.3036599999999,76,131.0,2,vCTB2,0.265690625572916
W9_tile_37_cell_472,tile_W9_37,W9,9w_1d,8920.0,4737.0,1265.32576,672.41728,1265.32576,672.41728,101,251.0,2,EVT2,0.455092093538529
W9_tile_37_cell_477,tile_W9_37,W9,9w_1d,8995.0,4975.5,1275.97426,706.27951,1275.97426,706.27951,289,776.0,10,Endothelial_cells,0.748855402659746
W9_tile_37_cell_479,tile_W9_37,W9,9w_1d,9019.0,4673.0,1279.38178,663.33056,1279.38178,663.33056,237,726.0,10,maternal macrophages ,0.170140584978954
W9_tile_37_cell_484,tile_W9_37,W9,9w_1d,8290.5,4342.0,1175.94935,616.3351799999999,1175.94935,616.3351799999999,136,246.0,0,vCTB2,0.448798884407526
W9_tile_37_cell_486,tile_W9_37,W9,9w_1d,8019.0,4526.0,1137.40178,642.4594999999999,1137.40178,642.4594999999999,215,698.0,7,STB,0.47056008511369
W9_tile_37_cell_491,tile_W9_37,W9,9w_1d,9074.0,5365.0,1287.19068,761.5807199999999,1287.19068,761.5807199999999,81,229.0,2,vCTB2,0.322764854907715
W9_tile_37_cell_5,tile_W9_37,W9,9w_1d,7981.0,4278.0,1132.00654,607.24846,1132.00654,607.24846,87,194.0,2,STB,0.465643094198317
W9_tile_37_cell_510,tile_W9_37,W9,9w_1d,8208.0,3757.0,1164.236,533.27688,1164.236,533.27688,106,336.0,7,STB,0.27617780914558
W9_tile_37_cell_536,tile_W9_37,W9,9w_1d,8394.0,4224.0,1190.64428,599.58154,1190.64428,599.58154,143,225.0,5,vCTB2,0.30097871384065
W9_tile_37_cell_541,tile_W9_37,W9,9w_1d,8937.0,5026.0,1267.73942,713.4495,1267.73942,713.4495,153,465.0,7,EVT3,0.279657190141896
W9_tile_37_cell_545,tile_W9_37,W9,9w_1d,8543.0,4291.0,1211.7993,609.0942,1211.7993,609.0942,214,418.0,9,Hofbauer cells,0.581744407636786
W9_tile_37_cell_550,tile_W9_37,W9,9w_1d,8385.0,4409.0,1189.36646,625.84784,1189.36646,625.84784,142,228.0,10,Fibroblast1,0.457938919511102
W9_tile_37_cell_555,tile_W9_37,W9,9w_1d,8499.0,4541.0,1205.55218,644.5892,1205.55218,644.5892,108,217.0,7,vCTB2,0.416969846405618
W9_tile_37_cell_57,tile_W9_37,W9,9w_1d,9080.0,5171.0,1288.04256,734.0366,1288.04256,734.0366,229,589.0,10,STB,0.3728485259607
W9_tile_37_cell_577,tile_W9_37,W9,9w_1d,7943.0,4573.0,1126.6113,649.13256,1126.6113,649.13256,42,112.0,2,vCTB2,0.475518288073657
W9_tile_37_cell_58,tile_W9_37,W9,9w_1d,8123.0,4075.0,1152.1677,578.42652,1152.1677,578.42652,84,241.0,2,STB,0.206766844203096
W9_tile_37_cell_580,tile_W9_37,W9,9w_1d,8143.0,4198.0,1155.0073,595.89006,1155.0073,595.89006,44,80.0,2,vCTB2,0.497879657671752
W9_tile_37_cell_592,tile_W9_37,W9,9w_1d,8027.5,4299.5,1138.60861,610.30103,1138.60861,610.30103,84,204.0,2,EVT2,0.365282754378034
W9_tile_37_cell_593,tile_W9_37,W9,9w_1d,7984.0,4349.0,1132.43248,617.32904,1132.43248,617.32904,65,115.0,2,STB,0.354371686326894
W9_tile_37_cell_60,tile_W9_37,W9,9w_1d,7868.0,5182.0,1115.9628,735.59838,1115.9628,735.59838,141,239.0,5,vCTB2,0.487627975738114
W9_tile_37_cell_604,tile_W9_37,W9,9w_1d,8384.0,3868.0,1189.22448,549.03666,1189.22448,549.03666,154,246.0,8,Fibroblast1,0.747056175442903
W9_tile_37_cell_608,tile_W9_37,W9,9w_1d,7638.0,5511.0,1083.3074,782.3098,1083.3074,782.3098,100,132.0,0,STB,0.610709636943812
W9_tile_37_cell_611,tile_W9_37,W9,9w_1d,8947.0,5502.0,1269.15922,781.03198,1269.15922,781.03198,66,144.0,2,EVT2,0.356944303056217
W9_tile_37_cell_62,tile_W9_37,W9,9w_1d,8318.0,4574.0,1179.8538,649.27454,1179.8538,649.27454,79,149.0,0,vCTB2,0.592011743489215
W9_tile_37_cell_631,tile_W9_37,W9,9w_1d,8459.0,4532.0,1199.87298,643.31138,1199.87298,643.31138,53,86.0,2,vCTB2,0.47359532592165
W9_tile_37_cell_649,tile_W9_37,W9,9w_1d,8123.0,4267.0,1152.1677,605.68668,1152.1677,605.68668,105,284.0,7,EVT2,0.392871516709026
W9_tile_37_cell_650,tile_W9_37,W9,9w_1d,8809.0,4728.0,1249.56598,671.13946,1249.56598,671.13946,139,368.0,7,STB,0.687536687114561
W9_tile_37_cell_652,tile_W9_37,W9,9w_1d,8322.0,4126.0,1180.42172,585.6675,1180.42172,585.6675,241,501.0,5,unknown3,0.414794995458041
W9_tile_37_cell_655,tile_W9_37,W9,9w_1d,8250.0,4046.0,1170.19916,574.3091,1170.19916,574.3091,237,940.0,7,STB,0.444266455550285
W9_tile_37_cell_665,tile_W9_37,W9,9w_1d,9057.0,4897.0,1284.77702,695.1340799999999,1284.77702,695.1340799999999,185,379.0,10,STB,0.437801692826281
W9_tile_37_cell_670,tile_W9_37,W9,9w_1d,8184.0,4351.0,1160.82848,617.6129999999999,1160.82848,617.6129999999999,125,257.0,7,vCTB2,0.236150476353374
W9_tile_37_cell_68,tile_W9_37,W9,9w_1d,8969.0,5208.0,1272.28278,739.28986,1272.28278,739.28986,200,875.0,7,STB,0.326934543225198
W9_tile_37_cell_686,tile_W9_37,W9,9w_1d,7770.0,4509.0,1102.04876,640.04584,1102.04876,640.04584,37,111.0,2,vCTB2,0.507707315817149
W9_tile_37_cell_69,tile_W9_37,W9,9w_1d,9027.0,5225.0,1280.51762,741.70352,1280.51762,741.70352,79,227.0,2,EVT2,0.419720732529531
W9_tile_37_cell_694,tile_W9_37,W9,9w_1d,7885.0,5412.5,1118.37646,768.32477,1118.37646,768.32477,72,106.0,9,Hofbauer cells,0.685849576698734
W9_tile_37_cell_700,tile_W9_37,W9,9w_1d,8232.0,4409.0,1167.64352,625.84784,1167.64352,625.84784,227,556.0,10,STB,0.314812882856793
W9_tile_37_cell_701,tile_W9_37,W9,9w_1d,8575.0,4420.0,1216.34266,627.40962,1216.34266,627.40962,134,219.0,3,Fibroblast2,0.898575791477751
W9_tile_37_cell_708,tile_W9_37,W9,9w_1d,7484.5,3709.5,1061.51347,526.53283,1061.51347,526.53283,84,160.0,2,EVT2,0.255292411714192
W9_tile_37_cell_709,tile_W9_37,W9,9w_1d,7951.0,4454.0,1127.74714,632.23694,1127.74714,632.23694,128,438.0,7,EVT3,0.350606662874355
W9_tile_37_cell_71,tile_W9_37,W9,9w_1d,8183.0,5399.0,1160.6865,766.40804,1160.6865,766.40804,208,383.0,10,STB,0.653567464828541
W9_tile_37_cell_713,tile_W9_37,W9,9w_1d,8329.0,3995.0,1181.41558,567.06812,1181.41558,567.06812,183,310.0,8,Fibroblast1,0.786534805897736
W9_tile_37_cell_715,tile_W9_37,W9,9w_1d,8206.0,4296.0,1163.95204,609.8041,1163.95204,609.8041,119,236.0,10,STB,0.476125614042141
W9_tile_37_cell_727,tile_W9_37,W9,9w_1d,8395.0,3764.0,1190.78626,534.2707399999999,1190.78626,534.2707399999999,139,208.0,8,Fibroblast1,0.827883002213108
W9_tile_37_cell_738,tile_W9_37,W9,9w_1d,8876.0,5080.0,1259.07864,721.11642,1259.07864,721.11642,77,253.0,2,EVT2,0.367580671379075
W9_tile_37_cell_744,tile_W9_37,W9,9w_1d,8065.0,4323.0,1143.93286,613.63756,1143.93286,613.63756,178,544.0,7,STB,0.370293981304115
W9_tile_37_cell_750,tile_W9_37,W9,9w_1d,8406.0,4575.0,1192.34804,649.41652,1192.34804,649.41652,230,729.0,10,STB,0.355164988143603
W9_tile_37_cell_760,tile_W9_37,W9,9w_1d,7543.0,3715.5,1069.8193,527.3847099999999,1069.8193,527.3847099999999,92,214.0,2,EVT2,0.378801318095466
W9_tile_37_cell_762,tile_W9_37,W9,9w_1d,8148.5,4703.0,1155.78819,667.58996,1155.78819,667.58996,158,648.0,7,EVT3,0.534612458053203
W9_tile_37_cell_763,tile_W9_37,W9,9w_1d,8889.0,4854.0,1260.92438,689.0289399999999,1260.92438,689.0289399999999,158,963.0,7,STB,0.399099884988878
W9_tile_37_cell_776,tile_W9_37,W9,9w_1d,8976.0,4769.5,1273.27664,677.03163,1273.27664,677.03163,30,80.0,2,vCTB2,0.54871087125028
W9_tile_37_cell_778,tile_W9_37,W9,9w_1d,9146.0,3786.0,1297.41324,537.3942999999999,1297.41324,537.3942999999999,103,129.0,4,Fibroblast2,0.408484709634277
W9_tile_37_cell_787,tile_W9_37,W9,9w_1d,7663.5,5405.5,1086.92789,767.33091,1086.92789,767.33091,183,320.0,5,STB,0.690051084731705
W9_tile_37_cell_796,tile_W9_37,W9,9w_1d,8979.5,5497.0,1273.77357,780.32208,1273.77357,780.32208,47,80.0,2,vCTB2,0.271267097543464
W9_tile_37_cell_797,tile_W9_37,W9,9w_1d,8262.0,4631.0,1171.90292,657.3674,1171.90292,657.3674,239,844.0,10,STB,0.704369224879786
W9_tile_37_cell_815,tile_W9_37,W9,9w_1d,8992.0,4861.0,1275.54832,690.0228,1275.54832,690.0228,69,221.0,2,vCTB2,0.304928006245273
W9_tile_37_cell_823,tile_W9_37,W9,9w_1d,8864.0,5473.0,1257.3748799999998,776.9145599999999,1257.3748799999998,776.9145599999999,93,182.0,2,STB,0.416336647824036
W9_tile_37_cell_829,tile_W9_37,W9,9w_1d,9192.0,4621.0,1303.94432,655.9476,1303.94432,655.9476,92,137.0,12,EVT2,0.237847967278016
W9_tile_37_cell_84,tile_W9_37,W9,9w_1d,8709.0,4364.5,1235.36798,619.52973,1235.36798,619.52973,73,124.0,9,Hofbauer cells,0.734279581248304
W9_tile_37_cell_843,tile_W9_37,W9,9w_1d,8495.0,4385.0,1204.98426,622.4403199999999,1204.98426,622.4403199999999,130,222.0,8,Fibroblast1,0.594843112896068
W9_tile_37_cell_851,tile_W9_37,W9,9w_1d,8929.5,4188.0,1266.67457,594.4702599999999,1266.67457,594.4702599999999,96,126.0,4,Fibroblast2,0.458625027577109
W9_tile_37_cell_853,tile_W9_37,W9,9w_1d,9203.0,5419.0,1305.5061,769.2476399999999,1305.5061,769.2476399999999,85,187.0,7,EVT2,0.33702006647591
W9_tile_37_cell_863,tile_W9_37,W9,9w_1d,9138.0,4572.0,1296.2774,648.99058,1296.2774,648.99058,108,144.0,4,Fibroblast2,0.538875741018801
W9_tile_37_cell_883,tile_W9_37,W9,9w_1d,9196.5,4504.5,1304.58323,639.40693,1304.58323,639.40693,100,136.0,12,Endothelial_cells,0.612521470236299
W9_tile_37_cell_893,tile_W9_37,W9,9w_1d,9014.0,5514.0,1278.67188,782.73574,1278.67188,782.73574,57,102.0,2,vCTB2,0.348244277830013
W9_tile_37_cell_894,tile_W9_37,W9,9w_1d,8189.0,5495.0,1161.53838,780.0381199999999,1161.53838,780.0381199999999,116,173.0,5,vCTB2,0.571147178421884
W9_tile_37_cell_899,tile_W9_37,W9,9w_1d,8080.0,5320.0,1146.0625599999998,755.19162,1146.0625599999998,755.19162,177,338.0,5,vCTB2,0.302329252951807
W9_tile_37_cell_90,tile_W9_37,W9,9w_1d,8434.0,4362.0,1196.32348,619.1747799999999,1196.32348,619.1747799999999,72,89.0,0,vCTB2,0.411404127590679
W9_tile_37_cell_903,tile_W9_37,W9,9w_1d,8110.0,5228.0,1150.32196,742.12946,1150.32196,742.12946,98,203.0,11,STB,0.439949715504097
W9_tile_37_cell_907,tile_W9_37,W9,9w_1d,8001.0,5185.0,1134.84614,736.02432,1134.84614,736.02432,58,102.0,0,vCTB2,0.515401569616823
W9_tile_37_cell_908,tile_W9_37,W9,9w_1d,8855.0,5131.0,1256.09706,728.3574,1256.09706,728.3574,66,217.0,2,vCTB2,0.320483941329346
W9_tile_37_cell_929,tile_W9_37,W9,9w_1d,9112.0,4985.0,1292.58592,707.62832,1292.58592,707.62832,122,183.0,4,Fibroblast2,0.428068548524243
W9_tile_37_cell_936,tile_W9_37,W9,9w_1d,8324.0,4896.0,1180.70568,694.9920999999999,1180.70568,694.9920999999999,45,142.0,2,vCTB2,0.581293832192081
W9_tile_37_cell_938,tile_W9_37,W9,9w_1d,8191.0,4876.0,1161.82234,692.1525,1161.82234,692.1525,54,152.0,2,vCTB2,0.496369396700252
W9_tile_37_cell_942,tile_W9_37,W9,9w_1d,8245.0,4827.0,1169.48926,685.19548,1169.48926,685.19548,123,396.0,7,STB,0.575213696878208
W9_tile_37_cell_943,tile_W9_37,W9,9w_1d,8151.5,4843.0,1156.21413,687.4671599999999,1156.21413,687.4671599999999,55,156.0,2,vCTB2,0.480975045777871
W9_tile_37_cell_945,tile_W9_37,W9,9w_1d,8795.0,4791.0,1247.57826,680.0842,1247.57826,680.0842,152,650.0,7,STB,0.548288907268967
W9_tile_37_cell_947,tile_W9_37,W9,9w_1d,8358.0,4823.0,1185.533,684.62756,1185.533,684.62756,104,445.0,7,EVT2,0.26255939274602
W9_tile_37_cell_949,tile_W9_37,W9,9w_1d,8319.0,4794.0,1179.99578,680.51014,1179.99578,680.51014,135,527.0,7,STB,0.257343671811915
W9_tile_37_cell_952,tile_W9_37,W9,9w_1d,9101.0,4791.0,1291.02414,680.0842,1291.02414,680.0842,421,1095.0,8,Fibroblast1,0.603694279311703
W9_tile_37_cell_954,tile_W9_37,W9,9w_1d,8064.5,4758.0,1143.86187,675.39886,1143.86187,675.39886,53,162.0,2,vCTB2,0.334507516191844
W9_tile_37_cell_955,tile_W9_37,W9,9w_1d,9013.0,4769.0,1278.5299,676.96064,1278.5299,676.96064,130,438.0,7,STB,0.380363054357898
W9_tile_37_cell_956,tile_W9_37,W9,9w_1d,8000.0,4753.0,1134.70416,674.68896,1134.70416,674.68896,59,209.0,2,EVT2,0.381951265584977
W9_tile_37_cell_957,tile_W9_37,W9,9w_1d,8009.5,4715.0,1136.05297,669.29372,1136.05297,669.29372,48,104.0,2,vCTB2,0.515321852989992
W9_tile_37_cell_958,tile_W9_37,W9,9w_1d,7965.0,4700.0,1129.73486,667.1640199999999,1129.73486,667.1640199999999,130,454.0,7,STB,0.43819834360841
W9_tile_37_cell_959,tile_W9_37,W9,9w_1d,8675.0,4716.0,1230.54066,669.4357,1230.54066,669.4357,154,749.0,7,STB,0.305346160030639
W9_tile_37_cell_960,tile_W9_37,W9,9w_1d,8741.0,4705.0,1239.91134,667.87392,1239.91134,667.87392,69,195.0,2,STB,0.320165907785242
W9_tile_37_cell_961,tile_W9_37,W9,9w_1d,8451.0,4692.0,1198.73714,666.02818,1198.73714,666.02818,177,817.0,7,STB,0.427942792296396
W9_tile_37_cell_962,tile_W9_37,W9,9w_1d,8784.0,4667.0,1246.01648,662.4786799999999,1246.01648,662.4786799999999,61,109.0,0,vCTB2,0.561551136358262
W9_tile_37_cell_964,tile_W9_37,W9,9w_1d,7927.0,4656.0,1124.33962,660.9168999999999,1124.33962,660.9168999999999,156,580.0,7,STB,0.306349116484765
W9_tile_37_cell_965,tile_W9_37,W9,9w_1d,8534.0,4661.0,1210.52148,661.6268,1210.52148,661.6268,183,615.0,7,STB,0.646207030395904
W9_tile_37_cell_966,tile_W9_37,W9,9w_1d,8614.0,4658.0,1221.87988,661.2008599999999,1221.87988,661.2008599999999,169,570.0,7,STB,0.556795771152511
W9_tile_37_cell_967,tile_W9_37,W9,9w_1d,7866.0,4657.0,1115.67884,661.0588799999999,1115.67884,661.0588799999999,154,573.0,7,STB,0.373271810766873
W9_tile_37_cell_968,tile_W9_37,W9,9w_1d,7900.0,4629.0,1120.50616,657.08344,1120.50616,657.08344,39,99.0,2,vCTB2,0.497854646358462
W9_tile_37_cell_969,tile_W9_37,W9,9w_1d,8210.0,4646.0,1164.51996,659.4970999999999,1164.51996,659.4970999999999,153,411.0,7,STB,0.517165410635837
W9_tile_37_cell_970,tile_W9_37,W9,9w_1d,8938.0,4639.0,1267.8814,658.50324,1267.8814,658.50324,191,388.0,5,STB,0.289819220966252
W9_tile_37_cell_971,tile_W9_37,W9,9w_1d,8665.0,4604.0,1229.12086,653.53394,1229.12086,653.53394,125,367.0,7,STB,0.285462092531308
W9_tile_37_cell_972,tile_W9_37,W9,9w_1d,8892.0,4603.0,1261.35032,653.3919599999999,1261.35032,653.3919599999999,146,216.0,8,Fibroblast1,0.58945979105176
W9_tile_37_cell_973,tile_W9_37,W9,9w_1d,9017.0,4599.0,1279.09782,652.82404,1279.09782,652.82404,151,249.0,5,vCTB2,0.334357655892531
W9_tile_37_cell_974,tile_W9_37,W9,9w_1d,8632.0,4556.0,1224.43552,646.7189,1224.43552,646.7189,219,483.0,5,unknown3,0.300143804338702
W9_tile_37_cell_975,tile_W9_37,W9,9w_1d,8734.0,4552.0,1238.91748,646.15098,1238.91748,646.15098,164,233.0,3,Fibroblast2,0.958817906538528
W9_tile_37_cell_978,tile_W9_37,W9,9w_1d,8087.0,4532.0,1147.05642,643.31138,1147.05642,643.31138,107,227.0,7,vCTB2,0.419303946930191
W9_tile_37_cell_979,tile_W9_37,W9,9w_1d,8179.0,4502.0,1160.11858,639.05198,1160.11858,639.05198,239,665.0,10,STB,0.374568301163661
W9_tile_37_cell_980,tile_W9_37,W9,9w_1d,8876.5,4483.0,1259.14963,636.3543599999999,1259.14963,636.3543599999999,237,476.0,9,Fibroblast2,0.419296933865529
W9_tile_37_cell_981,tile_W9_37,W9,9w_1d,9043.0,4473.0,1282.7893,634.93456,1282.7893,634.93456,112,165.0,3,Fibroblast2,0.652551005719701
W9_tile_37_cell_987,tile_W9_37,W9,9w_1d,7888.0,4213.0,1118.8024,598.01976,1118.8024,598.01976,200,1018.0,7,STB,0.302204746684701
W9_tile_37_cell_993,tile_W9_37,W9,9w_1d,8929.5,4131.0,1266.67457,586.3774,1266.67457,586.3774,156,242.0,3,Fibroblast2,0.954165821258744
W9_tile_37_cell_995,tile_W9_37,W9,9w_1d,7959.0,4136.0,1128.88298,587.0873,1128.88298,587.0873,41,144.0,2,vCTB2,0.494379551382404
W9_tile_38_cell_115,tile_W9_38,W9,9w_1d,10619.0,4499.0,1506.54978,638.62604,1506.54978,638.62604,132,241.0,3,Fibroblast2,0.819570148150644
W9_tile_38_cell_116,tile_W9_38,W9,9w_1d,9734.0,4183.0,1380.89748,593.76036,1380.89748,593.76036,154,267.0,3,Fibroblast2,0.968747335576576
W9_tile_38_cell_117,tile_W9_38,W9,9w_1d,10017.0,5381.0,1421.07782,763.8524,1421.07782,763.8524,136,213.0,4,Fibroblast2,0.806945696787251
W9_tile_38_cell_123,tile_W9_38,W9,9w_1d,9365.0,4181.0,1328.50686,593.4764,1328.50686,593.4764,205,350.0,3,Fibroblast2,0.916062016045303
W9_tile_38_cell_127,tile_W9_38,W9,9w_1d,11035.0,4046.0,1565.61346,574.3091,1565.61346,574.3091,67,89.0,4,Fibroblast2,0.391262439572465
W9_tile_38_cell_136,tile_W9_38,W9,9w_1d,9411.0,4608.5,1335.03794,654.1728499999999,1335.03794,654.1728499999999,163,244.0,3,Fibroblast2,0.956711406830582
W9_tile_38_cell_139,tile_W9_38,W9,9w_1d,10040.0,5324.0,1424.3433599999998,755.75954,1424.3433599999998,755.75954,189,309.0,3,Fibroblast2,0.926741048006237
W9_tile_38_cell_148,tile_W9_38,W9,9w_1d,10003.0,4610.0,1419.0901,654.38582,1419.0901,654.38582,143,270.0,3,Fibroblast2,0.931504752988418
W9_tile_38_cell_150,tile_W9_38,W9,9w_1d,9563.0,3706.0,1356.6189,526.0359,1356.6189,526.0359,122,170.0,3,Fibroblast2,0.766355390148444
W9_tile_38_cell_153,tile_W9_38,W9,9w_1d,9316.0,4027.0,1321.54984,571.61148,1321.54984,571.61148,257,517.0,3,Fibroblast2,0.838463062802991
W9_tile_38_cell_157,tile_W9_38,W9,9w_1d,9660.0,4178.0,1370.39096,593.0504599999999,1370.39096,593.0504599999999,201,479.0,3,Fibroblast2,0.862068133918767
W9_tile_38_cell_158,tile_W9_38,W9,9w_1d,10259.0,4860.0,1455.43698,689.88082,1455.43698,689.88082,186,358.0,3,Fibroblast2,0.990146654926755
W9_tile_38_cell_160,tile_W9_38,W9,9w_1d,10276.5,5516.0,1457.92163,783.0197,1457.92163,783.0197,123,160.0,0,Fibroblast2,0.371620620771412
W9_tile_38_cell_179,tile_W9_38,W9,9w_1d,9641.0,3723.0,1367.69334,528.44956,1367.69334,528.44956,136,213.0,3,Fibroblast2,0.946720554687512
W9_tile_38_cell_180,tile_W9_38,W9,9w_1d,9674.0,5339.0,1372.37868,757.88924,1372.37868,757.88924,116,204.0,3,Fibroblast2,0.852820197261871
W9_tile_38_cell_190,tile_W9_38,W9,9w_1d,9790.0,5005.0,1388.84836,710.4679199999999,1388.84836,710.4679199999999,123,187.0,8,Fibroblast1,0.438858865834897
W9_tile_38_cell_192,tile_W9_38,W9,9w_1d,10220.0,3719.0,1449.89976,527.88164,1449.89976,527.88164,104,179.0,4,Fibroblast2,0.509075830146003
W9_tile_38_cell_194,tile_W9_38,W9,9w_1d,10516.0,5469.0,1491.92584,776.34664,1491.92584,776.34664,195,309.0,3,Fibroblast2,0.959647287552307
W9_tile_38_cell_199,tile_W9_38,W9,9w_1d,9701.0,4099.0,1376.21214,581.83404,1376.21214,581.83404,98,145.0,4,Fibroblast2,0.597400097885855
W9_tile_38_cell_201,tile_W9_38,W9,9w_1d,9271.0,5275.0,1315.16074,748.80252,1315.16074,748.80252,142,280.0,10,vCTB2,0.4121041231719
W9_tile_38_cell_210,tile_W9_38,W9,9w_1d,9293.0,4165.0,1318.2843,591.20472,1318.2843,591.20472,152,269.0,3,Fibroblast2,0.975583310723803
W9_tile_38_cell_213,tile_W9_38,W9,9w_1d,10437.0,4097.0,1480.70942,581.55008,1480.70942,581.55008,61,83.0,4,Fibroblast2,0.280064418329892
W9_tile_38_cell_23,tile_W9_38,W9,9w_1d,10504.5,4764.0,1490.29307,676.25074,1490.29307,676.25074,138,226.0,12,Fibroblast2,0.620156735416764
W9_tile_38_cell_232,tile_W9_38,W9,9w_1d,9722.0,5392.0,1379.19372,765.41418,1379.19372,765.41418,136,205.0,8,Fibroblast1,0.444893349285555
W9_tile_38_cell_233,tile_W9_38,W9,9w_1d,10696.0,4684.0,1517.48224,664.89234,1517.48224,664.89234,95,129.0,4,Fibroblast2,0.506225895547351
W9_tile_38_cell_243,tile_W9_38,W9,9w_1d,9879.0,3771.0,1401.48458,535.2646,1401.48458,535.2646,294,587.0,9,Fibroblast2,0.373870049668608
W9_tile_38_cell_252,tile_W9_38,W9,9w_1d,9262.0,5078.0,1313.88292,720.83246,1313.88292,720.83246,122,189.0,4,Fibroblast2,0.35869657045678
W9_tile_38_cell_255,tile_W9_38,W9,9w_1d,10853.0,5240.0,1539.7731,743.83322,1539.7731,743.83322,81,109.0,4,Fibroblast2,0.392008343192389
W9_tile_38_cell_266,tile_W9_38,W9,9w_1d,9687.0,4465.0,1374.22442,633.79872,1374.22442,633.79872,197,393.0,3,Fibroblast2,0.879733503597567
W9_tile_38_cell_269,tile_W9_38,W9,9w_1d,11026.0,4318.5,1564.33564,612.99865,1564.33564,612.99865,85,116.0,4,Fibroblast2,0.450588125785789
W9_tile_38_cell_276,tile_W9_38,W9,9w_1d,9433.0,5250.0,1338.1615,745.25302,1338.1615,745.25302,122,193.0,3,Fibroblast2,0.912822299756023
W9_tile_38_cell_277,tile_W9_38,W9,9w_1d,9238.0,4461.0,1310.4754,633.2307999999999,1310.4754,633.2307999999999,123,208.0,12,Endothelial_cells,0.928476670898925
W9_tile_38_cell_285,tile_W9_38,W9,9w_1d,10188.0,3819.0,1445.3564,542.0796399999999,1445.3564,542.0796399999999,62,97.0,4,EVT2,0.256118214560979
W9_tile_38_cell_302,tile_W9_38,W9,9w_1d,10654.0,3768.0,1511.51908,534.83866,1511.51908,534.83866,144,218.0,3,Fibroblast2,0.972310476334698
W9_tile_38_cell_306,tile_W9_38,W9,9w_1d,9258.0,4363.0,1313.315,619.3167599999999,1313.315,619.3167599999999,165,305.0,12,Endothelial_cells,0.957554704197147
W9_tile_38_cell_310,tile_W9_38,W9,9w_1d,9271.0,4298.0,1315.16074,610.0880599999999,1315.16074,610.0880599999999,177,330.0,3,Fibroblast2,0.948436780523281
W9_tile_38_cell_324,tile_W9_38,W9,9w_1d,10558.0,5069.0,1497.889,719.55464,1497.889,719.55464,130,205.0,3,Fibroblast2,0.801253058005283
W9_tile_38_cell_349,tile_W9_38,W9,9w_1d,10749.0,5350.0,1525.0071799999998,759.45102,1525.0071799999998,759.45102,170,303.0,9,Hofbauer cells,0.554891589551115
W9_tile_38_cell_350,tile_W9_38,W9,9w_1d,9897.5,4852.5,1404.11121,688.81597,1404.11121,688.81597,84,140.0,4,Fibroblast2,0.396982837584248
W9_tile_38_cell_363,tile_W9_38,W9,9w_1d,10960.0,5198.0,1554.96496,737.87006,1554.96496,737.87006,166,289.0,9,Fibroblast2,0.928885883649852
W9_tile_38_cell_366,tile_W9_38,W9,9w_1d,9461.0,4797.0,1342.13694,680.93608,1342.13694,680.93608,128,202.0,3,Fibroblast2,0.899454726988129
W9_tile_38_cell_380,tile_W9_38,W9,9w_1d,9282.5,5473.5,1316.79351,776.98555,1316.79351,776.98555,48,86.0,2,vCTB2,0.429260173694062
W9_tile_38_cell_385,tile_W9_38,W9,9w_1d,10167.0,5358.0,1442.37482,760.58686,1442.37482,760.58686,270,520.0,9,Hofbauer cells,0.75771621140457
W9_tile_38_cell_399,tile_W9_38,W9,9w_1d,9794.5,4673.0,1389.48727,663.33056,1389.48727,663.33056,112,212.0,9,Hofbauer cells,0.772824073153548
W9_tile_38_cell_403,tile_W9_38,W9,9w_1d,10494.5,5023.0,1488.87327,713.02356,1488.87327,713.02356,161,248.0,3,Fibroblast2,0.936505054689616
W9_tile_38_cell_410,tile_W9_38,W9,9w_1d,10694.0,3705.0,1517.1982799999998,525.89392,1517.1982799999998,525.89392,84,116.0,9,Hofbauer cells,0.638869986879911
W9_tile_38_cell_416,tile_W9_38,W9,9w_1d,9571.0,4324.0,1357.75474,613.77954,1357.75474,613.77954,125,199.0,3,Fibroblast2,0.954749030362375
W9_tile_38_cell_435,tile_W9_38,W9,9w_1d,9403.0,4813.0,1333.9021,683.20776,1333.9021,683.20776,65,91.0,4,Fibroblast2,0.386491951248385
W9_tile_38_cell_439,tile_W9_38,W9,9w_1d,10961.0,3787.0,1555.10694,537.53628,1555.10694,537.53628,163,255.0,8,Fibroblast1,0.74744334480258
W9_tile_38_cell_450,tile_W9_38,W9,9w_1d,10075.0,5401.0,1429.31266,766.692,1429.31266,766.692,118,219.0,0,vCTB2,0.557734642389114
W9_tile_38_cell_458,tile_W9_38,W9,9w_1d,10078.0,5248.5,1429.7386,745.04005,1429.7386,745.04005,226,432.0,9,Fibroblast2,0.823699262830719
W9_tile_38_cell_48,tile_W9_38,W9,9w_1d,10285.0,4246.0,1459.12846,602.7051,1459.12846,602.7051,277,556.0,3,Fibroblast2,0.833047497086177
W9_tile_38_cell_492,tile_W9_38,W9,9w_1d,9821.0,5422.0,1393.24974,769.67358,1393.24974,769.67358,164,251.0,5,unknown3,0.273590372233646
W9_tile_38_cell_494,tile_W9_38,W9,9w_1d,10717.0,4636.0,1520.46382,658.0772999999999,1520.46382,658.0772999999999,91,124.0,4,Fibroblast2,0.471987161573518
W9_tile_38_cell_496,tile_W9_38,W9,9w_1d,10559.5,5307.5,1498.10197,753.41687,1498.10197,753.41687,66,86.0,4,Fibroblast2,0.301837496657598
W9_tile_38_cell_508,tile_W9_38,W9,9w_1d,10438.0,4819.0,1480.8514,684.05964,1480.8514,684.05964,217,399.0,12,Fibroblast1,0.693775958754453
W9_tile_38_cell_514,tile_W9_38,W9,9w_1d,9598.5,5514.5,1361.65919,782.80673,1361.65919,782.80673,111,158.0,0,vCTB2,0.480168310093139
W9_tile_38_cell_525,tile_W9_38,W9,9w_1d,10561.5,4024.0,1498.38593,571.18554,1498.38593,571.18554,133,222.0,3,Fibroblast2,0.863602366298812
W9_tile_38_cell_532,tile_W9_38,W9,9w_1d,9265.0,5407.0,1314.30886,767.54388,1314.30886,767.54388,153,476.0,7,STB,0.429211612894207
W9_tile_38_cell_539,tile_W9_38,W9,9w_1d,11030.0,3765.0,1564.90356,534.41272,1564.90356,534.41272,191,268.0,8,Fibroblast1,0.803565323323377
W9_tile_38_cell_545,tile_W9_38,W9,9w_1d,10101.0,4316.5,1433.00414,612.71469,1433.00414,612.71469,125,186.0,4,Fibroblast2,0.731027349909143
W9_tile_38_cell_547,tile_W9_38,W9,9w_1d,10654.0,5278.0,1511.51908,749.2284599999999,1511.51908,749.2284599999999,229,439.0,3,Fibroblast2,0.923887896980819
W9_tile_38_cell_551,tile_W9_38,W9,9w_1d,9625.0,4123.0,1365.42166,585.2415599999999,1365.42166,585.2415599999999,185,305.0,3,Fibroblast2,0.960971290815628
W9_tile_38_cell_557,tile_W9_38,W9,9w_1d,10452.5,4010.0,1482.91011,569.19782,1482.91011,569.19782,85,114.0,8,Fibroblast1,0.367397582946526
W9_tile_38_cell_570,tile_W9_38,W9,9w_1d,10816.0,5306.0,1534.51984,753.2039,1534.51984,753.2039,142,212.0,3,Fibroblast2,0.894142873168209
W9_tile_38_cell_571,tile_W9_38,W9,9w_1d,10327.0,4882.0,1465.09162,693.00438,1465.09162,693.00438,229,415.0,8,Fibroblast1,0.888987739182663
W9_tile_38_cell_578,tile_W9_38,W9,9w_1d,9242.0,4660.5,1311.04332,661.55581,1311.04332,661.55581,97,156.0,8,Fibroblast1,0.661326389220708
W9_tile_38_cell_600,tile_W9_38,W9,9w_1d,10745.0,5400.0,1524.43926,766.55002,1524.43926,766.55002,114,199.0,9,Hofbauer cells,0.677087360519076
W9_tile_38_cell_605,tile_W9_38,W9,9w_1d,9480.0,4154.5,1344.83456,589.71393,1344.83456,589.71393,96,162.0,4,Fibroblast2,0.606262626698583
W9_tile_38_cell_635,tile_W9_38,W9,9w_1d,10913.0,4240.0,1548.2919,601.85322,1548.2919,601.85322,172,331.0,9,Hofbauer cells,0.787734703719103
W9_tile_38_cell_636,tile_W9_38,W9,9w_1d,9369.0,4437.0,1329.07478,629.82328,1329.07478,629.82328,334,662.0,8,Endothelial_cells,0.807054571482448
W9_tile_38_cell_640,tile_W9_38,W9,9w_1d,10168.0,5443.5,1442.5168,772.72615,1442.5168,772.72615,165,290.0,5,vCTBp,0.265702038835811
W9_tile_38_cell_649,tile_W9_38,W9,9w_1d,10375.0,4805.0,1471.90666,682.07192,1471.90666,682.07192,117,179.0,8,Fibroblast1,0.590174753530698
W9_tile_38_cell_661,tile_W9_38,W9,9w_1d,10904.0,5460.0,1547.01408,775.06882,1547.01408,775.06882,236,423.0,5,unknown3,0.398566828714023
W9_tile_38_cell_663,tile_W9_38,W9,9w_1d,10012.0,5460.0,1420.36792,775.06882,1420.36792,775.06882,187,419.0,10,STB,0.283156035810086
W9_tile_38_cell_664,tile_W9_38,W9,9w_1d,9625.0,5360.0,1365.42166,760.87082,1365.42166,760.87082,115,179.0,3,Fibroblast2,0.686399534689388
W9_tile_38_cell_679,tile_W9_38,W9,9w_1d,10104.0,5483.5,1433.43008,778.40535,1433.43008,778.40535,177,524.0,7,STB,0.642787742749756
W9_tile_38_cell_691,tile_W9_38,W9,9w_1d,9592.0,4415.0,1360.73632,626.69972,1360.73632,626.69972,241,496.0,3,Fibroblast2,0.900125456275806
W9_tile_38_cell_7,tile_W9_38,W9,9w_1d,10747.0,4715.0,1524.72322,669.29372,1524.72322,669.29372,154,245.0,3,Fibroblast2,0.958403793644299
W9_tile_38_cell_714,tile_W9_38,W9,9w_1d,9333.5,5173.0,1324.03449,734.32056,1324.03449,734.32056,99,150.0,4,Fibroblast2,0.253687886689189
W9_tile_38_cell_718,tile_W9_38,W9,9w_1d,9952.5,4846.5,1411.92011,687.9640899999999,1411.92011,687.9640899999999,90,148.0,8,Fibroblast1,0.330046322584289
W9_tile_38_cell_72,tile_W9_38,W9,9w_1d,9940.0,5455.0,1410.14536,774.35892,1410.14536,774.35892,184,411.0,10,unknown3,0.294136684642666
W9_tile_38_cell_730,tile_W9_38,W9,9w_1d,9703.0,5489.0,1376.4960999999998,779.18624,1376.4960999999998,779.18624,271,553.0,10,unknown3,0.446689515475851
W9_tile_38_cell_733,tile_W9_38,W9,9w_1d,10972.0,4215.0,1556.66872,598.30372,1556.66872,598.30372,69,111.0,9,Hofbauer cells,0.703566947333988
W9_tile_38_cell_734,tile_W9_38,W9,9w_1d,9307.0,5328.5,1320.27202,756.39845,1320.27202,756.39845,183,346.0,10,STB,0.648228427762991
W9_tile_38_cell_735,tile_W9_38,W9,9w_1d,9608.0,4277.0,1363.008,607.10648,1363.008,607.10648,176,279.0,3,Fibroblast2,0.956144879484524
W9_tile_38_cell_751,tile_W9_38,W9,9w_1d,9907.0,5497.0,1405.46002,780.32208,1405.46002,780.32208,86,228.0,7,vCTB2,0.373134665797159
W9_tile_38_cell_758,tile_W9_38,W9,9w_1d,9847.0,4715.0,1396.94122,669.29372,1396.94122,669.29372,150,367.0,9,Hofbauer cells,0.760674731339353
W9_tile_38_cell_76,tile_W9_38,W9,9w_1d,9410.0,5200.0,1334.89596,738.15402,1334.89596,738.15402,66,101.0,4,EVT2,0.253300387639116
W9_tile_38_cell_797,tile_W9_38,W9,9w_1d,9817.0,5499.0,1392.68182,780.60604,1392.68182,780.60604,221,753.0,7,Hofbauer cells,0.391550060249305
W9_tile_38_cell_798,tile_W9_38,W9,9w_1d,9500.0,5495.0,1347.67416,780.0381199999999,1347.67416,780.0381199999999,266,572.0,5,unknown3,0.471565909383309
W9_tile_38_cell_799,tile_W9_38,W9,9w_1d,10226.0,5457.0,1450.75164,774.64288,1450.75164,774.64288,222,441.0,5,unknown3,0.426476009281703
W9_tile_38_cell_800,tile_W9_38,W9,9w_1d,9533.0,5404.0,1352.3595,767.11794,1352.3595,767.11794,201,327.0,8,Fibroblast1,0.84860913367538
W9_tile_38_cell_801,tile_W9_38,W9,9w_1d,9365.0,5452.0,1328.50686,773.9329799999999,1328.50686,773.9329799999999,308,755.0,10,maternal macrophages ,0.452575274968453
W9_tile_38_cell_803,tile_W9_38,W9,9w_1d,9448.5,5310.0,1340.36219,753.7718199999999,1340.36219,753.7718199999999,127,188.0,4,Fibroblast2,0.837990508928339
W9_tile_38_cell_806,tile_W9_38,W9,9w_1d,10368.0,5283.0,1470.9128,749.93836,1470.9128,749.93836,99,163.0,4,Fibroblast2,0.555803991990327
W9_tile_38_cell_807,tile_W9_38,W9,9w_1d,10913.0,5309.5,1548.2919,753.70083,1548.2919,753.70083,237,382.0,3,Fibroblast2,0.856575204738515
W9_tile_38_cell_810,tile_W9_38,W9,9w_1d,9303.0,5122.0,1319.7041,727.07958,1319.7041,727.07958,186,301.0,3,Fibroblast2,0.910951969289754
W9_tile_38_cell_811,tile_W9_38,W9,9w_1d,9626.0,5192.0,1365.56364,737.01818,1365.56364,737.01818,95,143.0,4,Fibroblast2,0.600893214088362
W9_tile_38_cell_816,tile_W9_38,W9,9w_1d,10914.0,4995.0,1548.43388,709.0481199999999,1548.43388,709.0481199999999,176,354.0,9,Hofbauer cells,0.700869060410724
W9_tile_38_cell_818,tile_W9_38,W9,9w_1d,9499.0,4910.0,1347.53218,696.97982,1347.53218,696.97982,103,169.0,8,Fibroblast1,0.515440166330962
W9_tile_38_cell_822,tile_W9_38,W9,9w_1d,10511.0,4851.0,1491.21594,688.603,1491.21594,688.603,81,111.0,4,vCTB2,0.251920156960442
W9_tile_38_cell_831,tile_W9_38,W9,9w_1d,9736.0,4619.0,1381.1814399999998,655.66364,1381.1814399999998,655.66364,75,121.0,4,Hofbauer cells,0.307336334981071
W9_tile_38_cell_836,tile_W9_38,W9,9w_1d,9896.0,4497.0,1403.89824,638.34208,1403.89824,638.34208,71,99.0,4,Fibroblast2,0.373737806449883
W9_tile_38_cell_84,tile_W9_38,W9,9w_1d,10142.0,5078.0,1438.82532,720.83246,1438.82532,720.83246,431,1160.0,8,Endothelial_cells,0.496137515009701
W9_tile_38_cell_841,tile_W9_38,W9,9w_1d,10264.0,4406.0,1456.14688,625.4218999999999,1456.14688,625.4218999999999,189,339.0,3,Fibroblast2,0.965304954457551
W9_tile_38_cell_842,tile_W9_38,W9,9w_1d,10162.0,4397.0,1441.66492,624.14408,1441.66492,624.14408,62,101.0,4,Fibroblast2,0.415807577794328
W9_tile_38_cell_843,tile_W9_38,W9,9w_1d,10218.0,4366.0,1449.6158,619.7427,1449.6158,619.7427,89,137.0,4,Fibroblast2,0.465001873720901
W9_tile_38_cell_846,tile_W9_38,W9,9w_1d,10781.5,4263.0,1529.62153,605.11876,1529.62153,605.11876,257,482.0,3,Fibroblast2,0.895190339561016
W9_tile_38_cell_847,tile_W9_38,W9,9w_1d,10432.0,4247.0,1479.9995199999998,602.84708,1479.9995199999998,602.84708,106,179.0,4,Fibroblast2,0.791041481897433
W9_tile_38_cell_848,tile_W9_38,W9,9w_1d,10059.5,4249.0,1427.11197,603.13104,1427.11197,603.13104,72,130.0,4,unknown3,0.280688085781464
W9_tile_38_cell_849,tile_W9_38,W9,9w_1d,9249.5,4225.0,1312.10817,599.72352,1312.10817,599.72352,159,322.0,3,Fibroblast2,0.951176491454572
W9_tile_38_cell_85,tile_W9_38,W9,9w_1d,10296.0,4983.5,1460.69024,707.41535,1460.69024,707.41535,282,636.0,3,Fibroblast2,0.919932412915986
W9_tile_38_cell_851,tile_W9_38,W9,9w_1d,9903.0,4158.5,1404.8921,590.28185,1404.8921,590.28185,155,302.0,3,Fibroblast2,0.807316083509962
W9_tile_38_cell_862,tile_W9_38,W9,9w_1d,9513.0,3970.0,1349.5199,563.5186199999999,1349.5199,563.5186199999999,124,221.0,4,Fibroblast2,0.824984574761182
W9_tile_38_cell_863,tile_W9_38,W9,9w_1d,10642.0,3992.0,1509.81532,566.6421799999999,1509.81532,566.6421799999999,115,165.0,4,Fibroblast2,0.593989967118419
W9_tile_38_cell_866,tile_W9_38,W9,9w_1d,10118.0,3992.0,1435.4178,566.6421799999999,1435.4178,566.6421799999999,70,103.0,4,Fibroblast2,0.39607901349094
W9_tile_38_cell_867,tile_W9_38,W9,9w_1d,9446.0,3916.0,1340.00724,555.8516999999999,1340.00724,555.8516999999999,257,552.0,3,Fibroblast2,0.917315664137412
W9_tile_38_cell_874,tile_W9_38,W9,9w_1d,9965.5,3840.0,1413.76585,545.0612199999999,1413.76585,545.0612199999999,216,386.0,9,Hofbauer cells,0.437747394074642
W9_tile_38_cell_875,tile_W9_38,W9,9w_1d,10379.0,3863.0,1472.47458,548.32676,1472.47458,548.32676,193,368.0,3,Fibroblast2,0.942424559274317
W9_tile_38_cell_876,tile_W9_38,W9,9w_1d,9643.0,3834.0,1367.9773,544.20934,1367.9773,544.20934,217,367.0,3,Fibroblast2,0.874183290823805
W9_tile_38_cell_885,tile_W9_38,W9,9w_1d,9834.5,3791.5,1395.16647,538.1751899999999,1395.16647,538.1751899999999,76,112.0,9,Hofbauer cells,0.481924098121493
W9_tile_38_cell_89,tile_W9_38,W9,9w_1d,9878.0,5419.5,1401.3426,769.31863,1401.3426,769.31863,112,152.0,0,vCTB2,0.279903351520993
W9_tile_38_cell_9,tile_W9_38,W9,9w_1d,10028.0,4809.0,1422.6396,682.6398399999999,1422.6396,682.6398399999999,220,429.0,8,Fibroblast2,0.639623352018975
W9_tile_38_cell_94,tile_W9_38,W9,9w_1d,9297.5,4459.0,1318.92321,632.94684,1318.92321,632.94684,71,100.0,12,vCTB2,0.26369228104718
W9_tile_39_cell_1003,tile_W9_39,W9,9w_1d,12647.0,4424.5,1794.48522,628.04853,1794.48522,628.04853,169,326.0,9,Hofbauer cells,0.786631220535972
W9_tile_39_cell_1017,tile_W9_39,W9,9w_1d,11786.0,4153.5,1672.24044,589.57195,1672.24044,589.57195,261,620.0,10,STB,0.421564374231157
W9_tile_39_cell_1018,tile_W9_39,W9,9w_1d,11119.0,4693.5,1577.5397799999998,666.24115,1577.5397799999998,666.24115,186,326.0,3,Fibroblast2,0.934006638416639
W9_tile_39_cell_1047,tile_W9_39,W9,9w_1d,11460.0,5162.5,1625.95496,732.8297699999999,1625.95496,732.8297699999999,154,274.0,3,Fibroblast2,0.792766693061857
W9_tile_39_cell_1049,tile_W9_39,W9,9w_1d,12787.0,4789.0,1814.36242,679.80024,1814.36242,679.80024,120,170.0,0,vCTB2,0.431574061620144
W9_tile_39_cell_1055,tile_W9_39,W9,9w_1d,12559.0,4091.5,1781.99098,580.76919,1781.99098,580.76919,84,122.0,4,Fibroblast2,0.375521596436138
W9_tile_39_cell_1060,tile_W9_39,W9,9w_1d,12705.0,4494.0,1802.72006,637.9161399999999,1802.72006,637.9161399999999,96,145.0,4,Fibroblast2,0.388008040061393
W9_tile_39_cell_1078,tile_W9_39,W9,9w_1d,12769.0,4164.0,1811.80678,591.06274,1811.80678,591.06274,135,213.0,4,Fibroblast2,0.55320629553278
W9_tile_39_cell_1125,tile_W9_39,W9,9w_1d,11223.0,5428.0,1592.3057,770.52546,1592.3057,770.52546,110,155.0,0,vCTB2,0.45308446804062
W9_tile_39_cell_1136,tile_W9_39,W9,9w_1d,11708.0,5275.0,1661.166,748.80252,1661.166,748.80252,272,499.0,3,Fibroblast1,0.527500206939048
W9_tile_39_cell_1138,tile_W9_39,W9,9w_1d,11371.5,5298.0,1613.38973,752.06806,1613.38973,752.06806,68,100.0,4,vCTB2,0.406090729139297
W9_tile_39_cell_1140,tile_W9_39,W9,9w_1d,11282.5,5243.0,1600.75351,744.25916,1600.75351,744.25916,232,446.0,3,Fibroblast2,0.921328655376539
W9_tile_39_cell_1144,tile_W9_39,W9,9w_1d,11106.5,5211.0,1575.76503,739.7158,1575.76503,739.7158,150,252.0,4,Fibroblast2,0.93940035182129
W9_tile_39_cell_1146,tile_W9_39,W9,9w_1d,11635.0,5193.0,1650.80146,737.16016,1650.80146,737.16016,349,793.0,9,Hofbauer cells,0.662521538138531
W9_tile_39_cell_1147,tile_W9_39,W9,9w_1d,12097.0,5194.0,1716.39622,737.30214,1716.39622,737.30214,173,280.0,5,unknown3,0.357057607164377
W9_tile_39_cell_1164,tile_W9_39,W9,9w_1d,11874.0,4949.0,1684.73468,702.51704,1684.73468,702.51704,255,471.0,5,unknown3,0.415444197920944
W9_tile_39_cell_1169,tile_W9_39,W9,9w_1d,12783.0,4854.0,1813.7945,689.0289399999999,1813.7945,689.0289399999999,141,225.0,11,EVT2,0.866787597691664
W9_tile_39_cell_1174,tile_W9_39,W9,9w_1d,11845.5,4841.5,1680.68825,687.25419,1680.68825,687.25419,83,102.0,0,STB,0.299786979094586
W9_tile_39_cell_1181,tile_W9_39,W9,9w_1d,11306.0,4750.5,1604.09004,674.3340099999999,1604.09004,674.3340099999999,268,548.0,3,Fibroblast2,0.943780067717837
W9_tile_39_cell_1186,tile_W9_39,W9,9w_1d,11386.5,4736.5,1615.51943,672.34629,1615.51943,672.34629,69,98.0,4,Fibroblast2,0.298112516644156
W9_tile_39_cell_1189,tile_W9_39,W9,9w_1d,11679.0,4565.0,1657.04858,647.99672,1657.04858,647.99672,300,711.0,5,unknown3,0.380415885788583
W9_tile_39_cell_1193,tile_W9_39,W9,9w_1d,11369.0,4584.0,1613.03478,650.69434,1613.03478,650.69434,212,435.0,9,Hofbauer cells,0.776885073780589
W9_tile_39_cell_1198,tile_W9_39,W9,9w_1d,12206.0,4473.0,1731.87204,634.93456,1731.87204,634.93456,305,610.0,8,Fibroblast1,0.513131403146415
W9_tile_39_cell_1201,tile_W9_39,W9,9w_1d,11357.0,4440.0,1611.33102,630.2492199999999,1611.33102,630.2492199999999,270,526.0,3,Fibroblast2,0.928168777004208
W9_tile_39_cell_1202,tile_W9_39,W9,9w_1d,12517.5,4415.0,1776.09881,626.69972,1776.09881,626.69972,253,596.0,3,Fibroblast2,0.917614089308933
W9_tile_39_cell_1203,tile_W9_39,W9,9w_1d,11473.0,4416.0,1627.8007,626.8417,1627.8007,626.8417,324,758.0,5,unknown3,0.56746399846474
W9_tile_39_cell_1210,tile_W9_39,W9,9w_1d,11967.5,4309.0,1698.00981,611.6498399999999,1698.00981,611.6498399999999,161,326.0,5,vCTBp,0.335764244722546
W9_tile_39_cell_1212,tile_W9_39,W9,9w_1d,11396.0,4269.0,1616.86824,605.97064,1616.86824,605.97064,318,761.0,5,unknown3,0.519143038390544
W9_tile_39_cell_1213,tile_W9_39,W9,9w_1d,12068.0,4205.0,1712.2788,596.88392,1712.2788,596.88392,234,451.0,3,Fibroblast2,0.83181348449179
W9_tile_39_cell_1214,tile_W9_39,W9,9w_1d,11274.0,4189.0,1599.54668,594.6122399999999,1599.54668,594.6122399999999,92,127.0,4,Fibroblast2,0.326026744282226
W9_tile_39_cell_1218,tile_W9_39,W9,9w_1d,11222.0,4127.0,1592.16372,585.80948,1592.16372,585.80948,175,277.0,3,Fibroblast2,0.8124602956122
W9_tile_39_cell_1219,tile_W9_39,W9,9w_1d,12703.0,4134.0,1802.4361,586.8033399999999,1802.4361,586.8033399999999,142,236.0,3,Fibroblast2,0.797204864013186
W9_tile_39_cell_1221,tile_W9_39,W9,9w_1d,11971.0,4058.0,1698.50674,576.0128599999999,1698.50674,576.0128599999999,420,1092.0,8,Endothelial_cells,0.447886736827929
W9_tile_39_cell_1223,tile_W9_39,W9,9w_1d,11171.0,4058.5,1584.92274,576.08385,1584.92274,576.08385,194,330.0,8,Fibroblast2,0.789358359555091
W9_tile_39_cell_1224,tile_W9_39,W9,9w_1d,11617.0,4034.0,1648.24582,572.60534,1648.24582,572.60534,253,491.0,5,unknown3,0.408760965126549
W9_tile_39_cell_1228,tile_W9_39,W9,9w_1d,11534.0,3995.5,1636.46148,567.13911,1636.46148,567.13911,153,244.0,5,STB,0.27313526911773
W9_tile_39_cell_1229,tile_W9_39,W9,9w_1d,11618.0,3977.0,1648.3878,564.51248,1648.3878,564.51248,130,211.0,5,vCTB2,0.348110657267037
W9_tile_39_cell_1231,tile_W9_39,W9,9w_1d,12785.0,3984.0,1814.07846,565.50634,1814.07846,565.50634,81,115.0,4,Fibroblast2,0.33593056311055
W9_tile_39_cell_1232,tile_W9_39,W9,9w_1d,11471.0,4009.0,1627.51674,569.05584,1627.51674,569.05584,182,306.0,5,STB,0.44288845860085
W9_tile_39_cell_1235,tile_W9_39,W9,9w_1d,12709.0,3945.0,1803.28798,559.96912,1803.28798,559.96912,161,274.0,3,Fibroblast2,0.703145004493628
W9_tile_39_cell_1236,tile_W9_39,W9,9w_1d,11693.0,3914.0,1659.0363,555.56774,1659.0363,555.56774,345,687.0,8,Fibroblast1,0.715081608061706
W9_tile_39_cell_1238,tile_W9_39,W9,9w_1d,11779.0,3891.0,1671.24658,552.3022,1671.24658,552.3022,67,85.0,9,Hofbauer cells,0.629937218129931
W9_tile_39_cell_1240,tile_W9_39,W9,9w_1d,11179.0,3853.0,1586.05858,546.90696,1586.05858,546.90696,167,253.0,12,Endothelial_cells,0.906690126485529
W9_tile_39_cell_1245,tile_W9_39,W9,9w_1d,11809.5,3769.5,1675.5769699999998,535.0516299999999,1675.5769699999998,535.0516299999999,93,160.0,11,unknown3,0.311778233881666
W9_tile_39_cell_133,tile_W9_39,W9,9w_1d,11511.0,4625.0,1633.1959399999998,656.5155199999999,1633.1959399999998,656.5155199999999,170,296.0,3,Fibroblast2,0.978551111562844
W9_tile_39_cell_160,tile_W9_39,W9,9w_1d,12218.0,5382.0,1733.5757999999998,763.99438,1733.5757999999998,763.99438,230,451.0,5,vCTBp,0.39271038445876
W9_tile_39_cell_161,tile_W9_39,W9,9w_1d,12230.0,4225.0,1735.27956,599.72352,1735.27956,599.72352,142,207.0,3,Hofbauer cells,0.668345117480193
W9_tile_39_cell_178,tile_W9_39,W9,9w_1d,11633.0,3845.0,1650.5175,545.77112,1650.5175,545.77112,127,204.0,3,Fibroblast2,0.939621202402464
W9_tile_39_cell_179,tile_W9_39,W9,9w_1d,12456.0,4755.0,1767.36704,674.9729199999999,1767.36704,674.9729199999999,277,648.0,5,unknown3,0.478483517221144
W9_tile_39_cell_181,tile_W9_39,W9,9w_1d,11703.0,4069.0,1660.4561,577.5746399999999,1660.4561,577.5746399999999,134,235.0,0,vCTB2,0.538234907023899
W9_tile_39_cell_183,tile_W9_39,W9,9w_1d,11512.0,5118.0,1633.33792,726.51166,1633.33792,726.51166,139,214.0,4,Fibroblast2,0.665780900487703
W9_tile_39_cell_191,tile_W9_39,W9,9w_1d,11216.0,4680.0,1591.3118399999998,664.32442,1591.3118399999998,664.32442,149,253.0,3,Fibroblast2,0.959376688460499
W9_tile_39_cell_195,tile_W9_39,W9,9w_1d,12214.0,4368.0,1733.00788,620.02666,1733.00788,620.02666,96,143.0,8,Fibroblast1,0.460034219419663
W9_tile_39_cell_208,tile_W9_39,W9,9w_1d,11827.0,3952.0,1678.06162,560.96298,1678.06162,560.96298,136,207.0,9,Hofbauer cells,0.455804793274553
W9_tile_39_cell_22,tile_W9_39,W9,9w_1d,11517.0,4979.0,1634.04782,706.77644,1634.04782,706.77644,176,300.0,3,Fibroblast2,0.772633973298923
W9_tile_39_cell_222,tile_W9_39,W9,9w_1d,11464.0,5297.0,1626.52288,751.92608,1626.52288,751.92608,284,571.0,9,Hofbauer cells,0.593167155501013
W9_tile_39_cell_228,tile_W9_39,W9,9w_1d,12056.0,4511.0,1710.57504,640.3298,1710.57504,640.3298,126,235.0,0,vCTB2,0.444432777667002
W9_tile_39_cell_240,tile_W9_39,W9,9w_1d,11814.0,4801.0,1676.21588,681.504,1676.21588,681.504,110,167.0,10,STB,0.620198778392158
W9_tile_39_cell_273,tile_W9_39,W9,9w_1d,11405.0,5139.0,1618.14606,729.49324,1618.14606,729.49324,131,233.0,3,Hofbauer cells,0.465456036629646
W9_tile_39_cell_282,tile_W9_39,W9,9w_1d,11306.0,5184.0,1604.09004,735.88234,1604.09004,735.88234,138,203.0,3,Fibroblast2,0.919892624839132
W9_tile_39_cell_284,tile_W9_39,W9,9w_1d,11274.0,3882.0,1599.54668,551.02438,1599.54668,551.02438,76,103.0,4,Fibroblast2,0.360491234994901
W9_tile_39_cell_285,tile_W9_39,W9,9w_1d,12126.0,4319.0,1720.51364,613.0696399999999,1720.51364,613.0696399999999,283,642.0,9,Hofbauer cells,0.712376585164986
W9_tile_39_cell_287,tile_W9_39,W9,9w_1d,11339.0,3852.0,1608.77538,546.76498,1608.77538,546.76498,101,150.0,3,Fibroblast2,0.717221722279641
W9_tile_39_cell_290,tile_W9_39,W9,9w_1d,12336.0,4737.0,1750.32944,672.41728,1750.32944,672.41728,258,503.0,5,vCTBp,0.3774811197279
W9_tile_39_cell_292,tile_W9_39,W9,9w_1d,11891.0,4221.0,1687.14834,599.1555999999999,1687.14834,599.1555999999999,194,365.0,5,STB,0.333975027910148
W9_tile_39_cell_294,tile_W9_39,W9,9w_1d,12148.0,4619.0,1723.6372,655.66364,1723.6372,655.66364,294,821.0,5,unknown3,0.367542431859623
W9_tile_39_cell_309,tile_W9_39,W9,9w_1d,11866.0,5436.0,1683.59884,771.6613,1683.59884,771.6613,272,537.0,3,Fibroblast2,0.852641012481684
W9_tile_39_cell_310,tile_W9_39,W9,9w_1d,11606.0,3770.5,1646.68404,535.19361,1646.68404,535.19361,128,208.0,8,Fibroblast1,0.601295684222394
W9_tile_39_cell_314,tile_W9_39,W9,9w_1d,11515.0,4815.0,1633.76386,683.49172,1633.76386,683.49172,352,887.0,9,Hofbauer cells,0.672587115494976
W9_tile_39_cell_315,tile_W9_39,W9,9w_1d,11826.0,4040.5,1677.9196399999998,573.52821,1677.9196399999998,573.52821,120,206.0,8,Fibroblast1,0.956975530813339
W9_tile_39_cell_319,tile_W9_39,W9,9w_1d,12430.0,4426.5,1763.67556,628.33249,1763.67556,628.33249,126,214.0,4,Fibroblast2,0.522477820256871
W9_tile_39_cell_355,tile_W9_39,W9,9w_1d,12844.0,4835.5,1822.45528,686.4023099999999,1822.45528,686.4023099999999,83,124.0,0,vCTB2,0.478930538143149
W9_tile_39_cell_357,tile_W9_39,W9,9w_1d,11181.0,3933.0,1586.34254,558.26536,1586.34254,558.26536,146,218.0,12,Fibroblast2,0.874042057753442
W9_tile_39_cell_371,tile_W9_39,W9,9w_1d,11166.0,5052.0,1584.21284,717.14098,1584.21284,717.14098,219,389.0,3,Fibroblast2,0.917572726700873
W9_tile_39_cell_383,tile_W9_39,W9,9w_1d,11912.0,5524.0,1690.12992,784.15554,1690.12992,784.15554,80,103.0,4,Fibroblast1,0.437279472004135
W9_tile_39_cell_386,tile_W9_39,W9,9w_1d,12183.0,4242.0,1728.6065,602.13718,1728.6065,602.13718,193,357.0,3,Hofbauer cells,0.707321804484907
W9_tile_39_cell_397,tile_W9_39,W9,9w_1d,11689.5,5396.0,1658.53937,765.9821,1658.53937,765.9821,147,238.0,4,Fibroblast2,0.321956866918732
W9_tile_39_cell_399,tile_W9_39,W9,9w_1d,12316.0,4364.0,1747.48984,619.45874,1747.48984,619.45874,162,287.0,3,Fibroblast2,0.949511518811471
W9_tile_39_cell_403,tile_W9_39,W9,9w_1d,11102.0,4005.0,1575.12612,568.48792,1575.12612,568.48792,101,127.0,12,Fibroblast1,0.340868646424386
W9_tile_39_cell_419,tile_W9_39,W9,9w_1d,12108.0,5270.0,1717.958,748.09262,1717.958,748.09262,131,239.0,5,vCTB2,0.501263081198144
W9_tile_39_cell_433,tile_W9_39,W9,9w_1d,11304.0,4264.0,1603.8060799999998,605.2607399999999,1603.8060799999998,605.2607399999999,93,121.0,4,Fibroblast2,0.428284247086401
W9_tile_39_cell_443,tile_W9_39,W9,9w_1d,11557.0,4662.0,1639.72702,661.76878,1639.72702,661.76878,88,123.0,4,Fibroblast2,0.329978153643986
W9_tile_39_cell_465,tile_W9_39,W9,9w_1d,11985.0,5113.5,1700.49446,725.87275,1700.49446,725.87275,318,786.0,5,unknown3,0.426640407603774
W9_tile_39_cell_471,tile_W9_39,W9,9w_1d,12156.0,5315.0,1724.77304,754.48172,1724.77304,754.48172,153,252.0,5,vCTB2,0.264273318996384
W9_tile_39_cell_483,tile_W9_39,W9,9w_1d,12835.0,3900.0,1821.17746,553.58002,1821.17746,553.58002,110,166.0,0,vCTB2,0.492398216836738
W9_tile_39_cell_493,tile_W9_39,W9,9w_1d,11482.0,3760.0,1629.07852,533.70282,1629.07852,533.70282,229,454.0,3,Fibroblast2,0.937737233270432
W9_tile_39_cell_494,tile_W9_39,W9,9w_1d,12294.0,5454.0,1744.36628,774.21694,1744.36628,774.21694,69,86.0,0,vCTB2,0.502860991660899
W9_tile_39_cell_500,tile_W9_39,W9,9w_1d,12284.0,5519.0,1742.9464799999998,783.44564,1742.9464799999998,783.44564,83,127.0,0,vCTB2,0.598863428319695
W9_tile_39_cell_513,tile_W9_39,W9,9w_1d,12848.0,4144.5,1823.0232,588.29413,1823.0232,588.29413,137,196.0,8,Fibroblast2,0.41022572079676
W9_tile_39_cell_520,tile_W9_39,W9,9w_1d,11207.0,5216.0,1590.03402,740.4257,1590.03402,740.4257,121,179.0,4,Fibroblast2,0.550749348213007
W9_tile_39_cell_539,tile_W9_39,W9,9w_1d,11619.5,5095.0,1648.60077,723.24612,1648.60077,723.24612,187,302.0,3,Fibroblast2,0.966354992042968
W9_tile_39_cell_549,tile_W9_39,W9,9w_1d,12843.5,4350.0,1822.38429,617.47102,1822.38429,617.47102,96,128.0,8,Fibroblast1,0.428757511480516
W9_tile_39_cell_554,tile_W9_39,W9,9w_1d,11568.0,3881.5,1641.2888,550.95339,1641.2888,550.95339,117,176.0,8,Fibroblast2,0.435798118531276
W9_tile_39_cell_58,tile_W9_39,W9,9w_1d,12292.0,4157.0,1744.08232,590.06888,1744.08232,590.06888,231,557.0,9,Hofbauer cells,0.729103691371523
W9_tile_39_cell_588,tile_W9_39,W9,9w_1d,12411.0,4062.0,1760.97794,576.58078,1760.97794,576.58078,81,111.0,4,vCTB2,0.280330633273626
W9_tile_39_cell_592,tile_W9_39,W9,9w_1d,11540.0,5055.0,1637.31336,717.56692,1637.31336,717.56692,296,663.0,3,Fibroblast2,0.922762078972565
W9_tile_39_cell_607,tile_W9_39,W9,9w_1d,12862.5,4073.0,1825.08191,578.14256,1825.08191,578.14256,76,96.0,8,vCTB2,0.286775388948861
W9_tile_39_cell_608,tile_W9_39,W9,9w_1d,11394.0,4077.0,1616.58428,578.71048,1616.58428,578.71048,342,723.0,5,unknown3,0.424657254604299
W9_tile_39_cell_651,tile_W9_39,W9,9w_1d,12807.5,4437.0,1817.27301,629.82328,1817.27301,629.82328,394,1094.0,3,Hofbauer cells,0.390893367590745
W9_tile_39_cell_654,tile_W9_39,W9,9w_1d,12833.0,4729.5,1820.8935,671.35243,1820.8935,671.35243,136,200.0,0,vCTB2,0.36186610960089
W9_tile_39_cell_657,tile_W9_39,W9,9w_1d,11092.0,3788.0,1573.70632,537.67826,1573.70632,537.67826,178,272.0,8,Fibroblast1,0.588020139650959
W9_tile_39_cell_658,tile_W9_39,W9,9w_1d,12878.0,4665.0,1827.2826,662.19472,1827.2826,662.19472,162,277.0,5,unknown3,0.415016344124456
W9_tile_39_cell_659,tile_W9_39,W9,9w_1d,11533.0,4917.0,1636.3194999999998,697.97368,1636.3194999999998,697.97368,144,236.0,9,Hofbauer cells,0.803387923724916
W9_tile_39_cell_66,tile_W9_39,W9,9w_1d,12165.0,5259.5,1726.0508599999998,746.60183,1726.0508599999998,746.60183,109,152.0,0,vCTB2,0.470485087587454
W9_tile_39_cell_664,tile_W9_39,W9,9w_1d,12032.5,4449.5,1707.23851,631.59803,1707.23851,631.59803,95,144.0,0,vCTB2,0.690416417342996
W9_tile_39_cell_67,tile_W9_39,W9,9w_1d,11601.0,5004.0,1645.97414,710.32594,1645.97414,710.32594,176,301.0,3,Fibroblast2,0.986180002979821
W9_tile_39_cell_674,tile_W9_39,W9,9w_1d,12322.0,4306.0,1748.34172,611.2239,1748.34172,611.2239,222,408.0,8,Fibroblast1,0.564917531585515
W9_tile_39_cell_687,tile_W9_39,W9,9w_1d,11782.0,5458.0,1671.6725199999998,774.78486,1671.6725199999998,774.78486,129,183.0,4,Fibroblast2,0.306769454463858
W9_tile_39_cell_695,tile_W9_39,W9,9w_1d,11770.0,4755.0,1669.96876,674.9729199999999,1669.96876,674.9729199999999,158,277.0,10,STB,0.607459490284138
W9_tile_39_cell_696,tile_W9_39,W9,9w_1d,11773.0,5335.5,1670.3946999999998,757.39231,1670.3946999999998,757.39231,265,488.0,3,Fibroblast2,0.854861691136243
W9_tile_39_cell_705,tile_W9_39,W9,9w_1d,11577.0,5384.0,1642.5666199999998,764.27834,1642.5666199999998,764.27834,226,420.0,9,Fibroblast2,0.807771150341937
W9_tile_39_cell_706,tile_W9_39,W9,9w_1d,12452.0,4352.5,1766.79912,617.82597,1766.79912,617.82597,197,356.0,3,Hofbauer cells,0.766584590875243
W9_tile_39_cell_715,tile_W9_39,W9,9w_1d,11642.0,5307.0,1651.79532,753.34588,1651.79532,753.34588,95,128.0,4,Fibroblast2,0.37874631271172
W9_tile_39_cell_725,tile_W9_39,W9,9w_1d,12309.5,5481.0,1746.56697,778.0504,1746.56697,778.0504,65,90.0,0,vCTB2,0.566860168713104
W9_tile_39_cell_730,tile_W9_39,W9,9w_1d,12079.0,4150.0,1713.84058,589.07502,1713.84058,589.07502,222,485.0,9,Hofbauer cells,0.598191354411088
W9_tile_39_cell_769,tile_W9_39,W9,9w_1d,12710.0,4213.0,1803.42996,598.01976,1803.42996,598.01976,189,342.0,3,Fibroblast2,0.94204202595212
W9_tile_39_cell_776,tile_W9_39,W9,9w_1d,11824.0,4879.0,1677.63568,692.57844,1677.63568,692.57844,163,233.0,5,STB,0.449662278125086
W9_tile_39_cell_788,tile_W9_39,W9,9w_1d,12033.0,4387.0,1707.3094999999998,622.72428,1707.3094999999998,622.72428,161,300.0,5,vCTB2,0.410029736842502
W9_tile_39_cell_799,tile_W9_39,W9,9w_1d,12279.5,5421.5,1742.30757,769.60259,1742.30757,769.60259,81,114.0,0,vCTB2,0.531517478147805
W9_tile_39_cell_80,tile_W9_39,W9,9w_1d,11735.0,4689.0,1664.99946,665.6022399999999,1664.99946,665.6022399999999,160,249.0,5,STB,0.302939413745829
W9_tile_39_cell_801,tile_W9_39,W9,9w_1d,12166.5,4194.5,1726.26383,595.3931299999999,1726.26383,595.3931299999999,70,94.0,9,Hofbauer cells,0.427642961052441
W9_tile_39_cell_817,tile_W9_39,W9,9w_1d,11382.5,3837.5,1614.95151,544.70627,1614.95151,544.70627,93,124.0,4,Fibroblast2,0.532150674084751
W9_tile_39_cell_823,tile_W9_39,W9,9w_1d,11751.0,4004.0,1667.2711399999998,568.3459399999999,1667.2711399999998,568.3459399999999,163,271.0,8,Fibroblast1,0.866472739094143
W9_tile_39_cell_845,tile_W9_39,W9,9w_1d,12451.5,4107.0,1766.72813,582.96988,1766.72813,582.96988,75,112.0,9,vCTB2,0.491232138660976
W9_tile_39_cell_853,tile_W9_39,W9,9w_1d,12723.0,3764.5,1805.2757,534.34173,1805.2757,534.34173,63,86.0,0,vCTB2,0.453546216432827
W9_tile_39_cell_861,tile_W9_39,W9,9w_1d,12755.0,3826.0,1809.81906,543.0735,1809.81906,543.0735,186,304.0,10,STB,0.37152657975657
W9_tile_39_cell_863,tile_W9_39,W9,9w_1d,12834.0,4261.0,1821.03548,604.8348,1821.03548,604.8348,116,178.0,8,Fibroblast2,0.49027643923976
W9_tile_39_cell_886,tile_W9_39,W9,9w_1d,12268.0,4703.0,1740.6748,667.58996,1740.6748,667.58996,134,205.0,0,vCTB2,0.443912636174616
W9_tile_39_cell_888,tile_W9_39,W9,9w_1d,11458.5,3831.5,1625.74199,543.85439,1625.74199,543.85439,81,114.0,4,Fibroblast2,0.479285289001252
W9_tile_39_cell_930,tile_W9_39,W9,9w_1d,12030.0,5046.0,1706.88356,716.2891,1706.88356,716.2891,155,244.0,10,unknown3,0.365630995392014
W9_tile_39_cell_948,tile_W9_39,W9,9w_1d,11134.0,4337.0,1579.66948,615.62528,1579.66948,615.62528,176,392.0,9,Hofbauer cells,0.61898241437035
W9_tile_39_cell_961,tile_W9_39,W9,9w_1d,11557.0,4519.0,1639.72702,641.46564,1639.72702,641.46564,129,214.0,0,vCTB2,0.565293117620325
W9_tile_3_cell_127,tile_W9_3,W9,9w_1d,15153.0,13219.0,2150.2871,1876.69164,2150.2871,1876.69164,68,95.0,0,vCTB2,0.569081547744394
W9_tile_3_cell_128,tile_W9_3,W9,9w_1d,16288.0,13629.0,2311.4344,1934.90344,2311.4344,1934.90344,184,343.0,5,vCTBp,0.305622380442516
W9_tile_3_cell_137,tile_W9_3,W9,9w_1d,16166.0,14194.0,2294.11284,2015.12214,2294.11284,2015.12214,207,484.0,3,Fibroblast2,0.731528759022758
W9_tile_3_cell_139,tile_W9_3,W9,9w_1d,15002.0,13108.0,2128.84812,1860.93186,2128.84812,1860.93186,65,96.0,0,vCTB2,0.605853675176701
W9_tile_3_cell_141,tile_W9_3,W9,9w_1d,16412.0,13008.0,2329.03992,1846.73386,2329.03992,1846.73386,209,357.0,3,Fibroblast2,0.873917790055311
W9_tile_3_cell_162,tile_W9_3,W9,9w_1d,16254.0,13560.0,2306.60708,1925.10682,2306.60708,1925.10682,97,135.0,0,vCTB2,0.593393917376532
W9_tile_3_cell_167,tile_W9_3,W9,9w_1d,15591.0,12928.0,2212.47434,1835.37546,2212.47434,1835.37546,58,111.0,0,vCTB2,0.71724177749552
W9_tile_3_cell_179,tile_W9_3,W9,9w_1d,16261.5,14212.0,2307.67193,2017.67778,2307.67193,2017.67778,170,342.0,3,Fibroblast2,0.936995604841286
W9_tile_3_cell_180,tile_W9_3,W9,9w_1d,16373.0,14358.5,2323.5027,2038.47785,2323.5027,2038.47785,78,156.0,4,Fibroblast2,0.315479011628788
W9_tile_3_cell_191,tile_W9_3,W9,9w_1d,16466.5,14608.5,2336.77783,2073.97285,2336.77783,2073.97285,46,96.0,2,EVT2,0.338143561026452
W9_tile_3_cell_214,tile_W9_3,W9,9w_1d,16472.0,13555.0,2337.55872,1924.39692,2337.55872,1924.39692,153,285.0,3,Fibroblast2,0.91837293982038
W9_tile_3_cell_228,tile_W9_3,W9,9w_1d,16469.0,13990.0,2337.13278,1986.15822,2337.13278,1986.15822,138,261.0,5,vCTB2,0.497978083248357
W9_tile_3_cell_26,tile_W9_3,W9,9w_1d,16094.0,13292.5,2283.89028,1887.12717,2283.89028,1887.12717,120,188.0,5,vCTB2,0.366527665875404
W9_tile_3_cell_272,tile_W9_3,W9,9w_1d,16556.0,14542.5,2349.48504,2064.60217,2349.48504,2064.60217,45,90.0,2,vCTB2,0.381172982350664
W9_tile_3_cell_288,tile_W9_3,W9,9w_1d,16370.0,13200.0,2323.07676,1873.99402,2323.07676,1873.99402,158,249.0,3,Fibroblast2,0.979103821214533
W9_tile_3_cell_293,tile_W9_3,W9,9w_1d,16178.0,13092.0,2295.8166,1858.66018,2295.8166,1858.66018,76,111.0,4,Fibroblast2,0.445089335322774
W9_tile_3_cell_297,tile_W9_3,W9,9w_1d,15264.0,13210.0,2166.04688,1875.41382,2166.04688,1875.41382,142,267.0,5,vCTB2,0.511408651302619
W9_tile_3_cell_308,tile_W9_3,W9,9w_1d,16200.0,12933.0,2298.94016,1836.08536,2298.94016,1836.08536,154,255.0,3,Fibroblast2,0.872537104699226
W9_tile_3_cell_31,tile_W9_3,W9,9w_1d,16568.5,14655.0,2351.25979,2080.57492,2351.25979,2080.57492,88,188.0,7,EVT2,0.483756737785619
W9_tile_3_cell_335,tile_W9_3,W9,9w_1d,16110.0,13062.0,2286.16196,1854.40078,2286.16196,1854.40078,71,99.0,4,vCTB2,0.25384417908878
W9_tile_3_cell_367,tile_W9_3,W9,9w_1d,15819.0,14087.0,2244.84578,1999.93028,2244.84578,1999.93028,87,160.0,0,vCTB2,0.655767697140571
W9_tile_3_cell_40,tile_W9_3,W9,9w_1d,15791.5,13923.5,2240.94133,1976.71655,2240.94133,1976.71655,234,526.0,3,Fibroblast2,0.765950967979815
W9_tile_3_cell_404,tile_W9_3,W9,9w_1d,15982.0,14066.5,2267.98852,1997.01969,2267.98852,1997.01969,79,114.0,4,Fibroblast2,0.518739862631595
W9_tile_3_cell_432,tile_W9_3,W9,9w_1d,16548.0,14171.0,2348.3492,2011.8566,2348.3492,2011.8566,86,116.0,8,Fibroblast1,0.491698822227296
W9_tile_3_cell_435,tile_W9_3,W9,9w_1d,16507.0,14246.0,2342.52802,2022.5051,2342.52802,2022.5051,180,302.0,3,Fibroblast2,0.560961166688357
W9_tile_3_cell_454,tile_W9_3,W9,9w_1d,16534.0,13733.0,2346.36148,1949.66936,2346.36148,1949.66936,223,373.0,8,Fibroblast1,0.891981209171511
W9_tile_3_cell_466,tile_W9_3,W9,9w_1d,16555.0,13898.5,2349.34306,1973.16705,2349.34306,1973.16705,67,118.0,8,Fibroblast1,0.321544065664636
W9_tile_3_cell_496,tile_W9_3,W9,9w_1d,16036.0,13949.5,2275.65544,1980.40803,2275.65544,1980.40803,98,174.0,0,vCTB2,0.604324151831414
W9_tile_3_cell_504,tile_W9_3,W9,9w_1d,16294.0,14080.0,2312.28628,1998.93642,2312.28628,1998.93642,149,272.0,5,vCTB2,0.544711802955957
W9_tile_3_cell_52,tile_W9_3,W9,9w_1d,15904.0,14175.0,2256.91408,2012.42452,2256.91408,2012.42452,63,99.0,11,vCTB2,0.677383082977332
W9_tile_3_cell_536,tile_W9_3,W9,9w_1d,16341.0,14442.0,2318.95934,2050.33318,2318.95934,2050.33318,75,107.0,0,vCTB2,0.611341561605253
W9_tile_3_cell_539,tile_W9_3,W9,9w_1d,15171.0,13151.0,2152.84274,1867.037,2152.84274,1867.037,86,169.0,0,vCTB2,0.710912908867849
W9_tile_3_cell_558,tile_W9_3,W9,9w_1d,15890.0,13964.0,2254.92636,1982.46674,2254.92636,1982.46674,95,144.0,4,Fibroblast2,0.669655801786161
W9_tile_3_cell_569,tile_W9_3,W9,9w_1d,16434.0,14487.0,2332.16348,2056.72228,2332.16348,2056.72228,115,189.0,0,vCTB2,0.380843697591295
W9_tile_3_cell_580,tile_W9_3,W9,9w_1d,15546.0,12957.0,2206.08524,1839.49288,2206.08524,1839.49288,59,88.0,0,vCTB2,0.719212385768745
W9_tile_3_cell_592,tile_W9_3,W9,9w_1d,15999.0,14010.0,2270.40218,1988.99782,2270.40218,1988.99782,58,85.0,4,vCTB2,0.332115659825534
W9_tile_3_cell_640,tile_W9_3,W9,9w_1d,16562.0,13942.0,2350.33692,1979.34318,2350.33692,1979.34318,80,114.0,4,Fibroblast2,0.261221773616096
W9_tile_3_cell_653,tile_W9_3,W9,9w_1d,15942.0,14036.0,2262.30932,1992.6893,2262.30932,1992.6893,51,83.0,4,vCTB2,0.282662545153282
W9_tile_3_cell_667,tile_W9_3,W9,9w_1d,15963.0,12937.0,2265.2909,1836.65328,2265.2909,1836.65328,75,98.0,0,vCTB2,0.666204487131513
W9_tile_3_cell_699,tile_W9_3,W9,9w_1d,16176.0,13349.0,2295.53264,1895.14904,2295.53264,1895.14904,134,243.0,5,vCTB2,0.516268385923321
W9_tile_3_cell_703,tile_W9_3,W9,9w_1d,16053.0,12987.0,2278.0691,1843.75228,2278.0691,1843.75228,73,109.0,4,Fibroblast1,0.30102939419287
W9_tile_3_cell_71,tile_W9_3,W9,9w_1d,16246.5,13513.5,2305.54223,1918.50475,2305.54223,1918.50475,67,90.0,0,vCTB2,0.68653563562521
W9_tile_3_cell_724,tile_W9_3,W9,9w_1d,16359.0,14290.0,2321.51498,2028.75222,2321.51498,2028.75222,59,82.0,4,Fibroblast2,0.252803242232848
W9_tile_3_cell_757,tile_W9_3,W9,9w_1d,15928.0,14006.0,2260.3216,1988.4299,2260.3216,1988.4299,67,107.0,9,Hofbauer cells,0.525121445483083
W9_tile_3_cell_760,tile_W9_3,W9,9w_1d,16580.0,13982.0,2352.89256,1985.02238,2352.89256,1985.02238,77,115.0,4,Fibroblast2,0.385256087189096
W9_tile_3_cell_842,tile_W9_3,W9,9w_1d,16569.0,14295.0,2351.33078,2029.46212,2351.33078,2029.46212,83,105.0,8,Fibroblast1,0.293863835601222
W9_tile_3_cell_888,tile_W9_3,W9,9w_1d,16204.0,14397.5,2299.50808,2044.01507,2299.50808,2044.01507,127,212.0,5,vCTB2,0.454724261214292
W9_tile_3_cell_889,tile_W9_3,W9,9w_1d,16123.0,14406.0,2288.0077,2045.2219,2288.0077,2045.2219,59,80.0,0,vCTB2,0.586022095970254
W9_tile_3_cell_891,tile_W9_3,W9,9w_1d,16279.0,14311.0,2310.15658,2031.7338,2310.15658,2031.7338,315,727.0,3,Fibroblast2,0.83878881767773
W9_tile_3_cell_892,tile_W9_3,W9,9w_1d,16076.0,14278.0,2281.33464,2027.04846,2281.33464,2027.04846,275,659.0,5,unknown3,0.41072850292698
W9_tile_3_cell_893,tile_W9_3,W9,9w_1d,16356.0,14056.5,2321.08904,1995.59989,2321.08904,1995.59989,82,122.0,0,vCTB2,0.618446332647463
W9_tile_3_cell_894,tile_W9_3,W9,9w_1d,16077.0,14087.5,2281.47662,2000.00127,2281.47662,2000.00127,161,300.0,3,Fibroblast2,0.943139991809751
W9_tile_3_cell_895,tile_W9_3,W9,9w_1d,16203.0,14095.0,2299.3661,2001.06612,2299.3661,2001.06612,66,105.0,8,EVT2,0.321098142788576
W9_tile_3_cell_896,tile_W9_3,W9,9w_1d,15696.0,14064.0,2227.38224,1996.66474,2227.38224,1996.66474,95,176.0,0,vCTB2,0.634499895106591
W9_tile_3_cell_897,tile_W9_3,W9,9w_1d,15755.0,14029.0,2235.75906,1991.69544,2235.75906,1991.69544,128,295.0,5,vCTB2,0.584923227284623
W9_tile_3_cell_898,tile_W9_3,W9,9w_1d,16198.0,14017.0,2298.6562,1989.99168,2298.6562,1989.99168,78,145.0,0,vCTB2,0.704906041372208
W9_tile_3_cell_899,tile_W9_3,W9,9w_1d,16110.0,13977.0,2286.16196,1984.31248,2286.16196,1984.31248,114,199.0,5,vCTB2,0.582972454619047
W9_tile_3_cell_902,tile_W9_3,W9,9w_1d,15730.0,13946.5,2232.20956,1979.98209,2232.20956,1979.98209,102,184.0,4,Fibroblast2,0.341853984955875
W9_tile_3_cell_906,tile_W9_3,W9,9w_1d,15636.5,13886.0,2218.93443,1971.3923,2218.93443,1971.3923,179,328.0,8,Fibroblast1,0.85355007335483
W9_tile_3_cell_907,tile_W9_3,W9,9w_1d,15928.0,13892.0,2260.3216,1972.24418,2260.3216,1972.24418,132,255.0,11,vCTB2,0.412647832813696
W9_tile_3_cell_909,tile_W9_3,W9,9w_1d,15850.0,13854.0,2249.24716,1966.84894,2249.24716,1966.84894,115,254.0,5,vCTB2,0.652628671233822
W9_tile_3_cell_912,tile_W9_3,W9,9w_1d,16448.0,13839.0,2334.1512,1964.71924,2334.1512,1964.71924,135,240.0,10,STB,0.428191114267495
W9_tile_3_cell_914,tile_W9_3,W9,9w_1d,15619.0,13802.0,2216.44978,1959.46598,2216.44978,1959.46598,95,159.0,8,Fibroblast1,0.401287140001614
W9_tile_3_cell_916,tile_W9_3,W9,9w_1d,16367.5,13800.0,2322.72181,1959.18202,2322.72181,1959.18202,184,368.0,5,STB,0.310447304656567
W9_tile_3_cell_917,tile_W9_3,W9,9w_1d,15815.0,13776.0,2244.27786,1955.7745,2244.27786,1955.7745,77,129.0,0,vCTB2,0.601977291873982
W9_tile_3_cell_922,tile_W9_3,W9,9w_1d,16313.0,13730.0,2314.9839,1949.24342,2314.9839,1949.24342,88,133.0,0,vCTB2,0.663222183768944
W9_tile_3_cell_924,tile_W9_3,W9,9w_1d,15722.0,13736.0,2231.07372,1950.0953,2231.07372,1950.0953,157,295.0,5,STB,0.237100397479011
W9_tile_3_cell_932,tile_W9_3,W9,9w_1d,16461.0,13613.5,2335.99694,1932.70275,2335.99694,1932.70275,151,228.0,3,Fibroblast2,0.514667538807714
W9_tile_3_cell_94,tile_W9_3,W9,9w_1d,15915.0,14129.0,2258.47586,2005.89344,2258.47586,2005.89344,64,109.0,0,vCTB2,0.653730672191731
W9_tile_3_cell_942,tile_W9_3,W9,9w_1d,16408.0,13442.0,2328.472,1908.35318,2328.472,1908.35318,143,244.0,9,Hofbauer cells,0.50898663319514
W9_tile_3_cell_945,tile_W9_3,W9,9w_1d,16207.0,13449.0,2299.93402,1909.34704,2299.93402,1909.34704,145,245.0,5,vCTB2,0.424193532651438
W9_tile_3_cell_948,tile_W9_3,W9,9w_1d,16388.0,13397.0,2325.6324,1901.96408,2325.6324,1901.96408,71,99.0,4,Fibroblast2,0.290478443156585
W9_tile_3_cell_951,tile_W9_3,W9,9w_1d,16378.0,13356.0,2324.2126,1896.1429,2324.2126,1896.1429,95,121.0,4,Endothelial_cells,0.261302330869933
W9_tile_3_cell_953,tile_W9_3,W9,9w_1d,16333.0,13319.0,2317.8235,1890.88964,2317.8235,1890.88964,95,134.0,12,EVT2,0.248883912693549
W9_tile_3_cell_956,tile_W9_3,W9,9w_1d,16436.5,13275.0,2332.51843,1884.64252,2332.51843,1884.64252,72,96.0,4,vCTB2,0.33712216117873
W9_tile_3_cell_958,tile_W9_3,W9,9w_1d,16034.0,13180.0,2275.37148,1871.15442,2275.37148,1871.15442,211,438.0,5,vCTBp,0.356328085951627
W9_tile_3_cell_959,tile_W9_3,W9,9w_1d,16268.0,13171.0,2308.5948,1869.8766,2308.5948,1869.8766,138,213.0,3,Fibroblast2,0.875632157182196
W9_tile_40_cell_1002,tile_W9_40,W9,9w_1d,14169.5,5373.0,2010.64977,762.71656,2010.64977,762.71656,213,510.0,6,EVT2,0.535004341472422
W9_tile_40_cell_1006,tile_W9_40,W9,9w_1d,13937.0,5360.0,1977.63942,760.87082,1977.63942,760.87082,174,482.0,6,EVT2,0.84900984113422
W9_tile_40_cell_1009,tile_W9_40,W9,9w_1d,14005.0,5297.5,1987.29406,751.99707,1987.29406,751.99707,164,442.0,6,EVT2,0.823075734913613
W9_tile_40_cell_1010,tile_W9_40,W9,9w_1d,13508.0,4781.0,1916.73,678.6644,1916.73,678.6644,106,208.0,1,EVT2,0.631100540362692
W9_tile_40_cell_1016,tile_W9_40,W9,9w_1d,12938.0,4645.0,1835.8014,659.3551199999999,1835.8014,659.3551199999999,170,341.0,5,vCTB2,0.336646410547434
W9_tile_40_cell_102,tile_W9_40,W9,9w_1d,14191.0,4924.0,2013.70234,698.96754,2013.70234,698.96754,126,346.0,6,EVT2,0.627547669150975
W9_tile_40_cell_1022,tile_W9_40,W9,9w_1d,13245.0,5353.0,1879.38926,759.8769599999999,1879.38926,759.8769599999999,62,94.0,1,EVT2,0.809484050545641
W9_tile_40_cell_1042,tile_W9_40,W9,9w_1d,14305.0,5297.0,2029.88806,751.92608,2029.88806,751.92608,122,260.0,6,EVT2,0.954413911422238
W9_tile_40_cell_1060,tile_W9_40,W9,9w_1d,14253.0,4790.0,2022.5051,679.94222,2022.5051,679.94222,59,175.0,1,EVT2,0.794959982550844
W9_tile_40_cell_1063,tile_W9_40,W9,9w_1d,14405.0,5014.0,2044.08606,711.74574,2044.08606,711.74574,74,153.0,1,EVT2,0.68472687665263
W9_tile_40_cell_1069,tile_W9_40,W9,9w_1d,14351.0,5220.0,2036.41914,740.99362,2036.41914,740.99362,84,207.0,1,EVT2,0.847331192007816
W9_tile_40_cell_1083,tile_W9_40,W9,9w_1d,14222.0,5060.0,2018.10372,718.2768199999999,2018.10372,718.2768199999999,135,365.0,6,EVT2,0.660922992114569
W9_tile_40_cell_1093,tile_W9_40,W9,9w_1d,13927.0,5056.0,1976.21962,717.7089,1976.21962,717.7089,82,145.0,6,EVT2,0.806668477924723
W9_tile_40_cell_11,tile_W9_40,W9,9w_1d,13646.0,4868.5,1936.32324,691.0876499999999,1936.32324,691.0876499999999,63,108.0,1,EVT2,0.870814760524131
W9_tile_40_cell_1110,tile_W9_40,W9,9w_1d,13496.0,5506.0,1915.02624,781.5998999999999,1915.02624,781.5998999999999,92,182.0,1,EVT2,0.532550676990806
W9_tile_40_cell_1112,tile_W9_40,W9,9w_1d,13195.0,5479.0,1872.29026,777.76644,1872.29026,777.76644,145,333.0,6,EVT2,0.632768046362422
W9_tile_40_cell_1117,tile_W9_40,W9,9w_1d,13458.0,5396.5,1909.631,766.05309,1909.631,766.05309,173,470.0,6,EVT2,0.807595099264349
W9_tile_40_cell_1120,tile_W9_40,W9,9w_1d,13375.0,5387.0,1897.84666,764.7042799999999,1897.84666,764.7042799999999,258,714.0,6,EVT2,0.509736506729685
W9_tile_40_cell_1124,tile_W9_40,W9,9w_1d,13047.0,5319.0,1851.27722,755.04964,1851.27722,755.04964,74,106.0,11,vCTB2,0.547205714868659
W9_tile_40_cell_1125,tile_W9_40,W9,9w_1d,13388.0,5302.0,1899.6924,752.63598,1899.6924,752.63598,98,215.0,1,EVT2,0.808409290811522
W9_tile_40_cell_1129,tile_W9_40,W9,9w_1d,13459.5,5286.0,1909.84397,750.3643,1909.84397,750.3643,227,604.0,6,EVT2,0.743342194558735
W9_tile_40_cell_1132,tile_W9_40,W9,9w_1d,13351.0,5240.0,1894.43914,743.83322,1894.43914,743.83322,256,803.0,6,EVT2,0.552527928539362
W9_tile_40_cell_1133,tile_W9_40,W9,9w_1d,13479.0,5209.0,1912.61258,739.43184,1912.61258,739.43184,208,574.0,6,EVT2,0.725608427725979
W9_tile_40_cell_1135,tile_W9_40,W9,9w_1d,13278.5,5164.5,1884.14559,733.1137299999999,1884.14559,733.1137299999999,71,164.0,1,EVT2,0.872276769385389
W9_tile_40_cell_1136,tile_W9_40,W9,9w_1d,13336.0,5155.0,1892.30944,731.76492,1892.30944,731.76492,58,135.0,1,EVT2,0.670829749172715
W9_tile_40_cell_1137,tile_W9_40,W9,9w_1d,13522.5,5161.0,1918.78871,732.6168,1918.78871,732.6168,127,286.0,6,EVT2,0.857976102565759
W9_tile_40_cell_1140,tile_W9_40,W9,9w_1d,13187.0,5129.0,1871.15442,728.07344,1871.15442,728.07344,220,733.0,6,EVT2,0.565952557431373
W9_tile_40_cell_1141,tile_W9_40,W9,9w_1d,13408.0,5093.0,1902.532,722.9621599999999,1902.532,722.9621599999999,86,164.0,1,EVT2,0.879624796732505
W9_tile_40_cell_1143,tile_W9_40,W9,9w_1d,13115.5,5026.0,1861.00285,713.4495,1861.00285,713.4495,77,132.0,1,EVT2,0.605164754677626
W9_tile_40_cell_1145,tile_W9_40,W9,9w_1d,13391.5,5012.0,1900.18933,711.46178,1900.18933,711.46178,221,682.0,6,EVT2,0.648248317069912
W9_tile_40_cell_1146,tile_W9_40,W9,9w_1d,13189.0,4997.0,1871.43838,709.33208,1871.43838,709.33208,91,222.0,1,EVT2,0.865035231916775
W9_tile_40_cell_1148,tile_W9_40,W9,9w_1d,13465.0,4965.0,1910.62486,704.78872,1910.62486,704.78872,181,458.0,6,EVT2,0.656010885755391
W9_tile_40_cell_1151,tile_W9_40,W9,9w_1d,13341.0,4897.0,1893.01934,695.1340799999999,1893.01934,695.1340799999999,88,183.0,1,EVT2,0.860427922914446
W9_tile_40_cell_1153,tile_W9_40,W9,9w_1d,14031.0,4917.0,1990.98554,697.97368,1990.98554,697.97368,163,467.0,6,EVT2,0.806168399472782
W9_tile_40_cell_1154,tile_W9_40,W9,9w_1d,13450.5,4800.0,1908.56615,681.36202,1908.56615,681.36202,56,82.0,11,EVT2,0.635997763195396
W9_tile_40_cell_1157,tile_W9_40,W9,9w_1d,13272.0,4856.0,1883.22272,689.3129,1883.22272,689.3129,64,101.0,11,EVT2,0.506514608904588
W9_tile_40_cell_1158,tile_W9_40,W9,9w_1d,13961.0,4845.0,1981.04694,687.75112,1981.04694,687.75112,125,295.0,1,EVT2,0.914857899228302
W9_tile_40_cell_1159,tile_W9_40,W9,9w_1d,13370.5,4787.5,1897.20775,679.58727,1897.20775,679.58727,118,278.0,1,EVT3,0.86706121294247
W9_tile_40_cell_1162,tile_W9_40,W9,9w_1d,14168.0,4757.0,2010.4368,675.25688,2010.4368,675.25688,87,218.0,1,EVT2,0.812637837584024
W9_tile_40_cell_1163,tile_W9_40,W9,9w_1d,13868.0,4730.0,1967.8428,671.42342,1967.8428,671.42342,83,169.0,1,EVT2,0.86420447822087
W9_tile_40_cell_1165,tile_W9_40,W9,9w_1d,14075.0,4713.0,1997.23266,669.00976,1997.23266,669.00976,107,201.0,11,EVT2,0.761862087975896
W9_tile_40_cell_1168,tile_W9_40,W9,9w_1d,13567.0,4720.0,1925.10682,670.00362,1925.10682,670.00362,65,135.0,1,EVT2,0.845769727794027
W9_tile_40_cell_1169,tile_W9_40,W9,9w_1d,13335.0,4694.0,1892.16746,666.31214,1892.16746,666.31214,142,311.0,1,EVT2,0.643322967216121
W9_tile_40_cell_1171,tile_W9_40,W9,9w_1d,13060.0,4669.5,1853.12296,662.83363,1853.12296,662.83363,53,96.0,1,vCTB2,0.474894554987104
W9_tile_40_cell_1172,tile_W9_40,W9,9w_1d,14096.0,4647.0,2000.21424,659.6390799999999,2000.21424,659.6390799999999,63,133.0,1,EVT2,0.705233927975888
W9_tile_40_cell_1175,tile_W9_40,W9,9w_1d,14233.0,4657.0,2019.6655,661.0588799999999,2019.6655,661.0588799999999,60,121.0,1,EVT2,0.782302501236089
W9_tile_40_cell_1179,tile_W9_40,W9,9w_1d,14158.0,4619.5,2009.017,655.7346299999999,2009.017,655.7346299999999,76,160.0,1,EVT2,0.895185775936663
W9_tile_40_cell_1191,tile_W9_40,W9,9w_1d,14027.0,4583.0,1990.41762,650.55236,1990.41762,650.55236,81,131.0,11,EVT2,0.872023931913371
W9_tile_40_cell_1192,tile_W9_40,W9,9w_1d,13005.0,4548.0,1845.31406,645.5830599999999,1845.31406,645.5830599999999,212,476.0,5,unknown3,0.385388795479487
W9_tile_40_cell_1194,tile_W9_40,W9,9w_1d,12937.0,4578.0,1835.65942,649.84246,1835.65942,649.84246,109,199.0,0,vCTB2,0.605542654229638
W9_tile_40_cell_12,tile_W9_40,W9,9w_1d,13865.0,4792.0,1967.41686,680.22618,1967.41686,680.22618,212,605.0,6,EVT2,0.638296604810455
W9_tile_40_cell_1219,tile_W9_40,W9,9w_1d,12973.0,4455.0,1840.7707,632.37892,1840.7707,632.37892,166,317.0,5,unknown3,0.283635734876793
W9_tile_40_cell_1230,tile_W9_40,W9,9w_1d,12981.0,4351.5,1841.90654,617.68399,1841.90654,617.68399,140,264.0,5,vCTB2,0.512255912113596
W9_tile_40_cell_1244,tile_W9_40,W9,9w_1d,13591.0,4253.5,1928.51434,603.76995,1928.51434,603.76995,63,102.0,11,EVT2,0.365273680147315
W9_tile_40_cell_1252,tile_W9_40,W9,9w_1d,12974.0,4209.0,1840.91268,597.45184,1840.91268,597.45184,134,239.0,0,vCTB2,0.33298751908534
W9_tile_40_cell_1263,tile_W9_40,W9,9w_1d,12976.0,4121.0,1841.19664,584.9576,1841.19664,584.9576,53,80.0,8,vCTB2,0.563922434408845
W9_tile_40_cell_1284,tile_W9_40,W9,9w_1d,12931.5,3979.0,1834.87853,564.79644,1834.87853,564.79644,70,100.0,0,vCTB2,0.531854538183772
W9_tile_40_cell_1292,tile_W9_40,W9,9w_1d,13371.0,3986.0,1897.27874,565.7903,1897.27874,565.7903,59,93.0,1,EVT2,0.653491716372137
W9_tile_40_cell_1298,tile_W9_40,W9,9w_1d,13295.0,3913.0,1886.48826,555.42576,1886.48826,555.42576,90,154.0,1,EVT2,0.810816606728314
W9_tile_40_cell_1302,tile_W9_40,W9,9w_1d,13204.0,3892.0,1873.56808,552.44418,1873.56808,552.44418,64,96.0,1,EVT2,0.726071160301292
W9_tile_40_cell_134,tile_W9_40,W9,9w_1d,13716.0,4715.0,1946.26184,669.29372,1946.26184,669.29372,96,180.0,6,EVT2,0.899552617788238
W9_tile_40_cell_144,tile_W9_40,W9,9w_1d,13691.0,5255.0,1942.71234,745.9629199999999,1942.71234,745.9629199999999,103,202.0,6,EVT2,0.8034195377437
W9_tile_40_cell_158,tile_W9_40,W9,9w_1d,13746.0,5247.0,1950.52124,744.82708,1950.52124,744.82708,141,333.0,6,EVT2,0.801053351654926
W9_tile_40_cell_166,tile_W9_40,W9,9w_1d,14083.5,5279.0,1998.43949,749.37044,1998.43949,749.37044,182,458.0,6,EVT2,0.790476264709649
W9_tile_40_cell_172,tile_W9_40,W9,9w_1d,13549.0,4793.0,1922.55118,680.36816,1922.55118,680.36816,91,189.0,1,EVT2,0.777979812190294
W9_tile_40_cell_176,tile_W9_40,W9,9w_1d,13277.0,5060.0,1883.93262,718.2768199999999,1883.93262,718.2768199999999,227,625.0,6,EVT2,0.687813965121756
W9_tile_40_cell_183,tile_W9_40,W9,9w_1d,14346.5,5346.0,2035.78023,758.8831,2035.78023,758.8831,115,186.0,6,EVT2,0.858411372871688
W9_tile_40_cell_186,tile_W9_40,W9,9w_1d,13678.0,5122.0,1940.8666,727.07958,1940.8666,727.07958,302,939.0,6,EVT2,0.651075372213474
W9_tile_40_cell_188,tile_W9_40,W9,9w_1d,13644.0,5007.0,1936.03928,710.75188,1936.03928,710.75188,121,309.0,6,EVT2,0.737318681160955
W9_tile_40_cell_195,tile_W9_40,W9,9w_1d,13539.0,5402.0,1921.13138,766.83398,1921.13138,766.83398,109,243.0,6,EVT2,0.906082172593532
W9_tile_40_cell_200,tile_W9_40,W9,9w_1d,12980.0,4717.0,1841.76456,669.57768,1841.76456,669.57768,105,179.0,0,vCTB2,0.533251852357199
W9_tile_40_cell_205,tile_W9_40,W9,9w_1d,13646.0,5236.0,1936.32324,743.2653,1936.32324,743.2653,120,229.0,6,EVT2,0.953747734533779
W9_tile_40_cell_21,tile_W9_40,W9,9w_1d,13685.0,4642.0,1941.86046,658.92918,1941.86046,658.92918,156,334.0,6,EVT2,0.79192082283764
W9_tile_40_cell_212,tile_W9_40,W9,9w_1d,14193.0,5211.5,2013.9863,739.78679,2013.9863,739.78679,161,408.0,6,EVT2,0.808216804974549
W9_tile_40_cell_228,tile_W9_40,W9,9w_1d,14299.0,4849.0,2029.03618,688.31904,2029.03618,688.31904,72,217.0,1,EVT2,0.820722240703375
W9_tile_40_cell_235,tile_W9_40,W9,9w_1d,13539.0,4862.0,1921.13138,690.16478,1921.13138,690.16478,202,509.0,6,EVT2,0.680528455887718
W9_tile_40_cell_258,tile_W9_40,W9,9w_1d,13789.0,4999.0,1956.62638,709.61604,1956.62638,709.61604,81,180.0,1,EVT2,0.792671853196105
W9_tile_40_cell_268,tile_W9_40,W9,9w_1d,14290.0,5386.0,2027.75836,764.5622999999999,2027.75836,764.5622999999999,207,546.0,6,EVT2,0.707123273443875
W9_tile_40_cell_269,tile_W9_40,W9,9w_1d,14139.0,4843.0,2006.31938,687.4671599999999,2006.31938,687.4671599999999,66,150.0,1,EVT2,0.779702935281967
W9_tile_40_cell_288,tile_W9_40,W9,9w_1d,14323.0,4917.0,2032.4437,697.97368,2032.4437,697.97368,55,121.0,1,EVT2,0.611412495995085
W9_tile_40_cell_294,tile_W9_40,W9,9w_1d,14001.0,5110.0,1986.72614,725.37582,1986.72614,725.37582,109,219.0,6,EVT2,0.867237530846277
W9_tile_40_cell_312,tile_W9_40,W9,9w_1d,13653.0,5488.0,1937.3171,779.04426,1937.3171,779.04426,97,179.0,1,EVT2,0.666570968663308
W9_tile_40_cell_316,tile_W9_40,W9,9w_1d,14177.0,5518.0,2011.71462,783.3036599999999,2011.71462,783.3036599999999,89,155.0,1,EVT2,0.904644812890071
W9_tile_40_cell_318,tile_W9_40,W9,9w_1d,14413.0,4927.0,2045.2219,699.39348,2045.2219,699.39348,75,139.0,1,EVT2,0.674343458222483
W9_tile_40_cell_339,tile_W9_40,W9,9w_1d,13857.0,5305.5,1966.28102,753.1329099999999,1966.28102,753.1329099999999,99,210.0,1,EVT2,0.862378514142605
W9_tile_40_cell_350,tile_W9_40,W9,9w_1d,13792.0,5060.0,1957.05232,718.2768199999999,1957.05232,718.2768199999999,54,100.0,1,EVT2,0.741415033878589
W9_tile_40_cell_361,tile_W9_40,W9,9w_1d,13891.0,5356.0,1971.10834,760.3029,1971.10834,760.3029,90,187.0,1,EVT2,0.900152530124225
W9_tile_40_cell_378,tile_W9_40,W9,9w_1d,13615.0,5204.0,1931.92186,738.72194,1931.92186,738.72194,108,233.0,6,EVT2,0.801387711487187
W9_tile_40_cell_387,tile_W9_40,W9,9w_1d,14306.0,4694.0,2030.03004,666.31214,2030.03004,666.31214,55,128.0,1,EVT2,0.559583539354974
W9_tile_40_cell_391,tile_W9_40,W9,9w_1d,13687.0,5365.0,1942.14442,761.5807199999999,1942.14442,761.5807199999999,112,291.0,1,EVT2,0.838357042556607
W9_tile_40_cell_398,tile_W9_40,W9,9w_1d,14138.0,5144.0,2006.1774,730.20314,2006.1774,730.20314,67,117.0,1,EVT2,0.888087122608924
W9_tile_40_cell_41,tile_W9_40,W9,9w_1d,13759.5,5066.0,1952.43797,719.1287,1952.43797,719.1287,106,202.0,6,EVT2,0.847353535765357
W9_tile_40_cell_415,tile_W9_40,W9,9w_1d,13777.0,4914.0,1954.92262,697.54774,1954.92262,697.54774,88,207.0,1,EVT2,0.736114312119885
W9_tile_40_cell_421,tile_W9_40,W9,9w_1d,14087.0,5097.0,1998.93642,723.53008,1998.93642,723.53008,171,460.0,6,EVT2,0.550497744798428
W9_tile_40_cell_425,tile_W9_40,W9,9w_1d,14052.0,5376.0,1993.96712,763.1424999999999,1993.96712,763.1424999999999,191,463.0,6,EVT2,0.819433346857335
W9_tile_40_cell_433,tile_W9_40,W9,9w_1d,13839.0,5512.0,1963.72538,782.45178,1963.72538,782.45178,58,129.0,1,EVT2,0.548148472350086
W9_tile_40_cell_439,tile_W9_40,W9,9w_1d,13421.0,5504.0,1904.37774,781.31594,1904.37774,781.31594,136,315.0,6,EVT2,0.531300168016016
W9_tile_40_cell_451,tile_W9_40,W9,9w_1d,13563.5,5297.0,1924.60989,751.92608,1924.60989,751.92608,139,324.0,6,EVT2,0.75107274906621
W9_tile_40_cell_453,tile_W9_40,W9,9w_1d,13354.0,5065.0,1894.86508,718.98672,1894.86508,718.98672,129,296.0,6,EVT2,0.847354896545664
W9_tile_40_cell_483,tile_W9_40,W9,9w_1d,13217.0,5394.0,1875.41382,765.69814,1875.41382,765.69814,115,343.0,1,EVT2,0.869925216460672
W9_tile_40_cell_495,tile_W9_40,W9,9w_1d,14692.0,3706.0,2084.83432,526.0359,2084.83432,526.0359,68,105.0,2,vCTB2,0.500896896127535
W9_tile_40_cell_509,tile_W9_40,W9,9w_1d,14111.0,4955.5,2002.34394,703.4399099999999,2002.34394,703.4399099999999,88,208.0,1,EVT3,0.698675054119654
W9_tile_40_cell_527,tile_W9_40,W9,9w_1d,13628.5,4821.0,1933.83859,684.3435999999999,1933.83859,684.3435999999999,119,274.0,6,EVT2,0.768396034069975
W9_tile_40_cell_53,tile_W9_40,W9,9w_1d,13269.5,5515.0,1882.86777,782.87772,1882.86777,782.87772,115,248.0,1,EVT2,0.929055904004308
W9_tile_40_cell_543,tile_W9_40,W9,9w_1d,13917.0,4932.0,1974.79982,700.10338,1974.79982,700.10338,165,400.0,6,EVT3,0.490703734076315
W9_tile_40_cell_544,tile_W9_40,W9,9w_1d,13739.0,5022.5,1949.52738,712.9525699999999,1949.52738,712.9525699999999,87,170.0,1,EVT2,0.903871638538081
W9_tile_40_cell_549,tile_W9_40,W9,9w_1d,13581.0,5042.0,1927.09454,715.72118,1927.09454,715.72118,160,377.0,6,EVT2,0.791521405019191
W9_tile_40_cell_55,tile_W9_40,W9,9w_1d,14072.0,5439.0,1996.80672,772.08724,1996.80672,772.08724,65,129.0,1,EVT2,0.869055260557915
W9_tile_40_cell_559,tile_W9_40,W9,9w_1d,13695.0,4930.0,1943.28026,699.8194199999999,1943.28026,699.8194199999999,204,764.0,6,EVT2,0.475858707265363
W9_tile_40_cell_576,tile_W9_40,W9,9w_1d,13871.0,5147.0,1968.26874,730.6290799999999,1968.26874,730.6290799999999,222,637.0,6,EVT2,0.642959612932099
W9_tile_40_cell_578,tile_W9_40,W9,9w_1d,13659.0,4731.0,1938.16898,671.5654,1938.16898,671.5654,184,465.0,6,EVT2,0.783299578648365
W9_tile_40_cell_580,tile_W9_40,W9,9w_1d,13006.0,4815.0,1845.45604,683.49172,1845.45604,683.49172,175,418.0,5,vCTBp,0.336377648421582
W9_tile_40_cell_581,tile_W9_40,W9,9w_1d,13633.0,5422.0,1934.4775,769.67358,1934.4775,769.67358,268,985.0,6,EVT2,0.672757771518019
W9_tile_40_cell_589,tile_W9_40,W9,9w_1d,13593.0,4978.0,1928.7983,706.63446,1928.7983,706.63446,109,251.0,6,EVT2,0.911433055270091
W9_tile_40_cell_597,tile_W9_40,W9,9w_1d,13206.0,5244.0,1873.85204,744.4011399999999,1873.85204,744.4011399999999,207,619.0,6,EVT2,0.658489570392621
W9_tile_40_cell_603,tile_W9_40,W9,9w_1d,13594.0,4914.5,1928.94028,697.61873,1928.94028,697.61873,158,386.0,6,EVT2,0.856570377338776
W9_tile_40_cell_605,tile_W9_40,W9,9w_1d,13573.0,5494.0,1925.9587,779.89614,1925.9587,779.89614,99,185.0,1,EVT3,0.580369930085664
W9_tile_40_cell_61,tile_W9_40,W9,9w_1d,12991.0,4635.0,1843.32634,657.9353199999999,1843.32634,657.9353199999999,72,117.0,0,vCTB2,0.700374686663522
W9_tile_40_cell_610,tile_W9_40,W9,9w_1d,13841.0,5471.0,1964.00934,776.6306,1964.00934,776.6306,80,165.0,1,EVT2,0.780315828116926
W9_tile_40_cell_620,tile_W9_40,W9,9w_1d,14420.0,5234.5,2046.21576,743.05233,2046.21576,743.05233,189,416.0,6,EVT2,0.589456927908833
W9_tile_40_cell_622,tile_W9_40,W9,9w_1d,13828.0,5088.0,1962.1636,722.25226,1962.1636,722.25226,205,630.0,6,EVT2,0.755651327086353
W9_tile_40_cell_629,tile_W9_40,W9,9w_1d,14391.0,5149.0,2042.09834,730.91304,2042.09834,730.91304,194,497.0,6,EVT2,0.591207607746462
W9_tile_40_cell_633,tile_W9_40,W9,9w_1d,13712.0,4812.0,1945.69392,683.06578,1945.69392,683.06578,163,413.0,6,EVT2,0.808390203271939
W9_tile_40_cell_639,tile_W9_40,W9,9w_1d,14240.0,5272.0,2020.65936,748.37658,2020.65936,748.37658,61,100.0,1,EVT2,0.805631935191463
W9_tile_40_cell_661,tile_W9_40,W9,9w_1d,13978.0,5174.0,1983.4606,734.46254,1983.4606,734.46254,184,637.0,6,EVT2,0.566053841821871
W9_tile_40_cell_662,tile_W9_40,W9,9w_1d,13897.5,5436.5,1972.03121,771.7322899999999,1972.03121,771.7322899999999,150,340.0,6,EVT2,0.651526630929023
W9_tile_40_cell_664,tile_W9_40,W9,9w_1d,14192.0,4808.0,2013.84432,682.49786,2013.84432,682.49786,113,266.0,6,EVT3,0.525967229520691
W9_tile_40_cell_667,tile_W9_40,W9,9w_1d,13222.0,4694.5,1876.12372,666.3831299999999,1876.12372,666.3831299999999,58,98.0,11,EVT2,0.487967006756593
W9_tile_40_cell_683,tile_W9_40,W9,9w_1d,13413.0,5155.0,1903.2419,731.76492,1903.2419,731.76492,94,165.0,1,EVT2,0.779799855490414
W9_tile_40_cell_691,tile_W9_40,W9,9w_1d,13144.0,5436.0,1865.04928,771.6613,1865.04928,771.6613,70,118.0,1,EVT2,0.800231606920125
W9_tile_40_cell_695,tile_W9_40,W9,9w_1d,14275.0,5207.0,2025.62866,739.14788,2025.62866,739.14788,130,308.0,6,EVT2,0.911422677055131
W9_tile_40_cell_72,tile_W9_40,W9,9w_1d,13846.0,4999.0,1964.71924,709.61604,1964.71924,709.61604,112,251.0,6,EVT2,0.872272515734867
W9_tile_40_cell_731,tile_W9_40,W9,9w_1d,13541.0,4923.0,1921.41534,698.82556,1921.41534,698.82556,58,98.0,1,EVT2,0.671270776322938
W9_tile_40_cell_739,tile_W9_40,W9,9w_1d,14187.0,5476.0,2013.13442,777.3405,2013.13442,777.3405,78,135.0,1,EVT2,0.874510860677029
W9_tile_40_cell_740,tile_W9_40,W9,9w_1d,12965.0,3723.0,1839.63486,528.44956,1839.63486,528.44956,141,307.0,1,EVT3,0.885241081177525
W9_tile_40_cell_746,tile_W9_40,W9,9w_1d,13749.0,5508.0,1950.94718,781.88386,1950.94718,781.88386,131,305.0,1,EVT2,0.90589254988631
W9_tile_40_cell_752,tile_W9_40,W9,9w_1d,14246.0,5451.0,2021.51124,773.7909999999999,2021.51124,773.7909999999999,119,201.0,6,EVT2,0.800943085197069
W9_tile_40_cell_754,tile_W9_40,W9,9w_1d,14306.0,4897.0,2030.03004,695.1340799999999,2030.03004,695.1340799999999,66,159.0,1,EVT2,0.762025488298246
W9_tile_40_cell_759,tile_W9_40,W9,9w_1d,14103.0,5518.0,2001.2081,783.3036599999999,2001.2081,783.3036599999999,89,158.0,6,EVT2,0.932372016348798
W9_tile_40_cell_762,tile_W9_40,W9,9w_1d,13588.0,4764.0,1928.0884,676.25074,1928.0884,676.25074,96,200.0,1,EVT2,0.884044129252259
W9_tile_40_cell_763,tile_W9_40,W9,9w_1d,14270.5,5013.0,2024.98975,711.60376,2024.98975,711.60376,90,214.0,1,EVT2,0.728628601762314
W9_tile_40_cell_766,tile_W9_40,W9,9w_1d,13545.0,5347.0,1921.98326,759.02508,1921.98326,759.02508,66,113.0,1,EVT2,0.771104724864799
W9_tile_40_cell_772,tile_W9_40,W9,9w_1d,13225.0,5327.0,1876.54966,756.18548,1876.54966,756.18548,128,281.0,6,EVT2,0.810508511895859
W9_tile_40_cell_775,tile_W9_40,W9,9w_1d,13240.0,5185.0,1878.67936,736.02432,1878.67936,736.02432,117,271.0,1,EVT2,0.679379848941195
W9_tile_40_cell_777,tile_W9_40,W9,9w_1d,14644.5,3783.0,2078.09027,536.96836,2078.09027,536.96836,40,84.0,2,EVT2,0.360195895411364
W9_tile_40_cell_788,tile_W9_40,W9,9w_1d,14566.5,4854.5,2067.01583,689.09993,2067.01583,689.09993,83,128.0,4,unknown2,0.516257697921401
W9_tile_40_cell_790,tile_W9_40,W9,9w_1d,13583.0,5107.0,1927.3785,724.94988,1927.3785,724.94988,193,528.0,6,EVT2,0.657582936950795
W9_tile_40_cell_794,tile_W9_40,W9,9w_1d,14353.0,4709.0,2036.7031,668.44184,2036.7031,668.44184,112,265.0,1,EVT2,0.688121912066957
W9_tile_40_cell_813,tile_W9_40,W9,9w_1d,14164.0,4992.0,2009.86888,708.62218,2009.86888,708.62218,63,133.0,1,EVT2,0.665253404149861
W9_tile_40_cell_815,tile_W9_40,W9,9w_1d,14241.0,4866.0,2020.80134,690.7327,2020.80134,690.7327,132,343.0,6,EVT2,0.871980145526236
W9_tile_40_cell_817,tile_W9_40,W9,9w_1d,14074.0,5020.0,1997.09068,712.59762,1997.09068,712.59762,121,274.0,6,EVT2,0.684453869216338
W9_tile_40_cell_818,tile_W9_40,W9,9w_1d,14324.0,5083.0,2032.58568,721.54236,2032.58568,721.54236,151,545.0,1,EVT2,0.739803956314923
W9_tile_40_cell_820,tile_W9_40,W9,9w_1d,13548.0,4964.0,1922.4092,704.64674,1922.4092,704.64674,51,83.0,1,EVT2,0.663779990479606
W9_tile_40_cell_822,tile_W9_40,W9,9w_1d,14132.0,4880.0,2005.32552,692.72042,2005.32552,692.72042,45,87.0,1,EVT2,0.618773508280736
W9_tile_40_cell_827,tile_W9_40,W9,9w_1d,14113.0,4914.0,2002.6279,697.54774,2002.6279,697.54774,45,115.0,1,EVT2,0.70309740778518
W9_tile_40_cell_830,tile_W9_40,W9,9w_1d,13854.0,4904.0,1965.85508,696.12794,1965.85508,696.12794,141,373.0,6,EVT2,0.730791772380265
W9_tile_40_cell_832,tile_W9_40,W9,9w_1d,14220.0,4988.0,2017.81976,708.05426,2017.81976,708.05426,95,231.0,1,EVT2,0.792401096097693
W9_tile_40_cell_842,tile_W9_40,W9,9w_1d,14116.0,5472.0,2003.05384,776.77258,2003.05384,776.77258,72,110.0,1,EVT2,0.894617347244717
W9_tile_40_cell_848,tile_W9_40,W9,9w_1d,13795.0,4841.0,1957.47826,687.1831999999999,1957.47826,687.1831999999999,141,305.0,6,EVT2,0.506852686296414
W9_tile_40_cell_850,tile_W9_40,W9,9w_1d,13596.0,4638.0,1929.22424,658.36126,1929.22424,658.36126,203,572.0,6,EVT2,0.683815108109359
W9_tile_40_cell_852,tile_W9_40,W9,9w_1d,14156.0,5283.0,2008.73304,749.93836,2008.73304,749.93836,99,215.0,6,EVT2,0.880330872451137
W9_tile_40_cell_853,tile_W9_40,W9,9w_1d,13755.0,4949.0,1951.79906,702.51704,1951.79906,702.51704,112,325.0,1,EVT2,0.70250357104189
W9_tile_40_cell_858,tile_W9_40,W9,9w_1d,13745.0,5431.5,1950.37926,771.02239,1950.37926,771.02239,107,270.0,1,EVT2,0.642828275535308
W9_tile_40_cell_867,tile_W9_40,W9,9w_1d,13944.0,4993.0,1978.63328,708.76416,1978.63328,708.76416,164,467.0,6,EVT2,0.822974344632955
W9_tile_40_cell_873,tile_W9_40,W9,9w_1d,13817.0,5035.0,1960.60182,714.72732,1960.60182,714.72732,71,128.0,1,EVT2,0.848688041450199
W9_tile_40_cell_897,tile_W9_40,W9,9w_1d,14009.0,5047.0,1987.86198,716.43108,1987.86198,716.43108,139,415.0,6,EVT2,0.761125553539143
W9_tile_40_cell_907,tile_W9_40,W9,9w_1d,14387.0,5045.0,2041.53042,716.14712,2041.53042,716.14712,68,132.0,1,EVT2,0.817467415243563
W9_tile_40_cell_908,tile_W9_40,W9,9w_1d,14180.0,4873.0,2012.14056,691.72656,2012.14056,691.72656,68,166.0,1,EVT2,0.786345164061469
W9_tile_40_cell_910,tile_W9_40,W9,9w_1d,13939.0,5249.5,1977.92338,745.1820299999999,1977.92338,745.1820299999999,152,372.0,6,EVT2,0.754625915198414
W9_tile_40_cell_913,tile_W9_40,W9,9w_1d,14361.0,4954.0,2037.83894,703.22694,2037.83894,703.22694,144,469.0,6,EVT3,0.633083952539205
W9_tile_40_cell_915,tile_W9_40,W9,9w_1d,14249.5,4741.0,2022.00817,672.9852,2022.00817,672.9852,118,266.0,1,EVT3,0.552221361952916
W9_tile_40_cell_917,tile_W9_40,W9,9w_1d,14477.0,3713.0,2054.30862,527.02976,2054.30862,527.02976,43,112.0,2,vCTB2,0.48568157310395
W9_tile_40_cell_938,tile_W9_40,W9,9w_1d,14217.0,5327.0,2017.39382,756.18548,2017.39382,756.18548,73,133.0,1,EVT2,0.86921076823071
W9_tile_40_cell_954,tile_W9_40,W9,9w_1d,14438.0,4980.0,2048.7714,706.91842,2048.7714,706.91842,81,206.0,1,EVT2,0.693645873026267
W9_tile_40_cell_971,tile_W9_40,W9,9w_1d,13936.0,5510.0,1977.49744,782.16782,1977.49744,782.16782,97,211.0,1,EVT2,0.742386237639655
W9_tile_40_cell_975,tile_W9_40,W9,9w_1d,14144.0,4949.5,2007.02928,702.58803,2007.02928,702.58803,42,82.0,1,EVT2,0.61692118968699
W9_tile_40_cell_980,tile_W9_40,W9,9w_1d,13128.0,5084.0,1862.7776,721.68434,1862.7776,721.68434,103,249.0,1,EVT2,0.878543056354608
W9_tile_40_cell_983,tile_W9_40,W9,9w_1d,13779.0,5324.0,1955.20658,755.75954,1955.20658,755.75954,204,642.0,6,EVT2,0.697866702697956
W9_tile_40_cell_992,tile_W9_40,W9,9w_1d,13800.0,5402.0,1958.18816,766.83398,1958.18816,766.83398,147,336.0,6,EVT2,0.569622760169985
W9_tile_40_cell_994,tile_W9_40,W9,9w_1d,14081.0,5203.0,1998.08454,738.57996,1998.08454,738.57996,130,310.0,6,EVT2,0.742190582754136
W9_tile_40_cell_998,tile_W9_40,W9,9w_1d,13992.0,5474.0,1985.44832,777.0565399999999,1985.44832,777.0565399999999,105,203.0,6,EVT2,0.87967547119424
W9_tile_41_cell_1005,tile_W9_41,W9,9w_1d,11127.0,2586.0,1578.67562,367.0183,1578.67562,367.0183,143,513.0,7,STB,0.473601735460895
W9_tile_41_cell_1010,tile_W9_41,W9,9w_1d,11073.0,2526.0,1571.0087,358.4995,1571.0087,358.4995,50,123.0,2,vCTB2,0.374378524283039
W9_tile_41_cell_1012,tile_W9_41,W9,9w_1d,11106.0,2517.0,1575.69404,357.22168,1575.69404,357.22168,51,150.0,2,vCTB2,0.409320940022799
W9_tile_41_cell_115,tile_W9_41,W9,9w_1d,11195.0,2982.5,1588.33026,423.31337,1588.33026,423.31337,93,156.0,9,Hofbauer cells,0.735009468564721
W9_tile_41_cell_129,tile_W9_41,W9,9w_1d,11669.0,3102.0,1655.62878,440.27998,1655.62878,440.27998,171,302.0,8,Fibroblast1,0.554188620268275
W9_tile_41_cell_133,tile_W9_41,W9,9w_1d,11196.0,2643.0,1588.47224,375.11116,1588.47224,375.11116,153,455.0,7,STB,0.639356110278307
W9_tile_41_cell_134,tile_W9_41,W9,9w_1d,11955.0,3401.0,1696.23506,482.732,1696.23506,482.732,55,87.0,4,vCTB2,0.380282288911025
W9_tile_41_cell_14,tile_W9_41,W9,9w_1d,12175.0,3092.5,1727.47066,438.93117,1727.47066,438.93117,156,254.0,8,Fibroblast1,0.928272360383853
W9_tile_41_cell_149,tile_W9_41,W9,9w_1d,11613.0,2979.0,1647.6779,422.81644,1647.6779,422.81644,285,611.0,5,unknown3,0.419302373151134
W9_tile_41_cell_167,tile_W9_41,W9,9w_1d,12066.0,3145.0,1711.9948399999998,446.38512,1711.9948399999998,446.38512,74,120.0,9,Hofbauer cells,0.540377036832332
W9_tile_41_cell_19,tile_W9_41,W9,9w_1d,12268.0,3583.0,1740.6748,508.57236,1740.6748,508.57236,75,101.0,4,Fibroblast2,0.253792205936108
W9_tile_41_cell_190,tile_W9_41,W9,9w_1d,11446.0,2935.0,1623.96724,416.56932,1623.96724,416.56932,109,189.0,0,vCTB2,0.518431112198613
W9_tile_41_cell_20,tile_W9_41,W9,9w_1d,11795.0,3531.0,1673.51826,501.1894,1673.51826,501.1894,72,104.0,4,Fibroblast2,0.220484870415578
W9_tile_41_cell_204,tile_W9_41,W9,9w_1d,11207.0,3119.0,1590.03402,442.69364,1590.03402,442.69364,134,208.0,3,Fibroblast2,0.847519074724335
W9_tile_41_cell_208,tile_W9_41,W9,9w_1d,12285.0,3382.0,1743.08846,480.03438,1743.08846,480.03438,136,215.0,3,Fibroblast2,0.689894605322761
W9_tile_41_cell_21,tile_W9_41,W9,9w_1d,11602.0,2889.5,1646.11612,410.10923,1646.11612,410.10923,87,294.0,2,STB,0.2987670449956
W9_tile_41_cell_235,tile_W9_41,W9,9w_1d,11857.0,2942.0,1682.32102,417.56318,1682.32102,417.56318,234,631.0,5,unknown3,0.353160918325803
W9_tile_41_cell_242,tile_W9_41,W9,9w_1d,11838.0,3608.0,1679.6234,512.12186,1679.6234,512.12186,182,340.0,3,Fibroblast2,0.982446903866746
W9_tile_41_cell_262,tile_W9_41,W9,9w_1d,11303.0,2956.0,1603.6641,419.5509,1603.6641,419.5509,134,184.0,12,Fibroblast2,0.438249346299045
W9_tile_41_cell_287,tile_W9_41,W9,9w_1d,12174.0,3402.0,1727.3286799999998,482.87398,1727.3286799999998,482.87398,112,162.0,3,Fibroblast2,0.545080528482505
W9_tile_41_cell_305,tile_W9_41,W9,9w_1d,11389.5,3543.5,1615.94537,502.96415,1615.94537,502.96415,148,262.0,3,Fibroblast2,0.761809373755625
W9_tile_41_cell_327,tile_W9_41,W9,9w_1d,12005.0,3378.0,1703.33406,479.46646,1703.33406,479.46646,66,119.0,4,EVT2,0.322626307498719
W9_tile_41_cell_329,tile_W9_41,W9,9w_1d,11573.0,3640.0,1641.9987,516.66522,1641.9987,516.66522,134,211.0,9,Hofbauer cells,0.724125873284744
W9_tile_41_cell_337,tile_W9_41,W9,9w_1d,12500.0,3498.0,1773.61416,496.50406,1773.61416,496.50406,79,102.0,0,vCTB2,0.542715656674974
W9_tile_41_cell_370,tile_W9_41,W9,9w_1d,12240.0,3509.5,1736.6993599999998,498.13683,1736.6993599999998,498.13683,107,160.0,4,Fibroblast2,0.29955825742121
W9_tile_41_cell_371,tile_W9_41,W9,9w_1d,12285.0,3622.0,1743.08846,514.1095799999999,1743.08846,514.1095799999999,122,190.0,3,Fibroblast2,0.559183913338819
W9_tile_41_cell_377,tile_W9_41,W9,9w_1d,11255.0,3203.0,1596.84906,454.61996,1596.84906,454.61996,86,131.0,4,Fibroblast2,0.32092056459928
W9_tile_41_cell_385,tile_W9_41,W9,9w_1d,12028.0,3545.5,1706.5996,503.24811,1706.5996,503.24811,215,390.0,3,Fibroblast2,0.900893090401252
W9_tile_41_cell_420,tile_W9_41,W9,9w_1d,11512.0,2871.0,1633.33792,407.4826,1633.33792,407.4826,35,131.0,2,vCTB2,0.413908099343783
W9_tile_41_cell_422,tile_W9_41,W9,9w_1d,11307.0,3487.0,1604.23202,494.94228,1604.23202,494.94228,118,217.0,3,Fibroblast2,0.773147818395422
W9_tile_41_cell_430,tile_W9_41,W9,9w_1d,11965.0,2959.5,1697.65486,420.04783,1697.65486,420.04783,119,196.0,0,vCTB2,0.385442268647636
W9_tile_41_cell_442,tile_W9_41,W9,9w_1d,11539.0,2910.5,1637.17138,413.09081,1637.17138,413.09081,46,112.0,2,vCTB2,0.444989759353265
W9_tile_41_cell_449,tile_W9_41,W9,9w_1d,11403.0,3009.5,1617.8621,427.14683,1617.8621,427.14683,107,170.0,12,Fibroblast2,0.445778749093145
W9_tile_41_cell_479,tile_W9_41,W9,9w_1d,12291.0,3186.0,1743.94034,452.2063,1743.94034,452.2063,83,117.0,8,vCTB2,0.254419122230498
W9_tile_41_cell_495,tile_W9_41,W9,9w_1d,12257.0,3553.0,1739.11302,504.31296,1739.11302,504.31296,81,115.0,4,Fibroblast2,0.592154004057574
W9_tile_41_cell_497,tile_W9_41,W9,9w_1d,12211.0,3354.0,1732.58194,476.05894,1732.58194,476.05894,137,218.0,3,Fibroblast2,0.658187314693539
W9_tile_41_cell_51,tile_W9_41,W9,9w_1d,12195.0,3032.0,1730.31026,430.34138,1730.31026,430.34138,77,114.0,0,vCTB2,0.640409648887508
W9_tile_41_cell_510,tile_W9_41,W9,9w_1d,12427.0,3334.0,1763.24962,473.21934,1763.24962,473.21934,88,139.0,0,vCTB2,0.672989072312181
W9_tile_41_cell_517,tile_W9_41,W9,9w_1d,11977.5,2867.0,1699.42961,406.91468,1699.42961,406.91468,109,358.0,7,STB,0.462158278819414
W9_tile_41_cell_527,tile_W9_41,W9,9w_1d,12574.0,3571.0,1784.12068,506.8686,1784.12068,506.8686,86,133.0,0,vCTB2,0.686220537996252
W9_tile_41_cell_550,tile_W9_41,W9,9w_1d,11825.0,3016.0,1677.77766,428.0697,1677.77766,428.0697,138,207.0,12,Fibroblast2,0.748514944803276
W9_tile_41_cell_552,tile_W9_41,W9,9w_1d,12342.0,3453.0,1751.18132,490.11496,1751.18132,490.11496,130,192.0,3,Fibroblast2,0.801843606097012
W9_tile_41_cell_57,tile_W9_41,W9,9w_1d,11496.0,3012.0,1631.06624,427.50178,1631.06624,427.50178,63,81.0,12,vCTB2,0.354117344596074
W9_tile_41_cell_574,tile_W9_41,W9,9w_1d,12411.0,3130.0,1760.97794,444.25542,1760.97794,444.25542,56,131.0,2,vCTB2,0.385665743428226
W9_tile_41_cell_577,tile_W9_41,W9,9w_1d,12648.0,3652.0,1794.6272,518.36898,1794.6272,518.36898,149,205.0,5,STB,0.315073368507087
W9_tile_41_cell_581,tile_W9_41,W9,9w_1d,12359.5,3263.0,1753.66597,463.13876,1753.66597,463.13876,105,178.0,0,vCTB2,0.550375639932541
W9_tile_41_cell_582,tile_W9_41,W9,9w_1d,12306.0,3290.0,1746.0700399999998,466.97222,1746.0700399999998,466.97222,87,123.0,4,Fibroblast2,0.631064467887185
W9_tile_41_cell_604,tile_W9_41,W9,9w_1d,11424.0,2857.0,1620.84368,405.49488,1620.84368,405.49488,171,430.0,10,STB,0.625089739417385
W9_tile_41_cell_607,tile_W9_41,W9,9w_1d,11988.0,3230.0,1700.9204,458.45342,1700.9204,458.45342,208,367.0,9,Fibroblast2,0.665638520132265
W9_tile_41_cell_633,tile_W9_41,W9,9w_1d,11777.5,2876.0,1671.03361,408.1925,1671.03361,408.1925,24,108.0,2,vCTB2,0.501111512927578
W9_tile_41_cell_634,tile_W9_41,W9,9w_1d,12253.0,3073.5,1738.5451,436.23355,1738.5451,436.23355,118,194.0,0,vCTB2,0.457065019155916
W9_tile_41_cell_638,tile_W9_41,W9,9w_1d,12311.0,3498.0,1746.77994,496.50406,1746.77994,496.50406,73,105.0,4,Fibroblast2,0.415004473498305
W9_tile_41_cell_655,tile_W9_41,W9,9w_1d,12430.0,3417.0,1763.67556,485.00368,1763.67556,485.00368,120,163.0,0,vCTB2,0.578102284971143
W9_tile_41_cell_657,tile_W9_41,W9,9w_1d,11344.0,3558.0,1609.48528,505.02286,1609.48528,505.02286,109,159.0,3,Fibroblast2,0.96142394994364
W9_tile_41_cell_666,tile_W9_41,W9,9w_1d,12357.0,3168.0,1753.31102,449.65066,1753.31102,449.65066,144,268.0,5,vCTB2,0.451208207142591
W9_tile_41_cell_704,tile_W9_41,W9,9w_1d,11919.5,3336.0,1691.1947699999998,473.5033,1691.1947699999998,473.5033,79,130.0,9,Hofbauer cells,0.541202877232474
W9_tile_41_cell_705,tile_W9_41,W9,9w_1d,12530.0,3540.0,1777.87356,502.46722,1777.87356,502.46722,66,89.0,0,vCTB2,0.54758327333297
W9_tile_41_cell_709,tile_W9_41,W9,9w_1d,12077.0,2981.0,1713.5566199999998,423.1004,1713.5566199999998,423.1004,177,383.0,5,STB,0.677476692473653
W9_tile_41_cell_713,tile_W9_41,W9,9w_1d,11662.0,2843.0,1654.63492,403.50716,1654.63492,403.50716,42,117.0,2,vCTB2,0.398655599073029
W9_tile_41_cell_725,tile_W9_41,W9,9w_1d,11526.5,3616.0,1635.39663,513.2577,1635.39663,513.2577,133,198.0,9,Hofbauer cells,0.744337569478717
W9_tile_41_cell_73,tile_W9_41,W9,9w_1d,11346.0,2977.0,1609.76924,422.53248,1609.76924,422.53248,73,91.0,4,vCTB2,0.296631121653711
W9_tile_41_cell_743,tile_W9_41,W9,9w_1d,12023.0,3311.0,1705.8897,469.9538,1705.8897,469.9538,211,395.0,3,Fibroblast2,0.805751980500267
W9_tile_41_cell_746,tile_W9_41,W9,9w_1d,11451.0,3039.0,1624.67714,431.33524,1624.67714,431.33524,167,253.0,3,Fibroblast2,0.742279889098679
W9_tile_41_cell_76,tile_W9_41,W9,9w_1d,12325.0,3074.0,1748.76766,436.30454,1748.76766,436.30454,165,365.0,10,STB,0.610679045246496
W9_tile_41_cell_774,tile_W9_41,W9,9w_1d,12191.0,2907.0,1729.74234,412.59388,1729.74234,412.59388,109,395.0,2,EVT2,0.459329595969657
W9_tile_41_cell_782,tile_W9_41,W9,9w_1d,12161.0,2996.0,1725.48294,425.2301,1725.48294,425.2301,97,173.0,0,vCTB2,0.627890507294601
W9_tile_41_cell_785,tile_W9_41,W9,9w_1d,12038.0,3109.0,1708.0194,441.27384,1708.0194,441.27384,58,93.0,9,Hofbauer cells,0.414702745165643
W9_tile_41_cell_787,tile_W9_41,W9,9w_1d,11205.0,2686.0,1589.7500599999998,381.2163,1589.7500599999998,381.2163,48,96.0,2,vCTB2,0.569864257242866
W9_tile_41_cell_829,tile_W9_41,W9,9w_1d,11893.0,2891.5,1687.4323,410.39319,1687.4323,410.39319,39,98.0,2,vCTB2,0.511568234796233
W9_tile_41_cell_833,tile_W9_41,W9,9w_1d,12319.0,3409.0,1747.91578,483.86784,1747.91578,483.86784,107,153.0,9,Hofbauer cells,0.567556308465083
W9_tile_41_cell_836,tile_W9_41,W9,9w_1d,12235.0,3298.0,1735.98946,468.10806,1735.98946,468.10806,88,139.0,4,Fibroblast2,0.559577732773429
W9_tile_41_cell_854,tile_W9_41,W9,9w_1d,12091.0,3203.0,1715.54434,454.61996,1715.54434,454.61996,84,129.0,4,Fibroblast2,0.283062947799415
W9_tile_41_cell_881,tile_W9_41,W9,9w_1d,11936.0,3289.0,1693.5374399999998,466.83024,1693.5374399999998,466.83024,63,86.0,9,Hofbauer cells,0.674796340160299
W9_tile_41_cell_882,tile_W9_41,W9,9w_1d,12398.0,3532.0,1759.1322,501.33138,1759.1322,501.33138,126,171.0,3,Fibroblast2,0.450878356013695
W9_tile_41_cell_893,tile_W9_41,W9,9w_1d,11519.0,2970.0,1634.33178,421.53862,1634.33178,421.53862,183,325.0,5,vCTB2,0.398366712909245
W9_tile_41_cell_918,tile_W9_41,W9,9w_1d,11737.0,2914.0,1665.28342,413.58774,1665.28342,413.58774,76,158.0,0,vCTB2,0.645758681504588
W9_tile_41_cell_920,tile_W9_41,W9,9w_1d,12027.0,2926.0,1706.45762,415.2915,1706.45762,415.2915,66,143.0,2,STB,0.572888877599253
W9_tile_41_cell_941,tile_W9_41,W9,9w_1d,11111.0,3615.0,1576.40394,513.11572,1576.40394,513.11572,63,83.0,9,vCTB2,0.33539904601952
W9_tile_41_cell_951,tile_W9_41,W9,9w_1d,11254.0,3301.0,1596.70708,468.534,1596.70708,468.534,40,93.0,11,vCTB2,0.601506095929545
W9_tile_41_cell_953,tile_W9_41,W9,9w_1d,11460.5,3171.5,1626.02595,450.14759,1626.02595,450.14759,254,562.0,3,Fibroblast2,0.922622324717232
W9_tile_41_cell_954,tile_W9_41,W9,9w_1d,11319.0,3239.5,1605.93578,459.80223,1605.93578,459.80223,86,152.0,4,Fibroblast2,0.441352056806921
W9_tile_41_cell_959,tile_W9_41,W9,9w_1d,11741.0,3101.0,1665.85134,440.138,1665.85134,440.138,178,303.0,8,Fibroblast1,0.896926173617231
W9_tile_41_cell_965,tile_W9_41,W9,9w_1d,11122.0,2893.0,1577.96572,410.60616,1577.96572,410.60616,69,127.0,11,vCTB2,0.429713320882511
W9_tile_41_cell_968,tile_W9_41,W9,9w_1d,11233.0,2848.0,1593.7255,404.21706,1593.7255,404.21706,303,567.0,8,Fibroblast1,0.505569532557308
W9_tile_41_cell_969,tile_W9_41,W9,9w_1d,11312.0,2818.0,1604.94192,399.95766,1604.94192,399.95766,168,368.0,5,STB,0.661499689460864
W9_tile_41_cell_970,tile_W9_41,W9,9w_1d,11110.0,2767.0,1576.26196,392.71668,1576.26196,392.71668,322,717.0,8,Fibroblast1,0.71474787848057
W9_tile_41_cell_973,tile_W9_41,W9,9w_1d,11387.0,2791.0,1615.59042,396.1242,1615.59042,396.1242,140,517.0,7,STB,0.445473410555668
W9_tile_41_cell_975,tile_W9_41,W9,9w_1d,11338.5,2746.0,1608.70439,389.7351,1608.70439,389.7351,99,282.0,7,STB,0.572814552166982
W9_tile_41_cell_978,tile_W9_41,W9,9w_1d,11256.0,2723.0,1596.99104,386.46956,1596.99104,386.46956,191,591.0,10,STB,0.659932247687091
W9_tile_41_cell_983,tile_W9_41,W9,9w_1d,11167.0,2696.0,1584.35482,382.6361,1584.35482,382.6361,167,254.0,5,Fibroblast1,0.647573328874061
W9_tile_42_cell_100,tile_W9_42,W9,9w_1d,10806.0,2273.0,1533.10004,322.57856,1533.10004,322.57856,95,312.0,7,STB,0.360628915712588
W9_tile_42_cell_1008,tile_W9_42,W9,9w_1d,10281.0,2181.5,1458.56054,309.58739,1458.56054,309.58739,206,544.0,10,STB,0.667171147185206
W9_tile_42_cell_1027,tile_W9_42,W9,9w_1d,11028.0,2556.0,1564.6196,362.7589,1564.6196,362.7589,118,219.0,10,vCTB2,0.592279213741552
W9_tile_42_cell_1047,tile_W9_42,W9,9w_1d,10113.0,1933.0,1434.7079,274.30536,1434.7079,274.30536,334,1011.0,10,Endothelial_cells,0.433244261908531
W9_tile_42_cell_1067,tile_W9_42,W9,9w_1d,10103.0,2096.0,1433.2881,297.4481,1433.2881,297.4481,224,792.0,10,vCTB2,0.229971069292288
W9_tile_42_cell_1087,tile_W9_42,W9,9w_1d,10591.0,3441.0,1502.57434,488.4112,1502.57434,488.4112,72,115.0,4,vCTB2,0.27779141406759
W9_tile_42_cell_1088,tile_W9_42,W9,9w_1d,10176.0,1869.0,1443.65264,265.21864,1443.65264,265.21864,96,337.0,7,STB,0.244462481679496
W9_tile_42_cell_110,tile_W9_42,W9,9w_1d,9868.0,2968.0,1399.9228,421.25466,1399.9228,421.25466,183,417.0,3,Fibroblast2,0.969329402832182
W9_tile_42_cell_1124,tile_W9_42,W9,9w_1d,11021.0,2699.0,1563.62574,383.06204,1563.62574,383.06204,151,245.0,8,Fibroblast2,0.577176907148102
W9_tile_42_cell_1164,tile_W9_42,W9,9w_1d,9951.5,3452.5,1411.77813,490.04397,1411.77813,490.04397,136,240.0,9,Hofbauer cells,0.731096632585482
W9_tile_42_cell_1169,tile_W9_42,W9,9w_1d,9316.0,3406.5,1321.54984,483.51289,1321.54984,483.51289,67,94.0,4,Fibroblast2,0.332041932177633
W9_tile_42_cell_1173,tile_W9_42,W9,9w_1d,9488.0,3384.0,1345.9704,480.31834,1345.9704,480.31834,175,301.0,12,Endothelial_cells,0.98384757089567
W9_tile_42_cell_1178,tile_W9_42,W9,9w_1d,9391.0,3349.0,1332.19834,475.34904,1332.19834,475.34904,320,629.0,8,Fibroblast1,0.615487556528222
W9_tile_42_cell_1182,tile_W9_42,W9,9w_1d,10622.0,3296.5,1506.97572,467.89509,1506.97572,467.89509,105,164.0,3,Fibroblast2,0.752724909973217
W9_tile_42_cell_1186,tile_W9_42,W9,9w_1d,10181.0,3236.5,1444.36254,459.37629,1444.36254,459.37629,198,386.0,3,Fibroblast2,0.90887604985458
W9_tile_42_cell_1187,tile_W9_42,W9,9w_1d,9945.0,3276.0,1410.85526,464.9845,1410.85526,464.9845,180,398.0,3,Fibroblast2,0.951744824121558
W9_tile_42_cell_1192,tile_W9_42,W9,9w_1d,10655.5,3157.0,1511.7320499999998,448.08888,1511.7320499999998,448.08888,198,550.0,9,Hofbauer cells,0.743599697036567
W9_tile_42_cell_1193,tile_W9_42,W9,9w_1d,10841.0,3194.0,1538.06934,453.34214,1538.06934,453.34214,306,721.0,3,Fibroblast2,0.892864205621382
W9_tile_42_cell_1202,tile_W9_42,W9,9w_1d,10488.0,3079.5,1487.9504,437.08543,1487.9504,437.08543,204,448.0,3,Fibroblast2,0.933692728870157
W9_tile_42_cell_1207,tile_W9_42,W9,9w_1d,10779.0,3086.0,1529.26658,438.0083,1529.26658,438.0083,140,267.0,3,Fibroblast2,0.911687429395128
W9_tile_42_cell_1212,tile_W9_42,W9,9w_1d,10772.0,3026.0,1528.27272,429.4895,1528.27272,429.4895,214,411.0,3,Fibroblast2,0.946482920791855
W9_tile_42_cell_1221,tile_W9_42,W9,9w_1d,9477.0,2995.0,1344.40862,425.08812,1344.40862,425.08812,160,319.0,3,Fibroblast2,0.950734813298829
W9_tile_42_cell_1222,tile_W9_42,W9,9w_1d,10936.0,2987.0,1551.55744,423.95228,1551.55744,423.95228,117,174.0,3,Fibroblast2,0.822720363346977
W9_tile_42_cell_1226,tile_W9_42,W9,9w_1d,10112.0,2943.0,1434.56592,417.70516,1434.56592,417.70516,68,101.0,4,Fibroblast2,0.407927666343285
W9_tile_42_cell_1227,tile_W9_42,W9,9w_1d,10887.0,2940.0,1544.60042,417.27922,1544.60042,417.27922,112,182.0,4,Fibroblast2,0.490337805815218
W9_tile_42_cell_1230,tile_W9_42,W9,9w_1d,10376.0,2919.0,1472.04864,414.29764,1472.04864,414.29764,50,87.0,9,vCTB2,0.45214738014777
W9_tile_42_cell_1231,tile_W9_42,W9,9w_1d,10605.0,2931.0,1504.56206,416.0014,1504.56206,416.0014,78,150.0,4,Fibroblast2,0.214860210794769
W9_tile_42_cell_1232,tile_W9_42,W9,9w_1d,10776.0,2960.0,1528.84064,420.11882,1528.84064,420.11882,154,279.0,11,Fibroblast2,0.372031793320541
W9_tile_42_cell_1233,tile_W9_42,W9,9w_1d,10839.0,2900.0,1537.78538,411.60002,1537.78538,411.60002,92,158.0,9,Fibroblast2,0.246847685087628
W9_tile_42_cell_1236,tile_W9_42,W9,9w_1d,10555.0,2879.0,1497.46306,408.61844,1497.46306,408.61844,122,191.0,12,Endothelial_cells,0.975821437060412
W9_tile_42_cell_1238,tile_W9_42,W9,9w_1d,10675.5,2855.5,1514.57165,405.28191,1514.57165,405.28191,96,166.0,4,Fibroblast2,0.317975671461611
W9_tile_42_cell_1239,tile_W9_42,W9,9w_1d,10838.0,2850.0,1537.6434,404.50102,1537.6434,404.50102,80,156.0,9,vCTB2,0.304787486799817
W9_tile_42_cell_1244,tile_W9_42,W9,9w_1d,10617.0,2787.0,1506.2658199999998,395.55628,1506.2658199999998,395.55628,49,103.0,11,vCTB2,0.566658613749953
W9_tile_42_cell_1245,tile_W9_42,W9,9w_1d,9234.0,2768.0,1309.90748,392.85866,1309.90748,392.85866,110,186.0,9,Fibroblast2,0.423143386679927
W9_tile_42_cell_1247,tile_W9_42,W9,9w_1d,10456.0,2805.0,1483.40704,398.11192,1483.40704,398.11192,65,99.0,9,vCTB2,0.355515812957309
W9_tile_42_cell_1248,tile_W9_42,W9,9w_1d,10743.0,2764.0,1524.1553,392.29074,1524.1553,392.29074,107,223.0,11,vCTB2,0.29189561476892
W9_tile_42_cell_1249,tile_W9_42,W9,9w_1d,10531.0,2765.0,1494.0555399999998,392.43272,1494.0555399999998,392.43272,94,195.0,9,Hofbauer cells,0.357734695341059
W9_tile_42_cell_1250,tile_W9_42,W9,9w_1d,10934.0,2760.0,1551.2734799999998,391.72282,1551.2734799999998,391.72282,268,589.0,9,Hofbauer cells,0.677067156207107
W9_tile_42_cell_1251,tile_W9_42,W9,9w_1d,10216.0,2740.5,1449.33184,388.95421,1449.33184,388.95421,132,280.0,4,Fibroblast2,0.552510755442256
W9_tile_42_cell_1252,tile_W9_42,W9,9w_1d,10446.0,2729.5,1481.98724,387.39243,1481.98724,387.39243,161,350.0,9,Hofbauer cells,0.568014002902053
W9_tile_42_cell_1254,tile_W9_42,W9,9w_1d,9553.0,2729.0,1355.1991,387.32144,1355.1991,387.32144,99,162.0,4,Fibroblast2,0.650331512903111
W9_tile_42_cell_1255,tile_W9_42,W9,9w_1d,10690.5,2708.5,1516.70135,384.41085,1516.70135,384.41085,93,172.0,11,vCTB2,0.274829183615401
W9_tile_42_cell_1257,tile_W9_42,W9,9w_1d,10820.0,2601.0,1535.08776,369.148,1535.08776,369.148,235,502.0,8,Fibroblast1,0.848621932979813
W9_tile_42_cell_1258,tile_W9_42,W9,9w_1d,9379.0,2639.0,1330.49458,374.54324,1330.49458,374.54324,165,311.0,8,Fibroblast1,0.588314525668676
W9_tile_42_cell_1259,tile_W9_42,W9,9w_1d,10301.0,2611.0,1461.40014,370.5678,1461.40014,370.5678,194,435.0,3,Fibroblast2,0.978508503905363
W9_tile_42_cell_1261,tile_W9_42,W9,9w_1d,10396.0,2579.0,1474.88824,366.02444,1474.88824,366.02444,295,795.0,9,Hofbauer cells,0.720176137569266
W9_tile_42_cell_1262,tile_W9_42,W9,9w_1d,10733.0,2565.0,1522.7355,364.03672,1522.7355,364.03672,90,149.0,8,Fibroblast1,0.60237294078742
W9_tile_42_cell_1263,tile_W9_42,W9,9w_1d,10941.0,2499.0,1552.26734,354.66604,1552.26734,354.66604,147,381.0,10,STB,0.563636786113381
W9_tile_42_cell_1264,tile_W9_42,W9,9w_1d,9387.0,2512.5,1331.63042,356.58277,1331.63042,356.58277,56,102.0,12,vCTB2,0.443803255510079
W9_tile_42_cell_1266,tile_W9_42,W9,9w_1d,10461.0,2454.5,1484.11694,348.34793,1484.11694,348.34793,57,86.0,12,vCTB2,0.396696246759225
W9_tile_42_cell_1267,tile_W9_42,W9,9w_1d,10763.0,2421.0,1526.9949,343.5916,1526.9949,343.5916,286,780.0,5,unknown3,0.287737377284365
W9_tile_42_cell_1268,tile_W9_42,W9,9w_1d,10072.5,2408.0,1428.95771,341.74586,1428.95771,341.74586,81,132.0,11,unknown3,0.241670338501696
W9_tile_42_cell_1270,tile_W9_42,W9,9w_1d,10842.0,2366.0,1538.21132,335.7827,1538.21132,335.7827,206,866.0,7,STB,0.551176771666618
W9_tile_42_cell_1271,tile_W9_42,W9,9w_1d,10526.0,2394.5,1493.34564,339.82913,1493.34564,339.82913,122,166.0,8,Fibroblast1,0.676485369335894
W9_tile_42_cell_1272,tile_W9_42,W9,9w_1d,10164.0,2360.0,1441.94888,334.93082,1441.94888,334.93082,206,410.0,3,Fibroblast2,0.969309865708812
W9_tile_42_cell_1273,tile_W9_42,W9,9w_1d,9942.0,2278.0,1410.42932,323.28846,1410.42932,323.28846,80,118.0,9,vCTB2,0.284887225669982
W9_tile_42_cell_1275,tile_W9_42,W9,9w_1d,9585.5,2270.5,1359.81345,322.22361,1359.81345,322.22361,83,136.0,9,Hofbauer cells,0.519600151604302
W9_tile_42_cell_1277,tile_W9_42,W9,9w_1d,9455.0,2291.0,1341.28506,325.1342,1341.28506,325.1342,144,295.0,9,Hofbauer cells,0.773790000296822
W9_tile_42_cell_1278,tile_W9_42,W9,9w_1d,9249.0,2175.0,1312.03718,308.66452,1312.03718,308.66452,124,193.0,3,Fibroblast2,0.957040983568602
W9_tile_42_cell_1279,tile_W9_42,W9,9w_1d,9865.0,2174.0,1399.49686,308.52254,1399.49686,308.52254,304,947.0,9,Hofbauer cells,0.65612241445344
W9_tile_42_cell_13,tile_W9_42,W9,9w_1d,10353.0,2845.0,1468.7831,403.79112,1468.7831,403.79112,136,247.0,3,Fibroblast2,0.767414489080145
W9_tile_42_cell_133,tile_W9_42,W9,9w_1d,9253.5,2578.0,1312.67609,365.88246,1312.67609,365.88246,72,112.0,12,Endothelial_cells,0.64209755977163
W9_tile_42_cell_152,tile_W9_42,W9,9w_1d,9378.0,3442.0,1330.3526,488.55318,1330.3526,488.55318,141,236.0,3,Fibroblast2,0.562287740118652
W9_tile_42_cell_167,tile_W9_42,W9,9w_1d,9963.0,2050.0,1413.4109,290.91702,1413.4109,290.91702,88,145.0,4,Fibroblast2,0.369053345055219
W9_tile_42_cell_175,tile_W9_42,W9,9w_1d,10316.0,2498.0,1463.52984,354.52406,1463.52984,354.52406,112,189.0,11,unknown3,0.257630261111829
W9_tile_42_cell_185,tile_W9_42,W9,9w_1d,10725.0,3628.0,1521.59966,514.96146,1521.59966,514.96146,253,476.0,3,Fibroblast2,0.695016242497987
W9_tile_42_cell_187,tile_W9_42,W9,9w_1d,9242.0,2076.0,1311.04332,294.6085,1311.04332,294.6085,133,207.0,3,Fibroblast2,0.576542735018068
W9_tile_42_cell_189,tile_W9_42,W9,9w_1d,9711.0,2718.0,1377.63194,385.75966,1377.63194,385.75966,76,141.0,4,Fibroblast2,0.42767714165931
W9_tile_42_cell_214,tile_W9_42,W9,9w_1d,10536.0,3014.0,1494.76544,427.78574,1494.76544,427.78574,79,111.0,4,Fibroblast2,0.399970038150855
W9_tile_42_cell_242,tile_W9_42,W9,9w_1d,10453.0,2216.0,1482.9811,314.4857,1482.9811,314.4857,310,1523.0,7,unknown3,0.32760899140234
W9_tile_42_cell_244,tile_W9_42,W9,9w_1d,9574.0,3657.0,1358.18068,519.07888,1358.18068,519.07888,214,366.0,9,Hofbauer cells,0.767975498322267
W9_tile_42_cell_252,tile_W9_42,W9,9w_1d,9761.0,2634.5,1384.73094,373.90433,1384.73094,373.90433,187,368.0,3,Fibroblast2,0.914541460843717
W9_tile_42_cell_267,tile_W9_42,W9,9w_1d,9299.0,2108.0,1319.13618,299.15186,1319.13618,299.15186,97,159.0,4,Fibroblast2,0.531896662991638
W9_tile_42_cell_278,tile_W9_42,W9,9w_1d,10157.0,2130.0,1440.95502,302.27542,1440.95502,302.27542,135,341.0,7,STB,0.430622928011099
W9_tile_42_cell_288,tile_W9_42,W9,9w_1d,10017.0,3488.0,1421.07782,495.08426,1421.07782,495.08426,149,322.0,9,Hofbauer cells,0.820264824140926
W9_tile_42_cell_304,tile_W9_42,W9,9w_1d,10132.0,2613.0,1437.40552,370.85176,1437.40552,370.85176,304,900.0,9,Hofbauer cells,0.660077922620361
W9_tile_42_cell_305,tile_W9_42,W9,9w_1d,9626.0,2161.0,1365.56364,306.6768,1365.56364,306.6768,62,90.0,4,EVT2,0.263319892554237
W9_tile_42_cell_318,tile_W9_42,W9,9w_1d,9669.0,3318.0,1371.66878,470.94766,1371.66878,470.94766,71,107.0,4,Fibroblast2,0.284409331730579
W9_tile_42_cell_323,tile_W9_42,W9,9w_1d,10077.0,2504.0,1429.59662,355.37594,1429.59662,355.37594,201,415.0,3,Fibroblast2,0.837347068664745
W9_tile_42_cell_341,tile_W9_42,W9,9w_1d,10390.5,2704.0,1474.10735,383.77194,1474.10735,383.77194,60,90.0,4,vCTB2,0.309862822295616
W9_tile_42_cell_349,tile_W9_42,W9,9w_1d,9445.0,3476.0,1339.86526,493.3805,1339.86526,493.3805,155,249.0,12,Endothelial_cells,0.949107486955943
W9_tile_42_cell_353,tile_W9_42,W9,9w_1d,10586.0,2693.0,1501.86444,382.21016,1501.86444,382.21016,244,590.0,3,Fibroblast2,0.950648986293183
W9_tile_42_cell_363,tile_W9_42,W9,9w_1d,10228.0,2245.0,1451.0356,318.60312,1451.0356,318.60312,142,260.0,8,Fibroblast1,0.847410852603067
W9_tile_42_cell_365,tile_W9_42,W9,9w_1d,9654.5,2465.0,1369.61007,349.83872,1369.61007,349.83872,174,428.0,9,Hofbauer cells,0.724150615526993
W9_tile_42_cell_389,tile_W9_42,W9,9w_1d,10976.0,2676.5,1557.23664,379.86749,1557.23664,379.86749,84,126.0,4,unknown3,0.205539452348549
W9_tile_42_cell_420,tile_W9_42,W9,9w_1d,10101.0,2179.0,1433.00414,309.23244,1433.00414,309.23244,239,443.0,3,Fibroblast2,0.923123463876897
W9_tile_42_cell_436,tile_W9_42,W9,9w_1d,10908.0,2428.0,1547.582,344.58546,1547.582,344.58546,123,401.0,7,STB,0.473944101328645
W9_tile_42_cell_438,tile_W9_42,W9,9w_1d,10849.0,2308.0,1539.20518,327.54786,1539.20518,327.54786,126,523.0,7,STB,0.468159054001366
W9_tile_42_cell_451,tile_W9_42,W9,9w_1d,9454.0,2605.0,1341.14308,369.71592,1341.14308,369.71592,271,554.0,3,Fibroblast2,0.850804017563413
W9_tile_42_cell_455,tile_W9_42,W9,9w_1d,10553.0,2466.0,1497.1790999999998,349.9807,1497.1790999999998,349.9807,377,924.0,8,Fibroblast1,0.561725357469598
W9_tile_42_cell_46,tile_W9_42,W9,9w_1d,9319.0,2556.0,1321.97578,362.7589,1321.97578,362.7589,89,137.0,12,Endothelial_cells,0.818335257026167
W9_tile_42_cell_471,tile_W9_42,W9,9w_1d,10977.0,3216.0,1557.37862,456.4657,1557.37862,456.4657,95,135.0,8,Fibroblast2,0.309001924794851
W9_tile_42_cell_472,tile_W9_42,W9,9w_1d,10608.0,2543.0,1504.988,360.91316,1504.988,360.91316,89,134.0,8,Fibroblast1,0.493114810514182
W9_tile_42_cell_477,tile_W9_42,W9,9w_1d,10364.5,2674.0,1470.41587,379.51254,1470.41587,379.51254,146,264.0,3,Fibroblast2,0.84149939485524
W9_tile_42_cell_487,tile_W9_42,W9,9w_1d,10846.0,2768.0,1538.7792399999998,392.85866,1538.7792399999998,392.85866,47,80.0,4,vCTB2,0.404743548678792
W9_tile_42_cell_489,tile_W9_42,W9,9w_1d,10518.0,2302.0,1492.2098,326.69598,1492.2098,326.69598,265,906.0,10,STB,0.486824547682601
W9_tile_42_cell_50,tile_W9_42,W9,9w_1d,10819.0,2300.0,1534.94578,326.41202,1534.94578,326.41202,27,100.0,2,vCTB2,0.508511097594639
W9_tile_42_cell_518,tile_W9_42,W9,9w_1d,10767.0,2255.0,1527.56282,320.02292,1527.56282,320.02292,105,425.0,7,EVT2,0.425815458781881
W9_tile_42_cell_523,tile_W9_42,W9,9w_1d,9403.0,3522.0,1333.9021,499.91158,1333.9021,499.91158,129,191.0,8,Fibroblast1,0.633631433435943
W9_tile_42_cell_535,tile_W9_42,W9,9w_1d,10654.0,2250.0,1511.51908,319.31302,1511.51908,319.31302,140,616.0,7,STB,0.307998284295102
W9_tile_42_cell_541,tile_W9_42,W9,9w_1d,10586.0,3244.0,1501.86444,460.44114,1501.86444,460.44114,122,192.0,3,Fibroblast2,0.885236573554294
W9_tile_42_cell_584,tile_W9_42,W9,9w_1d,10310.0,2262.0,1462.67796,321.01678,1462.67796,321.01678,70,107.0,8,Fibroblast1,0.572144280171017
W9_tile_42_cell_585,tile_W9_42,W9,9w_1d,10586.5,2380.0,1501.93543,337.77042,1501.93543,337.77042,77,134.0,4,EVT2,0.266647457231609
W9_tile_42_cell_586,tile_W9_42,W9,9w_1d,10386.0,2225.0,1473.46844,315.76352,1473.46844,315.76352,97,214.0,0,vCTB2,0.502797266868855
W9_tile_42_cell_591,tile_W9_42,W9,9w_1d,10820.0,2484.0,1535.08776,352.53634,1535.08776,352.53634,121,352.0,7,vCTB2,0.50880288376503
W9_tile_42_cell_594,tile_W9_42,W9,9w_1d,10854.0,3644.0,1539.91508,517.2331399999999,1539.91508,517.2331399999999,91,129.0,4,Fibroblast2,0.594864839422307
W9_tile_42_cell_598,tile_W9_42,W9,9w_1d,10233.0,3313.0,1451.7455,470.23776,1451.7455,470.23776,109,199.0,4,Fibroblast2,0.920242462824866
W9_tile_42_cell_603,tile_W9_42,W9,9w_1d,10292.0,2428.0,1460.12232,344.58546,1460.12232,344.58546,169,298.0,3,Fibroblast2,0.928409266050615
W9_tile_42_cell_604,tile_W9_42,W9,9w_1d,10384.5,2344.0,1473.25547,332.65914,1473.25547,332.65914,110,222.0,3,Fibroblast2,0.613055273418583
W9_tile_42_cell_612,tile_W9_42,W9,9w_1d,10343.0,2308.5,1467.3633,327.61885,1467.3633,327.61885,68,94.0,9,vCTB2,0.269721037654743
W9_tile_42_cell_636,tile_W9_42,W9,9w_1d,9232.0,3326.0,1309.62352,472.0835,1309.62352,472.0835,89,137.0,4,Fibroblast2,0.37560690623749
W9_tile_42_cell_649,tile_W9_42,W9,9w_1d,10210.0,2149.0,1448.47996,304.97304,1448.47996,304.97304,164,459.0,10,STB,0.59283004546621
W9_tile_42_cell_653,tile_W9_42,W9,9w_1d,9302.0,2415.0,1319.56212,342.73972,1319.56212,342.73972,198,457.0,9,Hofbauer cells,0.755068201594311
W9_tile_42_cell_685,tile_W9_42,W9,9w_1d,9948.5,1983.5,1411.35219,281.47535,1411.35219,281.47535,66,86.0,4,vCTB2,0.291949187966635
W9_tile_42_cell_697,tile_W9_42,W9,9w_1d,11056.0,2502.0,1568.59504,355.09198,1568.59504,355.09198,47,98.0,2,vCTB2,0.334989794258064
W9_tile_42_cell_705,tile_W9_42,W9,9w_1d,9659.0,2889.0,1370.2489799999998,410.03824,1370.2489799999998,410.03824,182,502.0,9,Hofbauer cells,0.672282015144236
W9_tile_42_cell_71,tile_W9_42,W9,9w_1d,9998.5,3349.5,1418.45119,475.42003,1418.45119,475.42003,127,220.0,3,Fibroblast2,0.845069177208907
W9_tile_42_cell_712,tile_W9_42,W9,9w_1d,10889.0,3138.0,1544.88438,445.39126,1544.88438,445.39126,55,84.0,4,vCTB2,0.363724563883146
W9_tile_42_cell_715,tile_W9_42,W9,9w_1d,10365.0,2160.0,1470.48686,306.53482,1470.48686,306.53482,166,718.0,7,STB,0.537240219047022
W9_tile_42_cell_716,tile_W9_42,W9,9w_1d,10722.5,2255.5,1521.24471,320.09391,1521.24471,320.09391,52,148.0,2,vCTB2,0.427061906144844
W9_tile_42_cell_726,tile_W9_42,W9,9w_1d,9671.0,2533.0,1371.95274,359.49336,1371.95274,359.49336,132,262.0,9,Hofbauer cells,0.624639521851661
W9_tile_42_cell_731,tile_W9_42,W9,9w_1d,9950.0,1870.0,1411.56516,265.36062,1411.56516,265.36062,103,132.0,3,Fibroblast2,0.80229197908235
W9_tile_42_cell_75,tile_W9_42,W9,9w_1d,10177.0,2192.5,1443.79462,311.14917,1443.79462,311.14917,79,110.0,0,vCTB2,0.642695183878393
W9_tile_42_cell_764,tile_W9_42,W9,9w_1d,9364.0,3225.0,1328.36488,457.74352,1328.36488,457.74352,114,156.0,8,Fibroblast1,0.629700035679387
W9_tile_42_cell_774,tile_W9_42,W9,9w_1d,9586.0,2639.0,1359.88444,374.54324,1359.88444,374.54324,82,115.0,4,Fibroblast2,0.484465454893963
W9_tile_42_cell_780,tile_W9_42,W9,9w_1d,10911.0,2614.0,1548.00794,370.99374,1548.00794,370.99374,156,295.0,8,Fibroblast1,0.597974984008652
W9_tile_42_cell_793,tile_W9_42,W9,9w_1d,10592.0,2296.0,1502.71632,325.8441,1502.71632,325.8441,119,398.0,7,EVT3,0.344381632783563
W9_tile_42_cell_80,tile_W9_42,W9,9w_1d,9284.0,2826.5,1317.00648,401.16449,1317.00648,401.16449,181,334.0,3,Fibroblast2,0.736729536826775
W9_tile_42_cell_801,tile_W9_42,W9,9w_1d,10669.0,2343.0,1513.64878,332.51716,1513.64878,332.51716,208,624.0,10,STB,0.464925217136097
W9_tile_42_cell_805,tile_W9_42,W9,9w_1d,10412.0,2439.0,1477.15992,346.14724,1477.15992,346.14724,222,470.0,3,Fibroblast2,0.890279714143321
W9_tile_42_cell_809,tile_W9_42,W9,9w_1d,9997.0,1896.0,1418.23822,269.0521,1418.23822,269.0521,150,221.0,8,Fibroblast2,0.864899249329589
W9_tile_42_cell_837,tile_W9_42,W9,9w_1d,10125.0,1853.0,1436.41166,262.94696,1436.41166,262.94696,70,95.0,0,vCTB2,0.603364971339882
W9_tile_42_cell_865,tile_W9_42,W9,9w_1d,11003.5,2520.0,1561.1410899999998,357.64762,1561.1410899999998,357.64762,65,106.0,2,vCTB2,0.575438479175344
W9_tile_42_cell_878,tile_W9_42,W9,9w_1d,9581.0,2225.0,1359.17454,315.76352,1359.17454,315.76352,252,580.0,3,Fibroblast2,0.762746004600353
W9_tile_42_cell_905,tile_W9_42,W9,9w_1d,11009.0,2452.0,1561.9219799999998,347.99298,1561.9219799999998,347.99298,107,430.0,7,EVT2,0.390663958676235
W9_tile_42_cell_909,tile_W9_42,W9,9w_1d,9417.0,2450.5,1335.88982,347.78001,1335.88982,347.78001,91,140.0,4,Fibroblast2,0.388566174688713
W9_tile_42_cell_934,tile_W9_42,W9,9w_1d,10053.0,2027.0,1426.1891,287.65148,1426.1891,287.65148,347,1170.0,10,Fibroblast1,0.496223160594953
W9_tile_42_cell_945,tile_W9_42,W9,9w_1d,10408.0,3017.0,1476.592,428.21168,1476.592,428.21168,101,195.0,4,Fibroblast2,0.618260796251163
W9_tile_42_cell_948,tile_W9_42,W9,9w_1d,10877.0,2498.0,1543.18062,354.52406,1543.18062,354.52406,85,219.0,2,vCTB2,0.474736564087026
W9_tile_42_cell_959,tile_W9_42,W9,9w_1d,9436.0,3273.0,1338.58744,464.55856,1338.58744,464.55856,300,605.0,8,Endothelial_cells,0.508659098327061
W9_tile_42_cell_961,tile_W9_42,W9,9w_1d,9775.0,2777.0,1386.71866,394.13648,1386.71866,394.13648,190,464.0,3,Fibroblast2,0.755948582425691
W9_tile_42_cell_970,tile_W9_42,W9,9w_1d,9724.0,3345.0,1379.47768,474.78112,1379.47768,474.78112,90,141.0,4,Fibroblast2,0.610912992473617
W9_tile_42_cell_984,tile_W9_42,W9,9w_1d,9814.5,2036.0,1392.32687,288.9293,1392.32687,288.9293,73,96.0,4,Fibroblast2,0.400934109694608
W9_tile_43_cell_107,tile_W9_43,W9,9w_1d,7418.0,2807.5,1052.0718,398.46687,1052.0718,398.46687,164,738.0,7,STB,0.301675579256012
W9_tile_43_cell_113,tile_W9_43,W9,9w_1d,8539.0,3183.0,1211.23138,451.78036,1211.23138,451.78036,69,153.0,2,vCTB2,0.377414877591327
W9_tile_43_cell_118,tile_W9_43,W9,9w_1d,7964.0,2923.0,1129.59288,414.86556,1129.59288,414.86556,221,360.0,3,Fibroblast1,0.588511201836088
W9_tile_43_cell_137,tile_W9_43,W9,9w_1d,9127.0,2632.0,1294.71562,373.54938,1294.71562,373.54938,242,443.0,3,Fibroblast2,0.836281666903061
W9_tile_43_cell_145,tile_W9_43,W9,9w_1d,7991.0,2062.0,1133.42634,292.62078,1133.42634,292.62078,217,387.0,5,Hofbauer cells,0.632044737071795
W9_tile_43_cell_148,tile_W9_43,W9,9w_1d,8148.0,3671.0,1155.7172,521.0666,1155.7172,521.0666,69,347.0,2,vCTB2,0.302333798851044
W9_tile_43_cell_15,tile_W9_43,W9,9w_1d,7979.5,2564.0,1131.79357,363.89474,1131.79357,363.89474,272,500.0,8,Fibroblast1,0.827073513473636
W9_tile_43_cell_155,tile_W9_43,W9,9w_1d,8749.0,3639.0,1241.04718,516.52324,1241.04718,516.52324,57,81.0,4,Fibroblast2,0.33839623194608
W9_tile_43_cell_167,tile_W9_43,W9,9w_1d,7811.0,2104.0,1107.86994,298.58394,1107.86994,298.58394,101,226.0,7,STB,0.466620969342072
W9_tile_43_cell_18,tile_W9_43,W9,9w_1d,8569.0,3368.0,1215.49078,478.04666,1215.49078,478.04666,99,172.0,0,vCTB2,0.415558503218193
W9_tile_43_cell_183,tile_W9_43,W9,9w_1d,8364.0,3012.0,1186.38488,427.50178,1186.38488,427.50178,146,508.0,7,STB,0.430875583457229
W9_tile_43_cell_186,tile_W9_43,W9,9w_1d,7883.5,2221.5,1118.16349,315.26659,1118.16349,315.26659,296,1054.0,7,unknown3,0.200064197959701
W9_tile_43_cell_194,tile_W9_43,W9,9w_1d,7979.5,2847.0,1131.79357,404.07508,1131.79357,404.07508,266,488.0,3,Fibroblast2,0.884142822650416
W9_tile_43_cell_211,tile_W9_43,W9,9w_1d,7590.0,3350.0,1076.49236,475.49102,1076.49236,475.49102,196,620.0,7,EVT3,0.599522215131953
W9_tile_43_cell_214,tile_W9_43,W9,9w_1d,8206.0,3633.0,1163.95204,515.6713599999999,1163.95204,515.6713599999999,59,201.0,2,vCTB2,0.509436789543212
W9_tile_43_cell_217,tile_W9_43,W9,9w_1d,8206.0,1985.5,1163.95204,281.75931,1163.95204,281.75931,179,298.0,9,Hofbauer cells,0.701559918738857
W9_tile_43_cell_237,tile_W9_43,W9,9w_1d,8508.0,2875.0,1206.83,408.05052,1206.83,408.05052,127,387.0,7,vCTB2,0.34874655817952
W9_tile_43_cell_246,tile_W9_43,W9,9w_1d,8067.0,3107.0,1144.21682,440.98988,1144.21682,440.98988,119,678.0,7,unknown3,0.245643742410599
W9_tile_43_cell_264,tile_W9_43,W9,9w_1d,8207.0,3599.0,1164.09402,510.84404,1164.09402,510.84404,28,106.0,2,vCTB2,0.561341375277816
W9_tile_43_cell_284,tile_W9_43,W9,9w_1d,9196.5,2055.5,1304.58323,291.69791,1304.58323,291.69791,88,114.0,4,Fibroblast2,0.612280541433373
W9_tile_43_cell_296,tile_W9_43,W9,9w_1d,7812.0,3374.0,1108.01192,478.89854,1108.01192,478.89854,182,914.0,7,STB,0.362546435260794
W9_tile_43_cell_303,tile_W9_43,W9,9w_1d,8356.0,3508.0,1185.24904,497.92386,1185.24904,497.92386,91,296.0,2,STB,0.208593020001071
W9_tile_43_cell_304,tile_W9_43,W9,9w_1d,8722.0,3001.0,1237.21372,425.94,1237.21372,425.94,146,241.0,8,Fibroblast1,0.461378010198959
W9_tile_43_cell_313,tile_W9_43,W9,9w_1d,7707.0,1874.0,1093.10402,265.92854,1093.10402,265.92854,85,121.0,0,vCTB2,0.646070578377877
W9_tile_43_cell_314,tile_W9_43,W9,9w_1d,8498.0,3444.0,1205.4102,488.83714,1205.4102,488.83714,237,669.0,10,unknown3,0.328015519916859
W9_tile_43_cell_317,tile_W9_43,W9,9w_1d,7921.0,2335.0,1123.48774,331.38132,1123.48774,331.38132,202,373.0,5,Fibroblast1,0.357870795122398
W9_tile_43_cell_320,tile_W9_43,W9,9w_1d,8084.0,1957.0,1146.63048,277.71288,1146.63048,277.71288,64,80.0,4,vCTB2,0.230954698078229
W9_tile_43_cell_321,tile_W9_43,W9,9w_1d,7575.0,3646.0,1074.36266,517.5171,1074.36266,517.5171,138,407.0,7,STB,0.277113381476279
W9_tile_43_cell_326,tile_W9_43,W9,9w_1d,8827.0,2699.0,1252.12162,383.06204,1252.12162,383.06204,77,99.0,4,Fibroblast2,0.264504255637652
W9_tile_43_cell_327,tile_W9_43,W9,9w_1d,8547.0,3407.0,1212.36722,483.58388,1212.36722,483.58388,97,193.0,7,vCTB2,0.432630050386993
W9_tile_43_cell_333,tile_W9_43,W9,9w_1d,8415.0,3439.0,1193.62586,488.12724,1193.62586,488.12724,149,551.0,7,STB,0.294843957129687
W9_tile_43_cell_348,tile_W9_43,W9,9w_1d,8539.0,3250.0,1211.23138,461.29302,1211.23138,461.29302,128,417.0,7,STB,0.328314903933012
W9_tile_43_cell_35,tile_W9_43,W9,9w_1d,7578.0,2754.5,1074.7886,390.94193,1074.7886,390.94193,54,166.0,2,vCTB2,0.466773612238463
W9_tile_43_cell_365,tile_W9_43,W9,9w_1d,7537.0,3485.0,1068.96742,494.65832,1068.96742,494.65832,72,191.0,2,vCTB2,0.280223915017743
W9_tile_43_cell_369,tile_W9_43,W9,9w_1d,7482.0,2011.0,1061.15852,285.3798,1061.15852,285.3798,36,99.0,2,vCTB2,0.498547599588682
W9_tile_43_cell_370,tile_W9_43,W9,9w_1d,7387.0,2893.0,1047.67042,410.60616,1047.67042,410.60616,60,151.0,2,vCTB2,0.415653954388716
W9_tile_43_cell_374,tile_W9_43,W9,9w_1d,7681.0,3507.0,1089.41254,497.78188,1089.41254,497.78188,41,107.0,2,vCTB2,0.440312808915909
W9_tile_43_cell_377,tile_W9_43,W9,9w_1d,7605.5,2854.5,1078.69305,405.13993,1078.69305,405.13993,161,412.0,7,STB,0.734998338805911
W9_tile_43_cell_383,tile_W9_43,W9,9w_1d,8914.0,3601.5,1264.47388,511.19899,1264.47388,511.19899,193,264.0,3,Fibroblast2,0.793790196229469
W9_tile_43_cell_386,tile_W9_43,W9,9w_1d,7635.0,3266.0,1082.88146,463.5647,1082.88146,463.5647,153,411.0,7,STB,0.420180919765247
W9_tile_43_cell_389,tile_W9_43,W9,9w_1d,8818.0,2428.0,1250.8438,344.58546,1250.8438,344.58546,59,81.0,4,vCTB2,0.366066929743215
W9_tile_43_cell_391,tile_W9_43,W9,9w_1d,8465.0,3511.0,1200.72486,498.3498,1200.72486,498.3498,95,208.0,7,STB,0.313393308816813
W9_tile_43_cell_392,tile_W9_43,W9,9w_1d,7859.0,3280.0,1114.68498,465.55242,1114.68498,465.55242,141,693.0,7,unknown3,0.211520065281658
W9_tile_43_cell_395,tile_W9_43,W9,9w_1d,7591.0,1940.0,1076.63434,275.29922,1076.63434,275.29922,110,283.0,7,STB,0.509226799847891
W9_tile_43_cell_423,tile_W9_43,W9,9w_1d,8435.0,3100.0,1196.46546,439.99602,1196.46546,439.99602,48,165.0,2,vCTB2,0.343674972660984
W9_tile_43_cell_424,tile_W9_43,W9,9w_1d,8580.0,3195.0,1217.05256,453.48412,1217.05256,453.48412,156,507.0,7,vCTB2,0.233913195511782
W9_tile_43_cell_442,tile_W9_43,W9,9w_1d,7711.0,2081.0,1093.67194,295.3184,1093.67194,295.3184,81,257.0,2,EVT2,0.33430833234716
W9_tile_43_cell_457,tile_W9_43,W9,9w_1d,7489.0,3325.0,1062.15238,471.94152,1062.15238,471.94152,125,569.0,7,EVT2,0.263883445664616
W9_tile_43_cell_460,tile_W9_43,W9,9w_1d,8523.0,3520.0,1208.9597,499.62762,1208.9597,499.62762,80,104.0,0,vCTB2,0.354892920203286
W9_tile_43_cell_470,tile_W9_43,W9,9w_1d,7408.0,3304.0,1050.652,468.95994,1050.652,468.95994,63,174.0,2,vCTB2,0.368109869960119
W9_tile_43_cell_476,tile_W9_43,W9,9w_1d,7892.0,2058.0,1119.37032,292.05286,1119.37032,292.05286,197,643.0,7,STB,0.347501647958315
W9_tile_43_cell_511,tile_W9_43,W9,9w_1d,8443.0,2881.0,1197.6013,408.9024,1197.6013,408.9024,273,661.0,10,Fibroblast1,0.295153598665094
W9_tile_43_cell_516,tile_W9_43,W9,9w_1d,7831.0,2552.0,1110.70954,362.19098,1110.70954,362.19098,169,297.0,5,vCTBp,0.261699488389525
W9_tile_43_cell_523,tile_W9_43,W9,9w_1d,8216.5,2123.0,1165.44283,301.28156,1165.44283,301.28156,274,468.0,3,Fibroblast2,0.739346381640377
W9_tile_43_cell_53,tile_W9_43,W9,9w_1d,7750.0,2738.0,1099.20916,388.59926,1099.20916,388.59926,111,167.0,0,vCTB2,0.563959954951245
W9_tile_43_cell_536,tile_W9_43,W9,9w_1d,7549.0,2763.0,1070.67118,392.14876,1070.67118,392.14876,50,173.0,2,vCTB2,0.433285636983998
W9_tile_43_cell_542,tile_W9_43,W9,9w_1d,7670.0,3342.5,1087.85076,474.42617,1087.85076,474.42617,49,104.0,2,vCTB2,0.45572539701103
W9_tile_43_cell_545,tile_W9_43,W9,9w_1d,8427.0,3183.0,1195.32962,451.78036,1195.32962,451.78036,83,439.0,2,vCTB2,0.33297906312326
W9_tile_43_cell_558,tile_W9_43,W9,9w_1d,7875.0,2494.0,1116.95666,353.95614,1116.95666,353.95614,110,161.0,0,vCTB2,0.458655942496185
W9_tile_43_cell_560,tile_W9_43,W9,9w_1d,7748.0,2025.5,1098.9252,287.43851,1098.9252,287.43851,43,80.0,2,vCTB2,0.441480227099026
W9_tile_43_cell_568,tile_W9_43,W9,9w_1d,7547.0,2891.0,1070.38722,410.3222,1070.38722,410.3222,111,258.0,7,EVT2,0.276101205312382
W9_tile_43_cell_577,tile_W9_43,W9,9w_1d,7878.0,3042.0,1117.3826,431.76118,1117.3826,431.76118,286,593.0,10,Fibroblast1,0.687955808162078
W9_tile_43_cell_586,tile_W9_43,W9,9w_1d,8522.5,3032.0,1208.88871,430.34138,1208.88871,430.34138,106,268.0,7,STB,0.455401997587994
W9_tile_43_cell_592,tile_W9_43,W9,9w_1d,7944.0,3089.0,1126.75328,438.43424,1126.75328,438.43424,145,457.0,7,STB,0.413869248905192
W9_tile_43_cell_597,tile_W9_43,W9,9w_1d,7707.0,1941.0,1093.10402,275.4412,1093.10402,275.4412,184,574.0,7,Fibroblast1,0.306039474986355
W9_tile_43_cell_60,tile_W9_43,W9,9w_1d,7881.0,3113.0,1117.80854,441.84176,1117.80854,441.84176,102,215.0,2,vCTB2,0.378786093492165
W9_tile_43_cell_602,tile_W9_43,W9,9w_1d,7972.0,1986.0,1130.72872,281.8303,1130.72872,281.8303,111,171.0,0,vCTB2,0.672166672842322
W9_tile_43_cell_609,tile_W9_43,W9,9w_1d,7473.0,3626.0,1059.8807,514.6775,1059.8807,514.6775,135,307.0,7,Fibroblast1,0.313135614103067
W9_tile_43_cell_619,tile_W9_43,W9,9w_1d,8901.0,2514.0,1262.62814,356.79574,1262.62814,356.79574,101,133.0,9,Hofbauer cells,0.705532834926094
W9_tile_43_cell_671,tile_W9_43,W9,9w_1d,8479.0,3605.0,1202.71258,511.69592,1202.71258,511.69592,326,607.0,8,Endothelial_cells,0.456594188516304
W9_tile_43_cell_673,tile_W9_43,W9,9w_1d,8398.0,3653.0,1191.2122,518.51096,1191.2122,518.51096,124,304.0,7,vCTB2,0.250083211207661
W9_tile_43_cell_674,tile_W9_43,W9,9w_1d,7425.0,3561.0,1053.06566,505.4488,1053.06566,505.4488,146,515.0,7,STB,0.469650416950393
W9_tile_43_cell_676,tile_W9_43,W9,9w_1d,7559.0,3559.0,1072.09098,505.16484,1072.09098,505.16484,124,329.0,7,STB,0.244250975569087
W9_tile_43_cell_677,tile_W9_43,W9,9w_1d,8727.0,3567.5,1237.92362,506.37167,1237.92362,506.37167,72,86.0,4,Fibroblast2,0.283632993661901
W9_tile_43_cell_678,tile_W9_43,W9,9w_1d,8414.0,3545.0,1193.48388,503.17712,1193.48388,503.17712,133,504.0,7,EVT2,0.37433317429557
W9_tile_43_cell_680,tile_W9_43,W9,9w_1d,8301.0,3548.0,1177.44014,503.60306,1177.44014,503.60306,128,557.0,7,EVT2,0.231608984258074
W9_tile_43_cell_681,tile_W9_43,W9,9w_1d,7761.0,3502.0,1100.77094,497.07198,1100.77094,497.07198,134,338.0,7,STB,0.322456208269042
W9_tile_43_cell_682,tile_W9_43,W9,9w_1d,8972.0,3490.0,1272.70872,495.36822,1272.70872,495.36822,91,128.0,4,Fibroblast2,0.299773681876884
W9_tile_43_cell_684,tile_W9_43,W9,9w_1d,7606.0,3477.0,1078.76404,493.52248,1078.76404,493.52248,156,538.0,7,Fibroblast1,0.299658913353236
W9_tile_43_cell_685,tile_W9_43,W9,9w_1d,7639.0,3452.0,1083.44938,489.97298,1083.44938,489.97298,52,107.0,2,vCTB2,0.387661912427767
W9_tile_43_cell_687,tile_W9_43,W9,9w_1d,8492.0,3356.5,1204.55832,476.41389,1204.55832,476.41389,126,570.0,7,vCTB2,0.229709678010362
W9_tile_43_cell_688,tile_W9_43,W9,9w_1d,8990.0,3349.0,1275.26436,475.34904,1275.26436,475.34904,90,111.0,8,Fibroblast1,0.402719928633036
W9_tile_43_cell_689,tile_W9_43,W9,9w_1d,7707.0,3319.0,1093.10402,471.08964,1093.10402,471.08964,82,168.0,2,vCTB2,0.245603158919837
W9_tile_43_cell_690,tile_W9_43,W9,9w_1d,8525.0,3326.0,1209.24366,472.0835,1209.24366,472.0835,52,160.0,2,vCTB2,0.403066808861891
W9_tile_43_cell_691,tile_W9_43,W9,9w_1d,7761.0,3314.0,1100.77094,470.37974,1100.77094,470.37974,149,440.0,7,STB,0.521640643889276
W9_tile_43_cell_692,tile_W9_43,W9,9w_1d,9190.0,3306.0,1303.66036,469.2439,1303.66036,469.2439,235,372.0,3,Fibroblast2,0.581812001247384
W9_tile_43_cell_693,tile_W9_43,W9,9w_1d,8471.0,3300.0,1201.57674,468.39202,1201.57674,468.39202,67,174.0,2,vCTB2,0.319252247591459
W9_tile_43_cell_694,tile_W9_43,W9,9w_1d,8576.0,3300.0,1216.48464,468.39202,1216.48464,468.39202,214,537.0,10,STB,0.408375232091582
W9_tile_43_cell_696,tile_W9_43,W9,9w_1d,8501.0,3235.0,1205.83614,459.16332,1205.83614,459.16332,80,312.0,2,vCTB2,0.38805781294097
W9_tile_43_cell_697,tile_W9_43,W9,9w_1d,7423.0,3237.0,1052.7817,459.44728,1052.7817,459.44728,136,421.0,7,STB,0.42098131316275
W9_tile_43_cell_698,tile_W9_43,W9,9w_1d,7707.0,3222.0,1093.10402,457.31758,1093.10402,457.31758,178,454.0,7,STB,0.330042504934866
W9_tile_43_cell_699,tile_W9_43,W9,9w_1d,7859.0,3211.0,1114.68498,455.7558,1114.68498,455.7558,136,482.0,7,STB,0.377644582073078
W9_tile_43_cell_700,tile_W9_43,W9,9w_1d,7514.5,3197.0,1065.77287,453.76808,1065.77287,453.76808,82,160.0,7,STB,0.276117604820573
W9_tile_43_cell_701,tile_W9_43,W9,9w_1d,8470.0,3202.0,1201.43476,454.47798,1201.43476,454.47798,81,317.0,2,STB,0.282174022558043
W9_tile_43_cell_702,tile_W9_43,W9,9w_1d,9039.0,3185.0,1282.22138,452.06432,1282.22138,452.06432,207,372.0,9,Hofbauer cells,0.744764419852874
W9_tile_43_cell_703,tile_W9_43,W9,9w_1d,7772.0,3155.0,1102.33272,447.80492,1102.33272,447.80492,255,569.0,10,unknown3,0.343263809303547
W9_tile_43_cell_705,tile_W9_43,W9,9w_1d,7651.0,3159.0,1085.15314,448.37284,1085.15314,448.37284,235,517.0,10,STB,0.187055633467498
W9_tile_43_cell_706,tile_W9_43,W9,9w_1d,7471.0,3115.0,1059.59674,442.12572,1059.59674,442.12572,166,338.0,7,Fibroblast1,0.315922642422857
W9_tile_43_cell_707,tile_W9_43,W9,9w_1d,7854.0,3155.0,1113.97508,447.80492,1113.97508,447.80492,97,247.0,7,STB,0.324505405637241
W9_tile_43_cell_708,tile_W9_43,W9,9w_1d,8164.0,3113.0,1157.98888,441.84176,1157.98888,441.84176,83,206.0,2,STB,0.353991165850442
W9_tile_43_cell_709,tile_W9_43,W9,9w_1d,8341.0,3097.0,1183.11934,439.57008,1183.11934,439.57008,35,95.0,2,vCTB2,0.43516991260661
W9_tile_43_cell_71,tile_W9_43,W9,9w_1d,8957.0,3150.0,1270.57902,447.09502,1270.57902,447.09502,144,262.0,9,Hofbauer cells,0.671762109735616
W9_tile_43_cell_710,tile_W9_43,W9,9w_1d,7570.0,3100.0,1073.65276,439.99602,1073.65276,439.99602,218,382.0,10,STB,0.528865173327837
W9_tile_43_cell_711,tile_W9_43,W9,9w_1d,8674.0,3124.0,1230.39868,443.40354,1230.39868,443.40354,188,539.0,10,STB,0.290670961535207
W9_tile_43_cell_712,tile_W9_43,W9,9w_1d,8042.0,3069.0,1140.66732,435.59464,1140.66732,435.59464,58,250.0,2,vCTB2,0.414314545342337
W9_tile_43_cell_713,tile_W9_43,W9,9w_1d,8699.0,3049.0,1233.94818,432.75504,1233.94818,432.75504,121,234.0,7,STB,0.296532576519208
W9_tile_43_cell_714,tile_W9_43,W9,9w_1d,7399.0,3072.0,1049.37418,436.02058,1049.37418,436.02058,103,237.0,7,unknown3,0.206562076451335
W9_tile_43_cell_715,tile_W9_43,W9,9w_1d,8477.0,3063.0,1202.42862,434.74276,1202.42862,434.74276,95,290.0,7,STB,0.278123256109508
W9_tile_43_cell_717,tile_W9_43,W9,9w_1d,7393.0,2991.0,1048.5223,424.5202,1048.5223,424.5202,65,127.0,2,vCTB2,0.374646075623582
W9_tile_43_cell_718,tile_W9_43,W9,9w_1d,7501.0,3017.0,1063.85614,428.21168,1063.85614,428.21168,185,460.0,7,STB,0.591855439512824
W9_tile_43_cell_719,tile_W9_43,W9,9w_1d,7666.0,2966.0,1087.28284,420.9707,1087.28284,420.9707,222,363.0,8,Fibroblast1,0.845017899465839
W9_tile_43_cell_720,tile_W9_43,W9,9w_1d,7992.0,2984.0,1133.56832,423.52634,1133.56832,423.52634,215,528.0,10,unknown2,0.200920282811621
W9_tile_43_cell_721,tile_W9_43,W9,9w_1d,8241.5,2988.0,1168.99233,424.09426,1168.99233,424.09426,204,796.0,7,STB,0.464519840949701
W9_tile_43_cell_722,tile_W9_43,W9,9w_1d,8936.5,2954.5,1267.66843,419.33793,1267.66843,419.33793,112,154.0,4,Fibroblast2,0.658596613228616
W9_tile_43_cell_723,tile_W9_43,W9,9w_1d,8610.0,2973.0,1221.31196,421.96456,1221.31196,421.96456,220,963.0,7,STB,0.434881440403955
W9_tile_43_cell_724,tile_W9_43,W9,9w_1d,8746.0,2949.0,1240.62124,418.55704,1240.62124,418.55704,116,176.0,4,unknown2,0.236441434709588
W9_tile_43_cell_726,tile_W9_43,W9,9w_1d,8817.0,2956.0,1250.70182,419.5509,1250.70182,419.5509,77,121.0,12,unknown3,0.245952692623432
W9_tile_43_cell_727,tile_W9_43,W9,9w_1d,8612.0,2898.5,1221.59592,411.38705,1221.59592,411.38705,127,320.0,7,vCTB2,0.395453885643045
W9_tile_43_cell_728,tile_W9_43,W9,9w_1d,8138.0,2935.0,1154.2974,416.56932,1154.2974,416.56932,226,481.0,10,STB,0.334159833366025
W9_tile_43_cell_729,tile_W9_43,W9,9w_1d,8064.0,2905.0,1143.79088,412.30992,1143.79088,412.30992,169,343.0,5,STB,0.502566938432393
W9_tile_43_cell_730,tile_W9_43,W9,9w_1d,8348.0,2918.0,1184.1132,414.15566,1184.1132,414.15566,306,902.0,10,unknown3,0.328205467276995
W9_tile_43_cell_731,tile_W9_43,W9,9w_1d,7480.5,2927.0,1060.94555,415.43348,1060.94555,415.43348,217,698.0,7,STB,0.472342224843605
W9_tile_43_cell_732,tile_W9_43,W9,9w_1d,8692.0,2910.0,1232.95432,413.01982,1232.95432,413.01982,147,315.0,0,STB,0.308811006686768
W9_tile_43_cell_733,tile_W9_43,W9,9w_1d,7478.0,2857.0,1060.5906,405.49488,1060.5906,405.49488,99,311.0,2,vCTB2,0.409215876612321
W9_tile_43_cell_734,tile_W9_43,W9,9w_1d,7795.0,2892.0,1105.59826,410.46418,1105.59826,410.46418,283,520.0,8,Fibroblast1,0.521319862040148
W9_tile_43_cell_735,tile_W9_43,W9,9w_1d,8580.0,2883.5,1217.05256,409.25735,1217.05256,409.25735,60,102.0,0,vCTB2,0.529727095616356
W9_tile_43_cell_737,tile_W9_43,W9,9w_1d,8559.0,2861.0,1214.07098,406.0628,1214.07098,406.0628,167,318.0,0,unknown3,0.255614973270809
W9_tile_43_cell_738,tile_W9_43,W9,9w_1d,8234.5,2883.0,1167.99847,409.18636,1167.99847,409.18636,294,576.0,5,Fibroblast1,0.417366992925297
W9_tile_43_cell_739,tile_W9_43,W9,9w_1d,8881.0,2822.0,1259.78854,400.52558,1259.78854,400.52558,388,860.0,3,Fibroblast2,0.492018141281785
W9_tile_43_cell_740,tile_W9_43,W9,9w_1d,7756.5,2817.0,1100.13203,399.81568,1100.13203,399.81568,118,162.0,8,Fibroblast1,0.736252279420124
W9_tile_43_cell_742,tile_W9_43,W9,9w_1d,8319.5,2810.0,1180.06677,398.82182,1180.06677,398.82182,101,118.0,8,Fibroblast1,0.748134231300927
W9_tile_43_cell_743,tile_W9_43,W9,9w_1d,7519.0,2797.0,1066.41178,396.97608,1066.41178,396.97608,97,379.0,2,vCTB2,0.329858163641965
W9_tile_43_cell_744,tile_W9_43,W9,9w_1d,7833.0,2800.0,1110.9935,397.40202,1110.9935,397.40202,107,157.0,8,Fibroblast1,0.712709333850564
W9_tile_43_cell_745,tile_W9_43,W9,9w_1d,9153.5,2785.5,1298.47809,395.34331,1298.47809,395.34331,279,490.0,3,Fibroblast2,0.868823570417652
W9_tile_43_cell_746,tile_W9_43,W9,9w_1d,8240.5,2791.0,1168.85035,396.1242,1168.85035,396.1242,134,216.0,9,Hofbauer cells,0.776551951655066
W9_tile_43_cell_747,tile_W9_43,W9,9w_1d,7667.0,2750.0,1087.42482,390.30302,1087.42482,390.30302,285,1061.0,10,STB,0.436389208030753
W9_tile_43_cell_751,tile_W9_43,W9,9w_1d,7792.0,2673.0,1105.17232,379.37056,1105.17232,379.37056,229,513.0,10,STB,0.552566308461021
W9_tile_43_cell_752,tile_W9_43,W9,9w_1d,7670.0,2649.0,1087.85076,375.96304,1087.85076,375.96304,140,571.0,7,STB,0.291199178589579
W9_tile_43_cell_754,tile_W9_43,W9,9w_1d,8928.0,2639.0,1266.4616,374.54324,1266.4616,374.54324,183,287.0,3,maternal macrophages ,0.484704781188789
W9_tile_43_cell_756,tile_W9_43,W9,9w_1d,7911.5,2585.0,1122.13893,366.87632,1122.13893,366.87632,78,104.0,8,Fibroblast1,0.213313759085984
W9_tile_43_cell_758,tile_W9_43,W9,9w_1d,7764.0,2572.0,1101.19688,365.03058,1101.19688,365.03058,177,579.0,7,STB,0.287980960683447
W9_tile_43_cell_759,tile_W9_43,W9,9w_1d,8972.5,2507.0,1272.77971,355.80188,1272.77971,355.80188,91,128.0,9,Hofbauer cells,0.492039470996904
W9_tile_43_cell_762,tile_W9_43,W9,9w_1d,7813.0,2455.0,1108.1539,348.41892,1108.1539,348.41892,266,985.0,10,unknown3,0.388473281347963
W9_tile_43_cell_763,tile_W9_43,W9,9w_1d,8596.5,2456.5,1219.39523,348.63189,1219.39523,348.63189,184,284.0,3,Fibroblast2,0.907114386403598
W9_tile_43_cell_765,tile_W9_43,W9,9w_1d,7967.0,2409.0,1130.01882,341.88784,1130.01882,341.88784,137,217.0,8,Fibroblast1,0.741014106573598
W9_tile_43_cell_766,tile_W9_43,W9,9w_1d,8539.0,2362.0,1211.23138,335.21478,1211.23138,335.21478,168,272.0,9,Hofbauer cells,0.665455429813793
W9_tile_43_cell_767,tile_W9_43,W9,9w_1d,8392.5,2324.5,1190.43131,329.89053,1190.43131,329.89053,88,118.0,4,Fibroblast2,0.535977624050346
W9_tile_43_cell_769,tile_W9_43,W9,9w_1d,7852.0,2349.5,1113.69112,333.44003,1113.69112,333.44003,210,674.0,10,STB,0.319599273790576
W9_tile_43_cell_77,tile_W9_43,W9,9w_1d,7963.0,2149.5,1129.4509,305.04403,1129.4509,305.04403,328,694.0,10,Fibroblast2,0.529925680681189
W9_tile_43_cell_770,tile_W9_43,W9,9w_1d,9181.0,2293.5,1302.38254,325.48915,1302.38254,325.48915,93,130.0,4,Fibroblast2,0.680635071122161
W9_tile_43_cell_771,tile_W9_43,W9,9w_1d,9019.0,2289.0,1279.38178,324.85024,1279.38178,324.85024,142,229.0,9,Hofbauer cells,0.678471187435998
W9_tile_43_cell_772,tile_W9_43,W9,9w_1d,9077.0,2231.0,1287.61662,316.6154,1287.61662,316.6154,144,198.0,9,Hofbauer cells,0.607479409106054
W9_tile_43_cell_773,tile_W9_43,W9,9w_1d,8538.0,2219.0,1211.0894,314.91164,1211.0894,314.91164,217,364.0,3,Fibroblast2,0.794839138063996
W9_tile_43_cell_776,tile_W9_43,W9,9w_1d,7787.0,2188.0,1104.46242,310.51026,1104.46242,310.51026,39,103.0,2,EVT2,0.438540676180805
W9_tile_43_cell_777,tile_W9_43,W9,9w_1d,8646.0,2155.0,1226.42324,305.82492,1226.42324,305.82492,88,107.0,8,Fibroblast1,0.437239909185144
W9_tile_43_cell_778,tile_W9_43,W9,9w_1d,7848.5,2143.5,1113.19419,304.19215,1113.19419,304.19215,52,80.0,2,vCTB2,0.467515623056381
W9_tile_43_cell_779,tile_W9_43,W9,9w_1d,7756.0,2147.0,1100.06104,304.68908,1100.06104,304.68908,149,517.0,7,STB,0.329430110412038
W9_tile_43_cell_783,tile_W9_43,W9,9w_1d,8630.0,2079.0,1224.15156,295.03444,1224.15156,295.03444,164,241.0,8,Fibroblast2,0.506881318849539
W9_tile_43_cell_785,tile_W9_43,W9,9w_1d,8439.0,2039.0,1197.03338,289.35524,1197.03338,289.35524,158,247.0,3,Fibroblast2,0.993311355741241
W9_tile_43_cell_787,tile_W9_43,W9,9w_1d,7650.0,2022.0,1085.01116,286.94158,1085.01116,286.94158,151,433.0,7,STB,0.421946812030262
W9_tile_43_cell_788,tile_W9_43,W9,9w_1d,7566.0,2026.0,1073.08484,287.5095,1073.08484,287.5095,152,546.0,7,STB,0.29402526665661
W9_tile_43_cell_789,tile_W9_43,W9,9w_1d,7830.0,1983.0,1110.56756,281.40436,1110.56756,281.40436,219,493.0,7,Fibroblast1,0.320897323109441
W9_tile_43_cell_791,tile_W9_43,W9,9w_1d,7900.0,1953.0,1120.50616,277.14496,1120.50616,277.14496,173,322.0,5,STB,0.365513803445934
W9_tile_43_cell_792,tile_W9_43,W9,9w_1d,7389.0,2008.0,1047.95438,284.95386,1047.95438,284.95386,98,276.0,2,unknown3,0.271093965052305
W9_tile_43_cell_793,tile_W9_43,W9,9w_1d,7396.0,1894.5,1048.94824,268.83913,1048.94824,268.83913,69,164.0,2,vCTB2,0.24217024778647
W9_tile_43_cell_795,tile_W9_43,W9,9w_1d,8394.0,1933.0,1190.64428,274.30536,1190.64428,274.30536,164,250.0,4,Fibroblast2,0.580111517449734
W9_tile_43_cell_796,tile_W9_43,W9,9w_1d,7541.0,1891.5,1069.53534,268.41319,1069.53534,268.41319,123,232.0,7,STB,0.568133520462221
W9_tile_43_cell_797,tile_W9_43,W9,9w_1d,7788.5,1915.5,1104.67539,271.82071,1104.67539,271.82071,126,202.0,10,STB,0.580987240608831
W9_tile_43_cell_798,tile_W9_43,W9,9w_1d,8174.0,1911.0,1159.40868,271.1818,1159.40868,271.1818,57,81.0,11,vCTB2,0.432118228337281
W9_tile_43_cell_803,tile_W9_43,W9,9w_1d,8490.0,1889.0,1204.27436,268.05824,1204.27436,268.05824,174,263.0,3,Fibroblast2,0.758409903703025
W9_tile_43_cell_804,tile_W9_43,W9,9w_1d,8145.0,1865.0,1155.29126,264.65072,1155.29126,264.65072,62,91.0,4,vCTB2,0.421098383842963
W9_tile_43_cell_809,tile_W9_43,W9,9w_1d,7671.0,1865.5,1087.99274,264.72171,1087.99274,264.72171,60,92.0,0,vCTB2,0.473765605582396
W9_tile_43_cell_9,tile_W9_43,W9,9w_1d,8121.0,3027.5,1151.88374,429.70247,1151.88374,429.70247,197,738.0,7,STB,0.491587687660744
W9_tile_44_cell_1029,tile_W9_44,W9,9w_1d,7347.5,3607.0,1042.06221,511.97988,1042.06221,511.97988,55,116.0,2,vCTB2,0.465375648585292
W9_tile_44_cell_1100,tile_W9_44,W9,9w_1d,7267.0,3048.5,1030.63282,432.68405,1030.63282,432.68405,46,146.0,2,vCTB2,0.556029402496367
W9_tile_44_cell_1168,tile_W9_44,W9,9w_1d,7264.0,3017.0,1030.20688,428.21168,1030.20688,428.21168,70,257.0,7,EVT2,0.473864196057764
W9_tile_44_cell_1182,tile_W9_44,W9,9w_1d,7350.0,2907.0,1042.41716,412.59388,1042.41716,412.59388,91,301.0,7,vCTB2,0.30162034737191
W9_tile_44_cell_122,tile_W9_44,W9,9w_1d,7279.0,2981.0,1032.33658,423.1004,1032.33658,423.1004,60,145.0,2,EVT2,0.290110712600245
W9_tile_44_cell_1295,tile_W9_44,W9,9w_1d,7227.5,1952.0,1025.02461,277.00298,1025.02461,277.00298,48,98.0,2,EVT2,0.309971403558987
W9_tile_44_cell_233,tile_W9_44,W9,9w_1d,7278.5,1921.5,1032.26559,272.67259,1032.26559,272.67259,38,88.0,2,vCTB2,0.545641744854116
W9_tile_44_cell_258,tile_W9_44,W9,9w_1d,7322.0,3100.5,1038.44172,440.06701,1038.44172,440.06701,67,212.0,2,vCTB2,0.361872291611968
W9_tile_44_cell_362,tile_W9_44,W9,9w_1d,7273.0,3082.5,1031.4847,437.51137,1031.4847,437.51137,39,112.0,2,vCTB2,0.468307237253843
W9_tile_44_cell_447,tile_W9_44,W9,9w_1d,7265.5,3584.0,1030.41985,508.71434,1030.41985,508.71434,131,438.0,7,Fibroblast1,0.210598230563115
W9_tile_44_cell_723,tile_W9_44,W9,9w_1d,7368.0,1977.5,1044.9728,280.62347,1044.9728,280.62347,82,168.0,7,EVT2,0.27595198158597
W9_tile_44_cell_769,tile_W9_44,W9,9w_1d,7135.5,3651.5,1011.96245,518.29799,1011.96245,518.29799,85,224.0,7,EVT2,0.249423876209858
W9_tile_44_cell_780,tile_W9_44,W9,9w_1d,7264.0,1868.0,1030.20688,265.07666,1030.20688,265.07666,44,119.0,2,vCTB2,0.374005781266818
W9_tile_44_cell_822,tile_W9_44,W9,9w_1d,7295.0,3122.0,1034.60826,443.11958,1034.60826,443.11958,67,209.0,2,vCTB2,0.370427088410165
W9_tile_44_cell_964,tile_W9_44,W9,9w_1d,7360.0,2809.0,1043.83696,398.67984,1043.83696,398.67984,24,88.0,2,vCTB2,0.498394048160646
W9_tile_45_cell_104,tile_W9_45,W9,9w_1d,6922.0,17.0,981.64972,2.27168,981.64972,2.27168,60,138.0,2,vCTB2,0.437104863220921
W9_tile_45_cell_106,tile_W9_45,W9,9w_1d,7155.0,953.0,1014.73106,135.16496,1014.73106,135.16496,100,312.0,7,vCTB2,0.303899617566242
W9_tile_45_cell_111,tile_W9_45,W9,9w_1d,6957.5,548.0,986.69001,77.66306,986.69001,77.66306,77,182.0,2,vCTB2,0.270631811703727
W9_tile_45_cell_132,tile_W9_45,W9,9w_1d,6982.0,479.0,990.16852,67.86644,990.16852,67.86644,54,87.0,2,vCTB2,0.23690810697238
W9_tile_45_cell_17,tile_W9_45,W9,9w_1d,7349.0,727.0,1042.27518,103.07748,1042.27518,103.07748,82,189.0,2,vCTB2,0.38880815514157
W9_tile_45_cell_18,tile_W9_45,W9,9w_1d,6578.5,895.0,932.87959,126.93012,932.87959,126.93012,57,138.0,2,EVT2,0.330879797621753
W9_tile_45_cell_183,tile_W9_45,W9,9w_1d,7215.0,661.0,1023.24986,93.7068,1023.24986,93.7068,102,167.0,7,vCTB2,0.329551250538885
W9_tile_45_cell_184,tile_W9_45,W9,9w_1d,6973.0,385.0,988.8907,54.52032,988.8907,54.52032,110,252.0,7,STB,0.308271209831255
W9_tile_45_cell_190,tile_W9_45,W9,9w_1d,6787.0,576.0,962.48242,81.6385,962.48242,81.6385,87,246.0,7,vCTB2,0.312172523722565
W9_tile_45_cell_193,tile_W9_45,W9,9w_1d,6918.0,790.0,981.0818,112.02222,981.0818,112.02222,112,250.0,7,Hofbauer cells,0.193192793148852
W9_tile_45_cell_194,tile_W9_45,W9,9w_1d,5822.0,409.0,825.47172,57.92784,825.47172,57.92784,72,83.0,0,vCTB2,0.652530467712505
W9_tile_45_cell_204,tile_W9_45,W9,9w_1d,7233.0,1016.0,1025.8055,144.1097,1025.8055,144.1097,46,109.0,2,vCTB2,0.48525930020707
W9_tile_45_cell_209,tile_W9_45,W9,9w_1d,7048.0,177.0,999.5392,24.98848,999.5392,24.98848,193,619.0,7,Fibroblast2,0.49406515871287
W9_tile_45_cell_229,tile_W9_45,W9,9w_1d,6578.5,932.0,932.87959,132.18338,932.87959,132.18338,49,110.0,2,EVT2,0.302388175611155
W9_tile_45_cell_239,tile_W9_45,W9,9w_1d,7330.0,1419.5,1039.57756,201.39863,1039.57756,201.39863,69,172.0,2,vCTB2,0.339541437593569
W9_tile_45_cell_246,tile_W9_45,W9,9w_1d,7159.0,355.0,1015.29898,50.26092,1015.29898,50.26092,160,532.0,7,EVT3,0.324083536995219
W9_tile_45_cell_252,tile_W9_45,W9,9w_1d,7081.0,842.0,1004.22454,119.40518,1004.22454,119.40518,87,201.0,2,vCTB2,0.173403962226069
W9_tile_45_cell_259,tile_W9_45,W9,9w_1d,6940.5,645.0,984.27635,91.43512,984.27635,91.43512,78,126.0,2,EVT2,0.333819092381677
W9_tile_45_cell_266,tile_W9_45,W9,9w_1d,6823.0,630.0,967.5937,89.30542,967.5937,89.30542,98,192.0,7,unknown2,0.294638354799686
W9_tile_45_cell_268,tile_W9_45,W9,9w_1d,6494.5,857.0,920.95327,121.53488,920.95327,121.53488,62,132.0,2,vCTB2,0.412262582267772
W9_tile_45_cell_270,tile_W9_45,W9,9w_1d,7315.0,897.0,1037.44786,127.21408,1037.44786,127.21408,72,184.0,2,vCTB2,0.258526210320837
W9_tile_45_cell_282,tile_W9_45,W9,9w_1d,7109.0,54.0,1008.19998,7.52494,1008.19998,7.52494,137,405.0,7,unknown2,0.399615420166924
W9_tile_45_cell_292,tile_W9_45,W9,9w_1d,7328.0,368.0,1039.2936,52.10666,1039.2936,52.10666,54,183.0,2,vCTB2,0.418033266905188
W9_tile_45_cell_297,tile_W9_45,W9,9w_1d,6903.0,433.0,978.9521,61.33536,978.9521,61.33536,140,465.0,7,Endothelial_cells,0.56900726517205
W9_tile_45_cell_301,tile_W9_45,W9,9w_1d,6676.0,598.0,946.72264,84.76205999999999,946.72264,84.76205999999999,124,422.0,7,unknown3,0.235726415190876
W9_tile_45_cell_306,tile_W9_45,W9,9w_1d,6894.0,718.0,977.67428,101.79966,977.67428,101.79966,140,321.0,7,Fibroblast1,0.331151475808136
W9_tile_45_cell_315,tile_W9_45,W9,9w_1d,7048.0,419.0,999.5392,59.34764,999.5392,59.34764,105,235.0,7,EVT2,0.28291002019918
W9_tile_45_cell_316,tile_W9_45,W9,9w_1d,7317.0,679.0,1037.73182,96.26244,1037.73182,96.26244,49,122.0,2,vCTB2,0.45972319031083
W9_tile_45_cell_342,tile_W9_45,W9,9w_1d,6768.0,490.0,959.7848,69.42822,959.7848,69.42822,110,323.0,7,unknown3,0.192027616652934
W9_tile_45_cell_347,tile_W9_45,W9,9w_1d,7357.0,495.0,1043.41102,70.13812,1043.41102,70.13812,94,248.0,7,STB,0.239566351241327
W9_tile_45_cell_38,tile_W9_45,W9,9w_1d,7031.5,810.0,997.19653,114.86182,997.19653,114.86182,69,100.0,2,STB,0.292109411643085
W9_tile_45_cell_407,tile_W9_45,W9,9w_1d,7082.0,699.0,1004.36652,99.10204,1004.36652,99.10204,185,462.0,7,STB,0.261525770680266
W9_tile_45_cell_417,tile_W9_45,W9,9w_1d,7205.0,1575.0,1021.83006,223.47652,1021.83006,223.47652,168,504.0,7,Fibroblast1,0.238034279445606
W9_tile_45_cell_431,tile_W9_45,W9,9w_1d,7028.0,760.0,996.6996,107.76282,996.6996,107.76282,34,83.0,2,vCTB2,0.507343764565471
W9_tile_45_cell_468,tile_W9_45,W9,9w_1d,6952.0,331.0,985.90912,46.8534,985.90912,46.8534,50,119.0,2,vCTB2,0.440942866633898
W9_tile_45_cell_469,tile_W9_45,W9,9w_1d,7253.5,730.0,1028.71609,103.50342,1028.71609,103.50342,88,156.0,7,vCTB2,0.254848711275463
W9_tile_45_cell_488,tile_W9_45,W9,9w_1d,6636.0,717.0,941.04344,101.65768,941.04344,101.65768,146,419.0,7,EVT3,0.318321582695388
W9_tile_45_cell_489,tile_W9_45,W9,9w_1d,7048.0,571.0,999.5392,80.9286,999.5392,80.9286,202,472.0,10,STB,0.385606277782168
W9_tile_45_cell_502,tile_W9_45,W9,9w_1d,7121.0,211.0,1009.90374,29.8158,1009.90374,29.8158,69,144.0,2,vCTB2,0.282636229596029
W9_tile_45_cell_528,tile_W9_45,W9,9w_1d,6748.5,555.0,957.01619,78.65692,957.01619,78.65692,79,216.0,2,EVT2,0.394887116754988
W9_tile_45_cell_540,tile_W9_45,W9,9w_1d,7002.0,55.0,993.00812,7.666919999999999,993.00812,7.666919999999999,160,473.0,7,unknown2,0.315109460160471
W9_tile_45_cell_544,tile_W9_45,W9,9w_1d,5714.5,236.0,810.2088699999999,33.3653,810.2088699999999,33.3653,82,96.0,0,vCTB2,0.594397975715936
W9_tile_45_cell_557,tile_W9_45,W9,9w_1d,7360.0,1097.0,1043.83696,155.61007999999998,1043.83696,155.61007999999998,48,120.0,2,vCTB2,0.491687908189494
W9_tile_45_cell_559,tile_W9_45,W9,9w_1d,6861.0,500.0,972.98894,70.84801999999999,972.98894,70.84801999999999,76,231.0,2,EVT2,0.51983687786441
W9_tile_45_cell_576,tile_W9_45,W9,9w_1d,7231.0,1768.0,1025.52154,250.87866,1025.52154,250.87866,123,449.0,7,EVT2,0.278722328169356
W9_tile_45_cell_580,tile_W9_45,W9,9w_1d,7175.0,560.0,1017.57066,79.36682,1017.57066,79.36682,120,219.0,7,STB,0.271780682967078
W9_tile_45_cell_603,tile_W9_45,W9,9w_1d,6590.5,804.5,934.58335,114.08093,934.58335,114.08093,162,516.0,7,STB,0.446969741086341
W9_tile_45_cell_607,tile_W9_45,W9,9w_1d,7171.0,693.0,1017.00274,98.25016,1017.00274,98.25016,144,203.0,10,STB,0.528013203660282
W9_tile_45_cell_619,tile_W9_45,W9,9w_1d,7358.0,568.0,1043.553,80.50265999999999,1043.553,80.50265999999999,88,183.0,7,EVT2,0.320612925571738
W9_tile_45_cell_629,tile_W9_45,W9,9w_1d,7243.0,1676.0,1027.2253,237.8165,1027.2253,237.8165,110,374.0,7,vCTB2,0.243527767290554
W9_tile_45_cell_643,tile_W9_45,W9,9w_1d,7342.0,1496.0,1041.28132,212.2601,1041.28132,212.2601,134,283.0,7,STB,0.309825291574804
W9_tile_45_cell_646,tile_W9_45,W9,9w_1d,6727.0,529.0,953.96362,74.96544,953.96362,74.96544,37,96.0,2,vCTB2,0.514394267719749
W9_tile_45_cell_666,tile_W9_45,W9,9w_1d,7351.0,1737.0,1042.55914,246.47728,1042.55914,246.47728,137,267.0,7,Fibroblast1,0.431069033572558
W9_tile_45_cell_669,tile_W9_45,W9,9w_1d,7095.0,1667.0,1006.21226,236.53868,1006.21226,236.53868,33,81.0,2,vCTB2,0.395932035665493
W9_tile_45_cell_671,tile_W9_45,W9,9w_1d,5794.0,185.0,821.49628,26.12432,821.49628,26.12432,99,133.0,0,vCTB2,0.448043995046908
W9_tile_45_cell_672,tile_W9_45,W9,9w_1d,7297.0,1543.0,1034.89222,218.93316,1034.89222,218.93316,56,113.0,2,EVT2,0.319077033275818
W9_tile_45_cell_675,tile_W9_45,W9,9w_1d,7322.0,965.0,1038.44172,136.86872,1038.44172,136.86872,95,238.0,7,EVT2,0.334319043855434
W9_tile_45_cell_698,tile_W9_45,W9,9w_1d,7160.0,139.0,1015.44096,19.59324,1015.44096,19.59324,180,545.0,7,unknown2,0.231024405081745
W9_tile_45_cell_701,tile_W9_45,W9,9w_1d,7036.0,907.0,997.83544,128.63388,997.83544,128.63388,128,355.0,7,unknown2,0.255387164119224
W9_tile_45_cell_705,tile_W9_45,W9,9w_1d,6962.0,1056.0,987.32892,149.78889999999998,987.32892,149.78889999999998,148,538.0,7,STB,0.159873246431844
W9_tile_45_cell_710,tile_W9_45,W9,9w_1d,7254.0,1824.0,1028.78708,258.82954,1028.78708,258.82954,57,166.0,2,vCTB2,0.407936264960412
W9_tile_45_cell_717,tile_W9_45,W9,9w_1d,7327.5,1361.0,1039.22261,193.0928,1039.22261,193.0928,81,246.0,2,EVT2,0.380346367742261
W9_tile_45_cell_720,tile_W9_45,W9,9w_1d,5626.0,454.0,797.64364,64.31694,797.64364,64.31694,121,159.0,0,EVT2,0.28324628516083
W9_tile_45_cell_724,tile_W9_45,W9,9w_1d,6751.0,875.0,957.37114,124.09052,957.37114,124.09052,127,312.0,7,EVT2,0.465028163932279
W9_tile_45_cell_748,tile_W9_45,W9,9w_1d,6658.0,852.0,944.167,120.82498,944.167,120.82498,117,308.0,7,unknown3,0.224119362496532
W9_tile_45_cell_749,tile_W9_45,W9,9w_1d,7004.0,664.0,993.29208,94.13274,993.29208,94.13274,116,185.0,10,STB,0.241858251131005
W9_tile_45_cell_753,tile_W9_45,W9,9w_1d,6827.0,699.0,968.16162,99.10204,968.16162,99.10204,109,251.0,7,vCTB2,0.373804825630768
W9_tile_45_cell_763,tile_W9_45,W9,9w_1d,7000.0,984.5,992.72416,139.63733,992.72416,139.63733,134,378.0,7,STB,0.346842971936009
W9_tile_45_cell_769,tile_W9_45,W9,9w_1d,7251.0,571.0,1028.36114,80.9286,1028.36114,80.9286,110,240.0,7,Fibroblast1,0.244192382617939
W9_tile_45_cell_801,tile_W9_45,W9,9w_1d,7134.0,1738.0,1011.74948,246.61926,1011.74948,246.61926,100,231.0,7,STB,0.252663939907903
W9_tile_45_cell_829,tile_W9_45,W9,9w_1d,7153.0,1506.0,1014.4471,213.6799,1014.4471,213.6799,92,232.0,7,STB,0.285758695644297
W9_tile_45_cell_83,tile_W9_45,W9,9w_1d,7037.0,285.0,997.97742,40.32232,997.97742,40.32232,99,277.0,7,EVT2,0.246892380637231
W9_tile_45_cell_835,tile_W9_45,W9,9w_1d,7236.5,1436.0,1026.30243,203.7413,1026.30243,203.7413,149,482.0,7,STB,0.466178456498253
W9_tile_45_cell_84,tile_W9_45,W9,9w_1d,7251.0,808.0,1028.36114,114.57786,1028.36114,114.57786,165,515.0,7,Endothelial_cells,0.653133247656527
W9_tile_45_cell_871,tile_W9_45,W9,9w_1d,7255.0,1058.0,1028.92906,150.07286,1028.92906,150.07286,85,260.0,2,EVT2,0.295449817928218
W9_tile_45_cell_882,tile_W9_45,W9,9w_1d,6905.0,967.0,979.23606,137.15268,979.23606,137.15268,142,410.0,7,unknown2,0.298391271523512
W9_tile_45_cell_884,tile_W9_45,W9,9w_1d,7243.5,962.0,1027.29629,136.44278,1027.29629,136.44278,58,124.0,2,vCTB2,0.378671403823556
W9_tile_45_cell_887,tile_W9_45,W9,9w_1d,7186.5,878.0,1019.20343,124.51646,1019.20343,124.51646,107,346.0,7,STB,0.386423768169896
W9_tile_45_cell_889,tile_W9_45,W9,9w_1d,6879.0,882.0,975.54458,125.08438,975.54458,125.08438,203,635.0,7,Fibroblast1,0.561456267083796
W9_tile_45_cell_891,tile_W9_45,W9,9w_1d,7246.0,615.5,1027.65124,87.24671,1027.65124,87.24671,64,132.0,2,vCTB2,0.349642780630078
W9_tile_45_cell_892,tile_W9_45,W9,9w_1d,7253.0,499.0,1028.6451,70.70604,1028.6451,70.70604,105,238.0,7,unknown3,0.232538305286715
W9_tile_45_cell_893,tile_W9_45,W9,9w_1d,7120.0,466.0,1009.76176,66.02069999999999,1009.76176,66.02069999999999,127,341.0,7,EVT2,0.246056334608907
W9_tile_45_cell_894,tile_W9_45,W9,9w_1d,7264.5,410.0,1030.27787,58.06982,1030.27787,58.06982,119,348.0,7,unknown3,0.203236226647438
W9_tile_45_cell_895,tile_W9_45,W9,9w_1d,7274.0,336.0,1031.62668,47.5633,1031.62668,47.5633,111,331.0,7,EVT2,0.447397556130207
W9_tile_45_cell_900,tile_W9_45,W9,9w_1d,7193.0,221.0,1020.1263,31.2356,1020.1263,31.2356,79,149.0,2,vCTB2,0.238249443980541
W9_tile_45_cell_902,tile_W9_45,W9,9w_1d,6371.0,264.5,903.41874,37.41173,903.41874,37.41173,45,80.0,2,EVT2,0.42307468966892
W9_tile_46_cell_106,tile_W9_46,W9,9w_1d,8106.0,1502.0,1149.75404,213.11198,1149.75404,213.11198,227,351.0,3,Fibroblast2,0.922176761905559
W9_tile_46_cell_109,tile_W9_46,W9,9w_1d,9116.0,1495.0,1293.15384,212.11812,1293.15384,212.11812,120,159.0,3,Fibroblast2,0.628273573713815
W9_tile_46_cell_113,tile_W9_46,W9,9w_1d,8442.0,1381.0,1197.45932,195.9324,1197.45932,195.9324,112,137.0,3,Fibroblast2,0.585320261421746
W9_tile_46_cell_121,tile_W9_46,W9,9w_1d,8526.0,1631.0,1209.38564,231.4274,1209.38564,231.4274,158,241.0,3,Fibroblast2,0.964740060279459
W9_tile_46_cell_122,tile_W9_46,W9,9w_1d,8156.5,403.0,1156.92403,57.07596,1156.92403,57.07596,52,172.0,2,EVT2,0.424520547765151
W9_tile_46_cell_135,tile_W9_46,W9,9w_1d,8226.0,616.0,1166.79164,87.3177,1166.79164,87.3177,38,92.0,2,vCTB2,0.578368109753052
W9_tile_46_cell_145,tile_W9_46,W9,9w_1d,7733.0,802.0,1096.7955,113.72598,1096.7955,113.72598,49,152.0,2,vCTB2,0.335226792765589
W9_tile_46_cell_146,tile_W9_46,W9,9w_1d,8401.0,859.0,1191.63814,121.81884,1191.63814,121.81884,143,195.0,3,Fibroblast2,0.836253709751669
W9_tile_46_cell_147,tile_W9_46,W9,9w_1d,9061.0,1612.5,1285.34494,228.80077,1285.34494,228.80077,189,284.0,3,Fibroblast2,0.888299281338031
W9_tile_46_cell_154,tile_W9_46,W9,9w_1d,7692.0,1273.0,1090.97432,180.59856,1090.97432,180.59856,116,142.0,3,Fibroblast2,0.60377664808497
W9_tile_46_cell_164,tile_W9_46,W9,9w_1d,8472.0,667.0,1201.7187199999998,94.55868,1201.7187199999998,94.55868,101,238.0,7,EVT2,0.301160826655728
W9_tile_46_cell_174,tile_W9_46,W9,9w_1d,8189.0,726.0,1161.53838,102.9355,1161.53838,102.9355,77,94.0,0,vCTB2,0.529322568767181
W9_tile_46_cell_175,tile_W9_46,W9,9w_1d,9206.0,1082.0,1305.93204,153.48038,1305.93204,153.48038,88,99.0,8,Fibroblast1,0.355249422936138
W9_tile_46_cell_181,tile_W9_46,W9,9w_1d,7468.0,1390.0,1059.1708,197.21022,1059.1708,197.21022,149,228.0,7,Fibroblast1,0.438589535348961
W9_tile_46_cell_196,tile_W9_46,W9,9w_1d,8422.0,465.0,1194.61972,65.87872,1194.61972,65.87872,114,505.0,7,EVT2,0.246786785103098
W9_tile_46_cell_203,tile_W9_46,W9,9w_1d,9130.0,1166.0,1295.14156,165.4067,1295.14156,165.4067,147,203.0,8,Fibroblast1,0.695835093927471
W9_tile_46_cell_211,tile_W9_46,W9,9w_1d,8346.0,691.0,1183.82924,97.9662,1183.82924,97.9662,190,791.0,7,unknown3,0.269473402411205
W9_tile_46_cell_215,tile_W9_46,W9,9w_1d,8621.0,1770.0,1222.87374,251.16262,1222.87374,251.16262,101,125.0,4,Fibroblast2,0.468201387212153
W9_tile_46_cell_220,tile_W9_46,W9,9w_1d,7600.0,1809.5,1077.91216,256.77083,1077.91216,256.77083,242,424.0,10,Fibroblast1,0.687689029345055
W9_tile_46_cell_229,tile_W9_46,W9,9w_1d,8242.0,1616.5,1169.06332,229.36869,1169.06332,229.36869,65,84.0,4,Fibroblast2,0.296189247586329
W9_tile_46_cell_23,tile_W9_46,W9,9w_1d,7473.0,654.0,1059.8807,92.71294,1059.8807,92.71294,145,603.0,7,unknown2,0.226133019587105
W9_tile_46_cell_241,tile_W9_46,W9,9w_1d,8830.5,1700.5,1252.61855,241.29501,1252.61855,241.29501,113,144.0,4,Fibroblast2,0.457841736459151
W9_tile_46_cell_244,tile_W9_46,W9,9w_1d,7405.0,1522.0,1050.22606,215.95158,1050.22606,215.95158,51,90.0,2,vCTB2,0.459299976503555
W9_tile_46_cell_257,tile_W9_46,W9,9w_1d,7461.0,1705.5,1058.17694,242.00491,1058.17694,242.00491,75,110.0,2,vCTB2,0.462866122321763
W9_tile_46_cell_259,tile_W9_46,W9,9w_1d,7887.5,852.0,1118.73141,120.82498,1118.73141,120.82498,61,100.0,0,vCTB2,0.656405467515846
W9_tile_46_cell_266,tile_W9_46,W9,9w_1d,8144.0,486.0,1155.14928,68.8603,1155.14928,68.8603,93,312.0,7,vCTB2,0.284106779578919
W9_tile_46_cell_27,tile_W9_46,W9,9w_1d,8672.0,890.0,1230.11472,126.22022,1230.11472,126.22022,98,149.0,9,Hofbauer cells,0.787878402454064
W9_tile_46_cell_272,tile_W9_46,W9,9w_1d,8558.0,743.0,1213.929,105.34916,1213.929,105.34916,112,286.0,7,EVT2,0.302084171349844
W9_tile_46_cell_273,tile_W9_46,W9,9w_1d,9209.0,1413.5,1306.35798,200.54675,1306.35798,200.54675,74,102.0,4,Fibroblast2,0.333312044128836
W9_tile_46_cell_274,tile_W9_46,W9,9w_1d,7564.0,1523.0,1072.80088,216.09356,1072.80088,216.09356,125,175.0,8,Fibroblast1,0.750448894151421
W9_tile_46_cell_275,tile_W9_46,W9,9w_1d,8271.0,798.0,1173.18074,113.15806,1173.18074,113.15806,144,179.0,8,Fibroblast1,0.550424864615904
W9_tile_46_cell_277,tile_W9_46,W9,9w_1d,7856.0,695.0,1114.25904,98.53412,1114.25904,98.53412,53,205.0,2,EVT2,0.373790068627967
W9_tile_46_cell_283,tile_W9_46,W9,9w_1d,7947.0,641.5,1127.17922,90.93819,1127.17922,90.93819,163,764.0,7,STB,0.293136865020326
W9_tile_46_cell_285,tile_W9_46,W9,9w_1d,8014.0,785.0,1136.69188,111.31232,1136.69188,111.31232,144,311.0,7,STB,0.480454750161324
W9_tile_46_cell_289,tile_W9_46,W9,9w_1d,8926.0,669.0,1266.17764,94.84264,1266.17764,94.84264,48,100.0,2,vCTB2,0.48701900212146
W9_tile_46_cell_292,tile_W9_46,W9,9w_1d,8504.0,849.0,1206.26208,120.39904,1206.26208,120.39904,161,212.0,8,Fibroblast1,0.627052199669701
W9_tile_46_cell_299,tile_W9_46,W9,9w_1d,8526.0,655.0,1209.38564,92.85492,1209.38564,92.85492,78,162.0,2,vCTB2,0.374823858961324
W9_tile_46_cell_302,tile_W9_46,W9,9w_1d,9178.5,1294.0,1302.02759,183.58014,1302.02759,183.58014,67,82.0,8,vCTB2,0.232091267875346
W9_tile_46_cell_303,tile_W9_46,W9,9w_1d,7890.0,789.0,1119.08636,111.88024,1119.08636,111.88024,71,147.0,2,vCTB2,0.45152347273069
W9_tile_46_cell_308,tile_W9_46,W9,9w_1d,8766.0,544.0,1243.46084,77.09514,1243.46084,77.09514,126,446.0,7,EVT2,0.267796846978112
W9_tile_46_cell_320,tile_W9_46,W9,9w_1d,7522.0,1052.0,1066.83772,149.22098,1066.83772,149.22098,162,303.0,7,STB,0.426281972874173
W9_tile_46_cell_326,tile_W9_46,W9,9w_1d,8424.0,776.0,1194.90368,110.0345,1194.90368,110.0345,106,135.0,0,vCTB2,0.255898516990988
W9_tile_46_cell_341,tile_W9_46,W9,9w_1d,8030.0,1794.0,1138.96356,254.57014,1138.96356,254.57014,134,172.0,3,Fibroblast2,0.578922561776028
W9_tile_46_cell_353,tile_W9_46,W9,9w_1d,7919.0,548.5,1123.20378,77.73405,1123.20378,77.73405,48,154.0,2,vCTB2,0.468758620917662
W9_tile_46_cell_355,tile_W9_46,W9,9w_1d,8504.0,730.0,1206.26208,103.50342,1206.26208,103.50342,69,139.0,2,vCTB2,0.418501418961144
W9_tile_46_cell_36,tile_W9_46,W9,9w_1d,7533.0,1147.0,1068.3995,162.70908,1068.3995,162.70908,125,198.0,10,unknown3,0.234259287350065
W9_tile_46_cell_364,tile_W9_46,W9,9w_1d,9164.0,739.5,1299.96888,104.85223,1299.96888,104.85223,50,116.0,2,vCTB2,0.434839501082819
W9_tile_46_cell_371,tile_W9_46,W9,9w_1d,7795.0,751.0,1105.59826,106.485,1105.59826,106.485,112,478.0,7,EVT2,0.305887215252085
W9_tile_46_cell_384,tile_W9_46,W9,9w_1d,8218.5,967.0,1165.72679,137.15268,1165.72679,137.15268,108,128.0,3,Fibroblast2,0.655379860417033
W9_tile_46_cell_395,tile_W9_46,W9,9w_1d,8197.0,647.0,1162.67422,91.71908,1162.67422,91.71908,202,573.0,7,Fibroblast1,0.379055297343445
W9_tile_46_cell_400,tile_W9_46,W9,9w_1d,8613.0,712.0,1221.7379,100.94778,1221.7379,100.94778,53,131.0,2,vCTB2,0.461282152073815
W9_tile_46_cell_405,tile_W9_46,W9,9w_1d,8839.0,645.0,1253.82538,91.43512,1253.82538,91.43512,111,323.0,7,STB,0.220935772831013
W9_tile_46_cell_407,tile_W9_46,W9,9w_1d,8504.0,515.0,1206.26208,72.97771999999999,1206.26208,72.97771999999999,47,102.0,2,vCTB2,0.41802508487006
W9_tile_46_cell_412,tile_W9_46,W9,9w_1d,8446.0,703.0,1198.02724,99.66996,1198.02724,99.66996,101,313.0,7,vCTB2,0.375042899942553
W9_tile_46_cell_420,tile_W9_46,W9,9w_1d,8017.0,672.0,1137.11782,95.26858,1137.11782,95.26858,75,199.0,2,STB,0.324779729997361
W9_tile_46_cell_428,tile_W9_46,W9,9w_1d,8317.0,1613.0,1179.71182,228.87176,1179.71182,228.87176,93,136.0,4,Fibroblast2,0.673847973101359
W9_tile_46_cell_437,tile_W9_46,W9,9w_1d,7808.0,900.0,1107.444,127.64002,1107.444,127.64002,354,987.0,10,Fibroblast1,0.326468517858052
W9_tile_46_cell_44,tile_W9_46,W9,9w_1d,8585.0,616.0,1217.76246,87.3177,1217.76246,87.3177,173,655.0,7,EVT3,0.423396831163237
W9_tile_46_cell_440,tile_W9_46,W9,9w_1d,8208.0,486.0,1164.236,68.8603,1164.236,68.8603,147,702.0,7,EVT2,0.250752276191464
W9_tile_46_cell_45,tile_W9_46,W9,9w_1d,9084.0,917.0,1288.61048,130.05368,1288.61048,130.05368,222,572.0,10,Fibroblast1,0.287076858423537
W9_tile_46_cell_454,tile_W9_46,W9,9w_1d,8600.0,781.0,1219.89216,110.7444,1219.89216,110.7444,83,152.0,0,vCTB2,0.499803135257798
W9_tile_46_cell_458,tile_W9_46,W9,9w_1d,9176.0,975.0,1301.67264,138.28852,1301.67264,138.28852,142,411.0,7,EVT2,0.350733220862163
W9_tile_46_cell_459,tile_W9_46,W9,9w_1d,9088.0,1249.5,1289.1784,177.26202999999998,1289.1784,177.26202999999998,154,190.0,3,Fibroblast2,0.944748355596031
W9_tile_46_cell_469,tile_W9_46,W9,9w_1d,7908.0,709.0,1121.642,100.52184,1121.642,100.52184,82,259.0,2,vCTB2,0.226884797281208
W9_tile_46_cell_473,tile_W9_46,W9,9w_1d,9188.0,794.0,1303.3764,112.59014,1303.3764,112.59014,44,117.0,2,vCTB2,0.412335176715756
W9_tile_46_cell_475,tile_W9_46,W9,9w_1d,9197.0,749.0,1304.65422,106.20104,1304.65422,106.20104,52,169.0,2,vCTB2,0.316923257953612
W9_tile_46_cell_476,tile_W9_46,W9,9w_1d,7498.0,1234.0,1063.4302,175.06134,1063.4302,175.06134,259,637.0,7,Fibroblast1,0.553045470370153
W9_tile_46_cell_479,tile_W9_46,W9,9w_1d,8096.0,469.0,1148.33424,66.44664,1148.33424,66.44664,99,428.0,2,vCTB2,0.278102596181839
W9_tile_46_cell_481,tile_W9_46,W9,9w_1d,8550.0,1340.0,1212.79316,190.11122,1212.79316,190.11122,105,152.0,9,Hofbauer cells,0.703241845229949
W9_tile_46_cell_486,tile_W9_46,W9,9w_1d,7398.0,1265.0,1049.2322,179.46272,1049.2322,179.46272,105,248.0,7,EVT2,0.240491819683216
W9_tile_46_cell_488,tile_W9_46,W9,9w_1d,7566.0,1077.0,1073.08484,152.77048,1073.08484,152.77048,172,241.0,10,Fibroblast1,0.366681808944011
W9_tile_46_cell_497,tile_W9_46,W9,9w_1d,9168.0,1037.0,1300.5368,147.09127999999998,1300.5368,147.09127999999998,102,131.0,0,Fibroblast2,0.379373744880749
W9_tile_46_cell_501,tile_W9_46,W9,9w_1d,7553.0,1323.0,1071.2391,187.69756,1071.2391,187.69756,79,95.0,0,vCTB2,0.466764362772936
W9_tile_46_cell_509,tile_W9_46,W9,9w_1d,8356.0,788.0,1185.24904,111.73826,1185.24904,111.73826,111,174.0,0,vCTB2,0.335951165099083
W9_tile_46_cell_528,tile_W9_46,W9,9w_1d,7948.0,1625.0,1127.3212,230.57552,1127.3212,230.57552,121,172.0,3,Fibroblast2,0.662212328361027
W9_tile_46_cell_530,tile_W9_46,W9,9w_1d,8019.5,514.0,1137.47277,72.83574,1137.47277,72.83574,99,422.0,2,vCTB2,0.318752171303525
W9_tile_46_cell_539,tile_W9_46,W9,9w_1d,8121.0,780.0,1151.88374,110.60242,1151.88374,110.60242,75,95.0,0,vCTB2,0.416605178153173
W9_tile_46_cell_543,tile_W9_46,W9,9w_1d,7404.0,529.0,1050.08408,74.96544,1050.08408,74.96544,103,297.0,7,STB,0.208693469902978
W9_tile_46_cell_545,tile_W9_46,W9,9w_1d,8078.0,742.0,1145.7786,105.20718,1145.7786,105.20718,104,173.0,7,vCTB2,0.431745569409696
W9_tile_46_cell_55,tile_W9_46,W9,9w_1d,8426.0,1069.0,1195.18764,151.63464,1195.18764,151.63464,99,125.0,4,Fibroblast2,0.610441174791729
W9_tile_46_cell_556,tile_W9_46,W9,9w_1d,7944.0,860.0,1126.75328,121.96082,1126.75328,121.96082,130,203.0,7,Hofbauer cells,0.463916884668434
W9_tile_46_cell_557,tile_W9_46,W9,9w_1d,9030.0,762.0,1280.94356,108.04678,1280.94356,108.04678,210,736.0,7,STB,0.285746739998203
W9_tile_46_cell_559,tile_W9_46,W9,9w_1d,7523.0,1757.0,1066.9797,249.31688,1066.9797,249.31688,87,103.0,0,vCTB2,0.285413830551214
W9_tile_46_cell_56,tile_W9_46,W9,9w_1d,7934.0,796.0,1125.33348,112.8741,1125.33348,112.8741,115,232.0,7,STB,0.215809019010685
W9_tile_46_cell_57,tile_W9_46,W9,9w_1d,7500.0,923.0,1063.71416,130.90556,1063.71416,130.90556,194,663.0,7,EVT3,0.632501795269512
W9_tile_46_cell_570,tile_W9_46,W9,9w_1d,8754.0,256.0,1241.75708,36.2049,1241.75708,36.2049,38,87.0,2,vCTB2,0.498687963828637
W9_tile_46_cell_574,tile_W9_46,W9,9w_1d,8926.0,610.0,1266.17764,86.46582,1266.17764,86.46582,138,628.0,7,EVT2,0.228437632628512
W9_tile_46_cell_577,tile_W9_46,W9,9w_1d,7636.0,844.0,1083.02344,119.68914,1083.02344,119.68914,140,519.0,7,EVT2,0.391563106404472
W9_tile_46_cell_583,tile_W9_46,W9,9w_1d,8229.0,558.0,1167.21758,79.08286,1167.21758,79.08286,127,432.0,7,STB,0.459438031151107
W9_tile_46_cell_590,tile_W9_46,W9,9w_1d,8182.0,916.0,1160.54452,129.9117,1160.54452,129.9117,111,137.0,3,Fibroblast2,0.536811580685519
W9_tile_46_cell_6,tile_W9_46,W9,9w_1d,8690.0,759.0,1232.6703599999998,107.62084,1232.6703599999998,107.62084,181,485.0,7,unknown2,0.268027161506726
W9_tile_46_cell_602,tile_W9_46,W9,9w_1d,7777.0,1723.0,1103.04262,244.48956,1103.04262,244.48956,100,130.0,4,Fibroblast2,0.366787399972445
W9_tile_46_cell_607,tile_W9_46,W9,9w_1d,7875.0,753.0,1116.95666,106.76896,1116.95666,106.76896,43,103.0,2,vCTB2,0.33880996377234
W9_tile_46_cell_63,tile_W9_46,W9,9w_1d,8475.5,1023.0,1202.21565,145.10356,1202.21565,145.10356,100,124.0,4,Fibroblast2,0.687861524754312
W9_tile_46_cell_630,tile_W9_46,W9,9w_1d,8524.0,590.0,1209.10168,83.62622,1209.10168,83.62622,96,340.0,7,EVT2,0.349745066047163
W9_tile_46_cell_633,tile_W9_46,W9,9w_1d,8103.5,665.0,1149.39909,94.27472,1149.39909,94.27472,162,470.0,7,EVT2,0.229374519222762
W9_tile_46_cell_636,tile_W9_46,W9,9w_1d,8636.0,512.0,1225.00344,72.55178,1225.00344,72.55178,189,808.0,7,STB,0.439910890111693
W9_tile_46_cell_638,tile_W9_46,W9,9w_1d,8855.5,744.0,1256.16805,105.49114,1256.16805,105.49114,79,156.0,7,EVT2,0.317268210565983
W9_tile_46_cell_639,tile_W9_46,W9,9w_1d,8767.0,791.0,1243.60282,112.1642,1243.60282,112.1642,79,189.0,2,EVT2,0.313977786842682
W9_tile_46_cell_642,tile_W9_46,W9,9w_1d,7487.0,1571.0,1061.86842,222.9086,1061.86842,222.9086,85,97.0,2,vCTB2,0.297419821718396
W9_tile_46_cell_659,tile_W9_46,W9,9w_1d,8943.0,854.0,1268.5913,121.10894,1268.5913,121.10894,174,506.0,7,Fibroblast1,0.250220502055449
W9_tile_46_cell_669,tile_W9_46,W9,9w_1d,7429.0,1637.0,1053.63358,232.27928,1053.63358,232.27928,200,400.0,10,Fibroblast1,0.514471961677089
W9_tile_46_cell_681,tile_W9_46,W9,9w_1d,8351.0,1661.0,1184.53914,235.6868,1184.53914,235.6868,65,83.0,4,vCTB2,0.241966884508371
W9_tile_46_cell_696,tile_W9_46,W9,9w_1d,8832.0,1281.0,1252.83152,181.7344,1252.83152,181.7344,75,88.0,4,Fibroblast2,0.486344491063518
W9_tile_46_cell_699,tile_W9_46,W9,9w_1d,8744.0,1293.0,1240.33728,183.43816,1240.33728,183.43816,74,91.0,4,Fibroblast2,0.306248900460537
W9_tile_46_cell_702,tile_W9_46,W9,9w_1d,8557.0,1214.5,1213.78702,172.29273,1213.78702,172.29273,75,94.0,4,Fibroblast2,0.285738840267021
W9_tile_46_cell_718,tile_W9_46,W9,9w_1d,8965.0,1104.0,1271.71486,156.60394,1271.71486,156.60394,98,133.0,4,Fibroblast2,0.525062625659164
W9_tile_46_cell_726,tile_W9_46,W9,9w_1d,8733.0,1098.0,1238.7755,155.75206,1238.7755,155.75206,158,200.0,3,Fibroblast2,0.561608584698529
W9_tile_46_cell_729,tile_W9_46,W9,9w_1d,7417.0,1064.0,1051.92982,150.92474,1051.92982,150.92474,180,571.0,7,unknown2,0.188621247052733
W9_tile_46_cell_730,tile_W9_46,W9,9w_1d,9041.0,1033.0,1282.50534,146.52336,1282.50534,146.52336,149,242.0,3,Fibroblast2,0.546821492792847
W9_tile_46_cell_733,tile_W9_46,W9,9w_1d,7556.5,1006.0,1071.73603,142.6899,1071.73603,142.6899,92,162.0,7,vCTB2,0.225776650348009
W9_tile_46_cell_734,tile_W9_46,W9,9w_1d,7709.0,975.5,1093.38798,138.35951,1093.38798,138.35951,306,538.0,10,Fibroblast2,0.386596933869432
W9_tile_46_cell_738,tile_W9_46,W9,9w_1d,7632.0,969.5,1082.45552,137.50763,1082.45552,137.50763,148,276.0,10,STB,0.547668765070863
W9_tile_46_cell_742,tile_W9_46,W9,9w_1d,7633.0,893.0,1082.5975,126.64616,1082.5975,126.64616,80,160.0,7,STB,0.321505808441674
W9_tile_46_cell_744,tile_W9_46,W9,9w_1d,8076.0,873.0,1145.49464,123.80656,1145.49464,123.80656,262,397.0,5,maternal macrophages ,0.208358264996072
W9_tile_46_cell_746,tile_W9_46,W9,9w_1d,8842.0,828.0,1254.25132,117.41746,1254.25132,117.41746,163,579.0,7,EVT2,0.309989454247537
W9_tile_46_cell_748,tile_W9_46,W9,9w_1d,7450.0,804.0,1056.61516,114.00994,1056.61516,114.00994,105,245.0,7,STB,0.220516346098307
W9_tile_46_cell_749,tile_W9_46,W9,9w_1d,9117.0,813.0,1293.29582,115.28776,1293.29582,115.28776,200,817.0,7,Fibroblast1,0.251659373120411
W9_tile_46_cell_750,tile_W9_46,W9,9w_1d,7524.0,764.0,1067.12168,108.33074,1067.12168,108.33074,60,185.0,2,vCTB2,0.362688225225385
W9_tile_46_cell_752,tile_W9_46,W9,9w_1d,8937.0,718.0,1267.73942,101.79966,1267.73942,101.79966,155,509.0,7,STB,0.436250520128312
W9_tile_46_cell_753,tile_W9_46,W9,9w_1d,7395.0,718.0,1048.80626,101.79966,1048.80626,101.79966,104,229.0,7,EVT3,0.372136859650709
W9_tile_46_cell_754,tile_W9_46,W9,9w_1d,7425.5,697.5,1053.13665,98.88907,1053.13665,98.88907,61,136.0,2,vCTB2,0.370689209090274
W9_tile_46_cell_757,tile_W9_46,W9,9w_1d,8764.5,692.0,1243.24787,98.10818,1243.24787,98.10818,185,666.0,7,STB,0.486087455358677
W9_tile_46_cell_762,tile_W9_46,W9,9w_1d,7407.0,602.0,1050.51002,85.32997999999999,1050.51002,85.32997999999999,46,123.0,2,vCTB2,0.467155911155785
W9_tile_46_cell_763,tile_W9_46,W9,9w_1d,7500.0,583.0,1063.71416,82.63235999999999,1063.71416,82.63235999999999,76,273.0,2,vCTB2,0.329830412357925
W9_tile_46_cell_764,tile_W9_46,W9,9w_1d,8385.0,561.0,1189.36646,79.5088,1189.36646,79.5088,81,201.0,2,EVT2,0.331916654993691
W9_tile_46_cell_78,tile_W9_46,W9,9w_1d,8869.0,1294.0,1258.08478,183.58014,1258.08478,183.58014,71,85.0,4,Fibroblast2,0.55336358950407
W9_tile_46_cell_82,tile_W9_46,W9,9w_1d,8159.0,583.0,1157.27898,82.63235999999999,1157.27898,82.63235999999999,79,149.0,2,vCTB2,0.237720146740183
W9_tile_46_cell_89,tile_W9_46,W9,9w_1d,7825.0,1692.0,1109.85766,240.08818,1109.85766,240.08818,85,103.0,4,Fibroblast2,0.425606796586283
W9_tile_46_cell_93,tile_W9_46,W9,9w_1d,7438.0,1502.0,1054.9114,213.11198,1054.9114,213.11198,70,109.0,2,vCTB2,0.390084441008662
W9_tile_46_cell_99,tile_W9_46,W9,9w_1d,8512.0,437.0,1207.39792,61.90328,1207.39792,61.90328,136,600.0,7,EVT2,0.20824974464131
W9_tile_47_cell_1,tile_W9_47,W9,9w_1d,9983.0,1059.0,1416.2505,150.21483999999998,1416.2505,150.21483999999998,90,216.0,0,vCTB2,0.613940933278435
W9_tile_47_cell_1001,tile_W9_47,W9,9w_1d,9766.0,1519.0,1385.44084,215.52564,1385.44084,215.52564,126,167.0,8,Fibroblast2,0.576384642892054
W9_tile_47_cell_1013,tile_W9_47,W9,9w_1d,9628.0,1027.0,1365.8476,145.67148,1365.8476,145.67148,91,476.0,7,vCTB2,0.361351613677668
W9_tile_47_cell_1049,tile_W9_47,W9,9w_1d,10698.0,1278.0,1517.7662,181.30846,1517.7662,181.30846,34,94.0,2,vCTB2,0.483069677153894
W9_tile_47_cell_1055,tile_W9_47,W9,9w_1d,10717.0,1341.0,1520.46382,190.2532,1520.46382,190.2532,118,333.0,7,STB,0.362862689424948
W9_tile_47_cell_1070,tile_W9_47,W9,9w_1d,9785.0,1042.0,1388.13846,147.80118,1388.13846,147.80118,47,181.0,2,vCTB2,0.377383061363252
W9_tile_47_cell_1075,tile_W9_47,W9,9w_1d,9404.0,883.0,1334.04408,125.22636,1334.04408,125.22636,32,110.0,2,vCTB2,0.459510938149124
W9_tile_47_cell_1076,tile_W9_47,W9,9w_1d,10883.0,1375.0,1544.0325,195.08052,1544.0325,195.08052,192,832.0,7,Fibroblast1,0.219322822763573
W9_tile_47_cell_1088,tile_W9_47,W9,9w_1d,10401.0,1607.0,1475.59814,228.01988,1475.59814,228.01988,124,263.0,5,vCTB2,0.580332629883862
W9_tile_47_cell_1091,tile_W9_47,W9,9w_1d,9250.0,928.0,1312.17916,131.61545999999998,1312.17916,131.61545999999998,138,537.0,7,STB,0.34911925166518
W9_tile_47_cell_1092,tile_W9_47,W9,9w_1d,9351.0,940.0,1326.51914,133.31922,1326.51914,133.31922,63,205.0,2,vCTB2,0.377369641596352
W9_tile_47_cell_1093,tile_W9_47,W9,9w_1d,9321.0,894.0,1322.25974,126.78814,1322.25974,126.78814,41,127.0,2,vCTB2,0.422675730128668
W9_tile_47_cell_1094,tile_W9_47,W9,9w_1d,9460.0,929.0,1341.99496,131.75744,1341.99496,131.75744,158,1001.0,7,EVT2,0.174542421557842
W9_tile_47_cell_110,tile_W9_47,W9,9w_1d,10183.0,1207.0,1444.6465,171.22788,1444.6465,171.22788,66,95.0,12,vCTB2,0.326457050344485
W9_tile_47_cell_124,tile_W9_47,W9,9w_1d,10157.0,1501.0,1440.95502,212.97,1440.95502,212.97,90,113.0,4,Fibroblast2,0.577157264785763
W9_tile_47_cell_134,tile_W9_47,W9,9w_1d,10267.0,1696.0,1456.57282,240.6561,1456.57282,240.6561,179,307.0,10,maternal macrophages ,0.343493484958898
W9_tile_47_cell_164,tile_W9_47,W9,9w_1d,9708.0,1199.0,1377.206,170.09204,1377.206,170.09204,152,238.0,9,Hofbauer cells,0.606798764524611
W9_tile_47_cell_166,tile_W9_47,W9,9w_1d,10740.0,1299.5,1523.72936,184.36103,1523.72936,184.36103,92,300.0,7,EVT2,0.231166821330202
W9_tile_47_cell_187,tile_W9_47,W9,9w_1d,10193.0,1099.0,1446.0663,155.89404,1446.0663,155.89404,49,178.0,2,vCTB2,0.589961081729632
W9_tile_47_cell_200,tile_W9_47,W9,9w_1d,10649.0,1143.5,1510.80918,162.21215,1510.80918,162.21215,61,194.0,2,vCTB2,0.461269568720166
W9_tile_47_cell_207,tile_W9_47,W9,9w_1d,9245.0,1063.0,1311.4692599999998,150.78276,1311.4692599999998,150.78276,85,108.0,0,vCTB2,0.464212553359466
W9_tile_47_cell_208,tile_W9_47,W9,9w_1d,10424.0,1236.0,1478.86368,175.34529999999998,1478.86368,175.34529999999998,70,140.0,0,vCTB2,0.54476074854988
W9_tile_47_cell_209,tile_W9_47,W9,9w_1d,9258.5,1435.5,1313.38599,203.67031,1313.38599,203.67031,199,288.0,3,Fibroblast2,0.806644089002129
W9_tile_47_cell_212,tile_W9_47,W9,9w_1d,10828.0,1325.0,1536.2236,187.98152,1536.2236,187.98152,58,131.0,2,vCTB2,0.39487481992399
W9_tile_47_cell_214,tile_W9_47,W9,9w_1d,10090.0,1040.0,1431.44236,147.51722,1431.44236,147.51722,71,351.0,2,vCTB2,0.405753346211883
W9_tile_47_cell_219,tile_W9_47,W9,9w_1d,11012.0,1383.0,1562.34792,196.21636,1562.34792,196.21636,111,410.0,7,EVT2,0.298729467342754
W9_tile_47_cell_222,tile_W9_47,W9,9w_1d,10624.5,1235.0,1507.33067,175.20332,1507.33067,175.20332,31,88.0,2,vCTB2,0.459602559301872
W9_tile_47_cell_224,tile_W9_47,W9,9w_1d,10477.0,1191.0,1486.38862,168.9562,1486.38862,168.9562,35,111.0,2,vCTB2,0.392934657399603
W9_tile_47_cell_236,tile_W9_47,W9,9w_1d,10762.0,1273.0,1526.85292,180.59856,1526.85292,180.59856,34,85.0,2,vCTB2,0.475360895210513
W9_tile_47_cell_238,tile_W9_47,W9,9w_1d,10651.0,1253.0,1511.09314,177.75896,1511.09314,177.75896,66,178.0,2,vCTB2,0.36774289239406
W9_tile_47_cell_239,tile_W9_47,W9,9w_1d,11044.0,1209.0,1566.89128,171.51184,1566.89128,171.51184,102,250.0,7,Fibroblast1,0.215871115100783
W9_tile_47_cell_255,tile_W9_47,W9,9w_1d,10520.0,1576.0,1492.4937599999998,223.6185,1492.4937599999998,223.6185,91,396.0,2,EVT2,0.329195135505029
W9_tile_47_cell_267,tile_W9_47,W9,9w_1d,10408.5,1530.0,1476.66299,217.08742,1476.66299,217.08742,119,202.0,5,vCTB2,0.537536359221081
W9_tile_47_cell_280,tile_W9_47,W9,9w_1d,10540.0,1340.0,1495.33336,190.11122,1495.33336,190.11122,68,179.0,2,vCTB2,0.475854016926432
W9_tile_47_cell_286,tile_W9_47,W9,9w_1d,9868.0,1119.5,1399.9228,158.80463,1399.9228,158.80463,73,90.0,12,vCTB2,0.4772906210242
W9_tile_47_cell_288,tile_W9_47,W9,9w_1d,11044.0,1334.0,1566.89128,189.25934,1566.89128,189.25934,45,112.0,2,EVT2,0.409308724837093
W9_tile_47_cell_307,tile_W9_47,W9,9w_1d,10122.0,1505.0,1435.98572,213.53792,1435.98572,213.53792,69,91.0,4,Fibroblast2,0.331505078913564
W9_tile_47_cell_310,tile_W9_47,W9,9w_1d,10910.0,1267.0,1547.86596,179.74668,1547.86596,179.74668,62,193.0,2,vCTB2,0.375391319373734
W9_tile_47_cell_32,tile_W9_47,W9,9w_1d,10587.0,1249.0,1502.00642,177.19104,1502.00642,177.19104,50,131.0,2,vCTB2,0.356291327229717
W9_tile_47_cell_351,tile_W9_47,W9,9w_1d,10467.0,1423.0,1484.96882,201.89556,1484.96882,201.89556,55,118.0,2,vCTB2,0.522449266357052
W9_tile_47_cell_363,tile_W9_47,W9,9w_1d,10365.0,1235.0,1470.48686,175.20332,1470.48686,175.20332,81,153.0,0,vCTB2,0.565216120477694
W9_tile_47_cell_364,tile_W9_47,W9,9w_1d,9783.0,1103.5,1387.8545,156.53295,1387.8545,156.53295,83,162.0,0,vCTB2,0.571519050583988
W9_tile_47_cell_367,tile_W9_47,W9,9w_1d,10297.0,1771.0,1460.83222,251.3046,1460.83222,251.3046,75,241.0,2,vCTB2,0.342596753946257
W9_tile_47_cell_377,tile_W9_47,W9,9w_1d,10975.0,1219.0,1557.09466,172.93164,1557.09466,172.93164,223,945.0,7,STB,0.325999824916391
W9_tile_47_cell_392,tile_W9_47,W9,9w_1d,10775.0,1220.0,1528.69866,173.07362,1528.69866,173.07362,63,248.0,2,vCTB2,0.349764993018976
W9_tile_47_cell_395,tile_W9_47,W9,9w_1d,10370.0,1198.0,1471.19676,169.95006,1471.19676,169.95006,87,239.0,2,vCTB2,0.41463063368274
W9_tile_47_cell_398,tile_W9_47,W9,9w_1d,10243.0,1591.0,1453.1653,225.7482,1453.1653,225.7482,86,107.0,4,Fibroblast2,0.514588678169263
W9_tile_47_cell_412,tile_W9_47,W9,9w_1d,10297.0,1198.5,1460.83222,170.02105,1460.83222,170.02105,70,96.0,0,vCTB2,0.656115625865396
W9_tile_47_cell_415,tile_W9_47,W9,9w_1d,10242.0,1135.0,1453.02332,161.00531999999998,1453.02332,161.00531999999998,207,693.0,10,STB,0.3268318324401
W9_tile_47_cell_416,tile_W9_47,W9,9w_1d,10120.0,1102.0,1435.70176,156.31998,1435.70176,156.31998,50,116.0,0,vCTB2,0.611082493412277
W9_tile_47_cell_42,tile_W9_47,W9,9w_1d,9638.0,1129.0,1367.2674,160.15344,1367.2674,160.15344,113,218.0,0,vCTB2,0.476781811234004
W9_tile_47_cell_425,tile_W9_47,W9,9w_1d,9265.0,1376.0,1314.30886,195.2225,1314.30886,195.2225,123,177.0,8,Fibroblast1,0.409158884779368
W9_tile_47_cell_427,tile_W9_47,W9,9w_1d,10557.0,1304.0,1497.74702,184.99994,1497.74702,184.99994,99,401.0,7,STB,0.300738541682438
W9_tile_47_cell_43,tile_W9_47,W9,9w_1d,9491.0,1288.0,1346.39634,182.72826,1346.39634,182.72826,170,251.0,8,Fibroblast1,0.827624946794463
W9_tile_47_cell_431,tile_W9_47,W9,9w_1d,9469.0,1427.0,1343.27278,202.46348,1343.27278,202.46348,159,221.0,3,Fibroblast2,0.969099846175188
W9_tile_47_cell_453,tile_W9_47,W9,9w_1d,10804.0,1375.0,1532.81608,195.08052,1532.81608,195.08052,71,237.0,2,EVT2,0.314142015432699
W9_tile_47_cell_461,tile_W9_47,W9,9w_1d,9456.0,1137.0,1341.42704,161.28928,1341.42704,161.28928,118,167.0,0,unknown3,0.238417536514137
W9_tile_47_cell_47,tile_W9_47,W9,9w_1d,10321.0,1224.0,1464.23974,173.64154,1464.23974,173.64154,82,109.0,0,vCTB2,0.620566369836687
W9_tile_47_cell_471,tile_W9_47,W9,9w_1d,10440.0,1131.0,1481.13536,160.4374,1481.13536,160.4374,146,624.0,7,STB,0.643612471081072
W9_tile_47_cell_482,tile_W9_47,W9,9w_1d,10020.0,1093.0,1421.50376,155.04216,1421.50376,155.04216,97,222.0,0,vCTB2,0.531531032699418
W9_tile_47_cell_492,tile_W9_47,W9,9w_1d,10773.0,1350.5,1528.4147,191.60201,1528.4147,191.60201,46,134.0,2,vCTB2,0.4139370020288
W9_tile_47_cell_496,tile_W9_47,W9,9w_1d,10202.0,1739.0,1447.34412,246.76124,1447.34412,246.76124,251,496.0,5,unknown3,0.400756453682665
W9_tile_47_cell_50,tile_W9_47,W9,9w_1d,10570.0,1453.0,1499.59276,206.15496,1499.59276,206.15496,57,225.0,2,vCTB2,0.450818463926683
W9_tile_47_cell_505,tile_W9_47,W9,9w_1d,10543.0,1102.0,1495.7593,156.31998,1495.7593,156.31998,161,783.0,7,STB,0.559245710686158
W9_tile_47_cell_511,tile_W9_47,W9,9w_1d,10616.0,1315.0,1506.12384,186.56172,1506.12384,186.56172,58,125.0,2,vCTB2,0.357223903003879
W9_tile_47_cell_514,tile_W9_47,W9,9w_1d,10134.0,1073.0,1437.68948,152.20256,1437.68948,152.20256,107,429.0,7,EVT2,0.301147505960781
W9_tile_47_cell_523,tile_W9_47,W9,9w_1d,9940.0,1670.5,1410.14536,237.03561,1410.14536,237.03561,63,88.0,8,Fibroblast1,0.288486072360247
W9_tile_47_cell_525,tile_W9_47,W9,9w_1d,9916.5,1096.0,1406.80883,155.4681,1406.80883,155.4681,66,88.0,0,vCTB2,0.656281863033442
W9_tile_47_cell_531,tile_W9_47,W9,9w_1d,10474.5,1488.0,1486.03367,211.12426,1486.03367,211.12426,195,484.0,10,STB,0.449740313677425
W9_tile_47_cell_543,tile_W9_47,W9,9w_1d,9515.0,1419.0,1349.80386,201.32764,1349.80386,201.32764,74,91.0,4,vCTB2,0.236100284717987
W9_tile_47_cell_556,tile_W9_47,W9,9w_1d,9665.0,1435.5,1371.10086,203.67031,1371.10086,203.67031,173,246.0,8,Fibroblast1,0.883763722744512
W9_tile_47_cell_565,tile_W9_47,W9,9w_1d,10458.0,1297.0,1483.691,184.00608,1483.691,184.00608,153,356.0,5,vCTB2,0.419019561615093
W9_tile_47_cell_570,tile_W9_47,W9,9w_1d,10089.0,1498.5,1431.30038,212.61505,1431.30038,212.61505,72,94.0,4,EVT2,0.269692307710735
W9_tile_47_cell_585,tile_W9_47,W9,9w_1d,9868.0,1194.0,1399.9228,169.38214,1399.9228,169.38214,106,144.0,8,Fibroblast1,0.870166439734019
W9_tile_47_cell_592,tile_W9_47,W9,9w_1d,9942.0,1025.0,1410.42932,145.38752,1410.42932,145.38752,193,786.0,7,STB,0.410438130558839
W9_tile_47_cell_600,tile_W9_47,W9,9w_1d,9583.0,1209.0,1359.4585,171.51184,1359.4585,171.51184,154,260.0,3,Fibroblast2,0.835645823729467
W9_tile_47_cell_604,tile_W9_47,W9,9w_1d,10381.0,1122.0,1472.75854,159.15958,1472.75854,159.15958,42,111.0,2,vCTB2,0.492483591346621
W9_tile_47_cell_606,tile_W9_47,W9,9w_1d,10852.0,1275.0,1539.63112,180.88252,1539.63112,180.88252,133,536.0,7,STB,0.432742546201911
W9_tile_47_cell_617,tile_W9_47,W9,9w_1d,10693.0,1241.0,1517.0563,176.0552,1517.0563,176.0552,37,82.0,2,vCTB2,0.326287671766906
W9_tile_47_cell_621,tile_W9_47,W9,9w_1d,10178.0,1820.0,1443.9366,258.26162,1443.9366,258.26162,73,161.0,2,vCTB2,0.575084514032156
W9_tile_47_cell_655,tile_W9_47,W9,9w_1d,10569.0,1538.0,1499.45078,218.22326,1499.45078,218.22326,113,603.0,7,EVT2,0.286573091957442
W9_tile_47_cell_661,tile_W9_47,W9,9w_1d,10031.0,1036.0,1423.06554,146.9493,1423.06554,146.9493,82,307.0,2,vCTB2,0.302292314067607
W9_tile_47_cell_670,tile_W9_47,W9,9w_1d,9553.0,951.0,1355.1991,134.881,1355.1991,134.881,66,383.0,2,vCTB2,0.431635348828248
W9_tile_47_cell_676,tile_W9_47,W9,9w_1d,10028.5,1475.0,1422.71059,209.27852,1422.71059,209.27852,84,134.0,9,Hofbauer cells,0.647640979605998
W9_tile_47_cell_678,tile_W9_47,W9,9w_1d,9784.5,1213.0,1388.06747,172.07976,1388.06747,172.07976,160,278.0,12,Endothelial_cells,0.988901617334915
W9_tile_47_cell_719,tile_W9_47,W9,9w_1d,10657.0,1297.0,1511.94502,184.00608,1511.94502,184.00608,64,191.0,2,vCTB2,0.313851993552505
W9_tile_47_cell_721,tile_W9_47,W9,9w_1d,9832.0,1670.0,1394.81152,236.96462,1394.81152,236.96462,218,335.0,3,Fibroblast2,0.825654795086344
W9_tile_47_cell_722,tile_W9_47,W9,9w_1d,9739.0,1013.0,1381.60738,143.68376,1381.60738,143.68376,19,96.0,2,vCTB2,0.567332672050147
W9_tile_47_cell_730,tile_W9_47,W9,9w_1d,9668.0,1058.0,1371.5268,150.07286,1371.5268,150.07286,58,245.0,2,STB,0.357830956175329
W9_tile_47_cell_733,tile_W9_47,W9,9w_1d,10128.0,1202.0,1436.8375999999998,170.51798,1436.8375999999998,170.51798,76,130.0,8,Fibroblast1,0.366699407643708
W9_tile_47_cell_734,tile_W9_47,W9,9w_1d,10259.0,1205.0,1455.43698,170.94392,1455.43698,170.94392,50,83.0,11,vCTB2,0.523817647306226
W9_tile_47_cell_748,tile_W9_47,W9,9w_1d,10476.0,1672.0,1486.2466399999998,237.24858,1486.2466399999998,237.24858,71,310.0,2,vCTB2,0.484730519724021
W9_tile_47_cell_750,tile_W9_47,W9,9w_1d,9958.0,1699.0,1412.701,241.08204,1412.701,241.08204,122,207.0,8,Fibroblast1,0.467226459261745
W9_tile_47_cell_752,tile_W9_47,W9,9w_1d,9947.0,1493.0,1411.13922,211.83416,1411.13922,211.83416,139,193.0,3,Fibroblast2,0.692169207703841
W9_tile_47_cell_753,tile_W9_47,W9,9w_1d,10032.0,1526.0,1423.20752,216.5195,1423.20752,216.5195,104,150.0,8,Fibroblast1,0.792102516134054
W9_tile_47_cell_764,tile_W9_47,W9,9w_1d,10392.0,1744.0,1474.32032,247.47114,1474.32032,247.47114,82,417.0,2,vCTB2,0.348736268347408
W9_tile_47_cell_768,tile_W9_47,W9,9w_1d,10239.0,1806.0,1452.59738,256.2739,1452.59738,256.2739,119,337.0,7,STB,0.34040365781803
W9_tile_47_cell_776,tile_W9_47,W9,9w_1d,10135.0,1138.0,1437.83146,161.43125999999998,1437.83146,161.43125999999998,110,171.0,0,vCTB2,0.658302448751297
W9_tile_47_cell_777,tile_W9_47,W9,9w_1d,10492.0,1351.0,1488.51832,191.673,1488.51832,191.673,64,132.0,0,vCTB2,0.398796634599382
W9_tile_47_cell_790,tile_W9_47,W9,9w_1d,10676.0,1377.0,1514.64264,195.36448,1514.64264,195.36448,165,788.0,7,STB,0.520768553700967
W9_tile_47_cell_803,tile_W9_47,W9,9w_1d,9525.0,981.0,1351.22366,139.1404,1351.22366,139.1404,86,343.0,7,unknown3,0.240391232717899
W9_tile_47_cell_812,tile_W9_47,W9,9w_1d,9325.0,1031.0,1322.82766,146.2394,1322.82766,146.2394,174,372.0,10,STB,0.584384881998372
W9_tile_47_cell_813,tile_W9_47,W9,9w_1d,9574.0,1045.0,1358.18068,148.22712,1358.18068,148.22712,77,428.0,2,vCTB2,0.392475332454915
W9_tile_47_cell_814,tile_W9_47,W9,9w_1d,9407.5,1018.5,1334.54101,144.46465,1334.54101,144.46465,126,336.0,7,STB,0.273610364597603
W9_tile_47_cell_838,tile_W9_47,W9,9w_1d,9696.0,1067.0,1375.50224,151.35067999999998,1375.50224,151.35067999999998,137,576.0,7,STB,0.533762292967135
W9_tile_47_cell_839,tile_W9_47,W9,9w_1d,10469.0,1390.0,1485.25278,197.21022,1485.25278,197.21022,55,117.0,2,vCTB2,0.591052019166932
W9_tile_47_cell_842,tile_W9_47,W9,9w_1d,10608.0,1177.0,1504.988,166.96848,1504.988,166.96848,51,185.0,2,EVT2,0.391452032167203
W9_tile_47_cell_853,tile_W9_47,W9,9w_1d,10556.0,1202.0,1497.60504,170.51798,1497.60504,170.51798,111,287.0,7,STB,0.544270057786975
W9_tile_47_cell_855,tile_W9_47,W9,9w_1d,9465.0,1246.5,1342.70486,176.83608999999998,1342.70486,176.83608999999998,155,232.0,8,Fibroblast1,0.898002577994267
W9_tile_47_cell_866,tile_W9_47,W9,9w_1d,10062.0,1110.5,1427.4669199999998,157.52680999999998,1427.4669199999998,157.52680999999998,61,104.0,0,vCTB2,0.656159020454063
W9_tile_47_cell_871,tile_W9_47,W9,9w_1d,10607.0,1103.0,1504.84602,156.46196,1504.84602,156.46196,30,91.0,2,vCTB2,0.463739377787625
W9_tile_47_cell_884,tile_W9_47,W9,9w_1d,9742.0,1117.0,1382.03332,158.44968,1382.03332,158.44968,94,165.0,0,vCTB2,0.550192656508764
W9_tile_47_cell_888,tile_W9_47,W9,9w_1d,9442.0,1089.0,1339.43932,154.47424,1339.43932,154.47424,131,275.0,7,vCTB2,0.325053891716583
W9_tile_47_cell_89,tile_W9_47,W9,9w_1d,9851.0,1039.0,1397.50914,147.37524,1397.50914,147.37524,202,726.0,7,EVT3,0.473291615317882
W9_tile_47_cell_894,tile_W9_47,W9,9w_1d,10500.0,1618.0,1489.65416,229.58166,1489.65416,229.58166,56,223.0,2,vCTB2,0.507023840751769
W9_tile_47_cell_912,tile_W9_47,W9,9w_1d,10446.0,1566.0,1481.98724,222.1987,1481.98724,222.1987,88,160.0,0,vCTB2,0.621338328130839
W9_tile_47_cell_926,tile_W9_47,W9,9w_1d,11044.5,1298.0,1566.96227,184.14806,1566.96227,184.14806,76,150.0,2,vCTB2,0.306980536776307
W9_tile_47_cell_933,tile_W9_47,W9,9w_1d,10692.0,1178.0,1516.91432,167.11046,1516.91432,167.11046,102,369.0,7,EVT2,0.333131823935022
W9_tile_47_cell_935,tile_W9_47,W9,9w_1d,10335.5,1683.5,1466.29845,238.88135,1466.29845,238.88135,51,92.0,2,vCTB2,0.524835472075275
W9_tile_47_cell_949,tile_W9_47,W9,9w_1d,10546.0,1400.0,1496.18524,198.63002,1496.18524,198.63002,162,711.0,7,STB,0.624175780530842
W9_tile_47_cell_95,tile_W9_47,W9,9w_1d,10207.0,1566.0,1448.05402,222.1987,1448.05402,222.1987,117,155.0,3,Fibroblast2,0.702743026974045
W9_tile_47_cell_960,tile_W9_47,W9,9w_1d,10324.0,1144.0,1464.6656799999998,162.28314,1464.6656799999998,162.28314,82,259.0,2,vCTB2,0.253144801299148
W9_tile_47_cell_990,tile_W9_47,W9,9w_1d,10735.5,1228.5,1523.09045,174.28045,1523.09045,174.28045,53,224.0,2,vCTB2,0.450966089189499
W9_tile_47_cell_996,tile_W9_47,W9,9w_1d,10399.0,1673.0,1475.31418,237.39056,1475.31418,237.39056,243,806.0,10,STB,0.293297069191433
W9_tile_4_cell_102,tile_W9_4,W9,9w_1d,4837.0,13594.0,685.62142,1929.93414,685.62142,1929.93414,80,99.0,0,vCTB2,0.536075798913072
W9_tile_4_cell_13,tile_W9_4,W9,9w_1d,4682.0,13214.0,663.61452,1875.98174,663.61452,1875.98174,88,147.0,4,Hofbauer cells,0.451143854513904
W9_tile_4_cell_134,tile_W9_4,W9,9w_1d,3756.0,14288.0,532.14104,2028.46826,532.14104,2028.46826,174,311.0,5,vCTB2,0.268163687443749
W9_tile_4_cell_137,tile_W9_4,W9,9w_1d,4454.0,14680.0,631.24308,2084.12442,631.24308,2084.12442,98,151.0,0,vCTB2,0.683506047555737
W9_tile_4_cell_146,tile_W9_4,W9,9w_1d,3986.0,14458.0,564.79644,2052.60486,564.79644,2052.60486,85,123.0,12,Fibroblast1,0.273121577724662
W9_tile_4_cell_156,tile_W9_4,W9,9w_1d,4300.5,14377.5,609.44915,2041.17547,609.44915,2041.17547,161,314.0,8,Fibroblast1,0.838702444816134
W9_tile_4_cell_166,tile_W9_4,W9,9w_1d,3969.0,13458.0,562.38278,1910.62486,562.38278,1910.62486,126,217.0,9,Hofbauer cells,0.714332019646204
W9_tile_4_cell_219,tile_W9_4,W9,9w_1d,3845.0,13171.5,544.77726,1869.94759,544.77726,1869.94759,87,132.0,0,vCTB2,0.738071572339568
W9_tile_4_cell_22,tile_W9_4,W9,9w_1d,4533.0,14300.5,642.4594999999999,2030.24301,642.4594999999999,2030.24301,181,312.0,3,Fibroblast2,0.99372869060426
W9_tile_4_cell_225,tile_W9_4,W9,9w_1d,4245.0,14421.0,601.56926,2047.3516,601.56926,2047.3516,81,107.0,4,Fibroblast1,0.460303994348573
W9_tile_4_cell_231,tile_W9_4,W9,9w_1d,4268.0,14476.0,604.8348,2055.1605,604.8348,2055.1605,116,163.0,8,Fibroblast1,0.407297424360986
W9_tile_4_cell_237,tile_W9_4,W9,9w_1d,3842.0,13057.0,544.35132,1853.69088,544.35132,1853.69088,217,314.0,3,Fibroblast2,0.92103002551992
W9_tile_4_cell_238,tile_W9_4,W9,9w_1d,4649.0,14275.5,658.92918,2026.69351,658.92918,2026.69351,82,114.0,0,vCTB2,0.656639039665387
W9_tile_4_cell_255,tile_W9_4,W9,9w_1d,4772.0,13249.0,676.3927199999999,1880.95104,676.3927199999999,1880.95104,113,157.0,4,Fibroblast2,0.632820849145331
W9_tile_4_cell_259,tile_W9_4,W9,9w_1d,4883.5,13222.0,692.22349,1877.11758,692.22349,1877.11758,133,202.0,3,Fibroblast2,0.908057102065185
W9_tile_4_cell_264,tile_W9_4,W9,9w_1d,4673.5,13897.0,662.40769,1972.95408,662.40769,1972.95408,128,238.0,5,vCTB2,0.543608354359433
W9_tile_4_cell_27,tile_W9_4,W9,9w_1d,4103.0,13443.0,581.4081,1908.49516,581.4081,1908.49516,272,588.0,3,Fibroblast2,0.953740400679198
W9_tile_4_cell_281,tile_W9_4,W9,9w_1d,4451.0,14350.0,630.81714,2037.27102,630.81714,2037.27102,65,106.0,4,EVT2,0.316972016223646
W9_tile_4_cell_288,tile_W9_4,W9,9w_1d,4895.0,13620.0,693.85626,1933.62562,693.85626,1933.62562,143,243.0,5,vCTB2,0.523407766848807
W9_tile_4_cell_292,tile_W9_4,W9,9w_1d,4751.5,13751.0,673.48213,1952.225,673.48213,1952.225,58,80.0,0,vCTB2,0.619527091687984
W9_tile_4_cell_308,tile_W9_4,W9,9w_1d,4678.0,13340.0,663.0466,1893.87122,663.0466,1893.87122,61,82.0,4,Fibroblast2,0.259805092459156
W9_tile_4_cell_311,tile_W9_4,W9,9w_1d,4869.0,13307.0,690.16478,1889.18588,690.16478,1889.18588,178,318.0,8,Fibroblast1,0.821482283426018
W9_tile_4_cell_316,tile_W9_4,W9,9w_1d,4777.0,13091.0,677.10262,1858.5182,677.10262,1858.5182,63,97.0,9,Hofbauer cells,0.237543565195608
W9_tile_4_cell_319,tile_W9_4,W9,9w_1d,4958.0,13224.0,702.8009999999999,1877.40154,702.8009999999999,1877.40154,292,588.0,3,Fibroblast2,0.697851144173645
W9_tile_4_cell_321,tile_W9_4,W9,9w_1d,4221.0,14529.0,598.16174,2062.68544,598.16174,2062.68544,139,214.0,4,Fibroblast2,0.578744799995513
W9_tile_4_cell_322,tile_W9_4,W9,9w_1d,4406.0,12920.0,624.42804,1834.23962,624.42804,1834.23962,63,97.0,4,Fibroblast2,0.488288243532363
W9_tile_4_cell_343,tile_W9_4,W9,9w_1d,4129.0,13879.0,585.09958,1970.39844,585.09958,1970.39844,100,178.0,8,Fibroblast1,0.501315805224853
W9_tile_4_cell_346,tile_W9_4,W9,9w_1d,5058.0,13183.0,716.999,1871.58036,716.999,1871.58036,118,163.0,0,vCTB2,0.482565884850614
W9_tile_4_cell_349,tile_W9_4,W9,9w_1d,4048.0,14488.0,573.5992,2056.86426,573.5992,2056.86426,124,181.0,4,Fibroblast2,0.522096240066688
W9_tile_4_cell_362,tile_W9_4,W9,9w_1d,5023.0,13110.5,712.0296999999999,1861.28681,712.0296999999999,1861.28681,57,80.0,0,vCTB2,0.725915040334996
W9_tile_4_cell_372,tile_W9_4,W9,9w_1d,4127.0,14264.0,584.81562,2025.06074,584.81562,2025.06074,204,350.0,3,Fibroblast2,0.803918117556151
W9_tile_4_cell_373,tile_W9_4,W9,9w_1d,4054.0,14614.0,574.4510799999999,2074.75374,574.4510799999999,2074.75374,253,462.0,3,Fibroblast2,0.762670354142378
W9_tile_4_cell_378,tile_W9_4,W9,9w_1d,3966.0,13855.0,561.9568399999999,1966.99092,561.9568399999999,1966.99092,73,119.0,0,vCTB2,0.749748754545136
W9_tile_4_cell_381,tile_W9_4,W9,9w_1d,4429.0,12980.0,627.69358,1842.75842,627.69358,1842.75842,155,253.0,9,Hofbauer cells,0.683970503475948
W9_tile_4_cell_385,tile_W9_4,W9,9w_1d,4941.0,13506.5,700.38734,1917.51089,700.38734,1917.51089,124,204.0,8,Fibroblast1,0.703556947957405
W9_tile_4_cell_387,tile_W9_4,W9,9w_1d,4922.0,13347.0,697.68972,1894.86508,697.68972,1894.86508,138,204.0,8,Fibroblast1,0.905255445047468
W9_tile_4_cell_393,tile_W9_4,W9,9w_1d,4143.5,13746.0,587.15829,1951.5151,587.15829,1951.5151,266,456.0,8,Fibroblast1,0.364754604945362
W9_tile_4_cell_395,tile_W9_4,W9,9w_1d,4848.0,13501.5,687.1831999999999,1916.80099,687.1831999999999,1916.80099,105,166.0,8,Fibroblast1,0.498228151102038
W9_tile_4_cell_417,tile_W9_4,W9,9w_1d,3929.0,14315.0,556.70358,2032.30172,556.70358,2032.30172,130,187.0,8,Fibroblast1,0.579842782540709
W9_tile_4_cell_421,tile_W9_4,W9,9w_1d,4034.0,14537.0,571.61148,2063.82128,571.61148,2063.82128,122,171.0,4,Fibroblast2,0.833187282569507
W9_tile_4_cell_43,tile_W9_4,W9,9w_1d,4744.5,13621.5,672.4882699999999,1933.83859,672.4882699999999,1933.83859,250,432.0,3,Fibroblast2,0.876693777705751
W9_tile_4_cell_437,tile_W9_4,W9,9w_1d,5104.0,13288.0,723.53008,1886.48826,723.53008,1886.48826,156,237.0,5,STB,0.436747169043398
W9_tile_4_cell_438,tile_W9_4,W9,9w_1d,4425.0,14732.0,627.1256599999999,2091.50738,627.1256599999999,2091.50738,92,129.0,0,vCTB2,0.506207931653755
W9_tile_4_cell_439,tile_W9_4,W9,9w_1d,4804.0,13156.0,680.93608,1867.7469,680.93608,1867.7469,88,136.0,4,Fibroblast2,0.438672403809755
W9_tile_4_cell_443,tile_W9_4,W9,9w_1d,4823.5,13342.0,683.70469,1894.15518,683.70469,1894.15518,160,244.0,8,Fibroblast2,0.720743177801279
W9_tile_4_cell_446,tile_W9_4,W9,9w_1d,4159.5,14573.0,589.42997,2068.93256,589.42997,2068.93256,119,194.0,4,Fibroblast2,0.622534606101086
W9_tile_4_cell_452,tile_W9_4,W9,9w_1d,4444.0,14433.0,629.82328,2049.05536,629.82328,2049.05536,108,205.0,12,Endothelial_cells,0.383145108876284
W9_tile_4_cell_467,tile_W9_4,W9,9w_1d,4741.0,13043.0,671.9913399999999,1851.70316,671.9913399999999,1851.70316,139,226.0,3,Fibroblast2,0.607025197573211
W9_tile_4_cell_473,tile_W9_4,W9,9w_1d,3963.0,12969.5,561.5309,1841.26763,561.5309,1841.26763,270,472.0,3,Fibroblast2,0.883162092546363
W9_tile_4_cell_480,tile_W9_4,W9,9w_1d,4985.0,13428.0,706.63446,1906.36546,706.63446,1906.36546,71,93.0,8,Fibroblast1,0.311768193928375
W9_tile_4_cell_481,tile_W9_4,W9,9w_1d,4382.0,14376.5,621.02052,2041.03349,621.02052,2041.03349,75,112.0,12,Fibroblast1,0.351589280916855
W9_tile_4_cell_483,tile_W9_4,W9,9w_1d,4568.0,14215.0,647.4288,2018.10372,647.4288,2018.10372,123,217.0,9,Hofbauer cells,0.54658454286091
W9_tile_4_cell_485,tile_W9_4,W9,9w_1d,4392.5,14681.0,622.51131,2084.2664,622.51131,2084.2664,107,142.0,0,vCTB2,0.361293344260362
W9_tile_4_cell_489,tile_W9_4,W9,9w_1d,4597.0,14385.0,651.54622,2042.24032,651.54622,2042.24032,226,462.0,5,unknown3,0.314765449184031
W9_tile_4_cell_494,tile_W9_4,W9,9w_1d,4999.0,12931.0,708.62218,1835.8014,708.62218,1835.8014,126,172.0,5,vCTB2,0.431513793636094
W9_tile_4_cell_502,tile_W9_4,W9,9w_1d,4041.0,14203.0,572.60534,2016.39996,572.60534,2016.39996,209,360.0,8,Fibroblast1,0.770007356588719
W9_tile_4_cell_518,tile_W9_4,W9,9w_1d,4423.0,13509.0,626.8417,1917.86584,626.8417,1917.86584,226,477.0,9,Hofbauer cells,0.623267039167911
W9_tile_4_cell_522,tile_W9_4,W9,9w_1d,4077.0,13686.5,577.71662,1943.06729,577.71662,1943.06729,136,190.0,8,Fibroblast1,0.481306804909516
W9_tile_4_cell_523,tile_W9_4,W9,9w_1d,4232.0,13777.0,599.72352,1955.91648,599.72352,1955.91648,203,348.0,3,Fibroblast2,0.945688995669445
W9_tile_4_cell_528,tile_W9_4,W9,9w_1d,4462.0,14310.0,632.37892,2031.59182,632.37892,2031.59182,63,99.0,12,vCTB2,0.410670325469568
W9_tile_4_cell_529,tile_W9_4,W9,9w_1d,4471.0,14585.0,633.65674,2070.63632,633.65674,2070.63632,165,289.0,5,vCTB2,0.335385470924275
W9_tile_4_cell_532,tile_W9_4,W9,9w_1d,4481.0,13172.0,635.07654,1870.01858,635.07654,1870.01858,177,329.0,9,Hofbauer cells,0.641986055909003
W9_tile_4_cell_533,tile_W9_4,W9,9w_1d,4332.0,14439.0,613.92152,2049.90724,613.92152,2049.90724,71,125.0,8,vCTB2,0.397723374055638
W9_tile_4_cell_54,tile_W9_4,W9,9w_1d,4887.0,13035.0,692.72042,1850.56732,692.72042,1850.56732,243,445.0,9,Hofbauer cells,0.51361985173128
W9_tile_4_cell_566,tile_W9_4,W9,9w_1d,4277.0,14181.0,606.11262,2013.2764,606.11262,2013.2764,251,533.0,3,Fibroblast2,0.927385854675714
W9_tile_4_cell_567,tile_W9_4,W9,9w_1d,4747.0,13319.0,672.84322,1890.88964,672.84322,1890.88964,128,195.0,3,Fibroblast2,0.850495540659234
W9_tile_4_cell_570,tile_W9_4,W9,9w_1d,3848.0,14290.0,545.2031999999999,2028.75222,545.2031999999999,2028.75222,126,168.0,0,Fibroblast2,0.34118657929268
W9_tile_4_cell_580,tile_W9_4,W9,9w_1d,4208.0,13318.0,596.316,1890.74766,596.316,1890.74766,281,490.0,3,Fibroblast2,0.90920884850039
W9_tile_4_cell_582,tile_W9_4,W9,9w_1d,3876.0,13424.0,549.17864,1905.79754,549.17864,1905.79754,59,93.0,0,vCTB2,0.687387380080887
W9_tile_4_cell_583,tile_W9_4,W9,9w_1d,3745.0,12936.0,530.57926,1836.5113,530.57926,1836.5113,175,263.0,5,STB,0.436735253485961
W9_tile_4_cell_598,tile_W9_4,W9,9w_1d,4994.0,13575.0,707.91228,1927.23652,707.91228,1927.23652,109,156.0,5,vCTB2,0.549226531911549
W9_tile_4_cell_6,tile_W9_4,W9,9w_1d,4015.0,13740.0,568.91386,1950.66322,568.91386,1950.66322,102,169.0,0,vCTB2,0.598096704462365
W9_tile_4_cell_615,tile_W9_4,W9,9w_1d,3952.0,14225.0,559.96912,2019.52352,559.96912,2019.52352,80,132.0,8,Fibroblast1,0.468972371192592
W9_tile_4_cell_622,tile_W9_4,W9,9w_1d,3943.0,14391.0,558.6913,2043.0922,558.6913,2043.0922,100,133.0,8,Fibroblast1,0.599942949486681
W9_tile_4_cell_63,tile_W9_4,W9,9w_1d,4808.0,13686.0,681.504,1942.9963,681.504,1942.9963,80,126.0,0,vCTB2,0.63755006454304
W9_tile_4_cell_652,tile_W9_4,W9,9w_1d,4799.0,12988.0,680.22618,1843.89426,680.22618,1843.89426,117,197.0,4,Fibroblast2,0.405574401989597
W9_tile_4_cell_660,tile_W9_4,W9,9w_1d,3716.0,14394.0,526.4618399999999,2043.51814,526.4618399999999,2043.51814,239,447.0,5,Fibroblast1,0.673367468084229
W9_tile_4_cell_664,tile_W9_4,W9,9w_1d,4979.0,13032.0,705.7825799999999,1850.14138,705.7825799999999,1850.14138,144,237.0,5,vCTB2,0.375878155297773
W9_tile_4_cell_675,tile_W9_4,W9,9w_1d,4094.0,14324.0,580.13028,2033.57954,580.13028,2033.57954,204,323.0,3,Fibroblast2,0.825624974379477
W9_tile_4_cell_691,tile_W9_4,W9,9w_1d,3876.0,14698.0,549.17864,2086.68006,549.17864,2086.68006,271,499.0,12,Endothelial_cells,0.890163070660108
W9_tile_4_cell_694,tile_W9_4,W9,9w_1d,4210.0,14644.5,596.59996,2079.08413,596.59996,2079.08413,313,634.0,3,Fibroblast2,0.594943318796882
W9_tile_4_cell_697,tile_W9_4,W9,9w_1d,4397.0,14604.0,623.15022,2073.33394,623.15022,2073.33394,163,243.0,12,Endothelial_cells,0.781905314596426
W9_tile_4_cell_698,tile_W9_4,W9,9w_1d,3717.0,14560.0,526.6038199999999,2067.08682,526.6038199999999,2067.08682,160,265.0,8,Fibroblast1,0.686980666192692
W9_tile_4_cell_701,tile_W9_4,W9,9w_1d,4534.0,14531.0,642.6014799999999,2062.9694,642.6014799999999,2062.9694,122,211.0,0,vCTB2,0.518738684666178
W9_tile_4_cell_703,tile_W9_4,W9,9w_1d,3915.0,14530.0,554.71586,2062.82742,554.71586,2062.82742,243,493.0,8,Fibroblast1,0.673991742543313
W9_tile_4_cell_705,tile_W9_4,W9,9w_1d,3819.0,14554.5,541.08578,2066.30593,541.08578,2066.30593,120,188.0,8,Fibroblast1,0.857606098299777
W9_tile_4_cell_708,tile_W9_4,W9,9w_1d,4395.0,14497.0,622.86626,2058.14208,622.86626,2058.14208,49,81.0,11,vCTB2,0.442721142331026
W9_tile_4_cell_710,tile_W9_4,W9,9w_1d,4125.0,14431.5,584.53166,2048.84239,584.53166,2048.84239,212,450.0,3,Fibroblast2,0.740170833392136
W9_tile_4_cell_716,tile_W9_4,W9,9w_1d,4003.0,14331.0,567.2101,2034.5734,567.2101,2034.5734,206,347.0,8,Fibroblast1,0.496404759654176
W9_tile_4_cell_719,tile_W9_4,W9,9w_1d,4283.0,14258.0,606.9644999999999,2024.20886,606.9644999999999,2024.20886,174,350.0,3,Fibroblast2,0.958619887512684
W9_tile_4_cell_724,tile_W9_4,W9,9w_1d,3798.0,14215.0,538.1042,2018.10372,538.1042,2018.10372,121,167.0,5,vCTB2,0.534800280751236
W9_tile_4_cell_727,tile_W9_4,W9,9w_1d,4330.5,14150.0,613.70855,2008.87502,613.70855,2008.87502,115,170.0,4,Fibroblast2,0.733855451758024
W9_tile_4_cell_729,tile_W9_4,W9,9w_1d,4657.0,14189.0,660.06502,2014.41224,660.06502,2014.41224,191,358.0,5,Hofbauer cells,0.813549740219212
W9_tile_4_cell_731,tile_W9_4,W9,9w_1d,3912.0,14164.0,554.2899199999999,2010.86274,554.2899199999999,2010.86274,209,339.0,8,Fibroblast1,0.50004662460766
W9_tile_4_cell_735,tile_W9_4,W9,9w_1d,4499.0,14143.0,637.63218,2007.88116,637.63218,2007.88116,151,262.0,3,Fibroblast2,0.827160510251081
W9_tile_4_cell_736,tile_W9_4,W9,9w_1d,3866.0,14100.0,547.75884,2001.77602,547.75884,2001.77602,209,414.0,5,vCTBp,0.279451470416647
W9_tile_4_cell_739,tile_W9_4,W9,9w_1d,4674.5,14064.0,662.54967,1996.66474,662.54967,1996.66474,85,154.0,0,vCTB2,0.715558982872767
W9_tile_4_cell_743,tile_W9_4,W9,9w_1d,3967.0,14042.5,562.0988199999999,1993.61217,562.0988199999999,1993.61217,141,198.0,8,Fibroblast1,0.528490058961425
W9_tile_4_cell_745,tile_W9_4,W9,9w_1d,4057.0,14024.0,574.87702,1990.98554,574.87702,1990.98554,138,229.0,8,Fibroblast1,0.908663639069005
W9_tile_4_cell_746,tile_W9_4,W9,9w_1d,3908.0,14011.0,553.722,1989.1398,553.722,1989.1398,106,171.0,0,vCTB2,0.644644773110624
W9_tile_4_cell_747,tile_W9_4,W9,9w_1d,4688.0,13971.0,664.4664,1983.4606,664.4664,1983.4606,132,212.0,5,vCTB2,0.561096701862527
W9_tile_4_cell_749,tile_W9_4,W9,9w_1d,4118.0,14006.0,583.5378,1988.4299,583.5378,1988.4299,262,480.0,8,Endothelial_cells,0.574898290825368
W9_tile_4_cell_751,tile_W9_4,W9,9w_1d,3933.0,13936.0,557.2715,1978.4913,557.2715,1978.4913,121,165.0,0,vCTB2,0.47871829738094
W9_tile_4_cell_752,tile_W9_4,W9,9w_1d,3992.0,13928.0,565.64832,1977.35546,565.64832,1977.35546,124,185.0,0,vCTB2,0.578990889122629
W9_tile_4_cell_756,tile_W9_4,W9,9w_1d,4021.0,13858.0,569.7657399999999,1967.41686,569.7657399999999,1967.41686,142,226.0,0,Endothelial_cells,0.751689996235147
W9_tile_4_cell_757,tile_W9_4,W9,9w_1d,4677.0,13814.0,662.90462,1961.16974,662.90462,1961.16974,227,469.0,5,vCTBp,0.384981302700718
W9_tile_4_cell_758,tile_W9_4,W9,9w_1d,4150.0,13836.0,588.08116,1964.2933,588.08116,1964.2933,176,300.0,8,Fibroblast1,0.790256126477824
W9_tile_4_cell_766,tile_W9_4,W9,9w_1d,3952.0,13766.5,559.96912,1954.42569,559.96912,1954.42569,117,182.0,5,vCTB2,0.624609023701791
W9_tile_4_cell_771,tile_W9_4,W9,9w_1d,3943.0,13682.0,558.6913,1942.42838,558.6913,1942.42838,247,478.0,5,unknown3,0.405030424636101
W9_tile_4_cell_774,tile_W9_4,W9,9w_1d,4597.0,13643.0,651.54622,1936.89116,651.54622,1936.89116,93,131.0,4,Fibroblast2,0.62149763217338
W9_tile_4_cell_776,tile_W9_4,W9,9w_1d,3907.0,13616.0,553.58002,1933.0577,553.58002,1933.0577,127,163.0,0,vCTB2,0.318401079079225
W9_tile_4_cell_781,tile_W9_4,W9,9w_1d,3844.0,13591.0,544.63528,1929.5082,544.63528,1929.5082,250,536.0,5,unknown3,0.351085322942847
W9_tile_4_cell_787,tile_W9_4,W9,9w_1d,3869.0,13500.0,548.1847799999999,1916.58802,548.1847799999999,1916.58802,135,263.0,5,vCTB2,0.503340388590889
W9_tile_4_cell_793,tile_W9_4,W9,9w_1d,4021.0,13360.0,569.7657399999999,1896.71082,569.7657399999999,1896.71082,201,377.0,3,Fibroblast2,0.92378583853621
W9_tile_4_cell_795,tile_W9_4,W9,9w_1d,3834.5,13444.5,543.28647,1908.70813,543.28647,1908.70813,164,294.0,5,unknown3,0.315136292532531
W9_tile_4_cell_803,tile_W9_4,W9,9w_1d,3857.5,13319.0,546.55201,1890.88964,546.55201,1890.88964,88,120.0,0,vCTB2,0.669686428884735
W9_tile_4_cell_807,tile_W9_4,W9,9w_1d,4497.0,13250.0,637.34822,1881.09302,637.34822,1881.09302,114,216.0,4,Fibroblast2,0.863397306259049
W9_tile_4_cell_808,tile_W9_4,W9,9w_1d,3953.0,13272.0,560.1111,1884.21658,560.1111,1884.21658,430,954.0,9,Hofbauer cells,0.470655949623212
W9_tile_4_cell_811,tile_W9_4,W9,9w_1d,4435.0,13227.0,628.5454599999999,1877.82748,628.5454599999999,1877.82748,82,133.0,4,Fibroblast2,0.493664184234464
W9_tile_4_cell_818,tile_W9_4,W9,9w_1d,3831.0,13131.0,542.78954,1864.1974,542.78954,1864.1974,71,98.0,0,vCTB2,0.615440778790323
W9_tile_4_cell_819,tile_W9_4,W9,9w_1d,3940.0,13094.0,558.26536,1858.94414,558.26536,1858.94414,241,451.0,3,Fibroblast2,0.847623012596695
W9_tile_4_cell_820,tile_W9_4,W9,9w_1d,4342.0,13118.0,615.34132,1862.35166,615.34132,1862.35166,210,342.0,3,Fibroblast2,0.929113160363741
W9_tile_4_cell_821,tile_W9_4,W9,9w_1d,4275.0,13120.0,605.82866,1862.63562,605.82866,1862.63562,130,200.0,4,Fibroblast2,0.879634881264131
W9_tile_4_cell_822,tile_W9_4,W9,9w_1d,3757.0,13096.0,532.28302,1859.2281,532.28302,1859.2281,74,90.0,11,vCTB2,0.483160782328403
W9_tile_4_cell_823,tile_W9_4,W9,9w_1d,4335.5,13061.0,614.41845,1854.2588,614.41845,1854.2588,243,476.0,3,Fibroblast2,0.887854126268619
W9_tile_5_cell_108,tile_W9_5,W9,9w_1d,3092.0,13145.5,437.86632,1866.25611,437.86632,1866.25611,132,200.0,5,vCTB2,0.468370068284943
W9_tile_5_cell_13,tile_W9_5,W9,9w_1d,3607.0,14654.0,510.98602,2080.43294,510.98602,2080.43294,99,127.0,0,vCTB2,0.348778332343692
W9_tile_5_cell_15,tile_W9_5,W9,9w_1d,2930.5,13204.0,414.93655,1874.56194,414.93655,1874.56194,83,114.0,0,vCTB2,0.673287635755419
W9_tile_5_cell_183,tile_W9_5,W9,9w_1d,3269.0,13053.0,462.99678,1853.12296,462.99678,1853.12296,91,179.0,10,vCTB2,0.400701212941358
W9_tile_5_cell_193,tile_W9_5,W9,9w_1d,2767.0,12952.0,391.72282,1838.78298,391.72282,1838.78298,92,114.0,4,Fibroblast2,0.416204322085386
W9_tile_5_cell_216,tile_W9_5,W9,9w_1d,2772.0,13104.0,392.43272,1860.36394,392.43272,1860.36394,219,374.0,5,STB,0.56789306427617
W9_tile_5_cell_283,tile_W9_5,W9,9w_1d,2878.0,13119.0,407.4826,1862.49364,407.4826,1862.49364,110,147.0,8,Fibroblast1,0.676067763274628
W9_tile_5_cell_33,tile_W9_5,W9,9w_1d,3079.0,12924.0,436.02058,1834.80754,436.02058,1834.80754,108,150.0,3,Fibroblast2,0.780524129867169
W9_tile_5_cell_349,tile_W9_5,W9,9w_1d,2832.0,13188.0,400.95152,1872.29026,400.95152,1872.29026,127,185.0,0,Hofbauer cells,0.331028626835639
W9_tile_5_cell_377,tile_W9_5,W9,9w_1d,2780.0,13023.0,393.56856,1848.86356,393.56856,1848.86356,94,126.0,0,vCTB2,0.33277935726036
W9_tile_5_cell_43,tile_W9_5,W9,9w_1d,2885.0,13208.0,408.47646,1875.12986,408.47646,1875.12986,110,185.0,5,vCTB2,0.567669269220208
W9_tile_5_cell_473,tile_W9_5,W9,9w_1d,2728.0,12966.0,386.1856,1840.7707,386.1856,1840.7707,114,164.0,0,vCTB2,0.542390302627682
W9_tile_5_cell_533,tile_W9_5,W9,9w_1d,3189.0,12924.5,451.63838,1834.87853,451.63838,1834.87853,74,94.0,8,Fibroblast1,0.464636061850201
W9_tile_5_cell_549,tile_W9_5,W9,9w_1d,2800.0,12957.0,396.40816,1839.49288,396.40816,1839.49288,88,112.0,4,Fibroblast2,0.265214381090659
W9_tile_5_cell_60,tile_W9_5,W9,9w_1d,2880.0,12974.0,407.76656,1841.90654,407.76656,1841.90654,113,167.0,3,Fibroblast2,0.648095321017395
W9_tile_5_cell_601,tile_W9_5,W9,9w_1d,2797.5,13159.5,396.05321,1868.24383,396.05321,1868.24383,110,140.0,0,vCTB2,0.290557087354675
W9_tile_5_cell_79,tile_W9_5,W9,9w_1d,3010.0,13182.0,426.22396,1871.43838,426.22396,1871.43838,60,84.0,0,vCTB2,0.718243034444311
W9_tile_6_cell_11,tile_W9_6,W9,9w_1d,2596.0,12116.0,367.44424,1720.0877,367.44424,1720.0877,69,91.0,0,vCTB2,0.52000193124366
W9_tile_6_cell_114,tile_W9_6,W9,9w_1d,2465.0,11558.0,348.84486,1640.86286,348.84486,1640.86286,87,118.0,4,Fibroblast2,0.658088809903058
W9_tile_6_cell_118,tile_W9_6,W9,9w_1d,2789.0,12145.0,394.84638,1724.20512,394.84638,1724.20512,75,123.0,4,vCTB2,0.241714253513126
W9_tile_6_cell_123,tile_W9_6,W9,9w_1d,2609.5,11297.0,369.36097,1603.8060799999998,369.36097,1603.8060799999998,129,186.0,12,Fibroblast1,0.311242672001908
W9_tile_6_cell_131,tile_W9_6,W9,9w_1d,2704.0,11349.0,382.77808,1611.18904,382.77808,1611.18904,126,185.0,3,Fibroblast2,0.651007378160223
W9_tile_6_cell_144,tile_W9_6,W9,9w_1d,3154.0,12154.0,446.66908,1725.48294,446.66908,1725.48294,92,138.0,9,Hofbauer cells,0.336580158501419
W9_tile_6_cell_151,tile_W9_6,W9,9w_1d,2781.0,12374.0,393.71054,1756.7185399999998,393.71054,1756.7185399999998,116,178.0,8,Fibroblast1,0.797456822469402
W9_tile_6_cell_160,tile_W9_6,W9,9w_1d,3214.5,12687.0,455.25887,1801.15828,455.25887,1801.15828,170,264.0,3,Fibroblast2,0.934207876551723
W9_tile_6_cell_161,tile_W9_6,W9,9w_1d,2642.0,12529.0,373.97532,1778.72544,373.97532,1778.72544,317,703.0,5,unknown3,0.440862225580379
W9_tile_6_cell_166,tile_W9_6,W9,9w_1d,3497.0,11671.0,495.36822,1656.9066,495.36822,1656.9066,124,219.0,3,Hofbauer cells,0.63116167955143
W9_tile_6_cell_167,tile_W9_6,W9,9w_1d,2638.5,11369.0,373.47839,1614.02864,373.47839,1614.02864,123,160.0,4,Fibroblast2,0.47101668220827
W9_tile_6_cell_170,tile_W9_6,W9,9w_1d,1882.0,11467.5,266.07052,1628.01367,266.07052,1628.01367,161,224.0,5,STB,0.375459986052201
W9_tile_6_cell_172,tile_W9_6,W9,9w_1d,2689.0,12192.0,380.64838,1730.87818,380.64838,1730.87818,252,513.0,8,maternal macrophages ,0.531137831843297
W9_tile_6_cell_177,tile_W9_6,W9,9w_1d,2381.0,11300.0,336.91854,1604.23202,336.91854,1604.23202,163,280.0,5,unknown3,0.333462788226204
W9_tile_6_cell_181,tile_W9_6,W9,9w_1d,2941.0,12338.0,416.42734,1751.60726,416.42734,1751.60726,124,185.0,3,Fibroblast2,0.813206966190862
W9_tile_6_cell_183,tile_W9_6,W9,9w_1d,3137.0,12585.0,444.25542,1786.67632,444.25542,1786.67632,71,87.0,9,Hofbauer cells,0.584811617190927
W9_tile_6_cell_184,tile_W9_6,W9,9w_1d,3614.0,11167.0,511.97988,1585.34868,511.97988,1585.34868,195,330.0,3,Fibroblast2,0.932884834551659
W9_tile_6_cell_188,tile_W9_6,W9,9w_1d,2811.5,12870.5,398.04093,1827.21161,398.04093,1827.21161,94,116.0,4,Fibroblast2,0.580874601995708
W9_tile_6_cell_196,tile_W9_6,W9,9w_1d,2880.5,12012.0,407.83755,1705.32178,407.83755,1705.32178,159,278.0,4,Fibroblast2,0.673550559147331
W9_tile_6_cell_198,tile_W9_6,W9,9w_1d,1999.5,11287.5,282.75317,1602.45727,282.75317,1602.45727,66,86.0,0,vCTB2,0.612946964770366
W9_tile_6_cell_200,tile_W9_6,W9,9w_1d,3350.0,12109.0,474.49716,1719.09384,474.49716,1719.09384,86,141.0,4,Fibroblast2,0.452379440884317
W9_tile_6_cell_207,tile_W9_6,W9,9w_1d,2826.5,12575.0,400.17063,1785.25652,400.17063,1785.25652,167,258.0,3,Hofbauer cells,0.447257444861298
W9_tile_6_cell_217,tile_W9_6,W9,9w_1d,3068.5,12881.0,434.52979,1828.7024,434.52979,1828.7024,146,198.0,3,Fibroblast2,0.904939272223604
W9_tile_6_cell_219,tile_W9_6,W9,9w_1d,3160.0,11753.0,447.52096,1668.54896,447.52096,1668.54896,71,125.0,4,Fibroblast2,0.390771876064776
W9_tile_6_cell_222,tile_W9_6,W9,9w_1d,3542.0,12431.0,501.75732,1764.8114,501.75732,1764.8114,104,153.0,8,Fibroblast2,0.36495932417773
W9_tile_6_cell_24,tile_W9_6,W9,9w_1d,3074.0,12708.0,435.31068,1804.13986,435.31068,1804.13986,109,164.0,4,Hofbauer cells,0.717056348339415
W9_tile_6_cell_247,tile_W9_6,W9,9w_1d,2535.0,11768.0,358.78346,1670.67866,358.78346,1670.67866,385,897.0,3,Fibroblast2,0.901466156419072
W9_tile_6_cell_258,tile_W9_6,W9,9w_1d,3336.0,12188.5,472.50944,1730.38125,472.50944,1730.38125,84,118.0,4,Fibroblast2,0.594963834690432
W9_tile_6_cell_26,tile_W9_6,W9,9w_1d,2830.0,12335.0,400.66756,1751.18132,400.66756,1751.18132,140,211.0,8,Fibroblast1,0.872645028202632
W9_tile_6_cell_287,tile_W9_6,W9,9w_1d,3514.0,11618.0,497.78188,1649.38166,497.78188,1649.38166,96,120.0,4,Fibroblast2,0.55811487606232
W9_tile_6_cell_288,tile_W9_6,W9,9w_1d,3007.0,12383.0,425.79802,1757.99636,425.79802,1757.99636,242,440.0,3,Hofbauer cells,0.583183889557734
W9_tile_6_cell_30,tile_W9_6,W9,9w_1d,2898.0,11586.0,410.3222,1644.8383,410.3222,1644.8383,159,288.0,3,Fibroblast2,0.987940391591236
W9_tile_6_cell_303,tile_W9_6,W9,9w_1d,3379.0,11986.0,478.61458,1701.6303,478.61458,1701.6303,187,347.0,3,Fibroblast2,0.891461379254717
W9_tile_6_cell_313,tile_W9_6,W9,9w_1d,3540.0,12129.0,501.47336,1721.93344,501.47336,1721.93344,140,237.0,9,Hofbauer cells,0.76873810562904
W9_tile_6_cell_330,tile_W9_6,W9,9w_1d,3181.0,12559.5,450.50254,1783.05583,450.50254,1783.05583,168,264.0,9,Hofbauer cells,0.496612784998768
W9_tile_6_cell_340,tile_W9_6,W9,9w_1d,3278.0,12614.0,464.2746,1790.7937399999998,464.2746,1790.7937399999998,98,125.0,4,Fibroblast2,0.688925579180982
W9_tile_6_cell_345,tile_W9_6,W9,9w_1d,2667.0,12022.0,377.52482,1706.74158,377.52482,1706.74158,185,311.0,3,Fibroblast2,0.951098655107976
W9_tile_6_cell_350,tile_W9_6,W9,9w_1d,2784.0,11898.0,394.13648,1689.13606,394.13648,1689.13606,222,492.0,9,Hofbauer cells,0.665241224918767
W9_tile_6_cell_354,tile_W9_6,W9,9w_1d,2010.0,11112.0,284.24396,1577.5397799999998,284.24396,1577.5397799999998,84,111.0,0,vCTB2,0.589745428006947
W9_tile_6_cell_384,tile_W9_6,W9,9w_1d,3606.0,12626.0,510.84404,1792.4975,510.84404,1792.4975,165,256.0,5,vCTB2,0.301369902273673
W9_tile_6_cell_388,tile_W9_6,W9,9w_1d,2706.0,12100.0,383.06204,1717.81602,383.06204,1717.81602,198,365.0,3,Fibroblast2,0.921893606946842
W9_tile_6_cell_390,tile_W9_6,W9,9w_1d,3302.5,12202.5,467.75311,1732.36897,467.75311,1732.36897,156,258.0,3,Hofbauer cells,0.358918437261777
W9_tile_6_cell_392,tile_W9_6,W9,9w_1d,3488.0,12611.0,494.0904,1790.3678,494.0904,1790.3678,174,303.0,5,STB,0.364856257095137
W9_tile_6_cell_398,tile_W9_6,W9,9w_1d,3035.0,12308.0,429.77346,1747.34786,429.77346,1747.34786,150,252.0,3,Fibroblast2,0.846508572163015
W9_tile_6_cell_399,tile_W9_6,W9,9w_1d,3479.0,12340.0,492.81258,1751.89122,492.81258,1751.89122,83,111.0,4,Fibroblast2,0.421184851420483
W9_tile_6_cell_425,tile_W9_6,W9,9w_1d,2724.0,11086.0,385.61768,1573.8483,385.61768,1573.8483,96,133.0,0,vCTB2,0.498211694996916
W9_tile_6_cell_432,tile_W9_6,W9,9w_1d,2356.0,11561.0,333.36904,1641.2888,333.36904,1641.2888,120,201.0,0,vCTB2,0.591933477901432
W9_tile_6_cell_438,tile_W9_6,W9,9w_1d,3350.0,12330.0,474.49716,1750.47142,474.49716,1750.47142,120,214.0,9,Hofbauer cells,0.715657482696338
W9_tile_6_cell_441,tile_W9_6,W9,9w_1d,2987.0,12094.5,422.95842,1717.03513,422.95842,1717.03513,160,258.0,3,Fibroblast2,0.980429704024292
W9_tile_6_cell_445,tile_W9_6,W9,9w_1d,3099.0,12814.0,438.86018,1819.18974,438.86018,1819.18974,138,197.0,9,maternal macrophages ,0.497712511982014
W9_tile_6_cell_461,tile_W9_6,W9,9w_1d,1895.0,11630.0,267.91626,1651.08542,267.91626,1651.08542,185,293.0,5,STB,0.327995412524635
W9_tile_6_cell_477,tile_W9_6,W9,9w_1d,3569.0,12369.0,505.59078,1756.00864,505.59078,1756.00864,196,291.0,3,Fibroblast2,0.629824763640969
W9_tile_6_cell_494,tile_W9_6,W9,9w_1d,2770.0,12896.0,392.14876,1830.8321,392.14876,1830.8321,66,80.0,4,vCTB2,0.348877285244467
W9_tile_6_cell_498,tile_W9_6,W9,9w_1d,2089.0,12705.5,295.46038,1803.78491,295.46038,1803.78491,62,84.0,11,vCTB2,0.46436927510036
W9_tile_6_cell_503,tile_W9_6,W9,9w_1d,2664.0,12837.0,377.09888,1822.45528,377.09888,1822.45528,76,107.0,0,vCTB2,0.512796384315234
W9_tile_6_cell_515,tile_W9_6,W9,9w_1d,1994.0,11192.0,281.97228,1588.89818,281.97228,1588.89818,174,276.0,5,STB,0.279072053056
W9_tile_6_cell_516,tile_W9_6,W9,9w_1d,2895.0,12524.0,409.89626,1778.01554,409.89626,1778.01554,233,404.0,3,Fibroblast2,0.672426376029319
W9_tile_6_cell_518,tile_W9_6,W9,9w_1d,2788.0,12259.0,394.7044,1740.39084,394.7044,1740.39084,330,704.0,8,Fibroblast1,0.653245888140783
W9_tile_6_cell_523,tile_W9_6,W9,9w_1d,3428.0,12613.0,485.5716,1790.65176,485.5716,1790.65176,97,135.0,12,Endothelial_cells,0.467158032611777
W9_tile_6_cell_551,tile_W9_6,W9,9w_1d,1856.0,11549.0,262.37904,1639.58504,262.37904,1639.58504,108,149.0,0,vCTB2,0.443267091887668
W9_tile_6_cell_555,tile_W9_6,W9,9w_1d,3215.0,12232.0,455.32986,1736.55738,455.32986,1736.55738,126,271.0,9,Hofbauer cells,0.663569151480361
W9_tile_6_cell_557,tile_W9_6,W9,9w_1d,3142.0,12747.0,444.96532,1809.67708,444.96532,1809.67708,165,231.0,9,Hofbauer cells,0.659957548399656
W9_tile_6_cell_57,tile_W9_6,W9,9w_1d,2627.5,12415.0,371.91661,1762.53972,371.91661,1762.53972,116,184.0,0,unknown3,0.270158735876929
W9_tile_6_cell_575,tile_W9_6,W9,9w_1d,3361.0,11559.0,476.05894,1641.0048399999998,476.05894,1641.0048399999998,202,376.0,9,Hofbauer cells,0.734159533420704
W9_tile_6_cell_580,tile_W9_6,W9,9w_1d,2909.5,12829.5,411.95497,1821.39043,411.95497,1821.39043,175,284.0,3,Fibroblast2,0.951949918637097
W9_tile_6_cell_581,tile_W9_6,W9,9w_1d,3443.0,11554.0,487.7013,1640.29494,487.7013,1640.29494,80,118.0,4,Fibroblast2,0.266211496136775
W9_tile_6_cell_587,tile_W9_6,W9,9w_1d,2496.5,11083.0,353.31723,1573.42236,353.31723,1573.42236,62,80.0,0,vCTB2,0.643304319905998
W9_tile_6_cell_606,tile_W9_6,W9,9w_1d,3497.0,12405.0,495.36822,1761.11992,495.36822,1761.11992,119,171.0,3,Fibroblast2,0.902866302317782
W9_tile_6_cell_614,tile_W9_6,W9,9w_1d,3289.0,12773.0,465.83638,1813.36856,465.83638,1813.36856,182,267.0,8,Fibroblast2,0.820189155851053
W9_tile_6_cell_626,tile_W9_6,W9,9w_1d,3026.5,11419.0,428.56663,1621.12764,428.56663,1621.12764,137,230.0,9,Hofbauer cells,0.721977665909757
W9_tile_6_cell_641,tile_W9_6,W9,9w_1d,2717.0,11168.0,384.62382,1585.49066,384.62382,1585.49066,220,405.0,3,Fibroblast2,0.898021138973605
W9_tile_6_cell_643,tile_W9_6,W9,9w_1d,3581.5,12085.0,507.36553,1715.68632,507.36553,1715.68632,151,238.0,9,Hofbauer cells,0.776710332366247
W9_tile_6_cell_696,tile_W9_6,W9,9w_1d,3254.0,12886.0,460.86708,1829.4123,460.86708,1829.4123,176,257.0,8,Fibroblast1,0.583442916149807
W9_tile_6_cell_700,tile_W9_6,W9,9w_1d,2693.0,12875.0,381.2163,1827.85052,381.2163,1827.85052,154,230.0,5,vCTB2,0.426370710374335
W9_tile_6_cell_707,tile_W9_6,W9,9w_1d,3363.0,12756.0,476.3429,1810.9549,476.3429,1810.9549,279,472.0,8,Fibroblast1,0.373851344133082
W9_tile_6_cell_708,tile_W9_6,W9,9w_1d,2597.0,12761.5,367.58622,1811.73579,367.58622,1811.73579,191,330.0,5,unknown3,0.371435629159828
W9_tile_6_cell_709,tile_W9_6,W9,9w_1d,3009.0,12739.0,426.08198,1808.54124,426.08198,1808.54124,214,395.0,9,Fibroblast2,0.84278710153316
W9_tile_6_cell_710,tile_W9_6,W9,9w_1d,3475.5,12741.5,492.31565,1808.89619,492.31565,1808.89619,117,174.0,5,vCTB2,0.457018328236432
W9_tile_6_cell_717,tile_W9_6,W9,9w_1d,2928.0,12651.0,414.5816,1796.047,414.5816,1796.047,272,497.0,3,Fibroblast2,0.651653025310776
W9_tile_6_cell_721,tile_W9_6,W9,9w_1d,3368.0,12607.0,477.0528,1789.79988,477.0528,1789.79988,194,319.0,8,Fibroblast1,0.795990191311455
W9_tile_6_cell_725,tile_W9_6,W9,9w_1d,3373.5,12519.0,477.83369,1777.30564,477.83369,1777.30564,105,164.0,8,Fibroblast1,0.712708113121324
W9_tile_6_cell_726,tile_W9_6,W9,9w_1d,3236.0,12514.0,458.31144,1776.59574,458.31144,1776.59574,59,85.0,4,vCTB2,0.275152855477199
W9_tile_6_cell_729,tile_W9_6,W9,9w_1d,2780.0,12481.0,393.56856,1771.9104,393.56856,1771.9104,273,563.0,8,Fibroblast1,0.85545710597217
W9_tile_6_cell_732,tile_W9_6,W9,9w_1d,3382.0,12365.5,479.04052,1755.51171,479.04052,1755.51171,62,92.0,9,EVT2,0.267123381814594
W9_tile_6_cell_734,tile_W9_6,W9,9w_1d,3080.0,12403.0,436.16256,1760.83596,436.16256,1760.83596,76,111.0,9,Hofbauer cells,0.713888212379631
W9_tile_6_cell_735,tile_W9_6,W9,9w_1d,2864.0,12360.5,405.49488,1754.80181,405.49488,1754.80181,64,82.0,4,Fibroblast2,0.282089777775232
W9_tile_6_cell_737,tile_W9_6,W9,9w_1d,2655.0,12347.0,375.82106,1752.88508,375.82106,1752.88508,189,311.0,5,STB,0.365882619793765
W9_tile_6_cell_741,tile_W9_6,W9,9w_1d,2917.5,12271.0,413.09081,1742.0946,413.09081,1742.0946,107,188.0,4,Fibroblast2,0.49846471447197
W9_tile_6_cell_742,tile_W9_6,W9,9w_1d,2560.0,12196.0,362.33296,1731.4461,362.33296,1731.4461,154,251.0,5,vCTB2,0.387111748646784
W9_tile_6_cell_743,tile_W9_6,W9,9w_1d,3046.0,12247.0,431.33524,1738.68708,431.33524,1738.68708,216,362.0,3,Fibroblast2,0.797484967465539
W9_tile_6_cell_744,tile_W9_6,W9,9w_1d,2976.0,12241.0,421.39664,1737.8352,421.39664,1737.8352,65,91.0,4,Fibroblast2,0.322806582662406
W9_tile_6_cell_746,tile_W9_6,W9,9w_1d,2609.0,12217.0,369.28998,1734.42768,369.28998,1734.42768,143,230.0,5,vCTB2,0.306449001450717
W9_tile_6_cell_751,tile_W9_6,W9,9w_1d,1856.0,12149.0,262.37904,1724.77304,262.37904,1724.77304,95,135.0,0,vCTB2,0.51357398881316
W9_tile_6_cell_752,tile_W9_6,W9,9w_1d,3248.0,12141.0,460.0152,1723.6372,460.0152,1723.6372,142,232.0,9,maternal macrophages ,0.516462101129678
W9_tile_6_cell_753,tile_W9_6,W9,9w_1d,2527.0,12099.0,357.64762,1717.67404,357.64762,1717.67404,186,345.0,5,STB,0.291598943315891
W9_tile_6_cell_754,tile_W9_6,W9,9w_1d,3270.0,12045.0,463.13876,1710.00712,463.13876,1710.00712,153,251.0,3,Fibroblast2,0.907770080022696
W9_tile_6_cell_756,tile_W9_6,W9,9w_1d,2457.0,12043.0,347.70902,1709.72316,347.70902,1709.72316,136,225.0,5,vCTB2,0.479810794470253
W9_tile_6_cell_758,tile_W9_6,W9,9w_1d,2762.0,12053.0,391.01292,1711.14296,391.01292,1711.14296,172,308.0,9,Hofbauer cells,0.473888282233435
W9_tile_6_cell_760,tile_W9_6,W9,9w_1d,1853.0,12025.0,261.9531,1707.16752,261.9531,1707.16752,76,90.0,0,vCTB2,0.581356454412197
W9_tile_6_cell_761,tile_W9_6,W9,9w_1d,2539.0,12025.0,359.35138,1707.16752,359.35138,1707.16752,140,228.0,5,vCTB2,0.389341954499396
W9_tile_6_cell_764,tile_W9_6,W9,9w_1d,2488.0,11945.0,352.1104,1695.80912,352.1104,1695.80912,188,405.0,5,vCTB2,0.34805440409108
W9_tile_6_cell_765,tile_W9_6,W9,9w_1d,1871.0,11943.0,264.50874,1695.52516,264.50874,1695.52516,71,95.0,0,vCTB2,0.497239391044765
W9_tile_6_cell_767,tile_W9_6,W9,9w_1d,2427.0,11841.0,343.44962,1681.0431999999998,343.44962,1681.0431999999998,103,188.0,0,vCTB2,0.669037394552536
W9_tile_6_cell_768,tile_W9_6,W9,9w_1d,2933.0,11853.0,415.2915,1682.74696,415.2915,1682.74696,305,637.0,9,Fibroblast2,0.403646661810923
W9_tile_6_cell_769,tile_W9_6,W9,9w_1d,1873.0,11813.5,264.7927,1677.1387499999998,264.7927,1677.1387499999998,138,192.0,5,vCTB2,0.335277025088457
W9_tile_6_cell_770,tile_W9_6,W9,9w_1d,3096.0,11832.0,438.43424,1679.76538,438.43424,1679.76538,257,548.0,3,Fibroblast2,0.879040309208008
W9_tile_6_cell_771,tile_W9_6,W9,9w_1d,2649.0,11848.0,374.96918,1682.03706,374.96918,1682.03706,278,624.0,9,Hofbauer cells,0.727030752293228
W9_tile_6_cell_772,tile_W9_6,W9,9w_1d,3008.0,11802.0,425.94,1675.50598,425.94,1675.50598,101,193.0,9,Hofbauer cells,0.722347752640646
W9_tile_6_cell_773,tile_W9_6,W9,9w_1d,3263.0,11786.0,462.1449,1673.2342999999998,462.1449,1673.2342999999998,77,119.0,4,Fibroblast2,0.345345439213612
W9_tile_6_cell_774,tile_W9_6,W9,9w_1d,2736.0,11714.0,387.32144,1663.01174,387.32144,1663.01174,185,334.0,3,Fibroblast2,0.927223435531409
W9_tile_6_cell_775,tile_W9_6,W9,9w_1d,2916.0,11682.0,412.87784,1658.46838,412.87784,1658.46838,81,123.0,4,Fibroblast2,0.400314485081565
W9_tile_6_cell_777,tile_W9_6,W9,9w_1d,2425.5,11671.0,343.23665,1656.9066,343.23665,1656.9066,110,168.0,0,vCTB2,0.5009982246501
W9_tile_6_cell_778,tile_W9_6,W9,9w_1d,2967.0,11715.0,420.11882,1663.15372,420.11882,1663.15372,138,243.0,9,Hofbauer cells,0.693991506755976
W9_tile_6_cell_78,tile_W9_6,W9,9w_1d,3383.0,12292.0,479.1825,1745.07618,479.1825,1745.07618,122,217.0,9,Hofbauer cells,0.611511680647433
W9_tile_6_cell_782,tile_W9_6,W9,9w_1d,3124.5,11520.5,442.48067,1635.5386099999998,442.48067,1635.5386099999998,74,94.0,4,Fibroblast2,0.494230981335108
W9_tile_6_cell_785,tile_W9_6,W9,9w_1d,2802.0,11497.0,396.69212,1632.20208,396.69212,1632.20208,117,258.0,9,Hofbauer cells,0.707643739761032
W9_tile_6_cell_786,tile_W9_6,W9,9w_1d,3024.5,11511.0,428.28267,1634.1898,428.28267,1634.1898,328,704.0,3,Fibroblast2,0.73959070806496
W9_tile_6_cell_788,tile_W9_6,W9,9w_1d,2529.0,11482.0,357.93158,1630.0723799999998,357.93158,1630.0723799999998,158,380.0,9,Hofbauer cells,0.772592118879086
W9_tile_6_cell_789,tile_W9_6,W9,9w_1d,3469.0,11491.0,491.39278,1631.3502,491.39278,1631.3502,120,210.0,3,Fibroblast2,0.72457269313125
W9_tile_6_cell_791,tile_W9_6,W9,9w_1d,3549.5,11427.0,502.82217,1622.2634799999998,502.82217,1622.2634799999998,81,120.0,4,vCTB2,0.263528607252173
W9_tile_6_cell_793,tile_W9_6,W9,9w_1d,2444.0,11435.0,345.86328,1623.39932,345.86328,1623.39932,343,687.0,3,Fibroblast2,0.717017130523841
W9_tile_6_cell_796,tile_W9_6,W9,9w_1d,3091.0,11405.0,437.72434,1619.1399199999998,437.72434,1619.1399199999998,134,234.0,9,Hofbauer cells,0.751421629381036
W9_tile_6_cell_797,tile_W9_6,W9,9w_1d,3571.0,11365.0,505.87474,1613.46072,505.87474,1613.46072,161,266.0,3,Fibroblast2,0.953571312899574
W9_tile_6_cell_798,tile_W9_6,W9,9w_1d,1948.0,11366.0,275.4412,1613.6027,275.4412,1613.6027,206,364.0,5,unknown3,0.354516983121532
W9_tile_6_cell_801,tile_W9_6,W9,9w_1d,3367.0,11313.0,476.91082,1606.07776,476.91082,1606.07776,81,113.0,4,Fibroblast2,0.557697630433078
W9_tile_6_cell_803,tile_W9_6,W9,9w_1d,3468.0,11334.0,491.2508,1609.05934,491.2508,1609.05934,193,355.0,9,Hofbauer cells,0.497814386287923
W9_tile_6_cell_804,tile_W9_6,W9,9w_1d,2517.0,11300.0,356.22782,1604.23202,356.22782,1604.23202,195,317.0,8,Fibroblast1,0.521882498278369
W9_tile_6_cell_807,tile_W9_6,W9,9w_1d,2799.0,11252.5,396.26618,1597.48797,396.26618,1597.48797,206,402.0,3,Fibroblast2,0.896527372824185
W9_tile_6_cell_810,tile_W9_6,W9,9w_1d,2451.5,11215.0,346.92813,1592.16372,346.92813,1592.16372,163,268.0,5,Fibroblast2,0.398638501673534
W9_tile_6_cell_811,tile_W9_6,W9,9w_1d,3345.0,11194.0,473.78726,1589.18214,473.78726,1589.18214,231,535.0,3,Fibroblast2,0.887796785598466
W9_tile_6_cell_813,tile_W9_6,W9,9w_1d,2581.0,11205.5,365.31454,1590.81491,365.31454,1590.81491,68,98.0,12,vCTB2,0.440581978751942
W9_tile_6_cell_815,tile_W9_6,W9,9w_1d,2530.0,11174.0,358.07356,1586.34254,358.07356,1586.34254,124,187.0,8,Fibroblast1,0.508094219635736
W9_tile_6_cell_89,tile_W9_6,W9,9w_1d,3238.0,11664.5,458.5954,1655.98373,458.5954,1655.98373,206,342.0,3,Fibroblast2,0.756402759076601
W9_tile_6_cell_96,tile_W9_6,W9,9w_1d,3070.0,12462.0,434.74276,1769.2127799999998,434.74276,1769.2127799999998,86,145.0,9,Hofbauer cells,0.58092553615727
W9_tile_6_cell_98,tile_W9_6,W9,9w_1d,2359.0,11688.0,333.79498,1659.32026,333.79498,1659.32026,56,91.0,0,vCTB2,0.727428580827571
W9_tile_7_cell_112,tile_W9_7,W9,9w_1d,4226.0,12202.0,598.87164,1732.29798,598.87164,1732.29798,50,80.0,4,Fibroblast2,0.30240815069862
W9_tile_7_cell_127,tile_W9_7,W9,9w_1d,4653.0,12819.0,659.4970999999999,1819.89964,659.4970999999999,1819.89964,115,186.0,9,Hofbauer cells,0.49239765158566
W9_tile_7_cell_14,tile_W9_7,W9,9w_1d,4222.0,12390.0,598.30372,1758.99022,598.30372,1758.99022,169,270.0,3,Fibroblast2,0.94314554048355
W9_tile_7_cell_141,tile_W9_7,W9,9w_1d,5070.0,11976.0,718.70276,1700.2105,718.70276,1700.2105,163,273.0,5,STB,0.355869494291592
W9_tile_7_cell_166,tile_W9_7,W9,9w_1d,5178.0,12371.0,734.0366,1756.2926,734.0366,1756.2926,106,166.0,0,vCTB2,0.549893427546582
W9_tile_7_cell_168,tile_W9_7,W9,9w_1d,4525.5,11378.0,641.39465,1615.30646,641.39465,1615.30646,192,300.0,3,Fibroblast2,0.954965841496189
W9_tile_7_cell_176,tile_W9_7,W9,9w_1d,4944.5,12509.5,700.88427,1775.95683,700.88427,1775.95683,148,222.0,3,Fibroblast2,0.878071272688314
W9_tile_7_cell_179,tile_W9_7,W9,9w_1d,5038.0,12180.0,714.1594,1729.1744199999998,714.1594,1729.1744199999998,76,121.0,9,Hofbauer cells,0.795830462771413
W9_tile_7_cell_209,tile_W9_7,W9,9w_1d,4779.0,11826.0,677.38658,1678.9135,677.38658,1678.9135,132,202.0,3,Fibroblast2,0.856990965685946
W9_tile_7_cell_217,tile_W9_7,W9,9w_1d,4561.0,11878.0,646.43494,1686.29646,646.43494,1686.29646,297,735.0,9,Hofbauer cells,0.741830486494517
W9_tile_7_cell_228,tile_W9_7,W9,9w_1d,4808.0,11917.0,681.504,1691.83368,681.504,1691.83368,54,81.0,4,vCTB2,0.24170703742245
W9_tile_7_cell_233,tile_W9_7,W9,9w_1d,4429.5,11348.0,627.7645699999999,1611.04706,627.7645699999999,1611.04706,88,120.0,4,Fibroblast2,0.672418427612711
W9_tile_7_cell_247,tile_W9_7,W9,9w_1d,4444.0,12613.0,629.82328,1790.65176,629.82328,1790.65176,256,487.0,3,Fibroblast2,0.895560229266586
W9_tile_7_cell_258,tile_W9_7,W9,9w_1d,4283.0,11354.0,606.9644999999999,1611.89894,606.9644999999999,1611.89894,97,137.0,4,Fibroblast1,0.516027263914748
W9_tile_7_cell_264,tile_W9_7,W9,9w_1d,3887.5,12629.0,550.81141,1792.92344,550.81141,1792.92344,173,308.0,9,Hofbauer cells,0.690493471643638
W9_tile_7_cell_276,tile_W9_7,W9,9w_1d,4466.0,11313.0,632.94684,1606.07776,632.94684,1606.07776,111,152.0,3,Fibroblast2,0.618993215465709
W9_tile_7_cell_292,tile_W9_7,W9,9w_1d,4116.0,11594.0,583.25384,1645.97414,583.25384,1645.97414,230,431.0,3,Fibroblast2,0.857375551510302
W9_tile_7_cell_296,tile_W9_7,W9,9w_1d,4875.0,11109.0,691.01666,1577.11384,691.01666,1577.11384,74,93.0,0,vCTB2,0.598998008356898
W9_tile_7_cell_320,tile_W9_7,W9,9w_1d,4861.0,12024.0,689.0289399999999,1707.02554,689.0289399999999,1707.02554,108,165.0,9,Hofbauer cells,0.621598437030367
W9_tile_7_cell_329,tile_W9_7,W9,9w_1d,4730.0,11909.0,670.4295599999999,1690.69784,670.4295599999999,1690.69784,60,81.0,4,Fibroblast1,0.217160200467879
W9_tile_7_cell_35,tile_W9_7,W9,9w_1d,4141.0,11521.0,586.8033399999999,1635.6096,586.8033399999999,1635.6096,113,177.0,3,Fibroblast2,0.89196327300197
W9_tile_7_cell_356,tile_W9_7,W9,9w_1d,5050.5,12864.5,715.9341499999999,1826.35973,715.9341499999999,1826.35973,107,156.0,10,vCTB2,0.451806266528139
W9_tile_7_cell_37,tile_W9_7,W9,9w_1d,5066.0,12089.0,718.1348399999999,1716.25424,718.1348399999999,1716.25424,75,129.0,0,vCTB2,0.690206019985944
W9_tile_7_cell_398,tile_W9_7,W9,9w_1d,4082.0,12459.0,578.42652,1768.78684,578.42652,1768.78684,73,101.0,12,Fibroblast2,0.219384271908388
W9_tile_7_cell_4,tile_W9_7,W9,9w_1d,4814.5,12466.0,682.42687,1769.7807,682.42687,1769.7807,180,274.0,3,Hofbauer cells,0.468666540892198
W9_tile_7_cell_40,tile_W9_7,W9,9w_1d,4335.0,12105.0,614.34746,1718.52592,614.34746,1718.52592,123,193.0,3,Fibroblast2,0.757292822066376
W9_tile_7_cell_404,tile_W9_7,W9,9w_1d,3882.0,12879.0,550.03052,1828.41844,550.03052,1828.41844,79,113.0,4,Fibroblast2,0.439881031118538
W9_tile_7_cell_406,tile_W9_7,W9,9w_1d,3752.0,11109.0,531.57312,1577.11384,531.57312,1577.11384,105,157.0,4,Fibroblast2,0.230601459450393
W9_tile_7_cell_41,tile_W9_7,W9,9w_1d,4776.0,11381.0,676.96064,1615.7324,676.96064,1615.7324,135,191.0,3,Fibroblast2,0.967196062508628
W9_tile_7_cell_442,tile_W9_7,W9,9w_1d,3915.0,12735.5,554.71586,1808.04431,554.71586,1808.04431,199,334.0,3,Fibroblast2,0.93623393271686
W9_tile_7_cell_470,tile_W9_7,W9,9w_1d,4863.0,11278.0,689.3129,1601.10846,689.3129,1601.10846,73,119.0,0,vCTB2,0.585667828068758
W9_tile_7_cell_48,tile_W9_7,W9,9w_1d,3890.0,11258.0,551.1663599999999,1598.26886,551.1663599999999,1598.26886,99,125.0,12,Endothelial_cells,0.571188576952221
W9_tile_7_cell_481,tile_W9_7,W9,9w_1d,4131.0,12282.0,585.3835399999999,1743.65638,585.3835399999999,1743.65638,77,118.0,12,Fibroblast1,0.275057302922883
W9_tile_7_cell_495,tile_W9_7,W9,9w_1d,4389.0,12890.0,622.01438,1829.98022,622.01438,1829.98022,75,114.0,4,Fibroblast2,0.376393309727666
W9_tile_7_cell_518,tile_W9_7,W9,9w_1d,4637.0,11817.0,657.22542,1677.63568,657.22542,1677.63568,68,122.0,9,Hofbauer cells,0.780917270005559
W9_tile_7_cell_535,tile_W9_7,W9,9w_1d,3941.0,11374.0,558.40734,1614.73854,558.40734,1614.73854,175,269.0,12,Endothelial_cells,0.981075194260754
W9_tile_7_cell_552,tile_W9_7,W9,9w_1d,3855.0,11437.0,546.19706,1623.68328,546.19706,1623.68328,156,230.0,3,Fibroblast2,0.946295439286648
W9_tile_7_cell_566,tile_W9_7,W9,9w_1d,4317.0,12627.5,611.79182,1792.71047,611.79182,1792.71047,78,142.0,4,Fibroblast2,0.423682013664517
W9_tile_7_cell_568,tile_W9_7,W9,9w_1d,5034.0,12675.0,713.5914799999999,1799.45452,713.5914799999999,1799.45452,141,213.0,8,Fibroblast1,0.911427401778039
W9_tile_7_cell_579,tile_W9_7,W9,9w_1d,4663.5,11236.0,660.98789,1595.1453,660.98789,1595.1453,164,240.0,9,Hofbauer cells,0.705985827747509
W9_tile_7_cell_605,tile_W9_7,W9,9w_1d,4602.0,11317.0,652.25612,1606.64568,652.25612,1606.64568,75,106.0,4,vCTB2,0.2822729158365
W9_tile_7_cell_607,tile_W9_7,W9,9w_1d,4479.0,11261.5,634.7925799999999,1598.76579,634.7925799999999,1598.76579,87,140.0,9,Hofbauer cells,0.709807495277191
W9_tile_7_cell_61,tile_W9_7,W9,9w_1d,5048.0,12253.0,715.5792,1739.53896,715.5792,1739.53896,92,157.0,4,vCTB2,0.26024398207522
W9_tile_7_cell_628,tile_W9_7,W9,9w_1d,4822.5,11966.0,683.5627099999999,1698.7907,683.5627099999999,1698.7907,114,162.0,8,Fibroblast2,0.427322322866916
W9_tile_7_cell_634,tile_W9_7,W9,9w_1d,4209.0,12685.0,596.45798,1800.87432,596.45798,1800.87432,72,103.0,4,Fibroblast2,0.431329428689767
W9_tile_7_cell_67,tile_W9_7,W9,9w_1d,5086.0,12453.0,720.97444,1767.93496,720.97444,1767.93496,110,175.0,3,Fibroblast2,0.823081075367302
W9_tile_7_cell_687,tile_W9_7,W9,9w_1d,3986.0,12217.0,564.79644,1734.42768,564.79644,1734.42768,151,267.0,8,Fibroblast1,0.826278507222586
W9_tile_7_cell_7,tile_W9_7,W9,9w_1d,5010.0,11167.0,710.18396,1585.34868,710.18396,1585.34868,92,108.0,4,unknown2,0.500865655717952
W9_tile_7_cell_706,tile_W9_7,W9,9w_1d,3778.0,12766.0,535.2646,1812.3747,535.2646,1812.3747,135,223.0,5,vCTB2,0.392246004294642
W9_tile_7_cell_71,tile_W9_7,W9,9w_1d,4105.0,12256.5,581.69206,1740.03589,581.69206,1740.03589,80,120.0,12,Endothelial_cells,0.480202678672625
W9_tile_7_cell_714,tile_W9_7,W9,9w_1d,3903.0,11712.0,553.0121,1662.72778,553.0121,1662.72778,121,165.0,3,Fibroblast2,0.801594153008306
W9_tile_7_cell_720,tile_W9_7,W9,9w_1d,4159.5,11109.0,589.42997,1577.11384,589.42997,1577.11384,65,82.0,4,EVT2,0.245558365483131
W9_tile_7_cell_746,tile_W9_7,W9,9w_1d,5118.0,12519.0,725.5178,1777.30564,725.5178,1777.30564,96,125.0,0,vCTB2,0.535779174455602
W9_tile_7_cell_776,tile_W9_7,W9,9w_1d,4596.0,11795.0,651.40424,1674.51212,651.40424,1674.51212,67,107.0,9,Hofbauer cells,0.619001856857418
W9_tile_7_cell_782,tile_W9_7,W9,9w_1d,5076.0,12805.0,719.55464,1817.91192,719.55464,1817.91192,94,129.0,0,vCTB2,0.626617765700895
W9_tile_7_cell_797,tile_W9_7,W9,9w_1d,5131.0,12582.0,727.36354,1786.25038,727.36354,1786.25038,67,107.0,0,vCTB2,0.645593302101235
W9_tile_7_cell_803,tile_W9_7,W9,9w_1d,3950.0,11955.0,559.68516,1697.22892,559.68516,1697.22892,183,287.0,3,Fibroblast2,0.617719430312455
W9_tile_7_cell_81,tile_W9_7,W9,9w_1d,4238.0,12087.0,600.5754,1715.97028,600.5754,1715.97028,186,302.0,3,Fibroblast2,0.918458475608196
W9_tile_7_cell_815,tile_W9_7,W9,9w_1d,3864.0,12800.0,547.47488,1817.20202,547.47488,1817.20202,104,146.0,3,Fibroblast2,0.645804772583559
W9_tile_7_cell_816,tile_W9_7,W9,9w_1d,4679.5,11983.0,663.2595699999999,1701.20436,663.2595699999999,1701.20436,86,108.0,4,Fibroblast2,0.826767859056793
W9_tile_7_cell_831,tile_W9_7,W9,9w_1d,3766.0,12867.5,533.56084,1826.78567,533.56084,1826.78567,156,222.0,5,unknown3,0.305609384080897
W9_tile_7_cell_834,tile_W9_7,W9,9w_1d,4706.0,12868.0,667.02204,1826.85666,667.02204,1826.85666,162,254.0,3,Fibroblast2,0.939214009342461
W9_tile_7_cell_836,tile_W9_7,W9,9w_1d,4527.0,12837.0,641.60762,1822.45528,641.60762,1822.45528,66,91.0,4,Fibroblast2,0.324684719994064
W9_tile_7_cell_84,tile_W9_7,W9,9w_1d,4117.5,12553.5,583.46681,1782.2039499999998,583.46681,1782.2039499999998,94,118.0,8,Fibroblast1,0.638947262372566
W9_tile_7_cell_841,tile_W9_7,W9,9w_1d,4716.0,12783.0,668.44184,1814.78836,668.44184,1814.78836,89,123.0,4,Fibroblast2,0.60812561235994
W9_tile_7_cell_844,tile_W9_7,W9,9w_1d,4881.0,12697.0,691.8685399999999,1802.57808,691.8685399999999,1802.57808,210,398.0,9,Hofbauer cells,0.771690578760086
W9_tile_7_cell_847,tile_W9_7,W9,9w_1d,4433.0,12682.0,628.2615,1800.44838,628.2615,1800.44838,215,371.0,3,Fibroblast2,0.90628778618996
W9_tile_7_cell_848,tile_W9_7,W9,9w_1d,4779.0,12673.5,677.38658,1799.24155,677.38658,1799.24155,159,262.0,9,Hofbauer cells,0.662448850141379
W9_tile_7_cell_849,tile_W9_7,W9,9w_1d,3785.0,12632.0,536.25846,1793.34938,536.25846,1793.34938,268,495.0,5,unknown3,0.398350756423297
W9_tile_7_cell_851,tile_W9_7,W9,9w_1d,4814.0,12576.0,682.35588,1785.3985,682.35588,1785.3985,128,185.0,3,Fibroblast2,0.969540018130503
W9_tile_7_cell_852,tile_W9_7,W9,9w_1d,4032.0,12589.0,571.3275199999999,1787.24424,571.3275199999999,1787.24424,126,185.0,8,Fibroblast1,0.791964044317986
W9_tile_7_cell_860,tile_W9_7,W9,9w_1d,4000.0,12475.0,566.7841599999999,1771.05852,566.7841599999999,1771.05852,229,384.0,8,Fibroblast2,0.343088186020725
W9_tile_7_cell_862,tile_W9_7,W9,9w_1d,4914.0,12401.0,696.5538799999999,1760.552,696.5538799999999,1760.552,145,259.0,9,Hofbauer cells,0.818264086824111
W9_tile_7_cell_864,tile_W9_7,W9,9w_1d,4018.0,12370.0,569.3398,1756.15062,569.3398,1756.15062,220,371.0,8,Endothelial_cells,0.774463722985349
W9_tile_7_cell_87,tile_W9_7,W9,9w_1d,4083.0,12076.0,578.5685,1714.4085,578.5685,1714.4085,164,250.0,8,Fibroblast1,0.833739036320236
W9_tile_7_cell_870,tile_W9_7,W9,9w_1d,3859.0,12256.0,546.76498,1739.9649,546.76498,1739.9649,76,103.0,4,Fibroblast2,0.431856834689395
W9_tile_7_cell_873,tile_W9_7,W9,9w_1d,3965.0,12286.0,561.81486,1744.2243,561.81486,1744.2243,70,103.0,12,Endothelial_cells,0.295712245285604
W9_tile_7_cell_874,tile_W9_7,W9,9w_1d,4937.0,12310.0,699.8194199999999,1747.6318199999998,699.8194199999999,1747.6318199999998,237,501.0,9,Hofbauer cells,0.497952675768915
W9_tile_7_cell_881,tile_W9_7,W9,9w_1d,4917.0,12189.0,696.97982,1730.4522399999998,696.97982,1730.4522399999998,60,87.0,4,Fibroblast2,0.322549798236247
W9_tile_7_cell_882,tile_W9_7,W9,9w_1d,3863.0,12180.0,547.3329,1729.1744199999998,547.3329,1729.1744199999998,250,425.0,3,Fibroblast2,0.743485137149687
W9_tile_7_cell_888,tile_W9_7,W9,9w_1d,4093.0,12160.0,579.9883,1726.33482,579.9883,1726.33482,198,317.0,8,Fibroblast1,0.67612556272542
W9_tile_7_cell_890,tile_W9_7,W9,9w_1d,4021.0,12141.0,569.7657399999999,1723.6372,569.7657399999999,1723.6372,110,144.0,12,Fibroblast1,0.690149244339945
W9_tile_7_cell_891,tile_W9_7,W9,9w_1d,4988.5,12142.0,707.13139,1723.77918,707.13139,1723.77918,94,132.0,9,Hofbauer cells,0.824273442283223
W9_tile_7_cell_893,tile_W9_7,W9,9w_1d,4703.0,12088.0,666.5961,1716.11226,666.5961,1716.11226,91,162.0,9,Hofbauer cells,0.673311785825457
W9_tile_7_cell_895,tile_W9_7,W9,9w_1d,3813.5,12118.0,540.30489,1720.37166,540.30489,1720.37166,69,100.0,4,Fibroblast2,0.59828192357475
W9_tile_7_cell_899,tile_W9_7,W9,9w_1d,3911.0,12043.0,554.14794,1709.72316,554.14794,1709.72316,182,294.0,3,Fibroblast2,0.823343916602286
W9_tile_7_cell_900,tile_W9_7,W9,9w_1d,4028.0,12070.5,570.7596,1713.62761,570.7596,1713.62761,114,178.0,12,Endothelial_cells,0.691044347786111
W9_tile_7_cell_901,tile_W9_7,W9,9w_1d,4735.0,11997.0,671.13946,1703.19208,671.13946,1703.19208,103,152.0,3,Fibroblast2,0.782979772669199
W9_tile_7_cell_902,tile_W9_7,W9,9w_1d,4236.0,11964.0,600.29144,1698.50674,600.29144,1698.50674,191,335.0,9,Hofbauer cells,0.764619068897641
W9_tile_7_cell_903,tile_W9_7,W9,9w_1d,4945.0,11992.0,700.95526,1702.48218,700.95526,1702.48218,83,129.0,8,Fibroblast1,0.379260090151605
W9_tile_7_cell_904,tile_W9_7,W9,9w_1d,4104.0,12005.0,581.55008,1704.32792,581.55008,1704.32792,194,319.0,8,Fibroblast1,0.790927413851905
W9_tile_7_cell_905,tile_W9_7,W9,9w_1d,3797.0,11882.0,537.96222,1686.86438,537.96222,1686.86438,110,145.0,4,Fibroblast2,0.669125900356799
W9_tile_7_cell_906,tile_W9_7,W9,9w_1d,4913.0,11936.0,696.4119,1694.5313,696.4119,1694.5313,123,193.0,8,Fibroblast1,0.570410140029365
W9_tile_7_cell_907,tile_W9_7,W9,9w_1d,4076.0,11885.0,577.5746399999999,1687.2903199999998,577.5746399999999,1687.2903199999998,220,365.0,8,Fibroblast1,0.602852667775573
W9_tile_7_cell_909,tile_W9_7,W9,9w_1d,3947.0,11839.0,559.25922,1680.75924,559.25922,1680.75924,68,83.0,4,vCTB2,0.224889910317609
W9_tile_7_cell_91,tile_W9_7,W9,9w_1d,4643.0,12038.0,658.0772999999999,1709.01326,658.0772999999999,1709.01326,165,285.0,3,Fibroblast2,0.85639019597714
W9_tile_7_cell_911,tile_W9_7,W9,9w_1d,4846.0,11830.0,686.89924,1679.4814199999998,686.89924,1679.4814199999998,79,102.0,8,Fibroblast1,0.443488016156012
W9_tile_7_cell_914,tile_W9_7,W9,9w_1d,4988.5,11790.0,707.13139,1673.80222,707.13139,1673.80222,98,118.0,0,vCTB2,0.438035823437175
W9_tile_7_cell_915,tile_W9_7,W9,9w_1d,3978.0,11757.0,563.6605999999999,1669.11688,563.6605999999999,1669.11688,100,159.0,12,Endothelial_cells,0.31406410807108
W9_tile_7_cell_917,tile_W9_7,W9,9w_1d,4826.5,11712.0,684.13063,1662.72778,684.13063,1662.72778,64,84.0,4,vCTB2,0.227909675131371
W9_tile_7_cell_919,tile_W9_7,W9,9w_1d,4942.0,11743.0,700.52932,1667.12916,700.52932,1667.12916,69,107.0,0,vCTB2,0.667826352300873
W9_tile_7_cell_920,tile_W9_7,W9,9w_1d,4103.0,11688.0,581.4081,1659.32026,581.4081,1659.32026,356,773.0,8,Fibroblast2,0.56546790617009
W9_tile_7_cell_921,tile_W9_7,W9,9w_1d,3903.0,11668.0,553.0121,1656.48066,553.0121,1656.48066,160,269.0,3,Endothelial_cells,0.426422105669577
W9_tile_7_cell_924,tile_W9_7,W9,9w_1d,4791.0,11669.0,679.09034,1656.62264,679.09034,1656.62264,178,303.0,9,Hofbauer cells,0.826750555046037
W9_tile_7_cell_928,tile_W9_7,W9,9w_1d,3853.0,11585.0,545.9131,1644.69632,545.9131,1644.69632,148,234.0,3,Fibroblast2,0.957961855833304
W9_tile_7_cell_929,tile_W9_7,W9,9w_1d,3966.0,11585.0,561.9568399999999,1644.69632,561.9568399999999,1644.69632,65,84.0,12,Endothelial_cells,0.298528598890785
W9_tile_7_cell_930,tile_W9_7,W9,9w_1d,4832.0,11523.0,684.91152,1635.89356,684.91152,1635.89356,191,313.0,5,unknown3,0.331646483077397
W9_tile_7_cell_935,tile_W9_7,W9,9w_1d,4027.0,11492.0,570.61762,1631.49218,570.61762,1631.49218,171,269.0,8,Fibroblast1,0.697817197575198
W9_tile_7_cell_939,tile_W9_7,W9,9w_1d,3915.0,11462.0,554.71586,1627.23278,554.71586,1627.23278,156,225.0,8,Fibroblast1,0.601851321776597
W9_tile_7_cell_945,tile_W9_7,W9,9w_1d,4865.0,11400.0,689.59686,1618.43002,689.59686,1618.43002,120,164.0,5,vCTB2,0.407960329953037
W9_tile_7_cell_954,tile_W9_7,W9,9w_1d,4997.0,11318.0,708.33822,1606.78766,708.33822,1606.78766,116,157.0,9,unknown2,0.542407104314436
W9_tile_7_cell_959,tile_W9_7,W9,9w_1d,3847.0,11182.0,545.0612199999999,1587.47838,545.0612199999999,1587.47838,88,103.0,4,Fibroblast2,0.325051568936074
W9_tile_7_cell_960,tile_W9_7,W9,9w_1d,4852.0,11173.0,687.75112,1586.20056,687.75112,1586.20056,108,135.0,0,vCTB2,0.446775729681867
W9_tile_8_cell_1194,tile_W9_8,W9,9w_1d,13909.0,12191.0,1973.66398,1730.7362,1973.66398,1730.7362,51,85.0,1,EVT2,0.457157641171418
W9_tile_8_cell_1220,tile_W9_8,W9,9w_1d,14253.0,12135.0,2022.5051,1722.78532,2022.5051,1722.78532,72,115.0,1,EVT2,0.65227664782558
W9_tile_8_cell_1262,tile_W9_8,W9,9w_1d,13412.0,11838.5,1903.09992,1680.68825,1903.09992,1680.68825,84,134.0,1,EVT2,0.840019345636238
W9_tile_8_cell_1386,tile_W9_8,W9,9w_1d,14328.0,12388.0,2033.1536,1758.70626,2033.1536,1758.70626,54,81.0,1,EVT2,0.650977368208478
W9_tile_8_cell_1432,tile_W9_8,W9,9w_1d,14051.0,12685.0,1993.82514,1800.87432,1993.82514,1800.87432,60,91.0,1,EVT2,0.718843205414064
W9_tile_8_cell_1452,tile_W9_8,W9,9w_1d,13896.0,12434.0,1971.81824,1765.23734,1971.81824,1765.23734,60,94.0,1,EVT2,0.439880663293086
W9_tile_8_cell_1570,tile_W9_8,W9,9w_1d,14356.0,12605.0,2037.12904,1789.51592,2037.12904,1789.51592,80,125.0,1,EVT2,0.845976389044956
W9_tile_8_cell_1571,tile_W9_8,W9,9w_1d,14409.0,12532.0,2044.65398,1779.15138,2044.65398,1779.15138,146,253.0,6,EVT2,0.9175760170288
W9_tile_8_cell_1573,tile_W9_8,W9,9w_1d,14459.0,12438.0,2051.75298,1765.80526,2051.75298,1765.80526,68,93.0,1,vCTB2,0.412740804120848
W9_tile_8_cell_1588,tile_W9_8,W9,9w_1d,13545.0,12213.0,1921.98326,1733.85976,1921.98326,1733.85976,121,241.0,6,EVT2,0.913709778139898
W9_tile_8_cell_1589,tile_W9_8,W9,9w_1d,13508.0,12145.0,1916.73,1724.20512,1916.73,1724.20512,81,125.0,1,EVT2,0.855931885655992
W9_tile_8_cell_1590,tile_W9_8,W9,9w_1d,13526.0,12099.5,1919.28564,1717.74503,1919.28564,1717.74503,125,250.0,6,EVT2,0.854713436370763
W9_tile_8_cell_1593,tile_W9_8,W9,9w_1d,13713.0,12079.0,1945.8359,1714.83444,1945.8359,1714.83444,63,120.0,1,EVT2,0.691630478835009
W9_tile_8_cell_1595,tile_W9_8,W9,9w_1d,13382.0,12059.0,1898.84052,1711.9948399999998,1898.84052,1711.9948399999998,119,207.0,6,EVT2,0.92347696828029
W9_tile_8_cell_1596,tile_W9_8,W9,9w_1d,13932.0,12070.0,1976.92952,1713.5566199999998,1976.92952,1713.5566199999998,137,299.0,6,EVT2,0.969110438925072
W9_tile_8_cell_1597,tile_W9_8,W9,9w_1d,13815.0,12070.0,1960.31786,1713.5566199999998,1960.31786,1713.5566199999998,70,110.0,1,EVT2,0.77770535012583
W9_tile_8_cell_1600,tile_W9_8,W9,9w_1d,14023.0,12052.0,1989.8497,1711.00098,1989.8497,1711.00098,90,137.0,6,EVT2,0.902572635470879
W9_tile_8_cell_1601,tile_W9_8,W9,9w_1d,14070.0,12011.0,1996.52276,1705.1798,1996.52276,1705.1798,172,357.0,6,EVT2,0.831122126328881
W9_tile_8_cell_1606,tile_W9_8,W9,9w_1d,13605.0,11986.0,1930.50206,1701.6303,1930.50206,1701.6303,146,291.0,6,EVT2,0.850381274979638
W9_tile_8_cell_1607,tile_W9_8,W9,9w_1d,13421.5,11953.5,1904.44873,1697.01595,1904.44873,1697.01595,213,462.0,6,EVT2,0.599036029111671
W9_tile_8_cell_1608,tile_W9_8,W9,9w_1d,13981.0,11984.5,1983.88654,1701.41733,1983.88654,1701.41733,59,86.0,1,vCTB2,0.39506336099325
W9_tile_8_cell_1609,tile_W9_8,W9,9w_1d,13694.5,11962.0,1943.20927,1698.2227799999998,1943.20927,1698.2227799999998,81,148.0,1,EVT2,0.887024621231617
W9_tile_8_cell_1612,tile_W9_8,W9,9w_1d,13468.0,11890.5,1911.0508,1688.0712099999998,1911.0508,1688.0712099999998,90,170.0,1,EVT2,0.919069799746943
W9_tile_8_cell_1613,tile_W9_8,W9,9w_1d,13788.0,11945.0,1956.4844,1695.80912,1956.4844,1695.80912,192,444.0,6,EVT2,0.777339296049608
W9_tile_8_cell_1614,tile_W9_8,W9,9w_1d,13571.0,11887.0,1925.67474,1687.57428,1925.67474,1687.57428,84,159.0,6,EVT2,0.898524960970151
W9_tile_8_cell_1616,tile_W9_8,W9,9w_1d,13627.0,11816.0,1933.62562,1677.4937,1933.62562,1677.4937,110,176.0,6,EVT2,0.878089983574595
W9_tile_8_cell_1617,tile_W9_8,W9,9w_1d,13544.0,11814.0,1921.84128,1677.20974,1921.84128,1677.20974,135,263.0,6,EVT2,0.920195490661214
W9_tile_8_cell_1620,tile_W9_8,W9,9w_1d,13483.5,11795.0,1913.25149,1674.51212,1913.25149,1674.51212,120,198.0,6,EVT2,0.930794483273687
W9_tile_8_cell_20,tile_W9_8,W9,9w_1d,13606.0,12271.0,1930.64404,1742.0946,1930.64404,1742.0946,72,99.0,1,EVT2,0.655661844193586
W9_tile_8_cell_285,tile_W9_8,W9,9w_1d,13853.0,12472.0,1965.7131,1770.63258,1965.7131,1770.63258,90,151.0,6,EVT2,0.859369856452931
W9_tile_8_cell_317,tile_W9_8,W9,9w_1d,13664.0,12173.0,1938.87888,1728.18056,1938.87888,1728.18056,126,251.0,6,EVT2,0.905290759399347
W9_tile_8_cell_394,tile_W9_8,W9,9w_1d,13672.0,11872.0,1940.01472,1685.44458,1940.01472,1685.44458,131,237.0,6,EVT2,0.950835958322712
W9_tile_8_cell_455,tile_W9_8,W9,9w_1d,13814.0,12222.0,1960.17588,1735.1375799999998,1960.17588,1735.1375799999998,50,84.0,1,EVT2,0.69991758162753
W9_tile_8_cell_597,tile_W9_8,W9,9w_1d,13412.0,12115.0,1903.09992,1719.94572,1903.09992,1719.94572,69,94.0,1,EVT2,0.571887883385207
W9_tile_8_cell_771,tile_W9_8,W9,9w_1d,14333.0,12741.0,2033.8635,1808.8252,2033.8635,1808.8252,98,153.0,6,EVT2,0.860817299648732
W9_tile_8_cell_964,tile_W9_8,W9,9w_1d,14269.0,12349.0,2024.77678,1753.16904,2024.77678,1753.16904,57,112.0,1,EVT2,0.683376103515917
W9_tile_9_cell_1022,tile_W9_9,W9,9w_1d,15500.0,12880.0,2199.55416,1828.56042,2199.55416,1828.56042,91,163.0,0,vCTB2,0.594502324009724
W9_tile_9_cell_1026,tile_W9_9,W9,9w_1d,15088.0,12874.0,2141.0584,1827.70854,2141.0584,1827.70854,82,113.0,0,vCTB2,0.511028091514819
W9_tile_9_cell_1027,tile_W9_9,W9,9w_1d,15643.0,12856.5,2219.8573,1825.22389,2219.8573,1825.22389,151,314.0,5,vCTB2,0.452800000946074
W9_tile_9_cell_1033,tile_W9_9,W9,9w_1d,15231.0,12799.5,2161.36154,1817.13103,2161.36154,1817.13103,76,130.0,0,vCTB2,0.633861065863853
W9_tile_9_cell_1034,tile_W9_9,W9,9w_1d,15724.0,12786.0,2231.35768,1815.2143,2231.35768,1815.2143,58,81.0,0,vCTB2,0.699388246118861
W9_tile_9_cell_1035,tile_W9_9,W9,9w_1d,15535.5,12760.5,2204.59445,1811.59381,2204.59445,1811.59381,105,146.0,4,Fibroblast2,0.349645024984876
W9_tile_9_cell_1036,tile_W9_9,W9,9w_1d,15608.0,12731.0,2214.888,1807.4054,2214.888,1807.4054,95,125.0,0,vCTB2,0.493259455080662
W9_tile_9_cell_1037,tile_W9_9,W9,9w_1d,15464.0,12759.0,2194.44288,1811.38084,2194.44288,1811.38084,91,147.0,0,vCTB2,0.705859888212158
W9_tile_9_cell_1042,tile_W9_9,W9,9w_1d,15727.0,12692.0,2231.78362,1801.86818,2231.78362,1801.86818,255,521.0,5,unknown3,0.427199661255934
W9_tile_9_cell_1046,tile_W9_9,W9,9w_1d,15502.0,12621.0,2199.83812,1791.7876,2199.83812,1791.7876,93,163.0,0,vCTB2,0.597033028777482
W9_tile_9_cell_1053,tile_W9_9,W9,9w_1d,15781.0,12571.5,2239.45054,1784.75959,2239.45054,1784.75959,69,104.0,0,vCTB2,0.648957933483402
W9_tile_9_cell_1055,tile_W9_9,W9,9w_1d,15507.0,12528.0,2200.54802,1778.5834599999998,2200.54802,1778.5834599999998,65,105.0,0,vCTB2,0.715848873319267
W9_tile_9_cell_1056,tile_W9_9,W9,9w_1d,16039.0,12545.0,2276.08138,1780.99712,2276.08138,1780.99712,73,99.0,0,vCTB2,0.484526287208087
W9_tile_9_cell_1058,tile_W9_9,W9,9w_1d,15562.0,12523.0,2208.35692,1777.87356,2208.35692,1777.87356,73,95.0,0,vCTB2,0.610000387744631
W9_tile_9_cell_1064,tile_W9_9,W9,9w_1d,15747.0,12509.0,2234.62322,1775.88584,2234.62322,1775.88584,53,81.0,0,vCTB2,0.675461271369767
W9_tile_9_cell_1066,tile_W9_9,W9,9w_1d,16042.0,12440.0,2276.50732,1766.0892199999998,2276.50732,1766.0892199999998,131,228.0,5,vCTB2,0.490073070068158
W9_tile_9_cell_1070,tile_W9_9,W9,9w_1d,15571.0,12474.0,2209.63474,1770.91654,2209.63474,1770.91654,94,149.0,0,vCTB2,0.564545523637332
W9_tile_9_cell_1074,tile_W9_9,W9,9w_1d,15612.0,12427.0,2215.45592,1764.24348,2215.45592,1764.24348,82,125.0,0,vCTB2,0.663648025619865
W9_tile_9_cell_1115,tile_W9_9,W9,9w_1d,15839.0,11852.5,2247.68538,1682.67597,2247.68538,1682.67597,60,80.0,2,vCTB2,0.607040094202779
W9_tile_9_cell_1128,tile_W9_9,W9,9w_1d,15663.0,11642.0,2222.6969,1652.78918,2222.6969,1652.78918,102,147.0,0,vCTB2,0.429381901805997
W9_tile_9_cell_1135,tile_W9_9,W9,9w_1d,15416.0,11502.0,2187.62784,1632.91198,2187.62784,1632.91198,123,204.0,5,vCTB2,0.601404456665179
W9_tile_9_cell_1143,tile_W9_9,W9,9w_1d,15637.5,11470.0,2219.07641,1628.36862,2219.07641,1628.36862,83,146.0,0,vCTB2,0.630973149767643
W9_tile_9_cell_1147,tile_W9_9,W9,9w_1d,15540.0,11433.0,2205.23336,1623.11536,2205.23336,1623.11536,202,365.0,3,Fibroblast2,0.47626168104701
W9_tile_9_cell_1152,tile_W9_9,W9,9w_1d,15599.0,11405.0,2213.61018,1619.1399199999998,2213.61018,1619.1399199999998,56,81.0,0,vCTB2,0.74312974013456
W9_tile_9_cell_1153,tile_W9_9,W9,9w_1d,15654.0,11398.5,2221.41908,1618.21705,2221.41908,1618.21705,80,132.0,0,vCTB2,0.687490636693585
W9_tile_9_cell_1164,tile_W9_9,W9,9w_1d,15716.0,11315.0,2230.22184,1606.36172,2230.22184,1606.36172,143,224.0,5,vCTB2,0.376723794983359
W9_tile_9_cell_1182,tile_W9_9,W9,9w_1d,15342.0,11199.0,2177.12132,1589.89204,2177.12132,1589.89204,136,347.0,3,Fibroblast2,0.88887327936803
W9_tile_9_cell_1187,tile_W9_9,W9,9w_1d,15177.5,11163.5,2153.76561,1584.85175,2153.76561,1584.85175,95,142.0,8,Fibroblast1,0.423669753619311
W9_tile_9_cell_1190,tile_W9_9,W9,9w_1d,15537.0,11144.0,2204.80742,1582.08314,2204.80742,1582.08314,191,371.0,5,STB,0.307777423877071
W9_tile_9_cell_158,tile_W9_9,W9,9w_1d,16082.0,12241.0,2282.18652,1737.8352,2282.18652,1737.8352,90,141.0,0,vCTB2,0.695490257732303
W9_tile_9_cell_168,tile_W9_9,W9,9w_1d,15908.0,11422.0,2257.482,1621.55358,2257.482,1621.55358,119,175.0,10,STB,0.816625845459684
W9_tile_9_cell_204,tile_W9_9,W9,9w_1d,16263.0,12694.0,2307.8849,1802.15214,2307.8849,1802.15214,133,179.0,3,Fibroblast2,0.828232524384086
W9_tile_9_cell_26,tile_W9_9,W9,9w_1d,16508.0,12462.0,2342.67,1769.2127799999998,2342.67,1769.2127799999998,88,101.0,4,Fibroblast2,0.446099673799483
W9_tile_9_cell_316,tile_W9_9,W9,9w_1d,16040.0,12314.0,2276.22336,1748.19974,2276.22336,1748.19974,129,205.0,5,vCTB2,0.468841352306933
W9_tile_9_cell_318,tile_W9_9,W9,9w_1d,16083.0,12611.0,2282.3285,1790.3678,2282.3285,1790.3678,66,85.0,0,vCTB2,0.532188591919596
W9_tile_9_cell_403,tile_W9_9,W9,9w_1d,15578.0,11332.0,2210.6286,1608.77538,2210.6286,1608.77538,115,199.0,0,vCTB2,0.606525929691797
W9_tile_9_cell_42,tile_W9_9,W9,9w_1d,16313.5,12255.0,2315.05489,1739.8229199999998,2315.05489,1739.8229199999998,98,168.0,9,Hofbauer cells,0.801024874941426
W9_tile_9_cell_449,tile_W9_9,W9,9w_1d,16232.0,12276.0,2303.48352,1742.8045,2303.48352,1742.8045,228,386.0,3,Fibroblast2,0.923157924160821
W9_tile_9_cell_459,tile_W9_9,W9,9w_1d,15835.0,11915.0,2247.11746,1691.54972,2247.11746,1691.54972,196,447.0,10,STB,0.845261111596944
W9_tile_9_cell_469,tile_W9_9,W9,9w_1d,16581.0,12248.0,2353.03454,1738.82906,2353.03454,1738.82906,162,246.0,3,Fibroblast2,0.888745788232879
W9_tile_9_cell_483,tile_W9_9,W9,9w_1d,16076.0,12378.0,2281.33464,1757.28646,2281.33464,1757.28646,87,107.0,0,EVT2,0.306741479854441
W9_tile_9_cell_514,tile_W9_9,W9,9w_1d,15702.0,11554.0,2228.23412,1640.29494,2228.23412,1640.29494,193,317.0,5,unknown3,0.275545250954901
W9_tile_9_cell_538,tile_W9_9,W9,9w_1d,16079.5,12769.0,2281.83157,1812.80064,2281.83157,1812.80064,125,166.0,0,vCTB2,0.319149432900079
W9_tile_9_cell_548,tile_W9_9,W9,9w_1d,16342.0,12164.0,2319.10132,1726.90274,2319.10132,1726.90274,68,99.0,8,Fibroblast1,0.271674808199435
W9_tile_9_cell_584,tile_W9_9,W9,9w_1d,15639.0,11223.5,2219.28938,1593.37055,2219.28938,1593.37055,183,290.0,5,unknown3,0.415888427396171
W9_tile_9_cell_592,tile_W9_9,W9,9w_1d,16479.0,12685.0,2338.55258,1800.87432,2338.55258,1800.87432,94,108.0,8,Fibroblast1,0.354075828440092
W9_tile_9_cell_601,tile_W9_9,W9,9w_1d,16397.0,12258.0,2326.91022,1740.24886,2326.91022,1740.24886,182,311.0,3,Fibroblast2,0.550557336490901
W9_tile_9_cell_616,tile_W9_9,W9,9w_1d,15189.0,11098.0,2155.39838,1575.55206,2155.39838,1575.55206,134,195.0,8,Fibroblast2,0.591673425282802
W9_tile_9_cell_660,tile_W9_9,W9,9w_1d,16408.0,12113.0,2328.472,1719.66176,2328.472,1719.66176,126,173.0,8,Fibroblast1,0.881764511758668
W9_tile_9_cell_69,tile_W9_9,W9,9w_1d,16106.0,12690.0,2285.59404,1801.58422,2285.59404,1801.58422,92,133.0,0,vCTB2,0.53944990574138
W9_tile_9_cell_693,tile_W9_9,W9,9w_1d,16289.0,12749.0,2311.57638,1809.96104,2311.57638,1809.96104,151,185.0,3,Fibroblast2,0.551017696539483
W9_tile_9_cell_715,tile_W9_9,W9,9w_1d,15677.0,12456.0,2224.68462,1768.3609,2224.68462,1768.3609,108,177.0,0,vCTB2,0.619503675022381
W9_tile_9_cell_743,tile_W9_9,W9,9w_1d,16188.0,12899.5,2297.2364,1831.32903,2297.2364,1831.32903,72,94.0,4,unknown3,0.237856538779926
W9_tile_9_cell_770,tile_W9_9,W9,9w_1d,16112.0,12551.0,2286.44592,1781.849,2286.44592,1781.849,82,117.0,0,vCTB2,0.586687467979655
W9_tile_9_cell_771,tile_W9_9,W9,9w_1d,14917.0,11751.0,2116.77982,1668.265,2116.77982,1668.265,104,192.0,6,EVT2,0.463309906506594
W9_tile_9_cell_774,tile_W9_9,W9,9w_1d,14836.0,11878.0,2105.27944,1686.29646,2105.27944,1686.29646,84,123.0,1,EVT2,0.452717393464305
W9_tile_9_cell_861,tile_W9_9,W9,9w_1d,15758.0,11448.0,2236.185,1625.24506,2236.185,1625.24506,119,150.0,0,EVT2,0.443687868022231
W9_tile_9_cell_867,tile_W9_9,W9,9w_1d,15386.0,12663.0,2183.36844,1797.75076,2183.36844,1797.75076,111,179.0,0,vCTB2,0.517950193351672
W9_tile_9_cell_902,tile_W9_9,W9,9w_1d,16053.5,12170.5,2278.14009,1727.82561,2278.14009,1727.82561,140,246.0,10,STB,0.820496337696646
W9_tile_9_cell_975,tile_W9_9,W9,9w_1d,15314.0,12818.0,2173.14588,1819.75766,2173.14588,1819.75766,91,173.0,0,vCTB2,0.657516881574855
W9_tile_9_cell_979,tile_W9_9,W9,9w_1d,16503.0,12209.0,2341.9601,1733.29184,2341.9601,1733.29184,66,91.0,8,Fibroblast1,0.317244055130443
