"gene","p_val","avg_log2FC","pct.1","pct.2","p_val_adj","significance"
"PLD1",1.27371494187578e-53,7.36981542428391,0.819,0.021,2.81274470614429e-49,"Upregulated in Hotspots"
"KLRD1",3.66872909754738e-53,-7.99435343685886,0.021,0.813,8.10165446611389e-49,"Upregulated in Coldspots"
"LINC01949",1.00794917398928e-42,-3.48199769457451,0.275,0.912,2.22585416092052e-38,"Upregulated in Coldspots"
"GULP1",1.10650942393722e-40,-3.25261015420639,0.358,0.938,2.44350476088056e-36,"Upregulated in Coldspots"
"ANK3",7.88818402009323e-40,-2.87058889719879,0.316,0.917,1.74194767715719e-35,"Upregulated in Coldspots"
"CYP19A1",8.15650581958924e-39,-3.78483929465315,0.259,0.86,1.80120118013989e-34,"Upregulated in Coldspots"
"PLAC4",3.33488512349749e-38,-3.9745887603238,0.176,0.798,7.3644268182195e-34,"Upregulated in Coldspots"
"TACC2",1.54360070458513e-37,-2.93423690274979,0.259,0.86,3.40873343593535e-33,"Upregulated in Coldspots"
"GRIP1",1.21489149883979e-36,-2.17918792277128,0.306,0.922,2.6828448968879e-32,"Upregulated in Coldspots"
"EXPH5",1.86389652615527e-36,-3.45669665091606,0.15,0.777,4.11604269870869e-32,"Upregulated in Coldspots"
"SLC43A2",4.63534450698214e-36,-2.91462624438812,0.295,0.855,1.02362312747687e-31,"Upregulated in Coldspots"
"COBLL1",8.59000810580205e-36,-2.15952436326558,0.404,0.943,1.89693149000427e-31,"Upregulated in Coldspots"
"PAPPA2",1.07777492989134e-35,-3.76856555070113,0.254,0.813,2.38005037767904e-31,"Upregulated in Coldspots"
"SLC38A1",4.6420731028353e-35,-2.7012738870229,0.244,0.85,1.02510900329912e-30,"Upregulated in Coldspots"
"TGM2",4.65399524041457e-35,-3.41192488741151,0.212,0.793,1.02774176894075e-30,"Upregulated in Coldspots"
"CEPT1",5.64371848947501e-35,2.96025382120724,0.777,0.181,1.24630235403077e-30,"Upregulated in Hotspots"
"TUSC3",5.70300414413142e-35,-2.27462238010901,0.44,0.948,1.25939440514854e-30,"Upregulated in Coldspots"
"SPRED1",1.076362024614e-34,4.02974734339405,0.705,0.104,2.37693025895509e-30,"Upregulated in Hotspots"
"PHLDB2",2.29317206311938e-34,-2.90965854637844,0.326,0.891,5.06401186698652e-30,"Upregulated in Coldspots"
"ZEB2",2.61256656309253e-34,3.3208092929384,0.829,0.342,5.76933074127724e-30,"Upregulated in Hotspots"
"SHANK2",4.20997855213072e-34,-2.80202640246041,0.244,0.85,9.29689563667026e-30,"Upregulated in Coldspots"
"ZFAT",8.16941292169666e-34,-2.24377094490525,0.332,0.912,1.80405145549827e-29,"Upregulated in Coldspots"
"AC022872.1",1.01070420791133e-33,-2.9935449778627,0.161,0.756,2.2319381023306e-29,"Upregulated in Coldspots"
"SPTLC3",1.0750817154727e-33,-3.15346040002458,0.363,0.865,2.37410295227836e-29,"Upregulated in Coldspots"
"ATXN1",2.34458480104703e-33,3.64385618977472,0.715,0.14,5.17754661615217e-29,"Upregulated in Hotspots"
"NRK",1.31458057004964e-32,-2.61056731687156,0.176,0.788,2.90298827284062e-28,"Upregulated in Coldspots"
"ADAMTS6",2.07924040501126e-32,-2.90880525420525,0.249,0.839,4.59158658638637e-28,"Upregulated in Coldspots"
"EGFR",3.62545723775521e-32,-2.1342002709253,0.42,0.922,8.00609721813482e-28,"Upregulated in Coldspots"
"ERVW-1",4.30546118141909e-32,-2.96538624491866,0.124,0.699,9.50774992692778e-28,"Upregulated in Coldspots"
"FBN2",6.03637734878649e-32,-1.93161302501975,0.363,0.907,1.33301320993252e-27,"Upregulated in Coldspots"
"PSG6",1.16231513088893e-31,-3.66888498426625,0.083,0.653,2.56674050354203e-27,"Upregulated in Coldspots"
"CHODL",1.28011939208608e-31,-2.87808943359484,0.083,0.679,2.82688765354368e-27,"Upregulated in Coldspots"
"PSG3",1.38085968546015e-31,-2.81256321306037,0.207,0.772,3.04935244340165e-27,"Upregulated in Coldspots"
"SYNE2",2.06733756171953e-31,-1.92253458455416,0.513,0.948,4.56530153754524e-27,"Upregulated in Coldspots"
"ZSWIM6",2.42511642978042e-31,3.36806987653208,0.741,0.212,5.3553846118841e-27,"Upregulated in Hotspots"
"PAPPA",3.29708272979228e-31,-3.32891850779298,0.254,0.793,7.2809477922003e-27,"Upregulated in Coldspots"
"DOCK4",4.68250581497977e-31,2.99005719675242,0.668,0.088,1.03403775912198e-26,"Upregulated in Hotspots"
"PRKCZ",1.57713614454656e-30,-3.18982455888002,0.161,0.72,3.48278974800218e-26,"Upregulated in Coldspots"
"MED12L",1.64473722484202e-30,-2.63459326844576,0.145,0.736,3.63207321361862e-26,"Upregulated in Coldspots"
"MAST4",1.78900454815252e-30,-1.61447174288388,0.337,0.912,3.95065874368522e-26,"Upregulated in Coldspots"
"RYBP",2.30030998412965e-30,-2.78962655287389,0.58,0.922,5.07977453795352e-26,"Upregulated in Coldspots"
"C20orf194",3.09499336626806e-30,3.37174721629601,0.653,0.088,6.83467385072975e-26,"Upregulated in Hotspots"
"SPIRE1",4.44677763196461e-30,4.61890983264449,0.585,0.047,9.81981904466744e-26,"Upregulated in Hotspots"
"GRHL2",4.76369332003987e-30,-2.66664629831486,0.181,0.751,1.0519663958644e-25,"Upregulated in Coldspots"
"AC211433.1",5.75328447324173e-30,-2.60550535945857,0.295,0.824,1.27049781022597e-25,"Upregulated in Coldspots"
"PDZD2",6.94785315906392e-30,-2.20819501837003,0.218,0.808,1.53429441311609e-25,"Upregulated in Coldspots"
"WIPF1",6.98018248523015e-30,2.59790155642865,0.725,0.171,1.54143369821337e-25,"Upregulated in Hotspots"
"LCMT1-AS2",7.71829532234882e-30,-3.17238904139379,0.067,0.632,1.70443115603429e-25,"Upregulated in Coldspots"
"ADAM12",9.80720610770036e-30,-2.87841810315792,0.544,0.917,2.16572532476347e-25,"Upregulated in Coldspots"
"DISP1",1.22520662707901e-29,4.4166467521405,0.617,0.073,2.70562379457857e-25,"Upregulated in Hotspots"
"PDGFC",1.8792036194399e-29,4.77082904603249,0.58,0.052,4.14984535280913e-25,"Upregulated in Hotspots"
"RHOBTB1",1.99557456598874e-29,-2.60263027278403,0.352,0.865,4.40682731407294e-25,"Upregulated in Coldspots"
"NECTIN3",2.0172441482642e-29,-3.08839511594571,0.176,0.705,4.45468025261184e-25,"Upregulated in Coldspots"
"MAN1A2",4.96260871402783e-29,-2.27389872325672,0.632,0.953,1.09589288231876e-24,"Upregulated in Coldspots"
"LINC00882",5.23713515430865e-29,-3.34641390442289,0.181,0.741,1.15651655612598e-24,"Upregulated in Coldspots"
"VGLL3",7.37803567707045e-29,-2.76515127184491,0.347,0.834,1.62929161856747e-24,"Upregulated in Coldspots"
"PLEKHA6",7.86686602431926e-29,-3.50499419601774,0.083,0.627,1.73724002415042e-24,"Upregulated in Coldspots"
"CEP170",1.25085892769473e-28,2.89178370321831,0.699,0.161,2.76227177002828e-24,"Upregulated in Hotspots"
"LDLRAD4",1.49325656698836e-28,4.06465295834225,0.591,0.067,3.29755847688039e-24,"Upregulated in Hotspots"
"MIR99AHG",1.98801899371314e-28,4.23202112253422,0.57,0.047,4.39014234381673e-24,"Upregulated in Hotspots"
"ZNF83",2.88964216048486e-28,-2.29307323221518,0.43,0.865,6.38119678299872e-24,"Upregulated in Coldspots"
"ETNK1",3.04638392715655e-28,1.94251450533924,0.876,0.42,6.7273296263398e-24,"Upregulated in Hotspots"
"RPS6KA5",3.50719404355603e-28,-2.35221066182341,0.28,0.803,7.74493660638478e-24,"Upregulated in Coldspots"
"PEAK1",4.28948105047052e-28,2.71407587864648,0.808,0.368,9.47246100375406e-24,"Upregulated in Hotspots"
"CCDC88A",4.71704521939931e-28,2.67729438149323,0.668,0.104,1.04166509579995e-23,"Upregulated in Hotspots"
"INHBA",5.31930804348199e-28,-3.69526876263793,0.041,0.57,1.17466279524213e-23,"Upregulated in Coldspots"
"PSG8",6.41753915200428e-28,-3.49456748102671,0.083,0.611,1.41718517093711e-23,"Upregulated in Coldspots"
"SEMA6A",7.05629203634174e-28,-1.81686514134008,0.326,0.855,1.55824097038535e-23,"Upregulated in Coldspots"
"SH3RF3",1.18673661009065e-27,3.85244281158614,0.575,0.057,2.62067045606318e-23,"Upregulated in Hotspots"
"HSD3B1",1.85912967675701e-27,-3.50647288560245,0.14,0.642,4.10551606518251e-23,"Upregulated in Coldspots"
"LPP",1.89358814437672e-27,2.21893234217877,0.896,0.606,4.18161069922711e-23,"Upregulated in Hotspots"
"PSG5",3.5780584211414e-27,-2.98824202912383,0.145,0.668,7.90142641140656e-23,"Upregulated in Coldspots"
"NHSL1",5.17035963880746e-27,-1.9961249102652,0.611,0.948,1.14177051903785e-22,"Upregulated in Coldspots"
"CRIM1",6.41720876111025e-27,-2.08715643898926,0.684,0.943,1.41711221071598e-22,"Upregulated in Coldspots"
"C4orf19",6.83136380153097e-27,-3.3029865312339,0.104,0.622,1.50857006829208e-22,"Upregulated in Coldspots"
"TRPS1",9.60514005548041e-27,3.36257007938471,0.611,0.088,2.12110307845174e-22,"Upregulated in Hotspots"
"CGA",9.66115095659534e-27,-2.62725589570853,0.642,0.943,2.13347196574495e-22,"Upregulated in Coldspots"
"KISS1",1.45289838990656e-26,-2.24425011219595,0.565,0.917,3.20843551443067e-22,"Upregulated in Coldspots"
"CERS6",1.54068988446467e-26,3.66588249610472,0.565,0.057,3.40230547186334e-22,"Upregulated in Hotspots"
"ATP8B4",1.87630974125671e-26,4.16208424822513,0.57,0.078,4.14345480161719e-22,"Upregulated in Hotspots"
"MEF2A",2.08675662412414e-26,1.97862634920743,0.798,0.342,4.60818465305333e-22,"Upregulated in Hotspots"
"GAS7",2.81727513669585e-26,3.0933037198394,0.611,0.093,6.22138868436545e-22,"Upregulated in Hotspots"
"GLDN",3.00818442423537e-26,-4.09592441999854,0.041,0.534,6.64297366403897e-22,"Upregulated in Coldspots"
"AZIN1",3.07343921643529e-26,-2.58496250072116,0.383,0.808,6.78707582165405e-22,"Upregulated in Coldspots"
"CLIC4",3.50502445110742e-26,-2.14524184946902,0.482,0.886,7.74014549538052e-22,"Upregulated in Coldspots"
"PSG2",3.98420679019092e-26,-2.97618903872893,0.135,0.642,8.79832385477862e-22,"Upregulated in Coldspots"
"NEBL",4.06562934489522e-26,-2.08658768499609,0.316,0.839,8.97812928233212e-22,"Upregulated in Coldspots"
"ESRRG",4.29175502963786e-26,-1.79092937414449,0.301,0.85,9.47748263194929e-22,"Upregulated in Coldspots"
"FAM13A",4.53594855083729e-26,-1.91957593116865,0.751,0.959,1.0016735184814e-21,"Upregulated in Coldspots"
"ANGPT2",5.14186799902253e-26,-3.2671538723432,0.13,0.632,1.13547871022415e-21,"Upregulated in Coldspots"
"AC009879.4",5.52585525316327e-26,-3.55581615506164,0.062,0.56,1.22027461555605e-21,"Upregulated in Coldspots"
"PSG4",7.69950774443184e-26,-2.98399952130628,0.13,0.637,1.70028229520288e-21,"Upregulated in Coldspots"
"TPM1",1.10905757220876e-25,3.21089678249862,0.642,0.114,2.4491318367086e-21,"Upregulated in Hotspots"
"ADK",1.1366108663416e-25,-1.7164711187596,0.663,0.964,2.50997777614215e-21,"Upregulated in Coldspots"
"CELF2",1.63982806238874e-25,4.01122725542325,0.56,0.073,3.62123231017306e-21,"Upregulated in Hotspots"
"SLC38A6",2.45215398677801e-25,3.96706611063792,0.57,0.088,5.41509164900187e-21,"Upregulated in Hotspots"
"BZW2",2.46801535395133e-25,-2.06999893550885,0.332,0.819,5.45011830613073e-21,"Upregulated in Coldspots"
"DEPDC1B",3.20059411148202e-25,-2.70112884881619,0.145,0.648,7.06787197638574e-21,"Upregulated in Coldspots"
"PHYHIPL",4.43150686623815e-25,-3.78659636189081,0.067,0.549,9.7860966127137e-21,"Upregulated in Coldspots"
"ADGRG6",5.66405299528297e-25,-2.60248855330617,0.166,0.679,1.25079282294834e-20,"Upregulated in Coldspots"
"KMO",6.19307552995065e-25,-3.25084499682588,0.057,0.539,1.367616869279e-20,"Upregulated in Coldspots"
"OPHN1",6.58138373059179e-25,-2.29834127456975,0.487,0.86,1.45336696922658e-20,"Upregulated in Coldspots"
"MAN1A1",7.1983429992691e-25,2.80395367480626,0.751,0.337,1.58961008452859e-20,"Upregulated in Hotspots"
"CLIP1",8.10235862410416e-25,-1.51407901456465,0.601,0.917,1.78924385496092e-20,"Upregulated in Coldspots"
"SLC9A9",8.54105605844719e-25,3.95055860708973,0.627,0.161,1.88612140938689e-20,"Upregulated in Hotspots"
"MB21D2",1.02158444346312e-24,-1.7740672209583,0.207,0.741,2.2559649264996e-20,"Upregulated in Coldspots"
"DLG5",1.2878099270581e-24,-2.06037261797948,0.269,0.772,2.84387066192241e-20,"Upregulated in Coldspots"
"TSHZ3",1.30982401650976e-24,3.74024072619907,0.528,0.047,2.89248437565851e-20,"Upregulated in Hotspots"
"RHOBTB3",1.38798617081071e-24,-2.59494658929378,0.539,0.845,3.06508986100129e-20,"Upregulated in Coldspots"
"BMP1",1.61875612731066e-24,-3.40525647848626,0.104,0.58,3.57469915594013e-20,"Upregulated in Coldspots"
"THSD7A",1.6438878632139e-24,-1.58772364039821,0.415,0.896,3.63019756833526e-20,"Upregulated in Coldspots"
"MEF2C",1.6806499259648e-24,3.70924049949493,0.56,0.083,3.71137923150806e-20,"Upregulated in Hotspots"
"LRRC1",2.45597781096466e-24,-2.3245252063734,0.202,0.705,5.42353579995326e-20,"Upregulated in Coldspots"
"BCL2",2.92830625533239e-24,-2.0933037198394,0.389,0.829,6.46657870365051e-20,"Upregulated in Coldspots"
"MYO5A",3.45353806825496e-24,3.49452228310566,0.565,0.088,7.62644811612743e-20,"Upregulated in Hotspots"
"FBLN1",3.54765336671155e-24,-1.99192669946432,0.383,0.855,7.83428292970912e-20,"Upregulated in Coldspots"
"CSF3R",3.58851955528748e-24,-2.20234647913469,0.192,0.71,7.92452773394133e-20,"Upregulated in Coldspots"
"EXOC6B",3.605261344633e-24,-1.83898199866988,0.829,0.964,7.96149862735305e-20,"Upregulated in Coldspots"
"ZNF117",4.17168629704962e-24,-3.63471553591826,0.29,0.705,9.21233484977467e-20,"Upregulated in Coldspots"
"PIAS2",5.50795787424013e-24,2.94029375387573,0.565,0.078,1.21632233736845e-19,"Upregulated in Hotspots"
"RUNX1",5.54977308719518e-24,3.63060516627687,0.565,0.093,1.22555639084531e-19,"Upregulated in Hotspots"
"SH3TC2",5.72425983035944e-24,-2.70834491622644,0.088,0.565,1.26408829833828e-19,"Upregulated in Coldspots"
"APBB1IP",5.80190522233054e-24,4.4594316186373,0.477,0.026,1.28123473024725e-19,"Upregulated in Hotspots"
"CD36",7.05617304157969e-24,2.90559611814088,0.767,0.363,1.55821469277204e-19,"Upregulated in Hotspots"
"AFF1",7.76166858365947e-24,-2.78078421304901,0.684,0.902,1.71400927332952e-19,"Upregulated in Coldspots"
"PKIB",7.94360679141079e-24,-2.24977830913153,0.321,0.803,1.75418668774724e-19,"Upregulated in Coldspots"
"GRAMD2B",8.07896501861274e-24,-2.25146401402095,0.295,0.741,1.78407784506025e-19,"Upregulated in Coldspots"
"AGAP1",9.08770581416715e-24,-1.85667124012078,0.508,0.907,2.00683807494253e-19,"Upregulated in Coldspots"
"FDX1",1.13728269337051e-23,-2.88212269045958,0.218,0.674,2.51146137177009e-19,"Upregulated in Coldspots"
"FGL1",1.19049919216851e-23,4.41990325445066,0.497,0.047,2.62897936606572e-19,"Upregulated in Hotspots"
"EPAS1",1.32512882029258e-23,-1.32540028679417,0.653,0.974,2.92628197385211e-19,"Upregulated in Coldspots"
"ENPP2",1.7464035510725e-23,2.42433524386093,0.658,0.155,3.85658296183339e-19,"Upregulated in Hotspots"
"RASA1",2.25784175075797e-23,-1.93073733756289,0.865,0.984,4.98599193819882e-19,"Upregulated in Coldspots"
"LINC01090",2.35430027375939e-23,-2.38042374419751,0.197,0.689,5.19900129454287e-19,"Upregulated in Coldspots"
"PSG9",2.49737731460281e-23,-2.88143996795156,0.155,0.627,5.51495832383739e-19,"Upregulated in Coldspots"
"TFPI2",3.1543235332664e-23,-2.53777767035704,0.601,0.891,6.96569265851219e-19,"Upregulated in Coldspots"
"NIBAN2",3.22821537570708e-23,-2.67024768866613,0.161,0.632,7.12886801417395e-19,"Upregulated in Coldspots"
"NFATC2",3.90259583834985e-23,3.20839914925695,0.539,0.078,8.61810238982798e-19,"Upregulated in Hotspots"
"TENT5A",4.6195574719532e-23,-2.32192809488736,0.285,0.756,1.02013687653143e-18,"Upregulated in Coldspots"
"SORBS1",4.79133292276263e-23,-2.32832586608551,0.202,0.699,1.05807004933367e-18,"Upregulated in Coldspots"
"PRKCB",5.47406753257991e-23,4.54432051622381,0.446,0.016,1.20883833321962e-18,"Upregulated in Hotspots"
"FAM20A",5.73117106548197e-23,4.02353551446079,0.492,0.047,1.26561450639038e-18,"Upregulated in Hotspots"
"LNCAROD",6.98130034202925e-23,5.26553691303696,0.482,0.052,1.54168055453032e-18,"Upregulated in Hotspots"
"ST6GAL1",7.61752628049464e-23,3.91146332539834,0.482,0.036,1.68217832852163e-18,"Upregulated in Hotspots"
"AC131944.1",7.9807566162181e-23,4.92184093707449,0.456,0.026,1.76239048355944e-18,"Upregulated in Hotspots"
"CPQ",8.23952304609472e-23,2.84645474174654,0.591,0.109,1.8195338742691e-18,"Upregulated in Hotspots"
"ZC3H12C",1.01016622842361e-22,4.93198157657135,0.492,0.057,2.23075008222786e-18,"Upregulated in Hotspots"
"SCN9A",1.33794367087684e-22,3.80305478462398,0.523,0.088,2.95458100839734e-18,"Upregulated in Hotspots"
"ATRNL1",2.00117602480232e-22,3.9205655325056,0.472,0.036,4.41919701557096e-18,"Upregulated in Hotspots"
"LRMDA",3.19057339370983e-22,3.79358328978242,0.627,0.212,7.04574322532942e-18,"Upregulated in Hotspots"
"STS",3.26066282135651e-22,-2.305103472246,0.233,0.705,7.20052170840159e-18,"Upregulated in Coldspots"
"TRPV6",3.29694381521245e-22,-3.16349873228288,0.036,0.477,7.28064102713366e-18,"Upregulated in Coldspots"
"FNDC3A",4.3420503803829e-22,-2.3122072478155,0.798,0.927,9.58854985499955e-18,"Upregulated in Coldspots"
"FRMD4B",4.42170664324949e-22,3.66463286844679,0.585,0.166,9.76445478028784e-18,"Upregulated in Hotspots"
"LIFR",4.49165443123448e-22,-2.55892976549282,0.415,0.85,9.9189204804951e-18,"Upregulated in Coldspots"
"CAMK2D",5.84947576664918e-22,1.91036278751532,0.534,0.062,1.29173973354914e-17,"Upregulated in Hotspots"
"PSD3",6.98563007304295e-22,2.62570884306447,0.725,0.316,1.54263668903008e-17,"Upregulated in Hotspots"
"TCL6",7.23745430342097e-22,-4.50250034052918,0.031,0.451,1.59824703382445e-17,"Upregulated in Coldspots"
"ITSN1",7.2667809259794e-22,2.27817789209434,0.788,0.42,1.60472323188403e-17,"Upregulated in Hotspots"
"PRKCA",7.72155141422343e-22,2.29879159608943,0.834,0.58,1.70515019880296e-17,"Upregulated in Hotspots"
"PSG1",8.12105375755819e-22,-3.59560974492066,0.104,0.544,1.79337230128158e-17,"Upregulated in Coldspots"
"EFHD1",9.32750979990863e-22,-3.05311133645956,0.093,0.544,2.05979398911382e-17,"Upregulated in Coldspots"
"HOPX",9.67774965162768e-22,-3.47925305955004,0.078,0.518,2.13713745556894e-17,"Upregulated in Coldspots"
"DDX60L",9.88973404401244e-22,2.52756018967623,0.627,0.166,2.18394996893927e-17,"Upregulated in Hotspots"
"PCED1B",1.07160400215884e-21,3.01252709787616,0.539,0.083,2.36642311796737e-17,"Upregulated in Hotspots"
"RAI14",1.10840193212595e-21,-1.74339186332564,0.373,0.813,2.44768398671373e-17,"Upregulated in Coldspots"
"ABCC5",1.14124700203146e-21,2.86899398784999,0.513,0.062,2.52021575458608e-17,"Upregulated in Hotspots"
"CHSY3",1.30213236977248e-21,3.78135971352466,0.492,0.057,2.87549891216856e-17,"Upregulated in Hotspots"
"SLC2A11",1.30431093309195e-21,-3.32192809488736,0.093,0.528,2.88030983354696e-17,"Upregulated in Coldspots"
"KLF6",1.30875625646167e-21,2.37586690199817,0.601,0.124,2.8901264411443e-17,"Upregulated in Hotspots"
"PLXND1",1.37823814295492e-21,3.16227142889888,0.492,0.052,3.04356329108734e-17,"Upregulated in Hotspots"
"DYSF",1.42908380758896e-21,-2.80427552912563,0.124,0.57,3.1558457722987e-17,"Upregulated in Coldspots"
"BMP2K",1.47593247004902e-21,2.82047584379105,0.813,0.482,3.25930167360926e-17,"Upregulated in Hotspots"
"RBBP6",1.66143399098874e-21,-2.54516149266318,0.415,0.777,3.66894468230044e-17,"Upregulated in Coldspots"
"NAV3",2.62293944669472e-21,3.82143010726933,0.503,0.073,5.79223718013596e-17,"Upregulated in Hotspots"
"PLXDC2",2.65455716997388e-21,2.04622984303264,0.699,0.259,5.86205859845331e-17,"Upregulated in Hotspots"
"MICU3",3.22023353163157e-21,-2.67060752780133,0.259,0.658,7.111241707902e-17,"Upregulated in Coldspots"
"MIR100HG",3.30096851035358e-21,-2.7044842821607,0.15,0.601,7.28952876141381e-17,"Upregulated in Coldspots"
"SCN1A-AS1",4.40966953319519e-21,4.23266075679027,0.446,0.036,9.73787323015493e-17,"Upregulated in Hotspots"
"LINC00474",4.50233948929153e-21,-4.91753783980803,0.021,0.42,9.94251629420248e-17,"Upregulated in Coldspots"
"CRYBG1",4.75857843621972e-21,-1.80649232410013,0.409,0.819,1.0508368760704e-16,"Upregulated in Coldspots"
"SECISBP2L",5.03061027357872e-21,-1.58496250072116,0.534,0.87,1.11090966671439e-16,"Upregulated in Coldspots"
"SLC26A7",5.51179872931354e-21,-3.81574270755032,0.021,0.43,1.21717051339431e-16,"Upregulated in Coldspots"
"CNTLN",5.99900279021673e-21,2.38404980679516,0.544,0.088,1.32475978616356e-16,"Upregulated in Hotspots"
"DOCK2",6.14866998917497e-21,3.67161688297534,0.477,0.057,1.35781079370951e-16,"Upregulated in Hotspots"
"LINC01483",6.65204324295983e-21,-3.29314519425833,0.047,0.466,1.46897070934282e-16,"Upregulated in Coldspots"
"CCSAP",7.09937624553976e-21,-2.67677081224746,0.192,0.622,1.56775525630254e-16,"Upregulated in Coldspots"
"EDA",9.65608891280508e-21,3.99177949319503,0.44,0.031,2.13235411461475e-16,"Upregulated in Hotspots"
"FMNL2",1.21405234289008e-20,1.38482798870082,0.938,0.705,2.68099178880416e-16,"Upregulated in Hotspots"
"PAM",1.43255203749611e-20,-2.52356195605701,0.228,0.642,3.16350466440266e-16,"Upregulated in Coldspots"
"FAM107B",1.47188206792521e-20,-3.31146109583629,0.264,0.653,3.25035717059925e-16,"Upregulated in Coldspots"
"AL109761.1",1.52255614004802e-20,-2.48698734115786,0.041,0.466,3.36226072406804e-16,"Upregulated in Coldspots"
"KATNBL1",1.60202735704556e-20,-2.38573112976681,0.575,0.876,3.5377570125637e-16,"Upregulated in Coldspots"
"HNMT",1.61400159849801e-20,3.13484254228687,0.513,0.083,3.56419972996315e-16,"Upregulated in Hotspots"
"FKBP5",1.67326598735873e-20,4.22881869049588,0.446,0.041,3.69507327988427e-16,"Upregulated in Hotspots"
"NAV2",1.67824403196673e-20,2.93814152959296,0.725,0.352,3.70606629579214e-16,"Upregulated in Hotspots"
"TLK1",1.89521917352435e-20,-1.48319566333213,0.731,0.938,4.18521250089382e-16,"Upregulated in Coldspots"
"SLC41A2",1.91591577387824e-20,-2.69696752623429,0.155,0.58,4.23091680345532e-16,"Upregulated in Coldspots"
"ATP1B1",2.31640016390586e-20,2.57543972660265,0.534,0.088,5.1153064819533e-16,"Upregulated in Hotspots"
"ADAMTS9",2.76262622272301e-20,2.98641093525205,0.456,0.041,6.10070748763921e-16,"Upregulated in Hotspots"
"CD200",2.81177490514446e-20,-4.55896729218821,0.026,0.415,6.2092425230305e-16,"Upregulated in Coldspots"
"SH3TC2-DT",2.92408891009153e-20,-3.67024768866613,0.062,0.472,6.45726554015512e-16,"Upregulated in Coldspots"
"BRWD1",2.99672099246673e-20,-1.50758765679195,0.751,0.943,6.61765896766427e-16,"Upregulated in Coldspots"
"KYNU",3.00709091719995e-20,-2.68736102038752,0.326,0.689,6.64055887245265e-16,"Upregulated in Coldspots"
"APC",3.10766280548392e-20,2.67161688297534,0.56,0.119,6.86265177335014e-16,"Upregulated in Hotspots"
"FRMD6-AS2",3.31771513068127e-20,-3.38801728534513,0.047,0.461,7.32651032308344e-16,"Upregulated in Coldspots"
"FLI1",3.37018631160831e-20,3.25815218445405,0.477,0.062,7.44238243192463e-16,"Upregulated in Hotspots"
"SP100",3.4709114834978e-20,2.20645087746743,0.606,0.145,7.66481382900819e-16,"Upregulated in Hotspots"
"MKNK1",3.66827867022615e-20,2.92688207079599,0.549,0.124,8.1006597874604e-16,"Upregulated in Hotspots"
"FGF13",3.87768703824434e-20,3.56228706275326,0.472,0.062,8.56309628655498e-16,"Upregulated in Hotspots"
"PTPRE",4.24363730234538e-20,3.64081573545467,0.456,0.052,9.3712242547693e-16,"Upregulated in Hotspots"
"PMP22",4.6231534045198e-20,2.27117479442273,0.575,0.119,1.02093096632011e-15,"Upregulated in Hotspots"
"APBB2",4.87523959768453e-20,-1.56718258327968,0.596,0.896,1.07659916035668e-15,"Upregulated in Coldspots"
"GLRX",5.14243511935679e-20,-2.40867359376398,0.197,0.622,1.13560394740756e-15,"Upregulated in Coldspots"
"MRC1",5.16689850068108e-20,3.38082178394093,0.508,0.093,1.1410061959054e-15,"Upregulated in Hotspots"
"ZNF516",5.50121015928685e-20,3.85798099512757,0.409,0.021,1.21483223947531e-15,"Upregulated in Hotspots"
"FCHSD2",6.10073890349214e-20,2.45301137012701,0.829,0.642,1.34722617205817e-15,"Upregulated in Hotspots"
"SYK",6.24635579500731e-20,2.93288580414146,0.497,0.073,1.37938275021146e-15,"Upregulated in Hotspots"
"TCF4",6.3404397398409e-20,2.09174256862758,0.72,0.295,1.40015930774907e-15,"Upregulated in Hotspots"
"CREB3L2",6.61580376664855e-20,-1.58096611301086,0.56,0.865,1.460967945789e-15,"Upregulated in Coldspots"
"COLEC12",7.09736307025586e-20,2.35096529636807,0.839,0.57,1.5673106868046e-15,"Upregulated in Hotspots"
"TBC1D1",7.12302945265063e-20,-1.85244281158614,0.451,0.793,1.57297859402884e-15,"Upregulated in Coldspots"
"AC078881.1",1.04402054122306e-19,-1.82569451276054,0.259,0.72,2.30551056118288e-15,"Upregulated in Coldspots"
"KIF2A",1.12820599200299e-19,-1.75861058820619,0.451,0.793,2.4914172921402e-15,"Upregulated in Coldspots"
"LNPEP",1.14259765385375e-19,-1.94341647163363,0.534,0.834,2.52319839900524e-15,"Upregulated in Coldspots"
"KIRREL1",1.1535184506546e-19,2.88173711838018,0.466,0.052,2.54731479458056e-15,"Upregulated in Hotspots"
"ATP10D",1.17295526315078e-19,-1.49398884067367,0.389,0.819,2.59023710761587e-15,"Upregulated in Coldspots"
"MAOA",1.21599838280544e-19,-2.876516946565,0.109,0.523,2.68528922874925e-15,"Upregulated in Coldspots"
"FYB1",1.21701381099521e-19,3.02718482932623,0.513,0.093,2.68753159882072e-15,"Upregulated in Hotspots"
"ROR1",1.25419362671974e-19,4.42961596420174,0.43,0.041,2.76963578588521e-15,"Upregulated in Hotspots"
"RGL1",1.29424039014913e-19,3.16201980335697,0.58,0.171,2.85807105356632e-15,"Upregulated in Hotspots"
"ACOXL",1.33573339432982e-19,-3.42084312096005,0.026,0.415,2.94970005469855e-15,"Upregulated in Coldspots"
"TDRP",1.50987059395942e-19,-2.20602897512756,0.145,0.58,3.33424723264059e-15,"Upregulated in Coldspots"
"PLEKHA2",1.63961707976895e-19,2.50734160359868,0.503,0.078,3.62076639725376e-15,"Upregulated in Hotspots"
"AKT3",1.85158036216678e-19,-1.60552382320347,0.347,0.813,4.08884491377289e-15,"Upregulated in Coldspots"
"MAF",1.90015750699084e-19,1.72052648345628,0.617,0.14,4.19611782268788e-15,"Upregulated in Hotspots"
"GRK3",2.06858664242257e-19,2.75268994645922,0.565,0.145,4.56805988246175e-15,"Upregulated in Hotspots"
"TPST1",2.28702014139532e-19,3.12928301694497,0.461,0.057,5.05042657824329e-15,"Upregulated in Hotspots"
"ASAP2",2.37948008100386e-19,3.12928301694497,0.466,0.062,5.25460586288083e-15,"Upregulated in Hotspots"
"RBPJ",2.43224290052271e-19,3.62825492516538,0.819,0.632,5.3711219972243e-15,"Upregulated in Hotspots"
"NPL",2.80122099702625e-19,3.22239242133645,0.57,0.176,6.18593632773306e-15,"Upregulated in Hotspots"
"MFHAS1",3.11003952171112e-19,2.56511768932428,0.575,0.15,6.86790027579466e-15,"Upregulated in Hotspots"
"DTNA",3.18393077071781e-19,3.81182839863691,0.42,0.036,7.03107432097614e-15,"Upregulated in Hotspots"
"CTTNBP2",3.34443434028812e-19,4.12928301694497,0.425,0.041,7.38551435365825e-15,"Upregulated in Hotspots"
"EIF4G3",3.45659042733985e-19,1.81369644893143,0.829,0.528,7.63318864069459e-15,"Upregulated in Hotspots"
"MAN1C1",3.47006107890919e-19,-1.85752451828754,0.508,0.845,7.66293588055516e-15,"Upregulated in Coldspots"
"RAP2B",3.63845103883124e-19,2.11042398969365,0.534,0.088,8.03479142905104e-15,"Upregulated in Hotspots"
"MIR646HG",3.68157446238996e-19,4.03747470541866,0.42,0.036,8.13002088529576e-15,"Upregulated in Hotspots"
"NRP1",4.47126017079428e-19,2.82525212658416,0.72,0.373,9.87388383516501e-15,"Upregulated in Hotspots"
"ANKRD36C",4.81662883433604e-19,3.12199052437861,0.404,0.026,1.06365614548643e-14,"Upregulated in Hotspots"
"UACA",5.17965129379673e-19,3.65634713395792,0.446,0.047,1.14382239520913e-14,"Upregulated in Hotspots"
"FARP1",5.73546180736966e-19,1.87148525947732,0.627,0.187,1.26656203092144e-14,"Upregulated in Hotspots"
"AP1S2",5.7741314139843e-19,3.16992500144231,0.44,0.047,1.27510144015015e-14,"Upregulated in Hotspots"
"ADAMTS17",5.79591384270776e-19,4.36564947231668,0.389,0.021,1.27991165388515e-14,"Upregulated in Hotspots"
"FGD5",5.85855869833267e-19,3.92056553250559,0.389,0.021,1.2937455173528e-14,"Upregulated in Hotspots"
"NXN",5.86612449893157e-19,4.07895134139482,0.399,0.026,1.29541627309906e-14,"Upregulated in Hotspots"
"TMC1",6.17367042325751e-19,-1.0886576198204,0.176,0.663,1.36333163956796e-14,"Upregulated in Coldspots"
"RYR1",6.253239237715e-19,4.7987417917529,0.383,0.021,1.3809028208646e-14,"Upregulated in Hotspots"
"CPEB2",6.28919754967217e-19,3.74024072619907,0.451,0.062,1.3888434948941e-14,"Upregulated in Hotspots"
"AL137009.1",6.34455902348369e-19,-2.21613343086477,0.187,0.617,1.4010689691559e-14,"Upregulated in Coldspots"
"ELL2",8.10999283547078e-19,-1.95313339496203,0.482,0.803,1.79092971785701e-14,"Upregulated in Coldspots"
"IL6R",8.29763088612365e-19,3.84130225398094,0.404,0.031,1.83236582858269e-14,"Upregulated in Hotspots"
"ERBIN",8.52040516929559e-19,1.78135971352466,0.777,0.435,1.88156107353554e-14,"Upregulated in Hotspots"
"ERV3-1",8.59777193860234e-19,-3.34042443850475,0.124,0.513,1.89864597720156e-14,"Upregulated in Coldspots"
"HPGDS",8.60616077326276e-19,3.16992500144231,0.456,0.057,1.90049848355962e-14,"Upregulated in Hotspots"
"CSH1",8.67220090145553e-19,-2.37255986320709,0.617,0.912,1.91508212506842e-14,"Upregulated in Coldspots"
"ANKRD36",8.94719939874234e-19,3.40372218605101,0.42,0.036,1.97581004322427e-14,"Upregulated in Hotspots"
"AL162718.1",9.54420294915255e-19,-3.3394155216162,0.067,0.461,2.10764633726136e-14,"Upregulated in Coldspots"
"FER",1.09885587040333e-18,1.66757225874853,0.819,0.482,2.42660341861167e-14,"Upregulated in Hotspots"
"GPR137B",1.10581337538874e-18,2.55551872282867,0.528,0.109,2.44196767687095e-14,"Upregulated in Hotspots"
"NRP2",1.23650934812336e-18,1.77840354836148,0.715,0.332,2.73058359346082e-14,"Upregulated in Hotspots"
"AL160272.1",1.29679717262095e-18,4.62935662007961,0.363,0.01,2.86371719629883e-14,"Upregulated in Hotspots"
"SIGLEC1",1.53345933068524e-18,3.82312223791592,0.409,0.036,3.38633823995222e-14,"Upregulated in Hotspots"
"ARHGAP35",1.92918946471543e-18,2.73696559416621,0.456,0.057,4.26022909493108e-14,"Upregulated in Hotspots"
"NOS3",2.0268894816267e-18,-3.35755200461808,0.036,0.409,4.47598004227624e-14,"Upregulated in Coldspots"
"SPATA13",2.07638624173225e-18,-2.33576700235243,0.166,0.575,4.58528373761733e-14,"Upregulated in Coldspots"
"WDFY4",2.51034521696307e-18,4.71149490665009,0.358,0.01,5.54359534261955e-14,"Upregulated in Hotspots"
"LINC01374",2.55410920723322e-18,5.29067716090292,0.373,0.021,5.64023936233311e-14,"Upregulated in Hotspots"
"GAB3",2.57328041737386e-18,3.57826784814715,0.43,0.052,5.6825751456867e-14,"Upregulated in Hotspots"
"CYFIP1",3.09432819852901e-18,1.96578428466209,0.637,0.212,6.8332049608116e-14,"Upregulated in Hotspots"
"NPAS2",3.10023422816137e-18,-2.66296501272243,0.104,0.508,6.84624724604875e-14,"Upregulated in Coldspots"
"EZR",3.16386740255217e-18,-1.31170825256948,0.518,0.876,6.98676838505596e-14,"Upregulated in Coldspots"
"PISD",3.21470457961203e-18,-2.44745897697122,0.155,0.565,7.09903212315724e-14,"Upregulated in Coldspots"
"CYP11A1",3.33061104591391e-18,-2.19041145767754,0.192,0.617,7.35498837269169e-14,"Upregulated in Coldspots"
"NCKAP1L",3.41210493571155e-18,2.88896868761126,0.451,0.057,7.53495132953183e-14,"Upregulated in Hotspots"
"CCSER1",3.43896809735111e-18,-0.983191712313446,0.197,0.679,7.59427324938047e-14,"Upregulated in Coldspots"
"ARHGAP25",3.46297254415383e-18,3.33913738491959,0.435,0.057,7.64728226925491e-14,"Upregulated in Hotspots"
"ZFHX3",3.48316633355107e-18,1.5794665129663,0.845,0.58,7.69187621438083e-14,"Upregulated in Hotspots"
"BCL11A",3.58667284857594e-18,5.25550073314839,0.363,0.016,7.92044965151025e-14,"Upregulated in Hotspots"
"PCDH11X",3.6684064528897e-18,-2.38342559160563,0.124,0.544,8.10094196991633e-14,"Upregulated in Coldspots"
"SH3BGRL",3.72340919825101e-18,2.49185309632967,0.518,0.098,8.22240453249771e-14,"Upregulated in Hotspots"
"CAP2",4.82096607233966e-18,-2.15488560197817,0.135,0.56,1.06461393775477e-13,"Upregulated in Coldspots"
"SLCO2B1",5.07279116082513e-18,3.051428238807,0.466,0.078,1.12022447204501e-13,"Upregulated in Hotspots"
"CD200R1",5.28178157260438e-18,4.39231742277876,0.389,0.031,1.16637582467823e-13,"Upregulated in Hotspots"
"GDF15",5.50230568248202e-18,-3.04521875215649,0.197,0.591,1.2150741638625e-13,"Upregulated in Coldspots"
"HDAC9",6.24468600709933e-18,3.3972162221916,0.487,0.104,1.37901401094774e-13,"Upregulated in Hotspots"
"ADAM9",7.03748499290197e-18,1.76832976507554,0.777,0.435,1.55408781098254e-13,"Upregulated in Hotspots"
"TTC21B",7.16495184210002e-18,3.51657552574091,0.513,0.119,1.58223631529095e-13,"Upregulated in Hotspots"
"ABCB1",8.00457388244453e-18,-4.00946032924907,0.047,0.409,1.76765005046022e-13,"Upregulated in Coldspots"
"ADAP2",8.24288567452517e-18,2.4541758931858,0.534,0.124,1.82027644350539e-13,"Upregulated in Hotspots"
"ZC3HAV1",8.33575893321386e-18,2.81669278663694,0.44,0.057,1.84078564522162e-13,"Upregulated in Hotspots"
"ARHGAP6",8.57590455425749e-18,3.17736159028409,0.477,0.083,1.89381700271668e-13,"Upregulated in Hotspots"
"ADGRL3",8.77037357592821e-18,-2.57622416364346,0.104,0.503,1.93676159677223e-13,"Upregulated in Coldspots"
"PSG11",9.00968417082683e-18,-3.46948528330122,0.041,0.409,1.98960855544369e-13,"Upregulated in Coldspots"
"PSG7",9.92022650006126e-18,-3.47681369686553,0.021,0.373,2.19068361800853e-13,"Upregulated in Coldspots"
"JAK1",1.10084493232242e-17,1.76250068627334,0.518,0.098,2.43099586404759e-13,"Upregulated in Hotspots"
"SPATA6",1.12400724602512e-17,3.75488750216347,0.389,0.031,2.48214520139727e-13,"Upregulated in Hotspots"
"FAM49B",1.22214192958209e-17,1.7822895846757,0.731,0.383,2.69885602309612e-13,"Upregulated in Hotspots"
"TLR4",1.24607503007507e-17,2.86624861111117,0.409,0.036,2.75170748891478e-13,"Upregulated in Hotspots"
"MBOAT1",1.28278224698409e-17,4.84130225398094,0.363,0.021,2.83276803601496e-13,"Upregulated in Hotspots"
"PLA2G7",1.28635765301306e-17,2.97654102717601,0.43,0.052,2.84066360514874e-13,"Upregulated in Hotspots"
"ZNF292",1.30113010617898e-17,-1.47353314858899,0.756,0.938,2.87328561347504e-13,"Upregulated in Coldspots"
"BNC2",1.35786271525816e-17,1.99848376755262,0.715,0.368,2.99856823410459e-13,"Upregulated in Hotspots"
"EPHA1-AS1",1.36114995627176e-17,-3.39231742277876,0.073,0.44,3.00582744843493e-13,"Upregulated in Coldspots"
"AC069277.1",1.40998052072732e-17,-1.68642398554642,0.295,0.746,3.11365998392215e-13,"Upregulated in Coldspots"
"SMAP2",1.61440503631961e-17,2.37672056772774,0.451,0.062,3.5650906417046e-13,"Upregulated in Hotspots"
"PRKCH",1.62666767025546e-17,-1.64711897678373,0.218,0.658,3.59217021622512e-13,"Upregulated in Coldspots"
"SPATS2L",1.78478689147401e-17,2.08123984796018,0.622,0.218,3.94134489244205e-13,"Upregulated in Hotspots"
"TBXAS1",1.78861115668189e-17,3.8207339518588,0.42,0.057,3.94979001730063e-13,"Upregulated in Hotspots"
"PTPRC",1.8005630148841e-17,2.69267631802141,0.43,0.052,3.97618330576855e-13,"Upregulated in Hotspots"
"VPS13B",1.85440551513547e-17,1.1185396151754,0.917,0.777,4.09508369907367e-13,"Upregulated in Hotspots"
"PRKCE",1.88236608668424e-17,-2.05358104020484,0.42,0.746,4.15682902922481e-13,"Upregulated in Coldspots"
"OLAH",2.68026565743996e-17,-3.42033179894836,0.036,0.394,5.91883065132466e-13,"Upregulated in Coldspots"
"RIPOR2",2.78164508871586e-17,-3.16349873228288,0.057,0.425,6.14270684941124e-13,"Upregulated in Coldspots"
"SMYD3",2.8823636044037e-17,2.0146467759644,0.746,0.415,6.3651235476047e-13,"Upregulated in Hotspots"
"AHR",3.13531781693483e-17,-2.21864028647534,0.192,0.57,6.92372233513719e-13,"Upregulated in Coldspots"
"CDYL2",3.30040464491648e-17,-2.54488506134582,0.15,0.544,7.28828357736905e-13,"Upregulated in Coldspots"
"MCTP1",3.38761702678616e-17,2.71271804791953,0.383,0.031,7.48087468025189e-13,"Upregulated in Hotspots"
"CARD18",3.40343176216478e-17,-1.08835587442085,0.435,0.902,7.51579836038848e-13,"Upregulated in Coldspots"
"CLIP4",3.84218935005871e-17,-1.64300311295423,0.368,0.756,8.48470674173465e-13,"Upregulated in Coldspots"
"AGPAT4",3.96679868840413e-17,2.78199934778071,0.487,0.088,8.75988154360284e-13,"Upregulated in Hotspots"
"TNFAIP2",4.07776778459099e-17,4.35049724708413,0.347,0.016,9.00493459871227e-13,"Upregulated in Hotspots"
"ITPR2",4.08342003504471e-17,2.33915450899796,0.813,0.596,9.01741646338923e-13,"Upregulated in Hotspots"
"ANK2",4.39718010041292e-17,2.30065947813371,0.383,0.031,9.71029281574184e-13,"Upregulated in Hotspots"
"PDE10A",4.43504339629443e-17,-1.3724770370508,0.181,0.627,9.79390633203699e-13,"Upregulated in Coldspots"
"SLC1A3",4.76765428000663e-17,2.00553818354143,0.585,0.181,1.05284109465387e-12,"Upregulated in Hotspots"
"KLHL5",4.8600424681497e-17,-2.01818001606502,0.301,0.653,1.0732431782415e-12,"Upregulated in Coldspots"
"TFAP2A",4.9155772291699e-17,-2.48112668973662,0.145,0.534,1.08550691951759e-12,"Upregulated in Coldspots"
"RUBCNL",5.0686857624836e-17,4.15380533607904,0.373,0.031,1.11931787692925e-12,"Upregulated in Hotspots"
"CYTH1",5.25371119009323e-17,2.74229903846925,0.575,0.218,1.16017704210829e-12,"Upregulated in Hotspots"
"LPCAT2",5.4028619216009e-17,3.46814883573841,0.404,0.047,1.19311399814713e-12,"Upregulated in Hotspots"
"LRRC39",5.76230070139659e-17,3.28716267672669,0.415,0.052,1.27248886388941e-12,"Upregulated in Hotspots"
"BPGM",6.23384811693447e-17,-3.44625622988956,0.062,0.42,1.37662067966264e-12,"Upregulated in Coldspots"
"STAT5B",6.35307672711976e-17,-2.01310358727418,0.368,0.694,1.40294993364986e-12,"Upregulated in Coldspots"
"MYO5B",6.63562982809755e-17,-3.70043971814109,0.047,0.394,1.46534613493878e-12,"Upregulated in Coldspots"
"PHLPP1",6.79508015226985e-17,-1.23660628055615,0.415,0.819,1.50055755002575e-12,"Upregulated in Coldspots"
"RAB8B",6.94080036342793e-17,2.09657325969505,0.58,0.166,1.53273694425579e-12,"Upregulated in Hotspots"
"MTDH",7.1816505105668e-17,1.77649395835284,0.539,0.109,1.58592388224847e-12,"Upregulated in Hotspots"
"EPS8",7.22603508382271e-17,2.3548427173601,0.71,0.409,1.59572532756057e-12,"Upregulated in Hotspots"
"DMXL2",7.36084306942188e-17,1.96749736031267,0.668,0.275,1.62549497502043e-12,"Upregulated in Hotspots"
"HSD17B1",7.55446464967732e-17,-3.00529429966951,0.098,0.472,1.66825242858824e-12,"Upregulated in Coldspots"
"HRH1",7.56789358399109e-17,3.62894019778176,0.435,0.067,1.67121794015275e-12,"Upregulated in Hotspots"
"SPECC1",8.06606990918626e-17,3.33786963875638,0.383,0.036,1.7812302180456e-12,"Upregulated in Hotspots"
"ZNF91",8.78914435789367e-17,-1.49032562658308,0.591,0.865,1.94090674855366e-12,"Upregulated in Coldspots"
"F13A1",8.90429509595705e-17,3.38165443971589,0.56,0.223,1.9663354860402e-12,"Upregulated in Hotspots"
"ITSN2",8.9470371852593e-17,1.78905410531466,0.611,0.197,1.97577422162081e-12,"Upregulated in Hotspots"
"AC100849.1",9.27786912605995e-17,4.51657552574091,0.368,0.031,2.04883183910782e-12,"Upregulated in Hotspots"
"E2F3",9.32132746019574e-17,3.16992500144231,0.415,0.057,2.05842874303503e-12,"Upregulated in Hotspots"
"GRAMD1B",9.4941752114632e-17,-1.80373460637891,0.378,0.736,2.09659871194742e-12,"Upregulated in Coldspots"
"PREX1",9.60504702785781e-17,3.28950661719498,0.42,0.062,2.12108253516184e-12,"Upregulated in Hotspots"
"GLS",9.64574716052927e-17,2.11042398969365,0.648,0.249,2.13007034545968e-12,"Upregulated in Hotspots"
"LARGE1",9.73105640331253e-17,2.69267631802141,0.44,0.067,2.14890918554351e-12,"Upregulated in Hotspots"
"NBEA",9.84060690987994e-17,4.19967234483636,0.352,0.021,2.17310122390879e-12,"Upregulated in Hotspots"
"HS3ST3B1",1.01690282424975e-16,-2.85414913353654,0.078,0.446,2.24562650679071e-12,"Upregulated in Coldspots"
"LARP1B",1.1274052565198e-16,-1.73827653931855,0.316,0.71,2.48964902797266e-12,"Upregulated in Coldspots"
"GDA",1.21817815307346e-16,-3.32950131459216,0.047,0.399,2.69010281543212e-12,"Upregulated in Coldspots"
"CTDSP1",1.24616025938117e-16,-2.90475168485218,0.161,0.523,2.75189570079143e-12,"Upregulated in Coldspots"
"MITF",1.24720283708928e-16,3.02661173024732,0.534,0.171,2.75419802514426e-12,"Upregulated in Hotspots"
"TMEM273",1.37985169750953e-16,3.73696559416621,0.368,0.031,3.0471265036103e-12,"Upregulated in Hotspots"
"GMDS-DT",1.39416027001222e-16,2.27563444261343,0.56,0.171,3.07872412426798e-12,"Upregulated in Hotspots"
"CSH2",1.44806008621744e-16,-2.44584681919556,0.435,0.772,3.19775108839398e-12,"Upregulated in Coldspots"
"GNG2",1.46701705628157e-16,3.04984854945056,0.425,0.062,3.23961376538659e-12,"Upregulated in Hotspots"
"ATRN",1.548588861634e-16,2.48278210591468,0.518,0.14,3.41974878314636e-12,"Upregulated in Hotspots"
"ACSL4",1.6520320968538e-16,-1.84524404616232,0.446,0.751,3.64818247948226e-12,"Upregulated in Coldspots"
"SNHG14",1.84805707952508e-16,2.02169507109932,0.585,0.192,4.08106444871523e-12,"Upregulated in Hotspots"
"C12orf4",1.85391686852439e-16,2.41503749927884,0.539,0.15,4.09400462076242e-12,"Upregulated in Hotspots"
"NCOA1",1.87063222433989e-16,1.53192773839929,0.746,0.409,4.13091714100978e-12,"Upregulated in Hotspots"
"RNF130",1.88106096609883e-16,2.36590579194796,0.596,0.238,4.15394693143605e-12,"Upregulated in Hotspots"
"TFEC",1.89758443048369e-16,2.79940616894211,0.409,0.052,4.19043569783713e-12,"Upregulated in Hotspots"
"KIF1B",1.94433679037343e-16,1.94753258010586,0.601,0.197,4.29367893418166e-12,"Upregulated in Hotspots"
"ABR",1.99216734337305e-16,3.50901364748786,0.383,0.041,4.39930314437071e-12,"Upregulated in Hotspots"
"SIPA1L1",2.07996874120266e-16,-2.08658768499609,0.399,0.751,4.59319497119783e-12,"Upregulated in Coldspots"
"CYTH3",2.12558439768789e-16,-1.92647096457803,0.415,0.725,4.69392802541416e-12,"Upregulated in Coldspots"
"FHDC1",2.2399305918656e-16,-2.57994442595453,0.114,0.492,4.94643872601681e-12,"Upregulated in Coldspots"
"CD109",2.30476696881162e-16,3.23776764722336,0.409,0.057,5.0896168972267e-12,"Upregulated in Hotspots"
"INSR",2.35786015135581e-16,-2.26534456652099,0.301,0.637,5.20686257223903e-12,"Upregulated in Coldspots"
"CECR2",2.46122737764226e-16,-2.21348136742905,0.14,0.528,5.43512841804740e-12,"Upregulated in Coldspots"
"NEAT1",2.60922077368749e-16,-1.74608525652592,0.979,0.99,5.76194223453408e-12,"Upregulated in Coldspots"
"SLC25A13",2.67540242361111e-16,1.93859945533586,0.637,0.249,5.90809117206042e-12,"Upregulated in Hotspots"
"RB1",2.80096627876772e-16,1.69919225153428,0.57,0.155,6.18537383340275e-12,"Upregulated in Hotspots"
"NFIA",2.86940293558749e-16,1.8924468588452,0.72,0.42,6.33650250265785e-12,"Upregulated in Hotspots"
"BICD1",2.8868716629097e-16,2.92735469816823,0.415,0.057,6.3750786932035e-12,"Upregulated in Hotspots"
"GRB2",2.91426091298114e-16,1.95286602440891,0.725,0.42,6.43556237413626e-12,"Upregulated in Hotspots"
"ERRFI1",2.99802901746892e-16,-2.95078702552132,0.098,0.466,6.62054747927661e-12,"Upregulated in Coldspots"
"JAZF1",3.00047629207071e-16,3,0.42,0.062,6.62595179577975e-12,"Upregulated in Hotspots"
"CATSPERB",3.28047918670271e-16,-2.67807190511264,0.052,0.404,7.24428218799559e-12,"Upregulated in Coldspots"
"TBX3",3.30519069553797e-16,-2.25424128737579,0.114,0.497,7.2988526129565e-12,"Upregulated in Coldspots"
"CCDC85A",3.39546453420927e-16,4.93980521808125,0.342,0.021,7.49820433089433e-12,"Upregulated in Hotspots"
"PLEKHH1",3.5709416122446e-16,-3.16992500144231,0.098,0.456,7.88571036231974e-12,"Upregulated in Coldspots"
"PIK3R5",3.80669620815676e-16,4.40209844357135,0.332,0.016,8.40632723647258e-12,"Upregulated in Hotspots"
"SEMA3B",4.05933996057252e-16,-2.99276843076892,0.057,0.404,8.96424043493229e-12,"Upregulated in Coldspots"
"AC006230.1",4.1380672544494e-16,3.48308288670194,0.347,0.021,9.13809391800062e-12,"Upregulated in Hotspots"
"IL1RAPL2",4.16411540794077e-16,-2.10984718084707,0.13,0.523,9.19561605535561e-12,"Upregulated in Coldspots"
"DISC1",4.76897104471839e-16,2.32862274746137,0.694,0.425,1.05313187580516e-11,"Upregulated in Hotspots"
"DNM1",4.87224425259903e-16,3.1926450779424,0.389,0.047,1.07593769830144e-11,"Upregulated in Hotspots"
"MPPED2",5.6169185799768e-16,4.72246602447109,0.326,0.016,1.24038413001628e-11,"Upregulated in Hotspots"
"VAV1",6.71466108192334e-16,2.96781959425085,0.373,0.036,1.48279860672113e-11,"Upregulated in Hotspots"
"GNB1",6.79975894484195e-16,1.49749965947082,0.741,0.383,1.50159076778945e-11,"Upregulated in Hotspots"
"BICC1",7.03024072304477e-16,2.58033105198951,0.425,0.067,1.55248805886998e-11,"Upregulated in Hotspots"
"NOTCH2",7.18374532763461e-16,1.97679260883867,0.503,0.109,1.58638648070155e-11,"Upregulated in Hotspots"
"ST3GAL5",7.28075342210381e-16,3.20387233336565,0.373,0.036,1.60780877820318e-11,"Upregulated in Hotspots"
"NEURL1",7.41014021907971e-16,-2.65473277902533,0.073,0.43,1.63638126457937e-11,"Upregulated in Coldspots"
"MANBA",7.80974512942229e-16,2.31676638977158,0.518,0.14,1.72462601693032e-11,"Upregulated in Hotspots"
"PROS1",7.89654427304589e-16,2.82781902461732,0.394,0.047,1.74379387181672e-11,"Upregulated in Hotspots"
"IL12RB2",8.81382056506088e-16,3.69031550086738,0.347,0.026,1.94635599538239e-11,"Upregulated in Hotspots"
"CD163",9.21481152153384e-16,2.1369230791471,0.477,0.093,2.03490682830032e-11,"Upregulated in Hotspots"
"INPP4B",9.35780207082877e-16,2.65486451395131,0.482,0.119,2.06648343130112e-11,"Upregulated in Hotspots"
"MFSD4B",9.43022928656184e-16,-2.05829864056467,0.601,0.886,2.08247753335145e-11,"Upregulated in Coldspots"
"LCP2",9.71853247125471e-16,3.34103691783507,0.373,0.041,2.14614352562718e-11,"Upregulated in Hotspots"
"MICOS10",1.04282872648784e-15,2.96829114027266,0.404,0.057,2.3028786767031e-11,"Upregulated in Hotspots"
"BCAR4",1.05560286557813e-15,-2.93073733756289,0.073,0.42,2.33108780805618e-11,"Upregulated in Coldspots"
"ABCA1",1.11744066394749e-15,2.28929088709501,0.622,0.259,2.46764421819524e-11,"Upregulated in Hotspots"
"KLF7",1.13371944430288e-15,3.02553509210714,0.415,0.067,2.50359264885405e-11,"Upregulated in Hotspots"
"GAB1",1.14194776238364e-15,-1,0.456,0.845,2.5217632436718e-11,"Upregulated in Coldspots"
"CTSC",1.19718169975406e-15,1.48786381261607,0.684,0.275,2.6437363475669e-11,"Upregulated in Hotspots"
"MORC4",1.36417482762644e-15,-1.6924909650256,0.264,0.658,3.01250727184747e-11,"Upregulated in Coldspots"
"SNX2",1.39367211929069e-15,1.66127666256966,0.694,0.373,3.07764614102964e-11,"Upregulated in Hotspots"
"AC211486.5",1.51371547126486e-15,-3.25986712675511,0.057,0.389,3.34273787519419e-11,"Upregulated in Coldspots"
"MFSD1",1.56431131339114e-15,2.33415439722062,0.482,0.114,3.45446867336166e-11,"Upregulated in Hotspots"
"PRICKLE2",1.60537950997008e-15,2.50462039240355,0.477,0.104,3.54515957186693e-11,"Upregulated in Hotspots"
"OSMR-AS1",1.65112816855708e-15,-2.74664350806856,0.14,0.492,3.64618633462459e-11,"Upregulated in Coldspots"
"FAM184A",1.6632825332857e-15,-1.01017180505729,0.176,0.601,3.67302681825482e-11,"Upregulated in Coldspots"
"WDR7",1.81138498495631e-15,2.2341695891128,0.554,0.187,4.00008146227901e-11,"Upregulated in Hotspots"
"GABRA3",1.95871013998574e-15,3.5077946401987,0.383,0.052,4.3254196021305e-11,"Upregulated in Hotspots"
"MAP3K13",2.02192657185257e-15,-2.18682706135273,0.326,0.679,4.46502044862203e-11,"Upregulated in Coldspots"
"GARS-DT",2.03177269553863e-15,1.98520299807192,0.549,0.171,4.48676364355795e-11,"Upregulated in Hotspots"
"PAWR",2.13581330592073e-15,-1.799087306074,0.171,0.565,4.71651652346475e-11,"Upregulated in Coldspots"
"HECTD2",2.16702700474591e-15,3.14839183989267,0.378,0.047,4.7854457345804e-11,"Upregulated in Hotspots"
"TJP2",2.19433600920043e-15,-2.24597924165406,0.093,0.456,4.84575220911731e-11,"Upregulated in Coldspots"
"A2M",2.21447442858206e-15,2.31259023030803,0.456,0.088,4.89022388063776e-11,"Upregulated in Hotspots"
"ACER2",2.32390749890899e-15,-2.00423699288647,0.135,0.497,5.13188492984073e-11,"Upregulated in Coldspots"
"C2CD5",2.39890943703912e-15,1.92139016530363,0.549,0.161,5.29751170981348e-11,"Upregulated in Hotspots"
"ANKRD44",2.40795248742143e-15,2.39064084497138,0.466,0.104,5.31748147797274e-11,"Upregulated in Hotspots"
"RASGRP3",2.50575253204604e-15,4.7279204545632,0.316,0.016,5.53345331651727e-11,"Upregulated in Hotspots"
"RECK",2.56044238069009e-15,3.24792751344358,0.368,0.041,5.65422490927791e-11,"Upregulated in Hotspots"
"GSE1",2.59372592144701e-15,-1.28144902553229,0.544,0.855,5.72772495233144e-11,"Upregulated in Coldspots"
"LYVE1",2.7512049087731e-15,1.7809248830474,0.518,0.13,6.07548580004363e-11,"Upregulated in Hotspots"
"BCAT1",2.84975611336108e-15,1.75558127233355,0.513,0.119,6.29311642513526e-11,"Upregulated in Hotspots"
"SMAD3",2.98440967758148e-15,3.27885937299548,0.368,0.041,6.59047189100319e-11,"Upregulated in Hotspots"
"EPB41L2",3.02281657250469e-15,2.44805255650681,0.58,0.202,6.67528583706211e-11,"Upregulated in Hotspots"
"FAR1",3.16365288234103e-15,1.42569598077757,0.679,0.29,6.9862946600737e-11,"Upregulated in Hotspots"
"RCSD1",3.32582781238662e-15,3.19437804516685,0.352,0.031,7.34442555809336e-11,"Upregulated in Hotspots"
"FIGN",3.45508499553735e-15,-1.72393891386997,0.161,0.554,7.62986419564512e-11,"Upregulated in Coldspots"
"GDPD5",4.13602100983135e-15,-2.83995958748953,0.083,0.425,9.13357519601057e-11,"Upregulated in Coldspots"
"TTYH3",4.16041519725384e-15,2.33441903907056,0.383,0.047,9.18744488009566e-11,"Upregulated in Hotspots"
"MCTP2",4.37673407262013e-15,1.1963972128035,0.772,0.461,9.66514185256703e-11,"Upregulated in Hotspots"
"MGAT4A",4.59349619926567e-15,2.84645474174654,0.425,0.078,1.01438176568384e-10,"Upregulated in Hotspots"
"SLC7A2",4.61767481981057e-15,-2.59515826782704,0.13,0.482,1.01972113045877e-10,"Upregulated in Coldspots"
"LY96",5.08567199628642e-15,3.31288295528436,0.383,0.057,1.12306894693993e-10,"Upregulated in Hotspots"
"LAMA3",5.14566949190203e-15,-3.88101196378291,0.047,0.363,1.13631819389673e-10,"Upregulated in Coldspots"
"NCOA3",5.17241912305308e-15,-1.2992500359796,0.751,0.933,1.14222531494381e-10,"Upregulated in Coldspots"
"ITGA9",5.48569830286016e-15,3.11270013274936,0.347,0.031,1.21140675622061e-10,"Upregulated in Hotspots"
"IKZF1",5.82563418080229e-15,3.83518913025433,0.332,0.026,1.28647479614657e-10,"Upregulated in Hotspots"
"NAA11",6.53312540261007e-15,-2.74723392962003,0.088,0.43,1.44271008265838e-10,"Upregulated in Coldspots"
"HAVCR2",7.25539980893434e-15,3.18220333122075,0.337,0.026,1.60220993980697e-10,"Upregulated in Hotspots"
"RAB20",7.50493160589326e-15,2.63420601974101,0.383,0.052,1.65731404652941e-10,"Upregulated in Hotspots"
"SNX29",7.54895104533669e-15,1.90210779923842,0.694,0.399,1.6670348593417e-10,"Upregulated in Hotspots"
"NEK6",7.58706404269158e-15,2.44360665147561,0.425,0.078,1.67545135254758e-10,"Upregulated in Hotspots"
"ABCC1",7.69601325241681e-15,3.47248777146274,0.342,0.031,1.6995106065312e-10,"Upregulated in Hotspots"
"CPVL",7.7031424703576e-15,2.56634682255381,0.435,0.088,1.70108495172907e-10,"Upregulated in Hotspots"
"EBI3",8.03029118063791e-15,-2.05889368905357,0.104,0.466,1.77332920142027e-10,"Upregulated in Coldspots"
"CEP192",8.54231085807949e-15,2.30012372456901,0.508,0.145,1.88639850678969e-10,"Upregulated in Hotspots"
"ABCC4",8.61026687370122e-15,2.33342373372519,0.394,0.057,1.90140523371944e-10,"Upregulated in Hotspots"
"DOCK11",8.62528480478688e-15,2,0.549,0.181,1.90472164344109e-10,"Upregulated in Hotspots"
"SLC2A1",9.02306907356179e-15,-1.64981364507112,0.192,0.58,1.99256434351465e-10,"Upregulated in Coldspots"
"THSD4",9.25368162025267e-15,-2.41189779174828,0.14,0.497,2.0434905122004e-10,"Upregulated in Coldspots"
"CR1",9.37076114501602e-15,4.58496250072116,0.306,0.016,2.06934518365389e-10,"Upregulated in Hotspots"
"MYO9B",9.65789124928547e-15,1.76961881148496,0.601,0.228,2.13275212457971e-10,"Upregulated in Hotspots"
"CMTM7",9.91475703141115e-15,2.5376567859428,0.451,0.104,2.18947579524652e-10,"Upregulated in Hotspots"
"PKP4",9.96198805036308e-15,4.24792751344359,0.316,0.021,2.19990582116168e-10,"Upregulated in Hotspots"
"GTDC1",1.04881081084415e-14,2.1333991254172,0.591,0.238,2.31608891358713e-10,"Upregulated in Hotspots"
"AL392172.1",1.14446876344016e-14,3.90689059560852,0.337,0.031,2.5273303703049e-10,"Upregulated in Hotspots"
"GPR1-AS",1.18471370401932e-14,-3,0.057,0.378,2.61620327258586e-10,"Upregulated in Coldspots"
"CDC14B",1.28521394239138e-14,2.20759541940837,0.461,0.104,2.83813794898289e-10,"Upregulated in Hotspots"
"AC025569.1",1.32867463824284e-14,5.8703647195834,0.28,0.005,2.93411220363165e-10,"Upregulated in Hotspots"
"RTN1",1.3757313695179e-14,3.62449086490779,0.358,0.047,3.03802758330637e-10,"Upregulated in Hotspots"
"USP32",1.38554761608639e-14,1.70914191194189,0.637,0.275,3.05970480060357e-10,"Upregulated in Hotspots"
"CYBB",1.41205504608669e-14,2.26034029666453,0.425,0.078,3.11824115827323e-10,"Upregulated in Hotspots"
"SPIRE2",1.42464475409817e-14,-2.60090404459018,0.109,0.451,3.146043010475e-10,"Upregulated in Coldspots"
"UNC5C",1.44979055295039e-14,1.97227278446847,0.503,0.161,3.20157247808034e-10,"Upregulated in Hotspots"
"DLEU2",1.54864340146388e-14,1.88338384272389,0.653,0.326,3.41986922345269e-10,"Upregulated in Hotspots"
"OTOGL",1.56974476481613e-14,-3.24031432933371,0.036,0.347,3.46646736414346e-10,"Upregulated in Coldspots"
"ARSB",1.57303185945569e-14,2.53796502118399,0.42,0.078,3.473726255236e-10,"Upregulated in Hotspots"
"SLC27A6",1.68193377295424e-14,-2.47740935956635,0.104,0.451,3.71421435081484e-10,"Upregulated in Coldspots"
"ZMIZ1",1.73338839761204e-14,2.11894107272351,0.42,0.078,3.82784159844666e-10,"Upregulated in Hotspots"
"IFNGR2",1.74724298885149e-14,2.16438681790088,0.446,0.093,3.85843669228075e-10,"Upregulated in Hotspots"
"C16orf74",1.76741308162116e-14,-2.37125580725093,0.161,0.508,3.90297830814401e-10,"Upregulated in Coldspots"
"AC093827.4",1.7953098297913e-14,-2.66558096092944,0.062,0.383,3.96458269712812e-10,"Upregulated in Coldspots"
"PDCD4",1.81670790901454e-14,-1.26164117053393,0.585,0.876,4.01183607547681e-10,"Upregulated in Coldspots"
"LPAR6",1.95293442605166e-14,2.26303440583379,0.435,0.083,4.31266509304988e-10,"Upregulated in Hotspots"
"SGK3",1.97807346064391e-14,1.77311459763917,0.56,0.187,4.36817962313994e-10,"Upregulated in Hotspots"
"FBXO17",2.00650397065357e-14,2.98489310760979,0.332,0.026,4.43096271839427e-10,"Upregulated in Hotspots"
"PIAS1",2.03699379637666e-14,1.29975130404269,0.845,0.627,4.49829340053857e-10,"Upregulated in Hotspots"
"CDC42SE2",2.13040032198995e-14,1.8073549220576,0.539,0.176,4.7045630310504e-10,"Upregulated in Hotspots"
"LINC02055",2.22532551526437e-14,-0.866586652361272,0.285,0.684,4.91418633535831e-10,"Upregulated in Coldspots"
"STK3",2.245874423262e-14,-1.29906955998233,0.907,0.969,4.95956448888947e-10,"Upregulated in Coldspots"
"KCNQ1",2.30220173271093e-14,2.29278174922785,0.404,0.062,5.08395208634554e-10,"Upregulated in Hotspots"
"LIMCH1",2.38347947121411e-14,-1.85244281158614,0.487,0.767,5.26343771628211e-10,"Upregulated in Coldspots"
"HIP1",2.38838986525474e-14,2.22239242133645,0.425,0.078,5.27428133944203e-10,"Upregulated in Hotspots"
"ADM",2.48745091520652e-14,-3.03868046816406,0.083,0.404,5.49303785605055e-10,"Upregulated in Coldspots"
"ZNF532",2.67283358587456e-14,2.55179563678596,0.373,0.052,5.90241840768678e-10,"Upregulated in Hotspots"
"MTMR10",2.69849839148342e-14,-1.70758178738511,0.43,0.725,5.95909399791283e-10,"Upregulated in Coldspots"
"ARHGEF12",2.91193149057841e-14,-1.22844146600925,0.477,0.839,6.4304183106443e-10,"Upregulated in Coldspots"
"FKBP15",2.93113981209578e-14,2,0.534,0.176,6.47283604705112e-10,"Upregulated in Hotspots"
"IGF1",2.95494802050225e-14,1.56985560833095,0.44,0.088,6.52541171367513e-10,"Upregulated in Hotspots"
"PCDH11Y",3.03517486626614e-14,-2.1426043954428,0.083,0.42,6.70257665717551e-10,"Upregulated in Coldspots"
"OSBPL1A",3.06735721057241e-14,2.94110631094643,0.399,0.073,6.77364492810705e-10,"Upregulated in Hotspots"
"CAMK1D",3.0676971671103e-14,2.77105879283461,0.368,0.052,6.77439565412968e-10,"Upregulated in Hotspots"
"DENND2A",3.15865022351615e-14,2.666262602823,0.358,0.047,6.97524728859072e-10,"Upregulated in Hotspots"
"IL6ST",3.36771470777618e-14,1.64561569339657,0.782,0.456,7.43692438918214e-10,"Upregulated in Hotspots"
"KMT2A",3.39975273683391e-14,1.69707286704269,0.534,0.171,7.50767396875033e-10,"Upregulated in Hotspots"
"STAB1",3.43383743525772e-14,2.54596836910529,0.347,0.036,7.58294320827962e-10,"Upregulated in Hotspots"
"CMKLR1",3.48007259546162e-14,3.07528812730424,0.352,0.041,7.68504431255789e-10,"Upregulated in Hotspots"
"CNTRL",3.52908957505997e-14,2.83953532780675,0.378,0.057,7.79328850860494e-10,"Upregulated in Hotspots"
"CD99",3.62743288810403e-14,1.72315979464118,0.518,0.14,8.01046004680012e-10,"Upregulated in Hotspots"
"DOCK10",3.64263016145427e-14,3.30742852519225,0.337,0.036,8.04402018553945e-10,"Upregulated in Hotspots"
"HCK",3.73327753373608e-14,3.98868468677217,0.316,0.026,8.24419677774938e-10,"Upregulated in Hotspots"
"MBP",3.76664278378051e-14,3.17932369944456,0.337,0.036,8.31787725942249e-10,"Upregulated in Hotspots"
"GABRE",4.02312322455044e-14,-2.68182403997374,0.073,0.399,8.88426301677474e-10,"Upregulated in Coldspots"
"CD86",4.08583540880691e-14,2.78135971352466,0.321,0.026,9.0227503332683e-10,"Upregulated in Hotspots"
"CDV3",4.10030021256233e-14,1.93586966258028,0.482,0.124,9.05469295940139e-10,"Upregulated in Hotspots"
"NBEAL1",4.44309681654643e-14,-1.05782065438834,0.622,0.907,9.81169069997949e-10,"Upregulated in Coldspots"
"UHRF1BP1",4.54291991877291e-14,2.57531233068744,0.425,0.093,1.00321300566262e-09,"Upregulated in Hotspots"
"NCK2",4.60339161729145e-14,2.10852445677817,0.523,0.171,1.01656697084647e-09,"Upregulated in Hotspots"
"YEATS2",4.66465303248462e-14,2.31194400631474,0.451,0.109,1.03009532916358e-09,"Upregulated in Hotspots"
"TPD52",4.6767795826511e-14,-1.759386888874,0.155,0.523,1.03277323523684e-09,"Upregulated in Coldspots"
"AC011287.1",4.73516734676451e-14,-0.808616570621515,0.394,0.845,1.04566700518601e-09,"Upregulated in Coldspots"
"NNT",5.01451226163806e-14,2.78549548809386,0.368,0.052,1.10735474273753e-09,"Upregulated in Hotspots"
"SIPA1L3",5.12276573906056e-14,2.27130202181739,0.394,0.067,1.13126035815674e-09,"Upregulated in Hotspots"
"IFI16",5.30359072989856e-14,1.34741306644208,0.513,0.124,1.1711919408835e-09,"Upregulated in Hotspots"
"SDCCAG8",5.47430142307326e-14,1.24462236871991,0.819,0.575,1.20888998325727e-09,"Upregulated in Hotspots"
"CA8",5.56271858832761e-14,3.4178525148859,0.337,0.036,1.22841514586039e-09,"Upregulated in Hotspots"
"SDC1",5.57860903719458e-14,-3.05626821964675,0.083,0.399,1.23192423368368e-09,"Upregulated in Coldspots"
"NEDD9",5.58612922132538e-14,2.4178525148859,0.44,0.104,1.23358491594528e-09,"Upregulated in Hotspots"
"VAV2",5.68174210134994e-14,3.64909283814087,0.316,0.026,1.25469910824111e-09,"Upregulated in Hotspots"
"NCKAP5",5.87573824613431e-14,3.02236781302845,0.342,0.036,1.29753927689384e-09,"Upregulated in Hotspots"
"CHKA",6.077443217542e-14,2.04439411935845,0.497,0.145,1.3420817857298e-09,"Upregulated in Hotspots"
"SNX30",6.38027900757745e-14,2.36074734377789,0.363,0.047,1.40895701324333e-09,"Upregulated in Hotspots"
"TLE4",6.45200755142197e-14,1.46639930342748,0.725,0.394,1.42479682758051e-09,"Upregulated in Hotspots"
"RAB3B",6.61146946802598e-14,-3.68929916053589,0.021,0.306,1.46001080262418e-09,"Upregulated in Coldspots"
"SIK3",6.67101998425309e-14,-1.14388714054079,0.637,0.927,1.47316134312261e-09,"Upregulated in Coldspots"
"MYO9A",6.70825501209366e-14,-1.32874936074338,0.751,0.933,1.48138395432064e-09,"Upregulated in Coldspots"
"PRKACB",7.10374455363703e-14,2.73984810269933,0.399,0.078,1.56871990977967e-09,"Upregulated in Hotspots"
"VPS8",7.68544681814318e-14,1.64732838168153,0.731,0.487,1.69717722085056e-09,"Upregulated in Hotspots"
"FRYL",7.6967009950468e-14,1.37542564337999,0.788,0.539,1.69966248073619e-09,"Upregulated in Hotspots"
"SELENOP",7.98093351372745e-14,1.29035801588649,0.601,0.202,1.76242954783643e-09,"Upregulated in Hotspots"
"CASK",8.65031268395587e-14,2.60432782558809,0.451,0.119,1.91024854999797e-09,"Upregulated in Hotspots"
"AL356124.1",8.89183915599464e-14,2.69348695749933,0.415,0.088,1.9635848408183e-09,"Upregulated in Hotspots"
"RASSF4",8.89524208820399e-14,2.84434912953981,0.368,0.057,1.96433631033809e-09,"Upregulated in Hotspots"
"EPS15",8.97616818870465e-14,2.05869399425902,0.803,0.653,1.98220722111165e-09,"Upregulated in Hotspots"
"COL28A1",9.37442271116091e-14,-3.3548427173601,0.036,0.332,2.07015376730566e-09,"Upregulated in Coldspots"
"AC126177.3",9.60131619374095e-14,3.78135971352466,0.311,0.026,2.12025865506381e-09,"Upregulated in Hotspots"
"AC004784.1",1.00716481071893e-13,-3.13245029602365,0.031,0.326,2.22412205151061e-09,"Upregulated in Coldspots"
"LRRC8D",1.01813156426112e-13,2.8073549220576,0.368,0.057,2.24833993335784e-09,"Upregulated in Hotspots"
"ATP2B1",1.06026392272491e-13,1.99213788222703,0.653,0.358,2.34138082055342e-09,"Upregulated in Hotspots"
"USP43",1.10254081912983e-13,-2.03037364904352,0.104,0.446,2.43474089088441e-09,"Upregulated in Coldspots"
"EXOC4",1.19417687729832e-13,1.13781650672999,0.886,0.756,2.63710079813788e-09,"Upregulated in Hotspots"
"DDB1",1.20717743350962e-13,-1.67708070270959,0.316,0.648,2.6658099264193e-09,"Upregulated in Coldspots"
"PARP4",1.21050717933287e-13,2.23266075679027,0.435,0.098,2.67316300412077e-09,"Upregulated in Hotspots"
"TRPM2",1.22005975462628e-13,3,0.342,0.041,2.69425795614121e-09,"Upregulated in Hotspots"
"POLK",1.29368606700281e-13,1.71516122384786,0.549,0.192,2.8568469417623e-09,"Upregulated in Hotspots"
"KMT2C",1.31181350122961e-13,-0.817420526151416,0.948,0.995,2.89687775476534e-09,"Upregulated in Coldspots"
"LRRFIP1",1.31423086931276e-13,1.6253202383373,0.617,0.264,2.90221602870338e-09,"Upregulated in Hotspots"
"ATP2B4",1.37495615651876e-13,1.78759166723617,0.601,0.244,3.03631568044038e-09,"Upregulated in Hotspots"
"LINC02615",1.39722955199035e-13,-2.7870062766658,0.161,0.487,3.08550201966028e-09,"Upregulated in Coldspots"
"CARD8",1.45423060806484e-13,2.56187888760811,0.399,0.078,3.21137745178959e-09,"Upregulated in Hotspots"
"MARCH1",1.4660879535223e-13,2.2505434616506,0.42,0.088,3.23756202776329e-09,"Upregulated in Hotspots"
"SPATA9",1.47408449351745e-13,-2.72246602447109,0.155,0.472,3.25522078703458e-09,"Upregulated in Coldspots"
"YTHDC2",1.54849369124485e-13,1.68251781014383,0.596,0.249,3.41953861837601e-09,"Upregulated in Hotspots"
"ATP11B",1.5801494511356e-13,2.02494635713023,0.477,0.13,3.48944403294274e-09,"Upregulated in Hotspots"
"MBNL1",1.59195502589534e-13,1.01431967131707,0.86,0.648,3.51551428368467e-09,"Upregulated in Hotspots"
"TMLHE",1.73357816313267e-13,2.51457317282976,0.383,0.067,3.82826065764587e-09,"Upregulated in Hotspots"
"TNRC6B",1.76357895533492e-13,1.67893864893017,0.642,0.342,3.8945114070661e-09,"Upregulated in Hotspots"
"LINC01119",1.83476738525289e-13,-3.29462074889163,0.036,0.326,4.05171681685395e-09,"Upregulated in Coldspots"
"FAM53B",1.83718690056393e-13,2.40372218605101,0.399,0.078,4.05705983251532e-09,"Upregulated in Hotspots"
"ZFP36L1",1.84361569293177e-13,1.2511323167775,0.793,0.492,4.07125653470122e-09,"Upregulated in Hotspots"
"PLCL1",1.89553474834838e-13,3.46988597627446,0.337,0.041,4.18590938477773e-09,"Upregulated in Hotspots"
"PIK3CB",1.97771319363383e-13,-1.01149563883783,0.456,0.788,4.36738404550159e-09,"Upregulated in Coldspots"
"RTN4",1.9998443437214e-13,1.21837712500423,0.798,0.585,4.41625626423996e-09,"Upregulated in Hotspots"
"APPL2",2.06574678637018e-13,1.79316901581429,0.575,0.244,4.56178862834126e-09,"Upregulated in Hotspots"
"SEMA4D",2.14012395720117e-13,3.73696559416621,0.342,0.052,4.72603573468734e-09,"Upregulated in Hotspots"
"PPM1L",2.19942455018256e-13,2.17373661539233,0.523,0.181,4.85698923416814e-09,"Upregulated in Hotspots"
"SVEP1",2.2166438359459e-13,-1.49211372229748,0.352,0.71,4.89501458291934e-09,"Upregulated in Coldspots"
"CHD9",2.40947667890644e-13,1.26793320524663,0.855,0.731,5.3208473500291e-09,"Upregulated in Hotspots"
"IGSF5",2.43322529258869e-13,-2.44625622988956,0.052,0.352,5.3732914136236e-09,"Upregulated in Coldspots"
"PLEK",2.52147030685804e-13,2.4541758931858,0.342,0.041,5.56816287863462e-09,"Upregulated in Hotspots"
"MYO1F",2.52292424411879e-13,4.18982455888002,0.28,0.016,5.57137360828753e-09,"Upregulated in Hotspots"
"RALGPS2",2.52471188543544e-13,1.71692784092966,0.528,0.176,5.57532125660708e-09,"Upregulated in Hotspots"
"MAFK",2.75893506285276e-13,-3.13750352374993,0.062,0.358,6.09255629929775e-09,"Upregulated in Coldspots"
"MED13L",3.081079606952e-13,0.826372148227976,0.959,0.922,6.8039480960321e-09,"Upregulated in Hotspots"
"EPS8L1",3.15005676800685e-13,-3.4391116342577,0.052,0.342,6.95627036078953e-09,"Upregulated in Coldspots"
"JAM3",3.18600908628106e-13,2.18359993833939,0.394,0.073,7.03566386523447e-09,"Upregulated in Hotspots"
"IDH1",3.27743365900465e-13,2.18762700317577,0.399,0.078,7.23755674917997e-09,"Upregulated in Hotspots"
"HIF1A",3.34292149967488e-13,1.4047795939134,0.684,0.363,7.38217354773204e-09,"Upregulated in Hotspots"
"LARP4B",3.49505614884971e-13,-1.30475781805269,0.746,0.907,7.7181324935048e-09,"Upregulated in Coldspots"
"ACAP2",3.57358501885287e-13,1.29012806671607,0.803,0.596,7.89154779713279e-09,"Upregulated in Hotspots"
"MERTK",3.75283997259556e-13,2.85598969730848,0.389,0.083,8.28739651148276e-09,"Upregulated in Hotspots"
"ZNF554",3.75565110125825e-13,-3.25481389902883,0.041,0.326,8.29360432690859e-09,"Upregulated in Coldspots"
"LINC01645",3.76244478094664e-13,5.53915881110803,0.254,0.005,8.30860680976446e-09,"Upregulated in Hotspots"
"STXBP6",3.81661469180517e-13,2.30319153230578,0.404,0.093,8.42823022391336e-09,"Upregulated in Hotspots"
"SUFU",3.8545574407432e-13,2.4262647547021,0.415,0.093,8.51201919639321e-09,"Upregulated in Hotspots"
"ABHD17C",3.9420964755206e-13,-3.11220950358603,0.062,0.358,8.70533164689214e-09,"Upregulated in Coldspots"
"NME7",4.25398909444303e-13,2.62935662007961,0.337,0.041,9.39408411725854e-09,"Upregulated in Hotspots"
"TNS4",4.34222221612245e-13,-4.75488750216347,0.01,0.264,9.5889293198632e-09,"Upregulated in Coldspots"
"ABCG2",4.43976400266878e-13,-2.21770072601173,0.176,0.503,9.80433084709347e-09,"Upregulated in Coldspots"
"ANKH",4.46141670031102e-13,3.7028243385863,0.601,0.332,9.85214649929683e-09,"Upregulated in Hotspots"
"MS4A4A",4.62494864746097e-13,2.61297687689075,0.373,0.067,1.02132740981881e-08,"Upregulated in Hotspots"
"CSHL1",5.18431801197098e-13,-3.4447848426729,0.062,0.352,1.14485294658355e-08,"Upregulated in Coldspots"
"LINC00342",5.28512563207588e-13,3.74723392962003,0.295,0.026,1.16711429333132e-08,"Upregulated in Hotspots"
"NIPSNAP3B",5.68766196827231e-13,4.28540221886225,0.264,0.01,1.25600639245357e-08,"Upregulated in Hotspots"
"RAP2A",6.47406751696432e-13,2.05444778402238,0.368,0.057,1.42966832977123e-08,"Upregulated in Hotspots"
"GNPTAB",6.93262699856235e-13,1.98994633533608,0.43,0.098,1.53093202009252e-08,"Upregulated in Hotspots"
"NLN",7.13810093580586e-13,2.75488750216347,0.358,0.062,1.57630682965401e-08,"Upregulated in Hotspots"
"MAP3K3",7.5752163024264e-13,2.30932805810773,0.363,0.057,1.67283501606482e-08,"Upregulated in Hotspots"
"CAMSAP2",7.91404185406556e-13,-1.32033307533198,0.513,0.782,1.7476578626333e-08,"Upregulated in Coldspots"
"STX16",8.06760900795207e-13,1.68907090406189,0.523,0.176,1.78157009722606e-08,"Upregulated in Hotspots"
"MS4A6A",8.24114449230493e-13,2.14809863898913,0.368,0.062,1.8198919382357e-08,"Upregulated in Hotspots"
"RNF144B",8.34232858807049e-13,3.26534456652099,0.337,0.052,1.84223642210361e-08,"Upregulated in Hotspots"
"FAM110B",8.58882004610855e-13,2.24236083756904,0.352,0.052,1.89666913078215e-08,"Upregulated in Hotspots"
"TMEM40",8.66948730687336e-13,-2.47130571892559,0.057,0.352,1.91448288197684e-08,"Upregulated in Coldspots"
"CD163L1",8.83033727960457e-13,2.4431298063082,0.461,0.161,1.95000338145508e-08,"Upregulated in Hotspots"
"FKTN",8.95581925589768e-13,3.32192809488736,0.285,0.021,1.97771356627989e-08,"Upregulated in Hotspots"
"CYTH4",9.20241934798651e-13,3.2129937233342,0.295,0.026,2.03217026461586e-08,"Upregulated in Hotspots"
"VPS13C",9.22036155247881e-13,1.11547721741994,0.772,0.539,2.0361324416339e-08,"Upregulated in Hotspots"
"CAPZB",9.39531303528749e-13,1.47089073401236,0.762,0.549,2.07476697758254e-08,"Upregulated in Hotspots"
"NT5E",9.60902488029825e-13,-3.66837850890879,0.026,0.29,2.12196096431626e-08,"Upregulated in Coldspots"
"ASAP1",9.91103218013909e-13,0.977549309186609,0.938,0.896,2.18865323634012e-08,"Upregulated in Hotspots"
"USP53",1.01662773075754e-12,-1.16201980335697,0.28,0.658,2.24501901783189e-08,"Upregulated in Coldspots"
"ZDHHC20",1.02223756423959e-12,-1.31586209418801,0.399,0.72,2.25740721311029e-08,"Upregulated in Coldspots"
"SLC44A1",1.10521440713758e-12,-1.67893864893017,0.326,0.637,2.44064497528192e-08,"Upregulated in Coldspots"
"HS2ST1",1.1074355796952e-12,1.77118130950412,0.648,0.383,2.44554999064091e-08,"Upregulated in Hotspots"
"ARHGAP42",1.19908101886449e-12,-1.21486589468554,0.43,0.746,2.64793061395846e-08,"Upregulated in Coldspots"
"STK32B",1.26141627544711e-12,4.14295795384204,0.269,0.016,2.78558556106984e-08,"Upregulated in Hotspots"
"PPP2R5C",1.28530720304559e-12,1.62243720613982,0.575,0.233,2.83834389648558e-08,"Upregulated in Hotspots"
"DOK5",1.35396038249219e-12,5.89481776330794,0.244,0.005,2.9899507126575e-08,"Upregulated in Hotspots"
"SRGAP3",1.37848040455816e-12,3.22780591752281,0.378,0.088,3.04409827738578e-08,"Upregulated in Hotspots"
"ASTN2",1.38674225705987e-12,3.02106161552783,0.311,0.036,3.06234292626532e-08,"Upregulated in Hotspots"
"ARAP2",1.39584772876324e-12,2.63890130783196,0.42,0.119,3.08245053942786e-08,"Upregulated in Hotspots"
"PLSCR1",1.47977884613052e-12,2,0.42,0.098,3.26779562591002e-08,"Upregulated in Hotspots"
"NEK7",1.48341125302987e-12,-1.34228115684353,0.725,0.902,3.27581707006587e-08,"Upregulated in Coldspots"
"CRYBG2",1.52043569156333e-12,-3.05444778402238,0.041,0.316,3.35757813767931e-08,"Upregulated in Coldspots"
"ASXL1",1.5751250481394e-12,1.7796099315747,0.549,0.212,3.47834864380623e-08,"Upregulated in Hotspots"
"MAP4K4",1.58029032135688e-12,1.44107536018037,0.694,0.389,3.48975511665239e-08,"Upregulated in Hotspots"
"RPH3AL",1.62195318718192e-12,4.64385618977473,0.254,0.01,3.58175922325383e-08,"Upregulated in Hotspots"
"SYT12",1.62868586445401e-12,-4.39231742277876,0.016,0.264,3.5966269944738e-08,"Upregulated in Coldspots"
"BLVRA",1.65859771759198e-12,3,0.311,0.036,3.66268133975838e-08,"Upregulated in Hotspots"
"SQSTM1",1.68948931964809e-12,-1.83898653110671,0.352,0.642,3.73089926457888e-08,"Upregulated in Coldspots"
"CENPP",1.73774878700757e-12,2.17396051467747,0.575,0.269,3.83747064634882e-08,"Upregulated in Hotspots"
"TTC7B",1.80753712262109e-12,-1.01571008308866,0.637,0.85,3.99158422788415e-08,"Upregulated in Coldspots"
"KANTR",1.82648304675586e-12,2.2410080995038,0.363,0.062,4.03342251215097e-08,"Upregulated in Hotspots"
"SLC2A3",1.99421909468931e-12,3,0.347,0.057,4.40383402680239e-08,"Upregulated in Hotspots"
"FBXL7",2.00219681188881e-12,2,0.378,0.078,4.42145121969406e-08,"Upregulated in Hotspots"
"AL589787.1",2.11599121506475e-12,-4.35755200461808,0.016,0.264,4.67274340022748e-08,"Upregulated in Coldspots"
"KCNH7",2.11608957704148e-12,-3.58496250072116,0.031,0.295,4.6729606129807e-08,"Upregulated in Coldspots"
"DGKH",2.17392346691563e-12,2.20696238076684,0.409,0.098,4.80067519198979e-08,"Upregulated in Hotspots"
"ST5",2.20814299279028e-12,-1.85798099512757,0.238,0.554,4.87624217097877e-08,"Upregulated in Coldspots"
"RDH13",2.49148226404811e-12,-2.71989208080726,0.109,0.404,5.50194028369743e-08,"Upregulated in Coldspots"
"XDH",2.51886665828685e-12,-4.07528812730424,0.016,0.264,5.56241324149486e-08,"Upregulated in Coldspots"
"DENND3",2.56940215996609e-12,3.39231742277876,0.332,0.057,5.67401078985313e-08,"Upregulated in Hotspots"
"LPGAT1",2.615200517756e-12,1.75488750216347,0.461,0.124,5.77514730336057e-08,"Upregulated in Hotspots"
"OSMR",2.76604311339621e-12,-2.2024378149608,0.171,0.487,6.10825300731286e-08,"Upregulated in Coldspots"
"STEAP4",2.87996528455443e-12,-3.18762700317577,0.067,0.347,6.35982733788155e-08,"Upregulated in Coldspots"
"USP24",2.95304592908467e-12,1.56847437793259,0.606,0.269,6.52121132519767e-08,"Upregulated in Hotspots"
"VSIG4",3.03309492326026e-12,1.81378119121704,0.409,0.088,6.69798351903562e-08,"Upregulated in Hotspots"
"NAIP",3.04828005817054e-12,2.41953889151378,0.373,0.078,6.73151685245799e-08,"Upregulated in Hotspots"
"TTC39C",3.08943115145619e-12,4.52356195605701,0.259,0.016,6.82239081176071e-08,"Upregulated in Hotspots"
"CBL",3.09558374556014e-12,2.24207478719815,0.368,0.073,6.83597758532046e-08,"Upregulated in Hotspots"
"ANTXR1",3.12342608094518e-12,2.75844532157666,0.316,0.041,6.89746181455124e-08,"Upregulated in Hotspots"
"DTWD1",3.18237901150718e-12,2.61297687689075,0.326,0.047,7.02764757111132e-08,"Upregulated in Hotspots"
"NEK3",3.19200665689655e-12,3.23946593469539,0.301,0.036,7.04890830042465e-08,"Upregulated in Hotspots"
"XRCC4",3.19826644467088e-12,2.21501289097085,0.44,0.13,7.06273178976671e-08,"Upregulated in Hotspots"
"MIR4713HG",3.27456513489533e-12,-2.04209133348903,0.161,0.482,7.23122218738935e-08,"Upregulated in Coldspots"
"IGF2BP3",3.33286461773156e-12,-0.935946628892602,0.777,0.959,7.3599649353366e-08,"Upregulated in Coldspots"
"CYLD",3.34163868675211e-12,2.59903768593288,0.347,0.062,7.37934071195469e-08,"Upregulated in Hotspots"
"CGB3",3.37049356581246e-12,-3.30616077902905,0.13,0.42,7.44306094138366e-08,"Upregulated in Coldspots"
"BET1",3.44306996389628e-12,-2.07707622301864,0.119,0.43,7.60333140127214e-08,"Upregulated in Coldspots"
"LRRC28",3.74279666891698e-12,2.07528812730424,0.451,0.13,8.26521788396937e-08,"Upregulated in Hotspots"
"TET3",3.91129553158222e-12,2.02696704760027,0.477,0.155,8.63731392239303e-08,"Upregulated in Hotspots"
"ITPKB",3.94908682861428e-12,2.6724253419715,0.342,0.057,8.72076844362891e-08,"Upregulated in Hotspots"
"NLK",4.2064573440701e-12,1.38401060365822,0.679,0.42,9.28911975291e-08,"Upregulated in Hotspots"
"PHACTR1",4.24216543427188e-12,3.14684138832927,0.301,0.036,9.36797392850259e-08,"Upregulated in Hotspots"
"HSPB8",4.30129085645925e-12,-2.49923262669527,0.073,0.363,9.49854059831896e-08,"Upregulated in Coldspots"
"ATXN7",4.47073099696073e-12,-1.39513794184114,0.42,0.694,9.87271526058838e-08,"Upregulated in Coldspots"
"GLI3",4.50058275980891e-12,-0.760501108626995,0.415,0.834,9.93863690848602e-08,"Upregulated in Coldspots"
"P2RY6",4.66177016992618e-12,-1.89162383895521,0.088,0.389,1.0294587066248e-07,"Upregulated in Coldspots"
"CUEDC1",4.70414353058383e-12,2.39530128121758,0.352,0.062,1.03881601585883e-07,"Upregulated in Hotspots"
"AOAH",4.78858520797091e-12,3.01282404035758,0.28,0.026,1.05746327147622e-07,"Upregulated in Hotspots"
"ODF2L",4.78930107732049e-12,1.91886323727459,0.399,0.088,1.05762135690468e-07,"Upregulated in Hotspots"
"TCF7L2",4.79651438060342e-12,2.78298691532233,0.668,0.389,1.05921427066865e-07,"Upregulated in Hotspots"
"SHOC1",4.89068878200108e-12,2.08746284125034,0.425,0.114,1.0800108037293e-07,"Upregulated in Hotspots"
"COLGALT1",5.12516561387872e-12,2.89812038598079,0.301,0.036,1.13179032251284e-07,"Upregulated in Hotspots"
"WWC1",5.12566405021817e-12,-2.46297197634255,0.109,0.404,1.13190039220968e-07,"Upregulated in Coldspots"
"NFKB1",5.48709343376576e-12,1.31092909593811,0.497,0.155,1.21171484297849e-07,"Upregulated in Hotspots"
"AL136962.1",5.66993955443205e-12,-1.41772658680648,0.192,0.544,1.25209275180523e-07,"Upregulated in Coldspots"
"KCNJ5",5.81904948930634e-12,3.13750352374993,0.29,0.031,1.28502069872352e-07,"Upregulated in Hotspots"
"MBD2",5.91597824147227e-12,-1.22470628717469,0.42,0.72,1.30642547506432e-07,"Upregulated in Coldspots"
"RAPH1",5.96509455055587e-12,1.46844849199473,0.627,0.306,1.31727182959925e-07,"Upregulated in Hotspots"
"SULT1C2",6.39795090318338e-12,4.56985560833095,0.244,0.01,1.41285949794999e-07,"Upregulated in Hotspots"
"TUBGCP3",6.40436230043277e-12,2.14839183989267,0.394,0.093,1.41427532680457e-07,"Upregulated in Hotspots"
"ROCK1",6.44741261624677e-12,1.20474455551702,0.725,0.451,1.42378212804577e-07,"Upregulated in Hotspots"
"DKK2",6.67032651659142e-12,5.83605035505807,0.254,0.016,1.47300820465888e-07,"Upregulated in Hotspots"
"KIF6",6.80426223222277e-12,-4.54843662469604,0.016,0.254,1.50258522874175e-07,"Upregulated in Coldspots"
"SLC16A10",6.89503424497626e-12,2.1879897172043,0.435,0.124,1.52263041231811e-07,"Upregulated in Hotspots"
"EHD4",6.92955226164096e-12,2.4447848426729,0.368,0.078,1.53025302593817e-07,"Upregulated in Hotspots"
"SLC8A1",7.02284375381089e-12,1.88806672131686,0.503,0.181,1.55085458615406e-07,"Upregulated in Hotspots"
"GNB4",7.23649626477399e-12,1.62618516344767,0.42,0.104,1.59803547015004e-07,"Upregulated in Hotspots"
"APH1B",7.45349614775601e-12,3.10433665981474,0.285,0.031,1.64595555430896e-07,"Upregulated in Hotspots"
"TRANK1",8.29669275220533e-12,2.26303440583379,0.306,0.036,1.8321586604695e-07,"Upregulated in Hotspots"
"AP3B1",8.83977247943067e-12,1.06261197729968,0.839,0.653,1.95208695663267e-07,"Upregulated in Hotspots"
"AL357522.1",9.05094065463234e-12,3.8073549220576,0.264,0.021,1.99871922476246e-07,"Upregulated in Hotspots"
"STX2",9.13064877974343e-12,2.89812038598079,0.295,0.036,2.01632117003074e-07,"Upregulated in Hotspots"
"SPP1",9.47468644526078e-12,0.961613446847903,0.668,0.383,2.09229500770694e-07,"Upregulated in Hotspots"
"AC005670.3",9.57834616932885e-12,2.28757659009659,0.326,0.052,2.11518618457289e-07,"Upregulated in Hotspots"
"STK4",9.73003979057324e-12,1.4671260104273,0.487,0.161,2.14868468695229e-07,"Upregulated in Hotspots"
"PLTP",9.88833496156756e-12,1.05852607660646,0.482,0.124,2.18364100956296e-07,"Upregulated in Hotspots"
"RCN3",9.98801319470641e-12,3.67807190511264,0.244,0.01,2.20565295378702e-07,"Upregulated in Hotspots"
"PIK3C2B",1.03102203933949e-11,-2.47883414985981,0.161,0.446,2.27680596947339e-07,"Upregulated in Coldspots"
"LINC02245",1.03942141827869e-11,-2.09038623645711,0.166,0.466,2.29535431798484e-07,"Upregulated in Coldspots"
"MAP3K1",1.13291461642298e-11,1.65920113101307,0.591,0.285,2.50181534744687e-07,"Upregulated in Hotspots"
"ZNF710",1.14355093682691e-11,2.22239242133645,0.409,0.114,2.52530353379486e-07,"Upregulated in Hotspots"
"RABGAP1L",1.14419015719942e-11,1.48917896203135,0.86,0.839,2.52671512414348e-07,"Upregulated in Hotspots"
"AC004889.1",1.17014819059338e-11,2.93859945533586,0.285,0.031,2.58403824928736e-07,"Upregulated in Hotspots"
"CD53",1.26469441017682e-11,2.27684020535882,0.347,0.062,2.79282466599348e-07,"Upregulated in Hotspots"
"ULK2",1.31033086607296e-11,2.24207478719815,0.383,0.088,2.89360365154893e-07,"Upregulated in Hotspots"
"ARHGAP26",1.32419522777381e-11,-1.11731950478673,0.627,0.865,2.92422032149291e-07,"Upregulated in Coldspots"
"FCGRT",1.36269008042887e-11,1.26449981483829,0.456,0.114,3.00922850461107e-07,"Upregulated in Hotspots"
"CBLB",1.37846540420859e-11,-1.24257030327408,0.793,0.938,3.04406515211383e-07,"Upregulated in Coldspots"
"SLC36A1",1.38947640648956e-11,2.5077946401987,0.316,0.047,3.0683807484509e-07,"Upregulated in Hotspots"
"RFTN1",1.42218910871343e-11,2.43295940727611,0.28,0.026,3.14062020877186e-07,"Upregulated in Hotspots"
"SESN3",1.437948738541e-11,1.97691638688696,0.472,0.15,3.17542219932009e-07,"Upregulated in Hotspots"
"AC098829.1",1.44070533886793e-11,3.61470984411521,0.269,0.026,3.18150959982204e-07,"Upregulated in Hotspots"
"BCKDHB",1.48405067834123e-11,-1.60665757182048,0.342,0.617,3.27722911298093e-07,"Upregulated in Coldspots"
"GLB1",1.51237427745907e-11,1.96523458183932,0.358,0.067,3.33977611691287e-07,"Upregulated in Hotspots"
"WWP1",1.51542209030742e-11,2.11829931285278,0.777,0.658,3.34650660202587e-07,"Upregulated in Hotspots"
"ADAMTS2",1.6048195775425e-11,3.73696559416621,0.249,0.016,3.54392307308711e-07,"Upregulated in Hotspots"
"GATA3",1.64684089857331e-11,-1.27770409463068,0.171,0.523,3.63671875631944e-07,"Upregulated in Coldspots"
"KRT23",1.67334070305648e-11,-2.2184235191335,0.073,0.358,3.69523827455963e-07,"Upregulated in Coldspots"
"ITIH5",1.73436104695399e-11,-1.58496250072116,0.218,0.549,3.8299894999885e-07,"Upregulated in Coldspots"
"PRKAR1A",1.73488467274013e-11,1.34701907585019,0.487,0.161,3.83114582281204e-07,"Upregulated in Hotspots"
"MLXIP",1.75469769862187e-11,2.13124453327825,0.352,0.067,3.87489892786669e-07,"Upregulated in Hotspots"
"ARMC2",1.76762485555749e-11,2.58496250072116,0.342,0.067,3.9034459685276e-07,"Upregulated in Hotspots"
"SRSF5",1.78393783253067e-11,-1.25022662953317,0.435,0.736,3.93946991557749e-07,"Upregulated in Coldspots"
"BBS9",1.81448755136087e-11,1.36564947231668,0.56,0.228,4.00693285967021e-07,"Upregulated in Hotspots"
"PTPRA",1.81735981635257e-11,0.969256476568892,0.772,0.482,4.01327568245139e-07,"Upregulated in Hotspots"
"SYT7",1.87276375302648e-11,-2.61470984411521,0.057,0.326,4.13562419580837e-07,"Upregulated in Coldspots"
"AP1B1",1.88561277892805e-11,1.73434012475938,0.482,0.161,4.1639986997068e-07,"Upregulated in Hotspots"
"GOLIM4",1.93225766712435e-11,2.22239242133645,0.321,0.052,4.26700460631071e-07,"Upregulated in Hotspots"
"P4HA1",1.95446839934038e-11,1.36257007938471,0.539,0.197,4.31605256626335e-07,"Upregulated in Hotspots"
"PLA2G4A",1.95633888512861e-11,3.44057259138598,0.259,0.021,4.32018316002951e-07,"Upregulated in Hotspots"
"OTULINL",1.97486163282009e-11,2.93859945533586,0.269,0.026,4.3610869437566e-07,"Upregulated in Hotspots"
"GASK1B",2.00198564537597e-11,1.85190136101087,0.373,0.078,4.42098490068376e-07,"Upregulated in Hotspots"
"ARRB2",2.0342337347664e-11,2.86789646399265,0.29,0.036,4.49219835648464e-07,"Upregulated in Hotspots"
"PYGL",2.08628373537145e-11,1.75829410360672,0.508,0.187,4.60714037282078e-07,"Upregulated in Hotspots"
"S100Z",2.09350346045728e-11,4.75488750216347,0.233,0.01,4.6230836917278e-07,"Upregulated in Hotspots"
"PI4K2A",2.10773376554304e-11,2.59825932333461,0.326,0.057,4.65450847444869e-07,"Upregulated in Hotspots"
"SNTB1",2.1542979048494e-11,2.23266075679027,0.363,0.078,4.75733606327894e-07,"Upregulated in Hotspots"
"INPP5D",2.18118960676764e-11,2.6724253419715,0.347,0.078,4.81672100862498e-07,"Upregulated in Hotspots"
"HEXA",2.27866042892045e-11,1.62219540692013,0.461,0.14,5.03196582518502e-07,"Upregulated in Hotspots"
"SLF2",2.29703832659541e-11,1.44680006166363,0.554,0.218,5.07254973662064e-07,"Upregulated in Hotspots"
"JUN",2.29849351054161e-11,2.27500704749987,0.321,0.052,5.07576321932904e-07,"Upregulated in Hotspots"
"CD28",2.31479583817211e-11,3.15200309344505,0.269,0.026,5.11176364943547e-07,"Upregulated in Hotspots"
"SRGAP2B",2.34340147573034e-11,1.97982211806237,0.44,0.14,5.1749334788553e-07,"Upregulated in Hotspots"
"RPS6KA3",2.36073664935054e-11,1.96962635095648,0.425,0.124,5.2132147427608e-07,"Upregulated in Hotspots"
"PALLD",2.40039026724151e-11,1.85643519508588,0.668,0.492,5.30078182714943e-07,"Upregulated in Hotspots"
"DTNBP1",2.45302727953506e-11,1.91073266190291,0.461,0.155,5.41702014139728e-07,"Upregulated in Hotspots"
"TPD52L2",2.49144840175481e-11,2.28010791919273,0.378,0.093,5.50186550559515e-07,"Upregulated in Hotspots"
"LINC02583",2.50707307620382e-11,-2.16992500144231,0.093,0.378,5.53636947418089e-07,"Upregulated in Coldspots"
"GNA13",2.54938119664357e-11,1.94228450214371,0.451,0.145,5.629798496548e-07,"Upregulated in Hotspots"
"CEP112",2.56117094150895e-11,1.7871062382138,0.466,0.161,5.65583379013422e-07,"Upregulated in Hotspots"
"PGBD5",2.58622511370385e-11,4.2667865406949,0.233,0.01,5.71116091859221e-07,"Upregulated in Hotspots"
"AL078600.1",2.60502205256403e-11,3.18586654531133,0.269,0.026,5.75267019867714e-07,"Upregulated in Hotspots"
"PIK3R1",2.60766526772105e-11,1.15721394969276,0.684,0.373,5.75850721070839e-07,"Upregulated in Hotspots"
"SAMHD1",2.74265951146079e-11,1.3536369546147,0.378,0.078,6.05661499915887e-07,"Upregulated in Hotspots"
"PDE9A",2.80252769919687e-11,3.14684138832927,0.249,0.016,6.18882191813644e-07,"Upregulated in Hotspots"
"WSB1",2.8069053200193e-11,0.69022383036797,0.99,0.896,6.19848901819863e-07,"Upregulated in Hotspots"
"PIK3CD",2.81786121398856e-11,3.98185265328974,0.244,0.016,6.22268291885093e-07,"Upregulated in Hotspots"
"CLMN",2.82873268634504e-11,-2.2081081953302,0.083,0.363,6.24669039125575e-07,"Upregulated in Coldspots"
"PTPN18",2.91432575649826e-11,2.36773178450049,0.389,0.104,6.43570556807511e-07,"Upregulated in Hotspots"
"AGO4",2.91628735098494e-11,1.74193184705956,0.492,0.176,6.44003735718003e-07,"Upregulated in Hotspots"
"MYLK",2.91813712473143e-11,-2.37102264441553,0.145,0.43,6.44412221254443e-07,"Upregulated in Coldspots"
"SMOC2",3.03985818932096e-11,-1.93741546262198,0.114,0.415,6.71291883947748e-07,"Upregulated in Coldspots"
"SETBP1",3.0867387683424e-11,2.79816575060294,0.404,0.119,6.81644522213053e-07,"Upregulated in Hotspots"
"ADHFE1",3.08830271966492e-11,-3.0198995574377,0.083,0.347,6.81989889583604e-07,"Upregulated in Coldspots"
"GAS6",3.12960939270552e-11,2.66296501272243,0.29,0.036,6.9111164219116e-07,"Upregulated in Hotspots"
"MSN",3.38482401524803e-11,1.44651573075201,0.415,0.104,7.47470687287222e-07,"Upregulated in Hotspots"
"ZBED3-AS1",3.47613925147834e-11,5.16992500144231,0.218,0.005,7.67635830903962e-07,"Upregulated in Hotspots"
"PXN",3.50552786178061e-11,2.38142910663602,0.347,0.073,7.74125717717012e-07,"Upregulated in Hotspots"
"AC020891.2",3.50767650899019e-11,-3.20645087746743,0.041,0.29,7.74600203480304e-07,"Upregulated in Coldspots"
"GLCCI1",3.54517094484598e-11,-1.25921269488139,0.554,0.839,7.82880099750338e-07,"Upregulated in Coldspots"
"OSBPL9",3.68769501546144e-11,1.08797092191799,0.746,0.466,8.14353690264349e-07,"Upregulated in Hotspots"
"ATP6V1B2",3.73857328472784e-11,2.19930880822341,0.383,0.098,8.25589138466448e-07,"Upregulated in Hotspots"
"DYRK4",4.08987966591536e-11,3.12928301694497,0.264,0.026,9.03168126624089e-07,"Upregulated in Hotspots"
"LRRK1",4.10759521504187e-11,1.94753258010586,0.466,0.166,9.07080251337697e-07,"Upregulated in Hotspots"
"KANK2",4.19830873977266e-11,2.04182017569463,0.28,0.031,9.27112519003997e-07,"Upregulated in Hotspots"
"SH2B3",4.33233662942806e-11,2.75488750216347,0.285,0.036,9.567098978766e-07,"Upregulated in Hotspots"
"HIBCH",4.402085662768e-11,1.68449817427207,0.487,0.171,9.72112576909058e-07,"Upregulated in Hotspots"
"KCTD12",4.43738636024487e-11,1.59269814950076,0.42,0.109,9.79908029932875e-07,"Upregulated in Hotspots"
"ST3GAL4",4.43967475842023e-11,-1.85561009066482,0.124,0.42,9.8041337690194e-07,"Upregulated in Coldspots"
"MAP4",4.53787348629446e-11,1.30705481840583,0.694,0.435,1.00209860197841e-06,"Upregulated in Hotspots"
"SENP7",4.59008704167486e-11,1.23619822086148,0.632,0.321,1.01362892141306e-06,"Upregulated in Hotspots"
"MGMT",4.64442160268024e-11,1.8903755088255,0.409,0.109,1.02562762251988e-06,"Upregulated in Hotspots"
"HELZ",4.67202252131928e-11,1,0.788,0.591,1.03172273338294e-06,"Upregulated in Hotspots"
"APBA1",4.68450644119496e-11,3.01329682261346,0.347,0.083,1.03447955740908e-06,"Upregulated in Hotspots"
"MC1R",4.89960217479806e-11,-3.12553088208386,0.036,0.28,1.08197914826066e-06,"Upregulated in Coldspots"
"EMILIN2",4.91110462550958e-11,2.15842936260448,0.342,0.067,1.08451923445128e-06,"Upregulated in Hotspots"
"LINC00470",4.91567650880194e-11,-0.905672617451847,0.43,0.798,1.08552884343873e-06,"Upregulated in Coldspots"
"PARP12",5.02456841869887e-11,2.82442843541654,0.285,0.036,1.10957544390127e-06,"Upregulated in Hotspots"
"BIN1",5.16773076549773e-11,1.83871909296694,0.311,0.047,1.14118998494486e-06,"Upregulated in Hotspots"
"ARHGAP31",5.1708020689515e-11,2.36923380966572,0.352,0.078,1.14186822088656e-06,"Upregulated in Hotspots"
"ZNF280D",5.19846509666128e-11,1.51832530769087,0.601,0.301,1.14797704729571e-06,"Upregulated in Hotspots"
"APAF1",5.26199178834381e-11,2.17833724125851,0.347,0.073,1.16200564661996e-06,"Upregulated in Hotspots"
"MAPRE2",5.52192080633423e-11,3.4447848426729,0.269,0.031,1.21940577166279e-06,"Upregulated in Hotspots"
"ARL15",5.76709878176985e-11,-0.376315501206037,0.767,0.451,1.27354842397824e-06,"Upregulated in Coldspots"
"SNX5",5.79393835522697e-11,1.78759166723617,0.42,0.114,1.27947540698477e-06,"Upregulated in Hotspots"
"PTPN9",5.80873938726071e-11,2.03342300153745,0.383,0.098,1.28274391888878e-06,"Upregulated in Hotspots"
"KIDINS220",6.01711537470426e-11,1.25032335408424,0.606,0.29,1.32875958819594e-06,"Upregulated in Hotspots"
"DGKI",6.05282382516053e-11,-3.58496250072116,0.026,0.259,1.3366450853102e-06,"Upregulated in Coldspots"
"PTCHD1-AS",6.48912272310355e-11,-4.21981387723467,0.041,0.285,1.43299297094296e-06,"Upregulated in Coldspots"
"CCDC14",6.6949208696091e-11,1.95935801550265,0.415,0.124,1.47843937563578e-06,"Upregulated in Hotspots"
"SLC39A8",6.95536840604584e-11,-1.92599941855622,0.135,0.435,1.5359540051071e-06,"Upregulated in Coldspots"
"DRAM1",7.22578138926206e-11,1.31410859042806,0.321,0.057,1.59566930419074e-06,"Upregulated in Hotspots"
"TSPAN7",7.25352124608542e-11,5.07324898203064,0.223,0.01,1.60179509677304e-06,"Upregulated in Hotspots"
"FLVCR2",7.28307292783601e-11,-2.00620514952671,0.212,0.492,1.60832099465403e-06,"Upregulated in Coldspots"
"LINC01094",7.52392538451348e-11,2.96347412397489,0.29,0.041,1.66150844266211e-06,"Upregulated in Hotspots"
"ITGB5",7.5910783171539e-11,1.62975042246799,0.487,0.171,1.67633782477709e-06,"Upregulated in Hotspots"
"ASPH",7.62013206477492e-11,1.31375416344166,0.679,0.389,1.68275376386425e-06,"Upregulated in Hotspots"
"CTSB",7.6246562597865e-11,1.33132679288961,0.565,0.249,1.68375284184865e-06,"Upregulated in Hotspots"
"PFKFB3",7.63797702121059e-11,2.36564947231668,0.275,0.031,1.68669446559393e-06,"Upregulated in Hotspots"
"SNX18",7.77986301729977e-11,2.61890983264449,0.306,0.052,1.71802715011031e-06,"Upregulated in Hotspots"
"GRIN2C",7.91899063988746e-11,4.27301849440642,0.223,0.01,1.74875070300635e-06,"Upregulated in Hotspots"
"FBXL5",8.23108628074444e-11,1.66742466091313,0.461,0.15,1.81767078337679e-06,"Upregulated in Hotspots"
"AC110619.1",8.32280337986569e-11,-3.35755200461808,0.031,0.264,1.83792467037574e-06,"Upregulated in Coldspots"
"SP110",8.39539200548425e-11,2.47804729680464,0.28,0.036,1.85395441657109e-06,"Upregulated in Hotspots"
"SSBP2",8.43988187348181e-11,1.68958589312968,0.663,0.425,1.86377911412099e-06,"Upregulated in Hotspots"
"ATG9B",8.97174924320518e-11,-2.75132088714328,0.057,0.311,1.981231385377e-06,"Upregulated in Coldspots"
"TC2N",8.97192801930485e-11,-2.40053792958373,0.078,0.347,1.98127086450309e-06,"Upregulated in Coldspots"
"TPM3",9.1648822609306e-11,1.14684138832927,0.544,0.197,2.0238809496813e-06,"Upregulated in Hotspots"
"PIKFYVE",9.37922065187196e-11,1.43115716464212,0.596,0.306,2.07121329655288e-06,"Upregulated in Hotspots"
"LGR4",1.05742913065039e-10,-1.37381483655233,0.29,0.617,2.33512074921526e-06,"Upregulated in Coldspots"
"ARHGEF6",1.06038135749984e-10,3.30580842952409,0.254,0.026,2.3416401517669e-06,"Upregulated in Hotspots"
"ARHGAP4",1.07103283413886e-10,2.51457317282976,0.28,0.036,2.36516180762884e-06,"Upregulated in Hotspots"
"ITGB3",1.09543521741563e-10,-3.39231742277876,0.026,0.254,2.41904959061894e-06,"Upregulated in Coldspots"
"OSTF1",1.1503776271161e-10,1.54480537424917,0.544,0.244,2.54037891396049e-06,"Upregulated in Hotspots"
"ARHGAP12",1.16881326551566e-10,1.34994247105696,0.689,0.409,2.58109033423824e-06,"Upregulated in Hotspots"
"SIPA1L2",1.17246392563389e-10,2.06140054466414,0.42,0.124,2.58915208697731e-06,"Upregulated in Hotspots"
"PARP15",1.19881960393576e-10,3.27301849440642,0.254,0.026,2.64735333137134e-06,"Upregulated in Hotspots"
"GALNT1",1.2209888847932e-10,1.3915089637826,0.715,0.472,2.69630975428883e-06,"Upregulated in Hotspots"
"GIT2",1.22857982316525e-10,1.70781924850669,0.461,0.166,2.71307282349582e-06,"Upregulated in Hotspots"
"TRIM25",1.25180815571736e-10,-1.60388336261838,0.285,0.56,2.76436795027066e-06,"Upregulated in Coldspots"
"PDE3B",1.27723000115802e-10,2.07454695336505,0.415,0.124,2.82050701155725e-06,"Upregulated in Hotspots"
"RNASEH2B",1.3022265298071e-10,1.82312223791592,0.43,0.13,2.87570684577302e-06,"Upregulated in Hotspots"
"CLTC",1.32393419150873e-10,1.16512401517849,0.824,0.658,2.92364387510874e-06,"Upregulated in Hotspots"
"CASC4",1.33153789298216e-10,1.73360658207629,0.409,0.114,2.94043512907251e-06,"Upregulated in Hotspots"
"TFPI",1.3748784682377e-10,-0.602664502454615,0.43,0.767,3.03614412140931e-06,"Upregulated in Coldspots"
"SRGAP1",1.4303570548408e-10,1.20435849850619,0.57,0.249,3.15865748420494e-06,"Upregulated in Hotspots"
"CAB39",1.48553031101697e-10,1.50673733341565,0.627,0.368,3.28049658581878e-06,"Upregulated in Hotspots"
"TBC1D14",1.54933787285643e-10,1.8073549220576,0.528,0.249,3.42140282462885e-06,"Upregulated in Hotspots"
"CPXM2",1.59059034335081e-10,-4.35755200461808,0.01,0.218,3.5125006552216e-06,"Upregulated in Coldspots"
"IRAK3",1.59224026408008e-10,3.09515723304034,0.254,0.026,3.51614417516803e-06,"Upregulated in Hotspots"
"MCOLN1",1.61907702192626e-10,3.01792190799726,0.269,0.036,3.57540778751977e-06,"Upregulated in Hotspots"
"RNF216",1.6257684854838e-10,1.3536369546147,0.57,0.259,3.59018454649388e-06,"Upregulated in Hotspots"
"IFNAR2",1.62633672255525e-10,2.19967234483636,0.383,0.109,3.59143938441877e-06,"Upregulated in Hotspots"
"KCTD1",1.67076046017534e-10,-2.34577483684173,0.057,0.311,3.6895403242052e-06,"Upregulated in Coldspots"
"DUSP16",1.68944730404099e-10,-1.67928988326931,0.223,0.513,3.73080648151372e-06,"Upregulated in Coldspots"
"AMOTL1",1.69976414763089e-10,-1.11691775177915,0.337,0.679,3.75358916721329e-06,"Upregulated in Coldspots"
"KIAA0319",1.71846544435637e-10,-3.42321143072454,0.031,0.259,3.79488724077218e-06,"Upregulated in Coldspots"
"SYNE1",1.74472431555163e-10,2.06140054466414,0.316,0.057,3.85287470603267e-06,"Upregulated in Hotspots"
"TCF12",1.75798391377799e-10,1.18512051666028,0.933,0.959,3.88215587679593e-06,"Upregulated in Hotspots"
"CAPRIN2",1.81665482799571e-10,2.33342373372519,0.342,0.078,4.01171885666292e-06,"Upregulated in Hotspots"
"POSTN",1.85565050783798e-10,-2.87148525947732,0.047,0.29,4.09783301645861e-06,"Upregulated in Coldspots"
"HSD11B2",1.93760561774759e-10,-3,0.041,0.28,4.278814485672e-06,"Upregulated in Coldspots"
"PRKY",1.95061759000146e-10,3.86789646399265,0.228,0.016,4.30754882400022e-06,"Upregulated in Hotspots"
"RIMKLB",2.02408651785794e-10,-1.11660918690986,0.523,0.762,4.46979025738568e-06,"Upregulated in Coldspots"
"LGALS13",2.09481254614653e-10,-3.40209844357135,0.021,0.238,4.62597454565537e-06,"Upregulated in Coldspots"
"ZMYM2",2.22228787822189e-10,1.04875931191986,0.71,0.446,4.9074783214774e-06,"Upregulated in Hotspots"
"FGD2",2.26278632185831e-10,3.58496250072116,0.228,0.016,4.9969110345597e-06,"Upregulated in Hotspots"
"LCLAT1",2.26985552786975e-10,1.70781924850669,0.435,0.135,5.01252196219477e-06,"Upregulated in Hotspots"
"MPP7",2.27439505554962e-10,-1.91053837262366,0.13,0.415,5.02254660117023e-06,"Upregulated in Coldspots"
"STAT3",2.29297314442991e-10,1.25749622229236,0.539,0.212,5.06357259484457e-06,"Upregulated in Hotspots"
"RASA3",2.29581771585038e-10,4.90689059560852,0.202,0.005,5.06985426191239e-06,"Upregulated in Hotspots"
"AP001207.3",2.31011021047372e-10,-3.2667865406949,0.026,0.249,5.10141637778911e-06,"Upregulated in Coldspots"
"KCNAB2",2.31527379997568e-10,4.83289001416474,0.202,0.005,5.1128191324863e-06,"Upregulated in Hotspots"
"PTPRO",2.34983021326469e-10,2.83871909296694,0.28,0.041,5.18913005995243e-06,"Upregulated in Hotspots"
"UBL3",2.3558434854739e-10,1.76553474636298,0.43,0.14,5.20240916897201e-06,"Upregulated in Hotspots"
"CERT1",2.38564309258978e-10,1.298141842023,0.689,0.44,5.26821564136601e-06,"Upregulated in Hotspots"
"WDR41",2.38687217436871e-10,2.65711228647699,0.28,0.041,5.27092982265842e-06,"Upregulated in Hotspots"
"BBX",2.41050823569207e-10,-0.875688640423999,0.699,0.902,5.3231253368788e-06,"Upregulated in Coldspots"
"AF130417.1",2.49366865162298e-10,-3.37503943134692,0.016,0.228,5.50676848337903e-06,"Upregulated in Coldspots"
"CBR3-AS1",2.56963374925975e-10,-1.83399004856107,0.13,0.415,5.67452220849031e-06,"Upregulated in Coldspots"
"ST8SIA6-AS1",2.60875187747124e-10,-2.13750352374993,0.093,0.363,5.76090677101975e-06,"Upregulated in Coldspots"
"HES2",2.61477352557845e-10,-3.10852445677817,0.026,0.249,5.77420437653489e-06,"Upregulated in Coldspots"
"ITGAM",2.6338855267497e-10,2.46814883573841,0.264,0.031,5.81640940872135e-06,"Upregulated in Hotspots"
"ZNF431",2.71792242740542e-10,2.21790503034413,0.352,0.088,6.00198809643939e-06,"Upregulated in Hotspots"
"BACE2",2.71905417758823e-10,-1.5946450541185,0.233,0.523,6.00448734036808e-06,"Upregulated in Coldspots"
"STARD3NL",2.76128976315053e-10,2.65535182861255,0.269,0.036,6.09775618396532e-06,"Upregulated in Hotspots"
"STT3B",2.85170043770775e-10,-1.13197712611423,0.585,0.798,6.29741007659003e-06,"Upregulated in Coldspots"
"LINC01572",3.03803643686044e-10,2.88452278258006,0.316,0.067,6.70889586351891e-06,"Upregulated in Hotspots"
"SNX9",3.17013904227129e-10,-1.05444778402238,0.699,0.865,7.00061804704769e-06,"Upregulated in Coldspots"
"DUSP22",3.19731721512508e-10,3.01989955743771,0.264,0.036,7.06063560616072e-06,"Upregulated in Hotspots"
"DHX32",3.25543708155076e-10,-1.79552948666081,0.254,0.523,7.18898170718855e-06,"Upregulated in Coldspots"
"PITPNC1",3.29740101993403e-10,2.12553088208386,0.332,0.073,7.28165067232033e-06,"Upregulated in Hotspots"
"STK17A",3.4028124783223e-10,-2.42321143072454,0.119,0.383,7.51443079587913e-06,"Upregulated in Coldspots"
"CD4",3.43702843889739e-10,1.6338721012021,0.321,0.057,7.5899899016171e-06,"Upregulated in Hotspots"
"AC005532.1",3.53158428277602e-10,-3.6724253419715,0.036,0.259,7.79879757165429e-06,"Upregulated in Coldspots"
"MAGI1",3.58430838474313e-10,2.03197920453107,0.653,0.42,7.91522820602826e-06,"Upregulated in Hotspots"
"ASCC3",3.58814246081456e-10,-0.827621732987489,0.746,0.917,7.92369499621679e-06,"Upregulated in Coldspots"
"SRGAP2C",3.65866264839408e-10,2.06413033741972,0.415,0.145,8.07942472644866e-06,"Upregulated in Hotspots"
"WDPCP",3.67006243899047e-10,1.23703919730085,0.648,0.383,8.10459888402266e-06,"Upregulated in Hotspots"
"TTC23",3.71135711698776e-10,2.68182403997375,0.275,0.041,8.19578992144407e-06,"Upregulated in Hotspots"
"ALCAM",3.79200182341649e-10,2.05626821964675,0.259,0.031,8.37387762665063e-06,"Upregulated in Hotspots"
"GCM1",3.79898202886198e-10,-1.6959938131099,0.109,0.389,8.38929201433591e-06,"Upregulated in Coldspots"
"DEF6",3.90079387431797e-10,2.66296501272243,0.311,0.067,8.61412311265638e-06,"Upregulated in Hotspots"
"CLCN6",3.91506893296088e-10,2.28950661719499,0.321,0.067,8.64564672465752e-06,"Upregulated in Hotspots"
"PIP5K1A",3.92423894054455e-10,-1.35267161831847,0.425,0.663,8.66589685240453e-06,"Upregulated in Coldspots"
"WDR44",3.92932621619872e-10,1.81213998462298,0.42,0.135,8.67713108323163e-06,"Upregulated in Hotspots"
"SKAP2",4.03174309242454e-10,1.90948770709456,0.466,0.187,8.90329827100111e-06,"Upregulated in Hotspots"
"CTIF",4.07877907344496e-10,2.49825086752783,0.316,0.067,9.00716782788851e-06,"Upregulated in Hotspots"
"MTSS1",4.10814966439569e-10,2.64186489195563,0.632,0.503,9.072026903885e-06,"Upregulated in Hotspots"
"SETDB2",4.17993238260288e-10,2.11547721741994,0.306,0.057,9.23054468050193e-06,"Upregulated in Hotspots"
"EPSTI1",4.22675790486423e-10,2.68072148352659,0.244,0.026,9.33394948131169e-06,"Upregulated in Hotspots"
"C9",4.31808486729477e-10,2.49248158470419,0.415,0.161,9.53562681244705e-06,"Upregulated in Hotspots"
"DENND1B",4.33590645393386e-10,1.51558879768049,0.497,0.202,9.57498222222214e-06,"Upregulated in Hotspots"
"SNX3",4.45667779936402e-10,1.30306906763605,0.508,0.202,9.84168158433556e-06,"Upregulated in Hotspots"
"C21orf91",4.50290509965963e-10,-2.37345839552744,0.088,0.342,9.94376533157835e-06,"Upregulated in Coldspots"
"NRIP1",4.5100791242811e-10,1.16378816854444,0.829,0.694,9.95960773014995e-06,"Upregulated in Hotspots"
"CRYL1",4.59353120647224e-10,2.95935801550265,0.254,0.031,1.01438949632527e-05,"Upregulated in Hotspots"
"USP25",4.74506699829962e-10,-0.718505661668568,0.694,0.896,1.0478531452345e-05,"Upregulated in Coldspots"
"EPS8L2",4.88882796279088e-10,-3.20945336562895,0.036,0.259,1.07959987902311e-05,"Upregulated in Coldspots"
"AHDC1",4.93726909676267e-10,2.08246216019197,0.28,0.041,1.0902971346381e-05,"Upregulated in Hotspots"
"GADD45G",4.97089634288721e-10,-2.77529371282531,0.031,0.254,1.09772303939978e-05,"Upregulated in Coldspots"
"AGPAT5",5.28164079618082e-10,-2.44625622988956,0.207,0.461,1.16634473702061e-05,"Upregulated in Coldspots"
"MLLT3",5.28893539882528e-10,2.33664960059413,0.373,0.104,1.16795560412259e-05,"Upregulated in Hotspots"
"C21orf91-OT1",5.31983676416516e-10,-3.95419631038688,0.016,0.218,1.17477955263059e-05,"Upregulated in Coldspots"
"NOL4L",5.3305567824592e-10,3.05062607306997,0.233,0.021,1.17714685427047e-05,"Upregulated in Hotspots"
"NUMB",5.52411286620533e-10,0.916533177482685,0.751,0.461,1.21988984424412e-05,"Upregulated in Hotspots"
"SPTLC2",5.66044372575238e-10,1.81358687576912,0.383,0.109,1.2499957879579e-05,"Upregulated in Hotspots"
"UBE2W",5.67581121944117e-10,1.25677541536211,0.694,0.451,1.25338939158919e-05,"Upregulated in Hotspots"
"HMG20A",5.72830236339123e-10,1.78135971352466,0.378,0.109,1.26498101090769e-05,"Upregulated in Hotspots"
"GFPT1",5.90672345949514e-10,-1.18687813472351,0.415,0.694,1.30438174156031e-05,"Upregulated in Coldspots"
"GALNT10",5.9341247471737e-10,2.1926450779424,0.326,0.073,1.31043276791837e-05,"Upregulated in Hotspots"
"CD99L2",5.99442738857347e-10,-1.32912359629157,0.212,0.503,1.32374940021868e-05,"Upregulated in Coldspots"
"KDM7A",6.21530488367903e-10,-1.15357038859201,0.352,0.637,1.37252577746284e-05,"Upregulated in Coldspots"
"MPDZ",6.36896130250054e-10,2.03952836418664,0.451,0.176,1.4064577244312e-05,"Upregulated in Hotspots"
"PTK2B",6.46797385657565e-10,2.85244281158614,0.233,0.021,1.4283226667476e-05,"Upregulated in Hotspots"
"ATP9A",6.56685267104627e-10,3.0703893278914,0.249,0.031,1.45015807534715e-05,"Upregulated in Hotspots"
"RFX7",6.58864519918296e-10,1.3298477581836,0.611,0.326,1.45497051933557e-05,"Upregulated in Hotspots"
"OSBPL3",6.66568051170997e-10,2.05153030064008,0.425,0.155,1.47198222740091e-05,"Upregulated in Hotspots"
"SUSD1",6.74265334499063e-10,1.83399004856107,0.451,0.176,1.48898013817428e-05,"Upregulated in Hotspots"
"SYCP2L",6.87811949842856e-10,-2.03448837638529,0.083,0.337,1.51889512883798e-05,"Upregulated in Coldspots"
"RRAS2",6.9174412640848e-10,-1.7809902180582,0.238,0.497,1.52757855434785e-05,"Upregulated in Coldspots"
"ANKFY1",7.03082690217104e-10,1.40498383461492,0.466,0.166,1.55261750480643e-05,"Upregulated in Hotspots"
"RAP1GDS1",7.10786285695918e-10,1.31774029792393,0.466,0.171,1.56962935470229e-05,"Upregulated in Hotspots"
"SLC7A5",7.15247861033968e-10,-2.43538614467065,0.098,0.347,1.57948185152131e-05,"Upregulated in Coldspots"
"TMEM51",7.1951382856906e-10,2.58496250072116,0.311,0.067,1.58890238762905e-05,"Upregulated in Hotspots"
"RGS2",7.50887713820379e-10,3,0.259,0.036,1.65818533842954e-05,"Upregulated in Hotspots"
"ZFPM2-AS1",7.53766855356406e-10,2.48419952378624,0.368,0.109,1.66454334668355e-05,"Upregulated in Hotspots"
"RGS10",7.60980300992718e-10,2.03747470541866,0.295,0.052,1.68047279868222e-05,"Upregulated in Hotspots"
"DNAH11",8.01516288903746e-10,-2.58496250072116,0.047,0.28,1.76998842078614e-05,"Upregulated in Coldspots"
"LINC02365",8.06878942256066e-10,-4.78135971352466,0.005,0.192,1.78183076818407e-05,"Upregulated in Coldspots"
"HEXIM1",8.28714175340589e-10,-2.30985526258679,0.098,0.352,1.83004951340462e-05,"Upregulated in Coldspots"
"NUAK1",8.48565273479267e-10,3.0703893278914,0.228,0.021,1.87388669342426e-05,"Upregulated in Hotspots"
"PTPRN2",8.80742904987992e-10,4.89077093024524,0.202,0.01,1.94494455708498e-05,"Upregulated in Hotspots"
"PHKB",8.88673136295698e-10,1.02633414781346,0.731,0.513,1.96245688688179e-05,"Upregulated in Hotspots"
"LRRC8C",8.97620770647444e-10,3.03952836418664,0.228,0.021,1.98221594782075e-05,"Upregulated in Hotspots"
"KATNAL2",9.22438437734913e-10,4.60486205815886,0.202,0.01,2.03702080205001e-05,"Upregulated in Hotspots"
"CD276",9.40068601189876e-10,2.87446911791614,0.238,0.026,2.0759534920076e-05,"Upregulated in Hotspots"
"CNRIP1",9.61330647845723e-10,3.02553509210714,0.228,0.021,2.12290646963771e-05,"Upregulated in Hotspots"
"CAPZA2",9.62131824792004e-10,1.12748973512192,0.56,0.238,2.12467570868818e-05,"Upregulated in Hotspots"
"PAX8-AS1",9.62993547244968e-10,1.87446911791614,0.358,0.093,2.12657865038106e-05,"Upregulated in Hotspots"
"JARID2",9.84980706385233e-10,1.23827016584045,0.668,0.404,2.17513289391051e-05,"Upregulated in Hotspots"
"QSER1",1.00405378109688e-09,1.60572106088795,0.409,0.13,2.21725196479625e-05,"Upregulated in Hotspots"
"B3GNT2",1.05339887833561e-09,2.16146342269412,0.321,0.073,2.32622074302852e-05,"Upregulated in Hotspots"
"FAM168A",1.08088550575993e-09,1.47519893449561,0.549,0.264,2.38691946236966e-05,"Upregulated in Hotspots"
"GALC",1.09099736747773e-09,2.95419631038687,0.228,0.021,2.40924948660107e-05,"Upregulated in Hotspots"
"CAPN6",1.10326841963622e-09,-2.01282404035758,0.067,0.316,2.43634765108266e-05,"Upregulated in Coldspots"
"ESRP1",1.11528688343641e-09,-1.95935801550265,0.073,0.321,2.46288802469262e-05,"Upregulated in Coldspots"
"WWC2",1.11583532707687e-09,1.10374792483783,0.57,0.285,2.46409915278386e-05,"Upregulated in Hotspots"
"GNG7",1.11845039461184e-09,3.42146376843828,0.233,0.026,2.46987400642132e-05,"Upregulated in Hotspots"
"RAB11FIP2",1.12359866921317e-09,2.10691520391651,0.358,0.098,2.48124294122344e-05,"Upregulated in Hotspots"
"PPP1R12A",1.14441056764168e-09,0.958580072620019,0.813,0.684,2.52720185652312e-05,"Upregulated in Hotspots"
"AFAP1",1.14886495859381e-09,1.92283213947754,0.435,0.135,2.53703848806271e-05,"Upregulated in Hotspots"
"AKAP6",1.1580821338941e-09,3.67053823242723,0.254,0.036,2.55739277627833e-05,"Upregulated in Hotspots"
"PAQR3",1.18144705027622e-09,1.86736223142188,0.389,0.124,2.60898952112498e-05,"Upregulated in Hotspots"
"HACD4",1.21564627840873e-09,3.61470984411521,0.202,0.01,2.68451167661001e-05,"Upregulated in Hotspots"
"TXNIP",1.21735976664299e-09,0.970656038417856,0.461,0.155,2.68829557267771e-05,"Upregulated in Hotspots"
"PIP5K1B",1.24743333276806e-09,-1.84950837347255,0.13,0.399,2.75470702875171e-05,"Upregulated in Coldspots"
"GNG12",1.28579944741146e-09,-1.05219621112543,0.513,0.756,2.83943091971873e-05,"Upregulated in Coldspots"
"EYA2",1.30636464309656e-09,1.77853208689185,0.466,0.197,2.88484504135014e-05,"Upregulated in Hotspots"
"FCGR2A",1.30819459949237e-09,2,0.295,0.057,2.888886134059e-05,"Upregulated in Hotspots"
"NCOR2",1.31915842452189e-09,1.41163089783559,0.43,0.15,2.9130975488717e-05,"Upregulated in Hotspots"
"AC044810.2",1.33535472529398e-09,-2.00734197534117,0.093,0.352,2.94886383986669e-05,"Upregulated in Coldspots"
"ATXN10",1.3729246961244e-09,1.21874002687711,0.622,0.342,3.0318296064515e-05,"Upregulated in Hotspots"
"LGALS14",1.39804593412479e-09,-3.03952836418664,0.031,0.244,3.08730483632777e-05,"Upregulated in Coldspots"
"NCKAP1",1.42804495019651e-09,-0.882784386128145,0.368,0.715,3.15355166351894e-05,"Upregulated in Coldspots"
"MGST2",1.42830914096117e-09,1.72582503656101,0.456,0.176,3.15413507598454e-05,"Upregulated in Hotspots"
"CHODL-AS1",1.43769682952077e-09,-3.40209844357135,0.021,0.223,3.17486590863071e-05,"Upregulated in Coldspots"
"ME2",1.44598697377925e-09,1.58496250072116,0.352,0.083,3.19317303419671e-05,"Upregulated in Hotspots"
"PPP3CA",1.46040608159303e-09,0.857980995127572,0.85,0.782,3.22501474998189e-05,"Upregulated in Hotspots"
"C1QTNF6",1.47683421410145e-09,-3,0.088,0.326,3.26129299500023e-05,"Upregulated in Coldspots"
"AL008633.1",1.50659876699174e-09,1.96962635095648,0.373,0.114,3.32702205714785e-05,"Upregulated in Hotspots"
"SEC14L1",1.5140958807307e-09,1.83794324189103,0.389,0.124,3.34357793341761e-05,"Upregulated in Hotspots"
"CC2D2B",1.53561489460349e-09,-2.75132088714328,0.047,0.269,3.39109837175288e-05,"Upregulated in Coldspots"
"ERCC6L2",1.55379343778219e-09,1.53397857200235,0.44,0.161,3.43124204865442e-05,"Upregulated in Hotspots"
"TMX3",1.57244271877204e-09,1.66296501272243,0.415,0.14,3.4724252558643e-05,"Upregulated in Hotspots"
"LAP3",1.64514907417761e-09,2.18762700317577,0.311,0.067,3.63298270050642e-05,"Upregulated in Hotspots"
"TMEM144",1.71312895388358e-09,2.57288966842058,0.311,0.073,3.78310266886111e-05,"Upregulated in Hotspots"
"CDR2",1.74068011002526e-09,1.52837897235479,0.446,0.166,3.84394388696879e-05,"Upregulated in Hotspots"
"OLFML2B",1.75457446029815e-09,3.14974711950468,0.223,0.021,3.87462678067641e-05,"Upregulated in Hotspots"
"NSL1",1.77500662340964e-09,1.85798099512757,0.378,0.114,3.91974712647551e-05,"Upregulated in Hotspots"
"AKAP13",1.82117813128504e-09,0.743722960341515,0.927,0.891,4.02170766731675e-05,"Upregulated in Hotspots"
"KLHL6",1.82511025300229e-09,4.11547721741994,0.197,0.01,4.03039097170496e-05,"Upregulated in Hotspots"
"PCP4",1.8307830506949e-09,-3.48112668973662,0.026,0.228,4.04291821084954e-05,"Upregulated in Coldspots"
"PLCXD2",1.83568226276397e-09,-3.70043971814109,0.026,0.228,4.05373714086168e-05,"Upregulated in Coldspots"
"SCRN1",1.83851978504337e-09,4.08746284125034,0.197,0.01,4.06000324131127e-05,"Upregulated in Hotspots"
"STX7",1.85434449910305e-09,1.5646782292668,0.674,0.492,4.09494895736926e-05,"Upregulated in Hotspots"
"NUP42",1.87105724423768e-09,2.0163018123291,0.332,0.083,4.13185571245008e-05,"Upregulated in Hotspots"
"SLC39A11",1.98654664597897e-09,1.44057259138598,0.466,0.187,4.38689095831537e-05,"Upregulated in Hotspots"
"UGCG",2.1076621342393e-09,2.30485458152842,0.28,0.052,4.65435029104064e-05,"Upregulated in Hotspots"
"TENT2",2.14839072298691e-09,0.916168409196529,0.865,0.803,4.74429123357199e-05,"Upregulated in Hotspots"
"ARHGAP17",2.16750882608029e-09,-1.21178432177047,0.534,0.736,4.78650974063311e-05,"Upregulated in Coldspots"
"ARNTL2",2.20024926352334e-09,-2.14505033280328,0.078,0.321,4.8588104486386e-05,"Upregulated in Coldspots"
"NEURL2",2.20402272753579e-09,3.92599941855622,0.207,0.016,4.86714338921728e-05,"Upregulated in Hotspots"
"WDR11",2.20642411988298e-09,1.33219643034119,0.477,0.181,4.87244638393757e-05,"Upregulated in Hotspots"
"KIAA0825",2.30153680842598e-09,3.71881824745595,0.207,0.016,5.0824837340471e-05,"Upregulated in Hotspots"
"GREM2",2.33751105188163e-09,-1.73067933131877,0.041,0.259,5.1619256558702e-05,"Upregulated in Coldspots"
"CYBRD1",2.36843630192416e-09,2.20163386116965,0.275,0.047,5.23021788553912e-05,"Upregulated in Hotspots"
"RGS12",2.37644073499293e-09,2.14135584924554,0.28,0.052,5.2478940750849e-05,"Upregulated in Hotspots"
"MDFIC",2.41037167360322e-09,1.92599941855622,0.342,0.093,5.32282376681799e-05,"Upregulated in Hotspots"
"MS4A7",2.44551784282232e-09,2.42033179894836,0.254,0.036,5.40043705230454e-05,"Upregulated in Hotspots"
"ENTPD1",2.51616740039212e-09,-1.48910248531364,0.311,0.549,5.55645247028593e-05,"Upregulated in Coldspots"
"KIAA1109",2.52192781808551e-09,1.05994254045628,0.731,0.497,5.56917320067823e-05,"Upregulated in Hotspots"
"KSR1",2.5472877154403e-09,1.73696559416621,0.477,0.207,5.62517546200682e-05,"Upregulated in Hotspots"
"LAIR1",2.61061793985269e-09,2.67807190511264,0.228,0.026,5.76502759657669e-05,"Upregulated in Hotspots"
"CTSZ",2.63393679091626e-09,1.70571466018177,0.347,0.088,5.81652261538039e-05,"Upregulated in Hotspots"
"AC008840.1",2.66498619474881e-09,-2.09060254878091,0.088,0.326,5.8850890138638e-05,"Upregulated in Coldspots"
"IL10RA",2.71950756846237e-09,2.86249647625007,0.249,0.036,6.00548856343546e-05,"Upregulated in Hotspots"
"DUBR",2.74989733020945e-09,-1.65400414515081,0.145,0.42,6.07259827430153e-05,"Upregulated in Coldspots"
"DUSP27",2.75816404062832e-09,2.97400479146706,0.218,0.021,6.09085365091951e-05,"Upregulated in Hotspots"
"TOX",2.84763288665573e-09,2.38565369249775,0.285,0.057,6.28842770360185e-05,"Upregulated in Hotspots"
"TGFBRAP1",2.91788186131902e-09,2.50250034052918,0.259,0.041,6.4435585143508e-05,"Upregulated in Hotspots"
"JAK3",2.95030525164057e-09,3.1963972128035,0.207,0.016,6.51515908719786e-05,"Upregulated in Hotspots"
"AC006378.1",2.99780340546045e-09,-4.33219643034119,0.031,0.233,6.62004926027831e-05,"Upregulated in Coldspots"
"MPP1",3.42066379518316e-09,1.51601514700366,0.425,0.15,7.55385185890297e-05,"Upregulated in Hotspots"
"ATRX",3.63211998874667e-09,0.773279293554289,0.839,0.637,8.02081057114926e-05,"Upregulated in Hotspots"
"SERPINB2",3.68291858857897e-09,-2.15380533607904,0.047,0.269,8.13298911915893e-05,"Upregulated in Coldspots"
"CYSTM1",3.73794718077585e-09,1.85147747528991,0.301,0.062,8.25450875930732e-05,"Upregulated in Hotspots"
"CSNK1G1",3.77977403891637e-09,1.44898483120218,0.508,0.233,8.34687501013902e-05,"Upregulated in Hotspots"
"LINC01229",3.81363270596537e-09,5.97727992349992,0.166,0,8.42164510458333e-05,"Upregulated in Hotspots"
"CDC42BPA",3.8342664633876e-09,1.30567874324229,0.591,0.342,8.46721063109883e-05,"Upregulated in Hotspots"
"FSD1L",3.85523436401462e-09,3.51096191927738,0.212,0.021,8.51351404605348e-05,"Upregulated in Hotspots"
"TRIM40",3.85833485089435e-09,-3.70043971814109,0.021,0.212,8.52036085122999e-05,"Upregulated in Coldspots"
"STARD9",3.87456203798722e-09,2.39689015256858,0.249,0.036,8.55619534848718e-05,"Upregulated in Hotspots"
"ASCC1",3.8779889684725e-09,2.17932369944456,0.29,0.062,8.56376303907783e-05,"Upregulated in Hotspots"
"ISM1",3.8886545707079e-09,-2,0.145,0.404,8.58731588849425e-05,"Upregulated in Coldspots"
"SLC25A35",3.9448437947747e-09,-3.04439411935845,0.031,0.233,8.71139855200096e-05,"Upregulated in Coldspots"
"PGF",3.98394102184708e-09,-1.95817982430537,0.13,0.389,8.79773695854491e-05,"Upregulated in Coldspots"
"DUSP5",4.02944038784302e-09,-3.68182403997375,0.021,0.212,8.89821320847375e-05,"Upregulated in Coldspots"
"RRAGB",4.07749169212825e-09,2.32192809488736,0.275,0.052,9.0043249037268e-05,"Upregulated in Hotspots"
"TMEM108",4.08363963913952e-09,-1.78897639274275,0.124,0.383,9.0179014151118e-05,"Upregulated in Coldspots"
"APIP",4.17552337485687e-09,1.8073549220576,0.368,0.109,9.22080826869643e-05,"Upregulated in Hotspots"
"ACVR2A",4.25452889820417e-09,1.83399004856107,0.358,0.104,9.39527616590428e-05,"Upregulated in Hotspots"
"RNF19A",4.27995231508910e-09,1.25633975325979,0.451,0.161,9.45141869741125e-05,"Upregulated in Hotspots"
"ZDBF2",4.30501241444294e-09,-1.71049338280502,0.181,0.451,9.50675891481435e-05,"Upregulated in Coldspots"
"ESYT2",4.30512677405423e-09,-1.06750681935828,0.477,0.72,9.50701145514395e-05,"Upregulated in Coldspots"
"PALM2-AKAP2",4.40005865190698e-09,-0.708374665276163,0.383,0.741,9.71664952100618e-05,"Upregulated in Coldspots"
"LINC01184",4.41011767256957e-09,3.4374053123073,0.202,0.016,9.73886285633538e-05,"Upregulated in Hotspots"
"FAM198B-AS1",4.41689756274192e-09,3.38246963682241,0.223,0.026,9.75383488780298e-05,"Upregulated in Hotspots"
"CSNK1G3",4.42769959863947e-09,1.87101355927992,0.383,0.13,9.77768902367555e-05,"Upregulated in Hotspots"
"SOBP",4.44457510104835e-09,3.06774460663583,0.259,0.047,9.81495519564507e-05,"Upregulated in Hotspots"
"DNAJC13",4.51422587877508e-09,1.17477440110371,0.648,0.389,9.96876500809901e-05,"Upregulated in Hotspots"
"FOLR2",4.68949187051023e-09,1.24175774620338,0.352,0.088,0.000103558048976477,"Upregulated in Hotspots"
"FOXO3",4.78979604988745e-09,1.29857269822133,0.767,0.617,0.000105773066169664,"Upregulated in Hotspots"
"PPP1R14C",4.81021028976147e-09,-3.6020360140801,0.031,0.228,0.000106223873828803,"Upregulated in Coldspots"
"LASP1",4.84742713663012e-09,1.9499593175004,0.295,0.062,0.000107045733458203,"Upregulated in Hotspots"
"TMSB4X",4.92412091041774e-09,0.552309283402405,0.503,0.176,0.000108739362064755,"Upregulated in Hotspots"
"CEP89",5.08934481477734e-09,3.08746284125034,0.212,0.021,0.000112388001544728,"Upregulated in Hotspots"
"RABEP1",5.32984943452136e-09,1.34419725872839,0.668,0.497,0.000117699065062535,"Upregulated in Hotspots"
"SH3GLB2",5.40936764027039e-09,-2.35755200461808,0.067,0.295,0.000119455065600091,"Upregulated in Coldspots"
"WDR70",5.41249355176723e-09,0.974799445874857,0.762,0.622,0.000119524095103676,"Upregulated in Hotspots"
"TUBGCP5",5.4628820519085e-09,2.36257007938471,0.269,0.052,0.000120636824352296,"Upregulated in Hotspots"
"PIK3CG",5.47025151746248e-09,3.16992500144231,0.202,0.016,0.000120799564260124,"Upregulated in Hotspots"
"SOAT1",5.48366758299527e-09,1.62449086490779,0.29,0.057,0.000121095831235284,"Upregulated in Hotspots"
"SERPINB6",5.80913222165442e-09,1.3275746580285,0.425,0.145,0.000128283066850794,"Upregulated in Hotspots"
"GRHL1",5.95226768091903e-09,-1.54382380592767,0.171,0.446,0.000131443927197735,"Upregulated in Coldspots"
"LINC01605",6.0847222258023e-09,2.01792190799726,0.326,0.088,0.000134368920912392,"Upregulated in Hotspots"
"ASB2",6.12302062849643e-09,-4.14295795384204,0.01,0.187,0.000135214664539087,"Upregulated in Coldspots"
"CDC27",6.19394926205405e-09,1.23000560544632,0.539,0.259,0.00013678098155394,"Upregulated in Hotspots"
"CHD6",6.2363352651122e-09,1.17687776208408,0.642,0.378,0.000137716991659473,"Upregulated in Hotspots"
"NHLRC3",6.254483271766e-09,1.77051815387723,0.363,0.114,0.000138117754090408,"Upregulated in Hotspots"
"SNX1",6.29945715963057e-09,1.40136256238177,0.461,0.187,0.000139110912456122,"Upregulated in Hotspots"
"CKMT2-AS1",6.3022967077086e-09,2.4594316186373,0.285,0.062,0.000139173618196329,"Upregulated in Hotspots"
"PPP1R9A",6.36039515401462e-09,-1.73289592985716,0.119,0.373,0.000140456606186105,"Upregulated in Coldspots"
"DOK3",6.4096381239274e-09,3.8073549220576,0.187,0.01,0.000141544038690689,"Upregulated in Hotspots"
"ATE1",6.50583093664536e-09,1.17739625087345,0.58,0.29,0.00014366826457394,"Upregulated in Hotspots"
"EEPD1",6.52555839249207e-09,2.79141337818858,0.223,0.026,0.000144103905981402,"Upregulated in Hotspots"
"VOPP1",6.65011946425438e-09,2.73039294024272,0.223,0.026,0.000146854588129129,"Upregulated in Hotspots"
"TMEM63C",6.81176535160111e-09,5.12928301694497,0.161,0,0.000150424214259407,"Upregulated in Hotspots"
"ZHX3",6.90719502851483e-09,1.95109039951905,0.332,0.088,0.000152531587814693,"Upregulated in Hotspots"
"AF117829.1",6.98512530574817e-09,-1.35509495882256,0.394,0.632,0.000154252522126837,"Upregulated in Coldspots"
"BAZ2B",7.04706077272315e-09,-0.947532580105864,0.813,0.917,0.000155620243044045,"Upregulated in Coldspots"
"RILPL1",7.07142508961203e-09,1.45317262816561,0.378,0.114,0.000156158280253902,"Upregulated in Hotspots"
"SNX24",7.36688318200284e-09,1.16725086714399,0.777,0.606,0.000162682881308169,"Upregulated in Hotspots"
"LINC01118",7.37828587383292e-09,-3.02236781302845,0.031,0.228,0.000162934686951852,"Upregulated in Coldspots"
"TGFBR1",7.38698837132553e-09,1.42488528523519,0.627,0.383,0.000163126864203982,"Upregulated in Hotspots"
"TGFBR3",7.41161374494271e-09,-0.397963985919902,0.627,0.896,0.00016367066632957,"Upregulated in Coldspots"
"DRAM2",7.61802892184014e-09,1.51872880232107,0.456,0.181,0.000168228932680996,"Upregulated in Hotspots"
"TTBK2",7.62582551734936e-09,-1.25248448649288,0.487,0.684,0.000168401104899626,"Upregulated in Coldspots"
"SYNRG",7.67889076035746e-09,1.30766740176219,0.487,0.212,0.000169572944660974,"Upregulated in Hotspots"
"MILR1",7.93853685816884e-09,3.32192809488736,0.207,0.021,0.000175306709438943,"Upregulated in Hotspots"
"AC079193.2",8.11980087623316e-09,-2.93073733756289,0.031,0.228,0.000179309562749857,"Upregulated in Coldspots"
"MIR181A1HG",8.28526795260392e-09,2.70781924850669,0.249,0.041,0.000182963572197352,"Upregulated in Hotspots"
"EHBP1L1",8.34302132860357e-09,2.32192809488736,0.223,0.026,0.000184238939999553,"Upregulated in Hotspots"
"DACT2",8.35890287844237e-09,-2.66985139830767,0.036,0.238,0.000184589652264643,"Upregulated in Coldspots"
"TBC1D8",8.37824907641708e-09,-1.32192809488736,0.119,0.383,0.000185016874354518,"Upregulated in Coldspots"
"ESAM",8.71545692885501e-09,-2.77258950389693,0.047,0.254,0.000192463435359905,"Upregulated in Coldspots"
"TCHH",8.74321085247387e-09,-3,0.026,0.218,0.00019307632525518,"Upregulated in Coldspots"
"MAML2",8.828765213124e-09,0.917238990497608,0.938,0.948,0.000194965622201417,"Upregulated in Hotspots"
"ARHGAP18",8.96541627786139e-09,1.63569986279807,0.544,0.285,0.000197983287664013,"Upregulated in Hotspots"
"GYPC",9.0743948258694e-09,1.60334103003601,0.285,0.057,0.000200389860939674,"Upregulated in Hotspots"
"NFIC",9.24576226039708e-09,1.6959938131099,0.316,0.078,0.000204174167996349,"Upregulated in Hotspots"
"CCDC7",9.28480986825071e-09,2.30485458152842,0.275,0.057,0.00020503645632058,"Upregulated in Hotspots"
"KLF3",9.32433111544337e-09,1.5042312286083,0.42,0.161,0.000205909204022336,"Upregulated in Hotspots"
"RNASET2",9.52273711996077e-09,2.13124453327825,0.269,0.052,0.000210290603820094,"Upregulated in Hotspots"
"THOP1",9.54115888890605e-09,-2.92599941855622,0.041,0.244,0.000210697411743712,"Upregulated in Coldspots"
"AL137024.1",9.54498866485465e-09,-3.10852445677817,0.016,0.197,0.000210781984685985,"Upregulated in Coldspots"
"SAT1",9.55679066492893e-09,-0.943710869153456,0.632,0.865,0.000211042608253626,"Upregulated in Coldspots"
"EPS15L1",9.69334265408834e-09,1.48542682717024,0.404,0.14,0.000214058085830233,"Upregulated in Hotspots"
"NUCB2",9.73342881412061e-09,-1.45016572268245,0.218,0.482,0.000214943308502225,"Upregulated in Coldspots"
"FGFR1",9.79204546440023e-09,1.52484150828359,0.42,0.15,0.00021623773999035,"Upregulated in Hotspots"
"CSGALNACT1",1.00432173444176e-08,-1.45873382174781,0.71,0.834,0.000221784368616774,"Upregulated in Coldspots"
"RAB3GAP2",1.02602303172549e-08,1.22239242133645,0.642,0.409,0.00022657666609594,"Upregulated in Hotspots"
"CAT",1.04317353356915e-08,1.72582503656101,0.316,0.078,0.000230364011418075,"Upregulated in Hotspots"
"GLIPR1",1.0794052787782e-08,2.0483630215614,0.269,0.052,0.00023836506771259,"Upregulated in Hotspots"
"CPLANE1",1.08431148595548e-08,1.52452664685918,0.461,0.197,0.000239448505443549,"Upregulated in Hotspots"
"LINC02826",1.11443290537022e-08,-4.61470984411521,0.01,0.181,0.000246100218492905,"Upregulated in Coldspots"
"NMT2",1.11494352636197e-08,-2.30116953472056,0.109,0.342,0.000246212978926514,"Upregulated in Coldspots"
"CSF1R",1.12032323418625e-08,1.5552151573271,0.503,0.233,0.00024740097980535,"Upregulated in Hotspots"
"ROCK2",1.12213885369912e-08,1.02871129664153,0.782,0.606,0.000247801923062377,"Upregulated in Hotspots"
"SIK2",1.13352152400231e-08,1.3945318438442,0.44,0.176,0.00025031555814543,"Upregulated in Hotspots"
"SAMD4A",1.17090463044906e-08,1.69493534274629,0.456,0.187,0.000258570869542065,"Upregulated in Hotspots"
"AC119674.1",1.19915794862252e-08,-1.40028373258882,0.14,0.399,0.00026481004979431,"Upregulated in Coldspots"
"CDO1",1.20040257790939e-08,-2.30985526258679,0.083,0.306,0.00026508490127973,"Upregulated in Coldspots"
"COG3",1.2232013353866e-08,-1.49749965947082,0.316,0.539,0.000270119550893422,"Upregulated in Coldspots"
"HYMAI",1.2254859596978e-08,2.9205655325056,0.218,0.026,0.000270624064480066,"Upregulated in Hotspots"
"KLHL18",1.24394546437001e-08,2.38702312310925,0.254,0.047,0.00027470047689683,"Upregulated in Hotspots"
"CLDN10",1.2508927792781e-08,-3.95419631038688,0.016,0.192,0.000276234652447982,"Upregulated in Coldspots"
"MCPH1-AS1",1.2521468619087e-08,-3.16188768237689,0.083,0.301,0.000276511591515298,"Upregulated in Coldspots"
"PLAGL1",1.26380303137965e-08,1.91041940708877,0.513,0.264,0.000279085623419567,"Upregulated in Hotspots"
"KLF2",1.26560373974487e-08,2.11547721741994,0.259,0.047,0.00027948327384786,"Upregulated in Hotspots"
"ZNF780B",1.28297459200313e-08,2.32192809488736,0.264,0.052,0.000283319279152052,"Upregulated in Hotspots"
"SH3PXD2B",1.28390903923458e-08,2.49353947295756,0.28,0.062,0.000283525633134171,"Upregulated in Hotspots"
"YPEL2",1.28723560848357e-08,2.37503943134692,0.264,0.052,0.000284260239421427,"Upregulated in Hotspots"
"TAOK3",1.29179926950607e-08,1.14563522235241,0.694,0.477,0.000285268032685025,"Upregulated in Hotspots"
"TRAF5",1.29326293324417e-08,2.8073549220576,0.233,0.036,0.000285591253548309,"Upregulated in Hotspots"
"NSUN3",1.29909969529324e-08,2.20945336562895,0.285,0.067,0.000286880185711607,"Upregulated in Hotspots"
"FIG4",1.30947493360362e-08,1.82166275874149,0.415,0.166,0.000289171349587688,"Upregulated in Hotspots"
"TMC6",1.32268488500519e-08,3.52356195605701,0.192,0.016,0.000292088503155696,"Upregulated in Hotspots"
"TRIM33",1.33175147676783e-08,-0.706614766978734,0.674,0.85,0.000294090678614639,"Upregulated in Coldspots"
"NUTM2A-AS1",1.33771224021879e-08,1.15890359535106,0.508,0.228,0.000295406994007516,"Upregulated in Hotspots"
"CHIC1",1.33781774573013e-08,3.70043971814109,0.181,0.01,0.000295430292789584,"Upregulated in Hotspots"
"CLSTN1",1.3852892477419e-08,1.70043971814109,0.358,0.109,0.000305913424578844,"Upregulated in Hotspots"
"C2orf72",1.39654699660903e-08,-2.45066140900957,0.052,0.259,0.000308399473261172,"Upregulated in Coldspots"
"SGTB",1.39952114766451e-08,3.4262647547021,0.181,0.01,0.000309056255038754,"Upregulated in Hotspots"
"MARK4",1.42848272375746e-08,3.23266075679027,0.181,0.01,0.000315451839887359,"Upregulated in Hotspots"
"ABTB2",1.43498147624059e-08,-1.22588140741633,0.166,0.425,0.000316886959398209,"Upregulated in Coldspots"
"UBE3D",1.4759057885476e-08,1.94189704543643,0.347,0.109,0.000325924275284965,"Upregulated in Hotspots"
"TFRC",1.48911408852479e-08,-0.9052217752479,0.363,0.663,0.000328841064168929,"Upregulated in Coldspots"
"DLEU1",1.4952798478966e-08,1.48693041776063,0.57,0.321,0.000330202648811006,"Upregulated in Hotspots"
"CCDC144A",1.51971444795041e-08,1.37851162325373,0.477,0.212,0.000335598541540889,"Upregulated in Hotspots"
"LY86",1.55930112813179e-08,3.02236781302845,0.212,0.026,0.000344340468125343,"Upregulated in Hotspots"
"SMPDL3A",1.56485004793248e-08,2.0198995574377,0.259,0.047,0.00034556583608493,"Upregulated in Hotspots"
"OSBPL11",1.57962316056792e-08,1.42502158785147,0.43,0.166,0.000348828182548214,"Upregulated in Hotspots"
"ZNF354B",1.61598205763632e-08,-1.94062145292107,0.124,0.363,0.000356857317787829,"Upregulated in Coldspots"
"GNGT1",1.65134647188923e-08,-1.59201725825511,0.15,0.42,0.000364666841387298,"Upregulated in Coldspots"
"LARS2",1.67001520917544e-08,1.78958022032963,0.383,0.14,0.000368789458642212,"Upregulated in Hotspots"
"AP000331.1",1.67990582063234e-08,2.34239219744708,0.233,0.036,0.000370973602370239,"Upregulated in Hotspots"
"RERG",1.68701379945348e-08,-0.528779665328032,0.269,0.57,0.000372543257333311,"Upregulated in Coldspots"
"FOXK1",1.73769568501473e-08,1.87446911791614,0.275,0.057,0.000383735338121802,"Upregulated in Hotspots"
"CCNH",1.74033772105761e-08,-1.16333618425264,0.684,0.855,0.000384318778941152,"Upregulated in Coldspots"
"MYO1E",1.75948900554593e-08,1.52260642337551,0.679,0.534,0.000388547957094707,"Upregulated in Hotspots"
"DCBLD2",1.77477472925486e-08,1.75207248655641,0.249,0.041,0.00039192350346135,"Upregulated in Hotspots"
"LGMN",1.80049288553316e-08,1.93207543786678,0.528,0.332,0.000397602843912287,"Upregulated in Hotspots"
"IL17RA",1.80106790194062e-08,2.35755200461808,0.259,0.052,0.000397729824785547,"Upregulated in Hotspots"
"PARD6B",1.81473801950922e-08,-1.85042364394949,0.104,0.337,0.00040074859684822,"Upregulated in Coldspots"
"INPP4A",1.81835807521669e-08,1,0.503,0.212,0.000401548013750102,"Upregulated in Hotspots"
"MYO15B",1.83636594550258e-08,3.11547721741994,0.192,0.016,0.000405524691745336,"Upregulated in Hotspots"
"SPECC1L",1.83694612298599e-08,-0.799945915549827,0.611,0.829,0.000405652812338996,"Upregulated in Coldspots"
"AC010328.1",1.85749814737614e-08,-2.94753258010586,0.016,0.192,0.000410191315885074,"Upregulated in Coldspots"
"GPATCH2L",1.86937033122635e-08,1.24392558288609,0.503,0.233,0.000412813050244716,"Upregulated in Hotspots"
"MTMR4",1.93400563095573e-08,-1.76702282802239,0.197,0.44,0.000427086463483955,"Upregulated in Coldspots"
"LNX1",1.9494025204964e-08,-1.59772979679503,0.171,0.425,0.000430486558601219,"Upregulated in Coldspots"
"CACNB4",1.98396353875586e-08,2.42321143072454,0.285,0.067,0.000438118668263457,"Upregulated in Hotspots"
"KLHDC10",2.00318407780908e-08,1.43569696984494,0.513,0.249,0.00044236313990258,"Upregulated in Hotspots"
"LINC01697",2.00392780955063e-08,4.87446911791614,0.187,0.016,0.000442527378183065,"Upregulated in Hotspots"
"NAALADL2",2.0233534175096e-08,-0.841679182798472,0.435,0.725,0.000446817135188644,"Upregulated in Coldspots"
"AC087672.2",2.03598397887243e-08,3.87446911791614,0.166,0.005,0.000449606342054399,"Upregulated in Hotspots"
"KIAA1211",2.04969464755626e-08,-2.91253715874966,0.057,0.259,0.000452634069019849,"Upregulated in Coldspots"
"LINS1",2.05501529543928e-08,2.21089678249862,0.347,0.119,0.000453809027691856,"Upregulated in Hotspots"
"VPS41",2.06112774964342e-08,0.983126181435604,0.663,0.42,0.000455158840953756,"Upregulated in Hotspots"
"ICA1",2.10187911311207e-08,1.59234203108675,0.43,0.176,0.000464157964548539,"Upregulated in Hotspots"
"AC009093.2",2.11491496885982e-08,2.91753783980803,0.228,0.036,0.000467036672573315,"Upregulated in Hotspots"
"PER3",2.12504718031058e-08,2.43295940727611,0.259,0.052,0.000469274168827984,"Upregulated in Hotspots"
"UTRN",2.13192720151813e-08,0.46403771846155,0.715,0.477,0.000470793483911249,"Upregulated in Hotspots"
"COP1",2.14869532840783e-08,0.798991449122977,0.87,0.793,0.000474496389372301,"Upregulated in Hotspots"
"PKN2",2.14878426204706e-08,0.697692100581926,0.829,0.71,0.000474516028587853,"Upregulated in Hotspots"
"CTSS",2.24967049220521e-08,1.33479024582441,0.342,0.093,0.000496794734793677,"Upregulated in Hotspots"
"FRMD6",2.27564347270691e-08,-1.4614479642358,0.135,0.389,0.000502530348077867,"Upregulated in Coldspots"
"PPIP5K2",2.29042007620952e-08,0.994308887922144,0.622,0.347,0.000505793465429347,"Upregulated in Hotspots"
"TEC",2.31883082820624e-08,2.20715790764129,0.352,0.13,0.000512067411792785,"Upregulated in Hotspots"
"CLCN5",2.36365486069771e-08,1.60090404459018,0.446,0.192,0.000521965902887876,"Upregulated in Hotspots"
"ZNF264",2.3991406342908e-08,2.92056553250559,0.218,0.031,0.000529802226270437,"Upregulated in Hotspots"
"TBC1D9",2.42060986541432e-08,1.17364808748503,0.523,0.244,0.000534543276579445,"Upregulated in Hotspots"
"FBXW4",2.45483245780805e-08,1.20163386116965,0.472,0.192,0.000542100651657752,"Upregulated in Hotspots"
"ARHGEF10L",2.48800417896396e-08,1.92891690193852,0.337,0.109,0.00054942596284061,"Upregulated in Hotspots"
"KIAA1841",2.56533963370356e-08,2.25375659224578,0.233,0.036,0.000566503951310757,"Upregulated in Hotspots"
"LITAF",2.58098497334994e-08,1.72869797818261,0.352,0.114,0.000569958911664867,"Upregulated in Hotspots"
"MOB1B",2.65569008852632e-08,1.46297197634255,0.352,0.114,0.000586456042249267,"Upregulated in Hotspots"
"GK",2.65608636192093e-08,3.1926450779424,0.207,0.026,0.000586543551303,"Upregulated in Hotspots"
"ARHGEF11",2.66554980853518e-08,1.31797008131868,0.518,0.264,0.000588633364218825,"Upregulated in Hotspots"
"PIP4P2",2.67113909285594e-08,1.97085365434048,0.326,0.098,0.000589867645875377,"Upregulated in Hotspots"
"DCUN1D4",2.6750259911073e-08,1.94110631094643,0.321,0.093,0.000590725989616226,"Upregulated in Hotspots"
"COBL",2.68315102754478e-08,-1.67422983881824,0.098,0.332,0.000592520241412715,"Upregulated in Coldspots"
"ETS1",2.69149846219686e-08,3.07528812730424,0.207,0.026,0.000594363605406932,"Upregulated in Hotspots"
"TLR1",2.69171839091036e-08,2.34395440121736,0.233,0.036,0.000594412172264735,"Upregulated in Hotspots"
"NFAT5",2.71849372612566e-08,-0.644069117978327,0.808,0.964,0.000600324969540329,"Upregulated in Coldspots"
"PBX3",2.77478434941593e-08,1.92599941855622,0.321,0.088,0.000612755627881519,"Upregulated in Hotspots"
"AC104041.1",2.86517918248424e-08,-0.558810212865188,0.43,0.777,0.000632717518867995,"Upregulated in Coldspots"
"RPS6KA2",2.86730214603745e-08,2.60090404459018,0.207,0.026,0.00063318633290945,"Upregulated in Hotspots"
"RASGEF1B",2.88092960954484e-08,1.11547721741994,0.342,0.098,0.000636195685675788,"Upregulated in Hotspots"
"LILRB5",2.96394718909601e-08,2.90689059560852,0.207,0.026,0.000654528457768072,"Upregulated in Hotspots"
"INTS6L",2.98082866942178e-08,2.4093909361377,0.264,0.057,0.000658256395068412,"Upregulated in Hotspots"
"AKAP10",2.98251016279302e-08,0.909989834267405,0.637,0.363,0.000658627719249583,"Upregulated in Hotspots"
"TRAF3IP2-AS1",3.01870289713427e-08,1.29808135293299,0.394,0.145,0.00066662016077416,"Upregulated in Hotspots"
"ATG7",3.01979211227984e-08,1.59292221768963,0.824,0.808,0.000666860692154757,"Upregulated in Hotspots"
"OSBPL6",3.0246578671552e-08,4.88264304936184,0.161,0.005,0.000667935196803883,"Upregulated in Hotspots"
"SMARCA1",3.04329099147341e-08,1.45066140900957,0.389,0.135,0.000672049949647073,"Upregulated in Hotspots"
"AMBRA1",3.048754407123e-08,-1.02320739116133,0.539,0.736,0.000673256435724971,"Upregulated in Coldspots"
"KAT2B",3.0498400320613e-08,1.65711228647699,0.373,0.13,0.000673496174280096,"Upregulated in Hotspots"
"FOS",3.06821959722437e-08,1.04765297559142,0.56,0.285,0.000677554933655058,"Upregulated in Hotspots"
"LINC01524",3.1046910697102e-08,-2.64828843608998,0.052,0.254,0.000685608928924103,"Upregulated in Coldspots"
"RTN4RL1",3.10715710372652e-08,4.61470984411521,0.161,0.005,0.000686153503215928,"Upregulated in Hotspots"
"CCDC191",3.11804670351903e-08,4.49185309632967,0.161,0.005,0.000688558253538107,"Upregulated in Hotspots"
"PTPRJ",3.13168878729105e-08,1.68517296148778,0.591,0.363,0.000691570834897482,"Upregulated in Hotspots"
"FTCDNL1",3.15196610685438e-08,4.35755200461808,0.161,0.005,0.000696048675376652,"Upregulated in Hotspots"
"CD84",3.18664471914353e-08,1.88264304936184,0.295,0.073,0.000703706753328465,"Upregulated in Hotspots"
"ST3GAL6",3.19937775123824e-08,-1.13014751015423,0.29,0.565,0.000706518588805942,"Upregulated in Coldspots"
"DOCK7",3.20777987768732e-08,1.10657166419804,0.663,0.466,0.00070837403038969,"Upregulated in Hotspots"
"CMC1",3.22237506517931e-08,1.27392272197653,0.42,0.15,0.000711597085643547,"Upregulated in Hotspots"
"SUGT1",3.22675973248548e-08,1.39231742277876,0.337,0.098,0.000712565351724768,"Upregulated in Hotspots"
"AC093817.2",3.26501173672088e-08,-1.0369942074822,0.197,0.461,0.000721012541820073,"Upregulated in Coldspots"
"ABHD3",3.26653504526174e-08,1.44913069794725,0.544,0.326,0.000721348934045151,"Upregulated in Hotspots"
"PARP14",3.27399531003779e-08,1.18807234815257,0.508,0.233,0.000722996384315646,"Upregulated in Hotspots"
"SIGLEC6",3.2891115167395e-08,-3.08746284125034,0.057,0.259,0.000726334496241584,"Upregulated in Coldspots"
"XAF1",3.31269740229663e-08,2.97400479146706,0.187,0.016,0.000731542967349165,"Upregulated in Hotspots"
"COL1A2",3.3338682128786e-08,1.48718728503468,0.554,0.295,0.000736218117449981,"Upregulated in Hotspots"
"MED14",3.34781227177375e-08,1.57031572475675,0.368,0.124,0.000739297383975796,"Upregulated in Hotspots"
"PARP9",3.35615159709216e-08,1.75742969672592,0.29,0.067,0.000741138957185861,"Upregulated in Hotspots"
"ZNHIT6",3.4228699892348e-08,2.11547721741994,0.249,0.047,0.00075587237972272,"Upregulated in Hotspots"
"CHPT1",3.46392455458671e-08,1.39078995303217,0.373,0.119,0.000764938459389382,"Upregulated in Hotspots"
"TTC13",3.49430067160548e-08,2.20163386116965,0.264,0.057,0.000771646417310638,"Upregulated in Hotspots"
"MBNL3",3.54244355489864e-08,-1.06383161186924,0.399,0.668,0.000782277810228267,"Upregulated in Coldspots"
"RASAL2",3.55886629485766e-08,-0.765856572971195,0.793,0.938,0.000785904443893418,"Upregulated in Coldspots"
"AFF3",3.57707133636034e-08,2.38807045167857,0.363,0.135,0.000789924663208454,"Upregulated in Hotspots"
"NRCAM",3.59469390127741e-08,-2.06871275008401,0.093,0.316,0.00079381625421909,"Upregulated in Coldspots"
"ITPRID2",3.59480519265782e-08,-1.69426114321197,0.264,0.487,0.000793840830694626,"Upregulated in Coldspots"
"MINDY2",3.609527505066e-08,-1.42420914517709,0.352,0.565,0.000797091958943725,"Upregulated in Coldspots"
"VAC14",3.61056757911261e-08,1.86507041991389,0.347,0.114,0.000797321638495437,"Upregulated in Hotspots"
"LINC02196",3.63631713802651e-08,-4,0.005,0.161,0.000803007913590395,"Upregulated in Coldspots"
"HSD17B11",3.65109125551281e-08,2.03952836418664,0.275,0.062,0.000806270481954894,"Upregulated in Hotspots"
"DAPK1",3.66649204344076e-08,-1.05323011426669,0.663,0.839,0.000809671437953023,"Upregulated in Coldspots"
"TM7SF3",3.69243382919303e-08,1.88752527074159,0.285,0.067,0.000815400162500696,"Upregulated in Hotspots"
"MAFF",3.69721860968649e-08,-2.64045761331286,0.078,0.285,0.000816456785577068,"Upregulated in Coldspots"
"ANKS1A",3.70705988614125e-08,1.36213441728238,0.699,0.544,0.000818630034656572,"Upregulated in Hotspots"
"DLGAP2",3.74528982491137e-08,-2.78135971352466,0.036,0.223,0.000827072352035178,"Upregulated in Coldspots"
"XKR6",3.75756110278232e-08,3.08746284125034,0.197,0.021,0.000829782218327419,"Upregulated in Hotspots"
"LSS",3.82621949801348e-08,-1.76690287832031,0.192,0.425,0.000844944051746317,"Upregulated in Coldspots"
"ACTR3",3.85566618072449e-08,1.1096244911745,0.674,0.456,0.000851446762689389,"Upregulated in Hotspots"
"GARNL3",3.91971105471838e-08,2.01792190799726,0.264,0.057,0.00086558979221346,"Upregulated in Hotspots"
"SCIN",3.98872236388442e-08,-1.39282622018869,0.415,0.627,0.000880829559616597,"Upregulated in Coldspots"
"PON2",4.03284485769097e-08,1.74250377770764,0.321,0.093,0.000890573129923896,"Upregulated in Hotspots"
"TCHP",4.10252200827114e-08,1.86789646399265,0.28,0.067,0.000905959935086515,"Upregulated in Hotspots"
"LAPTM5",4.11543909091931e-08,1.51096191927738,0.295,0.073,0.000908812414447712,"Upregulated in Hotspots"
"AC011933.4",4.11635599693666e-08,2.7279204545632,0.223,0.036,0.000909014894803522,"Upregulated in Hotspots"
"FOXN3",4.18901924065864e-08,1.17094565591777,0.772,0.648,0.000925061118914648,"Upregulated in Hotspots"
"TMEM163",4.2111278299568e-08,6.49185309632967,0.145,0,0.000929943358689361,"Upregulated in Hotspots"
"LINC01266",4.21537254141337e-08,6.75488750216347,0.145,0,0.000930880718320314,"Upregulated in Hotspots"
"KCNA7",4.25678123766381e-08,-3.6724253419715,0.016,0.181,0.000940025000713298,"Upregulated in Coldspots"
"TBC1D4",4.31918514668771e-08,1.3934813559124,0.528,0.275,0.000953805655943046,"Upregulated in Hotspots"
"RRS1-AS1",4.36308074269553e-08,-3.1963972128035,0.026,0.202,0.000963499120409454,"Upregulated in Coldspots"
"SCAPER",4.38994849526864e-08,-0.818759685329854,0.736,0.896,0.000969432326210173,"Upregulated in Coldspots"
"FAM171B",4.43004028225753e-08,-2.34792330342031,0.083,0.295,0.00097828579553093,"Upregulated in Coldspots"
"SCAI",4.46542564647076e-08,2.14135584924554,0.264,0.057,0.000986099945510139,"Upregulated in Hotspots"
"NCOA7",4.4675332384761e-08,1.6724253419715,0.306,0.083,0.000986565365052676,"Upregulated in Hotspots"
"ANXA4",4.50081657683043e-08,-1.32463907916311,0.637,0.777,0.000993915324661463,"Upregulated in Coldspots"
"KIF16B",4.54077539560011e-08,1.49880585697144,0.523,0.285,0.00100273943061037,"Upregulated in Hotspots"
"AL365295.1",4.65040127139246e-08,-1.48186900775705,0.254,0.503,0.0010269481127616,"Upregulated in Coldspots"
"SLC38A7",4.66098611997132e-08,1.96152585218536,0.264,0.057,0.00102928556487327,"Upregulated in Hotspots"
"NBL1",4.69542428992484e-08,3.23266075679027,0.192,0.021,0.0010368905459441,"Upregulated in Hotspots"
"AC090825.1",4.76279871954306e-08,3.01989955743771,0.212,0.031,0.00105176884123669,"Upregulated in Hotspots"
"ATM",4.76863915293539e-08,1.1839628348426,0.617,0.425,0.00105305858414272,"Upregulated in Hotspots"
"RAI1",4.76976976689784e-08,3.20945336562895,0.171,0.01,0.00105330825762405,"Upregulated in Hotspots"
"SH2D4A",4.79029311487539e-08,2.24005108783295,0.337,0.109,0.00105784042855793,"Upregulated in Hotspots"
"DTNB",4.79941279186307e-08,1.90689059560852,0.549,0.394,0.00105985432682712,"Upregulated in Hotspots"
"ANKUB1",4.91454207490684e-08,1.71620703399941,0.456,0.218,0.00108527832640168,"Upregulated in Hotspots"
"TANGO2",5.01152977451459e-08,1.86875546672175,0.295,0.078,0.00110669612010606,"Upregulated in Hotspots"
"BRI3",5.07424697413976e-08,1.1650592462705,0.404,0.14,0.00112054595929928,"Upregulated in Hotspots"
"RMDN1",5.0758261324976e-08,1.98423268414168,0.306,0.088,0.00112089468483944,"Upregulated in Hotspots"
"TLR2",5.12985594521578e-08,1.73039294024272,0.238,0.041,0.001132826088382,"Upregulated in Hotspots"
"MAMDC2",5.19251634418023e-08,3.70043971814109,0.192,0.021,0.00114666338428532,"Upregulated in Hotspots"
"KIAA0586",5.2904008027372e-08,1.55873095914798,0.352,0.114,0.00116827920926846,"Upregulated in Hotspots"
"GDAP1",5.31213856952267e-08,3.08746284125034,0.171,0.01,0.00117307956030769,"Upregulated in Hotspots"
"TSHZ1",5.4673289821926e-08,2.03562390973072,0.295,0.078,0.00120735025913759,"Upregulated in Hotspots"
"GGA2",5.48264416087669e-08,1.41093310094611,0.399,0.15,0.0012107323100464,"Upregulated in Hotspots"
"AC092535.4",5.58728426411903e-08,3.24792751344359,0.181,0.016,0.00123383998404541,"Upregulated in Hotspots"
"UST",5.61061891508654e-08,2.05889368905357,0.285,0.073,0.00123899297501856,"Upregulated in Hotspots"
"AC108690.1",5.63253099414148e-08,-1.55198517827488,0.14,0.383,0.00124383181943626,"Upregulated in Coldspots"
"MAGEA11",5.72291627553773e-08,-4.35755200461808,0.005,0.155,0.001263791601127,"Upregulated in Coldspots"
"POT1",5.73295832914968e-08,1.60334103003601,0.326,0.098,0.00126600918782612,"Upregulated in Hotspots"
"TMEM131L",5.89097805562181e-08,2.65711228647699,0.223,0.036,0.00130090468402296,"Upregulated in Hotspots"
"PPFIBP2",5.8942732257088e-08,2.8073549220576,0.228,0.041,0.00130163235643328,"Upregulated in Hotspots"
"SCAMP1",5.89866708428713e-08,1.62449086490779,0.373,0.135,0.00130260265222313,"Upregulated in Hotspots"
"NREP",5.90154693451897e-08,2.10433665981474,0.275,0.067,0.00130323860954982,"Upregulated in Hotspots"
"POLE",5.95142219291385e-08,1.89616418901546,0.238,0.041,0.00131425256286117,"Upregulated in Hotspots"
"AC005699.1",6.07720301378481e-08,3.0483630215614,0.181,0.016,0.0013420287415341,"Upregulated in Hotspots"
"LPCAT1",6.16616343422218e-08,1.42884329880387,0.373,0.13,0.00136167387117928,"Upregulated in Hotspots"
"SPDYA",6.1846166265813e-08,-3.11547721741994,0.036,0.218,0.00136574888964795,"Upregulated in Coldspots"
"ATF2",6.20975776807991e-08,1.29698173775713,0.487,0.228,0.00137130080792509,"Upregulated in Hotspots"
"LRMP",6.24996839869265e-08,2.22881869049588,0.233,0.041,0.0013801805214833,"Upregulated in Hotspots"
"CHCHD6",6.31712792149993e-08,2.44745897697122,0.223,0.036,0.00139501135890483,"Upregulated in Hotspots"
"SLC15A4",6.34106164520933e-08,2.50250034052918,0.212,0.031,0.00140029664311158,"Upregulated in Hotspots"
"ADAM28",6.36675095645166e-08,2.63471553591826,0.202,0.026,0.00140596961371322,"Upregulated in Hotspots"
"PTMS",6.42556634907686e-08,1.21021770739035,0.326,0.093,0.00141895781686664,"Upregulated in Hotspots"
"PDE4B",6.43235631277341e-08,1.12446843631754,0.554,0.321,0.00142045724454975,"Upregulated in Hotspots"
"TNFRSF11A",6.65504016194624e-08,2.93288580414146,0.212,0.031,0.00146963251896259,"Upregulated in Hotspots"
"CLRN1-AS1",6.83061035064263e-08,-3.04102726826005,0.047,0.233,0.00150840368373241,"Upregulated in Coldspots"
"AC104123.1",7.02779915026639e-08,1.81762325751143,0.316,0.098,0.00155194888635333,"Upregulated in Hotspots"
"NLRP1",7.08369365899197e-08,3.77258950389693,0.166,0.01,0.0015642920707152,"Upregulated in Hotspots"
"WDFY2",7.11682668969335e-08,1.58913817669235,0.565,0.352,0.00157160883788498,"Upregulated in Hotspots"
"IKZF2",7.14461748222423e-08,-1.08305573972756,0.352,0.591,0.00157774587859958,"Upregulated in Coldspots"
"ERBB2",7.16391235391672e-08,-1.8017738897943,0.119,0.342,0.00158200676511543,"Upregulated in Coldspots"
"TOR1AIP2",7.22261404552777e-08,-1.22055107451228,0.389,0.585,0.0015949698596739,"Upregulated in Coldspots"
"SLC22A23",7.26864389885791e-08,1.73039294024272,0.477,0.244,0.00160513463218479,"Upregulated in Hotspots"
"ECM2",7.5522018277865e-08,5.16992500144231,0.14,0,0.00166775272963009,"Upregulated in Hotspots"
"SLC18B1",7.55671779660153e-08,1.96768227972727,0.461,0.233,0.00166874999102352,"Upregulated in Hotspots"
"ELK3",7.57761373476292e-08,1.39231742277876,0.301,0.078,0.0016733644410477,"Upregulated in Hotspots"
"ARL13B",7.61758809697764e-08,1.97085365434048,0.259,0.057,0.00168219197945557,"Upregulated in Hotspots"
"SAMSN1",7.63861398632387e-08,1.66296501272243,0.212,0.031,0.0016868351265999,"Upregulated in Hotspots"
"WASHC2A",7.98015908484503e-08,2.0703893278914,0.244,0.047,0.00176225853070633,"Upregulated in Hotspots"
"SLC19A2",7.99610345702739e-08,-1.44183755862256,0.155,0.399,0.00176577952641536,"Upregulated in Coldspots"
"CAST",8.0020631791553e-08,-0.813345359899987,0.699,0.865,0.00176709561185286,"Upregulated in Coldspots"
"SGO1-AS1",8.06728006606773e-08,-1.69357299865283,0.124,0.358,0.00178149745698974,"Upregulated in Coldspots"
"MEF2C-AS2",8.06731785325365e-08,3.64385618977472,0.166,0.01,0.001781505801534,"Upregulated in Hotspots"
"MNDA",8.12914488954507e-08,3.35755200461808,0.176,0.016,0.00179515906595824,"Upregulated in Hotspots"
"PLEKHG5",8.22599954933665e-08,3.39231742277876,0.176,0.016,0.00181654748048001,"Upregulated in Hotspots"
"CDK17",8.23905131470389e-08,1.30932805810773,0.642,0.435,0.00181942970182606,"Upregulated in Hotspots"
"CREB5",8.33385223194878e-08,-2.33342373372519,0.083,0.29,0.00184036458838125,"Upregulated in Coldspots"
"GIPC2",8.35246188407008e-08,2.34103691783507,0.254,0.057,0.0018444741578592,"Upregulated in Hotspots"
"OSGIN2",8.41977185697457e-08,3.24792751344359,0.176,0.016,0.00185933821917569,"Upregulated in Hotspots"
"GNAI3",8.42018344780713e-08,1.41895254928223,0.404,0.161,0.00185942911077925,"Upregulated in Hotspots"
"ZNF512",8.45660026233307e-08,2.04730571477836,0.264,0.062,0.00186747103593101,"Upregulated in Hotspots"
"ZNF25",8.50843068779589e-08,3.24792751344359,0.166,0.01,0.00187891674878597,"Upregulated in Hotspots"
"DOCK8",8.55263881436783e-08,1.40769891908543,0.611,0.43,0.00188867922937685,"Upregulated in Hotspots"
"ANKAR",8.60108088682994e-08,2.27798474729977,0.295,0.088,0.00189937669223866,"Upregulated in Hotspots"
"CELF1",8.68371725238505e-08,0.896267212905309,0.746,0.565,0.00191762528084419,"Upregulated in Hotspots"
"NFATC1",8.75133770165432e-08,2.03952836418664,0.166,0.01,0.00193255790465632,"Upregulated in Hotspots"
"QSOX1",8.86854997030663e-08,-0.287576590096585,0.161,0.42,0.00195844188994281,"Upregulated in Coldspots"
"WASHC3",8.88186084186148e-08,1.84130225398094,0.285,0.073,0.00196138132970827,"Upregulated in Hotspots"
"TBC1D5",8.88832964446775e-08,0.815835631774431,0.907,0.865,0.00196280983538781,"Upregulated in Hotspots"
"AGPS",8.90130778981982e-08,1.33703498727757,0.497,0.254,0.00196567579922591,"Upregulated in Hotspots"
"EGR1",8.93816258078254e-08,2.08746284125034,0.212,0.031,0.00197381444271421,"Upregulated in Hotspots"
"CSGALNACT2",9.02874840802936e-08,1.86789646399265,0.275,0.067,0.00199381851094512,"Upregulated in Hotspots"
"MTNR1B",9.60175178604245e-08,-3.16992500144231,0.01,0.166,0.00212035484691175,"Upregulated in Coldspots"
"FGD3",9.66559078087554e-08,2.53605290024021,0.218,0.036,0.00213445241214074,"Upregulated in Hotspots"
"LINC02062",9.70182399216376e-08,-1.90980219102842,0.145,0.368,0.00214245379218952,"Upregulated in Coldspots"
"SPG11",9.7080138082008e-08,1.04385428958943,0.523,0.244,0.00214382068926498,"Upregulated in Hotspots"
"BTK",9.73240493403837e-08,1.8073549220576,0.233,0.041,0.00214920698158369,"Upregulated in Hotspots"
"MFSD2A",9.89449183956981e-08,-2.4594316186373,0.052,0.244,0.0021850006329322,"Upregulated in Coldspots"
"MAFB",9.94397175523943e-08,1.30985526258679,0.28,0.067,0.00219592728270952,"Upregulated in Hotspots"
"DIAPH1",9.95595119329343e-08,-1.53433642765119,0.197,0.435,0.00219857270201499,"Upregulated in Coldspots"
"SLC25A24",1.006353933734e-07,1.40599235967584,0.378,0.14,0.0022223313918648,"Upregulated in Hotspots"
"TXK",1.01656091291289e-07,3.11547721741994,0.176,0.016,0.00224487146398554,"Upregulated in Hotspots"
"PKIG",1.01943936169502e-07,-1.75002174699165,0.14,0.368,0.00225122794243111,"Upregulated in Coldspots"
"LINC02327",1.02066427257321e-07,-1.16812275880833,0.207,0.477,0.00225393291312341,"Upregulated in Coldspots"
"MECP2",1.02103051140686e-07,1.46777896135082,0.399,0.161,0.00225474167833977,"Upregulated in Hotspots"
"MAPRE3",1.02856695174136e-07,-2.56293619439116,0.036,0.218,0.00227138439953044,"Upregulated in Coldspots"
"AC044893.1",1.03190541253162e-07,4.49185309632967,0.15,0.005,0.00227875672249357,"Upregulated in Hotspots"
"SERGEF",1.03222551241812e-07,2.50901364748786,0.233,0.047,0.00227946359907294,"Upregulated in Hotspots"
"TM2D1",1.03882242467006e-07,1.24792751344359,0.373,0.13,0.00229403156039889,"Upregulated in Hotspots"
"TNFRSF25",1.04326706759478e-07,2.58496250072116,0.207,0.031,0.00230384666536955,"Upregulated in Hotspots"
"IQCG",1.05081191809992e-07,4.24792751344359,0.15,0.005,0.00232050795874004,"Upregulated in Hotspots"
"SLC27A1",1.05715541654106e-07,4.08746284125034,0.15,0.005,0.00233451630634762,"Upregulated in Hotspots"
"AL390728.6",1.05834536536713e-07,2.8073549220576,0.187,0.021,0.00233714407034024,"Upregulated in Hotspots"
"NPC1",1.06600604968008e-07,1.5327325419486,0.477,0.228,0.00235406115950851,"Upregulated in Hotspots"
"OSBPL8",1.08531745455678e-07,0.995986937493377,0.674,0.492,0.00239670653489773,"Upregulated in Hotspots"
"AGK",1.09762064557292e-07,2.20511442990461,0.275,0.073,0.00242387567161869,"Upregulated in Hotspots"
"ABHD2",1.10516581539042e-07,2.2410080995038,0.218,0.036,0.00244053767012667,"Upregulated in Hotspots"
"SIMC1",1.10534632711925e-07,1.8073549220576,0.207,0.031,0.00244093629417743,"Upregulated in Hotspots"
"PLEKHA5",1.10600683684694e-07,-0.746383169928304,0.513,0.808,0.0024423948978091,"Upregulated in Coldspots"
"CCDC170",1.110923694333e-07,2.74416109557041,0.187,0.021,0.00245325279419556,"Upregulated in Hotspots"
"CD47",1.12005929208556e-07,1.28189343308511,0.513,0.259,0.00247342693471255,"Upregulated in Hotspots"
"PRDM6",1.12331789753691e-07,2.60090404459018,0.218,0.036,0.00248062291313075,"Upregulated in Hotspots"
"ACTB",1.13886037437623e-07,0.428738409855419,0.788,0.539,0.00251494536473503,"Upregulated in Hotspots"
"PRMT7",1.14567050225674e-07,2.50250034052918,0.207,0.031,0.00252998417013356,"Upregulated in Hotspots"
"RNF213",1.17756204099598e-07,1,0.725,0.508,0.00260041025513143,"Upregulated in Hotspots"
"TCF25",1.18028819205395e-07,-0.965442777963631,0.487,0.689,0.00260643041451274,"Upregulated in Coldspots"
"TATDN2",1.18541841964037e-07,2.58496250072116,0.197,0.026,0.00261775949609184,"Upregulated in Hotspots"
"PARG",1.19563470192267e-07,1.32650082467719,0.446,0.197,0.00264032011225583,"Upregulated in Hotspots"
"PREPL",1.20294320123654e-07,2.29956028185891,0.244,0.052,0.00265645947129065,"Upregulated in Hotspots"
"PML",1.20615248178246e-07,2.10852445677817,0.254,0.057,0.0026635465255202,"Upregulated in Hotspots"
"SMAD5",1.21311533241098e-07,1.52356195605701,0.347,0.119,0.00267892258856318,"Upregulated in Hotspots"
"FAM135A",1.23043024439361e-07,-1.18003502908715,0.446,0.622,0.00271715910869441,"Upregulated in Coldspots"
"SLFN11",1.23665486701142e-07,2.4447848426729,0.187,0.021,0.00273090494282131,"Upregulated in Hotspots"
"LINC01500",1.24171321917056e-07,5.04439411935845,0.171,0.016,0.00274207530189436,"Upregulated in Hotspots"
"FAM102B",1.24200217179326e-07,2.04439411935845,0.311,0.098,0.00274271339597105,"Upregulated in Hotspots"
"NCKAP5L",1.24572026317842e-07,2.49185309632967,0.197,0.026,0.00275092405717691,"Upregulated in Hotspots"
"METTL16",1.25745629069179e-07,1.8073549220576,0.264,0.062,0.00277684072673467,"Upregulated in Hotspots"
"PLA2G15",1.26814400166255e-07,2.43295940727611,0.207,0.031,0.00280044239887141,"Upregulated in Hotspots"
"PJA2",1.27767479503516e-07,1.05829864056467,0.554,0.29,0.00282148924987614,"Upregulated in Hotspots"
"MOCOS",1.27848650004165e-07,-2.8550516640889,0.041,0.223,0.00282328173804198,"Upregulated in Coldspots"
"PPP1R13L",1.29678579933366e-07,-2.10852445677817,0.057,0.249,0.00286369208066852,"Upregulated in Coldspots"
"SH2D5",1.2968277102355e-07,-3.8073549220576,0.01,0.161,0.00286378463251306,"Upregulated in Coldspots"
"ST6GALNAC3",1.29901001067628e-07,4.70043971814109,0.161,0.01,0.00286860380657643,"Upregulated in Hotspots"
"ARID3A",1.3252415719478e-07,1.13673633679174,0.705,0.456,0.00292653096333233,"Upregulated in Hotspots"
"RNF135",1.37978080251158e-07,1.41028396930821,0.347,0.119,0.00304696994618631,"Upregulated in Hotspots"
"PSTPIP2",1.45269151869354e-07,1.76553474636298,0.228,0.041,0.00320797868073094,"Upregulated in Hotspots"
"CPEB3",1.45603049428644e-07,1.01197264166608,0.404,0.161,0.00321535214053274,"Upregulated in Hotspots"
"SYTL4",1.45708554119567e-07,3.4594316186373,0.161,0.01,0.00321768200062239,"Upregulated in Hotspots"
"CHROMR",1.47684248015019e-07,2.77760757866355,0.202,0.031,0.00326131124891567,"Upregulated in Hotspots"
"PPP2R3C",1.4899065863104e-07,1.62449086490779,0.295,0.083,0.00329016071454925,"Upregulated in Hotspots"
"CD5L",1.52201262206631e-07,3.28010791919273,0.192,0.026,0.00336106047330903,"Upregulated in Hotspots"
"LGALS9",1.53025403298621e-07,2.05444778402238,0.218,0.036,0.00337925998104345,"Upregulated in Hotspots"
"LINC01695",1.54455110689997e-07,3.73230421679634,0.207,0.036,0.0034108322093672,"Upregulated in Hotspots"
"GPR157",1.55499878743673e-07,-2.45066140900957,0.057,0.244,0.00343390382229653,"Upregulated in Coldspots"
"AMDHD2",1.55968859416546e-07,3.12928301694497,0.161,0.01,0.00344426032249559,"Upregulated in Hotspots"
"TMC3-AS1",1.58692191195629e-07,3.22881869049588,0.171,0.016,0.00350439965817308,"Upregulated in Hotspots"
"NAAA",1.61378042538319e-07,3.03562390973072,0.181,0.021,0.0035637113133737,"Upregulated in Hotspots"
"TPST2",1.6259347338992e-07,1.37125580725093,0.383,0.145,0.0035905516728696,"Upregulated in Hotspots"
"ST3GAL1",1.62682397380807e-07,-0.995182983702224,0.674,0.751,0.00359251538136035,"Upregulated in Coldspots"
"HPS1",1.63722781396403e-07,2.18220333122075,0.233,0.047,0.00361549018157676,"Upregulated in Hotspots"
"ZNF704",1.64561909380799e-07,2.29483443400509,0.332,0.124,0.00363402064485618,"Upregulated in Hotspots"
"CEP63",1.65554160679112e-07,1.23629802336167,0.409,0.166,0.00365593253027683,"Upregulated in Hotspots"
"HLTF",1.66882965429521e-07,2.49476469174958,0.212,0.036,0.00368527652558012,"Upregulated in Hotspots"
"SLC16A1-AS1",1.67969641147934e-07,2.32192809488736,0.254,0.062,0.00370927358546982,"Upregulated in Hotspots"
"LNPK",1.68845368473824e-07,1.36678233067162,0.326,0.098,0.00372861227200746,"Upregulated in Hotspots"
"ZNF330",1.71136961900603e-07,1.74416109557041,0.269,0.067,0.00377921752965102,"Upregulated in Hotspots"
"FGF12",1.73036707955871e-07,-3.36923380966572,0.036,0.207,0.00382116962178951,"Upregulated in Coldspots"
"SLC7A7",1.73458165101417e-07,2.83650126771712,0.192,0.026,0.00383047665993459,"Upregulated in Hotspots"
"S100PBP",1.74202466576687e-07,1.43295940727611,0.383,0.15,0.00384691306941297,"Upregulated in Hotspots"
"CPSF6",1.77910607306044e-07,0.944858445807539,0.627,0.404,0.00392879994113937,"Upregulated in Hotspots"
"DENND4A",1.79782951318843e-07,1.20876913747247,0.699,0.534,0.00397014691397401,"Upregulated in Hotspots"
"HMGXB3",1.80564674343245e-07,1.55101516879782,0.394,0.166,0.00398740970352189,"Upregulated in Hotspots"
"PIGX",1.81265893663322e-07,2.17833724125851,0.269,0.073,0.00400289472976713,"Upregulated in Hotspots"
"CDYL",1.81505866369159e-07,-0.715302050148998,0.705,0.87,0.00400819404703014,"Upregulated in Coldspots"
"MTMR2",1.84330905750839e-07,1.83871909296694,0.269,0.067,0.00407057939169578,"Upregulated in Hotspots"
"TNFAIP8",1.84668354016414e-07,-0.727198762583813,0.575,0.808,0.00407803126174448,"Upregulated in Coldspots"
"RNF149",1.86099652393401e-07,0.932466842314535,0.653,0.404,0.00410963862380347,"Upregulated in Hotspots"
"LOXL3",1.87179854818887e-07,2.55458885167764,0.202,0.031,0.00413349273396548,"Upregulated in Hotspots"
"FRMD4A",1.87558254804971e-07,1.09953567355091,0.56,0.311,0.00414184894085817,"Upregulated in Hotspots"
"SLC4A8",1.87681390654564e-07,4.78135971352466,0.145,0.005,0.00414456814982474,"Upregulated in Hotspots"
"NECTIN4",1.91250757068706e-07,-2.17833724125851,0.062,0.254,0.00422339046834824,"Upregulated in Coldspots"
"AP000915.2",1.92795987582498e-07,3.90689059560852,0.145,0.005,0.00425751379378431,"Upregulated in Hotspots"
"SOX5",1.94960616655281e-07,1.88194423847829,0.492,0.29,0.00430531529759856,"Upregulated in Hotspots"
"KCTD7",1.95875678427664e-07,2.35049724708413,0.212,0.036,0.00432552260671812,"Upregulated in Hotspots"
"TRPC1",1.96060992506348e-07,2.9499593175004,0.181,0.021,0.00432961489751768,"Upregulated in Hotspots"
"OSGEP",1.97750535722383e-07,2.0703893278914,0.192,0.026,0.00436692508035738,"Upregulated in Hotspots"
"FREM1",1.98058811417114e-07,2.50479215203717,0.218,0.041,0.00437373273252413,"Upregulated in Hotspots"
"BICRAL",2.00107202525352e-07,1.79441586635011,0.337,0.119,0.00441896735336734,"Upregulated in Hotspots"
"XRN2",2.00732889740581e-07,0.768458141569743,0.663,0.415,0.00443278440414125,"Upregulated in Hotspots"
"PPP1CB",2.00891486964331e-07,-1.04494740605397,0.451,0.663,0.00443628670663331,"Upregulated in Coldspots"
"ZBTB20",2.01195739671728e-07,0.930229721695826,0.648,0.415,0.00444300551917077,"Upregulated in Hotspots"
"SLA",2.0407159547925e-07,2.51784830486262,0.202,0.031,0.00450651304296828,"Upregulated in Hotspots"
"DNAJC10",2.06403927558733e-07,1.34914956362239,0.358,0.124,0.0045580179322795,"Upregulated in Hotspots"
"GASK1A",2.07535074348419e-07,-2.27159641933722,0.145,0.352,0.00458299704683614,"Upregulated in Coldspots"
"DYNC2LI1",2.08944157492915e-07,2.55019708256048,0.171,0.016,0.00461411382991604,"Upregulated in Hotspots"
"MTMR9",2.09445829375436e-07,1.96347412397489,0.285,0.083,0.00462519225009775,"Upregulated in Hotspots"
"PCGF5",2.14531747196883e-07,1.94029375387573,0.275,0.073,0.00473750457334877,"Upregulated in Hotspots"
"TTC14",2.149142681891e-07,1.50447258286079,0.389,0.161,0.0047459517844199,"Upregulated in Hotspots"
"RBMS1",2.15043322697699e-07,-0.613121621640223,0.964,0.974,0.00474880169513328,"Upregulated in Coldspots"
"B3GNT3",2.16884680430748e-07,-2.49185309632967,0.021,0.181,0.00478946439795221,"Upregulated in Coldspots"
"GALM",2.19544342207953e-07,2.49185309632967,0.192,0.026,0.00484819770897823,"Upregulated in Hotspots"
"RGPD1",2.21565186337743e-07,-1.27778099120298,0.233,0.477,0.00489282400989637,"Upregulated in Coldspots"
"NIPAL1",2.24516507027989e-07,-2,0.073,0.269,0.00495799802469909,"Upregulated in Coldspots"
"ZCCHC9",2.28042953909634e-07,2.38466385023533,0.192,0.026,0.00503587255118644,"Upregulated in Hotspots"
"TMC5",2.28867004218691e-07,-1.85798099512757,0.031,0.202,0.00505407005416136,"Upregulated in Coldspots"
"AL136171.2",2.28924889688675e-07,3.93859945533586,0.155,0.01,0.005055348338995,"Upregulated in Hotspots"
"TTN",2.29200785642971e-07,2.4594316186373,0.218,0.041,0.00506144094935372,"Upregulated in Hotspots"
"SLC2A13",2.33175961583053e-07,1.13597766951897,0.472,0.218,0.00514922475963855,"Upregulated in Hotspots"
"MMP11",2.34240825788717e-07,-2.54748779530249,0.052,0.233,0.00517274015589224,"Upregulated in Coldspots"
"STAMBPL1",2.34764440528047e-07,3.66296501272243,0.155,0.01,0.00518430314018085,"Upregulated in Hotspots"
"RASSF1",2.3679014675321e-07,2.64385618977472,0.207,0.036,0.00522903681075113,"Upregulated in Hotspots"
"ZNF254",2.38618540575567e-07,1.28798076296402,0.373,0.14,0.00526941323153024,"Upregulated in Hotspots"
"ATP11C",2.39335653118317e-07,1.69187770463767,0.326,0.109,0.0052852492278118,"Upregulated in Hotspots"
"IGFBP4",2.41143065686578e-07,1.59863743761823,0.28,0.073,0.00532516231955669,"Upregulated in Hotspots"
"LSM14A",2.41389455850753e-07,-0.801254722521186,0.658,0.834,0.00533060335355217,"Upregulated in Coldspots"
"ALDH1A1",2.41952154780771e-07,3.84799690655495,0.176,0.021,0.00534302943402377,"Upregulated in Hotspots"
"PPP1R21",2.42355038108354e-07,1.42711033157942,0.565,0.389,0.00535192630654679,"Upregulated in Hotspots"
"ARHGAP15",2.43305604051385e-07,3.3029865312339,0.259,0.073,0.00537291765426675,"Upregulated in Hotspots"
"JAK2",2.43436983833883e-07,1.0759488532333,0.653,0.477,0.00537581891400365,"Upregulated in Hotspots"
"ARHGEF1",2.43613577115207e-07,2.40599235967584,0.218,0.041,0.00537971862343511,"Upregulated in Hotspots"
"ITGAV",2.44580965658347e-07,-1.06990201323016,0.389,0.637,0.00540108146463328,"Upregulated in Coldspots"
"NOTCH1",2.44838585248841e-07,4.85798099512757,0.13,0,0.00540677047805016,"Upregulated in Hotspots"
"CYSLTR1",2.49741518731886e-07,3.14295795384204,0.187,0.026,0.00551504195815624,"Upregulated in Hotspots"
"PLCL2",2.53372496093622e-07,-1.07908683752461,0.699,0.824,0.00559522483123545,"Upregulated in Coldspots"
"NR3C1",2.57191063616632e-07,0.878472634969452,0.762,0.606,0.00567955025784608,"Upregulated in Hotspots"
"ZNF37A",2.59368372762877e-07,1.62293035092018,0.28,0.073,0.00572763177572262,"Upregulated in Hotspots"
"CHM",2.60358173673761e-07,1.25690830303695,0.425,0.187,0.00574948954923767,"Upregulated in Hotspots"
"SMAP1",2.60514054748512e-07,1.3879256536616,0.383,0.15,0.00575293187101139,"Upregulated in Hotspots"
"NACC2",2.61852495654401e-07,2.16992500144231,0.202,0.031,0.00578248866153614,"Upregulated in Hotspots"
"GATM",2.62036783644573e-07,2.09515723304034,0.181,0.021,0.00578655829322311,"Upregulated in Hotspots"
"TSPAN4",2.6366155957779e-07,2,0.212,0.036,0.00582243822015634,"Upregulated in Hotspots"
"POGZ",2.65707017344375e-07,0.955605880641547,0.554,0.295,0.00586760806401584,"Upregulated in Hotspots"
"SAP30L-AS1",2.71065062521374e-07,3.05889368905357,0.187,0.026,0.00598592977565951,"Upregulated in Hotspots"
"FTX",2.71275369878453e-07,-0.605157764840885,0.979,0.984,0.00599057399302587,"Upregulated in Coldspots"
"LIPE-AS1",2.71791887397167e-07,3.48542682717024,0.155,0.01,0.00600198024939164,"Upregulated in Hotspots"
"PRRG1",2.72540747226833e-07,-1.49391052059325,0.285,0.497,0.00601851732101014,"Upregulated in Coldspots"
"GPR34",2.77055787290396e-07,1.95935801550265,0.259,0.062,0.00611822295073381,"Upregulated in Hotspots"
"ABCA5",2.7714725403227e-07,-1.56326742962184,0.228,0.446,0.00612024281079461,"Upregulated in Coldspots"
"CLN6",2.77158802562735e-07,1.8073549220576,0.238,0.052,0.00612049783699288,"Upregulated in Hotspots"
"IGF2BP1",2.77327100386489e-07,2.0198995574377,0.238,0.052,0.00612421435783484,"Upregulated in Hotspots"
"PAK3",2.78325122480166e-07,-2.93859945533586,0.01,0.155,0.00614625367972951,"Upregulated in Coldspots"
"DIPK2A",2.80780797503903e-07,1.41313796636336,0.347,0.119,0.00620048235127869,"Upregulated in Hotspots"
"MED13",2.81260955933224e-07,-0.752732910024523,0.694,0.839,0.0062110856898734,"Upregulated in Coldspots"
"C3orf38",2.81463961964906e-07,3.03562390973072,0.176,0.021,0.00621556867207102,"Upregulated in Hotspots"
"PTAFR",2.84628568985962e-07,2.94753258010586,0.187,0.026,0.00628545268891699,"Upregulated in Hotspots"
"NEXMIF",2.90210575062824e-07,2.62449086490779,0.166,0.016,0.00640872012911234,"Upregulated in Hotspots"
"SEPTIN10",2.90431485795602e-07,1.33703498727757,0.352,0.124,0.00641359850082427,"Upregulated in Hotspots"
"CYBA",2.93600731453159e-07,0.652076696579693,0.321,0.093,0.00648358495268011,"Upregulated in Hotspots"
"PRIM2",2.94153641872546e-07,1.38618263660666,0.544,0.326,0.00649579487347144,"Upregulated in Hotspots"
"DHX35",2.98375560550939e-07,1.87446911791614,0.269,0.073,0.00658902750364638,"Upregulated in Hotspots"
"CLIC5",3.01168404346444e-07,-3.06608919045777,0.01,0.155,0.00665070187318252,"Upregulated in Coldspots"
"ZNF717",3.04468032786979e-07,2,0.228,0.047,0.00672356756803485,"Upregulated in Hotspots"
"RESF1",3.05967705557745e-07,1.29768054864069,0.425,0.187,0.00675668484183169,"Upregulated in Hotspots"
"TTN-AS1",3.08446099563116e-07,1.36564947231668,0.404,0.171,0.00681141521665228,"Upregulated in Hotspots"
"MRVI1-AS1",3.10563649096369e-07,2.96962635095648,0.176,0.021,0.00685817706299511,"Upregulated in Hotspots"
"PLEKHA7",3.16905101592976e-07,-1.47533800954666,0.073,0.275,0.0069982153584777,"Upregulated in Coldspots"
"H3F3B",3.21216253402807e-07,0.802663226732882,0.575,0.326,0.00709341852389418,"Upregulated in Hotspots"
"ZMYND11",3.22220563563216e-07,1.23000560544632,0.503,0.249,0.00711559670516651,"Upregulated in Hotspots"
"ERCC8",3.26857720027254e-07,1.58496250072116,0.295,0.088,0.00721799903136186,"Upregulated in Hotspots"
"RPE",3.35182834696434e-07,1.70525673443887,0.306,0.098,0.00740184253860135,"Upregulated in Hotspots"
"RASSF3",3.3874311421246e-07,1.23918766387943,0.394,0.155,0.00748046419115376,"Upregulated in Hotspots"
"STYK1",3.39087543742396e-07,-4.35755200461808,0.005,0.14,0.00748807022846333,"Upregulated in Coldspots"
"ST3GAL2",3.39460003930579e-07,2.08091999538357,0.218,0.041,0.00749629526679896,"Upregulated in Hotspots"
"CCPG1",3.39746104693922e-07,1.60334103003601,0.295,0.088,0.00750261322995588,"Upregulated in Hotspots"
"NECTIN3-AS1",3.46526357677378e-07,-2.38827058971606,0.052,0.233,0.00765234155658955,"Upregulated in Coldspots"
"MLEC",3.49810145385481e-07,1.15024263558061,0.332,0.104,0.00772485744054759,"Upregulated in Hotspots"
"LRCH2",3.50475463325647e-07,2.68805599368526,0.187,0.026,0.00773954965662026,"Upregulated in Hotspots"
"BCAR3",3.54084112530945e-07,-0.903264213202569,0.57,0.772,0.00781923945702086,"Upregulated in Coldspots"
"AL033504.1",3.63512570661601e-07,2.6575311266718,0.197,0.031,0.00802744809792012,"Upregulated in Hotspots"
"AC083843.3",3.68294550458769e-07,-1.91146332539834,0.078,0.275,0.00813304855778101,"Upregulated in Coldspots"
"TMOD3",3.77667534684556e-07,0.976283931026192,0.534,0.275,0.00834003216843904,"Upregulated in Hotspots"
"AP005262.2",3.79826525895688e-07,-0.730813367184611,0.212,0.487,0.00838770917135448,"Upregulated in Coldspots"
"CEP164",3.84913982208159e-07,2.4594316186373,0.187,0.026,0.00850005546910278,"Upregulated in Hotspots"
"UXS1",3.9308133101754e-07,1.56634682255381,0.285,0.083,0.00868041503286034,"Upregulated in Hotspots"
"SIAH1",3.94939034409306e-07,-1.5742360941281,0.311,0.497,0.00872143869686071,"Upregulated in Coldspots"
"STAT6",4.00414879605869e-07,1.88264304936184,0.233,0.052,0.0088423617863364,"Upregulated in Hotspots"
"CELF4",4.01387959344726e-07,3.36923380966572,0.14,0.005,0.00886385030620958,"Upregulated in Hotspots"
"CCDC149",4.03095440350046e-07,1.81557542886257,0.29,0.088,0.00890155660925006,"Upregulated in Hotspots"
"PAK1",4.11965576701367e-07,-1.06608919045777,0.259,0.492,0.00909743583029629,"Upregulated in Coldspots"
"TUBB6",4.12702739406621e-07,2.45066140900957,0.212,0.041,0.00911371459431642,"Upregulated in Hotspots"
"TMEM106A",4.14093895095605e-07,1.77760757866355,0.295,0.093,0.00914443548539624,"Upregulated in Hotspots"
"NFKBID",4.20258084699377e-07,3.73696559416621,0.15,0.01,0.00928055928441633,"Upregulated in Hotspots"
"TAB2",4.23300459699058e-07,1.05541312031861,0.674,0.487,0.0093477440515343,"Upregulated in Hotspots"
"LINC01194",4.2751297206423e-07,-0.462062834104732,0.363,0.679,0.0094407689620944,"Upregulated in Coldspots"
"AL590652.1",4.28186265000261e-07,-2.27301849440642,0.073,0.259,0.00945563729000076,"Upregulated in Coldspots"
"TGFBI",4.38841536956524e-07,1.33479024582441,0.306,0.093,0.00969093766061091,"Upregulated in Hotspots"
"POC1B",4.41226790029633e-07,1.92199748799873,0.249,0.062,0.00974361120422439,"Upregulated in Hotspots"
"TMC8",4.43254913798745e-07,2.55458885167764,0.202,0.036,0.00978839826141768,"Upregulated in Hotspots"
"IFT80",4.45771268712708e-07,1.93859945533586,0.244,0.057,0.00984396692698274,"Upregulated in Hotspots"
"LINC02291",4.45882524641317e-07,-5.64385618977473,0,0.124,0.0098464237916542,"Upregulated in Coldspots"
"FTL",4.52310370327032e-07,0.362289317480371,0.632,0.347,0.00998836990793184,"Upregulated in Hotspots"
"TNKS1BP1",4.5541114890827e-07,-3.05889368905357,0.026,0.181,0.0100568444013413,"Upregulated in Coldspots"
"ATP6AP2",4.55524831693762e-07,1.04182017569463,0.373,0.14,0.0100593548582934,"Upregulated in Hotspots"
"GRTP1",4.6091543665194e-07,-3.7279204545632,0.016,0.161,0.0101783955875848,"Upregulated in Coldspots"
"SUSD6",4.65454112946615e-07,1.41163089783559,0.409,0.187,0.0102786231762001,"Upregulated in Hotspots"
"MCC",4.7797080566115e-07,2.97400479146706,0.285,0.093,0.0105550293014152,"Upregulated in Hotspots"
"RAB10",4.88764268335837e-07,0.814444346843923,0.731,0.534,0.0107933813376603,"Upregulated in Hotspots"
"PRKCI",4.93808537409219e-07,1.64154602908752,0.285,0.083,0.0109047739316078,"Upregulated in Hotspots"
"FAM219B",5.02194741436097e-07,3.08746284125034,0.161,0.016,0.0110899664751333,"Upregulated in Hotspots"
"CDC40",5.04241010982516e-07,1.78659636189081,0.264,0.073,0.0111351542455269,"Upregulated in Hotspots"
"AC009554.1",5.08019539832513e-07,3.04439411935845,0.161,0.016,0.0112185954981214,"Upregulated in Hotspots"
"ZNF197",5.08797447066331e-07,2.41503749927884,0.202,0.036,0.0112357740235658,"Upregulated in Hotspots"
"ARID5A",5.10034526883809e-07,2.76553474636298,0.15,0.01,0.0112630924571752,"Upregulated in Hotspots"
"AC024145.1",5.10799351952771e-07,2.36564947231668,0.228,0.052,0.011279982089173,"Upregulated in Hotspots"
"PLEKHO1",5.22501466187905e-07,1.7279204545632,0.218,0.041,0.0115383998778275,"Upregulated in Hotspots"
"INTU",5.2253683624841e-07,2.2129937233342,0.212,0.041,0.0115391809548736,"Upregulated in Hotspots"
"VMP1",5.24583432344619e-07,0.964376090269279,0.679,0.497,0.0115843759364662,"Upregulated in Hotspots"
"STIMATE",5.25848429479177e-07,3.08746284125034,0.171,0.021,0.0116123108681887,"Upregulated in Hotspots"
"KIF21A",5.25926402014233e-07,-1.43837000310947,0.135,0.352,0.0116140327356803,"Upregulated in Coldspots"
"FNDC3B",5.28837747056361e-07,-0.474048714709479,0.938,0.979,0.0116783239682456,"Upregulated in Coldspots"
"DDX3X",5.32916895653175e-07,0.754887502163468,0.585,0.326,0.0117684038067091,"Upregulated in Hotspots"
"CGAS",5.37585583224049e-07,2.84799690655495,0.171,0.021,0.0118715024343367,"Upregulated in Hotspots"
"AC022031.2",5.39494377891501e-07,1.9119438233348,0.202,0.036,0.011913654346978,"Upregulated in Hotspots"
"AC005224.2",5.44215792116301e-07,-3,0.021,0.171,0.0120179173373043,"Upregulated in Coldspots"
"GH2",5.59346098536816e-07,-2.7311832415722,0.078,0.264,0.0123520398939885,"Upregulated in Coldspots"
"CCDC50",5.70730756657031e-07,0.967210064882331,0.508,0.264,0.0126034472992572,"Upregulated in Hotspots"
"GATA4",5.75506812635846e-07,3.08091999538357,0.171,0.021,0.0127089169434374,"Upregulated in Hotspots"
"HS3ST2",5.76928644042842e-07,7.25738784269265,0.135,0.005,0.0127403152463981,"Upregulated in Hotspots"
"ABLIM3",6.0101729054584e-07,1.75207248655641,0.223,0.047,0.0132722648271238,"Upregulated in Hotspots"
"SPATA7",6.05029958629747e-07,2.83650126771712,0.171,0.021,0.0133608765764207,"Upregulated in Hotspots"
"LGSN",6.11254355510147e-07,-2.2684888359259,0.031,0.192,0.0134983299327306,"Upregulated in Coldspots"
"PELI1",6.11927561659747e-07,1.28540221886225,0.482,0.254,0.0135131963441322,"Upregulated in Hotspots"
"AC083855.2",6.13792078281485e-07,4.28540221886225,0.135,0.005,0.01355437046469,"Upregulated in Hotspots"
"SSH1",6.22108986068007e-07,1.45066140900957,0.358,0.135,0.0137380327393398,"Upregulated in Hotspots"
"TANK",6.25865386664092e-07,-0.915387772285059,0.539,0.762,0.0138209853337031,"Upregulated in Coldspots"
"EVA1A",6.26930058105961e-07,-1.34645041402143,0.083,0.285,0.0138444964731539,"Upregulated in Coldspots"
"RHBDF2",6.27537104924346e-07,2.61470984411521,0.181,0.026,0.0138579018880443,"Upregulated in Hotspots"
"KIF13B",6.27884516552668e-07,1.44222232860507,0.358,0.135,0.0138655737790326,"Upregulated in Hotspots"
"PLEKHM3",6.29000967282034e-07,1.64571653180025,0.316,0.109,0.0138902283604892,"Upregulated in Hotspots"
"PRKCD",6.29423571669357e-07,3.8073549220576,0.135,0.005,0.0138995607331744,"Upregulated in Hotspots"
"C2",6.37684676335616e-07,1.16600995143893,0.295,0.088,0.0140819907075194,"Upregulated in Hotspots"
"SCFD2",6.40730807598541e-07,1.18093799416473,0.534,0.306,0.0141492584241986,"Upregulated in Hotspots"
"LAMC3",6.43067494997254e-07,1.73696559416621,0.181,0.026,0.0142008594920243,"Upregulated in Hotspots"
"NUBPL",6.44030277311433e-07,1.09515723304034,0.378,0.15,0.0142221206138684,"Upregulated in Hotspots"
"SENP6",6.59299510748619e-07,0.803708988752795,0.85,0.746,0.0145593110958617,"Upregulated in Hotspots"
"CD14",6.62479118029691e-07,0.536968219108317,0.399,0.15,0.0146295263634497,"Upregulated in Hotspots"
"PLXNB2",6.65852837575665e-07,1.61297687689075,0.244,0.057,0.0147040282121834,"Upregulated in Hotspots"
"GPD2",6.66067619962094e-07,1.14166114922359,0.404,0.171,0.0147087712516229,"Upregulated in Hotspots"
"CITED2",6.69848483516832e-07,1.2844533894687,0.316,0.098,0.0147922640615022,"Upregulated in Hotspots"
"EPHX1",6.70931476880726e-07,2.35049724708413,0.192,0.031,0.0148161798039571,"Upregulated in Hotspots"
"PTPDC1",6.88422227649713e-07,2.51457317282976,0.171,0.021,0.0152024280531886,"Upregulated in Hotspots"
"DCTN4",6.96760435076132e-07,1.17176634826648,0.503,0.269,0.0153865606877862,"Upregulated in Hotspots"
"DCAF10",7.02602254314563e-07,1.33091687811462,0.435,0.218,0.0155155655820285,"Upregulated in Hotspots"
"RFLNB",7.0785542824619e-07,1.88135550350138,0.233,0.052,0.0156315714219606,"Upregulated in Hotspots"
"HMGA1P4",7.08832254688134e-07,2.22239242133645,0.192,0.031,0.0156531426802781,"Upregulated in Hotspots"
"ZNF789",7.15682884673923e-07,2.44057259138598,0.171,0.021,0.0158044251422542,"Upregulated in Hotspots"
"MAD1L1",7.20251007847318e-07,1.26918663281539,0.332,0.114,0.0159053030062923,"Upregulated in Hotspots"
"SLC12A6",7.2333158269017e-07,1.96523458183932,0.28,0.088,0.015973331340547,"Upregulated in Hotspots"
"PARP1",7.24549399630275e-07,0.810729648838261,0.352,0.119,0.0160002243920354,"Upregulated in Hotspots"
"SLC2A1-AS1",7.27153385468774e-07,-2.07528812730424,0.036,0.202,0.0160577282113069,"Upregulated in Coldspots"
"SPRY4-AS1",7.31263205603198e-07,-2.1243281350022,0.083,0.269,0.0161484853693354,"Upregulated in Coldspots"
"NT5C2",7.33218815909233e-07,-0.765212031891015,0.601,0.813,0.0161916711117236,"Upregulated in Coldspots"
"CEBPD",7.39272739853657e-07,1.03147823147317,0.404,0.155,0.0163253599141883,"Upregulated in Hotspots"
"LDHA",7.44891179671282e-07,1.87446911791614,0.212,0.041,0.0164494319206809,"Upregulated in Hotspots"
"C4orf36",7.56276899734142e-07,-3.70043971814109,0.01,0.145,0.0167008627768291,"Upregulated in Coldspots"
"MTHFD1L",7.58885954173878e-07,1.52123690311077,0.534,0.347,0.0167584785260217,"Upregulated in Hotspots"
"PPP3R1",7.59188758445666e-07,1.13663469202185,0.606,0.415,0.0167651653527556,"Upregulated in Hotspots"
"AL136114.1",7.62654281260946e-07,3.66296501272243,0.145,0.01,0.0168416944930855,"Upregulated in Hotspots"
"LIMD1",7.7215770430862e-07,1.03037364904352,0.482,0.233,0.0170515585842473,"Upregulated in Hotspots"
"ABHD6",7.75247954363306e-07,3.50250034052918,0.145,0.01,0.0171198005762049,"Upregulated in Hotspots"
"SLC19A3",7.7539236216592e-07,-1.41163089783559,0.15,0.373,0.01712298953371,"Upregulated in Coldspots"
"GALNT7",8.0032594519481e-07,2.08746284125034,0.202,0.036,0.017673597847737,"Upregulated in Hotspots"
"ARHGEF2",8.0375688869513e-07,2.32192809488736,0.223,0.052,0.0177493633730546,"Upregulated in Hotspots"
"CKLF",8.17453847071853e-07,1.86673346913654,0.238,0.057,0.0180518333048877,"Upregulated in Hotspots"
"ACER3",8.2148680803593e-07,-0.780059057657648,0.565,0.762,0.0181408931818574,"Upregulated in Coldspots"
"PRMT2",8.36436434552785e-07,1.12101540096137,0.492,0.269,0.0184710257842292,"Upregulated in Hotspots"
"S100P",8.59443164437559e-07,-1.53841991478413,0.197,0.415,0.0189790834002746,"Upregulated in Coldspots"
"ADORA1",8.59901932552996e-07,-3.24792751344359,0.01,0.145,0.0189892143765678,"Upregulated in Coldspots"
"SPI1",8.60697146179828e-07,1.51457317282976,0.259,0.067,0.0190067750790892,"Upregulated in Hotspots"
"TMEM236",8.61548759720915e-07,2.90689059560852,0.176,0.026,0.019025581260917,"Upregulated in Hotspots"
"PDE4DIP",8.67100058074768e-07,-1.17402939977505,0.275,0.497,0.0191481705824651,"Upregulated in Coldspots"
"IFFO1",8.78093870435791e-07,3.16992500144231,0.145,0.01,0.0193909469408336,"Upregulated in Hotspots"
"MICU1",8.78461282221378e-07,1.08539149123064,0.487,0.238,0.0193990604952947,"Upregulated in Hotspots"
"DLEU7",8.87884705791112e-07,2.71271804791953,0.187,0.031,0.0196071579579851,"Upregulated in Hotspots"
"KRT19",8.9938401613835e-07,-0.487445994806894,0.135,0.363,0.0198610972283832,"Upregulated in Coldspots"
"RAB3IL1",9.01048465419672e-07,3.04439411935845,0.155,0.016,0.0198978532618626,"Upregulated in Hotspots"
"AC005562.1",9.1434899529854e-07,2.77258950389693,0.176,0.026,0.0201915688631777,"Upregulated in Hotspots"
"CCM2",9.17639996105044e-07,1.47999294111961,0.347,0.135,0.0202642440339877,"Upregulated in Hotspots"
"C1QTNF1",9.18681468877493e-07,-2.44745897697122,0.047,0.212,0.0202872428772217,"Upregulated in Coldspots"
"PSMG2",9.42612742177835e-07,1.21150410519371,0.332,0.114,0.0208157171855131,"Upregulated in Hotspots"
"NCOA4",9.50437563258642e-07,1.27710959104552,0.425,0.192,0.0209885127094406,"Upregulated in Hotspots"
"RBMS2",9.600357439579e-07,-1.34933425222801,0.233,0.456,0.0212004693338223,"Upregulated in Coldspots"
"ZFP36L2",9.63573149841961e-07,1.47130571892559,0.337,0.119,0.02127858586796,"Upregulated in Hotspots"
"ENTPD3-AS1",9.71477932471375e-07,3,0.155,0.016,0.0214531471827654,"Upregulated in Hotspots"
"AP2A2",9.81092650787092e-07,1.08746284125034,0.528,0.301,0.0216654690073314,"Upregulated in Hotspots"
"CALM2",9.82113337363148e-07,0.631912915647726,0.508,0.244,0.0216880088289904,"Upregulated in Hotspots"
"DENND2D",9.82719678065901e-07,2.32192809488736,0.197,0.036,0.0217013986507293,"Upregulated in Hotspots"
"LYPLAL1",9.87484993699627e-07,1.05836416251399,0.554,0.326,0.0218066311158689,"Upregulated in Hotspots"
"MYSM1",9.87519840071155e-07,1.04439411935845,0.477,0.238,0.0218074006282913,"Upregulated in Hotspots"
"KATNAL1",9.93473251882832e-07,2.68449817427207,0.155,0.016,0.0219388698213286,"Upregulated in Hotspots"
"RNASE1",1.00377081709449e-06,0.877038477528274,0.352,0.119,0.0221662709538976,"Upregulated in Hotspots"
"AC099329.1",1.00580119420874e-06,-1.6020360140801,0.067,0.254,0.0222111077717117,"Upregulated in Coldspots"
"ATP6V1C1",1.00833172987791e-06,1.28843118289928,0.43,0.207,0.022266989590894,"Upregulated in Hotspots"
"PDXK",1.01516281327813e-06,-1.53809589568318,0.249,0.451,0.022417840405621,"Upregulated in Coldspots"
"RNF13",1.03134859965463e-06,1.14989543048306,0.746,0.642,0.0227752711261733,"Upregulated in Hotspots"
"GATA2-AS1",1.03242719775329e-06,-2.53605290024021,0.031,0.187,0.0227990898079859,"Upregulated in Coldspots"
"ENOX1",1.03392411280556e-06,2.25525705524207,0.187,0.031,0.0228321461830851,"Upregulated in Hotspots"
"G3BP1",1.04748662347215e-06,0.703282467909918,0.44,0.197,0.0231316471061355,"Upregulated in Hotspots"
"AXL",1.05350781132457e-06,2.90689059560852,0.155,0.016,0.0232646129974806,"Upregulated in Hotspots"
"LMCD1",1.06317985717545e-06,5.75488750216347,0.13,0.005,0.0234782007860054,"Upregulated in Hotspots"
"CASP10",1.06880188646169e-06,2.39231742277876,0.176,0.026,0.0236023520587336,"Upregulated in Hotspots"
"ITGA1",1.07841859774689e-06,2.24562472757416,0.306,0.119,0.0238147178940446,"Upregulated in Hotspots"
"HTT",1.09328187844452e-06,1.18555565315608,0.554,0.363,0.0241429437216904,"Upregulated in Hotspots"
"CMYA5",1.09536608546572e-06,-1.47533800954666,0.073,0.264,0.0241889692653396,"Upregulated in Coldspots"
"PHF20",1.09663172105006e-06,1.12858420606141,0.389,0.161,0.0242169182959485,"Upregulated in Hotspots"
"YAP1",1.09955058051261e-06,-0.476321240717332,0.425,0.741,0.02428137546946,"Upregulated in Coldspots"
"CLRN1",1.10339759515002e-06,-4.16992500144231,0.005,0.13,0.0243663290936979,"Upregulated in Coldspots"
"TUT7",1.10481572133508e-06,-0.806297615274562,0.528,0.705,0.0243976455742425,"Upregulated in Coldspots"
"CNPY3",1.10760277124692e-06,1.61297687689075,0.238,0.057,0.0244591919974456,"Upregulated in Hotspots"
"CTSL",1.10835807724528e-06,0.939458458064949,0.513,0.264,0.0244758714198074,"Upregulated in Hotspots"
"ZNF106",1.1112538412783e-06,0.888578717331577,0.466,0.207,0.0245398185769488,"Upregulated in Hotspots"
"MAPK1",1.11199224457137e-06,1.20881401483591,0.425,0.202,0.0245561247368695,"Upregulated in Hotspots"
"LRP8",1.1136825234439e-06,-2.12101540096137,0.067,0.249,0.0245934511652115,"Upregulated in Coldspots"
"FOSB",1.1138205357543e-06,1.63860046432323,0.337,0.13,0.0245964988910622,"Upregulated in Hotspots"
"LRIG1",1.117048341239e-06,3.95419631038688,0.13,0.005,0.0246677785195809,"Upregulated in Hotspots"
"ECE1",1.13434515781467e-06,2.13245029602365,0.187,0.031,0.0250497441200214,"Upregulated in Hotspots"
"ZNF138",1.14310500869811e-06,1.44745897697122,0.254,0.067,0.0252431879070804,"Upregulated in Hotspots"
"CD46",1.14719705568754e-06,-0.732188453904334,0.601,0.772,0.0253335525807479,"Upregulated in Coldspots"
"MORN3",1.15983909414543e-06,-2.41503749927884,0.026,0.176,0.0256127267160135,"Upregulated in Coldspots"
"RBMX",1.16783859207477e-06,0.855051664088901,0.42,0.176,0.0257893796287872,"Upregulated in Hotspots"
"ATP2C1",1.18270707571168e-06,1.3171901758807,0.43,0.207,0.0261177203529411,"Upregulated in Hotspots"
"RHOU",1.19205456136546e-06,1.85561009066482,0.249,0.067,0.0263241408786333,"Upregulated in Hotspots"
"TSPAN5",1.19243767802142e-06,2.20387233336565,0.238,0.062,0.026332601243747,"Upregulated in Hotspots"
"PRKN",1.19311098645854e-06,1.42349907802704,0.378,0.166,0.026347469913964,"Upregulated in Hotspots"
"ADPGK",1.19535524902423e-06,1.32192809488736,0.394,0.171,0.026397029964202,"Upregulated in Hotspots"
"GTF2IRD1",1.19682794194707e-06,1.97400479146706,0.207,0.041,0.0264295514420172,"Upregulated in Hotspots"
"NBPF1",1.20381762234651e-06,2,0.223,0.052,0.0265839045542779,"Upregulated in Hotspots"
"FAM111A",1.21646261800839e-06,1.8073549220576,0.207,0.041,0.0268631439934793,"Upregulated in Hotspots"
"RNF115",1.24855495263369e-06,1,0.487,0.244,0.0275718390190098,"Upregulated in Hotspots"
"MTHFD1",1.26317723472467e-06,2.44057259138598,0.166,0.021,0.0278947428744249,"Upregulated in Hotspots"
"ANKRD36B",1.26647119178889e-06,2.28540221886225,0.176,0.026,0.0279674833282741,"Upregulated in Hotspots"
"AP1AR",1.26991837357997e-06,1.66985139830767,0.259,0.073,0.0280436074437665,"Upregulated in Hotspots"
"PRORP",1.28092162733505e-06,1.14755718841386,0.399,0.181,0.0282865922964399,"Upregulated in Hotspots"
"FAM20C",1.28300964999925e-06,1.61297687689075,0.202,0.036,0.0283327021009335,"Upregulated in Hotspots"
"HTRA1",1.29365074108717e-06,-1.08488889758651,0.155,0.368,0.028567689315428,"Upregulated in Coldspots"
"LMO7",1.29853506635062e-06,-0.534513478033798,0.347,0.642,0.0286755498702207,"Upregulated in Coldspots"
"SGMS1",1.30530268550849e-06,1.10021046076663,0.756,0.71,0.0288249992040841,"Upregulated in Hotspots"
"AL691420.1",1.30979794706387e-06,-4.4374053123073,0.01,0.14,0.0289242680650114,"Upregulated in Coldspots"
"AC022146.2",1.32884656689734e-06,-3.42146376843828,0.026,0.171,0.029344918736794,"Upregulated in Coldspots"
"SLCO2A1",1.33147159063626e-06,-3.8073549220576,0.021,0.161,0.0294028871360206,"Upregulated in Coldspots"
"ARAP1",1.34481155851931e-06,1.60768257722124,0.244,0.062,0.0296974736467819,"Upregulated in Hotspots"
"ATF7",1.3559349504661e-06,1.46814883573841,0.44,0.223,0.029943111511143,"Upregulated in Hotspots"
"NDUFS4",1.35819055811671e-06,1.16745674585156,0.472,0.238,0.0299929220948913,"Upregulated in Hotspots"
"LRRN2",1.36849846047835e-06,3.66296501272243,0.14,0.01,0.0302205515027435,"Upregulated in Hotspots"
"ADAMTS5",1.37177635166689e-06,2.62323251764887,0.218,0.052,0.0302929371738598,"Upregulated in Hotspots"
"HERC3",1.38227328749452e-06,1.33816873589457,0.383,0.161,0.0305247410077415,"Upregulated in Hotspots"
"ANKRD6",1.38963128053478e-06,2.09192248944104,0.228,0.057,0.0306872275680495,"Upregulated in Hotspots"
"AAGAB",1.39519772270836e-06,1.89812038598079,0.275,0.088,0.0308101513105687,"Upregulated in Hotspots"
"LYST",1.39992133074765e-06,1.19198676397209,0.565,0.352,0.0309144627469003,"Upregulated in Hotspots"
"AC110995.1",1.40276200848417e-06,3.48542682717024,0.161,0.021,0.0309771934333559,"Upregulated in Hotspots"
"KCNN4",1.40898200412309e-06,-1.69389687227432,0.036,0.197,0.0311145495970503,"Upregulated in Coldspots"
"NPAS3",1.4149105787495e-06,1.12271915825313,0.342,0.124,0.0312454703105253,"Upregulated in Hotspots"
"AC022075.1",1.41987216455452e-06,-3.58496250072116,0.016,0.15,0.0313550370098576,"Upregulated in Coldspots"
"AIDA",1.42203503973016e-06,1.85414913353654,0.176,0.026,0.0314027997823611,"Upregulated in Hotspots"
"PLCE1-AS1",1.42531140641672e-06,-5.08746284125034,0,0.114,0.0314751517879004,"Upregulated in Coldspots"
"LAMTOR5-AS1",1.42639819702646e-06,1.40335569423121,0.295,0.098,0.0314991513849354,"Upregulated in Hotspots"
"PITPNA",1.43976930594647e-06,-1.20546911829998,0.337,0.539,0.0317944255832158,"Upregulated in Coldspots"
"TLR7",1.46614145587184e-06,2.96962635095648,0.171,0.026,0.0323768017700179,"Upregulated in Hotspots"
"GPR137",1.47179988207492e-06,-2.22239242133645,0.052,0.218,0.0325017567958604,"Upregulated in Coldspots"
"ATAD1",1.47251288964903e-06,-1.2184235191335,0.347,0.539,0.0325175021421195,"Upregulated in Coldspots"
"PPM1K",1.48237669369963e-06,2.11547721741994,0.228,0.057,0.0327353245269689,"Upregulated in Hotspots"
"CC2D2A",1.48925769059677e-06,2.05889368905357,0.244,0.067,0.0328872775814486,"Upregulated in Hotspots"
"DTWD2",1.49154037237887e-06,2.23703919730085,0.218,0.052,0.0329376860432425,"Upregulated in Hotspots"
"NPTN",1.49213415694112e-06,1.21089678249862,0.409,0.187,0.0329507985877307,"Upregulated in Hotspots"
"TNFRSF14",1.49640606937262e-06,3.24792751344359,0.15,0.016,0.0330451352299556,"Upregulated in Hotspots"
"STK10",1.50120219797626e-06,1.43812111239189,0.435,0.223,0.0331510481379097,"Upregulated in Hotspots"
"UBASH3B",1.50317635841404e-06,0.877744249949002,0.477,0.249,0.0331946435228571,"Upregulated in Hotspots"
"EFR3A",1.51524768236907e-06,1.0198995574377,0.575,0.358,0.0334612145697563,"Upregulated in Hotspots"
"ALPK1",1.53160919213038e-06,1.39558513661267,0.461,0.259,0.0338225257898152,"Upregulated in Hotspots"
"WASHC5",1.5453251328243e-06,1.15754127698648,0.399,0.176,0.0341254149081591,"Upregulated in Hotspots"
"ADAT2",1.56880980717821e-06,3.08746284125034,0.14,0.01,0.0346440269719163,"Upregulated in Hotspots"
"FAM157C",1.57288263957822e-06,3.08746284125034,0.15,0.016,0.0347339673298058,"Upregulated in Hotspots"
"PIK3C3",1.57581061190197e-06,0.883976203660516,0.601,0.358,0.0347986257426312,"Upregulated in Hotspots"
"CCDC112",1.57870037147612e-06,3.10433665981474,0.161,0.021,0.0348624403033072,"Upregulated in Hotspots"
"CORO1C",1.58125834080384e-06,1.37255416795733,0.404,0.187,0.0349189279399712,"Upregulated in Hotspots"
"CD58",1.60462557356906e-06,1.53051471669878,0.233,0.057,0.0354349465411255,"Upregulated in Hotspots"
"BBS4",1.60947377929376e-06,2.28950661719499,0.192,0.036,0.0355420094681441,"Upregulated in Hotspots"
"LRRC37B",1.61131447747649e-06,1.40335569423121,0.301,0.104,0.0355826576061133,"Upregulated in Hotspots"
"TTC8",1.61994625777324e-06,2.55458885167764,0.181,0.031,0.0357732732104065,"Upregulated in Hotspots"
"F3",1.62201058326816e-06,2.65535182861255,0.197,0.041,0.0358188597103107,"Upregulated in Hotspots"
"NIPAL2",1.63324242957887e-06,2.32192809488736,0.181,0.031,0.0360668925723901,"Upregulated in Hotspots"
"SMYD4",1.64882388221022e-06,1.79354912253257,0.212,0.047,0.0364109777908482,"Upregulated in Hotspots"
"CHAT",1.65667097857476e-06,3.14295795384204,0.14,0.01,0.0365842652198665,"Upregulated in Hotspots"
"PSPC1",1.71010344740171e-06,-0.655351828612554,0.689,0.85,0.0377642144289719,"Upregulated in Coldspots"
"RGCC",1.72500384460373e-06,2.8073549220576,0.15,0.016,0.0380932599003841,"Upregulated in Hotspots"
"PEPD",1.75508203209486e-06,1.36499681677925,0.295,0.098,0.0387574765147507,"Upregulated in Hotspots"
"PLSCR4",1.76160827976703e-06,2.01380579952503,0.207,0.047,0.0389015956420953,"Upregulated in Hotspots"
"HIBADH",1.76412677206167e-06,-0.848567254473384,0.57,0.788,0.038957211507438,"Upregulated in Coldspots"
"PATL1",1.7798630666772e-06,1.62148837674627,0.301,0.109,0.0393047161014325,"Upregulated in Hotspots"
"ATP8A2",1.78768382407437e-06,-2.62148837674627,0.041,0.197,0.0394774218870343,"Upregulated in Coldspots"
"MTSS2",1.79633099105615e-06,1.30256277002043,0.259,0.073,0.039668377275493,"Upregulated in Hotspots"
"TRIQK",1.79825083137894e-06,2.27301849440642,0.238,0.067,0.0397107731093411,"Upregulated in Hotspots"
"TLR6",1.80654853498262e-06,2.8073549220576,0.14,0.01,0.0398940112980211,"Upregulated in Hotspots"
"SFT2D2",1.82344834939705e-06,1.41503749927884,0.285,0.088,0.040267209899735,"Upregulated in Hotspots"
"IL13RA1",1.8384805617206e-06,2.38466385023533,0.181,0.031,0.0405991662444761,"Upregulated in Hotspots"
"AC023051.1",1.84487696451361e-06,2.4262647547021,0.171,0.026,0.0407404180073541,"Upregulated in Hotspots"
"IFT88",1.86169602129052e-06,1.75290713803523,0.275,0.088,0.0411118332381586,"Upregulated in Hotspots"
"TLN2",1.88976610081712e-06,2.03747470541866,0.192,0.036,0.0417317048043445,"Upregulated in Hotspots"
"THADA",1.89488041124551e-06,0.864344900642434,0.58,0.358,0.0418446441215347,"Upregulated in Hotspots"
"ETS2",1.89562539944368e-06,1.10236171762968,0.285,0.088,0.0418610956959148,"Upregulated in Hotspots"
"KDM1A",1.89959068744976e-06,1.60572106088795,0.269,0.083,0.041948661150953,"Upregulated in Hotspots"
"GPR85",1.90902896746333e-06,2.74723392962003,0.15,0.016,0.0421570866884927,"Upregulated in Hotspots"
"NBPF15",1.91804752825716e-06,1.6828098241193,0.259,0.078,0.0423562435665028,"Upregulated in Hotspots"
"HIST1H4H",1.93539462892248e-06,-3.91647664443772,0.047,0.202,0.042739319590495,"Upregulated in Coldspots"
"ESF1",1.93863447645177e-06,1.57257877626532,0.358,0.155,0.0428108651434844,"Upregulated in Hotspots"
"ZNF804A",1.94362637741052e-06,5.16992500144231,0.124,0.005,0.0429211012923564,"Upregulated in Hotspots"
"RCAN1",1.94811159680678e-06,2,0.207,0.047,0.0430201483922842,"Upregulated in Hotspots"
"ATF6",1.95520639325423e-06,1.03873239448871,0.58,0.389,0.0431768227822332,"Upregulated in Hotspots"
"BHLHE41",1.96317013089199e-06,1.31451062332488,0.259,0.073,0.0433526860004879,"Upregulated in Hotspots"
"DPYSL2",1.96521394692509e-06,1.32192809488736,0.285,0.088,0.0433978195899468,"Upregulated in Hotspots"
"TGFBR2",1.97162756256575e-06,0.918256850558464,0.565,0.316,0.0435394514641394,"Upregulated in Hotspots"
"CAPN2",1.97327704124678e-06,2.28950661719499,0.181,0.031,0.0435758769018526,"Upregulated in Hotspots"
"MTHFR",1.97539850081733e-06,1.82102985895468,0.228,0.057,0.043622725093549,"Upregulated in Hotspots"
"ODAPH",1.99614677917954e-06,-4.16992500144231,0.005,0.124,0.0440809093246218,"Upregulated in Coldspots"
"SPTAN1",1.99742978477501e-06,1.01435529297707,0.342,0.124,0.0441092419371865,"Upregulated in Hotspots"
"LBR",2.00714736043913e-06,1.33257533908687,0.269,0.078,0.0443238351605773,"Upregulated in Hotspots"
"CDC37",2.00858790808301e-06,1.83007499855769,0.244,0.067,0.0443556467741971,"Upregulated in Hotspots"
"AC008937.2",2.01202245638562e-06,3.85798099512757,0.124,0.005,0.0444314919043638,"Upregulated in Hotspots"
"DENND11",2.01202245638562e-06,3.85798099512757,0.124,0.005,0.0444314919043638,"Upregulated in Hotspots"
"ZKSCAN7-AS1",2.01953695383544e-06,3.85798099512757,0.124,0.005,0.0445974345515481,"Upregulated in Hotspots"
"NCF2",2.02937480014865e-06,1.93490497177812,0.228,0.057,0.0448146837116826,"Upregulated in Hotspots"
"PAFAH2",2.05798115099638e-06,-1.84434912953981,0.104,0.29,0.045446397757453,"Upregulated in Coldspots"
"GUSB",2.06938170788751e-06,1.68805599368526,0.238,0.062,0.0456981562552798,"Upregulated in Hotspots"
"RBM45",2.15611039497668e-06,2.36923380966572,0.15,0.016,0.04761338585227,"Upregulated in Hotspots"
"TNFRSF1A",2.17120186310809e-06,1.70895121799661,0.28,0.093,0.0479466507430159,"Upregulated in Hotspots"
"ZMYM1",2.20948966247415e-06,1.42223300068305,0.28,0.088,0.0487921602164167,"Upregulated in Hotspots"
"TMEM74B",2.25386996008358e-06,-3.41503749927884,0.005,0.124,0.0497722103285258,"Upregulated in Coldspots"
"CNOT1",2.27377150038171e-06,0.942725194648251,0.674,0.539,0.0502116960429292,"Not Significant"
"MLPH",2.27485179622275e-06,-3.32192809488736,0.005,0.124,0.050235552215987,"Not Significant"
"AKR1A1",2.27568569200328e-06,1.10362263107416,0.342,0.13,0.0502539671365084,"Not Significant"
"NDE1",2.28375173050771e-06,3.27301849440642,0.124,0.005,0.0504320894648017,"Not Significant"
"CSTB",2.29908741189719e-06,0.647118976783726,0.264,0.078,0.0507707473169257,"Not Significant"
"EXOC6",2.30672961345793e-06,1.42724163886597,0.513,0.311,0.0509395100539915,"Not Significant"
"IGSF3",2.30770838777209e-06,-1.85561009066482,0.073,0.249,0.050961124327171,"Not Significant"
"SCMH1",2.30837907040339e-06,1.27117479442273,0.617,0.477,0.0509759350117181,"Not Significant"
"ARHGEF9",2.33752712200162e-06,1.96152585218536,0.238,0.067,0.0516196114351619,"Not Significant"
"MIS18BP1",2.34036180184185e-06,1.18820373516062,0.383,0.161,0.0516822096700737,"Not Significant"
"GTF3C1",2.34631054273537e-06,2.4594316186373,0.187,0.036,0.0518135757152252,"Not Significant"
"MOB1A",2.35465990929099e-06,1.33257533908687,0.285,0.093,0.0519979547768729,"Not Significant"
"OXCT1",2.35775261622284e-06,2.22706890854592,0.238,0.067,0.0520662510240489,"Not Significant"
"TMLHE-AS1",2.36048391755284e-06,1.9719856238304,0.197,0.041,0.0521265663513193,"Not Significant"
"LINC02798",2.38399861608987e-06,3.48112668973662,0.166,0.026,0.0526458414391127,"Not Significant"
"SPIDR",2.401583094677e-06,0.692930997406137,0.808,0.689,0.0530341594797522,"Not Significant"
"DERL3",2.40616892204835e-06,-3.66296501272243,0.01,0.135,0.0531354283055937,"Not Significant"
"SHLD2",2.42126538756505e-06,1.13070369164459,0.409,0.187,0.053468803553599,"Not Significant"
"FBXO16",2.46917090726345e-06,3.50250034052918,0.135,0.01,0.0545267011450987,"Not Significant"
"PPARA",2.47391666631299e-06,1.36923380966572,0.249,0.073,0.0546315017421899,"Not Significant"
"DIRC3",2.49572883554694e-06,3.78135971352466,0.145,0.016,0.0551131798753831,"Not Significant"
"CCNYL1",2.50923639547192e-06,1.90689059560852,0.218,0.052,0.0554114673212064,"Not Significant"
"SCAMP5",2.51024872429685e-06,3.41503749927884,0.135,0.01,0.0554338225786474,"Not Significant"
"DENND6A",2.5262383237788e-06,1.09378214632062,0.451,0.223,0.0557869209040073,"Not Significant"
"AC006547.1",2.53047141090352e-06,3.27301849440642,0.135,0.01,0.0558804001669825,"Not Significant"
"SIGLEC11",2.54296620687686e-06,4.58496250072116,0.109,0,0.0561563227464618,"Not Significant"
"CLCN4",2.54635620738326e-06,4.64385618977473,0.109,0,0.0562311841276446,"Not Significant"
"CDC123",2.56267625876275e-06,1.01837852931485,0.321,0.119,0.0565915798222577,"Not Significant"
"HEATR5B",2.5696967792194e-06,0.951090399519054,0.43,0.202,0.056746613975502,"Not Significant"
"ARHGAP8",2.58236045149575e-06,-2.23703919730085,0.062,0.228,0.0570262658503805,"Not Significant"
"CACNA1C",2.60400576021979e-06,2.12775554719837,0.171,0.026,0.0575042592029337,"Not Significant"
"PRR5L",2.6308083157542e-06,3.4594316186373,0.145,0.016,0.0580961400368001,"Not Significant"
"AC007611.1",2.66454423819439e-06,3.24792751344359,0.145,0.016,0.0588411304120467,"Not Significant"
"LINC01456",2.67178929836108e-06,-2.33703498727757,0.067,0.233,0.0590011230757077,"Not Significant"
"GALNT11",2.67721262013489e-06,0.722015252700235,0.482,0.244,0.0591208862904388,"Not Significant"
"GTF2I",2.68381348592061e-06,-0.721115429511865,0.829,0.943,0.0592666532095848,"Not Significant"
"ARHGDIB",2.74864952722618e-06,1.56704059272389,0.244,0.067,0.0606984275097357,"Not Significant"
"TCAIM",2.75260387794761e-06,1.29123129766445,0.321,0.119,0.0607857514367171,"Not Significant"
"KIAA1217",2.75621323755012e-06,-0.666060926015394,0.197,0.435,0.0608654569248193,"Not Significant"
"LINC00885",2.76775036608193e-06,-3.12928301694497,0.016,0.145,0.0611202313341873,"Not Significant"
"TCP11L1",2.77263923337135e-06,1.89616418901546,0.254,0.078,0.0612281921905395,"Not Significant"
"LINC02211",2.77542880936697e-06,1.62678267641578,0.321,0.13,0.0612897943972507,"Not Significant"
"GNG10",2.78401091779158e-06,1.40808473863708,0.254,0.073,0.0614793130975915,"Not Significant"
"SLC25A48",2.80524812481643e-06,3.24792751344359,0.145,0.016,0.0619482943403212,"Not Significant"
"SSX2IP",2.80928563535788e-06,3.26303440583379,0.145,0.016,0.062037454685608,"Not Significant"
"ZNF496",2.82902875919519e-06,2.58496250072116,0.176,0.031,0.0624734420893073,"Not Significant"
"SERINC2",2.86382261029628e-06,-2.27301849440642,0.041,0.197,0.0632417947031728,"Not Significant"
"ID2",2.86491268381895e-06,1.54748779530249,0.223,0.057,0.0632658667967739,"Not Significant"
"AC024257.3",2.89070857529157e-06,2.84799690655495,0.155,0.021,0.0638355174681637,"Not Significant"
"TSC22D2",2.89297734997542e-06,-0.614709844115208,0.56,0.777,0.0638856188195072,"Not Significant"
"DPY19L3",2.90004640427402e-06,1.27798474729977,0.326,0.124,0.0640417247455832,"Not Significant"
"ZNF573",2.95006433271614e-06,1.87446911791614,0.197,0.041,0.0651462706593706,"Not Significant"
"RAP1GAP",2.98404247539735e-06,-2.76553474636298,0.021,0.155,0.0658966099841996,"Not Significant"
"SGPP2",3.01488426166209e-06,-2.66296501272243,0.026,0.166,0.0665776891502839,"Not Significant"
"TSPAN3",3.01515962347864e-06,1.53841991478413,0.233,0.062,0.0665837699652787,"Not Significant"
"STAU2",3.02461759433792e-06,0.843880798082718,0.642,0.456,0.0667926303357642,"Not Significant"
"CDKL1",3.02478669446629e-06,3.1926450779424,0.145,0.016,0.0667963645738992,"Not Significant"
"SYDE1",3.05901051232043e-06,-1.70043971814109,0.062,0.233,0.067552129143572,"Not Significant"
"HDGFL3",3.06371708492919e-06,2.87446911791614,0.155,0.021,0.0676560643864912,"Not Significant"
"CCDC152",3.08661921258729e-06,2.15754127698648,0.197,0.041,0.0681618120715652,"Not Significant"
"AC068587.4",3.11003604759175e-06,2.74416109557041,0.192,0.041,0.0686789260389687,"Not Significant"
"BASP1",3.20105116963916e-06,-0.631436930520657,0.321,0.596,0.0706888129791415,"Not Significant"
"HLA-E",3.20608562880422e-06,0.597901556428654,0.347,0.124,0.0707999889408837,"Not Significant"
"SORBS3",3.20765440397965e-06,1.9205655325056,0.212,0.052,0.0708346322030826,"Not Significant"
"RIPK1",3.28186499635509e-06,1.4757334309664,0.326,0.13,0.0724734247145095,"Not Significant"
"TACC1",3.28499822891436e-06,0.885288341123307,0.648,0.43,0.0725426158891158,"Not Significant"
"ADARB1",3.38650334290464e-06,2.30580842952409,0.212,0.052,0.0747841533213632,"Not Significant"
"CTBS",3.41994224418782e-06,1.47643804394299,0.259,0.078,0.0755225845783997,"Not Significant"
"GATA6",3.42147416270485e-06,2.25633975325979,0.187,0.036,0.0755564139350112,"Not Significant"
"PPP2R5A",3.42504392410121e-06,1.29218075149331,0.363,0.155,0.075635244975927,"Not Significant"
"ZFP14",3.46689843036065e-06,2.16992500144231,0.166,0.026,0.0765595180376543,"Not Significant"
"CREB1",3.47186677145224e-06,1.02137365079257,0.44,0.207,0.0766692339139797,"Not Significant"
"SOS2",3.49032852638922e-06,-1.05556636910721,0.508,0.679,0.077076924848253,"Not Significant"
"SLC6A16",3.51625140522078e-06,2.51457317282976,0.145,0.016,0.0776493797814904,"Not Significant"
"CASTOR2",3.52900406496096e-06,-2.32192809488736,0.062,0.223,0.0779309967665329,"Not Significant"
"PARVB",3.53800826871293e-06,2.4262647547021,0.166,0.026,0.0781298365979877,"Not Significant"
"GPR137C",3.54118544908154e-06,4.08746284125034,0.119,0.005,0.0781999982720675,"Not Significant"
"NR2F1-AS1",3.55687626902633e-06,1.85315861167073,0.187,0.036,0.0785464986489084,"Not Significant"
"SAMD9L",3.58578181138426e-06,2.32192809488736,0.145,0.016,0.0791848197407987,"Not Significant"
"GIMAP8",3.61575117279272e-06,3.8073549220576,0.119,0.005,0.0798466331487816,"Not Significant"
"ACTR2",3.63002232081373e-06,0.55444055594426,0.684,0.487,0.0801617829105297,"Not Significant"
"ZNF678",3.63654774311878e-06,1.83007499855769,0.249,0.078,0.0803058838112919,"Not Significant"
"RAB12",3.65003303444141e-06,1.3536369546147,0.285,0.098,0.0806036794995696,"Not Significant"
"PHYKPL",3.65150425283322e-06,1.04654258593703,0.435,0.212,0.080636168415316,"Not Significant"
"MAP3K8",3.70202336065698e-06,1.42580084075602,0.617,0.497,0.081751781873388,"Not Significant"
"FUCA2",3.74160345238279e-06,1.2081081953302,0.254,0.073,0.0826258290389692,"Not Significant"
"CHD7",3.75821793292389e-06,0.854459157184647,0.492,0.259,0.0829927266127582,"Not Significant"
"MMS22L",3.771473005662e-06,1.56559717585423,0.223,0.057,0.0832854383840339,"Not Significant"
"ZNF714",3.7732431518955e-06,1.44360665147561,0.264,0.083,0.0833245285233083,"Not Significant"
"LRP12",3.77934696075641e-06,2.11547721741994,0.155,0.021,0.0834593189343839,"Not Significant"
"AEBP2",3.78858419934313e-06,-0.706268796943289,0.57,0.772,0.0836633048740943,"Not Significant"
"AC007262.2",3.81387143130531e-06,2.23446525363702,0.218,0.057,0.0842217228175151,"Not Significant"
"TSPAN14",3.84186956778778e-06,1.32780466122403,0.383,0.176,0.0848400056654576,"Not Significant"
"TAPBP",3.86309176068948e-06,1.84799690655495,0.212,0.052,0.0853086553513059,"Not Significant"
"SKP2",3.9164296418269e-06,0.903323980588326,0.352,0.14,0.0864865157804635,"Not Significant"
"FMO4",3.92997560002541e-06,2.03952836418664,0.166,0.026,0.0867856511753611,"Not Significant"
"RUNX1T1",3.97007044161418e-06,1.84799690655495,0.228,0.062,0.087671065562166,"Not Significant"
"AC087273.2",3.97557105836431e-06,3.4594316186373,0.119,0.005,0.087792535681859,"Not Significant"
"ABI3BP",3.98537224413859e-06,1.60090404459018,0.187,0.036,0.0880089752673126,"Not Significant"
"PTBP2",3.99458964289602e-06,0.838081437689867,0.653,0.451,0.0882125230840727,"Not Significant"
"ZNF44",4.03393419421082e-06,1.18641312423088,0.269,0.083,0.0890813688107576,"Not Significant"
"CAP1",4.12059311710776e-06,1.03747470541866,0.368,0.155,0.0909950578050907,"Not Significant"
"MRE11",4.15596435920544e-06,1.05585323473352,0.316,0.114,0.0917761609443338,"Not Significant"
"AC053513.1",4.15784608760362e-06,1.77760757866355,0.238,0.067,0.0918177151525508,"Not Significant"
"AL139383.1",4.17861870318776e-06,-2.11547721741994,0.098,0.275,0.0922764368224953,"Not Significant"
"P3H2",4.2030035101726e-06,1.62385151411475,0.311,0.119,0.0928149265151415,"Not Significant"
"AC084740.1",4.21594880961764e-06,4.29768054864069,0.13,0.01,0.0931007975627864,"Not Significant"
"MAVS",4.21857860266733e-06,1.53051471669878,0.223,0.057,0.0931588712827027,"Not Significant"
"BCOR",4.22555319312241e-06,1.82102985895468,0.202,0.047,0.0933128911637221,"Not Significant"
"VPS29",4.25992023012248e-06,1.14438990933517,0.332,0.13,0.0940718184417948,"Not Significant"
"MYO7A",4.27842273406595e-06,1.96962635095648,0.202,0.047,0.0944804092363784,"Not Significant"
"RARB",4.29006903262768e-06,3.05626821964675,0.197,0.047,0.094737594447517,"Not Significant"
"ETV6",4.32189610561032e-06,0.890852385516747,0.674,0.492,0.0954404317001926,"Not Significant"
"GSTCD",4.32283116728336e-06,1.40808473863708,0.342,0.14,0.0954610806671184,"Not Significant"
"ATF3",4.45113079692518e-06,-1.95693127810811,0.067,0.233,0.0982943213884988,"Not Significant"
"SRD5A1",4.54044392013035e-06,4.52356195605701,0.104,0,0.100266623088239,"Not Significant"
"ME1",4.55788661027068e-06,4.85798099512757,0.104,0,0.100651810014607,"Not Significant"
"SLC37A2",4.57471028484972e-06,4.39231742277876,0.104,0,0.101023327220336,"Not Significant"
"WASHC2C",4.60198846598912e-06,1.91253715874966,0.233,0.067,0.101625711294438,"Not Significant"
"KNTC1",4.62719841246676e-06,1.75207248655641,0.202,0.047,0.102182422542504,"Not Significant"
"AL031428.1",4.63839717475694e-06,2.87446911791614,0.161,0.026,0.102429724810157,"Not Significant"
"STK40",4.71326101447264e-06,-1.55101516879782,0.161,0.352,0.104082942982599,"Not Significant"
"RNF145",4.84351512961442e-06,1.11321061044799,0.585,0.409,0.106959344607275,"Not Significant"
"ATP8A1",4.89240202372051e-06,3.56071495447448,0.14,0.016,0.10803891388982,"Not Significant"
"TTTY14",4.91729419583088e-06,1.28757659009659,0.326,0.13,0.108588607726533,"Not Significant"
"ATP6V1A",4.94880707933095e-06,1.13750352374993,0.425,0.212,0.109284506732865,"Not Significant"
"CREG1",5.00482514132062e-06,1.04372137742932,0.368,0.155,0.110521553595783,"Not Significant"
"SNRK",5.00624581502785e-06,0.990084531134917,0.446,0.223,0.11055292633326,"Not Significant"
"TENT4B",5.0147272994841e-06,1.20387233336565,0.383,0.176,0.110740222954507,"Not Significant"
"TM6SF1",5.02017246475908e-06,2.70043971814109,0.161,0.026,0.110860468539275,"Not Significant"
"PAPSS1",5.0328008322954e-06,1.44057259138598,0.269,0.088,0.111139340779579,"Not Significant"
"RPS6KC1",5.07127815759574e-06,0.868210127444459,0.674,0.528,0.111989035554187,"Not Significant"
"SPOP",5.09977256816451e-06,1.36405357056004,0.425,0.223,0.112618277622777,"Not Significant"
"AC010210.1",5.10425097671486e-06,2.88752527074159,0.15,0.021,0.112717174318794,"Not Significant"
"INTS10",5.11251872639556e-06,1.06926266243711,0.446,0.228,0.112899751034993,"Not Significant"
"CD302",5.12337622277635e-06,2.29278174922785,0.197,0.047,0.11313951712757,"Not Significant"
"ITGB1",5.16460681189113e-06,0.618612890163073,0.694,0.435,0.114050012226992,"Not Significant"
"AP001831.1",5.178696851195e-06,2.39231742277876,0.171,0.031,0.114361162564939,"Not Significant"
"ECT2",5.18201147127159e-06,2.21631790692676,0.207,0.052,0.114434359320091,"Not Significant"
"SEPTIN9",5.18260877238233e-06,0.993178734143986,0.534,0.29,0.114447549520519,"Not Significant"
"PRRC2B",5.20362228843642e-06,0.871675903024461,0.611,0.425,0.114911590995542,"Not Significant"
"TRIO",5.24745844708118e-06,0.960978111170816,0.824,0.736,0.115879624886894,"Not Significant"
"GSAP",5.25266822225685e-06,1.70626879694329,0.212,0.052,0.115994672352098,"Not Significant"
"ANKFN1",5.26922741223803e-06,-2.84799690655495,0.021,0.15,0.116360348944452,"Not Significant"
"MAP3K4",5.27769269017883e-06,-0.822759615055927,0.446,0.648,0.116547287677219,"Not Significant"
"STK39",5.28643140527561e-06,3.14295795384204,0.14,0.016,0.116740264722701,"Not Significant"
"AKAP7",5.30018719649266e-06,2.07400058144378,0.238,0.073,0.117044033860147,"Not Significant"
"CORO6",5.30125197135379e-06,-2.41503749927884,0.031,0.171,0.117067547283406,"Not Significant"
"GHR",5.34824436832343e-06,-1.61257473192902,0.14,0.321,0.118105280385686,"Not Significant"
"IQSEC1",5.36186035334861e-06,1.12261928666396,0.399,0.181,0.118405962182997,"Not Significant"
"DMXL1",5.46457363451227e-06,0.821543364936571,0.627,0.451,0.120674179570934,"Not Significant"
"SPATA1",5.50216503955449e-06,2.51457317282976,0.161,0.026,0.121504310568482,"Not Significant"
"IFT81",5.53545888694187e-06,2.8073549220576,0.15,0.021,0.122239538600337,"Not Significant"
"TBP",5.53839563146248e-06,2.28540221886225,0.171,0.031,0.122304390729586,"Not Significant"
"NSUN6",5.53953980206894e-06,1.0163018123291,0.337,0.13,0.122329657449088,"Not Significant"
"MPC1",5.54295644169976e-06,2.02384674195437,0.207,0.052,0.122405107102056,"Not Significant"
"MTMR12",5.54444651907977e-06,1.37503943134692,0.316,0.124,0.122438012480838,"Not Significant"
"DGKD",5.64360114077164e-06,1.22239242133645,0.285,0.098,0.12462764399166,"Not Significant"
"SPRY4",5.65398341187273e-06,-2.67807190511264,0.016,0.14,0.124856915684385,"Not Significant"
"IRF8",5.65398341187273e-06,2.67807190511264,0.14,0.016,0.124856915684385,"Not Significant"
"KAT6B",5.666450663547e-06,0.964249975050798,0.591,0.409,0.125132230003108,"Not Significant"
"IBTK",5.73335115269386e-06,1.23446525363702,0.425,0.212,0.126609593504939,"Not Significant"
"SLC66A2",5.74201058686127e-06,1,0.254,0.078,0.126800819789657,"Not Significant"
"PDGFRA",5.83129133544357e-06,2.81444434684392,0.202,0.052,0.1287724065606,"Not Significant"
"ITGAL",5.83540083499781e-06,2.40209844357135,0.161,0.026,0.128863156639257,"Not Significant"
"MGME1",5.84737618155987e-06,1.4964258261195,0.28,0.098,0.129127608217387,"Not Significant"
"LINC01482",5.84754348634482e-06,2.47804729680464,0.15,0.021,0.129131302808953,"Not Significant"
"ZNF641",5.88850036235443e-06,1.70043971814109,0.13,0.01,0.130035753501873,"Not Significant"
"KAZN",5.93292841176289e-06,-1.08629984639422,0.171,0.373,0.13101685811696,"Not Significant"
"RHOQ",5.96116567593172e-06,0.843274496312547,0.404,0.181,0.1316404216216,"Not Significant"
"SUPT20H",5.96283400109925e-06,1.04508788952854,0.451,0.233,0.131677263246275,"Not Significant"
"LRRC40",5.97158856641025e-06,1.76553474636298,0.254,0.083,0.131870590312038,"Not Significant"
"DHRS3",6.01038730961038e-06,1.799087306074,0.259,0.088,0.132727382958126,"Not Significant"
"ADCY3",6.12205154314687e-06,2.58496250072116,0.14,0.016,0.135193264227312,"Not Significant"
"IST1",6.20348954444611e-06,1.0911478880582,0.373,0.166,0.136991659610004,"Not Significant"
"GCA",6.20849272970927e-06,2.4594316186373,0.187,0.041,0.13710214495017,"Not Significant"
"TMEM65",6.21830031080369e-06,1.22239242133645,0.29,0.104,0.137318725763478,"Not Significant"
"LHPP",6.28601834868122e-06,1.54748779530249,0.181,0.036,0.138814143193927,"Not Significant"
"SIRPA",6.29595959113616e-06,1.49304001128012,0.264,0.088,0.13903367565106,"Not Significant"
"RNF4",6.33469045453294e-06,1.09019780897158,0.295,0.104,0.139888969307451,"Not Significant"
"TIPARP",6.35252405528826e-06,2.18442457113743,0.171,0.031,0.140282788712931,"Not Significant"
"RTCA",6.38341854107204e-06,1.28010791919274,0.28,0.093,0.140965031642494,"Not Significant"
"AC092683.1",6.40590220358707e-06,3.85798099512757,0.114,0.005,0.141461538361813,"Not Significant"
"AC092821.3",6.42301950907578e-06,1.96962635095648,0.197,0.047,0.14183953981892,"Not Significant"
"KPNA3",6.43189284340003e-06,0.900464326449086,0.43,0.218,0.142035489660803,"Not Significant"
"HS3ST1",6.43258561277339e-06,3.90689059560852,0.114,0.005,0.142050788086875,"Not Significant"
"PABPC1",6.45109266976593e-06,0.606582542824911,0.725,0.544,0.142459479426441,"Not Significant"
"TDRD6",6.45848304315466e-06,3.70043971814109,0.114,0.005,0.142622681041984,"Not Significant"
"NUDCD3",6.46830143879261e-06,1.09953567355091,0.425,0.223,0.142839500672857,"Not Significant"
"PIK3R6",6.48345651500299e-06,3.64385618977472,0.114,0.005,0.143174170220811,"Not Significant"
"SLFN12",6.48345651500299e-06,3.64385618977472,0.114,0.005,0.143174170220811,"Not Significant"
"BLVRB",6.48996429054176e-06,1.28330680086006,0.332,0.135,0.143317881428034,"Not Significant"
"CLTA",6.50407982292038e-06,0.979632202306038,0.549,0.337,0.143629594729551,"Not Significant"
"KIFAP3",6.50632572379211e-06,0.693022246578609,0.332,0.13,0.143679190958501,"Not Significant"
"PCSK6",6.60552594407929e-06,3.28950661719498,0.176,0.036,0.145869829423103,"Not Significant"
"TAX1BP1",6.61122506016981e-06,-0.761551232444479,0.663,0.803,0.14599568300373,"Not Significant"
"EBF1",6.63186875718146e-06,2.46317402032311,0.228,0.067,0.146451557764838,"Not Significant"
"SLMAP",6.70382121289873e-06,0.837863800518749,0.606,0.415,0.148040483844443,"Not Significant"
"TLR5",6.71623464499835e-06,2.6724253419715,0.176,0.036,0.148314609665499,"Not Significant"
"ETFDH",6.75095623450912e-06,-1.45066140900957,0.176,0.368,0.149081366526665,"Not Significant"
"POU2F2",6.76205289942914e-06,1.34239219744708,0.259,0.083,0.149326414178094,"Not Significant"
"CLEC2D",6.77140930018159e-06,1.20945336562895,0.383,0.181,0.14953303157591,"Not Significant"
"AC073569.2",6.79083284818183e-06,-2.62449086490779,0.036,0.176,0.149961961786399,"Not Significant"
"TAB3",6.80431904749049e-06,-1.24792751344359,0.244,0.44,0.150259777525732,"Not Significant"
"FAR2",6.92550677104156e-06,1.81062263589152,0.368,0.181,0.152935966024911,"Not Significant"
"MAP1B",7.00054484361881e-06,2.10433665981474,0.161,0.026,0.154593031781634,"Not Significant"
"ZNF708",7.02057550070358e-06,1.24575641440196,0.321,0.13,0.155035368782037,"Not Significant"
"METTL8",7.02510754143332e-06,2.16992500144231,0.197,0.047,0.155135449837472,"Not Significant"
"ANKRD50",7.10275244448778e-06,1.47248777146274,0.233,0.067,0.156850082231624,"Not Significant"
"HIVEP3",7.16161469459118e-06,1.91511110241349,0.254,0.083,0.158149937300657,"Not Significant"
"LINC01357",7.16590045470748e-06,-2.74723392962003,0.031,0.166,0.158244579741305,"Not Significant"
"MPHOSPH6",7.21902805945182e-06,1.61005348168399,0.223,0.062,0.159417796636875,"Not Significant"
"ATP9B",7.27074635066675e-06,0.799362131304074,0.674,0.539,0.160559891661774,"Not Significant"
"FPGT",7.28177405122738e-06,2.41503749927884,0.176,0.036,0.160803416373254,"Not Significant"
"DROSHA",7.39867136708184e-06,1.25779775746765,0.373,0.171,0.163384859799268,"Not Significant"
"FAM228B",7.42047310758788e-06,1.1926450779424,0.29,0.104,0.163866307634863,"Not Significant"
"CD37",7.44308434429644e-06,1.16438681790088,0.202,0.047,0.164365631575098,"Not Significant"
"SCARB1",7.49971723066531e-06,-1.3682837305791,0.301,0.487,0.165616255604782,"Not Significant"
"CEP83",7.50522568472571e-06,1.13124453327825,0.311,0.114,0.165737898795798,"Not Significant"
"NBPF26",7.51496534840414e-06,2.03952836418664,0.161,0.026,0.165952979788809,"Not Significant"
"COL15A1",7.56507934810781e-06,1.94675797872302,0.223,0.062,0.167059647244265,"Not Significant"
"AL162253.2",7.68515546803112e-06,1.79836613883035,0.244,0.078,0.169711288200531,"Not Significant"
"AL158206.1",7.71167898568146e-06,-2.40599235967584,0.047,0.192,0.170297007040804,"Not Significant"
"ZNF90",7.72510759292813e-06,1.60266450245462,0.285,0.109,0.170593550974632,"Not Significant"
"NAA20",7.75033453583253e-06,0.915935735211526,0.347,0.145,0.17115063755479,"Not Significant"
"TRERF1",7.76632825595312e-06,2.18442457113743,0.187,0.041,0.171503826876213,"Not Significant"
"AC009126.1",7.82616453056212e-06,-2.45251220469751,0.083,0.244,0.172825191328403,"Not Significant"
"LINC02649",7.90334619214373e-06,3.32192809488736,0.124,0.01,0.17452959396111,"Not Significant"
"VPS50",7.96011001982839e-06,1.12305839640434,0.451,0.249,0.17578310956787,"Not Significant"
"MTMR7",8.02410385948826e-06,-2.4262647547021,0.073,0.228,0.177196285529079,"Not Significant"
"NCMAP",8.11929669642571e-06,-2.08746284125034,0.036,0.176,0.179298428947169,"Not Significant"
"C4orf33",8.26054256632234e-06,3.24792751344359,0.135,0.016,0.182417561492096,"Not Significant"
"EXOG",8.2682669277052e-06,2.25633975325979,0.176,0.036,0.182588138564514,"Not Significant"
"ACSL1",8.36473208704067e-06,1.16992500144231,0.244,0.073,0.184718378678119,"Not Significant"
"KCTD9",8.40937464841608e-06,2.66296501272243,0.181,0.041,0.185704220360972,"Not Significant"
"KPNA5",8.45413220103299e-06,1.1118928800709,0.285,0.098,0.186692601395411,"Not Significant"
"AC093535.1",8.53306658979087e-06,-1.44745897697122,0.104,0.28,0.188435709502352,"Not Significant"
"PRAG1",8.54086473004903e-06,1.49957100949051,0.233,0.067,0.188607915833673,"Not Significant"
"ZNFX1",8.59622684734819e-06,2,0.187,0.041,0.18983047746999,"Not Significant"
"AL445123.2",8.6566164753775e-06,2.74723392962003,0.124,0.01,0.191164061625761,"Not Significant"
"ZBTB38",8.65843807254215e-06,-0.806058117439152,0.409,0.585,0.191204287955948,"Not Significant"
"CNTN6",8.70564397253027e-06,1.96489619904408,0.166,0.031,0.192246735845386,"Not Significant"
"HDHD2",8.72155781718768e-06,1.31410859042806,0.342,0.145,0.192598161276955,"Not Significant"
"RELT",8.8017391654154e-06,3,0.135,0.016,0.194368805989868,"Not Significant"
"ENC1",8.83915182512882e-06,2.38466385023533,0.166,0.031,0.19519498975432,"Not Significant"
"TRIM62",8.85098100612945e-06,-2.2129937233342,0.047,0.192,0.195456213558357,"Not Significant"
"CYBC1",8.9008643917872e-06,2.85798099512757,0.124,0.01,0.196557788363837,"Not Significant"
"MPZL1",8.91876747235764e-06,1.23521646169403,0.337,0.14,0.196953142092074,"Not Significant"
"LHFPL2",8.94542440694445e-06,1.34007544159762,0.404,0.197,0.197541807178554,"Not Significant"
"NEU3",8.97693836892637e-06,2.8073549220576,0.145,0.021,0.198237730001001,"Not Significant"
"ABI2",9.04979058865782e-06,0.861720625174153,0.492,0.275,0.199846525569331,"Not Significant"
"SPON1",9.10492413263878e-06,2.13124453327825,0.233,0.073,0.201064039621062,"Not Significant"
"GNPAT",9.15217202085864e-06,2.11547721741994,0.176,0.036,0.202107414736621,"Not Significant"
"SLC46A3",9.17036328874848e-06,2.37851162325373,0.124,0.01,0.202509132505433,"Not Significant"
"NCK1-DT",9.19285001242492e-06,2.28540221886225,0.166,0.031,0.203005706824379,"Not Significant"
"MAP2K5",9.26619625441498e-06,0.910916456417575,0.642,0.44,0.204625411886246,"Not Significant"
"CXorf21",9.26720481146263e-06,2.72246602447109,0.145,0.021,0.204647683851529,"Not Significant"
"EIF2AK4",9.34237736890922e-06,1.37036844994512,0.326,0.14,0.206307719437622,"Not Significant"
"DPYD",9.36075440696614e-06,1.85663582482882,0.295,0.124,0.206713539569033,"Not Significant"
"NUDT3",9.42038725257002e-06,2.11547721741994,0.166,0.031,0.208030411698504,"Not Significant"
"CEP120",9.43309814889975e-06,1.73696559416621,0.228,0.067,0.208311106422153,"Not Significant"
"DAPP1",9.44278285896221e-06,2.92599941855622,0.135,0.016,0.208524973874463,"Not Significant"
"BTN2A1",9.48728955215051e-06,2.70043971814109,0.145,0.021,0.20950781518014,"Not Significant"
"FAM204A",9.64921539260807e-06,1.01707351335894,0.306,0.114,0.213083623514964,"Not Significant"
"PCNX1",9.6566687705754e-06,0.823573432615732,0.56,0.363,0.213248216460617,"Not Significant"
"TNFRSF10B",9.71624583554293e-06,2.47804729680464,0.155,0.026,0.214563856786295,"Not Significant"
"CCDC200",9.72885848757896e-06,2.03562390973072,0.176,0.036,0.214842381981206,"Not Significant"
"MAGI2-AS3",9.79065398465035e-06,2.4594316186373,0.155,0.026,0.216207011943034,"Not Significant"
"HES1",9.81772859317971e-06,-2.32192809488736,0.047,0.192,0.216804900523188,"Not Significant"
"PKNOX2",9.81961746923887e-06,2.87446911791614,0.135,0.016,0.216846612573202,"Not Significant"
"DUSP1",9.85967029029894e-06,1.62803122261304,0.306,0.124,0.217731099020671,"Not Significant"
"SLC15A3",9.91400492119102e-06,2.03952836418664,0.166,0.031,0.218930970674661,"Not Significant"
"PRKCA-AS1",9.92608235828749e-06,2.66296501272243,0.145,0.021,0.219197676718063,"Not Significant"
"RCBTB2",9.93077938742046e-06,2.22239242133645,0.192,0.047,0.219301401212406,"Not Significant"
"P2RX7",9.94931746954573e-06,2.40209844357135,0.155,0.026,0.219710777679978,"Not Significant"
"ENOX2",1.0009292791102e-05,1.4391116342577,0.352,0.161,0.221035212705905,"Not Significant"
"PALD1",1.00672775181765e-05,2.58496250072116,0.135,0.016,0.222315689433892,"Not Significant"
"TMTC3",1.01106929768023e-05,1.27462238010901,0.295,0.109,0.223274433006724,"Not Significant"
"JCAD",1.03310797437818e-05,-1.84799690655495,0.052,0.202,0.228141233981933,"Not Significant"
"EIF2B3",1.03733586131392e-05,1.42884329880387,0.254,0.083,0.229074878253954,"Not Significant"
"MIRLET7BHG",1.06185969284571e-05,2.32192809488736,0.155,0.026,0.234490475971117,"Not Significant"
"ANO1",1.07420772297469e-05,-2.35755200461808,0.026,0.155,0.2372172914645,"Not Significant"
"MIPOL1",1.07777222327082e-05,2.75488750216347,0.145,0.021,0.238004440064896,"Not Significant"
"KCNK5",1.09640673114557e-05,-2.36257007938471,0.016,0.135,0.242119498438876,"Not Significant"
"CUL4B",1.11161403088898e-05,1.47999294111961,0.228,0.067,0.245477726441213,"Not Significant"
"NARS2",1.11507388060859e-05,1.20759541940837,0.347,0.155,0.246241765054795,"Not Significant"
"NCF4-AS1",1.12241703413542e-05,-2.71271804791953,0.036,0.171,0.247863353648125,"Not Significant"
"COL27A1",1.13439808689943e-05,3.33786963875638,0.197,0.052,0.250509129530002,"Not Significant"
"LINC01515",1.14679602428521e-05,2.58496250072116,0.181,0.041,0.253246966042903,"Not Significant"
"INSYN2B",1.15100859631262e-05,3.64385618977472,0.109,0.005,0.254177228323715,"Not Significant"
"CALM3",1.16399234733889e-05,1.47804729680464,0.223,0.062,0.257044430062847,"Not Significant"
"LINC00970",1.16430233619322e-05,4.16992500144231,0.109,0.005,0.257112884901548,"Not Significant"
"RAB32",1.17004315426793e-05,2.23266075679027,0.181,0.041,0.258380629756988,"Not Significant"
"GPT2",1.17510147303217e-05,-1.84799690655495,0.078,0.238,0.259497658289694,"Not Significant"
"MRC2",1.17651471689835e-05,2.10691520391651,0.166,0.031,0.259809744932664,"Not Significant"
"SLC7A6",1.17773984554542e-05,1.18844508941311,0.337,0.14,0.260080290091796,"Not Significant"
"TTC38",1.18096784336607e-05,2.08746284125034,0.155,0.026,0.26079312885053,"Not Significant"
"OXNAD1",1.18621316788312e-05,1.56071495447448,0.228,0.067,0.26195145386363,"Not Significant"
"AC093515.1",1.20573791995712e-05,1.63226821549951,0.176,0.036,0.266263104864131,"Not Significant"
"UHRF2",1.21532973348064e-05,0.961525852185364,0.394,0.187,0.268381265044529,"Not Significant"
"SAMD5",1.21667053364448e-05,2.08746284125034,0.212,0.062,0.26867735394471,"Not Significant"
"IKBKB",1.22373181787672e-05,1.28010791919273,0.352,0.166,0.270236697341717,"Not Significant"
"MROH1",1.22617436849827e-05,-1.33342373372519,0.28,0.451,0.270776085795474,"Not Significant"
"AKNA",1.24986028672266e-05,2.07800251200127,0.155,0.026,0.276006647116964,"Not Significant"
"PLOD2",1.27020959319768e-05,2.02384674195437,0.28,0.109,0.280500384465845,"Not Significant"
"FAM91A1",1.27208202252421e-05,0.964666926887719,0.42,0.212,0.280913873034021,"Not Significant"
"ELOVL2",1.27949583920769e-05,1.88452278258006,0.192,0.047,0.282551066172235,"Not Significant"
"BCORL1",1.28727597681476e-05,-1.81628804682761,0.093,0.259,0.284269153960003,"Not Significant"
"HSPG2",1.29086786335684e-05,2.91886323727459,0.197,0.052,0.285062350265091,"Not Significant"
"ACYP2",1.29903804709119e-05,1.25853301359885,0.497,0.295,0.286866571939148,"Not Significant"
"RANBP17",1.31679070547674e-05,-0.84991538428565,0.389,0.585,0.290786891490428,"Not Significant"
"AP000446.1",1.31858100184627e-05,-2.56071495447448,0.036,0.171,0.291182242637712,"Not Significant"
"HS6ST1",1.3315292589176e-05,1.48542682717024,0.228,0.067,0.294041606246774,"Not Significant"
"CRTC1",1.34121537890644e-05,1.55639334852439,0.202,0.052,0.296180592123909,"Not Significant"
"SLC17A5",1.34689147815618e-05,1.25375659224578,0.306,0.119,0.297434045121228,"Not Significant"
"RIC8B",1.35483890521208e-05,1.35548065459839,0.301,0.119,0.299189075437984,"Not Significant"
"FBXW2",1.36670529064674e-05,1.10852445677817,0.301,0.114,0.30180952933352,"Not Significant"
"SYT1",1.36866581602309e-05,1.72747414518891,0.503,0.352,0.302242472152379,"Not Significant"
"ICE1",1.36896542003585e-05,1.12553088208386,0.42,0.207,0.302308633706516,"Not Significant"
"MIR193BHG",1.3783167509907e-05,-1.47999294111961,0.114,0.29,0.304373688121277,"Not Significant"
"RC3H1",1.38061817020564e-05,0.903138460747411,0.642,0.503,0.304881910526511,"Not Significant"
"TESK2",1.38578397686915e-05,-1.20847004510408,0.306,0.482,0.306022675612015,"Not Significant"
"CEP85",1.39116652058727e-05,-1.84799690655495,0.083,0.244,0.307211302741286,"Not Significant"
"METRNL",1.39261675196475e-05,1.34792330342031,0.228,0.067,0.307531557336375,"Not Significant"
"ATL3",1.395997625177e-05,1.3890422907459,0.228,0.067,0.308278155567837,"Not Significant"
"AL450306.1",1.4069123607757e-05,-2.08091999538357,0.052,0.197,0.310688456630098,"Not Significant"
"TSPAN33",1.41395064703252e-05,3.16992500144231,0.119,0.01,0.312242721384192,"Not Significant"
"MPP5",1.42258746776516e-05,-1.13260749515656,0.482,0.606,0.31414999050658,"Not Significant"
"UBP1",1.4238003048317e-05,1.20163386116965,0.285,0.104,0.314417821315983,"Not Significant"
"AL161785.1",1.42574291088283e-05,3.16992500144231,0.119,0.01,0.314846807010255,"Not Significant"
"IMMP2L",1.42879702957763e-05,-0.817968111114338,0.813,0.917,0.315521248041627,"Not Significant"
"LRCH3",1.42940321058164e-05,0.765534746362977,0.637,0.446,0.315655110992743,"Not Significant"
"RBPMS",1.4520071492634e-05,1.21585550466611,0.58,0.425,0.320646738771838,"Not Significant"
"ARMCX4",1.45763729866158e-05,1.73696559416621,0.238,0.078,0.321890044663437,"Not Significant"
"BCAS3",1.46248873843977e-05,0.719566966430477,0.736,0.601,0.322961388109654,"Not Significant"
"PDZD8",1.4801315780322e-05,1.29176612437711,0.28,0.104,0.326857456376852,"Not Significant"
"RYR2",1.48459216971226e-05,2.21359547309929,0.161,0.031,0.327842488837558,"Not Significant"
"ADAMTS12",1.48505381474074e-05,3.12928301694497,0.15,0.026,0.327944433909197,"Not Significant"
"COL24A1",1.48991689060457e-05,3.42146376843828,0.119,0.01,0.329018346952208,"Not Significant"
"KDM4B",1.49512752897613e-05,-0.853158611670729,0.415,0.622,0.330169012223799,"Not Significant"
"LHFPL6",1.49727609719594e-05,2.66742466091313,0.212,0.062,0.330643480543779,"Not Significant"
"PAPOLG",1.51169589072447e-05,1.74723392962003,0.192,0.047,0.333827803548684,"Not Significant"
"GREB1",1.51301187765995e-05,3.20945336562895,0.119,0.01,0.334118412943647,"Not Significant"
"TNIK",1.52670908259307e-05,1.45519462575083,0.233,0.073,0.337143166709028,"Not Significant"
"AC012459.1",1.52831362602582e-05,2.70043971814109,0.15,0.026,0.337497498035281,"Not Significant"
"PITX2",1.52907198442389e-05,1.62449086490779,0.238,0.078,0.337664966320329,"Not Significant"
"ZFYVE26",1.52982144090458e-05,1.52606881166759,0.28,0.109,0.337830468794958,"Not Significant"
"AC105411.1",1.5430363037107e-05,-2.60665757182048,0.021,0.14,0.340748706948434,"Not Significant"
"DHRSX",1.55182787020379e-05,-0.864344900642434,0.425,0.611,0.342690148577103,"Not Significant"
"R3HDM1",1.55686273727828e-05,0.966211686543717,0.518,0.311,0.343801998273162,"Not Significant"
"CHEK2",1.56205152843986e-05,2.85798099512757,0.119,0.01,0.344947839025374,"Not Significant"
"COL6A6",1.57092111842389e-05,3.32192809488736,0.119,0.01,0.346906510581547,"Not Significant"
"MPEG1",1.57251601329652e-05,2.84799690655495,0.14,0.021,0.34725871121627,"Not Significant"
"PAPSS2",1.57573009371991e-05,1.75290713803523,0.181,0.041,0.347968476596168,"Not Significant"
"RBM26",1.58563766465357e-05,0.631848888351992,0.777,0.694,0.350156365485448,"Not Significant"
"SLC15A2",1.596492205852e-05,2.70043971814109,0.119,0.01,0.352553373818297,"Not Significant"
"AF165147.1",1.60692853179997e-05,3.25633975325979,0.233,0.083,0.354858027677388,"Not Significant"
"MSRB3",1.61111123450592e-05,2.34395440121736,0.119,0.01,0.355781693915942,"Not Significant"
"MALT1",1.6325233485526e-05,1.02974734339405,0.363,0.161,0.360510131060871,"Not Significant"
"PHACTR4",1.63280473907408e-05,1,0.497,0.285,0.36057227052973,"Not Significant"
"PWWP3A",1.64384742422705e-05,1.61297687689075,0.192,0.047,0.363010826692061,"Not Significant"
"TRIB1",1.65743643160121e-05,1.94341647163363,0.197,0.052,0.366011687190495,"Not Significant"
"SLC24A2",1.66555023261723e-05,2.34958443779023,0.171,0.036,0.367803457868862,"Not Significant"
"GXYLT2",1.68741532300887e-05,2.77760757866355,0.14,0.021,0.372631925780048,"Not Significant"
"HSPD1",1.69774204512535e-05,1.18442457113743,0.342,0.15,0.37491237582503,"Not Significant"
"STX3",1.70233245912624e-05,-1.55359832981182,0.124,0.295,0.375926076948847,"Not Significant"
"CD300A",1.74287721465416e-05,2.58496250072116,0.13,0.016,0.384879575312079,"Not Significant"
"FILIP1",1.74430633009486e-05,2.84327449631255,0.176,0.041,0.385195166874848,"Not Significant"
"CIP2A",1.74536184734339e-05,2.8073549220576,0.14,0.021,0.385428256748842,"Not Significant"
"WAS",1.74783563166725e-05,2.03952836418664,0.14,0.021,0.385974542541079,"Not Significant"
"CPED1",1.74970972129066e-05,1.61005348168399,0.207,0.057,0.386388397752616,"Not Significant"
"ATP2B1-AS1",1.75267679601394e-05,1.70043971814109,0.171,0.036,0.387043616863759,"Not Significant"
"PCNX2",1.75716439106637e-05,2.50250034052918,0.13,0.016,0.388034612479186,"Not Significant"
"IMPA2",1.7742491790834e-05,-1.58496250072116,0.13,0.306,0.391807446216987,"Not Significant"
"HDAC7",1.78138614136514e-05,2.11547721741994,0.161,0.031,0.393383501597663,"Not Significant"
"DERA",1.78294969520876e-05,1.13210353600734,0.425,0.228,0.39372878119295,"Not Significant"
"HAND2-AS1",1.79068007193226e-05,2.20163386116965,0.187,0.047,0.395435880284801,"Not Significant"
"MSC-AS1",1.79190679977478e-05,2.51245000093679,0.14,0.021,0.395706778594264,"Not Significant"
"PAK2",1.79444443852395e-05,0.557056504151272,0.658,0.44,0.396267165359245,"Not Significant"
"PRKAR2A",1.79840819446532e-05,1.39854937649027,0.295,0.119,0.397142481583777,"Not Significant"
"PIEZO1",1.83206945869269e-05,1.9668331360648,0.171,0.036,0.404575898563107,"Not Significant"
"PDK4",1.85419060444908e-05,1.91427012597412,0.233,0.078,0.409460911180491,"Not Significant"
"POGLUT3",1.85882322463885e-05,-1.38014270883266,0.228,0.409,0.410483932696997,"Not Significant"
"HPS4",1.86351281352701e-05,1.50250034052918,0.285,0.114,0.41151953461117,"Not Significant"
"LINC02256",1.87840969756634e-05,2,0.161,0.031,0.414809213513574,"Not Significant"
"WDFY3",1.87865549206017e-05,0.700946371365224,0.891,0.922,0.414863492311648,"Not Significant"
"KDM4A",1.88161670384098e-05,1.05062607306997,0.269,0.093,0.415517416709203,"Not Significant"
"CRYBG3",1.8839221633084e-05,1.56884283535788,0.275,0.104,0.416026531323393,"Not Significant"
"NOTCH2NLA",1.88780629910785e-05,2.27301849440642,0.14,0.021,0.416884265031987,"Not Significant"
"STK17B",1.89218215618037e-05,1.26303440583379,0.202,0.052,0.417850585549311,"Not Significant"
"CBX1",1.8939858320505e-05,1.55799545312089,0.207,0.057,0.418248891291712,"Not Significant"
"ADGRD1",1.92454104268685e-05,2.56071495447448,0.15,0.026,0.424996398456536,"Not Significant"
"STK38L",1.94478853384948e-05,1.16227142889888,0.326,0.14,0.429467651929982,"Not Significant"
"ARHGEF28",1.94646366149255e-05,-1.95109039951905,0.026,0.15,0.429837570367399,"Not Significant"
"LINC01004",1.95341974519408e-05,-1.30485458152842,0.373,0.544,0.431373682331209,"Not Significant"
"RNFT1",1.95505240821756e-05,2.12928301694497,0.15,0.026,0.431734223306684,"Not Significant"
"PSMA3-AS1",1.95565673461659e-05,0.741265731599831,0.42,0.207,0.431867676705382,"Not Significant"
"PAMR1",1.96580142339245e-05,1.84799690655495,0.161,0.031,0.434107928327754,"Not Significant"
"NFATC3",1.96920362372724e-05,0.963005792517798,0.446,0.233,0.434859236227686,"Not Significant"
"AL078459.1",1.98255459895332e-05,4.55458885167764,0.104,0.005,0.437807532086861,"Not Significant"
"LINC02484",1.98877152635516e-05,-1.85069605615591,0.161,0.342,0.439180416165009,"Not Significant"
"TNKS2",1.9985821049997e-05,-0.765988495396719,0.508,0.694,0.441346886247084,"Not Significant"
"EXTL3",2.00485674796518e-05,3.16992500144231,0.166,0.036,0.442732515653151,"Not Significant"
"CCDC32",2.01589011161758e-05,1.32192809488736,0.326,0.145,0.44516901334851,"Not Significant"
"PRTFDC1",2.02045583168062e-05,3.90689059560852,0.104,0.005,0.446177261310032,"Not Significant"
"ZNF680",2.04797295512173e-05,1.58496250072116,0.244,0.083,0.452253867679532,"Not Significant"
"INHBA-AS1",2.06341685155287e-05,-3.4594316186373,0.005,0.104,0.45566434332842,"Not Significant"
"PSTPIP1",2.06341685155287e-05,3.4594316186373,0.104,0.005,0.45566434332842,"Not Significant"
"C5orf24",2.06492928933557e-05,1.47804729680464,0.181,0.041,0.455998334963975,"Not Significant"
"STAT4",2.08601495601631e-05,-3.02438415862696,0.047,0.181,0.460654682737082,"Not Significant"
"FGGY",2.11474250286649e-05,1.12832409697554,0.311,0.124,0.466998586908006,"Not Significant"
"UBR5",2.1223599227296e-05,-0.578983648231735,0.813,0.917,0.468680741736378,"Not Significant"
"ACTR3C",2.1361525511945e-05,-2.09953567355091,0.067,0.212,0.471726567880282,"Not Significant"
"WDR91",2.13913617426531e-05,1.29090119926674,0.347,0.166,0.472385441363007,"Not Significant"
"CCDC69",2.14813937376225e-05,-1.83650126771712,0.057,0.202,0.474373617907917,"Not Significant"
"STRADA",2.15166929729928e-05,1.39689015256858,0.301,0.124,0.475153130922599,"Not Significant"
"KCNK6",2.20424022399701e-05,1.42884329880387,0.161,0.031,0.486762368665259,"Not Significant"
"AIFM1",2.24387598034149e-05,1.77760757866355,0.202,0.057,0.495515132738811,"Not Significant"
"EXOC5",2.24481973457577e-05,0.766800823706969,0.389,0.176,0.495723541986367,"Not Significant"
"PRPF8",2.249296033876e-05,1.16992500144231,0.311,0.124,0.496712043160837,"Not Significant"
"ADAMTS9-AS2",2.2566104641237e-05,4.81762325751143,0.114,0.01,0.498327288792436,"Not Significant"
"ARL6IP1",2.26624393465533e-05,0.623851514114751,0.28,0.098,0.500454648089937,"Not Significant"
"TINCR",2.26634626761898e-05,-1.25238716163429,0.098,0.269,0.500477246278299,"Not Significant"
"PPP1R12B",2.27561716218896e-05,-0.725492809722257,0.523,0.699,0.502524537926188,"Not Significant"
"PTPRB",2.27772746945933e-05,2.84799690655495,0.104,0.005,0.502990557080705,"Not Significant"
"UBE2E1",2.28815659172589e-05,0.949814242831783,0.549,0.347,0.505293620150828,"Not Significant"
"MDH1",2.30127657993485e-05,0.799701349514169,0.295,0.114,0.508190907147012,"Not Significant"
"AC087500.1",2.30328051690054e-05,2.4594316186373,0.104,0.005,0.508633436547146,"Not Significant"
"AJ006995.1",2.30820236438887e-05,3.87446911791614,0.114,0.01,0.509720328127995,"Not Significant"
"IGSF6",2.31857919184454e-05,2.01329682261346,0.218,0.067,0.512011842935029,"Not Significant"
"WASHC4",2.31910760383474e-05,0.746096605918335,0.699,0.549,0.512128532154826,"Not Significant"
"CROCC",2.31934923007872e-05,1.50695998871988,0.228,0.073,0.512181890478283,"Not Significant"
"ZFP36",2.33323751856865e-05,1.40053792958373,0.228,0.073,0.515248841225516,"Not Significant"
"PRKD1",2.33395266683796e-05,2.24462236871991,0.176,0.041,0.515406767417826,"Not Significant"
"ZNF782",2.34176022418219e-05,1.30256277002043,0.285,0.109,0.517130910306153,"Not Significant"
"WLS",2.34243578857486e-05,1.15055967657538,0.316,0.13,0.517280095190986,"Not Significant"
"DVL3",2.36955358042135e-05,-1.52546148897249,0.14,0.311,0.523268517164447,"Not Significant"
"ITM2B",2.37047507883503e-05,0.785724906086061,0.71,0.565,0.52347201165914,"Not Significant"
"ITGBL1",2.38086694633442e-05,2.48874718546185,0.181,0.047,0.52576684775903,"Not Significant"
"VEGFA",2.39367554680457e-05,2,0.14,0.021,0.528595371000852,"Not Significant"
"SDCBP",2.39551968417058e-05,0.628441137388037,0.549,0.342,0.529002611855389,"Not Significant"
"SKI",2.40081608485318e-05,1.43133931160794,0.29,0.119,0.530172216018127,"Not Significant"
"BANP",2.40800329793193e-05,-1.28010791919274,0.301,0.466,0.531759368282309,"Not Significant"
"LRRK2",2.4160411136824e-05,3.58496250072116,0.114,0.01,0.533534359134484,"Not Significant"
"CRISPLD2",2.42963178644444e-05,2.73696559416621,0.181,0.047,0.536535587400526,"Not Significant"
"CABLES1",2.44153661982214e-05,1.43231549071068,0.42,0.233,0.539164531755324,"Not Significant"
"PRICKLE1",2.44343272579621e-05,2.55359832981182,0.197,0.057,0.539583248837578,"Not Significant"
"NMNAT2",2.44975171638918e-05,-2.38466385023533,0.031,0.155,0.540978671530222,"Not Significant"
"ITPRIPL2",2.45485714280227e-05,-1.76867445389354,0.119,0.285,0.542106102845026,"Not Significant"
"ZNF236",2.46345806865785e-05,1.10780328953451,0.389,0.192,0.544005445301712,"Not Significant"
"ARRDC4",2.46832255343584e-05,1.53343220008107,0.197,0.052,0.545079669475235,"Not Significant"
"MYO10",2.4770691903869e-05,2.14526294720804,0.342,0.181,0.547011189313139,"Not Significant"
"LRRC6",2.48020414724943e-05,3.16992500144231,0.114,0.01,0.547703481837091,"Not Significant"
"LIFR-AS1",2.49318660279409e-05,-2.42786153963643,0.078,0.223,0.550570397495019,"Not Significant"
"PPTC7",2.49795600773643e-05,1.71989208080726,0.218,0.067,0.551623625188436,"Not Significant"
"ILRUN",2.49840708566258e-05,1.04182017569463,0.435,0.238,0.551723236726867,"Not Significant"
"SPDYE9P",2.52240418837604e-05,-3.11547721741994,0.01,0.114,0.557022516919082,"Not Significant"
"CD33",2.54330395474146e-05,3,0.114,0.01,0.561637812325556,"Not Significant"
"PRKX",2.54516068295819e-05,2.22239242133645,0.197,0.057,0.562047833617658,"Not Significant"
"CPS1",2.55570646534287e-05,-2.28950661719499,0.078,0.228,0.564376658741665,"Not Significant"
"DBT",2.57352117886824e-05,1.7951802081115,0.223,0.073,0.568310681929474,"Not Significant"
"PARL",2.57745818072267e-05,1.13124453327825,0.316,0.135,0.569180090048986,"Not Significant"
"FOXO1",2.58358136917291e-05,1.37656335146421,0.326,0.14,0.570532273754455,"Not Significant"
"USPL1",2.58608068189536e-05,1.33441903907056,0.259,0.093,0.571084196982952,"Not Significant"
"FLRT2",2.58654010226775e-05,3.59693514238723,0.145,0.026,0.571185650783788,"Not Significant"
"CEP290",2.58866049299298e-05,1.18586654531133,0.311,0.13,0.571653896667639,"Not Significant"
"ABL1",2.58982682096393e-05,0.892471535695555,0.648,0.487,0.571911456873465,"Not Significant"
"PTPRQ",2.59052334270929e-05,-2.34792330342031,0.031,0.155,0.572065269770493,"Not Significant"
"DAAM1",2.6258511594115e-05,0.62148837674627,0.539,0.321,0.579866711532843,"Not Significant"
"CDS2",2.64100328678963e-05,1.0280143761696,0.368,0.176,0.583212755821753,"Not Significant"
"ELOVL7",2.64669039093356e-05,-2.77760757866355,0.026,0.145,0.584468639029857,"Not Significant"
"ANO2",2.6478511675241e-05,-1.74723392962003,0.073,0.223,0.584724973324347,"Not Significant"
"AJ009632.2",2.65415867332501e-05,-3.49185309632967,0.021,0.135,0.586117859830362,"Not Significant"
"CKAP5",2.6551274625255e-05,1.0095860488292,0.43,0.228,0.586331797549507,"Not Significant"
"ANKRD28",2.66038690421492e-05,1.27376081242685,0.409,0.218,0.587493240057782,"Not Significant"
"AC021723.2",2.67425735931862e-05,2.82442843541655,0.145,0.026,0.59055625265833,"Not Significant"
"CNGA1",2.68460770765734e-05,-2,0.052,0.192,0.592841920081969,"Not Significant"
"LINC01237",2.68654424634587e-05,2.95419631038688,0.114,0.01,0.59326956592056,"Not Significant"
"TBC1D16",2.70540794898659e-05,1.64769825606912,0.176,0.041,0.59743523737471,"Not Significant"
"SFXN2",2.7246325362634e-05,1.96347412397489,0.155,0.031,0.601680602983047,"Not Significant"
"TTC21B-AS1",2.76057063638411e-05,2.63226821549951,0.114,0.01,0.609616813632703,"Not Significant"
"STK26",2.76203881046243e-05,-1.82851953205565,0.088,0.244,0.609941030514418,"Not Significant"
"CMTM3",2.76856302986304e-05,2.41503749927884,0.114,0.01,0.611381773884655,"Not Significant"
"STXBP5",2.77420310639394e-05,0.77595972578207,0.596,0.404,0.612627271984973,"Not Significant"
"PSMA1",2.77674133865042e-05,0.89649542424614,0.378,0.176,0.613187789814173,"Not Significant"
"PDE4A",2.78433845652018e-05,2.70043971814109,0.114,0.01,0.614865461353351,"Not Significant"
"EIF4A1",2.7889844608774e-05,0.652076696579693,0.508,0.28,0.615891438495557,"Not Significant"
"RNF166",2.79387475435661e-05,2.75488750216347,0.124,0.016,0.616971362004569,"Not Significant"
"SORBS2",2.79793226536253e-05,1.98351187721143,0.212,0.067,0.617867382160008,"Not Significant"
"HADH",2.81501426206245e-05,1.45066140900957,0.176,0.041,0.621639599491251,"Not Significant"
"ACAT1",2.82179288909108e-05,2.16992500144231,0.155,0.031,0.623136523697984,"Not Significant"
"CYP4V2",2.83148163900856e-05,2.63226821549951,0.135,0.021,0.625276090342261,"Not Significant"
"SCAF11",2.85825055985671e-05,0.536251086247924,0.798,0.658,0.631187471133157,"Not Significant"
"CBR4",2.87692661191589e-05,0.785102115210476,0.487,0.28,0.635311703709386,"Not Significant"
"CD248",2.87863894715505e-05,3,0.114,0.01,0.63568983870025,"Not Significant"
"HIST1H4E",2.90341503821673e-05,1.74723392962003,0.176,0.041,0.6411611428894,"Not Significant"
"LYL1",2.90804428083662e-05,2.64385618977472,0.124,0.016,0.642183418537151,"Not Significant"
"APPL1",2.92611923902206e-05,1.20309186537751,0.321,0.145,0.646174911553242,"Not Significant"
"NUP50-DT",2.9317245475288e-05,-1.35989594508638,0.202,0.378,0.647412731830785,"Not Significant"
"PIK3C2A",2.93971877478937e-05,-0.507483748043439,0.513,0.741,0.649178097036737,"Not Significant"
"GLI2",2.9434857875441e-05,2.97400479146706,0.124,0.016,0.650009966463363,"Not Significant"
"ALS2",2.9796111883745e-05,1.25525705524207,0.28,0.109,0.657987538728741,"Not Significant"
"SLAIN2",2.9859619008274e-05,-0.939879007562429,0.456,0.617,0.659389966559714,"Not Significant"
"PRELID2",2.99495789763131e-05,2.10433665981474,0.135,0.021,0.661376552533922,"Not Significant"
"PLIN2",3.00093655573409e-05,-1.81855312866247,0.181,0.347,0.662696819602759,"Not Significant"
"SARM1",3.0501629320997e-05,2.36923380966572,0.124,0.016,0.673567480295576,"Not Significant"
"MTMR1",3.05439833636528e-05,-1.27563444261343,0.197,0.378,0.674502784619545,"Not Significant"
"LARP1",3.0617412504823e-05,0.627273305579121,0.56,0.332,0.676124320344007,"Not Significant"
"SPATA6L",3.06233337810862e-05,-2.25633975325979,0.026,0.145,0.676255079887727,"Not Significant"
"AL512603.2",3.0677160016462e-05,2,0.135,0.021,0.677443724643531,"Not Significant"
"OAS1",3.08729548374832e-05,2.04439411935845,0.145,0.026,0.681767461676141,"Not Significant"
"ASPN",3.08766588145473e-05,2.26303440583379,0.145,0.026,0.681849256601649,"Not Significant"
"PPP1R15B",3.08857475201786e-05,-1.48062584090642,0.187,0.358,0.682049962488103,"Not Significant"
"SLC2A9",3.09028067101641e-05,1.42530583473267,0.269,0.104,0.682426680580554,"Not Significant"
"GAS5",3.09297551352204e-05,1.02748073642211,0.238,0.078,0.683021782651072,"Not Significant"
"SUPT3H",3.12170231547868e-05,-0.565979397353583,0.409,0.653,0.689365522327157,"Not Significant"
"SLC23A2",3.12865110689799e-05,-0.917537839808027,0.363,0.518,0.690900023936283,"Not Significant"
"CSF2RB",3.13479897155851e-05,-1.56634682255381,0.098,0.259,0.692257656889265,"Not Significant"
"RNF168",3.13659333332445e-05,1.7279204545632,0.212,0.067,0.692653905798039,"Not Significant"
"TPP2",3.15089448510366e-05,0.709962492259599,0.642,0.451,0.695812029145442,"Not Significant"
"DCP2",3.15508401281418e-05,-0.675621813879749,0.554,0.736,0.696737202549756,"Not Significant"
"DPP7",3.16084660711305e-05,1.35049724708413,0.187,0.047,0.698009756248774,"Not Significant"
"MAP7D1",3.16610775836528e-05,1.90689059560852,0.181,0.047,0.699171576279805,"Not Significant"
"APLP2",3.18577598598673e-05,0.769880216638941,0.591,0.399,0.70351491098545,"Not Significant"
"PLEC",3.1946680583338e-05,-1.5552151573271,0.166,0.337,0.705478547321854,"Not Significant"
"IL1RAP",3.21771084194528e-05,-0.865863327348464,0.218,0.399,0.710567085226776,"Not Significant"
"TARID",3.22137412282414e-05,2,0.145,0.026,0.711376047543254,"Not Significant"
"BACH2",3.22347172180967e-05,2.66296501272243,0.124,0.016,0.71183926032723,"Not Significant"
"AL592183.1",3.22815789698854e-05,1.24100809950379,0.301,0.124,0.71287410839198,"Not Significant"
"REPS2",3.23423226724582e-05,2.18220333122075,0.155,0.031,0.714215511575894,"Not Significant"
"SCLY",3.28162732030355e-05,2.41503749927884,0.124,0.016,0.724681761142632,"Not Significant"
"KRBOX1",3.29631773232404e-05,-2.18762700317577,0.078,0.223,0.727925844829118,"Not Significant"
"SLC11A2",3.30936176347247e-05,0.724026538458708,0.523,0.301,0.730806358227626,"Not Significant"
"PTRH2",3.32533033213002e-05,1.33560303178444,0.249,0.088,0.734332697244273,"Not Significant"
"DECR1",3.32810017095794e-05,1.46814883573841,0.28,0.114,0.734944360752641,"Not Significant"
"TWIST1",3.34178981979887e-05,-1.37304341061422,0.15,0.326,0.737967445906183,"Not Significant"
"AC090517.5",3.34889097680623e-05,1.52837897235479,0.238,0.083,0.739535594408119,"Not Significant"
"LINC01341",3.38991061409397e-05,-1.95935801550265,0.026,0.145,0.748593960910372,"Not Significant"
"PDE7A",3.43989495930178e-05,1.1096244911745,0.352,0.171,0.759632003862612,"Not Significant"
"COA1",3.46414783490636e-05,0.927649155775316,0.461,0.269,0.764987766382371,"Not Significant"
"SGPL1",3.47339377063211e-05,1.11929892837234,0.249,0.083,0.767029546368689,"Not Significant"
"ARL3",3.47884533695374e-05,2,0.145,0.026,0.768233415759495,"Not Significant"
"TNS3",3.52319746845914e-05,0.718605530047925,0.87,0.881,0.778027696959832,"Not Significant"
"PFKP",3.5272208318755e-05,1.43609911480667,0.166,0.036,0.778916176303066,"Not Significant"
"TRAF3IP1",3.52845617522431e-05,1.39854937649027,0.233,0.078,0.779188977174785,"Not Significant"
"EFEMP1",3.5779913608032e-05,-1.20567502639151,0.119,0.29,0.790127832206171,"Not Significant"
"LINC01278",3.59534635841085e-05,0.805496975837022,0.528,0.332,0.793960336327867,"Not Significant"
"BCL6",3.59757849193157e-05,-2.83289001416474,0.078,0.218,0.794453258373249,"Not Significant"
"NUTM2B-AS1",3.61558869501834e-05,0.557481764299049,0.477,0.264,0.798430451520899,"Not Significant"
"RAP1A",3.62091639897723e-05,0.736965594166206,0.632,0.451,0.799606968386141,"Not Significant"
"EEF2K",3.62386573338087e-05,1.47916783669856,0.285,0.119,0.800258269902498,"Not Significant"
"ZNF559",3.64429533869925e-05,1.55458885167764,0.171,0.041,0.804769739644956,"Not Significant"
"R3HDM2",3.65566721096825e-05,-0.670390119389691,0.741,0.824,0.807280990198119,"Not Significant"
"SMIM8",3.67972280711314e-05,1.58496250072116,0.259,0.098,0.812593187494795,"Not Significant"
"FLT1",3.69446963438737e-05,-1.07419413219525,0.42,0.694,0.815849729361764,"Not Significant"
"LDB2",3.70048196201179e-05,1.37529132048609,0.155,0.031,0.817177431671064,"Not Significant"
"SCP2",3.70178748652019e-05,1.16992500144231,0.326,0.145,0.817465730648254,"Not Significant"
"ZDHHC6",3.70712268612594e-05,1.4447848426729,0.207,0.062,0.81864390277719,"Not Significant"
"RELCH",3.71883217210611e-05,0.976153258045632,0.56,0.415,0.821229708566192,"Not Significant"
"MYO6",3.79481584016602e-05,-0.955877446767692,0.244,0.44,0.838009181983863,"Not Significant"
"ZCCHC4",3.7955555414741e-05,1.90689059560852,0.212,0.067,0.838172530223725,"Not Significant"
"STXBP4",3.7998878567285e-05,1.37851162325373,0.223,0.073,0.839129235401354,"Not Significant"
"GABARAPL1",3.80436830278675e-05,-1.06529146025172,0.176,0.363,0.840118652304399,"Not Significant"
"PTPN3",3.8239258664001e-05,-0.79054663437105,0.166,0.358,0.844437549077134,"Not Significant"
"MSRA",3.89907091834667e-05,1.21021770739035,0.332,0.15,0.861031830898494,"Not Significant"
"FANCA",3.9069228600442e-05,-1.37851162325373,0.093,0.254,0.86276577518356,"Not Significant"
"MED28",3.92830792018291e-05,1.27563444261343,0.218,0.067,0.867488238013993,"Not Significant"
"IFITM3",3.93353587533316e-05,0.266645659386173,0.347,0.14,0.868642727349823,"Not Significant"
"FCGR1B",3.94335115714304e-05,2.28950661719499,0.161,0.036,0.870810236031898,"Not Significant"
"TANGO6",3.95064695059837e-05,1.08488889758651,0.275,0.104,0.872421366100638,"Not Significant"
"SNAPC1",3.97350606479591e-05,1.64385618977472,0.192,0.052,0.87746934428888,"Not Significant"
"AC079921.1",3.98759927777379e-05,-1.83650126771712,0.062,0.202,0.880581548510786,"Not Significant"
"VPS53",4.010408222885e-05,0.980008524812534,0.508,0.332,0.885618447859695,"Not Significant"
"LINC00578",4.0400746436659e-05,-1.93859945533586,0.041,0.171,0.89216968356074,"Not Significant"
"HS6ST2",4.05222359615852e-05,-0.715432432616565,0.073,0.223,0.894852536739687,"Not Significant"
"SLX4IP",4.07437664672936e-05,1.0351894284623,0.43,0.233,0.899744594897245,"Not Significant"
"DUSP4",4.08682820648411e-05,-2.02748073642211,0.036,0.161,0.902494272837887,"Not Significant"
"FER1L5",4.11188898742801e-05,-2.55019708256048,0.031,0.15,0.908028445093727,"Not Significant"
"RSPO2",4.12157093869254e-05,4.16992500144231,0.13,0.021,0.910166510391474,"Not Significant"
"FSCN1",4.12349924649477e-05,1.05183893151962,0.223,0.067,0.91059233860344,"Not Significant"
"FURIN",4.12531339932712e-05,-1.61565929794407,0.114,0.275,0.910992957973408,"Not Significant"
"CENPE",4.12592949944136e-05,2.37196877738696,0.161,0.036,0.911129011361635,"Not Significant"
"KANSL1",4.16866274370717e-05,0.541852260633061,0.855,0.793,0.920565793692855,"Not Significant"
"N4BP2L2",4.17005842762633e-05,-0.538606865029417,0.876,0.927,0.920874002572722,"Not Significant"
"AGO3",4.18558354644725e-05,0.740995471202359,0.632,0.477,0.924302414561946,"Not Significant"
"ZMAT3",4.19507180146519e-05,1.88452278258006,0.187,0.052,0.926397705917557,"Not Significant"
"RAPGEF2",4.21163520277552e-05,-0.53605290024021,0.725,0.87,0.930055401828917,"Not Significant"
"LINC01226",4.22340500086665e-05,-3.62449086490779,0.01,0.109,0.932654526341383,"Not Significant"
"ERCC3",4.24949029500547e-05,1.58496250072116,0.212,0.067,0.938414941846058,"Not Significant"
"DIS3L",4.25796767370418e-05,1.77258950389693,0.171,0.041,0.940287001384094,"Not Significant"
"NFE2L1",4.25905693001908e-05,1.13750352374993,0.264,0.098,0.940527541856113,"Not Significant"
"FXYD6",4.34045449895468e-05,1.50250034052918,0.135,0.021,0.958502567004161,"Not Significant"
"EPHA3",4.34718877964183e-05,2.26126531298074,0.187,0.052,0.959989698208306,"Not Significant"
"RAB17",4.34951256717095e-05,-2.0703893278914,0.036,0.161,0.960502860208362,"Not Significant"
"CCDC92",4.36802867499039e-05,1.17753818555219,0.29,0.119,0.964591772298128,"Not Significant"
"MAP3K14",4.3894347439132e-05,1.73696559416621,0.202,0.062,0.969318874498352,"Not Significant"
"SLC22A5",4.39245849117906e-05,-1.91427012597412,0.052,0.187,0.969986608607071,"Not Significant"
"AC245014.3",4.41251682524054e-05,3.05889368905357,0.109,0.01,0.974416090517869,"Not Significant"
"PSAP",4.43347029193362e-05,0.365455470428283,0.554,0.332,0.979043244567702,"Not Significant"
"ZNF26",4.43613277389224e-05,1.23562824849314,0.28,0.114,0.979631200458624,"Not Significant"
"CKAP2",4.43830359853157e-05,1.16992500144231,0.155,0.031,0.980110583663725,"Not Significant"
"ZNF449",4.44988917895334e-05,3,0.109,0.01,0.982669027388265,"Not Significant"
"TDRD7",4.48039646094238e-05,2.32192809488736,0.15,0.031,0.989405950469907,"Not Significant"
"TRAM2-AS1",4.48078271082854e-05,-3.4594316186373,0.016,0.119,0.989491246032267,"Not Significant"
"NIPA1",4.48705287356914e-05,2.93859945533586,0.109,0.01,0.990875886070274,"Not Significant"
"CES2",4.48705287356914e-05,2.93859945533586,0.109,0.01,0.990875886070274,"Not Significant"
"RRP15",4.50515614769823e-05,1.41503749927884,0.192,0.052,0.9948736320962,"Not Significant"
"LUCAT1",4.51878370284862e-05,-2.47393118833241,0.031,0.15,0.99788300510006,"Not Significant"
"PTPRT",7.1941272495956e-05,4.85085656069419,0.124,0.021,1,"Not Significant"
"RASGRF2",7.3756056595962e-05,4.29768054864069,0.104,0.01,1,"Not Significant"
"BTBD11",7.01197462587468e-05,3.8073549220576,0.124,0.021,1,"Not Significant"
"CACNB2",0.000135881851259107,3.78135971352466,0.109,0.016,1,"Not Significant"
"NFASC",7.6197038371825e-05,3.70043971814109,0.104,0.01,1,"Not Significant"
"CCDC102B",0.00132895571208584,3.48308288670194,0.124,0.036,1,"Not Significant"
"LINC01807",5.12141123594576e-05,-3.30985526258679,0.047,0.171,1,"Not Significant"
"GREB1L",7.69794865908066e-05,3.26303440583379,0.135,0.026,1,"Not Significant"
"AC090578.1",8.57625527218488e-05,3.24792751344359,0.104,0.01,1,"Not Significant"
"CCN2",0.000138479667600659,3.23266075679027,0.109,0.016,1,"Not Significant"
"TGFB2",0.000130316109038472,3.1926450779424,0.119,0.021,1,"Not Significant"
"HPN",7.69540957940616e-05,3.16992500144231,0.104,0.01,1,"Not Significant"
"GYS1",7.69553299020884e-05,3.16992500144231,0.104,0.01,1,"Not Significant"
"LEP",0.000688173066732245,-3.15919859484925,0.047,0.145,1,"Not Significant"
"AL138828.1",0.00144350651658936,-3.12101540096137,0.041,0.13,1,"Not Significant"
"OTUD1",7.76190882224788e-05,3.11547721741994,0.104,0.01,1,"Not Significant"
"NAALAD2",0.000217707862014934,3.10433665981474,0.114,0.021,1,"Not Significant"
"RUNDC3B",8.22213131398201e-05,-3.08746284125034,0.016,0.114,1,"Not Significant"
"STIL",4.82095336224726e-05,3.0703893278914,0.119,0.016,1,"Not Significant"
"CDON",0.000318467638456855,3.05889368905357,0.119,0.026,1,"Not Significant"
"LINC00939",0.000137598703957587,-3.04439411935845,0.016,0.109,1,"Not Significant"
"GPC6",7.16509834146769e-05,3.03076225377069,0.161,0.041,1,"Not Significant"
"CENPI",4.59605938550228e-05,3,0.119,0.016,1,"Not Significant"
"SLC16A7",7.88255521118167e-05,3,0.135,0.026,1,"Not Significant"
"ZFPM2",0.000712028021810234,2.99084000071452,0.28,0.166,1,"Not Significant"
"C1RL",7.82799719686704e-05,2.93859945533586,0.104,0.01,1,"Not Significant"
"PWWP3B",0.000389061413186675,-2.93859945533586,0.021,0.109,1,"Not Significant"
"SLC22A3",0.000120683730216658,2.92337871839709,0.14,0.031,1,"Not Significant"
"AC068234.2",4.71359787193505e-05,-2.90689059560852,0.016,0.119,1,"Not Significant"
"AC012358.3",7.8937832355901e-05,2.87446911791614,0.104,0.01,1,"Not Significant"
"HVCN1",7.8937832355901e-05,2.87446911791614,0.104,0.01,1,"Not Significant"
"HSF4",7.8937832355901e-05,2.87446911791614,0.104,0.01,1,"Not Significant"
"RASSF2",7.8937832355901e-05,2.87446911791614,0.104,0.01,1,"Not Significant"
"TCF7L1",8.75285298223833e-05,2.87446911791614,0.15,0.036,1,"Not Significant"
"SLIT3",0.000160934204687569,2.86673346913654,0.145,0.036,1,"Not Significant"
"LINC00967",8.20474345257934e-05,-2.85798099512757,0.01,0.104,1,"Not Significant"
"DDAH1",0.0167948085579523,2.83871909296694,0.104,0.041,1,"Not Significant"
"PDZRN3",0.00222486883566128,2.81676383610832,0.285,0.187,1,"Not Significant"
"AL603839.3",4.83167848597039e-05,2.8073549220576,0.119,0.016,1,"Not Significant"
"NAGA",4.83167848597039e-05,2.8073549220576,0.119,0.016,1,"Not Significant"
"GCNT4",4.92715376390463e-05,-2.8073549220576,0.016,0.119,1,"Not Significant"
"GFOD1",0.000601495186579896,2.8073549220576,0.114,0.026,1,"Not Significant"
"PRR16",0.00199028620857744,2.8073549220576,0.119,0.036,1,"Not Significant"
"TWIST2",9.14909829556124e-05,2.77760757866355,0.114,0.016,1,"Not Significant"
"WAKMAR2",4.76539175671297e-05,-2.76553474636298,0.021,0.13,1,"Not Significant"
"PGM2L1",8.42735349273271e-05,2.75488750216347,0.114,0.016,1,"Not Significant"
"MEG8",0.00509659720902906,2.75132088714328,0.311,0.223,1,"Not Significant"
"SLC10A6",0.000139732538838764,-2.72246602447109,0.021,0.119,1,"Not Significant"
"AR",0.000106087006100858,-2.71271804791953,0.031,0.14,1,"Not Significant"
"CNTN5",0.136736532399389,2.7044842821607,0.187,0.145,1,"Not Significant"
"QDPR",4.84138933800522e-05,2.70043971814109,0.109,0.01,1,"Not Significant"
"AL031280.1",4.890893785145e-05,-2.70043971814109,0.016,0.119,1,"Not Significant"
"PCDH1",4.890893785145e-05,-2.70043971814109,0.016,0.119,1,"Not Significant"
"C1QTNF1-AS1",8.4267942750007e-05,-2.70043971814109,0.01,0.104,1,"Not Significant"
"NLGN1",0.000565865212741052,-2.70043971814109,0.031,0.124,1,"Not Significant"
"ELF4",5.18565783930061e-05,2.67807190511264,0.119,0.016,1,"Not Significant"
"ENPP1",0.00199901811224084,2.67807190511264,0.264,0.155,1,"Not Significant"
"LINC01725",0.000212535048366751,-2.6724253419715,0.026,0.124,1,"Not Significant"
"LMOD1",0.000246153335423705,2.66296501272243,0.114,0.021,1,"Not Significant"
"MARCO",0.000148626638328435,2.65535182861255,0.145,0.036,1,"Not Significant"
"DANT2",0.00025257111800931,2.65207669657969,0.114,0.021,1,"Not Significant"
"SLC4A4",5.02116211565874e-05,-2.64385618977472,0.016,0.119,1,"Not Significant"
"CD180",0.000250433393211218,2.64385618977472,0.104,0.016,1,"Not Significant"
"ATP2C2",0.000726462229178438,-2.64385618977472,0.021,0.104,1,"Not Significant"
"GRIA4",0.000744477671519106,2.63742992061529,0.104,0.021,1,"Not Significant"
"VNN1",9.10696938784231e-05,2.63226821549951,0.114,0.016,1,"Not Significant"
"AC007098.1",0.000144191198420977,2.63226821549951,0.119,0.021,1,"Not Significant"
"EPHA6",8.76706144076385e-05,2.60542660328087,0.135,0.026,1,"Not Significant"
"LOXL1",5.03595226463094e-05,2.58496250072116,0.13,0.021,1,"Not Significant"
"AC022463.1",0.000148230510098108,-2.58496250072116,0.016,0.109,1,"Not Significant"
"SLC30A2",8.24318185789781e-05,-2.58496250072116,0.021,0.124,1,"Not Significant"
"INHA",8.24318185789781e-05,-2.58496250072116,0.021,0.124,1,"Not Significant"
"MMP2",0.000176412533436813,2.56634682255381,0.119,0.021,1,"Not Significant"
"PAPPA-AS1",0.000268449714976261,-2.56071495447448,0.016,0.104,1,"Not Significant"
"GUCY1A2",0.000963877376218925,2.55799545312089,0.15,0.052,1,"Not Significant"
"NUF2",6.84067032742666e-05,2.55458885167764,0.145,0.031,1,"Not Significant"
"SRPX",0.000572084913090413,2.55019708256048,0.124,0.031,1,"Not Significant"
"SIRPB2",4.91822568782043e-05,2.53605290024021,0.13,0.021,1,"Not Significant"
"EVC",0.000262138412371037,2.53605290024021,0.104,0.016,1,"Not Significant"
"FAT4",0.0016596686480602,2.53051471669878,0.104,0.026,1,"Not Significant"
"GADD45B",4.87727479936885e-05,2.52356195605701,0.14,0.026,1,"Not Significant"
"TMEM41A",0.000150024058936373,2.52356195605701,0.109,0.016,1,"Not Significant"
"AC105383.1",0.000161528227764188,2.52356195605701,0.109,0.016,1,"Not Significant"
"TTPA",0.000135066893145352,-2.51457317282976,0.026,0.13,1,"Not Significant"
"ROR2",5.54009055895878e-05,2.50695998871988,0.166,0.041,1,"Not Significant"
"MBOAT2",0.000419426626324171,2.4964258261195,0.119,0.026,1,"Not Significant"
"AC002072.1",7.56536451899794e-05,-2.49476469174958,0.041,0.161,1,"Not Significant"
"FAM122C",5.29815261432236e-05,2.48542682717024,0.119,0.016,1,"Not Significant"
"TOB1",0.00041515561575797,2.48542682717024,0.109,0.021,1,"Not Significant"
"GRM7",4.78641484037161e-05,-2.47393118833241,0.026,0.14,1,"Not Significant"
"NCALD",0.000120687125615791,2.47031993478003,0.181,0.057,1,"Not Significant"
"MAST3",0.000153415797628655,2.4594316186373,0.109,0.016,1,"Not Significant"
"RENBP",0.000153415797628655,2.4594316186373,0.109,0.016,1,"Not Significant"
"CYB561",0.00025967924858746,-2.4594316186373,0.016,0.104,1,"Not Significant"
"ARHGAP11B",0.00157999630381644,2.4594316186373,0.114,0.031,1,"Not Significant"
"C12orf75",0.000160501842125915,2.4594316186373,0.155,0.041,1,"Not Significant"
"CCNE1",0.0079541145091206,2.4447848426729,0.104,0.036,1,"Not Significant"
"CDK18",0.000268772332740367,2.43295940727611,0.104,0.016,1,"Not Significant"
"NLRC4",0.000421592980019101,2.43295940727611,0.109,0.021,1,"Not Significant"
"SYNPO",7.3618915437085e-05,-2.41503749927884,0.041,0.161,1,"Not Significant"
"PPM1F",7.84078626706599e-05,2.41503749927884,0.135,0.026,1,"Not Significant"
"NFIX",0.000428047727426734,2.41503749927884,0.109,0.021,1,"Not Significant"
"PTK7",0.000430436730082186,2.40599235967584,0.119,0.026,1,"Not Significant"
"DEPP1",0.00171379494785533,-2.40209844357135,0.026,0.104,1,"Not Significant"
"SLIT2",0.0351059441724161,2.40191622758867,0.275,0.218,1,"Not Significant"
"MATN2",9.8545472630323e-05,2.39689015256858,0.15,0.036,1,"Not Significant"
"PDZRN4",0.000862812736479612,2.39530128121758,0.218,0.104,1,"Not Significant"
"TMEM19",0.000265135172288674,2.39231742277876,0.104,0.016,1,"Not Significant"
"CCN1",5.42702257782239e-05,2.37851162325373,0.14,0.026,1,"Not Significant"
"UAP1L1",0.000148723998568759,2.37851162325373,0.119,0.021,1,"Not Significant"
"CTPS1",0.000160017739758175,2.37851162325373,0.109,0.016,1,"Not Significant"
"GOLGA8A",0.000272108965210401,2.37851162325373,0.104,0.016,1,"Not Significant"
"ME3",0.000421599421796646,2.37851162325373,0.109,0.021,1,"Not Significant"
"FAM47E",0.000715607329813066,-2.37851162325373,0.021,0.104,1,"Not Significant"
"AC027020.2",0.000715607329813066,2.37851162325373,0.104,0.021,1,"Not Significant"
"IQSEC2",0.000715607329813066,2.37851162325373,0.104,0.021,1,"Not Significant"
"CELF6",0.000737499937616175,2.37851162325373,0.104,0.021,1,"Not Significant"
"LMCD1-AS1",0.0071238517326385,2.37503943134692,0.114,0.041,1,"Not Significant"
"FBXL2",0.000498953613353932,2.37345839552744,0.135,0.036,1,"Not Significant"
"AC098828.2",9.15545477536102e-05,-2.36923380966572,0.016,0.114,1,"Not Significant"
"SMARCC2",0.000133910445347254,2.36923380966572,0.13,0.026,1,"Not Significant"
"AL592430.1",0.000136436237966874,-2.36923380966572,0.026,0.13,1,"Not Significant"
"ARSG",7.16667359127053e-05,2.36257007938471,0.145,0.031,1,"Not Significant"
"PTPN13",0.00016494317717461,2.36257007938471,0.109,0.016,1,"Not Significant"
"FHAD1",0.000238172706101975,2.36257007938471,0.124,0.026,1,"Not Significant"
"NIM1K",0.000453380167396509,-2.35755200461808,0.021,0.109,1,"Not Significant"
"LURAP1L",0.000129721976858133,2.35548065459839,0.14,0.031,1,"Not Significant"
"PPP1R1C",0.0016303037320967,-2.35049724708413,0.031,0.114,1,"Not Significant"
"AC092422.1",5.00488930648263e-05,2.32192809488736,0.109,0.01,1,"Not Significant"
"HS1BP3",0.000136438281148136,2.32192809488736,0.13,0.026,1,"Not Significant"
"CD96",0.000164242361431719,-2.32192809488736,0.016,0.109,1,"Not Significant"
"AC019197.1",0.000174522114056844,-2.32192809488736,0.036,0.145,1,"Not Significant"
"HCST",0.000742987788072798,2.32192809488736,0.104,0.021,1,"Not Significant"
"LRRC63",0.00107945931773293,2.32192809488736,0.109,0.026,1,"Not Significant"
"DGKE",4.94846548483448e-05,2.32192809488736,0.109,0.01,1,"Not Significant"
"TESC",4.95342687420497e-05,2.32192809488736,0.109,0.01,1,"Not Significant"
"PLBD2",5.49607266855142e-05,2.32192809488736,0.119,0.016,1,"Not Significant"
"AC024901.1",6.89666310980494e-05,2.32192809488736,0.145,0.031,1,"Not Significant"
"BATF",8.35773279105009e-05,2.32192809488736,0.135,0.026,1,"Not Significant"
"ABCB10",0.000121509621821489,2.32192809488736,0.14,0.031,1,"Not Significant"
"PLS3",0.000218493379006452,2.32192809488736,0.135,0.031,1,"Not Significant"
"TMEM37",0.000254857087922314,2.32192809488736,0.114,0.021,1,"Not Significant"
"IFT140",0.000258760622834958,2.32192809488736,0.114,0.021,1,"Not Significant"
"JHY",0.000277620253129747,-2.32192809488736,0.016,0.104,1,"Not Significant"
"EFCAB7",0.0004346315091613,2.32192809488736,0.109,0.021,1,"Not Significant"
"PRDM1",0.00488298071886793,2.28950661719499,0.109,0.036,1,"Not Significant"
"GNA14",9.87191796442076e-05,2.2829339632715,0.124,0.021,1,"Not Significant"
"ERMP1",0.000124162935644047,2.28010791919273,0.14,0.031,1,"Not Significant"
"MSH5",0.000138997915339942,2.27301849440642,0.13,0.026,1,"Not Significant"
"TBC1D31",0.000737367739269649,2.27301849440642,0.104,0.021,1,"Not Significant"
"ADCY6",0.000748825333532789,2.27301849440642,0.104,0.021,1,"Not Significant"
"MLYCD",5.56237433036158e-05,2.26303440583379,0.119,0.016,1,"Not Significant"
"IL16",9.39174370433847e-05,2.26303440583379,0.104,0.01,1,"Not Significant"
"TTC5",0.00016268971780695,2.26303440583379,0.109,0.016,1,"Not Significant"
"IFT27",0.000726509609329841,2.26303440583379,0.104,0.021,1,"Not Significant"
"JPT1",0.000238830628845679,2.25633975325979,0.135,0.031,1,"Not Significant"
"RP1",0.00268556312519253,-2.24792751344359,0.031,0.109,1,"Not Significant"
"AC093866.1",0.0034872803299106,-2.24792751344359,0.047,0.13,1,"Not Significant"
"IFI30",0.000139766002626505,-2.2315640672347,0.15,0.301,1,"Not Significant"
"FMO5",0.00014158891115033,2.22239242133645,0.13,0.026,1,"Not Significant"
"AC009542.1",0.000398799403205651,2.22239242133645,0.119,0.026,1,"Not Significant"
"LINC01503",0.000445254504859248,2.22239242133645,0.109,0.021,1,"Not Significant"
"TSC22D3",5.97062765352487e-05,2.22239242133645,0.119,0.016,1,"Not Significant"
"NPFFR2",0.000813093104554479,-2.21501289097085,0.047,0.145,1,"Not Significant"
"ZNF608",0.000112287052766922,2.2129937233342,0.15,0.036,1,"Not Significant"
"CLEC7A",0.000366385587287445,2.20945336562895,0.13,0.031,1,"Not Significant"
"LAMA2",0.0752810216623225,2.20751630476708,0.389,0.363,1,"Not Significant"
"CD83",0.000343406395066046,2.20645087746743,0.13,0.031,1,"Not Significant"
"EFNB2",0.000842804285095199,2.20163386116965,0.13,0.036,1,"Not Significant"
"ASL",8.9804700284007e-05,2.1926450779424,0.135,0.026,1,"Not Significant"
"NNMT",0.000304978216870607,2.1926450779424,0.104,0.016,1,"Not Significant"
"C5orf30",0.00119636636266448,2.1926450779424,0.109,0.026,1,"Not Significant"
"PRKG1",0.0975057251478546,2.18786001537702,0.28,0.244,1,"Not Significant"
"MAPK4",0.0025166975103293,-2.18762700317577,0.031,0.109,1,"Not Significant"
"LINC02840",0.000646929388472697,-2.18442457113743,0.026,0.114,1,"Not Significant"
"GALNT3",0.000931302114325097,2.18220333122075,0.145,0.047,1,"Not Significant"
"PTH1R",0.000105296260990833,2.16992500144231,0.114,0.016,1,"Not Significant"
"UNC93B1",0.000244851942349333,2.16992500144231,0.124,0.026,1,"Not Significant"
"ARMCX3",0.000457323396388814,2.16992500144231,0.109,0.021,1,"Not Significant"
"SCN7A",0.000479993590352755,2.16992500144231,0.109,0.021,1,"Not Significant"
"RILPL2",0.00185597918499966,2.16992500144231,0.104,0.026,1,"Not Significant"
"ZFP64",0.000392642884190801,2.15527822547791,0.161,0.052,1,"Not Significant"
"CDH11",0.029852333397723,2.15130932327497,0.285,0.228,1,"Not Significant"
"CACNA2D1",6.94287847766337e-05,2.15055967657538,0.166,0.041,1,"Not Significant"
"TATDN3",5.30614589800395e-05,2.14684138832927,0.14,0.026,1,"Not Significant"
"SHCBP1",0.000170653688454506,2.14684138832927,0.119,0.021,1,"Not Significant"
"FAM78A",0.000213782199313905,2.14684138832927,0.135,0.031,1,"Not Significant"
"PABPC4L",0.000286801601769875,2.14684138832927,0.114,0.021,1,"Not Significant"
"AC008083.3",0.000358148374868682,2.14684138832927,0.13,0.031,1,"Not Significant"
"CCR5AS",0.00198212426913196,-2.14684138832927,0.026,0.104,1,"Not Significant"
"SLC24A3",0.00682967037711182,-2.14383577257365,0.073,0.155,1,"Not Significant"
"AC010359.3",0.000283411494326012,2.13750352374993,0.104,0.016,1,"Not Significant"
"MEGF8",0.000748585936069468,2.13750352374993,0.104,0.021,1,"Not Significant"
"PLEKHH2",0.00114027720723757,2.12928301694497,0.109,0.026,1,"Not Significant"
"SMCO4",6.20607883650328e-05,2.12928301694497,0.13,0.021,1,"Not Significant"
"FN1",0.00168644538816734,2.11794909791358,0.461,0.368,1,"Not Significant"
"TUBE1",0.000163809547152563,2.11547721741994,0.119,0.021,1,"Not Significant"
"AC096677.1",0.0011185178919654,-2.11547721741994,0.026,0.109,1,"Not Significant"
"FANK1",0.000737743976619334,-2.10691520391651,0.057,0.161,1,"Not Significant"
"ZNF484",0.000169404328646831,2.09953567355091,0.119,0.021,1,"Not Significant"
"GIMAP5",0.000584106822111638,2.09953567355091,0.124,0.031,1,"Not Significant"
"GRB7",0.000584106822111638,-2.09953567355091,0.031,0.124,1,"Not Significant"
"ZNF675",0.000195307403024375,2.09515723304034,0.161,0.047,1,"Not Significant"
"LINC01416",0.0010255736145767,2.09515723304034,0.119,0.031,1,"Not Significant"
"TSHZ2",0.493379267433933,2.09060254878091,0.109,0.093,1,"Not Significant"
"SOX6",0.00130182627543129,2.08969438854892,0.306,0.197,1,"Not Significant"
"DOCK6",5.77138312809369e-05,2.08746284125034,0.14,0.026,1,"Not Significant"
"BIVM",8.00243991893715e-05,2.08746284125034,0.145,0.031,1,"Not Significant"
"PANX1",0.00101763910608087,2.08746284125034,0.119,0.031,1,"Not Significant"
"EBPL",6.32947134280709e-05,2.08746284125034,0.13,0.021,1,"Not Significant"
"CERK",6.91975540267775e-05,2.07800251200127,0.155,0.036,1,"Not Significant"
"ACACB",0.000136050680268747,2.07800251200127,0.14,0.031,1,"Not Significant"
"TMEM218",0.000286809525011011,2.0703893278914,0.104,0.016,1,"Not Significant"
"AC240274.1",0.000766144916728338,2.0703893278914,0.104,0.021,1,"Not Significant"
"OCA2",0.000726772757902474,2.06413033741972,0.114,0.026,1,"Not Significant"
"MEG3",0.00945224061520663,2.06189902021323,0.311,0.238,1,"Not Significant"
"IRAK1",0.000681955025910861,2.05889368905357,0.114,0.026,1,"Not Significant"
"RHOD",0.00185597357026129,-2.05889368905357,0.026,0.104,1,"Not Significant"
"NBPF9",0.000608738477738198,2.05062607306997,0.124,0.031,1,"Not Significant"
"AC004982.2",0.00254286018688573,-2.05062607306997,0.031,0.109,1,"Not Significant"
"KCNIP4",0.0393969701793251,2.04928693772547,0.264,0.207,1,"Not Significant"
"PPP1R18",0.000112311391577746,2.04439411935845,0.15,0.036,1,"Not Significant"
"HSD17B14",0.000112311391577746,2.04439411935845,0.15,0.036,1,"Not Significant"
"PLOD1",6.70039746598663e-05,2.04439411935845,0.13,0.021,1,"Not Significant"
"COL5A2",0.000176641244546467,2.04379511787968,0.269,0.13,1,"Not Significant"
"FGFR2",0.000140701737764885,2.04182017569463,0.155,0.041,1,"Not Significant"
"PLCH1",0.00432567297394405,2.03952836418664,0.104,0.031,1,"Not Significant"
"FAM43A",0.000195952930878146,-2.03242147769238,0.047,0.161,1,"Not Significant"
"AC073332.1",0.000507382724623594,-2.03242147769238,0.021,0.109,1,"Not Significant"
"DOK6",0.00507051350814558,2.03242147769238,0.119,0.041,1,"Not Significant"
"AL080317.1",0.000186802814682394,-2.02974734339405,0.057,0.176,1,"Not Significant"
"AC008825.1",0.000156448563189792,2.01853595143743,0.233,0.098,1,"Not Significant"
"PDE3A",7.42501418596278e-05,2.00971515483321,0.155,0.036,1,"Not Significant"
"NPEPL1",7.12063333626119e-05,2,0.155,0.036,1,"Not Significant"
"EPOR",0.000137853280755276,2,0.14,0.031,1,"Not Significant"
"AXIN1",0.00014533544365936,2,0.14,0.031,1,"Not Significant"
"L3HYPDH",0.000369123180890422,2,0.13,0.031,1,"Not Significant"
"ACSF3",0.000375608513921995,2,0.13,0.031,1,"Not Significant"
"CRYZ",0.000473374928949372,2,0.109,0.021,1,"Not Significant"
"NOM1",0.000694185823002544,2,0.114,0.026,1,"Not Significant"
"DDR1",0.000786920222282879,-2,0.021,0.104,1,"Not Significant"
"GNA15",0.000786920222282879,2,0.104,0.021,1,"Not Significant"
"AC016687.3",0.00142858852635416,-2,0.036,0.124,1,"Not Significant"
"AC022217.3",4.67934057753508e-05,2,0.161,0.036,1,"Not Significant"
"NQO2",5.98932216403721e-05,2,0.166,0.041,1,"Not Significant"
"P3H1",0.000171436779924667,2,0.155,0.041,1,"Not Significant"
"PANCR",0.00028372163411615,2,0.104,0.016,1,"Not Significant"
"PCDH18",0.000455513315167987,2,0.119,0.026,1,"Not Significant"
"ROBO2",0.00553016844882671,2,0.119,0.041,1,"Not Significant"
"ATPSCKMT",0.000156551019901327,2,0.13,0.026,1,"Not Significant"
"CNN2",0.000178449515993188,2,0.109,0.016,1,"Not Significant"
"HABP4",0.000302817274336706,2,0.104,0.016,1,"Not Significant"
"CYP1B1-AS1",0.00118403524103162,-2,0.026,0.109,1,"Not Significant"
"ESYT1",0.00155733785768779,2,0.114,0.031,1,"Not Significant"
"TIMP3",0.554849974100094,1.99786425565601,0.347,0.368,1,"Not Significant"
"ANGPTL4",0.000460729533251201,-1.97400479146706,0.052,0.161,1,"Not Significant"
"AC114930.1",0.0056608784531965,1.97085365434048,0.161,0.073,1,"Not Significant"
"ZNF618",0.000163131675370057,1.96962635095648,0.13,0.026,1,"Not Significant"
"CARD16",0.014477338146326,-1.9668331360648,0.052,0.119,1,"Not Significant"
"TPX2",0.00113108411531778,1.96347412397489,0.109,0.026,1,"Not Significant"
"AC104170.1",0.00478849714909189,1.96347412397489,0.104,0.031,1,"Not Significant"
"CTHRC1",6.2753088082216e-05,1.95935801550265,0.119,0.016,1,"Not Significant"
"ELK1",0.00640993687961629,-1.95935801550265,0.041,0.114,1,"Not Significant"
"FYN",0.00487595931667045,1.95935801550265,0.155,0.067,1,"Not Significant"
"HRH2",6.17744871501417e-05,1.95935801550265,0.14,0.026,1,"Not Significant"
"SNCA",0.00155778089133233,1.95693127810811,0.14,0.047,1,"Not Significant"
"TRPM4",5.9297434939368e-05,1.95419631038688,0.14,0.026,1,"Not Significant"
"TCEAL3",0.000172197944618086,1.95419631038688,0.119,0.021,1,"Not Significant"
"RAB39A",0.000829384664546353,1.95419631038688,0.13,0.036,1,"Not Significant"
"TRIM2",0.000183422159700264,1.95419631038687,0.119,0.021,1,"Not Significant"
"COL4A1",0.00133997615272387,1.95083394319612,0.44,0.352,1,"Not Significant"
"IFT172",0.000264353772485462,1.94753258010586,0.124,0.026,1,"Not Significant"
"SLC12A7",0.000264353772485462,1.94753258010586,0.124,0.026,1,"Not Significant"
"PLB1",0.000608738477738198,1.94753258010586,0.124,0.031,1,"Not Significant"
"NOD1",6.97249795273893e-05,1.93859945533586,0.181,0.052,1,"Not Significant"
"POLQ",0.000312284679144751,1.93859945533586,0.114,0.021,1,"Not Significant"
"EML2",0.0010287139471057,-1.93859945533586,0.052,0.15,1,"Not Significant"
"DSEL",0.000586469906748715,1.93288580414146,0.135,0.036,1,"Not Significant"
"C16orf70",0.000108492530121441,1.92599941855622,0.192,0.062,1,"Not Significant"
"PIK3IP1",0.000189462534636338,1.92599941855622,0.145,0.036,1,"Not Significant"
"DDB2",0.00042278032583795,1.92599941855622,0.145,0.041,1,"Not Significant"
"LRIG3",0.000544702488631309,1.92599941855622,0.135,0.036,1,"Not Significant"
"ZFP90",9.96662366005399e-05,1.91753783980803,0.161,0.041,1,"Not Significant"
"ZRSR2",0.000122233851685422,1.91753783980803,0.15,0.036,1,"Not Significant"
"DIO3OS",0.000449316560858695,1.91753783980803,0.119,0.026,1,"Not Significant"
"EPN1",5.34711288520093e-05,1.90689059560852,0.176,0.047,1,"Not Significant"
"HEATR3",5.3847795184275e-05,1.90689059560852,0.176,0.047,1,"Not Significant"
"PPIE",0.000829393796151543,1.90689059560852,0.13,0.036,1,"Not Significant"
"KCNE3",0.000829393796151543,1.90689059560852,0.13,0.036,1,"Not Significant"
"INF2",0.00102483316283568,1.90689059560852,0.119,0.031,1,"Not Significant"
"AC019211.1",0.0127225714968986,-1.90689059560852,0.047,0.114,1,"Not Significant"
"ADGRA2",6.08633845948802e-05,1.90046432644909,0.15,0.031,1,"Not Significant"
"OLR1",0.0171310377374224,-1.90046432644909,0.057,0.124,1,"Not Significant"
"AC009961.1",0.00091509987964536,-1.89812038598079,0.073,0.181,1,"Not Significant"
"PTPRS",9.98329650813514e-05,1.89812038598079,0.145,0.031,1,"Not Significant"
"FAM160A1",0.000223800795855782,-1.89616418901546,0.047,0.161,1,"Not Significant"
"TBC1D13",0.000387201504241172,1.89308479608349,0.13,0.031,1,"Not Significant"
"FO393401.1",0.0016211737680555,1.89308479608349,0.114,0.031,1,"Not Significant"
"LINGO2",8.01927429454785e-05,1.8894416248523,0.197,0.062,1,"Not Significant"
"WDR19",5.26316777040378e-05,1.88752527074159,0.15,0.031,1,"Not Significant"
"SHLD1",0.00053552900585932,1.88752527074159,0.135,0.036,1,"Not Significant"
"LINC00662",0.000871898799649177,1.88752527074159,0.13,0.036,1,"Not Significant"
"SLC9C1",0.00524251097996186,-1.88752527074159,0.047,0.124,1,"Not Significant"
"BRIP1",0.00183433149158666,1.88135550350138,0.13,0.041,1,"Not Significant"
"CNIH3",0.00458938049784101,1.87446911791614,0.119,0.041,1,"Not Significant"
"AL603840.1",0.00056284796598015,-1.87446911791614,0.047,0.15,1,"Not Significant"
"OGN",0.000342562729699264,1.86507041991389,0.15,0.041,1,"Not Significant"
"VDAC3",8.45894209906309e-05,1.86249647625007,0.171,0.047,1,"Not Significant"
"MYO18A",0.00049505530347396,1.86249647625007,0.145,0.041,1,"Not Significant"
"AC011346.1",0.000646355067491678,1.86249647625007,0.114,0.026,1,"Not Significant"
"SMIM3",0.000174889578500809,1.85798099512757,0.109,0.016,1,"Not Significant"
"SPATA5L1",0.000459408659158511,1.85798099512757,0.119,0.026,1,"Not Significant"
"LIX1L",0.00167639334005388,1.85798099512757,0.114,0.031,1,"Not Significant"
"AC002460.2",0.000970600753352031,-1.85561009066482,0.047,0.145,1,"Not Significant"
"LINC02008",0.00261759564319278,1.85030706724215,0.238,0.13,1,"Not Significant"
"RASSF6",0.000327729382906009,-1.84799690655495,0.062,0.181,1,"Not Significant"
"METTL7B",0.000721575795764339,1.84799690655495,0.14,0.041,1,"Not Significant"
"C1orf198",0.00223521964815502,1.84799690655495,0.119,0.036,1,"Not Significant"
"CLMP",0.00114009439015299,1.84369676912132,0.254,0.135,1,"Not Significant"
"ZNF846",0.000235001619353334,1.84130225398094,0.161,0.047,1,"Not Significant"
"SNHG27",0.000811511316747386,-1.84130225398094,0.036,0.13,1,"Not Significant"
"TWISTNB",0.000305522650428177,1.83650126771712,0.114,0.021,1,"Not Significant"
"TMEM126B",0.000452048861205605,1.83650126771712,0.119,0.026,1,"Not Significant"
"IRAK1BP1",0.00198926362054708,1.83650126771712,0.104,0.026,1,"Not Significant"
"RHOG",0.0010783125588891,1.83007499855769,0.119,0.031,1,"Not Significant"
"AC009690.2",0.00269717105355898,1.83007499855769,0.109,0.031,1,"Not Significant"
"MEIS1",0.000129255632683839,1.82753280399523,0.326,0.176,1,"Not Significant"
"ARNTL",0.000143171551705734,1.82597060022495,0.166,0.047,1,"Not Significant"
"AF127577.2",0.000187169651462659,1.82597060022495,0.155,0.041,1,"Not Significant"
"PRXL2A",0.000372475481022498,1.82597060022495,0.14,0.036,1,"Not Significant"
"AC025171.2",0.000582751142553538,1.82597060022495,0.15,0.047,1,"Not Significant"
"MIR34AHG",0.000294737962459856,1.82312223791592,0.15,0.041,1,"Not Significant"
"WDR47",0.000661291506655398,1.82312223791592,0.15,0.047,1,"Not Significant"
"NCAPG2",0.000552542819506945,1.82102985895468,0.135,0.036,1,"Not Significant"
"ITPR1",8.17125766525672e-05,1.81897400532444,0.238,0.093,1,"Not Significant"
"SEMA5A",0.000285486137183257,1.81192765184743,0.181,0.062,1,"Not Significant"
"IFT122",0.000150406367827055,1.8073549220576,0.166,0.047,1,"Not Significant"
"INKA2",8.17745060826856e-05,1.8073549220576,0.155,0.036,1,"Not Significant"
"LINC00648",0.000174021134500324,1.8073549220576,0.13,0.026,1,"Not Significant"
"ATP7A",0.000541414056585787,1.8073549220576,0.135,0.036,1,"Not Significant"
"DTX3L",0.000793879827636305,1.8073549220576,0.114,0.026,1,"Not Significant"
"HAUS1",0.00104976515739914,1.8073549220576,0.119,0.031,1,"Not Significant"
"FAM120C",0.00104976515739914,1.8073549220576,0.119,0.031,1,"Not Significant"
"MRPS10",0.00141482887006468,1.8073549220576,0.124,0.036,1,"Not Significant"
"ESR1",0.00283240207983085,1.8073549220576,0.109,0.031,1,"Not Significant"
"GDPD1",6.5684863289462e-05,-1.8073549220576,0.083,0.223,1,"Not Significant"
"MGP",0.00159243786945609,1.8073549220576,0.124,0.036,1,"Not Significant"
"ASAP3",0.00208748386821478,1.79354912253257,0.145,0.052,1,"Not Significant"
"ANLN",0.00992328842146408,1.79354912253257,0.104,0.036,1,"Not Significant"
"SNX7",8.29302371147451e-05,1.79141337818858,0.155,0.036,1,"Not Significant"
"BOLA1",0.000535216884506917,-1.79141337818858,0.057,0.166,1,"Not Significant"
"AC009226.1",0.00103834237027798,1.79141337818858,0.13,0.036,1,"Not Significant"
"NF2",5.30154574670043e-05,1.78849589480629,0.161,0.036,1,"Not Significant"
"ENTR1",0.000582751142553538,1.78849589480629,0.15,0.047,1,"Not Significant"
"AC131956.2",6.1258022183641e-05,1.78427130894456,0.13,0.021,1,"Not Significant"
"GPR156",0.0084479883827854,-1.78427130894456,0.036,0.104,1,"Not Significant"
"LINC01203",0.00103285713480932,-1.78021879212009,0.062,0.166,1,"Not Significant"
"AC007952.4",0.000124117632404545,1.77760757866355,0.176,0.052,1,"Not Significant"
"ELOVL6",0.000232813000778555,1.77760757866355,0.145,0.036,1,"Not Significant"
"NME4",0.00202403131066428,1.77760757866355,0.104,0.026,1,"Not Significant"
"TLE2",0.00275038664600464,-1.77760757866355,0.031,0.109,1,"Not Significant"
"ZNF662",0.00436606730751904,-1.77760757866355,0.031,0.104,1,"Not Significant"
"BMP5",0.0501225508446746,1.77389216316456,0.223,0.161,1,"Not Significant"
"PCDH10",0.000197468917235485,1.77340759013427,0.202,0.073,1,"Not Significant"
"ZNF569",0.00093273341055382,1.77258950389693,0.145,0.047,1,"Not Significant"
"LINC02268",0.000225062285700521,1.76818432477693,0.176,0.057,1,"Not Significant"
"RPS6KA6",0.000244858437906524,-1.76553474636298,0.047,0.161,1,"Not Significant"
"TTL",9.15910443992706e-05,1.76553474636298,0.223,0.083,1,"Not Significant"
"ABCG1",0.000135057448493079,1.76553474636298,0.14,0.031,1,"Not Significant"
"METAP1D",0.00107521179447954,1.76553474636298,0.119,0.031,1,"Not Significant"
"CIAPIN1",0.00116789071091013,1.76553474636298,0.135,0.041,1,"Not Significant"
"AZIN1-AS1",0.000190857370990231,-1.76184026280524,0.098,0.233,1,"Not Significant"
"ZDHHC13",0.000131659426308874,1.7589919004962,0.166,0.047,1,"Not Significant"
"OCLN",0.00160137704978175,-1.7589919004962,0.062,0.161,1,"Not Significant"
"GRM7-AS3",0.00108938357591837,-1.75488750216347,0.031,0.119,1,"Not Significant"
"MON1B",0.00223855175139544,1.75488750216347,0.119,0.036,1,"Not Significant"
"AC106729.1",0.0026887500712273,-1.75488750216347,0.052,0.14,1,"Not Significant"
"BCL9L",0.000605668709983368,-1.75488750216347,0.073,0.187,1,"Not Significant"
"ZFP30",0.000193572460224987,1.75002174699165,0.155,0.041,1,"Not Significant"
"SLC5A6",0.000372098743111148,-1.75002174699165,0.047,0.155,1,"Not Significant"
"TK2",0.000190252477549725,1.74723392962003,0.187,0.062,1,"Not Significant"
"F11R",0.000251874541669352,1.74723392962003,0.176,0.057,1,"Not Significant"
"AC007038.1",0.000154913130528235,1.73696559416621,0.166,0.047,1,"Not Significant"
"CCDC169",0.000160278601157557,-1.73696559416621,0.016,0.109,1,"Not Significant"
"LBH",0.000260370475941981,1.73696559416621,0.135,0.031,1,"Not Significant"
"OGFR",0.000578080579383278,1.73696559416621,0.135,0.036,1,"Not Significant"
"TMTC4",0.00226025531671445,1.73696559416621,0.119,0.036,1,"Not Significant"
"P2RY14",0.000303383997582349,-1.73696559416621,0.052,0.166,1,"Not Significant"
"CIT",0.00146678683702168,1.7279204545632,0.124,0.036,1,"Not Significant"
"SLC35F2",0.00110356958027795,-1.72582503656101,0.052,0.15,1,"Not Significant"
"ZNF777",0.00171140034118296,-1.72582503656101,0.062,0.161,1,"Not Significant"
"ISY1",0.000481668352027743,1.72246602447109,0.145,0.041,1,"Not Significant"
"ATF6B",0.00093157957459666,1.72246602447109,0.145,0.047,1,"Not Significant"
"ARHGAP28",0.0226622274366112,1.71989208080726,0.28,0.202,1,"Not Significant"
"CBX6",0.00275038664600464,1.71620703399941,0.109,0.031,1,"Not Significant"
"ATG16L1",0.000248423660258125,1.71049338280502,0.161,0.047,1,"Not Significant"
"WNK2",5.68773235611776e-05,-1.70940987164564,0.124,0.285,1,"Not Significant"
"ISM2",0.329711374756301,1.70895121799661,0.109,0.083,1,"Not Significant"
"MSH2",5.35200910915776e-05,1.70781924850669,0.202,0.062,1,"Not Significant"
"COL5A1",9.45201666259062e-05,1.70626879694329,0.249,0.104,1,"Not Significant"
"AC079760.1",0.00471206879650444,-1.70525673443887,0.067,0.155,1,"Not Significant"
"HBA2",0.115587635499652,-1.70094637136522,0.269,0.321,1,"Not Significant"
"KDM1B",6.32039399055089e-05,1.70043971814109,0.15,0.031,1,"Not Significant"
"BPHL",0.000447395647513811,1.70043971814109,0.119,0.026,1,"Not Significant"
"TACC3",0.00313066556736592,1.70043971814109,0.124,0.041,1,"Not Significant"
"WNT7A",0.0044055676597663,-1.70043971814109,0.031,0.104,1,"Not Significant"
"ELMO2",0.00572263369868979,1.70043971814109,0.109,0.036,1,"Not Significant"
"FRY",9.49662597613465e-05,1.70043971814109,0.171,0.047,1,"Not Significant"
"NID2",0.0121860130802326,1.70043971814109,0.109,0.041,1,"Not Significant"
"ZNF625",0.000545547913938409,1.70043971814109,0.109,0.021,1,"Not Significant"
"HBA1",0.25998292453919,-1.69339873276052,0.259,0.285,1,"Not Significant"
"CWF19L1",0.000255077843240759,1.69187770463767,0.176,0.057,1,"Not Significant"
"RBBP5",0.000610488783313311,1.69187770463767,0.166,0.057,1,"Not Significant"
"ADCY5",5.4161006480714e-05,-1.69187770463767,0.073,0.212,1,"Not Significant"
"SNHG7",0.000105928681880298,1.68805599368526,0.124,0.021,1,"Not Significant"
"ZSCAN16-AS1",0.000324071164602468,1.68805599368526,0.114,0.021,1,"Not Significant"
"NOL3",0.00100659729828043,1.68449817427207,0.161,0.057,1,"Not Significant"
"FAP",0.00479203630292518,1.68117781598046,0.161,0.073,1,"Not Significant"
"AC009271.1",0.0061784368837006,1.67959937485923,0.212,0.119,1,"Not Significant"
"JDP2",0.000103953776223754,1.67807190511264,0.145,0.031,1,"Not Significant"
"ALKBH3",0.000159012857730045,1.67807190511264,0.14,0.031,1,"Not Significant"
"AUXG01000058.1",0.000483308084429531,1.67807190511264,0.145,0.041,1,"Not Significant"
"AC099499.1",0.000685523308784274,1.67807190511264,0.114,0.026,1,"Not Significant"
"STON1",0.000956980218591962,1.67807190511264,0.13,0.036,1,"Not Significant"
"TRAF2",0.00233178878133633,-1.67807190511264,0.036,0.119,1,"Not Significant"
"ALKBH8",0.00947091713002768,1.67807190511264,0.104,0.036,1,"Not Significant"
"DTD1",5.23256146437829e-05,1.67807190511264,0.202,0.062,1,"Not Significant"
"KNL1",0.00100611059627469,1.67807190511264,0.13,0.036,1,"Not Significant"
"LINC02246",0.0319497088670938,1.67137725253863,0.187,0.114,1,"Not Significant"
"AP000547.3",0.00126783990730833,-1.66985139830767,0.041,0.135,1,"Not Significant"
"SNHG32",0.00928351134538125,1.66985139830767,0.119,0.047,1,"Not Significant"
"TSGA10",9.38446249524476e-05,-1.66985139830767,0.13,0.28,1,"Not Significant"
"AL162411.1",0.000270507575184801,-1.66742466091313,0.057,0.176,1,"Not Significant"
"SLC4A7",0.00431821213461905,1.66742466091313,0.223,0.119,1,"Not Significant"
"TRIM5",0.00132351707686387,-1.66413271415476,0.166,0.29,1,"Not Significant"
"CTNS",7.98322937663997e-05,1.66296501272243,0.181,0.052,1,"Not Significant"
"LRRC37A2",0.00050507298330542,1.66296501272243,0.161,0.052,1,"Not Significant"
"MGLL",5.76830345897929e-05,1.66296501272243,0.259,0.104,1,"Not Significant"
"ZNF124",6.82362552771465e-05,1.66296501272243,0.207,0.067,1,"Not Significant"
"DCUN1D5",0.000533465675154277,1.66296501272243,0.197,0.078,1,"Not Significant"
"DNAJC6",0.00035926298624332,-1.65711228647699,0.078,0.202,1,"Not Significant"
"SLC25A33",0.000255077843240759,1.65711228647699,0.176,0.057,1,"Not Significant"
"ZMIZ2",0.000520123751884149,1.65711228647699,0.161,0.052,1,"Not Significant"
"OBSL1",0.0036964615476284,-1.65711228647699,0.062,0.15,1,"Not Significant"
"AC244131.2",0.0362765336453084,1.65711228647699,0.114,0.057,1,"Not Significant"
"RCL1",0.00126887739501646,1.65535182861255,0.187,0.078,1,"Not Significant"
"LACC1",0.00282825902003867,1.65207669657969,0.109,0.031,1,"Not Significant"
"KIF26B",0.273600637822855,1.65153011766015,0.285,0.259,1,"Not Significant"
"LPAR1",0.00017847571756943,1.64981364507112,0.166,0.047,1,"Not Significant"
"DPH6-DT",0.000328971553141709,1.64045761331286,0.15,0.041,1,"Not Significant"
"KLHL7",0.00042289548592198,1.64045761331286,0.176,0.062,1,"Not Significant"
"EMC1",0.000271546173765395,1.63742992061529,0.135,0.031,1,"Not Significant"
"PNPLA6",0.0024076013849659,1.63742992061529,0.119,0.036,1,"Not Significant"
"C16orf46",0.00584062788235653,-1.63742992061529,0.036,0.109,1,"Not Significant"
"RASGEF1C",0.00899490048440792,-1.63742992061529,0.036,0.104,1,"Not Significant"
"CHST15",0.000510939854800608,1.63742992061529,0.119,0.026,1,"Not Significant"
"PALM",0.00135774353318553,1.63742992061529,0.109,0.026,1,"Not Significant"
"PCSK5",4.98624391944276e-05,1.63630938072138,0.228,0.078,1,"Not Significant"
"IAH1",0.000173213260318408,1.63226821549951,0.14,0.031,1,"Not Significant"
"PCDH12",0.000928681729699782,1.63226821549951,0.13,0.036,1,"Not Significant"
"GJB7",0.0108280842030993,-1.63226821549951,0.041,0.109,1,"Not Significant"
"AC090015.1",0.000191769235259979,1.63113268215408,0.145,0.036,1,"Not Significant"
"MAGI2",0.00349682752475569,1.63083239178162,0.29,0.187,1,"Not Significant"
"WDR73",0.000320259688262229,1.62803122261304,0.166,0.052,1,"Not Significant"
"ZNF93",0.000394811771796253,1.62803122261304,0.14,0.036,1,"Not Significant"
"MDM1",0.000948057748157928,1.62803122261304,0.13,0.036,1,"Not Significant"
"RAD51D",0.00101646559041838,1.62803122261304,0.145,0.047,1,"Not Significant"
"SOX13",0.00197037804885376,-1.62803122261304,0.041,0.13,1,"Not Significant"
"LMF1",0.000219236722096935,1.62148837674627,0.155,0.041,1,"Not Significant"
"ACKR2",0.000409123325657553,-1.62148837674627,0.057,0.171,1,"Not Significant"
"MAP3K9",0.000235817022398021,-1.61890983264449,0.119,0.254,1,"Not Significant"
"BARX2",0.0361485734098305,1.61667136044849,0.109,0.052,1,"Not Significant"
"NABP1",0.00130643502048559,-1.6162134347056,0.415,0.487,1,"Not Significant"
"ANGPTL1",0.000584199600659438,1.61297687689075,0.135,0.036,1,"Not Significant"
"WFDC1",0.0203213447277693,1.61297687689075,0.109,0.047,1,"Not Significant"
"DSTYK",6.25716039421618e-05,1.61143471208235,0.223,0.078,1,"Not Significant"
"PDE7B",0.0532015868102907,1.61143471208235,0.104,0.052,1,"Not Significant"
"PARD3B",0.042204887245634,1.60932704912036,0.373,0.326,1,"Not Significant"
"CD320",0.0277759730496514,-1.60665757182048,0.088,0.155,1,"Not Significant"
"STOX2",0.000139147739240795,1.60039254129076,0.161,0.041,1,"Not Significant"
"RSPO3",0.000784041366964772,1.59946207041627,0.15,0.047,1,"Not Significant"
"SBNO2",0.000128269906171646,1.58496250072116,0.161,0.041,1,"Not Significant"
"KITLG",0.000179500134215932,1.58496250072116,0.13,0.026,1,"Not Significant"
"VCAM1",0.000521255946763437,1.58496250072116,0.109,0.021,1,"Not Significant"
"OXA1L",0.00081596998554064,1.58496250072116,0.14,0.041,1,"Not Significant"
"AC073167.1",0.000864488503145902,1.58496250072116,0.13,0.036,1,"Not Significant"
"SAT2",0.00158486202980499,1.58496250072116,0.14,0.047,1,"Not Significant"
"LINC01588",0.00159192528707285,-1.58496250072116,0.057,0.155,1,"Not Significant"
"ACAA1",0.00169750080502636,1.58496250072116,0.14,0.047,1,"Not Significant"
"CDC42EP3",0.00187735157675774,1.58496250072116,0.114,0.031,1,"Not Significant"
"MAN1B1",0.00304311448829736,1.58496250072116,0.124,0.041,1,"Not Significant"
"KCTD18",0.0058443396066645,1.58496250072116,0.109,0.036,1,"Not Significant"
"GFOD2",5.50623750931174e-05,-1.58496250072116,0.114,0.269,1,"Not Significant"
"STRA6",6.35531856490223e-05,-1.58496250072116,0.109,0.264,1,"Not Significant"
"DNAJC24",7.67970835872755e-05,1.58496250072116,0.249,0.098,1,"Not Significant"
"TRIM71",0.000175474356750683,-1.58496250072116,0.041,0.155,1,"Not Significant"
"PGS1",0.000203435648786009,1.58496250072116,0.228,0.093,1,"Not Significant"
"HMGCS1",0.000216099998006775,1.58496250072116,0.171,0.052,1,"Not Significant"
"MAP2K6",0.000736422879791871,1.58496250072116,0.135,0.036,1,"Not Significant"
"FAM227B",0.000813093403300518,1.58496250072116,0.155,0.052,1,"Not Significant"
"FYCO1",0.00100186331562065,1.58496250072116,0.13,0.036,1,"Not Significant"
"ARHGAP19",0.00155543138318484,1.58496250072116,0.124,0.036,1,"Not Significant"
"MANEA",0.00311811616050953,1.58496250072116,0.124,0.041,1,"Not Significant"
"ZNF624",0.00311811616050953,1.58496250072116,0.124,0.041,1,"Not Significant"
"AC008735.2",0.00469724428505737,1.58496250072116,0.119,0.041,1,"Not Significant"
"FBXO10",0.00498835088775852,1.58496250072116,0.155,0.067,1,"Not Significant"
"ICAM1",0.00896675612078585,1.58496250072116,0.119,0.047,1,"Not Significant"
"BLM",0.00927654697893142,1.58496250072116,0.104,0.036,1,"Not Significant"
"PLCB4",0.00230558076044136,1.56634682255381,0.104,0.026,1,"Not Significant"
"GAS2L3",0.000108185594455957,1.56241993207007,0.28,0.13,1,"Not Significant"
"HMOX1",9.98583670576836e-05,1.56071495447448,0.145,0.031,1,"Not Significant"
"AC092131.1",0.000673825489742707,1.56071495447448,0.135,0.036,1,"Not Significant"
"MIR222HG",0.0140642306280757,1.56071495447448,0.197,0.114,1,"Not Significant"
"RNLS",0.00914605106242186,1.55799545312089,0.135,0.057,1,"Not Significant"
"BRCA1",0.000232462364631842,1.55639334852439,0.171,0.052,1,"Not Significant"
"ITGB4",0.00547321971931009,-1.55639334852439,0.057,0.14,1,"Not Significant"
"APOL6",8.40443487411461e-05,1.55639334852438,0.176,0.047,1,"Not Significant"
"PPP5C",0.000818890719810366,1.55019708256048,0.171,0.062,1,"Not Significant"
"CTPS2",0.00390926062961232,1.55019708256048,0.145,0.057,1,"Not Significant"
"TOPBP1",0.000102583437805055,1.54889324601363,0.254,0.104,1,"Not Significant"
"ELOA",0.00067267784131811,1.54748779530249,0.166,0.057,1,"Not Significant"
"ZBTB34",0.00134561477687264,1.54748779530249,0.15,0.052,1,"Not Significant"
"ESR2",0.00331860703016569,-1.54748779530249,0.109,0.212,1,"Not Significant"
"ZGRF1",0.00554567823584913,1.54748779530249,0.14,0.057,1,"Not Significant"
"CMTM4",0.00607575438956619,1.54748779530249,0.181,0.088,1,"Not Significant"
"UPP1",0.000209455870985233,-1.54596836910529,0.098,0.233,1,"Not Significant"
"AC083870.1",5.47241819508163e-05,1.54543413653452,0.238,0.088,1,"Not Significant"
"GTF2H2",0.000277108899657328,1.54432051622381,0.161,0.047,1,"Not Significant"
"AC073475.1",0.00472886946924891,1.5405683813627,0.104,0.031,1,"Not Significant"
"FAM174A",0.00773879150822416,1.5405683813627,0.114,0.041,1,"Not Significant"
"GJA1",0.00122127466873858,1.53951952995999,0.192,0.083,1,"Not Significant"
"ZNF519",0.000511203042442549,1.53605290024021,0.119,0.026,1,"Not Significant"
"FRRS1",0.000545930360447404,1.53605290024021,0.192,0.073,1,"Not Significant"
"TGIF2",0.00312784981670838,1.53605290024021,0.124,0.041,1,"Not Significant"
"NIPAL3",0.0176956407776572,1.53605290024021,0.104,0.041,1,"Not Significant"
"ZNF426",0.000740118700443029,1.53051471669878,0.124,0.031,1,"Not Significant"
"DHX16",0.00118641657699862,1.53051471669878,0.119,0.031,1,"Not Significant"
"MTERF4",0.00246907160191295,1.53051471669878,0.119,0.036,1,"Not Significant"
"TAF4B",0.000111812107180624,-1.52892846580683,0.088,0.233,1,"Not Significant"
"AC095032.1",0.00218390685841727,-1.52356195605701,0.026,0.104,1,"Not Significant"
"SLC9A6",0.0059680452687933,1.52356195605701,0.109,0.036,1,"Not Significant"
"PDK3",6.15458174269461e-05,1.52356195605701,0.285,0.124,1,"Not Significant"
"RRN3",0.000238615035088679,1.52356195605701,0.187,0.062,1,"Not Significant"
"HAAO",0.000935663910488172,1.52356195605701,0.104,0.021,1,"Not Significant"
"KCNQ1OT1",0.000297684815467136,1.52183452215569,0.539,0.42,1,"Not Significant"
"AC004943.2",0.000429533642413251,1.51937415909358,0.13,0.031,1,"Not Significant"
"POLG2",0.000537925066616664,1.51937415909358,0.176,0.062,1,"Not Significant"
"RACGAP1",0.00201355561009454,1.51937415909358,0.13,0.041,1,"Not Significant"
"ITGA4",0.0144236071181305,1.51937415909358,0.114,0.047,1,"Not Significant"
"GLE1",9.75762979307831e-05,1.51457317282976,0.181,0.052,1,"Not Significant"
"C5orf66",0.000845543383337921,1.51457317282976,0.14,0.041,1,"Not Significant"
"EIF1B-AS1",0.00424713750971664,1.51457317282976,0.114,0.036,1,"Not Significant"
"KLHL3",0.0386029277219412,-1.51457317282976,0.057,0.114,1,"Not Significant"
"AC022150.4",0.000369611621626347,-1.50901364748786,0.052,0.166,1,"Not Significant"
"AC084198.2",0.000454749453224828,1.50901364748786,0.155,0.047,1,"Not Significant"
"FAM92A",0.000926932317476241,1.50901364748786,0.14,0.041,1,"Not Significant"
"CNEP1R1",0.00135374321282295,1.50901364748786,0.15,0.052,1,"Not Significant"
"NUP210",0.00173863479765986,1.50901364748786,0.14,0.047,1,"Not Significant"
"GMFG",0.00202959713105854,1.50901364748786,0.145,0.052,1,"Not Significant"
"DCP1B",0.0142191043958782,1.50901364748786,0.114,0.047,1,"Not Significant"
"KLHL12",0.000285111946799184,1.50250034052918,0.161,0.047,1,"Not Significant"
"IRF3",0.000447973040496287,1.50250034052918,0.155,0.047,1,"Not Significant"
"CALML4",0.00108536029905135,1.50250034052918,0.145,0.047,1,"Not Significant"
"PHLPP2",0.00317505927709693,1.50250034052918,0.124,0.041,1,"Not Significant"
"ZSWIM5",0.0208290522322012,-1.50250034052918,0.047,0.109,1,"Not Significant"
"ADCY9",6.78775836754663e-05,1.50250034052918,0.218,0.073,1,"Not Significant"
"IPO9-AS1",0.00214700408296153,1.50250034052918,0.166,0.067,1,"Not Significant"
"MMD",0.000192671224421872,-1.50250034052918,0.104,0.244,1,"Not Significant"
"TNRC6C",0.000320628784203852,1.50250034052918,0.135,0.031,1,"Not Significant"
"AP3M2",0.000911712600976563,1.50250034052918,0.14,0.041,1,"Not Significant"
"COL1A1",0.0503778778654287,1.50089823593268,0.29,0.233,1,"Not Significant"
"ACOX1",0.000144920741764329,1.49880585697144,0.233,0.093,1,"Not Significant"
"GOLGA8B",0.00134167386193904,1.49476469174958,0.135,0.041,1,"Not Significant"
"GPR155",0.00192087661867673,1.49476469174958,0.114,0.031,1,"Not Significant"
"UNKL",0.0108927935249473,-1.49476469174958,0.052,0.124,1,"Not Significant"
"BANK1",0.130519758378643,-1.49476469174958,0.078,0.119,1,"Not Significant"
"ADGRL2",0.00767926914106292,1.49353947295756,0.192,0.098,1,"Not Significant"
"MMP16",0.000839081425920324,1.49304001128012,0.14,0.041,1,"Not Significant"
"ABCD4",5.74095103960608e-05,1.49185309632967,0.202,0.062,1,"Not Significant"
"DBNL",9.31019510770452e-05,1.48542682717024,0.181,0.052,1,"Not Significant"
"USP1",0.0024312732948337,1.48542682717024,0.119,0.036,1,"Not Significant"
"LYRM7",0.0177440131418793,1.48542682717024,0.104,0.041,1,"Not Significant"
"COL4A2",0.0202407124856057,1.48499559266071,0.44,0.409,1,"Not Significant"
"NT5DC3",6.88451728587428e-05,-1.48308288670194,0.15,0.311,1,"Not Significant"
"SLC9A8",5.18040615443684e-05,1.48186900775705,0.285,0.124,1,"Not Significant"
"GANC",0.0082620553597154,1.47999294111961,0.15,0.067,1,"Not Significant"
"DDX31",0.000190201080144035,1.47804729680464,0.181,0.057,1,"Not Significant"
"C11orf65",0.00627387709863003,1.47804729680464,0.14,0.057,1,"Not Significant"
"AC007364.1",9.88911310414204e-05,1.47804729680464,0.187,0.057,1,"Not Significant"
"LINC00571",0.000141982501464914,-1.47681369686553,0.187,0.337,1,"Not Significant"
"PRMT1",0.0019282154379121,1.47393118833241,0.114,0.031,1,"Not Significant"
"AC104365.1",0.00611159640116484,1.47393118833241,0.109,0.036,1,"Not Significant"
"KIF9-AS1",8.8714761584636e-05,1.47393118833241,0.197,0.062,1,"Not Significant"
"AC063944.1",0.00011519280012437,-1.47130571892559,0.067,0.202,1,"Not Significant"
"EIPR1",0.000412017640214245,1.47130571892559,0.223,0.093,1,"Not Significant"
"FERMT3",0.00139397799804352,1.46948528330122,0.15,0.052,1,"Not Significant"
"ARL17A",0.00161816070391327,1.46948528330122,0.155,0.057,1,"Not Significant"
"NOS1AP",0.00276619766527207,1.46948528330122,0.109,0.031,1,"Not Significant"
"FLVCR1",0.00419110954812834,1.46948528330122,0.13,0.047,1,"Not Significant"
"MTHFD2L",0.0066774212729899,1.46948528330122,0.124,0.047,1,"Not Significant"
"PIM3",0.0134904489709495,-1.46948528330122,0.062,0.135,1,"Not Significant"
"ROBO1",0.0102875382493406,1.46814883573841,0.316,0.228,1,"Not Significant"
"KIAA0753",5.20004294953223e-05,1.4671260104273,0.187,0.052,1,"Not Significant"
"AP001347.1",0.00523604382167877,1.46566357234881,0.15,0.062,1,"Not Significant"
"AC079380.1",0.000114504129453934,1.46340052084024,0.135,0.026,1,"Not Significant"
"BRAT1",0.000143406515465589,1.4594316186373,0.161,0.041,1,"Not Significant"
"COX18",0.00135995950624492,1.4594316186373,0.15,0.052,1,"Not Significant"
"CHMP2A",0.00135995950624492,1.4594316186373,0.15,0.052,1,"Not Significant"
"DARS2",0.00473458559838505,1.4594316186373,0.135,0.052,1,"Not Significant"
"FOSL2",0.000121585539167502,1.4594316186373,0.202,0.067,1,"Not Significant"
"MPPE1",0.00222177393200463,1.4594316186373,0.104,0.026,1,"Not Significant"
"CETN3",0.00475603638563753,1.4594316186373,0.104,0.031,1,"Not Significant"
"COASY",0.00698534480267244,-1.4594316186373,0.083,0.171,1,"Not Significant"
"DZIP3",0.000152708999963358,1.4594316186373,0.176,0.052,1,"Not Significant"
"DDR2",0.0048481740972289,1.4594316186373,0.135,0.052,1,"Not Significant"
"EHD1",0.0113089758005973,-1.4594316186373,0.067,0.145,1,"Not Significant"
"METTL14",0.000100208154536951,1.4537179674429,0.233,0.088,1,"Not Significant"
"TEX2",8.41522502303519e-05,1.45251220469751,0.212,0.073,1,"Not Significant"
"SERPINE2",0.0357034442338901,1.45131288567039,0.311,0.238,1,"Not Significant"
"AC124947.1",0.000453236152905498,-1.45066140900957,0.047,0.155,1,"Not Significant"
"CATSPERE",0.00441373569273646,1.45066140900956,0.104,0.031,1,"Not Significant"
"SUGP1",0.00110633847849735,1.44745897697122,0.145,0.047,1,"Not Significant"
"EPM2A",0.00155483146614457,1.44745897697122,0.187,0.078,1,"Not Significant"
"UBQLN2",0.00217368717188896,1.44745897697122,0.13,0.041,1,"Not Significant"
"SLC8A1-AS1",0.00254831974686567,1.44745897697122,0.119,0.036,1,"Not Significant"
"LINC02228",0.00417217950405779,1.44745897697122,0.114,0.036,1,"Not Significant"
"ALDH2",0.0125365895847083,1.44745897697122,0.109,0.041,1,"Not Significant"
"ATP6V0A2",0.000422574782741962,1.4447848426729,0.181,0.062,1,"Not Significant"
"AC116049.2",0.00794564364231518,1.44294349584873,0.13,0.052,1,"Not Significant"
"PPT1",4.63498296845848e-05,1.44057259138598,0.166,0.036,1,"Not Significant"
"ACOX3",6.64128326239449e-05,-1.4374053123073,0.114,0.269,1,"Not Significant"
"MTFMT",4.66029690665816e-05,1.43609911480667,0.212,0.067,1,"Not Significant"
"ERBB3",0.00137658424754991,-1.43609911480667,0.062,0.166,1,"Not Significant"
"DAB1",0.0150330684228494,1.43609911480667,0.135,0.062,1,"Not Significant"
"BBS2",0.00105547393144554,1.43295940727611,0.13,0.036,1,"Not Significant"
"FAM76A",0.00328067526980243,1.43295940727611,0.124,0.041,1,"Not Significant"
"ODC1",0.00401723260841804,1.43295940727611,0.13,0.047,1,"Not Significant"
"NLRC5",0.00941430346669294,1.43295940727611,0.119,0.047,1,"Not Significant"
"TUFT1",0.0311284754822537,-1.43295940727611,0.047,0.104,1,"Not Significant"
"LUM",0.00559496610791766,1.43063435432986,0.202,0.104,1,"Not Significant"
"GSTA3",0.00137207289010384,-1.42884329880387,0.041,0.135,1,"Not Significant"
"GPR89B",0.00166894861070724,1.42884329880387,0.155,0.057,1,"Not Significant"
"NR4A2",0.00506867824328467,1.42884329880387,0.135,0.052,1,"Not Significant"
"DOCK5",0.917966494631847,1.42884329880387,0.394,0.492,1,"Not Significant"
"GRAMD4",0.000191853842441244,1.4262647547021,0.197,0.067,1,"Not Significant"
"ZC3H7B",0.00114817148481901,1.4262647547021,0.181,0.073,1,"Not Significant"
"ADAMTS1",0.000538490077766421,1.42449782852791,0.228,0.098,1,"Not Significant"
"BAZ1A",4.77349134385514e-05,1.42146376843828,0.378,0.212,1,"Not Significant"
"CENPF",0.00349104279694431,1.42084312096005,0.14,0.052,1,"Not Significant"
"DNPEP",0.000739263861791217,1.41503749927884,0.15,0.047,1,"Not Significant"
"MKRN2",0.0021030561077676,1.41503749927884,0.13,0.041,1,"Not Significant"
"ZNF891",0.00618336499310161,1.41503749927884,0.124,0.047,1,"Not Significant"
"ZNF346",0.0110005582130631,1.41503749927884,0.124,0.052,1,"Not Significant"
"ZSCAN30",0.000254259907484713,1.41503749927884,0.187,0.062,1,"Not Significant"
"TMCO1",0.000426150548259139,1.41503749927884,0.202,0.078,1,"Not Significant"
"PAQR7",0.00154709894904533,-1.41503749927884,0.067,0.171,1,"Not Significant"
"RBM12",0.00386524747223556,1.41503749927884,0.166,0.073,1,"Not Significant"
"ADAMTSL1",0.0105648096582009,-1.41503749927884,0.088,0.176,1,"Not Significant"
"TFB1M",0.000144901893638525,1.40717538150587,0.228,0.088,1,"Not Significant"
"AL359220.1",0.00074735940483369,-1.40717538150587,0.073,0.187,1,"Not Significant"
"NEPRO",0.000124825637845535,1.40439025507934,0.187,0.057,1,"Not Significant"
"CCDC80",0.000334916920358742,1.40439025507934,0.135,0.031,1,"Not Significant"
"NBPF12",0.000733134824293624,1.40439025507934,0.181,0.067,1,"Not Significant"
"ARHGEF18",0.00262077021779269,1.40439025507934,0.171,0.073,1,"Not Significant"
"AC131571.1",0.00329585707960438,1.40439025507934,0.155,0.062,1,"Not Significant"
"CORO1A",0.00024725225827395,1.40209844357135,0.145,0.036,1,"Not Significant"
"PLRG1",0.000745019675595968,1.40209844357135,0.166,0.057,1,"Not Significant"
"ZBTB4",0.00500866923155053,1.40209844357135,0.135,0.052,1,"Not Significant"
"ATP6V1E2",0.00966190594645533,-1.40209844357135,0.062,0.14,1,"Not Significant"
"TMEM38B",0.0399374368430014,-1.40209844357135,0.057,0.114,1,"Not Significant"
"PART1",0.00651894989633348,-1.40209844357135,0.047,0.124,1,"Not Significant"
"TEAD1",0.891690293566646,1.40096231406712,0.389,0.482,1,"Not Significant"
"SF3A1",0.00222704891869366,1.39854937649027,0.13,0.041,1,"Not Significant"
"MAMDC2-AS1",0.0096431925690253,1.39854937649027,0.104,0.036,1,"Not Significant"
"AKTIP",0.0111779648490959,-1.39854937649027,0.052,0.124,1,"Not Significant"
"LINC02616",0.0214043144161615,-1.39854937649027,0.047,0.109,1,"Not Significant"
"TNFRSF12A",0.023371961599038,-1.39854937649027,0.052,0.114,1,"Not Significant"
"GLMN",0.000605295665874197,1.39689015256858,0.259,0.13,1,"Not Significant"
"IPO5",0.000147958919855679,1.39592867633114,0.202,0.067,1,"Not Significant"
"ASB7",0.000240253965293126,1.39592867633114,0.202,0.073,1,"Not Significant"
"CORO7",0.000451628877709095,1.39592867633114,0.202,0.078,1,"Not Significant"
"TMEM192",0.000498365474253578,1.39592867633114,0.192,0.073,1,"Not Significant"
"STX11",0.00484686174495841,-1.39231742277876,0.031,0.104,1,"Not Significant"
"TMEM70",0.00966564824296192,1.39231742277876,0.104,0.036,1,"Not Significant"
"DKC1",0.00966564824296192,1.39231742277876,0.104,0.036,1,"Not Significant"
"FAM118B",0.00076868717908506,1.39231742277876,0.166,0.057,1,"Not Significant"
"HGF",0.0208412242391369,1.39231742277876,0.373,0.295,1,"Not Significant"
"TPD52L1",0.0225221145734065,-1.39231742277876,0.062,0.13,1,"Not Significant"
"PACS2",0.000383082313896368,1.39231742277876,0.238,0.104,1,"Not Significant"
"LINC01205",0.00610421681259484,-1.38994651831601,0.073,0.161,1,"Not Significant"
"CXorf38",0.000278866863837859,1.3890422907459,0.228,0.093,1,"Not Significant"
"SDC2",0.000590251783619886,1.3890422907459,0.145,0.041,1,"Not Significant"
"ACADVL",0.000449349999998133,-1.38827058971606,0.124,0.259,1,"Not Significant"
"ZNF780A",0.00495991461978681,1.38702312310925,0.135,0.052,1,"Not Significant"
"MINPP1",0.0118783855513497,1.38702312310925,0.124,0.052,1,"Not Significant"
"HAND2",0.000646281365236439,1.38466385023533,0.176,0.062,1,"Not Significant"
"RAB38",0.00660633417540786,1.38466385023533,0.145,0.062,1,"Not Significant"
"PXK",0.000147710833375896,1.38391498178306,0.311,0.155,1,"Not Significant"
"SLC16A4",0.000183367470183259,-1.38187063534364,0.124,0.269,1,"Not Significant"
"HMGCR",0.00319875597971039,1.37851162325373,0.155,0.062,1,"Not Significant"
"RORA-AS1",0.0177933849848094,1.37851162325373,0.104,0.041,1,"Not Significant"
"PTCD2",0.0304450724188023,1.37851162325373,0.104,0.047,1,"Not Significant"
"KMT5A",9.28071721030032e-05,1.37851162325373,0.212,0.073,1,"Not Significant"
"GAREM1",0.00429655998249689,-1.3743955147815,0.114,0.218,1,"Not Significant"
"WHAMM",0.000162916808076204,1.37345839552744,0.223,0.083,1,"Not Significant"
"KIF20B",0.00199309068224923,1.37345839552744,0.181,0.078,1,"Not Significant"
"ELP1",0.0140930136794522,1.37345839552744,0.181,0.098,1,"Not Significant"
"SCCPDH",0.00177709791721818,-1.37345839552744,0.166,0.28,1,"Not Significant"
"NUP43",0.000104806986717955,1.37196877738696,0.181,0.052,1,"Not Significant"
"ALOX12-AS1",0.000219613241722789,1.37196877738696,0.187,0.062,1,"Not Significant"
"RGPD2",0.000417399809681094,-1.37196877738696,0.078,0.202,1,"Not Significant"
"AGBL4",0.0185588819088039,1.37196877738696,0.119,0.052,1,"Not Significant"
"PACC1",0.000426699841068268,1.36923380966572,0.14,0.036,1,"Not Significant"
"ZNF41",0.00277205433561262,1.36923380966572,0.135,0.047,1,"Not Significant"
"RDH10",0.00500088907981311,1.36923380966572,0.135,0.052,1,"Not Significant"
"ZFYVE27",0.0118874724681404,1.36923380966572,0.124,0.052,1,"Not Significant"
"RNF34",0.000181870405980936,1.36923380966572,0.223,0.083,1,"Not Significant"
"ARHGEF10",0.00028295492675131,1.36923380966572,0.207,0.078,1,"Not Significant"
"DNM3OS",0.000462360801402817,1.36923380966572,0.166,0.052,1,"Not Significant"
"FKBP10",0.00654410556520228,1.36923380966572,0.109,0.036,1,"Not Significant"
"RUSC2",0.00100397221845364,1.36678233067162,0.192,0.078,1,"Not Significant"
"PPP6R1",0.000149999560627133,1.36257007938471,0.161,0.041,1,"Not Significant"
"ZNF433-AS1",0.000226302554864316,1.36257007938471,0.244,0.104,1,"Not Significant"
"BCLAF3",0.000666283317676784,1.36257007938471,0.254,0.124,1,"Not Significant"
"MIATNB",0.0012454564404606,1.36257007938471,0.145,0.047,1,"Not Significant"
"NCF4",0.000518934385562974,1.36257007938471,0.187,0.067,1,"Not Significant"
"ADD3",6.59450503628717e-05,1.35819163887413,0.342,0.166,1,"Not Significant"
"TSPAN18",0.00028116299416653,1.35755200461808,0.124,0.026,1,"Not Significant"
"GNE",9.41346020384953e-05,-1.35669351304804,0.161,0.321,1,"Not Significant"
"TRIM38",0.000811599285311728,1.35548065459839,0.28,0.15,1,"Not Significant"
"BDH2",0.000871557761877203,1.3536369546147,0.104,0.021,1,"Not Significant"
"AKT2",0.000438913533687704,1.3536369546147,0.197,0.073,1,"Not Significant"
"DDX58",0.000705734323810859,1.3536369546147,0.181,0.067,1,"Not Significant"
"AP002495.1",0.00180865152439593,1.35049724708413,0.171,0.067,1,"Not Significant"
"RRAGD",0.00182463524929274,1.35049724708413,0.192,0.083,1,"Not Significant"
"SLFN5",0.000129114268968392,1.34792330342031,0.135,0.026,1,"Not Significant"
"MTHFSD",0.00637838049932592,1.34792330342031,0.124,0.047,1,"Not Significant"
"APEX1",0.00801110866223189,1.34792330342031,0.114,0.041,1,"Not Significant"
"IRAK2",0.0111779823731561,1.34792330342031,0.124,0.052,1,"Not Significant"
"TMEM220",0.0168537306928542,1.34792330342031,0.119,0.052,1,"Not Significant"
"SWI5",0.0239497990868714,-1.34792330342031,0.052,0.114,1,"Not Significant"
"ZMYM5",0.000100444832325804,1.34577483684173,0.254,0.104,1,"Not Significant"
"OAT",0.000208407602093036,1.34395440121736,0.155,0.041,1,"Not Significant"
"C1orf159",0.00121926563670182,1.34395440121736,0.145,0.047,1,"Not Significant"
"NOC3L",0.00127498412005854,1.34395440121736,0.145,0.047,1,"Not Significant"
"CENPJ",0.00811394996569542,1.34395440121736,0.13,0.052,1,"Not Significant"
"ZNF274",0.0188695809716186,-1.34395440121736,0.057,0.124,1,"Not Significant"
"LRRC37A3",0.000182584130341214,1.34103691783507,0.176,0.052,1,"Not Significant"
"SH3GL1",7.22068934522628e-05,1.33985000288462,0.306,0.14,1,"Not Significant"
"SNRNP48",0.000168819748209764,1.33880191345176,0.192,0.062,1,"Not Significant"
"AC026765.3",0.000769890362482951,-1.33880191345176,0.047,0.15,1,"Not Significant"
"FBXO36",0.0418018638681976,-1.33880191345176,0.083,0.145,1,"Not Significant"
"PHTF1",0.000251513269041004,1.33703498727757,0.202,0.073,1,"Not Significant"
"ZNF529-AS1",0.000857921867382531,1.33560303178444,0.187,0.073,1,"Not Significant"
"GEN1",0.0159142139443152,1.33560303178444,0.161,0.083,1,"Not Significant"
"JKAMP",8.77334733700021e-05,1.33342373372519,0.238,0.088,1,"Not Significant"
"STX6",0.000254010042699953,1.33257533908687,0.244,0.104,1,"Not Significant"
"SIN3B",0.000286794380479945,-1.33151414371656,0.254,0.389,1,"Not Significant"
"XYLT1",0.10325817435777,1.32478209194252,0.321,0.285,1,"Not Significant"
"KIF27",0.000857661960927661,-1.32192809488736,0.114,0.238,1,"Not Significant"
"CSK",0.000153522063786218,1.32192809488736,0.161,0.041,1,"Not Significant"
"DCLRE1C",0.000565130559914842,1.32192809488736,0.207,0.083,1,"Not Significant"
"MFAP1",0.00149662847617273,1.32192809488736,0.135,0.041,1,"Not Significant"
"NEU1",0.00231117606223464,1.32192809488736,0.13,0.041,1,"Not Significant"
"SEMA7A",0.0282059411714949,-1.32192809488736,0.093,0.166,1,"Not Significant"
"AL606489.1",0.0358023889639927,-1.32192809488736,0.052,0.109,1,"Not Significant"
"WDR92",0.046401930401553,1.32192809488736,0.119,0.062,1,"Not Significant"
"TASP1",0.000143468688786979,1.32192809488736,0.425,0.259,1,"Not Significant"
"CDK7",0.0788676063980082,1.32192809488736,0.202,0.14,1,"Not Significant"
"DELE1",0.000277639454859141,1.32192809488736,0.187,0.062,1,"Not Significant"
"RSBN1",0.000313498947175142,1.32192809488736,0.233,0.098,1,"Not Significant"
"TRAF6",0.00115714110456226,1.32192809488736,0.176,0.067,1,"Not Significant"
"FASTKD2",0.00251681337026134,1.32192809488736,0.166,0.067,1,"Not Significant"
"AC092142.1",0.00453720021508374,1.32192809488736,0.114,0.036,1,"Not Significant"
"C4orf48",0.00517221125661608,1.32192809488736,0.104,0.031,1,"Not Significant"
"GADD45GIP1",0.0101332304693613,1.32192809488736,0.104,0.036,1,"Not Significant"
"CHN1",0.00192020037075907,1.31647366479525,0.212,0.098,1,"Not Significant"
"SMARCB1",0.000178134810600787,-1.31487333735341,0.155,0.306,1,"Not Significant"
"AL357153.2",0.000193208544764151,-1.31410859042806,0.145,0.295,1,"Not Significant"
"CEP162",6.37909478966941e-05,1.31194400631474,0.249,0.093,1,"Not Significant"
"SEMA4B",0.000464564488072643,-1.31078753728216,0.228,0.358,1,"Not Significant"
"AC093865.1",0.000607695372538939,-1.31034012061215,0.114,0.244,1,"Not Significant"
"LINC00278",0.0197431989948868,1.30965779813337,0.482,0.466,1,"Not Significant"
"HIST1H2AC",0.000218245255922209,-1.30932805810773,0.207,0.363,1,"Not Significant"
"BCR",0.000130352285032711,-1.30812229536233,0.244,0.399,1,"Not Significant"
"ZNF175",0.0125195608906118,-1.30812229536233,0.088,0.171,1,"Not Significant"
"ENG",0.000432332657277249,-1.30705481840583,0.29,0.409,1,"Not Significant"
"MZT2B",6.4876840060458e-05,1.30666133823405,0.187,0.052,1,"Not Significant"
"RNPEP",0.000146664287561714,1.30666133823405,0.202,0.067,1,"Not Significant"
"GNPDA1",0.00122525346731021,1.30666133823405,0.166,0.062,1,"Not Significant"
"BTG1",0.00270839312328398,-1.30666133823405,0.145,0.259,1,"Not Significant"
"TMEM241",0.000198251434133709,1.30485458152842,0.28,0.13,1,"Not Significant"
"SLC5A3",8.01699658019971e-05,1.3037807481771,0.264,0.109,1,"Not Significant"
"TMEM45A",0.00277023533778172,1.30256277002043,0.119,0.036,1,"Not Significant"
"MITD1",0.0109509424242693,1.30256277002043,0.14,0.062,1,"Not Significant"
"PSD4",0.0486388685069529,-1.30256277002043,0.067,0.124,1,"Not Significant"
"PTGR1",0.00125275072727197,1.29956028185891,0.145,0.047,1,"Not Significant"
"CEP78",0.00191959440384151,1.29956028185891,0.14,0.047,1,"Not Significant"
"RNF40",0.00232261011428802,1.29956028185891,0.145,0.052,1,"Not Significant"
"TMEM154",0.008243035357154,-1.29956028185891,0.041,0.114,1,"Not Significant"
"FAM160B2",0.00203663632421376,-1.29768054864068,0.104,0.218,1,"Not Significant"
"GPR158",0.0102971528058195,1.29545588352617,0.104,0.036,1,"Not Significant"
"ZNF423",0.000482873424348129,1.29545588352617,0.13,0.031,1,"Not Significant"
"KRBOX4",0.000549281641680633,1.29545588352617,0.212,0.088,1,"Not Significant"
"UFL1-AS1",0.00061252276218903,-1.29545588352617,0.062,0.176,1,"Not Significant"
"EHHADH",0.00439672762259738,1.29545588352617,0.114,0.036,1,"Not Significant"
"ZNF682",0.00540278232308281,1.29545588352617,0.119,0.041,1,"Not Significant"
"GM2A",0.0093800045565424,-1.29545588352617,0.078,0.161,1,"Not Significant"
"INTS13",0.00980122128127116,1.29545588352617,0.119,0.047,1,"Not Significant"
"ZNF561",0.00980122128127116,1.29545588352617,0.119,0.047,1,"Not Significant"
"CUL9",0.0145676227910431,1.29545588352617,0.114,0.047,1,"Not Significant"
"COPS6",0.0145676227910431,1.29545588352617,0.114,0.047,1,"Not Significant"
"EIF1B",0.0148750326301703,1.29545588352617,0.114,0.047,1,"Not Significant"
"FAM13A-AS1",0.0362233313747764,1.29545588352617,0.109,0.052,1,"Not Significant"
"AC027117.2",0.0595468321694322,-1.29545588352617,0.088,0.145,1,"Not Significant"
"DOP1B",6.02499531082007e-05,1.29545588352617,0.29,0.124,1,"Not Significant"
"ITGB2",7.7938114884866e-05,1.29545588352617,0.197,0.057,1,"Not Significant"
"MOSMO",0.00167696968914516,1.29418310440446,0.295,0.166,1,"Not Significant"
"CLDND1",0.000248268829118206,1.29278174922785,0.202,0.073,1,"Not Significant"
"AC023509.6",0.000769985625254323,1.29278174922785,0.197,0.078,1,"Not Significant"
"TECPR1",0.00611650638699359,1.29278174922785,0.181,0.088,1,"Not Significant"
"NBPF3",0.0088490518574139,-1.29278174922785,0.093,0.181,1,"Not Significant"
"ZNF235",0.000995122485452095,1.28950661719498,0.228,0.104,1,"Not Significant"
"EBLN3P",8.81777163496236e-05,1.28950661719498,0.181,0.052,1,"Not Significant"
"HIST1H1D",0.000260406716351973,1.28950661719498,0.145,0.036,1,"Not Significant"
"IK",0.00158691820185216,1.28950661719498,0.166,0.062,1,"Not Significant"
"ZNF69",0.00366075851667845,1.28950661719498,0.161,0.067,1,"Not Significant"
"ATP6V1C2",0.00675727367043164,-1.28950661719498,0.062,0.145,1,"Not Significant"
"UCK2",0.00169052385341069,-1.28798076296402,0.155,0.275,1,"Not Significant"
"PIGK",0.00011037609956015,1.28688114778816,0.207,0.067,1,"Not Significant"
"N4BP2L1",0.00113121223431783,1.28688114778816,0.197,0.083,1,"Not Significant"
"DENND4B",0.0150521338116175,1.28540221886225,0.135,0.062,1,"Not Significant"
"EVI2A",0.0153371870530198,1.28540221886225,0.114,0.047,1,"Not Significant"
"EHBP1",6.47368593980206e-05,1.28481492187026,0.528,0.373,1,"Not Significant"
"BLOC1S6",0.000124853821766644,1.28379296600059,0.218,0.078,1,"Not Significant"
"GSR",0.000172442030565886,1.28379296600059,0.223,0.083,1,"Not Significant"
"PHB",0.00188041713851216,1.28010791919274,0.14,0.047,1,"Not Significant"
"TRMT2B",0.00281817956248679,1.28010791919274,0.15,0.057,1,"Not Significant"
"EPHB2",0.00798828263155311,-1.28010791919274,0.052,0.13,1,"Not Significant"
"MFAP3L",0.0152040285045793,-1.28010791919274,0.062,0.135,1,"Not Significant"
"HDAC2-AS2",0.0289697577678765,-1.28010791919274,0.057,0.119,1,"Not Significant"
"ING3",0.000676337699828554,1.28010791919273,0.161,0.052,1,"Not Significant"
"ANKRD13D",0.000352250776929762,1.27563444261343,0.192,0.067,1,"Not Significant"
"PIGB",0.000355405251102126,1.27563444261343,0.192,0.067,1,"Not Significant"
"POLB",0.0020125978364658,1.27563444261343,0.176,0.073,1,"Not Significant"
"RRP1B",0.00256564127409728,1.27563444261343,0.181,0.078,1,"Not Significant"
"BCL2L11",0.00386628489362641,1.27563444261343,0.161,0.067,1,"Not Significant"
"ZNF761",0.00707653258553574,-1.27563444261343,0.078,0.166,1,"Not Significant"
"TRIM23",0.00944740094667892,1.27563444261343,0.155,0.073,1,"Not Significant"
"NOTCH2NLC",0.0249341525328162,1.27563444261343,0.166,0.093,1,"Not Significant"
"HSD17B2",0.000755391602626265,1.27500704749987,0.192,0.073,1,"Not Significant"
"KCNMA1",0.000413189462258252,1.27462238010901,0.14,0.036,1,"Not Significant"
"SPARC",0.00218637507644928,1.27462238010901,0.285,0.161,1,"Not Significant"
"EXD3",0.00292025064007145,1.27301849440642,0.135,0.047,1,"Not Significant"
"TRMU",0.0170137095238149,1.27301849440642,0.119,0.052,1,"Not Significant"
"ZNF318",0.0234798665900373,1.27301849440642,0.109,0.047,1,"Not Significant"
"RCBTB1",0.00160863477066532,1.27008916336774,0.166,0.062,1,"Not Significant"
"RBSN",0.00181772462275043,1.27008916336774,0.171,0.067,1,"Not Significant"
"LINC02669",0.00296709419682289,-1.27008916336774,0.047,0.135,1,"Not Significant"
"STC1",0.00114736158414736,1.2684888359259,0.13,0.036,1,"Not Significant"
"LPIN1",0.00164673336825507,1.2684888359259,0.187,0.078,1,"Not Significant"
"BIN2",0.000198503375104125,1.26559011073755,0.326,0.171,1,"Not Significant"
"VSIG10",0.00100923646543941,1.26303440583379,0.155,0.052,1,"Not Significant"
"DPH5",0.00144791895078191,1.26303440583379,0.109,0.026,1,"Not Significant"
"TEP1",0.00151048276182637,1.26303440583379,0.166,0.062,1,"Not Significant"
"CLN5",0.00225351757348758,1.26303440583379,0.161,0.062,1,"Not Significant"
"PCOLCE",0.0024254379258589,1.26303440583379,0.13,0.041,1,"Not Significant"
"AL359644.1",0.00279682051936823,1.26303440583379,0.135,0.047,1,"Not Significant"
"USP27X",0.0096842752647674,-1.26303440583379,0.036,0.104,1,"Not Significant"
"LLGL2",0.0101940030263305,1.26303440583379,0.104,0.036,1,"Not Significant"
"DNAAF5",0.0103771816908949,1.26303440583379,0.14,0.062,1,"Not Significant"
"DTX4",0.0126511098874395,1.26303440583379,0.109,0.041,1,"Not Significant"
"ZNF566",0.0169391346337893,1.26303440583379,0.14,0.067,1,"Not Significant"
"CRY2",0.0217540582521562,1.26303440583379,0.109,0.047,1,"Not Significant"
"TAZ",0.0217540582521562,1.26303440583379,0.109,0.047,1,"Not Significant"
"ERN1",6.06094840140671e-05,-1.25986712675511,0.119,0.28,1,"Not Significant"
"ZMYM6",0.000475002057761572,1.25873426840017,0.249,0.114,1,"Not Significant"
"BRCA2",0.000638191856592944,1.25873426840017,0.207,0.083,1,"Not Significant"
"TRMT13",0.000536393606340738,1.25779775746765,0.228,0.098,1,"Not Significant"
"ANGEL1",0.00181077384112368,1.25633975325979,0.171,0.067,1,"Not Significant"
"COL14A1",0.234657493355484,1.2556548754682,0.28,0.264,1,"Not Significant"
"SYNJ2",0.00101404573279561,-1.25525705524207,0.088,0.207,1,"Not Significant"
"TMEM41B",0.000154675845791695,-1.25481389902883,0.192,0.347,1,"Not Significant"
"CCR1",5.34591528477098e-05,1.25375659224578,0.218,0.067,1,"Not Significant"
"H6PD",0.00157445769413602,1.25375659224578,0.15,0.052,1,"Not Significant"
"PRDM5",0.00376955184498279,1.25375659224578,0.124,0.041,1,"Not Significant"
"PLAC9",0.00988462421531,1.25375659224578,0.104,0.036,1,"Not Significant"
"ARL4A",0.0866756214440237,-1.25375659224578,0.062,0.109,1,"Not Significant"
"LINC00894",0.0158330067605642,-1.25238716163429,0.326,0.399,1,"Not Significant"
"RECQL",9.08454448596715e-05,1.25153876699596,0.202,0.062,1,"Not Significant"
"PACRGL",0.000162838779344522,1.2505434616506,0.223,0.083,1,"Not Significant"
"PGM1",0.000182376457558876,-1.24961389007147,0.166,0.321,1,"Not Significant"
"NFIB",0.0833568329936993,1.24909521487592,0.28,0.233,1,"Not Significant"
"PEG10",0.000227765209495372,-1.24853483613868,0.326,0.503,1,"Not Significant"
"RPP30",0.000343556030191187,1.24792751344359,0.176,0.057,1,"Not Significant"
"NDUFAF5",0.00563193995940225,1.24792751344359,0.155,0.067,1,"Not Significant"
"COL3A1",0.0320359311879984,1.24632156769129,0.446,0.394,1,"Not Significant"
"SP140L",0.000305397774712107,1.24392558288609,0.295,0.15,1,"Not Significant"
"AASS",0.000647075200924418,1.24392558288609,0.176,0.062,1,"Not Significant"
"FRAS1",0.0299153148755393,-1.24166075504123,0.135,0.218,1,"Not Significant"
"N4BP3",0.00518907688345451,-1.2410080995038,0.041,0.119,1,"Not Significant"
"LMBR1L",0.00552929124086173,1.2410080995038,0.119,0.041,1,"Not Significant"
"PPP1R7",0.010390569623237,1.2410080995038,0.104,0.036,1,"Not Significant"
"NIPSNAP3A",0.0152283347605049,1.2410080995038,0.114,0.047,1,"Not Significant"
"GYG1",0.0326556122780988,1.2410080995038,0.104,0.047,1,"Not Significant"
"ACTR3B",0.000923053349500162,-1.24100809950379,0.13,0.254,1,"Not Significant"
"SLC6A6",0.00144781364103653,-1.24100809950379,0.13,0.254,1,"Not Significant"
"BRWD3",8.18525030277606e-05,1.23840473932508,0.383,0.212,1,"Not Significant"
"GLA",0.000371520777002863,1.23703919730085,0.15,0.041,1,"Not Significant"
"DNHD1",0.00368179331523658,1.23703919730085,0.14,0.052,1,"Not Significant"
"NDC1",0.00370351310159983,1.23703919730085,0.124,0.041,1,"Not Significant"
"CCDC90B",0.0217568428585764,1.23703919730085,0.13,0.062,1,"Not Significant"
"LRFN5",0.182815656048936,1.23703919730085,0.104,0.067,1,"Not Significant"
"GTF2F1",0.000281798750182195,1.23703919730085,0.155,0.041,1,"Not Significant"
"TOMM20",6.42290923494548e-05,1.23562824849314,0.269,0.109,1,"Not Significant"
"MEIS2",0.149374008486437,1.23477614579228,0.321,0.285,1,"Not Significant"
"NAB1",0.000482689979878053,1.23446525363702,0.181,0.062,1,"Not Significant"
"CTSA",0.00214649337591561,1.23446525363702,0.176,0.073,1,"Not Significant"
"AC011921.1",0.00539752667979785,-1.23446525363702,0.052,0.135,1,"Not Significant"
"HSPB1",0.00553618788449702,-1.23446525363702,0.301,0.389,1,"Not Significant"
"ITPKC",0.0136465229345436,-1.23446525363702,0.073,0.15,1,"Not Significant"
"HBG2",0.194225841319112,-1.23213644757705,0.394,0.44,1,"Not Significant"
"KANK1",0.000596157167805304,-1.2315640672347,0.311,0.492,1,"Not Significant"
"PIGU",0.000634345757687228,1.23132554610646,0.212,0.088,1,"Not Significant"
"TNFRSF21",0.000163576019530829,1.22948184612277,0.202,0.067,1,"Not Significant"
"IRS1",0.0176288654546384,1.22881869049588,0.161,0.083,1,"Not Significant"
"MRPL47",0.0051772674768444,1.22239242133645,0.104,0.031,1,"Not Significant"
"LANCL1",0.00038926952170543,1.22239242133645,0.176,0.057,1,"Not Significant"
"AGAP3",0.0026029317474107,1.22239242133645,0.145,0.052,1,"Not Significant"
"ATP5ME",0.0029754270205627,1.22239242133645,0.166,0.067,1,"Not Significant"
"C3orf70",0.00539262114196019,1.22239242133645,0.135,0.052,1,"Not Significant"
"FPGS",0.0102001525859355,1.22239242133645,0.119,0.047,1,"Not Significant"
"AP006621.3",0.0153757185409466,1.22239242133645,0.114,0.047,1,"Not Significant"
"MAT2B",0.0327681747040039,1.22239242133645,0.104,0.047,1,"Not Significant"
"TSEN2",0.000347227039201661,1.22239242133645,0.207,0.078,1,"Not Significant"
"XRRA1",0.0008578656853074,1.22239242133645,0.228,0.104,1,"Not Significant"
"PKN1",0.00100268453612941,1.22239242133645,0.202,0.083,1,"Not Significant"
"FAM156A",0.0148008394779596,-1.22239242133645,0.098,0.181,1,"Not Significant"
"VEGFB",0.00866291156021024,1.22239242133645,0.114,0.041,1,"Not Significant"
"EFCAB11",0.00133349919400362,1.21631790692676,0.249,0.124,1,"Not Significant"
"IL10RB",0.000142567467708929,1.21572869105544,0.249,0.098,1,"Not Significant"
"APLF",0.000366796252798833,1.21572869105544,0.238,0.104,1,"Not Significant"
"SPTBN1",0.0135284683257947,1.21431912080077,0.363,0.285,1,"Not Significant"
"SRGN",0.00132690550831464,1.21359547309929,0.187,0.078,1,"Not Significant"
"SNTB2",0.000320350047272705,1.2129937233342,0.187,0.062,1,"Not Significant"
"ENAH",0.00180791266147714,1.2125446353801,0.456,0.342,1,"Not Significant"
"DNAJC25",0.00117867761207126,1.21150410519371,0.171,0.062,1,"Not Significant"
"PEX2",0.00175776876503741,1.21150410519371,0.171,0.067,1,"Not Significant"
"ACOT9",0.00249013452705444,1.21150410519371,0.181,0.078,1,"Not Significant"
"PELI2",0.0191976943800519,1.21150410519371,0.104,0.041,1,"Not Significant"
"TXLNA",0.00514382502681425,1.20945336562895,0.15,0.062,1,"Not Significant"
"CHST12",0.0161100641473179,-1.20945336562895,0.062,0.135,1,"Not Significant"
"Z94721.1",0.0253147030637832,1.20945336562895,0.135,0.067,1,"Not Significant"
"VCL",0.00497212156401896,1.20858662181142,0.394,0.295,1,"Not Significant"
"TEX14",0.000886403128268729,1.2081081953302,0.223,0.098,1,"Not Significant"
"NOL8",0.000175208451355922,1.20645087746743,0.238,0.093,1,"Not Significant"
"DGCR2",0.000566566660936653,1.20645087746743,0.228,0.098,1,"Not Significant"
"STX4",0.00344087059726716,1.20645087746743,0.14,0.052,1,"Not Significant"
"MCF2L2",0.00464687151023834,1.20645087746743,0.13,0.047,1,"Not Significant"
"KNOP1",0.00670411404434332,1.20645087746743,0.124,0.047,1,"Not Significant"
"COX19",0.0128945070758458,1.20645087746743,0.124,0.052,1,"Not Significant"
"SLC22A15",0.0187786210070513,-1.20645087746743,0.052,0.119,1,"Not Significant"
"OTUD7B",0.000933200050682093,-1.20511442990461,0.119,0.254,1,"Not Significant"
"PIGG",0.000137698263312966,1.20435849850619,0.228,0.083,1,"Not Significant"
"SAV1",0.044909886318021,-1.20435849850619,0.114,0.181,1,"Not Significant"
"CCND2",0.00129601524787572,1.20163386116965,0.223,0.104,1,"Not Significant"
"ZNF43",8.86337448128534e-05,1.20163386116965,0.259,0.104,1,"Not Significant"
"RAB11FIP5",0.000432737163299397,-1.20163386116965,0.073,0.197,1,"Not Significant"
"PLEKHO2",0.00157865644254869,1.20163386116965,0.181,0.073,1,"Not Significant"
"ZNF595",0.00207217836713317,1.20163386116965,0.192,0.083,1,"Not Significant"
"B3GNTL1",0.0104033629056401,1.20163386116965,0.104,0.036,1,"Not Significant"
"PYGB",0.0189744041918986,1.20163386116965,0.104,0.041,1,"Not Significant"
"JAG1",0.00547062399511441,1.20163386116965,0.119,0.041,1,"Not Significant"
"PGGT1B",6.7227349545581e-05,1.19993757050875,0.326,0.155,1,"Not Significant"
"EEF1AKMT2",8.56212854202123e-05,1.19930880822341,0.259,0.104,1,"Not Significant"
"SFT2D1",0.00015416287160032,1.19930880822341,0.259,0.109,1,"Not Significant"
"SMNDC1",0.00156017066565406,1.19793937761191,0.166,0.062,1,"Not Significant"
"TRIM14",0.00529093704634953,1.19793937761191,0.15,0.062,1,"Not Significant"
"KCNH5",0.0351233512144871,-1.19793937761191,0.052,0.109,1,"Not Significant"
"PKN2-AS1",0.0905335735261381,1.19793937761191,0.104,0.057,1,"Not Significant"
"HIST2H2AC",5.26002223148657e-05,1.1963972128035,0.212,0.067,1,"Not Significant"
"C3AR1",0.000121165557520846,1.1963972128035,0.192,0.057,1,"Not Significant"
"ST8SIA4",0.00406029515832079,1.1963972128035,0.254,0.135,1,"Not Significant"
"TCF3",0.00385796062583666,1.1926450779424,0.14,0.052,1,"Not Significant"
"PKD1",0.00444713605781444,1.1926450779424,0.145,0.057,1,"Not Significant"
"LMO7-AS1",0.0205072086197373,-1.1926450779424,0.057,0.124,1,"Not Significant"
"CBR3",0.0421500822504218,-1.1926450779424,0.057,0.114,1,"Not Significant"
"DPY19L4",0.000823158658916219,1.1926450779424,0.249,0.119,1,"Not Significant"
"MAN2B1",0.000832145145501914,1.1926450779424,0.181,0.067,1,"Not Significant"
"ZCWPW2",0.0446304218494328,-1.1926450779424,0.088,0.15,1,"Not Significant"
"EXT1",0.60162159484842,1.19022241567554,0.492,0.596,1,"Not Significant"
"SLC16A3",0.000872468869725752,-1.18982455888002,0.124,0.254,1,"Not Significant"
"PUS7L",8.95865180686025e-05,1.18903382439002,0.244,0.093,1,"Not Significant"
"TP53BP2",0.000241387612581588,1.18903382439002,0.228,0.088,1,"Not Significant"
"PANK2",0.000277973078358022,1.18903382439002,0.238,0.098,1,"Not Significant"
"NRAS",0.00623453602644212,1.18762700317577,0.155,0.067,1,"Not Significant"
"ABHD17B",0.00545961129917586,1.18641312423088,0.176,0.078,1,"Not Significant"
"CD68",5.17390597553698e-05,1.18586654531133,0.223,0.073,1,"Not Significant"
"ZNF664",0.0229205813976081,1.18442457113743,0.109,0.047,1,"Not Significant"
"RFT1",0.0333818915015876,1.18442457113743,0.104,0.047,1,"Not Significant"
"CEMIP",0.919372704824514,-1.18220333122075,0.104,0.098,1,"Not Significant"
"GFM2",0.00239818504568923,1.18220333122075,0.223,0.109,1,"Not Significant"
"ZBTB21",0.00292486532250691,-1.18220333122075,0.104,0.212,1,"Not Significant"
"TAGLN",0.0037852805796005,1.18057224564182,0.114,0.036,1,"Not Significant"
"VCPIP1",0.000634300927351784,1.18057224564182,0.249,0.114,1,"Not Significant"
"MARCH2",0.000901520123993653,1.18057224564182,0.14,0.041,1,"Not Significant"
"TCTN3",0.0020521862804662,1.18057224564182,0.155,0.057,1,"Not Significant"
"MUS81",0.0126486088302504,1.18057224564182,0.145,0.067,1,"Not Significant"
"ILVBL",0.0246717609963242,-1.18057224564182,0.067,0.135,1,"Not Significant"
"NUP205",6.40927736915628e-05,1.17932369944456,0.311,0.14,1,"Not Significant"
"ZNF621",0.00150099468756069,1.17833724125851,0.166,0.062,1,"Not Significant"
"AK9",0.00501251955602813,1.17833724125851,0.171,0.078,1,"Not Significant"
"TTC9C",0.0489716261615572,1.17833724125851,0.15,0.088,1,"Not Significant"
"SELENOH",0.000195727845285569,1.17687776208408,0.207,0.073,1,"Not Significant"
"OCRL",0.00283426536941864,1.17687776208408,0.207,0.098,1,"Not Significant"
"ZNF251",0.00409221430419545,1.17687776208408,0.202,0.098,1,"Not Significant"
"ORC5",0.000325355292271053,1.17508670655809,0.249,0.109,1,"Not Significant"
"BCL7C",0.00873881811491626,1.16992500144231,0.114,0.041,1,"Not Significant"
"PDAP1",0.0140508949459248,1.16992500144231,0.13,0.057,1,"Not Significant"
"COX11",0.017884727005247,1.16992500144231,0.119,0.052,1,"Not Significant"
"CCNG2",0.000116069200772773,1.16992500144231,0.249,0.098,1,"Not Significant"
"FMNL3",0.000484992977067479,1.16992500144231,0.166,0.052,1,"Not Significant"
"SH3BGRL2",0.000607663159045533,-1.16992500144231,0.073,0.192,1,"Not Significant"
"PIK3R4",0.00386364812975044,1.16992500144231,0.192,0.088,1,"Not Significant"
"JUP",0.00808677170353183,-1.16992500144231,0.083,0.171,1,"Not Significant"
"PYM1",0.0148987867976363,1.16992500144231,0.155,0.078,1,"Not Significant"
"LMNB2",0.0108971011470658,1.16992500144231,0.104,0.036,1,"Not Significant"
"CALD1",0.445139127914623,1.16868183459168,0.456,0.539,1,"Not Significant"
"TMPO",0.000102037481199662,1.16558606571797,0.264,0.104,1,"Not Significant"
"LINC00513",0.000755778271275249,1.16438681790088,0.212,0.088,1,"Not Significant"
"DLGAP1",0.011213533792724,1.16438681790088,0.155,0.073,1,"Not Significant"
"CCDC18",0.0405294874229531,1.16438681790088,0.155,0.088,1,"Not Significant"
"RIN3",0.000195900294169866,1.1632303488683,0.446,0.295,1,"Not Significant"
"MFSD12",0.000119864930373814,-1.16293857112621,0.155,0.316,1,"Not Significant"
"AC119673.2",0.000269763008722514,1.16293857112621,0.326,0.166,1,"Not Significant"
"TP63",0.0152539073049063,-1.16227142889888,0.057,0.13,1,"Not Significant"
"DCAF16",0.000898560356864021,1.16227142889888,0.202,0.083,1,"Not Significant"
"RASEF",0.0973482806190171,-1.16227142889888,0.062,0.109,1,"Not Significant"
"FADS2",0.000128174309861241,1.16046467219325,0.155,0.036,1,"Not Significant"
"TNFRSF1B",0.000179652931939954,1.16046467219325,0.264,0.114,1,"Not Significant"
"WARS",0.000777315894358782,1.16046467219325,0.124,0.031,1,"Not Significant"
"DCTN1",0.000906035612353682,1.16046467219325,0.166,0.057,1,"Not Significant"
"RAE1",0.0109661833486241,1.16046467219325,0.161,0.078,1,"Not Significant"
"ELAVL1",0.000263124132612983,1.15919859484925,0.259,0.114,1,"Not Significant"
"ZNF133",0.00321907698225777,1.15754127698648,0.212,0.104,1,"Not Significant"
"HSF2",0.00842132384365452,1.15754127698648,0.13,0.052,1,"Not Significant"
"AC087286.2",0.00974932368479543,1.15754127698648,0.135,0.057,1,"Not Significant"
"ETAA1",0.0123816370354019,1.15754127698648,0.124,0.052,1,"Not Significant"
"FAM174B",0.0154993983682382,1.15754127698648,0.114,0.047,1,"Not Significant"
"SCAND1",0.0260827993534,1.15754127698648,0.114,0.052,1,"Not Significant"
"FSTL3",0.0268839084728287,1.15754127698648,0.135,0.067,1,"Not Significant"
"METTL3",0.0454955484725138,1.15754127698648,0.114,0.057,1,"Not Significant"
"MDM2",0.013779011984822,-1.15634202916939,0.311,0.404,1,"Not Significant"
"FCGR1A",0.00046488020914016,1.15527822547791,0.166,0.052,1,"Not Significant"
"SLC22A11",0.0740463671879556,-1.15527822547791,0.067,0.119,1,"Not Significant"
"UBA6-AS1",0.000448380663764384,1.15380533607904,0.259,0.119,1,"Not Significant"
"HSPH1",0.000131210174362523,1.15200309344505,0.228,0.083,1,"Not Significant"
"LINC00106",0.00370080784982088,1.15200309344505,0.176,0.078,1,"Not Significant"
"NUP37",0.0097577269879476,1.15200309344505,0.155,0.073,1,"Not Significant"
"GMDS",0.00161062130648303,1.15200309344505,0.373,0.244,1,"Not Significant"
"ZNRF3",0.0533621707094055,-1.15200309344505,0.166,0.238,1,"Not Significant"
"ZCCHC24",0.000251824171708276,1.14886338591448,0.181,0.057,1,"Not Significant"
"CPT1A",0.00128679548495652,1.14886338591448,0.192,0.078,1,"Not Significant"
"MTMR6",0.00208412832524997,1.14886338591448,0.212,0.098,1,"Not Significant"
"ZNF439",0.00280585048127142,1.14886338591448,0.181,0.078,1,"Not Significant"
"DHX57",0.00332471082783624,1.14886338591448,0.197,0.093,1,"Not Significant"
"TRIM26",0.0128741554639642,1.14886338591448,0.192,0.104,1,"Not Significant"
"AKIRIN2",0.000588660337776868,1.14684138832927,0.249,0.114,1,"Not Significant"
"ERLIN2",0.00675034508520347,1.14684138832927,0.14,0.057,1,"Not Significant"
"TSC2",0.0146442636701278,1.14684138832927,0.13,0.057,1,"Not Significant"
"NDUFS2",0.0206087806542777,1.14684138832927,0.124,0.057,1,"Not Significant"
"NDUFAF7",0.0210532600608113,1.14684138832927,0.124,0.057,1,"Not Significant"
"USP46",0.00481693808703678,-1.14684138832927,0.155,0.259,1,"Not Significant"
"SENP2",9.09738333047578e-05,1.14543043952156,0.295,0.13,1,"Not Significant"
"ZC2HC1A",4.83023909881386e-05,-1.14470501145304,0.311,0.487,1,"Not Significant"
"SMG9",0.011017932606636,-1.14438990933518,0.078,0.161,1,"Not Significant"
"DCAF1",0.00335017793177208,-1.14438990933517,0.176,0.29,1,"Not Significant"
"ITPK1",0.0131731025018208,-1.14359085362885,0.176,0.269,1,"Not Significant"
"EFHC1",0.00109739949589244,1.14295795384204,0.207,0.088,1,"Not Significant"
"RHOB",0.00643606637664255,1.14295795384204,0.197,0.098,1,"Not Significant"
"TPGS2",0.000189563384899254,1.14201900487243,0.238,0.093,1,"Not Significant"
"AC007216.4",0.00194361409008456,-1.14201900487243,0.104,0.218,1,"Not Significant"
"SLC7A8",0.000329460096469593,1.13993026114448,0.342,0.187,1,"Not Significant"
"RPL7L1",8.91862794713586e-05,1.13750352374994,0.218,0.073,1,"Not Significant"
"NCBP2",0.000619561899446375,1.13750352374994,0.155,0.047,1,"Not Significant"
"LRRC4",0.00336296061769945,1.13750352374994,0.135,0.047,1,"Not Significant"
"IGF2",0.00405683304068488,1.13750352374994,0.171,0.073,1,"Not Significant"
"FBLIM1",0.00492694587358603,1.13750352374994,0.13,0.047,1,"Not Significant"
"ALG9",0.0049936866492292,1.13750352374994,0.207,0.104,1,"Not Significant"
"KARS",0.00723131505621342,1.13750352374994,0.124,0.047,1,"Not Significant"
"ZNF317",0.0166295301766637,1.13750352374994,0.135,0.062,1,"Not Significant"
"TARSL2",0.0222674335438472,1.13750352374994,0.124,0.057,1,"Not Significant"
"AC004160.1",0.000645073511059315,-1.13750352374993,0.073,0.192,1,"Not Significant"
"KANSL2",0.0173343529123788,-1.13750352374993,0.124,0.207,1,"Not Significant"
"HEATR1",0.000461313777724534,1.13750352374993,0.269,0.13,1,"Not Significant"
"THOC7",0.0007528740818772,-1.13750352374993,0.124,0.259,1,"Not Significant"
"STAT2",0.000965635110091553,1.13750352374993,0.181,0.067,1,"Not Significant"
"ITGA9-AS1",0.001139122405908,1.13750352374993,0.171,0.062,1,"Not Significant"
"RAD52",0.00129691165527479,1.13750352374993,0.192,0.078,1,"Not Significant"
"ECI2",0.00357899663584289,1.13750352374993,0.171,0.073,1,"Not Significant"
"BICD2",0.00555834368784796,1.13750352374993,0.171,0.078,1,"Not Significant"
"SYMPK",0.000303032154181215,-1.13565509935757,0.275,0.425,1,"Not Significant"
"FAM120AOS",0.00259805067421929,-1.13464952669478,0.181,0.301,1,"Not Significant"
"PTPN21",0.0166473746128389,-1.13385574673479,0.14,0.228,1,"Not Significant"
"KIAA1958",0.000121012000083493,1.13326653086346,0.223,0.078,1,"Not Significant"
"KLF4",0.00110830239082602,1.13326653086346,0.212,0.093,1,"Not Significant"
"SMARCAL1",0.00155243199129041,1.13245029602365,0.223,0.104,1,"Not Significant"
"BRCC3",0.00339207912995764,1.13245029602365,0.197,0.093,1,"Not Significant"
"CLPB",0.00696368218569728,1.13245029602365,0.212,0.114,1,"Not Significant"
"AKAP8",0.0361132030413013,-1.13245029602365,0.119,0.192,1,"Not Significant"
"DLG2",0.0401164143392436,1.13245029602365,0.13,0.067,1,"Not Significant"
"CTDSP2",0.00119356597268049,1.13124453327825,0.187,0.073,1,"Not Significant"
"TRAPPC5",0.00144277626627723,1.13124453327825,0.176,0.067,1,"Not Significant"
"HINT1",0.0118188772574811,1.13124453327825,0.161,0.078,1,"Not Significant"
"STX18-AS1",0.00528287175663787,1.12928301694497,0.145,0.057,1,"Not Significant"
"AP5Z1",0.0116905899626536,1.12928301694497,0.14,0.062,1,"Not Significant"
"PDLIM2",0.0449800992855681,-1.12928301694497,0.062,0.119,1,"Not Significant"
"TIA1",5.5763529539379e-05,1.12832409697554,0.337,0.161,1,"Not Significant"
"NUP93",0.0011544409249463,1.12775554719837,0.212,0.093,1,"Not Significant"
"YTHDF1",0.00129334628836185,1.12775554719837,0.218,0.098,1,"Not Significant"
"TRAK2",0.00295667811608626,1.12711191790334,0.249,0.13,1,"Not Significant"
"TMX1",0.000328841060109396,1.12553088208386,0.202,0.073,1,"Not Significant"
"UTP20",0.00053320230200531,1.12553088208386,0.202,0.078,1,"Not Significant"
"MYCBP2-AS1",0.00120637217960132,1.12553088208386,0.192,0.078,1,"Not Significant"
"ANKRD49",0.00710670473952008,1.12553088208386,0.109,0.036,1,"Not Significant"
"SNRPD3",0.00710670473952008,1.12553088208386,0.109,0.036,1,"Not Significant"
"TMEM222",0.0131737409446824,1.12553088208386,0.109,0.041,1,"Not Significant"
"EIF3I",0.0131737409446824,1.12553088208386,0.109,0.041,1,"Not Significant"
"GALNS",0.0187265809913142,1.12553088208386,0.104,0.041,1,"Not Significant"
"PYCARD",0.0199342767015098,1.12553088208386,0.104,0.041,1,"Not Significant"
"STRN4",0.0263781353516819,1.12553088208386,0.114,0.052,1,"Not Significant"
"TINAGL1",0.111665925312739,-1.12553088208386,0.083,0.13,1,"Not Significant"
"BTF3L4",0.00027260162001684,1.12553088208386,0.28,0.13,1,"Not Significant"
"LVRN",5.81498955087623e-05,-1.1243281350022,0.041,0.171,1,"Not Significant"
"PGK1",5.41546838795986e-05,1.12398871727545,0.311,0.135,1,"Not Significant"
"OR2A1-AS1",0.00427481463520678,1.12199052437861,0.161,0.067,1,"Not Significant"
"EMG1",0.0290711726395432,1.12199052437861,0.14,0.073,1,"Not Significant"
"AL117329.1",0.426475223955396,1.12199052437861,0.109,0.088,1,"Not Significant"
"MTREX",0.000325240700471332,1.12029423371771,0.399,0.249,1,"Not Significant"
"TMEM63B",0.000137374769972727,1.12029423371771,0.207,0.067,1,"Not Significant"
"ARL6IP4",0.000147136515193375,1.12029423371771,0.212,0.073,1,"Not Significant"
"PAIP1",0.000794753238185654,1.12029423371771,0.218,0.093,1,"Not Significant"
"CEP104",0.00226435311819143,1.12029423371771,0.218,0.104,1,"Not Significant"
"USP36",6.30626734280229e-05,1.1197392442741,0.358,0.181,1,"Not Significant"
"PIGF",0.000131538693538015,1.11929892837234,0.264,0.109,1,"Not Significant"
"CNPY2",0.00018955029098143,1.11929892837234,0.223,0.083,1,"Not Significant"
"TBC1D15",0.00255293619054552,-1.11864449649862,0.352,0.456,1,"Not Significant"
"RFX3-AS1",0.0111107104510687,-1.11864449649862,0.14,0.233,1,"Not Significant"
"MTM1",0.000507781848271569,-1.11818142634831,0.264,0.404,1,"Not Significant"
"PER1",0.00545338870191344,1.11547721741994,0.104,0.031,1,"Not Significant"
"BAG3",0.0336683806404278,-1.11547721741994,0.047,0.104,1,"Not Significant"
"ZNF738",0.0380890711043665,1.11547721741994,0.109,0.052,1,"Not Significant"
"C19orf48",0.0551810659470534,1.11547721741994,0.104,0.052,1,"Not Significant"
"METTL22",0.00207922003123608,1.11547721741994,0.171,0.067,1,"Not Significant"
"AC116362.1",0.00228546725178484,-1.11547721741994,0.052,0.145,1,"Not Significant"
"C5orf51",0.015315390489498,1.11547721741994,0.15,0.073,1,"Not Significant"
"C19orf25",0.0169264687615456,1.11547721741994,0.155,0.078,1,"Not Significant"
"AL357146.1",0.0910331966301434,-1.11547721741994,0.062,0.109,1,"Not Significant"
"ERGIC1",0.000160784988863827,1.11547721741994,0.254,0.104,1,"Not Significant"
"PHF11",0.000675108104703273,1.11547721741994,0.228,0.098,1,"Not Significant"
"AC245297.3",0.00105568450135021,1.11547721741994,0.187,0.073,1,"Not Significant"
"SQLE",0.000354636905736368,1.11247472925841,0.238,0.098,1,"Not Significant"
"HIST1H2BC",0.0297448858525393,-1.1118928800709,0.119,0.197,1,"Not Significant"
"PI4KB",0.00332771381550386,1.11103131238874,0.212,0.104,1,"Not Significant"
"RCC2",8.07428990842696e-05,1.1096244911745,0.269,0.109,1,"Not Significant"
"RABGGTB",0.000202386179849804,1.1096244911745,0.207,0.073,1,"Not Significant"
"CTNNBIP1",0.00247356597514855,1.1096244911745,0.176,0.073,1,"Not Significant"
"UNC13D",0.00273104712874826,-1.1096244911745,0.067,0.166,1,"Not Significant"
"SOCS4",0.00334276973683703,1.1096244911745,0.171,0.073,1,"Not Significant"
"LRRC8B",0.00442744526787171,1.1096244911745,0.13,0.047,1,"Not Significant"
"ZFP2",0.0236784150448594,-1.1096244911745,0.083,0.155,1,"Not Significant"
"UMPS",0.0820383894527577,-1.1096244911745,0.083,0.135,1,"Not Significant"
"PFDN1",0.00390613418406931,1.10852445677817,0.244,0.135,1,"Not Significant"
"DIPK1A",0.00234592713457127,-1.10691520391651,0.145,0.264,1,"Not Significant"
"SLC35E2A",0.0176234228430008,1.10691520391651,0.119,0.052,1,"Not Significant"
"AC023424.3",0.000160363362944102,1.10535300014623,0.264,0.114,1,"Not Significant"
"ANKRD13A",8.74035166071561e-05,-1.10479619001161,0.218,0.378,1,"Not Significant"
"FILIP1L",0.000186367152832672,1.10433665981474,0.254,0.104,1,"Not Significant"
"CYP51A1",0.00284459476475697,1.10433665981474,0.161,0.062,1,"Not Significant"
"ZNF253",0.0275845929786268,1.10433665981474,0.161,0.088,1,"Not Significant"
"COL21A1",0.182184288626897,1.10277859717744,0.352,0.342,1,"Not Significant"
"SCPEP1",0.00448073666038947,1.09953567355091,0.13,0.047,1,"Not Significant"
"LAMTOR3",0.00710559020496358,1.09953567355091,0.14,0.057,1,"Not Significant"
"SCRN3",0.0150435058017201,1.09953567355091,0.13,0.057,1,"Not Significant"
"FAM131A",0.0242311481287155,-1.09953567355091,0.062,0.13,1,"Not Significant"
"SCOC",0.094017352175922,-1.09953567355091,0.067,0.114,1,"Not Significant"
"ASPM",0.018472423767975,1.09953567355091,0.124,0.057,1,"Not Significant"
"H1F0",0.012934889617808,1.09953567355091,0.166,0.083,1,"Not Significant"
"AL080317.2",0.128663725214478,-1.09953567355091,0.093,0.14,1,"Not Significant"
"RAB23",0.00422870316011816,1.09686153925259,0.187,0.088,1,"Not Significant"
"G2E3",0.000772977811736845,1.09515723304034,0.275,0.135,1,"Not Significant"
"HELQ",0.00808019546246379,1.09310940439148,0.145,0.062,1,"Not Significant"
"ERVK13-1",0.0544455887312139,1.09310940439148,0.124,0.067,1,"Not Significant"
"PTPRD",0.00201735633967066,1.09256611873607,0.197,0.088,1,"Not Significant"
"PTPRK",0.0586899873771054,1.09192248944104,0.622,0.689,1,"Not Significant"
"PSMC2",7.56191338073508e-05,1.0911478880582,0.212,0.067,1,"Not Significant"
"TM2D2",0.000379757608624325,1.0911478880582,0.207,0.078,1,"Not Significant"
"TYROBP",0.618222774688291,-1.08900500605874,0.176,0.176,1,"Not Significant"
"INTS2",0.00358429474054226,1.08746284125034,0.155,0.062,1,"Not Significant"
"RUVBL1",0.0107705352853329,1.08746284125034,0.135,0.057,1,"Not Significant"
"PPFIBP1",0.0150249413981578,1.08607095012367,0.368,0.28,1,"Not Significant"
"VPS45",8.34339028621872e-05,1.08597322310985,0.373,0.197,1,"Not Significant"
"AIMP1",0.00131209714100512,1.08406426478847,0.192,0.078,1,"Not Significant"
"PGRMC2",0.0062923755896424,-1.08341600818764,0.176,0.28,1,"Not Significant"
"MAGI3",0.0233560924378264,1.08308174149456,0.549,0.497,1,"Not Significant"
"ZNF267",0.000254963025423862,1.08246216019197,0.259,0.109,1,"Not Significant"
"PWWP2A",0.000463069181399347,1.08246216019197,0.259,0.119,1,"Not Significant"
"ALDH9A1",0.000517877345256469,1.08246216019197,0.166,0.052,1,"Not Significant"
"AGO1",0.00152342980561224,1.08246216019197,0.166,0.062,1,"Not Significant"
"DUS2",0.0582589343783629,-1.08091999538357,0.114,0.176,1,"Not Significant"
"ATXN3",0.000229251024816763,1.08017034868398,0.259,0.109,1,"Not Significant"
"GATA2",0.00114475672927857,-1.08017034868398,0.098,0.223,1,"Not Significant"
"CAMKMT",5.64557938184119e-05,1.07999932206522,0.472,0.28,1,"Not Significant"
"PLXNA2",0.000705693126455423,1.07972719247073,0.275,0.135,1,"Not Significant"
"HCLS1",0.000394880243644173,1.07800251200127,0.223,0.088,1,"Not Significant"
"RNF217-AS1",0.27022600660307,-1.07800251200127,0.088,0.119,1,"Not Significant"
"BMS1",0.00167703860143304,1.07800251200127,0.181,0.073,1,"Not Significant"
"CYB5R1",0.0106840949939808,-1.07800251200127,0.073,0.155,1,"Not Significant"
"TMEM189",0.0235615270428044,1.07800251200127,0.15,0.078,1,"Not Significant"
"RNF138",9.34947536384944e-05,1.0759488532333,0.285,0.119,1,"Not Significant"
"DCAF17",0.0558956214631563,1.07528812730424,0.166,0.104,1,"Not Significant"
"ZNF611",0.0129995603895742,-1.07476776840197,0.202,0.295,1,"Not Significant"
"FAM3B",0.0121628370586523,-1.07400058144378,0.062,0.14,1,"Not Significant"
"TNFSF13B",0.0137183398621189,1.07400058144378,0.145,0.067,1,"Not Significant"
"ANGEL2",0.00140551621532395,1.07275634243531,0.233,0.109,1,"Not Significant"
"INTS7",0.00269882488743978,1.07275634243531,0.218,0.104,1,"Not Significant"
"SLC9A1",0.00239845123874526,-1.07179068306801,0.176,0.301,1,"Not Significant"
"SFMBT2",0.00964602615100917,1.07160474080312,0.565,0.523,1,"Not Significant"
"ZNF430",0.00634219677453695,1.0703893278914,0.176,0.083,1,"Not Significant"
"MRPS22",0.0108322013153378,1.0703893278914,0.104,0.036,1,"Not Significant"
"NKAPD1",0.0108322013153378,1.0703893278914,0.104,0.036,1,"Not Significant"
"TCAF1",0.00212804715931864,-1.06817150264158,0.264,0.399,1,"Not Significant"
"ARID4A",5.59021800483076e-05,1.06711419585854,0.394,0.207,1,"Not Significant"
"ATP6V0B",0.00849188057214115,1.06711419585854,0.166,0.078,1,"Not Significant"
"CEP44",0.000671448985735512,1.06608919045777,0.228,0.098,1,"Not Significant"
"RAD18",0.00215418926995594,1.06608919045777,0.218,0.104,1,"Not Significant"
"ANKS1B",0.134135015972074,1.06529146025172,0.155,0.109,1,"Not Significant"
"C1orf52",0.00258541198904077,1.06413033741972,0.197,0.088,1,"Not Significant"
"AL589935.1",0.0874258297497273,1.06413033741972,0.124,0.073,1,"Not Significant"
"GPC1",0.155994884275987,-1.06413033741972,0.088,0.13,1,"Not Significant"
"RNF103",0.00222286615044394,-1.06413033741972,0.13,0.249,1,"Not Significant"
"PRH1",0.000243972506212487,1.06332593536883,0.383,0.223,1,"Not Significant"
"AMPD3",0.00414836054194261,-1.06228427825434,0.114,0.218,1,"Not Significant"
"DCAF12",0.000400260032354769,1.06140054466414,0.207,0.078,1,"Not Significant"
"AC006059.1",0.00191686290913622,1.06140054466414,0.202,0.088,1,"Not Significant"
"PCLO",0.0073057345858375,1.06140054466414,0.109,0.036,1,"Not Significant"
"CD274",0.0282324514946441,-1.06140054466414,0.088,0.161,1,"Not Significant"
"ZNF525",0.0586372983011952,-1.06140054466414,0.109,0.171,1,"Not Significant"
"UAP1",0.060564072973408,-1.06140054466414,0.104,0.166,1,"Not Significant"
"COMMD3",0.0161987941710344,1.05889368905357,0.114,0.047,1,"Not Significant"
"ZNF787",0.0194171598017024,1.05889368905357,0.104,0.041,1,"Not Significant"
"LINC00937",0.0234445413705984,-1.05889368905357,0.047,0.109,1,"Not Significant"
"HEXD",0.0434783703977082,1.05889368905357,0.114,0.057,1,"Not Significant"
"LILRB3",0.0553065885673783,1.05889368905357,0.104,0.052,1,"Not Significant"
"AAMDC",0.000321347297744905,1.05889368905357,0.187,0.062,1,"Not Significant"
"UQCRQ",0.000838789702812169,1.05889368905357,0.192,0.073,1,"Not Significant"
"C1orf112",0.00131312158117695,1.05889368905357,0.181,0.073,1,"Not Significant"
"GGCX",0.0018809866054722,1.05889368905357,0.187,0.078,1,"Not Significant"
"ZNF703",0.0138382633088383,-1.05889368905357,0.093,0.176,1,"Not Significant"
"CCDC122",0.0202030360676811,-1.05889368905357,0.088,0.166,1,"Not Significant"
"SRPK1",0.000125489867447427,-1.05829864056467,0.337,0.497,1,"Not Significant"
"AL645568.1",0.00435618481882617,1.05733317506595,0.223,0.114,1,"Not Significant"
"ESD",0.000367444267525648,1.05658352836637,0.223,0.088,1,"Not Significant"
"RBMS3",0.0079899014873421,1.05570943258629,0.451,0.71,1,"Not Significant"
"PSMF1",4.7125531609426e-05,1.0554951125917,0.342,0.161,1,"Not Significant"
"RAB42",0.0030743194954077,1.05444778402238,0.109,0.031,1,"Not Significant"
"RPAP3",0.000419886111081625,1.05444778402238,0.228,0.093,1,"Not Significant"
"RPA1",0.00544908872104623,1.05444778402238,0.192,0.093,1,"Not Significant"
"AC245060.5",0.00777215339078512,1.05444778402238,0.114,0.041,1,"Not Significant"
"FGFR1OP",0.00999354024782468,1.05444778402238,0.207,0.114,1,"Not Significant"
"PTPA",0.0111354157143452,1.05444778402238,0.119,0.047,1,"Not Significant"
"LINC00205",0.0111354157143452,1.05444778402238,0.119,0.047,1,"Not Significant"
"MICOS13",0.0140318395465545,1.05444778402238,0.109,0.041,1,"Not Significant"
"LINC00624",0.0242935597926726,1.05444778402238,0.109,0.047,1,"Not Significant"
"RFLNA",0.000789724706384006,1.05062607306997,0.114,0.026,1,"Not Significant"
"LZTS2",0.0104354745900049,1.05062607306997,0.135,0.057,1,"Not Significant"
"GPR180",0.0131904847381706,1.05062607306997,0.124,0.052,1,"Not Significant"
"IRF2BPL",0.0131904847381706,1.05062607306997,0.124,0.052,1,"Not Significant"
"POLA2",0.0275357045388374,1.05062607306997,0.114,0.052,1,"Not Significant"
"ZNF155",0.0356615040639322,1.05062607306997,0.104,0.047,1,"Not Significant"
"AL365356.1",0.0478106572439106,1.05062607306997,0.119,0.062,1,"Not Significant"
"WSB2",0.0923598964025679,1.05062607306997,0.109,0.062,1,"Not Significant"
"PLPP1",0.000174148923999847,1.0494686762643,0.254,0.104,1,"Not Significant"
"SOGA1",0.000104548071205871,1.04890960048095,0.249,0.093,1,"Not Significant"
"MSL1",0.000634880091968141,1.04890960048095,0.249,0.114,1,"Not Significant"
"HULC",0.0225768025187547,-1.04809428820105,0.145,0.233,1,"Not Significant"
"TM9SF4",0.000145576975125354,1.04730571477836,0.337,0.166,1,"Not Significant"
"ALMS1",9.67707955651864e-05,1.04730571477836,0.363,0.187,1,"Not Significant"
"FBLN2",0.00355567068588954,1.04730571477836,0.109,0.031,1,"Not Significant"
"SLC6A2",0.0107439579490633,-1.04730571477836,0.036,0.104,1,"Not Significant"
"PM20D2",0.0152600269164353,-1.04730571477836,0.057,0.13,1,"Not Significant"
"METTL21A",0.015342350235107,1.04730571477836,0.114,0.047,1,"Not Significant"
"MUC15",0.016631407711745,-1.04730571477836,0.047,0.114,1,"Not Significant"
"ELAC2",0.0191161915908364,1.04730571477836,0.14,0.067,1,"Not Significant"
"NCSTN",0.02688917270219,1.04730571477836,0.135,0.067,1,"Not Significant"
"CADM2",0.000921770302755148,1.04439411935845,0.15,0.047,1,"Not Significant"
"MRPS6",0.000220030986926486,1.04439411935845,0.321,0.155,1,"Not Significant"
"IER5L",0.00607692360123188,1.04439411935845,0.135,0.052,1,"Not Significant"
"MRPL14",0.0139191481546302,1.04439411935845,0.145,0.067,1,"Not Significant"
"PRKACA",0.0210781507469596,1.04439411935845,0.145,0.073,1,"Not Significant"
"OS9",0.000100005258129465,1.04439411935845,0.249,0.093,1,"Not Significant"
"DOT1L",0.010080135038623,-1.04306872189189,0.14,0.238,1,"Not Significant"
"NSUN7",0.00344156390641012,1.04182017569463,0.244,0.13,1,"Not Significant"
"RBMS3-AS2",0.0121306093774277,1.04182017569463,0.119,0.047,1,"Not Significant"
"ATG16L2",0.0150839275664929,1.04182017569463,0.15,0.073,1,"Not Significant"
"FAM185A",0.0316339360849105,1.04182017569463,0.14,0.073,1,"Not Significant"
"EPB41",0.148560058460116,-1.04182017569463,0.155,0.212,1,"Not Significant"
"UCHL3",0.000151782514078817,-1.03952836418664,0.187,0.352,1,"Not Significant"
"COX15",0.0155274304728146,1.03952836418664,0.15,0.073,1,"Not Significant"
"MED24",0.0299895904892795,1.03952836418664,0.14,0.073,1,"Not Significant"
"ERP29",0.0302088533666565,1.03952836418664,0.14,0.073,1,"Not Significant"
"ZNF493",0.000740136426698228,1.03952836418664,0.275,0.135,1,"Not Significant"
"PGAM1",0.00186267807725408,1.03747470541866,0.166,0.062,1,"Not Significant"
"SNRPA",0.0097373546177275,-1.03562390973072,0.088,0.176,1,"Not Significant"
"TFAP2C",0.0141763034329908,-1.03562390973072,0.067,0.145,1,"Not Significant"
"RMDN2",0.0165920338949307,1.03562390973072,0.155,0.078,1,"Not Significant"
"CPPED1",0.000125693752457522,-1.0351894284623,0.259,0.425,1,"Not Significant"
"MACO1",0.00010122695599729,1.03476541816068,0.29,0.124,1,"Not Significant"
"FAM89A",0.00020673256579421,1.03476541816068,0.275,0.119,1,"Not Significant"
"RTTN",0.00223775300981636,1.03394733192334,0.311,0.181,1,"Not Significant"
"ADCY7",0.0941217224685451,-1.03394733192334,0.316,0.363,1,"Not Significant"
"HACD2",0.000169114642829509,1.03394733192334,0.285,0.124,1,"Not Significant"
"THUMPD2",0.00786675035649291,1.03394733192334,0.28,0.176,1,"Not Significant"
"GUF1",0.00108279663339377,1.03394733192334,0.187,0.073,1,"Not Significant"
"PRDM4",0.00395043217749163,1.03394733192334,0.176,0.078,1,"Not Significant"
"AC104596.1",0.0752600670489701,-1.03394733192334,0.073,0.124,1,"Not Significant"
"ANAPC1",8.81631484691575e-05,1.0331668639352,0.337,0.161,1,"Not Significant"
"ICK",0.000331686803236095,-1.03291462247274,0.244,0.399,1,"Not Significant"
"POLR3B",0.000990889840072855,-1.03242147769238,0.171,0.311,1,"Not Significant"
"ZNF66",0.0030103122319054,1.03242147769238,0.187,0.083,1,"Not Significant"
"NRXN3",0.0257520603407669,-1.03242147769238,0.104,0.181,1,"Not Significant"
"UBE3B",0.0314701876630973,1.03242147769238,0.171,0.098,1,"Not Significant"
"AC025159.1",0.0714677778806537,1.03242147769238,0.145,0.088,1,"Not Significant"
"AC079781.5",0.00155924805236869,1.03102689562062,0.197,0.083,1,"Not Significant"
"VWA8",0.000102817584807291,1.02974734339405,0.482,0.326,1,"Not Significant"
"PRCP",7.96645969521809e-05,1.02974734339405,0.187,0.052,1,"Not Significant"
"ANKMY2",0.0052354388321386,1.02974734339405,0.218,0.114,1,"Not Significant"
"MAGED1",0.000102289704245426,1.02934396158214,0.358,0.187,1,"Not Significant"
"GPALPP1",0.0118491761994025,1.02856915219677,0.181,0.093,1,"Not Significant"
"HIST1H1E",0.00083462053202313,1.02748073642211,0.192,0.073,1,"Not Significant"
"PPARG",0.0248789038754746,1.02713612993751,0.575,0.549,1,"Not Significant"
"TOP2A",5.02863727591107e-05,1.02647221136119,0.197,0.057,1,"Not Significant"
"CRTAP",6.79094214588583e-05,1.02647221136119,0.223,0.073,1,"Not Significant"
"SUGP2",7.60900508227411e-05,1.02599520853294,0.368,0.187,1,"Not Significant"
"DCTN5",0.000570492021510466,1.02308361311304,0.259,0.119,1,"Not Significant"
"TAFA2",0.183389724137137,-1.02236781302845,0.145,0.187,1,"Not Significant"
"DIAPH2-AS1",0.0177756715068162,1.02236781302845,0.171,0.088,1,"Not Significant"
"NVL",0.000599541009373339,-1.0207585601668,0.249,0.404,1,"Not Significant"
"INTS4",0.003135524071805,1.02046410255972,0.264,0.145,1,"Not Significant"
"LINC02109",0.577219980124583,1.01905833581568,0.378,0.415,1,"Not Significant"
"MRPL3",0.0147058048652363,1.01792190799726,0.244,0.145,1,"Not Significant"
"THUMPD3-AS1",0.000218688994509918,1.01667874114663,0.332,0.166,1,"Not Significant"
"ABCB7",0.000157715442531617,1.0163018123291,0.316,0.155,1,"Not Significant"
"GSN",8.46721199615526e-05,1.01594154386902,0.332,0.15,1,"Not Significant"
"GTF2E2",0.000896839710017461,1.01495034146597,0.321,0.181,1,"Not Significant"
"AC104162.2",0.000407152908874292,-1.01407518521172,0.176,0.332,1,"Not Significant"
"PLGRKT",0.00331981943124084,-1.01354653183795,0.187,0.306,1,"Not Significant"
"EPB41L5",0.0183511896207279,1.01305615282545,0.238,0.155,1,"Not Significant"
"IGFBP3",0.000383906695360968,1.00433893572434,0.326,0.176,1,"Not Significant"
"PTPRG",0.00113569008498866,1.00230278586942,0.813,0.819,1,"Not Significant"
"ZNF333",0.0112283336738886,1,0.119,0.047,1,"Not Significant"
"ETHE1",0.0242637306872522,1,0.109,0.047,1,"Not Significant"
"ALK",0.0624348555295378,-1,0.057,0.109,1,"Not Significant"
"CDC16",0.000141808894861812,1,0.342,0.171,1,"Not Significant"
"GUCY1A1",0.000270973375640072,1,0.161,0.047,1,"Not Significant"
"PRPF38B",0.000271462212628058,1,0.295,0.14,1,"Not Significant"
"TSC22D4",0.000602718534712105,1,0.197,0.073,1,"Not Significant"
"CIAO1",0.00183548874552939,1,0.202,0.088,1,"Not Significant"
"LIPA",0.00188200241978918,1,0.249,0.124,1,"Not Significant"
"C9orf72",0.00229837071905434,1,0.275,0.15,1,"Not Significant"
"GPR89A",0.00301469825726077,1,0.135,0.047,1,"Not Significant"
"CCAR2",0.0043979448144671,1,0.176,0.078,1,"Not Significant"
"MADD",0.00472293592574232,1,0.202,0.098,1,"Not Significant"
"RNF6",0.00541678630816955,-1,0.083,0.176,1,"Not Significant"
"GRAMD2A",0.00599451590582657,-1,0.062,0.15,1,"Not Significant"
"PFDN2",0.00618017572982261,1,0.176,0.083,1,"Not Significant"
"DDX55",0.0071591838850137,1,0.155,0.067,1,"Not Significant"
"ILK",0.00755201392460868,1,0.161,0.073,1,"Not Significant"
"SGTA",0.00993280611871953,-1,0.083,0.171,1,"Not Significant"
"ZNF3",0.0114052347543796,1,0.119,0.047,1,"Not Significant"
"CNOT8",0.0160238906649687,1,0.15,0.073,1,"Not Significant"
"ADRM1",0.0167828073290627,1,0.114,0.047,1,"Not Significant"
"AL139317.5",0.0181166306059462,1,0.181,0.098,1,"Not Significant"
"RNF24",0.0195954702861688,1,0.119,0.052,1,"Not Significant"
"C19orf12",0.0198549230809653,1,0.14,0.067,1,"Not Significant"
"FKBP9",0.0199860287351771,1,0.119,0.052,1,"Not Significant"
"SDF4",0.0214169961022426,1,0.171,0.093,1,"Not Significant"
"DIS3",0.0216629032504424,1,0.197,0.114,1,"Not Significant"
"CANT1",0.0236653204570937,-1,0.078,0.15,1,"Not Significant"
"CMTR2",0.0244588503546616,1,0.145,0.073,1,"Not Significant"
"PDCD2",0.0249568667666547,1,0.13,0.062,1,"Not Significant"
"SLC44A3",0.0277357924885323,-1,0.052,0.114,1,"Not Significant"
"WDR81",0.0285689256650809,1,0.114,0.052,1,"Not Significant"
"ZNF585A",0.0349586601503634,1,0.104,0.047,1,"Not Significant"
"ARHGAP30",0.0350909315002174,1,0.124,0.062,1,"Not Significant"
"TEFM",0.036414168146145,1,0.145,0.078,1,"Not Significant"
"DNM3",0.0432124374798823,1,0.13,0.067,1,"Not Significant"
"DBF4",0.0445552310038181,1,0.135,0.073,1,"Not Significant"
"PPP1R12C",0.0446088432728169,1,0.114,0.057,1,"Not Significant"
"G2E3-AS1",0.046611409615766,1,0.114,0.057,1,"Not Significant"
"AL109824.1",0.0476513730540367,1,0.145,0.083,1,"Not Significant"
"HMG20B",0.0490146795568687,-1,0.161,0.233,1,"Not Significant"
"EOGT",0.0564815181936055,1,0.104,0.052,1,"Not Significant"
"CDKN1B",0.0566034219329511,1,0.104,0.052,1,"Not Significant"
"RAB4B",0.086812568400932,-1,0.057,0.104,1,"Not Significant"
"EAF2",0.105393161784738,1,0.114,0.067,1,"Not Significant"
"TFCP2L1",0.131274084596161,-1,0.062,0.104,1,"Not Significant"
"APTR",0.134529434312843,1,0.104,0.062,1,"Not Significant"
"LINC02456",0.140257281465112,1,0.109,0.067,1,"Not Significant"
"AP000787.1",0.240563308820794,-1,0.104,0.14,1,"Not Significant"
"LINC00472",0.0636295325699967,1,0.337,0.275,1,"Not Significant"
"C1QB",0.000104696023347864,1,0.202,0.062,1,"Not Significant"
"SLC25A46",0.000491903443896095,1,0.269,0.124,1,"Not Significant"
"MAP2K1",0.000660415796052032,1,0.28,0.14,1,"Not Significant"
"CLN8",0.00130576580267756,1,0.212,0.093,1,"Not Significant"
"TIGAR",0.00145368735986124,1,0.238,0.114,1,"Not Significant"
"LSM8",0.00166886999905293,1,0.218,0.098,1,"Not Significant"
"KDM5D",0.00221929633303439,1,0.244,0.124,1,"Not Significant"
"TMEM150C",0.00640383421088599,-1,0.047,0.124,1,"Not Significant"
"OSER1",0.0126150768014283,-1,0.145,0.238,1,"Not Significant"
"CREBZF",0.0140940329160447,1,0.192,0.104,1,"Not Significant"
"NET1",0.0192947136735769,-1,0.13,0.218,1,"Not Significant"
"UBE2B",0.000126618564365537,-0.993925485590315,0.415,0.554,1,"Not Significant"
"ERICH1",0.000547090775292381,-0.992695199376767,0.295,0.44,1,"Not Significant"
"ATG4C",4.73134078556191e-05,0.991386869695292,0.43,0.244,1,"Not Significant"
"SLC45A4",0.117434388685809,-0.990722186411989,0.295,0.337,1,"Not Significant"
"MVB12B",6.6622656758626e-05,-0.988318194952365,0.161,0.332,1,"Not Significant"
"NFKBIZ",0.0256841946833296,0.986824611252267,0.264,0.176,1,"Not Significant"
"SLC20A2",0.00265922046744232,0.986579484237678,0.326,0.197,1,"Not Significant"
"BZW1",0.0191174568026301,-0.986060809042126,0.223,0.306,1,"Not Significant"
"PPWD1",0.000255140059942424,0.985202998071919,0.352,0.187,1,"Not Significant"
"HCG18",0.00219600281136099,0.983880334636723,0.311,0.181,1,"Not Significant"
"LGR5",0.036313392109771,-0.9836981876709,0.062,0.124,1,"Not Significant"
"IFNAR1",0.000105896820063416,0.983511877211431,0.306,0.135,1,"Not Significant"
"NT5C3A",0.0053276055848939,0.983511877211431,0.264,0.15,1,"Not Significant"
"ASB3",0.000341242333076112,0.983511877211431,0.466,0.311,1,"Not Significant"
"AMFR",0.00044103848125561,-0.981384321832653,0.285,0.435,1,"Not Significant"
"RBBP8",0.023773241300399,0.981384321832653,0.233,0.145,1,"Not Significant"
"NFU1",0.0065859741253668,-0.980891177052295,0.161,0.264,1,"Not Significant"
"MCCC1",8.43503466488751e-05,0.97982211806237,0.301,0.13,1,"Not Significant"
"CCDC82",8.50831379654868e-05,0.97982211806237,0.259,0.098,1,"Not Significant"
"ZNF700",0.000322942201547704,0.977973693670001,0.254,0.109,1,"Not Significant"
"ANKDD1A",0.00656209452725057,-0.977279923499916,0.119,0.223,1,"Not Significant"
"MTF2",0.00055861849738034,0.976153258045632,0.363,0.207,1,"Not Significant"
"TXNL4A",0.00295431014870925,0.97490901903717,0.228,0.114,1,"Not Significant"
"ZNF75D",0.00722989484279862,0.974004791467056,0.181,0.088,1,"Not Significant"
"AL110292.1",0.147941396930763,-0.973430279596098,0.223,0.275,1,"Not Significant"
"PID1",0.334723776176177,0.972293070830158,0.285,0.378,1,"Not Significant"
"IL4R",0.00625023443774397,0.971985623830403,0.197,0.098,1,"Not Significant"
"RMND1",0.00799377481174823,0.971985623830403,0.207,0.109,1,"Not Significant"
"PURB",0.0349864103951483,-0.971985623830403,0.109,0.181,1,"Not Significant"
"MAP4K5",0.00216936411407189,0.971145137327815,0.451,0.311,1,"Not Significant"
"NECAP2",5.53285154558117e-05,0.970853654340484,0.223,0.073,1,"Not Significant"
"AC242426.2",0.0249879625407253,0.970853654340484,0.181,0.104,1,"Not Significant"
"NECTIN2",0.00107077546919296,0.969626350956481,0.181,0.067,1,"Not Significant"
"PSMA5",0.00201186769500077,0.969626350956481,0.207,0.093,1,"Not Significant"
"PPP2R3A",0.00012806726431945,-0.969303202777083,0.254,0.44,1,"Not Significant"
"CABIN1",0.00228997482934828,0.968291140272662,0.306,0.176,1,"Not Significant"
"TRIM8",0.000422369296765706,0.968291140272662,0.202,0.073,1,"Not Significant"
"SGMS2",0.0101342988198186,-0.968291140272662,0.067,0.15,1,"Not Significant"
"FAM210A",0.0199388604437246,0.968291140272662,0.166,0.088,1,"Not Significant"
"CLYBL",0.0425108182591724,0.968291140272662,0.135,0.073,1,"Not Significant"
"PCBD2",0.00667160798606994,0.967578522307623,0.264,0.155,1,"Not Significant"
"APOE",0.136361877915661,-0.965234581839324,0.155,0.098,1,"Not Significant"
"SMOC1",0.062777149055845,-0.965234581839323,0.057,0.109,1,"Not Significant"
"TSIX",0.0687747131233629,0.965234581839323,0.135,0.078,1,"Not Significant"
"RFFL",0.0143034917804372,0.964376090269279,0.238,0.145,1,"Not Significant"
"AL356599.1",0.0264207492267831,0.963474123974886,0.155,0.083,1,"Not Significant"
"ARFGEF3",0.0325303617734317,-0.963474123974886,0.057,0.119,1,"Not Significant"
"MPLKIP",0.0953553169261371,-0.963474123974886,0.088,0.14,1,"Not Significant"
"MAP3K7CL",0.272855411902046,-0.963474123974886,0.093,0.124,1,"Not Significant"
"AC079062.1",0.00369552211719073,-0.962847001582534,0.166,0.28,1,"Not Significant"
"CCDC146",0.000195579595617125,0.962525294581337,0.259,0.109,1,"Not Significant"
"TMEM219",0.000667684369032243,0.961525852185364,0.171,0.057,1,"Not Significant"
"CAPNS1",0.00940763325581801,0.961525852185364,0.145,0.062,1,"Not Significant"
"ZNF212",0.0244195232320419,-0.961525852185364,0.078,0.15,1,"Not Significant"
"BTBD1",0.000187582459293319,0.961525852185364,0.29,0.13,1,"Not Significant"
"PMS1",0.000529974727626817,0.960829402719322,0.342,0.192,1,"Not Significant"
"EFNA5",0.88031078619134,0.960350923347,0.238,0.275,1,"Not Significant"
"ZBTB7C",0.0814610058973423,-0.960107272876487,0.093,0.15,1,"Not Significant"
"JADE1",0.0569336399571181,0.959358015502654,0.124,0.067,1,"Not Significant"
"LINC01138",0.084118470770369,0.959358015502654,0.13,0.078,1,"Not Significant"
"PLAAT3",0.150896015500945,-0.959358015502654,0.083,0.124,1,"Not Significant"
"NSMAF",0.000446474574082398,0.958179824305373,0.269,0.124,1,"Not Significant"
"NAPB",0.000159810172108075,0.957771764610702,0.358,0.181,1,"Not Significant"
"TET1",0.000351319966523185,0.957771764610702,0.233,0.098,1,"Not Significant"
"PPP1CA",0.00345072627564463,0.956931278108114,0.15,0.057,1,"Not Significant"
"FAM114A2",0.0050951386568027,0.956931278108114,0.145,0.057,1,"Not Significant"
"BAG1",0.0132156869381099,0.956931278108114,0.14,0.062,1,"Not Significant"
"C21orf58",0.0184676972375641,0.956931278108114,0.104,0.041,1,"Not Significant"
"B4GALT4",0.0744877895837311,0.956931278108114,0.114,0.062,1,"Not Significant"
"KHSRP",0.00117474497944602,0.956931278108114,0.244,0.114,1,"Not Significant"
"ZNF248",0.00880903853131931,0.956056652412403,0.29,0.187,1,"Not Significant"
"GLO1",0.000196975587207408,0.955605880641546,0.249,0.098,1,"Not Significant"
"CNBP",0.00146819787766408,0.955605880641546,0.254,0.124,1,"Not Significant"
"ELMOD3",0.0149434161668044,0.955605880641546,0.233,0.14,1,"Not Significant"
"H19",0.181890266055128,0.954366771194173,0.482,0.477,1,"Not Significant"
"AREL1",0.0020879939535415,0.954196310386875,0.254,0.13,1,"Not Significant"
"DDX52",0.00408955848120905,0.954196310386875,0.218,0.109,1,"Not Significant"
"SLC12A2",0.00622841432604971,0.954196310386875,0.119,0.041,1,"Not Significant"
"AC066613.2",0.0165642214465516,-0.954196310386875,0.119,0.207,1,"Not Significant"
"UXT",0.0258512343716055,0.954196310386875,0.13,0.062,1,"Not Significant"
"PTDSS1",0.0556234506010826,0.954196310386875,0.124,0.067,1,"Not Significant"
"MEAK7",0.0128778526086931,-0.952694285221643,0.14,0.233,1,"Not Significant"
"GALNT2",0.000820854705510162,0.951090399519054,0.352,0.197,1,"Not Significant"
"FGFR1OP2",0.000162050426746055,0.951090399519054,0.306,0.145,1,"Not Significant"
"ROMO1",0.00915782889848289,0.951090399519054,0.114,0.041,1,"Not Significant"
"RAD51-AS1",0.0111635577344977,0.951090399519054,0.135,0.057,1,"Not Significant"
"KLHDC1",0.0124503675716929,0.951090399519054,0.218,0.124,1,"Not Significant"
"TRAFD1",0.02845697042544,0.951090399519054,0.135,0.067,1,"Not Significant"
"PWWP2B",0.0326242887305803,-0.951090399519054,0.057,0.119,1,"Not Significant"
"SPESP1",0.0458597039675651,-0.951090399519054,0.057,0.114,1,"Not Significant"
"GLMP",0.020289400067819,0.951090399519053,0.119,0.052,1,"Not Significant"
"WIPI2",0.000134109581459138,0.949959317500405,0.347,0.171,1,"Not Significant"
"STAM2",0.000167193311338301,0.949373926930032,0.378,0.207,1,"Not Significant"
"LINC00649",0.00623404022453297,0.949373926930032,0.212,0.109,1,"Not Significant"
"TGFB1",0.000616518915246589,0.947532580105865,0.311,0.155,1,"Not Significant"
"FBXO9",0.000128115184776399,-0.947532580105864,0.285,0.456,1,"Not Significant"
"AP1M1",0.00802679669012807,0.947532580105864,0.124,0.047,1,"Not Significant"
"UBALD2",0.0118602091641927,0.947532580105864,0.119,0.047,1,"Not Significant"
"SEPSECS",0.0151263111678407,0.947532580105864,0.187,0.098,1,"Not Significant"
"KIAA0930",0.0176037355262517,0.947532580105864,0.114,0.047,1,"Not Significant"
"PLEKHG3",0.020110496649593,0.947532580105864,0.119,0.052,1,"Not Significant"
"C2orf49",0.020961316990818,0.947532580105864,0.119,0.052,1,"Not Significant"
"C1orf115",0.0288861502611364,-0.947532580105864,0.052,0.114,1,"Not Significant"
"TSPAN15",0.0457579525260048,0.947532580105864,0.114,0.057,1,"Not Significant"
"PTDSS2",0.046666085374247,0.947532580105864,0.114,0.057,1,"Not Significant"
"HAPLN1",0.000951908074077316,0.945960160287111,0.197,0.078,1,"Not Significant"
"ITGB1BP1",0.00224157014129063,0.945552215977624,0.207,0.093,1,"Not Significant"
"LANCL2",0.0100203793319582,0.945552215977624,0.192,0.098,1,"Not Significant"
"TGS1",0.0306685020130592,0.945552215977624,0.192,0.114,1,"Not Significant"
"PERP",0.0357238713103834,-0.945552215977624,0.104,0.176,1,"Not Significant"
"TMEM43",0.10506389733654,-0.945552215977624,0.114,0.166,1,"Not Significant"
"FBXL4",0.000688848803208309,0.944858445807539,0.425,0.264,1,"Not Significant"
"ZNF736",0.000150561165754587,0.944858445807539,0.29,0.124,1,"Not Significant"
"COL6A2",0.00459968839882545,0.943710869153456,0.306,0.192,1,"Not Significant"
"NSFL1C",0.00361152315971332,0.943416471633632,0.212,0.104,1,"Not Significant"
"TMEM91",0.00974019419910339,0.943416471633632,0.114,0.041,1,"Not Significant"
"MRI1",0.0162847579150019,0.943416471633632,0.114,0.047,1,"Not Significant"
"NOP14",0.0199262091168308,0.943416471633632,0.119,0.052,1,"Not Significant"
"GPATCH1",0.0227175593058552,0.943416471633632,0.124,0.057,1,"Not Significant"
"SLC35E2B",0.0239048422907488,0.943416471633632,0.109,0.047,1,"Not Significant"
"MRS2",0.0578733704339409,0.943416471633632,0.104,0.052,1,"Not Significant"
"CST3",0.00412531180605836,0.941583313774678,0.269,0.145,1,"Not Significant"
"ZNF397",0.00295351479085323,0.941106310946432,0.202,0.093,1,"Not Significant"
"SERPINB1",0.00554556742515656,0.941106310946432,0.207,0.104,1,"Not Significant"
"UFSP2",0.0125504843392756,0.941106310946432,0.181,0.093,1,"Not Significant"
"SCLT1",0.000699520846334195,0.939071001357668,0.446,0.295,1,"Not Significant"
"HPRT1",0.00571769858813538,0.938599455335857,0.104,0.031,1,"Not Significant"
"MAPK13",0.0359499069118171,0.938599455335857,0.104,0.047,1,"Not Significant"
"STXBP1",0.0359499069118171,0.938599455335857,0.104,0.047,1,"Not Significant"
"SELENOW",0.00259761584437349,0.938599455335857,0.171,0.067,1,"Not Significant"
"PRMT9",0.00519112059064224,0.938599455335857,0.228,0.119,1,"Not Significant"
"ZNF107",0.0277050705725863,0.938599455335857,0.155,0.083,1,"Not Significant"
"EVA1B",0.138989068023839,-0.938599455335857,0.135,0.181,1,"Not Significant"
"NBR1",0.0191001443017867,0.936806173512806,0.238,0.145,1,"Not Significant"
"MICAL2",0.00411766763886262,0.935869662580284,0.14,0.052,1,"Not Significant"
"ARHGAP23",0.012765739586471,0.935869662580284,0.155,0.073,1,"Not Significant"
"IWS1",0.000290375030130034,-0.935609412730045,0.378,0.508,1,"Not Significant"
"DPP4",0.16910627646739,0.935609412730045,0.295,0.264,1,"Not Significant"
"KDM2B",0.00182001717692659,0.934904971778115,0.254,0.13,1,"Not Significant"
"UCHL5",0.000364459727944369,0.934411658372423,0.301,0.145,1,"Not Significant"
"SLC12A9",0.00335628491313408,0.932885804141463,0.166,0.067,1,"Not Significant"
"CEP128",0.104798975688071,0.932885804141463,0.223,0.166,1,"Not Significant"
"VRK1",0.000805184435033815,0.930737337562886,0.207,0.083,1,"Not Significant"
"NEK4",0.0197917644634897,0.929610672108602,0.161,0.083,1,"Not Significant"
"ZNF277",6.42166315809849e-05,0.928446738974966,0.389,0.202,1,"Not Significant"
"SLC25A12",0.000325941544522501,0.928446738974966,0.212,0.078,1,"Not Significant"
"IDS",0.00831164264691978,-0.927850214244165,0.155,0.259,1,"Not Significant"
"HIPK2",0.000283750317891392,0.927487500215632,0.29,0.135,1,"Not Significant"
"INTS12",0.0192599774825771,0.925999418556223,0.161,0.083,1,"Not Significant"
"FNIP2",0.000213026088017859,0.924592597341978,0.43,0.259,1,"Not Significant"
"HIVEP1",0.00370441986151195,0.924448966992823,0.389,0.254,1,"Not Significant"
"NEK1",0.000412476572002145,0.923764414172915,0.383,0.223,1,"Not Significant"
"RARS2",5.00602626633929e-05,0.923649113869885,0.503,0.316,1,"Not Significant"
"TPCN1",0.00010142149076343,0.923378718397088,0.378,0.197,1,"Not Significant"
"HEG1",0.00117456190619554,0.923378718397088,0.301,0.161,1,"Not Significant"
"NAMPT",0.000624308110783584,0.92246339952898,0.311,0.166,1,"Not Significant"
"DNAJC16",0.00334340337839413,0.921997487998727,0.259,0.14,1,"Not Significant"
"TTLL11",0.00593764978946734,0.921997487998727,0.15,0.062,1,"Not Significant"
"ZNF813",0.0922234334308496,-0.921997487998727,0.083,0.135,1,"Not Significant"
"AC015631.1",0.00286507506246837,0.920565532505595,0.109,0.031,1,"Not Significant"
"SEC22B",0.000832888219366539,-0.920146692310786,0.228,0.378,1,"Not Significant"
"S100A9",0.28662945622293,-0.918572400656154,0.197,0.233,1,"Not Significant"
"TUBA1A",5.35709859680614e-05,0.917537839808027,0.244,0.083,1,"Not Significant"
"YES1",0.00113744433555176,-0.917537839808027,0.14,0.275,1,"Not Significant"
"CREBL2",0.0104601218841026,0.917537839808027,0.192,0.098,1,"Not Significant"
"TTF2",0.00626081566206821,0.917537839808027,0.15,0.062,1,"Not Significant"
"FKBP8",0.0090569512063319,0.917537839808027,0.145,0.062,1,"Not Significant"
"AL157938.2",0.0117260940798322,0.917537839808027,0.14,0.062,1,"Not Significant"
"CASTOR3",0.269931460144705,-0.917537839808027,0.083,0.114,1,"Not Significant"
"STOM",0.000410730392445985,0.915607812709628,0.321,0.166,1,"Not Significant"
"ANKLE2",0.000701754893835855,0.915607812709628,0.321,0.171,1,"Not Significant"
"UNC13B",0.00383858922754181,0.915111102413487,0.233,0.119,1,"Not Significant"
"SUPT5H",0.000987278249314007,0.914270125974116,0.207,0.088,1,"Not Significant"
"ZNF362",0.123217621819687,-0.913585248182527,0.187,0.238,1,"Not Significant"
"CYB5R4",0.000341657476642344,0.913288366806669,0.378,0.212,1,"Not Significant"
"CD151",0.0291963634909315,0.912537158749661,0.114,0.052,1,"Not Significant"
"GTF2H3",0.0388419818825914,0.912537158749661,0.124,0.062,1,"Not Significant"
"MPV17",0.050292371446872,0.912537158749661,0.145,0.083,1,"Not Significant"
"UGDH",0.0514193955908051,0.912537158749661,0.119,0.062,1,"Not Significant"
"ACYP1",0.0823122335682363,-0.912537158749661,0.073,0.124,1,"Not Significant"
"SAR1B",0.120869470922183,-0.912537158749661,0.15,0.202,1,"Not Significant"
"SLC25A26",0.000671134220813557,0.911772816988265,0.363,0.212,1,"Not Significant"
"MBNL2",0.378487022938033,0.911665100928866,0.679,0.762,1,"Not Significant"
"COG2",0.00925963058047728,0.910732661902913,0.192,0.098,1,"Not Significant"
"SACM1L",7.74176598685447e-05,0.909802191028422,0.404,0.212,1,"Not Significant"
"NSF",0.00114979708310082,0.909802191028422,0.244,0.114,1,"Not Significant"
"NIPSNAP2",0.000166619637225483,0.908852111941804,0.295,0.13,1,"Not Significant"
"ASAH1",8.05486167570411e-05,0.908283830908385,0.466,0.29,1,"Not Significant"
"KRCC1",0.000783678282828539,0.906890595608518,0.311,0.166,1,"Not Significant"
"ZNF337",0.00302542658142432,0.906890595608518,0.187,0.083,1,"Not Significant"
"DYNLL2",0.0119420019117394,0.906890595608518,0.119,0.047,1,"Not Significant"
"NISCH",0.0185502509494226,0.906890595608518,0.212,0.124,1,"Not Significant"
"ZNF630",0.0830072794429706,-0.906890595608518,0.073,0.124,1,"Not Significant"
"ARHGEF37",0.104364081922056,-0.906890595608518,0.067,0.114,1,"Not Significant"
"C12orf76",0.113306858891613,0.906890595608518,0.119,0.073,1,"Not Significant"
"PREP",0.0442071029516279,-0.905535315996508,0.249,0.321,1,"Not Significant"
"MBD3",0.0760994084810687,-0.904422340017769,0.171,0.233,1,"Not Significant"
"FAM118A",0.516426167839216,-0.903784684740697,0.13,0.145,1,"Not Significant"
"MFSD14C",0.000176589216263613,0.902303326112867,0.446,0.259,1,"Not Significant"
"WDR36",0.00173285526580413,0.901819606061097,0.275,0.145,1,"Not Significant"
"CCDC186",0.00128866651128325,-0.901221845521826,0.223,0.363,1,"Not Significant"
"CEMIP2",0.0742533902179051,0.901189845720543,0.674,0.736,1,"Not Significant"
"EGFL7",0.000245179672159859,0.900464326449085,0.197,0.067,1,"Not Significant"
"ZNF268",0.0216193431128224,0.900464326449085,0.119,0.052,1,"Not Significant"
"BAX",0.0236228065530683,0.900464326449085,0.124,0.057,1,"Not Significant"
"FEM1C",0.0379123829095827,0.900464326449085,0.124,0.062,1,"Not Significant"
"AC015849.3",0.0515389598060529,0.900464326449085,0.119,0.062,1,"Not Significant"
"CHID1",0.0603226957542471,0.900464326449085,0.13,0.073,1,"Not Significant"
"AARS",0.083687284327595,0.900464326449085,0.124,0.073,1,"Not Significant"
"APRT",0.0103843845403955,0.900464326449085,0.114,0.041,1,"Not Significant"
"SLC35A5",0.0427728842006886,0.900464326449085,0.109,0.052,1,"Not Significant"
"WNT2",0.00216417552022305,0.899473124046036,0.171,0.067,1,"Not Significant"
"NSA2",0.000278502871381467,0.899071091149219,0.249,0.104,1,"Not Significant"
"NOL10",0.000109852233488613,0.898716664162819,0.373,0.192,1,"Not Significant"
"THAP12",0.0148338434376638,0.898120385980786,0.166,0.083,1,"Not Significant"
"FBRS",0.181208347563239,-0.898120385980786,0.098,0.14,1,"Not Significant"
"GOSR2",0.00559599796738833,0.896906507035896,0.238,0.13,1,"Not Significant"
"RAB40C",0.031362229987356,-0.896906507035896,0.119,0.197,1,"Not Significant"
"SUMO2",0.00679967163354972,0.89616418901546,0.233,0.124,1,"Not Significant"
"FAM222B",0.00184301448706481,0.895302621333307,0.316,0.181,1,"Not Significant"
"TRAF7",0.0177902182754921,0.893084796083488,0.114,0.047,1,"Not Significant"
"TNFAIP1",0.0282374377296218,-0.893084796083488,0.052,0.114,1,"Not Significant"
"TSN",0.046874664872881,0.893084796083488,0.114,0.057,1,"Not Significant"
"GTF2IRD2",0.046874664872881,0.893084796083488,0.114,0.057,1,"Not Significant"
"RPF2",0.000753581477628429,0.893084796083488,0.218,0.088,1,"Not Significant"
"PPARGC1B",0.00806194145313056,0.893084796083488,0.197,0.098,1,"Not Significant"
"ERMARD",0.00841696696048893,0.893084796083488,0.218,0.119,1,"Not Significant"
"EYS",0.242430066032256,0.893084796083488,0.13,0.093,1,"Not Significant"
"LIX1-AS1",0.359317254730931,-0.893084796083488,0.104,0.13,1,"Not Significant"
"CCNB1IP1",0.0376179780553874,0.893084796083488,0.104,0.047,1,"Not Significant"
"ADGRE5",0.0530779579182708,0.893084796083488,0.135,0.073,1,"Not Significant"
"PARVA",0.0765536402406512,0.893084796083488,0.275,0.212,1,"Not Significant"
"SRFBP1",0.00029735365349045,0.893084796083488,0.264,0.114,1,"Not Significant"
"GTPBP10",0.000405025537409953,0.893084796083488,0.285,0.135,1,"Not Significant"
"PGM2",0.0490697097655788,-0.893084796083488,0.15,0.223,1,"Not Significant"
"BMT2",0.000886077976165699,0.892144010239332,0.497,0.352,1,"Not Significant"
"SREK1",9.26959101650514e-05,0.89092830085253,0.549,0.368,1,"Not Significant"
"GK5",0.184580532043436,-0.889817082249577,0.15,0.192,1,"Not Significant"
"B4GALT5",5.14936440680987e-05,0.88929653559378,0.435,0.244,1,"Not Significant"
"MTMR14",0.00391195931697066,0.888968687611256,0.212,0.104,1,"Not Significant"
"SART3",0.00445522968126093,0.888968687611256,0.223,0.114,1,"Not Significant"
"ZBTB37",0.00752163672275859,0.888968687611256,0.207,0.109,1,"Not Significant"
"EPM2AIP1",0.0093579424359167,0.888968687611256,0.207,0.109,1,"Not Significant"
"TMA16",0.0155575126327497,0.888968687611256,0.197,0.109,1,"Not Significant"
"XXYLT1",0.0829025489714905,-0.888968687611256,0.202,0.259,1,"Not Significant"
"MTPN",7.00486705402293e-05,0.888354644171091,0.326,0.145,1,"Not Significant"
"ETV5",0.000934808287433357,-0.887973382265889,0.28,0.42,1,"Not Significant"
"SNRNP40",0.00845997103290904,0.887525270741587,0.161,0.073,1,"Not Significant"
"TYW5",0.0233789149139626,0.887525270741587,0.145,0.073,1,"Not Significant"
"TMUB2",0.0296476635690686,0.887525270741587,0.155,0.083,1,"Not Significant"
"FNTB",0.0988546743558017,-0.886343218204433,0.145,0.202,1,"Not Significant"
"AGPAT3",0.000272706760274724,0.885828980080689,0.301,0.14,1,"Not Significant"
"PITPNM2",0.00153696775006766,-0.885828980080689,0.13,0.259,1,"Not Significant"
"MGRN1",0.000788705758895244,0.884522782580064,0.301,0.155,1,"Not Significant"
"SHMT1",0.012182170009469,0.884522782580064,0.104,0.036,1,"Not Significant"
"MAPK9",0.0148910395474297,-0.884522782580064,0.192,0.29,1,"Not Significant"
"ZNF746",0.018098756831908,0.884522782580064,0.202,0.114,1,"Not Significant"
"RTN4IP1",0.0293966152287136,0.884522782580064,0.114,0.052,1,"Not Significant"
"NTAN1",0.0293966152287136,0.884522782580064,0.114,0.052,1,"Not Significant"
"SHC1",0.0419165291396678,0.884522782580064,0.109,0.052,1,"Not Significant"
"MOV10",0.0653353301390882,0.884522782580064,0.109,0.057,1,"Not Significant"
"DDX59",0.00542309005274145,-0.88318633501725,0.155,0.275,1,"Not Significant"
"HMGN3",0.000249288830078891,-0.882643049361841,0.332,0.497,1,"Not Significant"
"TOM1L2",0.00160093146921794,0.882163509706142,0.301,0.166,1,"Not Significant"
"FECH",0.00709065444269164,0.881355503501381,0.14,0.057,1,"Not Significant"
"HELB",0.0135781955227962,0.881355503501381,0.161,0.078,1,"Not Significant"
"RMI1",0.0355473818415852,0.881355503501381,0.145,0.078,1,"Not Significant"
"DCTN2",0.00348499350284027,0.879705766282288,0.197,0.088,1,"Not Significant"
"AC011447.3",0.0736108540985895,0.879705766282288,0.145,0.088,1,"Not Significant"
"CAMK2G",0.000330596330521888,-0.879318517577537,0.28,0.435,1,"Not Significant"
"PRPF40B",0.0144012577672751,0.878693703777867,0.218,0.124,1,"Not Significant"
"ENTPD4",0.00355219313256881,0.877515993475005,0.295,0.171,1,"Not Significant"
"IPO8",0.000125578709501667,0.877143252214466,0.326,0.15,1,"Not Significant"
"SPART",0.000447311182733389,-0.877143252214466,0.358,0.503,1,"Not Significant"
"MIR181A2HG",0.0154768691126731,-0.876617584494718,0.161,0.254,1,"Not Significant"
"ERVH48-1",0.00924816735080574,-0.874469117916141,0.088,0.181,1,"Not Significant"
"PGPEP1",0.0175936107674796,0.874469117916141,0.15,0.073,1,"Not Significant"
"NELFCD",0.0321793932039371,0.874469117916141,0.14,0.073,1,"Not Significant"
"DDX27",0.0451098379669406,0.874469117916141,0.135,0.073,1,"Not Significant"
"AC003681.1",0.0904803679492745,0.874469117916141,0.104,0.057,1,"Not Significant"
"DIAPH3",0.430227842259981,0.874469117916141,0.171,0.15,1,"Not Significant"
"CPSF2",0.00349951987871245,0.874469117916141,0.249,0.13,1,"Not Significant"
"EBF2",0.00254152688284228,-0.874469117916141,0.036,0.119,1,"Not Significant"
"TNPO2",0.00541830542451364,0.874469117916141,0.202,0.098,1,"Not Significant"
"EIF4ENIF1",0.00541830542451364,0.874469117916141,0.202,0.098,1,"Not Significant"
"MFAP3",0.00803522070589239,0.874469117916141,0.181,0.088,1,"Not Significant"
"BRK1",0.0264692727882671,0.874469117916141,0.15,0.078,1,"Not Significant"
"SMC4",0.0179461195166624,0.872244452801627,0.254,0.155,1,"Not Significant"
"PTTG1IP",0.0011856065286085,-0.87148525947732,0.311,0.446,1,"Not Significant"
"RAB27A",0.0296161134844231,0.870716983055033,0.197,0.119,1,"Not Significant"
"RFC3",0.041006816787612,-0.869939459435627,0.171,0.254,1,"Not Significant"
"PLEKHF2",0.0118485401956416,0.869939459435627,0.202,0.109,1,"Not Significant"
"PLA2G12A",0.0661605739420469,-0.869939459435627,0.124,0.187,1,"Not Significant"
"MBD1",0.00279728016998839,0.868755466721748,0.197,0.088,1,"Not Significant"
"BTD",0.0056246341336083,0.868755466721748,0.166,0.073,1,"Not Significant"
"PLEKHM1",0.00640477752790407,0.868755466721748,0.192,0.093,1,"Not Significant"
"LINC02267",0.250787790085473,0.867896463992655,0.192,0.155,1,"Not Significant"
"FAM83B",0.000228747380497149,-0.867896463992655,0.088,0.228,1,"Not Significant"
"AC139887.2",0.03736373083262,-0.86754970397635,0.228,0.306,1,"Not Significant"
"DLC1",0.0359457520940998,0.867244791148228,0.264,0.176,1,"Not Significant"
"GPI",0.000586791237522372,0.866733469136536,0.249,0.109,1,"Not Significant"
"HSD17B12",0.00427536085079896,0.866733469136536,0.14,0.052,1,"Not Significant"
"CTSO",0.00497315443326806,0.866733469136536,0.145,0.057,1,"Not Significant"
"TMEM14C",0.0194773082389415,0.866733469136536,0.135,0.062,1,"Not Significant"
"TOMM6",0.0273900928862937,0.866733469136536,0.13,0.062,1,"Not Significant"
"FLOT2",0.058323823853356,0.866733469136536,0.124,0.067,1,"Not Significant"
"GRB10",0.302219367399899,0.865698908288409,0.166,0.135,1,"Not Significant"
"AP003086.1",0.000439535191636197,0.865070419913892,0.394,0.228,1,"Not Significant"
"RBM28",0.00105122345928614,0.865070419913892,0.223,0.098,1,"Not Significant"
"AC008591.1",0.139182628156557,-0.865070419913892,0.062,0.104,1,"Not Significant"
"AC010894.3",0.000406586245251674,0.865070419913892,0.321,0.161,1,"Not Significant"
"DDX3Y",0.00221250128094843,0.865070419913892,0.295,0.166,1,"Not Significant"
"ACADM",0.000721910345079575,0.864344900642434,0.264,0.124,1,"Not Significant"
"HCFC2",0.000895779140033122,0.864344900642434,0.264,0.124,1,"Not Significant"
"MDN1",0.00132440123086808,0.864344900642434,0.275,0.14,1,"Not Significant"
"ARPC4",0.00408636305017919,0.862496476250065,0.176,0.078,1,"Not Significant"
"LINC01446",0.0264289864313337,0.862496476250065,0.218,0.13,1,"Not Significant"
"COX10-AS1",0.00235835855627994,0.861293729168408,0.332,0.197,1,"Not Significant"
"RNF11",0.0161864422877522,-0.861293729168408,0.233,0.326,1,"Not Significant"
"CRPPA",0.00382343102758683,-0.861023586851189,0.238,0.363,1,"Not Significant"
"ICE2",0.00192754658764117,0.860275236333387,0.363,0.218,1,"Not Significant"
"MEF2C-AS1",6.1591036541829e-05,0.85982234195174,0.171,0.041,1,"Not Significant"
"KIFC3",0.0381766733243969,-0.859137464160151,0.176,0.254,1,"Not Significant"
"STX5",0.0729120285768301,-0.859137464160151,0.166,0.233,1,"Not Significant"
"ZFAND5",0.00107373387897232,0.857980995127572,0.383,0.238,1,"Not Significant"
"GTF3C3",0.000724669017272381,0.857980995127572,0.233,0.098,1,"Not Significant"
"SMAD7",0.00479347632586751,-0.857980995127572,0.114,0.223,1,"Not Significant"
"DNTTIP1",0.010309256727464,0.857980995127572,0.13,0.052,1,"Not Significant"
"PRR12",0.027287234174546,0.857980995127572,0.13,0.062,1,"Not Significant"
"CC2D1B",0.0329956688874702,0.857980995127572,0.14,0.073,1,"Not Significant"
"AL450384.2",0.0371841918020179,0.857980995127572,0.124,0.062,1,"Not Significant"
"KCTD10",0.0381356253456241,0.857980995127572,0.124,0.062,1,"Not Significant"
"TMED8",0.0488015600808802,0.857980995127572,0.114,0.057,1,"Not Significant"
"LACTB2",0.144841311922044,0.857980995127572,0.109,0.067,1,"Not Significant"
"SBF2-AS1",0.145352647573903,-0.857980995127572,0.067,0.109,1,"Not Significant"
"FLNA",0.000183696412798628,0.855610090664825,0.202,0.067,1,"Not Significant"
"UPF1",0.00230522538150002,0.855610090664825,0.187,0.078,1,"Not Significant"
"SH3D21",0.00803409506403215,-0.855610090664825,0.073,0.161,1,"Not Significant"
"COX5A",0.0195653498788229,0.855610090664825,0.155,0.078,1,"Not Significant"
"METTL6",0.0381915733662207,0.855610090664825,0.15,0.083,1,"Not Significant"
"AC008443.1",0.0390974998227564,-0.855610090664825,0.083,0.15,1,"Not Significant"
"MBTPS2",0.0131941593388035,0.854149133536545,0.176,0.088,1,"Not Significant"
"GAA",0.0162194011942894,0.854149133536545,0.192,0.104,1,"Not Significant"
"C5orf15",0.0272442235753727,0.854149133536545,0.176,0.098,1,"Not Significant"
"BACH1",0.000562712444661488,-0.85357793881825,0.668,0.813,1,"Not Significant"
"MCPH1",0.000445337836658458,-0.853158611670729,0.389,0.534,1,"Not Significant"
"MARF1",0.00367975876619394,0.853158611670729,0.233,0.119,1,"Not Significant"
"CARS2",0.0101820074677278,0.853158611670729,0.212,0.114,1,"Not Significant"
"MAT2A",0.000344328444612351,0.852442811586142,0.244,0.098,1,"Not Significant"
"NFXL1",0.0137924332330408,-0.851901361010866,0.166,0.264,1,"Not Significant"
"MARCH3",0.740193477464076,-0.85042364394949,0.15,0.155,1,"Not Significant"
"CNTN4",0.456634338120617,0.850252880495318,0.119,0.098,1,"Not Significant"
"RIT1",0.00207631395983121,0.84799690655495,0.187,0.078,1,"Not Significant"
"PDK1",0.00463101885220889,0.84799690655495,0.207,0.098,1,"Not Significant"
"FDPS",0.00537597428366217,0.84799690655495,0.181,0.083,1,"Not Significant"
"TXNDC16",0.0216368611989301,0.84799690655495,0.104,0.041,1,"Not Significant"
"HPS3",0.0271116953838519,0.84799690655495,0.176,0.098,1,"Not Significant"
"CLPTM1",0.0443628469642369,0.84799690655495,0.109,0.052,1,"Not Significant"
"GDE1",0.0489087288913848,0.84799690655495,0.114,0.057,1,"Not Significant"
"ANKRD40",0.254429102515608,0.84799690655495,0.104,0.073,1,"Not Significant"
"SENP1",0.00548008045602048,0.84799690655495,0.228,0.119,1,"Not Significant"
"PDE5A",0.229379714834636,-0.84799690655495,0.145,0.181,1,"Not Significant"
"SNRPC",0.0242382027036607,0.84799690655495,0.124,0.057,1,"Not Significant"
"RBFOX2",0.141691757665461,0.846429611407989,0.601,0.622,1,"Not Significant"
"VPS35",5.52373000500192e-05,0.84582906987224,0.399,0.207,1,"Not Significant"
"VPS54",4.79112852036014e-05,0.845388054052192,0.575,0.415,1,"Not Significant"
"CLK1",0.00394040968335507,-0.844129089115237,0.306,0.42,1,"Not Significant"
"LRRC58",0.000347278467835144,0.843274496312547,0.244,0.098,1,"Not Significant"
"RANBP3",0.00191147848507964,0.843274496312547,0.259,0.13,1,"Not Significant"
"SEC13",0.0100213514338987,0.843274496312547,0.238,0.135,1,"Not Significant"
"SNX4",0.00198437420791419,0.842899038915271,0.373,0.233,1,"Not Significant"
"ZNF100",0.000321030365646075,0.84245872301352,0.212,0.078,1,"Not Significant"
"RBM19",0.0122128360445745,0.84245872301352,0.192,0.098,1,"Not Significant"
"THOC1",0.00276727758311608,0.841935153767749,0.316,0.187,1,"Not Significant"
"AC009264.1",0.0423316965453439,-0.841935153767749,0.109,0.181,1,"Not Significant"
"DCLK2",0.0134361441254629,0.841302253980941,0.124,0.052,1,"Not Significant"
"RFX1",0.0207688924890523,0.841302253980941,0.181,0.098,1,"Not Significant"
"NR2F1",0.0262588338651407,0.841302253980941,0.124,0.057,1,"Not Significant"
"MTIF3",0.068849780945097,0.841302253980941,0.171,0.109,1,"Not Significant"
"C15orf41",0.000976271724761239,0.840801405150746,0.29,0.15,1,"Not Significant"
"GXYLT1",0.0208548737361243,0.840521785992804,0.269,0.176,1,"Not Significant"
"SNAP29",0.00636226465280426,0.839535327806754,0.166,0.073,1,"Not Significant"
"SLBP",0.0109433723961634,0.839535327806754,0.135,0.057,1,"Not Significant"
"MTIF2",0.0194853650340473,0.839535327806754,0.155,0.078,1,"Not Significant"
"ADIPOR1",0.0211545621822035,0.839535327806754,0.161,0.083,1,"Not Significant"
"TNFAIP8L1",0.06042996992603,-0.839535327806754,0.073,0.13,1,"Not Significant"
"RMDN3",0.211579345455513,-0.839535327806754,0.088,0.124,1,"Not Significant"
"AC022784.1",0.000122291490820667,-0.838937567267484,0.176,0.352,1,"Not Significant"
"CAAP1",0.00308430928315182,0.838248930003388,0.228,0.114,1,"Not Significant"
"COL6A3",0.216176391774615,0.837995514397451,0.244,0.202,1,"Not Significant"
"TMEM209",0.00524451752465678,0.836501267717121,0.197,0.093,1,"Not Significant"
"ZNF445",0.0302898244774127,0.836501267717121,0.114,0.052,1,"Not Significant"
"NDUFS7",0.0605365020792926,0.836501267717121,0.104,0.052,1,"Not Significant"
"NAGK",0.00108946281313031,0.835369298227201,0.337,0.192,1,"Not Significant"
"LCORL",0.000115352874306216,0.834812917564351,0.585,0.43,1,"Not Significant"
"GGNBP2",0.000279554575343346,0.834576390792628,0.378,0.207,1,"Not Significant"
"ZNF433",0.00699562417732324,0.833990048561071,0.176,0.083,1,"Not Significant"
"TICAM2",0.0196504092133999,0.833990048561071,0.181,0.098,1,"Not Significant"
"SELENOI",0.00247000769163517,0.832543254148437,0.394,0.259,1,"Not Significant"
"ADAMTSL4",0.0555218469915596,-0.832272554261934,0.171,0.244,1,"Not Significant"
"MEST",0.0511228663613551,0.831877241191673,0.316,0.233,1,"Not Significant"
"SCYL3",0.0114156204434922,0.830074998557688,0.197,0.104,1,"Not Significant"
"MRPS25",0.030281282236553,0.830074998557688,0.135,0.067,1,"Not Significant"
"PSMG4",0.117502887378891,0.830074998557688,0.124,0.078,1,"Not Significant"
"EPC1",6.77360251117261e-05,0.830074998557688,0.648,0.472,1,"Not Significant"
"SEPTIN7",0.00010791955994206,0.828665428303016,0.689,0.565,1,"Not Significant"
"M6PR",0.00386672006317409,0.828519532055646,0.321,0.197,1,"Not Significant"
"ARHGAP5",0.00485872323563293,0.828434640176432,0.596,0.487,1,"Not Significant"
"TXNL1",0.000935627907662253,0.82823365173352,0.285,0.145,1,"Not Significant"
"RLIM",0.0137301948712124,0.82823365173352,0.301,0.197,1,"Not Significant"
"HMGXB4",0.0349606776052265,0.827163403137785,0.202,0.124,1,"Not Significant"
"PPP2CB",0.000867041733434452,0.826668397114438,0.337,0.187,1,"Not Significant"
"SSBP3",0.00101631544099047,0.826463745005309,0.389,0.228,1,"Not Significant"
"ATP5PO",0.026654290615997,0.825970600224951,0.15,0.078,1,"Not Significant"
"CENPK",0.0636444654243185,0.825970600224951,0.104,0.052,1,"Not Significant"
"DANCR",0.171003684506104,-0.825970600224951,0.088,0.13,1,"Not Significant"
"CBFB",0.00136038173472709,0.825502268767864,0.435,0.285,1,"Not Significant"
"CRLF3",0.0013831442431453,0.825321468587053,0.337,0.187,1,"Not Significant"
"ADIPOR2",0.00200404983372355,0.825321468587053,0.321,0.181,1,"Not Significant"
"ZXDC",0.00125831367463481,0.824428435416545,0.311,0.171,1,"Not Significant"
"P2RX4",0.00153572243993083,0.824428435416545,0.295,0.161,1,"Not Significant"
"NORAD",0.000354942797952757,0.82312223791592,0.275,0.124,1,"Not Significant"
"SNRPD2",0.00295172642675834,0.82312223791592,0.176,0.073,1,"Not Significant"
"PPIL4",0.00494437055337677,0.82312223791592,0.28,0.161,1,"Not Significant"
"RNF185",0.00868004437298835,0.82312223791592,0.264,0.155,1,"Not Significant"
"RAB8A",0.0300983878122709,0.82312223791592,0.114,0.052,1,"Not Significant"
"MCM3AP-AS1",0.0377681975828363,-0.82312223791592,0.047,0.104,1,"Not Significant"
"LARP7",0.0120707620688171,0.821029858954681,0.197,0.104,1,"Not Significant"
"CD59",0.0101763362217274,-0.820450579669287,0.404,0.482,1,"Not Significant"
"APPBP2",0.000427390484719313,-0.820251916072046,0.544,0.642,1,"Not Significant"
"DCN",0.141329760675753,0.820221097815558,0.332,0.295,1,"Not Significant"
"PGAP1",7.10730134916381e-05,0.820178962415188,0.342,0.161,1,"Not Significant"
"TOB2",0.0138695168171697,0.819427754358179,0.124,0.052,1,"Not Significant"
"ZNF490",0.0141312260819733,0.819427754358179,0.14,0.062,1,"Not Significant"
"TAF5L",0.0223058321602438,0.819427754358179,0.14,0.067,1,"Not Significant"
"MSMO1",0.0307178716840983,0.819427754358179,0.114,0.052,1,"Not Significant"
"ZC3H8",0.0310740985749308,0.819427754358179,0.135,0.067,1,"Not Significant"
"SIRT5",0.0613897233676503,0.819427754358179,0.104,0.052,1,"Not Significant"
"EPG5",0.0005293138825644,0.818161677014187,0.404,0.244,1,"Not Significant"
"ADI1",0.00149533245532648,0.818161677014187,0.254,0.124,1,"Not Significant"
"FLOT1",0.00214641278425341,0.818161677014187,0.264,0.135,1,"Not Significant"
"PRKAG2",0.000821893029291975,-0.817135942850189,0.218,0.373,1,"Not Significant"
"PLEKHA3",0.00532919098690559,0.817135942850189,0.176,0.078,1,"Not Significant"
"VAT1",0.00657531090403881,0.817135942850189,0.145,0.057,1,"Not Significant"
"MCTS1",0.0206352931545038,0.817135942850189,0.155,0.078,1,"Not Significant"
"VPS33A",0.0426644066972224,0.817135942850189,0.155,0.088,1,"Not Significant"
"SEMA6A-AS1",0.0884235097756704,-0.817135942850189,0.145,0.207,1,"Not Significant"
"MCU",7.43457120670202e-05,0.81669278663694,0.44,0.233,1,"Not Significant"
"ZNF562",0.000859736343435501,0.814444346843924,0.223,0.093,1,"Not Significant"
"JADE3",6.0493507349306e-05,-0.813586875769119,0.135,0.311,1,"Not Significant"
"BAIAP2L1",0.319272948946944,0.812372996824229,0.093,0.13,1,"Not Significant"
"C1QC",0.00422779543236973,0.811238356544832,0.192,0.088,1,"Not Significant"
"DDX10",0.000148309367468258,0.811238356544832,0.477,0.285,1,"Not Significant"
"TBX20",0.00489621845972174,-0.810175441119983,0.166,0.28,1,"Not Significant"
"KLF5",0.00682465913739911,-0.807354922057604,0.088,0.187,1,"Not Significant"
"ZNF585B",0.00876572641488706,0.807354922057604,0.202,0.104,1,"Not Significant"
"PXDC1",0.0447978558075509,0.807354922057604,0.306,0.223,1,"Not Significant"
"JUND",0.426435164125682,-0.807354922057604,0.223,0.233,1,"Not Significant"
"XPA",0.000797963422620012,0.807354922057604,0.202,0.078,1,"Not Significant"
"PPCDC",0.00317697066677214,0.807354922057604,0.233,0.114,1,"Not Significant"
"PANK3",0.00459998547678225,0.807354922057604,0.316,0.192,1,"Not Significant"
"BAG4",0.00787678274502875,0.807354922057604,0.155,0.067,1,"Not Significant"
"RTRAF",0.0099194665805561,0.807354922057604,0.187,0.093,1,"Not Significant"
"GRSF1",0.0203174977890841,0.807354922057604,0.181,0.098,1,"Not Significant"
"ANKS3",0.031929103712786,0.807354922057604,0.161,0.088,1,"Not Significant"
"NARF",0.0376678466678314,0.807354922057604,0.145,0.078,1,"Not Significant"
"TMEM63A",0.0396999627951109,-0.807354922057604,0.166,0.244,1,"Not Significant"
"SLF1",0.0706304647270392,0.807354922057604,0.14,0.083,1,"Not Significant"
"ENTPD7",0.0918715475598268,-0.807354922057604,0.078,0.13,1,"Not Significant"
"TMEM268",0.173228581231096,0.807354922057604,0.119,0.078,1,"Not Significant"
"WDR61",0.187068367918922,-0.807354922057604,0.114,0.155,1,"Not Significant"
"SLC25A36",0.000337765841321896,0.807354922057604,0.513,0.352,1,"Not Significant"
"ANAPC4",0.000880224069890721,0.807354922057604,0.306,0.161,1,"Not Significant"
"CGGBP1",0.00294033755029814,0.807354922057604,0.332,0.197,1,"Not Significant"
"FEM1B",0.00330647827052838,0.807354922057604,0.238,0.124,1,"Not Significant"
"ELOC",0.00479099862847959,0.807354922057604,0.249,0.135,1,"Not Significant"
"NLGN4X",0.0111354604225777,-0.807354922057604,0.083,0.171,1,"Not Significant"
"TP53INP1",0.00327799478870412,0.807354922057604,0.207,0.098,1,"Not Significant"
"CEP250",0.0155163468255377,0.807354922057604,0.124,0.052,1,"Not Significant"
"STK11",0.017593134099579,0.807354922057604,0.13,0.057,1,"Not Significant"
"EDC3",0.0250249207858059,0.807354922057604,0.124,0.057,1,"Not Significant"
"SCAMP4",0.0310166530995476,0.807354922057604,0.135,0.067,1,"Not Significant"
"PRNP",0.049283900934771,0.807354922057604,0.114,0.057,1,"Not Significant"
"GPN3",0.0541397009460171,0.807354922057604,0.119,0.062,1,"Not Significant"
"FXR1",4.81126054712379e-05,0.805621954833149,0.58,0.389,1,"Not Significant"
"HERPUD1",0.0321970075102539,-0.804079790024743,0.238,0.316,1,"Not Significant"
"YWHAQ",0.000205929878832148,0.803857477821377,0.342,0.166,1,"Not Significant"
"MFF",0.00253635375698839,0.803857477821377,0.342,0.207,1,"Not Significant"
"CMTM6",4.53814466804328e-05,0.803602787196496,0.358,0.166,1,"Not Significant"
"PURA",0.0201294060197277,-0.803602787196496,0.207,0.306,1,"Not Significant"
"GNS",0.000909780979389583,0.803308088994902,0.326,0.176,1,"Not Significant"
"CSNK1D",0.00125470998333057,0.802060622388091,0.269,0.135,1,"Not Significant"
"MID1",0.981669803800651,-0.802060622388091,0.212,0.212,1,"Not Significant"
"DAB2",0.0576803850083626,0.801738101566457,0.71,0.865,1,"Not Significant"
"CERS5",0.0710139632823596,-0.801095931585922,0.264,0.321,1,"Not Significant"
"ZHX1",0.00223247699171988,0.800691191776593,0.218,0.098,1,"Not Significant"
"TTC28-AS1",0.0442919979098764,0.800691191776593,0.197,0.124,1,"Not Significant"
"COL6A1",0.0041923710564499,0.800327655163636,0.254,0.14,1,"Not Significant"
"KRR1",0.00230391958656476,0.799701349514169,0.202,0.088,1,"Not Significant"
"NUP155",0.0195458258127733,0.799701349514169,0.181,0.098,1,"Not Significant"
"L3MBTL3",0.0323403154735414,0.799701349514169,0.161,0.088,1,"Not Significant"
"TLE5",0.0426819304941317,-0.798860127892148,0.28,0.352,1,"Not Significant"
"ADGRA3",0.3210502133278,-0.79836613883035,0.176,0.207,1,"Not Significant"
"CCS",0.00934983839095982,0.798366138830349,0.145,0.062,1,"Not Significant"
"INO80D",0.00254244169388122,0.797956224055355,0.435,0.306,1,"Not Significant"
"STXBP2",0.0218659483447024,0.796466605914868,0.161,0.083,1,"Not Significant"
"NDUFB10",0.024332216453022,0.796466605914868,0.124,0.057,1,"Not Significant"
"HDAC3",0.0311885175386261,0.796466605914868,0.135,0.067,1,"Not Significant"
"IDH3A",0.0384354803614608,0.796466605914868,0.15,0.083,1,"Not Significant"
"COX20",0.0405041458939645,0.796466605914868,0.15,0.083,1,"Not Significant"
"TXNDC12",0.0465893914427979,0.796466605914868,0.135,0.073,1,"Not Significant"
"WDR25",0.0699691197145502,0.796466605914868,0.135,0.078,1,"Not Significant"
"DCBLD1",0.0867959096015361,0.796466605914868,0.124,0.073,1,"Not Significant"
"BEX4",0.332682993749331,-0.796466605914868,0.083,0.109,1,"Not Significant"
"PPME1",0.454573276714366,-0.796466605914868,0.337,0.332,1,"Not Significant"
"CNNM2",0.0248528128045484,-0.795180208111502,0.238,0.326,1,"Not Significant"
"DRG2",0.0218356757952936,0.793549122532574,0.119,0.052,1,"Not Significant"
"VMA21",0.0351565820116686,0.793549122532574,0.119,0.057,1,"Not Significant"
"ZFYVE21",0.0390794842199206,0.793549122532574,0.124,0.062,1,"Not Significant"
"TRUB1",0.0802592279012853,0.793549122532574,0.119,0.067,1,"Not Significant"
"EMC8",0.101027434056831,-0.793549122532574,0.062,0.109,1,"Not Significant"
"SREK1IP1",0.000150538943288929,0.793549122532574,0.29,0.124,1,"Not Significant"
"TEAD3",0.00115252347810871,-0.793549122532574,0.171,0.316,1,"Not Significant"
"MAPKAPK5",0.0148035806012635,0.793549122532574,0.218,0.124,1,"Not Significant"
"RPS4Y1",0.000204422927037013,0.792557920129524,0.332,0.161,1,"Not Significant"
"OGFRL1",0.00360425817432699,0.792195114886598,0.358,0.228,1,"Not Significant"
"SLC33A1",0.0169023170082009,0.791413378188582,0.197,0.109,1,"Not Significant"
"CDK14",0.0371156510722735,0.791413378188582,0.104,0.047,1,"Not Significant"
"CLOCK",0.000793844840456488,0.791053109728504,0.43,0.275,1,"Not Significant"
"EXOC1",0.000141135295426107,0.79090440127701,0.56,0.404,1,"Not Significant"
"TRIR",0.000246334649121973,0.79054663437105,0.238,0.093,1,"Not Significant"
"B3GNT5",0.0149514033329665,0.79054663437105,0.223,0.124,1,"Not Significant"
"DPY19L1",0.00527596740323109,0.790076930625768,0.244,0.13,1,"Not Significant"
"SLC7A6OS",0.00395698518965085,0.788495894806288,0.171,0.073,1,"Not Significant"
"ORC3",0.00534569804840848,0.788495894806288,0.264,0.15,1,"Not Significant"
"PLEKHG6",0.0115677709620702,-0.788495894806288,0.073,0.155,1,"Not Significant"
"BAG5",0.00640741370063782,0.788495894806288,0.212,0.109,1,"Not Significant"
"USF3",0.0074003171203003,0.788495894806288,0.207,0.104,1,"Not Significant"
"CYTOR",0.0998181114350944,0.788495894806288,0.269,0.202,1,"Not Significant"
"DYNLL1",0.153118446465896,-0.788495894806288,0.135,0.181,1,"Not Significant"
"SEL1L",0.000110680861493333,0.787270676014272,0.404,0.218,1,"Not Significant"
"AIG1",0.000322951301265541,-0.787006276665802,0.259,0.435,1,"Not Significant"
"CBWD2",0.00880443736627285,0.785875194647152,0.202,0.104,1,"Not Significant"
"SDAD1",0.00054667177267572,0.784271308944563,0.254,0.109,1,"Not Significant"
"ANKS6",0.0166513393040424,0.784271308944563,0.13,0.057,1,"Not Significant"
"POFUT2",0.0325596308294872,0.784271308944563,0.119,0.057,1,"Not Significant"
"SLC35D2",0.0349566743884756,0.784271308944563,0.14,0.073,1,"Not Significant"
"UBE2J2",0.0659226207972379,0.784271308944563,0.13,0.073,1,"Not Significant"
"GLIS3",0.0306803824750213,-0.783508180103236,0.383,0.461,1,"Not Significant"
"PUM3",0.00185264588439677,0.783188610926852,0.404,0.269,1,"Not Significant"
"ATP1B3",0.00547106591271143,0.783012961685642,0.446,0.332,1,"Not Significant"
"GRK5",0.00101127375531501,-0.782408564927373,0.42,0.534,1,"Not Significant"
"MKRN3",0.0604450445432341,0.782408564927373,0.155,0.093,1,"Not Significant"
"S100A4",0.00873317699744163,0.782408564927373,0.145,0.062,1,"Not Significant"
"SLC49A4",0.00326162343462801,-0.782154367932462,0.368,0.461,1,"Not Significant"
"DAG1",0.0104979705821742,-0.78135971352466,0.228,0.337,1,"Not Significant"
"FAM199X",0.00549505847766008,0.781359713524659,0.223,0.114,1,"Not Significant"
"TMEM135",0.000943972557380691,0.780990218058204,0.523,0.383,1,"Not Significant"
"MAP4K3-DT",0.0030597378542327,-0.780686971595524,0.223,0.347,1,"Not Significant"
"WWTR1",0.000163658986470451,-0.780513309838963,0.244,0.43,1,"Not Significant"
"MAP3K5",0.000233144770829742,0.779311884875801,0.446,0.264,1,"Not Significant"
"ZNF81",0.00298990772930151,0.777607578663552,0.197,0.088,1,"Not Significant"
"SRP9",0.00841228187018828,0.777607578663552,0.197,0.098,1,"Not Significant"
"STARD3",0.0112283336738886,0.777607578663552,0.119,0.047,1,"Not Significant"
"INSIG2",0.0116090628357508,0.777607578663552,0.197,0.104,1,"Not Significant"
"AGAP4",0.0542223193115715,0.777607578663552,0.119,0.062,1,"Not Significant"
"TAOK2",0.101523488925912,-0.777607578663552,0.062,0.109,1,"Not Significant"
"OPA1",5.48834943111024e-05,0.777607578663552,0.518,0.326,1,"Not Significant"
"ZNF654",0.00325492981275973,0.777607578663552,0.358,0.223,1,"Not Significant"
"IARS2",0.00503322621884013,0.777607578663552,0.285,0.166,1,"Not Significant"
"CDK5RAP1",0.0298518997700838,0.777607578663552,0.181,0.104,1,"Not Significant"
"RRP36",0.0319927721441491,0.777607578663552,0.161,0.088,1,"Not Significant"
"CAMKK2",0.0424003969835886,0.777607578663552,0.15,0.083,1,"Not Significant"
"PIK3AP1",0.0114744238913515,0.776225024613433,0.368,0.264,1,"Not Significant"
"RPRD2",0.00105565845991782,0.77595972578207,0.383,0.233,1,"Not Significant"
"PCBP1-AS1",0.000853925579404005,0.775784843056734,0.363,0.207,1,"Not Significant"
"STIM1",0.0110160526726203,0.775568433389954,0.466,0.363,1,"Not Significant"
"SDK1",0.102591425783114,-0.775293712825305,0.166,0.104,1,"Not Significant"
"SWT1",0.0611903992601304,-0.774440299584869,0.28,0.347,1,"Not Significant"
"SHQ1",0.00450599933298617,0.773724144176324,0.192,0.088,1,"Not Significant"
"ZNF76",0.195306498286873,-0.773724144176324,0.135,0.176,1,"Not Significant"
"TMEM131",6.16905669173227e-05,0.773441549083999,0.756,0.715,1,"Not Significant"
"LINC00476",0.131657832097463,0.772589503896928,0.135,0.088,1,"Not Significant"
"ZNF480",0.0890179087949331,-0.772589503896927,0.109,0.166,1,"Not Significant"
"CLTB",0.252940745565716,-0.772589503896927,0.098,0.135,1,"Not Significant"
"STARD4",0.374389479771891,-0.772589503896927,0.104,0.13,1,"Not Significant"
"SRI",0.556364201906034,0.772589503896927,0.109,0.093,1,"Not Significant"
"NLRP2",0.571987960069169,0.772589503896927,0.114,0.098,1,"Not Significant"
"NPHP3",0.0014666040982003,0.772048053321652,0.399,0.254,1,"Not Significant"
"ZNF506",0.000410431004389884,0.771375624952038,0.352,0.192,1,"Not Significant"
"RBM3",0.035505953114119,-0.770518153877233,0.269,0.347,1,"Not Significant"
"FRMD8",0.0258298587981511,0.770518153877233,0.124,0.057,1,"Not Significant"
"CRIPT",0.0289013424952968,0.770518153877233,0.13,0.062,1,"Not Significant"
"PEX26",0.0330659644439898,0.770518153877233,0.14,0.073,1,"Not Significant"
"SPNS1",0.0440760901445251,0.770518153877233,0.13,0.067,1,"Not Significant"
"DONSON",0.0455274361782413,0.770518153877233,0.135,0.073,1,"Not Significant"
"ZUP1",0.050792501844107,0.770518153877233,0.119,0.062,1,"Not Significant"
"MNT",0.0602313188640687,0.770518153877233,0.124,0.067,1,"Not Significant"
"COPS3",0.0830743304925851,0.770518153877233,0.119,0.067,1,"Not Significant"
"PSMD6",0.0870388500813992,0.770518153877233,0.124,0.073,1,"Not Significant"
"DEDD",0.0889792941958972,-0.770518153877233,0.073,0.124,1,"Not Significant"
"ILKAP",0.00689425068877125,0.769387071858584,0.29,0.171,1,"Not Significant"
"CLIC3",0.0977452861429582,-0.769387071858584,0.119,0.176,1,"Not Significant"
"TUBGCP2",0.0250515033809945,0.768674453893544,0.197,0.114,1,"Not Significant"
"ARMC10",0.0347201803909804,0.768674453893544,0.187,0.109,1,"Not Significant"
"RAD23A",0.043616422898637,0.768674453893544,0.181,0.109,1,"Not Significant"
"MARS",0.0834246957548026,0.768674453893544,0.176,0.114,1,"Not Significant"
"NEK11",0.163422097157467,-0.768674453893544,0.187,0.233,1,"Not Significant"
"ELOVL5",0.0361538675630808,0.767826557870966,0.207,0.13,1,"Not Significant"
"TMEM184B",0.0145427712218193,-0.767022828022386,0.202,0.301,1,"Not Significant"
"NEDD1",0.0186656991832247,0.765534746362977,0.13,0.057,1,"Not Significant"
"COPS8",0.0206006927180295,0.765534746362977,0.135,0.062,1,"Not Significant"
"COPS4",0.0275533878286072,0.765534746362977,0.145,0.073,1,"Not Significant"
"TMEM127",0.029195828470699,0.765534746362977,0.15,0.078,1,"Not Significant"
"SHROOM4",0.0496710353842251,-0.765534746362977,0.073,0.135,1,"Not Significant"
"COX17",0.0523292406043405,0.765534746362977,0.14,0.078,1,"Not Significant"
"KAT14",0.0913383482333082,0.765534746362977,0.124,0.073,1,"Not Significant"
"LRIF1",0.108829829353791,-0.765534746362977,0.093,0.145,1,"Not Significant"
"ERCC1",0.147804101776052,0.765534746362977,0.109,0.067,1,"Not Significant"
"SERINC5",0.000102988251344471,-0.764469109204428,0.539,0.71,1,"Not Significant"
"MLLT1",0.00958198493344625,-0.764187062901231,0.207,0.311,1,"Not Significant"
"VCAN",0.267637397046278,0.763791608965064,0.301,0.285,1,"Not Significant"
"HLA-A",5.87693223027354e-05,0.76355980417792,0.228,0.073,1,"Not Significant"
"ORC4",0.000802383327500617,0.763299741979669,0.358,0.207,1,"Not Significant"
"AL135878.1",0.00233230232432617,-0.763299741979669,0.145,0.275,1,"Not Significant"
"RAB18",0.00285394791897689,0.762960802699151,0.368,0.228,1,"Not Significant"
"METAP1",0.000645026116075322,0.76296080269915,0.228,0.093,1,"Not Significant"
"TBC1D19",0.0120596672388799,0.76296080269915,0.197,0.104,1,"Not Significant"
"MYO1C",0.13589197954703,0.76296080269915,0.181,0.13,1,"Not Significant"
"LARS",6.66485847267399e-05,0.762500686273344,0.358,0.166,1,"Not Significant"
"NDFIP1",0.00600314380667804,0.761840262805236,0.368,0.244,1,"Not Significant"
"ERI1",0.0101797133114808,-0.761840262805236,0.249,0.358,1,"Not Significant"
"NUDC",0.0367148009409129,0.761840262805236,0.166,0.093,1,"Not Significant"
"YIPF1",0.0620417779485807,0.761840262805236,0.15,0.088,1,"Not Significant"
"NFE2L3",0.12427903947875,-0.761840262805236,0.078,0.124,1,"Not Significant"
"REL",0.00253900802586538,0.761840262805235,0.264,0.14,1,"Not Significant"
"NPAT",0.0114069100525146,-0.761213140412883,0.228,0.337,1,"Not Significant"
"TENT4A",0.00108427773012093,0.760812336120574,0.259,0.124,1,"Not Significant"
"RYK",0.00646852749802357,0.760459296833142,0.528,0.43,1,"Not Significant"
"UIMC1",0.00197715432371661,0.760049207279248,0.373,0.228,1,"Not Significant"
"AL807742.1",0.0161744566274905,-0.758991900496205,0.073,0.15,1,"Not Significant"
"TOP3A",0.00764544268386448,0.758991900496205,0.197,0.098,1,"Not Significant"
"SOCS2-AS1",0.675813180635633,-0.758991900496205,0.104,0.088,1,"Not Significant"
"UBXN2B",0.0102229015056344,0.757429696725922,0.275,0.166,1,"Not Significant"
"EMC2",0.0102365012224894,0.757429696725922,0.259,0.155,1,"Not Significant"
"BARD1",0.0107225019722295,0.756728848987636,0.15,0.067,1,"Not Significant"
"HAUS6",0.0410436659043059,0.756728848987636,0.181,0.109,1,"Not Significant"
"ANXA3",0.11833997459027,-0.756728848987636,0.109,0.161,1,"Not Significant"
"C1QA",6.12515003750018e-05,0.756728848987636,0.228,0.073,1,"Not Significant"
"LRP2",0.0378689311972479,-0.756728848987636,0.062,0.124,1,"Not Significant"
"ABHD12",0.102757410259749,0.75644296866551,0.399,0.342,1,"Not Significant"
"YIPF6",0.060691343481606,-0.756074417113911,0.192,0.264,1,"Not Significant"
"ATF1",0.114876825134011,-0.756074417113911,0.187,0.244,1,"Not Significant"
"DLGAP4",0.258533474112918,-0.755763189620332,0.223,0.254,1,"Not Significant"
"ARRB1",0.00441791184228699,0.755581272333553,0.373,0.244,1,"Not Significant"
"BNIP3",0.00924801097886812,0.754887502163468,0.124,0.047,1,"Not Significant"
"STARD4-AS1",0.0446713678522787,0.754887502163468,0.109,0.052,1,"Not Significant"
"MMP24OS",0.0557690729250722,0.754887502163468,0.192,0.124,1,"Not Significant"
"TTC4",0.0651315991908638,0.754887502163468,0.13,0.073,1,"Not Significant"
"POLR3A",0.0697599687241883,0.754887502163468,0.109,0.057,1,"Not Significant"
"YARS2",0.102853286140576,0.754887502163468,0.109,0.062,1,"Not Significant"
"INTS14",0.151546543857939,0.754887502163468,0.109,0.067,1,"Not Significant"
"HIPK1",0.00307489447509979,0.753839412730602,0.301,0.171,1,"Not Significant"
"CRTC3",0.00400477586107829,0.753644335312837,0.399,0.264,1,"Not Significant"
"PTBP3",0.00117495928598549,0.753596268710327,0.648,0.58,1,"Not Significant"
"STXBP3",0.00156792270868636,0.753360032416875,0.394,0.238,1,"Not Significant"
"FBXO21",0.10244334860592,0.753360032416875,0.202,0.145,1,"Not Significant"
"MYLIP",0.00128389650753042,-0.752562449217225,0.254,0.404,1,"Not Significant"
"USP54",0.0640444675936922,-0.752072486556415,0.067,0.124,1,"Not Significant"
"TRNT1",0.0685593051189885,0.752072486556415,0.13,0.073,1,"Not Significant"
"SETD1B",0.118935993103314,0.752072486556415,0.124,0.078,1,"Not Significant"
"FAM122B",0.120136724253223,0.752072486556415,0.114,0.067,1,"Not Significant"
"ELP3",0.00364473204152636,0.752072486556415,0.259,0.14,1,"Not Significant"
"CA5B",0.0222362129070382,0.752072486556415,0.233,0.145,1,"Not Significant"
"SNX8",0.026371839179518,0.752072486556415,0.347,0.264,1,"Not Significant"
"POLR1D",0.000167727773816884,0.750972452160085,0.259,0.104,1,"Not Significant"
"ERH",0.0127634389786178,0.750021746991653,0.155,0.073,1,"Not Significant"
"MEAF6",0.0338520807754716,0.750021746991653,0.161,0.088,1,"Not Significant"
"CCDC30",0.0649144491525466,0.750021746991653,0.13,0.073,1,"Not Significant"
"SH3BP4",0.165101107819681,0.750021746991653,0.119,0.078,1,"Not Significant"
"ANXA6",0.0430974851770269,-0.749456538349403,0.259,0.342,1,"Not Significant"
"ATP5F1C",0.0013836898976054,0.749191896499465,0.306,0.166,1,"Not Significant"
"PCAT1",0.150146860132099,-0.749191896499465,0.104,0.15,1,"Not Significant"
"PHB2",0.00668113897075287,0.748461233004036,0.15,0.062,1,"Not Significant"
"RNF214",0.0698963979135179,0.748461233004036,0.171,0.109,1,"Not Significant"
"KREMEN1",0.176983405862127,-0.748461233004036,0.093,0.135,1,"Not Significant"
"IGSF1",0.337487034857809,0.748461233004036,0.104,0.078,1,"Not Significant"
"MSANTD2",0.0276693670105365,0.748461233004036,0.301,0.207,1,"Not Significant"
"STX17",0.0034191691195656,0.747233929620033,0.316,0.187,1,"Not Significant"
"DDX60",0.0241073115218756,0.747233929620033,0.192,0.109,1,"Not Significant"
"OLFML3",0.0260146765112793,0.747233929620033,0.109,0.047,1,"Not Significant"
"EID1",0.00420961516858219,0.746243407754217,0.187,0.083,1,"Not Significant"
"MTCH1",0.00388196674392725,0.745427172914402,0.238,0.119,1,"Not Significant"
"PCGF3",0.0333326366302664,0.745427172914402,0.212,0.13,1,"Not Significant"
"USP13",0.0105747292782288,0.744742944757925,0.228,0.124,1,"Not Significant"
"EYA3",0.00347368528102013,0.744440714728353,0.389,0.259,1,"Not Significant"
"FEZ2",0.0012475319930734,-0.74416109557041,0.518,0.622,1,"Not Significant"
"REEP3",0.00201157114537598,-0.743224584637888,0.275,0.415,1,"Not Significant"
"MAPK8IP3",0.0030459146994696,0.743224584637888,0.311,0.181,1,"Not Significant"
"PAG1",0.000570657219307662,0.742108897442166,0.503,0.311,1,"Not Significant"
"FLNB",0.148591999217464,0.741611959022571,0.321,0.43,1,"Not Significant"
"LYPLA1",0.000929827736243973,-0.738671916116609,0.554,0.648,1,"Not Significant"
"HNRNPLL",0.0113340421295874,0.736965594166206,0.337,0.223,1,"Not Significant"
"ADAR",0.000230304982417394,0.736965594166206,0.363,0.187,1,"Not Significant"
"KPNA6",0.00664036919001688,-0.736965594166206,0.321,0.44,1,"Not Significant"
"DNM2",0.000119750137820261,0.736965594166206,0.492,0.301,1,"Not Significant"
"RAB22A",0.000497952698733044,0.736965594166206,0.326,0.166,1,"Not Significant"
"SEC61A1",0.00603007744312482,0.736965594166206,0.275,0.155,1,"Not Significant"
"CSAD",0.00638295162715818,0.736965594166206,0.238,0.13,1,"Not Significant"
"CHMP1A",0.0124709244769842,0.736965594166206,0.119,0.047,1,"Not Significant"
"TERF1",0.0133560781040332,0.736965594166206,0.181,0.093,1,"Not Significant"
"MEF2D",0.0216953400067231,0.736965594166206,0.207,0.119,1,"Not Significant"
"ZDHHC5",0.0224717392724357,0.736965594166206,0.176,0.093,1,"Not Significant"
"UBA5",0.0241331266200652,0.736965594166206,0.187,0.104,1,"Not Significant"
"HSPA1A",0.0248470277337631,0.736965594166206,0.124,0.057,1,"Not Significant"
"ZNF322",0.0283928771517566,0.736965594166206,0.13,0.062,1,"Not Significant"
"NDRG3",0.0290647105644184,0.736965594166206,0.181,0.104,1,"Not Significant"
"SRCAP",0.0299927829032389,0.736965594166206,0.181,0.104,1,"Not Significant"
"ITPA",0.0359002142157812,0.736965594166206,0.166,0.093,1,"Not Significant"
"MRPL22",0.0400996352852698,0.736965594166206,0.124,0.062,1,"Not Significant"
"SMPD4",0.0416927568374778,0.736965594166206,0.15,0.083,1,"Not Significant"
"ELP6",0.0504224553158508,0.736965594166206,0.114,0.057,1,"Not Significant"
"CORO1B",0.0535812585014211,0.736965594166206,0.114,0.057,1,"Not Significant"
"STRADB",0.0563707400560438,0.736965594166206,0.119,0.062,1,"Not Significant"
"ZNF260",0.0605520590371542,0.736965594166206,0.124,0.067,1,"Not Significant"
"RMC1",0.0663107003739195,0.736965594166206,0.13,0.073,1,"Not Significant"
"VRK3",0.0761835100550747,0.736965594166206,0.114,0.062,1,"Not Significant"
"TRIM13",0.0898296052943337,0.736965594166206,0.181,0.119,1,"Not Significant"
"MRPL45",0.0905460980385061,0.736965594166206,0.124,0.073,1,"Not Significant"
"MFN2",0.105741879194254,0.736965594166206,0.114,0.067,1,"Not Significant"
"ERAP1",0.116405188650179,0.736965594166206,0.192,0.135,1,"Not Significant"
"KLHL9",0.126452529060244,0.736965594166206,0.124,0.078,1,"Not Significant"
"RECQL5",0.28746748834329,-0.736965594166206,0.098,0.13,1,"Not Significant"
"NDUFA11",0.375710439067539,-0.736965594166206,0.098,0.124,1,"Not Significant"
"AL139807.1",0.478239219438419,0.736965594166206,0.124,0.104,1,"Not Significant"
"ZNF592",0.000513608298052689,0.736965594166206,0.29,0.135,1,"Not Significant"
"AL139260.1",0.00195515305694738,0.736965594166206,0.249,0.119,1,"Not Significant"
"EDEM2",0.0321887473509803,-0.736965594166206,0.171,0.254,1,"Not Significant"
"WASF2",0.000209313022110008,0.735267306694181,0.637,0.508,1,"Not Significant"
"NEDD4",0.000363768937718254,-0.735027789924714,0.342,0.528,1,"Not Significant"
"HEATR5A",0.0303007386369917,-0.734655433479005,0.446,0.492,1,"Not Significant"
"DCAF5",0.000221095470924521,0.734018310115869,0.487,0.301,1,"Not Significant"
"LCP1",0.000131523847369519,0.733485025431244,0.373,0.181,1,"Not Significant"
"RIOK3",0.00104077681826163,0.732519689135014,0.383,0.223,1,"Not Significant"
"TECR",0.0137598514851339,-0.731511164074098,0.187,0.29,1,"Not Significant"
"HSPA4",0.00524556621989684,0.7311832415722,0.316,0.192,1,"Not Significant"
"SPG21",0.0911020387605906,-0.7311832415722,0.197,0.259,1,"Not Significant"
"ZBTB8OS",0.0410356321762524,-0.730813367184611,0.192,0.275,1,"Not Significant"
"SRSF2",0.000587113050174108,0.730160416261092,0.44,0.275,1,"Not Significant"
"AGTPBP1",0.000154741717812374,0.730079208580966,0.446,0.28,1,"Not Significant"
"HDAC2",0.00796772879553207,-0.729352410056331,0.244,0.363,1,"Not Significant"
"MACROD2",0.157856654513154,0.729352410056331,0.187,0.135,1,"Not Significant"
"CPNE8",0.000236634699233252,0.728697978182606,0.503,0.326,1,"Not Significant"
"CDC5L",0.000716986905630165,0.728697978182606,0.249,0.109,1,"Not Significant"
"DDX50",0.00166707742744393,0.728697978182606,0.249,0.119,1,"Not Significant"
"ALG5",0.0122796946479309,0.728697978182606,0.228,0.13,1,"Not Significant"
"MED23",0.00335827369808082,0.728326675892334,0.358,0.223,1,"Not Significant"
"ATAD5",0.00672852997714531,0.727920454563199,0.192,0.093,1,"Not Significant"
"COX5B",0.0180018957153144,0.727920454563199,0.187,0.098,1,"Not Significant"
"ATP5IF1",0.0382382577955552,0.726981505593584,0.192,0.114,1,"Not Significant"
"ECH1",0.243655180170207,-0.726981505593584,0.119,0.155,1,"Not Significant"
"TRAPPC11",0.000298488116106702,0.726434926674037,0.368,0.192,1,"Not Significant"
"NDUFAF2",0.000342882260335559,0.725825036561006,0.394,0.212,1,"Not Significant"
"ATP6V1D",0.000860324137738154,0.725825036561006,0.332,0.176,1,"Not Significant"
"RNPC3",0.0029809038492512,0.725825036561006,0.332,0.197,1,"Not Significant"
"CAPN1",0.00245045277496733,0.725825036561005,0.207,0.093,1,"Not Significant"
"RSRC1",0.000267927724099236,0.725492809722257,0.663,0.523,1,"Not Significant"
"KIAA1328",0.00726459888072639,0.725140158769416,0.503,0.404,1,"Not Significant"
"UBE2A",0.315639099541038,-0.725140158769416,0.197,0.223,1,"Not Significant"
"CTNNBL1",0.00110744061864524,0.724365557386573,0.404,0.244,1,"Not Significant"
"TRAK1",0.00031697017275985,0.724365557386573,0.549,0.399,1,"Not Significant"
"HDAC1",0.0349224515765318,0.724365557386573,0.14,0.073,1,"Not Significant"
"ACOT13",0.0553237838867434,0.724365557386573,0.14,0.078,1,"Not Significant"
"CHP1",0.0580826728450664,0.724365557386573,0.145,0.083,1,"Not Significant"
"DUSP9",0.0794998786442096,-0.724365557386573,0.062,0.114,1,"Not Significant"
"DNAJA2",0.367333017875712,-0.724365557386573,0.104,0.13,1,"Not Significant"
"MAP3K20",0.17038002892153,0.723938913869967,0.28,0.233,1,"Not Significant"
"HMBOX1",0.00047259873536286,0.723875594725763,0.611,0.492,1,"Not Significant"
"PTGDS",0.116167340330947,0.723482364802584,0.109,0.062,1,"Not Significant"
"POLA1",0.000124931186693341,0.72329065726913,0.451,0.28,1,"Not Significant"
"GTF3C6",0.0112001196006573,0.722466024471091,0.13,0.052,1,"Not Significant"
"WBP2",0.0156612017759687,0.722466024471091,0.145,0.067,1,"Not Significant"
"MSRB2",0.0353063135042104,0.722466024471091,0.14,0.073,1,"Not Significant"
"SPAG7",0.0526687576079085,0.722466024471091,0.14,0.078,1,"Not Significant"
"SNHG12",0.0969257277343858,0.722466024471091,0.13,0.078,1,"Not Significant"
"CDK5RAP3",0.236008084256941,-0.722466024471091,0.098,0.135,1,"Not Significant"
"DIP2A",8.91554815443667e-05,0.722146879454661,0.565,0.394,1,"Not Significant"
"DAGLB",0.200922058236874,-0.721283971933936,0.145,0.187,1,"Not Significant"
"WDR1",0.000832393588764061,0.719892080807265,0.254,0.114,1,"Not Significant"
"GNB2",0.00804912668242499,0.719892080807265,0.124,0.047,1,"Not Significant"
"UBN1",0.0198753998091329,0.719892080807265,0.202,0.114,1,"Not Significant"
"PLA2R1",0.0231108740364147,0.719892080807265,0.15,0.073,1,"Not Significant"
"CCT7",0.0255512996825228,0.719892080807265,0.124,0.057,1,"Not Significant"
"SLC25A40",0.0375980501988525,0.719892080807265,0.124,0.062,1,"Not Significant"
"LGALS3",0.0390026538475693,0.719892080807265,0.197,0.119,1,"Not Significant"
"ATP5PF",0.0486036132905412,0.719892080807265,0.114,0.057,1,"Not Significant"
"CBWD3",0.059212110711075,0.719892080807265,0.124,0.067,1,"Not Significant"
"ZNF169",0.0666111892064159,0.719892080807265,0.13,0.073,1,"Not Significant"
"HARS",0.0893123470079476,0.719892080807265,0.124,0.073,1,"Not Significant"
"TMEFF1",0.0946544981964823,-0.719892080807265,0.057,0.104,1,"Not Significant"
"GALE",0.26719260821244,-0.719892080807265,0.078,0.109,1,"Not Significant"
"EGFL6",0.00292991792737615,0.719504624099984,0.249,0.13,1,"Not Significant"
"PITPNB",0.000159036956397116,0.719099173372692,0.57,0.389,1,"Not Significant"
"ATP6V1H",0.00118311171010975,0.718818247455947,0.466,0.311,1,"Not Significant"
"HDAC8",0.000143442341636151,0.718368375288876,0.668,0.508,1,"Not Significant"
"NINJ1",0.00146652936692953,0.71822903158462,0.181,0.067,1,"Not Significant"
"SARNP",0.00334588467124226,0.71822903158462,0.316,0.181,1,"Not Significant"
"FARS2",0.000132689644235862,0.717761383269054,0.741,0.668,1,"Not Significant"
"NMD3",0.144802454864648,0.717600269299275,0.207,0.155,1,"Not Significant"
"CBWD1",0.154278802474821,-0.717600269299275,0.171,0.223,1,"Not Significant"
"FAM117B",0.0088479285436596,0.717269792825287,0.238,0.135,1,"Not Significant"
"HPGD",9.67457292347327e-05,-0.716645609786611,0.098,0.254,1,"Not Significant"
"ARHGAP1",0.000212113658291926,0.716207033999409,0.212,0.073,1,"Not Significant"
"VPS39",0.000638338492825068,0.716207033999409,0.326,0.171,1,"Not Significant"
"AC078980.1",0.00467643639058322,-0.716207033999409,0.052,0.14,1,"Not Significant"
"HK2",0.0226155426863213,-0.716207033999409,0.073,0.145,1,"Not Significant"
"MTBP",0.0616806994586349,0.716207033999409,0.104,0.052,1,"Not Significant"
"P4HA3",0.139613974867816,-0.716207033999409,0.062,0.104,1,"Not Significant"
"SLC25A29",0.139613974867816,0.716207033999409,0.104,0.062,1,"Not Significant"
"WDR27",0.00361262407690819,0.715023041285529,0.295,0.166,1,"Not Significant"
"PIK3CA",0.00233400208912023,0.714597781137752,0.528,0.394,1,"Not Significant"
"EFHD2",0.0035895667933284,0.714597781137752,0.238,0.119,1,"Not Significant"
"CARMIL1",0.0517564046010775,0.714327790486475,0.523,0.487,1,"Not Significant"
"HSPE1",0.235700739050818,-0.713695814843359,0.155,0.192,1,"Not Significant"
"SNF8",0.0132416393629076,0.713695814843359,0.176,0.088,1,"Not Significant"
"CASC3",0.0806045074785552,0.713695814843359,0.176,0.114,1,"Not Significant"
"TTC27",0.00097026150921103,0.713118852211838,0.342,0.181,1,"Not Significant"
"DNAJC11",0.0261853790401128,0.712718047919529,0.244,0.155,1,"Not Significant"
"AASDH",0.138663888669011,-0.712718047919529,0.145,0.197,1,"Not Significant"
"DIS3L2",0.0037363432136362,0.712512550441667,0.503,0.394,1,"Not Significant"
"UBE2J1",0.0144345520795207,-0.712197689017264,0.166,0.269,1,"Not Significant"
"MAPK14",0.00532615344199306,0.712019237035975,0.482,0.363,1,"Not Significant"
"TXNRD1",0.317641305525589,-0.711139606798301,0.399,0.383,1,"Not Significant"
"TBX2",0.0255703744499134,0.710493382805015,0.124,0.057,1,"Not Significant"
"ASPSCR1",0.0278831974362643,0.710493382805015,0.145,0.073,1,"Not Significant"
"HYAL4",0.0536529811049687,-0.710493382805015,0.078,0.14,1,"Not Significant"
"ZNF121",0.0551772598413517,0.710493382805015,0.14,0.078,1,"Not Significant"
"ARHGEF3",0.0905688290242583,0.710493382805015,0.28,0.207,1,"Not Significant"
"PSMB6",0.592042192387185,-0.710493382805015,0.124,0.135,1,"Not Significant"
"MRTFA",5.77388479980497e-05,0.709141911941886,0.653,0.518,1,"Not Significant"
"PRDM10",0.00728016857911891,0.70781924850669,0.207,0.104,1,"Not Significant"
"DSG2",0.0105589980117064,-0.70781924850669,0.083,0.171,1,"Not Significant"
"RIOX2",0.0204254810624564,-0.70781924850669,0.104,0.187,1,"Not Significant"
"ZCCHC2",0.00318302908378653,0.70626879694329,0.29,0.161,1,"Not Significant"
"C9orf85",0.00946152551856045,0.70626879694329,0.311,0.197,1,"Not Significant"
"GDAP2",0.0185915257748452,0.70626879694329,0.326,0.228,1,"Not Significant"
"ZNF790",0.0640444675936922,0.70626879694329,0.124,0.067,1,"Not Significant"
"SNIP1",0.0767127181815439,0.70626879694329,0.14,0.083,1,"Not Significant"
"KATNA1",0.163177253870015,0.70626879694329,0.119,0.078,1,"Not Significant"
"CHPF",0.283979624793521,-0.70626879694329,0.083,0.114,1,"Not Significant"
"RHOT1",7.36711825938541e-05,0.704544116473829,0.451,0.254,1,"Not Significant"
"VEZF1",0.00894986624438903,0.704544116473829,0.197,0.098,1,"Not Significant"
"SLC31A1",0.0146028168388538,0.704544116473829,0.181,0.093,1,"Not Significant"
"TMEM184C",0.0544512949577385,0.704544116473829,0.161,0.093,1,"Not Significant"
"C7orf50",0.00169793996065316,0.703606997219775,0.212,0.093,1,"Not Significant"
"ZYG11B",0.000850412420112845,0.703606997219775,0.399,0.233,1,"Not Significant"
"SH3YL1",0.00391814258290552,-0.703606997219775,0.218,0.352,1,"Not Significant"
"NPC2",5.29457720354037e-05,0.702319451359315,0.301,0.119,1,"Not Significant"
"MYOF",0.000433067554816552,-0.701776165703906,0.451,0.632,1,"Not Significant"
"FAM13B",0.000229488069436573,0.701120395219484,0.668,0.497,1,"Not Significant"
"RPS17",0.000489589761927348,0.700439718141092,0.301,0.14,1,"Not Significant"
"EMSY",0.00108406581428635,-0.700439718141092,0.425,0.575,1,"Not Significant"
"HIGD2A",0.0199625187267353,0.700439718141092,0.114,0.047,1,"Not Significant"
"AC007099.1",0.069848981188729,-0.700439718141092,0.057,0.109,1,"Not Significant"
"ALG13-AS1",0.069848981188729,0.700439718141092,0.109,0.057,1,"Not Significant"
"CLK3",0.0898678968845693,0.700439718141092,0.124,0.073,1,"Not Significant"
"DHX33",0.105232808084773,0.700439718141092,0.109,0.062,1,"Not Significant"
"NTMT1",0.136948880116911,-0.700439718141092,0.062,0.104,1,"Not Significant"
"COL4A5",0.00854577599103508,0.700439718141092,0.155,0.067,1,"Not Significant"
"KLHL8",0.427478638200826,-0.700439718141092,0.176,0.197,1,"Not Significant"
"SVIL",0.00198259774352529,0.699421225306071,0.415,0.264,1,"Not Significant"
"ADD1",0.000525771685522335,0.699340521866289,0.472,0.316,1,"Not Significant"
"GPNMB",0.835401676282476,0.69849144635157,0.244,0.249,1,"Not Significant"
"MYH10",0.859988322841484,0.697971462550343,0.394,0.44,1,"Not Significant"
"RAB14",0.000316696386190492,0.697437229979569,0.409,0.233,1,"Not Significant"
"PPM1G",0.0114159391156775,0.697437229979569,0.233,0.13,1,"Not Significant"
"HERC2",0.0018794364060731,0.696855380792053,0.549,0.399,1,"Not Significant"
"GSTP1",0.104788912303597,-0.696607856550066,0.244,0.295,1,"Not Significant"
"TPP1",0.000906717617609208,0.696607856550065,0.301,0.145,1,"Not Significant"
"ERCC5",0.0169000733250124,0.696607856550065,0.187,0.098,1,"Not Significant"
"ITFG2",0.0725042143267998,0.696607856550065,0.166,0.104,1,"Not Significant"
"VSIR",0.0820903015791533,-0.696607856550065,0.124,0.187,1,"Not Significant"
"POLR2E",0.0594177357871399,0.695145418471579,0.15,0.088,1,"Not Significant"
"AC096711.2",0.0827256036374011,0.695145418471579,0.119,0.067,1,"Not Significant"
"MAPKAPK2",0.142267082552887,0.695145418471579,0.14,0.093,1,"Not Significant"
"C11orf80",0.355613621596666,-0.695145418471579,0.093,0.119,1,"Not Significant"
"ZCCHC14",0.00225300831945599,0.69389687227432,0.228,0.109,1,"Not Significant"
"PHF14",0.000366709860442494,0.69389687227432,0.601,0.466,1,"Not Significant"
"HDAC5",0.0223924892988057,-0.693338661765948,0.171,0.264,1,"Not Significant"
"KMT5B",0.00107105204572201,0.692818490481824,0.389,0.228,1,"Not Significant"
"SPCS3",0.0935216181121213,-0.692818490481824,0.28,0.337,1,"Not Significant"
"RBL2",0.000754855672267707,0.691877704637668,0.363,0.202,1,"Not Significant"
"CEP95",0.00158104171935454,0.691877704637668,0.321,0.176,1,"Not Significant"
"POLR3C",0.0125056448197659,0.691877704637668,0.171,0.083,1,"Not Significant"
"ZNF451-AS1",0.033919834103476,0.691877704637668,0.155,0.083,1,"Not Significant"
"TAF11",0.0354065950691571,0.691877704637668,0.187,0.109,1,"Not Significant"
"BAIAP2",0.0448729847496442,0.691877704637668,0.181,0.109,1,"Not Significant"
"AC093157.1",0.085153004780347,0.691877704637668,0.14,0.083,1,"Not Significant"
"FANCL",0.00388467250559602,0.691877704637668,0.202,0.093,1,"Not Significant"
"MOB3A",0.00592807812520632,0.691877704637668,0.238,0.124,1,"Not Significant"
"THOC2",0.000675475447203909,0.690671941892271,0.513,0.368,1,"Not Significant"
"HIPK3",5.09851063609575e-05,0.690423008229176,0.689,0.549,1,"Not Significant"
"ATPAF1",0.0447294767441001,0.689659879387849,0.187,0.114,1,"Not Significant"
"PIP5K1C",0.113092478983833,0.689659879387849,0.197,0.14,1,"Not Significant"
"POU6F2",0.942391090233046,0.689659879387849,0.14,0.15,1,"Not Significant"
"AC006001.2",0.0185384658985601,0.689070904061895,0.29,0.187,1,"Not Significant"
"ANKRD10",0.00060073887242227,-0.688243710169929,0.715,0.762,1,"Not Significant"
"RASGRF1",0.0203637095154297,-0.68805599368526,0.052,0.119,1,"Not Significant"
"STAMBP",0.0271642205987701,0.68805599368526,0.228,0.14,1,"Not Significant"
"TXLNG",0.0590418847300095,0.68805599368526,0.119,0.062,1,"Not Significant"
"PNP",0.152488935166847,-0.68805599368526,0.067,0.109,1,"Not Significant"
"RSBN1L",0.000503297318225392,0.687409769691974,0.363,0.197,1,"Not Significant"
"EXOC3",0.0236204307585121,0.685891409571937,0.161,0.083,1,"Not Significant"
"UPF3B",0.0598742427267881,0.685891409571937,0.145,0.083,1,"Not Significant"
"WASHC1",0.150916515745211,0.685891409571937,0.15,0.104,1,"Not Significant"
"H2AFV",0.000443867907759559,0.685891409571937,0.285,0.13,1,"Not Significant"
"FCER1G",0.00110831528965342,0.685891409571937,0.212,0.088,1,"Not Significant"
"TMEM181",0.00590624825488876,0.685891409571937,0.285,0.166,1,"Not Significant"
"AC020916.1",0.124900297011475,-0.685891409571937,0.176,0.233,1,"Not Significant"
"CSMD1",0.086640194553355,-0.685126662646588,0.181,0.249,1,"Not Significant"
"GAK",0.000544075482217996,0.684498174272071,0.363,0.197,1,"Not Significant"
"SELENOT",0.000993775024571403,0.684498174272071,0.321,0.166,1,"Not Significant"
"RRAGC",0.0152842844743029,0.684498174272071,0.202,0.109,1,"Not Significant"
"IQCK",0.0437999892470937,0.684498174272071,0.176,0.104,1,"Not Significant"
"LETMD1",0.0451919008581719,0.684498174272071,0.187,0.114,1,"Not Significant"
"WARS2",0.237721155758412,0.684498174272071,0.13,0.093,1,"Not Significant"
"AKAP12",0.0156770530775771,0.683972506552322,0.212,0.114,1,"Not Significant"
"NBDY",0.0589815014113008,0.682809824119301,0.342,0.259,1,"Not Significant"
"FARSB",0.00463782598739147,0.682809824119301,0.233,0.119,1,"Not Significant"
"PARP11",0.0107713928631103,0.682809824119301,0.228,0.124,1,"Not Significant"
"CTBP2",0.000144774033496786,0.68251781014383,0.591,0.415,1,"Not Significant"
"CMAS",0.0250984136593638,-0.682259702076071,0.155,0.244,1,"Not Significant"
"FAM114A1",0.0086781373803569,0.681470481574503,0.275,0.161,1,"Not Significant"
"RBX1",0.0592356420626432,-0.681470481574503,0.207,0.285,1,"Not Significant"
"SPATA5",0.00375454872744564,0.680822516128673,0.466,0.332,1,"Not Significant"
"COMMD2",0.00354429155220444,0.678071905112638,0.15,0.057,1,"Not Significant"
"LTV1",0.0110599463771609,0.678071905112638,0.13,0.052,1,"Not Significant"
"HUNK",0.0114656045269654,0.678071905112638,0.166,0.078,1,"Not Significant"
"DHX38",0.0186775421284391,0.678071905112638,0.114,0.047,1,"Not Significant"
"HSBP1",0.0350301553583875,0.678071905112638,0.14,0.073,1,"Not Significant"
"PRDX4",0.0646934329401777,0.678071905112638,0.104,0.052,1,"Not Significant"
"UQCRFS1",0.136405142445907,0.678071905112638,0.13,0.083,1,"Not Significant"
"PMM2",0.00284603745431631,-0.678071905112638,0.275,0.42,1,"Not Significant"
"HADHB",0.0160643182273196,0.678071905112638,0.363,0.254,1,"Not Significant"
"TBRG1",0.0163340764788865,0.678071905112638,0.254,0.155,1,"Not Significant"
"ADAMTSL4-AS1",0.106004205870965,0.678071905112638,0.218,0.155,1,"Not Significant"
"GPR78",0.172992579196262,0.678071905112638,0.119,0.176,1,"Not Significant"
"ZNF765",0.421840293216366,-0.678071905112638,0.176,0.197,1,"Not Significant"
"ATG14",0.0107971391764616,0.678071905112637,0.233,0.13,1,"Not Significant"
"DDX39A",0.0284882872232691,0.678071905112637,0.109,0.047,1,"Not Significant"
"C6orf89",0.0430181169832502,0.678071905112637,0.212,0.135,1,"Not Significant"
"MPHOSPH9",0.0451434954505221,0.678071905112637,0.212,0.135,1,"Not Significant"
"AC008014.1",0.000152511663435081,-0.677023053709924,0.321,0.503,1,"Not Significant"
"TCF20",0.00257476081566067,0.675160309692735,0.347,0.207,1,"Not Significant"
"TLK2",0.000312594401875182,0.674759171071802,0.534,0.368,1,"Not Significant"
"UTP18",0.00260774866314669,0.674229838818243,0.301,0.166,1,"Not Significant"
"VTI1B",0.421007679451278,-0.674229838818243,0.197,0.218,1,"Not Significant"
"FUT8",7.90628389801795e-05,-0.673913423630904,0.58,0.762,1,"Not Significant"
"RIN2",0.00196516037177996,0.67340046538874,0.663,0.58,1,"Not Significant"
"VASP",0.00428380225155303,0.673189683732891,0.202,0.093,1,"Not Significant"
"UBE2I",0.00445905656387416,0.673189683732891,0.228,0.114,1,"Not Significant"
"SDHA",0.00521928126545335,0.673189683732891,0.244,0.13,1,"Not Significant"
"AP2B1",0.000286789895908559,0.672425341971496,0.482,0.295,1,"Not Significant"
"HECA",0.0137601908616117,0.672425341971495,0.223,0.124,1,"Not Significant"
"CLIP2",0.0145118991421122,0.672425341971495,0.181,0.093,1,"Not Significant"
"SDHC",0.02408984571706,0.672425341971495,0.207,0.119,1,"Not Significant"
"IFRD1",0.00142780864929797,0.671674133914487,0.43,0.29,1,"Not Significant"
"IRF2",0.00897295021867343,0.671377252538629,0.311,0.197,1,"Not Significant"
"SRSF4",0.000162903116900863,-0.671377252538629,0.596,0.715,1,"Not Significant"
"LACTB",0.00206982043214752,0.671377252538629,0.181,0.073,1,"Not Significant"
"RAB4A",0.0208625288741044,0.671377252538629,0.176,0.093,1,"Not Significant"
"MTG2",0.0753174295880809,-0.671377252538629,0.109,0.171,1,"Not Significant"
"UQCRC1",0.388037879641216,-0.671377252538629,0.124,0.15,1,"Not Significant"
"PSMB3",0.463652390115686,-0.671377252538629,0.109,0.13,1,"Not Significant"
"SERPINB9",0.342596910645112,-0.670935723831009,0.238,0.187,1,"Not Significant"
"SREBF2",0.0129766580956222,0.670431842910506,0.337,0.223,1,"Not Significant"
"MED25",0.0136705938384666,0.669851398307669,0.161,0.078,1,"Not Significant"
"MAEL",0.101982500045909,0.669851398307669,0.109,0.062,1,"Not Significant"
"XRCC2",0.116760849509009,0.669851398307669,0.114,0.067,1,"Not Significant"
"NAA16",0.000458360194566704,0.669851398307669,0.389,0.212,1,"Not Significant"
"RALBP1",0.0274805071489814,0.668794091524627,0.332,0.223,1,"Not Significant"
"OTULIN",0.0259632883979043,0.668794091524627,0.259,0.166,1,"Not Significant"
"NR2F2",0.0755021134671087,0.668794091524627,0.161,0.098,1,"Not Significant"
"SEC23B",0.0795644423765013,0.668794091524627,0.218,0.15,1,"Not Significant"
"PBRM1",0.00016022305190934,0.66868432661866,0.746,0.637,1,"Not Significant"
"PHF20L1",0.00365807801602991,0.668549130994131,0.451,0.311,1,"Not Significant"
"UQCC1",0.00825394026488213,0.667424660913129,0.295,0.181,1,"Not Significant"
"SFXN5",0.0189611920056451,0.667424660913129,0.202,0.114,1,"Not Significant"
"TSNAX",0.0235943759546975,0.667424660913129,0.212,0.124,1,"Not Significant"
"EI24",0.0271789668825985,0.667424660913129,0.124,0.057,1,"Not Significant"
"TGDS",0.11448833027531,0.667424660913129,0.114,0.067,1,"Not Significant"
"NR2F6",0.135053905724881,-0.667424660913129,0.13,0.181,1,"Not Significant"
"BAHD1",0.275156106110435,0.667424660913129,0.104,0.073,1,"Not Significant"
"FAM106A",0.00186343627914554,0.666262602823005,0.275,0.135,1,"Not Significant"
"DDX1",0.00563503765450303,0.666262602823005,0.285,0.161,1,"Not Significant"
"NR2F2-AS1",0.0205794649087637,0.666262602823004,0.202,0.119,1,"Not Significant"
"RAPGEF6",0.000178001475704389,0.665774546309253,0.596,0.44,1,"Not Significant"
"QPRT",0.0190233029945143,0.665580960929441,0.176,0.093,1,"Not Significant"
"ZNF75A",0.0346564717645572,0.665580960929441,0.181,0.104,1,"Not Significant"
"SLC16A1",0.0777559417386461,-0.665580960929441,0.083,0.14,1,"Not Significant"
"GCLM",0.207060025099384,-0.665580960929441,0.098,0.14,1,"Not Significant"
"NDUFB9",0.00373324236418468,0.664815808410371,0.264,0.14,1,"Not Significant"
"SEPTIN6",0.027511505995062,0.664815808410371,0.244,0.155,1,"Not Significant"
"PEX3",0.00249495219171454,-0.663950796867985,0.228,0.363,1,"Not Significant"
"LDHB",0.00890100071756254,0.662965012722429,0.285,0.171,1,"Not Significant"
"CRCP",0.0142254098862771,0.662965012722429,0.223,0.124,1,"Not Significant"
"AKAP17A",0.0635051264517303,-0.662965012722429,0.161,0.233,1,"Not Significant"
"LINC00963",0.165528881663527,0.662965012722429,0.15,0.104,1,"Not Significant"
"C11orf49",0.0340990561758532,0.661831264105427,0.275,0.187,1,"Not Significant"
"BRDT",0.474450147636712,0.661198086548242,0.145,0.124,1,"Not Significant"
"HDAC4",0.0095153143171601,0.660911353954455,0.347,0.228,1,"Not Significant"
"UBLCP1",0.028688402270299,0.660513533728333,0.197,0.114,1,"Not Significant"
"DNAJC1",0.00705109913873007,0.65981649540537,0.534,0.409,1,"Not Significant"
"STX8",0.00134951983078875,0.658963082164933,0.508,0.373,1,"Not Significant"
"DSE",0.000212983461513165,0.658963082164933,0.373,0.187,1,"Not Significant"
"CCDC171",0.00029616280541934,-0.658963082164933,0.244,0.404,1,"Not Significant"
"NAT10",0.00928768900556711,0.658963082164933,0.14,0.057,1,"Not Significant"
"GOLGA7",0.0224070312165877,0.658963082164933,0.14,0.067,1,"Not Significant"
"ANKRA2",0.030357605004085,0.658963082164933,0.15,0.078,1,"Not Significant"
"SERPINH1",0.0332654913756508,0.658963082164933,0.176,0.098,1,"Not Significant"
"HERC5",0.0517389817619629,0.658963082164933,0.135,0.073,1,"Not Significant"
"GNL3L",0.066826801977227,0.658963082164933,0.13,0.073,1,"Not Significant"
"SCO1",0.174549574460206,0.658963082164933,0.119,0.078,1,"Not Significant"
"LINC02307",0.455783496643626,0.658963082164933,0.145,0.119,1,"Not Significant"
"DNAJB12",0.53873334652589,-0.658963082164933,0.093,0.109,1,"Not Significant"
"CHSY1",0.000102614634454994,-0.658080429925172,0.575,0.71,1,"Not Significant"
"TMCC1",0.00171565188005891,0.658040200290578,0.829,0.829,1,"Not Significant"
"CEP68",0.0344401606830885,-0.657894023175007,0.166,0.249,1,"Not Significant"
"CCAR1",0.000811519037036466,-0.657894023175007,0.435,0.585,1,"Not Significant"
"FNBP1L",0.00664329267368759,0.657475000505524,0.404,0.275,1,"Not Significant"
"PAAF1",0.056732122821148,0.657112286476991,0.171,0.104,1,"Not Significant"
"TBC1D9B",0.00512563057429387,0.656045598782639,0.238,0.124,1,"Not Significant"
"RNF144A",0.124067502989498,0.656045598782639,0.181,0.124,1,"Not Significant"
"LRPAP1",0.114070996559097,-0.655351828612554,0.155,0.212,1,"Not Significant"
"N4BP2",0.0242043341154519,-0.655171503002559,0.399,0.492,1,"Not Significant"
"POU2F1",0.000564876034654857,-0.654567968207023,0.575,0.694,1,"Not Significant"
"ZNF718",0.0397056527200428,0.654004145150808,0.306,0.212,1,"Not Significant"
"IPO7",0.229896557684444,-0.654004145150808,0.29,0.332,1,"Not Significant"
"H2AFY",0.000153468002248875,0.653549585978569,0.658,0.513,1,"Not Significant"
"DHX29",0.0076755960495345,0.652076696579693,0.311,0.192,1,"Not Significant"
"KIAA0556",0.000844213298778619,0.652076696579693,0.233,0.098,1,"Not Significant"
"TXNDC5",0.0139391901740211,0.652076696579693,0.176,0.088,1,"Not Significant"
"SAFB2",0.0209884106537303,0.652076696579693,0.223,0.13,1,"Not Significant"
"SETDB1",0.0234233801400163,0.652076696579693,0.212,0.124,1,"Not Significant"
"SMC2",0.0257994159400134,0.652076696579693,0.109,0.047,1,"Not Significant"
"DUT",0.0364239123745714,0.652076696579693,0.192,0.114,1,"Not Significant"
"EIF4EBP2",0.0523109502170947,0.652076696579693,0.171,0.104,1,"Not Significant"
"CSNK2A2",0.0570488843879479,-0.652076696579693,0.269,0.347,1,"Not Significant"
"FBXL12",0.0646350286162282,0.652076696579693,0.104,0.052,1,"Not Significant"
"POM121C",0.0839665120490366,0.652076696579693,0.218,0.15,1,"Not Significant"
"NUDT9",0.0882850712586725,0.652076696579693,0.15,0.093,1,"Not Significant"
"CIPC",0.0981719595969631,0.652076696579693,0.104,0.057,1,"Not Significant"
"PNKP",0.104635316075389,0.652076696579693,0.135,0.083,1,"Not Significant"
"MZF1",0.155188141965117,0.652076696579693,0.145,0.098,1,"Not Significant"
"UBL5",0.678526444802811,-0.652076696579693,0.124,0.104,1,"Not Significant"
"SLC10A7",0.00410768610179656,0.652076696579693,0.415,0.269,1,"Not Significant"
"CHURC1",0.0085897894934183,0.652076696579693,0.269,0.155,1,"Not Significant"
"ANAPC7",0.00931911743055136,0.652076696579693,0.269,0.155,1,"Not Significant"
"FAN1",0.022348630500051,0.652076696579693,0.264,0.166,1,"Not Significant"
"EFL1",0.0791097449227538,0.652076696579693,0.249,0.181,1,"Not Significant"
"AP000829.1",0.586266088421928,0.652076696579693,0.171,0.155,1,"Not Significant"
"GNA12",0.662152526233939,-0.651363726443666,0.472,0.477,1,"Not Significant"
"OLA1",0.0011018664434835,0.651304995549852,0.601,0.477,1,"Not Significant"
"PICALM",0.000499407530331443,0.651288769175679,0.896,0.943,1,"Not Significant"
"VGLL4",0.00212058293139903,0.651271845768922,0.57,0.451,1,"Not Significant"
"SEC24A",0.0832092813287159,-0.650253960972875,0.301,0.363,1,"Not Significant"
"RUFY1",0.0012648825446581,0.649502752915867,0.326,0.181,1,"Not Significant"
"NAA50",0.223300807715234,0.649502752915867,0.254,0.212,1,"Not Significant"
"MIR924HG",0.0434964492467708,0.649092838140872,0.207,0.13,1,"Not Significant"
"ANXA11",0.00311749341387128,0.648834683887541,0.425,0.28,1,"Not Significant"
"ABHD5",0.0721657938718657,-0.648527629498622,0.124,0.187,1,"Not Significant"
"LRPPRC",0.00110857506901018,0.64815632720835,0.58,0.446,1,"Not Significant"
"SH3GLB1",0.000114568047782861,0.647698256069119,0.415,0.218,1,"Not Significant"
"RBM15",0.0609615276287929,0.647698256069119,0.181,0.114,1,"Not Significant"
"CSRP2",0.0794622167355391,0.647698256069119,0.135,0.078,1,"Not Significant"
"IVNS1ABP",0.39217351784177,-0.647698256069119,0.233,0.259,1,"Not Significant"
"ZNF507",0.124311244700092,-0.647118976783726,0.223,0.28,1,"Not Significant"
"SOCS6",0.0277800280959835,0.647118976783725,0.269,0.181,1,"Not Significant"
"SMARCAD1",0.000666359037588338,0.646890249864358,0.43,0.259,1,"Not Significant"
"HMGN1",0.00215834813563658,0.6463630453853,0.368,0.228,1,"Not Significant"
"ATG3",0.00948123264122581,0.6463630453853,0.275,0.161,1,"Not Significant"
"NUP188",0.0243585138500834,0.6463630453853,0.161,0.083,1,"Not Significant"
"SNU13",0.0404592447850277,0.6463630453853,0.145,0.078,1,"Not Significant"
"SRP68",0.0778104177368006,0.6463630453853,0.171,0.109,1,"Not Significant"
"SPEF2",0.160406373011032,0.6463630453853,0.104,0.062,1,"Not Significant"
"NAF1",0.461843176869464,-0.6463630453853,0.104,0.124,1,"Not Significant"
"STARD8",0.674909813452867,-0.6463630453853,0.093,0.104,1,"Not Significant"
"HBG1",0.83014829409434,-0.645716531800253,0.259,0.244,1,"Not Significant"
"CCND1",0.000613201946354834,0.645335118700638,0.207,0.078,1,"Not Significant"
"UFM1",0.00119794484047306,0.644905041177438,0.332,0.176,1,"Not Significant"
"SLC3A2",0.511452709168988,-0.644905041177438,0.228,0.244,1,"Not Significant"
"RAB11A",0.000268014704587184,0.643856189774725,0.518,0.332,1,"Not Significant"
"PDCD6IP",0.000763269103434312,0.643856189774725,0.622,0.518,1,"Not Significant"
"KRT18",0.00825336331368742,-0.643856189774725,0.212,0.332,1,"Not Significant"
"TMEM123",0.58570712858857,-0.643856189774725,0.197,0.207,1,"Not Significant"
"PRPF6",0.0352128009689925,0.643856189774724,0.207,0.124,1,"Not Significant"
"THAP4",0.0379892611371565,0.643856189774724,0.119,0.057,1,"Not Significant"
"WDR82",0.098666319701935,0.643856189774724,0.197,0.135,1,"Not Significant"
"REX1BD",0.0996879565929639,0.643856189774724,0.104,0.057,1,"Not Significant"
"ZNF845",0.103968318572345,-0.643856189774724,0.062,0.109,1,"Not Significant"
"CYCS",0.111984479929706,0.643856189774724,0.109,0.062,1,"Not Significant"
"FILNC1",0.00907675788640265,-0.642447995381916,0.073,0.161,1,"Not Significant"
"POLR1A",0.0100133487265215,0.641546029087524,0.181,0.088,1,"Not Significant"
"TNK2",0.0127859602123076,0.641546029087524,0.171,0.083,1,"Not Significant"
"GATB",0.0247075801779423,0.641546029087524,0.155,0.078,1,"Not Significant"
"DERL1",0.0784478810464919,0.641546029087524,0.171,0.109,1,"Not Significant"
"CCDC68",0.108628684895822,-0.641546029087524,0.093,0.145,1,"Not Significant"
"DNAJB9",0.256358127275393,-0.641546029087524,0.098,0.135,1,"Not Significant"
"IKZF5",0.260102820701446,-0.641546029087524,0.114,0.15,1,"Not Significant"
"SFMBT1",0.0391656687070411,0.64110557875869,0.363,0.275,1,"Not Significant"
"TMEM14B",0.00291036439194572,0.64045761331286,0.352,0.212,1,"Not Significant"
"FAM160B1",0.0826868399883352,-0.64045761331286,0.264,0.332,1,"Not Significant"
"NUP85",0.0145828952394207,0.64045761331286,0.218,0.119,1,"Not Significant"
"SH3BP5",0.033948211754384,0.640212361286619,0.394,0.285,1,"Not Significant"
"NBN",0.0053584875808866,0.637429920615292,0.264,0.145,1,"Not Significant"
"PTER",0.0567777300215287,0.637429920615292,0.166,0.098,1,"Not Significant"
"CSRP1",0.102755476444666,-0.637429920615292,0.104,0.161,1,"Not Significant"
"NFIL3",0.388535333382926,-0.637429920615292,0.114,0.14,1,"Not Significant"
"PNRC1",0.00371251703173563,0.637429920615292,0.316,0.181,1,"Not Significant"
"PUDP",0.204722447407739,-0.637429920615292,0.166,0.207,1,"Not Significant"
"PIGN",0.0100265081427793,0.637429920615292,0.466,0.352,1,"Not Significant"
"TRIM56",0.0153934948106335,0.637429920615292,0.228,0.13,1,"Not Significant"
"RTL8C",0.0690361484853898,0.637429920615292,0.109,0.057,1,"Not Significant"
"GRINA",0.0752436844504962,0.637429920615292,0.109,0.057,1,"Not Significant"
"TPRG1",0.0753522230138173,0.637429920615292,0.13,0.073,1,"Not Significant"
"LEMD2",0.125867743625906,0.637429920615292,0.119,0.073,1,"Not Significant"
"DAPK3",0.161529889366238,0.637429920615292,0.114,0.073,1,"Not Significant"
"EIF2S2",0.222545252431221,-0.636036685315426,0.249,0.29,1,"Not Significant"
"IPO9",0.0302885148372663,0.63584366972334,0.326,0.228,1,"Not Significant"
"URI1",0.00244546790895657,0.635367454158399,0.596,0.466,1,"Not Significant"
"VAMP8",0.745661407200177,-0.63523570720238,0.176,0.181,1,"Not Significant"
"STK38",0.000355705041747056,0.635003183220752,0.42,0.238,1,"Not Significant"
"DDX39B",0.000462014911782501,0.635003183220752,0.43,0.254,1,"Not Significant"
"RPL36",0.021961103889002,0.634715535918256,0.301,0.197,1,"Not Significant"
"SOD2",0.0171903949602896,0.633872101202103,0.29,0.187,1,"Not Significant"
"PRKAA1",0.0898806881559653,0.633872101202102,0.181,0.119,1,"Not Significant"
"FMR1",0.000227809692079794,-0.633217669328377,0.404,0.585,1,"Not Significant"
"MGAT1",0.0631881371306257,-0.632268215499513,0.218,0.295,1,"Not Significant"
"NMI",0.0198475648210527,0.632268215499513,0.135,0.062,1,"Not Significant"
"NCBP1",0.0889714794137448,0.632268215499513,0.218,0.15,1,"Not Significant"
"FIS1",0.230546427608079,-0.632268215499513,0.088,0.124,1,"Not Significant"
"CTBP1",0.0304270518301658,0.630766190334281,0.207,0.124,1,"Not Significant"
"PYROXD1",0.05467185872305,0.630766190334281,0.192,0.119,1,"Not Significant"
"MAP7D3",0.113293679716332,-0.630766190334281,0.124,0.181,1,"Not Significant"
"ERP44",0.0145460445904893,-0.630426532877529,0.503,0.57,1,"Not Significant"
"NDEL1",0.0734691095612799,-0.63035440353517,0.249,0.321,1,"Not Significant"
"INTS8",0.00966461472877496,0.630050390249694,0.264,0.15,1,"Not Significant"
"CEP135",0.0585822776169059,0.630050390249694,0.202,0.13,1,"Not Significant"
"DAB2IP",0.00770206996704668,-0.629631550054885,0.145,0.259,1,"Not Significant"
"CHCHD3",0.00212718020434594,0.629437129861761,0.658,0.56,1,"Not Significant"
"N4BP1",0.00962711688928109,0.628683878150474,0.528,0.43,1,"Not Significant"
"KIF5B",0.0204229152023934,-0.628031222613042,0.44,0.528,1,"Not Significant"
"DENND4C",0.000108039684684931,0.628031222613042,0.699,0.528,1,"Not Significant"
"NFATC2IP",0.00467129171805554,0.628031222613042,0.264,0.145,1,"Not Significant"
"MSH6",0.0691773724245192,0.628031222613042,0.155,0.093,1,"Not Significant"
"REXO1",0.54882518099713,-0.628031222613042,0.104,0.119,1,"Not Significant"
"EIF2AK2",0.000795735109705402,0.628031222613042,0.321,0.166,1,"Not Significant"
"DNAJC2",0.00252925178760117,0.628031222613042,0.223,0.104,1,"Not Significant"
"BAZ2A",0.00609339479425551,0.628031222613042,0.316,0.192,1,"Not Significant"
"ATR",0.0120257287362535,0.628031222613042,0.394,0.275,1,"Not Significant"
"RANBP2",0.136787479840639,-0.62760683812965,0.58,0.585,1,"Not Significant"
"CALM1",0.00109828244510671,-0.626846581757464,0.446,0.585,1,"Not Significant"
"CHD4",0.00148913021328607,0.626782676415783,0.342,0.192,1,"Not Significant"
"CLIC1",0.0042480811464363,0.626185163447669,0.238,0.119,1,"Not Significant"
"ZBTB43",0.0269097154125573,-0.626185163447669,0.161,0.249,1,"Not Significant"
"INVS",0.00221938532107795,0.625989768981211,0.653,0.57,1,"Not Significant"
"STAT1",0.0513555276759944,0.625604485218502,0.202,0.13,1,"Not Significant"
"HACE1",0.20731635924592,0.624788481214344,0.446,0.389,1,"Not Significant"
"FADS1",0.00482834537610058,0.624490864907794,0.14,0.052,1,"Not Significant"
"AC012409.2",0.156068830982103,0.624490864907794,0.109,0.067,1,"Not Significant"
"MTFR1",0.0135282701851643,-0.623851514114751,0.223,0.332,1,"Not Significant"
"MT-ND3",0.664223397818462,-0.623304702766458,0.622,0.585,1,"Not Significant"
"GLCE",0.0493686265067581,0.622195406920131,0.378,0.285,1,"Not Significant"
"PHF6",0.0077224916365976,0.62148837674627,0.187,0.088,1,"Not Significant"
"RRP7A",0.0878495073203944,0.62148837674627,0.176,0.114,1,"Not Significant"
"TNFAIP3",0.120100899552883,-0.62148837674627,0.098,0.15,1,"Not Significant"
"SNRPD1",0.739404955113754,-0.62148837674627,0.114,0.119,1,"Not Significant"
"SPIN1",0.000253226612774648,0.621144837027802,0.71,0.611,1,"Not Significant"
"USO1",5.61912810518618e-05,-0.62109628677487,0.518,0.699,1,"Not Significant"
"EPN2",0.0227693472497057,0.620807699667878,0.43,0.326,1,"Not Significant"
"SUCLG2",0.000175428521898493,0.620476787334095,0.694,0.57,1,"Not Significant"
"POLR2A",0.0125902017991637,0.619727918881833,0.249,0.145,1,"Not Significant"
"ZNF875",0.0283727807232469,0.619727918881833,0.264,0.171,1,"Not Significant"
"MIPEP",0.0883725566080813,0.619727918881833,0.212,0.145,1,"Not Significant"
"SYAP1",0.0244231036399956,0.618909832644494,0.187,0.104,1,"Not Significant"
"TES",0.0272968475412887,0.618909832644494,0.145,0.073,1,"Not Significant"
"TMED4",0.308101971798273,-0.618909832644494,0.114,0.145,1,"Not Significant"
"TMEM263",0.153081774100063,-0.618437205272244,0.264,0.311,1,"Not Significant"
"ZNF148",0.000115081912018635,0.617345674571959,0.788,0.72,1,"Not Significant"
"SMG6",0.000880566392208841,0.616671360448494,0.565,0.42,1,"Not Significant"
"ZNF410",0.0348742645258978,0.616671360448494,0.187,0.109,1,"Not Significant"
"POLD4",0.0731040197280447,0.616671360448494,0.109,0.057,1,"Not Significant"
"SNRNP27",0.0763969226384209,0.616671360448494,0.114,0.062,1,"Not Significant"
"MLH1",0.111919969758746,0.616671360448494,0.171,0.114,1,"Not Significant"
"MXD1",0.120340604196944,-0.616671360448494,0.181,0.238,1,"Not Significant"
"KLHL36",0.201650252229163,0.616671360448494,0.104,0.067,1,"Not Significant"
"ITFG1",8.29597421761438e-05,0.615960410555635,0.813,0.756,1,"Not Significant"
"TIMP1",0.017886966365625,-0.615659297944072,0.166,0.083,1,"Not Significant"
"IPO11",0.0446597635132258,0.615336149764675,0.249,0.166,1,"Not Significant"
"EXT2",0.0137464434416869,0.615336149764675,0.285,0.176,1,"Not Significant"
"ATXN2L",0.0157444263445619,0.615336149764675,0.285,0.176,1,"Not Significant"
"TMCO4",0.0984528580879754,-0.615336149764675,0.155,0.218,1,"Not Significant"
"ATG13",0.182956253590962,-0.615336149764675,0.197,0.244,1,"Not Significant"
"NUDT5",0.00673025861457054,0.614709844115208,0.212,0.109,1,"Not Significant"
"DNAJC17",0.0404127532333818,0.614709844115208,0.197,0.119,1,"Not Significant"
"TOMM70",0.0864361096409671,0.614709844115208,0.187,0.124,1,"Not Significant"
"TTC28",0.294432538180728,0.614203368757755,0.648,0.679,1,"Not Significant"
"ERLEC1",0.110267616955939,0.614108846380673,0.244,0.181,1,"Not Significant"
"RER1",0.150332301509274,-0.614108846380673,0.228,0.28,1,"Not Significant"
"PKD2",0.0191116288017105,0.613531652917927,0.389,0.285,1,"Not Significant"
"NDUFB11",0.0660135608652042,0.612976876890753,0.104,0.052,1,"Not Significant"
"PARP6",0.0946091346156319,0.612976876890753,0.104,0.057,1,"Not Significant"
"CPSF3",0.124470828905046,0.612976876890753,0.119,0.073,1,"Not Significant"
"CACYBP",0.166306735686452,0.612976876890753,0.114,0.073,1,"Not Significant"
"SEPTIN2",0.000113625147913957,0.612976876890753,0.699,0.523,1,"Not Significant"
"VTA1",0.0092401153622602,0.612976876890753,0.311,0.192,1,"Not Significant"
"ORMDL1",0.00954573990493802,0.612976876890753,0.275,0.161,1,"Not Significant"
"GIGYF1",0.294981779669825,-0.612976876890753,0.212,0.249,1,"Not Significant"
"MARK2",0.0084493654668281,-0.611929548321426,0.337,0.451,1,"Not Significant"
"KDSR",0.151684413202829,-0.611434712082347,0.15,0.202,1,"Not Significant"
"GAN",0.1794875521442,0.611434712082347,0.176,0.13,1,"Not Significant"
"S100A11",0.0172069865308278,-0.611146432524811,0.363,0.482,1,"Not Significant"
"TRAPPC9",7.12870667303157e-05,-0.610957709254101,0.648,0.824,1,"Not Significant"
"NUP54",0.0332180074944843,0.610957709254101,0.295,0.202,1,"Not Significant"
"PRRC1",0.00493284968371615,-0.610725596786238,0.238,0.368,1,"Not Significant"
"MAP2K2",0.0187396390753173,0.610053481683987,0.223,0.124,1,"Not Significant"
"TTF1",0.071504006390293,0.610053481683987,0.13,0.073,1,"Not Significant"
"ZNF394",0.132226728393468,0.610053481683987,0.124,0.078,1,"Not Significant"
"CWC25",0.182110738845235,0.610053481683987,0.124,0.083,1,"Not Significant"
"SH2B1",0.651702264615058,-0.610053481683987,0.093,0.104,1,"Not Significant"
"PNN",0.00224520265559902,0.610053481683986,0.337,0.192,1,"Not Significant"
"VAPB",0.0215442193577688,0.610053481683986,0.301,0.202,1,"Not Significant"
"SNX10",0.101899329122425,-0.609415544445695,0.264,0.326,1,"Not Significant"
"CCNY",0.00102605106221511,0.608809242675524,0.699,0.601,1,"Not Significant"
"ECD",0.00552080466847703,0.608809242675524,0.254,0.135,1,"Not Significant"
"BLCAP",0.0193657988411251,0.608809242675524,0.233,0.14,1,"Not Significant"
"GOLGA5",0.0505030558354562,-0.608421473545145,0.238,0.311,1,"Not Significant"
"SH3RF1",0.00311992608350944,0.608421473545145,0.534,0.425,1,"Not Significant"
"OBI1",0.0569328265774129,0.60768257722124,0.14,0.078,1,"Not Significant"
"ALKBH1",0.0595376232026766,0.60768257722124,0.14,0.078,1,"Not Significant"
"ARL14EP",0.112659634156416,0.60768257722124,0.14,0.088,1,"Not Significant"
"AC091045.1",0.236529925044816,0.60768257722124,0.124,0.088,1,"Not Significant"
"NIPA2",0.0113624173428595,0.60768257722124,0.254,0.145,1,"Not Significant"
"VPS13A",0.0147683973449624,0.606178986630852,0.363,0.254,1,"Not Significant"
"ARIH2",0.0180457617081232,0.605721060887954,0.321,0.218,1,"Not Significant"
"TTC37",0.00137272158868249,0.605721060887954,0.585,0.425,1,"Not Significant"
"HIF1A-AS3",0.00267379848047134,0.605721060887954,0.238,0.114,1,"Not Significant"
"BHLHE40",0.103051297941192,-0.605721060887954,0.078,0.13,1,"Not Significant"
"CAB39L",0.142484191239315,0.605721060887954,0.135,0.088,1,"Not Significant"
"C16orf58",0.265708947512088,-0.605721060887954,0.109,0.145,1,"Not Significant"
"PPIP5K1",0.319099174213487,-0.605721060887954,0.104,0.135,1,"Not Significant"
"SRRM2",0.00232205404345135,-0.605721060887954,0.57,0.705,1,"Not Significant"
"FOCAD",0.0326839991732733,0.605721060887954,0.435,0.342,1,"Not Significant"
"HP1BP3",0.000214612194369582,-0.605543378143608,0.684,0.772,1,"Not Significant"
"RLF",0.000492370836740653,0.605282485100752,0.482,0.306,1,"Not Significant"
"AKAP11",0.0103797881953975,0.604071323668861,0.29,0.176,1,"Not Significant"
"TRAP1",0.0735000474980239,0.604071323668861,0.161,0.098,1,"Not Significant"
"PRCC",0.0781379917737376,0.604071323668861,0.166,0.104,1,"Not Significant"
"CDKN1C",0.407807013306564,0.6032633174641,0.435,0.43,1,"Not Significant"
"ZBED5",0.0160303325967384,0.602664502454615,0.171,0.083,1,"Not Significant"
"STYX",0.0321687037814927,0.602664502454615,0.15,0.078,1,"Not Significant"
"MRPL33",0.0472666877692155,0.602664502454615,0.176,0.104,1,"Not Significant"
"RDH11",0.128613694271844,0.602664502454615,0.155,0.104,1,"Not Significant"
"ARL1",0.73031283088285,-0.602664502454615,0.13,0.135,1,"Not Significant"
"RBM27",0.00488975732919545,0.601450623509725,0.358,0.218,1,"Not Significant"
"LSG1",0.0172807275351516,0.601450623509725,0.187,0.098,1,"Not Significant"
"BRD9",0.01900583645522,0.601450623509725,0.192,0.104,1,"Not Significant"
"CCT8",0.176321152749842,0.601450623509725,0.171,0.124,1,"Not Significant"
"DDI2",0.0472388217732496,-0.601082166084433,0.311,0.399,1,"Not Significant"
"PRPF40A",0.00230278479074603,0.600644122953426,0.544,0.404,1,"Not Significant"
"TAF1D",0.00174228968262733,0.600392541290762,0.446,0.301,1,"Not Significant"
"FANCM",0.0230834556100021,0.600392541290762,0.197,0.109,1,"Not Significant"
"FBXO8",0.0419251492007525,0.600392541290762,0.187,0.109,1,"Not Significant"
"SUCLG1",0.128108752773545,0.600392541290762,0.187,0.13,1,"Not Significant"
"ITPRIP",0.195004512021034,-0.600392541290762,0.119,0.166,1,"Not Significant"
"FAM98A",0.469692374393072,-0.600392541290762,0.135,0.155,1,"Not Significant"
"PLCE1",0.693370769557056,-0.600392541290762,0.114,0.124,1,"Not Significant"
"UBAP2L",0.0109951855890654,0.599912842187128,0.347,0.228,1,"Not Significant"
"DOCK9",0.000229603007976091,-0.599246726727404,0.207,0.383,1,"Not Significant"
"MAPKBP1",0.0788895765497505,0.598637437618232,0.171,0.109,1,"Not Significant"
"SLC25A25",0.235324557941496,-0.598637437618232,0.145,0.187,1,"Not Significant"
"ACO1",0.418394389344527,-0.598637437618232,0.145,0.171,1,"Not Significant"
"NUFIP2",0.00028330335145958,-0.598312054380176,0.627,0.793,1,"Not Significant"
"XAGE2",0.292126014656758,-0.597901556428654,0.114,0.15,1,"Not Significant"
"CLCN7",0.0135245796139909,0.597240830499593,0.249,0.145,1,"Not Significant"
"ENOSF1",0.00030039565844028,-0.596935142387232,0.461,0.627,1,"Not Significant"
"PCYT1A",0.00555402935710003,0.596644305768792,0.259,0.14,1,"Not Significant"
"SRSF6",0.0760735398127885,-0.596644305768791,0.264,0.352,1,"Not Significant"
"BIRC2",0.0115126150011431,0.596103058326357,0.269,0.161,1,"Not Significant"
"DEPDC5",0.0839778063161841,0.596103058326357,0.233,0.166,1,"Not Significant"
"IL7",0.0989628470756889,-0.596103058326357,0.135,0.192,1,"Not Significant"
"SLC38A10",0.0289391935479684,0.595609744920665,0.259,0.166,1,"Not Significant"
"LINC00630",0.139956616840587,0.595609744920665,0.233,0.176,1,"Not Significant"
"PFKL",0.115287788758419,-0.595158267827045,0.192,0.254,1,"Not Significant"
"TSTD3",0.0594259468064942,0.594743521513741,0.264,0.187,1,"Not Significant"
"VPS35L",0.0138200570802391,0.594361198723406,0.456,0.352,1,"Not Significant"
"STARD13-AS",0.048428271239377,0.594361198723406,0.254,0.166,1,"Not Significant"
"LYRM4",0.0666506650665084,0.594361198723406,0.259,0.181,1,"Not Significant"
"FASTKD1",0.00219547520786014,0.594007640324163,0.295,0.161,1,"Not Significant"
"FUBP1",0.00751528652430891,0.594007640324163,0.487,0.373,1,"Not Significant"
"MRPL1",0.0139867067716325,0.594007640324163,0.285,0.176,1,"Not Significant"
"RNF2",0.0254650277066498,0.594007640324163,0.29,0.192,1,"Not Significant"
"PCOLCE2",0.031719642294632,-0.593679717822265,0.119,0.202,1,"Not Significant"
"UBE2V1",0.0672421345953896,0.593374740537356,0.29,0.212,1,"Not Significant"
"SERINC3",0.968572208950375,-0.592575684831032,0.269,0.244,1,"Not Significant"
"TNRC6A",6.79718751716915e-05,0.591194454432671,0.741,0.585,1,"Not Significant"
"PRDX6",0.0194060991281961,-0.590887334678262,0.249,0.358,1,"Not Significant"
"TARBP1",0.0494147644943443,0.59023744276183,0.42,0.342,1,"Not Significant"
"YTHDF3",0.00163372281895122,0.588744141263583,0.57,0.43,1,"Not Significant"
"CFLAR",0.000758864127059415,0.588143747965836,0.565,0.399,1,"Not Significant"
"ANO6",0.00227602068181024,0.58735304814615,0.679,0.56,1,"Not Significant"
"ASXL3",0.000926492997394064,-0.584962500721157,0.078,0.197,1,"Not Significant"
"GNL2",0.0182658613109274,0.584962500721157,0.166,0.083,1,"Not Significant"
"YWHAH",0.0388344467216737,0.584962500721157,0.155,0.083,1,"Not Significant"
"MRPS35",0.0587667193896217,0.584962500721157,0.166,0.098,1,"Not Significant"
"RSPH3",0.109499954353164,0.584962500721157,0.155,0.098,1,"Not Significant"
"CYB561A3",0.145776785895719,0.584962500721157,0.104,0.062,1,"Not Significant"
"LRSAM1",0.14776083523351,0.584962500721157,0.171,0.119,1,"Not Significant"
"HLCS",0.00251902153911843,-0.584962500721156,0.342,0.492,1,"Not Significant"
"DNAJC9",0.00299829714677187,0.584962500721156,0.207,0.093,1,"Not Significant"
"CARM1",0.00315503253703357,0.584962500721156,0.249,0.124,1,"Not Significant"
"EIF2S3",0.0269259203633178,0.584962500721156,0.29,0.192,1,"Not Significant"
"TMEM62",0.0315258303727702,0.584962500721156,0.244,0.155,1,"Not Significant"
"KIAA1671",0.083821479164603,0.584962500721156,0.176,0.114,1,"Not Significant"
"DNAH14",0.236737958930987,-0.584962500721156,0.223,0.259,1,"Not Significant"
"CLN3",0.284070163724506,-0.584962500721156,0.166,0.202,1,"Not Significant"
"SCAP",0.527883717377422,-0.584962500721156,0.207,0.218,1,"Not Significant"
"NSD2",0.00071081429197177,0.584962500721156,0.326,0.166,1,"Not Significant"
"GNAI2",0.00425384996386519,0.584962500721156,0.342,0.197,1,"Not Significant"
"DYNC2H1",0.00847350712360236,0.584962500721156,0.368,0.238,1,"Not Significant"
"LMAN1",0.0127709161873206,-0.584962500721156,0.394,0.497,1,"Not Significant"
"LINC01409",0.00463370743373895,0.584962500721156,0.207,0.098,1,"Not Significant"
"EIF3M",0.00984141123216157,0.584962500721156,0.238,0.13,1,"Not Significant"
"ZBTB25",0.0122367679016364,0.584962500721156,0.171,0.083,1,"Not Significant"
"CASP8AP2",0.0127850132914081,0.584962500721156,0.238,0.135,1,"Not Significant"
"CYB5R3",0.0230897022431559,0.584962500721156,0.155,0.078,1,"Not Significant"
"SLC35A1",0.0262519349049727,0.584962500721156,0.187,0.104,1,"Not Significant"
"EDRF1",0.0279992754694903,0.584962500721156,0.161,0.083,1,"Not Significant"
"KLHL20",0.0358385169467476,0.584962500721156,0.29,0.197,1,"Not Significant"
"NFYA",0.0377261202565419,0.584962500721156,0.14,0.073,1,"Not Significant"
"ALG10B",0.0541925533568208,0.584962500721156,0.114,0.057,1,"Not Significant"
"COG4",0.0595430205896619,0.584962500721156,0.166,0.098,1,"Not Significant"
"ABHD16A",0.0606440465491306,0.584962500721156,0.124,0.067,1,"Not Significant"
"MRRF",0.0619383996393693,0.584962500721156,0.207,0.135,1,"Not Significant"
"ERGIC3",0.070881062519791,0.584962500721156,0.187,0.119,1,"Not Significant"
"HNRNPUL2",0.0747928414828892,0.584962500721156,0.135,0.078,1,"Not Significant"
"ZNF263",0.0841106367646059,0.584962500721156,0.119,0.067,1,"Not Significant"
"VPS13B-DT",0.126533910696423,0.584962500721156,0.119,0.073,1,"Not Significant"
"MAN2C1",0.133453192649952,0.584962500721156,0.124,0.078,1,"Not Significant"
"PTGES2",0.147025962323858,0.584962500721156,0.104,0.062,1,"Not Significant"
"TWSG1",0.155670885769092,-0.584962500721156,0.155,0.207,1,"Not Significant"
"RALGDS",0.156064538980904,0.584962500721156,0.109,0.067,1,"Not Significant"
"USP38",0.176671992742041,0.584962500721156,0.119,0.078,1,"Not Significant"
"NPIPB4",0.18119607563313,0.584962500721156,0.192,0.145,1,"Not Significant"
"PPIH",0.204072092935023,0.584962500721156,0.104,0.067,1,"Not Significant"
"LY6E",0.283685336825027,0.584962500721156,0.109,0.078,1,"Not Significant"
"RPIA",0.326890169274681,-0.584962500721156,0.114,0.145,1,"Not Significant"
"KIAA0513",0.365119980149989,-0.584962500721156,0.078,0.104,1,"Not Significant"
"RAB11B",0.371485062847582,-0.584962500721156,0.093,0.119,1,"Not Significant"
"CERS4",0.416021915278844,-0.584962500721156,0.124,0.15,1,"Not Significant"
"PPIL2",0.417249792573262,-0.584962500721156,0.207,0.233,1,"Not Significant"
"STT3A",0.62800099468433,-0.584962500721156,0.145,0.155,1,"Not Significant"
"RORA",0.678120940854473,0.584962500721156,0.223,0.254,1,"Not Significant"
"PRDX2",0.942948763511883,-0.584962500721156,0.104,0.098,1,"Not Significant"
"RNF146",0.046612141276838,0.584962500721156,0.233,0.15,1,"Not Significant"
"DPM1",0.789385220330647,-0.584962500721156,0.207,0.202,1,"Not Significant"
"SEM1",0.0574322590180832,-0.580915667658454,0.368,0.446,1,"Not Significant"
"ATAD2B",0.00784387483398065,-0.580502852530456,0.606,0.694,1,"Not Significant"
"TMBIM4",0.00691101115750774,0.579891511173734,0.446,0.301,1,"Not Significant"
"MTX2",0.00296784779973569,0.579782261615476,0.43,0.275,1,"Not Significant"
"MCL1",0.0105638232136569,0.578862301184738,0.373,0.249,1,"Not Significant"
"RALA",0.0238868587975371,0.578536231561723,0.321,0.218,1,"Not Significant"
"ANTXR2",0.00112947634655463,0.578449193762482,0.466,0.332,1,"Not Significant"
"EIF5",0.00594544632448939,0.57797607040505,0.321,0.192,1,"Not Significant"
"ORC2",0.226314345231829,-0.577766999316952,0.238,0.28,1,"Not Significant"
"UBE2D2",0.0507533534536855,-0.577545029158673,0.456,0.508,1,"Not Significant"
"VKORC1L1",0.0255717070667147,0.57705730263581,0.301,0.197,1,"Not Significant"
"MSH3",0.0273843787084578,0.57705730263581,0.461,0.373,1,"Not Significant"
"SLC25A3",0.0547113895341784,0.576788569275456,0.259,0.176,1,"Not Significant"
"CALR",0.190466522465744,-0.576788569275456,0.326,0.373,1,"Not Significant"
"BDP1",0.000526308511845143,0.575860293613904,0.492,0.316,1,"Not Significant"
"PHACTR2",0.0214765500460785,0.575323708453445,0.741,0.876,1,"Not Significant"
"SHPRH",0.00214409487226216,0.575312330687437,0.497,0.337,1,"Not Significant"
"MRPS27",0.0621416183821834,0.575114714764809,0.249,0.171,1,"Not Significant"
"STX18",0.00859136830781268,0.574908836057233,0.399,0.285,1,"Not Significant"
"APTX",0.0565182410584149,0.574694165267329,0.259,0.171,1,"Not Significant"
"PRDM2",0.0186776080767775,0.573466861883327,0.404,0.295,1,"Not Significant"
"SUMF1",6.26901643545062e-05,0.573374526445944,0.679,0.534,1,"Not Significant"
"RND3",0.0989669935038035,0.573185332944803,0.145,0.088,1,"Not Significant"
"KANSL3",0.232096386279417,-0.573185332944803,0.311,0.347,1,"Not Significant"
"FAM126B",0.15474091125679,-0.572578776265324,0.306,0.363,1,"Not Significant"
"ABL2",0.00256389001532299,0.57190634789571,0.363,0.218,1,"Not Significant"
"ATIC",0.195561046639933,-0.57190634789571,0.15,0.197,1,"Not Significant"
"BTG3",0.405995926125561,-0.57190634789571,0.124,0.15,1,"Not Significant"
"ARCN1",0.596105782989773,-0.57190634789571,0.171,0.181,1,"Not Significant"
"UQCRH",0.927920443964302,-0.57190634789571,0.155,0.15,1,"Not Significant"
"OGA",0.000131256198274387,0.571466658236933,0.689,0.549,1,"Not Significant"
"DAZAP2",0.0301350482803428,0.571156701196126,0.218,0.13,1,"Not Significant"
"TOR1AIP1",0.0120815857208657,0.570315724756755,0.202,0.109,1,"Not Significant"
"CYREN",0.033415742909205,0.570315724756755,0.181,0.104,1,"Not Significant"
"KPNA2",0.0132627882301106,0.569365645670138,0.155,0.073,1,"Not Significant"
"ZNF529",0.0339894986449946,0.569365645670138,0.187,0.109,1,"Not Significant"
"RNF14",0.0919400764123761,0.569365645670138,0.187,0.124,1,"Not Significant"
"ZBED4",0.151773982913201,0.569365645670138,0.171,0.119,1,"Not Significant"
"ARPC1B",0.000312594479094193,0.568660688392056,0.399,0.218,1,"Not Significant"
"SGCE",0.0219499360492182,-0.568283759574526,0.249,0.352,1,"Not Significant"
"YIPF4",0.0248032721780035,-0.568283759574526,0.295,0.394,1,"Not Significant"
"SLC7A1",0.0742090858363366,-0.568283759574526,0.078,0.135,1,"Not Significant"
"GPAT4",0.0829137223314973,0.568283759574526,0.181,0.119,1,"Not Significant"
"RANGAP1",0.311809715073918,-0.568283759574526,0.135,0.166,1,"Not Significant"
"NPIPB5",0.00539223379566513,0.567475073992315,0.42,0.28,1,"Not Significant"
"MALSU1",0.161387813634214,0.567040592723894,0.145,0.098,1,"Not Significant"
"SP1",0.407239072535098,-0.567040592723894,0.207,0.228,1,"Not Significant"
"PKP2",0.907347694122045,0.566583971406302,0.233,0.249,1,"Not Significant"
"USP3",0.00418757263816096,-0.566346822553809,0.554,0.653,1,"Not Significant"
"SPAST",0.0296668174693267,0.566346822553809,0.285,0.187,1,"Not Significant"
"NAGLU",0.0432803134014911,0.565597175854225,0.171,0.098,1,"Not Significant"
"ACBD5",0.0546234166699788,0.565597175854225,0.155,0.088,1,"Not Significant"
"POLD3",0.0743132452490992,0.565597175854225,0.155,0.093,1,"Not Significant"
"NDUFA9",0.116037859411343,0.565597175854225,0.14,0.088,1,"Not Significant"
"INTS11",0.203653605499418,-0.565597175854225,0.104,0.145,1,"Not Significant"
"RFX3",0.000988860325996902,0.565597175854225,0.503,0.342,1,"Not Significant"
"GPATCH2",0.00544960576811866,0.565597175854225,0.554,0.435,1,"Not Significant"
"SHOC2",9.20750942481107e-05,0.565597175854225,0.549,0.342,1,"Not Significant"
"GPBP1",0.00173909588035323,-0.565062943283451,0.663,0.746,1,"Not Significant"
"SLC35F5",0.00282914076918607,0.564952539989662,0.518,0.389,1,"Not Significant"
"MOB4",0.0594770302222168,0.563900885193326,0.259,0.176,1,"Not Significant"
"MMADHC",0.06255801581467,0.563900885193326,0.145,0.083,1,"Not Significant"
"IER3",0.313096453976273,0.563900885193326,0.124,0.093,1,"Not Significant"
"VPS28",0.0257212721755659,0.563900885193326,0.155,0.078,1,"Not Significant"
"PKNOX1",0.0255953341624942,-0.563429339171515,0.311,0.409,1,"Not Significant"
"AC097376.3",0.00624693701456604,-0.563136138267978,0.29,0.435,1,"Not Significant"
"CHST11",0.0630558249703322,0.562419932070068,0.617,0.601,1,"Not Significant"
"GORASP2",0.0815654514079494,-0.561878887608115,0.218,0.29,1,"Not Significant"
"VPS26B",0.0515313889236086,0.561878887608115,0.13,0.067,1,"Not Significant"
"ARPC5L",0.0534651011618105,0.561878887608115,0.135,0.073,1,"Not Significant"
"TIPRL",0.0570232672205096,0.561878887608115,0.119,0.062,1,"Not Significant"
"METTL4",0.392799476506541,0.561878887608115,0.109,0.083,1,"Not Significant"
"PIBF1",0.00129215288930724,-0.56146879805422,0.585,0.705,1,"Not Significant"
"TBC1D22A",0.00158354011049585,0.561227851928796,0.756,0.679,1,"Not Significant"
"ATP1A1",9.97349687540294e-05,0.561115758766789,0.311,0.13,1,"Not Significant"
"C16orf72",0.0140969245838317,0.560714954474479,0.244,0.14,1,"Not Significant"
"JMY",0.0809863460996858,-0.560714954474479,0.14,0.207,1,"Not Significant"
"MT-ND2",0.478411282125653,-0.55978393772516,0.565,0.565,1,"Not Significant"
"STARD7",0.00192410401515153,0.559427408614019,0.244,0.114,1,"Not Significant"
"FBXO46",0.124361415944867,-0.559427408614019,0.073,0.119,1,"Not Significant"
"BECN1",0.170374241190867,0.559427408614019,0.114,0.073,1,"Not Significant"
"BEX3",0.335551538336387,-0.559427408614019,0.114,0.145,1,"Not Significant"
"TMX2",0.460762474068285,0.559427408614019,0.104,0.083,1,"Not Significant"
"ZNF326",0.0152627648109998,0.558490289359965,0.311,0.197,1,"Not Significant"
"ZNF720",0.0515269339649234,0.558490289359965,0.301,0.212,1,"Not Significant"
"MKNK2",0.0107833032559787,0.557995453120887,0.218,0.114,1,"Not Significant"
"NELFA",0.0827006108056162,0.557995453120887,0.207,0.14,1,"Not Significant"
"GLRX3",0.0864742860628056,0.557481764299049,0.295,0.223,1,"Not Significant"
"CSF2RA",0.1076200535932,-0.557481764299049,0.187,0.249,1,"Not Significant"
"ZFC3H1",0.022869221165011,0.557481764299049,0.601,0.539,1,"Not Significant"
"SKP1",0.868734624033386,-0.557217510238252,0.29,0.275,1,"Not Significant"
"FNBP1",0.00265891552960604,0.556811460407007,0.518,0.363,1,"Not Significant"
"SMIM7",0.00463846648445109,0.556393348524385,0.223,0.109,1,"Not Significant"
"CFAP44",0.0324883517988129,0.556393348524385,0.207,0.124,1,"Not Significant"
"GTF2A1",0.0583578477271157,-0.556393348524385,0.176,0.259,1,"Not Significant"
"CARS",0.0643367821337557,0.556393348524385,0.212,0.14,1,"Not Significant"
"TMCO3",0.172787668832752,0.556393348524385,0.187,0.135,1,"Not Significant"
"LONP1",0.181093456631228,-0.556393348524385,0.14,0.187,1,"Not Significant"
"NHS",0.398145033302477,0.556393348524385,0.15,0.187,1,"Not Significant"
"APOLD1",0.431064892995947,0.556393348524385,0.124,0.098,1,"Not Significant"
"USP12",0.0188783693633351,0.555697906215962,0.358,0.249,1,"Not Significant"
"AL158152.1",0.0427049670413235,0.555215157327104,0.275,0.187,1,"Not Significant"
"KIAA0232",0.00116020167946632,-0.554735713289297,0.528,0.679,1,"Not Significant"
"FAM20B",0.0590204220196734,0.554588851677637,0.192,0.119,1,"Not Significant"
"ATP5MF",0.829482361823713,-0.554588851677637,0.13,0.114,1,"Not Significant"
"KPNB1",0.00805949987250945,0.554312287880971,0.477,0.358,1,"Not Significant"
"UBTD2",0.447206824051178,0.553935605100532,0.192,0.166,1,"Not Significant"
"ZFYVE16",0.00625946492866959,0.553484269247988,0.565,0.461,1,"Not Significant"
"ZDHHC14",0.024752309808524,0.552782094972006,0.617,0.57,1,"Not Significant"
"G3BP2",0.0156939460933272,0.552541023028779,0.321,0.207,1,"Not Significant"
"UBE2N",0.0359692579171072,0.552541023028779,0.301,0.207,1,"Not Significant"
"CYB5B",0.0823857498982191,0.552541023028779,0.228,0.161,1,"Not Significant"
"CEBPB",0.0529467378408931,-0.552541023028779,0.311,0.389,1,"Not Significant"
"AIMP2",0.0675551832832166,0.552541023028779,0.104,0.052,1,"Not Significant"
"PFKFB4",0.127479682712187,0.552541023028779,0.155,0.104,1,"Not Significant"
"RNF41",0.147988451906226,0.552541023028779,0.104,0.062,1,"Not Significant"
"MTRNR2L12",0.222227919518613,-0.551331722839876,0.383,0.42,1,"Not Significant"
"LIMS1",0.0346400624882472,0.55113762307289,0.544,0.466,1,"Not Significant"
"TMEM50B",0.0247782254292832,0.55019708256048,0.181,0.098,1,"Not Significant"
"ZC3H4",0.0526681795358266,0.55019708256048,0.181,0.109,1,"Not Significant"
"NDUFB7",0.0594556594746494,0.55019708256048,0.14,0.078,1,"Not Significant"
"PHRF1",0.0645203781832441,0.55019708256048,0.176,0.109,1,"Not Significant"
"AC068282.1",0.0913020034594271,0.55019708256048,0.171,0.109,1,"Not Significant"
"BCAP31",0.160831642929029,0.55019708256048,0.15,0.104,1,"Not Significant"
"CAMTA1",0.0147972561212778,0.549687025973626,0.326,0.212,1,"Not Significant"
"VTI1A",0.0157546812234407,0.548802837425738,0.803,0.767,1,"Not Significant"
"NFE2L2",0.00132434298923436,0.547487795302493,0.528,0.358,1,"Not Significant"
"ARRDC3",0.0845047102213849,-0.547487795302493,0.378,0.43,1,"Not Significant"
"AC079142.1",0.23959680474858,0.547487795302493,0.161,0.119,1,"Not Significant"
"AL117336.2",0.179325545375202,0.547487795302493,0.155,0.109,1,"Not Significant"
"SLK",0.780162605376008,-0.546488352906521,0.28,0.269,1,"Not Significant"
"FRA10AC1",0.0158111964291873,0.545968369105293,0.269,0.166,1,"Not Significant"
"COX10",0.0204383352928448,0.545968369105293,0.249,0.155,1,"Not Significant"
"C22orf34",0.0328462913548242,-0.545434136534519,0.083,0.155,1,"Not Significant"
"ZNF790-AS1",0.547822234443828,-0.545434136534519,0.161,0.176,1,"Not Significant"
"WARS2-AS1",0.159256984542862,0.54432051622381,0.29,0.233,1,"Not Significant"
"CHMP4A",0.0306076811893928,0.54432051622381,0.15,0.078,1,"Not Significant"
"TMX4",0.0588727009407184,0.54432051622381,0.135,0.073,1,"Not Significant"
"MPHOSPH10",0.207399876867135,0.54432051622381,0.14,0.098,1,"Not Significant"
"DNAJC21",0.380656060140247,-0.54432051622381,0.197,0.223,1,"Not Significant"
"YBX1",0.00108337469253531,0.54382380592767,0.347,0.187,1,"Not Significant"
"MAU2",0.310847602196431,-0.543621705340257,0.233,0.264,1,"Not Significant"
"NFX1",0.0172212885331831,0.543443231282889,0.415,0.295,1,"Not Significant"
"NOP53",0.00170471396484466,0.543142325026529,0.207,0.088,1,"Not Significant"
"NAPG",0.00623430643909098,0.543142325026529,0.378,0.238,1,"Not Significant"
"AP1G1",0.0285217050252189,0.542149417182183,0.497,0.404,1,"Not Significant"
"ATG12",0.440396244306861,-0.542149417182183,0.238,0.259,1,"Not Significant"
"POR",0.0761974259528262,-0.54189377882927,0.249,0.321,1,"Not Significant"
"TOGARAM1",0.00201187661506704,0.541709302767272,0.363,0.212,1,"Not Significant"
"ZNF217",0.0161873308861366,0.541709302767272,0.373,0.264,1,"Not Significant"
"PDS5A",0.000351609538569193,-0.540869916537986,0.715,0.834,1,"Not Significant"
"RP2",0.0810237050099019,0.540568381362703,0.14,0.083,1,"Not Significant"
"INTS3",0.154780494909817,0.540568381362703,0.14,0.093,1,"Not Significant"
"AP001011.1",0.0781022326426144,0.540568381362703,0.233,0.161,1,"Not Significant"
"LINC01088",0.0356367822269252,-0.540568381362703,0.078,0.145,1,"Not Significant"
"TMED7",0.0422291674446845,0.540568381362703,0.218,0.135,1,"Not Significant"
"GARS",0.163534998318755,0.540568381362703,0.192,0.14,1,"Not Significant"
"SAMD4B",0.0297870826782923,0.540568381362702,0.311,0.212,1,"Not Significant"
"SNX19",0.272960179276761,-0.540568381362702,0.238,0.275,1,"Not Significant"
"TBC1D23",0.0696216019038105,0.539638510211666,0.404,0.326,1,"Not Significant"
"RAB3GAP1",0.0235516022535006,-0.539235227064027,0.549,0.642,1,"Not Significant"
"POM121",0.0312339035036676,0.539158811108031,0.337,0.238,1,"Not Significant"
"OSBP",0.146951368148699,-0.539158811108031,0.259,0.311,1,"Not Significant"
"KTN1",0.000132919097077483,0.538668848447221,0.674,0.513,1,"Not Significant"
"PPP4R3A",0.238170254031683,-0.538419914784126,0.477,0.497,1,"Not Significant"
"SLC13A3",0.137564144513172,-0.538419914784126,0.078,0.124,1,"Not Significant"
"MAPK8",0.101054957276785,-0.5376567859428,0.461,0.518,1,"Not Significant"
"WRNIP1",0.0375570295537146,0.537656785942799,0.181,0.104,1,"Not Significant"
"ATAD2",0.130610329666557,0.537656785942799,0.119,0.073,1,"Not Significant"
"GPCPD1",0.000414282028072531,0.537174601766891,0.575,0.394,1,"Not Significant"
"ARHGAP10",0.0654640677789371,0.536666943680375,0.44,0.368,1,"Not Significant"
"KDM5A",0.00893337872836543,0.536432606793497,0.554,0.451,1,"Not Significant"
"PDIA3",0.0351120785881855,-0.536382320276095,0.415,0.513,1,"Not Significant"
"TUFM",0.0155637385127862,0.53605290024021,0.14,0.062,1,"Not Significant"
"MPC2",0.0393718403454475,0.53605290024021,0.119,0.057,1,"Not Significant"
"MTRR",0.241934459110946,0.53605290024021,0.124,0.088,1,"Not Significant"
"SEC24C",0.248615913764919,0.53605290024021,0.13,0.093,1,"Not Significant"
"FAM214A",0.441794319266273,-0.535209465524057,0.389,0.394,1,"Not Significant"
"GDI2",0.000921922752638851,0.535037275389474,0.43,0.264,1,"Not Significant"
"ATP2A2",0.00871941342160111,0.535037275389474,0.425,0.295,1,"Not Significant"
"PLAC1",0.414814084641821,0.534877269284847,0.166,0.145,1,"Not Significant"
"PDS5B",0.00109264827530596,0.534513478033798,0.642,0.513,1,"Not Significant"
"GMFB",0.00665722689300517,0.534336427651188,0.176,0.078,1,"Not Significant"
"UBTF",0.0883339653013149,0.534336427651188,0.171,0.109,1,"Not Significant"
"AC027097.2",0.183080205269933,0.534336427651188,0.155,0.109,1,"Not Significant"
"UPF3A",0.0125815908905823,0.534336427651188,0.301,0.187,1,"Not Significant"
"HOOK3",0.0138903788414229,-0.533978572002351,0.585,0.663,1,"Not Significant"
"RAB5C",0.000143102630170396,0.533823651729355,0.373,0.192,1,"Not Significant"
"PVT1",0.000258699189797744,0.533823651729355,0.197,0.067,1,"Not Significant"
"COTL1",0.0996938293547362,-0.533615620720936,0.352,0.404,1,"Not Significant"
"COG7",0.035153980112592,0.533432200081074,0.233,0.145,1,"Not Significant"
"ZNF814",0.0753004383392621,0.533432200081074,0.228,0.155,1,"Not Significant"
"TMSB10",0.000112126549122687,0.53317995861861,0.513,0.311,1,"Not Significant"
"RBM17",0.00978574448536538,0.532873989572702,0.269,0.155,1,"Not Significant"
"PDIA5",0.382785189194202,0.532873989572702,0.207,0.176,1,"Not Significant"
"SPOPL",0.0188911403424274,0.532221038649183,0.311,0.207,1,"Not Significant"
"NID1",0.240476466657648,0.532221038649183,0.181,0.14,1,"Not Significant"
"COX7A2L",0.0214036550653157,0.53051471669878,0.161,0.083,1,"Not Significant"
"TRAPPC1",0.0719735102036264,0.53051471669878,0.109,0.057,1,"Not Significant"
"ACTN1",0.0911628786546109,0.53051471669878,0.223,0.155,1,"Not Significant"
"GGA3",0.114165156724615,0.53051471669878,0.171,0.114,1,"Not Significant"
"ZMAT2",0.115538496919295,0.53051471669878,0.109,0.062,1,"Not Significant"
"ZNF565",0.128501356997084,0.53051471669878,0.15,0.098,1,"Not Significant"
"POLL",0.367914070453583,0.53051471669878,0.109,0.083,1,"Not Significant"
"RPA2",0.46013054802266,-0.53051471669878,0.083,0.104,1,"Not Significant"
"UQCR11",0.677177081640286,-0.53051471669878,0.114,0.124,1,"Not Significant"
"SSU72",0.900572161276662,-0.53051471669878,0.114,0.114,1,"Not Significant"
"AC002463.1",0.000865966147400994,0.53051471669878,0.275,0.13,1,"Not Significant"
"NME2",0.00353637102539334,0.53051471669878,0.212,0.098,1,"Not Significant"
"UNK",0.00968346015319048,0.53051471669878,0.337,0.212,1,"Not Significant"
"TAMM41",0.0165884390505969,0.53051471669878,0.264,0.161,1,"Not Significant"
"LRIG2",0.132573951153633,0.53051471669878,0.244,0.187,1,"Not Significant"
"IPMK",0.0558639507385349,0.529253068134868,0.368,0.285,1,"Not Significant"
"ARF1",0.00196856588813376,0.529109265987639,0.373,0.218,1,"Not Significant"
"TTC19",0.0132807283780642,0.528694281074411,0.316,0.197,1,"Not Significant"
"STMN1",0.00653572856234363,0.527247002864869,0.181,0.083,1,"Not Significant"
"DBI",0.0373907027950095,0.527247002864869,0.155,0.083,1,"Not Significant"
"HBS1L",0.0506777895737393,0.527247002864869,0.321,0.233,1,"Not Significant"
"STX12",0.0623385308094711,0.527247002864869,0.321,0.238,1,"Not Significant"
"OXR1",0.102211375770128,0.5268283247364,0.503,0.482,1,"Not Significant"
"ZNF644",0.00431996019293539,0.526598338207168,0.699,0.632,1,"Not Significant"
"PHF21A",0.0251013063446111,0.526484035455427,0.585,0.528,1,"Not Significant"
"CCL3",0.000104065395943387,0.526068811667588,0.124,0.021,1,"Not Significant"
"JTB",0.138106912545216,0.526068811667588,0.155,0.104,1,"Not Significant"
"RPL4",0.00484742240074045,0.525628361338754,0.326,0.197,1,"Not Significant"
"PDSS2",0.00267241475654952,0.525373704431356,0.617,0.482,1,"Not Significant"
"NAV1",0.082076503105975,0.525256254596888,0.456,0.383,1,"Not Significant"
"NT5DC1",0.0583046465744639,0.525091044743758,0.394,0.301,1,"Not Significant"
"OXSR1",0.0871904233459414,0.524420958786105,0.332,0.254,1,"Not Significant"
"TMEM161B-AS1",0.0172879779070847,0.524266569033602,0.373,0.254,1,"Not Significant"
"KDM5B",0.103598499491442,-0.523561956057013,0.285,0.347,1,"Not Significant"
"PDHX",0.0106891100846973,0.523561956057013,0.342,0.223,1,"Not Significant"
"PPP1CC",0.0531109915929209,0.523561956057013,0.187,0.114,1,"Not Significant"
"SMARCD1",0.06640139458184,0.523561956057013,0.104,0.052,1,"Not Significant"
"HAGH",0.0763984336890595,0.523561956057013,0.109,0.057,1,"Not Significant"
"CTR9",0.118695787238973,0.523561956057013,0.187,0.13,1,"Not Significant"
"ERLIN1",0.271731552961575,-0.523561956057013,0.119,0.155,1,"Not Significant"
"RPTOR",0.0142474922705885,0.523034751577954,0.492,0.383,1,"Not Significant"
"CCNL1",0.00606082811403213,0.522840788813359,0.653,0.534,1,"Not Significant"
"ZBTB44",0.0975226041675907,-0.522678222466814,0.223,0.295,1,"Not Significant"
"DNAJA1",0.0217806975813162,0.522421034652443,0.275,0.171,1,"Not Significant"
"RPS27L",0.000856165351955364,0.521952703195355,0.223,0.093,1,"Not Significant"
"KIN",0.0172353533771867,0.521952703195355,0.223,0.13,1,"Not Significant"
"SARS",0.740676038419112,-0.521952703195355,0.155,0.161,1,"Not Significant"
"TMED9",0.930038792152095,-0.521952703195355,0.161,0.155,1,"Not Significant"
"PUS7",0.0611588334084037,0.520832163301441,0.15,0.088,1,"Not Significant"
"RAB13",0.0926282853100274,0.520832163301441,0.119,0.067,1,"Not Significant"
"CREBBP",0.000243353590604044,0.520832163301441,0.694,0.56,1,"Not Significant"
"ATG10",0.0686965627304722,0.520256811333341,0.497,0.44,1,"Not Significant"
"NUP153",0.017644544541512,-0.519867472499271,0.44,0.528,1,"Not Significant"
"MMP14",0.0194998007569683,0.519374159093579,0.166,0.083,1,"Not Significant"
"EPHB4",0.0238035719175179,-0.519374159093579,0.083,0.161,1,"Not Significant"
"ACBD6",0.000204367878233485,-0.51916044232541,0.642,0.803,1,"Not Significant"
"ELL",0.104543368944465,-0.518873310263384,0.249,0.316,1,"Not Significant"
"VPS26C",0.0518579696425028,0.518467088934249,0.223,0.145,1,"Not Significant"
"BABAM2",0.00475025772456518,0.51834821652114,0.658,0.565,1,"Not Significant"
"TBC1D2B",0.115427512922512,-0.518031492602169,0.425,0.466,1,"Not Significant"
"KLHL2",0.0557855845567673,0.517399216908522,0.259,0.176,1,"Not Significant"
"CNOT10",0.116075358708912,0.517399216908522,0.264,0.197,1,"Not Significant"
"MIR4435-2HG",0.0184334552319231,-0.515588797680494,0.295,0.409,1,"Not Significant"
"DDX21",0.0047160548003174,0.514573172829758,0.316,0.187,1,"Not Significant"
"METTL2B",0.0396742635159044,0.514573172829758,0.171,0.098,1,"Not Significant"
"LEPROTL1",0.0494791278453735,0.514573172829758,0.176,0.104,1,"Not Significant"
"MBD4",0.0895414999815703,0.514573172829758,0.166,0.104,1,"Not Significant"
"C1D",0.103414591978493,0.514573172829758,0.155,0.098,1,"Not Significant"
"C18orf54",0.163162455334605,-0.514573172829758,0.104,0.15,1,"Not Significant"
"PEX7",0.399891104339922,-0.514573172829758,0.109,0.135,1,"Not Significant"
"TBC1D22B",0.505779141825082,0.514573172829758,0.145,0.124,1,"Not Significant"
"SARAF",0.0121107444229542,0.514573172829758,0.311,0.197,1,"Not Significant"
"MYH9",0.0373721217149309,0.514573172829758,0.487,0.415,1,"Not Significant"
"MIGA1",0.0157031745272299,0.514573172829758,0.358,0.238,1,"Not Significant"
"ST3GAL3",0.0168581007673236,0.514573172829758,0.326,0.212,1,"Not Significant"
"DYNC1LI1",0.0193364049920167,0.514573172829758,0.212,0.119,1,"Not Significant"
"FXYD5",0.0286528449082203,0.514573172829758,0.13,0.062,1,"Not Significant"
"LINC02326",0.245544403676945,-0.514573172829758,0.083,0.119,1,"Not Significant"
"PLCXD1",0.302976547844192,-0.514573172829758,0.088,0.119,1,"Not Significant"
"GCSH",0.463090766730609,0.514573172829758,0.104,0.083,1,"Not Significant"
"SEPHS1",0.466366838236506,-0.514573172829758,0.098,0.119,1,"Not Significant"
"WDTC1",0.484141626710458,-0.514573172829758,0.176,0.197,1,"Not Significant"
"SGK1",0.911056472641731,-0.514573172829758,0.187,0.181,1,"Not Significant"
"EIF2AK1",0.984500468533163,-0.514573172829758,0.161,0.155,1,"Not Significant"
"MT-CYB",0.308834290404045,-0.513931261788739,0.585,0.632,1,"Not Significant"
"FHIT",0.422057029098159,0.51342223934958,0.694,0.782,1,"Not Significant"
"ECHDC1",0.00118374468422991,0.512951255805768,0.425,0.254,1,"Not Significant"
"SRSF7",0.00851557227995233,0.512450000936788,0.326,0.212,1,"Not Significant"
"VEZT",0.00240375665573449,-0.511899038531433,0.487,0.601,1,"Not Significant"
"TIMMDC1",0.0811361935916876,-0.511899038531433,0.212,0.29,1,"Not Significant"
"SIAH2",0.10210160049271,-0.511899038531433,0.202,0.269,1,"Not Significant"
"MARCH6",0.0115255821045421,0.511645823078236,0.58,0.487,1,"Not Significant"
"WDSUB1",0.100005043131627,-0.510961919277379,0.285,0.352,1,"Not Significant"
"MAGT1",0.0604162220252013,0.510961919277379,0.228,0.15,1,"Not Significant"
"GANAB",0.257273965725907,-0.510961919277379,0.14,0.181,1,"Not Significant"
"INTS9",0.00729590997804198,0.510194732319184,0.202,0.098,1,"Not Significant"
"ALDH18A1",0.300406544207864,-0.510194732319184,0.14,0.176,1,"Not Significant"
"ZYX",0.037975989821515,0.509013647487857,0.14,0.073,1,"Not Significant"
"EXOSC10",0.0546095270032571,0.509013647487857,0.161,0.093,1,"Not Significant"
"IGDCC4",0.387489558115342,0.509013647487857,0.124,0.098,1,"Not Significant"
"RABL6",0.531032230088929,-0.509013647487857,0.197,0.212,1,"Not Significant"
"STYXL1",0.0981908018950154,-0.508146903670325,0.192,0.259,1,"Not Significant"
"NUB1",0.749254678542899,-0.508146903670325,0.176,0.181,1,"Not Significant"
"NEDD8",0.936174770477916,-0.508146903670325,0.181,0.176,1,"Not Significant"
"RPS29",0.811709792920432,-0.508000518906272,0.378,0.358,1,"Not Significant"
"STARD13",0.843680589267309,0.50753752877599,0.71,0.834,1,"Not Significant"
"LRP1",0.00326074825377744,0.506959988719883,0.415,0.275,1,"Not Significant"
"SENP5",0.00102642930918812,0.506959988719883,0.492,0.326,1,"Not Significant"
"MRPS5",0.039590509792,0.506959988719883,0.207,0.13,1,"Not Significant"
"CIZ1",0.0753736399930404,0.506959988719883,0.13,0.073,1,"Not Significant"
"PSME4",0.0190844834757996,0.506667974744412,0.642,0.565,1,"Not Significant"
"AMMECR1",0.007451263913932,-0.50635266602479,0.244,0.373,1,"Not Significant"
"CDC73",0.0199705535710329,0.506279151028678,0.575,0.503,1,"Not Significant"
"DNASE1",0.166540822963803,-0.505890929729957,0.192,0.249,1,"Not Significant"
"FAM192A",0.668476575643165,-0.505890929729957,0.233,0.238,1,"Not Significant"
"PDXDC1",0.00819884233452564,-0.505235308250422,0.606,0.674,1,"Not Significant"
"DYNLT1",0.0437769137154348,0.505235308250422,0.187,0.109,1,"Not Significant"
"LMBRD1",0.0674500496600661,0.505235308250422,0.363,0.285,1,"Not Significant"
"TERF2",0.0981107779544127,0.505235308250422,0.181,0.119,1,"Not Significant"
"TOMM7",0.621574762769357,-0.505235308250422,0.145,0.119,1,"Not Significant"
"CRAMP1",0.080164675562546,0.504472582860789,0.244,0.171,1,"Not Significant"
"CPD",0.302142637169479,-0.504042505337589,0.218,0.249,1,"Not Significant"
"PTPRF",0.000831619979202148,0.503766417873175,0.202,0.383,1,"Not Significant"
"ANAPC10",0.0127162096150186,0.503574173880501,0.347,0.228,1,"Not Significant"
"PARN",0.0355524766817475,0.503432615224558,0.383,0.29,1,"Not Significant"
"MTG1",0.00512536196506201,0.502500340529183,0.228,0.114,1,"Not Significant"
"CENPC",0.00484820760218881,0.502500340529183,0.383,0.238,1,"Not Significant"
"PRR13",0.0407401184842231,0.502500340529183,0.14,0.073,1,"Not Significant"
"LINC01687",0.0512435881194632,-0.502500340529183,0.109,0.181,1,"Not Significant"
"PSMD5",0.153563647095208,0.502500340529183,0.135,0.088,1,"Not Significant"
"AP3M1",0.494569362751018,0.502500340529183,0.124,0.104,1,"Not Significant"
"PDHA1",0.583826427298125,-0.502500340529183,0.119,0.135,1,"Not Significant"
"SNRNP200",0.000427335860480253,0.500898235932682,0.301,0.14,1,"Not Significant"
"RARS",0.0182408770353003,0.500898235932682,0.295,0.187,1,"Not Significant"
"PLAG1",0.148385042630719,0.500898235932682,0.249,0.192,1,"Not Significant"
"ATF7IP",0.00230013275110384,0.500525398344125,0.705,0.617,1,"Not Significant"
"CEP295",0.00274267448750007,0.500428990509489,0.233,0.109,1,"Not Significant"
"MOSPD2",0.0100999428849621,0.500428990509489,0.233,0.124,1,"Not Significant"
"OGDH",0.10836225487884,-0.500428990509488,0.415,0.456,1,"Not Significant"
"ADH5",0.100074712384128,0.499571009490511,0.155,0.098,1,"Not Significant"
"INPP5B",0.00882215589488186,0.498805856971442,0.275,0.155,1,"Not Significant"
"CFL1",0.000205921487760501,0.498026863949875,0.383,0.187,1,"Not Significant"
"CAMSAP1",0.0299464995454105,0.497499659470817,0.192,0.109,1,"Not Significant"
"LINC00667",0.0568552279436727,0.497499659470817,0.114,0.057,1,"Not Significant"
"RBM18",0.152453864793197,0.497499659470817,0.104,0.062,1,"Not Significant"
"TAF8",0.161874779056009,0.497499659470817,0.109,0.067,1,"Not Significant"
"ZNF266",0.220621683044453,0.497499659470817,0.109,0.073,1,"Not Significant"
"RBM5",0.00274513019573078,0.497499659470817,0.518,0.363,1,"Not Significant"
"UBN2",0.03024061060704,0.497499659470817,0.399,0.295,1,"Not Significant"
"AC061958.1",0.0112830914641629,0.496831590442491,0.238,0.135,1,"Not Significant"
"NOP58",0.0295593048203641,0.496425826119499,0.28,0.181,1,"Not Significant"
"HNRNPUL1",0.111807035203489,0.496425826119499,0.275,0.207,1,"Not Significant"
"BTF3",0.882992851387307,-0.496425826119499,0.176,0.176,1,"Not Significant"
"ZNF652",0.0405185703698994,0.496233582126825,0.389,0.295,1,"Not Significant"
"SPINT2",0.0958345131297445,-0.495957494662411,0.124,0.187,1,"Not Significant"
"MLH3",0.0311553990197493,0.495527417139212,0.316,0.212,1,"Not Significant"
"SUZ12",0.0148273732935824,0.495527417139212,0.503,0.394,1,"Not Significant"
"GIPC1",0.06765698210334,0.494764691749578,0.145,0.083,1,"Not Significant"
"ZADH2",0.082338491485915,0.494764691749578,0.114,0.062,1,"Not Significant"
"TRIM66",0.0916808164682789,0.494764691749578,0.244,0.171,1,"Not Significant"
"ZBTB40",0.112060421873006,0.494764691749578,0.223,0.161,1,"Not Significant"
"AK3",0.148902134239257,-0.494764691749578,0.223,0.28,1,"Not Significant"
"SIRT2",0.203174769545872,0.494764691749578,0.135,0.093,1,"Not Significant"
"SS18L1",0.265770216136148,0.494764691749578,0.135,0.098,1,"Not Significant"
"TIMM17A",0.46852986876008,-0.494764691749578,0.098,0.119,1,"Not Significant"
"FBXL17",0.0265632749522334,0.494654667342212,0.813,0.819,1,"Not Significant"
"TSC22D1",0.543524933259288,0.49455783892237,0.492,0.528,1,"Not Significant"
"CLASRP",0.0104768763163593,0.493814612662961,0.28,0.166,1,"Not Significant"
"DNAJB6",0.136830783167668,-0.493408562831716,0.363,0.43,1,"Not Significant"
"MIER1",0.00711012720374534,0.493040011280117,0.451,0.316,1,"Not Significant"
"FBRSL1",0.0203840365129643,0.493040011280117,0.187,0.098,1,"Not Significant"
"CLK4",0.0224938325302569,0.493040011280117,0.145,0.073,1,"Not Significant"
"ALG14",0.119793380546305,0.493040011280117,0.14,0.088,1,"Not Significant"
"CATSPER2",0.176544703922458,0.493040011280117,0.15,0.104,1,"Not Significant"
"MACF1",0.000881934952922274,0.491492827869596,0.938,0.917,1,"Not Significant"
"NDUFV2",0.0146138534118548,0.491388385408959,0.347,0.228,1,"Not Significant"
"CD2AP",0.00905515017204834,-0.491248065898962,0.311,0.435,1,"Not Significant"
"SNAPC3",0.0238760684101697,0.490986352512142,0.228,0.135,1,"Not Significant"
"D2HGDH",0.0801246547966658,0.490986352512142,0.202,0.135,1,"Not Significant"
"USP8",0.0123551939802711,0.490747159103505,0.477,0.347,1,"Not Significant"
"DDX46",0.0443229488867777,0.490635118173003,0.352,0.259,1,"Not Significant"
"SZT2",0.0401926285210183,0.490325626583081,0.244,0.155,1,"Not Significant"
"TMEM245",0.00306022573202853,0.490050853695689,0.378,0.233,1,"Not Significant"
"TM9SF3",0.0176929828791371,-0.489146713307356,0.497,0.606,1,"Not Significant"
"SF1",0.0152815693397419,0.489038080722621,0.508,0.394,1,"Not Significant"
"ACAD11",0.00482901608339786,0.48903808072262,0.249,0.13,1,"Not Significant"
"BCAP29",0.566561629236317,-0.487549999063212,0.373,0.363,1,"Not Significant"
"TRAPPC10",0.0161301025871666,0.487351704094734,0.44,0.326,1,"Not Significant"
"CREM",0.163533390667975,-0.487048744194232,0.378,0.415,1,"Not Significant"
"DENND5B",0.0128946914308426,0.48693041776063,0.409,0.275,1,"Not Significant"
"GAB2",0.0376476971231971,0.486860680235981,0.782,0.777,1,"Not Significant"
"PPIB",0.148551983737631,-0.486828182346854,0.337,0.394,1,"Not Significant"
"SWAP70",0.0474851961645702,0.486660427109352,0.57,0.523,1,"Not Significant"
"HERC4",0.0028246943346462,0.485980751170477,0.793,0.736,1,"Not Significant"
"PGD",0.0118264946654055,0.485426827170242,0.145,0.062,1,"Not Significant"
"ACLY",0.0226258725289739,0.485426827170242,0.181,0.098,1,"Not Significant"
"AP2S1",0.050780120917467,0.485426827170242,0.176,0.104,1,"Not Significant"
"AUP1",0.131709894444287,0.485426827170242,0.145,0.093,1,"Not Significant"
"PRPSAP2",0.136753408075389,0.485426827170242,0.155,0.104,1,"Not Significant"
"USP49",0.184128108853968,0.485426827170242,0.15,0.104,1,"Not Significant"
"SLC8B1",0.265777686395752,0.485426827170242,0.135,0.098,1,"Not Significant"
"HOMER1",0.54959195019745,0.485426827170242,0.145,0.124,1,"Not Significant"
"RCOR3",0.0124470589672493,0.485426827170242,0.544,0.435,1,"Not Significant"
"LGALS1",0.000899210633513031,0.485426827170242,0.301,0.145,1,"Not Significant"
"SLC30A6",0.306718084536207,-0.485426827170242,0.249,0.285,1,"Not Significant"
"CDC14A",0.0502978056859846,0.485426827170242,0.389,0.295,1,"Not Significant"
"TYMP",0.000304623327317381,0.485426827170242,0.192,0.062,1,"Not Significant"
"MIDN",0.0043095296855121,0.485426827170242,0.228,0.109,1,"Not Significant"
"TTC1",0.0172355587968133,0.485426827170242,0.244,0.14,1,"Not Significant"
"IVD",0.0432937448140245,0.485426827170242,0.13,0.067,1,"Not Significant"
"SFI1",0.0787086632547132,0.485426827170242,0.135,0.078,1,"Not Significant"
"SIDT2",0.141203418107274,0.485426827170242,0.124,0.078,1,"Not Significant"
"KMT2B",0.141203418107274,0.485426827170242,0.124,0.078,1,"Not Significant"
"USP14",0.00134241917015579,0.483209001920423,0.425,0.254,1,"Not Significant"
"TRAPPC8",0.010707885715838,0.482941563780648,0.611,0.503,1,"Not Significant"
"SLC30A7",0.127745057288358,-0.482500467057583,0.456,0.477,1,"Not Significant"
"CXCL14",0.104292335188253,0.482392767080609,0.311,0.244,1,"Not Significant"
"GON4L",0.00596241897439981,0.482392767080609,0.352,0.218,1,"Not Significant"
"CUL1",0.0150625847978271,-0.481763613079657,0.513,0.622,1,"Not Significant"
"IP6K2",0.0233863879726328,0.481532911065751,0.269,0.171,1,"Not Significant"
"LIN54",0.0572795690543225,0.480625840906421,0.233,0.15,1,"Not Significant"
"ADNP2",0.0591126487330736,0.480625840906421,0.233,0.155,1,"Not Significant"
"H1FX",0.00114131126286264,0.479992941119614,0.202,0.083,1,"Not Significant"
"ZCCHC10",0.0294307038158459,0.479992941119614,0.218,0.13,1,"Not Significant"
"TRIT1",0.124188386541098,0.479992941119614,0.197,0.14,1,"Not Significant"
"STIM2",0.149222948827004,0.479992941119614,0.181,0.13,1,"Not Significant"
"SH3KBP1",0.17708267398027,0.479807754669082,0.446,0.389,1,"Not Significant"
"CHFR",0.000405536546042075,0.479609500574928,0.394,0.207,1,"Not Significant"
"MTRNR2L8",0.759771680675003,-0.47916783669856,0.109,0.114,1,"Not Significant"
"DENND10",0.515080108512337,-0.479167836698559,0.155,0.176,1,"Not Significant"
"TUBB",9.61905449517863e-05,0.478834149859813,0.326,0.14,1,"Not Significant"
"WDFY1",0.018208574323868,0.478653598574815,0.311,0.197,1,"Not Significant"
"CCT2",0.0109047668869959,0.478047296804645,0.181,0.088,1,"Not Significant"
"TDP1",0.187490103512469,0.478047296804645,0.161,0.114,1,"Not Significant"
"DDX42",0.0140640511622895,0.478047296804644,0.285,0.171,1,"Not Significant"
"EIF2A",0.111614955238862,0.478047296804644,0.28,0.212,1,"Not Significant"
"MGAT5",0.355032416196844,0.47798384398468,0.699,0.772,1,"Not Significant"
"CTDSPL",0.0904364980539364,-0.477701534061015,0.306,0.378,1,"Not Significant"
"SCAF4",0.00692398155928779,0.477578965347557,0.383,0.254,1,"Not Significant"
"LRBA",0.000418801263230384,-0.477459999812659,0.741,0.865,1,"Not Significant"
"DYNLRB1",0.107850702892125,0.476438043942987,0.13,0.078,1,"Not Significant"
"ZNF701",0.413164311767638,0.476438043942987,0.13,0.104,1,"Not Significant"
"CFD",0.0209274682471212,0.476438043942987,0.166,0.083,1,"Not Significant"
"AFG3L2",0.0230917419735936,0.476438043942987,0.269,0.166,1,"Not Significant"
"DYNC1I2",0.00192440765401671,0.475579041213894,0.472,0.316,1,"Not Significant"
"MBTD1",0.138042418948816,-0.475158491716415,0.394,0.466,1,"Not Significant"
"PNKD",0.0387366435217757,0.473931188332412,0.197,0.119,1,"Not Significant"
"DUSP3",0.0830328342697746,0.473931188332412,0.187,0.119,1,"Not Significant"
"GTPBP4",0.439429204642134,-0.473931188332412,0.161,0.187,1,"Not Significant"
"LINC01355",0.460681456032401,0.473931188332412,0.104,0.083,1,"Not Significant"
"COX6B1",0.634996772055654,-0.473931188332412,0.15,0.124,1,"Not Significant"
"UBE2G1",0.0544135589347048,0.473370809595171,0.394,0.316,1,"Not Significant"
"SRP19",0.109418264249163,-0.472752997135131,0.176,0.238,1,"Not Significant"
"DSC2",0.449632270557682,0.472752997135131,0.207,0.181,1,"Not Significant"
"NMT1",0.00485806918296908,0.472068444315223,0.332,0.192,1,"Not Significant"
"AGGF1",0.0125834212227622,0.472068444315223,0.187,0.093,1,"Not Significant"
"DGCR8",0.154409884583996,-0.472068444315223,0.119,0.171,1,"Not Significant"
"LSM12",0.240578615758597,0.472068444315223,0.166,0.124,1,"Not Significant"
"TPM4",0.00459363915915836,0.471697666867567,0.549,0.404,1,"Not Significant"
"SRGAP2",0.00103543763279255,0.47145080818411,0.596,0.425,1,"Not Significant"
"HOOK2",0.201779736955469,-0.471305718925589,0.187,0.238,1,"Not Significant"
"PPP4R1",0.0459319492100157,-0.471142601163994,0.472,0.539,1,"Not Significant"
"PLD3",0.000464477572605819,0.471071534193172,0.43,0.244,1,"Not Significant"
"FUBP3",0.178563592109732,-0.471071534193172,0.347,0.409,1,"Not Significant"
"MCCC2",0.092566355583064,-0.470890734012361,0.207,0.28,1,"Not Significant"
"NCEH1",0.0138839872481113,0.470629825242161,0.326,0.202,1,"Not Significant"
"FAM168B",0.281721841473388,-0.470629825242161,0.28,0.316,1,"Not Significant"
"TRIM44",0.012111082927631,0.470142098719298,0.503,0.373,1,"Not Significant"
"VAPA",0.0221593532735653,0.469983021805688,0.575,0.472,1,"Not Significant"
"HNRNPD",0.00656354485894716,-0.46948528330122,0.622,0.725,1,"Not Significant"
"AMOT",0.0431928410571828,-0.46948528330122,0.067,0.13,1,"Not Significant"
"ASH2L",0.112655953204507,0.46948528330122,0.192,0.13,1,"Not Significant"
"AC027018.1",0.197786697050111,0.46948528330122,0.13,0.088,1,"Not Significant"
"CEBPA",0.583372909265263,-0.46948528330122,0.114,0.13,1,"Not Significant"
"DNMT3A",0.33561303704683,-0.468996482672831,0.497,0.487,1,"Not Significant"
"TIAL1",0.0603856689421585,0.468386923871777,0.373,0.28,1,"Not Significant"
"TXNDC11",0.0507711194625374,0.468148835738406,0.306,0.212,1,"Not Significant"
"NFKBIA",0.0633008965135636,0.468148835738406,0.244,0.166,1,"Not Significant"
"RPS6KB1",0.0391868025779625,0.467778961350817,0.259,0.171,1,"Not Significant"
"PDPK1",0.644298487624785,-0.467778961350817,0.218,0.228,1,"Not Significant"
"ARF6",0.0201396933780085,0.467126010427298,0.187,0.098,1,"Not Significant"
"ZDHHC2",0.0374340846345082,0.467126010427298,0.202,0.119,1,"Not Significant"
"SNRPA1",0.0704793253756673,0.467126010427298,0.207,0.135,1,"Not Significant"
"CNOT7",0.0939786065534811,0.467126010427298,0.197,0.135,1,"Not Significant"
"C1S",0.338751500445974,0.467126010427298,0.155,0.119,1,"Not Significant"
"ZNF586",0.530878708746232,-0.466781074372842,0.332,0.332,1,"Not Significant"
"YLPM1",0.0208346111692191,0.466567799918926,0.456,0.352,1,"Not Significant"
"DNAJC3",0.0257645821664374,0.466085104869236,0.451,0.347,1,"Not Significant"
"HSP90AA1",0.0502328168575089,-0.465851288833481,0.56,0.637,1,"Not Significant"
"PDIA6",0.0772120448154264,0.465663572348812,0.301,0.223,1,"Not Significant"
"NARS",0.0108972501753021,0.465663572348812,0.212,0.109,1,"Not Significant"
"RBAK",0.0492759824067936,0.465663572348812,0.13,0.067,1,"Not Significant"
"NDUFA12",0.0770166166887488,0.465663572348812,0.135,0.078,1,"Not Significant"
"WDR89",0.151205142286235,0.465663572348812,0.13,0.083,1,"Not Significant"
"PI4K2B",0.360904922151288,-0.465663572348812,0.166,0.197,1,"Not Significant"
"AC138150.1",0.38930707464446,-0.465663572348812,0.093,0.119,1,"Not Significant"
"RUFY3",0.00462424193915366,0.465122730715153,0.378,0.228,1,"Not Significant"
"PRKD3",0.0062855752580744,0.465122730715153,0.368,0.223,1,"Not Significant"
"C1orf21",0.0925823811527777,-0.46394709975979,0.306,0.389,1,"Not Significant"
"TBK1",0.0632626984591459,-0.46394709975979,0.373,0.435,1,"Not Significant"
"SUMO1",0.0238965928022719,0.462971976342546,0.218,0.124,1,"Not Significant"
"IFT74",0.0305288943743658,0.462971976342546,0.187,0.104,1,"Not Significant"
"RCN1",0.0955428417201038,-0.462971976342546,0.119,0.181,1,"Not Significant"
"KRT7",0.141380986267766,0.461904104316818,0.114,0.176,1,"Not Significant"
"SERINC1",0.00785918434879102,0.461580085215874,0.311,0.187,1,"Not Significant"
"DNAJC5",0.0851963886099614,0.460729589971713,0.383,0.301,1,"Not Significant"
"AKAP9",0.0139222438896269,-0.46044795896879,0.72,0.756,1,"Not Significant"
"ATXN2",0.00531828695048684,-0.459835113267501,0.725,0.834,1,"Not Significant"
"WRN",0.00587714574428012,0.459431618637297,0.477,0.332,1,"Not Significant"
"SF3B2",0.0457095464746016,0.459431618637297,0.218,0.135,1,"Not Significant"
"GDI1",0.0935230863959604,0.459431618637297,0.145,0.088,1,"Not Significant"
"RBM4",0.157279268413152,-0.459431618637297,0.228,0.295,1,"Not Significant"
"JOSD1",0.165765144245706,0.459431618637297,0.14,0.093,1,"Not Significant"
"ZNF337-AS1",0.496663458860755,-0.459431618637297,0.104,0.124,1,"Not Significant"
"AC005261.1",0.790593798965627,-0.459431618637297,0.119,0.124,1,"Not Significant"
"ZDHHC21",0.00297235848282535,0.459431618637297,0.627,0.513,1,"Not Significant"
"ENY2",0.0437796109606223,0.459431618637297,0.192,0.114,1,"Not Significant"
"RAB2B",0.106364533379944,0.459431618637297,0.104,0.057,1,"Not Significant"
"CDK11B",0.153452292011675,0.459431618637297,0.104,0.062,1,"Not Significant"
"ATN1",0.21284153358248,0.459431618637297,0.104,0.067,1,"Not Significant"
"SCARB2",0.0100846160580049,0.45810622117073,0.43,0.301,1,"Not Significant"
"EEF1D",0.748930853737732,-0.457989644463391,0.301,0.306,1,"Not Significant"
"TAPT1",0.100089695568179,-0.45747276559924,0.264,0.332,1,"Not Significant"
"EIF3J",0.017319566371077,0.457206953522784,0.306,0.192,1,"Not Significant"
"SF3B3",0.0475963559229674,0.456857674973471,0.29,0.202,1,"Not Significant"
"PHF2",0.482187109852415,-0.456857674973471,0.207,0.233,1,"Not Significant"
"SUN1",0.00697364076557803,0.456378294659743,0.285,0.161,1,"Not Significant"
"ZNF84",0.0304158485167607,0.456378294659743,0.244,0.15,1,"Not Significant"
"MED6",0.766342262528541,-0.456378294659743,0.176,0.181,1,"Not Significant"
"ANP32A",0.0290006763562397,0.456064767538899,0.347,0.244,1,"Not Significant"
"EMP3",0.010489125180827,0.45567948377619,0.176,0.083,1,"Not Significant"
"APOOL",0.0528032696587205,0.45567948377619,0.207,0.13,1,"Not Significant"
"LRRC41",0.1149219287797,0.45567948377619,0.192,0.13,1,"Not Significant"
"IQCH-AS1",0.517193873553929,-0.45567948377619,0.155,0.176,1,"Not Significant"
"SELENOF",0.0218043514947016,0.455369593314062,0.425,0.301,1,"Not Significant"
"CTNNA1",0.000751747592439934,-0.454683303739134,0.736,0.834,1,"Not Significant"
"SLC35B4",0.0601748391617343,0.454565863465481,0.166,0.098,1,"Not Significant"
"EXOC7",0.0876615476680114,0.454565863465481,0.161,0.098,1,"Not Significant"
"BRF1",0.775024697037603,-0.454565863465481,0.13,0.135,1,"Not Significant"
"OAZ1",0.623900040831643,-0.454565863465481,0.295,0.249,1,"Not Significant"
"ABHD18",0.0926920127178222,0.454031630894707,0.321,0.238,1,"Not Significant"
"SPG7",0.0126585122642894,0.453365617937943,0.347,0.218,1,"Not Significant"
"CEP57",0.0230565324522395,0.453365617937943,0.301,0.197,1,"Not Significant"
"ANAPC5",0.0598861585065681,0.453365617937943,0.326,0.233,1,"Not Significant"
"ARGLU1",0.0832872448256353,0.453005349477864,0.674,0.653,1,"Not Significant"
"ZWILCH",0.0472261800301012,0.452512204697507,0.109,0.052,1,"Not Significant"
"ENOPH1",0.183902263297617,0.452512204697507,0.119,0.078,1,"Not Significant"
"MICAL1",0.234762965968105,0.452512204697507,0.114,0.078,1,"Not Significant"
"VPS52",0.238968184989697,0.452512204697507,0.114,0.078,1,"Not Significant"
"TIMM9",0.301311037942997,0.452512204697507,0.109,0.078,1,"Not Significant"
"LMBRD2",0.0147716073913846,0.452512204697507,0.223,0.124,1,"Not Significant"
"AC104389.5",0.688192343976502,-0.452512204697507,0.135,0.145,1,"Not Significant"
"LATS2",0.286290342913217,-0.452512204697507,0.254,0.295,1,"Not Significant"
"CASP4",0.525772118833764,-0.451695969857692,0.254,0.269,1,"Not Significant"
"SPAG9",0.0383842505514421,-0.451460907528718,0.684,0.767,1,"Not Significant"
"RPS26",0.0231589195020027,0.451379346342564,0.332,0.223,1,"Not Significant"
"PTAR1",0.0445312185711011,0.450661409009565,0.383,0.29,1,"Not Significant"
"MBIP",0.172555019723113,0.450661409009565,0.145,0.098,1,"Not Significant"
"ABRAXAS2",0.191365649499899,0.450661409009565,0.145,0.098,1,"Not Significant"
"RAD9A",0.451051823571424,-0.450661409009565,0.13,0.155,1,"Not Significant"
"FDFT1",0.377226292907282,-0.450165722682446,0.238,0.275,1,"Not Significant"
"CCNI",0.800696879281369,-0.44961064782627,0.435,0.415,1,"Not Significant"
"UBE2V2",0.402718017878175,-0.44930740136359,0.202,0.233,1,"Not Significant"
"AHCYL1",0.160308504753303,0.448984831202182,0.28,0.223,1,"Not Significant"
"PHC3",0.012892139737985,0.448014821725117,0.637,0.534,1,"Not Significant"
"ARID1A",0.00217817361085231,0.447458976971221,0.528,0.373,1,"Not Significant"
"TMED2",0.0228654563877586,0.447458976971221,0.238,0.14,1,"Not Significant"
"PPP2R1B",0.0577649493000324,0.447458976971221,0.135,0.073,1,"Not Significant"
"UCKL1",0.112516440540013,0.447458976971221,0.13,0.078,1,"Not Significant"
"SEC61A2",0.159269284146762,0.447458976971221,0.135,0.088,1,"Not Significant"
"HMGCL",0.257484967634055,0.447458976971221,0.124,0.088,1,"Not Significant"
"ZNF552",0.489225836258001,-0.447458976971221,0.093,0.114,1,"Not Significant"
"DDRGK1",0.557445292666234,-0.447458976971221,0.093,0.109,1,"Not Significant"
"FSTL1",0.235177726392758,0.447458976971221,0.275,0.223,1,"Not Significant"
"NDST1",0.169577927030097,0.447458976971221,0.171,0.119,1,"Not Significant"
"FHL2",0.292776888233603,0.447458976971221,0.15,0.114,1,"Not Significant"
"ELP4",0.0664960634327551,0.446167396723015,0.477,0.399,1,"Not Significant"
"ZRANB3",0.119299695582918,0.446064394899468,0.269,0.202,1,"Not Significant"
"UBQLN1",0.0563934066507775,-0.445625819112267,0.352,0.44,1,"Not Significant"
"UBR1",0.00383911147892296,-0.445411148322363,0.523,0.648,1,"Not Significant"
"POLR2B",0.04243811238557,0.445411148322363,0.264,0.176,1,"Not Significant"
"SIRT1",0.817669329072231,-0.445411148322363,0.192,0.197,1,"Not Significant"
"SESTD1",0.0183214179052844,0.445411148322363,0.482,0.347,1,"Not Significant"
"TNPO1",0.00452248689782155,-0.445411148322362,0.653,0.782,1,"Not Significant"
"NUCB1",0.00608087999236984,0.444784842672896,0.207,0.098,1,"Not Significant"
"ZSCAN5A",0.164710584852762,0.444784842672896,0.171,0.119,1,"Not Significant"
"KCTD20",0.00047739893504142,0.444784842672896,0.358,0.181,1,"Not Significant"
"BAG2",0.101089244836938,0.443606651475615,0.124,0.073,1,"Not Significant"
"ARL8A",0.113310499459295,0.443606651475615,0.161,0.104,1,"Not Significant"
"RNF141",0.13297270749957,0.443606651475615,0.145,0.093,1,"Not Significant"
"FLII",0.168112028265464,0.443606651475615,0.14,0.093,1,"Not Significant"
"SKIL",0.325487778916888,0.443606651475615,0.218,0.181,1,"Not Significant"
"LTBP3",0.330686640416246,-0.443606651475615,0.098,0.13,1,"Not Significant"
"TVP23B",0.338016779225311,0.443606651475615,0.14,0.109,1,"Not Significant"
"ZNF600",0.345236392019395,-0.443606651475615,0.109,0.14,1,"Not Significant"
"NPM1",0.432857887175348,-0.442943495848728,0.399,0.326,1,"Not Significant"
"GABARAP",0.288606440726735,-0.442943495848728,0.233,0.171,1,"Not Significant"
"FAM219A",0.299925962805034,-0.442518235700951,0.161,0.197,1,"Not Significant"
"GNAQ",5.43813109990765e-05,0.442475569456966,0.927,0.87,1,"Not Significant"
"RBM41",0.0192818272041295,0.442004546879113,0.275,0.171,1,"Not Significant"
"SLC20A1",0.554114035190252,-0.442004546879113,0.207,0.223,1,"Not Significant"
"MARCKS",0.000388714465102391,0.441269040852023,0.477,0.28,1,"Not Significant"
"PDE4D",0.0155189881357924,-0.440637322515141,0.694,0.819,1,"Not Significant"
"HAT1",0.0217342429413295,0.440572591385981,0.15,0.073,1,"Not Significant"
"AC114763.1",0.0471050340805175,0.440572591385981,0.15,0.083,1,"Not Significant"
"KLF10",0.0972030048178098,0.440572591385981,0.145,0.088,1,"Not Significant"
"IGBP1",0.134159778856468,0.440572591385981,0.15,0.098,1,"Not Significant"
"RNF213-AS1",0.153369636030246,0.440572591385981,0.161,0.109,1,"Not Significant"
"NINL",0.217596035800485,0.440572591385981,0.145,0.104,1,"Not Significant"
"ABAT",0.286204186918008,0.440572591385981,0.15,0.114,1,"Not Significant"
"PNPT1",0.0436433098396711,0.440572591385981,0.249,0.161,1,"Not Significant"
"MAPKAP1",0.00875794314261824,0.440216062274841,0.668,0.56,1,"Not Significant"
"DLK1",0.0460051879042344,0.439623137557117,0.233,0.15,1,"Not Significant"
"DOCK1",0.000609520897998545,-0.439343405794977,0.596,0.762,1,"Not Significant"
"VAV3",0.720677413113956,0.439149955395651,0.694,0.772,1,"Not Significant"
"SH3D19",0.000505837439032996,-0.439042962289633,0.238,0.425,1,"Not Significant"
"EIF3D",0.00370652083225883,0.438884241233212,0.249,0.124,1,"Not Significant"
"SLC25A17",0.532302848392511,-0.438884241233212,0.176,0.197,1,"Not Significant"
"ARID1B",0.0134349918800889,0.438702301004597,0.881,0.933,1,"Not Significant"
"NHLRC2",0.0227173667219089,0.438573013739633,0.394,0.275,1,"Not Significant"
"MVP",0.07740853830038,0.438121112391885,0.187,0.119,1,"Not Significant"
"SNRPG",0.926994123369178,-0.438121112391885,0.135,0.135,1,"Not Significant"
"ESCO1",0.0731964871762198,0.437686238224044,0.352,0.275,1,"Not Significant"
"IRAK4",0.050113785455676,0.437405312307298,0.254,0.171,1,"Not Significant"
"TGIF1",0.147648820834097,-0.437405312307298,0.181,0.238,1,"Not Significant"
"NDUFA2",0.079810463000719,0.436099114806674,0.109,0.057,1,"Not Significant"
"IFT52",0.150754900743454,0.436099114806674,0.104,0.062,1,"Not Significant"
"TXNDC15",0.21535776421608,0.436099114806674,0.104,0.067,1,"Not Significant"
"FLYWCH1",0.21535776421608,0.436099114806674,0.104,0.067,1,"Not Significant"
"SMARCC1",0.0147637558690094,0.436099114806673,0.627,0.549,1,"Not Significant"
"FBXO11",0.00684312053350671,0.435717752118519,0.803,0.777,1,"Not Significant"
"TMBIM6",0.00447843612305605,0.435386144670646,0.352,0.212,1,"Not Significant"
"TTC17",0.000633342160162217,0.435170918775885,0.819,0.767,1,"Not Significant"
"USP45",0.169687426178355,0.434937056716549,0.259,0.202,1,"Not Significant"
"TMEM87B",0.0023427380867289,0.434719865140544,0.409,0.254,1,"Not Significant"
"CCDC138",0.0283238931926116,0.434402824145775,0.181,0.098,1,"Not Significant"
"EZH1",0.0318896132451188,0.434402824145775,0.218,0.13,1,"Not Significant"
"HPS5",0.0559323134883402,0.434402824145775,0.212,0.135,1,"Not Significant"
"NDUFA1",0.219697839835742,0.434402824145775,0.176,0.13,1,"Not Significant"
"MCM9",0.0314474177885671,-0.434095835094528,0.269,0.378,1,"Not Significant"
"ALG13",0.0165594663637424,0.433349377555785,0.508,0.378,1,"Not Significant"
"RBM12B",0.0943132119736824,0.432959407276106,0.207,0.14,1,"Not Significant"
"BLOC1S5",0.144737570046947,0.432959407276106,0.124,0.078,1,"Not Significant"
"MYO19",0.18917606504493,-0.432959407276106,0.161,0.212,1,"Not Significant"
"FAM234B",0.215300716670592,-0.432959407276106,0.073,0.109,1,"Not Significant"
"GRIPAP1",0.24581029983593,0.432959407276106,0.119,0.083,1,"Not Significant"
"CDC42SE1",0.282972617253086,0.432959407276106,0.212,0.171,1,"Not Significant"
"AACS",0.307596819526566,0.432959407276106,0.114,0.083,1,"Not Significant"
"IDH3B",0.67607289707655,-0.432959407276106,0.093,0.104,1,"Not Significant"
"AHCY",0.814914858489336,-0.432959407276106,0.098,0.104,1,"Not Significant"
"HNRNPR",0.0743621749154069,-0.43155258606186,0.503,0.57,1,"Not Significant"
"GOLGB1",0.00217664388878152,-0.431431937529512,0.497,0.653,1,"Not Significant"
"CWF19L2",0.0103511064619243,0.430634354329863,0.301,0.181,1,"Not Significant"
"PDCD10",0.0714183349877008,0.430634354329863,0.306,0.223,1,"Not Significant"
"RRM2B",0.0219683829661691,0.430634354329862,0.14,0.067,1,"Not Significant"
"GATAD1",0.0608288682845246,0.430634354329862,0.254,0.171,1,"Not Significant"
"BCAT2",0.173807671039653,0.430634354329862,0.145,0.098,1,"Not Significant"
"CLDN7",0.391826515023655,-0.430634354329862,0.098,0.124,1,"Not Significant"
"LRRC69",0.580162361088418,-0.430634354329862,0.088,0.104,1,"Not Significant"
"SERTAD2",0.681287347186826,-0.430239905922514,0.337,0.332,1,"Not Significant"
"AC013287.1",0.028403940503283,-0.428843298803874,0.088,0.166,1,"Not Significant"
"CCZ1B",0.0365742209770536,0.428843298803874,0.161,0.088,1,"Not Significant"
"CHML",0.272847854251465,0.428843298803874,0.135,0.098,1,"Not Significant"
"ARPC1A",0.298081698418166,0.428843298803874,0.155,0.119,1,"Not Significant"
"GSDME",0.380220989759671,0.428843298803874,0.109,0.083,1,"Not Significant"
"LMO2",0.498119383499117,-0.428843298803874,0.114,0.135,1,"Not Significant"
"MYCBP2",0.00336641877958252,0.428148414769782,0.813,0.767,1,"Not Significant"
"OST4",0.0271200200503812,0.427421223734676,0.14,0.067,1,"Not Significant"
"CALCOCO2",0.496920824520078,-0.427421223734676,0.109,0.13,1,"Not Significant"
"DDOST",0.907628884830406,-0.427421223734676,0.124,0.114,1,"Not Significant"
"CTTNBP2NL",0.0942352487366231,0.427421223734676,0.264,0.192,1,"Not Significant"
"MIR503HG",0.00103701543934124,-0.427110331579419,0.373,0.57,1,"Not Significant"
"HEXB",0.297926768755659,-0.42701014094492,0.295,0.337,1,"Not Significant"
"MT-CO2",0.863215804412057,-0.426365505080356,0.689,0.648,1,"Not Significant"
"MMS19",0.0956314681127756,0.426264754702097,0.187,0.124,1,"Not Significant"
"KRTCAP2",0.125038822593981,0.426264754702097,0.166,0.109,1,"Not Significant"
"PTEN",0.0114062506059919,-0.425634972939971,0.756,0.813,1,"Not Significant"
"RANBP9",0.000869324067334702,-0.425432670641222,0.565,0.72,1,"Not Significant"
"JUNB",0.00388071264793551,0.425305834732671,0.306,0.161,1,"Not Significant"
"MIA2",0.0295426974458291,0.425305834732671,0.342,0.233,1,"Not Significant"
"SMU1",0.0300788959771367,0.425305834732671,0.207,0.119,1,"Not Significant"
"ULK1",0.21149889866794,-0.425305834732671,0.155,0.202,1,"Not Significant"
"SERPINF1",0.719356939490741,-0.425305834732671,0.119,0.104,1,"Not Significant"
"MCUR1",0.0767743718544905,0.42449782852791,0.181,0.114,1,"Not Significant"
"RXRA",0.236148476824045,0.42449782852791,0.197,0.15,1,"Not Significant"
"ALOX5",0.0479361128973007,0.42449782852791,0.301,0.202,1,"Not Significant"
"NMRK1",0.40608114374391,0.42449782852791,0.295,0.269,1,"Not Significant"
"HUWE1",0.0154614662370591,0.424071311143905,0.658,0.575,1,"Not Significant"
"GOLGA1",0.0190116593580072,0.423807708906576,0.238,0.135,1,"Not Significant"
"MARCH8",0.0734500174850386,0.423807708906576,0.197,0.13,1,"Not Significant"
"ARID3B",0.989069316844461,-0.423211430724544,0.181,0.176,1,"Not Significant"
"SMURF2",0.0911843038896689,0.423074818344262,0.523,0.466,1,"Not Significant"
"XPO4",0.00938884102724699,0.42294269736419,0.373,0.244,1,"Not Significant"
"GTF2H1",0.0611233454563164,0.422691071822279,0.244,0.166,1,"Not Significant"
"BLNK",0.0909085601861578,0.422691071822279,0.228,0.161,1,"Not Significant"
"REPS1",0.109504459937141,0.422532035825768,0.497,0.456,1,"Not Significant"
"KALRN",0.0297330182189309,-0.422233000683048,0.135,0.223,1,"Not Significant"
"RBBP7",0.0746003591616971,0.422233000683048,0.233,0.161,1,"Not Significant"
"KDM6A",0.00143450203698868,0.421891170319907,0.793,0.751,1,"Not Significant"
"SUCLA2",0.0646450148470528,0.421826664941483,0.295,0.212,1,"Not Significant"
"GLDC",0.0153442781296349,-0.42084312096005,0.104,0.197,1,"Not Significant"
"WDR60",0.0720704995345629,0.42084312096005,0.264,0.187,1,"Not Significant"
"RAP1GAP2",0.109573073603875,0.42084312096005,0.259,0.187,1,"Not Significant"
"DCAF7",0.00412685861505395,0.420575682820274,0.321,0.181,1,"Not Significant"
"IQCB1",0.0130616774098584,0.420575682820274,0.316,0.197,1,"Not Significant"
"DDX24",0.0514778248913645,0.420331798948357,0.295,0.207,1,"Not Significant"
"ZNF626",0.263281307186137,-0.41990325445066,0.244,0.29,1,"Not Significant"
"MICU2",0.0203912711931301,-0.419624768774496,0.472,0.585,1,"Not Significant"
"RPS9",5.35480907946503e-05,0.419299526133003,0.528,0.306,1,"Not Significant"
"RAB5A",0.196408587414792,-0.418829078441218,0.337,0.394,1,"Not Significant"
"ANKRD13C",0.00508718079718942,0.418604114299036,0.435,0.285,1,"Not Significant"
"PTPN2",0.106914773558157,0.418065191976412,0.44,0.378,1,"Not Significant"
"PIP4K2A",0.0279769809786657,0.417990816668191,0.591,0.518,1,"Not Significant"
"UBE4B",0.0238274908345216,0.417195607446253,0.56,0.482,1,"Not Significant"
"NDUFA13",0.0103635842876039,0.415037499278844,0.28,0.161,1,"Not Significant"
"PFDN5",0.0130773376795067,0.415037499278844,0.29,0.171,1,"Not Significant"
"WDR75",0.0300434285234144,0.415037499278844,0.166,0.088,1,"Not Significant"
"ITGB3BP",0.099111577571863,0.415037499278844,0.249,0.176,1,"Not Significant"
"NCAPD3",0.114289262109877,0.415037499278844,0.13,0.078,1,"Not Significant"
"KIAA1586",0.153489787613133,0.415037499278844,0.135,0.088,1,"Not Significant"
"RBM7",0.158029732317459,0.415037499278844,0.104,0.062,1,"Not Significant"
"MAK",0.221313049146003,0.415037499278844,0.109,0.073,1,"Not Significant"
"LSM6",0.290134623119727,0.415037499278844,0.104,0.073,1,"Not Significant"
"TUBGCP4",0.383227097350262,0.415037499278844,0.109,0.083,1,"Not Significant"
"DUSP6",0.495498273703248,0.415037499278844,0.109,0.088,1,"Not Significant"
"SMIM13",0.551733215461863,-0.415037499278844,0.135,0.155,1,"Not Significant"
"BMP7",0.690772974658522,-0.415037499278844,0.119,0.104,1,"Not Significant"
"ZNF462",0.708475233321272,0.415037499278844,0.187,0.176,1,"Not Significant"
"FAM126A",0.0262224230100332,0.415037499278844,0.451,0.326,1,"Not Significant"
"CUL5",0.00140661080012961,0.415037499278844,0.56,0.389,1,"Not Significant"
"CCNL2",0.0220987743147716,0.415037499278844,0.306,0.197,1,"Not Significant"
"ANAPC16",0.0634478851358681,0.415037499278844,0.29,0.207,1,"Not Significant"
"OPTN",0.0772807424943847,0.415037499278844,0.218,0.145,1,"Not Significant"
"WWP2",0.105100708471698,0.415037499278844,0.389,0.321,1,"Not Significant"
"ARMC9",0.254661044066977,0.415037499278844,0.244,0.197,1,"Not Significant"
"SNAP23",0.398747994129855,-0.415037499278844,0.347,0.378,1,"Not Significant"
"RUBCN",0.533497970112783,-0.415037499278844,0.259,0.269,1,"Not Significant"
"TKT",0.555810824327218,-0.415037499278844,0.202,0.212,1,"Not Significant"
"RPL15",0.00100619039736486,0.415037499278844,0.461,0.295,1,"Not Significant"
"XPO7",0.0509414101298017,0.415037499278844,0.508,0.415,1,"Not Significant"
"UCP2",0.0147871045704283,0.415037499278843,0.202,0.104,1,"Not Significant"
"AC107223.1",0.0390428693357097,0.415037499278843,0.104,0.047,1,"Not Significant"
"DNAJB11",0.0518133767274328,0.415037499278843,0.197,0.119,1,"Not Significant"
"IMPACT",0.0631062800970215,0.415037499278843,0.119,0.062,1,"Not Significant"
"LZIC",0.188777477869039,0.415037499278843,0.119,0.078,1,"Not Significant"
"MRPL42",0.190128712702872,0.415037499278843,0.166,0.119,1,"Not Significant"
"NOP56",0.190501762317683,0.415037499278843,0.124,0.083,1,"Not Significant"
"NCAPD2",0.212376837114774,0.415037499278843,0.166,0.119,1,"Not Significant"
"DHTKD1",0.308013941739975,0.415037499278843,0.114,0.083,1,"Not Significant"
"LNX2",0.416951151380958,-0.415037499278843,0.135,0.161,1,"Not Significant"
"SEC16A",0.430586164938951,-0.415037499278843,0.187,0.212,1,"Not Significant"
"LINC01301",0.474164661249302,0.415037499278843,0.104,0.083,1,"Not Significant"
"CCDC137",0.474164661249302,0.415037499278843,0.104,0.083,1,"Not Significant"
"PPP1R3B",0.594791681042085,0.415037499278843,0.104,0.088,1,"Not Significant"
"TASOR2",0.017032318262481,-0.413075982945558,0.513,0.611,1,"Not Significant"
"RPS4X",0.976254256822112,-0.412823078213402,0.378,0.347,1,"Not Significant"
"GATAD2B",0.107046880813888,-0.412693558810545,0.472,0.523,1,"Not Significant"
"PSMD14",0.0479735118504977,0.411630897835595,0.409,0.316,1,"Not Significant"
"CLASP1",0.00249619000679713,0.411581940642625,0.679,0.549,1,"Not Significant"
"CMIP",0.0887639159678855,0.41046476948902,0.549,0.482,1,"Not Significant"
"RNF169",0.0807142473850787,0.41008828330711,0.326,0.244,1,"Not Significant"
"CFDP1",0.0467453688978001,0.40976255723817,0.482,0.404,1,"Not Significant"
"CCDC93",0.0834935690550619,0.409644240508625,0.321,0.238,1,"Not Significant"
"EGLN1",0.0217915900262816,0.409390936137702,0.311,0.197,1,"Not Significant"
"IARS",0.0135922161463518,0.408805545567329,0.28,0.166,1,"Not Significant"
"COPG2",0.0261617003514711,0.408805545567329,0.28,0.176,1,"Not Significant"
"KIAA0100",0.835568320176792,-0.408805545567329,0.249,0.244,1,"Not Significant"
"ELMSAN1",0.11285736524666,0.408464845355358,0.29,0.218,1,"Not Significant"
"EDEM1",0.144322123774642,-0.408084738637077,0.192,0.254,1,"Not Significant"
"CCDC57",0.488278011225405,-0.408084738637077,0.207,0.233,1,"Not Significant"
"CMSS1",0.21242016365044,0.407424315168969,0.311,0.259,1,"Not Significant"
"PCM1",0.0156826947823402,0.407375797570777,0.694,0.632,1,"Not Significant"
"DHX8",0.145757912599234,-0.406625259462644,0.145,0.202,1,"Not Significant"
"PCID2",0.271761731026866,-0.405992359675837,0.161,0.202,1,"Not Significant"
"AL442636.1",0.4231891244941,-0.405992359675837,0.114,0.14,1,"Not Significant"
"AKNAD1",0.510675993762338,-0.405992359675837,0.15,0.171,1,"Not Significant"
"FOXK2",0.0404030262908009,0.405759685690833,0.435,0.342,1,"Not Significant"
"ATP6V0D1",0.0121281604834377,0.405256478486258,0.218,0.114,1,"Not Significant"
"NDUFB8",0.0207793612172157,0.404390255079335,0.187,0.098,1,"Not Significant"
"DHRS7B",0.165246401305687,0.404390255079335,0.176,0.124,1,"Not Significant"
"TRAM1",0.00256357104313457,0.404066381457841,0.425,0.275,1,"Not Significant"
"SAP130",0.352805409261293,-0.403896941673644,0.244,0.28,1,"Not Significant"
"PEX14",0.183154287916082,0.40372218605101,0.389,0.332,1,"Not Significant"
"MAML1",0.0225062400937218,0.403355694231208,0.176,0.093,1,"Not Significant"
"DHFR",0.0421236490652809,0.403355694231208,0.145,0.078,1,"Not Significant"
"RAB35",0.0503948481195359,0.403355694231208,0.181,0.109,1,"Not Significant"
"DYRK2",0.204110350310192,-0.403355694231208,0.124,0.171,1,"Not Significant"
"VAMP2",0.209833485089731,0.403355694231208,0.166,0.119,1,"Not Significant"
"ZNF567",0.367622166833922,-0.403355694231208,0.114,0.145,1,"Not Significant"
"USP10",0.712224669482197,-0.403064857612768,0.415,0.409,1,"Not Significant"
"FBXO34",0.00801150518914124,0.402759169500407,0.404,0.275,1,"Not Significant"
"YTHDF2",0.652902346007234,-0.402759169500407,0.238,0.249,1,"Not Significant"
"BUB3",0.102966180325523,0.402098443571346,0.161,0.104,1,"Not Significant"
"AC007384.1",0.250692002471003,-0.402098443571346,0.119,0.161,1,"Not Significant"
"NCOR1",0.00850293583409106,0.401448434530889,0.741,0.674,1,"Not Significant"
"PDCD6",0.20485354287831,0.401362562381768,0.254,0.202,1,"Not Significant"
"NSD1",0.0133319724913659,0.401362562381767,0.689,0.606,1,"Not Significant"
"SYN3",0.639109045865578,0.401362562381767,0.207,0.223,1,"Not Significant"
"OSBPL10",0.017691312835937,0.401275598034359,0.378,0.606,1,"Not Significant"
"WNK1",0.00232853546583778,0.400879436282184,0.756,0.663,1,"Not Significant"
"EIF4G2",0.129792263890646,-0.400783515598602,0.482,0.544,1,"Not Significant"
"CHMP5",0.0455120894647514,0.400537929583729,0.145,0.078,1,"Not Significant"
"ZNF791",0.217126378266723,0.400537929583729,0.135,0.093,1,"Not Significant"
"CIAO2A",0.340975721524095,0.400537929583729,0.135,0.104,1,"Not Significant"
"MRPS16",0.85614648700937,-0.400537929583729,0.119,0.109,1,"Not Significant"
"SPCS1",0.987741301966166,-0.400537929583729,0.109,0.104,1,"Not Significant"
"RPS10",0.130338266817467,0.399607458709238,0.166,0.109,1,"Not Significant"
"RRBP1",0.0041975502208706,-0.399464695358383,0.699,0.824,1,"Not Significant"
"MAP4K3",0.0116682116854575,-0.39940684756508,0.751,0.834,1,"Not Significant"
"LDAH",0.213883963413225,-0.398989558046974,0.316,0.373,1,"Not Significant"
"SCYL1",0.106769250779255,0.398549376490275,0.13,0.078,1,"Not Significant"
"SNRNP35",0.145072202851983,0.398549376490275,0.13,0.083,1,"Not Significant"
"L3MBTL1",0.22046224476426,0.398549376490275,0.14,0.098,1,"Not Significant"
"CALCOCO1",0.271682765612973,0.398549376490275,0.13,0.093,1,"Not Significant"
"PRPF39",0.275929472979664,0.398549376490275,0.212,0.171,1,"Not Significant"
"NAA40",0.407832444426561,0.398549376490275,0.114,0.088,1,"Not Significant"
"HMGN4",0.691900202304777,-0.398549376490275,0.098,0.109,1,"Not Significant"
"SHB",0.873019997636923,-0.398549376490275,0.176,0.161,1,"Not Significant"
"SINHCAF",0.366551897119197,0.398549376490275,0.244,0.207,1,"Not Significant"
"PNPLA8",0.624437635883038,-0.398549376490275,0.259,0.264,1,"Not Significant"
"PACS1",0.138568224185479,0.398031073973154,0.565,0.518,1,"Not Significant"
"SEC24D",0.00477784639439217,-0.39745318690719,0.534,0.679,1,"Not Significant"
"DCAKD",0.900739438967874,-0.397335497545385,0.176,0.176,1,"Not Significant"
"SLC25A16",0.115638603698015,-0.397335497545385,0.264,0.332,1,"Not Significant"
"NAA15",0.0400081645415019,0.397070952749395,0.425,0.316,1,"Not Significant"
"RUFY2",0.0309570772046296,0.396890152568584,0.337,0.228,1,"Not Significant"
"RICTOR",0.000383238854887104,-0.396227649504086,0.705,0.865,1,"Not Significant"
"MNAT1",0.00108078793789521,-0.396227649504085,0.482,0.674,1,"Not Significant"
"AC118549.1",0.0433509396628322,0.395928676331139,0.622,0.591,1,"Not Significant"
"ARF3",0.220417837266062,0.395928676331139,0.104,0.067,1,"Not Significant"
"SHISA5",0.224181883364327,0.395928676331139,0.109,0.073,1,"Not Significant"
"WDR83OS",0.29275911345552,0.395928676331139,0.104,0.073,1,"Not Significant"
"TMEM243",0.307659795428225,0.395928676331139,0.109,0.078,1,"Not Significant"
"PDE12",0.385775059139658,0.395928676331139,0.109,0.083,1,"Not Significant"
"TM2D3",0.4856800967236,-0.395928676331139,0.093,0.114,1,"Not Significant"
"LIG3",0.487850656304182,-0.395928676331139,0.088,0.109,1,"Not Significant"
"ADAM10",0.192090767959992,-0.395789614685565,0.803,0.813,1,"Not Significant"
"SAMD8",0.029424569465847,0.394859617341214,0.269,0.171,1,"Not Significant"
"MIF",0.772290650345704,-0.394859617341214,0.166,0.171,1,"Not Significant"
"FBXO38",0.0108633248853848,0.394278939112046,0.363,0.228,1,"Not Significant"
"RAN",0.0758322792003193,0.394278939112046,0.181,0.114,1,"Not Significant"
"VGLL1",0.570325495531535,-0.394278939112046,0.109,0.124,1,"Not Significant"
"PCNX4",0.023793160169819,0.393342428179525,0.534,0.425,1,"Not Significant"
"ZNRF2",0.187885828571097,0.393233128960496,0.43,0.389,1,"Not Significant"
"LAMC1",0.353852944858941,0.392317422778761,0.42,0.399,1,"Not Significant"
"CCDC91",0.0449845090094673,0.39231742277876,0.679,0.658,1,"Not Significant"
"PRIMPOL",0.0504476075318399,0.39231742277876,0.176,0.104,1,"Not Significant"
"CHCHD1",0.156741402834306,0.39231742277876,0.104,0.062,1,"Not Significant"
"OGFOD1",0.156741402834306,0.39231742277876,0.104,0.062,1,"Not Significant"
"SUPT7L",0.290739290525882,0.39231742277876,0.104,0.073,1,"Not Significant"
"LENG8",0.0974337040855002,0.39231742277876,0.249,0.176,1,"Not Significant"
"B4GALT1",0.0280499313663896,-0.391424942056893,0.461,0.565,1,"Not Significant"
"FAM193B",0.167620236293782,0.390789953032167,0.233,0.176,1,"Not Significant"
"RTN3",0.0512429305999001,0.390789953032166,0.363,0.269,1,"Not Significant"
"PPARD",0.039388137202701,-0.390640844971377,0.487,0.57,1,"Not Significant"
"ACSL3",0.0385104809216508,0.390459476558178,0.326,0.223,1,"Not Significant"
"ECPAS",0.0159879132116896,-0.390315069867613,0.57,0.679,1,"Not Significant"
"ATP5MPL",0.0559451649930435,0.389946518316013,0.15,0.083,1,"Not Significant"
"INO80",0.184153897589981,0.389946518316013,0.482,0.43,1,"Not Significant"
"INPPL1",0.205966193050734,0.389946518316013,0.161,0.114,1,"Not Significant"
"ATP5MC3",0.371711828087178,-0.389946518316013,0.119,0.088,1,"Not Significant"
"ZNF438",0.296266781753515,0.389411691603349,0.264,0.223,1,"Not Significant"
"RANBP10",0.464722220089815,-0.389042290745899,0.171,0.197,1,"Not Significant"
"MME",0.393640070285014,0.388452713687883,0.285,0.342,1,"Not Significant"
"RREB1",0.272376822824159,0.388373834790056,0.699,0.751,1,"Not Significant"
"SNX25",0.622281996585134,-0.388270589716058,0.244,0.212,1,"Not Significant"
"TMED10",0.639521433800717,-0.387023123109247,0.259,0.28,1,"Not Significant"
"DARS",0.0474120295297721,0.387023123109247,0.472,0.378,1,"Not Significant"
"EED",0.0795381538235232,0.387023123109247,0.192,0.124,1,"Not Significant"
"AC053527.2",0.956949703597594,-0.387023123109247,0.155,0.15,1,"Not Significant"
"PRDX5",0.0278090162428582,0.387023123109247,0.145,0.073,1,"Not Significant"
"COPS5",0.17652371155188,0.387023123109247,0.14,0.093,1,"Not Significant"
"TFAM",0.214452398184959,0.387023123109247,0.13,0.088,1,"Not Significant"
"CNOT11",0.507345798066745,0.387023123109247,0.124,0.104,1,"Not Significant"
"TADA1",0.587294460504969,-0.387023123109247,0.119,0.135,1,"Not Significant"
"MT-ATP6",0.682912305372205,-0.386987982137101,0.705,0.694,1,"Not Significant"
"RFC1",0.0530914109731044,0.38565369249775,0.285,0.192,1,"Not Significant"
"SMC3",0.191984939028159,0.38565369249775,0.238,0.187,1,"Not Significant"
"C2CD3",0.12349619164834,-0.384663850235325,0.311,0.383,1,"Not Significant"
"TBPL1",0.691353246368548,-0.384663850235325,0.13,0.14,1,"Not Significant"
"TTC7A",0.024747308979021,0.38414349133306,0.316,0.212,1,"Not Significant"
"KHDRBS1",0.00592049597209781,0.384010603658219,0.554,0.425,1,"Not Significant"
"CCDC6",0.0628572912313175,0.383328639551506,0.28,0.192,1,"Not Significant"
"PCYOX1",0.0541983217578592,0.383328639551506,0.13,0.067,1,"Not Significant"
"FAM49A",0.184408849860171,-0.383328639551506,0.415,0.456,1,"Not Significant"
"EMC3",0.337676855268765,0.383328639551506,0.13,0.098,1,"Not Significant"
"ARMC1",0.337676855268765,-0.383328639551506,0.098,0.13,1,"Not Significant"
"GNPTG",0.915216079839984,-0.383328639551506,0.109,0.109,1,"Not Significant"
"MBD5",0.00134269751632638,0.383160483476849,0.886,0.86,1,"Not Significant"
"SRPK2",0.00227506843382211,0.382918724776511,0.798,0.694,1,"Not Significant"
"BNIP2",0.0357484209072788,0.382719779006116,0.363,0.254,1,"Not Significant"
"MPRIP",0.367115778462361,-0.382719779006116,0.269,0.306,1,"Not Significant"
"PPP1R10",0.0289487475232207,0.381870635343645,0.316,0.212,1,"Not Significant"
"TMEM50A",0.00722555839705299,0.381870635343644,0.197,0.093,1,"Not Significant"
"ZNF302",0.0873821532641454,0.381870635343644,0.181,0.114,1,"Not Significant"
"ALG8",0.171006949290948,0.381870635343644,0.171,0.119,1,"Not Significant"
"RMND5A",0.367870770505886,-0.381870635343644,0.135,0.166,1,"Not Significant"
"SMARCD2",0.549092143802524,-0.381870635343644,0.124,0.14,1,"Not Significant"
"GNG12-AS1",0.707936556641115,-0.381090167355506,0.233,0.202,1,"Not Significant"
"THRAP3",0.182568996497454,-0.38060400221497,0.497,0.544,1,"Not Significant"
"EPRS",0.708067559925924,-0.380272081118167,0.228,0.233,1,"Not Significant"
"HECTD4",0.0068532552825912,0.379933698322928,0.57,0.44,1,"Not Significant"
"TAF2",0.11202898799242,0.379704426166563,0.378,0.295,1,"Not Significant"
"ADAM17",0.0510975518910731,0.379413589548122,0.466,0.352,1,"Not Significant"
"FGD6",0.0503513624039251,0.379236777850997,0.492,0.389,1,"Not Significant"
"NF1",0.00144652614375163,-0.379117925023901,0.793,0.907,1,"Not Significant"
"LINC01091",0.000987513417776366,-0.37900919009463,0.337,0.539,1,"Not Significant"
"ERCC4",0.233152736030295,0.37851162325373,0.109,0.073,1,"Not Significant"
"ZNF514",0.235819241021172,0.37851162325373,0.114,0.078,1,"Not Significant"
"CCDC130",0.25149052472173,0.37851162325373,0.119,0.083,1,"Not Significant"
"COPS7B",0.299221045392532,0.37851162325373,0.104,0.073,1,"Not Significant"
"AC109587.1",0.329005446262051,0.37851162325373,0.119,0.088,1,"Not Significant"
"NDUFB1",0.360028783400964,0.37851162325373,0.14,0.109,1,"Not Significant"
"NXF1",0.592951058800561,-0.37851162325373,0.093,0.109,1,"Not Significant"
"TXNRD2",0.702602731997644,-0.37851162325373,0.098,0.109,1,"Not Significant"
"NOCT",0.734298283066908,0.37851162325373,0.13,0.119,1,"Not Significant"
"TRPM7",0.0295090115188532,0.37851162325373,0.705,0.653,1,"Not Significant"
"TRNAU1AP",0.155160214233243,0.37851162325373,0.192,0.135,1,"Not Significant"
"SAP18",0.652597745596188,-0.37851162325373,0.166,0.14,1,"Not Significant"
"CANX",0.450950561440372,-0.377474086322361,0.358,0.373,1,"Not Significant"
"B2M",0.00029158038952495,0.377106172542589,0.58,0.378,1,"Not Significant"
"DYNC1LI2",0.0170544086522835,0.377069649079823,0.352,0.233,1,"Not Significant"
"ZC3H7A",0.0384050463077888,0.376854305390956,0.326,0.223,1,"Not Significant"
"POLI",0.308879458427607,-0.376854305390956,0.264,0.301,1,"Not Significant"
"PROSER1",0.184510542089864,-0.376563351464208,0.228,0.285,1,"Not Significant"
"KPNA1",0.0491323638237606,0.375757511617032,0.472,0.368,1,"Not Significant"
"C5orf17",0.761730218030299,0.375699351328343,0.466,0.513,1,"Not Significant"
"MGST3",0.0618590381556083,-0.375509135092206,0.415,0.508,1,"Not Significant"
"TEX10",0.0649419021335936,-0.375509135092206,0.233,0.306,1,"Not Significant"
"CPNE1",0.250269301485734,0.375509135092206,0.197,0.15,1,"Not Significant"
"HSDL2",0.127532614658586,0.374848409163145,0.352,0.28,1,"Not Significant"
"ITCH",7.62435354592272e-05,-0.374817139695988,0.793,0.886,1,"Not Significant"
"ZNF141",0.0265406897946522,0.374395514781498,0.29,0.187,1,"Not Significant"
"USF2",0.0388752821815027,0.374395514781498,0.161,0.088,1,"Not Significant"
"DDX18",0.0495007540626033,0.374395514781498,0.233,0.15,1,"Not Significant"
"GNL3",0.0872973995788679,0.374395514781498,0.161,0.098,1,"Not Significant"
"SLC37A3",0.180837897513408,0.374395514781498,0.145,0.098,1,"Not Significant"
"ADCK1",0.21845181766613,0.374395514781498,0.135,0.093,1,"Not Significant"
"UFD1",0.349851157917479,0.374395514781498,0.14,0.109,1,"Not Significant"
"SOCS7",0.530984880173478,0.374395514781498,0.145,0.124,1,"Not Significant"
"BRAP",0.802018844843688,-0.374395514781498,0.114,0.119,1,"Not Significant"
"RAB28",0.037140957409913,0.374395514781498,0.549,0.456,1,"Not Significant"
"AL035446.2",0.000276850940218554,-0.373678469517786,0.207,0.389,1,"Not Significant"
"DLD",0.0204830270860459,0.373458395527445,0.233,0.135,1,"Not Significant"
"TFCP2",0.0150921418238843,0.372477037050798,0.472,0.347,1,"Not Significant"
"HSP90B1",0.4086091814386,-0.372275179648041,0.482,0.513,1,"Not Significant"
"CTNND1",0.00480967825239943,-0.371968777386958,0.746,0.845,1,"Not Significant"
"AP4E1",0.162321834758829,-0.371968777386958,0.321,0.373,1,"Not Significant"
"SPICE1",0.041303516261388,0.371968777386958,0.181,0.104,1,"Not Significant"
"GMPS",0.0750862075652082,0.371968777386958,0.218,0.145,1,"Not Significant"
"API5",0.0848985016111462,0.371968777386958,0.264,0.187,1,"Not Significant"
"CBWD5",0.100401103803033,0.371968777386958,0.171,0.109,1,"Not Significant"
"STRIP1",0.230347407798782,0.371968777386958,0.109,0.073,1,"Not Significant"
"SRSF9",0.263833569721605,0.371968777386958,0.181,0.14,1,"Not Significant"
"GCNT1",0.445572074956902,0.371968777386958,0.155,0.13,1,"Not Significant"
"UBR2",0.00270977110425192,0.371598238013946,0.627,0.482,1,"Not Significant"
"ADAMTS19",0.0452636721779241,-0.371510123737923,0.161,0.249,1,"Not Significant"
"RPL34",0.565998114947895,-0.371183209689416,0.358,0.373,1,"Not Significant"
"UBA3",0.344307131944427,-0.371094151691247,0.285,0.321,1,"Not Significant"
"TRA2A",0.0251871741366033,-0.370982319200908,0.725,0.793,1,"Not Significant"
"NDUFA5",0.686573888356561,0.370368449945115,0.176,0.166,1,"Not Significant"
"ATL2",0.0254592330841065,0.370368449945115,0.378,0.254,1,"Not Significant"
"BCL2L1",0.0317571584250139,0.369233809665719,0.264,0.166,1,"Not Significant"
"PTS",0.0356971363735365,0.369233809665719,0.238,0.145,1,"Not Significant"
"ACAA2",0.0736235155676739,0.369233809665719,0.124,0.067,1,"Not Significant"
"NAA30",0.181108513850023,0.369233809665719,0.145,0.098,1,"Not Significant"
"PGLS",0.218985065604167,0.369233809665719,0.135,0.093,1,"Not Significant"
"TSTD2",0.232246888258811,-0.369233809665719,0.176,0.223,1,"Not Significant"
"TFE3",0.326059372788743,-0.369233809665719,0.088,0.119,1,"Not Significant"
"NSUN4",0.352425679645844,-0.369233809665719,0.109,0.14,1,"Not Significant"
"CCNDBP1",0.492012454716376,-0.369233809665719,0.109,0.13,1,"Not Significant"
"RPS27A",0.51119856722477,-0.368967850582859,0.394,0.415,1,"Not Significant"
"XRN1",0.00361232511684577,-0.368387405980023,0.699,0.788,1,"Not Significant"
"TRAPPC6B",0.371713423331149,0.367731784500487,0.166,0.135,1,"Not Significant"
"KCMF1",0.0475025723155797,0.367731784500487,0.492,0.383,1,"Not Significant"
"TRIP12",0.00857049094092939,0.367371065648529,0.819,0.777,1,"Not Significant"
"PBX1",0.000107419466520356,-0.367116868653618,0.373,0.611,1,"Not Significant"
"CWC27",0.0282257069723431,0.367057470377022,0.446,0.326,1,"Not Significant"
"MED1",0.771927912641634,-0.366782330671623,0.161,0.166,1,"Not Significant"
"PI4KA",0.0915908662370053,-0.365517363435045,0.508,0.575,1,"Not Significant"
"LRRFIP2",0.165582443737165,-0.365284464081744,0.378,0.44,1,"Not Significant"
"SUB1",0.021353198672903,0.36476429279762,0.337,0.223,1,"Not Significant"
"CACUL1",0.179685828843649,-0.364663976763725,0.435,0.487,1,"Not Significant"
"SRP72",0.0201859934609655,0.364572432295856,0.358,0.249,1,"Not Significant"
"KLHL22",0.991897668231218,-0.364572432295856,0.316,0.29,1,"Not Significant"
"EDEM3",0.0214347220105947,0.364411426208876,0.394,0.269,1,"Not Significant"
"TM9SF2",0.00346293123198118,0.363690619278623,0.539,0.378,1,"Not Significant"
"PUM2",0.00420685877005054,-0.363606126137233,0.85,0.907,1,"Not Significant"
"SIL1",0.0464995895483038,-0.363590733860168,0.451,0.554,1,"Not Significant"
"SSR3",0.0370749831133743,0.362570079384708,0.275,0.176,1,"Not Significant"
"BRD8",0.0694320560563327,0.362570079384708,0.166,0.098,1,"Not Significant"
"IER3IP1",0.152325645628555,0.362570079384708,0.155,0.104,1,"Not Significant"
"RIPK2",0.879762062138484,-0.362570079384708,0.228,0.228,1,"Not Significant"
"SHTN1",0.0073334760151778,0.362570079384708,0.425,0.29,1,"Not Significant"
"TMEM164",0.517985459442722,-0.362570079384708,0.326,0.269,1,"Not Significant"
"ACBD3",0.336262709948536,-0.362570079384708,0.337,0.368,1,"Not Significant"
"SLC29A1",0.178507691341543,0.362570079384708,0.109,0.067,1,"Not Significant"
"DHDDS",0.370813021039032,0.362570079384708,0.171,0.14,1,"Not Significant"
"TOM1L1",0.498907297148065,0.362570079384708,0.114,0.093,1,"Not Significant"
"SKA2",0.567954282200039,-0.362570079384708,0.104,0.083,1,"Not Significant"
"MET",0.600399382596032,-0.362570079384708,0.098,0.114,1,"Not Significant"
"SOD1",0.764598587328549,-0.362570079384708,0.166,0.171,1,"Not Significant"
"MTF1",0.827842182688633,-0.362570079384708,0.098,0.104,1,"Not Significant"
"SMS",0.246302021758084,-0.361266242837863,0.352,0.399,1,"Not Significant"
"CACNA2D3",0.328252645234521,-0.361187525334589,0.155,0.119,1,"Not Significant"
"HTRA4",0.878634724419345,0.360997659565955,0.104,0.109,1,"Not Significant"
"ARID2",0.135701090345346,0.36022461464946,0.751,0.767,1,"Not Significant"
"SEC62",0.92487897551967,-0.360043467458912,0.42,0.389,1,"Not Significant"
"CRADD",0.484626729757713,-0.359730127599747,0.29,0.306,1,"Not Significant"
"RACK1",0.453198289909385,-0.359670188878913,0.394,0.326,1,"Not Significant"
"EP300",0.0808856938625662,-0.359209110966822,0.57,0.648,1,"Not Significant"
"EPB41L3",0.0404630568164053,-0.359167495163868,0.508,0.642,1,"Not Significant"
"RALGAPA1",0.0178587208578915,0.359081093304828,0.689,0.58,1,"Not Significant"
"CPSF7",0.139537520681925,0.359081093304828,0.228,0.166,1,"Not Significant"
"PPM1D",0.32232525308871,-0.358453970912477,0.249,0.29,1,"Not Significant"
"SYNCRIP",0.603950097325597,-0.358453970912476,0.435,0.43,1,"Not Significant"
"HBB",0.20222905230252,-0.358453970912476,0.114,0.073,1,"Not Significant"
"PCNT",0.222225575512819,0.358453970912476,0.202,0.155,1,"Not Significant"
"TAPT1-AS1",0.506521931159994,0.358453970912476,0.161,0.14,1,"Not Significant"
"CNOT6L",0.0437263815810625,-0.358047520694014,0.389,0.477,1,"Not Significant"
"BRAF",0.266827376899724,-0.357635188233922,0.803,0.803,1,"Not Significant"
"CARNMT1",0.0937633299656712,0.357552004618083,0.166,0.104,1,"Not Significant"
"VIRMA",0.0115055510703241,0.356934544715276,0.306,0.181,1,"Not Significant"
"CHMP3",0.0433532194905903,0.356934544715276,0.264,0.176,1,"Not Significant"
"TASOR",0.06330891339733,0.35656509655938,0.42,0.321,1,"Not Significant"
"AMD1",0.0698088668100032,0.356485316923731,0.477,0.363,1,"Not Significant"
"HSP90AB1",0.00550514867865472,0.356391504455584,0.461,0.321,1,"Not Significant"
"GRK2",0.140595894285134,0.356143810225276,0.145,0.093,1,"Not Significant"
"NDUFB5",0.165205511979577,0.356143810225276,0.135,0.088,1,"Not Significant"
"TRIM34",0.356885467574676,0.356143810225276,0.13,0.098,1,"Not Significant"
"ZNF417",0.508400398884691,-0.356143810225276,0.104,0.124,1,"Not Significant"
"NEK9",0.201108773983495,0.356143810225275,0.249,0.197,1,"Not Significant"
"MAPK1IP1L",0.0633423691568783,0.356143810225275,0.337,0.249,1,"Not Significant"
"QKI",0.0418353564327584,0.35575129354733,0.902,0.917,1,"Not Significant"
"MORF4L1",0.106190154095769,0.355583649068602,0.596,0.56,1,"Not Significant"
"PRDX1",0.602516165381151,-0.355331253154576,0.285,0.244,1,"Not Significant"
"WDR12",0.117767165290809,0.355094958822562,0.197,0.135,1,"Not Significant"
"UBE2O",0.211990654755976,0.355094958822562,0.207,0.155,1,"Not Significant"
"HELLS",0.622202887646711,-0.355094958822562,0.135,0.15,1,"Not Significant"
"HSPB11",0.700609517196901,0.355094958822562,0.197,0.187,1,"Not Significant"
"RPL29",0.119366737386332,0.355094958822562,0.269,0.202,1,"Not Significant"
"EIF3H",0.131862065647742,0.355094958822562,0.554,0.503,1,"Not Significant"
"INTS6",0.335891766421694,-0.355094958822562,0.43,0.472,1,"Not Significant"
"CLEC16A",0.0134994060709099,0.354182293891989,0.43,0.316,1,"Not Significant"
"UBE2E2",0.21362584019363,0.354088149314512,0.699,0.741,1,"Not Significant"
"SEC63",0.0478869914165045,-0.353972348093112,0.554,0.632,1,"Not Significant"
"CD81",0.00786275321075315,0.3536369546147,0.275,0.15,1,"Not Significant"
"PRPF4",0.070219814695884,0.3536369546147,0.109,0.057,1,"Not Significant"
"VDAC2",0.0903071882569734,0.3536369546147,0.187,0.119,1,"Not Significant"
"EIF3L",0.928029530596314,-0.3536369546147,0.228,0.212,1,"Not Significant"
"ZFR",0.238995919171701,0.35336060272402,0.658,0.684,1,"Not Significant"
"ODR4",0.155412241366622,0.35267161831847,0.301,0.238,1,"Not Significant"
"ERI3",0.242200678985485,0.35267161831847,0.285,0.233,1,"Not Significant"
"KRT8",0.0766948599463052,-0.352301743930881,0.207,0.28,1,"Not Significant"
"CUL2",0.197110097446663,-0.351985328743542,0.269,0.326,1,"Not Significant"
"CYP20A1",0.0417034582151452,0.351472370501378,0.358,0.244,1,"Not Significant"
"NAE1",0.233554828178683,0.351472370501378,0.145,0.104,1,"Not Significant"
"AC060809.1",0.697051540261659,0.351472370501378,0.104,0.093,1,"Not Significant"
"YWHAZ",0.0364185159437567,-0.351110172489293,0.751,0.803,1,"Not Significant"
"WBP11",0.00881022792443601,0.350497247084133,0.223,0.114,1,"Not Significant"
"ZCCHC17",0.222960669609391,0.350497247084133,0.181,0.135,1,"Not Significant"
"IQCJ-SCHIP1",0.567143945067709,0.350497247084133,0.119,0.104,1,"Not Significant"
"PPM1A",0.110728864221305,0.350186354928876,0.389,0.316,1,"Not Significant"
"TDRD3",0.266776438913798,0.349942471056959,0.352,0.301,1,"Not Significant"
"AP000561.1",0.140342803725909,-0.349584437790228,0.192,0.254,1,"Not Significant"
"UBXN7",0.0088066351535379,0.349584437790228,0.311,0.181,1,"Not Significant"
"AVEN",0.505511649549655,0.349334252228014,0.249,0.223,1,"Not Significant"
"BCLAF1",0.181308964917033,0.347923303420307,0.528,0.472,1,"Not Significant"
"RERE",0.00189863819016025,0.347923303420307,0.943,0.881,1,"Not Significant"
"CIRBP",0.0364472894165216,0.347923303420307,0.316,0.218,1,"Not Significant"
"NDUFB6",0.0866386875871029,0.347923303420307,0.135,0.078,1,"Not Significant"
"RABL3",0.104269073499244,0.347923303420307,0.124,0.073,1,"Not Significant"
"TIMM44",0.149897096078486,0.347923303420307,0.124,0.078,1,"Not Significant"
"DHX30",0.167038766802911,0.347923303420307,0.176,0.124,1,"Not Significant"
"SLC35E3",0.189961514182494,0.347923303420307,0.119,0.078,1,"Not Significant"
"RCHY1",0.207567468702353,0.347923303420307,0.202,0.15,1,"Not Significant"
"VIPAS39",0.233508608940726,0.347923303420307,0.109,0.073,1,"Not Significant"
"TXNRD3",0.260769784026777,0.347923303420307,0.119,0.083,1,"Not Significant"
"PRDX3",0.321706077131238,-0.347923303420307,0.104,0.073,1,"Not Significant"
"MMUT",0.577494578263645,-0.347923303420307,0.093,0.109,1,"Not Significant"
"ARHGDIA",0.650937946845913,-0.347923303420307,0.14,0.119,1,"Not Significant"
"XPR1",0.142487043126714,-0.347270943001826,0.415,0.482,1,"Not Significant"
"PTPN14",0.00932821669178224,-0.347165386386385,0.28,0.425,1,"Not Significant"
"DNAJC7",0.0663023848609461,0.346450414021431,0.337,0.249,1,"Not Significant"
"ARNT",0.0298196814337437,0.345995854849192,0.44,0.326,1,"Not Significant"
"GAPVD1",0.0852432742653346,0.345328527467439,0.549,0.508,1,"Not Significant"
"ACSS1",0.144447365548419,-0.345135486048688,0.326,0.394,1,"Not Significant"
"ZNF331",0.54077988425268,0.345135486048688,0.358,0.332,1,"Not Significant"
"ALDH7A1",0.0287202615668297,0.34444553144879,0.275,0.171,1,"Not Significant"
"DOP1A",0.167533135939221,0.344334507935642,0.389,0.321,1,"Not Significant"
"CMC2",0.0961195301882285,0.343954401217361,0.249,0.176,1,"Not Significant"
"NDUFB4",0.112852948467408,0.343954401217361,0.135,0.083,1,"Not Significant"
"MAP2K7",0.129227996309494,0.343954401217361,0.14,0.088,1,"Not Significant"
"TRIM4",0.186097319340354,0.343954401217361,0.145,0.098,1,"Not Significant"
"TMEM140",0.435724760233229,-0.343954401217361,0.109,0.135,1,"Not Significant"
"USP31",0.465539932408388,0.343954401217361,0.187,0.155,1,"Not Significant"
"ARL5B",0.607820536117387,-0.343954401217361,0.114,0.13,1,"Not Significant"
"CDK19",0.262946431778612,-0.34379541779763,0.596,0.622,1,"Not Significant"
"ARMH3",0.214136197556785,0.343407822297814,0.518,0.466,1,"Not Significant"
"ZFP91",0.549128506374971,-0.343301745679929,0.269,0.285,1,"Not Significant"
"ANKRD27",0.0757189101537285,0.342392197447078,0.28,0.197,1,"Not Significant"
"SNRNP70",0.593872752785067,-0.342232191342451,0.415,0.415,1,"Not Significant"
"SEC22A",0.162380101993537,0.342105976824993,0.285,0.223,1,"Not Significant"
"XPO1",0.0183609611376797,0.342105976824993,0.803,0.762,1,"Not Significant"
"SLTM",0.172322458514718,-0.341434409238846,0.56,0.617,1,"Not Significant"
"SEMA6D",0.436284877192663,0.341405469386666,0.311,0.295,1,"Not Significant"
"XPNPEP1",0.0476914658244484,0.341036917835067,0.171,0.098,1,"Not Significant"
"RFX2",0.38042990312083,-0.341036917835067,0.124,0.155,1,"Not Significant"
"KAT7",0.394201548587841,0.341036917835067,0.161,0.13,1,"Not Significant"
"CRLS1",0.991682558312622,-0.341036917835067,0.244,0.233,1,"Not Significant"
"CSNK2A1",0.0413708009680491,0.339692374363202,0.44,0.347,1,"Not Significant"
"UBAC2",0.0212549453159855,-0.339655687436706,0.658,0.751,1,"Not Significant"
"FCHO2",0.00876013950882095,0.339269991660879,0.611,0.503,1,"Not Significant"
"PAXBP1",0.26070247162784,-0.339088646045545,0.409,0.456,1,"Not Significant"
"TIAM2",0.378020028306935,0.338801913451759,0.352,0.321,1,"Not Significant"
"SLC30A5",0.410295365866371,-0.338801913451759,0.249,0.285,1,"Not Significant"
"PPP4R3B",0.0361742529485861,0.338801913451759,0.523,0.43,1,"Not Significant"
"SUDS3",0.279368922448931,0.338801913451758,0.171,0.13,1,"Not Significant"
"RAD23B",0.0147766179179733,-0.338624383759676,0.534,0.663,1,"Not Significant"
"RAB2A",0.00509525788286116,-0.338168735894574,0.845,0.876,1,"Not Significant"
"LRP6",0.111916150537363,-0.338168735894574,0.15,0.093,1,"Not Significant"
"TMEM120B",0.303964069807777,-0.338168735894574,0.176,0.218,1,"Not Significant"
"NUP214",0.00294873207904802,0.338168735894573,0.43,0.285,1,"Not Significant"
"ARPC2",0.00186734539647424,0.337802174235766,0.705,0.591,1,"Not Significant"
"SETX",0.00984908097966945,0.337328188181108,0.674,0.56,1,"Not Significant"
"CYB5A",0.0680507268207114,0.337034987277571,0.104,0.052,1,"Not Significant"
"PRPSAP1",0.237798378761861,0.337034987277571,0.114,0.078,1,"Not Significant"
"RANBP6",0.291404880809591,-0.337034987277571,0.073,0.104,1,"Not Significant"
"BRD4",0.396232896427288,-0.336480850516047,0.606,0.622,1,"Not Significant"
"PPP2R5E",0.0348936135553738,0.336218752437756,0.642,0.627,1,"Not Significant"
"GLYR1",0.0343398795437142,0.336049203132015,0.311,0.207,1,"Not Significant"
"TFG",0.049968767977466,-0.335603031784439,0.487,0.58,1,"Not Significant"
"PECAM1",0.0185523476982608,0.335603031784439,0.114,0.047,1,"Not Significant"
"UBAP2",0.171275462026575,-0.335069194575429,0.446,0.497,1,"Not Significant"
"UBE2Q2",0.16371514348559,-0.334984247712809,0.249,0.311,1,"Not Significant"
"NUP58",0.214541180665139,-0.33486715059486,0.399,0.43,1,"Not Significant"
"RRM1",0.18144054947606,0.334419039070559,0.114,0.073,1,"Not Significant"
"UTP6",0.183555142799514,0.334419039070559,0.145,0.098,1,"Not Significant"
"ZNF577",0.200462090392132,0.334419039070559,0.124,0.083,1,"Not Significant"
"C5orf22",0.816322044463189,-0.334419039070559,0.104,0.109,1,"Not Significant"
"SGPP1",0.644842987167451,-0.333900736553438,0.508,0.487,1,"Not Significant"
"KDM4C",0.120229710366185,0.333609899934998,0.668,0.632,1,"Not Significant"
"ZNF131",0.0249450613904506,0.333243408115196,0.487,0.363,1,"Not Significant"
"NKTR",0.053325556130788,0.333243408115196,0.725,0.674,1,"Not Significant"
"UGGT1",0.0294959457954645,0.332575339086871,0.295,0.192,1,"Not Significant"
"IRF2BP2",0.090807895112346,0.332575339086871,0.249,0.176,1,"Not Significant"
"ZNF850",0.174823742483106,0.332575339086871,0.15,0.104,1,"Not Significant"
"VAMP4",0.360325737912917,0.332575339086871,0.135,0.104,1,"Not Significant"
"ZFYVE1",0.373108044446747,0.332575339086871,0.145,0.114,1,"Not Significant"
"PAPOLA",0.065831683121582,-0.332270039108821,0.715,0.788,1,"Not Significant"
"PAGE4",0.0389665545520698,-0.332237194226331,0.321,0.42,1,"Not Significant"
"ANKIB1",0.0434359680238959,0.331676071438925,0.679,0.622,1,"Not Significant"
"GCNT2",0.196318296323261,0.331621491091206,0.269,0.218,1,"Not Significant"
"TSEN15",0.0325296111095122,0.331205908475373,0.171,0.093,1,"Not Significant"
"RGL2",0.266144798721803,0.331205908475373,0.171,0.13,1,"Not Significant"
"NDUFB2",0.856487920841099,-0.331205908475373,0.135,0.124,1,"Not Significant"
"HSD17B4",0.0549147281258256,0.331205908475373,0.518,0.42,1,"Not Significant"
"PILRB",0.0491364296387392,0.331205908475373,0.311,0.212,1,"Not Significant"
"BBOX1-AS1",0.470758841654209,0.331205908475373,0.145,0.176,1,"Not Significant"
"EEF1B2",0.0403932575855914,0.330645311988471,0.238,0.15,1,"Not Significant"
"DCAF6",0.00506749375771129,0.330425271563903,0.622,0.497,1,"Not Significant"
"METTL15",0.0621438944070489,0.330389673635559,0.689,0.648,1,"Not Significant"
"DYRK1A",0.00164083946612093,-0.330221301686848,0.808,0.917,1,"Not Significant"
"ZCCHC8",0.0782863601951095,0.330148601692331,0.187,0.119,1,"Not Significant"
"NOL7",0.127479825436044,0.330148601692331,0.171,0.114,1,"Not Significant"
"AC025171.1",0.140055724647142,0.330148601692331,0.176,0.119,1,"Not Significant"
"NAA38",0.224378032980541,0.330148601692331,0.171,0.124,1,"Not Significant"
"RSL1D1",0.951100527742058,-0.330148601692331,0.124,0.124,1,"Not Significant"
"HK1",0.0606166029824705,0.329705445479082,0.326,0.233,1,"Not Significant"
"UHMK1",0.129777175879158,0.32930762525296,0.202,0.14,1,"Not Significant"
"XPNPEP3",0.200103532740715,0.32930762525296,0.202,0.15,1,"Not Significant"
"RBM47",0.557529716252202,0.328692501845085,0.782,0.891,1,"Not Significant"
"NDUFV3",0.0465554134268227,0.328622747461371,0.223,0.14,1,"Not Significant"
"CLNS1A",0.110756462746878,0.328622747461371,0.223,0.155,1,"Not Significant"
"TRMT1L",0.141207721873972,0.328622747461371,0.202,0.145,1,"Not Significant"
"AQR",0.0181616238067042,0.328622747461371,0.383,0.264,1,"Not Significant"
"LINC01376",0.0930217672882881,-0.328622747461371,0.228,0.301,1,"Not Significant"
"SRSF3",0.85529597309155,-0.328622747461371,0.316,0.29,1,"Not Significant"
"TCERG1",0.0372607585013869,0.32862274746137,0.508,0.399,1,"Not Significant"
"CUX1",0.877107710382233,0.32819945250025,0.772,0.855,1,"Not Significant"
"ABCD3",0.0529042215940155,-0.328054197684204,0.389,0.477,1,"Not Significant"
"B3GALNT2",0.143455292605991,0.328054197684204,0.197,0.135,1,"Not Significant"
"ZNF518A",0.146997295975433,0.32775717368956,0.658,0.642,1,"Not Significant"
"GGA1",0.0842062538074111,0.327164743253509,0.28,0.202,1,"Not Significant"
"AUTS2",9.3180022545533e-05,-0.326737973529679,0.565,0.808,1,"Not Significant"
"TLE1",0.737079987370179,0.326500824677187,0.207,0.202,1,"Not Significant"
"VPS36",0.0273183254627093,0.325986311461716,0.342,0.228,1,"Not Significant"
"SESN1",0.129371881185851,-0.325400286794168,0.653,0.679,1,"Not Significant"
"SCFD1",0.0103168386087008,0.325292328920739,0.736,0.648,1,"Not Significant"
"NACA",0.348653896157182,-0.324962154976996,0.316,0.244,1,"Not Significant"
"CHD2",0.00976207228889119,-0.324782091942516,0.782,0.86,1,"Not Significant"
"RPS15A",0.897607462252674,-0.324726728240036,0.306,0.28,1,"Not Significant"
"MAST2",0.0862160350817866,0.324129003080633,0.456,0.373,1,"Not Significant"
"ETFA",0.160925546782269,-0.323837684895994,0.446,0.492,1,"Not Significant"
"GLUL",0.0185375618464195,0.323741665259294,0.456,0.326,1,"Not Significant"
"TULP4",0.0542889868005719,-0.323697187740418,0.466,0.554,1,"Not Significant"
"VIM",0.00977716012137491,-0.323654839606831,0.264,0.145,1,"Not Significant"
"HPF1",0.00274089784793224,0.321928094887363,0.166,0.062,1,"Not Significant"
"AASDHPPT",0.425938861294558,-0.321928094887363,0.13,0.098,1,"Not Significant"
"GOLPH3L",0.440517177674085,0.321928094887363,0.145,0.119,1,"Not Significant"
"TRIM27",0.630889196470554,-0.321928094887363,0.192,0.207,1,"Not Significant"
"GABARAPL2",0.818544582382491,-0.321928094887363,0.114,0.119,1,"Not Significant"
"DNMBP",0.0514934073398382,0.321928094887363,0.378,0.275,1,"Not Significant"
"PTPN11",0.0774535651709832,0.321928094887363,0.321,0.233,1,"Not Significant"
"CDK8",0.0904088982650196,0.321928094887362,0.363,0.28,1,"Not Significant"
"CNOT6",0.157098743543395,-0.321928094887362,0.275,0.337,1,"Not Significant"
"PLEKHA8",0.159595027885615,-0.321928094887362,0.228,0.29,1,"Not Significant"
"GALK2",0.0206712596422581,0.321928094887362,0.466,0.326,1,"Not Significant"
"U2SURP",0.0297449003301596,0.321928094887362,0.549,0.446,1,"Not Significant"
"CAPZA1",0.0100918344564655,0.321928094887362,0.637,0.482,1,"Not Significant"
"MDK",0.0394811397534114,0.321928094887362,0.14,0.073,1,"Not Significant"
"TWF1",0.0864566913270383,0.321928094887362,0.192,0.124,1,"Not Significant"
"INPP5A",0.127981563850189,0.321928094887362,0.238,0.171,1,"Not Significant"
"NCOA6",0.149094463840847,-0.321928094887362,0.487,0.528,1,"Not Significant"
"TBCEL",0.149147193833023,0.321928094887362,0.15,0.098,1,"Not Significant"
"ETFB",0.167842659430804,0.321928094887362,0.109,0.067,1,"Not Significant"
"SLC25A43",0.203784529989218,0.321928094887362,0.124,0.083,1,"Not Significant"
"MAGOH",0.240756077824537,0.321928094887362,0.114,0.078,1,"Not Significant"
"AC016831.7",0.246430926367031,0.321928094887362,0.259,0.207,1,"Not Significant"
"ATP5PB",0.252063006057356,0.321928094887362,0.202,0.155,1,"Not Significant"
"SDCBP2-AS1",0.285079775696318,-0.321928094887362,0.155,0.197,1,"Not Significant"
"KIZ",0.336783189859722,0.321928094887362,0.176,0.14,1,"Not Significant"
"AGAP5",0.517333990547469,0.321928094887362,0.124,0.104,1,"Not Significant"
"TRIOBP",0.526649480250551,-0.321928094887362,0.249,0.269,1,"Not Significant"
"PCMTD2",0.537777483616806,0.321928094887362,0.275,0.254,1,"Not Significant"
"FAM3C",0.560080235157435,0.321928094887362,0.207,0.181,1,"Not Significant"
"EAPP",0.81531571830073,-0.321928094887362,0.15,0.155,1,"Not Significant"
"TMEM94",0.89904102061707,-0.321928094887362,0.145,0.145,1,"Not Significant"
"TMEM117",0.185484063512916,0.320559962930029,0.689,0.705,1,"Not Significant"
"MAML3",0.0631058356056551,-0.320432298961881,0.731,0.855,1,"Not Significant"
"PTMA",0.738544192740268,-0.320239744734592,0.539,0.508,1,"Not Significant"
"LUC7L3",0.0110776932918617,0.320089095223581,0.596,0.472,1,"Not Significant"
"NIN",0.894753350436536,0.320089095223581,0.435,0.466,1,"Not Significant"
"ATP13A3",0.0340606432826982,0.319459839296613,0.399,0.28,1,"Not Significant"
"KRIT1",0.067341924608089,0.318950395087467,0.399,0.311,1,"Not Significant"
"PNISR",0.0364645405287811,0.318529518425497,0.627,0.534,1,"Not Significant"
"LINC02398",0.00152820531443548,0.31836147986717,0.119,0.031,1,"Not Significant"
"PTK2",0.00278651387539236,-0.317907042996512,0.751,0.891,1,"Not Significant"
"TUBA1B",0.0198196496153813,-0.317858430578316,0.342,0.207,1,"Not Significant"
"COMMD10",0.027223207709158,0.31734082539171,0.746,0.751,1,"Not Significant"
"ATP5F1A",0.00398843799038216,0.317190175880699,0.28,0.145,1,"Not Significant"
"SETD2",0.0133902299172134,0.316710385616343,0.777,0.777,1,"Not Significant"
"DEK",0.000382156124443866,0.31625934480067,0.42,0.223,1,"Not Significant"
"AGO2",0.513490754776335,-0.316027493447678,0.326,0.342,1,"Not Significant"
"RELL1",0.411491199287635,-0.315501825727929,0.295,0.321,1,"Not Significant"
"NDUFS1",0.0128247050752587,0.314873337353412,0.383,0.254,1,"Not Significant"
"COPB2",0.580122633377373,-0.314510623324879,0.285,0.306,1,"Not Significant"
"FUS",0.0358927159340024,0.314381285834014,0.694,0.632,1,"Not Significant"
"TNS1",0.0368283882406265,-0.314108590428063,0.187,0.285,1,"Not Significant"
"SCGB2B2",0.845558856906095,0.314108590428063,0.135,0.13,1,"Not Significant"
"Z83843.1",0.0832031561196053,0.313660478903762,0.342,0.254,1,"Not Significant"
"FBXL20",0.0564321122425243,-0.313564621952736,0.43,0.523,1,"Not Significant"
"ARFIP1",0.27672150165981,-0.31315788525963,0.549,0.601,1,"Not Significant"
"IDI1",0.0044234954935899,0.31315788525963,0.176,0.073,1,"Not Significant"
"ACSF2",0.401485080034621,0.31315788525963,0.14,0.109,1,"Not Significant"
"ARPC3",0.0225806930197205,0.312787441030893,0.383,0.259,1,"Not Significant"
"FBXW8",0.0410878284100736,0.312787441030893,0.368,0.269,1,"Not Significant"
"PHTF2",0.0259178699513112,0.312590230308026,0.446,0.326,1,"Not Significant"
"PLEKHG1",0.148287899132499,0.312212940054151,0.342,0.477,1,"Not Significant"
"RSRC2",0.0164002977212781,0.31194400631474,0.409,0.28,1,"Not Significant"
"PRRC2A",0.149854362865846,0.31194400631474,0.155,0.104,1,"Not Significant"
"RTCB",0.362089258036618,0.31194400631474,0.145,0.114,1,"Not Significant"
"RBM10",0.447238145466646,0.31194400631474,0.14,0.114,1,"Not Significant"
"AL354733.3",0.833904518330868,0.31194400631474,0.135,0.13,1,"Not Significant"
"BLMH",0.966547185244201,-0.31194400631474,0.135,0.13,1,"Not Significant"
"SEPTIN11",0.198777747407481,0.311788064570991,0.601,0.575,1,"Not Significant"
"KIAA0355",0.325225146151435,-0.311358853177175,0.44,0.477,1,"Not Significant"
"ZNF587B",0.137811622589337,-0.310340120612151,0.192,0.259,1,"Not Significant"
"SLC25A51",0.138757861755994,0.310340120612151,0.145,0.093,1,"Not Significant"
"FAM76B",0.220222004407222,0.310340120612151,0.135,0.093,1,"Not Significant"
"GKAP1",0.347711485138491,0.310340120612151,0.119,0.088,1,"Not Significant"
"NMNAT1",0.354073804991694,0.310340120612151,0.124,0.093,1,"Not Significant"
"RAB11FIP3",0.716303339677026,-0.310340120612151,0.098,0.109,1,"Not Significant"
"CEP152",0.868906270035121,-0.310340120612151,0.176,0.166,1,"Not Significant"
"WDR26",0.131704337040769,0.310129523569095,0.622,0.575,1,"Not Significant"
"ZDHHC17",0.0593573083714092,0.309684499132615,0.513,0.404,1,"Not Significant"
"AAK1",0.00624548606132561,-0.309120920167002,0.845,0.938,1,"Not Significant"
"METTL25",0.878303988767731,-0.308950240889152,0.244,0.238,1,"Not Significant"
"PTPN4",0.390774759161528,-0.308752706139629,0.269,0.306,1,"Not Significant"
"PDLIM5",0.401183544916193,0.308308485598235,0.762,0.86,1,"Not Significant"
"TPT1-AS1",0.0193923076575695,0.308122295362332,0.378,0.254,1,"Not Significant"
"NUP62",0.311194774857139,0.308122295362332,0.109,0.078,1,"Not Significant"
"LMAN2L",0.332558411654739,0.308122295362332,0.119,0.088,1,"Not Significant"
"PRKAG1",0.404747016368392,0.308122295362332,0.109,0.083,1,"Not Significant"
"TRAPPC3",0.500005209562912,-0.308122295362332,0.093,0.114,1,"Not Significant"
"CIR1",0.0190275644318876,0.307428525192248,0.347,0.223,1,"Not Significant"
"SRP54",0.0468962350514415,0.307428525192248,0.373,0.264,1,"Not Significant"
"SH3PXD2A",0.00116023709218591,0.307089585911729,0.534,0.337,1,"Not Significant"
"DAP3",0.0514072660753334,0.306661338234052,0.358,0.254,1,"Not Significant"
"SLC25A32",0.159941849476685,0.306661338234052,0.207,0.15,1,"Not Significant"
"GSTK1",0.428201862337176,-0.306661338234052,0.135,0.166,1,"Not Significant"
"MCFD2",0.454331286045767,-0.306661338234052,0.145,0.171,1,"Not Significant"
"RFWD3",0.70208081738008,0.306661338234052,0.15,0.14,1,"Not Significant"
"SMC5-AS1",0.473464223022208,0.304854581528421,0.14,0.114,1,"Not Significant"
"TNRC18",0.00481718846543777,0.304854581528421,0.554,0.399,1,"Not Significant"
"EVI5",0.00457731565863158,0.303392143449935,0.917,0.933,1,"Not Significant"
"RNF111",0.132420785310213,0.302734529654052,0.668,0.653,1,"Not Significant"
"GUK1",0.0475337152273733,0.302562770020431,0.161,0.088,1,"Not Significant"
"RGL3",0.177026697562814,0.302562770020431,0.145,0.098,1,"Not Significant"
"CPM",0.0798608900641679,-0.302562770020431,0.332,0.399,1,"Not Significant"
"BOD1L1",0.0672432463681146,0.302184159588947,0.404,0.311,1,"Not Significant"
"IREB2",0.0172161645533847,0.301380717483277,0.409,0.29,1,"Not Significant"
"REV1",0.0713883838836398,0.300394933337721,0.451,0.342,1,"Not Significant"
"ZBTB1",0.0235428788127727,0.299560281858908,0.44,0.326,1,"Not Significant"
"NADSYN1",0.543442370701883,0.299560281858908,0.135,0.114,1,"Not Significant"
"CTTN",0.680032104536548,0.299560281858908,0.135,0.155,1,"Not Significant"
"WWC3",0.845283988759519,-0.299560281858908,0.233,0.233,1,"Not Significant"
"SASH1",0.702852996975773,0.299168191887507,0.435,0.487,1,"Not Significant"
"USP15",0.0308364002517028,-0.298553586513554,0.793,0.876,1,"Not Significant"
"TMEM30A",0.146564458309117,0.298081352932995,0.249,0.181,1,"Not Significant"
"FBXO22",0.67962103841879,-0.298081352932995,0.238,0.212,1,"Not Significant"
"TNKS",0.0150385188344442,0.297904865680846,0.788,0.705,1,"Not Significant"
"DPH6",0.477946298758719,0.29716018973842,0.477,0.477,1,"Not Significant"
"CSPP1",0.0407265526977519,0.296981737757131,0.363,0.28,1,"Not Significant"
"MIR3936HG",0.00911944738977329,-0.296981737757131,0.083,0.176,1,"Not Significant"
"COX7A2",0.343563919029172,0.296981737757131,0.166,0.13,1,"Not Significant"
"SAP30BP",0.40078700606828,0.296981737757131,0.181,0.15,1,"Not Significant"
"CASP2",0.133135107772144,0.295455883526171,0.119,0.073,1,"Not Significant"
"RAB21",0.166444271823677,0.295455883526171,0.285,0.228,1,"Not Significant"
"TMEM185A",0.335254726767537,0.295455883526171,0.119,0.088,1,"Not Significant"
"ATP5F1D",0.378013746778581,0.295455883526171,0.104,0.078,1,"Not Significant"
"CHCHD2",0.527741860785435,-0.295455883526171,0.161,0.13,1,"Not Significant"
"ARPC5",0.119093436065557,0.295076875237931,0.435,0.358,1,"Not Significant"
"TUBB4B",0.309930577479987,-0.294447358465255,0.207,0.155,1,"Not Significant"
"PPP6R3",0.031349400382397,-0.293731203056711,0.803,0.86,1,"Not Significant"
"MFN1",0.0459787324467968,0.29373120305671,0.29,0.192,1,"Not Significant"
"RPA3",0.127046791735158,0.29373120305671,0.155,0.098,1,"Not Significant"
"TMEM39A",0.286249910554548,-0.29373120305671,0.238,0.285,1,"Not Significant"
"PLBD1",0.350899638193324,0.29373120305671,0.14,0.109,1,"Not Significant"
"FH",0.866059638801699,-0.29373120305671,0.14,0.13,1,"Not Significant"
"RASSF8",0.46490167266772,-0.293046974900233,0.306,0.332,1,"Not Significant"
"TMEM248",0.250496999167959,0.292781749227846,0.197,0.15,1,"Not Significant"
"TARS",0.91460474619663,-0.292781749227846,0.155,0.155,1,"Not Significant"
"IER2",0.0550563264200924,0.292450893810529,0.358,0.259,1,"Not Significant"
"TSPAN9",0.852117813563585,0.29218075149331,0.249,0.264,1,"Not Significant"
"CHCHD10",0.664453100434139,-0.29218075149331,0.181,0.155,1,"Not Significant"
"ZC3H15",0.830244449446949,-0.29218075149331,0.207,0.212,1,"Not Significant"
"BCL2L13",0.271226297845945,-0.291462814160311,0.244,0.29,1,"Not Significant"
"SLC38A9",0.259403731059184,-0.291379031527755,0.477,0.394,1,"Not Significant"
"RPL8",0.00327749048108323,0.291134941341759,0.425,0.269,1,"Not Significant"
"RSRP1",0.974715616424122,-0.290515142255901,0.435,0.425,1,"Not Significant"
"SRSF11",0.0146057616186507,0.289917699984741,0.85,0.788,1,"Not Significant"
"TMEM242",0.354347013648681,-0.289506617194985,0.104,0.135,1,"Not Significant"
"EIF5A",0.824627709866727,-0.289506617194985,0.104,0.093,1,"Not Significant"
"ALKBH5",0.829481541160294,-0.289506617194985,0.114,0.104,1,"Not Significant"
"DFFA",0.845804670573715,-0.289506617194985,0.119,0.109,1,"Not Significant"
"TNIP1",0.965026231793262,0.289506617194985,0.119,0.119,1,"Not Significant"
"QRICH1",0.727959537708789,-0.289506617194985,0.29,0.295,1,"Not Significant"
"WDR59",0.268848715185456,-0.289506617194985,0.326,0.373,1,"Not Significant"
"UQCC2",0.293826438868174,0.289506617194985,0.104,0.073,1,"Not Significant"
"PLXNA3",0.302067674218524,0.289506617194985,0.104,0.073,1,"Not Significant"
"SNHG29",0.430987582137983,-0.289506617194985,0.145,0.114,1,"Not Significant"
"PSMD4",0.899033425306037,-0.289506617194985,0.161,0.15,1,"Not Significant"
"SMG7",0.155495447252162,0.289506617194985,0.43,0.368,1,"Not Significant"
"MT-ND1",0.75799319456572,-0.288431182899275,0.585,0.528,1,"Not Significant"
"IGF2BP2",0.980196755076948,0.287939747596614,0.539,0.606,1,"Not Significant"
"AOPEP",0.0159785004219547,-0.287878476811273,0.725,0.839,1,"Not Significant"
"RALGAPA2",0.011164137213007,-0.287873916451042,0.731,0.907,1,"Not Significant"
"HNRNPL",0.744377244968317,-0.287802310982736,0.311,0.306,1,"Not Significant"
"SMARCA4",0.0661177516785925,0.287576590096585,0.332,0.238,1,"Not Significant"
"PTGES3",0.355072647385351,-0.287029886902772,0.477,0.503,1,"Not Significant"
"COX4I1",0.206771118018879,-0.286881147788162,0.332,0.249,1,"Not Significant"
"KLHL28",0.149767860313494,0.286881147788162,0.228,0.166,1,"Not Significant"
"FAM193A",0.0599055367467951,0.28662122615141,0.404,0.295,1,"Not Significant"
"NDUFS5",0.189439077541257,0.286304185156641,0.15,0.104,1,"Not Significant"
"CCDC47",0.245531362881772,0.286304185156641,0.218,0.171,1,"Not Significant"
"MINK1",0.290720666787454,0.286304185156641,0.192,0.15,1,"Not Significant"
"PRKCSH",0.0788994019023314,0.285402218862248,0.171,0.104,1,"Not Significant"
"KLF13",0.396628723242822,0.285402218862248,0.15,0.119,1,"Not Significant"
"VPS51",0.556921837394019,-0.285402218862248,0.135,0.155,1,"Not Significant"
"CCDC18-AS1",0.215943293920922,-0.285043026767553,0.503,0.575,1,"Not Significant"
"PSEN1",0.13353314900738,0.284303022587445,0.404,0.326,1,"Not Significant"
"UBA6",0.00283345660046005,-0.284059909296919,0.523,0.684,1,"Not Significant"
"PRTG",0.158310168977548,-0.283792966000591,0.109,0.161,1,"Not Significant"
"MED21",0.319895107184,0.283792966000591,0.119,0.088,1,"Not Significant"
"KLHL29",0.670206601281987,0.283792966000591,0.124,0.14,1,"Not Significant"
"KHNYN",0.709407670029041,-0.283792966000591,0.104,0.114,1,"Not Significant"
"STAM",0.166781259032022,0.28317205140487,0.337,0.275,1,"Not Significant"
"METAP2",0.125663656028239,0.282933963271499,0.28,0.207,1,"Not Significant"
"AGFG1",0.188913081734011,-0.281992563537678,0.741,0.798,1,"Not Significant"
"AKIRIN1",0.466108859060183,-0.28177096841538,0.212,0.238,1,"Not Significant"
"PTCD3",0.0402016157117504,0.281412935148649,0.29,0.187,1,"Not Significant"
"FNTA",0.188470879728073,0.281412935148649,0.316,0.249,1,"Not Significant"
"LAPTM4A",0.359268378170449,0.281412935148649,0.249,0.207,1,"Not Significant"
"UBAP1",0.24208212786962,-0.281286110390016,0.446,0.492,1,"Not Significant"
"STON2",0.0695927305995475,0.281020151307156,0.368,0.269,1,"Not Significant"
"RPS6",0.0285829223112554,0.280521832562635,0.466,0.363,1,"Not Significant"
"YIPF5",0.0750704022931599,0.280107919192735,0.145,0.083,1,"Not Significant"
"ATP5PD",0.0908372429204235,0.280107919192735,0.14,0.083,1,"Not Significant"
"SGSM2",0.0938755662116476,0.280107919192735,0.166,0.104,1,"Not Significant"
"XPC",0.754207053130627,-0.280107919192735,0.223,0.233,1,"Not Significant"
"HIST1H4C",0.614836421637511,-0.280107919192735,0.171,0.181,1,"Not Significant"
"EXTL2",0.276408568418711,0.280107919192735,0.166,0.124,1,"Not Significant"
"ICA1L",0.417224653247026,0.280107919192735,0.176,0.145,1,"Not Significant"
"ULK4",0.965318511922761,0.280107919192735,0.435,0.399,1,"Not Significant"
"LMBR1",0.311914578325303,0.279617290029398,0.523,0.503,1,"Not Significant"
"MED27",0.0514210969284919,0.279382399921277,0.42,0.316,1,"Not Significant"
"PPP4R2",0.0610977044825314,-0.279072615925565,0.503,0.601,1,"Not Significant"
"SMARCA5",0.0501705075611735,0.278975949702815,0.347,0.249,1,"Not Significant"
"PCBP1",0.0712715568356657,0.277533975528909,0.166,0.098,1,"Not Significant"
"ZNF10",0.227655511392999,-0.277533975528909,0.109,0.15,1,"Not Significant"
"GTF2B",0.273149972229227,0.277533975528909,0.176,0.135,1,"Not Significant"
"URB1",0.794843994241904,0.277533975528909,0.15,0.145,1,"Not Significant"
"USP6NL",0.412124656222703,-0.276840205358824,0.332,0.363,1,"Not Significant"
"PTPN1",0.278035200696106,-0.275634442613428,0.513,0.544,1,"Not Significant"
"HNRNPH3",0.105492306928345,0.275634442613427,0.347,0.264,1,"Not Significant"
"LTBR",0.229707061756352,0.275634442613427,0.104,0.067,1,"Not Significant"
"RABEP2",0.229707061756352,0.275634442613427,0.104,0.067,1,"Not Significant"
"TECPR2",0.245084727100409,0.275634442613427,0.197,0.15,1,"Not Significant"
"RPAIN",0.309127940286783,0.275634442613427,0.104,0.073,1,"Not Significant"
"ELMOD2",0.366557594611431,0.275634442613427,0.187,0.15,1,"Not Significant"
"MAN2A1",0.521982914178713,0.275634442613427,0.518,0.565,1,"Not Significant"
"HNRNPF",0.0215166007455134,0.275634442613427,0.28,0.171,1,"Not Significant"
"LINC00174",0.0336686483674525,0.275634442613427,0.254,0.161,1,"Not Significant"
"ACVR1",0.534469615063754,0.275634442613427,0.212,0.192,1,"Not Significant"
"KLC1",0.0199089507660777,0.275234859439321,0.617,0.466,1,"Not Significant"
"CCNT2",0.0946705192923977,0.275179835695883,0.497,0.42,1,"Not Significant"
"CSDE1",0.143737221797458,0.275179835695883,0.508,0.44,1,"Not Significant"
"SPEN",0.010361515642965,0.27500704749987,0.43,0.29,1,"Not Significant"
"SEC31A",0.0056793430687306,-0.274362411635307,0.668,0.829,1,"Not Significant"
"CCT5",0.206594763309841,0.274174963438995,0.192,0.14,1,"Not Significant"
"DSP",0.0168229836975823,-0.273018494406416,0.166,0.28,1,"Not Significant"
"TRIP11",0.290465646170387,-0.273018494406416,0.404,0.446,1,"Not Significant"
"CHD8",0.0369634021867338,0.273018494406416,0.332,0.233,1,"Not Significant"
"GLOD4",0.230256303199047,0.273018494406416,0.135,0.093,1,"Not Significant"
"GCN1",0.234370700452964,-0.273018494406416,0.15,0.197,1,"Not Significant"
"NENF",0.329701337288066,0.273018494406416,0.119,0.088,1,"Not Significant"
"HIF1AN",0.337511889251077,0.273018494406416,0.119,0.088,1,"Not Significant"
"SLC19A1",0.483772778205912,0.273018494406416,0.104,0.083,1,"Not Significant"
"C1orf56",0.496304870576792,-0.273018494406416,0.093,0.114,1,"Not Significant"
"GMEB1",0.518944879480585,-0.273018494406416,0.104,0.124,1,"Not Significant"
"MFSD8",0.917213623186673,-0.273018494406416,0.207,0.202,1,"Not Significant"
"RPL24",0.00506633344656774,0.272620454662992,0.399,0.244,1,"Not Significant"
"UBE2E3",0.192924551385091,0.272525854811092,0.544,0.472,1,"Not Significant"
"MON2",0.0295901703128569,-0.272297327162762,0.808,0.891,1,"Not Significant"
"RHEB",0.133371093971613,0.272079545436801,0.404,0.321,1,"Not Significant"
"ACACA",0.655132713893644,0.272079545436801,0.44,0.451,1,"Not Significant"
"CASD1",0.868335323926676,-0.271302021817395,0.301,0.28,1,"Not Significant"
"MRPL19",0.124434717872553,0.271302021817394,0.161,0.104,1,"Not Significant"
"PIN4",0.124434717872553,0.271302021817394,0.161,0.104,1,"Not Significant"
"TRMT112",0.145491786293374,0.271302021817394,0.124,0.078,1,"Not Significant"
"GART",0.178070750582479,0.271302021817394,0.155,0.109,1,"Not Significant"
"LRP11",0.61144140893876,-0.271302021817394,0.109,0.124,1,"Not Significant"
"WNT2B",0.712229755207919,-0.271302021817394,0.124,0.135,1,"Not Significant"
"BTBD2",0.821096857538886,-0.271302021817394,0.114,0.119,1,"Not Significant"
"TMEM8A",0.934114443062606,-0.271302021817394,0.14,0.14,1,"Not Significant"
"AC022137.4",0.948166785137554,-0.271302021817394,0.13,0.13,1,"Not Significant"
"MBTPS1",0.0659650017364725,0.270647589943669,0.306,0.218,1,"Not Significant"
"JMJD1C",0.00555242203831083,0.270528942380718,0.938,0.943,1,"Not Significant"
"PPP2R2A",0.0461485402313149,-0.270499856080359,0.611,0.679,1,"Not Significant"
"ELF1",0.0316411807778418,0.27019419740666,0.741,0.71,1,"Not Significant"
"SPRED2",0.341253852008778,0.270089163367744,0.228,0.187,1,"Not Significant"
"HCG17",0.0248770054809112,0.270089163367744,0.187,0.098,1,"Not Significant"
"INO80C",0.20128334933287,-0.270089163367744,0.124,0.171,1,"Not Significant"
"PIK3R3",0.350905654243942,0.270089163367744,0.124,0.093,1,"Not Significant"
"MRPL20",0.778859723405992,-0.270089163367744,0.145,0.15,1,"Not Significant"
"WTAP",0.0401230098536529,0.269760269022107,0.404,0.295,1,"Not Significant"
"CCSER2",0.152403645242681,-0.269543514707348,0.611,0.648,1,"Not Significant"
"XAGE3",0.954683342021807,-0.269186632815389,0.13,0.124,1,"Not Significant"
"PPA2",0.0362529917120304,0.2688167584278,0.575,0.461,1,"Not Significant"
"SLC25A6",0.0127221926712119,0.268488835925902,0.326,0.197,1,"Not Significant"
"ATP6V1G1",0.463387375560674,-0.267933205246633,0.202,0.161,1,"Not Significant"
"EML1",0.621216513810184,0.267933205246633,0.155,0.181,1,"Not Significant"
"PAIP2",0.848822630509063,-0.267933205246633,0.207,0.207,1,"Not Significant"
"ZRANB2",0.115230958219724,0.267621675329446,0.575,0.497,1,"Not Significant"
"RPS25",0.544428380833987,-0.267585498064981,0.44,0.383,1,"Not Significant"
"CEP350",0.131798020999832,0.267379876109758,0.637,0.601,1,"Not Significant"
"HSPBAP1",0.217751887186444,-0.267283878835152,0.347,0.394,1,"Not Significant"
"SH3BP2",0.730399447505945,-0.267104070142841,0.238,0.249,1,"Not Significant"
"ZZEF1",0.0493945025424402,0.267104070142841,0.466,0.352,1,"Not Significant"
"RPAP2",0.267944694660409,-0.267104070142841,0.383,0.43,1,"Not Significant"
"DCUN1D1",0.173570204543569,0.266786540694901,0.269,0.207,1,"Not Significant"
"ARL8B",0.239195445347004,-0.266514974568756,0.575,0.606,1,"Not Significant"
"ANKRD17",0.0144401776346837,0.266423004081944,0.896,0.891,1,"Not Significant"
"DENND5A",0.147848314953322,0.266280065337448,0.518,0.43,1,"Not Significant"
"CSE1L",0.546931385609634,0.266280065337448,0.264,0.238,1,"Not Significant"
"SRSF10",0.0302218983878284,0.265894059973034,0.358,0.244,1,"Not Significant"
"SNX27",0.949229108270768,-0.265894059973034,0.332,0.316,1,"Not Significant"
"CMTM8",0.482099341605389,0.265461143228334,0.269,0.238,1,"Not Significant"
"PARP8",0.00859469141605229,0.265344566520995,0.56,0.446,1,"Not Significant"
"KANSL1L",0.0168581191203916,0.264972210075286,0.451,0.306,1,"Not Significant"
"WASL",0.056260749329971,-0.264340603334419,0.513,0.627,1,"Not Significant"
"PFN1",0.00135442215917761,0.263034405833794,0.44,0.259,1,"Not Significant"
"ELOB",0.0350028861872031,0.263034405833794,0.187,0.104,1,"Not Significant"
"ZSWIM8",0.0482458540476671,0.263034405833794,0.238,0.15,1,"Not Significant"
"ATP5F1E",0.0569145964927546,0.263034405833794,0.228,0.145,1,"Not Significant"
"UBAC1",0.0733338559128096,0.263034405833794,0.197,0.124,1,"Not Significant"
"ATP5MD",0.0811414164733392,0.263034405833794,0.145,0.083,1,"Not Significant"
"RNH1",0.0867085774932035,0.263034405833794,0.155,0.093,1,"Not Significant"
"SLC39A9",0.169804424423645,0.263034405833794,0.28,0.212,1,"Not Significant"
"SLIRP",0.194756429029603,0.263034405833794,0.176,0.124,1,"Not Significant"
"BSG",0.239719427497686,0.263034405833794,0.228,0.176,1,"Not Significant"
"ADAT1",0.309810918832191,0.263034405833794,0.109,0.078,1,"Not Significant"
"ATP7B",0.335223181081098,0.263034405833794,0.124,0.093,1,"Not Significant"
"SH3TC1",0.338822219609231,0.263034405833794,0.176,0.14,1,"Not Significant"
"POLR3E",0.362942693418944,0.263034405833794,0.135,0.104,1,"Not Significant"
"DGUOK",0.389493715748843,0.263034405833794,0.155,0.124,1,"Not Significant"
"ANKRD10-IT1",0.40564247815467,0.263034405833794,0.171,0.14,1,"Not Significant"
"KLHL42",0.447975207350974,0.263034405833794,0.155,0.13,1,"Not Significant"
"ZBTB18",0.598442396685731,0.263034405833794,0.104,0.088,1,"Not Significant"
"INSIG1",0.613625365575893,-0.263034405833794,0.114,0.093,1,"Not Significant"
"NRBF2",0.82021729612817,-0.263034405833794,0.114,0.104,1,"Not Significant"
"USP42",0.848225047963572,-0.263034405833794,0.161,0.15,1,"Not Significant"
"SCML1",0.942083859313888,-0.263034405833794,0.109,0.109,1,"Not Significant"
"ZNF224",0.98141772848882,-0.263034405833794,0.135,0.13,1,"Not Significant"
"CAPRIN1",0.0714915352642453,0.263034405833794,0.456,0.358,1,"Not Significant"
"NEDD4L",0.401468801045037,-0.263034405833794,0.337,0.352,1,"Not Significant"
"SMAD2",0.257033758277526,-0.262207883301368,0.731,0.762,1,"Not Significant"
"TMEM168",0.300205068703233,0.26104585274034,0.446,0.404,1,"Not Significant"
"STAG2",0.104269295522171,0.260960077595935,0.648,0.591,1,"Not Significant"
"PHIP",0.293784283054707,0.260799401450485,0.694,0.746,1,"Not Significant"
"FAM133B",0.0717379782004726,0.2606517545228,0.389,0.301,1,"Not Significant"
"SS18",0.698911313342961,0.260460462169967,0.56,0.58,1,"Not Significant"
"TAF1B",0.182401919693428,-0.26038968457823,0.29,0.358,1,"Not Significant"
"TBC1D12",0.200012658729156,0.260235772481121,0.528,0.472,1,"Not Significant"
"GRN",0.00566802950732838,0.260235772481121,0.306,0.171,1,"Not Significant"
"USP7",0.00816047396250478,0.260062839302503,0.363,0.223,1,"Not Significant"
"ASXL2",0.0896396975378217,0.259867126755111,0.523,0.451,1,"Not Significant"
"SETD5",0.0519918851780495,-0.259867126755111,0.756,0.793,1,"Not Significant"
"VPS13D",0.168773644991147,-0.259796031767249,0.637,0.699,1,"Not Significant"
"TUBA1C",0.0688607558901555,0.259386628818649,0.244,0.161,1,"Not Significant"
"RDX",0.975570891908507,0.259150971346566,0.674,0.679,1,"Not Significant"
"TRAPPC13",0.317947510356482,0.259087221317131,0.249,0.207,1,"Not Significant"
"MFAP5",0.0314762339046788,0.258734268400169,0.098,0.181,1,"Not Significant"
"TMF1",0.387540738107521,-0.258533013598853,0.373,0.409,1,"Not Significant"
"TYW1",0.0262222100819796,0.258311995591391,0.409,0.28,1,"Not Significant"
"CMPK1",0.304596696415561,0.258311995591391,0.202,0.161,1,"Not Significant"
"RPL13A",0.36258076750403,-0.258311995591391,0.58,0.523,1,"Not Significant"
"ERO1B",0.424107588716253,0.258311995591391,0.197,0.166,1,"Not Significant"
"FOXP1",0.591976625145977,0.258168650661978,0.725,0.813,1,"Not Significant"
"SEC23A",0.280714722461125,0.258068152940444,0.368,0.326,1,"Not Significant"
"ZFYVE9",0.311437427748837,0.257797757467647,0.171,0.135,1,"Not Significant"
"EIF3K",0.948579819265005,-0.257797757467647,0.171,0.166,1,"Not Significant"
"TANC2",0.000269478500815559,0.257797757467647,0.337,0.56,1,"Not Significant"
"PTPRM",0.214612118823986,0.257356093591279,0.762,0.829,1,"Not Significant"
"PRPF18",0.0934007682716866,0.257157839497125,0.207,0.135,1,"Not Significant"
"TERF2IP",0.307369860719282,0.257157839497125,0.187,0.145,1,"Not Significant"
"FMN1",0.219060111309354,-0.257157839497125,0.653,0.762,1,"Not Significant"
"TRAPPC12",0.0111912529391806,0.256339753259786,0.342,0.212,1,"Not Significant"
"LPIN2",0.518342880629897,-0.256339753259786,0.518,0.513,1,"Not Significant"
"ADSS",0.0864684147056039,0.256339753259785,0.181,0.114,1,"Not Significant"
"TMEM230",0.772871893051647,-0.256339753259785,0.15,0.135,1,"Not Significant"
"TBC1D2",0.821514722920421,-0.256339753259785,0.15,0.155,1,"Not Significant"
"HNRNPM",0.0498976495130497,0.256098358623417,0.539,0.43,1,"Not Significant"
"GCFC2",0.092044401178932,-0.25583890442959,0.202,0.275,1,"Not Significant"
"LAMTOR5",0.147497709217612,0.255257055242075,0.145,0.093,1,"Not Significant"
"HSF1",0.32592490418856,0.255257055242075,0.155,0.119,1,"Not Significant"
"FKBP3",0.350251393129757,-0.255257055242075,0.155,0.114,1,"Not Significant"
"FAM104A",0.544246002121879,-0.255257055242075,0.119,0.098,1,"Not Significant"
"OSTC",0.618428680554449,-0.255257055242075,0.14,0.119,1,"Not Significant"
"BIN3",0.738771055561405,-0.255257055242075,0.13,0.14,1,"Not Significant"
"SERP1",0.188902768433814,0.255257055242075,0.275,0.212,1,"Not Significant"
"HSPA8",0.688218305709608,-0.254813899028825,0.269,0.238,1,"Not Significant"
"ZNF33A",0.221855502480572,-0.254183488251528,0.337,0.394,1,"Not Significant"
"USP33",0.306470262221459,-0.253756592245783,0.513,0.539,1,"Not Significant"
"BTG2",0.0757055887482986,-0.253756592245783,0.202,0.124,1,"Not Significant"
"YPEL3",0.292854557860931,0.253756592245783,0.13,0.093,1,"Not Significant"
"H2AFJ",0.359281089262828,0.253756592245783,0.135,0.104,1,"Not Significant"
"NEB",0.858675374549379,0.253756592245783,0.104,0.098,1,"Not Significant"
"DIP2B",0.141466754766988,0.252920328069597,0.824,0.891,1,"Not Significant"
"ERO1A",0.763913052300286,-0.252766070379967,0.181,0.192,1,"Not Significant"
"HNRNPU",0.0508530121932477,0.252665432450249,0.736,0.658,1,"Not Significant"
"CNOT4",0.438784017403265,0.252607034383456,0.544,0.539,1,"Not Significant"
"PRR14L",0.276972347739,-0.251979217324798,0.399,0.446,1,"Not Significant"
"ATP6V0E1",0.0276626223630572,0.251538766995965,0.295,0.187,1,"Not Significant"
"TRIM24",0.464132579779044,-0.251538766995964,0.378,0.399,1,"Not Significant"
"USP9X",0.0802647830604416,-0.251538766995964,0.756,0.808,1,"Not Significant"
"ELP2",0.293530016258164,0.251538766995964,0.316,0.264,1,"Not Significant"
"AC009120.2",0.0359201125834397,0.251538766995964,0.223,0.13,1,"Not Significant"
"BANF1",0.0922470581325444,0.251538766995964,0.114,0.062,1,"Not Significant"
"ABHD17A",0.330717000712286,0.251538766995964,0.114,0.083,1,"Not Significant"
"ISCA1",0.502517952677208,-0.251538766995964,0.088,0.109,1,"Not Significant"
"TAF12",0.599063281937624,-0.251538766995964,0.088,0.104,1,"Not Significant"
"SMC5",0.236132820068031,-0.250650681377961,0.58,0.617,1,"Not Significant"
"ARMC8",0.0576033700874234,0.250543461650597,0.482,0.363,1,"Not Significant"
"STAU1",0.873680135410579,-0.250543461650597,0.373,0.368,1,"Not Significant"
